territorial,fecha_registro,pr,distancia_pr,fecha_acc,dia_semana_acc,min_acc,condic_meteor,estado_super,terreno,secc_tip,geometria_acc,tipo_cierre,horas_cierre,min_cierre,n_heridos,n_muertos,n_victimas,clase_accidente,causa_posible,ref_loc,hora_acc,duracion_cierre_horas
Valle del Cauca,2018-04-13 13:21:00,81,625.0,2018-03-24 05:00:00,sabado,50,Seca,Seca y limpia,Plano,Terraplen,Recta,Transito normal con precaución,0,0,2,0,1.0,Choque,desobediencia a normas y senales,2302_2_81,6.0,18.0
Valle del Cauca,2018-04-13 13:17:00,46,843.0,2018-03-10 05:00:00,sabado,20,Seca,Seca y limpia,Plano,Terraplen,Recta,Transito normal con precaución,0,0,0,0,1.0,Volcamiento,no determinada,2302_2_46,14.0,10.0
Valle del Cauca,2018-04-13 13:13:00,81,850.0,2018-03-09 05:00:00,viernes,40,Seca,Seca y limpia,Plano,Media ladera Izquierda,Recta,Transito normal con precaución,0,0,0,0,1.0,Choque,no mantener distancia de seguridad,2302_2_81,0.0,0.0
Valle del Cauca,2018-04-13 13:10:00,102,720.0,2018-03-01 05:00:00,jueves,40,Seca,Seca y limpia,Plano,Cajón,Recta,Transito normal con precaución,0,0,0,1,1.0,Choque,no determinada,2302_2_102,19.0,5.0
Valle del Cauca,2018-02-26 20:13:00,96,900.0,2017-03-22 05:00:00,miercoles,0,Lluvia,Humeda,Plano,Terraplen,Recta,Transito normal con precaución,0,0,0,1,1.0,Choque,no determinada,2302_2_96,15.0,9.0
Valle del Cauca,2018-02-26 20:08:00,71,800.0,2017-03-26 05:00:00,domingo,5,Lluvia,Humeda,Plano,Cajón,Curva Derecha,Transito normal con precaución,0,0,0,0,1.0,Choque,no determinada,2302_2_71,5.0,19.0
Valle del Cauca,2018-02-26 17:31:00,45,0.0,2018-01-24 05:00:00,miercoles,40,Sol,Seca y limpia,Plano,Media ladera Izquierda,Recta,Transito normal con precaución,0,0,0,0,1.0,Choque,fallas mecanicas y del sistema electrico,2302_2_45,14.0,10.0
Valle del Cauca,2018-02-26 17:27:00,93,40.0,2018-01-06 05:00:00,sabado,50,Seca,Seca y limpia,Plano,Media ladera Izquierda,Curva Derecha,Transito normal con precaución,0,0,0,2,1.0,Choque,embriaguez o sustancias alucinogenas,2302_2_93,8.0,16.0
Valle del Cauca,2018-02-26 17:23:00,13,400.0,2018-01-04 05:00:00,jueves,40,Seca,Seca y limpia,Plano,Terraplen,Recta,Transito normal con precaución,0,0,0,0,1.0,Choque,fallas mecanicas y del sistema electrico,2302_2_13,9.0,15.0
Valle del Cauca,2018-01-19 04:34:00,75,30.0,2017-12-31 05:00:00,domingo,40,Sol,Seca y limpia,Plano,Terraplen,Recta,Transito normal con precaución,0,0,0,0,1.0,Choque,adelantamientos indebidos,2302_2_75,17.0,7.0
Valle del Cauca,2018-01-19 04:31:00,86,100.0,2017-12-25 05:00:00,lunes,25,Seca,Seca y limpia,Plano,Media ladera Izquierda,Recta,Transito normal con precaución,0,0,1,0,1.0,Choque,embriaguez o sustancias alucinogenas,2302_2_86,6.0,18.0
Valle del Cauca,2018-01-19 04:29:00,119,600.0,2017-12-22 05:00:00,viernes,0,Sol,Seca y limpia,Ondulado,Cajón,Recta,Transito normal con precaución,0,0,1,0,1.0,Choque,no determinada,2302_2_119,17.0,7.0
Valle del Cauca,2018-01-19 04:26:00,74,1000.0,2017-12-12 05:00:00,martes,0,Seca,Seca y limpia,Plano,Terraplen,Recta,Transito normal con precaución,0,0,0,0,1.0,Choque,no determinada,2302_2_74,21.0,3.0
Valle del Cauca,2018-01-19 04:21:00,93,800.0,2017-12-11 05:00:00,lunes,30,Lluvia,Humeda,Plano,Media ladera Izquierda,Recta,Transito normal con precaución,0,0,0,0,1.0,Atropello,no determinada,2302_2_93,22.0,2.0
Valle del Cauca,2017-12-29 03:22:00,96,0.0,2017-11-25 05:00:00,sabado,20,Sol,Seca y limpia,Plano,Media ladera Izquierda,Recta,Transito normal con precaución,0,0,1,0,1.0,Choque,maniobras imprudentes,2302_2_96,17.0,7.0
Valle del Cauca,2017-12-29 03:19:00,31,810.0,2017-11-18 05:00:00,sabado,30,Sol,Seca y limpia,Plano,Media ladera Izquierda,Recta,Transito normal con precaución,0,0,0,0,1.0,Choque,no determinada,2302_2_31,19.0,5.0
Valle del Cauca,2017-11-21 02:54:00,50,520.0,2017-10-25 05:00:00,miercoles,45,Sol,Seca y limpia,Plano,Terraplen,Recta,Transito normal con precaución,0,0,2,0,1.0,Choque,adelantamientos indebidos,2302_2_50,20.0,4.0
Valle del Cauca,2018-04-13 21:08:00,114,520.0,2017-06-06 05:00:00,martes,50,Normal,Seca y limpia,Plano,Terraplen,Recta,Parcial con reducción de carriles,0,0,1,0,1.0,Choque,no determinada,2504_1_114,13.0,11.0
Valle del Cauca,2017-11-21 02:50:00,59,650.0,2017-10-16 05:00:00,lunes,0,Seca,Seca y limpia,Ondulado,Cajón,Curva Izquierda,Transito normal con precaución,0,0,0,0,1.0,Choque,embriaguez o sustancias alucinogenas,2302_2_59,11.0,13.0
Valle del Cauca,2017-11-21 02:47:00,100,100.0,2017-10-13 05:00:00,viernes,0,Seca,Seca y limpia,Plano,Cajón,Recta,Transito normal con precaución,0,0,0,1,1.0,Choque,estacionamiento y senalizacion imprudente,2302_2_100,9.0,15.0
Valle del Cauca,2017-11-21 02:44:00,59,230.0,2017-10-01 05:00:00,domingo,20,Lluvia,Humeda,Plano,Terraplen,Recta,Transito normal con precaución,0,0,0,0,1.0,Choque,exceso en horas de conduccion,2302_2_59,10.0,14.0
Valle del Cauca,2017-10-18 15:57:00,74,620.0,2017-09-18 05:00:00,lunes,30,Lluvia,Humeda,Plano,Terraplen,Recta,Transito normal con precaución,0,0,0,1,1.0,Choque,adelantamientos indebidos,2302_2_74,8.0,16.0
Valle del Cauca,2017-10-18 15:51:00,95,400.0,2017-09-14 05:00:00,jueves,0,Seca,Seca y limpia,Plano,Media ladera Izquierda,Recta,Transito normal con precaución,0,0,0,1,1.0,Choque,no determinada,2302_2_95,17.0,7.0
Valle del Cauca,2017-10-18 15:38:00,90,340.0,2017-09-14 05:00:00,jueves,30,Sol,Seca y limpia,Plano,Terraplen,Recta,Transito normal con precaución,0,0,0,1,1.0,Choque,maniobras imprudentes,2302_2_90,3.0,21.0
Valle del Cauca,2017-09-12 01:42:00,27,230.0,2017-08-29 05:00:00,martes,40,Normal,Seca y limpia,Plano,Media Ladera Derecha,Recta,Transito normal con precaución,0,0,0,2,1.0,Choque,no determinada,2302_2_27,12.0,12.0
Valle del Cauca,2017-09-12 01:37:00,53,680.0,2017-08-13 05:00:00,domingo,10,Normal,Seca y limpia,Plano,Terraplen,Recta,Transito normal con precaución,0,0,2,0,1.0,Choque,no determinada,2302_2_53,21.0,3.0
Valle del Cauca,2017-09-12 01:31:00,81,950.0,2017-08-12 05:00:00,sabado,0,Normal,Seca y limpia,Plano,Terraplen,Recta,Transito normal con precaución,0,0,1,0,1.0,Choque,no mantener distancia de seguridad,2302_2_81,14.0,10.0
Valle del Cauca,2017-09-12 01:25:00,53,750.0,2017-08-06 05:00:00,domingo,40,Normal,Seca y limpia,Plano,Terraplen,Curva Derecha,Transito normal con precaución,0,0,0,0,1.0,Choque,exceso en horas de conduccion,2302_2_53,16.0,8.0
Valle del Cauca,2017-08-14 23:39:00,50,700.0,2017-07-30 05:00:00,domingo,10,Seca,Seca y limpia,Plano,Terraplen,Recta,Transito normal con precaución,0,0,1,0,1.0,Choque,no mantener distancia de seguridad,2302_2_50,23.0,1.0
Valle del Cauca,2017-08-14 23:33:00,45,700.0,2017-07-24 05:00:00,lunes,30,Seca,Seca y limpia,Plano,Cajón,Recta,Transito normal con precaución,0,0,0,0,1.0,Choque,no determinada,2302_2_45,10.0,14.0
Valle del Cauca,2017-08-14 23:27:00,77,950.0,2017-07-19 05:00:00,miercoles,40,Seca,Seca y limpia,Plano,Terraplen,Recta,Transito normal con precaución,0,0,2,0,1.0,Choque,no mantener distancia de seguridad,2302_2_77,15.0,9.0
Valle del Cauca,2017-08-14 23:24:00,28,0.0,2017-07-01 05:00:00,sabado,40,Seca,Seca y limpia,Plano,Media ladera Izquierda,Recta,Transito normal con precaución,0,0,0,0,1.0,Choque,exceso en horas de conduccion,2302_2_28,0.0,0.0
Valle del Cauca,2017-07-25 02:00:00,82,450.0,2017-06-29 05:00:00,jueves,50,Seca,Seca y limpia,Plano,Terraplen,Recta,Transito normal con precaución,0,0,0,1,1.0,Choque,impericia en el manejo,2302_2_82,11.0,13.0
Valle del Cauca,2017-07-25 01:56:00,34,650.0,2017-06-28 05:00:00,miercoles,50,Seca,Seca y limpia,Plano,Terraplen,Recta,Transito normal con precaución,0,0,0,1,1.0,Atropello,no determinada,2302_2_34,1.0,23.0
Valle del Cauca,2017-07-15 00:54:00,84,350.0,2017-06-17 05:00:00,sabado,17,Seca,Seca y limpia,Plano,Terraplen,Recta,Transito normal con precaución,0,0,0,0,1.0,Choque,fallas mecanicas y del sistema electrico,2302_2_84,18.0,6.0
Valle del Cauca,2017-07-15 00:48:00,102,600.0,2017-06-17 05:00:00,sabado,15,Seca,Seca y limpia,Plano,Terraplen,Recta,Transito normal con precaución,0,0,1,0,1.0,Choque,no determinada,2302_2_102,22.0,2.0
Valle del Cauca,2017-06-20 19:40:00,28,700.0,2017-05-08 05:00:00,lunes,10,Lluvia,Humeda,Plano,Media Ladera Derecha,Curva Derecha,Transito normal con precaución,0,0,0,0,1.0,Choque,no determinada,2302_2_28,16.0,8.0
Valle del Cauca,2017-05-06 02:53:00,48,750.0,2017-04-10 05:00:00,lunes,50,Normal,Seca y limpia,Plano,Terraplen,Curva Derecha,Transito normal con precaución,0,0,0,0,1.0,Choque,exceso en horas de conduccion,2302_2_48,22.0,2.0
Valle del Cauca,2017-05-06 02:47:00,61,400.0,2017-04-24 05:00:00,lunes,40,Normal,Seca y limpia,Ondulado,Media Ladera Derecha,Recta,Transito normal con precaución,0,0,1,0,1.0,Choque,no mantener distancia de seguridad,2302_2_61,13.0,11.0
Valle del Cauca,2017-05-06 02:27:00,58,150.0,2017-01-14 05:00:00,sabado,0,Normal,Seca y limpia,Plano,Terraplen,Recta,Transito normal con precaución,0,0,0,0,1.0,Choque,no determinada,2302_2_58,7.0,17.0
Valle del Cauca,2017-05-06 02:24:00,29,650.0,2017-01-13 05:00:00,viernes,50,Lluvia,Humeda,Plano,Terraplen,Curva Izquierda,Transito normal con precaución,0,0,0,0,1.0,Volcamiento,condiciones de la via y factores ambientales,2302_2_29,18.0,6.0
Valle del Cauca,2017-05-04 15:51:00,87,0.0,2017-03-20 05:00:00,lunes,30,Normal,Seca y limpia,Ondulado,Media Ladera Derecha,Curva Derecha,Transito normal con precaución,0,0,0,1,1.0,Atropello,no determinada,2302_2_87,0.0,0.0
Valle del Cauca,2017-05-04 15:44:00,32,850.0,2017-03-19 05:00:00,domingo,30,Normal,Seca y limpia,Plano,Media Ladera Derecha,Curva Izquierda,Transito normal con precaución,0,0,0,0,1.0,Choque,no determinada,2302_2_32,6.0,18.0
Valle del Cauca,2017-05-04 15:28:00,89,800.0,2017-02-18 05:00:00,sabado,10,Normal,Seca y limpia,Plano,Terraplen,Recta,Transito normal con precaución,0,0,0,0,1.0,Choque,desobediencia a normas y senales,2302_2_89,22.0,2.0
Valle del Cauca,2017-05-04 15:21:00,35,50.0,2017-03-13 05:00:00,lunes,30,Normal,Seca y limpia,Plano,Terraplen,Curva Izquierda,Transito normal con precaución,0,0,1,0,1.0,Choque,no mantener distancia de seguridad,2302_2_35,2.0,22.0
Valle del Cauca,2017-05-04 15:16:00,114,200.0,2017-03-06 05:00:00,lunes,10,Normal,Seca y limpia,Plano,Media Ladera Derecha,Recta,Transito normal con precaución,0,0,1,0,1.0,Choque,defectos fisicos y psiquicos,2302_2_114,14.0,10.0
Valle del Cauca,2017-05-04 15:13:00,83,600.0,2017-03-01 05:00:00,miercoles,30,Normal,Seca y limpia,Plano,Terraplen,Recta,Transito normal con precaución,0,0,0,0,1.0,Choque,no determinada,2302_2_83,15.0,9.0
Valle del Cauca,2017-05-04 15:10:00,96,800.0,2017-02-18 05:00:00,sabado,30,Normal,Seca y limpia,Plano,Terraplen,Recta,Transito normal con precaución,0,0,0,0,1.0,Choque,maniobras imprudentes,2302_2_96,3.0,21.0
Valle del Cauca,2017-05-04 14:52:00,5,50.0,2017-02-27 05:00:00,lunes,30,Normal,Seca y limpia,Plano,Terraplen,Recta,Transito normal con precaución,0,0,0,0,1.0,Choque,no mantener distancia de seguridad,2302_2_5,15.0,9.0
Valle del Cauca,2017-05-03 19:11:00,114,200.0,2017-03-01 05:00:00,miercoles,30,Normal,Seca y limpia,Plano,Terraplen,Recta,Transito normal con precaución,0,0,0,0,1.0,Choque,maniobras imprudentes,2302_2_114,12.0,12.0
Valle del Cauca,2017-04-24 23:33:00,100,700.0,2016-12-26 05:00:00,lunes,40,Lluvia,Humeda,Plano,Terraplen,Recta,Transito normal con precaución,0,0,0,0,1.0,Choque,maniobras imprudentes,2302_2_100,11.0,13.0
Valle del Cauca,2017-04-24 23:30:00,89,800.0,2016-12-22 05:00:00,jueves,30,Normal,Seca y limpia,Plano,Terraplen,Recta,Transito normal con precaución,0,0,0,1,1.0,Choque,adelantamientos indebidos,2302_2_89,21.0,3.0
Valle del Cauca,2017-04-24 23:26:00,4,700.0,2016-12-20 05:00:00,martes,25,Lluvia,Humeda,Plano,Terraplen,Recta,Transito normal con precaución,0,0,0,0,1.0,Choque,condiciones de la via y factores ambientales,2302_2_4,12.0,12.0
Valle del Cauca,2017-04-24 23:20:00,119,500.0,2016-12-09 05:00:00,viernes,20,Normal,Seca y limpia,Ondulado,Terraplen,Recta,Transito normal con precaución,0,0,0,1,1.0,Choque,desobediencia a normas y senales,2302_2_119,11.0,13.0
Valle del Cauca,2018-04-13 21:37:00,114,400.0,2017-06-29 05:00:00,jueves,45,Normal,Seca y limpia,Plano,Terraplen,Recta,Parcial con reducción de carriles,0,0,0,0,1.0,Choque,no determinada,2504_1_114,9.0,15.0
Valle del Cauca,2018-04-13 21:28:00,115,600.0,2017-06-24 05:00:00,sabado,20,Normal,Seca y limpia,Plano,Terraplen,Recta,Parcial con reducción de carriles,0,0,0,0,1.0,Choque,no mantener distancia de seguridad,2504_1_115,18.0,6.0
Valle del Cauca,2018-04-13 21:16:00,116,380.0,2017-06-09 05:00:00,viernes,43,Normal,Seca y limpia,Plano,Terraplen,Recta,Parcial con reducción de carriles,0,0,0,0,1.0,Choque,no mantener distancia de seguridad,2504_1_116,1.0,23.0
Valle del Cauca,2018-04-13 21:12:00,114,940.0,2017-06-09 05:00:00,viernes,15,Normal,Seca y limpia,Plano,Terraplen,Recta,Parcial con reducción de carriles,0,0,0,0,1.0,Choque,no determinada,2504_1_114,14.0,10.0
Valle del Cauca,2017-05-09 16:02:00,107,700.0,2017-02-16 05:00:00,jueves,20,Normal,Seca y limpia,Plano,Terraplen,Recta,Parcial con reducción de carriles,0,0,2,0,1.0,Choque,exceso en horas de conduccion,2504_1_107,16.0,8.0
Valle del Cauca,2017-05-09 15:53:00,107,600.0,2016-12-28 05:00:00,miercoles,50,Normal,Seca y limpia,Plano,Terraplen,Curva Izquierda,Parcial con reducción de carriles,0,0,0,0,1.0,Choque,exceso de velocidad,2504_1_107,16.0,8.0
Valle del Cauca,2017-05-09 15:51:00,107,600.0,2016-12-28 05:00:00,miercoles,30,Normal,Seca y limpia,Plano,Terraplen,Curva Izquierda,Parcial con reducción de carriles,0,0,1,0,1.0,Caída de carga,fallas mecanicas y del sistema electrico,2504_1_107,6.0,18.0
Valle del Cauca,2018-03-21 21:36:00,110,280.0,2017-05-28 05:00:00,domingo,30,Normal,Seca y limpia,Plano,Terraplen,Recta,Parcial con reducción de carriles,0,0,2,0,1.0,Choque,embriaguez o sustancias alucinogenas,2504_1_110,8.0,16.0
Valle del Cauca,2018-03-21 21:30:00,111,275.0,2017-05-27 05:00:00,sabado,12,Normal,Seca y limpia,Plano,Terraplen,Recta,Parcial con reducción de carriles,0,0,7,0,1.0,Choque,no determinada,2504_1_111,7.0,17.0
Valle del Cauca,2018-03-21 21:20:00,115,54.0,2017-05-20 05:00:00,sabado,35,Normal,Seca y limpia,Plano,Terraplen,Recta,Parcial con reducción de carriles,0,0,0,0,1.0,Choque,no mantener distancia de seguridad,2504_1_115,12.0,12.0
Valle del Cauca,2018-03-21 21:15:00,111,620.0,2017-05-18 05:00:00,jueves,0,Normal,Seca y limpia,Plano,Terraplen,Recta,Parcial con reducción de carriles,0,0,0,0,1.0,Choque,maniobras imprudentes,2504_1_111,13.0,11.0
Valle del Cauca,2018-03-21 18:36:00,111,874.0,2017-05-17 05:00:00,miercoles,50,Normal,Seca y limpia,Plano,Terraplen,Recta,Parcial con reducción de carriles,0,0,2,0,1.0,Choque,no determinada,2504_1_111,15.0,9.0
Valle del Cauca,2018-03-21 18:33:00,115,700.0,2017-05-15 05:00:00,lunes,50,Normal,Seca y limpia,Plano,Terraplen,Recta,Parcial con reducción de carriles,0,0,0,0,1.0,Choque,no determinada,2504_1_115,20.0,4.0
Valle del Cauca,2018-03-21 18:29:00,114,340.0,2017-05-13 05:00:00,sabado,10,Normal,Seca y limpia,Plano,Terraplen,Recta,Parcial con reducción de carriles,0,0,1,0,1.0,Choque,no mantener distancia de seguridad,2504_1_114,23.0,1.0
Valle del Cauca,2018-03-21 18:18:00,111,630.0,2017-05-06 05:00:00,sabado,52,Lluvia,Humeda,Plano,Terraplen,Recta,Parcial con reducción de carriles,0,0,0,0,1.0,Choque,no mantener distancia de seguridad,2504_1_111,18.0,6.0
Valle del Cauca,2018-03-09 21:15:00,114,660.0,2017-04-27 05:00:00,jueves,30,Normal,Seca y limpia,Plano,Terraplen,Curva Derecha,Parcial con reducción de carriles,0,0,0,0,1.0,Choque,no mantener distancia de seguridad,2504_1_114,18.0,6.0
Valle del Cauca,2018-03-09 21:13:00,116,115.0,2017-04-26 05:00:00,miercoles,20,Lluvia,Humeda,Plano,Terraplen,Recta,Parcial con reducción de carriles,0,0,2,0,1.0,Choque,no determinada,2504_1_116,0.0,0.0
Valle del Cauca,2018-03-09 21:11:00,116,430.0,2017-04-26 05:00:00,miercoles,15,Lluvia,Humeda,Plano,Terraplen,Recta,Parcial con reducción de carriles,0,0,0,0,1.0,Choque,no determinada,2504_1_116,17.0,7.0
Valle del Cauca,2018-03-09 21:09:00,116,280.0,2017-04-26 05:00:00,miercoles,0,Lluvia,Humeda,Plano,Terraplen,Recta,Parcial con reducción de carriles,0,0,0,0,1.0,Choque,no mantener distancia de seguridad,2504_1_116,15.0,9.0
Valle del Cauca,2018-03-09 21:05:00,112,270.0,2017-04-23 05:00:00,domingo,42,Normal,Seca y limpia,Plano,Terraplen,Recta,Parcial con reducción de carriles,0,0,2,0,1.0,Choque,no determinada,2504_1_112,22.0,2.0
Valle del Cauca,2018-03-09 20:56:00,116,118.0,2017-04-22 05:00:00,sabado,30,Normal,Seca y limpia,Plano,Terraplen,Recta,Parcial con reducción de carriles,0,0,0,0,1.0,Choque,no determinada,2504_1_116,10.0,14.0
Valle del Cauca,2018-03-09 20:52:00,114,956.0,2017-04-20 05:00:00,jueves,41,Lluvia,Humeda,Plano,Terraplen,Recta,Parcial con reducción de carriles,0,0,0,0,1.0,Choque,no mantener distancia de seguridad,2504_1_114,15.0,9.0
Valle del Cauca,2018-03-09 20:50:00,111,318.0,2017-04-19 05:00:00,miercoles,40,Lluvia,Humeda,Plano,Terraplen,Recta,Parcial con reducción de carriles,0,0,0,0,1.0,Choque,no mantener distancia de seguridad,2504_1_111,11.0,13.0
Valle del Cauca,2018-03-09 20:48:00,115,20.0,2017-04-17 05:00:00,lunes,40,Normal,Seca y limpia,Plano,Terraplen,Recta,Parcial con reducción de carriles,0,0,0,0,1.0,Choque,no mantener distancia de seguridad,2504_1_115,0.0,0.0
Valle del Cauca,2018-03-09 20:43:00,112,870.0,2017-04-15 05:00:00,sabado,30,Normal,Seca y limpia,Plano,Terraplen,Recta,Parcial con reducción de carriles,0,0,0,0,1.0,Choque,no mantener distancia de seguridad,2504_1_112,9.0,15.0
Valle del Cauca,2018-03-09 20:41:00,115,235.0,2017-04-15 05:00:00,sabado,10,Normal,Seca y limpia,Plano,Terraplen,Recta,Parcial con reducción de carriles,0,0,0,0,1.0,Choque,no mantener distancia de seguridad,2504_1_115,4.0,20.0
Valle del Cauca,2018-03-09 20:37:00,111,743.0,2017-04-15 05:00:00,sabado,20,Normal,Seca y limpia,Plano,Terraplen,Recta,Parcial con reducción de carriles,0,0,3,0,1.0,Choque,no determinada,2504_1_111,19.0,5.0
Valle del Cauca,2018-03-09 20:14:00,114,416.0,2017-04-12 05:00:00,miercoles,20,Normal,Seca y limpia,Plano,Terraplen,Recta,Parcial con reducción de carriles,0,0,0,0,1.0,Choque,no mantener distancia de seguridad,2504_1_114,21.0,3.0
Valle del Cauca,2018-03-09 20:07:00,112,810.0,2017-04-07 05:00:00,viernes,40,Normal,Seca y limpia,Plano,Terraplen,Recta,Parcial con reducción de carriles,0,0,0,0,1.0,Choque,no mantener distancia de seguridad,2504_1_112,6.0,18.0
Valle del Cauca,2018-03-09 20:04:00,112,810.0,2017-04-07 05:00:00,viernes,40,Normal,Seca y limpia,Plano,Terraplen,Recta,Parcial con reducción de carriles,0,0,0,0,1.0,Choque,no mantener distancia de seguridad,2504_1_112,16.0,8.0
Valle del Cauca,2018-03-09 20:01:00,116,380.0,2017-04-06 05:00:00,jueves,50,Normal,Seca y limpia,Plano,Terraplen,Recta,Parcial con reducción de carriles,0,0,0,0,1.0,Choque,no mantener distancia de seguridad,2504_1_116,15.0,9.0
Valle del Cauca,2018-03-09 19:56:00,114,500.0,2017-04-05 05:00:00,miercoles,0,Viento,Seca y limpia,Plano,Terraplen,Recta,Parcial con reducción de carriles,0,0,0,0,1.0,Choque,estacionamiento y senalizacion imprudente,2504_1_114,7.0,17.0
Valle del Cauca,2018-02-01 21:16:00,109,328.0,2017-03-29 05:00:00,miercoles,40,Normal,Seca y limpia,Plano,Terraplen,Recta,Parcial con reducción de carriles,0,0,1,0,1.0,Choque,no determinada,2504_1_109,6.0,18.0
Valle del Cauca,2018-02-01 21:13:00,109,345.0,2017-03-29 05:00:00,miercoles,20,Normal,Seca y limpia,Plano,Terraplen,Recta,Parcial con reducción de carriles,0,0,2,0,1.0,Choque,no mantener distancia de seguridad,2504_1_109,16.0,8.0
Valle del Cauca,2018-02-01 21:08:00,114,320.0,2017-03-27 05:00:00,lunes,5,Normal,Seca y limpia,Plano,Terraplen,Recta,Parcial con reducción de carriles,0,0,0,0,1.0,Choque,no mantener distancia de seguridad,2504_1_114,16.0,8.0
Valle del Cauca,2018-02-01 21:02:00,115,615.0,2017-03-22 05:00:00,miercoles,20,Normal,Seca y limpia,Plano,Terraplen,Recta,Parcial con reducción de carriles,0,0,0,0,1.0,Choque,no mantener distancia de seguridad,2504_1_115,7.0,17.0
Valle del Cauca,2018-02-01 20:13:00,109,110.0,2017-03-16 05:00:00,jueves,15,Normal,Seca y limpia,Plano,Terraplen,Recta,Parcial con reducción de carriles,0,0,3,0,1.0,Choque,no determinada,2504_1_109,11.0,13.0
Valle del Cauca,2018-01-17 14:57:00,115,140.0,2017-02-18 05:00:00,sabado,30,Normal,Seca y limpia,Plano,Terraplen,Recta,Parcial con reducción de carriles,0,0,0,0,1.0,Choque,no mantener distancia de seguridad,2504_1_115,17.0,7.0
Valle del Cauca,2018-01-17 14:46:00,115,762.0,2017-02-17 05:00:00,viernes,30,Normal,Seca y limpia,Plano,Terraplen,Recta,Parcial con reducción de carriles,0,0,1,0,1.0,Choque,no determinada,2504_1_115,6.0,18.0
Valle del Cauca,2018-01-17 14:28:00,111,850.0,2017-02-13 05:00:00,lunes,30,Normal,Seca y limpia,Plano,Terraplen,Recta,Parcial con reducción de carriles,0,0,0,0,1.0,Choque,no mantener distancia de seguridad,2504_1_111,19.0,5.0
Valle del Cauca,2018-01-17 14:22:00,108,396.0,2017-02-12 05:00:00,domingo,17,Lluvia,Humeda,Plano,Terraplen,Recta,Parcial con reducción de carriles,0,0,0,0,1.0,Choque,exceso de velocidad,2504_1_108,23.0,1.0
Valle del Cauca,2018-01-09 16:19:00,108,380.0,2017-02-28 05:00:00,martes,30,Normal,Seca y limpia,Plano,Terraplen,Recta,Parcial con reducción de carriles,0,0,1,0,1.0,Choque,no determinada,2504_1_108,21.0,3.0
Valle del Cauca,2018-01-09 16:04:00,116,435.0,2017-02-24 05:00:00,viernes,40,Normal,Seca y limpia,Plano,Terraplen,Recta,Parcial con reducción de carriles,0,0,0,0,1.0,Choque,no mantener distancia de seguridad,2504_1_116,7.0,17.0
Valle del Cauca,2018-01-09 16:00:00,111,300.0,2017-02-22 05:00:00,miercoles,0,Normal,Seca y limpia,Plano,Terraplen,Recta,Parcial con reducción de carriles,0,0,0,0,1.0,Choque,no determinada,2504_1_111,6.0,18.0
Valle del Cauca,2018-01-09 15:45:00,116,435.0,2017-02-15 05:00:00,miercoles,0,Normal,Seca y limpia,Plano,Terraplen,Recta,Parcial con reducción de carriles,0,0,0,0,1.0,Choque,no mantener distancia de seguridad,2504_1_116,19.0,5.0
Valle del Cauca,2018-01-09 15:43:00,115,380.0,2017-02-15 05:00:00,miercoles,30,Normal,Seca y limpia,Plano,Terraplen,Recta,Parcial con reducción de carriles,0,0,0,0,1.0,Choque,condiciones de la via y factores ambientales,2504_1_115,10.0,14.0
Valle del Cauca,2018-01-09 15:32:00,115,645.0,2017-02-15 05:00:00,miercoles,20,Normal,Seca y limpia,Plano,Terraplen,Recta,Parcial con reducción de carriles,0,0,0,0,1.0,Choque,no determinada,2504_1_115,5.0,19.0
Valle del Cauca,2018-01-09 15:06:00,115,585.0,2017-02-11 05:00:00,sabado,40,Normal,Seca y limpia,Plano,Terraplen,Recta,Parcial con reducción de carriles,0,0,0,0,1.0,Choque,no mantener distancia de seguridad,2504_1_115,11.0,13.0
Valle del Cauca,2018-01-09 15:02:00,116,295.0,2017-02-07 05:00:00,martes,0,Normal,Seca y limpia,Plano,Terraplen,Recta,Parcial con reducción de carriles,0,0,0,0,1.0,Choque,no mantener distancia de seguridad,2504_1_116,0.0,0.0
Valle del Cauca,2017-12-28 20:15:00,107,690.0,2017-02-16 05:00:00,jueves,20,Normal,Seca y limpia,Plano,Terraplen,Recta,Parcial con reducción de carriles,0,0,2,0,1.0,Choque,no determinada,2504_1_107,16.0,8.0
Valle del Cauca,2017-12-27 16:52:00,109,625.0,2017-01-29 05:00:00,domingo,30,Normal,Seca y limpia,Plano,Terraplen,Recta,Parcial con reducción de carriles,0,0,1,0,1.0,Choque,no mantener distancia de seguridad,2504_1_109,11.0,13.0
Valle del Cauca,2017-12-27 16:46:00,116,335.0,2017-01-21 05:00:00,sabado,35,Normal,Seca y limpia,Plano,Terraplen,Recta,Parcial con reducción de carriles,0,0,0,0,1.0,Choque,no mantener distancia de seguridad,2504_1_116,11.0,13.0
Valle del Cauca,2017-12-27 16:00:00,111,630.0,2017-01-14 05:00:00,sabado,0,Normal,Seca y limpia,Plano,Terraplen,Recta,Parcial con reducción de carriles,0,0,2,0,1.0,Choque,no mantener distancia de seguridad,2504_1_111,15.0,9.0
Valle del Cauca,2017-12-27 15:55:00,116,310.0,2017-01-13 05:00:00,viernes,50,Normal,Seca y limpia,Plano,Terraplen,Recta,Parcial con reducción de carriles,0,0,0,0,1.0,Choque,no mantener distancia de seguridad,2504_1_116,23.0,1.0