territorial,fecha_registro,pr,distancia_pr,fecha_acc,dia_semana_acc,min_acc,condic_meteor,estado_super,terreno,secc_tip,geometria_acc,tipo_cierre,horas_cierre,min_cierre,n_heridos,n_muertos,n_victimas,clase_accidente,causa_posible,ref_loc,hora_acc,duracion_cierre_horas
Valle del Cauca,2017-12-27 20:56:00,20,855.0,2017-01-26 05:00:00,jueves,20,Normal,Seca y limpia,Plano,Terraplen,Recta,Parcial con reducción de carriles,0,0,0,0,1.0,Choque,adelantamientos indebidos,2505_1_20,15.0,9.0
Valle del Cauca,2017-12-27 20:21:00,21,970.0,2017-01-08 05:00:00,domingo,30,Normal,Seca y limpia,Plano,Terraplen,Curva Derecha,Parcial con reducción de carriles,0,0,0,0,1.0,Choque,adelantamientos indebidos,2505_1_21,14.0,10.0
Valle del Cauca,2017-12-12 20:30:00,22,241.0,2016-12-31 05:00:00,sabado,0,Normal,Seca y limpia,Plano,Terraplen,Recta,Parcial con reducción de carriles,0,0,0,1,1.0,Choque,no determinada,2505_1_22,6.0,18.0
Valle del Cauca,2017-12-12 20:20:00,20,884.0,2016-12-28 05:00:00,miercoles,0,Normal,Seca y limpia,Plano,Terraplen,Recta,Parcial con reducción de carriles,0,0,1,0,1.0,Choque,desobediencia a normas y senales,2505_1_20,16.0,8.0
Valle del Cauca,2017-12-12 19:42:00,22,575.0,2016-12-24 05:00:00,sabado,0,Lluvia,Humeda,Plano,Terraplen,Recta,Parcial con reducción de carriles,0,0,1,0,1.0,Choque,adelantamientos indebidos,2505_1_22,21.0,3.0
Valle del Cauca,2017-12-12 19:31:00,21,775.0,2016-12-23 05:00:00,viernes,0,Normal,Seca y limpia,Plano,Terraplen,Recta,Parcial con reducción de carriles,0,0,0,0,1.0,Choque,no determinada,2505_1_21,0.0,0.0
Valle del Cauca,2017-12-12 18:38:00,21,970.0,2016-12-18 05:00:00,domingo,50,Normal,Seca y limpia,Plano,Terraplen,Curva Izquierda,Parcial con reducción de carriles,0,0,0,0,1.0,Choque,condiciones de la via y factores ambientales,2505_1_21,20.0,4.0
Valle del Cauca,2017-12-12 18:21:00,22,847.0,2016-12-14 05:00:00,miercoles,30,Normal,Seca y limpia,Plano,Terraplen,Recta,Parcial con reducción de carriles,0,0,0,0,1.0,Choque,no determinada,2505_1_22,15.0,9.0
Valle del Cauca,2017-12-12 16:54:00,20,935.0,2016-12-01 05:00:00,jueves,0,Lluvia,Humeda,Plano,Terraplen,Recta,Parcial con reducción de carriles,0,0,0,0,1.0,Choque,condiciones de la via y factores ambientales,2505_1_20,22.0,2.0
Valle del Cauca,2018-04-24 20:59:00,24,650.0,2017-06-30 05:00:00,viernes,45,Normal,Seca y limpia,Plano,Terraplen,Recta,Parcial con reducción de carriles,0,0,0,0,1.0,Choque,no mantener distancia de seguridad,2505_2_24,20.0,4.0
Valle del Cauca,2018-04-24 20:57:00,21,860.0,2017-06-29 05:00:00,jueves,0,Normal,Seca y limpia,Plano,Terraplen,Recta,Parcial con reducción de carriles,0,0,0,0,1.0,Choque,no determinada,2505_2_21,20.0,4.0
Valle del Cauca,2018-04-24 20:54:00,21,947.0,2017-06-29 05:00:00,jueves,20,Normal,Seca y limpia,Plano,Terraplen,Curva Derecha,Parcial con reducción de carriles,0,0,0,0,1.0,Choque,adelantamientos indebidos,2505_2_21,17.0,7.0
Valle del Cauca,2018-04-24 20:50:00,22,567.0,2017-06-29 05:00:00,jueves,0,Normal,Seca y limpia,Plano,Terraplen,Recta,Parcial con reducción de carriles,0,0,0,0,1.0,Choque,no determinada,2505_2_22,4.0,20.0
Valle del Cauca,2018-04-24 20:48:00,21,947.0,2017-06-27 05:00:00,martes,0,Normal,Seca y limpia,Plano,Terraplen,Curva Derecha,Parcial con reducción de carriles,0,0,0,0,1.0,Choque,adelantamientos indebidos,2505_2_21,21.0,3.0
Valle del Cauca,2018-04-24 20:43:00,21,515.0,2017-06-23 05:00:00,viernes,10,Normal,Seca y limpia,Plano,Terraplen,Recta,Parcial con reducción de carriles,0,0,0,0,1.0,Choque,desobediencia a normas y senales,2505_2_21,14.0,10.0
Valle del Cauca,2018-04-24 20:39:00,24,650.0,2017-06-18 05:00:00,domingo,30,Normal,Seca y limpia,Plano,Terraplen,Recta,Parcial con reducción de carriles,0,0,2,0,1.0,Choque,no determinada,2505_2_24,5.0,19.0
Valle del Cauca,2018-04-24 20:31:00,21,466.0,2017-06-12 05:00:00,lunes,0,Normal,Seca y limpia,Plano,Terraplen,Recta,Parcial con reducción de carriles,0,0,0,0,1.0,Choque,no determinada,2505_2_21,20.0,4.0
Valle del Cauca,2018-04-24 19:33:00,22,952.0,2017-06-11 05:00:00,domingo,5,Normal,Seca y limpia,Plano,Terraplen,Recta,Parcial con reducción de carriles,0,0,2,0,1.0,Choque,no mantener distancia de seguridad,2505_2_22,10.0,14.0
Valle del Cauca,2018-04-24 19:30:00,21,263.0,2017-06-10 05:00:00,sabado,10,Normal,Seca y limpia,Plano,Terraplen,Recta,Parcial con reducción de carriles,0,0,2,0,1.0,Atropello,conducta de peatones,2505_2_21,16.0,8.0
Valle del Cauca,2018-04-24 19:27:00,21,947.0,2017-06-07 05:00:00,miercoles,40,Normal,Seca y limpia,Plano,Terraplen,Curva Derecha,Parcial con reducción de carriles,0,0,0,0,1.0,Choque,no determinada,2505_2_21,18.0,6.0
Valle del Cauca,2018-04-24 19:22:00,22,111.0,2017-06-06 05:00:00,martes,0,Normal,Seca y limpia,Plano,Terraplen,Recta,Parcial con reducción de carriles,0,0,2,0,1.0,Caída ocupante,no determinada,2505_2_22,15.0,9.0
Valle del Cauca,2018-04-24 19:03:00,23,490.0,2017-06-01 05:00:00,jueves,10,Normal,Seca y limpia,Plano,Terraplen,Recta,Parcial con reducción de carriles,0,0,3,0,1.0,Choque,maniobras imprudentes,2505_2_23,15.0,9.0
Putumayo,2017-08-02 14:40:00,0,120.0,2017-07-05 05:00:00,miercoles,20,Normal,Seca y limpia,Plano,Cajón,Recta,Transito normal con precaución,0,0,2,0,1.0,Choque,no determinada,4503_1_0,20.0,4.0
Valle del Cauca,2018-04-09 15:12:00,24,935.0,2017-05-31 05:00:00,miercoles,45,Normal,Seca y limpia,Plano,Terraplen,Recta,Parcial con reducción de carriles,0,0,1,0,1.0,Choque,desobediencia a normas y senales,2505_2_24,14.0,10.0
Valle del Cauca,2018-03-26 16:18:00,23,379.0,2017-05-30 05:00:00,martes,50,Normal,Seca y limpia,Plano,Terraplen,Recta,Parcial con reducción de carriles,0,0,0,0,1.0,Choque,estacionamiento y senalizacion imprudente,2505_2_23,6.0,18.0
Valle del Cauca,2018-03-26 16:15:00,20,685.0,2017-05-28 05:00:00,domingo,50,Normal,Seca y limpia,Plano,Terraplen,Recta,Parcial con reducción de carriles,0,0,0,0,1.0,Choque,adelantamientos indebidos,2505_2_20,17.0,7.0
Valle del Cauca,2018-03-26 16:11:00,21,947.0,2017-05-27 05:00:00,sabado,50,Normal,Seca y limpia,Plano,Terraplen,Recta,Parcial con reducción de carriles,0,0,0,0,1.0,Choque,no determinada,2505_2_21,15.0,9.0
Valle del Cauca,2018-03-26 16:06:00,20,789.0,2017-05-25 05:00:00,jueves,30,Normal,Seca y limpia,Plano,Terraplen,Recta,Parcial con reducción de carriles,0,0,2,1,1.0,Atropello,no determinada,2505_2_20,14.0,10.0
Valle del Cauca,2018-03-26 15:54:00,20,98.0,2017-05-24 05:00:00,miercoles,50,Normal,Seca y limpia,Plano,Terraplen,Recta,Parcial con reducción de carriles,0,0,2,0,1.0,Choque,exceso en horas de conduccion,2505_2_20,19.0,5.0
Valle del Cauca,2018-03-26 15:47:00,20,796.0,2017-05-23 05:00:00,martes,30,Normal,Seca y limpia,Plano,Terraplen,Recta,Parcial con reducción de carriles,0,0,0,0,1.0,Choque,no determinada,2505_2_20,5.0,19.0
Valle del Cauca,2018-03-26 15:01:00,22,268.0,2017-05-13 05:00:00,sabado,0,Lluvia,Humeda,Plano,Terraplen,Recta,Parcial con reducción de carriles,0,0,0,0,1.0,Choque,no mantener distancia de seguridad,2505_2_22,0.0,0.0
Valle del Cauca,2018-03-26 14:54:00,20,854.0,2017-05-11 05:00:00,jueves,57,Normal,Seca y limpia,Plano,Terraplen,Recta,Parcial con reducción de carriles,0,0,0,0,1.0,Choque,no determinada,2505_2_20,20.0,4.0
Valle del Cauca,2018-03-26 13:52:00,21,911.0,2017-05-06 05:00:00,sabado,54,Lluvia,Humeda,Plano,Terraplen,Curva Izquierda,Parcial con reducción de carriles,0,0,0,0,1.0,Choque,maniobras imprudentes,2505_2_21,19.0,5.0
Valle del Cauca,2018-03-26 13:52:00,21,911.0,2017-05-06 05:00:00,sabado,54,Lluvia,Humeda,Plano,Terraplen,Curva Izquierda,Parcial con reducción de carriles,0,0,0,0,1.0,Choque,maniobras imprudentes,2505_2_21,9.0,15.0
Valle del Cauca,2018-03-12 15:45:00,21,900.0,2017-04-24 05:00:00,lunes,20,Normal,Seca y limpia,Plano,Terraplen,Recta,Parcial con reducción de carriles,0,0,0,0,1.0,Choque,no determinada,2505_2_21,19.0,5.0
Valle del Cauca,2018-03-12 15:41:00,20,776.0,2017-04-21 05:00:00,viernes,50,Normal,Seca y limpia,Plano,Terraplen,Recta,Parcial con reducción de carriles,0,0,0,0,1.0,Choque,no mantener distancia de seguridad,2505_2_20,7.0,17.0
Valle del Cauca,2018-03-12 15:37:00,21,430.0,2017-04-18 05:00:00,martes,40,Normal,Seca y limpia,Plano,Terraplen,Recta,Parcial con reducción de carriles,0,0,1,0,1.0,Choque,no determinada,2505_2_21,7.0,17.0
Valle del Cauca,2018-03-12 15:27:00,21,835.0,2017-04-18 05:00:00,martes,30,Normal,Humeda,Plano,Terraplen,Recta,Parcial con reducción de carriles,0,0,0,0,1.0,Choque,no determinada,2505_2_21,17.0,7.0
Valle del Cauca,2018-03-12 15:10:00,22,70.0,2017-04-17 05:00:00,lunes,30,Lluvia,Humeda,Plano,Terraplen,Recta,Parcial con reducción de carriles,0,0,0,0,1.0,Choque,no determinada,2505_2_22,16.0,8.0
Valle del Cauca,2018-03-12 14:56:00,22,30.0,2017-04-13 05:00:00,jueves,50,Normal,Seca y limpia,Plano,Terraplen,Recta,Parcial con reducción de carriles,0,0,0,0,1.0,Choque,no determinada,2505_2_22,22.0,2.0
Valle del Cauca,2018-03-12 14:50:00,24,660.0,2017-04-12 05:00:00,miercoles,50,Lluvia,Humeda,Plano,Terraplen,Recta,Parcial con reducción de carriles,0,0,2,0,1.0,Choque,desobediencia a normas y senales,2505_2_24,9.0,15.0
Valle del Cauca,2018-03-09 21:40:00,21,593.0,2017-04-10 05:00:00,lunes,30,Normal,Seca y limpia,Plano,Terraplen,Recta,Parcial con reducción de carriles,0,0,1,0,1.0,Choque,no determinada,2505_2_21,5.0,19.0
Valle del Cauca,2018-03-09 21:37:00,20,796.0,2017-04-03 05:00:00,lunes,0,Normal,Seca y limpia,Plano,Terraplen,Recta,Parcial con reducción de carriles,0,0,0,0,1.0,Choque,adelantamientos indebidos,2505_2_20,7.0,17.0
Valle del Cauca,2018-02-01 19:26:00,24,950.0,2017-03-31 05:00:00,viernes,40,Lluvia,Humeda,Plano,Media Ladera Derecha,Recta,Parcial con reducción de carriles,0,0,0,0,1.0,Choque,maniobras imprudentes,2505_2_24,7.0,17.0
Valle del Cauca,2018-02-01 19:11:00,24,645.0,2017-03-03 05:00:00,viernes,20,Normal,Seca y limpia,Plano,Terraplen,Recta,Parcial con reducción de carriles,0,0,0,0,1.0,Choque,adelantamientos indebidos,2505_2_24,10.0,14.0
Valle del Cauca,2018-02-01 19:05:00,24,645.0,2017-03-01 05:00:00,miercoles,20,Normal,Seca y limpia,Plano,Terraplen,Recta,Parcial con reducción de carriles,0,0,1,0,1.0,Choque,desobediencia a normas y senales,2505_2_24,10.0,14.0
Valle del Cauca,2018-01-09 17:15:00,21,0.0,2017-02-28 05:00:00,martes,45,Normal,Seca y limpia,Plano,Terraplen,Recta,Parcial con reducción de carriles,0,0,1,0,1.0,Choque,adelantamientos indebidos,2505_2_21,18.0,6.0
Valle del Cauca,2018-01-09 17:08:00,22,483.0,2017-02-26 05:00:00,domingo,0,Normal,Seca y limpia,Plano,Terraplen,Recta,Parcial con reducción de carriles,0,0,0,0,1.0,Choque,no mantener distancia de seguridad,2505_2_22,2.0,22.0
Valle del Cauca,2018-01-09 16:45:00,20,816.0,2017-02-07 05:00:00,martes,45,Normal,Seca y limpia,Plano,Terraplen,Recta,Parcial con reducción de carriles,0,0,0,0,1.0,Choque,no mantener distancia de seguridad,2505_2_20,5.0,19.0
Valle del Cauca,2018-01-09 16:41:00,20,898.0,2017-02-06 05:00:00,lunes,20,Normal,Seca y limpia,Plano,Terraplen,Recta,Parcial con reducción de carriles,0,0,2,0,1.0,Choque,no mantener distancia de seguridad,2505_2_20,12.0,12.0
Valle del Cauca,2018-01-09 16:36:00,24,405.0,2017-02-03 05:00:00,viernes,45,Normal,Seca y limpia,Plano,Terraplen,Recta,Parcial con reducción de carriles,0,0,0,0,1.0,Choque,no determinada,2505_2_24,0.0,0.0
Valle del Cauca,2017-12-27 21:09:00,24,165.0,2017-01-31 05:00:00,martes,30,Normal,Seca y limpia,Plano,Terraplen,Recta,Parcial con reducción de carriles,0,0,0,0,1.0,Choque,no determinada,2505_2_24,21.0,3.0
Valle del Cauca,2017-12-27 20:48:00,19,250.0,2017-01-23 05:00:00,lunes,50,Normal,Seca y limpia,Plano,Terraplen,Recta,Parcial con reducción de carriles,0,0,1,0,1.0,Choque,desobediencia a normas y senales,2505_2_19,15.0,9.0
Valle del Cauca,2017-12-27 20:43:00,24,527.0,2017-01-18 05:00:00,miercoles,10,Normal,Seca y limpia,Plano,Terraplen,Recta,Parcial con reducción de carriles,0,0,0,0,1.0,Choque,maniobras imprudentes,2505_2_24,8.0,16.0
Valle del Cauca,2017-12-27 20:35:00,20,890.0,2017-01-14 05:00:00,sabado,2,Normal,Seca y limpia,Plano,Terraplen,Recta,Parcial con reducción de carriles,0,0,0,0,1.0,Choque,no mantener distancia de seguridad,2505_2_20,11.0,13.0
Valle del Cauca,2017-12-27 20:29:00,22,962.0,2017-01-11 05:00:00,miercoles,0,Lluvia,Humeda,Plano,Terraplen,Recta,Parcial con reducción de carriles,0,0,0,0,1.0,Choque,no mantener distancia de seguridad,2505_2_22,15.0,9.0
Valle del Cauca,2017-12-27 20:24:00,24,740.0,2017-01-08 05:00:00,domingo,53,Normal,Seca y limpia,Plano,Terraplen,Recta,Parcial con reducción de carriles,0,0,0,0,1.0,Choque,no mantener distancia de seguridad,2505_2_24,11.0,13.0
Valle del Cauca,2017-12-12 19:57:00,24,530.0,2016-12-24 05:00:00,sabado,50,Normal,Seca y limpia,Plano,Terraplen,Recta,Parcial con reducción de carriles,0,0,2,0,1.0,Choque,desobediencia a normas y senales,2505_2_24,0.0,0.0
Valle del Cauca,2017-12-12 19:19:00,20,839.0,2016-12-18 05:00:00,domingo,45,Normal,Seca y limpia,Plano,Terraplen,Recta,Parcial con reducción de carriles,0,0,0,0,1.0,Choque,adelantamientos indebidos,2505_2_20,8.0,16.0
Valle del Cauca,2017-12-12 17:12:00,22,874.0,2016-12-02 05:00:00,viernes,0,Normal,Seca y limpia,Plano,Terraplen,Recta,Parcial con reducción de carriles,0,0,0,0,1.0,Choque,maniobras imprudentes,2505_2_22,17.0,7.0
Valle del Cauca,2017-12-12 17:07:00,20,850.0,2016-12-02 05:00:00,viernes,20,Normal,Seca y limpia,Plano,Terraplen,Recta,Parcial con reducción de carriles,0,0,0,0,1.0,Choque,adelantamientos indebidos,2505_2_20,12.0,12.0
Valle del Cauca,2018-04-26 15:24:00,87,600.0,2017-06-21 05:00:00,miercoles,50,Normal,Seca y limpia,Plano,Terraplen,Recta,Parcial con reducción de carriles,0,0,0,0,1.0,Choque,no determinada,3105_1_87,15.0,9.0
Valle del Cauca,2018-04-26 14:26:00,50,350.0,2017-06-24 05:00:00,sabado,50,Normal,Seca y limpia,Plano,Terraplen,Curva Izquierda,Parcial con reducción de carriles,0,0,1,1,1.0,Volcamiento,no determinada,3105_1_50,19.0,5.0
Valle del Cauca,2018-04-26 14:22:00,50,440.0,2017-06-21 05:00:00,miercoles,50,Normal,Seca y limpia,Plano,Terraplen,Curva Izquierda,Parcial con reducción de carriles,0,0,2,0,1.0,Choque,no mantener distancia de seguridad,3105_1_50,16.0,8.0
Valle del Cauca,2018-04-19 19:09:00,69,280.0,2018-03-15 05:00:00,jueves,30,Normal,Humeda,Plano,Terraplen,Recta,Parcial con reducción de carriles,0,0,1,0,1.0,Atropello,no determinada,3105_1_69,9.0,15.0
Valle del Cauca,2018-04-19 19:04:00,69,880.0,2018-03-14 05:00:00,miercoles,30,Normal,Seca y limpia,Plano,Terraplen,Recta,Parcial con reducción de carriles,0,0,2,0,1.0,Choque,conducta de pasajeros,3105_1_69,13.0,11.0
Valle del Cauca,2018-04-19 18:58:00,69,80.0,2018-03-10 05:00:00,sabado,30,Normal,Seca y limpia,Plano,Terraplen,Recta,Parcial con reducción de carriles,0,0,1,0,1.0,Choque,no determinada,3105_1_69,3.0,21.0
Valle del Cauca,2018-04-19 18:46:00,69,103.0,2018-03-08 05:00:00,jueves,45,Normal,Seca y limpia,Plano,Terraplen,Recta,Parcial con reducción de carriles,0,0,1,0,1.0,Choque,no determinada,3105_1_69,13.0,11.0
Valle del Cauca,2018-04-19 18:43:00,73,700.0,2018-03-07 05:00:00,miercoles,20,Normal,Seca y limpia,Plano,Terraplen,Recta,Parcial con reducción de carriles,0,0,0,1,1.0,Atropello,no determinada,3105_1_73,0.0,0.0
Valle del Cauca,2018-04-19 18:35:00,53,645.0,2018-03-04 05:00:00,domingo,40,Normal,Seca y limpia,Plano,Terraplen,Recta,Parcial con reducción de carriles,0,0,0,1,1.0,Volcamiento,no determinada,3105_1_53,9.0,15.0
Valle del Cauca,2018-04-09 14:34:00,84,616.0,2017-05-16 05:00:00,martes,30,Normal,Seca y limpia,Plano,Terraplen,Recta,Parcial con reducción de carriles,0,0,0,0,1.0,Choque,no determinada,3105_1_84,15.0,9.0
Valle del Cauca,2018-04-09 14:01:00,77,760.0,2017-05-07 05:00:00,domingo,50,Lluvia,Humeda,Plano,Terraplen,Recta,Parcial con reducción de carriles,0,0,0,0,1.0,Choque,no determinada,3105_1_77,23.0,1.0
Valle del Cauca,2018-04-09 13:57:00,73,200.0,2017-05-18 05:00:00,jueves,0,Normal,Seca y limpia,Plano,Terraplen,Recta,Parcial con reducción de carriles,0,0,2,0,1.0,Choque,no determinada,3105_1_73,7.0,17.0
Valle del Cauca,2018-04-09 13:47:00,53,136.0,2017-05-22 05:00:00,lunes,25,Normal,Seca y limpia,Plano,Terraplen,Recta,Parcial con reducción de carriles,0,0,2,0,1.0,Choque,no determinada,3105_1_53,10.0,14.0
Valle del Cauca,2018-03-26 21:24:00,86,267.0,2017-05-21 05:00:00,domingo,50,Lluvia,Humeda,Plano,Terraplen,Recta,Parcial con reducción de carriles,0,0,3,0,1.0,Choque,no determinada,3105_1_86,18.0,6.0
Valle del Cauca,2018-03-12 19:29:00,50,300.0,2018-01-31 05:00:00,miercoles,50,Normal,Seca y limpia,Plano,Terraplen,Curva Izquierda,Parcial con reducción de carriles,0,0,2,0,1.0,Choque,conducta de peatones,3105_1_50,17.0,7.0
Valle del Cauca,2018-03-12 17:08:00,87,158.0,2017-04-24 05:00:00,lunes,30,Normal,Seca y limpia,Plano,Terraplen,Recta,Parcial con reducción de carriles,0,0,0,0,1.0,Choque,no determinada,3105_1_87,4.0,20.0
Valle del Cauca,2018-03-12 16:55:00,86,290.0,2017-04-17 05:00:00,lunes,0,Lluvia,Humeda,Plano,Terraplen,Recta,Parcial con reducción de carriles,0,0,1,0,1.0,Choque,no determinada,3105_1_86,19.0,5.0
Valle del Cauca,2018-03-12 16:49:00,87,620.0,2017-04-10 05:00:00,lunes,20,Normal,Seca y limpia,Plano,Terraplen,Recta,Parcial con reducción de carriles,0,0,0,0,1.0,Choque,desobediencia a normas y senales,3105_1_87,1.0,23.0
Valle del Cauca,2018-03-12 16:45:00,84,310.0,2017-04-05 05:00:00,miercoles,35,Normal,Seca y limpia,Plano,Terraplen,Recta,Parcial con reducción de carriles,0,0,2,0,1.0,Choque,desobediencia a normas y senales,3105_1_84,15.0,9.0
Valle del Cauca,2018-03-12 16:22:00,69,870.0,2017-04-17 05:00:00,lunes,15,Normal,Seca y limpia,Plano,Terraplen,Recta,Parcial con reducción de carriles,0,0,1,0,1.0,Choque,desobediencia a normas y senales,3105_1_69,16.0,8.0
Valle del Cauca,2018-03-12 16:14:00,69,542.0,2017-04-05 05:00:00,miercoles,25,Normal,Seca y limpia,Plano,Terraplen,Recta,Parcial con reducción de carriles,0,0,1,0,1.0,Choque,no mantener distancia de seguridad,3105_1_69,12.0,12.0
Valle del Cauca,2018-01-09 18:49:00,87,874.0,2017-02-12 05:00:00,domingo,30,Normal,Seca y limpia,Plano,Terraplen,Recta,Parcial con reducción de carriles,0,0,0,0,1.0,Choque,no mantener distancia de seguridad,3105_1_87,12.0,12.0
Valle del Cauca,2017-12-27 20:04:00,87,180.0,2017-01-28 05:00:00,sabado,0,Normal,Seca y limpia,Plano,Terraplen,Recta,Parcial con reducción de carriles,0,0,0,0,1.0,Choque,desobediencia a normas y senales,3105_1_87,6.0,18.0
Valle del Cauca,2017-12-13 21:16:00,87,300.0,2016-12-03 05:00:00,sabado,0,Normal,Seca y limpia,Plano,Terraplen,Recta,Parcial con reducción de carriles,0,0,2,0,1.0,Volcamiento,embriaguez o sustancias alucinogenas,3105_1_87,18.0,6.0
Valle del Cauca,2018-04-26 15:22:00,80,170.0,2017-06-17 05:00:00,sabado,30,Normal,Seca y limpia,Plano,Terraplen,Recta,Parcial con reducción de carriles,0,0,2,0,1.0,Choque,embriaguez o sustancias alucinogenas,3105_2_80,15.0,9.0
Valle del Cauca,2018-04-26 15:15:00,85,970.0,2017-06-14 05:00:00,miercoles,30,Normal,Seca y limpia,Plano,Terraplen,Recta,Parcial con reducción de carriles,0,0,0,0,1.0,Choque,no mantener distancia de seguridad,3105_2_85,4.0,20.0
Valle del Cauca,2018-04-26 15:18:00,85,960.0,2017-06-16 05:00:00,viernes,0,Normal,Seca y limpia,Plano,Terraplen,Recta,Parcial con reducción de carriles,0,0,1,0,1.0,Choque,desobediencia a normas y senales,3105_2_85,12.0,12.0
Valle del Cauca,2018-04-26 14:44:00,87,195.0,2017-06-14 05:00:00,miercoles,24,Normal,Seca y limpia,Plano,Terraplen,Recta,Parcial con reducción de carriles,0,0,0,0,1.0,Choque,no mantener distancia de seguridad,3105_2_87,18.0,6.0
Valle del Cauca,2018-04-26 14:34:00,78,418.0,2017-06-10 05:00:00,sabado,0,Normal,Seca y limpia,Plano,Terraplen,Curva Izquierda,Parcial con reducción de carriles,0,0,2,0,1.0,Choque,maniobras imprudentes,3105_2_78,16.0,8.0
Valle del Cauca,2018-04-26 14:31:00,85,105.0,2017-06-01 05:00:00,jueves,30,Normal,Seca y limpia,Plano,Terraplen,Recta,Parcial con reducción de carriles,0,0,1,0,1.0,Choque,desobediencia a normas y senales,3105_2_85,20.0,4.0
Valle del Cauca,2018-04-26 14:19:00,55,300.0,2017-06-13 05:00:00,martes,15,Normal,Seca y limpia,Plano,Terraplen,Recta,Parcial con reducción de carriles,0,0,1,0,1.0,Atropello,conducta de peatones,3105_2_55,8.0,16.0
Valle del Cauca,2018-04-19 19:07:00,70,556.0,2018-03-15 05:00:00,jueves,50,Normal,Seca y limpia,Plano,Terraplen,Recta,Parcial con reducción de carriles,0,0,1,0,1.0,Choque,maniobras imprudentes,3105_2_70,20.0,4.0
Valle del Cauca,2018-04-19 19:07:00,70,556.0,2018-03-15 05:00:00,jueves,50,Normal,Seca y limpia,Plano,Terraplen,Recta,Parcial con reducción de carriles,0,0,1,0,1.0,Choque,maniobras imprudentes,3105_2_70,0.0,0.0
Valle del Cauca,2018-04-19 19:00:00,68,894.0,2018-03-11 05:00:00,domingo,38,Normal,Seca y limpia,Plano,Terraplen,Recta,Parcial con reducción de carriles,0,0,2,0,1.0,Atropello,no determinada,3105_2_68,6.0,18.0
Valle del Cauca,2018-04-19 18:55:00,76,119.0,2018-03-09 05:00:00,viernes,0,Normal,Seca y limpia,Plano,Terraplen,Recta,Parcial con reducción de carriles,0,0,1,0,1.0,Choque,no determinada,3105_2_76,12.0,12.0
Valle del Cauca,2018-04-19 18:50:00,71,545.0,2018-03-09 05:00:00,viernes,30,Normal,Seca y limpia,Plano,Terraplen,Recta,Parcial con reducción de carriles,0,0,2,1,1.0,Choque,no determinada,3105_2_71,9.0,15.0
Valle del Cauca,2018-04-19 18:41:00,70,197.0,2018-03-04 05:00:00,domingo,15,Normal,Seca y limpia,Plano,Terraplen,Recta,Parcial con reducción de carriles,0,0,2,0,1.0,Choque,no determinada,3105_2_70,14.0,10.0
Valle del Cauca,2018-04-19 18:37:00,54,660.0,2018-03-24 05:00:00,sabado,45,Lluvia,Humeda,Plano,Terraplen,Recta,Parcial con reducción de carriles,0,0,1,0,1.0,Choque,no determinada,3105_2_54,10.0,14.0
Valle del Cauca,2018-04-09 14:57:00,82,940.0,2017-05-30 05:00:00,martes,30,Normal,Seca y limpia,Plano,Terraplen,Recta,Parcial con reducción de carriles,0,0,0,0,1.0,Choque,no mantener distancia de seguridad,3105_2_82,17.0,7.0
Valle del Cauca,2018-04-09 14:53:00,78,418.0,2017-05-17 05:00:00,miercoles,30,Lluvia,Humeda,Plano,Terraplen,Curva Derecha,Parcial con reducción de carriles,0,0,1,0,1.0,Choque,adelantamientos indebidos,3105_2_78,21.0,3.0
Valle del Cauca,2018-04-09 14:28:00,85,115.0,2017-05-14 05:00:00,domingo,20,Lluvia,Humeda,Plano,Terraplen,Recta,Parcial con reducción de carriles,0,0,1,0,1.0,Choque,no determinada,3105_2_85,19.0,5.0
Valle del Cauca,2018-04-09 14:24:00,85,330.0,2017-05-09 05:00:00,martes,30,Normal,Seca y limpia,Plano,Terraplen,Recta,Parcial con reducción de carriles,0,0,1,0,1.0,Choque,desobediencia a normas y senales,3105_2_85,14.0,10.0
Valle del Cauca,2018-04-09 14:07:00,85,410.0,2017-05-07 05:00:00,domingo,50,Normal,Seca y limpia,Plano,Terraplen,Recta,Parcial con reducción de carriles,0,0,1,0,1.0,Atropello,conducta de peatones,3105_2_85,1.0,23.0
Valle del Cauca,2018-04-09 13:51:00,68,660.0,2017-05-13 05:00:00,sabado,0,Normal,Seca y limpia,Plano,Terraplen,Recta,Parcial con reducción de carriles,0,0,2,0,1.0,Atropello,conducta de pasajeros,3105_2_68,16.0,8.0
Quindío,2017-06-28 19:03:00,10,900.0,2017-03-10 05:00:00,viernes,0,Lluvia,Humeda,Montañoso,Media ladera Izquierda,Curva Izquierda,Cierre total,0,40,0,0,1.0,Choque,no determinada,4003_1_10,8.0,16.0
Valle del Cauca,2018-03-26 20:53:00,87,195.0,2017-05-07 05:00:00,domingo,20,Normal,Seca y limpia,Plano,Terraplen,Recta,Parcial con reducción de carriles,0,0,0,0,1.0,Choque,no determinada,3105_2_87,4.0,20.0
Valle del Cauca,2018-03-12 19:26:00,59,970.0,2018-01-13 05:00:00,sabado,10,Lluvia,Humeda,Plano,Terraplen,Curva Derecha,Parcial con reducción de carriles,0,0,0,0,1.0,Choque,no mantener distancia de seguridad,3105_2_59,11.0,13.0
Valle del Cauca,2018-03-12 19:15:00,55,65.0,2018-01-04 05:00:00,jueves,15,Normal,Seca y limpia,Plano,Terraplen,Recta,Parcial con reducción de carriles,0,0,1,0,1.0,Choque,no mantener distancia de seguridad,3105_2_55,10.0,14.0
Valle del Cauca,2018-03-12 17:05:00,78,518.0,2017-04-22 05:00:00,sabado,0,Normal,Seca y limpia,Plano,Terraplen,Curva Derecha,Parcial con reducción de carriles,0,0,0,0,1.0,Choque,no determinada,3105_2_78,13.0,11.0