territorial,fecha_registro,pr,distancia_pr,fecha_acc,dia_semana_acc,min_acc,condic_meteor,estado_super,terreno,secc_tip,geometria_acc,tipo_cierre,horas_cierre,min_cierre,n_heridos,n_muertos,n_victimas,clase_accidente,causa_posible,ref_loc,hora_acc,duracion_cierre_horas
Valle del Cauca,2018-03-12 16:59:00,82,30.0,2017-04-22 05:00:00,sabado,35,Normal,Seca y limpia,Plano,Terraplen,Recta,Parcial con reducción de carriles,0,0,0,0,1.0,Choque,embriaguez o sustancias alucinogenas,3105_2_82,5.0,19.0
Valle del Cauca,2018-03-12 16:47:00,85,881.0,2017-04-10 05:00:00,lunes,20,Normal,Seca y limpia,Plano,Terraplen,Recta,Parcial con reducción de carriles,0,0,1,0,1.0,Atropello,no determinada,3105_2_85,6.0,18.0
Valle del Cauca,2018-03-12 16:41:00,85,965.0,2017-04-04 05:00:00,martes,15,Normal,Seca y limpia,Plano,Terraplen,Recta,Parcial con reducción de carriles,0,0,1,0,1.0,Choque,no determinada,3105_2_85,13.0,11.0
Valle del Cauca,2018-03-12 16:37:00,87,170.0,2017-04-02 05:00:00,domingo,40,Normal,Seca y limpia,Plano,Terraplen,Recta,Parcial con reducción de carriles,0,0,0,0,1.0,Choque,no determinada,3105_2_87,1.0,23.0
Valle del Cauca,2018-03-12 16:32:00,71,30.0,2017-04-28 05:00:00,viernes,20,Normal,Seca y limpia,Plano,Terraplen,Recta,Parcial con reducción de carriles,0,0,3,0,1.0,Choque,no determinada,3105_2_71,12.0,12.0
Valle del Cauca,2018-03-12 16:18:00,68,790.0,2017-04-12 05:00:00,miercoles,10,Normal,Seca y limpia,Plano,Terraplen,Recta,Parcial con reducción de carriles,0,0,2,0,1.0,Choque,no determinada,3105_2_68,11.0,13.0
Valle del Cauca,2018-03-12 16:10:00,68,790.0,2017-04-02 05:00:00,domingo,0,Normal,Seca y limpia,Plano,Terraplen,Recta,Parcial con reducción de carriles,0,0,1,0,1.0,Caída ocupante,condiciones de la via y factores ambientales,3105_2_68,10.0,14.0
Valle del Cauca,2018-02-14 20:10:00,62,420.0,2017-12-13 05:00:00,miercoles,40,Normal,Seca y limpia,Plano,Terraplen,Recta,Parcial con reducción de carriles,0,0,20,0,1.0,Volcamiento,no determinada,3105_2_62,8.0,16.0
Valle del Cauca,2018-02-14 20:00:00,70,225.0,2017-12-02 05:00:00,sabado,20,Normal,Seca y limpia,Plano,Terraplen,Recta,Parcial con reducción de carriles,0,0,1,0,1.0,Choque,no determinada,3105_2_70,19.0,5.0
Valle del Cauca,2018-02-14 19:54:00,56,880.0,2017-12-28 05:00:00,jueves,30,Lluvia,Humeda,Plano,Terraplen,Recta,Parcial con reducción de carriles,0,0,0,0,1.0,Salida de la vía sin volcarse,no determinada,3105_2_56,3.0,21.0
Valle del Cauca,2018-02-14 19:48:00,59,350.0,2017-12-22 05:00:00,viernes,45,Normal,Seca y limpia,Plano,Terraplen,Recta,Parcial con reducción de carriles,0,0,3,0,1.0,Choque,no determinada,3105_2_59,22.0,2.0
Valle del Cauca,2018-02-14 20:07:00,62,312.0,2017-12-08 05:00:00,viernes,30,Normal,Seca y limpia,Plano,Terraplen,Recta,Parcial con reducción de carriles,0,0,1,0,1.0,Caída ocupante,no determinada,3105_2_62,6.0,18.0
Valle del Cauca,2018-02-14 19:40:00,59,707.0,2017-12-19 05:00:00,martes,22,Normal,Seca y limpia,Plano,Terraplen,Recta,Parcial con reducción de carriles,0,0,0,0,1.0,Choque,adelantamientos indebidos,3105_2_59,22.0,2.0
Valle del Cauca,2018-01-24 19:01:00,84,520.0,2017-03-30 05:00:00,jueves,40,Normal,Seca y limpia,Plano,Terraplen,Recta,Parcial con reducción de carriles,0,0,2,0,1.0,Choque,no determinada,3105_2_84,7.0,17.0
Valle del Cauca,2018-01-24 18:44:00,78,839.0,2017-03-27 05:00:00,lunes,30,Normal,Seca y limpia,Plano,Terraplen,Recta,Parcial con reducción de carriles,0,0,1,0,1.0,Choque,no determinada,3105_2_78,13.0,11.0
Valle del Cauca,2018-01-24 18:41:00,83,832.0,2017-03-21 05:00:00,martes,50,Normal,Seca y limpia,Plano,Terraplen,Curva Derecha,Parcial con reducción de carriles,0,0,0,0,1.0,Choque,no mantener distancia de seguridad,3105_2_83,13.0,11.0
Valle del Cauca,2018-01-24 18:38:00,85,640.0,2017-03-18 05:00:00,sabado,10,Normal,Seca y limpia,Plano,Terraplen,Recta,Parcial con reducción de carriles,0,0,0,0,1.0,Choque,no determinada,3105_2_85,17.0,7.0
Valle del Cauca,2018-01-24 18:31:00,87,360.0,2017-03-14 05:00:00,martes,0,Normal,Seca y limpia,Plano,Terraplen,Recta,Parcial con reducción de carriles,0,0,1,0,1.0,Choque,no determinada,3105_2_87,15.0,9.0
Valle del Cauca,2018-01-24 18:27:00,87,360.0,2017-03-07 05:00:00,martes,55,Normal,Seca y limpia,Plano,Terraplen,Recta,Parcial con reducción de carriles,0,0,0,0,1.0,Choque,condiciones de la via y factores ambientales,3105_2_87,8.0,16.0
Valle del Cauca,2018-01-24 18:15:00,85,90.0,2017-03-05 05:00:00,domingo,40,Normal,Seca y limpia,Plano,Terraplen,Recta,Parcial con reducción de carriles,0,0,0,0,1.0,Choque,desobediencia a normas y senales,3105_2_85,19.0,5.0
Valle del Cauca,2018-01-24 18:06:00,84,325.0,2017-03-04 05:00:00,sabado,50,Normal,Seca y limpia,Plano,Terraplen,Recta,Parcial con reducción de carriles,0,0,1,0,1.0,Choque,no determinada,3105_2_84,19.0,5.0
Valle del Cauca,2018-01-09 19:28:00,78,418.0,2017-02-25 05:00:00,sabado,50,Lluvia,Humeda,Plano,Terraplen,Recta,Parcial con reducción de carriles,0,0,0,0,1.0,Choque,no determinada,3105_2_78,21.0,3.0
Valle del Cauca,2018-01-09 19:17:00,85,965.0,2017-02-24 05:00:00,viernes,30,Normal,Seca y limpia,Plano,Terraplen,Recta,Parcial con reducción de carriles,0,0,1,0,1.0,Choque,desobediencia a normas y senales,3105_2_85,4.0,20.0
Valle del Cauca,2018-01-09 19:09:00,85,910.0,2017-02-17 05:00:00,viernes,30,Normal,Seca y limpia,Plano,Terraplen,Recta,Parcial con reducción de carriles,0,0,0,0,1.0,Choque,no determinada,3105_2_85,20.0,4.0
Valle del Cauca,2018-01-09 18:56:00,87,270.0,2017-02-13 05:00:00,lunes,30,Normal,Seca y limpia,Plano,Terraplen,Recta,Parcial con reducción de carriles,0,0,0,0,1.0,Choque,no determinada,3105_2_87,12.0,12.0
Valle del Cauca,2018-01-09 18:42:00,85,839.0,2017-02-09 05:00:00,jueves,30,Normal,Seca y limpia,Plano,Terraplen,Recta,Parcial con reducción de carriles,0,0,2,0,1.0,Choque,no mantener distancia de seguridad,3105_2_85,21.0,3.0
Valle del Cauca,2017-12-27 19:59:00,86,292.0,2017-01-20 05:00:00,viernes,30,Normal,Seca y limpia,Plano,Terraplen,Recta,Parcial con reducción de carriles,0,0,0,0,1.0,Choque,maniobras imprudentes,3105_2_86,4.0,20.0
Valle del Cauca,2017-12-27 19:56:00,78,488.0,2017-01-15 05:00:00,domingo,40,Normal,Seca y limpia,Plano,Terraplen,Recta,Parcial con reducción de carriles,0,0,1,0,1.0,Choque,no mantener distancia de seguridad,3105_2_78,6.0,18.0
Valle del Cauca,2017-12-27 19:46:00,84,690.0,2017-01-13 05:00:00,viernes,20,Normal,Seca y limpia,Plano,Terraplen,Recta,Parcial con reducción de carriles,0,0,1,0,1.0,Choque,no mantener distancia de seguridad,3105_2_84,18.0,6.0
Valle del Cauca,2017-12-27 19:42:00,85,60.0,2017-01-12 05:00:00,jueves,30,Normal,Seca y limpia,Plano,Terraplen,Recta,Parcial con reducción de carriles,0,0,3,0,1.0,Choque,desobediencia a normas y senales,3105_2_85,13.0,11.0
Valle del Cauca,2017-12-27 19:37:00,85,34.0,2017-01-06 05:00:00,viernes,10,Normal,Seca y limpia,Plano,Terraplen,Recta,Parcial con reducción de carriles,0,0,2,0,1.0,Choque,no determinada,3105_2_85,6.0,18.0
Valle del Cauca,2017-12-27 19:29:00,77,480.0,2017-01-03 05:00:00,martes,30,Normal,Seca y limpia,Plano,Terraplen,Recta,Parcial con reducción de carriles,0,0,2,0,1.0,Choque,no determinada,3105_2_77,17.0,7.0
Valle del Cauca,2017-12-27 19:25:00,71,400.0,2017-01-31 05:00:00,martes,15,Normal,Seca y limpia,Plano,Terraplen,Recta,Parcial con reducción de carriles,0,0,1,0,1.0,Volcamiento,no determinada,3105_2_71,23.0,1.0
Valle del Cauca,2017-12-27 19:20:00,75,550.0,2017-01-26 05:00:00,jueves,30,Normal,Seca y limpia,Plano,Terraplen,Recta,Parcial con reducción de carriles,0,0,1,0,1.0,Volcamiento,no determinada,3105_2_75,5.0,19.0
Valle del Cauca,2017-12-27 19:13:00,72,53.0,2017-01-20 05:00:00,viernes,0,Normal,Seca y limpia,Plano,Terraplen,Recta,Parcial con reducción de carriles,0,0,2,0,1.0,Caída ocupante,no determinada,3105_2_72,4.0,20.0
Valle del Cauca,2017-12-27 19:09:00,75,600.0,2017-01-11 05:00:00,miercoles,20,Normal,Seca y limpia,Plano,Terraplen,Recta,Parcial con reducción de carriles,0,0,1,0,1.0,Choque,no determinada,3105_2_75,3.0,21.0
Valle del Cauca,2017-12-27 19:05:00,72,650.0,2017-01-07 05:00:00,sabado,45,Normal,Seca y limpia,Plano,Terraplen,Recta,Parcial con reducción de carriles,0,0,2,0,1.0,Caída de piedra,no determinada,3105_2_72,13.0,11.0
Valle del Cauca,2017-12-27 18:52:00,63,400.0,2017-01-01 05:00:00,domingo,50,Normal,Seca y limpia,Plano,Terraplen,Curva Derecha,Parcial con reducción de carriles,0,0,3,0,1.0,Volcamiento,no determinada,3105_2_63,20.0,4.0
Valle del Cauca,2017-12-13 21:50:00,79,560.0,2016-12-29 05:00:00,jueves,50,Normal,Seca y limpia,Plano,Terraplen,Recta,Parcial con reducción de carriles,0,0,1,0,1.0,Choque,maniobras imprudentes,3105_2_79,7.0,17.0
Valle del Cauca,2017-12-13 21:45:00,86,193.0,2016-12-25 05:00:00,domingo,0,Normal,Seca y limpia,Plano,Terraplen,Recta,Parcial con reducción de carriles,0,0,1,0,1.0,Choque,no determinada,3105_2_86,7.0,17.0
Valle del Cauca,2017-12-13 21:40:00,85,710.0,2016-12-18 05:00:00,domingo,40,Normal,Seca y limpia,Plano,Terraplen,Curva Izquierda,Parcial con reducción de carriles,0,0,1,0,1.0,Choque,embriaguez o sustancias alucinogenas,3105_2_85,21.0,3.0
Valle del Cauca,2017-12-13 21:31:00,86,260.0,2016-12-17 05:00:00,sabado,30,Normal,Seca y limpia,Plano,Terraplen,Recta,Parcial con reducción de carriles,0,0,2,0,1.0,Choque,no determinada,3105_2_86,7.0,17.0
Valle del Cauca,2017-12-13 21:23:00,87,853.0,2016-12-17 05:00:00,sabado,30,Normal,Seca y limpia,Plano,Terraplen,Recta,Parcial con reducción de carriles,0,0,0,0,1.0,Choque,desobediencia a normas y senales,3105_2_87,15.0,9.0
Valle del Cauca,2017-12-13 21:20:00,87,610.0,2016-12-06 05:00:00,martes,30,Normal,Seca y limpia,Plano,Terraplen,Recta,Parcial con reducción de carriles,0,0,0,0,1.0,Choque,condiciones de la via y factores ambientales,3105_2_87,14.0,10.0
Valle del Cauca,2017-12-13 21:12:00,83,38.0,2016-12-02 05:00:00,viernes,20,Normal,Seca y limpia,Plano,Terraplen,Recta,Parcial con reducción de carriles,0,0,0,0,1.0,Choque,desobediencia a normas y senales,3105_2_83,5.0,19.0
Valle del Cauca,2017-12-13 21:07:00,68,870.0,2016-12-25 05:00:00,domingo,0,Normal,Seca y limpia,Plano,Terraplen,Recta,Parcial con reducción de carriles,0,0,2,0,1.0,Volcamiento,condiciones de la via y factores ambientales,3105_2_68,16.0,8.0
Valle del Cauca,2017-12-13 21:00:00,72,200.0,2016-12-24 05:00:00,sabado,15,Normal,Seca y limpia,Plano,Terraplen,Recta,Parcial con reducción de carriles,0,0,2,0,1.0,Volcamiento,condiciones de la via y factores ambientales,3105_2_72,8.0,16.0
Valle del Cauca,2017-12-13 20:57:00,72,200.0,2016-12-22 05:00:00,jueves,10,Normal,Lodo,Plano,Terraplen,Recta,Parcial con reducción de carriles,0,0,2,0,1.0,Atropello,no determinada,3105_2_72,18.0,6.0
Valle del Cauca,2017-12-13 20:46:00,68,660.0,2016-12-20 05:00:00,martes,55,Normal,Seca y limpia,Plano,Terraplen,Recta,Parcial con reducción de carriles,0,0,2,0,1.0,Choque,desobediencia a normas y senales,3105_2_68,5.0,19.0
Valle del Cauca,2017-12-13 20:43:00,69,600.0,2016-12-17 05:00:00,sabado,0,Normal,Seca y limpia,Plano,Terraplen,Recta,Parcial con reducción de carriles,0,0,1,0,1.0,Choque,no determinada,3105_2_69,9.0,15.0
Valle del Cauca,2017-12-13 20:37:00,58,88.0,2016-12-10 05:00:00,sabado,17,Normal,Seca y limpia,Plano,Terraplen,Recta,Parcial con reducción de carriles,0,0,0,0,1.0,Choque,no mantener distancia de seguridad,3105_2_58,23.0,1.0
Valle del Cauca,2017-12-13 20:33:00,69,375.0,2016-12-03 05:00:00,sabado,15,Normal,Seca y limpia,Plano,Terraplen,Recta,Parcial con reducción de carriles,0,0,1,0,1.0,Volcamiento,no determinada,3105_2_69,16.0,8.0
Valle del Cauca,2017-12-13 20:25:00,69,0.0,2016-12-02 05:00:00,viernes,10,Normal,Seca y limpia,Plano,Terraplen,Recta,Parcial con reducción de carriles,0,0,1,0,1.0,Choque,maniobras imprudentes,3105_2_69,7.0,17.0
Valle del Cauca,2017-12-13 20:20:00,68,760.0,2016-12-01 05:00:00,jueves,30,Normal,Seca y limpia,Plano,Terraplen,Recta,Parcial con reducción de carriles,0,0,1,0,1.0,Volcamiento,condiciones de la via y factores ambientales,3105_2_68,6.0,18.0
Valle del Cauca,2017-05-10 20:48:00,68,420.0,2017-03-01 05:00:00,miercoles,40,Normal,Seca y limpia,Plano,Terraplen,Curva Derecha,Parcial con reducción de carriles,0,0,2,0,1.0,Choque,maniobras imprudentes,3105_2_68,14.0,10.0
Valle del Cauca,2017-05-10 20:45:00,71,250.0,2017-03-01 05:00:00,miercoles,28,Normal,Seca y limpia,Plano,Terraplen,Recta,Parcial con reducción de carriles,0,0,1,0,1.0,Atropello,no determinada,3105_2_71,14.0,10.0
Valle del Cauca,2017-05-10 20:43:00,69,90.0,2017-03-07 05:00:00,martes,45,Normal,Seca y limpia,Plano,Terraplen,Recta,Parcial con reducción de carriles,0,0,2,0,1.0,Caída ocupante,condiciones de la via y factores ambientales,3105_2_69,2.0,22.0
Valle del Cauca,2017-05-10 20:40:00,63,400.0,2017-03-17 05:00:00,viernes,30,Normal,Seca y limpia,Plano,Terraplen,Recta,Parcial con reducción de carriles,0,0,2,0,1.0,Choque,no determinada,3105_2_63,4.0,20.0
Valle del Cauca,2017-05-09 17:50:00,68,760.0,2016-12-01 05:00:00,jueves,30,Normal,Seca y limpia,Plano,Terraplen,Recta,Parcial con reducción de carriles,0,0,1,0,1.0,Volcamiento,condiciones de la via y factores ambientales,3105_2_68,16.0,8.0
Valle del Cauca,2017-05-09 17:48:00,69,0.0,2016-12-02 05:00:00,viernes,10,Normal,Seca y limpia,Plano,Terraplen,Recta,Parcial con reducción de carriles,0,0,1,0,1.0,Choque,maniobras imprudentes,3105_2_69,13.0,11.0
Valle del Cauca,2017-05-09 17:46:00,69,400.0,2016-12-03 05:00:00,sabado,15,Normal,Seca y limpia,Plano,Terraplen,Recta,Parcial con reducción de carriles,0,0,1,0,1.0,Volcamiento,imprudencia del conductor,3105_2_69,23.0,1.0
Valle del Cauca,2017-05-09 17:43:00,69,550.0,2016-12-17 05:00:00,sabado,0,Normal,Seca y limpia,Plano,Terraplen,Recta,Parcial con reducción de carriles,0,0,1,0,1.0,Choque,embriaguez o sustancias alucinogenas,3105_2_69,13.0,11.0
Valle del Cauca,2017-05-09 17:41:00,68,700.0,2016-12-20 05:00:00,martes,55,Normal,Seca y limpia,Plano,Terraplen,Recta,Parcial con reducción de carriles,0,0,2,0,1.0,Choque,desobediencia a normas y senales,3105_2_68,16.0,8.0
Valle del Cauca,2017-05-09 16:58:00,72,200.0,2016-12-22 05:00:00,jueves,10,Normal,Lodo,Plano,Terraplen,Recta,Parcial con reducción de carriles,0,0,2,0,1.0,Atropello,condiciones de la via y factores ambientales,3105_2_72,22.0,2.0
Valle del Cauca,2017-05-09 16:55:00,72,200.0,2016-12-24 05:00:00,sabado,0,Normal,Seca y limpia,Plano,Terraplen,Recta,Parcial con reducción de carriles,0,0,2,0,1.0,Volcamiento,maniobras imprudentes,3105_2_72,0.0,0.0
Valle del Cauca,2017-05-09 16:52:00,68,870.0,2017-01-07 05:00:00,sabado,45,Normal,Seca y limpia,Plano,Terraplen,Recta,Parcial con reducción de carriles,0,0,2,0,1.0,Volcamiento,condiciones de la via y factores ambientales,3105_2_68,17.0,7.0
Valle del Cauca,2017-05-09 16:49:00,73,200.0,2017-01-07 05:00:00,sabado,45,Normal,Seca y limpia,Plano,Terraplen,Recta,Parcial con reducción de carriles,0,0,1,0,1.0,Choque,condiciones de la via y factores ambientales,3105_2_73,22.0,2.0
Valle del Cauca,2017-05-09 16:46:00,75,300.0,2017-01-26 05:00:00,jueves,30,Normal,Seca y limpia,Plano,Terraplen,Recta,Parcial con reducción de carriles,0,0,1,0,1.0,Volcamiento,imprudencia del conductor,3105_2_75,10.0,14.0
Valle del Cauca,2017-05-09 16:38:00,71,200.0,2017-01-31 05:00:00,martes,15,Normal,Seca y limpia,Plano,Terraplen,Recta,Parcial con reducción de carriles,0,0,1,0,1.0,Volcamiento,condiciones de la via y factores ambientales,3105_2_71,10.0,14.0
Valle del Cauca,2017-05-09 16:36:00,69,130.0,2017-02-01 05:00:00,miercoles,20,Normal,Seca y limpia,Plano,Terraplen,Recta,Parcial con reducción de carriles,0,0,1,0,1.0,Volcamiento,no determinada,3105_2_69,14.0,10.0
Valle del Cauca,2017-05-09 16:33:00,70,400.0,2017-02-03 05:00:00,viernes,40,Normal,Seca y limpia,Plano,Terraplen,Recta,Parcial con reducción de carriles,0,0,1,0,1.0,Choque,imprudencia del conductor,3105_2_70,5.0,19.0
Valle del Cauca,2017-05-09 16:30:00,71,100.0,2017-02-11 05:00:00,sabado,0,Normal,Seca y limpia,Plano,Terraplen,Recta,Parcial con reducción de carriles,0,0,1,0,1.0,Volcamiento,exceso en horas de conduccion,3105_2_71,10.0,14.0
Valle del Cauca,2017-05-09 16:27:00,67,0.0,2017-02-11 05:00:00,sabado,10,Normal,Seca y limpia,Plano,Terraplen,Recta,Parcial con reducción de carriles,0,0,1,0,1.0,Atropello,conducta de peatones,3105_2_67,22.0,2.0
Valle del Cauca,2017-05-09 16:25:00,69,200.0,2017-02-24 05:00:00,viernes,50,Normal,Seca y limpia,Plano,Terraplen,Recta,Parcial con reducción de carriles,0,0,2,0,1.0,Choque,condiciones de la via y factores ambientales,3105_2_69,10.0,14.0
Valle del Cauca,2018-04-25 15:04:00,34,800.0,2018-02-14 05:00:00,miercoles,0,Normal,Seca y limpia,Montañoso,Media ladera Izquierda,Recta,Transito normal con precaución,7,40,0,0,1.0,Choque,no determinada,4001_1_34,22.0,9.0
Valle del Cauca,2018-04-25 14:58:00,52,100.0,2018-02-12 05:00:00,lunes,10,Normal,Seca y limpia,Montañoso,Media ladera Izquierda,Curva Izquierda,Transito normal con precaución,9,25,0,0,1.0,Choque,no determinada,4001_1_52,12.0,21.0
Valle del Cauca,2018-04-25 14:55:00,36,950.0,2018-02-12 05:00:00,lunes,10,Normal,Seca y limpia,Montañoso,Media ladera Izquierda,Recta,Transito normal con precaución,13,14,0,0,1.0,Choque,no determinada,4001_1_36,14.0,23.0
Valle del Cauca,2018-01-09 19:26:00,52,300.0,2017-11-21 05:00:00,martes,30,Normal,Seca y limpia,Montañoso,Media ladera Izquierda,Recta,Transito normal con precaución,3,45,2,0,1.0,Choque,no determinada,4001_1_52,16.0,11.0
Valle del Cauca,2018-01-09 16:34:00,52,50.0,2017-11-04 05:00:00,sabado,10,Normal,Seca y limpia,Montañoso,Media ladera Izquierda,Recta,Transito normal con precaución,10,20,0,1,1.0,Choque,no determinada,4001_1_52,16.0,18.0
Valle del Cauca,2017-10-30 20:23:00,51,500.0,2017-09-08 05:00:00,viernes,50,Lluvia,Humeda,Montañoso,Media ladera Izquierda,Recta,Transito normal con precaución,0,0,0,0,1.0,Choque,no determinada,4001_1_51,15.0,9.0
Valle del Cauca,2017-10-05 21:19:00,52,276.0,2017-08-22 05:00:00,martes,40,Normal,Seca y limpia,Montañoso,Media ladera Izquierda,Recta,Transito normal con precaución,13,10,0,0,1.0,Incendio,no determinada,4001_1_52,11.0,2.0
Valle del Cauca,2017-07-12 13:19:00,51,700.0,2017-06-03 05:00:00,sabado,0,Normal,Seca y limpia,Montañoso,Media Ladera Derecha,Recta,Transito normal con precaución,16,20,0,0,1.0,Incendio,no determinada,4001_1_51,10.0,6.0
Valle del Cauca,2017-05-08 21:28:00,52,0.0,2017-04-10 05:00:00,lunes,35,Normal,Seca y limpia,Montañoso,Media Ladera Derecha,Recta,Transito normal con precaución,7,50,0,0,1.0,Choque,no determinada,4001_1_52,22.0,9.0
Valle del Cauca,2018-04-25 15:31:00,49,350.0,2018-04-24 05:00:00,martes,50,Normal,Seca y limpia,Montañoso,Media ladera Izquierda,Recta,Transito normal con precaución,8,5,1,0,1.0,Atropello,no determinada,4001_1_49,17.0,15.0
Valle del Cauca,2018-04-25 15:01:00,49,850.0,2018-02-13 05:00:00,martes,30,Normal,Seca y limpia,Montañoso,Media ladera Izquierda,Recta,Transito normal con precaución,13,33,2,0,1.0,Atropello,no determinada,4001_1_49,13.0,0.0
Valle del Cauca,2018-04-25 16:13:00,24,340.0,2018-03-07 05:00:00,miercoles,5,Lluvia,Humeda,Montañoso,Media Ladera Derecha,Curva Derecha,Transito normal con precaución,8,25,3,0,1.0,Choque,no determinada,4001_1_24,9.0,23.0
Valle del Cauca,2018-04-25 15:51:00,36,870.0,2018-02-28 05:00:00,miercoles,50,Normal,Seca y limpia,Montañoso,Media ladera Izquierda,Recta,Transito normal con precaución,21,20,0,0,1.0,Choque,no determinada,4001_1_36,7.0,14.0
Valle del Cauca,2018-04-25 15:18:00,54,93.0,2018-03-20 05:00:00,martes,10,Normal,Seca y limpia,Montañoso,Media ladera Izquierda,Recta,Transito normal con precaución,13,30,3,0,1.0,Choque,no determinada,4001_1_54,7.0,6.0
Valle del Cauca,2018-04-25 15:46:00,37,350.0,2018-02-27 05:00:00,martes,0,Lluvia,Humeda,Montañoso,Media ladera Izquierda,Curva Derecha,Transito normal con precaución,15,30,0,0,1.0,Choque,no determinada,4001_2_37,22.0,17.0
Valle del Cauca,2018-04-25 15:23:00,37,500.0,2018-02-21 05:00:00,miercoles,30,Lluvia,Humeda,Montañoso,Media ladera Izquierda,Curva Derecha,Transito normal con precaución,14,50,0,0,1.0,Volcamiento,no determinada,4001_2_37,1.0,13.0
Valle del Cauca,2018-04-25 15:13:00,30,0.0,2018-02-18 05:00:00,domingo,30,Lluvia,Humeda,Montañoso,Media ladera Izquierda,Recta,Transito normal con precaución,21,10,0,1,1.0,Atropello,no determinada,4001_2_30,8.0,13.0
Valle del Cauca,2018-04-25 14:52:00,62,50.0,2018-02-01 05:00:00,jueves,20,Normal,Seca y limpia,Montañoso,Media ladera Izquierda,Curva Derecha,Transito normal con precaución,23,30,0,0,1.0,Volcamiento,no determinada,4001_2_62,20.0,3.0
Valle del Cauca,2018-04-23 15:23:00,33,800.0,2018-02-01 05:00:00,jueves,30,Lluvia,Humeda,Montañoso,Media ladera Izquierda,Recta,Transito normal con precaución,17,0,0,0,1.0,Volcamiento,no determinada,4001_2_33,7.0,10.0
Valle del Cauca,2018-03-07 16:35:00,55,600.0,2018-01-27 05:00:00,sabado,0,Normal,Seca y limpia,Montañoso,Media Ladera Derecha,Recta,Transito normal con precaución,8,0,1,0,1.0,Choque,no determinada,4001_2_55,9.0,23.0
Valle del Cauca,2018-03-07 16:02:00,49,300.0,2018-01-15 05:00:00,lunes,20,Normal,Seca y limpia,Montañoso,Media Ladera Derecha,Recta,Transito normal con precaución,14,30,0,0,1.0,Choque,no determinada,4001_2_49,16.0,22.0
Valle del Cauca,2018-03-07 15:55:00,60,20.0,2018-01-09 05:00:00,martes,50,Normal,Seca y limpia,Montañoso,Media Ladera Derecha,Recta,Transito normal con precaución,15,0,0,0,1.0,Choque,no determinada,4001_2_60,11.0,4.0
Valle del Cauca,2018-03-07 15:49:00,24,100.0,2018-01-01 05:00:00,lunes,0,Normal,Seca y limpia,Montañoso,Media Ladera Derecha,Curva Izquierda,Transito normal con precaución,0,0,1,0,1.0,Choque,no determinada,4001_2_24,14.0,10.0
Valle del Cauca,2018-01-29 21:24:00,48,800.0,2017-12-28 05:00:00,jueves,0,Lluvia,Seca y limpia,Montañoso,Media ladera Izquierda,Recta,Transito normal con precaución,13,15,3,0,1.0,Volcamiento,no determinada,4001_2_48,20.0,17.0
Valle del Cauca,2018-01-29 21:18:00,62,0.0,2017-12-22 05:00:00,viernes,0,Normal,Seca y limpia,Montañoso,Media ladera Izquierda,Curva Derecha,Transito normal con precaución,16,30,0,0,1.0,Volcamiento,no determinada,4001_2_62,17.0,23.0
Valle del Cauca,2018-01-29 20:45:00,27,100.0,2017-12-22 05:00:00,viernes,0,Lluvia,Humeda,Montañoso,Media ladera Izquierda,Recta,Transito normal con precaución,18,26,0,0,1.0,Choque,no determinada,4001_2_27,1.0,17.0
Valle del Cauca,2018-01-29 20:40:00,29,250.0,2017-12-21 05:00:00,jueves,40,Normal,Seca y limpia,Montañoso,Media ladera Izquierda,Recta,Transito normal con precaución,16,0,0,0,1.0,Volcamiento,no determinada,4001_2_29,13.0,3.0
Valle del Cauca,2018-01-29 20:35:00,50,200.0,2017-12-18 05:00:00,lunes,50,Normal,Seca y limpia,Montañoso,Media ladera Izquierda,Curva Izquierda,Transito normal con precaución,14,0,0,0,1.0,Choque,no determinada,4001_2_50,15.0,23.0
Valle del Cauca,2018-01-29 20:32:00,24,500.0,2017-12-13 05:00:00,miercoles,20,Lluvia,Humeda,Montañoso,Media ladera Izquierda,Recta,Transito normal con precaución,16,40,7,0,1.0,Volcamiento,no determinada,4001_2_24,1.0,15.0
Valle del Cauca,2018-01-29 20:26:00,60,600.0,2017-12-11 05:00:00,lunes,0,Lluvia,Humeda,Montañoso,Media ladera Izquierda,Recta,Transito normal con precaución,8,30,0,0,1.0,Incendio,no determinada,4001_2_60,8.0,0.0
Valle del Cauca,2018-01-29 20:21:00,24,590.0,2017-12-07 05:00:00,jueves,10,Lluvia,Humeda,Montañoso,Media ladera Izquierda,Curva Derecha,Transito normal con precaución,16,20,1,0,1.0,Choque,no determinada,4001_2_24,0.0,16.0
Valle del Cauca,2018-01-29 20:10:00,41,800.0,2017-12-01 05:00:00,viernes,15,Lluvia,Humeda,Montañoso,Media ladera Izquierda,Recta,Transito normal con precaución,18,0,0,0,1.0,Choque,no determinada,4001_2_41,16.0,2.0
Valle del Cauca,2018-01-09 19:34:00,62,50.0,2017-11-23 05:00:00,jueves,10,Normal,Seca y limpia,Montañoso,Media ladera Izquierda,Curva Izquierda,Transito normal con precaución,7,20,0,1,1.0,Choque,no determinada,4001_2_62,22.0,9.0
Valle del Cauca,2018-01-09 19:29:00,23,940.0,2017-11-22 05:00:00,miercoles,30,Normal,Seca y limpia,Montañoso,Media ladera Izquierda,Curva Derecha,Transito normal con precaución,6,0,0,0,1.0,Choque,no determinada,4001_2_23,19.0,11.0