territorial,fecha_registro,pr,distancia_pr,fecha_acc,dia_semana_acc,min_acc,condic_meteor,estado_super,terreno,secc_tip,geometria_acc,tipo_cierre,horas_cierre,min_cierre,n_heridos,n_muertos,n_victimas,clase_accidente,causa_posible,ref_loc,hora_acc,duracion_cierre_horas
Valle del Cauca,2018-01-09 17:03:00,37,550.0,2017-11-14 05:00:00,martes,0,Lluvia,Humeda,Montañoso,Media ladera Izquierda,Curva Derecha,Transito normal con precaución,9,20,0,0,1.0,Volcamiento,no determinada,4001_2_37,17.0,16.0
Valle del Cauca,2018-01-09 16:48:00,46,700.0,2017-11-06 05:00:00,lunes,40,Lluvia,Humeda,Montañoso,Media ladera Izquierda,Curva Izquierda,Transito normal con precaución,7,30,0,0,1.0,Volcamiento,no determinada,4001_2_46,20.0,11.0
Valle del Cauca,2018-01-09 16:44:00,29,450.0,2017-11-05 05:00:00,domingo,30,Normal,Seca y limpia,Montañoso,Media ladera Izquierda,Curva Derecha,Transito normal con precaución,8,55,0,0,1.0,Choque,no determinada,4001_2_29,3.0,5.0
Valle del Cauca,2018-01-09 16:40:00,29,450.0,2017-11-05 05:00:00,domingo,0,Lluvia,Humeda,Montañoso,Media ladera Izquierda,Curva Derecha,Transito normal con precaución,9,15,0,0,1.0,Choque,no determinada,4001_2_29,14.0,19.0
Valle del Cauca,2018-01-09 16:28:00,32,400.0,2017-11-03 05:00:00,viernes,45,Lluvia,Humeda,Montañoso,Media Ladera Derecha,Curva Izquierda,Transito normal con precaución,13,10,0,0,1.0,Volcamiento,no determinada,4001_2_32,18.0,19.0
Valle del Cauca,2018-01-09 16:22:00,34,100.0,2017-11-02 05:00:00,jueves,0,Lluvia,Humeda,Montañoso,Media ladera Izquierda,Recta,Transito normal con precaución,15,5,0,0,1.0,Choque,no determinada,4001_2_34,1.0,14.0
Valle del Cauca,2018-01-09 16:19:00,43,50.0,2017-11-02 05:00:00,jueves,0,Lluvia,Humeda,Montañoso,Media ladera Izquierda,Recta,Transito normal con precaución,23,30,0,0,1.0,Choque,no determinada,4001_2_43,0.0,23.0
Valle del Cauca,2017-10-30 21:47:00,46,0.0,2017-09-27 05:00:00,miercoles,0,Normal,Seca y limpia,Montañoso,Media ladera Izquierda,Curva Izquierda,Transito normal con precaución,0,0,0,0,1.0,Choque,no determinada,4001_2_46,19.0,5.0
Cundinamarca,2017-12-13 15:01:00,65,500.0,2017-10-16 05:00:00,lunes,45,Normal,Seca y limpia,Plano,Terraplen,Recta,Transito normal con precaución,0,0,0,0,1.0,Choque,imprudencia del conductor,45A04_2_65,8.0,16.0
Valle del Cauca,2017-10-30 21:41:00,39,500.0,2017-09-26 05:00:00,martes,10,Normal,Seca y limpia,Montañoso,Media ladera Izquierda,Recta,Transito normal con precaución,0,0,3,0,1.0,Choque,no determinada,4001_2_39,8.0,16.0
Valle del Cauca,2017-10-30 21:28:00,29,0.0,2017-09-17 05:00:00,domingo,25,Lluvia,Humeda,Montañoso,Media ladera Izquierda,Recta,Transito normal con precaución,0,0,0,0,1.0,Choque,no determinada,4001_2_29,6.0,18.0
Valle del Cauca,2017-10-30 21:16:00,53,700.0,2017-09-15 05:00:00,viernes,30,Normal,Seca y limpia,Montañoso,Media ladera Izquierda,Recta,Transito normal con precaución,14,30,0,1,1.0,Choque,no determinada,4001_2_53,6.0,8.0
Valle del Cauca,2017-10-30 20:58:00,29,300.0,2017-09-10 05:00:00,domingo,0,Lluvia,Humeda,Montañoso,Media ladera Izquierda,Curva Izquierda,Transito normal con precaución,0,0,0,0,1.0,Choque,no determinada,4001_2_29,16.0,8.0
Valle del Cauca,2017-10-30 20:44:00,22,300.0,2017-09-09 05:00:00,sabado,15,Lluvia,Humeda,Montañoso,Media ladera Izquierda,Recta,Transito normal con precaución,0,0,11,0,1.0,Choque,no determinada,4001_2_22,8.0,16.0
Valle del Cauca,2017-10-30 20:13:00,35,0.0,2017-09-08 05:00:00,viernes,0,Lluvia,Humeda,Montañoso,Media ladera Izquierda,Curva Izquierda,Transito normal con precaución,0,0,3,0,1.0,Volcamiento,no determinada,4001_2_35,12.0,12.0
Valle del Cauca,2017-10-30 20:02:00,42,300.0,2017-09-07 05:00:00,jueves,50,Normal,Seca y limpia,Montañoso,Media ladera Izquierda,Recta,Transito normal con precaución,0,0,1,0,1.0,Atropello,no determinada,4001_2_42,18.0,6.0
Valle del Cauca,2017-10-30 19:34:00,33,700.0,2017-10-09 05:00:00,lunes,20,Normal,Seca y limpia,Montañoso,Media ladera Izquierda,Curva Izquierda,Transito normal con precaución,0,0,0,0,1.0,Choque,no determinada,4001_2_33,11.0,13.0
Valle del Cauca,2017-10-05 16:57:00,35,209.0,2017-08-07 05:00:00,lunes,20,Lluvia,Humeda,Montañoso,Media ladera Izquierda,Recta,Transito normal con precaución,15,40,0,0,1.0,Choque,no determinada,4001_2_35,15.0,0.0
Valle del Cauca,2017-10-05 16:47:00,48,900.0,2017-08-13 05:00:00,domingo,50,Lluvia,Humeda,Montañoso,Media ladera Izquierda,Curva Derecha,Transito normal con precaución,21,0,3,1,1.0,Choque,no determinada,4001_2_48,11.0,10.0
Valle del Cauca,2017-10-05 16:33:00,48,850.0,2017-08-20 05:00:00,domingo,30,Lluvia,Humeda,Montañoso,Media ladera Izquierda,Recta,Transito normal con precaución,23,45,0,0,1.0,Choque,no determinada,4001_2_48,21.0,2.0
Valle del Cauca,2017-10-05 16:19:00,48,300.0,2017-08-25 05:00:00,viernes,5,Normal,Seca y limpia,Montañoso,Media ladera Izquierda,Recta,Transito normal con precaución,9,10,0,0,1.0,Volcamiento,no determinada,4001_2_48,13.0,20.0
Valle del Cauca,2017-10-05 21:35:00,24,500.0,2017-08-28 05:00:00,lunes,0,Lluvia,Humeda,Montañoso,Media ladera Izquierda,Curva Derecha,Transito normal con precaución,16,20,0,0,1.0,Choque,no determinada,4001_2_24,14.0,2.0
Valle del Cauca,2017-10-05 21:27:00,61,700.0,2017-08-24 05:00:00,jueves,30,Normal,Seca y limpia,Montañoso,Media ladera Izquierda,Recta,Transito normal con precaución,20,30,0,0,1.0,Choque,no determinada,4001_2_61,6.0,14.0
Valle del Cauca,2017-10-05 21:13:00,36,800.0,2017-08-19 05:00:00,sabado,0,Lluvia,Humeda,Montañoso,Media ladera Izquierda,Recta,Transito normal con precaución,2,40,0,0,1.0,Choque,no determinada,4001_2_36,19.0,7.0
Valle del Cauca,2017-10-05 21:07:00,30,0.0,2017-08-15 05:00:00,martes,30,Lluvia,Humeda,Montañoso,Media ladera Izquierda,Recta,Transito normal con precaución,20,0,0,0,1.0,Choque,no determinada,4001_2_30,12.0,8.0
Valle del Cauca,2017-10-05 20:59:00,27,0.0,2017-08-10 05:00:00,jueves,50,Lluvia,Humeda,Montañoso,Media ladera Izquierda,Curva Derecha,Transito normal con precaución,15,30,1,0,1.0,Volcamiento,no determinada,4001_2_27,19.0,20.0
Valle del Cauca,2017-07-31 22:30:00,37,600.0,2017-05-11 05:00:00,jueves,10,Lluvia,Humeda,Montañoso,Media ladera Izquierda,Curva Derecha,Transito normal con precaución,15,30,0,0,1.0,Choque,no determinada,4001_2_37,7.0,8.0
Valle del Cauca,2017-07-19 15:15:00,34,500.0,2017-06-19 05:00:00,lunes,50,Normal,Seca y limpia,Montañoso,Media ladera Izquierda,Curva Izquierda,Transito normal con precaución,12,30,1,0,1.0,Volcamiento,no determinada,4001_2_34,13.0,23.0
Valle del Cauca,2017-07-12 14:16:00,26,0.0,2017-06-08 05:00:00,jueves,30,Normal,Seca y limpia,Montañoso,Media ladera Izquierda,Recta,Transito normal con precaución,12,0,0,0,1.0,Volcamiento,no determinada,4001_2_26,9.0,3.0
Valle del Cauca,2017-07-12 14:12:00,50,40.0,2017-06-08 05:00:00,jueves,40,Lluvia,Humeda,Montañoso,Media ladera Izquierda,Recta,Transito normal con precaución,22,0,0,0,1.0,Choque,no determinada,4001_2_50,14.0,8.0
Valle del Cauca,2017-07-12 13:26:00,33,0.0,2017-06-08 05:00:00,jueves,30,Normal,Seca y limpia,Montañoso,Media ladera Izquierda,Curva Izquierda,Transito normal con precaución,6,0,1,0,1.0,Choque,no determinada,4001_2_33,11.0,19.0
Valle del Cauca,2017-07-12 13:23:00,55,780.0,2017-06-03 05:00:00,sabado,30,Normal,Seca y limpia,Montañoso,Media Ladera Derecha,Recta,Transito normal con precaución,21,0,0,0,1.0,Choque,condiciones de la via y factores ambientales,4001_2_55,8.0,13.0
Valle del Cauca,2017-05-08 22:10:00,33,200.0,2017-04-24 05:00:00,lunes,0,Lluvia,Humeda,Montañoso,Media ladera Izquierda,Recta,Transito normal con precaución,15,10,2,0,1.0,Volcamiento,desobediencia a normas y senales,4001_2_33,21.0,18.0
Valle del Cauca,2017-05-08 22:05:00,59,530.0,2017-04-24 05:00:00,lunes,0,Normal,Seca y limpia,Montañoso,Cajón,Recta,Transito normal con precaución,21,30,1,0,1.0,Choque,no determinada,4001_2_59,8.0,13.0
Valle del Cauca,2017-05-08 21:59:00,47,100.0,2017-04-19 05:00:00,miercoles,0,Normal,Seca y limpia,Montañoso,Media ladera Izquierda,Recta,Transito normal con precaución,20,30,0,0,1.0,Choque,imprudencia del conductor,4001_2_47,10.0,10.0
Valle del Cauca,2017-05-08 21:56:00,38,100.0,2017-04-22 05:00:00,sabado,10,Normal,Seca y limpia,Montañoso,Media ladera Izquierda,Recta,Transito normal con precaución,16,40,0,0,1.0,Volcamiento,no determinada,4001_2_38,15.0,1.0
Valle del Cauca,2017-05-08 21:45:00,44,500.0,2017-04-16 05:00:00,domingo,45,Lluvia,Humeda,Montañoso,Media ladera Izquierda,Curva Izquierda,Transito normal con precaución,18,5,5,0,1.0,Choque,desobediencia a normas y senales,4001_2_44,14.0,4.0
Valle del Cauca,2017-05-08 21:39:00,28,850.0,2017-04-13 05:00:00,jueves,15,Lluvia,Humeda,Montañoso,Media Ladera Derecha,Recta,Transito normal con precaución,16,55,0,0,1.0,Choque,no determinada,4001_2_28,13.0,3.0
Valle del Cauca,2017-05-08 21:34:00,59,300.0,2017-04-12 05:00:00,miercoles,10,Normal,Seca y limpia,Montañoso,Media ladera Izquierda,Recta,Transito normal con precaución,17,30,0,0,1.0,Choque,imprudencia del conductor,4001_2_59,12.0,5.0
Valle del Cauca,2017-05-08 21:20:00,57,670.0,2017-04-07 05:00:00,viernes,10,Normal,Seca y limpia,Montañoso,Media Ladera Derecha,Recta,Transito normal con precaución,6,50,0,0,1.0,Choque,condiciones de la via y factores ambientales,4001_2_57,15.0,15.0
Valle del Cauca,2017-05-08 21:01:00,50,500.0,2017-04-06 05:00:00,jueves,30,Normal,Seca y limpia,Montañoso,Media Ladera Derecha,Curva Derecha,Transito normal con precaución,22,0,0,0,1.0,Choque,fallas mecanicas y del sistema electrico,4001_2_50,18.0,4.0
Valle del Cauca,2017-05-08 20:52:00,28,0.0,2017-04-06 05:00:00,jueves,0,Lluvia,Humeda,Montañoso,Media ladera Izquierda,Curva Derecha,Transito normal con precaución,17,25,9,0,1.0,Volcamiento,no determinada,4001_2_28,19.0,22.0
Valle del Cauca,2017-05-08 20:39:00,44,300.0,2017-04-06 05:00:00,jueves,20,Normal,Seca y limpia,Montañoso,Media Ladera Derecha,Recta,Transito normal con precaución,11,30,1,0,1.0,Choque,no determinada,4001_2_44,21.0,14.0
Valle del Cauca,2017-05-08 20:01:00,41,500.0,2017-04-05 05:00:00,miercoles,30,Normal,Seca y limpia,Montañoso,Media ladera Izquierda,Curva Derecha,Transito normal con precaución,7,50,0,0,1.0,Choque,no determinada,4001_2_41,6.0,1.0
Valle del Cauca,2017-05-08 18:58:00,62,100.0,2017-04-05 05:00:00,miercoles,20,Normal,Seca y limpia,Montañoso,Media Ladera Derecha,Curva Izquierda,Transito normal con precaución,5,30,0,0,1.0,Choque,no determinada,4001_2_62,8.0,21.0
Cundinamarca,2017-11-07 22:16:00,9,800.0,2017-09-03 05:00:00,domingo,0,Niebla,Seca y limpia,Plano,Terraplen,Recta,Cierre total,23,59,2,0,1.0,Choque,exceso de velocidad,40CN07_2_9,13.0,10.0
Cundinamarca,2018-02-27 18:32:00,35,100.0,2018-01-22 05:00:00,lunes,0,Normal,Seca y limpia,Plano,Terraplen,Recta,Transito normal con precaución,0,0,1,0,1.0,Choque,maniobras imprudentes,45A04_1_35,18.0,6.0
Cundinamarca,2018-01-21 00:59:00,34,800.0,2017-12-16 05:00:00,sabado,0,Normal,Seca y limpia,Plano,Terraplen,Recta,Parcial con paso alternado,0,30,0,1,1.0,Atropello,desobediencia a normas y senales,45A04_1_34,14.0,10.0
Cundinamarca,2018-01-17 23:54:00,35,600.0,2017-12-02 05:00:00,sabado,0,Normal,Seca y limpia,Plano,Terraplen,Recta,Transito normal con precaución,0,0,0,0,1.0,Choque,desobediencia a normas y senales,45A04_1_35,16.0,8.0
Cundinamarca,2017-12-13 16:27:00,35,600.0,2017-11-29 05:00:00,miercoles,20,Sol,Seca y limpia,Plano,Terraplen,Curva Derecha,Transito normal con precaución,0,0,1,0,1.0,Volcamiento,estacionamiento y senalizacion imprudente,45A04_1_35,6.0,18.0
Cundinamarca,2017-12-13 15:11:00,40,50.0,2017-10-27 05:00:00,viernes,30,Sol,Seca y limpia,Plano,Media Ladera Derecha,Recta,Transito normal con precaución,0,0,1,0,1.0,Choque,fallas mecanicas y del sistema electrico,45A04_1_40,10.0,14.0
Cundinamarca,2017-12-13 14:33:00,35,550.0,2017-10-05 05:00:00,jueves,30,Sol,Seca y limpia,Plano,Terraplen,Recta,Transito normal con precaución,0,0,0,0,1.0,Choque,imprudencia del conductor,45A04_1_35,18.0,6.0
Cundinamarca,2018-02-27 18:52:00,46,0.0,2018-01-30 05:00:00,martes,40,Normal,Seca y limpia,Plano,Media ladera Izquierda,Curva Derecha,Transito normal con precaución,0,0,0,0,1.0,Choque,desobediencia a normas y senales,45A04_2_46,16.0,8.0
Cundinamarca,2018-02-27 18:50:00,46,800.0,2018-01-29 05:00:00,lunes,0,Normal,Seca y limpia,Plano,Media ladera Izquierda,Curva Izquierda,Transito normal con precaución,0,0,0,0,1.0,Choque,desobediencia a normas y senales,45A04_2_46,11.0,13.0
Cundinamarca,2018-02-27 18:48:00,49,100.0,2018-01-28 05:00:00,domingo,0,Normal,Seca y limpia,Plano,Terraplen,Recta,Transito normal con precaución,0,0,0,0,1.0,Choque,embriaguez o sustancias alucinogenas,45A04_2_49,11.0,13.0
Cundinamarca,2018-02-27 18:45:00,61,200.0,2018-01-26 05:00:00,viernes,0,Normal,Seca y limpia,Plano,Terraplen,Recta,Transito normal con precaución,0,0,0,0,1.0,Choque,maniobras imprudentes,45A04_2_61,9.0,15.0
Cundinamarca,2018-02-27 18:40:00,40,800.0,2018-01-25 05:00:00,jueves,30,Normal,Seca y limpia,Plano,Terraplen,Recta,Transito normal con precaución,0,0,0,0,1.0,Choque,no mantener distancia de seguridad,45A04_2_40,7.0,17.0
Cundinamarca,2018-02-27 18:36:00,53,800.0,2018-01-25 05:00:00,jueves,0,Normal,Seca y limpia,Plano,Media ladera Izquierda,Curva Izquierda,Transito normal con precaución,0,0,0,0,1.0,Choque,no mantener distancia de seguridad,45A04_2_53,5.0,19.0
Cundinamarca,2018-01-29 17:17:00,61,860.0,2018-01-16 05:00:00,martes,30,Normal,Seca y limpia,Plano,Terraplen,Recta,Parcial con reducción de carriles,0,0,2,0,1.0,Choque,adelantamientos indebidos,45A04_2_61,21.0,3.0
Cundinamarca,2018-01-29 17:01:00,55,100.0,2018-01-16 05:00:00,martes,50,Normal,Seca y limpia,Plano,Terraplen,Recta,Parcial con reducción de carriles,0,0,0,0,1.0,Volcamiento,imprudencia del conductor,45A04_2_55,8.0,16.0
Cundinamarca,2018-01-29 16:52:00,46,100.0,2018-01-04 05:00:00,jueves,16,Normal,Seca y limpia,Montañoso,Media ladera Izquierda,Curva Izquierda,Parcial con reducción de carriles,0,0,0,0,1.0,Choque,no determinada,45A04_2_46,9.0,15.0
Cundinamarca,2018-01-29 16:45:00,53,0.0,2018-01-04 05:00:00,jueves,0,Normal,Seca y limpia,Plano,Terraplen,Recta,Parcial con reducción de carriles,0,0,0,0,1.0,Volcamiento,no determinada,45A04_2_53,10.0,14.0
Cundinamarca,2018-01-26 15:06:00,58,0.0,2017-12-26 05:00:00,martes,0,Normal,Seca y limpia,Montañoso,Media ladera Izquierda,Recta,Parcial con reducción de carriles,0,0,0,0,1.0,Salida de la vía sin volcarse,imprudencia del conductor,45A04_2_58,19.0,5.0
Cundinamarca,2018-01-26 14:25:00,62,500.0,2017-12-21 05:00:00,jueves,15,Normal,Seca y limpia,Plano,Cajón,Recta,Parcial con reducción de carriles,0,0,2,0,1.0,Choque,adelantamientos indebidos,45A04_2_62,20.0,4.0
Cundinamarca,2018-01-26 14:21:00,51,400.0,2017-12-21 05:00:00,jueves,0,Normal,Seca y limpia,Montañoso,Media Ladera Derecha,Recta,Parcial con reducción de carriles,0,0,0,0,1.0,Choque,no mantener distancia de seguridad,45A04_2_51,1.0,23.0
Cundinamarca,2018-01-26 14:18:00,61,200.0,2017-12-21 05:00:00,jueves,0,Normal,Seca y limpia,Plano,Cajón,Recta,Parcial con reducción de carriles,0,0,3,0,1.0,Choque,maniobras imprudentes,45A04_2_61,10.0,14.0
Cundinamarca,2018-01-26 14:14:00,43,907.0,2017-12-20 05:00:00,miercoles,20,Normal,Seca y limpia,Montañoso,Media ladera Izquierda,Recta,Parcial con reducción de carriles,0,0,0,0,1.0,Choque,no mantener distancia de seguridad,45A04_2_43,15.0,9.0
Cundinamarca,2017-12-13 15:07:00,55,725.0,2017-10-26 05:00:00,jueves,0,Sol,Seca y limpia,Plano,Media Ladera Derecha,Recta,Transito normal con precaución,0,0,0,0,1.0,Choque,imprudencia del conductor,45A04_2_55,5.0,19.0
Cundinamarca,2018-01-26 13:55:00,59,900.0,2017-12-19 05:00:00,martes,50,Normal,Seca y limpia,Plano,Cajón,Recta,Parcial con reducción de carriles,0,0,0,0,1.0,Choque,no mantener distancia de seguridad,45A04_2_59,16.0,8.0
Cundinamarca,2018-01-21 01:20:00,45,100.0,2017-12-04 05:00:00,lunes,0,Normal,Seca y limpia,Montañoso,Media ladera Izquierda,Curva Derecha,Parcial con reducción de carriles,0,0,0,0,1.0,Choque,no determinada,45A04_2_45,12.0,12.0
Cundinamarca,2018-01-21 01:05:00,44,500.0,2017-12-17 05:00:00,domingo,30,Normal,Seca y limpia,Montañoso,Media Ladera Derecha,Recta,Parcial con reducción de carriles,0,15,0,0,1.0,Choque,no mantener distancia de seguridad,45A04_2_44,3.0,21.0
Cundinamarca,2018-01-21 00:54:00,42,48.0,2017-12-16 05:00:00,sabado,25,Normal,Seca y limpia,Montañoso,Media ladera Izquierda,Curva Izquierda,Parcial con reducción de carriles,0,15,2,0,1.0,Salida de la vía sin volcarse,fallas mecanicas y del sistema electrico,45A04_2_42,23.0,1.0
Cundinamarca,2018-01-21 00:40:00,50,0.0,2017-12-10 05:00:00,domingo,30,Lluvia,Humeda,Ondulado,Media Ladera Derecha,Recta,Parcial con paso alternado,0,0,0,0,1.0,Choque,imprudencia del conductor,45A04_2_50,7.0,17.0
Cundinamarca,2018-01-21 00:36:00,57,700.0,2017-12-09 05:00:00,sabado,30,Normal,Seca y limpia,Montañoso,Media Ladera Derecha,Curva Derecha,Parcial con paso alternado,0,0,0,0,1.0,Choque,maniobras imprudentes,45A04_2_57,23.0,1.0
Cundinamarca,2018-01-21 00:32:00,30,200.0,2017-12-09 05:00:00,sabado,20,Normal,Seca y limpia,Plano,Terraplen,Recta,Transito normal con precaución,0,0,0,0,1.0,Choque,no determinada,45A04_2_30,5.0,19.0
Cundinamarca,2018-01-21 00:28:00,30,100.0,2017-12-07 05:00:00,jueves,0,Normal,Seca y limpia,Plano,Terraplen,Recta,Transito normal con precaución,0,0,0,0,1.0,Choque,no mantener distancia de seguridad,45A04_2_30,14.0,10.0
Cundinamarca,2018-01-18 00:14:00,45,100.0,2018-01-04 05:00:00,jueves,0,Normal,Seca y limpia,Montañoso,Media ladera Izquierda,Curva Derecha,Parcial con paso alternado,0,0,0,0,1.0,Choque,no mantener distancia de seguridad,45A04_2_45,12.0,12.0
Cundinamarca,2018-01-18 00:02:00,53,300.0,2017-12-02 05:00:00,sabado,0,Normal,Seca y limpia,Montañoso,Media Ladera Derecha,Recta,Parcial con reducción de carriles,0,0,0,0,1.0,Choque,desobediencia a normas y senales,45A04_2_53,22.0,2.0
Cundinamarca,2017-12-13 16:25:00,45,700.0,2017-11-28 05:00:00,martes,30,Normal,Seca y limpia,Montañoso,Media ladera Izquierda,Recta,Transito normal con precaución,0,0,3,0,1.0,Atropello,estacionamiento y senalizacion imprudente,45A04_2_45,18.0,6.0
Cundinamarca,2017-12-13 16:21:00,45,200.0,2017-11-27 05:00:00,lunes,30,Normal,Seca y limpia,Montañoso,Media ladera Izquierda,Curva Derecha,Parcial con paso alternado,0,0,1,0,1.0,Atropello,imprudencia del conductor,45A04_2_45,12.0,12.0
Cundinamarca,2017-12-13 16:18:00,45,185.0,2017-11-24 05:00:00,viernes,50,Normal,Seca y limpia,Montañoso,Media ladera Izquierda,Curva Derecha,Parcial con paso alternado,0,30,0,0,1.0,Choque,maniobras imprudentes,45A04_2_45,18.0,6.0
Cundinamarca,2017-12-13 16:14:00,65,500.0,2017-11-19 05:00:00,domingo,50,Normal,Seca y limpia,Plano,Cajón,Recta,Transito normal con precaución,0,0,0,0,1.0,Choque,adelantamientos indebidos,45A04_2_65,10.0,14.0
Cundinamarca,2017-12-13 16:12:00,64,0.0,2017-11-14 05:00:00,martes,30,Normal,Seca y limpia,Plano,Cajón,Recta,Parcial con paso alternado,1,0,0,0,1.0,Choque,no mantener distancia de seguridad,45A04_2_64,13.0,12.0
Cundinamarca,2017-12-13 16:09:00,56,0.0,2017-11-11 05:00:00,sabado,30,Normal,Seca y limpia,Plano,Cajón,Recta,Transito normal con precaución,0,0,0,1,1.0,Caída ocupante,no determinada,45A04_2_56,13.0,11.0
Cundinamarca,2017-12-13 16:04:00,51,700.0,2017-11-05 05:00:00,domingo,30,Normal,Seca y limpia,Montañoso,Media Ladera Derecha,Curva Derecha,Parcial con paso alternado,1,30,1,1,1.0,Choque,maniobras imprudentes,45A04_2_51,21.0,4.0
Cundinamarca,2017-12-13 15:59:00,58,225.0,2017-11-04 05:00:00,sabado,50,Normal,Seca y limpia,Ondulado,Cajón,Recta,Parcial con reducción de carriles,0,30,0,0,1.0,Choque,no mantener distancia de seguridad,45A04_2_58,16.0,8.0
Cundinamarca,2017-12-13 15:21:00,42,600.0,2017-10-16 05:00:00,lunes,40,Lluvia,Humeda,Montañoso,Media ladera Izquierda,Recta,Parcial con reducción de carriles,0,45,4,0,1.0,Choque,exceso de velocidad,45A04_2_42,23.0,1.0
Cundinamarca,2017-12-13 14:56:00,59,100.0,2017-10-14 05:00:00,sabado,40,Normal,Seca y limpia,Plano,Media ladera Izquierda,Recta,Cierre total,2,0,14,0,1.0,Choque,fallas mecanicas y del sistema electrico,45A04_2_59,6.0,20.0
Cundinamarca,2017-12-13 14:53:00,54,950.0,2017-10-16 05:00:00,lunes,0,Lluvia,Humeda,Plano,Terraplen,Recta,Parcial con reducción de carriles,0,0,0,2,1.0,Choque,adelantamientos indebidos,45A04_2_54,13.0,11.0
Cundinamarca,2017-12-13 14:49:00,52,50.0,2017-10-15 05:00:00,domingo,30,Normal,Seca y limpia,Montañoso,Media Ladera Derecha,Curva Izquierda,Parcial con paso alternado,1,0,0,0,1.0,Choque,imprudencia del conductor,45A04_2_52,7.0,18.0
Cundinamarca,2017-12-13 14:38:00,30,50.0,2017-10-15 05:00:00,domingo,0,Sol,Seca y limpia,Plano,Terraplen,Recta,Transito normal con precaución,0,0,0,1,1.0,Atropello,no determinada,45A04_2_30,16.0,8.0
Cundinamarca,2017-12-13 14:28:00,42,250.0,2017-10-05 05:00:00,jueves,45,Normal,Seca y limpia,Montañoso,Media ladera Izquierda,Recta,Cierre total,1,0,2,0,1.0,Choque,no determinada,45A04_2_42,23.0,2.0
Cundinamarca,2017-12-13 14:20:00,56,600.0,2017-10-01 05:00:00,domingo,40,Lluvia,Humeda,Montañoso,Media Ladera Derecha,Recta,Parcial con paso alternado,2,0,1,0,1.0,Choque,estacionamiento y senalizacion imprudente,45A04_2_56,18.0,8.0
Cundinamarca,2018-01-23 17:58:00,45,300.0,2017-12-19 05:00:00,martes,0,Normal,Seca y limpia,Montañoso,Media ladera Izquierda,Recta,Parcial con reducción de carriles,0,0,0,0,1.0,Choque,adelantamientos indebidos,45A04_2_45,15.0,9.0
Cundinamarca,2018-01-23 17:53:00,48,200.0,2017-12-18 05:00:00,lunes,30,Normal,Seca y limpia,Montañoso,Media ladera Izquierda,Recta,Parcial con reducción de carriles,0,0,0,0,1.0,Choque,fallas mecanicas y del sistema electrico,45A04_2_48,12.0,12.0
Cundinamarca,2018-01-23 17:42:00,40,103.0,2017-12-18 05:00:00,lunes,25,Normal,Seca y limpia,Plano,Cajón,Recta,Parcial con reducción de carriles,0,0,0,0,1.0,Choque,no mantener distancia de seguridad,45A04_2_40,4.0,20.0
Cundinamarca,2018-02-27 18:34:00,4,200.0,2018-01-24 05:00:00,miercoles,0,Normal,Seca y limpia,Plano,Terraplen,Recta,Transito normal con precaución,0,0,1,0,1.0,Choque,desobediencia a normas y senales,45ACND_0_4,15.0,9.0
Cundinamarca,2018-01-26 14:28:00,4,500.0,2017-12-25 05:00:00,lunes,45,Lluvia,Humeda,Plano,Terraplen,Recta,Parcial con reducción de carriles,0,0,0,0,1.0,Choque,desobediencia a normas y senales,45ACND_0_4,20.0,4.0
Valle del Cauca,2018-01-19 04:39:00,6,560.0,2017-12-17 05:00:00,domingo,15,Normal,Seca y limpia,Plano,Terraplen,Recta,Transito normal con precaución,0,0,0,0,1.0,Choque,no determinada,4803_2_6,0.0,0.0
Valle del Cauca,2017-11-21 02:58:00,5,610.0,2017-10-23 05:00:00,lunes,40,Lluvia,Humeda,Plano,Terraplen,Curva Derecha,Transito normal con precaución,0,0,0,0,1.0,Choque,no determinada,4803_2_5,12.0,12.0
Valle del Cauca,2017-07-25 02:03:00,4,0.0,2017-06-09 05:00:00,viernes,30,Seca,Seca y limpia,Plano,Terraplen,Recta,Transito normal con precaución,0,0,1,0,1.0,Choque,fallas mecanicas y del sistema electrico,4803_2_4,4.0,20.0
Valle del Cauca,2017-06-01 01:57:00,8,800.0,2017-03-16 05:00:00,jueves,0,Normal,Seca y limpia,Plano,Terraplen,Recta,Transito normal con precaución,0,0,0,0,1.0,Choque,no mantener distancia de seguridad,4803_2_8,6.0,18.0
Valle del Cauca,2017-06-01 01:54:00,9,200.0,2017-03-04 05:00:00,sabado,55,Normal,Seca y limpia,Plano,Terraplen,Recta,Transito normal con precaución,0,0,1,0,1.0,Choque,no mantener distancia de seguridad,4803_2_9,21.0,3.0
Casanare,2018-07-18 22:32:00,61,960.0,2016-12-10 05:00:00,sabado,30,Seca,Seca y limpia,Plano,Terraplen,Recta,Transito normal con precaución,18,30,1,1,2.0,Choque,maniobras imprudentes,6515_1_61,18.0,0.0
Valle del Cauca,2018-07-18 23:12:00,13,620.0,2018-06-09 05:00:00,sabado,25,Seca,Seca y limpia,Plano,Terraplen,Recta,Transito normal con precaución,0,0,0,1,1.0,Choque,impericia en el manejo,2302_1_13,19.0,5.0
Cesar,2018-08-11 12:59:00,105,500.0,2018-06-19 05:00:00,martes,50,Normal,Seca y limpia,Plano,Terraplen,Recta,Transito normal con precaución,10,50,0,0,0.0,Choque,fallas mecanicas y del sistema electrico,4901_1_105,10.0,0.0
Valle del Cauca,2018-07-18 23:20:00,74,800.0,2018-06-14 05:00:00,jueves,45,Seca,Seca y limpia,Plano,Terraplen,Recta,Transito normal con precaución,0,0,0,0,1.0,Choque,condiciones de la via y factores ambientales,2302_1_74,18.0,6.0