territorial,fecha_registro,pr,distancia_pr,fecha_acc,dia_semana_acc,min_acc,condic_meteor,estado_super,terreno,secc_tip,geometria_acc,tipo_cierre,horas_cierre,min_cierre,n_heridos,n_muertos,n_victimas,clase_accidente,causa_posible,ref_loc,hora_acc,duracion_cierre_horas
Valle del Cauca,2018-07-18 23:23:00,93,450.0,2018-06-16 05:00:00,sabado,30,Seca,Seca y limpia,Plano,Terraplen,Recta,Transito normal con precaución,0,0,0,0,1.0,Choque,adelantamientos indebidos,2302_1_93,1.0,23.0
Valle del Cauca,2018-07-18 23:27:00,57,770.0,2018-06-21 05:00:00,jueves,30,Seca,Seca y limpia,Plano,Terraplen,Curva Derecha,Transito normal con precaución,0,0,0,0,0.0,Choque,defectos fisicos y psiquicos,2302_1_57,15.0,9.0
Magdalena,2018-07-19 12:16:00,9,0.0,2018-05-31 05:00:00,jueves,40,Seca,Seca y limpia,Plano,Terraplen,Recta,Transito normal con precaución,0,0,0,1,1.0,Atropello,exceso de velocidad,4313_0_9,5.0,19.0
Magdalena,2018-07-19 12:20:00,8,0.0,2018-06-17 05:00:00,domingo,45,Seca,Seca y limpia,Plano,Terraplen,Recta,Transito normal con precaución,0,0,1,0,1.0,Choque,imprudencia del conductor,4313_0_8,17.0,7.0
Magdalena,2018-07-19 12:24:00,0,50.0,2018-05-01 05:00:00,martes,0,Seca,Seca y limpia,Plano,Terraplen,Recta,Transito normal con precaución,0,0,0,1,1.0,Atropello,no determinada,9007A_1_0,0.0,0.0
Magdalena,2018-07-19 12:42:00,0,0.0,2018-06-12 05:00:00,martes,0,Seca,Seca y limpia,Plano,Terraplen,Recta,Transito normal con precaución,0,0,1,0,1.0,Choque,no determinada,4313_0_0,0.0,0.0
Magdalena,2018-07-19 13:13:00,2,0.0,2018-05-12 05:00:00,sabado,0,Seca,Seca y limpia,Plano,Terraplen,Recta,Transito normal con precaución,0,0,1,0,1.0,Choque,no determinada,9007A_1_2,0.0,0.0
Magdalena,2018-07-19 13:31:00,3,673.0,2018-05-07 05:00:00,lunes,0,Seca,Seca y limpia,Plano,Terraplen,Recta,Transito normal con precaución,0,0,1,0,1.0,Choque,no determinada,9007A_1_3,0.0,0.0
Magdalena,2018-07-19 13:33:00,6,700.0,2018-05-02 05:00:00,miercoles,0,Seca,Seca y limpia,Plano,Terraplen,Recta,Transito normal con precaución,0,0,0,0,0.0,Choque,no determinada,9007A_1_6,0.0,0.0
Valle del Cauca,2018-07-19 13:51:00,59,11.0,2017-10-05 05:00:00,jueves,30,Normal,Seca y limpia,Plano,Terraplen,Recta,Parcial con reducción de carriles,1,0,2,0,2.0,Choque,adelantamientos indebidos,3105_1_59,18.0,7.0
Valle del Cauca,2018-07-19 14:25:00,53,162.0,2017-10-30 05:00:00,lunes,30,Normal,Seca y limpia,Plano,Terraplen,Recta,Parcial con reducción de carriles,1,0,3,0,3.0,Choque,embriaguez o sustancias alucinogenas,3105_1_53,14.0,11.0
Valle del Cauca,2018-07-19 14:49:00,62,525.0,2017-10-07 05:00:00,sabado,0,Normal,Seca y limpia,Plano,Terraplen,Recta,Parcial con reducción de carriles,1,0,3,0,3.0,Choque,exceso de velocidad,3105_1_62,13.0,12.0
Valle del Cauca,2018-07-19 14:54:00,68,797.0,2017-10-07 05:00:00,sabado,0,Normal,Seca y limpia,Plano,Terraplen,Recta,Parcial con reducción de carriles,1,0,2,0,2.0,Choque,no determinada,3105_1_68,20.0,5.0
Casanare,2018-07-19 14:53:00,105,150.0,2017-02-02 05:00:00,jueves,30,Sol,Seca y limpia,Plano,Terraplen,Recta,Transito normal con precaución,0,0,2,0,2.0,Choque,no determinada,6512_2_105,16.0,8.0
Córdoba,2017-04-24 16:34:00,21,619.0,2017-02-11 05:00:00,sabado,30,Normal,Seca y limpia,Plano,Terraplen,Recta,Transito normal con precaución,0,0,0,1,1.0,Choque,imprudencia del conductor,9003_0_21,7.0,17.0
Valle del Cauca,2018-07-19 15:03:00,68,363.0,2017-10-09 05:00:00,lunes,40,Normal,Seca y limpia,Plano,Terraplen,Recta,Parcial con reducción de carriles,1,0,2,0,2.0,Choque,no determinada,3105_1_68,5.0,20.0
Valle del Cauca,2018-07-19 15:13:00,70,150.0,2017-10-17 05:00:00,martes,30,Normal,Seca y limpia,Plano,Terraplen,Recta,Parcial con reducción de carriles,1,0,3,0,3.0,Choque,desobediencia a normas y senales,3105_1_70,16.0,9.0
Valle del Cauca,2018-07-19 15:18:00,70,810.0,2017-10-18 05:00:00,miercoles,40,Normal,Seca y limpia,Plano,Terraplen,Recta,Parcial con reducción de carriles,1,0,0,1,1.0,Choque,no determinada,3105_1_70,20.0,5.0
Casanare,2018-07-19 19:10:00,83,650.0,2017-03-12 05:00:00,domingo,0,Normal,Humeda,Plano,Terraplen,Recta,Transito normal con precaución,16,0,0,0,0.0,Salida de la vía sin volcarse,fallas mecanicas y del sistema electrico,6515_1_83,16.0,0.0
Casanare,2018-07-19 19:33:00,95,640.0,2017-03-20 05:00:00,lunes,0,Seca,Seca y limpia,Plano,Terraplen,Recta,Transito normal con precaución,13,0,0,1,1.0,Volcamiento,embriaguez o sustancias alucinogenas,6515_1_95,13.0,0.0
Cesar,2018-07-23 19:34:00,44,320.0,2018-06-28 05:00:00,jueves,0,Seca,Seca y limpia,Plano,Terraplen,Recta,Transito normal con precaución,2,15,0,0,0.0,Choque,adelantamientos indebidos,4515_1_44,14.0,12.0
Cesar,2018-07-23 19:54:00,69,150.0,2018-06-27 05:00:00,miercoles,0,Seca,Seca y limpia,Plano,Terraplen,Recta,Transito normal con precaución,23,0,0,0,0.0,Salida de la vía sin volcarse,defectos fisicos y psiquicos,4515_1_69,23.0,0.0
Meta,2018-08-09 13:13:00,88,800.0,2018-07-09 05:00:00,lunes,55,Normal,Seca y limpia,Escarpado,Terraplen,Recta,Transito normal con precaución,13,55,1,0,1.0,Volcamiento,fallas mecanicas y del sistema electrico,40MTA_0_88,13.0,0.0
Casanare,2018-08-09 13:11:00,61,100.0,2018-07-01 05:00:00,domingo,0,Lluvia,Humeda,Montañoso,Media Ladera Derecha,Recta,Transito normal con precaución,0,0,0,0,0.0,Incendio,no determinada,6211_1_61,11.0,13.0
Boyacá,2018-08-09 13:25:00,95,1350.0,2018-06-13 05:00:00,miercoles,0,Lluvia,Humeda,Plano,Media ladera Izquierda,Curva Derecha,Transito normal con precaución,12,30,0,0,0.0,Choque,exceso de velocidad,5503_1_95,12.0,0.0
Casanare,2018-08-09 13:31:00,74,800.0,2018-07-06 05:00:00,viernes,30,Normal,Seca y limpia,Montañoso,Cajón,Recta,Transito normal con precaución,0,0,0,0,0.0,Volcamiento,no determinada,6211_1_74,8.0,16.0
Boyacá,2018-08-09 13:33:00,30,0.0,2018-07-02 05:00:00,lunes,40,Lluvia,Humeda,Ondulado,Media Ladera Derecha,Curva Izquierda,Transito normal con precaución,6,50,1,0,1.0,Choque,imprudencia del conductor,5503_1_30,6.0,0.0
Casanare,2018-08-09 13:38:00,86,410.0,2018-07-07 05:00:00,sabado,0,Normal,Seca y limpia,Montañoso,Media Ladera Derecha,Recta,Transito normal con precaución,0,0,0,0,0.0,Salida de la vía sin volcarse,no determinada,6211_1_86,6.0,18.0
Casanare,2018-08-09 13:44:00,34,420.0,2018-07-08 05:00:00,domingo,0,Normal,Seca y limpia,Montañoso,Media Ladera Derecha,Recta,Transito normal con precaución,0,0,0,0,2.0,Choque,no determinada,6211_1_34,16.0,8.0
Casanare,2018-08-09 13:48:00,32,950.0,2018-07-22 05:00:00,domingo,0,Normal,Humeda,Montañoso,Media Ladera Derecha,Curva Izquierda,Transito normal con precaución,0,0,0,0,0.0,Volcamiento,no determinada,6211_1_32,3.0,21.0
Casanare,2018-08-09 13:51:00,117,500.0,2018-07-27 05:00:00,viernes,0,Lluvia,Humeda,Montañoso,Media ladera Izquierda,Curva Derecha,Cierre total,0,40,0,0,0.0,Choque,no determinada,6211_1_117,7.0,17.0
Casanare,2018-08-09 13:57:00,38,150.0,2018-07-28 05:00:00,sabado,45,Sol,Humeda,Montañoso,Media Ladera Derecha,Curva Derecha,Transito normal con precaución,0,0,0,0,0.0,Choque,no determinada,6211_1_38,11.0,13.0
Boyacá,2018-08-09 13:42:00,24,380.0,2018-07-08 05:00:00,domingo,40,Lluvia,Humeda,Ondulado,Terraplen,Recta,Transito normal con precaución,18,40,1,0,1.0,Choque,no mantener distancia de seguridad,5503_1_24,18.0,0.0
Casanare,2018-08-09 14:10:00,72,300.0,2018-07-30 05:00:00,lunes,0,Normal,Seca y limpia,Montañoso,Media Ladera Derecha,Curva Derecha,Transito normal con precaución,0,0,0,0,0.0,Salida de la vía sin volcarse,no determinada,6211_1_72,4.0,20.0
Nariño,2018-08-09 14:54:00,24,260.0,2018-07-04 05:00:00,miercoles,15,Sol,Seca y limpia,Plano,Cajón,Curva Derecha,Transito normal con precaución,6,15,0,0,0.0,Atropello,exceso de velocidad,2501A_0_24,6.0,0.0
Nariño,2018-08-09 15:13:00,12,320.0,2018-07-19 05:00:00,jueves,0,Lluvia,Humeda,Montañoso,Media ladera Izquierda,Curva Izquierda,Transito normal con precaución,7,0,2,0,2.0,Choque,exceso de velocidad,1003_1_12,7.0,0.0
Nariño,2018-08-09 15:20:00,29,120.0,2018-07-19 05:00:00,jueves,50,Niebla,Seca y limpia,Montañoso,Media Ladera Derecha,Curva Izquierda,Transito normal con precaución,17,50,0,1,1.0,No determinado,no determinada,1003_1_29,17.0,0.0
Nariño,2018-08-09 15:27:00,27,230.0,2018-07-30 05:00:00,lunes,30,Sol,Seca y limpia,Plano,Cajón,Curva Derecha,Transito normal con precaución,5,30,0,0,0.0,Choque,exceso de velocidad,2501A_0_27,5.0,0.0
Norte de Santander,2018-08-09 15:40:00,39,300.0,2018-06-09 05:00:00,sabado,20,Normal,Seca y limpia,Plano,Terraplen,Recta,Transito normal con precaución,0,0,0,0,1.0,Otro,estacionamiento y senalizacion imprudente,5507_0_39,10.0,14.0
Norte de Santander,2018-08-09 15:40:00,13,550.0,2018-07-16 05:00:00,lunes,0,Normal,Seca y limpia,Plano,Terraplen,Curva Derecha,Transito normal con precaución,0,0,0,0,1.0,Choque,maniobras imprudentes,55NSA_1_13,14.0,10.0
Norte de Santander,2018-08-09 15:40:00,9,850.0,2018-07-07 05:00:00,sabado,40,Normal,Seca y limpia,Plano,Terraplen,Curva Derecha,Transito normal con precaución,0,0,0,0,1.0,Choque,impericia en el manejo,55NSA_2_9,21.0,3.0
Nariño,2018-08-09 15:31:00,97,505.0,2018-07-30 05:00:00,lunes,0,Sol,Seca y limpia,Ondulado,Media Ladera Derecha,Curva Derecha,Transito normal con precaución,8,0,2,0,2.0,No determinado,exceso de velocidad,2501A_0_97,8.0,0.0
Quindío,2018-08-09 22:58:00,22,600.0,2018-07-18 05:00:00,miercoles,30,Normal,Seca y limpia,Montañoso,Media Ladera Derecha,Curva Izquierda,Transito normal con precaución,0,0,0,0,0.0,Choque,maniobras imprudentes,4003_1_22,0.0,0.0
Quindío,2018-08-09 23:07:00,11,830.0,2018-07-24 05:00:00,martes,50,Normal,Seca y limpia,Montañoso,Media ladera Izquierda,Recta,Parcial con reducción de carriles,0,40,0,0,0.0,Choque,adelantamientos indebidos,4003_1_11,15.0,9.0
Quindío,2018-08-09 23:10:00,44,200.0,2018-07-26 05:00:00,jueves,50,Normal,Seca y limpia,Plano,Terraplen,Recta,Parcial con reducción de carriles,1,0,1,0,1.0,Choque,no mantener distancia de seguridad,4002_1_44,9.0,16.0
Quindío,2018-08-09 23:13:00,23,600.0,2018-07-26 05:00:00,jueves,30,Normal,Seca y limpia,Montañoso,Media Ladera Derecha,Curva Derecha,Transito normal con precaución,0,0,0,0,0.0,Choque,no determinada,4003_1_23,8.0,16.0
Quindío,2018-08-09 23:16:00,19,500.0,2018-07-27 05:00:00,viernes,30,Normal,Seca y limpia,Montañoso,Media Ladera Derecha,Curva Izquierda,Transito normal con precaución,0,0,0,0,0.0,Volcamiento,no determinada,4003_1_19,7.0,17.0
Quindío,2018-08-09 23:19:00,24,800.0,2018-07-28 05:00:00,sabado,0,Lluvia,Humeda,Montañoso,Media Ladera Derecha,Curva Izquierda,Transito normal con precaución,0,0,0,0,0.0,Volcamiento,no determinada,4003_1_24,23.0,1.0
Quindío,2018-08-09 23:23:00,11,0.0,2018-07-30 05:00:00,lunes,50,Lluvia,Humeda,Plano,Cajón,Recta,Parcial con reducción de carriles,1,0,0,0,1.0,Atropello,no determinada,2901B_1_11,4.0,21.0
Quindío,2018-08-09 23:28:00,14,890.0,2018-07-31 05:00:00,martes,40,Normal,Seca y limpia,Montañoso,Media ladera Izquierda,Recta,Parcial con reducción de carriles,0,40,0,0,0.0,Choque,no determinada,4003_1_14,13.0,11.0
Boyacá,2018-08-10 15:01:00,22,250.0,2018-07-01 05:00:00,domingo,0,Lluvia,Humeda,Montañoso,Media Ladera Derecha,Curva Izquierda,Transito normal con precaución,0,0,0,0,0.0,Choque,desobediencia a normas y senales,6209_0_22,0.0,0.0
Boyacá,2018-08-10 15:09:00,18,380.0,2018-07-17 05:00:00,martes,0,Normal,Seca y limpia,Montañoso,Media Ladera Derecha,Curva Derecha,Transito normal con precaución,0,0,0,0,0.0,Choque,adelantamientos indebidos,6209_0_18,16.0,8.0
Risaralda,2018-08-10 15:18:00,0,950.0,2018-06-26 05:00:00,martes,0,Normal,Seca y limpia,Plano,Terraplen,Recta,Transito normal con precaución,0,0,0,0,0.0,Choque,no mantener distancia de seguridad,2902_1_0,10.0,14.0
Risaralda,2018-08-10 15:25:00,0,0.0,2018-06-28 05:00:00,jueves,13,Lluvia,Humeda,Plano,Terraplen,Recta,Transito normal con precaución,0,0,0,0,0.0,Choque,no mantener distancia de seguridad,29RSA_2_0,7.0,17.0
Risaralda,2018-08-10 15:33:00,10,600.0,2018-06-28 05:00:00,jueves,25,Normal,Humeda,Plano,Media Ladera Derecha,Recta,Transito normal con precaución,0,0,0,0,0.0,Choque,no mantener distancia de seguridad,29RSC_1_10,7.0,17.0
Risaralda,2018-08-10 15:38:00,47,100.0,2018-06-28 05:00:00,jueves,45,Normal,Seca y limpia,Ondulado,Media ladera Izquierda,Curva Derecha,Transito normal con precaución,0,0,1,0,1.0,Choque,no determinada,2507_1_47,15.0,9.0
Risaralda,2018-08-10 15:54:00,5,900.0,2018-06-29 05:00:00,viernes,0,Lluvia,Humeda,Plano,Media ladera Izquierda,Recta,Transito normal con precaución,0,0,0,0,0.0,Choque,no determinada,2507_1_5,2.0,22.0
Risaralda,2018-08-10 16:01:00,1,860.0,2018-06-29 05:00:00,viernes,10,Normal,Seca y limpia,Plano,Terraplen,Recta,Transito normal con precaución,0,0,0,0,0.0,Choque,maniobras imprudentes,2902_1_1,19.0,5.0
Risaralda,2018-08-10 16:12:00,0,0.0,2018-06-29 05:00:00,viernes,20,Normal,Humeda,Plano,Terraplen,Recta,Transito normal con precaución,0,0,0,0,0.0,Choque,no mantener distancia de seguridad,29RSA_2_0,16.0,8.0
Risaralda,2018-08-10 16:16:00,0,750.0,2018-06-29 05:00:00,viernes,20,Normal,Seca y limpia,Plano,Terraplen,Recta,Transito normal con precaución,0,0,0,0,0.0,Choque,adelantamientos indebidos,2902_1_0,10.0,14.0
Risaralda,2018-08-10 16:20:00,7,600.0,2018-06-30 05:00:00,sabado,30,Normal,Seca y limpia,Plano,Terraplen,Recta,Transito normal con precaución,0,0,0,0,0.0,Choque,exceso en horas de conduccion,50RS01_1_7,11.0,13.0
Risaralda,2018-08-10 16:24:00,5,300.0,2018-06-30 05:00:00,sabado,45,Normal,Seca y limpia,Ondulado,Media ladera Izquierda,Recta,Transito normal con precaución,0,0,2,0,2.0,Choque,desobediencia a normas y senales,29RSC_1_5,11.0,13.0
Huila,2018-08-10 22:10:00,15,380.0,2018-07-22 05:00:00,domingo,30,Normal,Seca y limpia,Plano,Terraplen,Recta,Transito normal con precaución,12,30,1,0,1.0,Choque,exceso de velocidad,2003A_0_15,12.0,0.0
Huila,2018-08-10 22:24:00,16,800.0,2018-07-22 05:00:00,domingo,0,Normal,Seca y limpia,Plano,Terraplen,Recta,Transito normal con precaución,10,20,4,0,4.0,Choque,exceso de velocidad,2003A_0_16,10.0,0.0
Huila,2018-08-10 22:32:00,18,300.0,2018-07-28 05:00:00,sabado,40,Normal,Seca y limpia,Plano,Media Ladera Derecha,Curva Derecha,Transito normal con precaución,9,40,12,1,13.0,Choque,defectos fisicos y psiquicos,2003_0_18,6.0,3.0
Cesar,2018-08-11 12:59:00,90,200.0,2018-06-19 05:00:00,martes,0,Normal,Seca y limpia,Plano,Terraplen,Recta,Transito normal con precaución,5,0,0,0,0.0,Choque,condiciones de la via y factores ambientales,4901_1_90,5.0,0.0
Quindío,2017-06-28 20:20:00,47,500.0,2017-03-19 05:00:00,domingo,20,Lluvia,Humeda,Plano,Terraplen,Recta,Cierre total,1,0,0,2,1.0,Atropello,no determinada,4002_2_47,9.0,16.0
Cesar,2018-08-11 12:59:00,15,800.0,2018-06-22 05:00:00,viernes,0,Normal,Seca y limpia,Plano,Terraplen,Recta,Transito normal con precaución,16,0,0,4,5.0,Choque,exceso de velocidad,4901_1_15,16.0,0.0
Cesar,2018-08-11 12:59:00,7,200.0,2018-06-25 05:00:00,lunes,30,Normal,Seca y limpia,Plano,Terraplen,Curva Derecha,Transito normal con precaución,19,30,1,1,7.0,Choque,desobediencia a normas y senales,4901_1_7,19.0,0.0
Cesar,2018-08-11 12:59:00,16,500.0,2018-06-28 05:00:00,jueves,30,Normal,Seca y limpia,Plano,Terraplen,Recta,Transito normal con precaución,23,30,0,0,7.0,Choque,condiciones de la via y factores ambientales,4901_1_16,23.0,0.0
Cesar,2018-08-11 12:59:00,22,400.0,2018-07-05 05:00:00,jueves,50,Normal,Seca y limpia,Plano,Terraplen,Recta,Transito normal con precaución,8,50,0,0,7.0,Choque,condiciones de la via y factores ambientales,4901_1_22,8.0,0.0
Cesar,2018-08-11 12:59:00,9,900.0,2018-07-06 05:00:00,viernes,30,Normal,Seca y limpia,Plano,Terraplen,Recta,Transito normal con precaución,19,30,2,1,3.0,Choque,maniobras imprudentes,4901_1_9,19.0,0.0
Cesar,2018-08-11 14:09:00,121,870.0,2018-07-06 05:00:00,viernes,0,Normal,Seca y limpia,Plano,Terraplen,Recta,Transito normal con precaución,22,0,0,0,0.0,Choque,desobediencia a normas y senales,4901_1_121,22.0,0.0
Cesar,2018-08-11 14:33:00,7,200.0,2018-07-14 05:00:00,sabado,20,Normal,Seca y limpia,Plano,Terraplen,Curva Izquierda,Transito normal con precaución,9,20,0,0,0.0,Volcamiento,fallas mecanicas y del sistema electrico,4901_1_7,9.0,0.0
Cesar,2018-08-11 14:33:00,67,700.0,2018-07-21 05:00:00,sabado,40,Normal,Seca y limpia,Plano,Terraplen,Recta,Transito normal con precaución,5,40,0,0,0.0,Choque,desobediencia a normas y senales,4901_1_67,5.0,0.0
Cesar,2018-08-11 14:33:00,5,800.0,2018-07-23 05:00:00,lunes,0,Normal,Seca y limpia,Plano,Terraplen,Recta,Transito normal con precaución,3,0,0,0,0.0,Choque,condiciones de la via y factores ambientales,4901_1_5,3.0,0.0
Cesar,2018-08-11 14:33:00,135,250.0,2018-07-24 05:00:00,martes,50,Normal,Seca y limpia,Plano,Terraplen,Recta,Transito normal con precaución,10,50,1,0,1.0,Choque,no mantener distancia de seguridad,4901_1_135,10.0,0.0
Boyacá,2018-08-12 23:57:00,45,900.0,2018-07-17 05:00:00,martes,20,Normal,Seca y limpia,Plano,Media Ladera Derecha,Recta,Parcial con reducción de carriles,0,30,0,0,7.0,Choque,adelantamientos indebidos,6209_0_45,17.0,7.0
Boyacá,2018-08-13 00:15:00,48,800.0,2018-07-22 05:00:00,domingo,30,Normal,Seca y limpia,Montañoso,Media Ladera Derecha,Recta,Parcial con reducción de carriles,0,30,0,0,5.0,Choque,condiciones de la via y factores ambientales,6209_0_48,4.0,20.0
Boyacá,2018-08-13 00:23:00,8,800.0,2018-07-12 05:00:00,jueves,20,Normal,Seca y limpia,Plano,Terraplen,Recta,Transito normal con precaución,0,0,2,0,2.0,Choque,impericia en el manejo,6008_0_8,14.0,10.0
Norte de Santander,2018-08-14 14:57:00,122,853.0,2018-07-03 05:00:00,martes,45,Normal,Seca y limpia,Plano,Terraplen,Recta,Transito normal con precaución,0,0,0,1,1.0,Choque,no determinada,6604_0_122,21.0,3.0
Casanare,2018-08-14 15:22:00,57,900.0,2018-07-01 05:00:00,domingo,30,Seca,Seca y limpia,Plano,Terraplen,Recta,Transito normal con precaución,16,30,1,0,1.0,Atropello,exceso de velocidad,6515_1_57,16.0,0.0
Casanare,2018-08-14 15:32:00,60,700.0,2018-07-08 05:00:00,domingo,30,Seca,Seca y limpia,Plano,Terraplen,Recta,Transito normal con precaución,1,30,1,0,1.0,Choque,defectos fisicos y psiquicos,6515_1_60,1.0,0.0
Casanare,2018-08-14 15:36:00,56,388.0,2018-07-09 05:00:00,lunes,0,Seca,Seca y limpia,Plano,Terraplen,Recta,Transito normal con precaución,20,0,1,0,1.0,Atropello,no determinada,6515_1_56,20.0,0.0
Caldas,2018-08-14 22:27:00,39,260.0,2018-07-08 05:00:00,domingo,30,Normal,Seca y limpia,Montañoso,Media ladera Izquierda,Recta,Parcial con paso alternado,21,40,0,0,0.0,Choque,no determinada,2902_1_39,21.0,0.0
Casanare,2018-08-14 15:41:00,59,0.0,2018-07-21 05:00:00,sabado,30,Seca,Seca y limpia,Plano,Terraplen,Recta,Transito normal con precaución,2,30,1,0,1.0,Caída ocupante,embriaguez o sustancias alucinogenas,6515_1_59,2.0,0.0
Casanare,2018-08-14 15:45:00,56,945.0,2018-07-28 05:00:00,sabado,30,Seca,Seca y limpia,Plano,Terraplen,Recta,Transito normal con precaución,2,30,0,1,2.0,Choque,no determinada,6515_2_56,2.0,0.0
Norte de Santander,2018-08-14 15:27:00,60,470.0,2018-07-19 05:00:00,jueves,0,Lluvia,Humeda,Ondulado,Media Ladera Derecha,Curva Izquierda,Transito normal con precaución,0,0,0,0,0.0,Volcamiento,fallas mecanicas y del sistema electrico,6604_0_60,19.0,5.0
Antioquia,2018-08-14 19:10:00,0,10.0,2018-02-23 05:00:00,viernes,0,Normal,Seca y limpia,Plano,Media Ladera Derecha,Curva Izquierda,Transito normal con precaución,14,30,0,0,0.0,Choque,no determinada,6206_1_0,14.0,0.0
Antioquia,2018-08-14 19:22:00,53,826.0,2018-02-23 05:00:00,viernes,0,Normal,Seca y limpia,Montañoso,Media ladera Izquierda,Recta,Parcial con reducción de carriles,14,30,1,0,1.0,Choque,no determinada,6205_1_53,14.0,0.0
Antioquia,2018-08-14 19:22:00,54,190.0,2018-02-02 05:00:00,viernes,0,Normal,Seca y limpia,Montañoso,Media ladera Izquierda,Recta,Transito normal con precaución,19,35,0,0,1.0,Choque,maniobras imprudentes,6205_1_54,19.0,0.0
Antioquia,2018-08-14 19:39:00,54,690.0,2018-02-16 05:00:00,viernes,0,Normal,Seca y limpia,Montañoso,Media ladera Izquierda,Curva Derecha,Transito normal con precaución,16,30,0,0,0.0,Choque,no determinada,6205_1_54,16.0,0.0
Antioquia,2018-08-14 19:39:00,0,970.0,2018-02-26 05:00:00,lunes,50,Normal,Seca y limpia,Montañoso,Media Ladera Derecha,Recta,Parcial con reducción de carriles,13,10,2,0,2.0,Choque,no mantener distancia de seguridad,6206_1_0,12.0,1.0
Antioquia,2018-08-14 19:39:00,96,150.0,2018-02-04 05:00:00,domingo,15,Normal,Seca y limpia,Ondulado,Media ladera Izquierda,Recta,Transito normal con precaución,5,20,0,0,2.0,Choque,no determinada,6206_1_96,5.0,0.0
Antioquia,2018-08-14 20:07:00,96,275.0,2018-02-13 05:00:00,martes,50,Normal,Seca y limpia,Ondulado,Media ladera Izquierda,Recta,Parcial con reducción de carriles,10,0,1,0,1.0,Choque,no determinada,6206_1_96,9.0,1.0
Antioquia,2018-08-14 20:07:00,96,300.0,2018-04-09 05:00:00,lunes,30,Normal,Seca y limpia,Ondulado,Media ladera Izquierda,Recta,Parcial con reducción de carriles,2,40,2,0,3.0,Atropello,condiciones de la via y factores ambientales,6206_1_96,2.0,0.0
Caldas,2018-08-14 20:08:00,9,100.0,2018-07-13 05:00:00,viernes,30,Normal,Seca y limpia,Montañoso,Terraplen,Curva Derecha,Parcial con paso alternado,9,45,2,0,2.0,Atropello,conducta de peatones,2508_1_9,9.0,0.0
Caldas,2018-08-14 20:17:00,33,800.0,2018-07-12 05:00:00,jueves,30,Normal,Seca y limpia,Ondulado,Media ladera Izquierda,Curva Derecha,Parcial con paso alternado,16,45,0,0,0.0,Volcamiento,no determinada,2508_1_33,16.0,0.0
Caldas,2018-08-14 20:22:00,47,100.0,2018-07-05 05:00:00,jueves,30,Normal,Seca y limpia,Montañoso,Media ladera Izquierda,Curva Izquierda,Parcial con paso alternado,18,30,1,0,1.0,Choque,adelantamientos indebidos,2508_1_47,18.0,0.0
Caldas,2018-08-14 20:26:00,29,170.0,2018-07-10 05:00:00,martes,0,Normal,Seca y limpia,Montañoso,Media ladera Izquierda,Curva Izquierda,Parcial con paso alternado,23,30,5,0,5.0,Volcamiento,no determinada,2902_1_29,23.0,0.0
Caldas,2018-08-14 22:09:00,29,600.0,2018-07-21 05:00:00,sabado,40,Lluvia,Humeda,Montañoso,Media ladera Izquierda,Recta,Parcial con paso alternado,22,30,8,0,8.0,Choque,condiciones de la via y factores ambientales,2902_1_29,21.0,1.0
Caldas,2018-08-14 22:11:00,31,0.0,2018-07-03 05:00:00,martes,30,Normal,Seca y limpia,Montañoso,Media ladera Izquierda,Recta,Parcial con paso alternado,11,40,1,0,1.0,Atropello,no determinada,2902_1_31,11.0,0.0
Caldas,2018-08-14 22:14:00,32,0.0,2018-07-01 05:00:00,domingo,10,Lluvia,Humeda,Montañoso,Media ladera Izquierda,Curva Derecha,Parcial con paso alternado,19,30,0,0,0.0,Choque,condiciones de la via y factores ambientales,2902_1_32,19.0,0.0
Caldas,2018-08-14 22:31:00,39,350.0,2018-07-28 05:00:00,sabado,53,Normal,Seca y limpia,Montañoso,Media ladera Izquierda,Recta,Parcial con paso alternado,7,0,0,0,0.0,Choque,condiciones de la via y factores ambientales,2902_1_39,6.0,1.0
Caldas,2018-08-14 22:43:00,39,850.0,2018-07-25 05:00:00,miercoles,10,Normal,Seca y limpia,Montañoso,Media ladera Izquierda,Recta,Parcial con paso alternado,16,50,1,0,1.0,Atropello,conducta de peatones,2902_1_39,16.0,0.0
Caldas,2018-08-14 22:47:00,44,500.0,2018-07-09 05:00:00,lunes,40,Normal,Seca y limpia,Ondulado,Media ladera Izquierda,Curva Derecha,Parcial con paso alternado,18,0,1,0,1.0,Choque,no determinada,2902_1_44,17.0,1.0
Valle del Cauca,2018-08-15 02:21:00,7,316.0,2018-07-17 05:00:00,martes,45,Seca,Seca y limpia,Ondulado,Cajón,Recta,Transito normal con precaución,0,0,0,0,0.0,Incendio,maniobras imprudentes,2302_1_7,19.0,5.0
Caldas,2018-08-15 13:28:00,25,0.0,2018-07-25 05:00:00,miercoles,30,Normal,Seca y limpia,Montañoso,Media ladera Izquierda,Recta,Parcial con paso alternado,9,40,0,0,0.0,Choque,no mantener distancia de seguridad,5005_1_25,9.0,0.0
Casanare,2018-08-15 13:30:00,2,300.0,2018-07-28 05:00:00,sabado,0,Seca,Seca y limpia,Ondulado,Media Ladera Derecha,Recta,Transito normal con precaución,15,0,0,0,0.0,Volcamiento,fallas mecanicas y del sistema electrico,6405_0_2,15.0,0.0
Caldas,2018-08-15 13:31:00,26,900.0,2018-07-11 05:00:00,miercoles,15,Normal,Seca y limpia,Montañoso,Media ladera Izquierda,Recta,Parcial restringido a vehiculos pesados,13,15,2,0,2.0,Choque,no mantener distancia de seguridad,5005_1_26,13.0,0.0