territorial,fecha_registro,pr,distancia_pr,fecha_acc,dia_semana_acc,min_acc,condic_meteor,estado_super,terreno,secc_tip,geometria_acc,tipo_cierre,horas_cierre,min_cierre,n_heridos,n_muertos,n_victimas,clase_accidente,causa_posible,ref_loc,hora_acc,duracion_cierre_horas
Caldas,2018-08-15 13:37:00,28,100.0,2018-07-02 05:00:00,lunes,50,Normal,Seca y limpia,Montañoso,Media ladera Izquierda,Curva Izquierda,Parcial con paso alternado,7,0,0,0,0.0,Choque,no mantener distancia de seguridad,5005_2_28,6.0,1.0
Caldas,2018-08-15 13:48:00,28,230.0,2018-07-10 05:00:00,martes,10,Normal,Seca y limpia,Montañoso,Media ladera Izquierda,Recta,Parcial con paso alternado,15,20,0,0,0.0,Choque,no mantener distancia de seguridad,5005_2_28,15.0,0.0
Valle del Cauca,2018-08-15 13:50:00,1,450.0,2018-02-05 05:00:00,lunes,40,Normal,Seca y limpia,Plano,Terraplen,Recta,Transito normal con precaución,1,0,0,0,0.0,Choque,no mantener distancia de seguridad,2301_1_1,7.0,18.0
Valle del Cauca,2018-08-15 14:00:00,8,425.0,2018-02-10 05:00:00,sabado,30,Normal,Seca y limpia,Plano,Terraplen,Curva Izquierda,Transito normal con precaución,1,0,4,0,4.0,Choque,maniobras imprudentes,2301_1_8,10.0,15.0
Valle del Cauca,2018-08-15 14:06:00,3,550.0,2018-02-12 05:00:00,lunes,15,Normal,Seca y limpia,Plano,Terraplen,Curva Derecha,Transito normal con precaución,1,0,1,0,1.0,Choque,no mantener distancia de seguridad,2301_2_3,2.0,23.0
Caldas,2018-08-15 13:49:00,33,700.0,2018-07-03 05:00:00,martes,30,Normal,Seca y limpia,Montañoso,Media ladera Izquierda,Curva Derecha,Parcial con paso alternado,21,55,0,0,0.0,Choque,no mantener distancia de seguridad,5005_1_33,20.0,1.0
Caldas,2018-08-15 14:10:00,0,900.0,2018-07-11 05:00:00,miercoles,30,Normal,Seca y limpia,Montañoso,Media ladera Izquierda,Recta,Parcial con paso alternado,19,5,0,0,0.0,Choque,no mantener distancia de seguridad,5006_0_0,18.0,1.0
Valle del Cauca,2018-08-15 14:09:00,8,955.0,2018-02-12 05:00:00,lunes,0,Normal,Seca y limpia,Plano,Terraplen,Curva Derecha,Transito normal con precaución,1,0,0,0,0.0,Choque,no mantener distancia de seguridad,2301_1_8,10.0,15.0
Caldas,2018-08-15 14:13:00,0,980.0,2018-07-06 05:00:00,viernes,40,Normal,Seca y limpia,Montañoso,Media ladera Izquierda,Recta,Parcial con paso alternado,21,55,2,0,2.0,Choque,no mantener distancia de seguridad,5006_0_0,21.0,0.0
Caldas,2018-08-15 14:15:00,1,360.0,2018-07-27 05:00:00,viernes,15,Normal,Seca y limpia,Montañoso,Media ladera Izquierda,Recta,Parcial con paso alternado,16,20,0,0,0.0,Choque,no determinada,5006_0_1,16.0,0.0
Valle del Cauca,2018-08-15 14:13:00,2,90.0,2018-02-19 05:00:00,lunes,0,Normal,Humeda,Plano,Terraplen,Recta,Transito normal con precaución,1,0,3,0,3.0,Choque,no mantener distancia de seguridad,2301_1_2,6.0,19.0
Caldas,2018-08-15 14:17:00,1,600.0,2018-07-12 05:00:00,jueves,0,Normal,Seca y limpia,Montañoso,Media Ladera Derecha,Curva Izquierda,Parcial con paso alternado,17,20,0,0,0.0,Choque,no mantener distancia de seguridad,5006_0_1,17.0,0.0
Valle del Cauca,2018-08-15 14:18:00,8,970.0,2018-02-17 05:00:00,sabado,10,Normal,Seca y limpia,Plano,Terraplen,Curva Izquierda,Transito normal con precaución,1,0,2,0,2.0,Choque,desobediencia a normas y senales,2301_2_8,12.0,13.0
Caldas,2018-08-15 14:21:00,1,780.0,2018-07-06 05:00:00,viernes,30,Lluvia,Humeda,Montañoso,Media Ladera Derecha,Recta,Parcial con paso alternado,14,40,0,0,0.0,Choque,no mantener distancia de seguridad,5006_0_1,14.0,0.0
Caldas,2018-08-15 14:23:00,2,50.0,2018-07-08 05:00:00,domingo,10,Normal,Seca y limpia,Montañoso,Media Ladera Derecha,Recta,Parcial con paso alternado,13,20,1,0,1.0,Choque,maniobras imprudentes,5006_0_2,13.0,0.0
Valle del Cauca,2018-08-15 14:22:00,1,350.0,2018-02-19 05:00:00,lunes,15,Normal,Humeda,Plano,Terraplen,Recta,Transito normal con precaución,1,0,0,0,0.0,Choque,adelantamientos indebidos,2301_1_1,6.0,19.0
Caldas,2018-08-15 14:25:00,2,50.0,2018-07-06 05:00:00,viernes,40,Lluvia,Humeda,Montañoso,Media Ladera Derecha,Recta,Parcial restringido a vehiculos pesados,14,50,1,0,1.0,Choque,no determinada,5006_0_2,14.0,0.0
Valle del Cauca,2018-08-15 14:25:00,2,310.0,2018-02-19 05:00:00,lunes,20,Normal,Seca y limpia,Plano,Terraplen,Recta,Transito normal con precaución,1,0,1,0,1.0,Choque,imprudencia del conductor,2301_2_2,16.0,9.0
Caldas,2018-08-15 14:27:00,2,610.0,2018-07-30 05:00:00,lunes,15,Normal,Seca y limpia,Ondulado,Media Ladera Derecha,Recta,Parcial con paso alternado,8,30,0,0,0.0,Choque,no mantener distancia de seguridad,5006_0_2,8.0,0.0
Caldas,2018-08-15 14:29:00,4,400.0,2018-07-19 05:00:00,jueves,20,Normal,Seca y limpia,Montañoso,Media Ladera Derecha,Curva Izquierda,Parcial con paso alternado,18,30,0,0,0.0,Choque,no mantener distancia de seguridad,5006_0_4,18.0,0.0
Valle del Cauca,2018-08-15 14:28:00,9,180.0,2018-02-21 05:00:00,miercoles,30,Normal,Seca y limpia,Plano,Terraplen,Recta,Transito normal con precaución,1,0,1,0,1.0,Choque,imprudencia del conductor,2301_2_9,7.0,18.0
Caldas,2018-08-15 14:31:00,8,650.0,2018-07-30 05:00:00,lunes,0,Lluvia,Humeda,Montañoso,Media ladera Izquierda,Curva Izquierda,Parcial con paso alternado,20,20,0,0,0.0,Choque,no determinada,5006_0_8,20.0,0.0
Caldas,2018-08-15 14:33:00,11,950.0,2018-07-27 05:00:00,viernes,0,Lluvia,Humeda,Montañoso,Media ladera Izquierda,Curva Izquierda,Parcial con paso alternado,14,15,6,0,6.0,Choque,no determinada,5006_0_11,14.0,0.0
Caldas,2018-08-15 14:35:00,11,950.0,2018-07-10 05:00:00,martes,40,Lluvia,Humeda,Montañoso,Media ladera Izquierda,Curva Izquierda,Parcial con paso alternado,21,5,1,0,1.0,Choque,condiciones de la via y factores ambientales,5006_0_11,20.0,1.0
Caldas,2018-08-15 14:38:00,12,100.0,2018-07-02 05:00:00,lunes,0,Lluvia,Humeda,Montañoso,Media ladera Izquierda,Curva Izquierda,Parcial con paso alternado,20,50,0,0,0.0,Choque,condiciones de la via y factores ambientales,5006_0_12,20.0,0.0
Caldas,2018-08-15 14:46:00,18,950.0,2018-07-07 05:00:00,sabado,20,Lluvia,Humeda,Montañoso,Media ladera Izquierda,Curva Derecha,Parcial con paso alternado,1,0,2,0,2.0,Choque,condiciones de la via y factores ambientales,5006_0_18,0.0,1.0
Caldas,2018-08-15 15:00:00,18,600.0,2018-07-19 05:00:00,jueves,45,Normal,Seca y limpia,Montañoso,Media ladera Izquierda,Curva Derecha,Parcial restringido a vehiculos pesados,11,5,3,0,3.0,Choque,no mantener distancia de seguridad,5006_0_18,10.0,1.0
Antioquia,2018-08-24 20:38:00,12,950.0,2018-07-12 05:00:00,jueves,30,Normal,Seca y limpia,Plano,Terraplen,Recta,Transito normal con precaución,17,1,0,0,0.0,Choque,no determinada,2512_1_12,16.0,1.0
Caldas,2018-08-15 15:03:00,23,100.0,2018-07-02 05:00:00,lunes,10,Lluvia,Humeda,Montañoso,Media ladera Izquierda,Curva Izquierda,Parcial con paso alternado,13,0,0,0,0.0,Choque,condiciones de la via y factores ambientales,5006_0_23,12.0,1.0
Casanare,2018-08-15 16:57:00,125,300.0,2018-04-22 05:00:00,domingo,0,Seca,Seca y limpia,Plano,Terraplen,Recta,Transito normal con precaución,15,0,0,1,1.0,Choque,imprudencia del conductor,6515_1_125,15.0,0.0
Valle del Cauca,2018-08-15 16:59:00,23,390.0,2018-02-03 05:00:00,sabado,20,Normal,Seca y limpia,Plano,Terraplen,Recta,Transito normal con precaución,1,0,2,0,2.0,Choque,estacionamiento y senalizacion imprudente,2505_1_23,14.0,11.0
Valle del Cauca,2018-08-15 18:00:00,69,632.0,2018-02-10 05:00:00,sabado,24,Normal,Seca y limpia,Plano,Terraplen,Recta,Transito normal con precaución,1,0,1,0,1.0,Atropello,conducta de peatones,3105_1_69,17.0,8.0
Valle del Cauca,2018-08-15 18:16:00,73,720.0,2018-02-10 05:00:00,sabado,50,Normal,Seca y limpia,Plano,Terraplen,Recta,Transito normal con precaución,1,0,1,0,1.0,Choque,no determinada,3105_1_73,18.0,7.0
Valle del Cauca,2018-08-15 18:23:00,73,720.0,2018-02-10 05:00:00,sabado,51,Normal,Seca y limpia,Plano,Terraplen,Recta,Transito normal con precaución,1,0,1,0,1.0,Choque,no determinada,3105_1_73,18.0,7.0
Valle del Cauca,2018-08-15 18:27:00,73,720.0,2018-02-27 05:00:00,martes,5,Normal,Seca y limpia,Plano,Terraplen,Recta,Transito normal con precaución,1,0,2,0,2.0,Choque,maniobras imprudentes,3105_1_73,6.0,19.0
Valle del Cauca,2018-08-15 18:35:00,87,365.0,2018-02-12 05:00:00,lunes,30,Normal,Seca y limpia,Plano,Terraplen,Recta,Transito normal con precaución,1,0,1,0,1.0,Choque,maniobras imprudentes,3105_2_87,16.0,9.0
Caquetá,2018-08-15 19:00:00,1,300.0,2018-07-02 05:00:00,lunes,30,Seca,Seca y limpia,Plano,Terraplen,Recta,Transito normal con precaución,0,0,3,0,3.0,Choque,no mantener distancia de seguridad,6503_1_1,15.0,9.0
Antioquia,2018-08-15 19:19:00,96,500.0,2018-02-13 05:00:00,martes,0,Normal,Seca y limpia,Ondulado,Terraplen,Recta,Parcial con reducción de carriles,20,30,1,0,1.0,Atropello,exceso de velocidad,6206_1_96,20.0,0.0
Antioquia,2018-08-15 19:19:00,96,650.0,2017-01-15 05:00:00,domingo,15,Normal,Seca y limpia,Plano,Terraplen,Recta,Transito normal con precaución,14,45,0,0,1.0,Caída de carga,maniobras imprudentes,6206_2_96,14.0,0.0
Antioquia,2018-08-15 19:19:00,96,705.0,2017-03-18 05:00:00,sabado,0,Lluvia,Humeda,Ondulado,Terraplen,Recta,Transito normal con precaución,17,30,0,0,1.0,Choque,fallas mecanicas y del sistema electrico,6206_1_96,17.0,0.0
Antioquia,2018-08-15 19:31:00,96,800.0,2018-02-13 05:00:00,martes,8,Normal,Seca y limpia,Ondulado,Terraplen,Recta,Transito normal con precaución,11,33,0,0,0.0,Choque,no mantener distancia de seguridad,6206_1_96,11.0,0.0
Antioquia,2018-08-15 19:35:00,96,860.0,2017-02-02 05:00:00,jueves,20,Normal,Seca y limpia,Plano,Terraplen,Recta,Transito normal con precaución,18,30,0,0,0.0,Choque,no determinada,6206_1_96,18.0,0.0
Casanare,2018-08-15 19:50:00,55,150.0,2018-05-16 05:00:00,miercoles,30,Seca,Seca y limpia,Plano,Terraplen,Recta,Transito normal con precaución,9,30,2,0,2.0,Choque,no mantener distancia de seguridad,6515_1_55,9.0,0.0
Casanare,2018-08-15 19:54:00,62,100.0,2018-05-29 05:00:00,martes,10,Seca,Seca y limpia,Plano,Terraplen,Curva Izquierda,Transito normal con precaución,15,10,0,0,0.0,Choque,embriaguez o sustancias alucinogenas,6515_1_62,15.0,0.0
Casanare,2018-08-15 19:56:00,65,0.0,2018-05-30 05:00:00,miercoles,30,Seca,Seca y limpia,Plano,Terraplen,Recta,Transito normal con precaución,6,30,0,0,0.0,Choque,exceso de velocidad,6515_1_65,6.0,0.0
Casanare,2018-08-15 19:59:00,61,960.0,2018-05-23 05:00:00,miercoles,0,Lluvia,Humeda,Plano,Terraplen,Recta,Transito normal con precaución,0,0,0,0,0.0,Choque,no determinada,6515_1_61,0.0,0.0
Caquetá,2018-08-15 20:02:00,75,450.0,2018-07-06 05:00:00,viernes,40,Sol,Seca y limpia,Ondulado,Terraplen,Recta,Transito normal con precaución,0,0,0,0,0.0,Volcamiento,no determinada,6503_1_75,16.0,8.0
Casanare,2018-08-15 20:06:00,56,730.0,2018-06-20 05:00:00,miercoles,0,Seca,Seca y limpia,Plano,Terraplen,Recta,Transito normal con precaución,7,0,1,0,1.0,Choque,desobediencia a normas y senales,6515_1_56,7.0,0.0
Casanare,2018-08-15 20:09:00,97,400.0,2018-06-10 05:00:00,domingo,20,Seca,Seca y limpia,Plano,Terraplen,Recta,Transito normal con precaución,7,20,1,0,1.0,Choque,no determinada,6515_1_97,7.0,0.0
Caquetá,2018-08-15 20:08:00,78,160.0,2018-07-16 05:00:00,lunes,0,Seca,Humeda,Ondulado,Terraplen,Curva Izquierda,Transito normal con precaución,0,0,1,0,1.0,Choque,condiciones de la via y factores ambientales,2003A_0_78,10.0,14.0
Casanare,2018-08-15 20:14:00,48,30.0,2017-12-01 05:00:00,viernes,0,Seca,Seca y limpia,Plano,Terraplen,Recta,Transito normal con precaución,19,0,1,0,1.0,Choque,condiciones de la via y factores ambientales,6515_1_48,19.0,0.0
Antioquia,2018-08-15 19:54:00,97,0.0,2018-02-13 05:00:00,martes,25,Normal,Seca y limpia,Ondulado,Media Ladera Derecha,Curva Derecha,Parcial con reducción de carriles,16,30,1,0,1.0,Atropello,exceso de velocidad,6206_1_97,15.0,1.0
Casanare,2018-08-15 20:18:00,56,720.0,2017-10-29 05:00:00,domingo,30,Seca,Seca y limpia,Plano,Terraplen,Recta,Transito normal con precaución,19,30,3,0,3.0,Choque,exceso de velocidad,6515_1_56,19.0,0.0
Casanare,2018-08-15 20:24:00,105,700.0,2017-06-22 05:00:00,jueves,0,Seca,Seca y limpia,Plano,Terraplen,Recta,Transito normal con precaución,23,0,2,1,3.0,Choque,no determinada,6515_1_105,23.0,0.0
Antioquia,2018-08-15 20:22:00,97,80.0,2018-03-21 05:00:00,miercoles,30,Niebla,Humeda,Ondulado,Media Ladera Derecha,Recta,Transito normal con precaución,13,40,1,0,1.0,Atropello,no determinada,6206_1_97,13.0,0.0
Casanare,2018-08-15 20:29:00,127,20.0,2017-06-07 05:00:00,miercoles,30,Seca,Seca y limpia,Plano,Terraplen,Recta,Transito normal con precaución,18,30,1,0,1.0,Choque,embriaguez o sustancias alucinogenas,6515_1_127,18.0,0.0
Caquetá,2018-08-15 20:34:00,2,80.0,2018-07-19 05:00:00,jueves,35,Lluvia,Humeda,Plano,Terraplen,Curva Izquierda,Transito normal con precaución,0,0,2,0,2.0,Choque,condiciones de la via y factores ambientales,6503_1_2,12.0,12.0
Antioquia,2018-08-15 20:33:00,97,200.0,2017-12-20 05:00:00,miercoles,10,Normal,Seca y limpia,Montañoso,Media Ladera Derecha,Curva Derecha,Transito normal con precaución,14,30,0,0,0.0,Choque,maniobras imprudentes,6206_1_97,14.0,0.0
Antioquia,2018-08-15 20:40:00,97,800.0,2018-01-01 05:00:00,lunes,40,Normal,Seca y limpia,Montañoso,Media Ladera Derecha,Curva Derecha,Parcial con reducción de carriles,9,45,1,0,1.0,Choque,fallas mecanicas y del sistema electrico,6206_1_97,9.0,0.0
Antioquia,2018-08-15 20:40:00,97,937.0,2018-03-17 05:00:00,sabado,50,Normal,Seca y limpia,Plano,Terraplen,Recta,Parcial con reducción de carriles,21,10,0,0,1.0,Caída ocupante,fallas mecanicas y del sistema electrico,6206_1_97,20.0,1.0
Valle del Cauca,2018-08-15 16:43:00,22,914.0,2018-02-01 05:00:00,jueves,50,Normal,Seca y limpia,Plano,Terraplen,Recta,Transito normal con precaución,1,0,2,0,2.0,Atropello,desobediencia a normas y senales,2505_1_22,10.0,15.0
Valle del Cauca,2018-08-15 16:48:00,22,65.0,2018-02-01 05:00:00,jueves,40,Normal,Seca y limpia,Plano,Terraplen,Recta,Transito normal con precaución,1,0,1,0,1.0,Choque,no determinada,2505_1_22,11.0,14.0
Casanare,2018-08-15 16:52:00,65,500.0,2018-04-02 05:00:00,lunes,30,Seca,Seca y limpia,Plano,Terraplen,Recta,Transito normal con precaución,18,30,4,0,4.0,Choque,estacionamiento y senalizacion imprudente,6515_1_65,18.0,0.0
Casanare,2017-05-01 14:35:00,1,0.0,2017-04-21 05:00:00,viernes,10,Sol,Seca y limpia,Plano,Terraplen,Curva Derecha,Parcial con paso alternado,2,0,0,0,1.0,Volcamiento,imprudencia del conductor,6513_0_1,11.0,15.0
Valle del Cauca,2018-08-15 16:50:00,24,650.0,2018-02-01 05:00:00,jueves,40,Normal,Seca y limpia,Plano,Terraplen,Recta,Transito normal con precaución,1,0,0,0,0.0,Choque,adelantamientos indebidos,2505_1_24,14.0,11.0
Valle del Cauca,2018-08-15 17:02:00,22,420.0,2018-02-07 05:00:00,miercoles,40,Normal,Seca y limpia,Plano,Terraplen,Recta,Transito normal con precaución,1,0,0,0,0.0,Choque,adelantamientos indebidos,2505_1_22,17.0,8.0
Valle del Cauca,2018-08-15 17:05:00,22,912.0,2018-02-07 05:00:00,miercoles,50,Normal,Seca y limpia,Plano,Terraplen,Recta,Transito normal con precaución,1,0,1,0,1.0,Choque,exceso en horas de conduccion,2505_1_22,18.0,7.0
Valle del Cauca,2018-08-15 17:09:00,22,420.0,2018-02-09 05:00:00,viernes,0,Normal,Seca y limpia,Plano,Terraplen,Recta,Transito normal con precaución,1,0,2,0,2.0,Choque,desobediencia a normas y senales,2505_1_22,11.0,14.0
Valle del Cauca,2018-08-15 17:12:00,21,960.0,2018-02-23 05:00:00,viernes,55,Normal,Seca y limpia,Plano,Terraplen,Curva Derecha,Transito normal con precaución,1,0,0,0,0.0,Choque,adelantamientos indebidos,2505_1_21,5.0,20.0
Valle del Cauca,2018-08-15 17:15:00,22,95.0,2018-02-25 05:00:00,domingo,40,Normal,Seca y limpia,Plano,Terraplen,Recta,Transito normal con precaución,1,0,2,0,2.0,Choque,exceso en horas de conduccion,2505_1_22,7.0,18.0
Casanare,2018-08-16 13:36:00,62,100.0,2017-03-09 05:00:00,jueves,30,Seca,Seca y limpia,Plano,Terraplen,Curva Izquierda,Transito normal con precaución,20,30,2,0,2.0,Choque,exceso de velocidad,6515_1_62,20.0,0.0
Casanare,2018-08-16 13:50:00,57,152.0,2017-03-23 05:00:00,jueves,0,Lluvia,Humeda,Plano,Terraplen,Recta,Transito normal con precaución,9,0,0,0,0.0,Choque,desobediencia a normas y senales,6515_2_57,9.0,0.0
Casanare,2018-08-16 13:55:00,58,185.0,2017-03-26 05:00:00,domingo,0,Seca,Seca y limpia,Plano,Terraplen,Recta,Transito normal con precaución,20,0,0,0,0.0,Choque,imprudencia del conductor,6515_1_58,20.0,0.0
Casanare,2018-08-16 14:01:00,58,397.0,2017-03-31 05:00:00,viernes,53,Seca,Seca y limpia,Plano,Terraplen,Recta,Transito normal con precaución,12,53,1,0,1.0,Choque,maniobras imprudentes,6515_1_58,12.0,0.0
Casanare,2018-08-16 14:06:00,127,900.0,2017-03-30 05:00:00,jueves,30,Seca,Seca y limpia,Plano,Terraplen,Recta,Transito normal con precaución,19,30,2,0,2.0,Atropello,desobediencia a normas y senales,6515_1_127,19.0,0.0
Casanare,2018-08-16 14:23:00,61,960.0,2016-12-10 05:00:00,sabado,30,Seca,Seca y limpia,Plano,Terraplen,Recta,Transito normal con precaución,18,30,1,1,2.0,Choque,maniobras imprudentes,6515_1_61,18.0,0.0
Casanare,2018-08-16 14:29:00,59,750.0,2016-12-12 05:00:00,lunes,0,Seca,Seca y limpia,Plano,Terraplen,Curva Derecha,Transito normal con precaución,9,0,0,1,1.0,Choque,desobediencia a normas y senales,6515_1_59,9.0,0.0
Casanare,2018-08-16 14:40:00,23,600.0,2016-12-25 05:00:00,domingo,0,Seca,Seca y limpia,Plano,Terraplen,Curva Izquierda,Transito normal con precaución,10,0,0,1,1.0,Choque,no determinada,6515_1_23,10.0,0.0
Casanare,2018-08-16 14:43:00,63,800.0,2016-12-29 05:00:00,jueves,20,Seca,Seca y limpia,Plano,Terraplen,Recta,Transito normal con precaución,1,20,0,1,1.0,Choque,exceso de velocidad,6515_1_63,1.0,0.0
Casanare,2018-08-16 14:46:00,52,500.0,2016-12-31 05:00:00,sabado,30,Seca,Seca y limpia,Plano,Terraplen,Recta,Transito normal con precaución,19,30,2,0,2.0,Choque,no determinada,6515_1_52,19.0,0.0
Casanare,2018-08-16 14:49:00,27,100.0,2016-12-31 05:00:00,sabado,0,Seca,Seca y limpia,Plano,Terraplen,Recta,Transito normal con precaución,23,0,2,0,2.0,Volcamiento,imprudencia del conductor,6515_1_27,23.0,0.0
Risaralda,2018-08-29 15:59:00,2,830.0,2018-07-24 05:00:00,martes,30,Normal,Seca y limpia,Plano,Terraplen,Recta,Transito normal con precaución,0,0,0,0,0.0,Choque,no determinada,2902_2_2,7.0,17.0
Boyacá,2018-08-16 16:27:00,16,20.0,2018-07-14 05:00:00,sabado,10,Lluvia,Humeda,Ondulado,Media Ladera Derecha,Curva Izquierda,Transito normal con precaución,4,10,1,0,1.0,Choque,condiciones de la via y factores ambientales,5503_1_16,4.0,0.0
Boyacá,2018-08-16 16:30:00,38,400.0,2018-07-14 05:00:00,sabado,30,Lluvia,Humeda,Ondulado,Media Ladera Derecha,Curva Derecha,Transito normal con precaución,6,30,1,0,1.0,Choque,imprudencia del conductor,5503_1_38,6.0,0.0
Boyacá,2018-08-16 16:34:00,7,90.0,2018-07-17 05:00:00,martes,0,Lluvia,Humeda,Plano,Media ladera Izquierda,Curva Izquierda,Transito normal con precaución,10,0,0,0,0.0,Choque,exceso de velocidad,5503_1_7,10.0,0.0
Boyacá,2018-08-16 16:45:00,9,350.0,2018-07-17 05:00:00,martes,30,Normal,Seca y limpia,Montañoso,Media ladera Izquierda,Curva Izquierda,Transito normal con precaución,17,30,1,0,1.0,Volcamiento,fallas mecanicas y del sistema electrico,6211_1_9,17.0,0.0
Boyacá,2018-08-16 16:49:00,15,550.0,2018-07-18 05:00:00,miercoles,45,Lluvia,Humeda,Ondulado,Media Ladera Derecha,Curva Derecha,Transito normal con precaución,20,45,0,0,0.0,Choque,imprudencia del conductor,6211_1_15,20.0,0.0
Boyacá,2018-08-16 16:53:00,29,950.0,2018-07-21 05:00:00,sabado,40,Normal,Seca y limpia,Ondulado,Media Ladera Derecha,Curva Izquierda,Transito normal con precaución,9,40,1,0,1.0,Choque,embriaguez o sustancias alucinogenas,5503_1_29,9.0,0.0
Boyacá,2018-08-16 17:00:00,35,1020.0,2018-07-23 05:00:00,lunes,40,Lluvia,Humeda,Ondulado,Cajón,Curva Derecha,Cierre total,23,30,4,0,4.0,Choque,imprudencia del conductor,5503_1_35,18.0,5.0
Boyacá,2018-08-16 17:06:00,70,680.0,2018-07-24 05:00:00,martes,20,Normal,Seca y limpia,Montañoso,Media Ladera Derecha,Curva Derecha,Transito normal con precaución,7,20,1,0,1.0,Choque,exceso de velocidad,5503_1_70,7.0,0.0
Boyacá,2018-08-16 17:08:00,34,750.0,2018-07-27 05:00:00,viernes,20,Lluvia,Humeda,Ondulado,Media Ladera Derecha,Curva Derecha,Transito normal con precaución,18,20,0,0,0.0,Choque,imprudencia del conductor,5503_1_34,18.0,0.0
Santander,2018-08-16 17:08:00,27,110.0,2018-07-29 05:00:00,domingo,30,Normal,Seca y limpia,Plano,Terraplen,Curva Izquierda,Transito normal con precaución,19,35,1,1,2.0,Choque,imprudencia del conductor,45A08_1_27,19.0,0.0
Boyacá,2018-08-16 17:10:00,14,800.0,2018-07-27 05:00:00,viernes,30,Lluvia,Humeda,Ondulado,Media Ladera Derecha,Curva Derecha,Transito normal con precaución,13,30,0,0,0.0,Choque,no determinada,6211_1_14,13.0,0.0
Boyacá,2018-08-16 17:20:00,7,680.0,2018-07-27 05:00:00,viernes,20,Lluvia,Humeda,Ondulado,Media Ladera Derecha,Curva Izquierda,Transito normal con precaución,12,20,1,0,1.0,Choque,desobediencia a normas y senales,5503_1_7,12.0,0.0
Boyacá,2018-08-16 17:26:00,30,230.0,2018-07-28 05:00:00,sabado,0,Normal,Seca y limpia,Ondulado,Media ladera Izquierda,Curva Izquierda,Transito normal con precaución,9,0,0,0,0.0,Salida de la vía sin volcarse,maniobras imprudentes,5503_1_30,9.0,0.0
Santander,2018-08-16 17:29:00,31,540.0,2018-07-28 05:00:00,sabado,10,Normal,Seca y limpia,Plano,Terraplen,Recta,Transito normal con precaución,22,10,0,1,1.0,Choque,imprudencia del conductor,45A08_1_31,22.0,0.0
Santander,2018-08-16 17:35:00,38,76.0,2018-07-30 05:00:00,lunes,50,Lluvia,Humeda,Ondulado,Terraplen,Curva Izquierda,Transito normal con precaución,14,50,3,0,3.0,Choque,condiciones de la via y factores ambientales,45A08_1_38,14.0,0.0
Santander,2018-08-16 17:41:00,42,0.0,2018-07-25 05:00:00,miercoles,0,Lluvia,Humeda,Ondulado,Terraplen,Curva Izquierda,Transito normal con precaución,19,0,0,1,1.0,Choque,imprudencia del conductor,45A08_1_42,19.0,0.0
Santander,2018-08-16 17:44:00,67,800.0,2018-07-18 05:00:00,miercoles,30,Normal,Seca y limpia,Ondulado,Media Ladera Derecha,Curva Izquierda,Transito normal con precaución,6,30,0,0,0.0,Choque,fallas mecanicas y del sistema electrico,45A08_1_67,6.0,0.0
Santander,2018-08-16 17:49:00,79,355.0,2018-07-07 05:00:00,sabado,0,Normal,Seca y limpia,Ondulado,Terraplen,Curva Izquierda,Transito normal con precaución,12,0,0,0,0.0,Volcamiento,exceso de velocidad,45A08_1_79,12.0,0.0
Santander,2018-08-16 17:52:00,48,400.0,2018-08-29 05:00:00,miercoles,15,Normal,Seca y limpia,Plano,Terraplen,Recta,Transito normal con precaución,14,15,0,0,0.0,Volcamiento,imprudencia del conductor,45A08_1_48,14.0,0.0
Santander,2018-08-16 17:55:00,67,820.0,2018-07-14 05:00:00,sabado,15,Normal,Seca y limpia,Plano,Media Ladera Derecha,Curva Izquierda,Transito normal con precaución,6,15,0,0,0.0,Choque,no mantener distancia de seguridad,45A08_1_67,6.0,0.0
Valle del Cauca,2018-08-16 23:04:00,111,650.0,2018-02-04 05:00:00,domingo,25,Normal,Seca y limpia,Plano,Media ladera Izquierda,Recta,Cierre total,1,50,6,1,7.0,Choque,fallas mecanicas y del sistema electrico,2504_1_111,8.0,17.0
Valle del Cauca,2018-08-16 23:09:00,110,900.0,2018-02-04 05:00:00,domingo,25,Normal,Helada,Plano,Media ladera Izquierda,Recta,Transito normal con precaución,8,25,2,0,2.0,Atropello,embriaguez o sustancias alucinogenas,2504_1_110,8.0,0.0
Valle del Cauca,2018-08-16 23:09:00,114,335.0,2018-02-06 05:00:00,martes,20,Normal,Seca y limpia,Plano,Terraplen,Recta,Transito normal con precaución,1,0,2,0,4.0,Choque,estacionamiento y senalizacion imprudente,2504_2_114,6.0,19.0
Valle del Cauca,2018-08-16 23:22:00,115,75.0,2018-02-06 05:00:00,martes,45,Normal,Seca y limpia,Plano,Terraplen,Recta,Transito normal con precaución,1,0,1,0,1.0,Choque,maniobras imprudentes,2504_1_115,15.0,10.0
Valle del Cauca,2018-08-16 23:22:00,114,655.0,2018-02-09 05:00:00,viernes,0,Normal,Seca y limpia,Plano,Media Ladera Derecha,Curva Derecha,Transito normal con precaución,1,0,1,0,2.0,Choque,fallas mecanicas y del sistema electrico,2504_1_114,11.0,14.0
Valle del Cauca,2018-08-16 23:35:00,111,0.0,2018-02-18 05:00:00,domingo,40,Normal,Seca y limpia,Plano,Terraplen,Recta,Transito normal con precaución,1,0,2,0,3.0,Atropello,desobediencia a normas y senales,2504_1_111,18.0,7.0
Valle del Cauca,2018-08-16 23:35:00,116,420.0,2018-02-20 05:00:00,martes,5,Normal,Seca y limpia,Plano,Cajón,Recta,Transito normal con precaución,1,0,0,0,3.0,Choque,no mantener distancia de seguridad,2504_1_116,7.0,18.0