territorial,fecha_registro,pr,distancia_pr,fecha_acc,dia_semana_acc,min_acc,condic_meteor,estado_super,terreno,secc_tip,geometria_acc,tipo_cierre,horas_cierre,min_cierre,n_heridos,n_muertos,n_victimas,clase_accidente,causa_posible,ref_loc,hora_acc,duracion_cierre_horas
Valle del Cauca,2018-08-16 23:35:00,111,335.0,2018-02-24 05:00:00,sabado,5,Normal,Seca y limpia,Plano,Terraplen,Recta,Cierre total,1,50,6,0,11.0,Choque,exceso en horas de conduccion,2504_2_111,7.0,18.0
Tolima,2018-08-17 15:16:00,76,960.0,2018-07-01 05:00:00,domingo,20,Normal,Seca y limpia,Plano,Terraplen,Recta,Parcial con paso alternado,0,20,2,0,2.0,Choque,estacionamiento y senalizacion imprudente,4510_2_76,0.0,0.0
Antioquia,2018-08-17 16:03:00,78,280.0,2018-07-03 05:00:00,martes,20,Lluvia,Humeda,Escarpado,Media Ladera Derecha,Curva Derecha,Transito normal con precaución,0,50,2,0,2.0,Volcamiento,condiciones de la via y factores ambientales,5601_1_78,7.0,17.0
Tolima,2018-08-17 15:56:00,41,230.0,2018-07-04 05:00:00,miercoles,50,Normal,Seca y limpia,Plano,Terraplen,Recta,Transito normal con precaución,0,0,0,0,0.0,Choque,exceso en horas de conduccion,4510_2_41,15.0,9.0
Antioquia,2018-08-17 17:14:00,102,10.0,2018-07-11 05:00:00,miercoles,50,Normal,Seca y limpia,Ondulado,Media Ladera Derecha,Recta,Transito normal con precaución,0,20,1,0,1.0,Caída ocupante,imprudencia del conductor,5601_1_102,6.0,18.0
Antioquia,2018-08-17 19:50:00,102,70.0,2018-07-22 05:00:00,domingo,20,Normal,Seca y limpia,Ondulado,Media Ladera Derecha,Curva Izquierda,Transito normal con precaución,0,40,1,0,1.0,Caída ocupante,maniobras imprudentes,5601_1_102,14.0,10.0
Antioquia,2018-08-17 19:55:00,102,600.0,2018-07-28 05:00:00,sabado,0,Normal,Seca y limpia,Ondulado,Media Ladera Derecha,Recta,Transito normal con precaución,0,10,1,0,1.0,Atropello,condiciones de la via y factores ambientales,5601_1_102,20.0,4.0
Antioquia,2018-08-17 19:57:00,102,680.0,2018-07-01 05:00:00,domingo,40,Normal,Seca y limpia,Ondulado,Cajón,Curva Derecha,Transito normal con precaución,0,20,2,0,2.0,Choque,maniobras imprudentes,5601_1_102,10.0,14.0
Valle del Cauca,2018-08-17 20:13:00,106,1535.0,2018-07-23 05:00:00,lunes,28,Normal,Seca y limpia,Plano,Terraplen,Recta,Transito normal con precaución,1,0,0,0,0.0,Choque,no mantener distancia de seguridad,2504_1_106,18.0,7.0
Valle del Cauca,2018-08-17 20:18:00,72,450.0,2018-07-05 05:00:00,jueves,40,Normal,Seca y limpia,Plano,Terraplen,Recta,Transito normal con precaución,1,0,3,0,3.0,Choque,desobediencia a normas y senales,3105_1_72,5.0,20.0
Valle del Cauca,2018-08-17 20:21:00,75,580.0,2018-07-15 05:00:00,domingo,10,Normal,Seca y limpia,Plano,Terraplen,Recta,Transito normal con precaución,1,0,5,0,5.0,Choque,no mantener distancia de seguridad,3105_1_75,20.0,5.0
Tolima,2018-08-17 16:07:00,51,180.0,2018-07-11 05:00:00,miercoles,0,Normal,Seca y limpia,Plano,Terraplen,Recta,Transito normal con precaución,0,0,0,0,0.0,Choque,exceso en horas de conduccion,4510_1_51,14.0,10.0
Antioquia,2018-08-17 16:25:00,82,120.0,2018-07-29 05:00:00,domingo,30,Normal,Seca y limpia,Escarpado,Media Ladera Derecha,Curva Derecha,Transito normal con precaución,0,30,2,0,2.0,Choque,adelantamientos indebidos,5601_1_82,17.0,7.0
Antioquia,2018-08-17 16:35:00,82,310.0,2018-07-12 05:00:00,jueves,40,Normal,Seca y limpia,Escarpado,Media ladera Izquierda,Recta,Transito normal con precaución,7,10,1,0,1.0,Caída ocupante,condiciones de la via y factores ambientales,5601_1_82,7.0,0.0
Antioquia,2018-08-17 16:38:00,83,890.0,2018-07-26 05:00:00,jueves,30,Normal,Material suelto,Escarpado,Media ladera Izquierda,Recta,Transito normal con precaución,4,30,1,0,1.0,Caída ocupante,condiciones de la via y factores ambientales,5601_1_83,7.0,21.0
Antioquia,2018-08-17 16:40:00,85,770.0,2018-07-15 05:00:00,domingo,30,Normal,Humeda,Escarpado,Media ladera Izquierda,Curva Izquierda,Transito normal con precaución,4,30,1,0,1.0,Caída ocupante,condiciones de la via y factores ambientales,5601_1_85,2.0,2.0
Antioquia,2018-08-17 16:43:00,91,100.0,2018-07-27 05:00:00,viernes,30,Normal,Seca y limpia,Escarpado,Media ladera Izquierda,Curva Derecha,Transito normal con precaución,0,30,1,0,1.0,Caída ocupante,adelantamientos indebidos,5601_1_91,10.0,14.0
Tolima,2018-08-17 16:44:00,53,565.0,2018-07-11 05:00:00,miercoles,0,Normal,Seca y limpia,Plano,Terraplen,Recta,Transito normal con precaución,0,0,0,0,0.0,Choque,fallas mecanicas y del sistema electrico,4510_1_53,13.0,11.0
Antioquia,2018-08-17 16:45:00,95,50.0,2018-07-27 05:00:00,viernes,30,Normal,Humeda,Escarpado,Media ladera Izquierda,Curva Izquierda,Transito normal con precaución,2,5,1,0,1.0,Caída ocupante,condiciones de la via y factores ambientales,5601_1_95,12.0,14.0
Tolima,2018-08-17 16:49:00,96,900.0,2018-07-28 05:00:00,sabado,0,Normal,Seca y limpia,Plano,Terraplen,Recta,Parcial con paso alternado,12,0,1,0,1.0,Choque,desobediencia a normas y senales,4510_1_96,12.0,0.0
Antioquia,2018-08-17 17:05:00,101,10.0,2018-07-15 05:00:00,domingo,5,Normal,Humeda,Ondulado,Media Ladera Derecha,Curva Izquierda,Transito normal con precaución,0,10,1,0,1.0,Choque,imprudencia del conductor,5601_1_101,5.0,19.0
Antioquia,2018-08-17 17:08:00,102,200.0,2018-07-09 05:00:00,lunes,30,Normal,Seca y limpia,Ondulado,Media Ladera Derecha,Recta,Transito normal con precaución,0,6,1,0,1.0,Choque,no determinada,5601_1_102,20.0,4.0
Caquetá,2018-08-21 15:29:00,53,120.0,2018-07-09 05:00:00,lunes,0,Seca,Seca y limpia,Ondulado,Terraplen,Recta,Transito normal con precaución,0,0,2,0,2.0,Choque,no determinada,6502_1_53,18.0,6.0
Caquetá,2018-08-21 15:34:00,42,80.0,2018-07-11 05:00:00,miercoles,15,Lluvia,Humeda,Ondulado,Cajón,Curva Izquierda,Transito normal con precaución,0,0,0,0,1.0,Choque,exceso de velocidad,6502_1_42,9.0,15.0
Caquetá,2018-08-21 15:39:00,63,80.0,2018-07-11 05:00:00,miercoles,30,Lluvia,Humeda,Ondulado,Media ladera Izquierda,Curva Izquierda,Transito normal con precaución,0,0,1,0,1.0,Choque,estacionamiento y senalizacion imprudente,2003_0_63,16.0,8.0
Caquetá,2018-08-21 15:43:00,68,880.0,2018-07-17 05:00:00,martes,30,Lluvia,Humeda,Ondulado,Media ladera Izquierda,Recta,Transito normal con precaución,0,0,0,0,0.0,Choque,estacionamiento y senalizacion imprudente,2003_0_68,10.0,14.0
Caquetá,2018-08-21 15:46:00,6,157.0,2018-07-19 05:00:00,jueves,30,Sol,Seca y limpia,Ondulado,Media Ladera Derecha,Curva Izquierda,Transito normal con precaución,0,0,2,0,2.0,Volcamiento,fallas mecanicas y del sistema electrico,6502_1_6,11.0,13.0
Caquetá,2018-08-21 15:51:00,97,750.0,2018-07-23 05:00:00,lunes,30,Sol,Seca y limpia,Plano,Terraplen,Curva Izquierda,Transito normal con precaución,0,0,0,1,1.0,Choque,maniobras imprudentes,6501_0_97,11.0,13.0
Caquetá,2018-08-21 15:55:00,19,330.0,2018-07-26 05:00:00,jueves,45,Lluvia,Humeda,Plano,Media ladera Izquierda,Curva Derecha,Transito normal con precaución,0,0,0,0,1.0,Choque,no determinada,6502_1_19,8.0,16.0
Nariño,2018-08-21 19:24:00,24,340.0,2018-08-03 05:00:00,viernes,30,Sol,Seca y limpia,Plano,Media Ladera Derecha,Curva Izquierda,Transito normal con precaución,8,30,0,0,1.0,Choque,exceso de velocidad,2501A_0_24,8.0,0.0
Boyacá,2018-08-21 19:22:00,31,230.0,2018-03-02 05:00:00,viernes,0,Sol,Seca y limpia,Montañoso,Media Ladera Derecha,Curva Derecha,Transito normal con precaución,3,0,0,0,0.0,Choque,no determinada,6404_0_31,15.0,12.0
Valle del Cauca,2018-08-21 19:45:00,42,500.0,2018-07-15 05:00:00,domingo,0,Normal,Seca y limpia,Montañoso,Media Ladera Derecha,Curva Izquierda,Transito normal con precaución,11,25,2,0,2.0,Choque,no determinada,1901_0_42,11.0,0.0
Caquetá,2018-08-21 19:48:00,8,500.0,2018-07-27 05:00:00,viernes,30,Sol,Seca y limpia,Ondulado,Terraplen,Curva Derecha,Transito normal con precaución,0,0,0,0,0.0,Choque,no determinada,6503_1_8,10.0,14.0
Boyacá,2018-08-21 19:38:00,12,835.0,2018-05-02 05:00:00,miercoles,15,Seca,Seca y limpia,Montañoso,Media Ladera Derecha,Curva Izquierda,Transito normal con precaución,8,15,0,0,0.0,Salida de la vía sin volcarse,exceso de velocidad,6404_0_12,8.0,0.0
Boyacá,2018-08-21 19:38:00,36,920.0,2018-05-15 05:00:00,martes,20,Lluvia,Humeda,Montañoso,Media ladera Izquierda,Curva Derecha,Cierre total,2,30,0,0,0.0,Choque,maniobras imprudentes,6404_0_36,14.0,12.0
Valle del Cauca,2018-08-21 19:58:00,25,860.0,2018-07-28 05:00:00,sabado,30,Normal,Seca y limpia,Montañoso,Media Ladera Derecha,Curva Izquierda,Transito normal con precaución,13,30,4,0,4.0,Choque,no determinada,1901_0_25,13.0,0.0
Valle del Cauca,2018-08-21 20:15:00,37,960.0,2018-07-28 05:00:00,sabado,0,Lluvia,Humeda,Montañoso,Media Ladera Derecha,Curva Izquierda,Transito normal con precaución,15,0,0,0,0.0,Choque,no determinada,1901_0_37,15.0,0.0
Valle del Cauca,2018-08-21 20:15:00,48,500.0,2018-07-03 05:00:00,martes,0,Normal,Seca y limpia,Montañoso,Media Ladera Derecha,Recta,Transito normal con precaución,17,7,0,0,0.0,Choque,no determinada,1901_0_48,17.0,0.0
Norte de Santander,2018-08-21 20:42:00,42,178.0,2018-05-12 05:00:00,sabado,55,Normal,Seca y limpia,Montañoso,Media Ladera Derecha,Recta,Transito normal con precaución,0,0,0,0,4.0,Choque,maniobras imprudentes,7009_0_42,18.0,6.0
Norte de Santander,2018-08-21 20:49:00,28,80.0,2018-05-19 05:00:00,sabado,0,Normal,Seca y limpia,Montañoso,Terraplen,Recta,Parcial con reducción de carriles,0,0,0,1,1.0,Atropello,exceso de velocidad,7009_0_28,18.0,6.0
Tolima,2018-08-21 20:51:00,38,900.0,2018-07-04 05:00:00,miercoles,0,Normal,Seca y limpia,Montañoso,Media Ladera Derecha,Curva Izquierda,Transito normal con precaución,3,0,0,0,0.0,Choque,adelantamientos indebidos,4003_1_38,3.0,0.0
Chocó,2018-09-06 21:04:00,7,300.0,2018-07-22 05:00:00,domingo,30,Lluvia,Humeda,Plano,Terraplen,Curva Izquierda,Transito normal con precaución,2,30,1,2,4.0,Choque,exceso de velocidad,5002_1_7,23.0,3.0
Valle del Cauca,2018-08-21 20:53:00,61,800.0,2018-07-15 05:00:00,domingo,30,Normal,Seca y limpia,Montañoso,Media ladera Izquierda,Recta,Transito normal con precaución,16,50,2,0,2.0,Choque,no determinada,4001_1_61,16.0,0.0
Boyacá,2018-08-21 19:38:00,37,560.0,2018-05-22 05:00:00,martes,50,Seca,Seca y limpia,Montañoso,Terraplen,Curva Izquierda,Transito normal con precaución,15,50,0,0,0.0,Salida de la vía sin volcarse,no determinada,6404_0_37,15.0,0.0
Boyacá,2018-08-21 19:38:00,0,708.0,2018-06-01 05:00:00,viernes,0,Seca,Seca y limpia,Montañoso,Terraplen,Recta,Parcial con reducción de carriles,1,0,0,0,0.0,Choque,condiciones de la via y factores ambientales,6404_0_0,16.0,9.0
Tolima,2018-08-21 20:59:00,28,200.0,2018-07-07 05:00:00,sabado,20,Normal,Seca y limpia,Montañoso,Media ladera Izquierda,Recta,Transito normal con precaución,11,20,0,0,0.0,Choque,maniobras imprudentes,4003_1_28,11.0,0.0
Boyacá,2018-08-21 19:38:00,4,430.0,2018-06-05 05:00:00,martes,30,Seca,Seca y limpia,Montañoso,Media Ladera Derecha,Curva Izquierda,Cierre total,3,0,0,0,0.0,Choque,maniobras imprudentes,6404_0_4,16.0,11.0
Norte de Santander,2018-08-21 20:59:00,107,180.0,2018-06-28 05:00:00,jueves,0,Normal,Seca y limpia,Montañoso,Media Ladera Derecha,Curva Izquierda,Parcial con reducción de carriles,2,0,0,0,0.0,Volcamiento,no determinada,7008_1_107,4.0,22.0
Valle del Cauca,2018-08-21 21:05:00,52,50.0,2018-07-22 05:00:00,domingo,0,Normal,Seca y limpia,Montañoso,Media ladera Izquierda,Curva Derecha,Transito normal con precaución,14,20,3,0,3.0,Choque,no determinada,4001_1_52,14.0,0.0
Tolima,2018-08-21 21:10:00,38,70.0,2018-07-13 05:00:00,viernes,30,Normal,Seca y limpia,Montañoso,Media Ladera Derecha,Curva Derecha,Transito normal con precaución,7,30,0,0,0.0,Choque,imprudencia del conductor,4003_1_38,7.0,0.0
Norte de Santander,2018-08-21 21:14:00,56,565.0,2018-06-28 05:00:00,jueves,30,Normal,Seca y limpia,Montañoso,Media Ladera Derecha,Curva Derecha,Parcial restringido a vehiculos pesados,2,0,0,0,2.0,Choque,imprudencia del conductor,7009_0_56,15.0,11.0
Valle del Cauca,2018-08-21 21:16:00,26,400.0,2018-07-24 05:00:00,martes,0,Normal,Seca y limpia,Montañoso,Media ladera Izquierda,Recta,Transito normal con precaución,8,45,0,0,0.0,Choque,no determinada,4001_1_26,8.0,0.0
Norte de Santander,2018-08-21 21:20:00,11,65.0,2018-07-06 05:00:00,viernes,0,Normal,Seca y limpia,Montañoso,Media ladera Izquierda,Curva Izquierda,Transito normal con precaución,0,0,0,0,6.0,Salida de la vía sin volcarse,fallas mecanicas y del sistema electrico,7009_0_11,14.0,10.0
Valle del Cauca,2018-08-21 21:20:00,25,700.0,2018-07-26 05:00:00,jueves,55,Normal,Seca y limpia,Montañoso,Media ladera Izquierda,Curva Derecha,Transito normal con precaución,8,36,0,0,0.0,Volcamiento,no determinada,4001_1_25,7.0,1.0
Boyacá,2018-08-21 19:38:00,12,115.0,1969-12-31 05:00:00,miercoles,10,Seca,Seca y limpia,Plano,Terraplen,Recta,Transito normal con precaución,1,30,0,0,0.0,Choque,exceso de velocidad,6404_0_12,18.0,7.0
Norte de Santander,2018-08-21 21:23:00,45,240.0,2018-07-09 05:00:00,lunes,0,Normal,Seca y limpia,Montañoso,Media Ladera Derecha,Recta,Cierre total,3,0,0,1,1.0,Choque,no mantener distancia de seguridad,7009_0_45,8.0,19.0
Tolima,2018-08-21 21:19:00,30,0.0,2018-07-18 05:00:00,miercoles,53,Normal,Seca y limpia,Montañoso,Media ladera Izquierda,Recta,Transito normal con precaución,21,53,0,0,0.0,Choque,no mantener distancia de seguridad,4003_1_30,21.0,0.0
Boyacá,2018-08-21 19:38:00,32,60.0,2018-07-22 05:00:00,domingo,30,Seca,Seca y limpia,Montañoso,Media Ladera Derecha,Curva Izquierda,Transito normal con precaución,6,0,0,1,1.0,Choque,embriaguez o sustancias alucinogenas,6404_0_32,4.0,2.0
Tolima,2018-08-21 21:31:00,39,200.0,2018-07-20 05:00:00,viernes,10,Normal,Seca y limpia,Montañoso,Media Ladera Derecha,Curva Derecha,Transito normal con precaución,21,53,0,0,0.0,Choque,no determinada,4003_1_39,19.0,2.0
Casanare,2017-07-09 16:59:00,78,250.0,2017-05-11 05:00:00,jueves,30,Seca,Seca y limpia,Plano,Terraplen,Recta,Transito normal con precaución,0,0,2,0,1.0,Volcamiento,no determinada,6513_0_78,12.0,12.0
Boyacá,2018-08-21 19:38:00,17,250.0,2018-07-31 05:00:00,martes,40,Seca,Seca y limpia,Montañoso,Media Ladera Derecha,Curva Derecha,Parcial con reducción de carriles,1,0,0,0,1.0,Choque,exceso de velocidad,6404_0_17,10.0,15.0
Tolima,2018-08-21 21:37:00,27,500.0,2018-07-21 05:00:00,sabado,50,Lluvia,Humeda,Montañoso,Media ladera Izquierda,Recta,Transito normal con precaución,19,50,0,0,0.0,Choque,no mantener distancia de seguridad,4003_1_27,19.0,0.0
Tolima,2018-08-21 21:50:00,7,30.0,2018-07-04 05:00:00,miercoles,50,Normal,Seca y limpia,Escarpado,Media ladera Izquierda,Recta,Transito normal con precaución,5,50,2,0,2.0,Choque,adelantamientos indebidos,5007_1_7,5.0,0.0
Tolima,2018-08-21 22:17:00,7,350.0,2018-07-10 05:00:00,martes,20,Normal,Seca y limpia,Escarpado,Media ladera Izquierda,Curva Derecha,Transito normal con precaución,16,20,0,0,0.0,Choque,no determinada,5007_1_7,16.0,0.0
Tolima,2018-08-21 22:23:00,23,200.0,2018-07-10 05:00:00,martes,30,Normal,Seca y limpia,Escarpado,Media ladera Izquierda,Curva Izquierda,Transito normal con precaución,18,30,1,0,1.0,Atropello,conducta de peatones,5007_1_23,18.0,0.0
Tolima,2018-08-21 22:30:00,24,450.0,2018-07-19 05:00:00,jueves,30,Normal,Seca y limpia,Escarpado,Media Ladera Derecha,Curva Izquierda,Transito normal con precaución,19,30,0,0,0.0,Choque,no determinada,5007_1_24,19.0,0.0
Tolima,2018-08-21 22:34:00,12,650.0,2018-07-20 05:00:00,viernes,30,Normal,Seca y limpia,Escarpado,Media Ladera Derecha,Curva Izquierda,Transito normal con precaución,9,30,0,0,0.0,Choque,no mantener distancia de seguridad,5007_1_12,9.0,0.0
Valle del Cauca,2018-08-22 14:01:00,55,800.0,2018-07-31 05:00:00,martes,30,Normal,Seca y limpia,Montañoso,Media ladera Izquierda,Recta,Transito normal con precaución,11,50,1,0,1.0,Atropello,no determinada,4001_1_55,11.0,0.0
Nariño,2018-08-23 15:40:00,13,515.0,2018-08-09 05:00:00,jueves,30,Lluvia,Humeda,Plano,Media ladera Izquierda,Curva Derecha,Transito normal con precaución,5,30,0,0,0.0,Volcamiento,exceso de velocidad,2501A_0_13,5.0,0.0
Nariño,2018-08-23 15:45:00,53,840.0,2018-08-15 05:00:00,miercoles,25,Sol,Seca y limpia,Escarpado,Media Ladera Derecha,Curva Derecha,Transito normal con precaución,17,25,2,0,2.0,Choque,adelantamientos indebidos,2501A_0_53,17.0,0.0
Antioquia,2018-08-23 20:12:00,55,200.0,2018-07-22 05:00:00,domingo,40,Lluvia,Humeda,Ondulado,Terraplen,Recta,Parcial con reducción de carriles,22,0,2,0,2.0,Choque,no mantener distancia de seguridad,2510_1_55,21.0,1.0
Antioquia,2018-08-23 20:25:00,59,0.0,2018-07-23 05:00:00,lunes,45,Normal,Seca y limpia,Plano,Terraplen,Recta,Parcial con reducción de carriles,20,0,2,0,2.0,Atropello,no determinada,2510_1_59,19.0,1.0
Antioquia,2018-08-23 20:30:00,61,370.0,2018-07-03 05:00:00,martes,15,Normal,Seca y limpia,Ondulado,Media ladera Izquierda,Curva Derecha,Transito normal con precaución,20,45,0,0,0.0,Choque,no mantener distancia de seguridad,2510_1_61,20.0,0.0
Antioquia,2018-08-23 20:36:00,68,600.0,2018-07-01 05:00:00,domingo,50,Normal,Seca y limpia,Ondulado,Media ladera Izquierda,Curva Derecha,Parcial con reducción de carriles,17,0,0,1,1.0,Choque,adelantamientos indebidos,2510_1_68,16.0,1.0
Antioquia,2018-08-23 20:42:00,84,220.0,2018-07-22 05:00:00,domingo,50,Normal,Seca y limpia,Ondulado,Media ladera Izquierda,Curva Derecha,Transito normal con precaución,21,40,0,0,0.0,Choque,no mantener distancia de seguridad,2510_1_84,20.0,1.0
Antioquia,2018-08-23 20:47:00,18,200.0,2018-07-20 05:00:00,viernes,10,Normal,Seca y limpia,Ondulado,Media ladera Izquierda,Curva Derecha,Transito normal con precaución,6,40,0,0,0.0,Choque,no mantener distancia de seguridad,2511_0_18,6.0,0.0
Antioquia,2018-08-24 16:11:00,27,950.0,2018-07-14 05:00:00,sabado,30,Lluvia,Humeda,Ondulado,Media ladera Izquierda,Curva Derecha,Parcial con reducción de carriles,16,50,3,0,3.0,Atropello,no determinada,2511_0_27,16.0,0.0
Antioquia,2018-08-24 16:17:00,30,900.0,2018-07-26 05:00:00,jueves,30,Normal,Seca y limpia,Ondulado,Media ladera Izquierda,Curva Derecha,Transito normal con precaución,15,50,0,0,0.0,Choque,adelantamientos indebidos,2511_0_30,15.0,0.0
Antioquia,2018-08-24 16:17:00,33,300.0,2018-07-26 05:00:00,jueves,0,Normal,Seca y limpia,Montañoso,Media ladera Izquierda,Curva Derecha,Transito normal con precaución,4,30,0,0,0.0,Choque,fallas mecanicas y del sistema electrico,2511_0_33,4.0,0.0
Antioquia,2018-08-24 16:24:00,47,500.0,2018-07-26 05:00:00,jueves,50,Normal,Seca y limpia,Montañoso,Media ladera Izquierda,Curva Derecha,Transito normal con precaución,22,30,0,0,0.0,Choque,no mantener distancia de seguridad,2511_0_47,19.0,3.0
Antioquia,2018-08-24 16:24:00,49,200.0,2018-07-11 05:00:00,miercoles,0,Normal,Seca y limpia,Ondulado,Media ladera Izquierda,Recta,Transito normal con precaución,19,40,0,0,0.0,Choque,maniobras imprudentes,2511_0_49,19.0,0.0
Antioquia,2018-08-24 16:35:00,54,360.0,2018-07-08 05:00:00,domingo,10,Normal,Seca y limpia,Montañoso,Media ladera Izquierda,Curva Izquierda,Transito normal con precaución,14,25,0,0,0.0,Choque,no mantener distancia de seguridad,2511_0_54,14.0,0.0
Antioquia,2018-08-24 16:38:00,54,800.0,2018-07-16 05:00:00,lunes,10,Lluvia,Humeda,Ondulado,Media ladera Izquierda,Curva Izquierda,Transito normal con precaución,6,40,1,0,1.0,Choque,no determinada,2511_0_54,6.0,0.0
Antioquia,2018-08-24 16:45:00,55,0.0,2018-07-08 05:00:00,domingo,30,Niebla,Humeda,Montañoso,Media ladera Izquierda,Curva Derecha,Transito normal con precaución,18,20,0,0,0.0,Choque,no determinada,2511_0_55,17.0,1.0
Antioquia,2018-08-24 16:48:00,55,600.0,2018-07-28 05:00:00,sabado,30,Lluvia,Humeda,Montañoso,Media ladera Izquierda,Curva Derecha,Transito normal con precaución,21,20,0,0,0.0,Choque,condiciones de la via y factores ambientales,2511_0_55,20.0,1.0
Antioquia,2018-08-24 16:52:00,55,550.0,2018-07-23 05:00:00,lunes,30,Normal,Seca y limpia,Montañoso,Media ladera Izquierda,Recta,Transito normal con precaución,20,30,0,0,0.0,Choque,no mantener distancia de seguridad,2511_0_55,19.0,1.0
Antioquia,2018-08-24 16:55:00,56,900.0,2018-07-05 05:00:00,jueves,10,Lluvia,Humeda,Montañoso,Media ladera Izquierda,Curva Derecha,Transito normal con precaución,22,40,0,0,0.0,Choque,condiciones de la via y factores ambientales,2511_0_56,22.0,0.0
Antioquia,2018-08-24 16:58:00,66,56.0,2018-07-29 05:00:00,domingo,30,Normal,Seca y limpia,Ondulado,Media ladera Izquierda,Curva Derecha,Transito normal con precaución,3,0,0,0,0.0,Choque,no determinada,2511_0_66,2.0,1.0
Santander,2018-08-24 19:38:00,115,585.0,2018-07-06 05:00:00,viernes,40,Seca,Seca y limpia,Montañoso,Media ladera Izquierda,Recta,Transito normal con precaución,14,40,0,0,0.0,Choque,defectos fisicos y psiquicos,45A06_0_115,4.0,10.0
Santander,2018-08-24 19:51:00,71,800.0,2018-07-05 05:00:00,jueves,0,Seca,Seca y limpia,Ondulado,Terraplen,Curva Izquierda,Transito normal con precaución,15,0,0,0,0.0,Choque,adelantamientos indebidos,45A06_0_71,15.0,0.0
Antioquia,2018-08-24 20:20:00,69,450.0,2018-07-07 05:00:00,sabado,0,Normal,Seca y limpia,Plano,Terraplen,Recta,Parcial con reducción de carriles,14,30,3,0,3.0,Choque,no determinada,2511_0_69,14.0,0.0
Antioquia,2018-08-24 20:24:00,72,200.0,2018-07-12 05:00:00,jueves,30,Normal,Seca y limpia,Plano,Terraplen,Recta,Transito normal con precaución,17,0,0,0,0.0,Choque,no determinada,2511_0_72,16.0,1.0
Antioquia,2018-08-24 20:24:00,81,950.0,2018-07-15 05:00:00,domingo,30,Normal,Seca y limpia,Plano,Terraplen,Recta,Parcial con reducción de carriles,16,45,2,0,2.0,Choque,fallas mecanicas y del sistema electrico,2511_0_81,16.0,0.0
Antioquia,2018-08-24 20:38:00,4,0.0,2018-07-09 05:00:00,lunes,20,Normal,Seca y limpia,Plano,Terraplen,Recta,Transito normal con precaución,19,35,0,0,0.0,Choque,no determinada,2512_1_4,19.0,0.0
Antioquia,2018-08-24 20:49:00,24,750.0,2018-07-02 05:00:00,lunes,0,Normal,Seca y limpia,Plano,Terraplen,Recta,Parcial con reducción de carriles,12,50,6,0,6.0,Volcamiento,no determinada,2512_1_24,12.0,0.0
Antioquia,2018-08-24 20:57:00,37,400.0,2018-07-26 05:00:00,jueves,15,Normal,Seca y limpia,Plano,Terraplen,Recta,Parcial con reducción de carriles,14,10,0,1,1.0,Choque,maniobras imprudentes,2512_1_37,13.0,1.0
Antioquia,2018-08-24 21:01:00,47,200.0,2018-07-27 05:00:00,viernes,30,Normal,Seca y limpia,Plano,Terraplen,Recta,Parcial con reducción de carriles,9,20,0,1,1.0,Choque,desobediencia a normas y senales,2512_1_47,8.0,1.0
Santander,2018-08-24 19:55:00,8,100.0,2018-07-07 05:00:00,sabado,5,Normal,Seca y limpia,Plano,Terraplen,Recta,Transito normal con precaución,19,5,1,0,1.0,Atropello,exceso de velocidad,45AST08_1_8,19.0,0.0
Santander,2018-08-24 23:22:00,64,350.0,2018-07-11 05:00:00,miercoles,10,Normal,Seca y limpia,Ondulado,Terraplen,Recta,Transito normal con precaución,13,10,0,0,0.0,Volcamiento,imprudencia del conductor,45A06_0_64,13.0,0.0
Santander,2018-08-24 23:26:00,16,100.0,2018-07-17 05:00:00,martes,30,Lluvia,Humeda,Montañoso,Media Ladera Derecha,Curva Derecha,Parcial con reducción de carriles,19,30,0,0,0.0,Choque,no mantener distancia de seguridad,45A06_0_16,19.0,0.0
Santander,2018-08-24 23:32:00,83,600.0,2018-07-02 05:00:00,lunes,0,Normal,Seca y limpia,Plano,Terraplen,Curva Derecha,Parcial con paso alternado,19,0,0,1,1.0,Choque,exceso de velocidad,45A07_1_83,19.0,0.0
Santander,2018-08-24 23:34:00,77,150.0,2018-07-03 05:00:00,martes,40,Normal,Seca y limpia,Plano,Terraplen,Curva Izquierda,Parcial con reducción de carriles,18,40,1,1,2.0,Choque,exceso de velocidad,45A07_1_77,18.0,0.0
Santander,2018-08-24 23:38:00,3,250.0,2018-07-03 05:00:00,martes,30,Normal,Seca y limpia,Montañoso,Media Ladera Derecha,Recta,Parcial restringido a vehiculos pesados,11,30,1,0,1.0,Choque,adelantamientos indebidos,45A07_1_3,11.0,0.0
Santander,2018-08-24 23:41:00,28,100.0,2018-07-03 05:00:00,martes,30,Normal,Seca y limpia,Montañoso,Media ladera Izquierda,Curva Izquierda,Transito normal con precaución,13,30,1,0,1.0,Choque,fallas mecanicas y del sistema electrico,45A07_1_28,13.0,0.0
Santander,2018-08-24 23:43:00,82,0.0,2018-07-04 05:00:00,miercoles,10,Normal,Seca y limpia,Plano,Terraplen,Recta,Transito normal con precaución,19,10,1,0,1.0,Choque,exceso de velocidad,45A07_1_82,19.0,0.0