territorial,fecha_registro,pr,distancia_pr,fecha_acc,dia_semana_acc,min_acc,condic_meteor,estado_super,terreno,secc_tip,geometria_acc,tipo_cierre,horas_cierre,min_cierre,n_heridos,n_muertos,n_victimas,clase_accidente,causa_posible,ref_loc,hora_acc,duracion_cierre_horas
Santander,2018-08-24 23:47:00,7,850.0,2018-07-07 05:00:00,sabado,20,Normal,Seca y limpia,Plano,Terraplen,Curva Derecha,Parcial con reducción de carriles,6,20,1,0,1.0,Choque,exceso de velocidad,45AST08_1_7,6.0,0.0
Santander,2018-08-24 23:49:00,82,550.0,2018-07-07 05:00:00,sabado,30,Normal,Seca y limpia,Plano,Terraplen,Curva Derecha,Parcial con reducción de carriles,2,30,1,0,1.0,Choque,embriaguez o sustancias alucinogenas,45A07_1_82,2.0,0.0
Santander,2018-08-24 23:57:00,89,600.0,2018-07-11 05:00:00,miercoles,50,Normal,Seca y limpia,Plano,Terraplen,Curva Derecha,Parcial con paso alternado,12,50,0,1,1.0,Choque,imprudencia del conductor,45A07_1_89,12.0,0.0
Santander,2018-08-25 00:00:00,22,230.0,2018-07-12 05:00:00,jueves,40,Normal,Seca y limpia,Montañoso,Media ladera Izquierda,Recta,Transito normal con precaución,19,40,0,0,0.0,Choque,no mantener distancia de seguridad,45A07_1_22,19.0,0.0
Santander,2018-08-25 00:24:00,82,150.0,2018-07-13 05:00:00,viernes,50,Normal,Seca y limpia,Ondulado,Terraplen,Curva Derecha,Parcial con reducción de carriles,6,50,1,1,2.0,Choque,exceso de velocidad,45A07_1_82,6.0,0.0
Santander,2018-08-25 00:27:00,76,900.0,2018-07-15 05:00:00,domingo,30,Normal,Seca y limpia,Plano,Terraplen,Curva Izquierda,Parcial con reducción de carriles,19,30,1,0,1.0,Choque,embriaguez o sustancias alucinogenas,45A07_1_76,19.0,0.0
Santander,2018-08-25 00:29:00,89,750.0,2018-07-16 05:00:00,lunes,58,Normal,Seca y limpia,Plano,Terraplen,Recta,Parcial restringido a vehiculos pesados,14,58,0,1,1.0,Choque,no mantener distancia de seguridad,45A07_1_89,14.0,0.0
Santander,2018-08-25 00:31:00,7,0.0,2018-07-16 05:00:00,lunes,0,Normal,Seca y limpia,Plano,Terraplen,Recta,Transito normal con precaución,19,0,1,0,1.0,Choque,exceso de velocidad,45AST08_1_7,19.0,0.0
Santander,2018-08-25 00:32:00,53,705.0,2018-07-17 05:00:00,martes,25,Normal,Seca y limpia,Montañoso,Media Ladera Derecha,Recta,Transito normal con precaución,0,25,0,0,0.0,Choque,no mantener distancia de seguridad,45A07_1_53,0.0,0.0
Santander,2018-08-25 00:34:00,42,800.0,2018-07-17 05:00:00,martes,25,Normal,Seca y limpia,Montañoso,Media Ladera Derecha,Recta,Transito normal con precaución,7,25,0,0,0.0,Choque,maniobras imprudentes,45A07_1_42,7.0,0.0
Santander,2018-08-25 00:37:00,85,550.0,2018-07-19 05:00:00,jueves,20,Normal,Seca y limpia,Plano,Terraplen,Curva Izquierda,Transito normal con precaución,9,20,1,0,1.0,Choque,imprudencia del conductor,45A07_1_85,9.0,0.0
Santander,2018-08-25 00:39:00,60,100.0,2018-07-23 05:00:00,lunes,0,Normal,Seca y limpia,Montañoso,Media Ladera Derecha,Curva Derecha,Transito normal con precaución,16,0,1,0,1.0,Choque,imprudencia del conductor,45A07_1_60,16.0,0.0
Santander,2018-08-25 00:42:00,64,550.0,2018-07-27 05:00:00,viernes,40,Normal,Seca y limpia,Montañoso,Media Ladera Derecha,Curva Derecha,Transito normal con precaución,15,40,1,0,1.0,Choque,adelantamientos indebidos,45A07_1_64,15.0,0.0
Santander,2018-08-25 00:44:00,7,700.0,2018-07-19 05:00:00,jueves,10,Normal,Seca y limpia,Plano,Terraplen,Recta,Transito normal con precaución,17,10,1,0,1.0,Choque,exceso de velocidad,45AST08_1_7,17.0,0.0
Santander,2018-08-25 00:45:00,7,700.0,2018-07-23 05:00:00,lunes,15,Normal,Seca y limpia,Plano,Terraplen,Curva Derecha,Transito normal con precaución,6,15,1,0,1.0,Choque,exceso de velocidad,45AST08_1_7,6.0,0.0
Valle del Cauca,2018-08-26 22:13:00,7,695.0,2018-06-01 05:00:00,viernes,0,Normal,Seca y limpia,Plano,Terraplen,Recta,Transito normal con precaución,0,40,0,0,0.0,Choque,no mantener distancia de seguridad,2301_1_7,12.0,12.0
Valle del Cauca,2018-08-26 22:13:00,4,495.0,2018-06-11 05:00:00,lunes,40,Normal,Seca y limpia,Plano,Terraplen,Curva Derecha,Parcial con reducción de carriles,1,0,0,0,0.0,Choque,exceso en horas de conduccion,2301_2_4,11.0,14.0
Valle del Cauca,2018-08-26 22:13:00,1,530.0,2018-06-13 05:00:00,miercoles,40,Normal,Seca y limpia,Plano,Terraplen,Recta,Transito normal con precaución,1,0,0,0,0.0,Choque,exceso en horas de conduccion,2301_1_1,18.0,7.0
Valle del Cauca,2018-08-26 22:13:00,7,750.0,2018-06-14 05:00:00,jueves,0,Normal,Seca y limpia,Plano,Terraplen,Recta,Transito normal con precaución,0,30,0,0,0.0,Choque,exceso en horas de conduccion,2301_1_7,21.0,3.0
Valle del Cauca,2018-08-26 22:13:00,5,490.0,2018-06-26 05:00:00,martes,43,Normal,Seca y limpia,Plano,Terraplen,Recta,Transito normal con precaución,0,40,2,0,3.0,Choque,no mantener distancia de seguridad,2301_1_5,20.0,4.0
Valle del Cauca,2018-08-26 22:13:00,1,445.0,2018-06-27 05:00:00,miercoles,15,Normal,Seca y limpia,Plano,Terraplen,Recta,Transito normal con precaución,0,40,1,0,4.0,Choque,no determinada,2301_1_1,6.0,18.0
Valle del Cauca,2018-08-26 22:13:00,4,870.0,2018-06-30 05:00:00,sabado,40,Normal,Seca y limpia,Plano,Terraplen,Recta,Transito normal con precaución,1,10,1,0,5.0,Choque,exceso en horas de conduccion,2301_1_4,0.0,1.0
Valle del Cauca,2018-08-26 22:13:00,70,582.0,2018-05-20 05:00:00,domingo,20,Normal,Seca y limpia,Plano,Terraplen,Recta,Parcial con reducción de carriles,0,40,1,0,7.0,Choque,desobediencia a normas y senales,3105_1_70,17.0,7.0
Casanare,2017-07-09 17:10:00,1,50.0,2017-05-19 05:00:00,viernes,30,Sol,Seca y limpia,Plano,Terraplen,Recta,Transito normal con precaución,0,0,1,0,1.0,Volcamiento,no determinada,6513_0_1,6.0,18.0
Valle del Cauca,2018-08-26 22:13:00,3,335.0,2018-05-03 05:00:00,jueves,15,Normal,Seca y limpia,Plano,Terraplen,Recta,Transito normal con precaución,1,0,3,0,10.0,Choque,desobediencia a normas y senales,2301_2_3,6.0,19.0
Valle del Cauca,2018-08-26 22:13:00,10,410.0,2018-05-07 05:00:00,lunes,10,Lluvia,Humeda,Plano,Terraplen,Recta,Transito normal con precaución,0,40,1,0,11.0,Choque,no mantener distancia de seguridad,2301_1_10,14.0,10.0
Valle del Cauca,2018-08-26 22:13:00,10,1064.0,2018-05-13 05:00:00,domingo,0,Normal,Seca y limpia,Plano,Terraplen,Recta,Transito normal con precaución,0,50,1,0,12.0,Volcamiento,exceso en horas de conduccion,2301_2_10,4.0,20.0
Valle del Cauca,2018-08-26 22:13:00,4,715.0,2018-05-14 05:00:00,lunes,0,Normal,Seca y limpia,Plano,Terraplen,Recta,Transito normal con precaución,0,50,1,0,13.0,Choque,adelantamientos indebidos,2301_2_4,21.0,3.0
Valle del Cauca,2018-08-26 22:13:00,1,240.0,2018-05-24 05:00:00,jueves,0,Normal,Seca y limpia,Plano,Terraplen,Recta,Transito normal con precaución,1,0,1,0,14.0,Choque,desobediencia a normas y senales,2301_1_1,6.0,19.0
Valle del Cauca,2018-08-26 22:13:00,1,855.0,2018-05-24 05:00:00,jueves,10,Normal,Seca y limpia,Plano,Terraplen,Recta,Transito normal con precaución,0,45,0,0,14.0,Choque,no mantener distancia de seguridad,2301_2_1,15.0,9.0
Valle del Cauca,2018-08-26 22:13:00,0,470.0,2018-05-29 05:00:00,martes,40,Normal,Seca y limpia,Plano,Terraplen,Recta,Transito normal con precaución,1,0,1,0,15.0,Choque,no mantener distancia de seguridad,2301_2_0,5.0,20.0
Valle del Cauca,2018-08-26 22:13:00,10,145.0,2018-03-11 05:00:00,domingo,30,Normal,Seca y limpia,Plano,Terraplen,Curva Izquierda,Transito normal con precaución,0,50,1,0,16.0,Choque,adelantamientos indebidos,2301_2_10,8.0,16.0
Valle del Cauca,2018-08-26 22:13:00,4,900.0,2018-03-14 05:00:00,miercoles,55,Normal,Seca y limpia,Plano,Terraplen,Recta,Transito normal con precaución,1,20,0,0,17.0,Choque,no mantener distancia de seguridad,2301_2_4,5.0,20.0
Valle del Cauca,2018-08-26 22:13:00,8,505.0,2018-03-18 05:00:00,domingo,10,Normal,Seca y limpia,Plano,Terraplen,Recta,Transito normal con precaución,0,50,1,0,18.0,Choque,adelantamientos indebidos,2301_1_8,3.0,21.0
Valle del Cauca,2018-08-26 22:13:00,7,290.0,2018-03-19 05:00:00,lunes,20,Normal,Seca y limpia,Plano,Terraplen,Recta,Transito normal con precaución,1,0,2,0,20.0,Choque,exceso en horas de conduccion,2301_1_7,10.0,15.0
Valle del Cauca,2018-08-26 22:13:00,4,700.0,2018-03-20 05:00:00,martes,0,Lluvia,Humeda,Plano,Terraplen,Recta,Transito normal con precaución,1,20,2,0,22.0,Choque,adelantamientos indebidos,2301_2_4,6.0,19.0
Valle del Cauca,2018-08-26 22:13:00,0,620.0,2018-03-23 05:00:00,viernes,45,Normal,Seca y limpia,Plano,Terraplen,Recta,Transito normal con precaución,1,30,1,0,23.0,Choque,adelantamientos indebidos,2301_1_0,17.0,8.0
Valle del Cauca,2018-08-26 22:13:00,7,795.0,2018-03-28 05:00:00,miercoles,20,Normal,Seca y limpia,Plano,Terraplen,Recta,Transito normal con precaución,1,0,2,0,25.0,Choque,maniobras imprudentes,2301_1_7,9.0,16.0
Valle del Cauca,2018-08-26 22:13:00,11,170.0,2018-03-31 05:00:00,sabado,50,Normal,Seca y limpia,Plano,Terraplen,Recta,Transito normal con precaución,0,45,1,0,26.0,Choque,adelantamientos indebidos,2301_1_11,13.0,11.0
Valle del Cauca,2018-08-26 22:13:00,116,410.0,2018-03-13 05:00:00,martes,7,Normal,Material suelto,Plano,Terraplen,Recta,Transito normal con precaución,0,30,0,0,0.0,Choque,no mantener distancia de seguridad,2504_1_116,7.0,17.0
Valle del Cauca,2018-08-27 00:16:00,114,15.0,2018-03-07 05:00:00,miercoles,40,Normal,Seca y limpia,Plano,Terraplen,Recta,Transito normal con precaución,0,50,0,0,1.0,Choque,desobediencia a normas y senales,2504_2_114,4.0,20.0
Valle del Cauca,2018-08-27 00:16:00,115,375.0,2018-03-09 05:00:00,viernes,22,Normal,Seca y limpia,Plano,Terraplen,Recta,Transito normal con precaución,0,50,0,0,2.0,Choque,no mantener distancia de seguridad,2504_2_115,11.0,13.0
Valle del Cauca,2018-08-27 00:16:00,114,15.0,2018-03-12 05:00:00,lunes,20,Normal,Seca y limpia,Plano,Terraplen,Recta,Transito normal con precaución,1,0,2,0,6.0,Choque,desobediencia a normas y senales,2504_2_114,10.0,15.0
Valle del Cauca,2018-08-27 00:16:00,111,340.0,2018-03-12 05:00:00,lunes,49,Normal,Seca y limpia,Plano,Terraplen,Recta,Transito normal con precaución,1,30,0,0,9.0,Choque,no mantener distancia de seguridad,2504_1_111,18.0,7.0
Valle del Cauca,2018-08-27 00:16:00,116,410.0,2018-03-01 05:00:00,jueves,45,Normal,Material suelto,Plano,Terraplen,Recta,Transito normal con precaución,2,0,1,0,10.0,Choque,maniobras imprudentes,2504_2_116,12.0,14.0
Cauca,2018-08-27 14:11:00,57,300.0,2018-07-17 05:00:00,martes,30,Normal,Seca y limpia,Montañoso,Terraplen,Recta,Transito normal con precaución,0,0,0,0,0.0,Choque,no determinada,2001_1_57,1.0,23.0
Cauca,2018-08-27 14:27:00,57,700.0,2018-07-28 05:00:00,sabado,0,Normal,Seca y limpia,Montañoso,Media ladera Izquierda,Curva Izquierda,Transito normal con precaución,0,0,0,0,0.0,Choque,desobediencia a normas y senales,2001_1_57,7.0,17.0
Cauca,2018-08-27 14:27:00,52,400.0,2018-08-01 05:00:00,miercoles,0,Normal,Seca y limpia,Montañoso,Terraplen,Curva Izquierda,Transito normal con precaución,0,0,0,0,0.0,Choque,imprudencia del conductor,2001_1_52,7.0,17.0
Risaralda,2018-08-27 15:56:00,5,380.0,2018-07-01 05:00:00,domingo,15,Normal,Seca y limpia,Plano,Terraplen,Recta,Transito normal con precaución,0,0,0,0,0.0,Choque,no determinada,2902_1_5,14.0,10.0
Risaralda,2018-08-27 16:14:00,0,540.0,2018-07-01 05:00:00,domingo,50,Normal,Seca y limpia,Montañoso,Media ladera Izquierda,Recta,Transito normal con precaución,0,0,2,0,2.0,Atropello,conducta de peatones,2902_1_0,9.0,15.0
Nariño,2018-08-27 22:45:00,18,750.0,2018-08-27 05:00:00,lunes,0,Niebla,Humeda,Plano,Terraplen,Curva Izquierda,Cierre total,7,30,0,1,1.0,Choque,exceso de velocidad,0801_1_18,7.0,0.0
Risaralda,2018-08-27 16:24:00,0,770.0,2018-07-02 05:00:00,lunes,30,Normal,Seca y limpia,Plano,Cajón,Recta,Transito normal con precaución,0,0,0,0,0.0,Choque,no mantener distancia de seguridad,29RSA_2_0,12.0,12.0
Cauca,2018-08-27 16:51:00,18,500.0,2018-07-08 05:00:00,domingo,0,Normal,Seca y limpia,Montañoso,Media Ladera Derecha,Recta,Transito normal con precaución,0,0,0,0,2.0,Volcamiento,embriaguez o sustancias alucinogenas,2002_1_18,7.0,17.0
Risaralda,2018-08-27 16:38:00,4,500.0,2018-07-03 05:00:00,martes,0,Lluvia,Humeda,Plano,Terraplen,Recta,Transito normal con precaución,0,0,1,0,1.0,Choque,no mantener distancia de seguridad,2902_2_4,7.0,17.0
Risaralda,2018-08-27 17:17:00,2,55.0,2018-07-04 05:00:00,miercoles,10,Normal,Seca y limpia,Plano,Terraplen,Recta,Transito normal con precaución,0,0,0,0,0.0,Choque,no mantener distancia de seguridad,2902_2_2,15.0,9.0
Risaralda,2018-08-27 19:24:00,3,480.0,2018-07-04 05:00:00,miercoles,0,Normal,Seca y limpia,Plano,Terraplen,Recta,Transito normal con precaución,0,0,1,0,1.0,Atropello,conducta de peatones,2902_1_3,18.0,6.0
Risaralda,2018-08-27 19:30:00,3,290.0,2018-07-04 05:00:00,miercoles,0,Normal,Humeda,Plano,Terraplen,Recta,Transito normal con precaución,0,0,1,0,1.0,Choque,adelantamientos indebidos,2902_2_3,14.0,10.0
Risaralda,2018-08-27 19:35:00,2,740.0,2018-07-05 05:00:00,jueves,10,Normal,Seca y limpia,Plano,Terraplen,Recta,Transito normal con precaución,0,0,0,0,0.0,Choque,no mantener distancia de seguridad,2902_2_2,14.0,10.0
Risaralda,2018-08-27 19:46:00,2,45.0,2018-07-05 05:00:00,jueves,55,Normal,Seca y limpia,Plano,Terraplen,Recta,Transito normal con precaución,0,0,0,0,0.0,Choque,desobediencia a normas y senales,25RSA_1_2,16.0,8.0
Risaralda,2018-08-27 19:54:00,5,300.0,2018-07-05 05:00:00,jueves,30,Normal,Seca y limpia,Ondulado,Terraplen,Recta,Transito normal con precaución,0,0,2,0,2.0,Choque,desobediencia a normas y senales,29RSC_1_5,6.0,18.0
Risaralda,2018-08-27 20:45:00,0,0.0,2018-07-06 05:00:00,viernes,0,Normal,Seca y limpia,Ondulado,Media ladera Izquierda,Recta,Transito normal con precaución,0,0,0,0,0.0,Choque,no mantener distancia de seguridad,29RSC_1_0,17.0,7.0
Boyacá,2018-08-27 20:00:00,23,806.0,2018-07-20 05:00:00,viernes,30,Normal,Seca y limpia,Montañoso,Terraplen,Recta,Transito normal con precaución,17,30,0,0,1.0,Choque,embriaguez o sustancias alucinogenas,6009_1_23,17.0,0.0
Risaralda,2018-08-27 20:55:00,5,210.0,2018-07-06 05:00:00,viernes,10,Normal,Seca y limpia,Ondulado,Cajón,Recta,Transito normal con precaución,0,0,2,0,2.0,Choque,adelantamientos indebidos,29RSC_1_5,18.0,6.0
Risaralda,2018-08-28 15:07:00,4,350.0,2018-07-07 05:00:00,sabado,20,Normal,Seca y limpia,Plano,Terraplen,Recta,Transito normal con precaución,0,0,0,0,0.0,Choque,no mantener distancia de seguridad,25RSA_1_4,13.0,11.0
Risaralda,2018-08-28 15:21:00,31,100.0,2018-07-08 05:00:00,domingo,0,Normal,Seca y limpia,Ondulado,Media ladera Izquierda,Curva Izquierda,Transito normal con precaución,0,0,0,0,0.0,Choque,no mantener distancia de seguridad,5003_0_31,16.0,8.0
Risaralda,2018-08-28 15:43:00,8,20.0,2018-07-08 05:00:00,domingo,15,Normal,Seca y limpia,Ondulado,Terraplen,Recta,Transito normal con precaución,0,0,0,2,2.0,Choque,adelantamientos indebidos,29RSC_1_8,10.0,14.0
Risaralda,2018-08-28 15:49:00,1,420.0,2018-07-09 05:00:00,lunes,55,Normal,Seca y limpia,Plano,Terraplen,Recta,Transito normal con precaución,0,0,3,0,3.0,Atropello,imprudencia del conductor,2902_2_1,8.0,16.0
Risaralda,2018-08-28 16:07:00,0,0.0,2018-07-09 05:00:00,lunes,45,Normal,Humeda,Plano,Terraplen,Recta,Transito normal con precaución,0,0,0,0,0.0,Choque,no mantener distancia de seguridad,29RSA_1_0,12.0,12.0
Risaralda,2018-08-28 19:16:00,2,500.0,2018-07-14 05:00:00,sabado,30,Normal,Seca y limpia,Plano,Media ladera Izquierda,Recta,Transito normal con precaución,0,0,1,0,1.0,No determinado,fallas mecanicas y del sistema electrico,29RSC_1_2,14.0,10.0
Risaralda,2018-08-28 16:12:00,0,50.0,2018-07-09 05:00:00,lunes,45,Normal,Humeda,Plano,Terraplen,Recta,Transito normal con precaución,0,0,0,0,0.0,Choque,no mantener distancia de seguridad,29RSA_1_0,12.0,12.0
Risaralda,2018-08-28 16:16:00,2,780.0,2018-07-09 05:00:00,lunes,0,Normal,Seca y limpia,Plano,Terraplen,Recta,Transito normal con precaución,0,0,1,0,1.0,Choque,no determinada,25RSA_1_2,11.0,13.0
Risaralda,2018-08-28 16:26:00,9,965.0,2018-07-10 05:00:00,martes,6,Normal,Seca y limpia,Plano,Terraplen,Recta,Transito normal con precaución,0,0,1,0,1.0,Choque,desobediencia a normas y senales,29RSC_1_9,7.0,17.0
Nariño,2018-08-28 16:27:00,31,850.0,2018-06-19 05:00:00,martes,50,Normal,Seca y limpia,Plano,Terraplen,Recta,Transito normal con precaución,11,10,0,1,1.0,Caída ocupante,exceso de velocidad,1001_0_31,2.0,9.0
Risaralda,2018-08-28 16:44:00,47,450.0,2018-07-11 05:00:00,miercoles,0,Normal,Seca y limpia,Montañoso,Media ladera Izquierda,Curva Izquierda,Transito normal con precaución,0,0,0,0,0.0,Choque,no determinada,5003_0_47,9.0,15.0
Risaralda,2018-08-28 16:48:00,1,700.0,2018-07-12 05:00:00,jueves,24,Normal,Seca y limpia,Ondulado,Media ladera Izquierda,Recta,Transito normal con precaución,0,0,2,0,2.0,Choque,desobediencia a normas y senales,29RSC_2_1,8.0,16.0
Risaralda,2018-08-28 16:52:00,0,150.0,2018-07-13 05:00:00,viernes,0,Normal,Seca y limpia,Plano,Terraplen,Recta,Transito normal con precaución,0,0,0,0,0.0,Choque,no mantener distancia de seguridad,29RSA_2_0,16.0,8.0
Risaralda,2018-08-29 16:04:00,54,330.0,2018-07-25 05:00:00,miercoles,50,Normal,Seca y limpia,Ondulado,Media ladera Izquierda,Recta,Transito normal con precaución,0,0,1,0,1.0,Choque,no determinada,2507_1_54,5.0,19.0
Boyacá,2018-08-28 16:57:00,6,700.0,2018-07-04 05:00:00,miercoles,0,Normal,Seca y limpia,Plano,Media ladera Izquierda,Curva Derecha,Transito normal con precaución,14,0,0,0,0.0,Choque,condiciones de la via y factores ambientales,45A05_1_6,14.0,0.0
Boyacá,2018-08-28 17:04:00,32,800.0,2018-07-08 05:00:00,domingo,45,Normal,Seca y limpia,Plano,Terraplen,Curva Izquierda,Transito normal con precaución,13,45,0,0,0.0,Choque,adelantamientos indebidos,45A05_1_32,13.0,0.0
Boyacá,2018-08-28 17:11:00,5,500.0,2018-07-10 05:00:00,martes,20,Normal,Seca y limpia,Plano,Media ladera Izquierda,Recta,Transito normal con precaución,19,20,0,0,0.0,Choque,no mantener distancia de seguridad,45A05_1_5,19.0,0.0
Risaralda,2018-08-28 19:23:00,3,750.0,2018-07-15 05:00:00,domingo,30,Normal,Seca y limpia,Plano,Terraplen,Recta,Transito normal con precaución,0,0,0,0,0.0,Choque,desobediencia a normas y senales,2902_2_3,23.0,1.0
Nariño,2018-08-28 19:29:00,60,0.0,2018-07-29 05:00:00,domingo,40,Normal,Seca y limpia,Plano,Terraplen,Recta,Transito normal con precaución,17,30,0,2,2.0,Atropello,exceso de velocidad,1001_0_60,23.0,18.0
Risaralda,2018-08-28 19:31:00,77,700.0,2018-07-18 05:00:00,miercoles,45,Normal,Seca y limpia,Plano,Terraplen,Curva Izquierda,Transito normal con precaución,0,0,1,0,1.0,Choque,no determinada,5003_0_77,11.0,13.0
Norte de Santander,2018-08-28 19:48:00,40,90.0,2018-06-16 05:00:00,sabado,10,Normal,Seca y limpia,Montañoso,Media Ladera Derecha,Curva Derecha,Transito normal con precaución,0,0,0,0,0.0,Volcamiento,imprudencia del conductor,7009_0_40,6.0,18.0
Risaralda,2018-08-28 19:53:00,2,120.0,2018-07-18 05:00:00,miercoles,50,Normal,Humeda,Plano,Terraplen,Recta,Transito normal con precaución,0,0,0,0,0.0,Choque,estacionamiento y senalizacion imprudente,2902_2_2,15.0,9.0
Risaralda,2018-08-28 20:02:00,0,0.0,2018-07-18 05:00:00,miercoles,30,Normal,Seca y limpia,Plano,Terraplen,Recta,Transito normal con precaución,0,0,0,0,0.0,Choque,maniobras imprudentes,29RSC_1_0,22.0,2.0
Risaralda,2018-08-28 20:13:00,0,730.0,2018-07-20 05:00:00,viernes,0,Normal,Seca y limpia,Plano,Terraplen,Recta,Transito normal con precaución,0,0,0,0,0.0,Choque,adelantamientos indebidos,2902_1_0,19.0,5.0
Risaralda,2018-08-28 20:18:00,7,0.0,2018-07-21 05:00:00,sabado,0,Normal,Seca y limpia,Plano,Terraplen,Curva Derecha,Transito normal con precaución,0,0,1,0,1.0,Choque,maniobras imprudentes,2507_1_7,10.0,14.0
Risaralda,2018-08-28 20:25:00,2,320.0,2018-07-21 05:00:00,sabado,0,Normal,Seca y limpia,Plano,Terraplen,Recta,Transito normal con precaución,0,0,0,0,0.0,Choque,no mantener distancia de seguridad,2902_1_2,20.0,4.0
Risaralda,2018-08-28 20:37:00,3,340.0,2018-07-21 05:00:00,sabado,15,Normal,Seca y limpia,Plano,Terraplen,Recta,Transito normal con precaución,0,0,0,0,0.0,Choque,no mantener distancia de seguridad,2902_1_3,19.0,5.0
Risaralda,2018-08-28 20:40:00,0,960.0,2018-07-22 05:00:00,domingo,30,Normal,Seca y limpia,Plano,Terraplen,Recta,Transito normal con precaución,0,0,0,0,0.0,Choque,no mantener distancia de seguridad,2902_1_0,15.0,9.0
Guajira,2018-08-29 13:51:00,52,600.0,2018-07-31 05:00:00,martes,0,Normal,Humeda,Montañoso,Media ladera Izquierda,Curva Derecha,Cierre total,0,30,0,0,0.0,Choque,fallas mecanicas y del sistema electrico,8801_1_52,7.0,17.0
Risaralda,2018-08-29 15:09:00,53,430.0,2018-07-23 05:00:00,lunes,30,Normal,Seca y limpia,Montañoso,Media ladera Izquierda,Curva Derecha,Transito normal con precaución,0,0,0,0,0.0,Choque,no determinada,2507_1_53,14.0,10.0
Risaralda,2018-08-29 15:34:00,0,130.0,2018-07-23 05:00:00,lunes,30,Normal,Seca y limpia,Plano,Terraplen,Recta,Transito normal con precaución,0,0,2,0,2.0,Choque,adelantamientos indebidos,29RSA_1_0,7.0,17.0
Risaralda,2018-08-29 15:45:00,5,390.0,2018-07-24 05:00:00,martes,0,Normal,Seca y limpia,Plano,Terraplen,Recta,Transito normal con precaución,0,0,1,0,1.0,Atropello,conducta de peatones,2902_1_5,20.0,4.0
Norte de Santander,2018-08-29 19:43:00,31,807.0,2018-07-15 05:00:00,domingo,15,Normal,Seca y limpia,Plano,Terraplen,Recta,Parcial con reducción de carriles,3,0,0,1,3.0,Choque,embriaguez o sustancias alucinogenas,55NS08_0_31,20.0,7.0
Risaralda,2018-08-29 16:13:00,5,300.0,2018-07-25 05:00:00,miercoles,0,Normal,Seca y limpia,Ondulado,Terraplen,Recta,Transito normal con precaución,0,0,1,0,1.0,Choque,desobediencia a normas y senales,29RSC_1_5,10.0,14.0
Risaralda,2018-08-29 16:19:00,0,870.0,2018-07-26 05:00:00,jueves,30,Normal,Seca y limpia,Plano,Terraplen,Recta,Transito normal con precaución,0,0,1,0,1.0,Choque,maniobras imprudentes,2507_1_0,18.0,6.0
Risaralda,2018-08-29 16:31:00,0,947.0,2018-07-27 05:00:00,viernes,20,Normal,Seca y limpia,Ondulado,Cajón,Recta,Transito normal con precaución,0,0,0,0,0.0,Choque,no mantener distancia de seguridad,29RSA_1_0,15.0,9.0
Risaralda,2018-08-29 16:41:00,9,965.0,2018-07-28 05:00:00,sabado,30,Normal,Seca y limpia,Plano,Terraplen,Recta,Transito normal con precaución,0,0,0,0,0.0,Choque,desobediencia a normas y senales,29RSC_1_9,14.0,10.0
Risaralda,2018-08-29 16:45:00,0,880.0,2018-07-28 05:00:00,sabado,50,Normal,Seca y limpia,Ondulado,Media ladera Izquierda,Recta,Transito normal con precaución,0,0,1,0,1.0,Choque,no determinada,29RSC_1_0,14.0,10.0
Norte de Santander,2018-08-29 19:32:00,49,950.0,2018-06-27 05:00:00,miercoles,50,Normal,Seca y limpia,Montañoso,Media Ladera Derecha,Recta,Transito normal con precaución,1,0,0,0,0.0,Choque,adelantamientos indebidos,7009_0_49,14.0,11.0
Risaralda,2018-08-29 19:40:00,2,540.0,2018-07-29 05:00:00,domingo,10,Normal,Seca y limpia,Plano,Media ladera Izquierda,Recta,Transito normal con precaución,0,0,2,0,2.0,Choque,adelantamientos indebidos,2507_1_2,11.0,13.0
Norte de Santander,2018-08-29 19:37:00,27,232.0,2018-07-07 05:00:00,sabado,30,Normal,Seca y limpia,Plano,Media ladera Izquierda,Recta,Parcial con reducción de carriles,2,0,0,0,2.0,Choque,embriaguez o sustancias alucinogenas,55NS08_0_27,19.0,7.0
Risaralda,2018-08-29 19:43:00,9,400.0,2018-07-30 05:00:00,lunes,5,Normal,Seca y limpia,Ondulado,Media Ladera Derecha,Curva Derecha,Transito normal con precaución,0,0,1,0,1.0,Choque,adelantamientos indebidos,2507_1_9,17.0,7.0
Risaralda,2018-08-29 19:47:00,0,400.0,2018-07-31 05:00:00,martes,20,Normal,Seca y limpia,Plano,Terraplen,Recta,Transito normal con precaución,0,0,1,0,1.0,Choque,maniobras imprudentes,2507_1_0,16.0,8.0
Norte de Santander,2018-08-29 19:54:00,28,797.0,2018-07-16 05:00:00,lunes,50,Normal,Seca y limpia,Plano,Media ladera Izquierda,Recta,Transito normal con precaución,1,0,0,0,0.0,Choque,maniobras imprudentes,55NS08_0_28,17.0,8.0
Risaralda,2018-08-29 19:55:00,1,60.0,2018-07-31 05:00:00,martes,30,Normal,Seca y limpia,Plano,Terraplen,Recta,Transito normal con precaución,0,0,0,0,0.0,Choque,no mantener distancia de seguridad,2902_2_1,18.0,6.0
Norte de Santander,2018-08-29 19:58:00,52,35.0,2018-07-21 05:00:00,sabado,30,Normal,Seca y limpia,Montañoso,Media Ladera Derecha,Curva Derecha,Parcial con reducción de carriles,2,0,0,0,2.0,Choque,desobediencia a normas y senales,7009_0_52,13.0,13.0