territorial,fecha_registro,pr,distancia_pr,fecha_acc,dia_semana_acc,min_acc,condic_meteor,estado_super,terreno,secc_tip,geometria_acc,tipo_cierre,horas_cierre,min_cierre,n_heridos,n_muertos,n_victimas,clase_accidente,causa_posible,ref_loc,hora_acc,duracion_cierre_horas
Risaralda,2018-08-29 19:58:00,0,50.0,2018-07-31 05:00:00,martes,45,Lluvia,Humeda,Plano,Terraplen,Recta,Transito normal con precaución,0,0,0,0,0.0,Choque,no determinada,29RSA_1_0,17.0,7.0
Norte de Santander,2018-08-29 20:06:00,72,400.0,2018-07-21 05:00:00,sabado,30,Normal,Seca y limpia,Plano,Media ladera Izquierda,Recta,Parcial con reducción de carriles,1,0,0,0,0.0,Choque,no mantener distancia de seguridad,7009A_0_72,20.0,5.0
Norte de Santander,2018-08-29 20:11:00,36,869.0,2018-07-22 05:00:00,domingo,15,Normal,Seca y limpia,Montañoso,Media Ladera Derecha,Recta,Parcial con reducción de carriles,2,0,0,0,2.0,Choque,no mantener distancia de seguridad,7009_0_36,18.0,8.0
Norte de Santander,2018-08-29 20:16:00,40,160.0,2018-08-14 05:00:00,martes,20,Normal,Seca y limpia,Montañoso,Media Ladera Derecha,Curva Derecha,Parcial restringido a vehiculos pesados,5,0,0,0,3.0,Choque,no determinada,7009_0_40,8.0,21.0
Antioquia,2018-08-30 20:43:00,83,450.0,2018-06-29 05:00:00,viernes,22,Normal,Seca y limpia,Montañoso,Media Ladera Derecha,Recta,Parcial con paso alternado,1,0,1,0,1.0,Choque,maniobras imprudentes,6003_1_83,9.0,16.0
Antioquia,2018-08-30 20:56:00,71,10.0,2018-07-01 05:00:00,domingo,53,Normal,Seca y limpia,Montañoso,Media ladera Izquierda,Recta,Parcial con reducción de carriles,0,30,1,0,1.0,Choque,no determinada,2509_2_71,12.0,12.0
Antioquia,2018-08-30 21:02:00,64,460.0,2018-07-03 05:00:00,martes,10,Normal,Seca y limpia,Montañoso,Media ladera Izquierda,Curva Izquierda,Cierre total,5,10,0,0,0.0,Choque,no determinada,2509_1_64,5.0,0.0
Guajira,2018-08-30 22:34:00,39,750.0,2018-08-14 05:00:00,martes,0,Sol,Seca y limpia,Plano,Terraplen,Recta,Transito normal con precaución,0,0,1,0,1.0,Salida de la vía sin volcarse,adelantamientos indebidos,4902_1_39,15.0,9.0
Guajira,2018-08-30 22:34:00,23,485.0,2018-08-24 05:00:00,viernes,5,Sol,Seca y limpia,Ondulado,Media ladera Izquierda,Recta,Parcial con reducción de carriles,0,20,3,0,4.0,Volcamiento,exceso de velocidad,8801_1_23,12.0,12.0
Nariño,2018-08-31 14:09:00,42,480.0,2018-08-28 05:00:00,martes,40,Normal,Seca y limpia,Montañoso,Media Ladera Derecha,Curva Derecha,Transito normal con precaución,0,0,1,0,1.0,Choque,condiciones de la via y factores ambientales,1002_1_42,16.0,8.0
Antioquia,2018-08-31 14:56:00,70,80.0,2018-07-08 05:00:00,domingo,20,Normal,Seca y limpia,Montañoso,Media ladera Izquierda,Recta,Parcial con reducción de carriles,0,30,2,0,2.0,Choque,no determinada,2509_2_70,10.0,14.0
Antioquia,2018-08-31 14:58:00,65,300.0,2018-07-08 05:00:00,domingo,20,Normal,Seca y limpia,Montañoso,Media ladera Izquierda,Recta,Transito normal con precaución,0,40,2,0,2.0,Choque,no determinada,2509_2_65,14.0,10.0
Antioquia,2018-08-31 15:07:00,69,650.0,2018-07-09 05:00:00,lunes,40,Normal,Seca y limpia,Montañoso,Media ladera Izquierda,Recta,Transito normal con precaución,0,45,1,0,1.0,Choque,no determinada,2509_2_69,0.0,0.0
Antioquia,2018-08-31 15:11:00,69,300.0,2018-07-11 05:00:00,miercoles,15,Normal,Seca y limpia,Montañoso,Media ladera Izquierda,Recta,Parcial restringido a vehiculos pesados,1,0,1,0,1.0,Choque,no determinada,2509_1_69,16.0,9.0
Antioquia,2018-08-31 15:23:00,67,801.0,2018-07-12 05:00:00,jueves,40,Lluvia,Humeda,Montañoso,Media ladera Izquierda,Recta,Parcial con reducción de carriles,0,30,1,0,1.0,Caída ocupante,no determinada,2509_2_67,0.0,0.0
Antioquia,2018-08-31 15:26:00,94,765.0,2018-07-13 05:00:00,viernes,20,Normal,Seca y limpia,Montañoso,Media Ladera Derecha,Recta,Parcial con reducción de carriles,0,40,0,0,0.0,Choque,desobediencia a normas y senales,6003_1_94,21.0,3.0
Antioquia,2018-08-31 15:29:00,65,930.0,2018-07-13 05:00:00,viernes,30,Normal,Seca y limpia,Montañoso,Media ladera Izquierda,Recta,Parcial con reducción de carriles,0,30,2,0,2.0,Choque,no determinada,2509_2_65,15.0,9.0
Antioquia,2018-08-31 15:33:00,64,469.0,2018-07-13 05:00:00,viernes,40,Normal,Seca y limpia,Montañoso,Media ladera Izquierda,Curva Izquierda,Parcial con reducción de carriles,0,40,0,0,0.0,Choque,no determinada,2509_1_64,7.0,17.0
Antioquia,2018-08-31 15:46:00,69,670.0,2018-07-14 05:00:00,sabado,0,Normal,Seca y limpia,Montañoso,Media ladera Izquierda,Recta,Parcial con reducción de carriles,0,40,2,0,2.0,Choque,no determinada,2509_2_69,11.0,13.0
Antioquia,2018-08-31 15:50:00,65,350.0,2018-07-16 05:00:00,lunes,30,Normal,Seca y limpia,Montañoso,Media ladera Izquierda,Recta,Cierre total,1,0,0,0,0.0,Choque,no determinada,2509_1_65,16.0,9.0
Antioquia,2018-08-31 15:52:00,69,620.0,2018-07-16 05:00:00,lunes,15,Normal,Seca y limpia,Montañoso,Media ladera Izquierda,Recta,Transito normal con precaución,0,30,1,0,1.0,Choque,no determinada,2509_2_69,18.0,6.0
Antioquia,2018-08-31 15:55:00,64,470.0,2018-07-22 05:00:00,domingo,30,Normal,Seca y limpia,Montañoso,Media ladera Izquierda,Recta,Parcial con reducción de carriles,0,40,1,0,1.0,Choque,no determinada,2509_2_64,9.0,15.0
Antioquia,2018-08-31 15:58:00,94,766.0,2018-07-23 05:00:00,lunes,30,Normal,Seca y limpia,Montañoso,Media Ladera Derecha,Recta,Parcial con reducción de carriles,0,40,1,0,1.0,Choque,adelantamientos indebidos,6003_1_94,9.0,15.0
Antioquia,2018-08-31 16:00:00,67,430.0,2018-07-23 05:00:00,lunes,0,Normal,Seca y limpia,Montañoso,Media ladera Izquierda,Recta,Parcial con reducción de carriles,0,30,5,0,5.0,Choque,orden publico],2509_2_67,7.0,17.0
Antioquia,2018-08-31 16:04:00,66,840.0,2018-07-24 05:00:00,martes,50,Normal,Seca y limpia,Montañoso,Media ladera Izquierda,Recta,Parcial con reducción de carriles,0,30,1,0,1.0,Choque,no determinada,2509_1_66,19.0,5.0
Antioquia,2018-08-31 16:09:00,69,250.0,2018-07-26 05:00:00,jueves,50,Normal,Seca y limpia,Montañoso,Media ladera Izquierda,Recta,Parcial con reducción de carriles,0,40,1,0,1.0,Choque,no determinada,2509_2_69,12.0,12.0
Antioquia,2018-08-31 16:12:00,70,79.0,2018-07-27 05:00:00,viernes,0,Normal,Seca y limpia,Montañoso,Media ladera Izquierda,Recta,Parcial con reducción de carriles,0,40,1,0,1.0,Choque,no determinada,2509_2_70,16.0,8.0
Antioquia,2018-08-31 16:18:00,70,880.0,2018-07-28 05:00:00,sabado,15,Normal,Seca y limpia,Montañoso,Media ladera Izquierda,Recta,Parcial con reducción de carriles,0,45,1,0,1.0,Choque,no determinada,2509_2_70,8.0,16.0
Antioquia,2018-08-31 16:26:00,70,900.0,2018-07-29 05:00:00,domingo,0,Normal,Seca y limpia,Montañoso,Media ladera Izquierda,Recta,Transito normal con precaución,0,45,1,0,1.0,Choque,no determinada,2509_2_70,17.0,7.0
Antioquia,2018-08-31 16:28:00,69,290.0,2018-07-29 05:00:00,domingo,10,Normal,Seca y limpia,Montañoso,Media ladera Izquierda,Recta,Transito normal con precaución,0,10,1,0,1.0,Choque,no determinada,2509_2_69,9.0,15.0
Antioquia,2018-08-31 16:30:00,67,800.0,2018-07-29 05:00:00,domingo,0,Normal,Seca y limpia,Montañoso,Media ladera Izquierda,Recta,Parcial con reducción de carriles,0,40,0,0,0.0,Choque,no determinada,2509_2_67,21.0,3.0
Antioquia,2018-08-31 16:32:00,65,680.0,2018-07-29 05:00:00,domingo,40,Normal,Seca y limpia,Montañoso,Media ladera Izquierda,Recta,Parcial con reducción de carriles,0,30,1,0,1.0,Choque,no determinada,2509_2_65,11.0,13.0
Antioquia,2018-08-31 16:35:00,70,85.0,2018-07-30 05:00:00,lunes,30,Normal,Seca y limpia,Montañoso,Media ladera Izquierda,Recta,Parcial con reducción de carriles,0,40,1,0,1.0,Choque,no determinada,2509_2_70,11.0,13.0
Antioquia,2018-08-31 16:37:00,87,300.0,2018-07-30 05:00:00,lunes,0,Lluvia,Aceite,Montañoso,Media Ladera Derecha,Curva Izquierda,Parcial con paso alternado,0,40,0,0,0.0,Choque,desobediencia a normas y senales,6003_1_87,15.0,9.0
Antioquia,2018-08-31 16:40:00,92,700.0,2018-07-31 05:00:00,martes,40,Lluvia,Humeda,Montañoso,Media Ladera Derecha,Recta,Transito normal con precaución,0,30,0,0,0.0,Choque,adelantamientos indebidos,6003_1_92,18.0,6.0
Antioquia,2018-08-31 16:43:00,64,720.0,2018-07-31 05:00:00,martes,20,Normal,Seca y limpia,Montañoso,Media ladera Izquierda,Recta,Parcial con reducción de carriles,1,45,0,0,0.0,Choque,desobediencia a normas y senales,2509_1_64,6.0,19.0
Antioquia,2018-08-31 16:46:00,66,980.0,2018-07-31 05:00:00,martes,30,Normal,Seca y limpia,Montañoso,Media ladera Izquierda,Recta,Parcial con reducción de carriles,0,45,1,0,1.0,Choque,no determinada,2509_2_66,10.0,14.0
Nariño,2018-09-01 15:33:00,67,830.0,2018-08-04 05:00:00,sabado,30,Normal,Seca y limpia,Plano,Terraplen,Recta,Transito normal con precaución,9,20,0,1,2.0,Choque,exceso de velocidad,1001_0_67,23.0,10.0
Nariño,2018-09-01 15:50:00,23,40.0,2018-08-06 05:00:00,lunes,40,Seca,Seca y limpia,Plano,Terraplen,Recta,Transito normal con precaución,15,30,0,0,0.0,Choque,no mantener distancia de seguridad,1001_0_23,12.0,3.0
Nariño,2018-09-01 15:50:00,6,650.0,2018-08-07 05:00:00,martes,40,Seca,Seca y limpia,Plano,Terraplen,Recta,Transito normal con precaución,1,50,0,1,1.0,Atropello,no mantener distancia de seguridad,1001_0_6,23.0,2.0
Nariño,2018-09-01 16:15:00,11,350.0,2018-08-18 05:00:00,sabado,50,Seca,Seca y limpia,Plano,Terraplen,Recta,Transito normal con precaución,20,10,1,1,2.0,Choque,exceso de velocidad,1001_0_11,19.0,1.0
Nariño,2018-09-01 16:21:00,8,450.0,2018-08-23 05:00:00,jueves,53,Seca,Seca y limpia,Plano,Terraplen,Curva Izquierda,Transito normal con precaución,19,30,0,1,3.0,Choque,exceso de velocidad,1001_0_8,18.0,1.0
Boyacá,2018-09-03 16:13:00,20,900.0,2018-07-03 05:00:00,martes,45,Lluvia,Humeda,Ondulado,Media ladera Izquierda,Curva Izquierda,Transito normal con precaución,16,45,0,0,0.0,Volcamiento,desobediencia a normas y senales,45A05_1_20,16.0,0.0
Boyacá,2018-09-03 16:22:00,70,100.0,2018-07-07 05:00:00,sabado,0,Lluvia,Humeda,Plano,Media ladera Izquierda,Recta,Transito normal con precaución,18,0,0,0,0.0,Choque,no mantener distancia de seguridad,45A05_1_70,18.0,0.0
Boyacá,2018-09-03 16:44:00,40,400.0,2018-07-24 05:00:00,martes,30,Normal,Seca y limpia,Plano,Media ladera Izquierda,Recta,Transito normal con precaución,19,30,0,0,0.0,Choque,adelantamientos indebidos,45A05_1_40,19.0,0.0
Boyacá,2018-09-03 16:49:00,44,800.0,2018-07-25 05:00:00,miercoles,20,Normal,Seca y limpia,Plano,Terraplen,Recta,Transito normal con precaución,13,20,0,0,0.0,Choque,condiciones de la via y factores ambientales,45A05_1_44,13.0,0.0
Boyacá,2018-09-03 16:54:00,43,900.0,2018-07-28 05:00:00,sabado,40,Normal,Seca y limpia,Plano,Terraplen,Recta,Transito normal con precaución,15,40,0,0,0.0,Choque,no mantener distancia de seguridad,45A05_1_43,15.0,0.0
Cundinamarca,2018-09-03 22:19:00,58,100.0,1969-12-31 05:00:00,miercoles,50,Normal,Seca y limpia,Montañoso,Media ladera Izquierda,Recta,Transito normal con precaución,1,0,0,0,0.0,Choque,fallas mecanicas y del sistema electrico,5008_1_58,4.0,21.0
Cundinamarca,2018-09-03 22:27:00,57,750.0,2018-08-02 05:00:00,jueves,15,Seca,Seca y limpia,Montañoso,Media ladera Izquierda,Curva Izquierda,Transito normal con precaución,1,0,0,0,0.0,Choque,adelantamientos indebidos,5008_1_57,23.0,2.0
Cundinamarca,2018-09-03 22:32:00,58,50.0,2018-08-03 05:00:00,viernes,40,Lluvia,Humeda,Montañoso,Media ladera Izquierda,Curva Izquierda,Transito normal con precaución,1,0,0,0,0.0,Choque,condiciones de la via y factores ambientales,5008_1_58,13.0,12.0
Cundinamarca,2018-09-03 22:37:00,39,800.0,2018-08-04 05:00:00,sabado,0,Normal,Seca y limpia,Montañoso,Media Ladera Derecha,Recta,Transito normal con precaución,1,0,0,0,0.0,Choque,no mantener distancia de seguridad,5008_1_39,11.0,14.0
Cundinamarca,2018-09-03 22:40:00,63,300.0,2018-08-08 05:00:00,miercoles,0,Normal,Seca y limpia,Montañoso,Media ladera Izquierda,Recta,Transito normal con precaución,1,0,0,0,0.0,Choque,condiciones de la via y factores ambientales,5008_1_63,14.0,11.0
Cundinamarca,2018-09-03 22:45:00,37,500.0,2018-08-08 05:00:00,miercoles,10,Normal,Seca y limpia,Montañoso,Media Ladera Derecha,Recta,Transito normal con precaución,1,0,0,0,0.0,Choque,no mantener distancia de seguridad,5008_1_37,2.0,23.0
Cundinamarca,2018-09-03 22:52:00,47,550.0,2018-08-08 05:00:00,miercoles,30,Normal,Seca y limpia,Montañoso,Media Ladera Derecha,Recta,Transito normal con precaución,1,0,0,0,1.0,Atropello,exceso en horas de conduccion,5008_1_47,17.0,8.0
Cundinamarca,2018-09-03 22:56:00,54,900.0,2018-08-11 05:00:00,sabado,20,Normal,Seca y limpia,Montañoso,Media ladera Izquierda,Curva Izquierda,Transito normal con precaución,1,0,0,0,0.0,Volcamiento,fallas mecanicas y del sistema electrico,5008_1_54,18.0,7.0
Cundinamarca,2018-09-03 23:00:00,46,0.0,2018-08-11 05:00:00,sabado,0,Normal,Seca y limpia,Montañoso,Terraplen,Recta,Transito normal con precaución,1,0,0,0,0.0,Choque,imprudencia del conductor,5008_1_46,23.0,2.0
Cundinamarca,2018-09-03 23:07:00,50,100.0,2018-08-18 05:00:00,sabado,15,Normal,Seca y limpia,Montañoso,Media ladera Izquierda,Curva Derecha,Transito normal con precaución,0,30,0,0,0.0,Choque,no mantener distancia de seguridad,5008_1_50,16.0,8.0
Cundinamarca,2018-09-03 23:14:00,45,900.0,2018-08-18 05:00:00,sabado,0,Normal,Seca y limpia,Montañoso,Terraplen,Curva Derecha,Transito normal con precaución,0,30,0,0,0.0,Choque,exceso de velocidad,5008_1_45,15.0,9.0
Cundinamarca,2018-09-03 23:17:00,48,650.0,2018-08-22 05:00:00,miercoles,0,Normal,Seca y limpia,Montañoso,Media ladera Izquierda,Curva Izquierda,Transito normal con precaución,1,0,0,0,0.0,Choque,no mantener distancia de seguridad,5008_1_48,9.0,16.0
Putumayo,2018-09-05 15:34:00,58,0.0,2018-08-03 05:00:00,viernes,30,Normal,Seca y limpia,Plano,Terraplen,Recta,Transito normal con precaución,0,0,0,0,0.0,Choque,no mantener distancia de seguridad,1003_1_58,20.0,4.0
Putumayo,2018-09-05 15:47:00,47,750.0,2018-08-27 05:00:00,lunes,20,Normal,Seca y limpia,Montañoso,Media Ladera Derecha,Curva Derecha,Transito normal con precaución,0,0,3,0,3.0,Volcamiento,fallas mecanicas y del sistema electrico,1003_1_47,10.0,14.0
Santander,2018-09-05 23:49:00,1,200.0,2018-06-03 05:00:00,domingo,33,Seca,Seca y limpia,Plano,Terraplen,Curva Derecha,Parcial con paso alternado,13,36,1,0,1.0,Choque,adelantamientos indebidos,45A06_0_1,13.0,0.0
Santander,2018-09-05 23:59:00,87,700.0,2018-06-05 05:00:00,martes,30,Seca,Seca y limpia,Montañoso,Terraplen,Curva Izquierda,Parcial con paso alternado,12,30,1,0,1.0,Choque,imprudencia del conductor,45A06_0_87,12.0,0.0
Santander,2018-09-06 00:05:00,19,50.0,2018-06-09 05:00:00,sabado,10,Seca,Seca y limpia,Ondulado,Terraplen,Recta,Parcial con paso alternado,15,10,1,0,1.0,Choque,exceso de velocidad,45A06_0_19,15.0,0.0
Santander,2018-09-06 00:05:00,111,600.0,2018-06-09 05:00:00,sabado,45,Seca,Seca y limpia,Montañoso,Terraplen,Recta,Parcial restringido a vehiculos pesados,20,45,1,0,2.0,Atropello,imprudencia del conductor,45A06_0_111,20.0,0.0
Santander,2018-09-06 00:16:00,89,200.0,2018-06-10 05:00:00,domingo,20,Seca,Seca y limpia,Montañoso,Terraplen,Recta,Parcial con paso alternado,4,20,1,0,1.0,Choque,defectos fisicos y psiquicos,45A06_0_89,4.0,0.0
Santander,2018-09-06 00:16:00,77,980.0,2018-06-13 05:00:00,miercoles,0,Seca,Seca y limpia,Montañoso,Media ladera Izquierda,Curva Izquierda,Parcial con paso alternado,19,0,1,0,3.0,Choque,no mantener distancia de seguridad,45A06_0_77,19.0,0.0
Santander,2018-09-06 00:27:00,117,600.0,2018-09-18 05:00:00,martes,40,Seca,Seca y limpia,Montañoso,Media ladera Izquierda,Recta,Parcial con paso alternado,17,40,1,0,1.0,Choque,imprudencia del conductor,45A06_0_117,17.0,0.0
Santander,2018-09-06 00:27:00,8,50.0,2018-06-22 05:00:00,viernes,40,Seca,Seca y limpia,Plano,Terraplen,Recta,Parcial con paso alternado,23,40,1,0,2.0,Volcamiento,condiciones de la via y factores ambientales,45A06_0_8,23.0,0.0
Santander,2018-09-06 00:27:00,58,900.0,2018-06-23 05:00:00,sabado,30,Seca,Seca y limpia,Montañoso,Terraplen,Curva Derecha,Parcial con paso alternado,12,30,1,0,3.0,Atropello,exceso de velocidad,45A06_0_58,12.0,0.0
Santander,2018-09-06 00:27:00,110,350.0,2018-06-24 05:00:00,domingo,0,Seca,Seca y limpia,Montañoso,Media ladera Izquierda,Recta,Parcial con paso alternado,9,0,1,0,4.0,Choque,exceso de velocidad,45A06_0_110,9.0,0.0
Santander,2018-09-06 00:27:00,49,600.0,2018-06-29 05:00:00,viernes,50,Seca,Seca y limpia,Ondulado,Terraplen,Recta,Parcial con paso alternado,12,50,1,0,5.0,Choque,adelantamientos indebidos,45A06_0_49,12.0,0.0
Santander,2018-09-06 00:27:00,23,440.0,2018-06-13 05:00:00,miercoles,0,Seca,Seca y limpia,Ondulado,Terraplen,Recta,Parcial con paso alternado,16,0,1,0,6.0,Choque,adelantamientos indebidos,45A06_0_23,16.0,0.0
Santander,2018-09-06 00:27:00,11,0.0,2018-06-13 05:00:00,miercoles,45,Seca,Seca y limpia,Plano,Terraplen,Recta,Parcial con paso alternado,18,40,1,0,7.0,Choque,imprudencia del conductor,45A06_0_11,18.0,0.0
Santander,2018-09-06 00:27:00,20,600.0,2018-06-21 05:00:00,jueves,20,Seca,Seca y limpia,Ondulado,Terraplen,Recta,Parcial con paso alternado,19,20,1,0,8.0,Atropello,adelantamientos indebidos,45A06_0_20,19.0,0.0
Santander,2018-09-06 00:27:00,1,200.0,2018-06-03 05:00:00,domingo,55,Seca,Seca y limpia,Montañoso,Media ladera Izquierda,Recta,Parcial restringido a vehiculos pesados,13,55,1,0,9.0,Choque,no mantener distancia de seguridad,45A06_0_1,13.0,0.0
Santander,2018-09-06 00:27:00,19,270.0,2018-06-26 05:00:00,martes,30,Seca,Seca y limpia,Montañoso,Media Ladera Derecha,Curva Izquierda,Parcial con paso alternado,11,30,1,0,10.0,Choque,no determinada,45A06_0_19,11.0,0.0
Santander,2018-09-06 00:27:00,77,800.0,2018-06-01 05:00:00,viernes,0,Seca,Seca y limpia,Plano,Media ladera Izquierda,Recta,Parcial con paso alternado,10,0,1,0,11.0,Choque,imprudencia del conductor,45A07_1_77,10.0,0.0
Santander,2018-09-06 00:27:00,79,580.0,2018-06-15 05:00:00,viernes,35,Seca,Seca y limpia,Plano,Media ladera Izquierda,Recta,Parcial con paso alternado,18,35,1,1,14.0,Atropello,exceso de velocidad,45A07_1_79,18.0,0.0
Santander,2018-09-06 00:27:00,82,200.0,2018-06-21 05:00:00,jueves,50,Seca,Seca y limpia,Montañoso,Media Ladera Derecha,Recta,Parcial con paso alternado,11,50,1,0,15.0,Choque,imprudencia del conductor,45A07_1_82,11.0,0.0
Santander,2018-09-06 00:27:00,84,650.0,2018-06-21 05:00:00,jueves,20,Seca,Seca y limpia,Montañoso,Cajón,Recta,Parcial con paso alternado,12,50,1,0,16.0,Choque,imprudencia del conductor,45A07_1_84,12.0,0.0
Santander,2018-09-06 00:27:00,83,500.0,2018-06-22 05:00:00,viernes,15,Seca,Seca y limpia,Montañoso,Cajón,Recta,Parcial con paso alternado,20,15,1,0,17.0,Choque,imprudencia del conductor,45A07_2_83,20.0,0.0
Santander,2018-09-06 00:27:00,79,100.0,2018-06-26 05:00:00,martes,30,Seca,Seca y limpia,Plano,Terraplen,Curva Derecha,Parcial con paso alternado,12,30,1,1,20.0,Choque,imprudencia del conductor,45A07_1_79,12.0,0.0
Santander,2018-09-06 00:27:00,85,450.0,2018-06-28 05:00:00,jueves,15,Seca,Seca y limpia,Montañoso,Cajón,Curva Izquierda,Parcial con paso alternado,15,15,1,0,21.0,Caída ocupante,exceso de velocidad,45A07_1_85,15.0,0.0
Santander,2018-09-06 00:27:00,7,900.0,2018-06-10 05:00:00,domingo,10,Seca,Seca y limpia,Ondulado,Terraplen,Curva Derecha,Parcial con paso alternado,16,10,1,0,22.0,Choque,imprudencia del conductor,45AST08_2_7,16.0,0.0
Santander,2018-09-06 00:27:00,2,400.0,2018-06-21 05:00:00,jueves,14,Seca,Seca y limpia,Plano,Terraplen,Recta,Parcial con paso alternado,12,14,1,0,23.0,Choque,imprudencia del conductor,45AST08_2_2,12.0,0.0
Santander,2018-09-06 00:27:00,6,850.0,2018-06-21 05:00:00,jueves,0,Seca,Seca y limpia,Plano,Media ladera Izquierda,Recta,Parcial con paso alternado,11,0,1,0,24.0,Choque,imprudencia del conductor,45AST08_2_6,11.0,0.0
Santander,2018-09-06 00:27:00,9,800.0,2018-06-26 05:00:00,martes,15,Seca,Seca y limpia,Plano,Terraplen,Recta,Parcial con paso alternado,21,15,1,0,25.0,Caída ocupante,imprudencia del conductor,45AST08_1_9,21.0,0.0
Santander,2018-09-06 00:27:00,4,0.0,2018-06-30 05:00:00,sabado,0,Seca,Seca y limpia,Plano,Terraplen,Recta,Parcial con paso alternado,23,0,1,0,26.0,Choque,imprudencia del conductor,45AST08_1_4,23.0,0.0
Cundinamarca,2018-09-06 13:41:00,29,0.0,2018-08-11 05:00:00,sabado,0,Normal,Seca y limpia,Montañoso,Media ladera Izquierda,Curva Izquierda,Parcial restringido a vehiculos pesados,0,30,0,0,0.0,Choque,imprudencia del conductor,5008_1_29,0.0,0.0
Nariño,2018-09-06 14:27:00,6,170.0,2018-08-27 05:00:00,lunes,30,Lluvia,Humeda,Montañoso,Media ladera Izquierda,Recta,Transito normal con precaución,7,30,2,0,2.0,Atropello,exceso de velocidad,1003_1_6,7.0,0.0
Nariño,2018-09-05 20:23:00,58,620.0,2018-09-01 05:00:00,sabado,32,Sol,Seca y limpia,Ondulado,Media Ladera Derecha,Recta,Transito normal con precaución,0,0,0,0,0.0,Choque,embriaguez o sustancias alucinogenas,1002_1_58,9.0,15.0
Nariño,2018-09-06 14:59:00,62,40.0,2018-08-29 05:00:00,miercoles,0,Sol,Seca y limpia,Escarpado,Media Ladera Derecha,Curva Izquierda,Transito normal con precaución,0,0,8,0,9.0,Salida de la vía sin volcarse,fallas mecanicas y del sistema electrico,1002_1_62,7.0,17.0
Bolívar,2018-09-06 15:30:00,30,730.0,2018-08-17 05:00:00,viernes,10,Normal,Seca y limpia,Plano,Terraplen,Recta,Transito normal con precaución,19,10,3,0,3.0,Otro,estacionamiento y senalizacion imprudente,7803_0_30,19.0,0.0
Bolívar,2018-09-06 15:30:00,20,140.0,2018-08-25 05:00:00,sabado,30,Normal,Seca y limpia,Plano,Terraplen,Curva Derecha,Transito normal con precaución,8,30,2,0,5.0,Choque,maniobras imprudentes,7803_0_20,8.0,0.0
Boyacá,2018-09-06 16:02:00,65,620.0,2018-08-01 05:00:00,miercoles,30,Normal,Seca y limpia,Plano,Terraplen,Curva Izquierda,Transito normal con precaución,5,30,0,0,0.0,Salida de la vía sin volcarse,defectos fisicos y psiquicos,5503_1_65,5.0,0.0
Quindío,2018-09-06 16:24:00,24,400.0,2018-08-01 05:00:00,miercoles,0,Lluvia,Humeda,Montañoso,Media Ladera Derecha,Recta,Transito normal con precaución,0,0,0,0,0.0,Choque,adelantamientos indebidos,4003_1_24,17.0,7.0
Boyacá,2018-09-06 19:03:00,23,443.0,2018-08-30 05:00:00,jueves,20,Normal,Seca y limpia,Plano,Terraplen,Recta,Transito normal con precaución,7,20,0,0,0.0,Salida de la vía sin volcarse,imprudencia del conductor,5503_1_23,7.0,0.0
Quindío,2018-09-06 19:11:00,2,250.0,2018-08-02 05:00:00,jueves,15,Normal,Seca y limpia,Plano,Terraplen,Recta,Transito normal con precaución,0,0,0,0,0.0,Choque,no mantener distancia de seguridad,2901B_1_2,17.0,7.0
Quindío,2018-09-06 19:16:00,44,100.0,2018-08-02 05:00:00,jueves,20,Normal,Seca y limpia,Plano,Terraplen,Recta,Transito normal con precaución,0,0,0,0,0.0,Choque,no determinada,4002_1_44,19.0,5.0
Boyacá,2018-09-06 19:10:00,112,830.0,2018-08-31 05:00:00,viernes,20,Normal,Seca y limpia,Montañoso,Media ladera Izquierda,Curva Derecha,Transito normal con precaución,15,20,0,0,0.0,Caída de carga,no determinada,5503_1_112,15.0,0.0
Quindío,2018-09-06 19:33:00,26,500.0,2018-08-04 05:00:00,sabado,30,Niebla,Seca y limpia,Montañoso,Media Ladera Derecha,Curva Izquierda,Parcial con reducción de carriles,1,0,0,0,0.0,Choque,maniobras imprudentes,4003_1_26,21.0,4.0
Nariño,2018-09-06 16:26:00,27,930.0,2018-08-11 05:00:00,sabado,30,Sol,Seca y limpia,Ondulado,Media ladera Izquierda,Recta,Transito normal con precaución,8,30,0,0,1.0,Atropello,exceso de velocidad,2502_1_27,8.0,0.0
Boyacá,2018-09-06 16:24:00,13,550.0,2018-08-05 05:00:00,domingo,10,Lluvia,Humeda,Ondulado,Media Ladera Derecha,Recta,Transito normal con precaución,0,10,0,1,1.0,Atropello,conducta de peatones,5503_1_13,0.0,0.0
Boyacá,2018-09-06 16:34:00,38,400.0,2018-08-08 05:00:00,miercoles,10,Lluvia,Humeda,Ondulado,Media Ladera Derecha,Curva Derecha,Transito normal con precaución,13,40,0,0,0.0,Choque,no determinada,5503_1_38,14.0,23.0
Nariño,2018-09-06 16:34:00,66,0.0,2018-08-11 05:00:00,sabado,0,Normal,Seca y limpia,Escarpado,Media ladera Izquierda,Curva Derecha,Transito normal con precaución,7,0,0,0,1.0,Volcamiento,exceso de velocidad,2502_1_66,7.0,0.0
Boyacá,2018-09-06 16:37:00,112,310.0,2018-08-11 05:00:00,sabado,30,Normal,Seca y limpia,Ondulado,Media ladera Izquierda,Curva Derecha,Transito normal con precaución,15,30,0,0,0.0,Volcamiento,exceso de velocidad,5503_1_112,15.0,0.0
Nariño,2018-09-06 16:39:00,51,230.0,2018-08-19 05:00:00,domingo,45,Sol,Seca y limpia,Escarpado,Cajón,Curva Derecha,Transito normal con precaución,7,45,0,0,0.0,Choque,imprudencia del conductor,2502_1_51,7.0,0.0