territorial,fecha_registro,pr,distancia_pr,fecha_acc,dia_semana_acc,min_acc,condic_meteor,estado_super,terreno,secc_tip,geometria_acc,tipo_cierre,horas_cierre,min_cierre,n_heridos,n_muertos,n_victimas,clase_accidente,causa_posible,ref_loc,hora_acc,duracion_cierre_horas
Boyacá,2018-09-06 16:42:00,48,530.0,2018-08-13 05:00:00,lunes,0,Lluvia,Humeda,Ondulado,Media ladera Izquierda,Curva Derecha,Transito normal con precaución,13,0,0,0,0.0,Choque,imprudencia del conductor,5503_1_48,13.0,0.0
Nariño,2018-09-06 16:51:00,42,750.0,2018-08-24 05:00:00,viernes,0,Sol,Seca y limpia,Escarpado,Media Ladera Derecha,Curva Derecha,Transito normal con precaución,13,0,1,0,1.0,Otro,adelantamientos indebidos,2502_1_42,13.0,0.0
Boyacá,2018-09-06 16:46:00,38,400.0,2018-08-14 05:00:00,martes,0,Normal,Seca y limpia,Ondulado,Media Ladera Derecha,Curva Derecha,Transito normal con precaución,9,45,0,0,0.0,Choque,desobediencia a normas y senales,5503_1_38,9.0,0.0
Boyacá,2018-09-06 16:55:00,70,620.0,2018-08-15 05:00:00,miercoles,20,Normal,Seca y limpia,Montañoso,Media Ladera Derecha,Curva Izquierda,Transito normal con precaución,8,15,0,0,0.0,Choque,exceso de velocidad,5503_1_70,7.0,1.0
Boyacá,2018-09-06 16:59:00,57,700.0,2018-08-16 05:00:00,jueves,0,Normal,Seca y limpia,Ondulado,Media Ladera Derecha,Curva Derecha,Transito normal con precaución,11,0,0,0,0.0,Salida de la vía sin volcarse,defectos fisicos y psiquicos,5503_1_57,11.0,0.0
Boyacá,2018-09-06 17:03:00,114,220.0,2018-08-18 05:00:00,sabado,0,Normal,Seca y limpia,Montañoso,Media ladera Izquierda,Curva Izquierda,Transito normal con precaución,22,0,0,0,0.0,Salida de la vía sin volcarse,exceso de velocidad,5503_1_114,22.0,0.0
Boyacá,2018-09-06 17:25:00,48,545.0,2018-08-22 05:00:00,miercoles,0,Normal,Seca y limpia,Montañoso,Media Ladera Derecha,Curva Derecha,Transito normal con precaución,7,0,0,0,0.0,Choque,imprudencia del conductor,5503_1_48,7.0,0.0
Quindío,2018-09-06 19:52:00,21,400.0,2018-08-04 05:00:00,sabado,7,Normal,Seca y limpia,Montañoso,Media Ladera Derecha,Curva Derecha,Parcial con reducción de carriles,1,0,0,0,0.0,Choque,adelantamientos indebidos,4003_1_21,23.0,2.0
Quindío,2018-09-06 20:00:00,26,600.0,2018-08-06 05:00:00,lunes,0,Niebla,Seca y limpia,Montañoso,Media Ladera Derecha,Curva Derecha,Transito normal con precaución,0,0,0,0,0.0,Choque,maniobras imprudentes,4003_1_26,5.0,19.0
Quindío,2018-09-06 20:16:00,8,800.0,2018-08-06 05:00:00,lunes,45,Normal,Seca y limpia,Ondulado,Cajón,Curva Derecha,Cierre total,1,0,1,1,2.0,Choque,no determinada,2901B_1_8,23.0,2.0
Quindío,2018-09-06 20:28:00,2,290.0,2018-08-06 05:00:00,lunes,40,Normal,Seca y limpia,Plano,Terraplen,Recta,Parcial con reducción de carriles,0,40,1,0,1.0,Choque,no mantener distancia de seguridad,2901B_1_2,8.0,16.0
Quindío,2018-09-06 20:35:00,45,0.0,2018-08-07 05:00:00,martes,0,Normal,Seca y limpia,Plano,Terraplen,Recta,Parcial con reducción de carriles,0,40,1,0,1.0,Choque,no determinada,4002_1_45,3.0,21.0
Quindío,2018-09-06 20:41:00,8,200.0,2018-08-08 05:00:00,miercoles,30,Seca,Seca y limpia,Plano,Terraplen,Recta,Cierre total,1,0,0,1,1.0,Choque,no determinada,4003_1_8,17.0,8.0
Quindío,2018-09-06 20:53:00,8,800.0,2018-08-08 05:00:00,miercoles,30,Normal,Seca y limpia,Montañoso,Media ladera Izquierda,Curva Izquierda,Transito normal con precaución,0,0,0,0,0.0,Choque,adelantamientos indebidos,4003_1_8,18.0,6.0
Quindío,2018-09-06 21:00:00,9,590.0,2018-08-10 05:00:00,viernes,28,Seca,Seca y limpia,Plano,Terraplen,Recta,Transito normal con precaución,0,0,0,0,0.0,Choque,no determinada,25VL07_1_9,13.0,11.0
Quindío,2018-09-06 21:04:00,47,550.0,2018-08-13 05:00:00,lunes,50,Normal,Seca y limpia,Plano,Terraplen,Curva Derecha,Parcial con reducción de carriles,0,40,0,0,0.0,Choque,no mantener distancia de seguridad,4002_1_47,6.0,18.0
Quindío,2018-09-06 21:10:00,3,850.0,2018-08-14 05:00:00,martes,30,Lluvia,Humeda,Plano,Cajón,Curva Derecha,Parcial con reducción de carriles,6,0,1,0,1.0,Volcamiento,fallas mecanicas y del sistema electrico,2901B_1_3,10.0,20.0
Quindío,2018-09-06 21:15:00,6,430.0,2018-08-14 05:00:00,martes,30,Lluvia,Humeda,Montañoso,Media ladera Izquierda,Curva Derecha,Parcial con reducción de carriles,1,0,2,0,2.0,Choque,no determinada,4003_1_6,10.0,15.0
Quindío,2018-09-06 21:21:00,25,130.0,2018-08-14 05:00:00,martes,30,Lluvia,Humeda,Montañoso,Media Ladera Derecha,Recta,Parcial con reducción de carriles,3,0,0,0,0.0,Choque,no determinada,4003_1_25,7.0,20.0
Boyacá,2018-09-06 21:23:00,7,235.0,2018-08-25 05:00:00,sabado,55,Normal,Seca y limpia,Ondulado,Media Ladera Derecha,Recta,Transito normal con precaución,18,55,2,0,2.0,Choque,exceso de velocidad,5503_1_7,18.0,0.0
Quindío,2018-09-06 21:24:00,18,0.0,2018-08-16 05:00:00,jueves,30,Normal,Seca y limpia,Montañoso,Media Ladera Derecha,Recta,Transito normal con precaución,0,0,0,0,0.0,Choque,no determinada,4003_1_18,16.0,8.0
Chocó,2018-09-06 21:17:00,12,600.0,2018-07-05 05:00:00,jueves,20,Sol,Seca y limpia,Plano,Terraplen,Curva Izquierda,Transito normal con precaución,1,0,1,0,2.0,Choque,exceso de velocidad,5002_1_12,15.0,10.0
Quindío,2018-09-06 21:30:00,12,300.0,2018-08-16 05:00:00,jueves,30,Normal,Seca y limpia,Montañoso,Media Ladera Derecha,Curva Izquierda,Parcial con reducción de carriles,1,0,0,0,0.0,Choque,no determinada,4003_1_12,7.0,18.0
Quindío,2018-09-06 21:34:00,14,800.0,2018-08-16 05:00:00,jueves,30,Normal,Seca y limpia,Montañoso,Cajón,Curva Izquierda,Transito normal con precaución,0,0,0,0,0.0,Choque,fallas mecanicas y del sistema electrico,4003_1_14,8.0,16.0
Chocó,2018-09-06 21:17:00,21,900.0,2018-07-01 05:00:00,domingo,0,Lluvia,Humeda,Plano,Terraplen,Curva Izquierda,Transito normal con precaución,1,0,0,1,3.0,Caída ocupante,exceso de velocidad,5002_1_21,21.0,4.0
Quindío,2018-09-06 21:57:00,1,520.0,2018-08-19 05:00:00,domingo,0,Seca,Seca y limpia,Plano,Terraplen,Recta,Cierre total,1,30,0,1,1.0,Choque,no determinada,40QN05_0_1,22.0,3.0
Boyacá,2018-09-06 21:53:00,75,490.0,2018-08-18 05:00:00,sabado,20,Lluvia,Humeda,Montañoso,Media Ladera Derecha,Curva Derecha,Cierre total,7,20,4,0,4.0,Choque,no determinada,5503_1_75,7.0,0.0
Quindío,2018-09-06 22:03:00,2,200.0,2018-08-21 05:00:00,martes,45,Seca,Seca y limpia,Ondulado,Media Ladera Derecha,Curva Izquierda,Parcial con reducción de carriles,0,30,2,0,2.0,Choque,no determinada,4003_1_2,10.0,14.0
Quindío,2018-09-06 22:07:00,8,200.0,2018-08-21 05:00:00,martes,40,Seca,Seca y limpia,Plano,Terraplen,Curva Derecha,Parcial con reducción de carriles,0,30,0,0,1.0,Choque,no determinada,4003_1_8,11.0,13.0
Casanare,2018-09-06 22:09:00,38,150.0,2018-08-01 05:00:00,miercoles,0,Lluvia,Humeda,Montañoso,Media Ladera Derecha,Curva Derecha,Transito normal con precaución,0,0,0,0,0.0,Choque,no determinada,6211_1_38,17.0,7.0
Quindío,2018-09-06 22:16:00,8,200.0,2018-08-21 05:00:00,martes,15,Seca,Seca y limpia,Plano,Terraplen,Curva Izquierda,Cierre total,3,45,1,0,1.0,Volcamiento,fallas mecanicas y del sistema electrico,4003_1_8,21.0,6.0
Quindío,2018-09-06 22:19:00,44,970.0,2018-08-21 05:00:00,martes,20,Normal,Seca y limpia,Plano,Terraplen,Recta,Transito normal con precaución,0,0,0,0,0.0,Choque,no determinada,4002_1_44,19.0,5.0
Quindío,2018-09-06 22:22:00,14,500.0,2018-08-21 05:00:00,martes,30,Normal,Seca y limpia,Escarpado,Media ladera Izquierda,Curva Derecha,Transito normal con precaución,0,0,0,0,0.0,Choque,no determinada,4003_1_14,7.0,17.0
Quindío,2018-09-06 22:25:00,49,0.0,2018-08-23 05:00:00,jueves,0,Normal,Seca y limpia,Plano,Terraplen,Recta,Parcial con reducción de carriles,1,0,0,0,0.0,Choque,no determinada,4002_1_49,15.0,10.0
Quindío,2018-09-06 22:28:00,16,500.0,2018-08-23 05:00:00,jueves,0,Normal,Seca y limpia,Montañoso,Media Ladera Derecha,Curva Derecha,Parcial con reducción de carriles,0,30,0,0,0.0,Choque,no mantener distancia de seguridad,4003_1_16,21.0,3.0
Casanare,2018-09-06 22:15:00,56,600.0,2018-08-03 05:00:00,viernes,0,Niebla,Humeda,Montañoso,Media Ladera Derecha,Curva Derecha,Transito normal con precaución,0,0,0,1,1.0,Salida de la vía sin volcarse,no determinada,6211_1_56,6.0,18.0
Quindío,2018-09-06 22:39:00,20,800.0,2018-08-26 05:00:00,domingo,40,Normal,Seca y limpia,Plano,Cajón,Recta,Parcial con paso alternado,0,40,2,0,2.0,Choque,no mantener distancia de seguridad,2901B_1_20,14.0,10.0
Casanare,2018-09-06 22:40:00,29,990.0,2018-08-03 05:00:00,viernes,30,Lluvia,Humeda,Montañoso,Media ladera Izquierda,Curva Derecha,Transito normal con precaución,0,0,0,0,0.0,Volcamiento,no determinada,6211_1_29,2.0,22.0
Quindío,2018-09-06 22:41:00,6,800.0,2018-08-26 05:00:00,domingo,15,Normal,Seca y limpia,Plano,Media Ladera Derecha,Recta,Parcial con reducción de carriles,1,0,2,0,2.0,Choque,no mantener distancia de seguridad,40QN05_0_6,12.0,13.0
Quindío,2018-09-06 22:44:00,17,850.0,2018-08-27 05:00:00,lunes,0,Normal,Seca y limpia,Montañoso,Media ladera Izquierda,Curva Derecha,Transito normal con precaución,0,0,0,0,0.0,Choque,no mantener distancia de seguridad,4003_1_17,18.0,6.0
Casanare,2018-09-06 22:43:00,18,200.0,2018-08-04 05:00:00,sabado,0,Lluvia,Humeda,Montañoso,Media ladera Izquierda,Curva Izquierda,Transito normal con precaución,0,0,0,0,0.0,Choque,no determinada,6211_1_18,17.0,7.0
Cauca,2018-09-06 22:52:00,31,400.0,2018-08-03 05:00:00,viernes,34,Normal,Seca y limpia,Ondulado,Media ladera Izquierda,Curva Izquierda,Transito normal con precaución,0,0,1,0,1.0,Caída ocupante,no determinada,2001_1_31,6.0,18.0
Casanare,2018-09-06 22:48:00,84,450.0,2018-08-18 05:00:00,sabado,30,Normal,Humeda,Montañoso,Media Ladera Derecha,Curva Derecha,Transito normal con precaución,0,0,0,0,0.0,Choque,no determinada,6211_1_84,19.0,5.0
Quindío,2018-09-06 22:46:00,9,700.0,2018-08-27 05:00:00,lunes,50,Normal,Seca y limpia,Montañoso,Media ladera Izquierda,Curva Derecha,Transito normal con precaución,0,0,0,1,1.0,Atropello,conducta de peatones,4003_1_9,5.0,19.0
Quindío,2018-09-06 22:57:00,4,320.0,2018-08-27 05:00:00,lunes,30,Normal,Seca y limpia,Plano,Terraplen,Recta,Transito normal con precaución,0,0,0,0,1.0,Choque,no determinada,4003_1_4,18.0,6.0
Casanare,2018-09-06 22:56:00,116,550.0,2018-08-14 05:00:00,martes,30,Lluvia,Humeda,Montañoso,Media ladera Izquierda,Curva Izquierda,Cierre total,13,30,0,0,0.0,Volcamiento,no determinada,6211_1_116,13.0,0.0
Casanare,2018-09-06 23:03:00,104,30.0,2018-08-17 05:00:00,viernes,0,Sol,Seca y limpia,Montañoso,Media ladera Izquierda,Curva Izquierda,Transito normal con precaución,0,0,0,0,0.0,Choque,no determinada,6211_1_104,17.0,7.0
Quindío,2018-09-06 23:01:00,47,900.0,2018-08-29 05:00:00,miercoles,0,Normal,Seca y limpia,Plano,Terraplen,Recta,Transito normal con precaución,0,0,1,0,1.0,Volcamiento,embriaguez o sustancias alucinogenas,4002_1_47,3.0,21.0
Casanare,2018-09-06 23:07:00,47,750.0,2018-08-19 05:00:00,domingo,30,Sol,Seca y limpia,Montañoso,Media Ladera Derecha,Recta,Transito normal con precaución,0,0,0,0,0.0,Choque,no determinada,6211_1_47,12.0,12.0
Quindío,2018-09-06 23:06:00,22,300.0,2018-08-29 05:00:00,miercoles,0,Normal,Seca y limpia,Montañoso,Media Ladera Derecha,Curva Izquierda,Transito normal con precaución,0,0,0,0,0.0,Choque,maniobras imprudentes,4003_1_22,1.0,23.0
Casanare,2018-09-06 23:11:00,50,0.0,2018-08-19 05:00:00,domingo,26,Normal,Material suelto,Montañoso,Media Ladera Derecha,Curva Izquierda,Transito normal con precaución,0,0,0,0,0.0,Volcamiento,no determinada,6211_1_50,10.0,14.0
Casanare,2018-09-06 23:13:00,94,900.0,2018-08-19 05:00:00,domingo,0,Sol,Seca y limpia,Montañoso,Media Ladera Derecha,Curva Izquierda,Parcial con reducción de carriles,16,0,0,0,0.0,Volcamiento,no determinada,6211_1_94,16.0,0.0
Casanare,2018-09-06 23:19:00,95,700.0,2018-08-22 05:00:00,miercoles,0,Sol,Seca y limpia,Montañoso,Media ladera Izquierda,Curva Izquierda,Transito normal con precaución,0,0,0,0,0.0,Choque,no determinada,6211_1_95,13.0,11.0
Casanare,2018-09-06 23:23:00,108,900.0,2018-08-23 05:00:00,jueves,30,Sol,Seca y limpia,Plano,Cajón,Recta,Transito normal con precaución,0,0,0,0,0.0,Volcamiento,no determinada,6211_1_108,15.0,9.0
Casanare,2018-09-06 23:25:00,58,190.0,2018-08-29 05:00:00,miercoles,26,Normal,Seca y limpia,Montañoso,Media Ladera Derecha,Curva Derecha,Transito normal con precaución,0,0,0,0,0.0,Choque,no determinada,6211_1_58,1.0,23.0
Casanare,2018-09-06 23:29:00,18,220.0,2018-08-29 05:00:00,miercoles,30,Sol,Seca y limpia,Montañoso,Media ladera Izquierda,Curva Izquierda,Transito normal con precaución,0,0,12,0,12.0,Volcamiento,no determinada,6211_1_18,11.0,13.0
Quindío,2018-09-06 23:30:00,26,200.0,2018-08-01 05:00:00,miercoles,30,Normal,Seca y limpia,Montañoso,Media Ladera Derecha,Curva Izquierda,Transito normal con precaución,0,0,0,0,0.0,Choque,no determinada,4003_1_26,6.0,18.0
Casanare,2018-09-06 23:33:00,45,970.0,2018-08-29 05:00:00,miercoles,30,Normal,Humeda,Montañoso,Media Ladera Derecha,Curva Derecha,Transito normal con precaución,0,0,0,0,0.0,Salida de la vía sin volcarse,no determinada,6211_1_45,12.0,12.0
Quindío,2018-09-06 23:39:00,4,300.0,2018-08-03 05:00:00,viernes,30,Lluvia,Humeda,Plano,Terraplen,Recta,Transito normal con precaución,0,40,1,0,1.0,Choque,no mantener distancia de seguridad,2901B_1_4,18.0,6.0
Norte de Santander,2018-09-07 13:00:00,7,700.0,2018-07-29 05:00:00,domingo,30,Normal,Seca y limpia,Plano,Terraplen,Recta,Transito normal con precaución,0,0,2,0,2.0,Choque,no determinada,55NSA_2_7,2.0,22.0
Norte de Santander,2018-09-07 13:00:00,16,850.0,2018-07-27 05:00:00,viernes,50,Normal,Seca y limpia,Plano,Terraplen,Recta,Transito normal con precaución,0,0,0,0,2.0,Choque,no mantener distancia de seguridad,55NSA_1_16,6.0,18.0
Norte de Santander,2018-09-07 13:16:00,5,750.0,2018-08-20 05:00:00,lunes,30,Normal,Seca y limpia,Plano,Terraplen,Recta,Transito normal con precaución,0,0,0,0,0.0,Choque,no determinada,55NSA_1_5,7.0,17.0
Norte de Santander,2018-09-07 13:18:00,9,438.0,2018-08-12 05:00:00,domingo,20,Normal,Seca y limpia,Plano,Terraplen,Curva Derecha,Transito normal con precaución,0,0,0,1,1.0,Volcamiento,exceso de velocidad,55NSA_1_9,8.0,16.0
Norte de Santander,2018-09-07 13:21:00,9,700.0,2018-08-27 05:00:00,lunes,5,Normal,Seca y limpia,Plano,Terraplen,Curva Derecha,Transito normal con precaución,0,0,0,0,0.0,Choque,adelantamientos indebidos,55NSA_2_9,16.0,8.0
Boyacá,2018-09-07 17:56:00,42,200.0,2018-08-01 05:00:00,miercoles,20,Lluvia,Humeda,Montañoso,Media Ladera Derecha,Recta,Transito normal con precaución,0,20,0,0,0.0,Choque,condiciones de la via y factores ambientales,6209_0_42,11.0,13.0
Huila,2018-09-07 22:44:00,1,580.0,2018-08-28 05:00:00,martes,10,Lluvia,Humeda,Plano,Terraplen,Recta,Parcial con reducción de carriles,6,10,1,0,1.0,Volcamiento,no determinada,2003A_0_1,6.0,0.0
Huila,2018-09-07 22:50:00,2,500.0,2018-08-22 05:00:00,miercoles,0,Normal,Seca y limpia,Plano,Terraplen,Recta,Parcial con paso alternado,0,30,0,0,0.0,Choque,no determinada,2003A_0_2,13.0,11.0
Huila,2018-09-07 22:54:00,26,500.0,2018-08-03 05:00:00,viernes,30,Normal,Seca y limpia,Plano,Terraplen,Recta,Parcial con reducción de carriles,0,30,0,0,0.0,Choque,adelantamientos indebidos,2003_0_26,19.0,5.0
Norte de Santander,2018-09-07 13:24:00,15,550.0,2018-08-06 05:00:00,lunes,40,Normal,Seca y limpia,Plano,Terraplen,Recta,Transito normal con precaución,0,9,9,0,9.0,Choque,no mantener distancia de seguridad,55NSA_1_15,18.0,6.0
Norte de Santander,2018-09-07 13:27:00,15,700.0,2018-08-14 05:00:00,martes,30,Normal,Seca y limpia,Plano,Terraplen,Recta,Transito normal con precaución,0,0,1,0,1.0,Choque,no determinada,55NSA_2_15,15.0,9.0
Norte de Santander,2018-09-07 13:31:00,0,400.0,2018-08-01 05:00:00,miercoles,0,Normal,Seca y limpia,Plano,Terraplen,Recta,Transito normal con precaución,0,0,0,0,0.0,Choque,maniobras imprudentes,55NS09_0_0,14.0,10.0
Norte de Santander,2018-09-07 13:35:00,0,800.0,2018-08-12 05:00:00,domingo,50,Normal,Seca y limpia,Plano,Terraplen,Recta,Transito normal con precaución,0,0,0,0,3.0,Atropello,no determinada,55NS09_0_0,11.0,13.0
Norte de Santander,2018-09-07 13:39:00,3,8.0,2018-08-14 05:00:00,martes,50,Normal,Seca y limpia,Plano,Terraplen,Recta,Transito normal con precaución,0,0,0,0,0.0,Choque,no mantener distancia de seguridad,5507_0_3,18.0,6.0
Cauca,2018-09-07 14:35:00,47,200.0,2018-09-05 05:00:00,miercoles,30,Normal,Seca y limpia,Ondulado,Media Ladera Derecha,Curva Izquierda,Transito normal con precaución,0,0,0,0,0.0,Salida de la vía sin volcarse,fallas mecanicas y del sistema electrico,2001_1_47,16.0,8.0
Nariño,2018-09-07 14:53:00,115,350.0,2018-08-25 05:00:00,sabado,30,Sol,Seca y limpia,Ondulado,Media ladera Izquierda,Curva Derecha,Parcial con reducción de carriles,0,0,0,0,0.0,Choque,fallas mecanicas y del sistema electrico,1002_1_115,6.0,18.0
Nariño,2018-09-07 15:05:00,38,0.0,2018-08-23 05:00:00,jueves,5,Sol,Seca y limpia,Plano,Media Ladera Derecha,Curva Derecha,Parcial con reducción de carriles,0,0,0,0,0.0,Choque,adelantamientos indebidos,1702_0_38,16.0,8.0
Nariño,2018-09-07 14:59:00,12,500.0,2018-09-06 05:00:00,jueves,10,Sol,Seca y limpia,Plano,Terraplen,Curva Izquierda,Transito normal con precaución,0,0,0,0,1.0,Volcamiento,fallas mecanicas y del sistema electrico,0801_1_12,11.0,13.0
Boyacá,2018-09-08 17:41:00,22,600.0,2018-08-13 05:00:00,lunes,30,Lluvia,Humeda,Plano,Media Ladera Derecha,Curva Izquierda,Transito normal con precaución,0,0,1,0,1.0,Volcamiento,condiciones de la via y factores ambientales,6209_0_22,0.0,0.0
Boyacá,2018-09-08 17:47:00,21,950.0,2018-08-18 05:00:00,sabado,50,Lluvia,Humeda,Montañoso,Media Ladera Derecha,Curva Derecha,Cierre total,1,0,0,0,4.0,Choque,condiciones de la via y factores ambientales,6209_0_21,0.0,1.0
Boyacá,2018-09-08 17:52:00,21,0.0,2018-08-20 05:00:00,lunes,25,Niebla,Humeda,Plano,Cajón,Recta,Transito normal con precaución,0,0,0,0,0.0,Choque,condiciones de la via y factores ambientales,6209_0_21,16.0,8.0
Boyacá,2018-09-08 20:04:00,10,720.0,2018-08-15 05:00:00,miercoles,45,Normal,Seca y limpia,Plano,Media Ladera Derecha,Curva Derecha,Parcial con paso alternado,0,45,0,1,1.0,Choque,no determinada,6008_0_10,0.0,0.0
Boyacá,2018-09-08 20:10:00,24,800.0,2018-08-10 05:00:00,viernes,45,Normal,Seca y limpia,Plano,Media ladera Izquierda,Curva Izquierda,Parcial con paso alternado,0,40,0,0,3.0,Choque,adelantamientos indebidos,6008_0_24,18.0,6.0
Caquetá,2018-09-10 15:29:00,57,200.0,2018-08-02 05:00:00,jueves,30,Seca,Seca y limpia,Plano,Terraplen,Curva Derecha,Transito normal con precaución,0,0,1,0,1.0,Atropello,conducta de peatones,6502_1_57,5.0,19.0
Caquetá,2018-09-10 15:29:00,42,0.0,2018-08-10 05:00:00,viernes,5,Normal,Seca y limpia,Ondulado,Terraplen,Curva Izquierda,Transito normal con precaución,0,0,2,0,3.0,Choque,adelantamientos indebidos,6502_1_42,19.0,5.0
Caquetá,2018-09-10 15:29:00,18,385.0,2018-08-10 05:00:00,viernes,30,Normal,Seca y limpia,Plano,Cajón,Recta,Transito normal con precaución,0,0,2,0,5.0,Choque,imprudencia del conductor,6502_1_18,19.0,5.0
Cesar,2018-09-10 16:14:00,36,560.0,2018-08-03 05:00:00,viernes,0,Normal,Seca y limpia,Plano,Terraplen,Curva Izquierda,Transito normal con precaución,6,0,0,0,0.0,Choque,imprudencia del conductor,4901_1_36,6.0,0.0
Cesar,2018-09-10 16:14:00,24,0.0,2018-08-08 05:00:00,miercoles,15,Normal,Seca y limpia,Plano,Terraplen,Curva Izquierda,Parcial con paso alternado,9,0,0,0,0.0,Volcamiento,desobediencia a normas y senales,8004A_1_24,23.0,10.0
Cesar,2018-09-10 16:46:00,28,700.0,2018-08-09 05:00:00,jueves,20,Normal,Seca y limpia,Plano,Terraplen,Recta,Transito normal con precaución,20,20,0,1,1.0,Choque,imprudencia del conductor,8004A_1_28,20.0,0.0
Cesar,2018-09-10 16:46:00,111,61.9,2018-08-13 05:00:00,lunes,35,Normal,Seca y limpia,Plano,Terraplen,Recta,Parcial con paso alternado,9,30,1,0,2.0,Choque,condiciones de la via y factores ambientales,4901_1_111,5.0,4.0
Cesar,2018-09-10 17:07:00,113,500.0,2018-08-15 05:00:00,miercoles,45,Lluvia,Humeda,Plano,Terraplen,Recta,Transito normal con precaución,8,0,0,0,0.0,Choque,adelantamientos indebidos,4901_1_113,7.0,1.0
Cesar,2018-09-10 17:12:00,16,200.0,2018-08-19 05:00:00,domingo,40,Normal,Seca y limpia,Plano,Terraplen,Recta,Transito normal con precaución,9,0,1,0,1.0,Choque,adelantamientos indebidos,8004A_1_16,8.0,1.0
Cesar,2018-09-10 17:23:00,5,200.0,2018-08-31 05:00:00,viernes,30,Normal,Seca y limpia,Plano,Terraplen,Recta,Transito normal con precaución,10,0,0,3,3.0,Choque,desobediencia a normas y senales,4902_1_5,9.0,1.0
Nariño,2018-09-10 19:27:00,16,863.0,2018-08-16 05:00:00,jueves,36,Seca,Seca y limpia,Plano,Terraplen,Curva Izquierda,Transito normal con precaución,9,10,0,1,3.0,Choque,estacionamiento y senalizacion imprudente,1001_0_16,6.0,3.0
Cauca,2018-09-11 13:45:00,14,500.0,2018-07-03 05:00:00,martes,40,Normal,Seca y limpia,Plano,Terraplen,Recta,Transito normal con precaución,0,0,0,0,0.0,Choque,no determinada,2503_0_14,0.0,0.0
Cauca,2018-09-11 13:52:00,21,600.0,2018-07-08 05:00:00,domingo,20,Normal,Seca y limpia,Plano,Terraplen,Recta,Transito normal con precaución,0,0,0,0,0.0,Choque,no determinada,2503_0_21,15.0,9.0
Cauca,2018-09-11 13:52:00,93,400.0,2018-07-09 05:00:00,lunes,30,Normal,Seca y limpia,Montañoso,Cajón,Curva Derecha,Transito normal con precaución,0,0,0,0,0.0,Choque,no mantener distancia de seguridad,2503_0_93,10.0,14.0
Cauca,2018-09-11 13:52:00,115,560.0,2018-07-09 05:00:00,lunes,40,Sol,Seca y limpia,Ondulado,Media Ladera Derecha,Recta,Transito normal con precaución,0,0,2,0,2.0,Choque,adelantamientos indebidos,2503_0_115,9.0,15.0
Cauca,2018-09-11 13:52:00,97,200.0,2018-07-15 05:00:00,domingo,15,Normal,Seca y limpia,Montañoso,Media Ladera Derecha,Curva Derecha,Transito normal con precaución,0,0,0,0,2.0,Choque,adelantamientos indebidos,2503_0_97,8.0,16.0
Cauca,2018-09-11 13:52:00,117,0.0,2018-07-15 05:00:00,domingo,30,Normal,Seca y limpia,Plano,Media Ladera Derecha,Recta,Transito normal con precaución,0,0,0,0,2.0,Choque,no mantener distancia de seguridad,2503_0_117,20.0,4.0
Cauca,2018-09-11 13:52:00,14,400.0,2018-07-18 05:00:00,miercoles,20,Normal,Seca y limpia,Plano,Terraplen,Recta,Transito normal con precaución,0,0,1,0,3.0,Choque,no determinada,2503_0_14,8.0,16.0
Cauca,2018-09-11 14:14:00,28,80.0,2018-07-21 05:00:00,sabado,30,Normal,Seca y limpia,Ondulado,Media Ladera Derecha,Recta,Transito normal con precaución,0,0,0,0,0.0,Choque,no determinada,2503_0_28,17.0,7.0
Casanare,2018-09-12 01:24:00,57,900.0,2018-08-04 05:00:00,sabado,0,Lluvia,Humeda,Plano,Terraplen,Recta,Parcial con paso alternado,21,0,1,0,1.0,Atropello,conducta de peatones,6515_1_57,21.0,0.0
Casanare,2018-09-11 23:33:00,57,800.0,2018-08-17 05:00:00,viernes,45,Seca,Seca y limpia,Plano,Terraplen,Recta,Transito normal con precaución,0,0,3,0,3.0,Atropello,embriaguez o sustancias alucinogenas,6515_1_57,20.0,4.0
Sucre,2018-09-12 12:35:00,79,100.0,2018-06-11 05:00:00,lunes,20,Normal,Seca y limpia,Plano,Terraplen,Recta,Transito normal con precaución,10,30,0,0,0.0,Volcamiento,condiciones de la via y factores ambientales,9004_1_79,10.0,0.0
Sucre,2018-09-12 14:20:00,34,0.0,2018-07-26 05:00:00,jueves,0,Normal,Seca y limpia,Plano,Terraplen,Recta,Transito normal con precaución,7,0,0,0,0.0,Choque,no determinada,9004_1_34,7.0,0.0
Sucre,2018-09-12 12:55:00,80,815.0,2018-06-11 05:00:00,lunes,15,Normal,Seca y limpia,Plano,Terraplen,Recta,Transito normal con precaución,16,20,0,0,0.0,Choque,no mantener distancia de seguridad,9004_1_80,16.0,0.0
Sucre,2018-09-12 13:46:00,87,800.0,2018-06-03 05:00:00,domingo,20,Normal,Seca y limpia,Plano,Terraplen,Recta,Transito normal con precaución,11,20,0,0,0.0,Choque,maniobras imprudentes,9004_1_87,11.0,0.0
Sucre,2018-09-12 13:58:00,93,200.0,2018-06-26 05:00:00,martes,0,Normal,Seca y limpia,Plano,Terraplen,Recta,Transito normal con precaución,20,0,0,0,1.0,Choque,no determinada,9004_1_93,21.0,23.0
Sucre,2018-09-12 14:11:00,31,900.0,2018-07-29 05:00:00,domingo,0,Normal,Seca y limpia,Plano,Terraplen,Recta,Transito normal con precaución,19,0,2,0,2.0,Choque,no determinada,9004_1_31,19.0,0.0
Sucre,2018-09-12 14:27:00,37,500.0,2018-07-18 05:00:00,miercoles,0,Normal,Seca y limpia,Plano,Terraplen,Recta,Transito normal con precaución,5,0,1,0,1.0,Volcamiento,no determinada,9004_1_37,5.0,0.0