territorial,fecha_registro,pr,distancia_pr,fecha_acc,dia_semana_acc,min_acc,condic_meteor,estado_super,terreno,secc_tip,geometria_acc,tipo_cierre,horas_cierre,min_cierre,n_heridos,n_muertos,n_victimas,clase_accidente,causa_posible,ref_loc,hora_acc,duracion_cierre_horas
Sucre,2018-09-12 14:31:00,74,500.0,2018-07-03 05:00:00,martes,0,Normal,Seca y limpia,Plano,Terraplen,Recta,Transito normal con precaución,7,0,0,0,0.0,Choque,condiciones de la via y factores ambientales,9004_1_74,7.0,0.0
Sucre,2018-09-12 15:16:00,75,100.0,2018-07-11 05:00:00,miercoles,0,Normal,Seca y limpia,Plano,Terraplen,Recta,Transito normal con precaución,2,0,9,0,9.0,Choque,no determinada,9004_1_75,2.0,0.0
Sucre,2018-09-12 16:29:00,87,800.0,2018-07-11 05:00:00,miercoles,30,Normal,Seca y limpia,Plano,Terraplen,Recta,Transito normal con precaución,6,30,0,0,0.0,Volcamiento,exceso en horas de conduccion,9004_1_87,6.0,0.0
Cauca,2018-09-13 13:56:00,7,500.0,2018-08-20 05:00:00,lunes,45,Sol,Seca y limpia,Ondulado,Media Ladera Derecha,Curva Derecha,Transito normal con precaución,0,45,0,0,0.0,Salida de la vía sin volcarse,maniobras imprudentes,2602_0_7,13.0,11.0
Cauca,2018-09-13 13:56:00,97,300.0,2018-08-19 05:00:00,domingo,0,Normal,Seca y limpia,Montañoso,Media Ladera Derecha,Curva Izquierda,Parcial con reducción de carriles,1,0,0,0,2.0,Volcamiento,embriaguez o sustancias alucinogenas,2602_0_97,3.0,22.0
Cauca,2018-09-13 13:56:00,101,400.0,2018-08-25 05:00:00,sabado,0,Normal,Seca y limpia,Ondulado,Media ladera Izquierda,Curva Izquierda,Transito normal con precaución,1,0,2,0,2.0,Volcamiento,embriaguez o sustancias alucinogenas,2602_0_101,5.0,20.0
Tolima,2018-09-14 13:44:00,43,0.0,2018-08-01 05:00:00,miercoles,30,Normal,Seca y limpia,Montañoso,Media Ladera Derecha,Recta,Transito normal con precaución,13,30,0,0,0.0,Choque,no mantener distancia de seguridad,4003_1_43,13.0,0.0
Tolima,2018-09-14 13:56:00,30,800.0,2018-08-05 05:00:00,domingo,5,Lluvia,Seca y limpia,Montañoso,Media Ladera Derecha,Recta,Transito normal con precaución,3,5,0,0,0.0,Choque,maniobras imprudentes,4003_1_30,3.0,0.0
Tolima,2018-09-14 14:10:00,39,50.0,2018-08-10 05:00:00,viernes,0,Viento,Seca y limpia,Montañoso,Media Ladera Derecha,Recta,Transito normal con precaución,0,0,0,0,0.0,Caída de piedra,condiciones de la via y factores ambientales,4003_1_39,0.0,0.0
Tolima,2018-09-14 14:16:00,27,300.0,2018-08-18 05:00:00,sabado,20,Niebla,Helada,Montañoso,Media ladera Izquierda,Curva Izquierda,Transito normal con precaución,8,20,2,0,2.0,Volcamiento,no determinada,4003_1_27,8.0,0.0
Tolima,2018-09-14 14:20:00,34,90.0,2018-08-20 05:00:00,lunes,30,Normal,Seca y limpia,Montañoso,Media ladera Izquierda,Curva Izquierda,Transito normal con precaución,4,30,0,0,0.0,Choque,no determinada,4003_1_34,4.0,0.0
Tolima,2018-09-14 14:26:00,29,130.0,2018-08-25 05:00:00,sabado,20,Normal,Seca y limpia,Montañoso,Media ladera Izquierda,Curva Derecha,Transito normal con precaución,10,20,0,0,0.0,Choque,imprudencia del conductor,4003_1_29,10.0,0.0
Tolima,2018-09-14 14:31:00,24,250.0,2018-08-04 05:00:00,sabado,30,Normal,Seca y limpia,Escarpado,Media ladera Izquierda,Curva Derecha,Transito normal con precaución,23,30,0,0,0.0,Choque,no mantener distancia de seguridad,5007_1_24,23.0,0.0
Tolima,2018-09-14 14:35:00,24,250.0,2018-08-14 05:00:00,martes,0,Lluvia,Humeda,Escarpado,Media ladera Izquierda,Curva Derecha,Transito normal con precaución,15,0,0,0,0.0,Choque,no determinada,5007_1_24,15.0,0.0
Meta,2018-09-14 21:17:00,94,500.0,2018-08-07 05:00:00,martes,45,Normal,Seca y limpia,Montañoso,Terraplen,Curva Izquierda,Transito normal con precaución,20,45,1,1,2.0,Choque,exceso de velocidad,40MTA_0_94,20.0,0.0
Caquetá,2018-09-15 15:16:00,55,320.0,2018-08-07 05:00:00,martes,30,Viento,Seca y limpia,Ondulado,Media Ladera Derecha,Recta,Transito normal con precaución,0,0,1,0,1.0,Choque,maniobras imprudentes,6504_0_55,17.0,7.0
Caquetá,2018-09-15 15:24:00,55,800.0,2018-08-19 05:00:00,domingo,45,Sol,Seca y limpia,Ondulado,Terraplen,Recta,Transito normal con precaución,0,0,3,0,3.0,Atropello,maniobras imprudentes,6504_0_55,17.0,7.0
Sucre,2018-09-17 03:44:00,31,300.0,2018-05-12 05:00:00,sabado,0,Normal,Seca y limpia,Plano,Terraplen,Recta,Transito normal con precaución,14,0,0,2,2.0,Choque,fallas mecanicas y del sistema electrico,7404_0_31,13.0,1.0
Sucre,2018-09-17 03:55:00,17,540.0,2018-06-12 05:00:00,martes,40,Normal,Seca y limpia,Plano,Terraplen,Recta,Transito normal con precaución,16,40,0,1,1.0,Choque,maniobras imprudentes,7404_0_17,15.0,1.0
Sucre,2018-09-17 04:02:00,67,980.0,2018-06-15 05:00:00,viernes,40,Normal,Seca y limpia,Plano,Terraplen,Recta,Transito normal con precaución,20,40,3,0,3.0,Choque,estacionamiento y senalizacion imprudente,7404_0_67,19.0,1.0
Sucre,2018-09-17 04:08:00,56,700.0,2018-06-30 05:00:00,sabado,0,Lluvia,Humeda,Plano,Terraplen,Curva Derecha,Transito normal con precaución,0,0,0,1,1.0,Choque,maniobras imprudentes,7404_0_56,23.0,1.0
Sucre,2018-09-17 04:14:00,70,700.0,2018-07-10 05:00:00,martes,30,Normal,Seca y limpia,Plano,Terraplen,Recta,Transito normal con precaución,11,30,0,0,0.0,Choque,no determinada,7404_0_70,10.0,1.0
Cauca,2018-09-17 14:49:00,41,80.0,2018-08-12 05:00:00,domingo,30,Normal,Seca y limpia,Ondulado,Terraplen,Recta,Transito normal con precaución,0,0,1,1,2.0,Atropello,no determinada,2001_1_41,9.0,15.0
Tolima,2018-09-18 13:19:00,36,250.0,2018-08-06 05:00:00,lunes,45,Normal,Seca y limpia,Plano,Terraplen,Recta,Transito normal con precaución,20,45,2,0,2.0,Choque,impericia en el manejo,4510_1_36,20.0,0.0
Tolima,2018-09-18 13:54:00,125,500.0,2018-08-07 05:00:00,martes,30,Normal,Seca y limpia,Plano,Terraplen,Recta,Parcial con paso alternado,12,30,0,0,0.0,Volcamiento,fallas mecanicas y del sistema electrico,4510_1_125,12.0,0.0
Tolima,2018-09-18 14:08:00,117,100.0,2018-08-15 05:00:00,miercoles,0,Normal,Seca y limpia,Plano,Terraplen,Recta,Transito normal con precaución,10,0,1,2,3.0,Choque,maniobras imprudentes,4510_1_117,10.0,0.0
Tolima,2018-09-18 14:40:00,58,0.0,2018-08-16 05:00:00,jueves,30,Normal,Seca y limpia,Plano,Terraplen,Recta,Transito normal con precaución,12,30,0,0,0.0,Volcamiento,exceso de velocidad,4510_1_58,12.0,0.0
Tolima,2018-09-18 14:45:00,52,0.0,2018-08-19 05:00:00,domingo,10,Normal,Seca y limpia,Plano,Terraplen,Recta,Transito normal con precaución,1,9,0,0,0.0,Incendio,fallas mecanicas y del sistema electrico,4510_1_52,1.0,0.0
Sucre,2018-09-18 19:25:00,39,100.0,2018-08-20 05:00:00,lunes,20,Normal,Seca y limpia,Plano,Terraplen,Recta,Transito normal con precaución,14,20,0,0,0.0,Choque,condiciones de la via y factores ambientales,9004_1_39,14.0,0.0
Sucre,2018-09-18 19:30:00,72,300.0,2018-08-24 05:00:00,viernes,40,Normal,Seca y limpia,Plano,Terraplen,Recta,Transito normal con precaución,20,40,0,0,0.0,Choque,no mantener distancia de seguridad,9004_1_72,20.0,0.0
Sucre,2018-09-18 19:34:00,79,350.0,2018-08-02 05:00:00,jueves,30,Normal,Seca y limpia,Plano,Terraplen,Curva Izquierda,Transito normal con precaución,11,30,0,1,1.0,Volcamiento,no determinada,9004_1_79,11.0,0.0
Sucre,2018-09-18 19:40:00,85,600.0,2018-08-23 05:00:00,jueves,0,Normal,Seca y limpia,Plano,Terraplen,Recta,Transito normal con precaución,19,0,2,0,2.0,Choque,no determinada,9004_1_85,19.0,0.0
Nariño,2018-09-18 22:16:00,21,240.0,2018-09-03 05:00:00,lunes,15,Lluvia,Humeda,Plano,Media ladera Izquierda,Curva Derecha,Cierre total,7,20,2,0,2.0,Choque,exceso de velocidad,0801_1_21,7.0,0.0
Cauca,2018-09-19 13:00:00,15,600.0,2018-07-01 05:00:00,domingo,25,Sol,Seca y limpia,Montañoso,Media ladera Izquierda,Curva Izquierda,Transito normal con precaución,11,25,1,0,1.0,Choque,no determinada,25CC15_0_15,11.0,0.0
Antioquia,2018-09-19 16:26:00,82,60.0,2018-07-02 05:00:00,lunes,20,Normal,Seca y limpia,Montañoso,Media Ladera Derecha,Curva Izquierda,Cierre total,1,0,0,0,0.0,Choque,no mantener distancia de seguridad,6003_1_82,20.0,5.0
Antioquia,2018-09-19 16:29:00,65,300.0,2018-08-02 05:00:00,jueves,0,Normal,Seca y limpia,Montañoso,Media ladera Izquierda,Recta,Parcial con reducción de carriles,1,0,0,1,1.0,Atropello,no determinada,2509_2_65,11.0,14.0
Antioquia,2018-09-19 16:33:00,66,390.0,2018-08-03 05:00:00,viernes,10,Normal,Humeda,Montañoso,Media ladera Izquierda,Recta,Parcial con reducción de carriles,1,0,1,0,1.0,Choque,no determinada,2509_1_66,22.0,3.0
Antioquia,2018-09-19 16:36:00,65,950.0,2018-08-04 05:00:00,sabado,0,Normal,Seca y limpia,Montañoso,Media ladera Izquierda,Recta,Parcial con reducción de carriles,0,40,1,0,1.0,Choque,no determinada,2509_2_65,15.0,9.0
Antioquia,2018-09-19 16:42:00,65,100.0,2018-08-04 05:00:00,sabado,50,Normal,Seca y limpia,Montañoso,Media ladera Izquierda,Recta,Parcial con reducción de carriles,0,30,0,0,0.0,Choque,no mantener distancia de seguridad,2509_2_65,7.0,17.0
Antioquia,2018-09-19 16:45:00,67,790.0,2018-08-05 05:00:00,domingo,10,Normal,Humeda,Montañoso,Media ladera Izquierda,Recta,Parcial con reducción de carriles,0,30,1,0,1.0,Choque,no determinada,2509_2_67,4.0,20.0
Antioquia,2018-09-19 16:49:00,69,430.0,2018-08-05 05:00:00,domingo,45,Normal,Humeda,Montañoso,Media ladera Izquierda,Recta,Parcial con reducción de carriles,0,30,1,0,1.0,Choque,no determinada,2509_1_69,6.0,18.0
Antioquia,2018-09-19 18:52:00,65,280.0,2018-08-07 05:00:00,martes,30,Normal,Seca y limpia,Montañoso,Media ladera Izquierda,Recta,Parcial con reducción de carriles,1,0,0,1,1.0,Atropello,no determinada,2509_1_65,16.0,9.0
Antioquia,2018-09-19 18:57:00,67,800.0,2018-08-08 05:00:00,miercoles,0,Normal,Seca y limpia,Montañoso,Media ladera Izquierda,Recta,Parcial con reducción de carriles,0,30,1,0,1.0,Choque,no determinada,2509_1_67,8.0,16.0
Antioquia,2018-09-19 19:03:00,71,250.0,2018-08-08 05:00:00,miercoles,5,Normal,Seca y limpia,Montañoso,Media ladera Izquierda,Recta,Parcial con reducción de carriles,0,40,1,0,1.0,Choque,no determinada,2509_2_71,7.0,17.0
Antioquia,2018-09-19 19:07:00,69,400.0,2018-08-11 05:00:00,sabado,0,Normal,Seca y limpia,Montañoso,Media ladera Izquierda,Recta,Parcial con reducción de carriles,0,50,1,0,1.0,Choque,no determinada,2509_2_69,12.0,12.0
Antioquia,2018-09-19 19:10:00,71,640.0,2018-08-13 05:00:00,lunes,20,Normal,Seca y limpia,Montañoso,Media ladera Izquierda,Recta,Parcial con reducción de carriles,0,30,1,0,1.0,Choque,no determinada,2509_1_71,13.0,11.0
Antioquia,2018-09-19 19:13:00,93,520.0,2018-08-18 05:00:00,sabado,30,Normal,Seca y limpia,Montañoso,Media Ladera Derecha,Recta,Parcial con paso alternado,0,40,2,0,2.0,Choque,no mantener distancia de seguridad,6003_1_93,5.0,19.0
Antioquia,2018-09-19 19:25:00,67,930.0,2018-08-19 05:00:00,domingo,50,Normal,Seca y limpia,Montañoso,Media ladera Izquierda,Recta,Parcial con reducción de carriles,0,40,1,0,1.0,Choque,no determinada,2509_1_67,7.0,17.0
Antioquia,2018-09-19 19:36:00,88,910.0,2018-08-25 05:00:00,sabado,20,Normal,Seca y limpia,Montañoso,Media Ladera Derecha,Recta,Parcial con reducción de carriles,1,0,0,0,0.0,Choque,no mantener distancia de seguridad,6003_1_88,16.0,9.0
Antioquia,2018-09-19 19:39:00,44,580.0,2018-08-26 05:00:00,domingo,45,Normal,Seca y limpia,Montañoso,Media ladera Izquierda,Recta,Parcial con reducción de carriles,1,0,2,0,2.0,Choque,desobediencia a normas y senales,6003_1_44,14.0,11.0
Antioquia,2018-09-19 19:44:00,64,700.0,2018-08-27 05:00:00,lunes,20,Normal,Seca y limpia,Montañoso,Media ladera Izquierda,Recta,Parcial con reducción de carriles,0,30,0,0,0.0,Choque,maniobras imprudentes,2509_2_64,19.0,5.0
Boyacá,2018-09-19 22:05:00,11,511.0,2018-08-06 05:00:00,lunes,20,Sol,Seca y limpia,Montañoso,Cajón,Curva Izquierda,Cierre total,17,20,0,1,1.0,Volcamiento,imprudencia del conductor,6009_1_11,17.0,0.0
Boyacá,2018-09-19 22:19:00,53,151.0,2018-08-21 05:00:00,martes,40,Normal,Seca y limpia,Plano,Terraplen,Recta,Transito normal con precaución,6,40,0,0,0.0,Choque,imprudencia del conductor,6008_0_53,6.0,0.0
Antioquia,2018-09-19 19:28:00,45,60.0,2018-08-20 05:00:00,lunes,30,Normal,Seca y limpia,Montañoso,Media ladera Izquierda,Recta,Parcial con paso alternado,1,20,0,0,0.0,Choque,adelantamientos indebidos,6003_1_45,14.0,11.0
Antioquia,2018-09-19 19:32:00,94,900.0,2018-08-24 05:00:00,viernes,0,Normal,Seca y limpia,Montañoso,Media ladera Izquierda,Recta,Parcial con reducción de carriles,0,30,0,0,0.0,Choque,no mantener distancia de seguridad,6003_1_94,12.0,12.0
Antioquia,2018-09-19 19:48:00,29,0.0,2018-08-14 05:00:00,martes,30,Lluvia,Humeda,Montañoso,Media ladera Izquierda,Recta,Parcial con paso alternado,2,0,0,0,1.0,Atropello,desobediencia a normas y senales,6003_1_29,18.0,8.0
Valle del Cauca,2018-09-20 01:20:00,74,550.0,2018-08-04 05:00:00,sabado,30,Seca,Seca y limpia,Plano,Terraplen,Recta,Transito normal con precaución,0,0,1,0,1.0,Choque,fallas mecanicas y del sistema electrico,2302_1_74,16.0,8.0
Valle del Cauca,2018-09-20 01:25:00,65,300.0,2018-08-08 05:00:00,miercoles,50,Seca,Seca y limpia,Plano,Media ladera Izquierda,Recta,Transito normal con precaución,0,0,0,0,1.0,Choque,maniobras imprudentes,2302_1_65,19.0,5.0
Valle del Cauca,2018-09-20 01:29:00,123,100.0,2018-08-10 05:00:00,viernes,50,Seca,Seca y limpia,Plano,Terraplen,Curva Derecha,Transito normal con precaución,0,0,1,0,1.0,Atropello,no determinada,2302_1_123,20.0,4.0
Valle del Cauca,2018-09-20 01:35:00,81,900.0,2018-08-14 05:00:00,martes,15,Seca,Seca y limpia,Plano,Terraplen,Recta,Transito normal con precaución,0,0,1,0,1.0,Choque,estacionamiento y senalizacion imprudente,2302_1_81,6.0,18.0
Valle del Cauca,2018-09-20 01:40:00,103,450.0,2018-08-16 05:00:00,jueves,48,Seca,Seca y limpia,Plano,Terraplen,Recta,Transito normal con precaución,0,0,2,1,3.0,Choque,adelantamientos indebidos,2302_1_103,13.0,11.0
Valle del Cauca,2018-09-20 01:45:00,25,99.98,2018-08-18 05:00:00,sabado,5,Seca,Seca y limpia,Ondulado,Media ladera Izquierda,Recta,Transito normal con precaución,0,0,0,0,2.0,Choque,estacionamiento y senalizacion imprudente,2302_1_25,14.0,10.0
Valle del Cauca,2018-09-20 01:51:00,11,0.0,2018-08-01 05:00:00,miercoles,56,Seca,Seca y limpia,Plano,Terraplen,Recta,Transito normal con precaución,0,0,1,0,1.0,Atropello,no determinada,4803_1_11,5.0,19.0
Santander,2018-09-20 19:39:00,47,552.0,1969-12-31 05:00:00,miercoles,30,Normal,Seca y limpia,Plano,Media ladera Izquierda,Curva Derecha,Transito normal con precaución,0,30,0,0,0.0,Volcamiento,defectos fisicos y psiquicos,45A08_1_47,0.0,0.0
Santander,2018-09-20 19:57:00,55,366.0,2018-08-05 05:00:00,domingo,20,Normal,Seca y limpia,Plano,Terraplen,Curva Derecha,Transito normal con precaución,3,20,0,1,1.0,Choque,adelantamientos indebidos,45A08_1_55,3.0,0.0
Santander,2018-09-20 20:02:00,82,110.0,2018-08-10 05:00:00,viernes,30,Normal,Seca y limpia,Ondulado,Media ladera Izquierda,Curva Derecha,Transito normal con precaución,9,30,0,0,0.0,Choque,adelantamientos indebidos,45A08_1_82,9.0,0.0
Santander,2018-09-20 20:06:00,69,300.0,2018-08-14 05:00:00,martes,0,Normal,Seca y limpia,Ondulado,Media ladera Izquierda,Curva Derecha,Transito normal con precaución,23,0,0,1,1.0,Choque,embriaguez o sustancias alucinogenas,45A08_1_69,23.0,0.0
Santander,2018-09-20 20:12:00,67,851.0,2018-08-24 05:00:00,viernes,0,Normal,Seca y limpia,Ondulado,Media Ladera Derecha,Curva Izquierda,Transito normal con precaución,1,0,4,0,4.0,Volcamiento,desobediencia a normas y senales,45A08_1_67,1.0,0.0
Santander,2018-09-20 20:16:00,79,964.0,2018-08-27 05:00:00,lunes,0,Normal,Seca y limpia,Ondulado,Media ladera Izquierda,Curva Derecha,Transito normal con precaución,13,0,0,0,0.0,Choque,exceso de velocidad,45A08_1_79,13.0,0.0
Caquetá,2018-09-21 14:30:00,61,750.0,2018-08-16 05:00:00,jueves,0,Seca,Seca y limpia,Montañoso,Media ladera Izquierda,Recta,Parcial con reducción de carriles,0,0,0,0,0.0,Incendio,fallas mecanicas y del sistema electrico,2003A_0_61,12.0,12.0
Caquetá,2018-09-21 14:40:00,39,650.0,2018-08-19 05:00:00,domingo,0,Seca,Seca y limpia,Ondulado,Terraplen,Recta,Parcial con reducción de carriles,0,0,0,0,0.0,Salida de la vía sin volcarse,no determinada,6503_1_39,11.0,13.0
Caquetá,2018-09-21 14:44:00,32,850.0,2018-08-21 05:00:00,martes,45,Seca,Seca y limpia,Plano,Terraplen,Recta,Transito normal con precaución,0,0,0,0,0.0,Salida de la vía sin volcarse,no determinada,6503_1_32,13.0,11.0
Caquetá,2018-09-21 14:47:00,0,740.0,2018-08-24 05:00:00,viernes,30,Seca,Seca y limpia,Plano,Media ladera Izquierda,Recta,Cierre total,0,30,3,0,3.0,Choque,imprudencia del conductor,6503_1_0,12.0,12.0
Caquetá,2018-09-21 14:54:00,84,660.0,2018-08-25 05:00:00,sabado,0,Seca,Seca y limpia,Ondulado,Media Ladera Derecha,Curva Derecha,Parcial con reducción de carriles,0,0,1,0,1.0,Choque,embriaguez o sustancias alucinogenas,6503_1_84,23.0,1.0
Caquetá,2018-09-21 14:59:00,61,750.0,2018-08-30 05:00:00,jueves,30,Seca,Seca y limpia,Montañoso,Media ladera Izquierda,Curva Izquierda,Transito normal con precaución,0,0,0,0,0.0,Volcamiento,no determinada,2003A_0_61,4.0,20.0
Risaralda,2018-09-21 20:31:00,2,750.0,2018-08-01 05:00:00,miercoles,0,Normal,Seca y limpia,Plano,Terraplen,Recta,Transito normal con precaución,0,0,0,0,0.0,Choque,no mantener distancia de seguridad,2902_2_2,17.0,7.0
Risaralda,2018-09-21 20:46:00,0,0.0,2018-08-01 05:00:00,miercoles,0,Normal,Seca y limpia,Plano,Terraplen,Recta,Transito normal con precaución,0,0,0,0,0.0,Choque,no mantener distancia de seguridad,29RSA_2_0,15.0,9.0
Risaralda,2018-09-21 20:55:00,1,310.0,2018-08-02 05:00:00,jueves,10,Normal,Seca y limpia,Plano,Terraplen,Recta,Transito normal con precaución,0,0,1,0,1.0,Atropello,no determinada,25RSA_1_1,13.0,11.0
Risaralda,2018-09-21 21:03:00,1,800.0,2018-08-03 05:00:00,viernes,50,Normal,Seca y limpia,Plano,Terraplen,Recta,Transito normal con precaución,0,0,2,0,2.0,Atropello,conducta de peatones,2507_1_1,5.0,19.0
Santander,2018-09-23 23:01:00,13,700.0,2018-08-04 05:00:00,sabado,45,Normal,Seca y limpia,Plano,Terraplen,Recta,Parcial restringido a vehiculos pesados,14,25,0,0,0.0,Choque,imprudencia del conductor,45A06_0_13,14.0,0.0
Santander,2018-09-23 23:05:00,5,300.0,2018-08-05 05:00:00,domingo,50,Normal,Seca y limpia,Plano,Terraplen,Recta,Parcial con paso alternado,6,50,0,1,1.0,Choque,no mantener distancia de seguridad,45A06_0_5,6.0,0.0
Santander,2018-09-23 23:05:00,71,470.0,2018-07-12 05:00:00,jueves,40,Normal,Seca y limpia,Montañoso,Media ladera Izquierda,Recta,Parcial con paso alternado,10,40,1,0,2.0,Choque,adelantamientos indebidos,45A06_0_71,10.0,0.0
Santander,2018-09-23 23:05:00,7,80.0,2018-08-13 05:00:00,lunes,15,Lluvia,Humeda,Montañoso,Media Ladera Derecha,Curva Izquierda,Parcial con paso alternado,1,15,1,0,3.0,Choque,embriaguez o sustancias alucinogenas,45A06_0_7,1.0,0.0
Santander,2018-09-23 23:05:00,91,825.0,2018-08-18 05:00:00,sabado,56,Normal,Seca y limpia,Ondulado,Cajón,Recta,Parcial con paso alternado,7,58,0,1,4.0,Choque,desobediencia a normas y senales,45A06_0_91,7.0,0.0
Risaralda,2017-10-25 17:00:00,0,0.0,2017-09-25 05:00:00,lunes,30,Normal,Seca y limpia,Plano,Terraplen,Recta,Transito normal con precaución,0,0,0,0,1.0,Choque,no determinada,2902_2_0,15.0,9.0
Santander,2018-09-23 23:05:00,82,280.0,2018-08-28 05:00:00,martes,45,Lluvia,Humeda,Montañoso,Media ladera Izquierda,Curva Izquierda,Parcial con paso alternado,7,45,1,0,5.0,Choque,estacionamiento y senalizacion imprudente,45A06_0_82,7.0,0.0
Santander,2018-09-23 23:05:00,114,850.0,2018-08-30 05:00:00,jueves,20,Normal,Seca y limpia,Montañoso,Media ladera Izquierda,Curva Izquierda,Parcial con paso alternado,7,20,0,0,5.0,Choque,maniobras imprudentes,45A06_0_114,7.0,0.0
Santander,2018-09-23 23:05:00,50,400.0,2018-08-14 05:00:00,martes,0,Normal,Seca y limpia,Montañoso,Media ladera Izquierda,Curva Izquierda,Parcial con paso alternado,21,0,0,0,5.0,Choque,no mantener distancia de seguridad,45A07_1_50,21.0,0.0
Santander,2018-09-23 23:05:00,37,932.0,2018-08-18 05:00:00,sabado,10,Normal,Seca y limpia,Montañoso,Media Ladera Derecha,Curva Derecha,Parcial con paso alternado,0,10,0,0,5.0,Choque,no mantener distancia de seguridad,45A07_1_37,0.0,0.0
Santander,2018-09-24 02:10:00,43,550.0,2018-08-18 05:00:00,sabado,20,Normal,Seca y limpia,Montañoso,Media Ladera Derecha,Curva Derecha,Parcial restringido a vehiculos pesados,14,20,0,1,2.0,Choque,exceso de velocidad,45A07_1_43,14.0,0.0
Santander,2018-09-24 12:30:00,11,200.0,2018-08-19 05:00:00,domingo,50,Normal,Seca y limpia,Ondulado,Terraplen,Recta,Parcial con paso alternado,18,50,0,0,0.0,Choque,no mantener distancia de seguridad,45A07_1_11,18.0,0.0
Santander,2018-09-24 12:30:00,37,200.0,2018-08-21 05:00:00,martes,15,Normal,Seca y limpia,Montañoso,Media ladera Izquierda,Curva Derecha,Parcial con paso alternado,0,15,0,0,0.0,Choque,adelantamientos indebidos,45A07_1_37,0.0,0.0
Santander,2018-09-24 12:30:00,27,900.0,2018-08-23 05:00:00,jueves,30,Normal,Seca y limpia,Montañoso,Media ladera Izquierda,Recta,Parcial con paso alternado,5,30,0,0,0.0,Choque,no mantener distancia de seguridad,45A07_1_27,5.0,0.0
Santander,2018-09-24 12:30:00,43,100.0,2018-08-23 05:00:00,jueves,30,Normal,Seca y limpia,Montañoso,Media Ladera Derecha,Recta,Transito normal con precaución,8,30,0,0,0.0,Choque,no mantener distancia de seguridad,45A07_1_43,8.0,0.0
Santander,2018-09-24 12:30:00,8,180.0,2018-08-23 05:00:00,jueves,20,Normal,Seca y limpia,Ondulado,Media Ladera Derecha,Recta,Transito normal con precaución,0,20,0,0,0.0,Choque,fallas mecanicas y del sistema electrico,45A07_1_8,0.0,0.0
Santander,2018-09-24 12:30:00,37,800.0,2018-08-29 05:00:00,miercoles,40,Normal,Seca y limpia,Montañoso,Media ladera Izquierda,Recta,Parcial con paso alternado,12,40,0,0,0.0,Choque,desobediencia a normas y senales,45A07_1_37,12.0,0.0
Santander,2018-09-24 12:30:00,30,850.0,2018-08-30 05:00:00,jueves,0,Normal,Seca y limpia,Montañoso,Media ladera Izquierda,Recta,Parcial con paso alternado,16,0,0,0,0.0,Choque,exceso de velocidad,45A07_1_30,16.0,0.0
Santander,2018-09-24 12:30:00,62,0.0,2018-08-25 05:00:00,sabado,0,Normal,Seca y limpia,Montañoso,Media Ladera Derecha,Recta,Parcial con paso alternado,16,0,0,0,0.0,Volcamiento,exceso de velocidad,45A07_1_62,16.0,0.0
Cauca,2018-09-24 15:12:00,42,507.0,2018-09-07 05:00:00,viernes,0,Normal,Seca y limpia,Ondulado,Cajón,Recta,Transito normal con precaución,0,0,0,0,2.0,Choque,no determinada,2001_1_42,13.0,11.0
Risaralda,2018-09-24 19:25:00,0,350.0,2018-08-04 05:00:00,sabado,15,Lluvia,Humeda,Plano,Terraplen,Recta,Transito normal con precaución,0,0,3,0,3.0,Choque,desobediencia a normas y senales,2507_1_0,0.0,0.0
Risaralda,2018-09-24 19:38:00,11,290.0,2018-08-04 05:00:00,sabado,30,Normal,Seca y limpia,Ondulado,Media Ladera Derecha,Recta,Transito normal con precaución,0,0,0,0,0.0,Volcamiento,maniobras imprudentes,29RSC_1_11,19.0,5.0
Risaralda,2018-09-24 20:14:00,54,200.0,2018-08-05 05:00:00,domingo,30,Normal,Seca y limpia,Montañoso,Media ladera Izquierda,Curva Izquierda,Transito normal con precaución,0,0,1,0,1.0,Choque,no mantener distancia de seguridad,2507_1_54,8.0,16.0
Risaralda,2018-09-24 20:19:00,0,0.0,2018-08-05 05:00:00,domingo,0,Lluvia,Humeda,Plano,Media Ladera Derecha,Recta,Transito normal con precaución,0,0,0,0,0.0,Choque,no mantener distancia de seguridad,29RSC_1_0,8.0,16.0
Risaralda,2018-09-24 20:30:00,0,750.0,2018-08-05 05:00:00,domingo,0,Normal,Seca y limpia,Plano,Terraplen,Recta,Transito normal con precaución,0,0,2,0,2.0,Choque,desobediencia a normas y senales,2902_1_0,10.0,14.0
Cauca,2018-09-25 22:28:00,1,690.0,2018-09-20 05:00:00,jueves,0,Normal,Seca y limpia,Montañoso,Media Ladera Derecha,Curva Izquierda,Transito normal con precaución,0,0,0,0,0.0,Otro,no determinada,2401_0_1,21.0,3.0
Risaralda,2018-09-26 15:45:00,77,500.0,2018-08-06 05:00:00,lunes,45,Normal,Seca y limpia,Plano,Terraplen,Recta,Transito normal con precaución,0,0,4,0,4.0,Choque,embriaguez o sustancias alucinogenas,5003_0_77,21.0,3.0
Risaralda,2018-09-26 16:04:00,0,800.0,2018-08-06 05:00:00,lunes,50,Normal,Seca y limpia,Plano,Cajón,Recta,Transito normal con precaución,0,0,0,0,0.0,Choque,maniobras imprudentes,29RSA_1_0,6.0,18.0
Risaralda,2018-09-26 16:28:00,12,980.0,2018-08-06 05:00:00,lunes,0,Normal,Humeda,Plano,Terraplen,Recta,Transito normal con precaución,0,0,1,0,1.0,Choque,adelantamientos indebidos,29RSC_1_12,16.0,8.0