territorial,fecha_registro,pr,distancia_pr,fecha_acc,dia_semana_acc,min_acc,condic_meteor,estado_super,terreno,secc_tip,geometria_acc,tipo_cierre,horas_cierre,min_cierre,n_heridos,n_muertos,n_victimas,clase_accidente,causa_posible,ref_loc,hora_acc,duracion_cierre_horas
Risaralda,2018-09-26 17:10:00,3,400.0,2018-08-06 05:00:00,lunes,24,Normal,Seca y limpia,Plano,Media ladera Izquierda,Recta,Transito normal con precaución,0,0,2,0,2.0,Choque,adelantamientos indebidos,29RSC_1_3,16.0,8.0
Risaralda,2018-09-26 18:28:00,3,730.0,2018-08-07 05:00:00,martes,0,Normal,Seca y limpia,Plano,Terraplen,Recta,Transito normal con precaución,0,0,0,0,0.0,Choque,maniobras imprudentes,2902_1_3,21.0,3.0
Risaralda,2018-09-26 18:37:00,1,0.0,2018-08-08 05:00:00,miercoles,5,Normal,Seca y limpia,Plano,Terraplen,Recta,Transito normal con precaución,0,0,0,0,0.0,Choque,adelantamientos indebidos,2902_1_1,19.0,5.0
Cauca,2018-09-27 14:17:00,27,900.0,2018-09-24 05:00:00,lunes,0,Normal,Otra,Montañoso,Media Ladera Derecha,Curva Derecha,Transito normal con precaución,0,0,0,0,0.0,Salida de la vía sin volcarse,exceso de velocidad,2401_0_27,14.0,10.0
Antioquia,2018-09-27 14:14:00,60,500.0,2018-08-05 05:00:00,domingo,20,Normal,Seca y limpia,Ondulado,Terraplen,Curva Derecha,Transito normal con precaución,12,40,0,0,0.0,Choque,no mantener distancia de seguridad,2510_1_60,12.0,0.0
Antioquia,2018-09-27 14:14:00,71,500.0,2018-08-15 05:00:00,miercoles,58,Normal,Seca y limpia,Plano,Terraplen,Recta,Transito normal con precaución,14,20,0,0,0.0,Choque,adelantamientos indebidos,2510_1_71,13.0,1.0
Caldas,2018-09-27 14:40:00,1,0.0,2018-08-19 05:00:00,domingo,0,Normal,Seca y limpia,Montañoso,Media Ladera Derecha,Recta,Transito normal con precaución,13,10,2,0,2.0,Caída ocupante,no determinada,2508_1_1,13.0,0.0
Caldas,2018-09-27 14:52:00,7,900.0,2018-08-09 05:00:00,jueves,30,Normal,Seca y limpia,Montañoso,Media Ladera Derecha,Curva Derecha,Transito normal con precaución,8,55,1,0,1.0,Choque,adelantamientos indebidos,2508_1_7,8.0,0.0
Caldas,2018-09-27 14:57:00,9,300.0,2018-08-04 05:00:00,sabado,0,Viento,Seca y limpia,Montañoso,Media ladera Izquierda,Curva Derecha,Transito normal con precaución,20,10,1,0,1.0,Choque,adelantamientos indebidos,2508_1_9,20.0,0.0
Antioquia,2018-09-27 14:46:00,78,0.0,2018-08-17 05:00:00,viernes,20,Normal,Seca y limpia,Ondulado,Terraplen,Recta,Transito normal con precaución,15,40,0,0,0.0,Choque,no mantener distancia de seguridad,2510_1_78,15.0,0.0
Antioquia,2018-09-27 14:59:00,79,460.0,2018-08-03 05:00:00,viernes,0,Normal,Seca y limpia,Montañoso,Media Ladera Derecha,Curva Derecha,Transito normal con precaución,14,50,0,0,0.0,Choque,no determinada,2510_1_79,14.0,0.0
Cauca,2018-10-03 14:53:00,30,200.0,2018-09-25 05:00:00,martes,0,Sol,Seca y limpia,Ondulado,Media Ladera Derecha,Recta,Transito normal con precaución,0,0,0,0,0.0,Volcamiento,fallas mecanicas y del sistema electrico,2001_1_30,15.0,9.0
Caldas,2018-09-27 15:02:00,27,50.0,2018-08-13 05:00:00,lunes,30,Normal,Seca y limpia,Montañoso,Media ladera Izquierda,Curva Derecha,Transito normal con precaución,15,10,4,0,4.0,Choque,adelantamientos indebidos,2508_1_27,14.0,1.0
Antioquia,2018-09-27 14:59:00,81,300.0,2018-08-22 05:00:00,miercoles,10,Normal,Seca y limpia,Ondulado,Media ladera Izquierda,Recta,Parcial con reducción de carriles,18,30,2,0,2.0,Choque,maniobras imprudentes,2510_1_81,18.0,0.0
Antioquia,2018-09-27 16:33:00,51,700.0,2018-08-18 05:00:00,sabado,30,Normal,Seca y limpia,Montañoso,Media ladera Izquierda,Curva Derecha,Parcial con reducción de carriles,8,0,1,0,1.0,Choque,no mantener distancia de seguridad,2511_0_51,6.0,2.0
Risaralda,2018-09-27 19:12:00,32,340.0,2018-08-08 05:00:00,miercoles,5,Normal,Seca y limpia,Plano,Terraplen,Recta,Transito normal con precaución,0,0,0,0,0.0,Choque,desobediencia a normas y senales,50RS01_1_32,9.0,15.0
Risaralda,2018-09-27 19:51:00,0,860.0,2018-08-09 05:00:00,jueves,30,Normal,Seca y limpia,Plano,Terraplen,Recta,Transito normal con precaución,0,0,1,0,1.0,Choque,adelantamientos indebidos,2507_1_0,6.0,18.0
Risaralda,2018-09-27 20:13:00,0,770.0,2018-08-09 05:00:00,jueves,30,Normal,Seca y limpia,Plano,Cajón,Curva Izquierda,Transito normal con precaución,0,0,0,0,0.0,Choque,no mantener distancia de seguridad,29RSA_2_0,11.0,13.0
Risaralda,2018-09-27 20:17:00,0,120.0,2018-08-09 05:00:00,jueves,2,Normal,Seca y limpia,Plano,Terraplen,Recta,Transito normal con precaución,0,0,0,0,0.0,Choque,no mantener distancia de seguridad,29RSA_1_0,14.0,10.0
Risaralda,2018-09-28 14:51:00,4,100.0,2018-08-11 05:00:00,sabado,57,Normal,Seca y limpia,Ondulado,Media Ladera Derecha,Recta,Transito normal con precaución,0,0,0,0,0.0,Choque,no mantener distancia de seguridad,29RSC_1_4,14.0,10.0
Risaralda,2018-09-28 14:56:00,5,380.0,2018-08-12 05:00:00,domingo,40,Normal,Seca y limpia,Plano,Terraplen,Recta,Transito normal con precaución,0,0,2,0,2.0,Choque,no determinada,2902_2_5,20.0,4.0
Antioquia,2018-09-28 15:10:00,76,100.0,2018-08-23 05:00:00,jueves,0,Normal,Seca y limpia,Montañoso,Media ladera Izquierda,Curva Izquierda,Transito normal con precaución,16,0,0,0,0.0,No determinado,no determinada,2511_0_76,16.0,0.0
Antioquia,2018-09-28 15:16:00,78,360.0,2018-08-10 05:00:00,viernes,50,Normal,Seca y limpia,Montañoso,Media ladera Izquierda,Curva Derecha,Parcial con reducción de carriles,12,30,2,0,2.0,Volcamiento,no determinada,2511_0_78,11.0,1.0
Antioquia,2018-09-28 15:20:00,80,600.0,2018-08-30 05:00:00,jueves,0,Normal,Seca y limpia,Montañoso,Media ladera Izquierda,Curva Izquierda,Transito normal con precaución,8,30,0,0,0.0,Choque,no determinada,2511_0_80,8.0,0.0
Antioquia,2018-09-28 15:23:00,87,400.0,2018-08-05 05:00:00,domingo,20,Normal,Seca y limpia,Montañoso,Media ladera Izquierda,Curva Izquierda,Transito normal con precaución,16,20,0,0,0.0,Choque,no mantener distancia de seguridad,2511_0_87,16.0,0.0
Antioquia,2018-09-28 15:28:00,9,0.0,2018-08-06 05:00:00,lunes,0,Normal,Seca y limpia,Plano,Terraplen,Recta,Parcial con reducción de carriles,10,20,0,0,0.0,Choque,no determinada,2512_1_9,10.0,0.0
Risaralda,2018-09-28 15:20:00,1,750.0,2018-08-13 05:00:00,lunes,0,Normal,Seca y limpia,Ondulado,Media ladera Izquierda,Curva Izquierda,Transito normal con precaución,0,0,0,1,1.0,Choque,desobediencia a normas y senales,29RSC_2_1,7.0,17.0
Antioquia,2018-09-28 15:35:00,12,800.0,2018-08-04 05:00:00,sabado,0,Normal,Seca y limpia,Plano,Terraplen,Recta,Parcial con reducción de carriles,16,45,1,0,1.0,Choque,maniobras imprudentes,2512_1_12,16.0,0.0
Risaralda,2018-09-28 15:43:00,8,300.0,2018-08-14 05:00:00,martes,20,Lluvia,Humeda,Ondulado,Media ladera Izquierda,Curva Izquierda,Transito normal con precaución,0,0,2,0,2.0,Choque,no mantener distancia de seguridad,50RS01_1_8,13.0,11.0
Antioquia,2018-09-28 15:44:00,21,0.0,2018-08-30 05:00:00,jueves,30,Normal,Seca y limpia,Plano,Terraplen,Recta,Parcial con reducción de carriles,15,50,0,0,0.0,Volcamiento,exceso de velocidad,2512_1_21,4.0,11.0
Antioquia,2018-09-28 15:48:00,51,150.0,2018-08-26 05:00:00,domingo,0,Normal,Seca y limpia,Plano,Terraplen,Recta,Parcial con reducción de carriles,8,0,0,0,0.0,Choque,no determinada,2512_1_51,7.0,1.0
Antioquia,2018-09-28 15:54:00,51,200.0,2018-08-26 05:00:00,domingo,40,Normal,Seca y limpia,Plano,Terraplen,Recta,Parcial con reducción de carriles,22,0,0,0,0.0,Choque,no mantener distancia de seguridad,2512_1_51,21.0,1.0
Risaralda,2018-09-28 15:51:00,3,630.0,2018-08-15 05:00:00,miercoles,45,Normal,Seca y limpia,Plano,Terraplen,Recta,Transito normal con precaución,0,0,1,0,1.0,Choque,adelantamientos indebidos,2902_2_3,13.0,11.0
Risaralda,2018-09-28 16:25:00,0,615.0,2018-08-15 05:00:00,miercoles,30,Normal,Seca y limpia,Plano,Terraplen,Recta,Transito normal con precaución,0,0,3,0,3.0,Atropello,conducta de peatones,29RSA_2_0,20.0,4.0
Risaralda,2018-09-28 16:35:00,0,750.0,2018-08-16 05:00:00,jueves,30,Normal,Seca y limpia,Plano,Terraplen,Recta,Transito normal con precaución,0,0,2,0,2.0,Choque,no mantener distancia de seguridad,2902_1_0,21.0,3.0
Risaralda,2018-09-28 16:42:00,2,980.0,2018-08-18 05:00:00,sabado,45,Normal,Seca y limpia,Plano,Terraplen,Curva Izquierda,Transito normal con precaución,0,0,8,0,8.0,Choque,no determinada,2507_1_2,12.0,12.0
Risaralda,2018-09-28 16:57:00,4,400.0,2018-08-18 05:00:00,sabado,0,Normal,Seca y limpia,Plano,Terraplen,Recta,Transito normal con precaución,0,0,2,0,2.0,Atropello,conducta de peatones,2902_2_4,22.0,2.0
Risaralda,2018-09-28 17:01:00,0,750.0,2018-08-18 05:00:00,sabado,20,Normal,Seca y limpia,Plano,Terraplen,Recta,Transito normal con precaución,0,0,0,0,0.0,Choque,maniobras imprudentes,2902_1_0,9.0,15.0
Risaralda,2018-09-28 18:58:00,0,0.0,2018-08-18 05:00:00,sabado,30,Normal,Seca y limpia,Plano,Terraplen,Recta,Transito normal con precaución,0,0,0,0,0.0,Choque,no mantener distancia de seguridad,29RSA_2_0,12.0,12.0
Risaralda,2018-09-28 19:26:00,1,740.0,2018-08-20 05:00:00,lunes,20,Normal,Seca y limpia,Plano,Terraplen,Recta,Transito normal con precaución,0,0,1,0,1.0,Choque,maniobras imprudentes,25RSA_2_1,14.0,10.0
Risaralda,2018-09-28 19:32:00,0,750.0,2018-08-21 05:00:00,martes,30,Normal,Seca y limpia,Plano,Terraplen,Recta,Transito normal con precaución,0,0,0,0,0.0,Choque,no mantener distancia de seguridad,2902_1_0,18.0,6.0
Risaralda,2018-09-28 19:39:00,1,71.0,2018-08-21 05:00:00,martes,30,Normal,Seca y limpia,Plano,Terraplen,Recta,Transito normal con precaución,0,0,0,0,0.0,Choque,no mantener distancia de seguridad,2902_2_1,8.0,16.0
Risaralda,2018-09-28 20:47:00,0,80.0,2018-08-21 05:00:00,martes,58,Normal,Seca y limpia,Plano,Terraplen,Recta,Transito normal con precaución,0,0,0,0,0.0,Choque,no mantener distancia de seguridad,29RSA_2_0,9.0,15.0
Risaralda,2018-09-28 21:05:00,127,850.0,2018-08-22 05:00:00,miercoles,30,Normal,Seca y limpia,Plano,Terraplen,Recta,Transito normal con precaución,0,0,0,0,0.0,Choque,no mantener distancia de seguridad,2302_1_127,4.0,20.0
Risaralda,2018-09-28 21:09:00,13,100.0,2018-08-22 05:00:00,miercoles,50,Normal,Seca y limpia,Plano,Terraplen,Recta,Transito normal con precaución,0,0,3,0,3.0,Atropello,conducta de peatones,29RSC_1_13,20.0,4.0
Caldas,2018-09-27 15:04:00,29,30.0,2018-08-05 05:00:00,domingo,10,Normal,Seca y limpia,Montañoso,Media ladera Izquierda,Curva Izquierda,Transito normal con precaución,17,30,1,0,1.0,Choque,adelantamientos indebidos,2508_1_29,17.0,0.0
Caldas,2018-09-27 15:06:00,32,800.0,2018-08-15 05:00:00,miercoles,15,Normal,Seca y limpia,Montañoso,Media ladera Izquierda,Curva Derecha,Transito normal con precaución,0,30,1,0,1.0,Volcamiento,no determinada,2508_1_32,0.0,0.0
Caldas,2018-09-27 15:08:00,47,200.0,2018-08-23 05:00:00,jueves,40,Normal,Seca y limpia,Montañoso,Media ladera Izquierda,Recta,Transito normal con precaución,21,55,2,0,2.0,Choque,adelantamientos indebidos,2508_1_47,21.0,0.0
Caldas,2018-09-27 15:10:00,28,620.0,2018-08-16 05:00:00,jueves,0,Normal,Seca y limpia,Montañoso,Media ladera Izquierda,Curva Izquierda,Transito normal con precaución,7,45,0,1,1.0,Choque,adelantamientos indebidos,2508_1_28,7.0,0.0
Caldas,2018-09-27 15:12:00,40,750.0,2018-08-05 05:00:00,domingo,0,Lluvia,Humeda,Ondulado,Media ladera Izquierda,Curva Izquierda,Transito normal con precaución,6,15,0,0,0.0,Choque,condiciones de la via y factores ambientales,2508_1_40,6.0,0.0
Antioquia,2018-09-27 15:14:00,83,0.0,2018-08-25 05:00:00,sabado,50,Normal,Seca y limpia,Ondulado,Media ladera Izquierda,Curva Derecha,Transito normal con precaución,11,15,0,0,0.0,Choque,fallas mecanicas y del sistema electrico,2510_1_83,10.0,1.0
Caldas,2018-09-27 15:18:00,30,900.0,2018-08-24 05:00:00,viernes,50,Normal,Seca y limpia,Montañoso,Media ladera Izquierda,Curva Izquierda,Transito normal con precaución,7,0,0,0,0.0,Choque,no determinada,2902_1_30,6.0,1.0
Antioquia,2018-09-27 15:18:00,3,800.0,2018-08-04 05:00:00,sabado,40,Normal,Seca y limpia,Ondulado,Terraplen,Recta,Parcial con reducción de carriles,10,20,1,0,1.0,Choque,no determinada,2511_0_3,9.0,1.0
Caldas,2018-09-27 15:21:00,43,500.0,2018-08-25 05:00:00,sabado,50,Normal,Seca y limpia,Montañoso,Media ladera Izquierda,Curva Izquierda,Transito normal con precaución,22,0,2,1,3.0,Choque,no determinada,2902_1_43,20.0,2.0
Caldas,2018-09-27 15:23:00,27,0.0,2018-08-13 05:00:00,lunes,15,Normal,Seca y limpia,Montañoso,Terraplen,Recta,Transito normal con precaución,9,25,0,0,0.0,Choque,adelantamientos indebidos,5005_1_27,9.0,0.0
Caldas,2018-09-27 15:26:00,28,900.0,2018-08-14 05:00:00,martes,20,Normal,Seca y limpia,Montañoso,Media ladera Izquierda,Recta,Transito normal con precaución,17,0,0,0,0.0,Choque,no mantener distancia de seguridad,5005_2_28,16.0,1.0
Caldas,2018-09-27 15:29:00,29,600.0,2018-08-17 05:00:00,viernes,5,Normal,Seca y limpia,Montañoso,Media ladera Izquierda,Curva Izquierda,Transito normal con precaución,23,15,1,0,1.0,Choque,no determinada,5005_2_29,22.0,1.0
Caldas,2018-09-27 15:31:00,1,200.0,2018-08-10 05:00:00,viernes,50,Normal,Seca y limpia,Montañoso,Media ladera Izquierda,Recta,Cierre total,10,20,0,0,0.0,Choque,no determinada,5006_0_1,9.0,1.0
Caldas,2018-09-27 15:33:00,5,460.0,2018-08-23 05:00:00,jueves,0,Normal,Seca y limpia,Montañoso,Media ladera Izquierda,Curva Izquierda,Transito normal con precaución,3,20,0,0,0.0,Choque,no determinada,5006_0_5,3.0,0.0
Caldas,2018-09-27 15:37:00,8,250.0,2018-08-25 05:00:00,sabado,45,Normal,Seca y limpia,Montañoso,Media ladera Izquierda,Curva Izquierda,Transito normal con precaución,17,55,1,0,1.0,Volcamiento,no determinada,5006_0_8,17.0,0.0
Antioquia,2018-09-27 15:24:00,3,800.0,2018-08-15 05:00:00,miercoles,18,Lluvia,Humeda,Ondulado,Terraplen,Recta,Transito normal con precaución,8,35,0,0,0.0,Choque,no mantener distancia de seguridad,2511_0_3,8.0,0.0
Caldas,2018-09-27 15:39:00,11,930.0,2018-08-04 05:00:00,sabado,30,Normal,Seca y limpia,Montañoso,Media ladera Izquierda,Curva Izquierda,Transito normal con precaución,13,45,2,0,2.0,Choque,no determinada,5006_0_11,13.0,0.0
Caldas,2018-09-27 15:49:00,0,920.0,2018-08-16 05:00:00,jueves,10,Normal,Seca y limpia,Montañoso,Media ladera Izquierda,Recta,Transito normal con precaución,16,0,0,0,0.0,Choque,adelantamientos indebidos,5006_0_0,15.0,1.0
Caldas,2018-09-27 15:52:00,2,700.0,2018-08-08 05:00:00,miercoles,40,Normal,Seca y limpia,Montañoso,Media ladera Izquierda,Recta,Transito normal con precaución,19,0,0,0,0.0,Choque,adelantamientos indebidos,5006_0_2,18.0,1.0
Nariño,2018-10-03 14:30:00,56,405.0,2018-09-23 05:00:00,domingo,45,Normal,Seca y limpia,Montañoso,Terraplen,Recta,Transito normal con precaución,0,0,0,1,2.0,Choque,embriaguez o sustancias alucinogenas,1002_1_56,18.0,6.0
Caldas,2018-09-27 15:55:00,4,0.0,2018-08-27 05:00:00,lunes,50,Normal,Seca y limpia,Montañoso,Media ladera Izquierda,Curva Derecha,Transito normal con precaución,9,30,0,0,0.0,Choque,adelantamientos indebidos,5006_0_4,8.0,1.0
Antioquia,2018-09-27 15:44:00,6,850.0,2018-08-23 05:00:00,jueves,30,Lluvia,Humeda,Ondulado,Media ladera Izquierda,Curva Derecha,Transito normal con precaución,12,10,0,0,0.0,Choque,no determinada,2511_0_6,11.0,1.0
Caldas,2018-09-27 15:57:00,8,630.0,2018-08-05 05:00:00,domingo,30,Lluvia,Humeda,Montañoso,Media ladera Izquierda,Curva Izquierda,Transito normal con precaución,5,0,0,0,0.0,Choque,no determinada,5006_0_8,4.0,1.0
Caldas,2018-09-27 16:00:00,21,800.0,2018-08-21 05:00:00,martes,30,Lluvia,Humeda,Montañoso,Media ladera Izquierda,Curva Izquierda,Transito normal con precaución,12,40,0,0,0.0,Choque,no determinada,5006_0_21,12.0,0.0
Antioquia,2018-09-27 15:59:00,25,700.0,2018-08-02 05:00:00,jueves,50,Normal,Seca y limpia,Ondulado,Media ladera Izquierda,Curva Derecha,Transito normal con precaución,15,0,0,0,0.0,Volcamiento,fallas mecanicas y del sistema electrico,2511_0_25,12.0,3.0
Antioquia,2018-09-27 16:04:00,28,250.0,2018-08-02 05:00:00,jueves,30,Normal,Seca y limpia,Montañoso,Media ladera Izquierda,Curva Derecha,Parcial con reducción de carriles,6,50,1,0,1.0,Choque,no determinada,2511_0_28,6.0,0.0
Antioquia,2018-09-27 16:09:00,31,0.0,2018-08-12 05:00:00,domingo,0,Normal,Seca y limpia,Montañoso,Media ladera Izquierda,Curva Derecha,Transito normal con precaución,14,0,0,0,0.0,Choque,fallas mecanicas y del sistema electrico,2511_0_31,14.0,0.0
Antioquia,2018-09-27 16:09:00,45,100.0,2018-08-14 05:00:00,martes,10,Lluvia,Humeda,Ondulado,Media ladera Izquierda,Curva Derecha,Transito normal con precaución,12,30,0,0,0.0,Choque,maniobras imprudentes,2511_0_45,12.0,0.0
Antioquia,2018-09-27 16:16:00,48,200.0,2018-08-02 05:00:00,jueves,0,Niebla,Humeda,Montañoso,Media Ladera Derecha,Curva Izquierda,Transito normal con precaución,22,0,0,0,0.0,Choque,desobediencia a normas y senales,2511_0_48,21.0,1.0
Antioquia,2018-09-27 16:21:00,49,100.0,2018-08-02 05:00:00,jueves,30,Lluvia,Humeda,Ondulado,Media ladera Izquierda,Curva Izquierda,Transito normal con precaución,23,0,0,0,0.0,Choque,no determinada,2511_0_49,22.0,1.0
Antioquia,2018-09-27 16:29:00,50,750.0,2018-08-05 05:00:00,domingo,40,Niebla,Humeda,Montañoso,Media ladera Izquierda,Curva Derecha,Transito normal con precaución,11,10,0,0,0.0,Choque,no determinada,2511_0_50,10.0,1.0
Antioquia,2018-09-27 16:36:00,54,300.0,2018-08-03 05:00:00,viernes,40,Normal,Seca y limpia,Montañoso,Media ladera Izquierda,Recta,Transito normal con precaución,10,15,0,0,0.0,Choque,no determinada,2511_0_54,9.0,1.0
Antioquia,2018-09-27 16:40:00,55,200.0,2018-08-03 05:00:00,viernes,30,Niebla,Humeda,Montañoso,Media ladera Izquierda,Curva Derecha,Transito normal con precaución,21,50,0,0,0.0,Volcamiento,desobediencia a normas y senales,2511_0_55,20.0,1.0
Antioquia,2018-09-27 16:47:00,55,650.0,2018-08-12 05:00:00,domingo,45,Normal,Seca y limpia,Montañoso,Media ladera Izquierda,Curva Derecha,Transito normal con precaución,8,0,0,0,0.0,Volcamiento,no determinada,2511_0_55,7.0,1.0
Antioquia,2018-09-27 16:51:00,55,700.0,2018-08-15 05:00:00,miercoles,30,Lluvia,Humeda,Montañoso,Media ladera Izquierda,Curva Derecha,Transito normal con precaución,1,40,0,0,0.0,Choque,maniobras imprudentes,2511_0_55,1.0,0.0
Antioquia,2018-09-27 16:56:00,57,800.0,2018-08-01 05:00:00,miercoles,56,Normal,Seca y limpia,Montañoso,Media ladera Izquierda,Recta,Parcial con reducción de carriles,15,0,13,0,13.0,Volcamiento,no determinada,2511_0_57,14.0,1.0
Antioquia,2018-09-27 17:00:00,71,30.0,2018-08-06 05:00:00,lunes,40,Normal,Seca y limpia,Plano,Media ladera Izquierda,Recta,Transito normal con precaución,3,14,0,0,0.0,Choque,no determinada,2511_0_71,2.0,1.0
Risaralda,2018-09-27 20:25:00,0,750.0,2018-08-10 05:00:00,viernes,25,Normal,Seca y limpia,Plano,Terraplen,Recta,Transito normal con precaución,0,0,0,0,0.0,Choque,no mantener distancia de seguridad,2902_1_0,15.0,9.0
Risaralda,2018-09-27 20:29:00,7,800.0,2018-08-10 05:00:00,viernes,10,Normal,Seca y limpia,Ondulado,Media Ladera Derecha,Curva Izquierda,Transito normal con precaución,0,0,0,1,1.0,Choque,adelantamientos indebidos,29RSC_1_7,7.0,17.0
Risaralda,2018-09-27 20:42:00,0,0.0,2018-08-10 05:00:00,viernes,30,Normal,Seca y limpia,Plano,Terraplen,Recta,Transito normal con precaución,0,0,0,0,0.0,Choque,no mantener distancia de seguridad,29RSA_1_0,8.0,16.0
Risaralda,2018-09-27 20:47:00,8,900.0,2018-08-11 05:00:00,sabado,30,Normal,Seca y limpia,Plano,Terraplen,Recta,Transito normal con precaución,0,0,0,0,0.0,Choque,no mantener distancia de seguridad,29RSC_1_8,16.0,8.0
Risaralda,2018-09-27 20:57:00,1,72.0,2018-08-11 05:00:00,sabado,50,Normal,Seca y limpia,Plano,Terraplen,Recta,Transito normal con precaución,0,0,0,0,0.0,Choque,no determinada,2902_1_1,22.0,2.0
Cundinamarca,2018-10-01 22:27:00,50,300.0,2018-07-27 05:00:00,viernes,30,Seca,Seca y limpia,Montañoso,Terraplen,Recta,Parcial restringido a vehiculos pesados,0,30,0,0,0.0,Choque,exceso en horas de conduccion,5008_1_50,16.0,8.0
Cundinamarca,2018-10-02 15:17:00,36,0.0,2018-08-29 05:00:00,miercoles,40,Lluvia,Humeda,Montañoso,Media Ladera Derecha,Curva Derecha,Parcial restringido a vehiculos pesados,0,30,0,0,0.0,Choque,imprudencia del conductor,5008_1_36,14.0,10.0
Cundinamarca,2018-10-02 15:23:00,58,0.0,2018-08-08 05:00:00,miercoles,30,Normal,Seca y limpia,Montañoso,Media ladera Izquierda,Curva Derecha,Parcial restringido a vehiculos pesados,0,30,0,0,0.0,Choque,imprudencia del conductor,5008_1_58,20.0,4.0
Cundinamarca,2018-10-02 15:52:00,55,800.0,2018-08-30 05:00:00,jueves,40,Normal,Seca y limpia,Montañoso,Media Ladera Derecha,Recta,Parcial restringido a vehiculos pesados,0,30,0,0,0.0,Choque,maniobras imprudentes,5008_1_55,8.0,16.0
Cundinamarca,2018-10-02 15:55:00,40,700.0,2018-08-24 05:00:00,viernes,50,Normal,Seca y limpia,Montañoso,Media ladera Izquierda,Recta,Parcial restringido a vehiculos pesados,2,0,0,1,1.0,Choque,impericia en el manejo,5008_1_40,21.0,5.0
Cundinamarca,2018-10-02 20:41:00,47,600.0,2018-09-02 05:00:00,domingo,20,Lluvia,Humeda,Montañoso,Media ladera Izquierda,Curva Izquierda,Parcial restringido a vehiculos pesados,0,30,0,0,0.0,Choque,maniobras imprudentes,5008_1_47,15.0,9.0
Cundinamarca,2018-10-02 20:58:00,57,0.0,2018-09-04 05:00:00,martes,20,Normal,Seca y limpia,Montañoso,Media ladera Izquierda,Curva Izquierda,Parcial restringido a vehiculos pesados,0,40,0,0,0.0,Volcamiento,maniobras imprudentes,5008_1_57,8.0,16.0
Cundinamarca,2018-10-02 21:02:00,40,800.0,2018-09-06 05:00:00,jueves,20,Lluvia,Humeda,Montañoso,Media ladera Izquierda,Recta,Parcial restringido a vehiculos pesados,0,40,0,0,0.0,Choque,maniobras imprudentes,5008_1_40,22.0,2.0
Cundinamarca,2018-10-02 21:11:00,47,440.0,2018-09-09 05:00:00,domingo,30,Normal,Seca y limpia,Montañoso,Media ladera Izquierda,Recta,Parcial restringido a vehiculos pesados,0,40,0,0,0.0,Choque,fallas mecanicas y del sistema electrico,5008_1_47,11.0,13.0
Cundinamarca,2018-10-02 21:14:00,58,300.0,2018-09-09 05:00:00,domingo,0,Normal,Seca y limpia,Montañoso,Media Ladera Derecha,Curva Izquierda,Parcial restringido a vehiculos pesados,0,40,0,0,0.0,Choque,no mantener distancia de seguridad,5008_1_58,14.0,10.0
Cundinamarca,2018-10-02 21:17:00,45,0.0,2018-09-23 05:00:00,domingo,50,Normal,Seca y limpia,Montañoso,Media ladera Izquierda,Recta,Parcial restringido a vehiculos pesados,0,30,0,0,0.0,Choque,no mantener distancia de seguridad,5008_1_45,2.0,22.0
Cundinamarca,2018-10-02 21:25:00,43,300.0,2018-09-25 05:00:00,martes,30,Normal,Seca y limpia,Montañoso,Media ladera Izquierda,Recta,Parcial restringido a vehiculos pesados,0,40,0,0,0.0,Choque,adelantamientos indebidos,5008_1_43,13.0,11.0
Quindío,2018-10-03 21:09:00,8,200.0,2018-09-26 05:00:00,miercoles,0,Seca,Seca y limpia,Montañoso,Terraplen,Recta,Parcial con reducción de carriles,2,30,0,0,0.0,Volcamiento,no determinada,4003_1_8,1.0,1.0
Quindío,2018-10-03 21:13:00,10,0.0,2018-09-28 05:00:00,viernes,25,Normal,Seca y limpia,Montañoso,Media ladera Izquierda,Curva Derecha,Transito normal con precaución,0,0,0,0,0.0,Choque,estacionamiento y senalizacion imprudente,4003_1_10,5.0,19.0
Ocaña,2018-10-03 19:39:00,49,550.0,2018-07-08 05:00:00,domingo,30,Normal,Seca y limpia,Plano,Terraplen,Recta,Transito normal con precaución,0,0,0,0,0.0,Choque,adelantamientos indebidos,7007_2_49,18.0,6.0
Quindío,2018-10-03 19:36:00,21,300.0,2018-09-01 05:00:00,sabado,0,Normal,Seca y limpia,Montañoso,Media Ladera Derecha,Curva Izquierda,Transito normal con precaución,0,0,0,0,0.0,Volcamiento,no determinada,4003_1_21,5.0,19.0
Ocaña,2018-10-03 19:39:00,50,225.0,2018-07-13 05:00:00,viernes,40,Sol,Seca y limpia,Plano,Terraplen,Recta,Transito normal con precaución,0,0,0,0,0.0,Choque,no mantener distancia de seguridad,7007_2_50,14.0,10.0
Ocaña,2018-10-03 19:39:00,48,60.0,2018-07-02 05:00:00,lunes,50,Normal,Seca y limpia,Plano,Terraplen,Curva Izquierda,Transito normal con precaución,0,0,2,0,2.0,Choque,desobediencia a normas y senales,7007_1_48,2.0,22.0
Ocaña,2018-10-03 19:39:00,2,0.0,2018-07-19 05:00:00,jueves,0,Sol,Seca y limpia,Plano,Terraplen,Recta,Transito normal con precaución,0,0,0,0,2.0,Volcamiento,no determinada,7008_1_2,10.0,14.0
Quindío,2018-10-03 20:00:00,21,600.0,2018-09-01 05:00:00,sabado,30,Normal,Seca y limpia,Montañoso,Media ladera Izquierda,Curva Izquierda,Parcial con reducción de carriles,1,20,1,0,1.0,Otro,no determinada,4003_1_21,19.0,6.0