territorial,fecha_registro,pr,distancia_pr,fecha_acc,dia_semana_acc,min_acc,condic_meteor,estado_super,terreno,secc_tip,geometria_acc,tipo_cierre,horas_cierre,min_cierre,n_heridos,n_muertos,n_victimas,clase_accidente,causa_posible,ref_loc,hora_acc,duracion_cierre_horas
Quindío,2018-10-03 20:08:00,2,10.0,2018-09-02 05:00:00,domingo,0,Seca,Seca y limpia,Ondulado,Media Ladera Derecha,Recta,Parcial con reducción de carriles,0,30,5,0,5.0,Choque,maniobras imprudentes,2901B_1_2,13.0,11.0
Nariño,2018-10-03 20:06:00,67,68.0,2018-09-01 05:00:00,sabado,45,Lluvia,Humeda,Plano,Terraplen,Recta,Transito normal con precaución,0,50,0,1,1.0,Choque,desobediencia a normas y senales,1001_0_67,0.0,0.0
Quindío,2018-10-03 20:15:00,9,150.0,2018-09-02 05:00:00,domingo,30,Lluvia,Humeda,Montañoso,Media ladera Izquierda,Curva Derecha,Cierre total,1,0,0,0,0.0,Choque,no determinada,4003_1_9,22.0,3.0
Nariño,2018-10-03 20:23:00,11,450.0,2018-09-02 05:00:00,domingo,0,Seca,Seca y limpia,Plano,Terraplen,Recta,Transito normal con precaución,16,0,0,1,4.0,Choque,adelantamientos indebidos,1001_0_11,13.0,3.0
Quindío,2018-10-03 20:22:00,49,50.0,2018-09-06 05:00:00,jueves,40,Normal,Seca y limpia,Plano,Terraplen,Recta,Transito normal con precaución,0,0,0,0,0.0,Choque,no mantener distancia de seguridad,4002_1_49,16.0,8.0
Quindío,2018-10-03 20:27:00,23,400.0,2018-09-09 05:00:00,domingo,25,Normal,Seca y limpia,Montañoso,Media Ladera Derecha,Recta,Transito normal con precaución,0,0,0,0,0.0,Choque,no determinada,4003_1_23,9.0,15.0
Nariño,2018-10-03 20:29:00,7,450.0,2018-09-08 05:00:00,sabado,50,Seca,Seca y limpia,Plano,Terraplen,Recta,Transito normal con precaución,9,0,0,1,3.0,Choque,exceso de velocidad,1001_0_7,21.0,12.0
Quindío,2018-10-03 20:31:00,26,600.0,2018-09-11 05:00:00,martes,0,Normal,Seca y limpia,Montañoso,Media Ladera Derecha,Recta,Transito normal con precaución,0,0,0,0,0.0,Choque,no mantener distancia de seguridad,4003_1_26,22.0,2.0
Quindío,2018-10-03 20:38:00,48,100.0,2018-09-18 05:00:00,martes,0,Seca,Seca y limpia,Plano,Terraplen,Recta,Transito normal con precaución,0,0,0,0,0.0,Choque,no mantener distancia de seguridad,4002_1_48,15.0,9.0
Magdalena,2017-05-17 15:12:00,0,200.0,2017-03-26 05:00:00,domingo,0,Normal,Seca y limpia,Plano,Terraplen,Recta,Transito normal con precaución,0,0,0,0,1.0,Choque,no determinada,9007A_1_0,19.0,5.0
Nariño,2018-10-03 20:42:00,69,450.0,2018-09-11 05:00:00,martes,30,Seca,Seca y limpia,Plano,Terraplen,Recta,Transito normal con precaución,9,0,0,0,1.0,Choque,adelantamientos indebidos,1001_0_69,20.0,13.0
Ocaña,2018-10-03 19:39:00,28,490.0,2018-07-14 05:00:00,sabado,0,Sol,Seca y limpia,Plano,Terraplen,Recta,Transito normal con precaución,0,0,1,0,3.0,Choque,estacionamiento y senalizacion imprudente,7008_1_28,0.0,0.0
Ocaña,2018-10-03 19:39:00,32,641.0,2018-07-29 05:00:00,domingo,30,Normal,Seca y limpia,Plano,Terraplen,Recta,Transito normal con precaución,0,0,0,0,3.0,Volcamiento,no determinada,7008_1_32,3.0,21.0
Nariño,2018-10-03 20:49:00,26,0.0,2018-09-16 05:00:00,domingo,20,Seca,Seca y limpia,Plano,Terraplen,Recta,Transito normal con precaución,9,0,0,3,3.0,Choque,exceso de velocidad,1001_0_26,23.0,10.0
Quindío,2018-10-03 20:47:00,43,0.0,2018-09-19 05:00:00,miercoles,7,Normal,Seca y limpia,Plano,Terraplen,Recta,Transito normal con precaución,0,0,0,0,0.0,Choque,exceso de velocidad,4002_1_43,10.0,14.0
Ocaña,2018-10-03 19:39:00,12,451.0,2018-07-30 05:00:00,lunes,10,Normal,Seca y limpia,Montañoso,Terraplen,Recta,Transito normal con precaución,0,0,5,0,8.0,Choque,embriaguez o sustancias alucinogenas,7008_1_12,0.0,0.0
Quindío,2018-10-03 20:52:00,11,0.0,2018-09-21 05:00:00,viernes,50,Normal,Seca y limpia,Montañoso,Media ladera Izquierda,Curva Izquierda,Transito normal con precaución,0,0,0,0,0.0,Choque,no determinada,4003_1_11,18.0,6.0
Quindío,2018-10-03 20:57:00,0,290.0,2018-09-21 05:00:00,viernes,30,Seca,Seca y limpia,Ondulado,Media ladera Izquierda,Curva Derecha,Parcial con reducción de carriles,0,40,0,0,3.0,Choque,no determinada,4003_1_0,15.0,9.0
Quindío,2018-10-03 21:01:00,19,800.0,2018-09-21 05:00:00,viernes,10,Normal,Seca y limpia,Montañoso,Media Ladera Derecha,Curva Izquierda,Parcial con reducción de carriles,1,0,1,0,1.0,Choque,condiciones de la via y factores ambientales,4003_1_19,6.0,19.0
Quindío,2018-10-03 21:06:00,16,300.0,2018-09-23 05:00:00,domingo,20,Normal,Seca y limpia,Montañoso,Media Ladera Derecha,Curva Derecha,Parcial con paso alternado,0,40,0,0,0.0,Choque,adelantamientos indebidos,4003_1_16,23.0,1.0
Risaralda,2018-10-04 14:42:00,10,120.0,2018-08-23 05:00:00,jueves,40,Normal,Seca y limpia,Ondulado,Media ladera Izquierda,Recta,Transito normal con precaución,0,0,1,0,1.0,Choque,maniobras imprudentes,2507_1_10,17.0,7.0
Risaralda,2018-10-04 14:49:00,2,40.0,2018-08-23 05:00:00,jueves,50,Normal,Seca y limpia,Plano,Terraplen,Recta,Transito normal con precaución,0,0,0,0,0.0,Choque,no determinada,2902_1_2,12.0,12.0
Risaralda,2018-10-04 14:52:00,4,250.0,2018-08-24 05:00:00,viernes,50,Normal,Seca y limpia,Plano,Terraplen,Recta,Transito normal con precaución,0,0,0,0,0.0,Choque,fallas mecanicas y del sistema electrico,2902_2_4,17.0,7.0
Risaralda,2018-10-04 14:59:00,0,823.0,2018-08-24 05:00:00,viernes,20,Normal,Seca y limpia,Plano,Terraplen,Recta,Transito normal con precaución,0,0,0,0,0.0,Choque,adelantamientos indebidos,2902_1_0,7.0,17.0
Risaralda,2018-10-04 15:06:00,8,350.0,2018-08-25 05:00:00,sabado,50,Normal,Seca y limpia,Ondulado,Media Ladera Derecha,Curva Derecha,Transito normal con precaución,0,0,1,0,1.0,Choque,desobediencia a normas y senales,29RSC_1_8,18.0,6.0
Ocaña,2018-10-04 15:25:00,50,237.0,2018-08-06 05:00:00,lunes,30,Sol,Seca y limpia,Plano,Terraplen,Recta,Transito normal con precaución,0,0,2,0,2.0,Atropello,no determinada,7007_2_50,10.0,14.0
Ocaña,2018-10-04 15:25:00,49,750.0,2018-08-12 05:00:00,domingo,0,Normal,Seca y limpia,Plano,Terraplen,Recta,Transito normal con precaución,0,0,2,0,4.0,Choque,impericia en el manejo,7007_2_49,5.0,19.0
Magdalena,2017-08-28 23:10:00,1,500.0,2017-03-27 05:00:00,lunes,0,Normal,Seca y limpia,Plano,Terraplen,Recta,Transito normal con precaución,0,0,0,1,1.0,Choque,exceso de velocidad,9007A_1_1,11.0,13.0
Ocaña,2018-10-04 15:25:00,24,900.0,2018-08-04 05:00:00,sabado,0,Sol,Seca y limpia,Plano,Terraplen,Recta,Transito normal con precaución,0,0,1,0,5.0,Choque,no determinada,7008_1_24,14.0,10.0
Risaralda,2018-10-04 15:27:00,0,0.0,2018-08-26 05:00:00,domingo,0,Lluvia,Humeda,Plano,Terraplen,Recta,Transito normal con precaución,0,0,0,0,0.0,Choque,no mantener distancia de seguridad,29RSA_1_0,13.0,11.0
Risaralda,2018-10-04 15:51:00,2,680.0,2018-08-26 05:00:00,domingo,30,Normal,Seca y limpia,Plano,Terraplen,Recta,Transito normal con precaución,0,0,0,0,0.0,Choque,no mantener distancia de seguridad,2902_2_2,14.0,10.0
Risaralda,2018-10-04 16:20:00,3,650.0,2018-08-27 05:00:00,lunes,20,Normal,Seca y limpia,Plano,Terraplen,Recta,Transito normal con precaución,0,0,2,0,2.0,Choque,desobediencia a normas y senales,2902_1_3,20.0,4.0
Risaralda,2018-10-04 16:29:00,1,71.0,2018-08-28 05:00:00,martes,50,Normal,Seca y limpia,Plano,Terraplen,Recta,Transito normal con precaución,0,0,0,0,0.0,Choque,no mantener distancia de seguridad,2902_2_1,13.0,11.0
Risaralda,2018-10-04 16:41:00,0,0.0,2018-08-28 05:00:00,martes,0,Normal,Seca y limpia,Plano,Terraplen,Recta,Transito normal con precaución,0,0,0,0,0.0,Choque,no mantener distancia de seguridad,29RSA_2_0,8.0,16.0
Risaralda,2018-10-04 16:50:00,0,500.0,2018-08-28 05:00:00,martes,31,Normal,Seca y limpia,Ondulado,Media ladera Izquierda,Recta,Transito normal con precaución,0,0,0,0,0.0,Choque,no mantener distancia de seguridad,29RSC_1_0,7.0,17.0
Risaralda,2018-10-04 16:57:00,44,700.0,2018-08-30 05:00:00,jueves,10,Normal,Seca y limpia,Ondulado,Media ladera Izquierda,Curva Derecha,Transito normal con precaución,0,0,0,0,0.0,Choque,no determinada,2507_1_44,12.0,12.0
Risaralda,2018-10-04 17:11:00,10,100.0,2018-08-30 05:00:00,jueves,50,Normal,Seca y limpia,Ondulado,Media ladera Izquierda,Recta,Transito normal con precaución,0,0,3,0,3.0,Choque,desobediencia a normas y senales,2507_1_10,5.0,19.0
Risaralda,2018-10-04 17:16:00,5,310.0,2018-08-31 05:00:00,viernes,43,Normal,Seca y limpia,Ondulado,Media ladera Izquierda,Recta,Transito normal con precaución,0,0,1,0,1.0,Choque,desobediencia a normas y senales,29RSC_1_5,13.0,11.0
Casanare,2018-10-04 19:11:00,52,100.0,2018-10-11 05:00:00,jueves,30,Seca,Seca y limpia,Plano,Terraplen,Recta,Parcial con paso alternado,5,30,2,1,3.0,Choque,exceso de velocidad,6515_1_52,5.0,0.0
Casanare,2018-10-04 19:11:00,56,64.0,2018-09-16 05:00:00,domingo,20,Seca,Humeda,Plano,Terraplen,Recta,Transito normal con precaución,0,0,0,0,3.0,Choque,no determinada,6515_2_56,20.0,4.0
Casanare,2018-10-04 19:11:00,70,550.0,2018-09-11 05:00:00,martes,0,Sol,Seca y limpia,Plano,Terraplen,Recta,Cierre total,1,30,1,0,4.0,Atropello,exceso de velocidad,6515_1_70,8.0,17.0
Norte de Santander,2018-10-04 19:30:00,5,490.0,2018-09-06 05:00:00,jueves,20,Normal,Seca y limpia,Plano,Terraplen,Curva Izquierda,Transito normal con precaución,0,0,1,0,1.0,Choque,exceso de velocidad,55NSA_2_5,10.0,14.0
Norte de Santander,2018-10-04 19:36:00,14,420.0,2018-09-12 05:00:00,miercoles,15,Normal,Seca y limpia,Plano,Terraplen,Curva Derecha,Transito normal con precaución,0,0,0,0,0.0,Choque,maniobras imprudentes,55NSA_2_14,12.0,12.0
Casanare,2018-10-04 19:11:00,83,30.0,2018-08-27 05:00:00,lunes,0,Seca,Seca y limpia,Plano,Terraplen,Recta,Transito normal con precaución,19,0,2,0,2.0,Choque,maniobras imprudentes,6515_1_83,19.0,0.0
Casanare,2017-07-09 17:14:00,8,200.0,2017-05-27 05:00:00,sabado,20,Lluvia,Humeda,Plano,Terraplen,Recta,Transito normal con precaución,0,0,0,0,1.0,Volcamiento,no determinada,6513_0_8,20.0,4.0
Caquetá,2018-10-04 19:41:00,2,80.0,2018-08-05 05:00:00,domingo,20,Seca,Seca y limpia,Plano,Terraplen,Recta,Transito normal con precaución,0,0,1,0,1.0,Choque,adelantamientos indebidos,6503_1_2,18.0,6.0
Casanare,2018-10-04 19:42:00,86,0.0,2018-09-24 05:00:00,lunes,45,Seca,Seca y limpia,Plano,Terraplen,Recta,Transito normal con precaución,18,45,0,1,1.0,Choque,no determinada,6515_1_86,18.0,0.0
Caquetá,2018-10-04 19:45:00,4,50.0,2018-08-09 05:00:00,jueves,50,Lluvia,Humeda,Plano,Terraplen,Recta,Transito normal con precaución,0,0,0,0,0.0,Choque,adelantamientos indebidos,6503_1_4,7.0,17.0
Caquetá,2018-10-04 19:53:00,35,930.0,2018-08-13 05:00:00,lunes,14,Seca,Seca y limpia,Ondulado,Media ladera Izquierda,Curva Izquierda,Transito normal con precaución,0,0,0,0,0.0,Choque,maniobras imprudentes,6503_1_35,5.0,19.0
Caldas,2018-10-04 21:05:00,0,800.0,2018-09-08 05:00:00,sabado,50,Normal,Seca y limpia,Montañoso,Media ladera Izquierda,Recta,Transito normal con precaución,15,0,1,0,1.0,Choque,no determinada,5006_0_0,14.0,1.0
Caldas,2018-10-04 21:08:00,1,150.0,2018-09-21 05:00:00,viernes,20,Normal,Seca y limpia,Montañoso,Media ladera Izquierda,Curva Izquierda,Transito normal con precaución,18,40,1,0,1.0,Atropello,adelantamientos indebidos,5006_0_1,18.0,0.0
Caldas,2018-10-04 21:12:00,2,380.0,2018-09-13 05:00:00,jueves,40,Normal,Seca y limpia,Montañoso,Media ladera Izquierda,Recta,Transito normal con precaución,8,0,1,0,1.0,Choque,maniobras imprudentes,5006_0_2,7.0,1.0
Caldas,2018-10-04 21:15:00,17,950.0,2018-09-27 05:00:00,jueves,0,Lluvia,Humeda,Montañoso,Media ladera Izquierda,Curva Izquierda,Transito normal con precaución,15,10,0,0,0.0,Choque,desobediencia a normas y senales,5006_0_17,15.0,0.0
Caldas,2018-10-04 21:18:00,19,0.0,2018-09-18 05:00:00,martes,30,Lluvia,Humeda,Montañoso,Media ladera Izquierda,Curva Izquierda,Transito normal con precaución,19,40,0,0,0.0,Choque,no mantener distancia de seguridad,5006_0_19,19.0,0.0
Caldas,2018-10-04 21:20:00,19,0.0,2018-09-19 05:00:00,miercoles,30,Normal,Seca y limpia,Montañoso,Media ladera Izquierda,Curva Izquierda,Transito normal con precaución,16,0,0,0,0.0,Choque,no determinada,5006_0_19,15.0,1.0
Caldas,2018-10-04 21:22:00,24,600.0,2018-09-16 05:00:00,domingo,15,Normal,Seca y limpia,Montañoso,Media ladera Izquierda,Recta,Transito normal con precaución,12,40,0,0,0.0,Choque,no mantener distancia de seguridad,5005_1_24,12.0,0.0
Caldas,2018-10-04 21:24:00,26,0.0,2018-09-21 05:00:00,viernes,0,Normal,Seca y limpia,Montañoso,Media ladera Izquierda,Recta,Transito normal con precaución,16,10,0,0,0.0,Choque,no mantener distancia de seguridad,5005_1_26,16.0,0.0
Caldas,2018-10-05 13:52:00,26,0.0,2018-09-05 05:00:00,miercoles,10,Normal,Seca y limpia,Montañoso,Media ladera Izquierda,Recta,Transito normal con precaución,18,20,2,0,2.0,Choque,no determinada,5005_1_26,18.0,0.0
Caldas,2018-10-05 13:56:00,27,500.0,2018-09-28 05:00:00,viernes,20,Normal,Seca y limpia,Montañoso,Media ladera Izquierda,Recta,Transito normal con precaución,18,10,1,0,1.0,Choque,no mantener distancia de seguridad,5005_2_27,17.0,1.0
Magdalena,2017-08-28 23:15:00,4,430.0,2017-03-30 05:00:00,jueves,0,Normal,Seca y limpia,Plano,Terraplen,Recta,Transito normal con precaución,0,0,0,1,1.0,Caída ocupante,conducta de pasajeros,9007A_1_4,16.0,8.0
Nariño,2018-10-05 13:51:00,42,370.0,2018-09-11 05:00:00,martes,0,Normal,Seca y limpia,Escarpado,Media ladera Izquierda,Curva Derecha,Transito normal con precaución,4,0,0,0,0.0,Incendio,no determinada,2502_1_42,4.0,0.0
Caldas,2018-10-05 13:59:00,28,230.0,2018-09-08 05:00:00,sabado,0,Normal,Seca y limpia,Montañoso,Media ladera Izquierda,Recta,Transito normal con precaución,15,30,0,0,0.0,Choque,maniobras imprudentes,5005_2_28,15.0,0.0
Caldas,2018-10-05 14:02:00,28,250.0,2018-09-03 05:00:00,lunes,55,Lluvia,Humeda,Montañoso,Media ladera Izquierda,Recta,Transito normal con precaución,17,0,0,0,0.0,Choque,no mantener distancia de seguridad,5005_2_28,16.0,1.0
Nariño,2018-10-05 14:00:00,45,320.0,2018-09-07 05:00:00,viernes,30,Sol,Seca y limpia,Escarpado,Media ladera Izquierda,Curva Izquierda,Transito normal con precaución,14,30,1,0,1.0,Choque,exceso de velocidad,2502_1_45,14.0,0.0
Caldas,2018-10-05 14:04:00,28,260.0,2018-09-21 05:00:00,viernes,10,Viento,Seca y limpia,Montañoso,Media ladera Izquierda,Recta,Transito normal con precaución,8,20,0,0,0.0,Choque,no determinada,5005_2_28,8.0,0.0
Caldas,2018-10-05 14:06:00,28,280.0,2018-09-27 05:00:00,jueves,30,Lluvia,Humeda,Montañoso,Media ladera Izquierda,Curva Izquierda,Transito normal con precaución,18,40,0,0,0.0,Choque,no determinada,5005_2_28,18.0,0.0
Nariño,2018-10-05 14:06:00,42,500.0,2018-08-12 05:00:00,domingo,0,Normal,Seca y limpia,Escarpado,Media ladera Izquierda,Recta,Transito normal con precaución,11,0,1,0,1.0,Choque,exceso de velocidad,2502_1_42,11.0,0.0
Caldas,2018-10-05 14:09:00,28,300.0,2018-09-21 05:00:00,viernes,45,Normal,Seca y limpia,Montañoso,Media ladera Izquierda,Curva Izquierda,Transito normal con precaución,14,0,0,0,0.0,Choque,no determinada,5005_2_28,13.0,1.0
Caldas,2018-10-05 14:10:00,28,300.0,2018-09-07 05:00:00,viernes,40,Normal,Seca y limpia,Montañoso,Media ladera Izquierda,Curva Izquierda,Transito normal con precaución,21,58,0,0,0.0,Choque,no determinada,5005_2_28,21.0,0.0
Caldas,2018-10-05 14:13:00,28,700.0,2018-09-25 05:00:00,martes,10,Normal,Seca y limpia,Montañoso,Media ladera Izquierda,Recta,Transito normal con precaución,18,30,1,0,1.0,Choque,no mantener distancia de seguridad,5005_2_28,18.0,0.0
Caldas,2018-10-05 14:15:00,29,0.0,2018-09-28 05:00:00,viernes,0,Normal,Seca y limpia,Montañoso,Media ladera Izquierda,Recta,Transito normal con precaución,20,10,0,0,0.0,Choque,no mantener distancia de seguridad,5005_2_29,20.0,0.0
Caldas,2018-10-05 14:17:00,29,100.0,2018-09-02 05:00:00,domingo,40,Normal,Seca y limpia,Montañoso,Media ladera Izquierda,Curva Derecha,Transito normal con precaución,21,30,1,0,1.0,Choque,embriaguez o sustancias alucinogenas,2902_1_29,20.0,1.0
Caldas,2018-10-05 14:29:00,31,800.0,2018-09-14 05:00:00,viernes,0,Normal,Seca y limpia,Montañoso,Media Ladera Derecha,Recta,Transito normal con precaución,13,30,1,0,1.0,Choque,no determinada,5005_2_31,12.0,1.0
Caldas,2018-10-05 14:33:00,33,460.0,2018-09-14 05:00:00,viernes,10,Normal,Seca y limpia,Montañoso,Media ladera Izquierda,Curva Izquierda,Transito normal con precaución,13,30,0,0,0.0,Choque,adelantamientos indebidos,5005_2_33,13.0,0.0
Caldas,2018-10-05 14:41:00,38,250.0,2018-09-14 05:00:00,viernes,20,Normal,Seca y limpia,Montañoso,Media ladera Izquierda,Curva Izquierda,Transito normal con precaución,6,30,0,0,0.0,Choque,no determinada,2902_1_38,6.0,0.0
Caldas,2018-10-05 14:46:00,41,200.0,2018-09-16 05:00:00,domingo,0,Lluvia,Humeda,Montañoso,Media ladera Izquierda,Recta,Transito normal con precaución,15,20,0,0,0.0,Choque,desobediencia a normas y senales,2902_1_41,15.0,0.0
Caldas,2018-10-05 14:55:00,23,440.0,2018-09-16 05:00:00,domingo,20,Normal,Seca y limpia,Montañoso,Media ladera Izquierda,Curva Izquierda,Transito normal con precaución,13,50,1,0,1.0,Choque,adelantamientos indebidos,2508_1_23,13.0,0.0
Caldas,2018-10-05 14:58:00,29,740.0,2018-09-09 05:00:00,domingo,20,Normal,Seca y limpia,Montañoso,Media ladera Izquierda,Curva Izquierda,Transito normal con precaución,18,50,1,0,1.0,Choque,adelantamientos indebidos,2508_1_29,18.0,0.0
Caldas,2018-10-05 15:03:00,42,930.0,2018-09-01 05:00:00,sabado,10,Normal,Seca y limpia,Montañoso,Media ladera Izquierda,Curva Izquierda,Transito normal con precaución,16,20,2,0,2.0,Choque,no determinada,2508_1_42,16.0,0.0
Caldas,2018-10-05 15:08:00,46,550.0,2018-09-14 05:00:00,viernes,10,Lluvia,Humeda,Montañoso,Media ladera Izquierda,Curva Derecha,Transito normal con precaución,22,30,0,0,0.0,Choque,no determinada,2508_1_46,22.0,0.0
Caldas,2018-10-05 15:27:00,51,800.0,2018-09-17 05:00:00,lunes,30,Normal,Seca y limpia,Montañoso,Media ladera Izquierda,Recta,Transito normal con precaución,21,0,2,0,2.0,Choque,impericia en el manejo,2508_1_51,20.0,1.0
Cauca,2018-10-05 15:38:00,19,356.0,2018-09-12 05:00:00,miercoles,10,Seca,Seca y limpia,Ondulado,Media Ladera Derecha,Curva Derecha,Transito normal con precaución,0,30,1,0,2.0,Volcamiento,exceso de velocidad,2602_0_19,14.0,10.0
Cauca,2018-10-05 15:38:00,1,450.0,2018-09-16 05:00:00,domingo,0,Normal,Seca y limpia,Ondulado,Terraplen,Recta,Transito normal con precaución,14,0,0,0,2.0,Salida de la vía sin volcarse,embriaguez o sustancias alucinogenas,26CC04_0_1,19.0,19.0
Nariño,2018-10-05 20:08:00,125,100.0,2018-09-21 05:00:00,viernes,45,Normal,Seca y limpia,Montañoso,Media ladera Izquierda,Curva Derecha,Cierre total,8,20,1,0,1.0,Choque,desobediencia a normas y senales,1002_1_125,7.0,1.0
Nariño,2018-10-05 20:16:00,123,160.0,2018-09-22 05:00:00,sabado,30,Normal,Seca y limpia,Montañoso,Media ladera Izquierda,Curva Izquierda,Parcial con reducción de carriles,0,0,1,0,1.0,Choque,adelantamientos indebidos,1002_1_123,11.0,13.0
Nariño,2018-10-05 20:22:00,100,300.0,2018-09-23 05:00:00,domingo,30,Normal,Seca y limpia,Ondulado,Media Ladera Derecha,Recta,Parcial con reducción de carriles,0,0,1,0,1.0,Choque,maniobras imprudentes,1002_1_100,19.0,5.0
Nariño,2018-10-05 20:32:00,109,700.0,2018-09-28 05:00:00,viernes,30,Normal,Seca y limpia,Montañoso,Media Ladera Derecha,Curva Izquierda,Parcial con reducción de carriles,0,0,1,0,1.0,Choque,adelantamientos indebidos,1002_1_109,18.0,6.0
Casanare,2018-10-07 03:05:00,72,300.0,2018-09-01 05:00:00,sabado,0,Sol,Seca y limpia,Montañoso,Media Ladera Derecha,Curva Derecha,Transito normal con precaución,0,0,1,0,1.0,Choque,no determinada,6211_1_72,17.0,7.0
Casanare,2018-10-07 03:11:00,80,400.0,2018-09-01 05:00:00,sabado,0,Normal,Seca y limpia,Montañoso,Media Ladera Derecha,Curva Derecha,Transito normal con precaución,0,0,0,0,0.0,Salida de la vía sin volcarse,no determinada,6211_1_80,22.0,2.0
Casanare,2018-10-07 03:16:00,57,850.0,2018-09-03 05:00:00,lunes,10,Sol,Seca y limpia,Montañoso,Media Ladera Derecha,Curva Izquierda,Transito normal con precaución,0,0,0,0,0.0,Volcamiento,no determinada,6211_1_57,7.0,17.0
Casanare,2018-10-07 03:24:00,23,60.0,2018-09-03 05:00:00,lunes,30,Normal,Seca y limpia,Montañoso,Media ladera Izquierda,Curva Izquierda,Transito normal con precaución,0,0,0,0,0.0,Volcamiento,no determinada,6211_1_23,3.0,21.0
Casanare,2018-10-07 03:29:00,105,190.0,2018-09-07 05:00:00,viernes,20,Sol,Seca y limpia,Plano,Terraplen,Recta,Transito normal con precaución,0,0,0,0,0.0,Choque,no determinada,6512_1_105,9.0,15.0
Casanare,2018-10-07 03:35:00,23,60.0,2018-09-12 05:00:00,miercoles,0,Sol,Seca y limpia,Montañoso,Media ladera Izquierda,Curva Izquierda,Transito normal con precaución,0,0,0,0,0.0,Choque,no determinada,6211_1_23,16.0,8.0
Casanare,2018-10-07 03:38:00,48,300.0,2018-09-17 05:00:00,lunes,0,Normal,Seca y limpia,Montañoso,Media Ladera Derecha,Curva Izquierda,Transito normal con precaución,0,0,0,0,0.0,Salida de la vía sin volcarse,no determinada,6211_1_48,4.0,20.0
Casanare,2018-10-07 03:41:00,46,450.0,2018-09-18 05:00:00,martes,0,Normal,Seca y limpia,Montañoso,Media Ladera Derecha,Curva Izquierda,Transito normal con precaución,0,0,0,0,0.0,Salida de la vía sin volcarse,no determinada,6211_1_46,0.0,0.0
Casanare,2018-10-07 03:44:00,72,250.0,2018-09-21 05:00:00,viernes,0,Sol,Seca y limpia,Montañoso,Media Ladera Derecha,Curva Derecha,Transito normal con precaución,0,0,1,0,1.0,Choque,no determinada,6211_1_72,16.0,8.0
Casanare,2018-10-07 03:50:00,104,60.0,2018-09-22 05:00:00,sabado,0,Sol,Seca y limpia,Montañoso,Media ladera Izquierda,Curva Izquierda,Transito normal con precaución,0,0,0,0,0.0,Choque,no determinada,6211_1_104,17.0,7.0
Casanare,2018-10-07 03:54:00,75,500.0,2018-09-25 05:00:00,martes,15,Sol,Seca y limpia,Montañoso,Media ladera Izquierda,Curva Izquierda,Transito normal con precaución,0,0,0,0,0.0,Choque,no determinada,6211_1_75,12.0,12.0
Casanare,2018-10-07 03:58:00,109,950.0,2018-09-25 05:00:00,martes,15,Sol,Seca y limpia,Plano,Terraplen,Recta,Transito normal con precaución,0,0,0,0,0.0,Salida de la vía sin volcarse,no determinada,6211_1_109,16.0,8.0
Nariño,2018-10-08 14:12:00,58,620.0,2018-09-01 05:00:00,sabado,32,Sol,Seca y limpia,Ondulado,Media Ladera Derecha,Recta,Transito normal con precaución,0,0,0,0,0.0,Choque,embriaguez o sustancias alucinogenas,1002_1_58,9.0,15.0
Boyacá,2018-10-08 16:50:00,17,800.0,2018-08-02 05:00:00,jueves,30,Normal,Seca y limpia,Plano,Media ladera Izquierda,Curva Izquierda,Transito normal con precaución,1,30,0,0,0.0,Choque,adelantamientos indebidos,45A05_1_17,1.0,0.0
Boyacá,2018-10-08 17:03:00,29,100.0,2018-08-07 05:00:00,martes,30,Normal,Seca y limpia,Plano,Terraplen,Curva Izquierda,Transito normal con precaución,15,30,0,0,0.0,Volcamiento,desobediencia a normas y senales,45A05_1_29,15.0,0.0
Boyacá,2018-10-08 17:09:00,14,140.0,2018-08-09 05:00:00,jueves,20,Normal,Seca y limpia,Plano,Media ladera Izquierda,Recta,Transito normal con precaución,19,20,0,0,0.0,Choque,no mantener distancia de seguridad,45A05_1_14,19.0,0.0
Boyacá,2018-10-08 17:15:00,60,600.0,2018-08-16 05:00:00,jueves,20,Normal,Seca y limpia,Plano,Terraplen,Recta,Transito normal con precaución,16,20,3,0,3.0,Choque,maniobras imprudentes,45A05_1_60,16.0,0.0
Magdalena,2017-08-28 23:34:00,3,600.0,2017-04-01 05:00:00,sabado,0,Normal,Seca y limpia,Plano,Terraplen,Recta,Transito normal con precaución,0,0,0,0,1.0,Choque,no determinada,9007A_1_3,18.0,6.0
Nariño,2018-10-08 20:11:00,26,200.0,2018-09-14 05:00:00,viernes,30,Lluvia,Humeda,Montañoso,Media Ladera Derecha,Curva Derecha,Transito normal con precaución,11,30,0,0,0.0,Choque,fallas mecanicas y del sistema electrico,1003_1_26,11.0,0.0
Nariño,2018-10-08 20:16:00,30,50.0,2018-09-07 05:00:00,viernes,30,Sol,Seca y limpia,Plano,Media Ladera Derecha,Curva Izquierda,Transito normal con precaución,8,30,1,0,1.0,Volcamiento,exceso de velocidad,2501A_0_30,8.0,0.0
Nariño,2018-10-08 20:20:00,10,560.0,2018-09-07 05:00:00,viernes,14,Sol,Seca y limpia,Montañoso,Media ladera Izquierda,Curva Derecha,Transito normal con precaución,6,15,0,0,0.0,Salida de la vía sin volcarse,imprudencia del conductor,1003_1_10,6.0,0.0
Boyacá,2018-10-08 20:06:00,19,300.0,2018-08-19 05:00:00,domingo,50,Normal,Seca y limpia,Plano,Terraplen,Recta,Transito normal con precaución,15,50,0,0,0.0,Choque,no mantener distancia de seguridad,45A05_1_19,15.0,0.0