territorial,fecha_registro,pr,distancia_pr,fecha_acc,dia_semana_acc,min_acc,condic_meteor,estado_super,terreno,secc_tip,geometria_acc,tipo_cierre,horas_cierre,min_cierre,n_heridos,n_muertos,n_victimas,clase_accidente,causa_posible,ref_loc,hora_acc,duracion_cierre_horas
Nariño,2018-10-08 20:25:00,56,80.0,2018-09-10 05:00:00,lunes,0,Sol,Seca y limpia,Escarpado,Media Ladera Derecha,Curva Izquierda,Transito normal con precaución,17,0,1,0,1.0,Choque,imprudencia del conductor,2501A_0_56,17.0,0.0
Boyacá,2018-10-08 20:28:00,16,600.0,2018-08-20 05:00:00,lunes,15,Normal,Seca y limpia,Ondulado,Media ladera Izquierda,Curva Izquierda,Transito normal con precaución,19,15,2,0,2.0,Choque,adelantamientos indebidos,45A05_1_16,19.0,0.0
Nariño,2018-10-08 20:29:00,16,740.0,2018-09-05 05:00:00,miercoles,30,Niebla,Humeda,Plano,Media ladera Izquierda,Curva Izquierda,Transito normal con precaución,8,30,0,0,0.0,Choque,imprudencia del conductor,2501A_0_16,8.0,0.0
Boyacá,2018-10-08 20:32:00,4,100.0,2018-08-31 05:00:00,viernes,20,Normal,Seca y limpia,Plano,Media ladera Izquierda,Recta,Transito normal con precaución,15,20,1,0,1.0,Choque,desobediencia a normas y senales,45ABYB_0_4,15.0,0.0
Boyacá,2018-10-08 20:37:00,16,750.0,2018-08-31 05:00:00,viernes,40,Normal,Seca y limpia,Ondulado,Media ladera Izquierda,Curva Derecha,Transito normal con precaución,5,40,0,0,0.0,Choque,defectos fisicos y psiquicos,45A05_1_16,5.0,0.0
Huila,2018-10-09 15:22:00,122,400.0,2018-09-02 05:00:00,domingo,10,Normal,Seca y limpia,Plano,Terraplen,Curva Derecha,Cierre total,7,45,0,0,0.0,Choque,exceso de velocidad,2002_1_122,6.0,1.0
Huila,2018-10-09 15:32:00,9,300.0,2018-09-09 05:00:00,domingo,45,Normal,Seca y limpia,Plano,Terraplen,Recta,Transito normal con precaución,2,45,0,3,3.0,Atropello,exceso de velocidad,2003A_0_9,2.0,0.0
Huila,2018-10-09 15:52:00,2,800.0,2018-09-11 05:00:00,martes,0,Normal,Seca y limpia,Plano,Terraplen,Curva Derecha,Transito normal con precaución,14,0,2,0,2.0,Choque,exceso de velocidad,2003A_0_2,14.0,0.0
Putumayo,2018-10-09 16:46:00,49,210.0,2018-09-03 05:00:00,lunes,30,Normal,Seca y limpia,Escarpado,Media Ladera Derecha,Curva Derecha,Transito normal con precaución,0,1,2,0,3.0,Choque,embriaguez o sustancias alucinogenas,1003_1_49,13.0,11.0
Huila,2018-10-09 19:33:00,17,420.0,2018-09-16 05:00:00,domingo,30,Normal,Seca y limpia,Plano,Terraplen,Recta,Transito normal con precaución,21,0,1,1,2.0,Choque,exceso de velocidad,2003A_0_17,19.0,2.0
Atlántico,2017-12-06 14:22:00,1,1044.0,2017-08-14 05:00:00,lunes,0,Normal,Seca y limpia,Plano,Terraplen,Recta,Parcial con reducción de carriles,4,0,0,2,1.0,Choque,exceso de velocidad,9007_2_1,13.0,15.0
Huila,2018-10-09 19:38:00,37,800.0,2018-09-16 05:00:00,domingo,30,Normal,Humeda,Plano,Terraplen,Curva Derecha,Transito normal con precaución,14,15,0,0,0.0,Choque,adelantamientos indebidos,2003A_0_37,13.0,1.0
Huila,2018-10-09 19:50:00,20,0.0,2018-09-22 05:00:00,sabado,10,Normal,Seca y limpia,Plano,Terraplen,Recta,Transito normal con precaución,13,10,1,0,1.0,Caída ocupante,fallas mecanicas y del sistema electrico,2003A_0_20,13.0,0.0
Huila,2018-10-09 20:16:00,41,0.0,2018-09-08 05:00:00,sabado,55,Normal,Humeda,Plano,Terraplen,Recta,Transito normal con precaución,1,0,0,0,0.0,Volcamiento,adelantamientos indebidos,2003A_0_41,23.0,2.0
Sucre,2017-05-18 15:05:00,2,442.0,2016-12-11 05:00:00,domingo,15,Normal,Seca y limpia,Plano,Media Ladera Derecha,Recta,Cierre total,1,0,2,0,1.0,Choque,exceso en horas de conduccion,90SC02_0_2,17.0,8.0
Sucre,2017-05-19 05:35:00,5,66.0,2017-01-07 05:00:00,sabado,15,Normal,Seca y limpia,Plano,Cajón,Recta,Parcial con reducción de carriles,1,0,2,0,1.0,Atropello,conducta de peatones,90SC02_0_5,8.0,17.0
Sucre,2017-05-19 06:49:00,4,186.0,2017-02-27 05:00:00,lunes,0,Normal,Seca y limpia,Plano,Cajón,Recta,Parcial con reducción de carriles,0,0,3,0,1.0,Volcamiento,condiciones de la via y factores ambientales,90SC02_0_4,19.0,5.0
Sucre,2017-05-23 06:24:00,0,695.0,2017-03-24 05:00:00,viernes,0,Normal,Seca y limpia,Plano,Terraplen,Recta,Parcial con reducción de carriles,0,0,1,0,1.0,Choque,maniobras imprudentes,90SC02_0_0,12.0,12.0
Sucre,2017-05-24 03:00:00,2,435.0,2017-04-03 05:00:00,lunes,40,Normal,Seca y limpia,Plano,Media Ladera Derecha,Recta,Parcial con reducción de carriles,0,0,4,0,1.0,Choque,exceso en horas de conduccion,90SC02_0_2,13.0,11.0
Sucre,2017-05-24 05:22:00,2,490.0,2017-04-25 05:00:00,martes,7,Normal,Seca y limpia,Plano,Media Ladera Derecha,Recta,Parcial con reducción de carriles,0,0,2,0,1.0,Choque,exceso en horas de conduccion,90SC02_0_2,17.0,7.0
Sucre,2017-10-10 07:32:00,0,314.0,2017-07-15 05:00:00,sabado,0,Normal,Seca y limpia,Plano,Terraplen,Recta,Transito normal con precaución,0,0,0,1,1.0,Choque,exceso de velocidad,90SC02_0_0,2.0,22.0
Sucre,2017-10-18 03:21:00,5,128.0,2017-06-12 05:00:00,lunes,30,Normal,Seca y limpia,Plano,Terraplen,Recta,Transito normal con precaución,0,0,1,1,1.0,Atropello,no determinada,90SC02_0_5,14.0,10.0
Magdalena,2017-05-16 12:49:00,3,0.0,2017-01-22 05:00:00,domingo,0,Normal,Seca y limpia,Plano,Terraplen,Recta,Transito normal con precaución,0,0,1,0,1.0,Choque,no determinada,9007A_1_3,4.0,20.0
Magdalena,2017-05-16 12:56:00,2,500.0,2017-01-29 05:00:00,domingo,0,Normal,Seca y limpia,Plano,Terraplen,Recta,Transito normal con precaución,0,0,1,0,1.0,Atropello,exceso de velocidad,9007A_1_2,20.0,4.0
Magdalena,2017-05-16 13:00:00,2,800.0,2017-01-29 05:00:00,domingo,0,Normal,Seca y limpia,Plano,Terraplen,Recta,Transito normal con precaución,0,0,0,1,1.0,Caída ocupante,conducta de pasajeros,9007A_1_2,17.0,7.0
Magdalena,2017-05-17 14:55:00,4,900.0,2017-01-30 05:00:00,lunes,0,Normal,Seca y limpia,Plano,Terraplen,Recta,Transito normal con precaución,0,0,1,0,1.0,Choque,no determinada,9007A_1_4,17.0,7.0
Magdalena,2017-05-17 14:58:00,5,300.0,2017-01-31 05:00:00,martes,0,Normal,Seca y limpia,Plano,Terraplen,Recta,Transito normal con precaución,0,0,1,0,1.0,Choque,no determinada,9007A_1_5,21.0,3.0
Magdalena,2017-05-17 15:00:00,3,300.0,2017-03-02 05:00:00,jueves,0,Normal,Seca y limpia,Plano,Terraplen,Recta,Transito normal con precaución,0,0,1,0,1.0,Choque,no determinada,9007A_1_3,15.0,9.0
Magdalena,2017-05-17 15:03:00,3,0.0,2017-03-09 05:00:00,jueves,0,Normal,Seca y limpia,Plano,Terraplen,Recta,Transito normal con precaución,0,0,1,0,1.0,Choque,no determinada,9007A_1_3,8.0,16.0
Magdalena,2017-05-17 15:06:00,2,350.0,2017-03-22 05:00:00,miercoles,0,Normal,Seca y limpia,Plano,Terraplen,Recta,Transito normal con precaución,0,0,0,0,1.0,Choque,no determinada,9007A_1_2,21.0,3.0
Magdalena,2017-05-17 15:10:00,6,700.0,2017-03-24 05:00:00,viernes,0,Normal,Seca y limpia,Plano,Terraplen,Recta,Transito normal con precaución,0,0,0,0,1.0,Choque,no determinada,9007A_1_6,8.0,16.0
Sucre,2017-05-18 15:30:00,30,41.0,2016-12-13 05:00:00,martes,30,Normal,Seca y limpia,Plano,Terraplen,Curva Izquierda,Parcial con reducción de carriles,1,0,1,0,1.0,Choque,exceso en horas de conduccion,9004_2_30,21.0,4.0
Sucre,2017-05-18 16:24:00,92,600.0,2017-03-13 05:00:00,lunes,20,Normal,Seca y limpia,Plano,Terraplen,Recta,Parcial con reducción de carriles,1,0,0,0,1.0,Choque,condiciones de la via y factores ambientales,9004_2_92,15.0,10.0
Sucre,2017-05-19 05:07:00,71,898.0,2016-12-17 05:00:00,sabado,40,Normal,Seca y limpia,Plano,Cajón,Recta,Parcial con reducción de carriles,1,0,0,0,1.0,Choque,exceso de velocidad,9004_2_71,16.0,9.0
Sucre,2017-05-19 05:18:00,36,750.0,2017-01-02 05:00:00,lunes,30,Normal,Seca y limpia,Plano,Terraplen,Recta,Transito normal con precaución,1,0,0,0,1.0,Choque,desobediencia a normas y senales,9004_2_36,0.0,1.0
Sucre,2017-05-19 05:49:00,78,450.0,2017-01-08 05:00:00,domingo,10,Normal,Seca y limpia,Plano,Terraplen,Curva Derecha,Parcial con reducción de carriles,1,0,0,0,1.0,Choque,fallas mecanicas y del sistema electrico,9004_2_78,14.0,11.0
Sucre,2017-05-19 05:58:00,34,800.0,2017-01-08 05:00:00,domingo,15,Normal,Seca y limpia,Plano,Terraplen,Recta,Transito normal con precaución,1,0,0,0,1.0,Choque,no mantener distancia de seguridad,9004_2_34,11.0,14.0
Sucre,2017-05-19 06:10:00,80,700.0,2017-02-17 05:00:00,viernes,15,Normal,Seca y limpia,Plano,Cajón,Recta,Parcial con reducción de carriles,0,0,1,0,1.0,Atropello,impericia en el manejo,9004_2_80,16.0,8.0
Sucre,2017-05-19 06:15:00,79,400.0,2017-02-18 05:00:00,sabado,5,Normal,Seca y limpia,Plano,Terraplen,Recta,Parcial con reducción de carriles,0,0,0,0,1.0,Choque,fallas mecanicas y del sistema electrico,9004_2_79,23.0,1.0
Sucre,2017-05-19 06:33:00,38,548.0,2017-02-21 05:00:00,martes,0,Normal,Seca y limpia,Plano,Terraplen,Recta,Parcial con reducción de carriles,0,0,1,0,1.0,Atropello,exceso en horas de conduccion,9004_2_38,18.0,6.0
Sucre,2017-05-19 06:39:00,90,800.0,2017-02-22 05:00:00,miercoles,30,Normal,Seca y limpia,Plano,Terraplen,Curva Derecha,Parcial con reducción de carriles,0,0,1,0,1.0,Volcamiento,desobediencia a normas y senales,9004_2_90,8.0,16.0
Sucre,2017-05-23 05:52:00,92,600.0,2017-03-13 05:00:00,lunes,20,Normal,Seca y limpia,Plano,Terraplen,Recta,Parcial con reducción de carriles,0,0,0,0,1.0,Choque,condiciones de la via y factores ambientales,9004_2_92,22.0,2.0
Sucre,2017-05-23 06:02:00,37,200.0,2017-02-20 05:00:00,lunes,20,Normal,Seca y limpia,Plano,Terraplen,Recta,Parcial con reducción de carriles,0,0,1,0,1.0,Choque,estacionamiento y senalizacion imprudente,9004_2_37,7.0,17.0
Sucre,2017-05-23 06:10:00,68,600.0,2017-03-21 05:00:00,martes,40,Normal,Seca y limpia,Plano,Terraplen,Recta,Parcial con reducción de carriles,0,0,0,0,1.0,Choque,defectos fisicos y psiquicos,9004_2_68,19.0,5.0
Sucre,2017-05-24 03:05:00,68,700.0,2017-04-08 05:00:00,sabado,40,Normal,Seca y limpia,Plano,Terraplen,Recta,Parcial con reducción de carriles,0,0,0,0,1.0,Choque,fallas mecanicas y del sistema electrico,9004_2_68,20.0,4.0
Sucre,2017-05-24 03:25:00,34,400.0,2017-04-16 05:00:00,domingo,40,Normal,Seca y limpia,Plano,Terraplen,Recta,Parcial con reducción de carriles,0,0,1,0,1.0,Choque,impericia en el manejo,9004_2_34,9.0,15.0
Sucre,2017-05-24 05:16:00,70,600.0,2017-04-17 05:00:00,lunes,10,Normal,Seca y limpia,Plano,Terraplen,Recta,Parcial con reducción de carriles,0,0,0,0,1.0,Choque,no determinada,9004_2_70,13.0,11.0
Sucre,2017-05-24 05:27:00,30,670.0,2017-04-26 05:00:00,miercoles,15,Normal,Seca y limpia,Plano,Terraplen,Curva Izquierda,Parcial con reducción de carriles,0,0,1,0,1.0,Choque,exceso de velocidad,9004_2_30,19.0,5.0
Sucre,2017-05-24 05:31:00,30,50.0,2017-04-26 05:00:00,miercoles,50,Normal,Seca y limpia,Plano,Terraplen,Curva Izquierda,Parcial con reducción de carriles,0,0,1,0,1.0,Choque,adelantamientos indebidos,9004_2_30,14.0,10.0
Sucre,2017-05-24 05:40:00,46,950.0,2017-04-26 05:00:00,miercoles,45,Normal,Seca y limpia,Plano,Terraplen,Recta,Parcial con reducción de carriles,0,0,10,0,1.0,Volcamiento,no mantener distancia de seguridad,9004_2_46,8.0,16.0
Córdoba,2017-06-29 11:26:00,4,650.0,2017-03-25 05:00:00,sabado,0,Normal,Seca y limpia,Plano,Terraplen,Curva Izquierda,Transito normal con precaución,0,0,0,0,1.0,Choque,maniobras imprudentes,9004_2_4,11.0,13.0
Córdoba,2017-06-29 11:29:00,3,150.0,2017-03-31 05:00:00,viernes,50,Normal,Seca y limpia,Plano,Terraplen,Curva Izquierda,Transito normal con precaución,0,0,2,0,1.0,Choque,estacionamiento y senalizacion imprudente,9004_2_3,5.0,19.0
Sucre,2017-07-12 04:22:00,87,600.0,2017-05-31 05:00:00,miercoles,10,Lluvia,Humeda,Plano,Terraplen,Recta,Parcial con reducción de carriles,0,0,0,0,1.0,Volcamiento,condiciones de la via y factores ambientales,9004_2_87,21.0,3.0
Sucre,2017-07-22 19:36:00,30,100.0,2017-06-05 05:00:00,lunes,0,Lluvia,Humeda,Plano,Terraplen,Curva Derecha,Transito normal con precaución,1,0,1,0,1.0,Choque,condiciones de la via y factores ambientales,9004_2_30,7.0,18.0
Sucre,2017-07-22 19:42:00,79,130.0,2017-06-12 05:00:00,lunes,30,Lluvia,Humeda,Plano,Terraplen,Recta,Transito normal con precaución,1,0,0,0,1.0,Volcamiento,condiciones de la via y factores ambientales,9004_2_79,21.0,4.0
Sucre,2017-07-22 19:46:00,79,400.0,2017-06-27 05:00:00,martes,18,Sol,Seca y limpia,Plano,Terraplen,Recta,Transito normal con precaución,0,0,0,1,1.0,Choque,maniobras imprudentes,9004_2_79,12.0,12.0
Sucre,2017-07-22 19:50:00,82,100.0,2017-06-28 05:00:00,miercoles,30,Sol,Seca y limpia,Plano,Terraplen,Curva Izquierda,Transito normal con precaución,0,0,0,0,1.0,Choque,no mantener distancia de seguridad,9004_2_82,18.0,6.0
Sucre,2017-10-10 07:42:00,32,800.0,2017-07-30 05:00:00,domingo,0,Normal,Seca y limpia,Plano,Terraplen,Recta,Transito normal con precaución,0,0,0,1,1.0,Choque,adelantamientos indebidos,9004_2_32,7.0,17.0
Sucre,2017-10-10 07:48:00,76,550.0,2017-07-22 05:00:00,sabado,47,Normal,Seca y limpia,Plano,Media ladera Izquierda,Recta,Transito normal con precaución,0,0,0,0,1.0,Choque,no mantener distancia de seguridad,9004_2_76,19.0,5.0
Sucre,2017-10-10 07:57:00,86,315.0,2017-07-22 05:00:00,sabado,30,Normal,Seca y limpia,Plano,Terraplen,Recta,Transito normal con precaución,0,0,1,0,1.0,Atropello,conducta de peatones,9004_2_86,13.0,11.0
Sucre,2017-10-18 04:18:00,78,650.0,2017-08-20 05:00:00,domingo,30,Normal,Seca y limpia,Plano,Terraplen,Recta,Transito normal con precaución,0,0,0,0,1.0,Volcamiento,adelantamientos indebidos,9004_2_78,19.0,5.0
Córdoba,2017-10-27 00:49:00,23,500.0,2017-09-14 05:00:00,jueves,30,Normal,Seca y limpia,Plano,Terraplen,Recta,Transito normal con precaución,0,0,1,0,1.0,Choque,desobediencia a normas y senales,9004_2_23,14.0,10.0
Córdoba,2017-10-27 00:51:00,1,350.0,2017-09-17 05:00:00,domingo,40,Normal,Seca y limpia,Plano,Terraplen,Curva Derecha,Transito normal con precaución,0,0,1,0,1.0,Choque,no determinada,9004_2_1,5.0,19.0
Córdoba,2017-10-27 00:53:00,0,600.0,2017-09-24 05:00:00,domingo,15,Normal,Seca y limpia,Plano,Terraplen,Recta,Transito normal con precaución,0,0,1,0,1.0,Choque,desobediencia a normas y senales,9004_2_0,15.0,9.0
Córdoba,2017-11-21 10:33:00,27,450.0,2017-10-09 05:00:00,lunes,0,Normal,Seca y limpia,Plano,Terraplen,Recta,Transito normal con precaución,0,0,0,0,1.0,Choque,no determinada,9004_2_27,9.0,15.0
Córdoba,2017-11-21 10:35:00,26,200.0,2017-10-28 05:00:00,sabado,30,Normal,Seca y limpia,Plano,Terraplen,Recta,Transito normal con precaución,0,0,1,0,1.0,Choque,maniobras imprudentes,9004_2_26,22.0,2.0
Córdoba,2017-12-19 12:16:00,5,460.0,2017-11-27 05:00:00,lunes,50,Normal,Seca y limpia,Ondulado,Terraplen,Recta,Transito normal con precaución,0,0,3,0,1.0,Atropello,conducta de peatones,9004_2_5,18.0,6.0
Córdoba,2018-02-27 17:42:00,24,500.0,2018-01-01 05:00:00,lunes,0,Normal,Seca y limpia,Ondulado,Cajón,Recta,Transito normal con precaución,0,0,0,0,1.0,Choque,desobediencia a normas y senales,9004_2_24,11.0,13.0
Córdoba,2018-02-27 17:44:00,24,250.0,2018-01-11 05:00:00,jueves,50,Normal,Seca y limpia,Ondulado,Terraplen,Recta,Transito normal con precaución,0,0,0,0,1.0,Choque,no mantener distancia de seguridad,9004_2_24,11.0,13.0
Córdoba,2018-04-17 17:10:00,0,200.0,2018-03-19 05:00:00,lunes,0,Normal,Seca y limpia,Plano,Terraplen,Recta,Transito normal con precaución,0,0,0,0,1.0,Choque,no mantener distancia de seguridad,9004_2_0,10.0,14.0
Córdoba,2018-04-17 17:14:00,26,150.0,2018-03-18 05:00:00,domingo,0,Normal,Seca y limpia,Plano,Terraplen,Recta,Transito normal con precaución,0,0,0,0,1.0,Choque,imprudencia del conductor,9004_1_26,21.0,3.0
Córdoba,2017-06-29 11:23:00,24,200.0,2017-03-21 05:00:00,martes,30,Normal,Seca y limpia,Plano,Terraplen,Curva Derecha,Transito normal con precaución,0,0,2,0,1.0,Atropello,conducta de peatones,9003_0_24,20.0,4.0
Córdoba,2017-10-27 00:45:00,46,950.0,2017-09-03 05:00:00,domingo,55,Normal,Seca y limpia,Plano,Terraplen,Recta,Transito normal con precaución,0,0,2,0,1.0,Choque,embriaguez o sustancias alucinogenas,9003_0_46,6.0,18.0
Córdoba,2017-11-21 10:39:00,44,430.0,2017-10-09 05:00:00,lunes,30,Normal,Seca y limpia,Ondulado,Terraplen,Recta,Parcial con reducción de carriles,2,0,0,2,1.0,Choque,estacionamiento y senalizacion imprudente,9003_0_44,19.0,7.0
Córdoba,2018-02-27 17:58:00,22,900.0,2018-01-08 05:00:00,lunes,40,Seca,Seca y limpia,Plano,Terraplen,Recta,Transito normal con precaución,0,0,0,1,1.0,Choque,no determinada,9003_0_22,14.0,10.0
Guajira,2017-12-29 14:55:00,0,800.0,2017-07-11 05:00:00,martes,0,Sol,Seca y limpia,Ondulado,Media ladera Izquierda,Recta,Transito normal con precaución,0,0,0,0,1.0,Salida de la vía sin volcarse,embriaguez o sustancias alucinogenas,88GJ02_1_0,15.0,9.0
Guajira,2017-12-29 15:06:00,2,425.0,2017-10-07 05:00:00,sabado,0,Sol,Seca y limpia,Plano,Cajón,Curva Derecha,Transito normal con precaución,0,0,0,0,1.0,Choque,exceso de velocidad,88GJ02_1_2,20.0,4.0
Guajira,2017-12-29 15:02:00,52,615.0,2017-09-22 05:00:00,viernes,5,Sol,Seca y limpia,Escarpado,Media Ladera Derecha,Curva Izquierda,Parcial con reducción de carriles,2,0,2,0,1.0,Choque,fallas mecanicas y del sistema electrico,8801_1_52,20.0,6.0
Cesar,2017-11-01 12:18:00,31,0.0,2017-09-20 05:00:00,miercoles,0,Sol,Seca y limpia,Plano,Terraplen,Recta,Transito normal con precaución,0,0,0,1,1.0,Choque,imprudencia del conductor,7806_0_31,1.0,23.0
Cesar,2017-12-22 15:39:00,37,750.0,2017-11-24 05:00:00,viernes,30,Normal,Seca y limpia,Plano,Terraplen,Recta,Transito normal con precaución,0,0,0,0,1.0,Choque,condiciones de la via y factores ambientales,7806_0_37,13.0,11.0
Cesar,2018-04-20 00:34:00,44,560.0,2018-03-15 05:00:00,jueves,0,Normal,Seca y limpia,Plano,Terraplen,Recta,Transito normal con precaución,0,0,0,0,1.0,Volcamiento,no determinada,7806_0_44,10.0,14.0
Bolívar,2018-04-06 20:07:00,40,800.0,2018-02-07 05:00:00,miercoles,30,Normal,Seca y limpia,Plano,Terraplen,Recta,Transito normal con precaución,0,0,1,0,1.0,Choque,defectos fisicos y psiquicos,7802_2_40,20.0,4.0
Bolívar,2017-09-07 21:14:00,26,650.0,2017-08-21 05:00:00,lunes,0,Normal,Seca y limpia,Ondulado,Cajón,Recta,Transito normal con precaución,0,0,2,0,1.0,Volcamiento,fallas mecanicas y del sistema electrico,7802_1_26,17.0,7.0
Bolívar,2017-09-07 21:18:00,32,0.0,2017-08-30 05:00:00,miercoles,20,Normal,Seca y limpia,Plano,Terraplen,Recta,Transito normal con precaución,0,0,0,0,1.0,Choque,condiciones de la via y factores ambientales,7802_1_32,8.0,16.0
Bolívar,2018-01-02 16:16:00,10,300.0,2017-11-24 05:00:00,viernes,0,Normal,Seca y limpia,Plano,Terraplen,Recta,Transito normal con precaución,0,0,2,0,1.0,Choque,maniobras imprudentes,7802_1_10,4.0,20.0
Bolívar,2018-01-02 16:20:00,57,270.0,2017-11-21 05:00:00,martes,30,Normal,Seca y limpia,Plano,Terraplen,Recta,Transito normal con precaución,0,0,2,0,1.0,Atropello,maniobras imprudentes,7802_1_57,7.0,17.0
Bolívar,2018-01-16 19:50:00,62,870.0,2017-12-24 05:00:00,domingo,30,Normal,Seca y limpia,Plano,Terraplen,Recta,Transito normal con precaución,0,0,0,0,1.0,Choque,no mantener distancia de seguridad,7802_1_62,12.0,12.0
Bolívar,2018-02-15 12:23:00,0,300.0,2018-01-19 05:00:00,viernes,30,Normal,Seca y limpia,Plano,Terraplen,Curva Derecha,Transito normal con precaución,0,0,2,0,1.0,Volcamiento,exceso de velocidad,7802_1_0,11.0,13.0
Bolívar,2018-02-15 12:38:00,54,800.0,2018-01-01 05:00:00,lunes,54,Normal,Seca y limpia,Ondulado,Terraplen,Recta,Transito normal con precaución,0,0,1,1,1.0,Choque,impericia en el manejo,7802_1_54,9.0,15.0
Bolívar,2018-02-15 12:58:00,51,650.0,2018-01-23 05:00:00,martes,10,Normal,Seca y limpia,Plano,Terraplen,Recta,Transito normal con precaución,0,0,0,0,1.0,Choque,fallas mecanicas y del sistema electrico,7802_1_51,23.0,1.0
Bolívar,2018-02-26 16:16:00,35,900.0,2017-12-04 05:00:00,lunes,0,Normal,Seca y limpia,Plano,Terraplen,Recta,Transito normal con precaución,0,0,1,0,1.0,Choque,maniobras imprudentes,7802_1_35,8.0,16.0
Bolívar,2018-02-26 16:20:00,26,310.0,2017-12-10 05:00:00,domingo,30,Normal,Seca y limpia,Ondulado,Cajón,Recta,Transito normal con precaución,0,0,0,1,1.0,Volcamiento,maniobras imprudentes,7802_1_26,5.0,19.0
Bolívar,2018-02-26 16:24:00,12,100.0,2017-12-23 05:00:00,sabado,30,Normal,Seca y limpia,Ondulado,Terraplen,Curva Derecha,Transito normal con precaución,0,0,1,0,1.0,Choque,exceso de velocidad,7802_1_12,7.0,17.0
Bolívar,2018-04-06 19:43:00,50,800.0,2018-02-05 05:00:00,lunes,0,Normal,Seca y limpia,Plano,Terraplen,Recta,Transito normal con precaución,0,0,1,0,1.0,Choque,maniobras imprudentes,7802_1_50,23.0,1.0
Bolívar,2018-04-09 19:03:00,62,770.0,2018-03-03 05:00:00,sabado,50,Normal,Seca y limpia,Plano,Terraplen,Recta,Transito normal con precaución,0,0,2,0,1.0,Choque,no determinada,7802_1_62,12.0,12.0
Bolívar,2017-05-08 19:54:00,28,971.0,2017-04-20 05:00:00,jueves,0,Normal,Seca y limpia,Ondulado,Terraplen,Recta,Transito normal con precaución,0,0,0,0,1.0,Incendio,fallas mecanicas y del sistema electrico,7802_1_28,7.0,17.0
Bolívar,2017-05-08 20:04:00,45,700.0,2017-04-05 05:00:00,miercoles,30,Normal,Seca y limpia,Plano,Terraplen,Curva Izquierda,Transito normal con precaución,0,0,0,0,1.0,Choque,imprudencia del conductor,7802_1_45,18.0,6.0
Bolívar,2017-05-08 20:08:00,53,700.0,2017-04-22 05:00:00,sabado,30,Normal,Seca y limpia,Ondulado,Terraplen,Recta,Transito normal con precaución,0,0,0,0,1.0,Volcamiento,fallas mecanicas y del sistema electrico,7802_1_53,17.0,7.0
Bolívar,2017-05-10 06:53:00,34,200.0,2017-03-14 05:00:00,martes,50,Normal,Seca y limpia,Plano,Terraplen,Recta,Transito normal con precaución,0,0,2,0,1.0,Choque,condiciones de la via y factores ambientales,7802_1_34,15.0,9.0
Bolívar,2017-05-10 07:00:00,45,850.0,2017-03-07 05:00:00,martes,30,Normal,Seca y limpia,Plano,Terraplen,Recta,Transito normal con precaución,0,0,0,0,1.0,Choque,estacionamiento y senalizacion imprudente,7802_1_45,17.0,7.0
Bolívar,2017-05-10 07:08:00,57,500.0,2017-03-25 05:00:00,sabado,0,Normal,Seca y limpia,Plano,Terraplen,Recta,Transito normal con precaución,0,0,1,0,1.0,Choque,maniobras imprudentes,7802_1_57,14.0,10.0
Bolívar,2017-05-10 07:13:00,65,900.0,2017-03-17 05:00:00,viernes,0,Normal,Seca y limpia,Plano,Terraplen,Recta,Transito normal con precaución,0,0,2,0,1.0,Choque,estacionamiento y senalizacion imprudente,7802_1_65,20.0,4.0
Bolívar,2017-06-05 20:15:00,51,50.0,2017-05-13 05:00:00,sabado,30,Normal,Seca y limpia,Plano,Terraplen,Recta,Transito normal con precaución,0,0,0,0,1.0,Volcamiento,condiciones de la via y factores ambientales,7802_1_51,13.0,11.0
Bolívar,2017-06-05 20:21:00,61,960.0,2017-05-29 05:00:00,lunes,30,Normal,Seca y limpia,Plano,Terraplen,Recta,Transito normal con precaución,0,0,0,0,1.0,Volcamiento,adelantamientos indebidos,7802_1_61,18.0,6.0
Bolívar,2017-07-05 17:01:00,44,900.0,2017-06-11 05:00:00,domingo,30,Normal,Seca y limpia,Plano,Terraplen,Curva Derecha,Transito normal con precaución,0,0,2,1,1.0,Volcamiento,conducta de pasajeros,7802_1_44,18.0,6.0
Bolívar,2017-08-01 15:51:00,60,520.0,2017-06-03 05:00:00,sabado,30,Normal,Seca y limpia,Plano,Terraplen,Recta,Transito normal con precaución,0,0,3,1,1.0,Choque,embriaguez o sustancias alucinogenas,7802_1_60,8.0,16.0
Bolívar,2017-08-03 20:14:00,43,600.0,2017-07-25 05:00:00,martes,30,Normal,Seca y limpia,Ondulado,Terraplen,Recta,Transito normal con precaución,0,0,0,0,1.0,Choque,fallas mecanicas y del sistema electrico,7802_1_43,15.0,9.0
Córdoba,2018-04-01 15:48:00,1,100.0,2018-02-12 05:00:00,lunes,40,Normal,Seca y limpia,Plano,Terraplen,Recta,Transito normal con precaución,0,0,1,1,1.0,Caída ocupante,no determinada,7801_2_1,1.0,23.0
Córdoba,2018-04-17 17:17:00,38,600.0,2018-03-19 05:00:00,lunes,0,Normal,Seca y limpia,Ondulado,Cajón,Recta,Transito normal con precaución,0,0,0,1,1.0,Choque,no determinada,7801_2_38,0.0,0.0
Córdoba,2017-06-28 11:17:00,20,600.0,2017-03-12 05:00:00,domingo,50,Normal,Seca y limpia,Plano,Terraplen,Recta,Transito normal con precaución,0,0,0,0,1.0,Salida de la vía sin volcarse,no determinada,7801_1_20,17.0,7.0
Córdoba,2017-10-04 17:12:00,1,500.0,2017-08-17 05:00:00,jueves,30,Normal,Seca y limpia,Plano,Terraplen,Recta,Transito normal con precaución,0,0,1,0,1.0,Choque,condiciones de la via y factores ambientales,7801_1_1,7.0,17.0
Córdoba,2017-10-04 17:20:00,5,800.0,2017-07-05 05:00:00,miercoles,30,Normal,Seca y limpia,Plano,Terraplen,Recta,Transito normal con precaución,0,0,0,0,1.0,Choque,condiciones de la via y factores ambientales,7801_1_5,12.0,12.0