territorial,fecha_registro,pr,distancia_pr,fecha_acc,dia_semana_acc,min_acc,condic_meteor,estado_super,terreno,secc_tip,geometria_acc,tipo_cierre,horas_cierre,min_cierre,n_heridos,n_muertos,n_victimas,clase_accidente,causa_posible,ref_loc,hora_acc,duracion_cierre_horas
Córdoba,2017-10-04 17:22:00,5,500.0,2017-07-09 05:00:00,domingo,0,Normal,Seca y limpia,Plano,Terraplen,Recta,Transito normal con precaución,0,0,1,0,1.0,Choque,no determinada,7801_1_5,23.0,1.0
Córdoba,2017-10-04 17:27:00,40,600.0,2017-07-18 05:00:00,martes,5,Normal,Seca y limpia,Ondulado,Media Ladera Derecha,Recta,Transito normal con precaución,0,0,0,0,1.0,Choque,maniobras imprudentes,7801_1_40,8.0,16.0
Córdoba,2017-10-04 17:29:00,37,0.0,2017-07-12 05:00:00,miercoles,10,Normal,Seca y limpia,Ondulado,Terraplen,Recta,Transito normal con precaución,0,0,0,0,1.0,Choque,no determinada,7801_1_37,19.0,5.0
Córdoba,2018-01-24 14:03:00,2,700.0,2017-12-01 05:00:00,viernes,0,Normal,Seca y limpia,Plano,Terraplen,Recta,Transito normal con precaución,0,0,0,0,1.0,Choque,imprudencia del conductor,7801_1_2,10.0,14.0
Córdoba,2018-01-24 14:08:00,30,100.0,2017-12-08 05:00:00,viernes,30,Normal,Seca y limpia,Plano,Terraplen,Recta,Transito normal con precaución,0,0,1,1,1.0,Choque,no determinada,7801_1_30,4.0,20.0
Córdoba,2018-02-27 17:39:00,38,700.0,2018-01-01 05:00:00,lunes,5,Normal,Seca y limpia,Plano,Terraplen,Recta,Transito normal con precaución,0,0,2,0,1.0,Choque,no determinada,7801_1_38,11.0,13.0
Meta,2017-05-22 14:12:00,53,180.0,2017-02-13 05:00:00,lunes,10,Sol,Seca y limpia,Plano,Terraplen,Recta,Transito normal con precaución,0,0,0,0,1.0,Volcamiento,desobediencia a normas y senales,7506_2_53,2.0,22.0
Meta,2017-06-23 14:47:00,37,420.0,2016-12-17 05:00:00,sabado,30,Sol,Seca y limpia,Plano,Terraplen,Recta,Transito normal con precaución,0,0,0,0,1.0,Salida de la vía sin volcarse,exceso en horas de conduccion,7506_2_37,18.0,6.0
Meta,2017-07-26 15:36:00,71,0.0,2017-05-28 05:00:00,domingo,10,Normal,Seca y limpia,Plano,Terraplen,Recta,Transito normal con precaución,0,0,1,0,1.0,Choque,condiciones de la via y factores ambientales,7506_2_71,7.0,17.0
Córdoba,2017-05-31 20:44:00,3,550.0,2017-03-03 05:00:00,viernes,0,Normal,Seca y limpia,Plano,Terraplen,Curva Derecha,Transito normal con precaución,0,0,3,0,1.0,Choque,desobediencia a normas y senales,7403_1_3,12.0,12.0
Córdoba,2017-05-31 22:23:00,1,800.0,2017-01-23 05:00:00,lunes,0,Normal,Seca y limpia,Ondulado,Cajón,Recta,Transito normal con precaución,0,0,0,0,1.0,Volcamiento,no determinada,7403_1_1,5.0,19.0
Córdoba,2017-07-04 14:43:00,2,300.0,2017-05-29 05:00:00,lunes,30,Normal,Seca y limpia,Plano,Media ladera Izquierda,Recta,Transito normal con precaución,0,0,0,0,1.0,Volcamiento,no determinada,7403_1_2,14.0,10.0
Córdoba,2017-07-04 19:10:00,2,850.0,2017-05-01 05:00:00,lunes,20,Normal,Seca y limpia,Plano,Terraplen,Recta,Transito normal con precaución,0,0,2,0,1.0,Choque,no determinada,7403_1_2,16.0,8.0
Córdoba,2017-07-04 19:14:00,8,500.0,2017-05-21 05:00:00,domingo,0,Normal,Seca y limpia,Plano,Cajón,Curva Izquierda,Transito normal con precaución,0,0,0,1,1.0,Volcamiento,desobediencia a normas y senales,7403_1_8,17.0,7.0
Córdoba,2017-07-31 19:08:00,2,900.0,2017-06-05 05:00:00,lunes,0,Normal,Seca y limpia,Plano,Media ladera Izquierda,Recta,Transito normal con precaución,0,0,0,0,1.0,Volcamiento,no determinada,7403_1_2,2.0,22.0
Córdoba,2017-08-14 19:07:00,5,0.0,2017-07-09 05:00:00,domingo,50,Normal,Seca y limpia,Plano,Terraplen,Curva Derecha,Transito normal con precaución,0,0,0,0,1.0,Choque,no mantener distancia de seguridad,7403_1_5,5.0,19.0
Córdoba,2017-10-05 21:55:00,0,500.0,2017-08-12 05:00:00,sabado,30,Normal,Seca y limpia,Plano,Cajón,Recta,Transito normal con precaución,0,0,0,0,1.0,Atropello,no determinada,7403_1_0,7.0,17.0
Córdoba,2017-10-05 22:01:00,5,850.0,2017-08-07 05:00:00,lunes,30,Normal,Seca y limpia,Plano,Cajón,Recta,Transito normal con precaución,0,0,0,0,1.0,Choque,no determinada,7403_1_5,20.0,4.0
Córdoba,2017-10-06 13:32:00,42,750.0,2017-08-05 05:00:00,sabado,30,Normal,Seca y limpia,Plano,Terraplen,Recta,Transito normal con precaución,0,0,0,0,1.0,Choque,condiciones de la via y factores ambientales,7403_1_42,22.0,2.0
Córdoba,2017-10-06 13:38:00,35,680.0,2017-08-07 05:00:00,lunes,30,Normal,Seca y limpia,Plano,Terraplen,Recta,Transito normal con precaución,0,0,0,0,1.0,Salida de la vía sin volcarse,no determinada,7403_1_35,15.0,9.0
Córdoba,2017-10-23 14:53:00,3,100.0,2017-09-16 05:00:00,sabado,30,Lluvia,Humeda,Ondulado,Terraplen,Recta,Transito normal con precaución,0,0,0,0,1.0,Volcamiento,condiciones de la via y factores ambientales,7403_1_3,8.0,16.0
Córdoba,2017-10-23 15:02:00,8,300.0,2017-09-16 05:00:00,sabado,0,Lluvia,Humeda,Plano,Terraplen,Curva Derecha,Transito normal con precaución,0,0,2,0,1.0,Volcamiento,condiciones de la via y factores ambientales,7403_1_8,10.0,14.0
Córdoba,2017-11-17 15:40:00,7,0.0,2017-10-29 05:00:00,domingo,0,Normal,Seca y limpia,Plano,Terraplen,Curva Izquierda,Transito normal con precaución,0,0,0,0,1.0,Volcamiento,no determinada,7403_1_7,19.0,5.0
Córdoba,2017-11-17 15:46:00,23,300.0,2017-10-10 05:00:00,martes,0,Normal,Seca y limpia,Plano,Media ladera Izquierda,Curva Derecha,Transito normal con precaución,0,0,0,0,1.0,Choque,no mantener distancia de seguridad,7403_1_23,11.0,13.0
Córdoba,2017-12-27 15:59:00,8,400.0,2017-11-30 05:00:00,jueves,30,Normal,Seca y limpia,Plano,Terraplen,Curva Derecha,Transito normal con precaución,0,0,0,0,1.0,Choque,desobediencia a normas y senales,7403_1_8,3.0,21.0
Córdoba,2018-01-17 14:13:00,4,700.0,2017-12-30 05:00:00,sabado,0,Normal,Seca y limpia,Ondulado,Terraplen,Recta,Transito normal con precaución,0,0,1,1,1.0,Choque,no mantener distancia de seguridad,7403_1_4,0.0,0.0
Córdoba,2018-01-17 14:39:00,15,100.0,2017-12-24 05:00:00,domingo,0,Normal,Seca y limpia,Plano,Terraplen,Recta,Transito normal con precaución,0,0,0,0,1.0,Volcamiento,embriaguez o sustancias alucinogenas,7403_1_15,17.0,7.0
Córdoba,2018-01-17 15:02:00,30,700.0,2017-12-06 05:00:00,miercoles,0,Normal,Seca y limpia,Plano,Terraplen,Recta,Transito normal con precaución,0,0,2,0,1.0,Choque,impericia en el manejo,7403_1_30,6.0,18.0
Córdoba,2018-01-17 15:12:00,41,290.0,2017-12-10 05:00:00,domingo,10,Normal,Seca y limpia,Plano,Terraplen,Recta,Transito normal con precaución,0,0,0,1,1.0,Choque,impericia en el manejo,7403_1_41,19.0,5.0
Córdoba,2018-02-21 14:25:00,27,150.0,2018-01-31 05:00:00,miercoles,30,Normal,Seca y limpia,Plano,Terraplen,Recta,Transito normal con precaución,0,0,0,0,1.0,Volcamiento,no determinada,7403_1_27,15.0,9.0
Norte de Santander,2017-05-22 16:32:00,72,740.0,2017-04-02 05:00:00,domingo,30,Normal,Seca y limpia,Plano,Terraplen,Recta,Transito normal con precaución,0,0,0,1,1.0,Choque,no determinada,7009A_0_72,12.0,12.0
Norte de Santander,2017-05-22 16:46:00,73,248.0,2017-04-29 05:00:00,sabado,30,Normal,Seca y limpia,Plano,Terraplen,Recta,Transito normal con precaución,0,0,0,1,1.0,Choque,exceso de velocidad,7009A_0_73,4.0,20.0
Norte de Santander,2017-05-22 16:53:00,74,529.0,2017-04-07 05:00:00,viernes,0,Normal,Seca y limpia,Plano,Terraplen,Recta,Transito normal con precaución,0,0,0,0,1.0,Volcamiento,no determinada,7009A_0_74,0.0,0.0
Norte de Santander,2017-08-22 19:52:00,71,410.0,2017-06-19 05:00:00,lunes,15,Normal,Seca y limpia,Plano,Terraplen,Recta,Transito normal con precaución,0,0,0,0,1.0,Choque,desobediencia a normas y senales,7009A_0_71,22.0,2.0
Norte de Santander,2018-02-08 22:31:00,72,380.0,2018-01-21 05:00:00,domingo,30,Normal,Seca y limpia,Plano,Terraplen,Recta,Cierre total,1,0,0,2,1.0,Choque,no determinada,7009A_0_72,16.0,9.0
Norte de Santander,2018-02-08 22:09:00,9,458.0,2018-01-20 05:00:00,sabado,30,Normal,Seca y limpia,Montañoso,Media Ladera Derecha,Curva Derecha,Transito normal con precaución,0,0,0,0,1.0,Volcamiento,no determinada,7009_0_9,2.0,22.0
Norte de Santander,2017-05-11 19:02:00,7,990.0,2017-04-04 05:00:00,martes,0,Normal,Seca y limpia,Montañoso,Media Ladera Derecha,Curva Izquierda,Transito normal con precaución,0,0,0,0,1.0,Volcamiento,defectos fisicos y psiquicos,7009_0_7,14.0,10.0
Norte de Santander,2017-05-11 19:20:00,54,877.0,2017-04-02 05:00:00,domingo,45,Normal,Seca y limpia,Montañoso,Media Ladera Derecha,Curva Derecha,Cierre total,0,50,0,1,1.0,Choque,no determinada,7009_0_54,20.0,4.0
Norte de Santander,2017-05-22 15:47:00,30,120.0,2017-04-22 05:00:00,sabado,50,Normal,Seca y limpia,Plano,Terraplen,Recta,Transito normal con precaución,0,0,0,1,1.0,Choque,maniobras imprudentes,7009_0_30,2.0,22.0
Norte de Santander,2017-05-22 16:12:00,49,114.0,2017-04-01 05:00:00,sabado,0,Normal,Seca y limpia,Montañoso,Media Ladera Derecha,Curva Izquierda,Transito normal con precaución,0,0,0,0,1.0,Choque,adelantamientos indebidos,7009_0_49,5.0,19.0
Norte de Santander,2017-05-22 16:20:00,54,14.0,2017-04-12 05:00:00,miercoles,30,Normal,Seca y limpia,Montañoso,Media Ladera Derecha,Curva Derecha,Transito normal con precaución,0,0,0,1,1.0,Choque,no determinada,7009_0_54,3.0,21.0
Norte de Santander,2017-05-25 18:40:00,55,740.0,2017-04-16 05:00:00,domingo,30,Normal,Seca y limpia,Montañoso,Media Ladera Derecha,Curva Derecha,Parcial con paso alternado,1,0,0,1,1.0,Choque,no determinada,7009_0_55,17.0,8.0
Norte de Santander,2017-07-11 20:24:00,50,596.0,2017-04-22 05:00:00,sabado,0,Normal,Seca y limpia,Montañoso,Media Ladera Derecha,Recta,Parcial con reducción de carriles,0,0,0,1,1.0,Atropello,no determinada,7009_0_50,8.0,16.0
Norte de Santander,2017-07-17 19:21:00,0,90.0,2017-05-22 05:00:00,lunes,30,Normal,Seca y limpia,Montañoso,Media Ladera Derecha,Recta,Parcial con reducción de carriles,0,0,0,0,1.0,Choque,desobediencia a normas y senales,7009_0_0,16.0,8.0
Norte de Santander,2017-07-17 19:40:00,34,380.0,2017-05-28 05:00:00,domingo,0,Normal,Seca y limpia,Plano,Terraplen,Recta,Parcial restringido a vehiculos pesados,0,0,0,2,1.0,Choque,embriaguez o sustancias alucinogenas,7009_0_34,9.0,15.0
Norte de Santander,2017-07-17 20:17:00,8,848.0,2017-06-08 05:00:00,jueves,30,Normal,Humeda,Montañoso,Media Ladera Derecha,Curva Izquierda,Cierre total,1,0,1,0,1.0,Choque,no determinada,7009_0_8,20.0,5.0
Norte de Santander,2017-07-17 20:27:00,19,680.0,2017-06-20 05:00:00,martes,30,Normal,Seca y limpia,Montañoso,Media Ladera Derecha,Curva Izquierda,Parcial con paso alternado,0,0,0,0,1.0,Volcamiento,fallas mecanicas y del sistema electrico,7009_0_19,14.0,10.0
Norte de Santander,2017-07-17 16:45:00,47,570.0,2017-05-04 05:00:00,jueves,15,Normal,Seca y limpia,Montañoso,Media Ladera Derecha,Curva Derecha,Cierre total,1,0,0,1,1.0,Choque,adelantamientos indebidos,7009_0_47,21.0,4.0
Norte de Santander,2017-07-17 16:51:00,30,157.0,2017-05-09 05:00:00,martes,15,Normal,Seca y limpia,Plano,Terraplen,Recta,Parcial con reducción de carriles,0,0,0,1,1.0,Choque,exceso de velocidad,7009_0_30,18.0,6.0
Norte de Santander,2017-08-22 16:48:00,27,927.0,2017-06-25 05:00:00,domingo,0,Normal,Seca y limpia,Montañoso,Terraplen,Recta,Transito normal con precaución,0,0,0,1,1.0,Choque,adelantamientos indebidos,7009_0_27,4.0,20.0
Norte de Santander,2017-08-22 19:31:00,41,118.0,2017-06-20 05:00:00,martes,50,Normal,Seca y limpia,Montañoso,Terraplen,Recta,Parcial con reducción de carriles,0,0,0,0,1.0,Choque,adelantamientos indebidos,7009_0_41,7.0,17.0
Norte de Santander,2017-08-22 20:17:00,3,818.0,2017-07-16 05:00:00,domingo,20,Normal,Seca y limpia,Montañoso,Cajón,Curva Izquierda,Parcial con reducción de carriles,0,0,0,1,1.0,Choque,no determinada,7009_0_3,23.0,1.0
Norte de Santander,2017-08-22 20:23:00,13,874.0,2017-07-30 05:00:00,domingo,30,Normal,Seca y limpia,Montañoso,Media Ladera Derecha,Recta,Transito normal con precaución,0,0,0,0,1.0,Choque,no determinada,7009_0_13,14.0,10.0
Casanare,2017-12-05 21:37:00,52,0.0,2017-11-04 05:00:00,sabado,10,Lluvia,Humeda,Plano,Terraplen,Recta,Transito normal con precaución,0,0,1,0,1.0,Choque,maniobras imprudentes,6515_2_52,0.0,0.0
Casanare,2017-12-05 21:42:00,54,500.0,2017-11-08 05:00:00,miercoles,20,Normal,Seca y limpia,Plano,Terraplen,Recta,Transito normal con precaución,0,0,1,0,1.0,Volcamiento,condiciones de la via y factores ambientales,6515_2_54,21.0,3.0
Casanare,2017-12-05 21:45:00,56,387.0,2017-11-09 05:00:00,jueves,20,Seca,Seca y limpia,Plano,Terraplen,Recta,Transito normal con precaución,0,0,1,0,1.0,Choque,fallas mecanicas y del sistema electrico,6515_2_56,19.0,5.0
Casanare,2017-12-05 21:48:00,76,400.0,2017-11-30 05:00:00,jueves,45,Seca,Seca y limpia,Plano,Terraplen,Recta,Transito normal con precaución,0,0,0,1,1.0,Choque,conducta de peatones,6515_2_76,19.0,5.0
Casanare,2018-01-05 22:12:00,48,30.0,2017-12-01 05:00:00,viernes,0,Seca,Seca y limpia,Plano,Terraplen,Recta,Transito normal con precaución,0,0,1,0,1.0,Choque,condiciones de la via y factores ambientales,6515_2_48,20.0,4.0
Casanare,2018-01-05 22:18:00,56,835.0,2017-12-05 05:00:00,martes,30,Seca,Seca y limpia,Plano,Terraplen,Recta,Transito normal con precaución,0,0,1,0,1.0,Atropello,no determinada,6515_2_56,12.0,12.0
Casanare,2018-01-05 22:22:00,61,300.0,2017-12-30 05:00:00,sabado,35,Seca,Seca y limpia,Plano,Terraplen,Recta,Parcial con reducción de carriles,0,0,3,0,1.0,Choque,embriaguez o sustancias alucinogenas,6515_2_61,18.0,6.0
Casanare,2018-01-05 22:24:00,76,100.0,2017-12-27 05:00:00,miercoles,30,Seca,Seca y limpia,Plano,Terraplen,Recta,Transito normal con precaución,0,0,0,1,1.0,Volcamiento,exceso de velocidad,6515_2_76,8.0,16.0
Casanare,2018-01-05 22:32:00,80,570.0,2017-12-19 05:00:00,martes,30,Seca,Seca y limpia,Plano,Terraplen,Recta,Cierre total,0,0,0,0,1.0,Choque,fallas mecanicas y del sistema electrico,6515_2_80,2.0,22.0
Casanare,2018-01-05 22:53:00,83,385.0,2017-12-30 05:00:00,sabado,0,Lluvia,Humeda,Plano,Terraplen,Recta,Cierre total,0,0,0,0,1.0,Choque,no determinada,6515_2_83,9.0,15.0
Casanare,2018-02-09 13:23:00,69,0.0,2018-01-14 05:00:00,domingo,30,Seca,Seca y limpia,Plano,Terraplen,Recta,Transito normal con precaución,0,0,1,1,1.0,Choque,exceso de velocidad,6515_2_69,14.0,10.0
Casanare,2018-02-09 13:29:00,56,845.0,2018-01-27 05:00:00,sabado,10,Seca,Seca y limpia,Plano,Terraplen,Recta,Transito normal con precaución,0,0,1,0,1.0,Atropello,no determinada,6515_2_56,12.0,12.0
Casanare,2018-04-03 20:51:00,56,840.0,2018-03-02 05:00:00,viernes,40,Seca,Seca y limpia,Plano,Terraplen,Recta,Transito normal con precaución,0,0,0,0,1.0,Choque,embriaguez o sustancias alucinogenas,6515_2_56,14.0,10.0
Casanare,2018-04-03 20:51:00,56,840.0,2018-03-02 05:00:00,viernes,40,Seca,Seca y limpia,Plano,Terraplen,Recta,Transito normal con precaución,0,0,0,0,1.0,Choque,embriaguez o sustancias alucinogenas,6515_2_56,8.0,16.0
Casanare,2018-04-03 20:55:00,3,0.0,2018-03-18 05:00:00,domingo,30,Seca,Seca y limpia,Plano,Terraplen,Recta,Transito normal con precaución,0,0,0,1,1.0,Choque,no determinada,6515_2_3,15.0,9.0
Casanare,2018-04-03 20:57:00,23,600.0,2018-03-21 05:00:00,miercoles,30,Seca,Seca y limpia,Plano,Terraplen,Curva Izquierda,Transito normal con precaución,0,0,0,0,1.0,Salida de la vía sin volcarse,exceso de velocidad,6515_2_23,12.0,12.0
Casanare,2018-04-03 20:57:00,23,600.0,2018-03-21 05:00:00,miercoles,30,Seca,Seca y limpia,Plano,Terraplen,Curva Izquierda,Transito normal con precaución,0,0,0,0,1.0,Salida de la vía sin volcarse,exceso de velocidad,6515_2_23,8.0,16.0
Casanare,2017-07-04 21:56:00,56,68.0,2017-06-13 05:00:00,martes,55,Seca,Seca y limpia,Plano,Terraplen,Recta,Transito normal con precaución,0,0,1,0,1.0,Choque,maniobras imprudentes,6515_1_56,19.0,5.0
Casanare,2017-09-04 22:32:00,56,68.0,2017-08-02 05:00:00,miercoles,30,Sol,Seca y limpia,Plano,Terraplen,Recta,Transito normal con precaución,0,0,1,0,1.0,Choque,exceso de velocidad,6515_1_56,14.0,10.0
Casanare,2017-11-02 20:11:00,128,800.0,2017-10-20 05:00:00,viernes,30,Lluvia,Humeda,Plano,Terraplen,Recta,Transito normal con precaución,0,0,2,0,1.0,Atropello,maniobras imprudentes,6515_1_128,13.0,11.0
Casanare,2017-11-02 20:19:00,128,630.0,2017-10-03 05:00:00,martes,30,Seca,Seca y limpia,Plano,Terraplen,Recta,Transito normal con precaución,0,0,0,1,1.0,Atropello,maniobras imprudentes,6515_1_128,12.0,12.0
Casanare,2018-04-03 20:53:00,53,450.0,2018-03-30 05:00:00,viernes,5,Lluvia,Humeda,Plano,Terraplen,Recta,Transito normal con precaución,0,0,1,0,1.0,Choque,condiciones de la via y factores ambientales,6515_1_53,4.0,20.0
Casanare,2018-04-03 20:59:00,41,730.0,2018-03-27 05:00:00,martes,40,Seca,Seca y limpia,Plano,Terraplen,Recta,Transito normal con precaución,0,0,0,0,1.0,Salida de la vía sin volcarse,no determinada,6515_1_41,1.0,23.0
Casanare,2018-04-09 22:41:00,128,670.0,2018-03-07 05:00:00,miercoles,15,Seca,Seca y limpia,Plano,Terraplen,Recta,Transito normal con precaución,0,0,0,0,1.0,Choque,desobediencia a normas y senales,6515_1_128,16.0,8.0
Casanare,2018-04-09 22:44:00,126,900.0,2018-03-04 05:00:00,domingo,0,Seca,Seca y limpia,Plano,Terraplen,Recta,Transito normal con precaución,0,0,0,0,1.0,Caída ocupante,fallas mecanicas y del sistema electrico,6515_1_126,17.0,7.0
Casanare,2018-04-10 12:45:00,58,400.0,2018-03-26 05:00:00,lunes,0,Seca,Seca y limpia,Plano,Terraplen,Recta,Transito normal con precaución,0,0,0,1,1.0,Choque,imprudencia del conductor,6515_1_58,0.0,0.0
Casanare,2018-04-10 12:45:00,58,400.0,2018-03-26 05:00:00,lunes,0,Seca,Seca y limpia,Plano,Terraplen,Recta,Transito normal con precaución,0,0,0,1,1.0,Choque,imprudencia del conductor,6515_1_58,14.0,10.0
Casanare,2017-07-09 17:03:00,11,700.0,2017-05-12 05:00:00,viernes,25,Normal,Seca y limpia,Plano,Terraplen,Recta,Transito normal con precaución,0,0,0,0,1.0,Volcamiento,no determinada,6514_0_11,1.0,23.0
Casanare,2017-07-09 17:07:00,45,500.0,2017-05-16 05:00:00,martes,0,Normal,Seca y limpia,Plano,Terraplen,Curva Izquierda,Transito normal con precaución,0,0,0,0,1.0,Salida de la vía sin volcarse,no determinada,6514_0_45,10.0,14.0
Casanare,2017-07-09 17:23:00,30,350.0,2017-06-05 05:00:00,lunes,30,Normal,Seca y limpia,Plano,Terraplen,Recta,Transito normal con precaución,0,0,0,1,1.0,Choque,no determinada,6514_0_30,2.0,22.0
Casanare,2017-09-29 23:18:00,0,1050.0,2017-09-11 05:00:00,lunes,0,Sol,Seca y limpia,Plano,Terraplen,Recta,Transito normal con precaución,0,0,1,0,1.0,Choque,imprudencia del conductor,6514_0_0,12.0,12.0
Casanare,2017-11-08 22:29:00,48,600.0,2017-10-01 05:00:00,domingo,0,Normal,Seca y limpia,Plano,Terraplen,Recta,Transito normal con precaución,0,0,0,0,1.0,Volcamiento,no determinada,6514_0_48,16.0,8.0
Casanare,2017-11-08 22:33:00,43,400.0,2017-10-01 05:00:00,domingo,0,Sol,Seca y limpia,Plano,Terraplen,Recta,Transito normal con precaución,0,0,2,0,1.0,Caída ocupante,no determinada,6514_0_43,12.0,12.0
Casanare,2017-11-08 22:39:00,28,950.0,2017-10-03 05:00:00,martes,0,Normal,Seca y limpia,Plano,Terraplen,Curva Derecha,Transito normal con precaución,0,0,1,0,1.0,Choque,no determinada,6514_0_28,15.0,9.0
Casanare,2017-11-09 13:09:00,13,0.0,2017-10-18 05:00:00,miercoles,30,Sol,Seca y limpia,Plano,Terraplen,Curva Izquierda,Transito normal con precaución,0,0,2,0,1.0,Choque,no determinada,6514_0_13,8.0,16.0
Casanare,2018-01-02 00:00:00,4,200.0,2017-12-20 05:00:00,miercoles,0,Normal,Seca y limpia,Plano,Cajón,Curva Izquierda,Transito normal con precaución,0,0,0,2,1.0,Atropello,no determinada,6514_0_4,13.0,11.0
Casanare,2018-02-01 20:28:00,19,0.0,2018-01-15 05:00:00,lunes,50,Sol,Seca y limpia,Plano,Terraplen,Curva Izquierda,Transito normal con precaución,0,0,0,1,1.0,Choque,imprudencia del conductor,6514_0_19,9.0,15.0
Casanare,2018-02-01 20:32:00,19,0.0,2018-01-22 05:00:00,lunes,8,Sol,Seca y limpia,Plano,Terraplen,Curva Izquierda,Transito normal con precaución,0,0,3,1,1.0,Choque,no determinada,6514_0_19,14.0,10.0
Casanare,2018-04-12 16:22:00,38,150.0,2018-04-06 05:00:00,viernes,0,Normal,Seca y limpia,Plano,Terraplen,Recta,Transito normal con precaución,0,0,2,0,1.0,Volcamiento,no determinada,6514_0_38,14.0,10.0
Casanare,2018-04-12 16:22:00,38,150.0,2018-04-06 05:00:00,viernes,0,Normal,Seca y limpia,Plano,Terraplen,Recta,Transito normal con precaución,0,0,2,0,1.0,Volcamiento,no determinada,6514_0_38,16.0,8.0
Casanare,2017-05-01 14:12:00,9,650.0,2017-04-06 05:00:00,jueves,0,Normal,Seca y limpia,Plano,Terraplen,Recta,Transito normal con precaución,0,0,2,0,1.0,Volcamiento,fallas mecanicas y del sistema electrico,6513_0_9,13.0,11.0
Casanare,2017-08-06 16:03:00,9,600.0,2017-07-30 05:00:00,domingo,24,Sol,Seca y limpia,Plano,Terraplen,Recta,Transito normal con precaución,0,0,1,0,1.0,Volcamiento,no determinada,6513_0_9,10.0,14.0
Casanare,2017-05-01 14:21:00,46,950.0,2017-04-13 05:00:00,jueves,0,Sol,Seca y limpia,Montañoso,Media ladera Izquierda,Recta,Transito normal con precaución,0,0,2,0,1.0,Volcamiento,exceso de velocidad,6513_0_46,18.0,6.0
Casanare,2017-05-01 14:26:00,21,900.0,2017-04-22 05:00:00,sabado,0,Sol,Seca y limpia,Plano,Terraplen,Recta,Transito normal con precaución,0,0,0,0,1.0,Choque,exceso de velocidad,6513_0_21,18.0,6.0
Casanare,2017-07-09 17:17:00,64,800.0,2017-05-31 05:00:00,miercoles,29,Normal,Seca y limpia,Plano,Terraplen,Curva Derecha,Transito normal con precaución,0,0,0,0,1.0,Volcamiento,no determinada,6513_0_64,19.0,5.0
Casanare,2017-07-09 17:21:00,47,850.0,2017-06-02 05:00:00,viernes,3,Normal,Seca y limpia,Plano,Terraplen,Recta,Transito normal con precaución,0,0,1,1,1.0,Volcamiento,no determinada,6513_0_47,5.0,19.0
Casanare,2017-08-25 23:48:00,4,300.0,2017-01-31 05:00:00,martes,31,Normal,Humeda,Montañoso,Media ladera Izquierda,Recta,Transito normal con precaución,0,0,0,0,1.0,Choque,imprudencia del conductor,6513_0_4,18.0,6.0
Casanare,2017-09-04 00:42:00,35,200.0,2017-08-02 05:00:00,miercoles,8,Sol,Seca y limpia,Plano,Terraplen,Curva Izquierda,Parcial con paso alternado,0,0,0,0,1.0,Salida de la vía sin volcarse,no determinada,6513_0_35,11.0,13.0
Casanare,2017-09-04 00:47:00,2,385.0,2017-08-19 05:00:00,sabado,29,Sol,Seca y limpia,Montañoso,Media ladera Izquierda,Curva Derecha,Parcial con paso alternado,0,0,0,0,1.0,Choque,no determinada,6513_0_2,4.0,20.0
Casanare,2017-09-04 00:51:00,19,900.0,2017-08-25 05:00:00,viernes,20,Normal,Seca y limpia,Plano,Terraplen,Curva Izquierda,Transito normal con precaución,0,0,2,0,1.0,Choque,no determinada,6513_0_19,7.0,17.0
Casanare,2017-09-29 23:14:00,58,270.0,2017-09-08 05:00:00,viernes,2,Lluvia,Humeda,Montañoso,Media ladera Izquierda,Recta,Transito normal con precaución,0,0,0,0,1.0,Volcamiento,no determinada,6513_0_58,1.0,23.0
Casanare,2017-09-29 23:21:00,2,385.0,2017-09-14 05:00:00,jueves,16,Sol,Seca y limpia,Montañoso,Media ladera Izquierda,Curva Derecha,Transito normal con precaución,0,0,0,0,1.0,Choque,imprudencia del conductor,6513_0_2,18.0,6.0
Casanare,2017-09-29 23:26:00,42,700.0,2017-09-22 05:00:00,viernes,0,Normal,Seca y limpia,Plano,Cajón,Curva Izquierda,Transito normal con precaución,0,0,0,1,1.0,Atropello,imprudencia del conductor,6513_0_42,15.0,9.0
Casanare,2017-09-29 23:28:00,16,250.0,2017-09-29 05:00:00,viernes,14,Normal,Seca y limpia,Plano,Terraplen,Recta,Transito normal con precaución,0,0,0,0,1.0,Volcamiento,no determinada,6513_0_16,17.0,7.0
Casanare,2017-11-08 22:42:00,4,800.0,2017-10-09 05:00:00,lunes,5,Normal,Seca y limpia,Plano,Terraplen,Recta,Cierre total,3,0,0,1,1.0,Choque,no determinada,6513_0_4,21.0,6.0
Casanare,2017-12-04 13:23:00,2,490.0,2017-11-21 05:00:00,martes,0,Sol,Seca y limpia,Montañoso,Media ladera Izquierda,Curva Derecha,Transito normal con precaución,0,0,0,0,1.0,Choque,no determinada,6513_0_2,2.0,22.0
Casanare,2017-12-04 13:29:00,86,450.0,2017-11-30 05:00:00,jueves,0,Sol,Seca y limpia,Plano,Terraplen,Recta,Cierre total,1,0,7,0,1.0,Volcamiento,no determinada,6513_0_86,18.0,7.0
Casanare,2017-12-04 13:33:00,29,0.0,2017-11-30 05:00:00,jueves,30,Seca,Seca y limpia,Montañoso,Media ladera Izquierda,Curva Izquierda,Transito normal con precaución,0,0,1,0,1.0,Choque,no determinada,6513_0_29,13.0,11.0
Casanare,2018-01-01 23:53:00,6,0.0,2017-12-17 05:00:00,domingo,40,Normal,Seca y limpia,Plano,Terraplen,Curva Izquierda,Transito normal con precaución,0,0,0,0,1.0,Choque,no determinada,6513_0_6,19.0,5.0
Casanare,2018-02-01 20:22:00,72,0.0,2018-01-06 05:00:00,sabado,23,Sol,Seca y limpia,Plano,Cajón,Recta,Transito normal con precaución,0,0,2,0,1.0,Choque,no determinada,6513_0_72,21.0,3.0