territorial,fecha_registro,pr,distancia_pr,fecha_acc,dia_semana_acc,min_acc,condic_meteor,estado_super,terreno,secc_tip,geometria_acc,tipo_cierre,horas_cierre,min_cierre,n_heridos,n_muertos,n_victimas,clase_accidente,causa_posible,ref_loc,hora_acc,duracion_cierre_horas
Casanare,2018-02-01 20:36:00,84,900.0,2018-01-22 05:00:00,lunes,15,Sol,Seca y limpia,Plano,Terraplen,Curva Derecha,Transito normal con precaución,0,0,1,0,1.0,Volcamiento,no determinada,6513_0_84,22.0,2.0
Casanare,2018-02-01 20:44:00,7,100.0,2018-01-23 05:00:00,martes,5,Sol,Seca y limpia,Montañoso,Media ladera Izquierda,Curva Izquierda,Transito normal con precaución,0,0,1,0,1.0,Volcamiento,no determinada,6513_0_7,9.0,15.0
Casanare,2018-03-03 21:45:00,25,0.0,2018-02-02 05:00:00,viernes,0,Normal,Seca y limpia,Plano,Terraplen,Recta,Transito normal con precaución,0,0,1,1,1.0,Choque,no determinada,6513_0_25,14.0,10.0
Casanare,2018-03-03 21:50:00,1,400.0,2018-02-02 05:00:00,viernes,0,Normal,Seca y limpia,Montañoso,Media ladera Izquierda,Recta,Transito normal con precaución,0,0,0,1,1.0,Choque,no determinada,6513_0_1,21.0,3.0
Casanare,2018-03-03 21:53:00,13,708.0,2018-02-18 05:00:00,domingo,35,Normal,Seca y limpia,Plano,Terraplen,Recta,Transito normal con precaución,0,0,0,2,1.0,Choque,no determinada,6513_0_13,8.0,16.0
Casanare,2018-03-03 21:56:00,75,350.0,2018-02-28 05:00:00,miercoles,0,Normal,Seca y limpia,Plano,Terraplen,Recta,Transito normal con precaución,0,0,0,1,1.0,Volcamiento,no determinada,6513_0_75,19.0,5.0
Casanare,2018-03-22 19:47:00,44,800.0,2018-03-05 05:00:00,lunes,10,Normal,Seca y limpia,Montañoso,Media ladera Izquierda,Recta,Cierre total,2,0,17,2,1.0,Choque,no determinada,6513_0_44,21.0,5.0
Casanare,2018-03-22 19:52:00,46,284.0,2018-03-18 05:00:00,domingo,0,Sol,Seca y limpia,Plano,Terraplen,Recta,Cierre total,2,0,0,1,1.0,Choque,no determinada,6513_0_46,20.0,6.0
Casanare,2018-03-22 19:52:00,46,284.0,2018-03-18 05:00:00,domingo,0,Sol,Seca y limpia,Plano,Terraplen,Recta,Cierre total,2,0,0,1,1.0,Choque,no determinada,6513_0_46,13.0,13.0
Casanare,2018-03-22 19:55:00,11,350.0,2018-03-20 05:00:00,martes,0,Normal,Seca y limpia,Plano,Terraplen,Recta,Transito normal con precaución,0,0,1,0,1.0,Volcamiento,no determinada,6513_0_11,11.0,13.0
Casanare,2018-04-12 16:27:00,25,200.0,2018-04-07 05:00:00,sabado,40,Normal,Seca y limpia,Plano,Terraplen,Recta,Cierre total,2,0,0,2,1.0,Choque,no determinada,6513_0_25,10.0,16.0
Meta,2017-04-26 18:51:00,61,100.0,2017-03-23 05:00:00,jueves,0,Sol,Seca y limpia,Plano,Terraplen,Recta,Transito normal con precaución,0,0,1,1,1.0,Volcamiento,exceso de velocidad,6508_2_61,8.0,16.0
Meta,2017-04-26 19:04:00,37,800.0,2017-03-23 05:00:00,jueves,0,Niebla,Humeda,Plano,Terraplen,Recta,Transito normal con precaución,0,0,2,0,1.0,Volcamiento,exceso de velocidad,6508_2_37,17.0,7.0
Meta,2017-04-26 19:15:00,8,400.0,2017-04-13 05:00:00,jueves,0,Sol,Seca y limpia,Plano,Terraplen,Recta,Transito normal con precaución,0,0,4,0,1.0,Volcamiento,fallas mecanicas y del sistema electrico,6508_2_8,10.0,14.0
Meta,2017-04-26 19:21:00,59,600.0,2017-03-14 05:00:00,martes,0,Niebla,Seca y limpia,Plano,Terraplen,Recta,Transito normal con precaución,0,0,0,2,1.0,Choque,exceso de velocidad,6605_2_59,17.0,7.0
Meta,2017-05-08 13:59:00,8,400.0,2017-04-13 05:00:00,jueves,0,Sol,Seca y limpia,Plano,Terraplen,Recta,Transito normal con precaución,0,0,4,0,1.0,Volcamiento,fallas mecanicas y del sistema electrico,6508_2_8,14.0,10.0
Meta,2017-05-26 21:37:00,90,100.0,2017-05-23 05:00:00,martes,30,Sol,Seca y limpia,Plano,Terraplen,Recta,Transito normal con precaución,0,0,0,0,1.0,Choque,exceso de velocidad,6508_2_90,11.0,13.0
Meta,2017-05-26 21:53:00,77,400.0,2017-05-06 05:00:00,sabado,0,Sol,Humeda,Plano,Terraplen,Recta,Transito normal con precaución,0,0,0,0,1.0,Volcamiento,exceso de velocidad,6508_2_77,9.0,15.0
Meta,2017-07-14 18:36:00,50,400.0,2017-06-04 05:00:00,domingo,30,Seca,Seca y limpia,Plano,Terraplen,Curva Izquierda,Transito normal con precaución,0,0,1,0,1.0,Choque,exceso de velocidad,6508_2_50,19.0,5.0
Meta,2017-08-23 18:17:00,46,0.0,2017-08-03 05:00:00,jueves,30,Seca,Humeda,Plano,Terraplen,Curva Derecha,Transito normal con precaución,0,0,0,0,1.0,Volcamiento,imprudencia del conductor,6508_2_46,19.0,5.0
Meta,2017-09-26 20:25:00,71,0.0,2017-08-30 05:00:00,miercoles,0,Normal,Seca y limpia,Plano,Terraplen,Curva Derecha,Transito normal con precaución,0,0,1,0,1.0,Choque,exceso de velocidad,6508_2_71,4.0,20.0
Meta,2017-12-06 14:36:00,74,300.0,2017-11-06 05:00:00,lunes,30,Sol,Seca y limpia,Plano,Terraplen,Curva Izquierda,Transito normal con precaución,0,0,1,0,1.0,Volcamiento,fallas mecanicas y del sistema electrico,6508_2_74,13.0,11.0
Meta,2017-12-06 14:41:00,79,0.0,2017-10-16 05:00:00,lunes,30,Sol,Seca y limpia,Plano,Terraplen,Recta,Transito normal con precaución,0,0,1,0,1.0,Volcamiento,exceso de velocidad,6508_2_79,9.0,15.0
Meta,2018-01-31 19:06:00,15,500.0,2017-12-11 05:00:00,lunes,15,Normal,Seca y limpia,Plano,Terraplen,Curva Izquierda,Transito normal con precaución,0,0,19,0,1.0,Salida de la vía sin volcarse,exceso de velocidad,6508_2_15,13.0,11.0
Meta,2018-02-14 16:15:00,42,0.0,2018-01-31 05:00:00,miercoles,30,Seca,Seca y limpia,Plano,Terraplen,Recta,Transito normal con precaución,0,0,0,3,1.0,Choque,fallas mecanicas y del sistema electrico,6508_2_42,15.0,9.0
Meta,2018-02-14 16:23:00,78,500.0,2018-01-08 05:00:00,lunes,50,Seca,Seca y limpia,Plano,Terraplen,Recta,Transito normal con precaución,0,0,1,0,1.0,Atropello,exceso de velocidad,6508_2_78,12.0,12.0
Meta,2018-04-10 15:19:00,81,800.0,2018-02-09 05:00:00,viernes,0,Seca,Seca y limpia,Plano,Terraplen,Recta,Transito normal con precaución,0,0,0,0,1.0,Salida de la vía sin volcarse,exceso de velocidad,6508_2_81,14.0,10.0
Meta,2018-04-10 15:24:00,43,500.0,2018-03-20 05:00:00,martes,0,Seca,Seca y limpia,Plano,Terraplen,Recta,Transito normal con precaución,0,0,2,0,1.0,Choque,exceso de velocidad,6508_1_43,13.0,11.0
Meta,2017-06-07 22:24:00,16,750.0,2017-02-16 05:00:00,jueves,30,Normal,Seca y limpia,Plano,Terraplen,Curva Izquierda,Transito normal con precaución,0,0,0,0,1.0,Salida de la vía sin volcarse,exceso de velocidad,6507_0_16,15.0,9.0
Meta,2017-06-23 14:50:00,24,0.0,2017-02-25 05:00:00,sabado,10,Normal,Seca y limpia,Plano,Terraplen,Recta,Transito normal con precaución,0,0,0,0,1.0,Salida de la vía sin volcarse,exceso de velocidad,6507_0_24,16.0,8.0
Meta,2017-07-26 15:28:00,52,20.0,2017-01-18 05:00:00,miercoles,30,Normal,Seca y limpia,Plano,Terraplen,Recta,Transito normal con precaución,0,0,0,1,1.0,Atropello,embriaguez o sustancias alucinogenas,6507_0_52,13.0,11.0
Meta,2017-07-26 15:38:00,80,250.0,2017-06-28 05:00:00,miercoles,0,Normal,Seca y limpia,Plano,Terraplen,Recta,Transito normal con precaución,0,0,0,0,1.0,Atropello,condiciones de la via y factores ambientales,6507_0_80,13.0,11.0
Meta,2017-07-26 15:41:00,0,300.0,2017-07-01 05:00:00,sabado,0,Lluvia,Humeda,Plano,Terraplen,Recta,Transito normal con precaución,0,0,1,0,1.0,Volcamiento,exceso de velocidad,6507_0_0,5.0,19.0
Meta,2017-09-14 13:56:00,10,450.0,2017-08-29 05:00:00,martes,0,Seca,Seca y limpia,Plano,Terraplen,Recta,Transito normal con precaución,0,0,0,1,1.0,Choque,no determinada,6507_0_10,7.0,17.0
Meta,2017-10-03 22:43:00,92,400.0,2017-09-03 05:00:00,domingo,0,Sol,Seca y limpia,Plano,Terraplen,Recta,Transito normal con precaución,0,0,2,0,1.0,Salida de la vía sin volcarse,embriaguez o sustancias alucinogenas,6507_0_92,4.0,20.0
Meta,2017-11-07 16:12:00,16,80.0,2017-10-14 05:00:00,sabado,0,Sol,Seca y limpia,Plano,Terraplen,Curva Derecha,Transito normal con precaución,0,0,0,1,1.0,Choque,maniobras imprudentes,6507_0_16,15.0,9.0
Meta,2017-11-07 16:14:00,69,300.0,2017-10-14 05:00:00,sabado,0,Sol,Seca y limpia,Plano,Terraplen,Recta,Transito normal con precaución,0,0,2,0,1.0,Volcamiento,defectos fisicos y psiquicos,6507_0_69,14.0,10.0
Meta,2018-01-03 18:36:00,86,400.0,2017-12-02 05:00:00,sabado,30,Normal,Seca y limpia,Plano,Terraplen,Recta,Transito normal con precaución,0,0,5,0,1.0,Salida de la vía sin volcarse,adelantamientos indebidos,6507_0_86,18.0,6.0
Meta,2018-01-03 18:38:00,31,700.0,2017-12-09 05:00:00,sabado,0,Normal,Seca y limpia,Plano,Terraplen,Recta,Transito normal con precaución,0,0,0,2,1.0,Choque,embriaguez o sustancias alucinogenas,6507_0_31,17.0,7.0
Meta,2018-01-03 18:40:00,82,200.0,2017-12-18 05:00:00,lunes,0,Normal,Seca y limpia,Plano,Terraplen,Recta,Transito normal con precaución,0,0,1,0,1.0,Salida de la vía sin volcarse,defectos fisicos y psiquicos,6507_0_82,10.0,14.0
Caquetá,2017-05-10 13:59:00,9,910.0,2017-01-29 05:00:00,domingo,0,Seca,Seca y limpia,Plano,Terraplen,Recta,Transito normal con precaución,0,0,0,1,1.0,Atropello,imprudencia del conductor,6504_0_9,11.0,13.0
Caquetá,2018-03-23 14:08:00,9,94.0,2018-02-22 05:00:00,jueves,0,Normal,Seca y limpia,Ondulado,Terraplen,Recta,Transito normal con precaución,0,0,0,0,1.0,Choque,embriaguez o sustancias alucinogenas,6504_0_9,19.0,5.0
Caquetá,2018-03-23 14:08:00,9,94.0,2018-02-22 05:00:00,jueves,0,Normal,Seca y limpia,Ondulado,Terraplen,Recta,Transito normal con precaución,0,0,0,0,1.0,Choque,embriaguez o sustancias alucinogenas,6504_0_9,22.0,2.0
Caquetá,2017-05-10 13:39:00,56,120.0,2017-01-13 05:00:00,viernes,30,Seca,Seca y limpia,Plano,Terraplen,Recta,Transito normal con precaución,0,0,1,0,1.0,Choque,exceso de velocidad,6504_0_56,18.0,6.0
Caquetá,2017-05-10 13:47:00,70,670.0,2017-01-23 05:00:00,lunes,30,Seca,Seca y limpia,Plano,Terraplen,Recta,Transito normal con precaución,0,0,1,0,1.0,Volcamiento,embriaguez o sustancias alucinogenas,6504_0_70,21.0,3.0
Caquetá,2017-05-10 14:08:00,80,840.0,2017-01-31 05:00:00,martes,0,Lluvia,Humeda,Plano,Terraplen,Recta,Transito normal con precaución,0,0,1,0,1.0,Choque,imprudencia del conductor,6504_0_80,8.0,16.0
Caquetá,2017-06-22 16:38:00,28,0.0,2017-05-03 05:00:00,miercoles,30,Lluvia,Humeda,Plano,Terraplen,Curva Izquierda,Transito normal con precaución,0,0,0,0,1.0,Volcamiento,imprudencia del conductor,6503_1_28,23.0,1.0
Caquetá,2017-05-10 15:01:00,75,750.0,2017-02-19 05:00:00,domingo,30,Seca,Seca y limpia,Plano,Terraplen,Recta,Transito normal con precaución,0,0,2,0,1.0,Salida de la vía sin volcarse,fallas mecanicas y del sistema electrico,6504_0_75,16.0,8.0
Caquetá,2017-05-10 15:44:00,53,240.0,2017-02-20 05:00:00,lunes,50,Seca,Seca y limpia,Plano,Terraplen,Recta,Transito normal con precaución,0,0,0,0,1.0,Choque,imprudencia del conductor,6504_0_53,23.0,1.0
Caquetá,2017-05-10 16:13:00,25,20.0,2017-03-10 05:00:00,viernes,50,Sol,Seca y limpia,Plano,Cajón,Recta,Transito normal con precaución,0,0,0,0,1.0,Volcamiento,exceso de velocidad,6504_0_25,15.0,9.0
Caquetá,2017-05-10 21:33:00,24,580.0,2017-04-11 05:00:00,martes,0,Sol,Seca y limpia,Ondulado,Cajón,Recta,Transito normal con precaución,0,0,0,0,1.0,Volcamiento,defectos fisicos y psiquicos,6504_0_24,13.0,11.0
Caquetá,2017-06-02 14:57:00,70,560.0,2017-05-30 05:00:00,martes,0,Seca,Humeda,Ondulado,Cajón,Recta,Transito normal con precaución,0,0,0,0,1.0,Volcamiento,adelantamientos indebidos,6504_0_70,7.0,17.0
Caquetá,2017-07-14 19:53:00,7,300.0,2017-06-11 05:00:00,domingo,0,Seca,Seca y limpia,Plano,Terraplen,Recta,Transito normal con precaución,0,0,0,0,1.0,Salida de la vía sin volcarse,no determinada,6504_0_7,19.0,5.0
Caquetá,2017-08-04 13:22:00,45,880.0,2017-07-24 05:00:00,lunes,20,Sol,Seca y limpia,Plano,Cajón,Recta,Transito normal con precaución,0,0,1,0,1.0,Salida de la vía sin volcarse,embriaguez o sustancias alucinogenas,6504_0_45,18.0,6.0
Caquetá,2017-10-04 18:39:00,54,140.0,2017-09-03 05:00:00,domingo,46,Normal,Seca y limpia,Ondulado,Media Ladera Derecha,Curva Izquierda,Parcial con paso alternado,0,0,0,0,1.0,Choque,embriaguez o sustancias alucinogenas,6504_0_54,8.0,16.0
Caquetá,2017-11-02 19:50:00,70,400.0,2017-10-06 05:00:00,viernes,35,Sol,Seca y limpia,Ondulado,Cajón,Recta,Transito normal con precaución,0,0,1,0,1.0,Volcamiento,embriaguez o sustancias alucinogenas,6504_0_70,5.0,19.0
Caquetá,2017-12-07 20:31:00,55,160.0,2017-11-07 05:00:00,martes,30,Sol,Seca y limpia,Ondulado,Cajón,Recta,Transito normal con precaución,0,0,0,0,1.0,Choque,no determinada,6504_0_55,5.0,19.0
Caquetá,2018-02-07 19:33:00,55,300.0,2018-01-07 05:00:00,domingo,0,Normal,Seca y limpia,Ondulado,Cajón,Recta,Transito normal con precaución,0,0,0,0,1.0,Choque,maniobras imprudentes,6504_0_55,21.0,3.0
Caquetá,2018-02-07 19:09:00,53,310.0,2018-01-02 05:00:00,martes,0,Sol,Seca y limpia,Ondulado,Media ladera Izquierda,Recta,Transito normal con precaución,0,0,2,0,1.0,Choque,desobediencia a normas y senales,6504_0_53,5.0,19.0
Caquetá,2018-02-08 22:19:00,64,960.0,2018-01-08 05:00:00,lunes,36,Sol,Seca y limpia,Plano,Terraplen,Recta,Transito normal con precaución,0,0,0,0,1.0,Choque,embriaguez o sustancias alucinogenas,6504_0_64,1.0,23.0
Caquetá,2018-02-08 22:51:00,18,860.0,2018-01-25 05:00:00,jueves,0,Sol,Seca y limpia,Plano,Terraplen,Recta,Transito normal con precaución,0,0,0,0,1.0,Salida de la vía sin volcarse,defectos fisicos y psiquicos,6504_0_18,9.0,15.0
Caquetá,2018-02-08 22:55:00,54,85.0,2018-01-28 05:00:00,domingo,30,Normal,Seca y limpia,Ondulado,Media ladera Izquierda,Recta,Transito normal con precaución,0,0,0,0,1.0,Choque,desobediencia a normas y senales,6504_0_54,5.0,19.0
Caquetá,2018-02-08 23:02:00,67,370.0,2018-01-31 05:00:00,miercoles,0,Sol,Seca y limpia,Ondulado,Cajón,Recta,Transito normal con precaución,0,0,1,0,1.0,Volcamiento,defectos fisicos y psiquicos,6504_0_67,7.0,17.0
Caquetá,2018-03-23 14:15:00,54,800.0,2018-02-20 05:00:00,martes,30,Seca,Seca y limpia,Ondulado,Media ladera Izquierda,Recta,Transito normal con precaución,0,0,0,0,1.0,Choque,adelantamientos indebidos,6504_0_54,16.0,8.0
Caquetá,2018-04-17 20:19:00,3,97.0,2018-03-13 05:00:00,martes,30,Sol,Seca y limpia,Plano,Terraplen,Recta,Transito normal con precaución,0,0,3,0,1.0,Volcamiento,maniobras imprudentes,6504_0_3,8.0,16.0
Caquetá,2018-04-17 20:45:00,74,350.0,2018-03-18 05:00:00,domingo,30,Normal,Seca y limpia,Ondulado,Cajón,Curva Izquierda,Transito normal con precaución,0,0,2,0,1.0,Choque,maniobras imprudentes,6504_0_74,6.0,18.0
Caquetá,2017-06-22 16:41:00,49,660.0,2017-05-05 05:00:00,viernes,30,Sol,Seca y limpia,Plano,Terraplen,Curva Izquierda,Transito normal con precaución,0,0,0,0,1.0,Volcamiento,fallas mecanicas y del sistema electrico,6503_1_49,10.0,14.0
Caquetá,2018-04-02 19:17:00,54,580.0,2018-02-21 05:00:00,miercoles,0,Seca,Seca y limpia,Ondulado,Terraplen,Curva Derecha,Parcial con reducción de carriles,0,0,0,0,1.0,Volcamiento,no mantener distancia de seguridad,6503_2_54,4.0,20.0
Caquetá,2018-04-02 19:28:00,12,990.0,2018-02-25 05:00:00,domingo,0,Seca,Seca y limpia,Ondulado,Media ladera Izquierda,Curva Derecha,Parcial con reducción de carriles,0,0,0,2,1.0,Choque,exceso de velocidad,6503_2_12,20.0,4.0
Caquetá,2018-04-18 20:52:00,12,990.0,2018-03-03 05:00:00,sabado,0,Seca,Seca y limpia,Ondulado,Media ladera Izquierda,Curva Izquierda,Transito normal con precaución,0,0,3,0,1.0,Volcamiento,desobediencia a normas y senales,6503_2_12,16.0,8.0
Caquetá,2018-04-20 13:35:00,40,500.0,2018-03-29 05:00:00,jueves,30,Seca,Seca y limpia,Ondulado,Media Ladera Derecha,Recta,Transito normal con precaución,0,0,1,0,1.0,Choque,adelantamientos indebidos,6503_2_40,6.0,18.0
Caquetá,2018-01-10 14:05:00,9,800.0,2017-11-24 05:00:00,viernes,0,Seca,Seca y limpia,Plano,Terraplen,Recta,Parcial con reducción de carriles,0,0,2,0,1.0,Choque,maniobras imprudentes,6503_1_9,20.0,4.0
Caquetá,2017-05-11 21:21:00,0,60.0,2017-04-04 05:00:00,martes,20,Seca,Seca y limpia,Plano,Media ladera Izquierda,Recta,Transito normal con precaución,0,0,1,0,1.0,Choque,no mantener distancia de seguridad,6503_1_0,15.0,9.0
Caquetá,2017-05-11 21:24:00,10,860.0,2017-04-08 05:00:00,sabado,0,Seca,Seca y limpia,Plano,Media ladera Izquierda,Curva Izquierda,Transito normal con precaución,0,0,0,0,1.0,Volcamiento,condiciones de la via y factores ambientales,6503_1_10,4.0,20.0
Caquetá,2017-05-11 21:28:00,36,600.0,2017-04-08 05:00:00,sabado,30,Seca,Seca y limpia,Ondulado,Media Ladera Derecha,Curva Izquierda,Transito normal con precaución,0,0,1,0,1.0,Volcamiento,fallas mecanicas y del sistema electrico,6503_1_36,16.0,8.0
Caquetá,2017-05-16 21:22:00,19,850.0,2017-04-10 05:00:00,lunes,30,Seca,Seca y limpia,Plano,Terraplen,Curva Izquierda,Transito normal con precaución,0,0,1,0,1.0,Choque,exceso de velocidad,6503_1_19,20.0,4.0
Caquetá,2017-05-16 21:26:00,1,420.0,2017-04-12 05:00:00,miercoles,40,Seca,Seca y limpia,Plano,Media Ladera Derecha,Recta,Transito normal con precaución,0,0,0,0,1.0,Choque,no mantener distancia de seguridad,6503_1_1,17.0,7.0
Caquetá,2017-05-16 21:45:00,8,250.0,2017-04-12 05:00:00,miercoles,0,Lluvia,Humeda,Ondulado,Cajón,Curva Derecha,Transito normal con precaución,0,0,0,0,1.0,Volcamiento,condiciones de la via y factores ambientales,6503_1_8,8.0,16.0
Caquetá,2017-05-18 20:23:00,56,730.0,2017-04-20 05:00:00,jueves,30,Seca,Seca y limpia,Plano,Terraplen,Recta,Transito normal con precaución,0,0,0,1,1.0,Choque,fallas mecanicas y del sistema electrico,6503_1_56,16.0,8.0
Caquetá,2017-05-18 20:54:00,0,10.0,2017-05-03 05:00:00,miercoles,0,Lluvia,Humeda,Plano,Media ladera Izquierda,Recta,Transito normal con precaución,0,0,1,0,1.0,Choque,no mantener distancia de seguridad,6503_1_0,13.0,11.0
Caquetá,2017-05-18 20:56:00,28,0.0,2017-05-03 05:00:00,miercoles,30,Lluvia,Humeda,Plano,Terraplen,Curva Izquierda,Transito normal con precaución,0,0,0,0,1.0,Volcamiento,imprudencia del conductor,6503_1_28,16.0,8.0
Caquetá,2017-05-18 20:58:00,49,660.0,2017-05-05 05:00:00,viernes,30,Seca,Seca y limpia,Plano,Terraplen,Curva Izquierda,Transito normal con precaución,0,0,0,0,1.0,Volcamiento,fallas mecanicas y del sistema electrico,6503_1_49,9.0,15.0
Caquetá,2017-06-21 21:57:00,15,700.0,2017-06-03 05:00:00,sabado,30,Sol,Seca y limpia,Plano,Media ladera Izquierda,Curva Derecha,Transito normal con precaución,0,0,0,0,1.0,Volcamiento,exceso en horas de conduccion,6503_1_15,7.0,17.0
Caquetá,2017-06-21 22:03:00,3,300.0,2017-06-04 05:00:00,domingo,50,Lluvia,Humeda,Plano,Cajón,Recta,Transito normal con precaución,0,0,0,0,1.0,Volcamiento,condiciones de la via y factores ambientales,6503_1_3,10.0,14.0
Caquetá,2017-06-22 12:38:00,5,620.0,2017-06-15 05:00:00,jueves,0,Lluvia,Humeda,Plano,Media Ladera Derecha,Curva Derecha,Transito normal con precaución,0,0,0,0,1.0,Choque,exceso de velocidad,6503_1_5,15.0,9.0
Caquetá,2017-06-22 12:51:00,35,350.0,2017-05-23 05:00:00,martes,20,Seca,Otra,Plano,Terraplen,Recta,Transito normal con precaución,0,0,0,0,1.0,Choque,no mantener distancia de seguridad,6503_1_35,9.0,15.0
Caquetá,2017-06-22 16:34:00,0,10.0,2017-05-03 05:00:00,miercoles,0,Lluvia,Humeda,Plano,Cajón,Recta,Transito normal con precaución,0,0,0,0,1.0,Choque,no mantener distancia de seguridad,6503_1_0,11.0,13.0
Caquetá,2017-09-14 20:40:00,8,350.0,2017-08-12 05:00:00,sabado,0,Lluvia,Humeda,Ondulado,Terraplen,Curva Derecha,Parcial con reducción de carriles,0,0,0,0,1.0,Choque,fallas mecanicas y del sistema electrico,6503_1_8,18.0,6.0
Caquetá,2017-09-14 20:43:00,71,520.0,2017-08-13 05:00:00,domingo,0,Sol,Seca y limpia,Ondulado,Terraplen,Curva Derecha,Transito normal con precaución,0,0,0,1,1.0,Choque,no determinada,6503_1_71,18.0,6.0
Caquetá,2017-09-14 20:49:00,92,830.0,2017-08-20 05:00:00,domingo,0,Sol,Seca y limpia,Plano,Cajón,Curva Izquierda,Cierre total,2,0,0,1,1.0,Choque,conducta de pasajeros,6503_1_92,20.0,6.0
Caquetá,2017-10-17 20:40:00,10,460.0,2017-09-13 05:00:00,miercoles,34,Lluvia,Humeda,Plano,Media ladera Izquierda,Recta,Parcial con reducción de carriles,0,0,0,1,1.0,Choque,maniobras imprudentes,6503_1_10,20.0,4.0
Caquetá,2017-10-17 20:44:00,4,320.0,2017-09-27 05:00:00,miercoles,0,Normal,Seca y limpia,Plano,Media Ladera Derecha,Recta,Parcial con reducción de carriles,0,0,0,0,1.0,Incendio,fallas mecanicas y del sistema electrico,6503_1_4,9.0,15.0
Caquetá,2018-01-10 13:49:00,8,250.0,2017-11-09 05:00:00,jueves,20,Seca,Seca y limpia,Ondulado,Cajón,Curva Derecha,Transito normal con precaución,0,0,0,0,1.0,Volcamiento,fallas mecanicas y del sistema electrico,6503_1_8,0.0,0.0
Caquetá,2018-01-10 13:53:00,20,230.0,2017-11-09 05:00:00,jueves,45,Seca,Seca y limpia,Plano,Terraplen,Curva Derecha,Transito normal con precaución,0,0,0,1,1.0,Choque,defectos fisicos y psiquicos,6503_1_20,23.0,1.0
Caquetá,2018-01-10 13:56:00,42,620.0,2017-11-12 05:00:00,domingo,0,Seca,Seca y limpia,Plano,Terraplen,Recta,Transito normal con precaución,0,0,3,0,1.0,Salida de la vía sin volcarse,maniobras imprudentes,6503_1_42,11.0,13.0
Caquetá,2018-01-10 13:59:00,79,810.0,2017-11-16 05:00:00,jueves,30,Seca,Seca y limpia,Plano,Terraplen,Recta,Transito normal con precaución,0,0,1,0,1.0,Volcamiento,fallas mecanicas y del sistema electrico,6503_1_79,17.0,7.0
Caquetá,2018-01-10 14:01:00,4,630.0,2017-11-17 05:00:00,viernes,30,Sol,Seca y limpia,Plano,Terraplen,Recta,Transito normal con precaución,0,0,0,0,1.0,Salida de la vía sin volcarse,desobediencia a normas y senales,6503_1_4,20.0,4.0
Caquetá,2018-01-10 14:10:00,51,980.0,2017-12-15 05:00:00,viernes,40,Seca,Seca y limpia,Ondulado,Terraplen,Curva Derecha,Transito normal con precaución,0,0,0,1,1.0,Choque,exceso de velocidad,6503_1_51,11.0,13.0
Caquetá,2018-01-10 14:14:00,60,160.0,2017-12-15 05:00:00,viernes,30,Seca,Seca y limpia,Ondulado,Media ladera Izquierda,Curva Izquierda,Transito normal con precaución,0,0,0,0,1.0,Choque,desobediencia a normas y senales,6503_1_60,7.0,17.0
Caquetá,2018-01-16 14:47:00,61,420.0,2017-12-17 05:00:00,domingo,0,Seca,Seca y limpia,Plano,Media ladera Izquierda,Recta,Transito normal con precaución,0,0,2,0,1.0,Choque,maniobras imprudentes,6503_1_61,20.0,4.0
Caquetá,2018-02-08 18:42:00,11,110.0,2018-01-08 05:00:00,lunes,0,Seca,Seca y limpia,Ondulado,Media ladera Izquierda,Curva Derecha,Transito normal con precaución,0,0,0,0,1.0,Volcamiento,maniobras imprudentes,6503_1_11,13.0,11.0
Caquetá,2018-02-08 18:45:00,14,620.0,2018-01-08 05:00:00,lunes,0,Seca,Seca y limpia,Ondulado,Media ladera Izquierda,Recta,Transito normal con precaución,0,0,0,1,1.0,Choque,maniobras imprudentes,6503_1_14,23.0,1.0
Caquetá,2018-02-08 18:49:00,15,600.0,2018-01-08 05:00:00,lunes,30,Seca,Seca y limpia,Ondulado,Media ladera Izquierda,Curva Izquierda,Transito normal con precaución,0,0,0,1,1.0,Choque,maniobras imprudentes,6503_1_15,18.0,6.0
Caquetá,2018-02-08 18:51:00,58,510.0,2018-01-11 05:00:00,jueves,0,Seca,Seca y limpia,Ondulado,Cajón,Recta,Transito normal con precaución,0,0,0,0,1.0,Choque,no mantener distancia de seguridad,6503_1_58,5.0,19.0
Caquetá,2018-02-13 21:39:00,59,360.0,2018-01-18 05:00:00,jueves,30,Lluvia,Humeda,Ondulado,Terraplen,Recta,Transito normal con precaución,0,0,0,1,1.0,Volcamiento,fallas mecanicas y del sistema electrico,6503_1_59,14.0,10.0
Caquetá,2018-02-20 13:59:00,45,440.0,2018-02-01 05:00:00,jueves,30,Seca,Seca y limpia,Ondulado,Media ladera Izquierda,Curva Izquierda,Transito normal con precaución,0,0,0,1,1.0,Choque,no mantener distancia de seguridad,6503_1_45,13.0,11.0
Caquetá,2018-02-20 13:59:00,45,440.0,2018-02-01 05:00:00,jueves,30,Seca,Seca y limpia,Ondulado,Media ladera Izquierda,Curva Izquierda,Transito normal con precaución,0,0,0,1,1.0,Choque,no mantener distancia de seguridad,6503_1_45,12.0,12.0
Caquetá,2018-02-20 15:07:00,73,650.0,2018-02-06 05:00:00,martes,50,Seca,Seca y limpia,Plano,Terraplen,Recta,Transito normal con precaución,0,0,0,0,1.0,Volcamiento,no determinada,6503_1_73,8.0,16.0
Caquetá,2018-04-02 18:41:00,0,540.0,2018-02-19 05:00:00,lunes,30,Seca,Seca y limpia,Ondulado,Media ladera Izquierda,Recta,Transito normal con precaución,0,0,0,0,1.0,Volcamiento,fallas mecanicas y del sistema electrico,6503_1_0,7.0,17.0
Caquetá,2018-04-18 20:55:00,52,580.0,2018-03-03 05:00:00,sabado,0,Seca,Seca y limpia,Ondulado,Media ladera Izquierda,Curva Izquierda,Transito normal con precaución,0,0,0,0,1.0,Choque,maniobras imprudentes,6503_1_52,17.0,7.0
Caquetá,2018-04-18 21:23:00,52,489.0,2018-03-22 05:00:00,jueves,0,Lluvia,Humeda,Ondulado,Media ladera Izquierda,Curva Derecha,Transito normal con precaución,0,0,0,0,1.0,Choque,maniobras imprudentes,6503_1_52,23.0,1.0