territorial,fecha_registro,pr,distancia_pr,fecha_acc,dia_semana_acc,min_acc,condic_meteor,estado_super,terreno,secc_tip,geometria_acc,tipo_cierre,horas_cierre,min_cierre,n_heridos,n_muertos,n_victimas,clase_accidente,causa_posible,ref_loc,hora_acc,duracion_cierre_horas
Caquetá,2017-05-17 22:09:00,28,600.0,2017-04-21 05:00:00,viernes,15,Lluvia,Humeda,Ondulado,Terraplen,Recta,Transito normal con precaución,0,0,1,0,1.0,Choque,condiciones de la via y factores ambientales,6502_2_28,18.0,6.0
Caquetá,2017-05-17 22:38:00,15,450.0,2017-05-05 05:00:00,viernes,55,Lluvia,Humeda,Ondulado,Terraplen,Recta,Transito normal con precaución,0,0,8,0,1.0,Volcamiento,exceso de velocidad,6502_2_15,3.0,21.0
Caquetá,2017-05-20 15:48:00,43,810.0,2017-05-12 05:00:00,viernes,30,Sol,Seca y limpia,Ondulado,Media ladera Izquierda,Curva Izquierda,Transito normal con precaución,0,0,1,0,1.0,Choque,estacionamiento y senalizacion imprudente,6502_2_43,6.0,18.0
Caquetá,2017-06-21 22:50:00,34,920.0,2017-05-26 05:00:00,viernes,55,Lluvia,Humeda,Ondulado,Terraplen,Curva Izquierda,Transito normal con precaución,0,0,0,0,1.0,Choque,no determinada,6502_2_34,15.0,9.0
Caquetá,2017-06-21 22:58:00,32,220.0,2017-06-02 05:00:00,viernes,20,Sol,Seca y limpia,Ondulado,Media Ladera Derecha,Curva Derecha,Cierre total,3,0,0,2,1.0,Choque,no determinada,6502_2_32,18.0,9.0
Caquetá,2017-06-21 23:03:00,20,12.0,2017-06-11 05:00:00,domingo,30,Sol,Seca y limpia,Ondulado,Media ladera Izquierda,Recta,Transito normal con precaución,0,0,3,0,1.0,Volcamiento,exceso de velocidad,6502_2_20,8.0,16.0
Caquetá,2017-06-21 23:09:00,18,385.0,2017-06-19 05:00:00,lunes,15,Normal,Seca y limpia,Plano,Terraplen,Recta,Transito normal con precaución,0,0,5,0,1.0,Volcamiento,fallas mecanicas y del sistema electrico,6502_2_18,4.0,20.0
Caquetá,2017-07-06 20:33:00,35,350.0,2017-06-30 05:00:00,viernes,45,Lluvia,Humeda,Ondulado,Media ladera Izquierda,Curva Izquierda,Transito normal con precaución,0,0,7,0,1.0,Salida de la vía sin volcarse,fallas mecanicas y del sistema electrico,6502_2_35,22.0,2.0
Caquetá,2017-07-06 20:37:00,7,750.0,2017-07-02 05:00:00,domingo,5,Seca,Seca y limpia,Ondulado,Terraplen,Curva Izquierda,Transito normal con precaución,0,0,1,0,1.0,Choque,exceso de velocidad,6502_2_7,17.0,7.0
Caquetá,2017-07-15 15:08:00,17,548.0,2017-07-15 05:00:00,sabado,40,Sol,Seca y limpia,Plano,Terraplen,Recta,Transito normal con precaución,0,0,1,0,1.0,Choque,exceso en horas de conduccion,6502_2_17,17.0,7.0
Caquetá,2017-07-17 20:27:00,32,785.0,2017-07-16 05:00:00,domingo,0,Sol,Seca y limpia,Ondulado,Media ladera Izquierda,Curva Izquierda,Parcial con paso alternado,1,0,0,1,1.0,Choque,exceso de velocidad,6502_2_32,17.0,8.0
Caquetá,2017-07-26 21:14:00,32,770.0,2017-07-24 05:00:00,lunes,15,Seca,Seca y limpia,Ondulado,Media ladera Izquierda,Curva Izquierda,Transito normal con precaución,0,0,0,0,1.0,Choque,exceso de velocidad,6502_2_32,5.0,19.0
Caquetá,2017-07-27 20:07:00,37,750.0,2017-07-18 05:00:00,martes,30,Lluvia,Humeda,Plano,Terraplen,Recta,Transito normal con precaución,0,0,1,0,1.0,Choque,maniobras imprudentes,6502_2_37,15.0,9.0
Caquetá,2017-08-30 13:53:00,12,7.0,2017-08-20 05:00:00,domingo,0,Sol,Seca y limpia,Ondulado,Media Ladera Derecha,Curva Izquierda,Transito normal con precaución,0,0,0,1,1.0,Choque,no determinada,6502_2_12,13.0,11.0
Caquetá,2017-09-21 15:58:00,32,930.0,2017-09-12 05:00:00,martes,30,Sol,Seca y limpia,Ondulado,Media ladera Izquierda,Curva Derecha,Transito normal con precaución,0,0,1,0,1.0,Choque,exceso de velocidad,6502_2_32,16.0,8.0
Caquetá,2017-10-02 16:58:00,50,340.0,2017-09-20 05:00:00,miercoles,25,Sol,Seca y limpia,Ondulado,Media ladera Izquierda,Recta,Transito normal con precaución,0,0,2,0,1.0,Choque,imprudencia del conductor,6502_2_50,8.0,16.0
Caquetá,2017-10-02 17:02:00,54,480.0,2017-09-20 05:00:00,miercoles,30,Seca,Seca y limpia,Plano,Terraplen,Recta,Transito normal con precaución,0,0,1,0,1.0,Choque,no determinada,6502_2_54,12.0,12.0
Caquetá,2017-10-19 13:18:00,25,680.0,2017-10-08 05:00:00,domingo,20,Sol,Seca y limpia,Ondulado,Terraplen,Curva Derecha,Transito normal con precaución,0,0,1,2,1.0,Choque,exceso de velocidad,6502_2_25,13.0,11.0
Caquetá,2017-10-24 14:34:00,11,215.0,2017-10-22 05:00:00,domingo,30,Seca,Seca y limpia,Plano,Terraplen,Recta,Transito normal con precaución,0,0,1,0,1.0,Choque,fallas mecanicas y del sistema electrico,6502_2_11,8.0,16.0
Caquetá,2017-10-24 14:38:00,52,670.0,2017-10-23 05:00:00,lunes,30,Lluvia,Humeda,Ondulado,Terraplen,Curva Izquierda,Transito normal con precaución,0,0,0,0,1.0,Atropello,condiciones de la via y factores ambientales,6502_2_52,2.0,22.0
Caquetá,2017-11-22 22:45:00,49,440.0,2017-11-08 05:00:00,miercoles,15,Sol,Seca y limpia,Plano,Terraplen,Curva Derecha,Transito normal con precaución,0,0,2,1,1.0,Choque,no determinada,6502_2_49,0.0,0.0
Caquetá,2017-12-05 16:23:00,21,400.0,2017-11-28 05:00:00,martes,30,Sol,Seca y limpia,Ondulado,Terraplen,Curva Izquierda,Transito normal con precaución,0,0,1,1,1.0,Choque,exceso de velocidad,6502_2_21,22.0,2.0
Caquetá,2018-01-03 17:27:00,55,595.0,2017-12-14 05:00:00,jueves,35,Sol,Seca y limpia,Plano,Terraplen,Curva Derecha,Transito normal con precaución,0,0,2,1,1.0,Choque,imprudencia del conductor,6502_2_55,21.0,3.0
Caquetá,2018-01-04 13:56:00,55,800.0,2017-12-19 05:00:00,martes,50,Normal,Seca y limpia,Ondulado,Terraplen,Recta,Transito normal con precaución,0,0,1,0,1.0,Choque,embriaguez o sustancias alucinogenas,6502_2_55,12.0,12.0
Caquetá,2018-01-12 22:53:00,28,800.0,2018-01-05 05:00:00,viernes,0,Sol,Seca y limpia,Plano,Media ladera Izquierda,Curva Izquierda,Transito normal con precaución,0,0,2,0,1.0,Volcamiento,exceso de velocidad,6502_2_28,23.0,1.0
Caquetá,2018-01-16 20:19:00,30,572.0,2018-01-01 05:00:00,lunes,40,Seca,Seca y limpia,Ondulado,Media Ladera Derecha,Recta,Transito normal con precaución,0,0,0,0,1.0,Salida de la vía sin volcarse,embriaguez o sustancias alucinogenas,6502_2_30,3.0,21.0
Caquetá,2018-02-28 21:09:00,18,600.0,2018-02-18 05:00:00,domingo,50,Normal,Seca y limpia,Ondulado,Media ladera Izquierda,Recta,Transito normal con precaución,0,0,1,0,1.0,Atropello,maniobras imprudentes,6502_2_18,9.0,15.0
Caquetá,2018-02-28 21:09:00,18,600.0,2018-02-18 05:00:00,domingo,50,Normal,Seca y limpia,Ondulado,Media ladera Izquierda,Recta,Transito normal con precaución,0,0,1,0,1.0,Atropello,maniobras imprudentes,6502_2_18,12.0,12.0
Caquetá,2018-03-09 20:43:00,8,950.0,2018-02-21 05:00:00,miercoles,50,Sol,Seca y limpia,Ondulado,Cajón,Curva Derecha,Transito normal con precaución,0,0,0,1,1.0,Choque,adelantamientos indebidos,6502_2_8,20.0,4.0
Caquetá,2018-04-03 17:00:00,44,560.0,2018-03-07 05:00:00,miercoles,45,Normal,Seca y limpia,Ondulado,Terraplen,Curva Izquierda,Transito normal con precaución,0,0,1,0,1.0,Volcamiento,defectos fisicos y psiquicos,6502_2_44,20.0,4.0
Caquetá,2018-04-03 17:01:00,44,560.0,2018-03-07 05:00:00,miercoles,45,Normal,Seca y limpia,Ondulado,Terraplen,Curva Izquierda,Transito normal con precaución,0,0,1,0,1.0,Volcamiento,defectos fisicos y psiquicos,6502_2_44,23.0,1.0
Caquetá,2018-04-03 17:05:00,34,350.0,2018-03-11 05:00:00,domingo,30,Normal,Seca y limpia,Ondulado,Terraplen,Recta,Transito normal con precaución,0,0,0,0,1.0,Choque,condiciones de la via y factores ambientales,6502_2_34,6.0,18.0
Caquetá,2018-04-03 17:10:00,42,305.0,2018-03-21 05:00:00,miercoles,27,Sol,Seca y limpia,Ondulado,Terraplen,Curva Derecha,Transito normal con precaución,0,0,2,0,1.0,Choque,no determinada,6502_2_42,21.0,3.0
Caquetá,2018-04-03 17:10:00,42,305.0,2018-03-21 05:00:00,miercoles,27,Sol,Seca y limpia,Ondulado,Terraplen,Curva Derecha,Transito normal con precaución,0,0,2,0,1.0,Choque,no determinada,6502_2_42,8.0,16.0
Caquetá,2018-04-23 13:39:00,21,320.0,2018-04-04 05:00:00,miercoles,50,Normal,Seca y limpia,Plano,Media ladera Izquierda,Recta,Transito normal con precaución,0,0,1,0,1.0,Salida de la vía sin volcarse,no determinada,6502_2_21,20.0,4.0
Caquetá,2018-04-26 15:44:00,47,70.0,2018-04-16 05:00:00,lunes,0,Seca,Seca y limpia,Plano,Terraplen,Recta,Transito normal con precaución,0,0,1,0,1.0,Volcamiento,no determinada,6502_2_47,11.0,13.0
Caquetá,2018-04-03 17:08:00,25,780.0,2018-03-19 05:00:00,lunes,45,Seca,Seca y limpia,Ondulado,Terraplen,Recta,Transito normal con precaución,0,0,0,0,1.0,Choque,no determinada,6502_1_25,13.0,11.0
Caquetá,2018-04-26 15:40:00,37,470.0,2018-04-11 05:00:00,miercoles,45,Lluvia,Humeda,Plano,Terraplen,Recta,Transito normal con precaución,0,0,4,0,1.0,Choque,imprudencia del conductor,6502_1_37,1.0,23.0
Caquetá,2018-01-22 19:22:00,99,600.0,2018-01-14 05:00:00,domingo,0,Normal,Seca y limpia,Plano,Media ladera Izquierda,Recta,Transito normal con precaución,0,0,0,1,1.0,Atropello,no determinada,6501_0_99,11.0,13.0
Caquetá,2017-08-30 14:00:00,95,50.0,2017-08-20 05:00:00,domingo,15,Seca,Seca y limpia,Plano,Cajón,Recta,Transito normal con precaución,0,0,0,1,1.0,Choque,condiciones de la via y factores ambientales,6501_0_95,12.0,12.0
Putumayo,2017-11-17 15:12:00,5,720.0,2017-10-26 05:00:00,jueves,30,Sol,Otra,Plano,Terraplen,Recta,Transito normal con precaución,0,0,0,0,1.0,Salida de la vía sin volcarse,no determinada,6501_0_5,17.0,7.0
Boyacá,2017-05-23 21:40:00,60,600.0,2017-05-13 05:00:00,sabado,30,Lluvia,Humeda,Montañoso,Media Ladera Derecha,Curva Izquierda,Transito normal con precaución,0,0,0,0,1.0,Volcamiento,fallas mecanicas y del sistema electrico,6404_0_60,11.0,13.0
Boyacá,2017-06-23 15:17:00,91,600.0,2017-06-04 05:00:00,domingo,0,Niebla,Humeda,Ondulado,Terraplen,Curva Izquierda,Transito normal con precaución,0,0,0,0,1.0,Volcamiento,embriaguez o sustancias alucinogenas,6404_0_91,0.0,0.0
Boyacá,2017-07-06 22:42:00,3,180.0,2017-06-29 05:00:00,jueves,0,Lluvia,Humeda,Plano,Terraplen,Recta,Parcial con reducción de carriles,0,0,0,0,1.0,Choque,condiciones de la via y factores ambientales,6404_0_3,23.0,1.0
Boyacá,2017-07-14 15:15:00,21,320.0,2017-07-12 05:00:00,miercoles,40,Seca,Seca y limpia,Plano,Media Ladera Derecha,Curva Izquierda,Parcial con reducción de carriles,3,0,0,0,1.0,Choque,imprudencia del conductor,6404_0_21,12.0,15.0
Boyacá,2017-09-12 15:23:00,38,200.0,2017-08-20 05:00:00,domingo,0,Seca,Seca y limpia,Plano,Media ladera Izquierda,Recta,Transito normal con precaución,0,0,0,1,1.0,Choque,embriaguez o sustancias alucinogenas,6404_0_38,2.0,22.0
Boyacá,2017-09-12 15:27:00,29,150.0,2017-08-30 05:00:00,miercoles,0,Sol,Seca y limpia,Plano,Terraplen,Recta,Parcial con reducción de carriles,1,0,0,0,1.0,Choque,no determinada,6404_0_29,16.0,9.0
Boyacá,2017-09-12 15:35:00,27,7.0,2017-09-03 05:00:00,domingo,0,Seca,Seca y limpia,Plano,Terraplen,Recta,Transito normal con precaución,0,0,0,0,1.0,Choque,no determinada,6404_0_27,4.0,20.0
Boyacá,2017-09-12 16:35:00,13,794.0,2017-09-04 05:00:00,lunes,30,Seca,Seca y limpia,Ondulado,Terraplen,Curva Izquierda,Transito normal con precaución,0,0,0,0,1.0,Salida de la vía sin volcarse,imprudencia del conductor,6404_0_13,13.0,11.0
Boyacá,2017-09-12 16:49:00,29,834.0,2017-09-06 05:00:00,miercoles,30,Sol,Seca y limpia,Escarpado,Media Ladera Derecha,Curva Izquierda,Parcial con reducción de carriles,1,0,0,0,1.0,Choque,no determinada,6404_0_29,2.0,23.0
Boyacá,2017-09-11 16:51:00,1,570.0,2017-08-18 05:00:00,viernes,30,Seca,Seca y limpia,Plano,Terraplen,Curva Derecha,Transito normal con precaución,0,0,0,0,1.0,Salida de la vía sin volcarse,exceso de velocidad,6404_0_1,7.0,17.0
Boyacá,2017-10-02 14:51:00,19,900.0,2017-08-19 05:00:00,sabado,0,Lluvia,Humeda,Plano,Media ladera Izquierda,Curva Derecha,Parcial con reducción de carriles,1,30,0,0,1.0,Choque,no determinada,6404_0_19,6.0,19.0
Boyacá,2017-10-02 14:59:00,12,943.0,2017-10-01 05:00:00,domingo,0,Seca,Seca y limpia,Plano,Media ladera Izquierda,Recta,Parcial con reducción de carriles,0,30,2,0,1.0,Volcamiento,defectos fisicos y psiquicos,6404_0_12,9.0,15.0
Boyacá,2017-10-02 16:33:00,20,800.0,2017-09-22 05:00:00,viernes,30,Seca,Seca y limpia,Plano,Media ladera Izquierda,Curva Derecha,Parcial con paso alternado,2,30,0,0,1.0,Choque,imprudencia del conductor,6404_0_20,22.0,4.0
Boyacá,2017-12-05 14:18:00,33,390.0,2017-11-30 05:00:00,jueves,40,Lluvia,Humeda,Ondulado,Media ladera Izquierda,Curva Izquierda,Transito normal con precaución,0,0,0,0,1.0,Choque,no determinada,6404_0_33,4.0,20.0
Boyacá,2017-12-05 14:26:00,23,415.0,2017-12-01 05:00:00,viernes,45,Lluvia,Humeda,Ondulado,Media ladera Izquierda,Curva Derecha,Cierre total,2,0,0,1,1.0,Choque,adelantamientos indebidos,6404_0_23,19.0,7.0
Boyacá,2017-12-05 14:42:00,38,400.0,2017-11-15 05:00:00,miercoles,30,Lluvia,Humeda,Montañoso,Media ladera Izquierda,Curva Derecha,Parcial con reducción de carriles,2,0,0,0,1.0,Choque,no determinada,6404_0_38,8.0,18.0
Boyacá,2017-12-05 14:52:00,21,185.0,2017-10-11 05:00:00,miercoles,30,Sol,Seca y limpia,Montañoso,Media ladera Izquierda,Curva Izquierda,Cierre total,1,0,0,0,1.0,Choque,imprudencia del conductor,6404_0_21,13.0,12.0
Boyacá,2017-12-18 16:36:00,4,250.0,2017-12-11 05:00:00,lunes,15,Seca,Seca y limpia,Plano,Media Ladera Derecha,Curva Izquierda,Parcial con reducción de carriles,1,0,0,0,1.0,Volcamiento,no determinada,6404_0_4,11.0,14.0
Boyacá,2017-12-18 16:45:00,6,350.0,2017-12-15 05:00:00,viernes,0,Seca,Seca y limpia,Montañoso,Media ladera Izquierda,Curva Izquierda,Parcial con reducción de carriles,1,0,1,0,1.0,Choque,no determinada,6404_0_6,11.0,14.0
Boyacá,2017-12-18 16:53:00,24,480.0,2017-12-16 05:00:00,sabado,25,Sol,Seca y limpia,Montañoso,Terraplen,Curva Derecha,Cierre total,2,0,0,0,1.0,Choque,no determinada,6404_0_24,8.0,18.0
Boyacá,2018-01-10 15:43:00,112,100.0,2017-12-25 05:00:00,lunes,0,Seca,Seca y limpia,Montañoso,Terraplen,Curva Derecha,Transito normal con precaución,0,0,0,0,1.0,Salida de la vía sin volcarse,embriaguez o sustancias alucinogenas,6404_0_112,19.0,5.0
Santander,2018-01-15 16:17:00,0,400.0,2017-12-04 05:00:00,lunes,50,Seca,Seca y limpia,Plano,Terraplen,Recta,Transito normal con precaución,0,0,0,0,1.0,Choque,imprudencia del conductor,62STA_2_0,18.0,6.0
Casanare,2018-04-06 20:57:00,62,500.0,2018-03-05 05:00:00,lunes,30,Normal,Humeda,Montañoso,Media Ladera Derecha,Curva Izquierda,Transito normal con precaución,0,0,0,1,1.0,Caída ocupante,no determinada,6211_2_62,3.0,21.0
Casanare,2018-04-06 21:13:00,60,550.0,2018-03-10 05:00:00,sabado,30,Sol,Seca y limpia,Montañoso,Media Ladera Derecha,Curva Derecha,Transito normal con precaución,0,0,0,1,1.0,Choque,no determinada,6211_2_60,20.0,4.0
Casanare,2018-04-06 21:54:00,60,800.0,2018-03-19 05:00:00,lunes,0,Normal,Seca y limpia,Montañoso,Media Ladera Derecha,Curva Izquierda,Transito normal con precaución,0,0,0,0,1.0,Salida de la vía sin volcarse,no determinada,6211_2_60,4.0,20.0
Casanare,2018-04-06 22:36:00,66,720.0,2018-03-29 05:00:00,jueves,30,Normal,Seca y limpia,Montañoso,Media Ladera Derecha,Curva Derecha,Cierre total,4,0,6,3,1.0,Volcamiento,no determinada,6211_2_66,18.0,10.0
Boyacá,2017-06-05 15:40:00,9,430.0,2017-05-20 05:00:00,sabado,0,Lluvia,Humeda,Escarpado,Media Ladera Derecha,Curva Izquierda,Transito normal con precaución,0,0,1,0,1.0,Salida de la vía sin volcarse,exceso de velocidad,6211_1_9,4.0,20.0
Boyacá,2017-09-13 23:49:00,9,380.0,2017-08-19 05:00:00,sabado,0,Lluvia,Humeda,Escarpado,Media Ladera Derecha,Curva Izquierda,Transito normal con precaución,0,0,1,1,1.0,Caída ocupante,desobediencia a normas y senales,6211_1_9,12.0,12.0
Boyacá,2017-10-10 00:53:00,9,400.0,2017-09-08 05:00:00,viernes,30,Lluvia,Humeda,Ondulado,Media ladera Izquierda,Curva Izquierda,Transito normal con precaución,0,0,0,0,1.0,Salida de la vía sin volcarse,estacionamiento y senalizacion imprudente,6211_1_9,6.0,18.0
Boyacá,2017-07-25 22:15:00,13,650.0,2017-07-22 05:00:00,sabado,30,Lluvia,Humeda,Escarpado,Media ladera Izquierda,Curva Izquierda,Transito normal con precaución,0,0,1,0,1.0,Salida de la vía sin volcarse,condiciones de la via y factores ambientales,6211_1_13,7.0,17.0
Casanare,2017-08-09 21:09:00,54,750.0,2017-07-01 05:00:00,sabado,0,Lluvia,Humeda,Montañoso,Media Ladera Derecha,Curva Izquierda,Transito normal con precaución,0,0,2,0,1.0,Caída ocupante,no determinada,6211_1_54,7.0,17.0
Casanare,2017-08-09 21:16:00,70,855.0,2017-07-01 05:00:00,sabado,0,Normal,Seca y limpia,Montañoso,Media Ladera Derecha,Recta,Transito normal con precaución,0,0,0,0,1.0,Volcamiento,no determinada,6211_1_70,13.0,11.0
Casanare,2017-08-09 21:26:00,25,250.0,2017-07-09 05:00:00,domingo,0,Normal,Seca y limpia,Montañoso,Media ladera Izquierda,Recta,Transito normal con precaución,0,0,0,0,1.0,Choque,no determinada,6211_1_25,18.0,6.0
Casanare,2017-08-09 21:42:00,40,0.0,2017-07-18 05:00:00,martes,30,Lluvia,Humeda,Montañoso,Media ladera Izquierda,Curva Izquierda,Transito normal con precaución,0,0,0,0,1.0,Choque,no determinada,6211_1_40,4.0,20.0
Boyacá,2017-09-13 23:46:00,13,100.0,2017-08-18 05:00:00,viernes,20,Normal,Seca y limpia,Plano,Media Ladera Derecha,Recta,Transito normal con precaución,0,0,0,0,1.0,Choque,maniobras imprudentes,6211_1_13,15.0,9.0
Boyacá,2017-09-13 23:54:00,11,200.0,2017-08-20 05:00:00,domingo,30,Normal,Seca y limpia,Escarpado,Media Ladera Derecha,Curva Izquierda,Transito normal con precaución,0,0,1,0,1.0,Choque,adelantamientos indebidos,6211_1_11,5.0,19.0
Casanare,2017-10-06 14:56:00,116,970.0,2017-08-05 05:00:00,sabado,50,Normal,Seca y limpia,Montañoso,Media Ladera Derecha,Curva Izquierda,Transito normal con precaución,0,0,0,0,1.0,Salida de la vía sin volcarse,no determinada,6211_1_116,14.0,10.0
Casanare,2017-10-06 15:08:00,76,200.0,2017-08-09 05:00:00,miercoles,0,Lluvia,Humeda,Montañoso,Media ladera Izquierda,Curva Izquierda,Transito normal con precaución,0,0,1,0,1.0,Volcamiento,no determinada,6211_1_76,13.0,11.0
Casanare,2017-10-06 15:15:00,57,200.0,2017-08-19 05:00:00,sabado,0,Normal,Seca y limpia,Montañoso,Media Ladera Derecha,Curva Izquierda,Transito normal con precaución,0,0,0,0,1.0,Volcamiento,no determinada,6211_1_57,9.0,15.0
Casanare,2017-10-07 15:57:00,72,360.0,2017-09-09 05:00:00,sabado,30,Lluvia,Humeda,Montañoso,Media Ladera Derecha,Curva Derecha,Transito normal con precaución,0,0,0,0,1.0,Salida de la vía sin volcarse,no determinada,6211_1_72,16.0,8.0
Casanare,2017-10-07 16:03:00,21,400.0,2017-09-19 05:00:00,martes,30,Normal,Humeda,Montañoso,Media Ladera Derecha,Recta,Transito normal con precaución,0,0,0,0,1.0,Volcamiento,no determinada,6211_1_21,20.0,4.0
Casanare,2017-10-07 16:12:00,43,600.0,2017-09-19 05:00:00,martes,0,Normal,Seca y limpia,Plano,Terraplen,Recta,Cierre total,0,30,0,0,1.0,Choque,no determinada,6211_1_43,4.0,20.0
Boyacá,2017-10-10 01:23:00,10,300.0,2017-09-15 05:00:00,viernes,10,Normal,Seca y limpia,Escarpado,Media Ladera Derecha,Recta,Transito normal con precaución,0,0,0,0,1.0,Choque,adelantamientos indebidos,6211_1_10,5.0,19.0
Boyacá,2017-11-08 20:45:00,4,700.0,2017-10-11 05:00:00,miercoles,0,Normal,Seca y limpia,Ondulado,Media ladera Izquierda,Curva Izquierda,Transito normal con precaución,0,0,0,0,1.0,Volcamiento,defectos fisicos y psiquicos,6211_1_4,12.0,12.0
Casanare,2017-11-28 13:29:00,46,400.0,2017-10-04 05:00:00,miercoles,30,Normal,Humeda,Montañoso,Media Ladera Derecha,Recta,Transito normal con precaución,0,0,0,0,1.0,Salida de la vía sin volcarse,no determinada,6211_1_46,16.0,8.0
Casanare,2017-11-28 13:48:00,77,800.0,2017-10-16 05:00:00,lunes,30,Normal,Seca y limpia,Montañoso,Terraplen,Recta,Transito normal con precaución,0,0,0,0,1.0,Salida de la vía sin volcarse,no determinada,6211_1_77,11.0,13.0
Casanare,2017-11-28 13:52:00,60,800.0,2017-10-18 05:00:00,miercoles,0,Normal,Seca y limpia,Montañoso,Media Ladera Derecha,Curva Izquierda,Transito normal con precaución,0,0,1,0,1.0,Choque,no determinada,6211_1_60,15.0,9.0
Casanare,2017-11-28 13:32:00,87,250.0,2017-10-16 05:00:00,lunes,0,Lluvia,Lodo,Montañoso,Media Ladera Derecha,Recta,Transito normal con precaución,0,0,0,0,1.0,Salida de la vía sin volcarse,no determinada,6211_1_87,13.0,11.0
Casanare,2017-11-28 13:40:00,86,485.0,2017-10-16 05:00:00,lunes,0,Lluvia,Lodo,Montañoso,Media Ladera Derecha,Recta,Cierre total,2,0,0,0,1.0,Volcamiento,no determinada,6211_1_86,5.0,21.0
Casanare,2017-11-28 13:56:00,56,400.0,2017-10-21 05:00:00,sabado,50,Normal,Humeda,Montañoso,Media Ladera Derecha,Curva Izquierda,Transito normal con precaución,0,0,0,0,1.0,Volcamiento,no determinada,6211_1_56,6.0,18.0
Casanare,2017-11-28 13:59:00,46,200.0,2017-10-28 05:00:00,sabado,55,Normal,Seca y limpia,Montañoso,Media Ladera Derecha,Curva Derecha,Transito normal con precaución,0,0,0,0,1.0,Salida de la vía sin volcarse,no determinada,6211_1_46,6.0,18.0
Boyacá,2017-12-04 16:38:00,8,50.0,2017-11-30 05:00:00,jueves,45,Normal,Seca y limpia,Montañoso,Media Ladera Derecha,Curva Derecha,Transito normal con precaución,0,0,0,0,1.0,Volcamiento,fallas mecanicas y del sistema electrico,6211_1_8,15.0,9.0
Boyacá,2017-12-05 19:40:00,14,800.0,2017-11-16 05:00:00,jueves,30,Normal,Seca y limpia,Escarpado,Media Ladera Derecha,Curva Izquierda,Transito normal con precaución,0,0,0,0,1.0,Choque,no determinada,6211_1_14,0.0,0.0
Casanare,2017-12-11 20:53:00,87,200.0,2017-11-02 05:00:00,jueves,0,Normal,Humeda,Montañoso,Media Ladera Derecha,Curva Derecha,Transito normal con precaución,0,0,0,0,1.0,Volcamiento,no determinada,6211_1_87,13.0,11.0
Casanare,2017-12-11 20:57:00,38,750.0,2017-11-03 05:00:00,viernes,40,Normal,Seca y limpia,Montañoso,Media Ladera Derecha,Curva Izquierda,Transito normal con precaución,0,0,0,0,1.0,Salida de la vía sin volcarse,no determinada,6211_1_38,10.0,14.0
Casanare,2017-12-11 21:15:00,44,50.0,2017-11-09 05:00:00,jueves,30,Normal,Seca y limpia,Plano,Terraplen,Curva Izquierda,Transito normal con precaución,0,0,0,0,1.0,Choque,no determinada,6211_1_44,10.0,14.0
Casanare,2017-12-11 21:18:00,21,770.0,2017-11-18 05:00:00,sabado,15,Normal,Seca y limpia,Montañoso,Media ladera Izquierda,Curva Derecha,Transito normal con precaución,0,0,0,0,1.0,Volcamiento,no determinada,6211_1_21,19.0,5.0
Casanare,2017-12-11 21:21:00,35,350.0,2017-11-24 05:00:00,viernes,0,Normal,Humeda,Montañoso,Media Ladera Derecha,Curva Izquierda,Transito normal con precaución,0,0,0,0,1.0,Salida de la vía sin volcarse,no determinada,6211_1_35,16.0,8.0
Boyacá,2017-12-29 15:25:00,11,950.0,2017-12-26 05:00:00,martes,0,Lluvia,Humeda,Escarpado,Media ladera Izquierda,Curva Izquierda,Transito normal con precaución,0,0,0,0,1.0,Choque,exceso de velocidad,6211_1_11,7.0,17.0
Casanare,2018-01-15 13:51:00,112,115.0,2017-12-04 05:00:00,lunes,40,Sol,Seca y limpia,Montañoso,Media Ladera Derecha,Curva Derecha,Transito normal con precaución,0,0,1,0,1.0,Choque,no determinada,6211_1_112,6.0,18.0
Casanare,2018-01-15 13:58:00,65,770.0,2017-12-07 05:00:00,jueves,30,Sol,Seca y limpia,Montañoso,Media Ladera Derecha,Recta,Transito normal con precaución,0,0,0,0,1.0,Volcamiento,no determinada,6211_1_65,6.0,18.0
Casanare,2018-01-15 14:26:00,47,870.0,2017-12-08 05:00:00,viernes,0,Normal,Seca y limpia,Ondulado,Media Ladera Derecha,Curva Derecha,Parcial con reducción de carriles,23,0,0,0,1.0,Volcamiento,no determinada,6211_1_47,20.0,3.0
Casanare,2018-01-15 14:49:00,105,335.0,2017-12-09 05:00:00,sabado,0,Sol,Seca y limpia,Plano,Terraplen,Recta,Transito normal con precaución,0,0,1,0,1.0,Choque,no determinada,6211_1_105,11.0,13.0
Casanare,2018-01-15 15:02:00,57,350.0,2017-12-09 05:00:00,sabado,30,Sol,Seca y limpia,Montañoso,Media Ladera Derecha,Curva Izquierda,Transito normal con precaución,0,0,0,0,1.0,Volcamiento,no determinada,6211_1_57,21.0,3.0
Casanare,2018-01-15 20:52:00,39,200.0,2017-12-10 05:00:00,domingo,0,Lluvia,Humeda,Montañoso,Media Ladera Derecha,Curva Derecha,Cierre total,6,0,1,1,1.0,Choque,no determinada,6211_1_39,17.0,13.0
Casanare,2018-01-15 21:01:00,94,900.0,2017-12-11 05:00:00,lunes,0,Sol,Seca y limpia,Montañoso,Media ladera Izquierda,Curva Izquierda,Transito normal con precaución,0,0,1,0,1.0,Volcamiento,no determinada,6211_1_94,14.0,10.0
Casanare,2018-01-15 21:16:00,115,950.0,2017-12-15 05:00:00,viernes,0,Normal,Seca y limpia,Plano,Media ladera Izquierda,Recta,Transito normal con precaución,0,0,0,1,1.0,Choque,no determinada,6211_1_115,16.0,8.0