territorial,fecha_registro,pr,distancia_pr,fecha_acc,dia_semana_acc,min_acc,condic_meteor,estado_super,terreno,secc_tip,geometria_acc,tipo_cierre,horas_cierre,min_cierre,n_heridos,n_muertos,n_victimas,clase_accidente,causa_posible,ref_loc,hora_acc,duracion_cierre_horas
Casanare,2018-01-15 21:59:00,96,900.0,2017-12-16 05:00:00,sabado,20,Sol,Seca y limpia,Montañoso,Media ladera Izquierda,Curva Izquierda,Transito normal con precaución,0,0,0,0,1.0,Salida de la vía sin volcarse,no determinada,6211_1_96,15.0,9.0
Casanare,2018-01-15 22:32:00,55,200.0,2017-12-22 05:00:00,viernes,0,Normal,Seca y limpia,Montañoso,Media Ladera Derecha,Curva Izquierda,Transito normal con precaución,0,0,1,1,1.0,Volcamiento,no determinada,6211_1_55,3.0,21.0
Casanare,2018-01-15 22:41:00,60,580.0,2017-12-26 05:00:00,martes,0,Normal,Seca y limpia,Montañoso,Media Ladera Derecha,Curva Izquierda,Transito normal con precaución,0,0,3,0,1.0,Volcamiento,no determinada,6211_1_60,20.0,4.0
Casanare,2018-01-15 22:44:00,27,900.0,2017-12-29 05:00:00,viernes,0,Normal,Seca y limpia,Ondulado,Media ladera Izquierda,Curva Derecha,Transito normal con precaución,0,0,0,0,1.0,Salida de la vía sin volcarse,no determinada,6211_1_27,14.0,10.0
Boyacá,2018-01-29 20:14:00,13,650.0,2018-01-10 05:00:00,miercoles,30,Lluvia,Humeda,Montañoso,Media Ladera Derecha,Curva Izquierda,Transito normal con precaución,0,0,3,0,1.0,Choque,exceso de velocidad,6211_1_13,19.0,5.0
Casanare,2018-02-07 20:33:00,36,0.0,2018-01-02 05:00:00,martes,0,Normal,Humeda,Montañoso,Media Ladera Derecha,Recta,Transito normal con precaución,0,0,0,0,1.0,Salida de la vía sin volcarse,no determinada,6211_1_36,9.0,15.0
Casanare,2018-02-07 21:19:00,112,600.0,2018-01-03 05:00:00,miercoles,0,Sol,Seca y limpia,Montañoso,Media ladera Izquierda,Curva Izquierda,Transito normal con precaución,0,0,0,0,1.0,Choque,no determinada,6211_1_112,8.0,16.0
Casanare,2018-02-07 21:33:00,18,23.0,2018-01-06 05:00:00,sabado,30,Normal,Seca y limpia,Montañoso,Media ladera Izquierda,Recta,Transito normal con precaución,0,0,0,0,1.0,Choque,no determinada,6211_1_18,4.0,20.0
Casanare,2018-02-07 21:39:00,49,500.0,2018-01-07 05:00:00,domingo,0,Normal,Seca y limpia,Montañoso,Media Ladera Derecha,Recta,Transito normal con precaución,0,0,0,0,1.0,Volcamiento,no determinada,6211_1_49,3.0,21.0
Casanare,2018-02-07 21:44:00,55,550.0,2018-01-23 05:00:00,martes,30,Normal,Seca y limpia,Montañoso,Media Ladera Derecha,Curva Izquierda,Transito normal con precaución,0,0,0,0,1.0,Volcamiento,no determinada,6211_1_55,17.0,7.0
Casanare,2018-02-07 21:48:00,117,220.0,2018-01-24 05:00:00,miercoles,30,Sol,Seca y limpia,Plano,Media ladera Izquierda,Curva Derecha,Transito normal con precaución,0,0,0,0,1.0,Choque,no determinada,6211_1_117,16.0,8.0
Casanare,2018-02-07 21:52:00,37,950.0,2018-01-24 05:00:00,miercoles,30,Normal,Seca y limpia,Montañoso,Media Ladera Derecha,Curva Izquierda,Transito normal con precaución,0,0,2,0,1.0,Choque,no determinada,6211_1_37,23.0,1.0
Casanare,2018-02-07 21:55:00,103,670.0,2018-01-28 05:00:00,domingo,30,Normal,Seca y limpia,Montañoso,Media ladera Izquierda,Curva Derecha,Transito normal con precaución,0,0,1,0,1.0,Choque,no determinada,6211_1_103,16.0,8.0
Boyacá,2018-02-13 20:14:00,11,900.0,2018-01-02 05:00:00,martes,30,Lluvia,Humeda,Montañoso,Media Ladera Derecha,Curva Izquierda,Transito normal con precaución,0,0,0,0,1.0,Choque,no mantener distancia de seguridad,6211_1_11,7.0,17.0
Boyacá,2018-02-13 20:18:00,15,0.0,2018-01-23 05:00:00,martes,0,Seca,Seca y limpia,Montañoso,Media Ladera Derecha,Recta,Transito normal con precaución,0,0,1,0,1.0,Volcamiento,imprudencia del conductor,6211_1_15,10.0,14.0
Boyacá,2018-02-26 21:34:00,14,700.0,2018-02-08 05:00:00,jueves,0,Normal,Seca y limpia,Ondulado,Media Ladera Derecha,Curva Izquierda,Transito normal con precaución,0,0,0,0,1.0,Volcamiento,exceso de velocidad,6211_1_14,13.0,11.0
Casanare,2018-03-02 19:53:00,59,550.0,2018-02-04 05:00:00,domingo,0,Niebla,Humeda,Montañoso,Media Ladera Derecha,Recta,Transito normal con precaución,0,0,1,0,1.0,Choque,no determinada,6211_1_59,15.0,9.0
Casanare,2018-03-02 20:00:00,40,0.0,2018-02-11 05:00:00,domingo,0,Normal,Seca y limpia,Montañoso,Media Ladera Derecha,Curva Derecha,Transito normal con precaución,0,0,0,0,1.0,Choque,no determinada,6211_1_40,6.0,18.0
Casanare,2018-03-02 20:00:00,40,0.0,2018-02-11 05:00:00,domingo,0,Normal,Seca y limpia,Montañoso,Media Ladera Derecha,Curva Derecha,Transito normal con precaución,0,0,0,0,1.0,Choque,no determinada,6211_1_40,5.0,19.0
Casanare,2018-03-02 20:06:00,105,550.0,2018-02-14 05:00:00,miercoles,40,Sol,Seca y limpia,Montañoso,Media ladera Izquierda,Curva Derecha,Transito normal con precaución,0,0,0,0,1.0,Caída de carga,no determinada,6211_1_105,17.0,7.0
Casanare,2018-03-02 20:06:00,105,550.0,2018-02-14 05:00:00,miercoles,40,Sol,Seca y limpia,Montañoso,Media ladera Izquierda,Curva Derecha,Transito normal con precaución,0,0,0,0,1.0,Caída de carga,no determinada,6211_1_105,13.0,11.0
Norte de Santander,2017-08-22 20:30:00,19,690.0,2017-07-17 05:00:00,lunes,0,Normal,Seca y limpia,Montañoso,Media Ladera Derecha,Curva Izquierda,Parcial con reducción de carriles,0,0,0,0,1.0,Choque,fallas mecanicas y del sistema electrico,7009_0_19,17.0,7.0
Norte de Santander,2017-09-05 15:28:00,31,5.0,2017-08-05 05:00:00,sabado,0,Normal,Seca y limpia,Plano,Terraplen,Recta,Transito normal con precaución,0,0,0,0,1.0,Choque,no determinada,7009_0_31,6.0,18.0
Norte de Santander,2017-09-05 15:41:00,49,130.0,2017-08-09 05:00:00,miercoles,30,Normal,Seca y limpia,Montañoso,Media Ladera Derecha,Curva Izquierda,Parcial con paso alternado,0,0,0,0,1.0,Volcamiento,no determinada,7009_0_49,16.0,8.0
Norte de Santander,2017-09-05 15:21:00,2,97.0,2017-08-21 05:00:00,lunes,30,Normal,Seca y limpia,Montañoso,Media Ladera Derecha,Recta,Parcial con reducción de carriles,0,0,0,0,1.0,Choque,desobediencia a normas y senales,7009_0_2,20.0,4.0
Norte de Santander,2017-09-05 15:47:00,50,356.0,2017-08-17 05:00:00,jueves,0,Normal,Seca y limpia,Montañoso,Media Ladera Derecha,Curva Izquierda,Parcial con paso alternado,0,0,0,0,1.0,Choque,no determinada,7009_0_50,11.0,13.0
Norte de Santander,2018-04-09 16:24:00,16,110.0,2018-03-09 05:00:00,viernes,50,Normal,Seca y limpia,Montañoso,Media Ladera Derecha,Recta,Transito normal con precaución,0,0,0,0,1.0,Choque,no determinada,7009_0_16,9.0,15.0
Norte de Santander,2017-10-09 20:03:00,29,580.0,2017-09-09 05:00:00,sabado,40,Normal,Seca y limpia,Montañoso,Media Ladera Derecha,Recta,Transito normal con precaución,0,0,0,0,1.0,Choque,no mantener distancia de seguridad,7009_0_29,17.0,7.0
Norte de Santander,2017-10-09 20:11:00,48,308.0,2017-09-01 05:00:00,viernes,0,Normal,Seca y limpia,Montañoso,Terraplen,Recta,Parcial con reducción de carriles,0,0,0,0,1.0,Choque,exceso en horas de conduccion,7009_0_48,13.0,11.0
Norte de Santander,2017-11-07 16:27:00,52,569.0,2017-09-28 05:00:00,jueves,45,Normal,Seca y limpia,Montañoso,Media Ladera Derecha,Curva Derecha,Parcial con reducción de carriles,1,0,0,0,1.0,Volcamiento,fallas mecanicas y del sistema electrico,7009_0_52,11.0,14.0
Norte de Santander,2017-11-28 20:01:00,37,431.0,2017-09-19 05:00:00,martes,30,Normal,Seca y limpia,Montañoso,Media Ladera Derecha,Curva Derecha,Transito normal con precaución,0,0,0,0,1.0,Choque,impericia en el manejo,7009_0_37,4.0,20.0
Norte de Santander,2017-11-28 20:26:00,11,20.0,2017-10-19 05:00:00,jueves,20,Normal,Seca y limpia,Montañoso,Media ladera Izquierda,Curva Izquierda,Transito normal con precaución,0,0,0,0,1.0,Volcamiento,fallas mecanicas y del sistema electrico,7009_0_11,10.0,14.0
Norte de Santander,2017-11-28 20:34:00,25,500.0,2017-10-17 05:00:00,martes,30,Normal,Seca y limpia,Montañoso,Media Ladera Derecha,Curva Derecha,Parcial con reducción de carriles,1,0,0,0,1.0,Choque,no mantener distancia de seguridad,7009_0_25,22.0,3.0
Norte de Santander,2017-12-07 13:45:00,47,595.0,2017-10-01 05:00:00,domingo,0,Lluvia,Humeda,Montañoso,Media Ladera Derecha,Recta,Transito normal con precaución,0,0,0,1,1.0,Choque,no determinada,7009_0_47,7.0,17.0
Norte de Santander,2017-12-07 19:53:00,56,920.0,2017-10-22 05:00:00,domingo,0,Normal,Seca y limpia,Plano,Media Ladera Derecha,Recta,Parcial con paso alternado,1,0,0,0,1.0,Choque,no determinada,7009_0_56,3.0,22.0
Norte de Santander,2017-12-07 20:17:00,6,804.0,2017-11-02 05:00:00,jueves,30,Normal,Seca y limpia,Montañoso,Media Ladera Derecha,Curva Izquierda,Transito normal con precaución,0,0,0,0,1.0,Volcamiento,fallas mecanicas y del sistema electrico,7009_0_6,14.0,10.0
Norte de Santander,2018-01-02 21:34:00,53,570.0,2017-11-15 05:00:00,miercoles,0,Lluvia,Humeda,Montañoso,Media Ladera Derecha,Curva Derecha,Transito normal con precaución,0,0,0,0,1.0,Choque,no determinada,7009_0_53,21.0,3.0
Norte de Santander,2018-01-02 21:40:00,39,690.0,2017-11-16 05:00:00,jueves,0,Lluvia,Humeda,Montañoso,Media Ladera Derecha,Curva Izquierda,Transito normal con precaución,0,0,0,0,1.0,Volcamiento,no determinada,7009_0_39,13.0,11.0
Norte de Santander,2018-01-02 21:48:00,42,950.0,2017-12-03 05:00:00,domingo,30,Normal,Seca y limpia,Montañoso,Media Ladera Derecha,Recta,Transito normal con precaución,0,0,0,0,1.0,Volcamiento,no determinada,7009_0_42,21.0,3.0
Norte de Santander,2018-01-02 22:06:00,21,154.0,2017-12-23 05:00:00,sabado,0,Normal,Seca y limpia,Montañoso,Media Ladera Derecha,Curva Izquierda,Parcial con reducción de carriles,1,0,0,0,1.0,Choque,no determinada,7009_0_21,16.0,9.0
Norte de Santander,2018-02-08 22:16:00,19,580.0,2018-01-10 05:00:00,miercoles,40,Normal,Seca y limpia,Montañoso,Media Ladera Derecha,Curva Derecha,Parcial restringido a vehiculos pesados,1,0,0,0,1.0,Choque,no determinada,7009_0_19,19.0,6.0
Norte de Santander,2018-02-08 22:23:00,19,632.0,2018-01-14 05:00:00,domingo,0,Lluvia,Humeda,Montañoso,Media Ladera Derecha,Curva Derecha,Parcial con reducción de carriles,0,0,0,0,1.0,Choque,no determinada,7009_0_19,9.0,15.0
Norte de Santander,2018-03-06 15:29:00,4,37.0,2017-12-30 05:00:00,sabado,0,Normal,Seca y limpia,Montañoso,Terraplen,Recta,Parcial con reducción de carriles,0,0,0,1,1.0,Choque,condiciones de la via y factores ambientales,7009_0_4,15.0,9.0
Norte de Santander,2018-03-06 15:34:00,4,40.0,2017-12-30 05:00:00,sabado,30,Normal,Seca y limpia,Montañoso,Terraplen,Recta,Transito normal con precaución,0,0,0,0,1.0,Choque,condiciones de la via y factores ambientales,7009_0_4,19.0,5.0
Norte de Santander,2018-03-06 15:39:00,21,498.0,2018-01-31 05:00:00,miercoles,30,Normal,Seca y limpia,Montañoso,Media Ladera Derecha,Recta,Transito normal con precaución,0,0,0,0,1.0,Volcamiento,no determinada,7009_0_21,21.0,3.0
Norte de Santander,2018-03-06 16:20:00,37,768.0,2018-02-09 05:00:00,viernes,0,Normal,Seca y limpia,Montañoso,Media Ladera Derecha,Curva Derecha,Parcial con reducción de carriles,0,0,0,1,1.0,Choque,no determinada,7009_0_37,10.0,14.0
Norte de Santander,2018-04-09 16:33:00,19,721.0,2018-03-25 05:00:00,domingo,0,Normal,Seca y limpia,Montañoso,Media Ladera Derecha,Curva Izquierda,Parcial con reducción de carriles,0,0,0,1,1.0,Choque,no determinada,7009_0_19,2.0,22.0
Norte de Santander,2018-04-09 16:38:00,32,433.0,2018-03-15 05:00:00,jueves,30,Normal,Seca y limpia,Plano,Terraplen,Recta,Parcial con reducción de carriles,1,0,0,0,1.0,Choque,no determinada,7009_0_32,7.0,18.0
Norte de Santander,2018-04-09 16:47:00,33,360.0,2018-03-26 05:00:00,lunes,10,Normal,Seca y limpia,Plano,Terraplen,Recta,Parcial con reducción de carriles,0,0,0,0,1.0,Volcamiento,no determinada,7009_0_33,23.0,1.0
Norte de Santander,2018-04-09 16:47:00,33,360.0,2018-03-26 05:00:00,lunes,10,Normal,Seca y limpia,Plano,Terraplen,Recta,Parcial con reducción de carriles,0,0,0,0,1.0,Volcamiento,no determinada,7009_0_33,19.0,5.0
Norte de Santander,2018-04-09 16:55:00,40,409.0,2018-03-12 05:00:00,lunes,15,Normal,Seca y limpia,Montañoso,Terraplen,Recta,Parcial con reducción de carriles,0,0,0,0,1.0,Volcamiento,no determinada,7009_0_40,18.0,6.0
Ocaña,2018-03-28 22:32:00,53,56.0,2018-02-25 05:00:00,domingo,0,Normal,Seca y limpia,Escarpado,Media Ladera Derecha,Curva Derecha,Transito normal con precaución,0,0,0,0,1.0,Choque,no determinada,7008_2_53,5.0,19.0
Norte de Santander,2018-04-09 15:58:00,101,890.0,2018-03-07 05:00:00,miercoles,15,Lluvia,Humeda,Montañoso,Media Ladera Derecha,Curva Derecha,Transito normal con precaución,0,0,0,0,1.0,Choque,no determinada,7008_2_101,1.0,23.0
Norte de Santander,2018-04-09 16:14:00,126,429.0,2018-03-17 05:00:00,sabado,0,Normal,Seca y limpia,Montañoso,Media ladera Izquierda,Recta,Transito normal con precaución,0,0,0,0,1.0,Choque,no determinada,7008_2_126,16.0,8.0
Norte de Santander,2017-05-22 14:43:00,99,950.0,2017-04-05 05:00:00,miercoles,40,Normal,Seca y limpia,Montañoso,Media Ladera Derecha,Curva Derecha,Transito normal con precaución,0,0,0,0,1.0,Choque,no determinada,7008_1_99,23.0,1.0
Norte de Santander,2017-05-22 13:42:00,75,680.0,2017-04-12 05:00:00,miercoles,30,Normal,Seca y limpia,Montañoso,Media ladera Izquierda,Curva Derecha,Transito normal con precaución,0,0,0,0,1.0,Volcamiento,no determinada,7008_1_75,15.0,9.0
Ocaña,2017-06-20 15:23:00,6,420.0,2017-04-11 05:00:00,martes,30,Normal,Seca y limpia,Plano,Cajón,Recta,Transito normal con precaución,0,0,1,0,1.0,Choque,condiciones de la via y factores ambientales,7008_1_6,13.0,11.0
Norte de Santander,2017-07-11 20:38:00,107,962.0,2017-05-01 05:00:00,lunes,30,Normal,Seca y limpia,Montañoso,Media Ladera Derecha,Curva Derecha,Parcial con reducción de carriles,0,0,0,0,1.0,Choque,maniobras imprudentes,7008_1_107,5.0,19.0
Norte de Santander,2017-07-17 19:28:00,91,170.0,2017-05-24 05:00:00,miercoles,0,Normal,Seca y limpia,Montañoso,Media ladera Izquierda,Curva Derecha,Transito normal con precaución,0,0,0,0,1.0,Choque,fallas mecanicas y del sistema electrico,7008_1_91,11.0,13.0
Norte de Santander,2017-07-17 20:43:00,125,774.0,2017-06-27 05:00:00,martes,0,Normal,Seca y limpia,Montañoso,Media ladera Izquierda,Recta,Transito normal con precaución,0,0,0,0,1.0,Volcamiento,exceso de velocidad,7008_1_125,20.0,4.0
Norte de Santander,2017-07-17 20:51:00,104,370.0,2017-06-30 05:00:00,viernes,0,Lluvia,Humeda,Montañoso,Media Ladera Derecha,Curva Derecha,Parcial con paso alternado,0,0,0,0,1.0,Choque,no determinada,7008_1_104,7.0,17.0
Norte de Santander,2017-08-22 19:58:00,88,640.0,2017-07-10 05:00:00,lunes,0,Normal,Seca y limpia,Montañoso,Media ladera Izquierda,Curva Derecha,Transito normal con precaución,0,0,0,0,1.0,Choque,no determinada,7008_1_88,9.0,15.0
Norte de Santander,2017-08-22 20:07:00,100,278.0,2017-07-10 05:00:00,lunes,30,Normal,Seca y limpia,Montañoso,Media Ladera Derecha,Curva Izquierda,Parcial con reducción de carriles,0,0,0,0,1.0,Choque,no determinada,7008_1_100,20.0,4.0
Ocaña,2017-08-29 21:36:00,55,445.0,2017-06-16 05:00:00,viernes,0,Seca,Seca y limpia,Escarpado,Media ladera Izquierda,Curva Derecha,Transito normal con precaución,0,0,0,0,1.0,Choque,adelantamientos indebidos,7008_1_55,18.0,6.0
Ocaña,2017-08-29 21:38:00,62,47.0,2017-07-13 05:00:00,jueves,50,Seca,Seca y limpia,Escarpado,Media ladera Izquierda,Curva Derecha,Transito normal con precaución,0,0,3,0,1.0,Choque,fallas mecanicas y del sistema electrico,7008_1_62,13.0,11.0
Ocaña,2017-08-29 21:31:00,7,320.0,2017-06-25 05:00:00,domingo,30,Lluvia,Humeda,Montañoso,Cajón,Curva Derecha,Transito normal con precaución,0,0,0,2,1.0,Choque,adelantamientos indebidos,7008_1_7,17.0,7.0
Ocaña,2017-08-29 21:34:00,12,293.0,2017-06-12 05:00:00,lunes,30,Lluvia,Humeda,Montañoso,Media ladera Izquierda,Curva Derecha,Transito normal con precaución,0,0,0,0,1.0,Choque,adelantamientos indebidos,7008_1_12,23.0,1.0
Ocaña,2017-08-29 21:39:00,48,261.0,2017-07-14 05:00:00,viernes,0,Seca,Seca y limpia,Montañoso,Media ladera Izquierda,Curva Derecha,Transito normal con precaución,0,0,0,0,1.0,Choque,adelantamientos indebidos,7008_1_48,22.0,2.0
Ocaña,2017-08-29 21:40:00,45,769.0,2017-07-16 05:00:00,domingo,30,Seca,Seca y limpia,Montañoso,Media Ladera Derecha,Curva Izquierda,Transito normal con precaución,0,0,2,1,1.0,Choque,exceso de velocidad,7008_1_45,0.0,0.0
Norte de Santander,2017-09-05 14:46:00,108,350.0,2017-08-11 05:00:00,viernes,50,Normal,Seca y limpia,Montañoso,Media Ladera Derecha,Curva Derecha,Parcial con paso alternado,0,10,0,0,1.0,Choque,no determinada,7008_1_108,3.0,21.0
Norte de Santander,2017-09-05 14:55:00,108,352.0,2017-08-28 05:00:00,lunes,50,Normal,Seca y limpia,Montañoso,Media Ladera Derecha,Curva Derecha,Parcial con paso alternado,0,0,0,0,1.0,Choque,exceso de velocidad,7008_1_108,9.0,15.0
Norte de Santander,2017-09-05 15:04:00,108,580.0,2017-08-09 05:00:00,miercoles,30,Normal,Humeda,Montañoso,Media Ladera Derecha,Curva Izquierda,Transito normal con precaución,0,0,0,0,1.0,Choque,fallas mecanicas y del sistema electrico,7008_1_108,11.0,13.0
Norte de Santander,2017-09-05 15:13:00,115,450.0,2017-08-09 05:00:00,miercoles,30,Normal,Seca y limpia,Montañoso,Media Ladera Derecha,Curva Derecha,Parcial con paso alternado,0,0,0,0,1.0,Choque,adelantamientos indebidos,7008_1_115,17.0,7.0
Norte de Santander,2017-10-09 19:58:00,123,980.0,2017-08-10 05:00:00,jueves,40,Normal,Seca y limpia,Montañoso,Cajón,Recta,Transito normal con precaución,0,0,0,0,1.0,Atropello,condiciones de la via y factores ambientales,7008_1_123,17.0,7.0
Ocaña,2017-10-17 21:56:00,55,653.0,2017-08-04 05:00:00,viernes,40,Lluvia,Humeda,Escarpado,Media Ladera Derecha,Curva Derecha,Transito normal con precaución,0,0,0,0,1.0,Choque,no determinada,7008_1_55,19.0,5.0
Ocaña,2017-10-17 21:59:00,44,113.0,2017-08-13 05:00:00,domingo,0,Seca,Seca y limpia,Montañoso,Media Ladera Derecha,Curva Derecha,Transito normal con precaución,0,0,0,0,1.0,Incendio,fallas mecanicas y del sistema electrico,7008_1_44,6.0,18.0
Ocaña,2017-10-17 22:01:00,41,559.0,2017-08-13 05:00:00,domingo,30,Seca,Seca y limpia,Montañoso,Media Ladera Derecha,Curva Derecha,Transito normal con precaución,0,0,0,0,1.0,Incendio,fallas mecanicas y del sistema electrico,7008_1_41,20.0,4.0
Ocaña,2017-10-17 22:05:00,28,50.0,2017-09-09 05:00:00,sabado,50,Normal,Seca y limpia,Montañoso,Media Ladera Derecha,Curva Derecha,Transito normal con precaución,0,0,1,0,1.0,Atropello,no determinada,7008_1_28,18.0,6.0
Ocaña,2017-10-17 22:08:00,66,409.0,2017-09-23 05:00:00,sabado,40,Normal,Humeda,Escarpado,Media Ladera Derecha,Recta,Transito normal con precaución,0,0,0,0,1.0,Choque,exceso en horas de conduccion,7008_1_66,15.0,9.0
Norte de Santander,2017-11-28 20:12:00,91,140.0,2017-10-20 05:00:00,viernes,30,Normal,Seca y limpia,Montañoso,Media ladera Izquierda,Curva Derecha,Parcial con reducción de carriles,1,0,0,0,1.0,Choque,maniobras imprudentes,7008_1_91,19.0,6.0
Ocaña,2017-11-28 16:16:00,27,100.0,2017-10-15 05:00:00,domingo,20,Sol,Seca y limpia,Ondulado,Cajón,Recta,Transito normal con precaución,0,0,1,1,1.0,Choque,imprudencia del conductor,7008_1_27,0.0,0.0
Norte de Santander,2018-01-02 21:58:00,98,360.0,2017-12-07 05:00:00,jueves,30,Normal,Seca y limpia,Montañoso,Media Ladera Derecha,Curva Derecha,Parcial con reducción de carriles,1,0,0,0,1.0,Choque,no determinada,7008_1_98,4.0,21.0
Ocaña,2018-01-25 20:43:00,12,626.0,2017-11-15 05:00:00,miercoles,10,Normal,Seca y limpia,Ondulado,Media ladera Izquierda,Recta,Transito normal con precaución,0,0,1,0,1.0,Choque,desobediencia a normas y senales,7008_1_12,2.0,22.0
Ocaña,2018-01-25 20:50:00,16,754.0,2017-11-16 05:00:00,jueves,30,Sol,Seca y limpia,Ondulado,Media ladera Izquierda,Curva Derecha,Transito normal con precaución,0,0,1,0,1.0,Choque,maniobras imprudentes,7008_1_16,18.0,6.0
Ocaña,2018-01-25 20:53:00,31,0.0,2017-11-23 05:00:00,jueves,0,Normal,Seca y limpia,Ondulado,Terraplen,Recta,Transito normal con precaución,0,0,0,0,1.0,Choque,imprudencia del conductor,7008_1_31,19.0,5.0
Ocaña,2018-01-25 22:08:00,25,100.0,2017-12-08 05:00:00,viernes,30,Sol,Seca y limpia,Plano,Cajón,Recta,Transito normal con precaución,0,0,1,1,1.0,Choque,no determinada,7008_1_25,15.0,9.0
Ocaña,2018-01-25 22:10:00,24,800.0,2017-12-17 05:00:00,domingo,10,Sol,Seca y limpia,Plano,Cajón,Recta,Transito normal con precaución,0,0,0,0,1.0,Choque,no determinada,7008_1_24,15.0,9.0
Ocaña,2018-01-25 22:12:00,26,400.0,2017-12-18 05:00:00,lunes,45,Normal,Seca y limpia,Plano,Cajón,Recta,Transito normal con precaución,0,0,1,0,1.0,Choque,no determinada,7008_1_26,12.0,12.0
Ocaña,2018-01-25 22:14:00,24,900.0,2017-12-19 05:00:00,martes,0,Normal,Seca y limpia,Plano,Cajón,Recta,Transito normal con precaución,0,0,0,0,1.0,Choque,no determinada,7008_1_24,17.0,7.0
Ocaña,2018-01-25 22:16:00,25,100.0,2017-12-22 05:00:00,viernes,30,Sol,Seca y limpia,Plano,Cajón,Recta,Transito normal con precaución,0,0,0,0,1.0,Choque,no determinada,7008_1_25,7.0,17.0
Ocaña,2018-01-25 22:18:00,48,700.0,2017-12-28 05:00:00,jueves,0,Sol,Seca y limpia,Ondulado,Terraplen,Recta,Transito normal con precaución,0,0,1,0,1.0,Atropello,embriaguez o sustancias alucinogenas,7008_1_48,7.0,17.0
Norte de Santander,2018-02-08 22:03:00,108,180.0,2018-01-07 05:00:00,domingo,0,Normal,Seca y limpia,Montañoso,Media Ladera Derecha,Curva Derecha,Transito normal con precaución,0,0,0,1,1.0,Volcamiento,no determinada,7008_1_108,11.0,13.0
Ocaña,2018-02-08 22:43:00,25,0.0,2018-01-03 05:00:00,miercoles,0,Normal,Seca y limpia,Ondulado,Cajón,Recta,Transito normal con precaución,0,0,1,0,1.0,Choque,no determinada,7008_1_25,14.0,10.0
Ocaña,2018-02-08 22:46:00,6,863.0,2018-01-03 05:00:00,miercoles,30,Normal,Humeda,Ondulado,Terraplen,Recta,Transito normal con precaución,0,0,0,0,1.0,Volcamiento,condiciones de la via y factores ambientales,7008_1_6,11.0,13.0
Ocaña,2018-02-08 22:50:00,25,300.0,2018-01-15 05:00:00,lunes,25,Sol,Seca y limpia,Ondulado,Cajón,Recta,Transito normal con precaución,0,0,0,0,1.0,Choque,no determinada,7008_1_25,14.0,10.0
Norte de Santander,2018-03-06 15:45:00,85,90.0,2018-02-07 05:00:00,miercoles,0,Normal,Seca y limpia,Montañoso,Media ladera Izquierda,Recta,Parcial con reducción de carriles,0,0,0,0,1.0,Volcamiento,no determinada,7008_1_85,7.0,17.0
Norte de Santander,2018-03-06 15:51:00,95,493.0,2018-02-14 05:00:00,miercoles,35,Normal,Seca y limpia,Montañoso,Media Ladera Derecha,Curva Derecha,Cierre total,2,0,0,0,1.0,Choque,no determinada,7008_1_95,6.0,20.0
Norte de Santander,2018-04-09 16:08:00,116,330.0,2018-03-17 05:00:00,sabado,25,Normal,Seca y limpia,Montañoso,Media Ladera Derecha,Curva Derecha,Parcial con reducción de carriles,0,0,1,0,1.0,Choque,no determinada,7008_1_116,23.0,1.0
Ocaña,2018-04-09 20:12:00,24,500.0,2018-03-24 05:00:00,sabado,45,Normal,Seca y limpia,Montañoso,Cajón,Recta,Transito normal con precaución,0,0,1,0,1.0,Choque,no determinada,7008_1_24,14.0,10.0
Ocaña,2017-05-25 20:21:00,50,350.0,2017-02-16 05:00:00,jueves,30,Normal,Seca y limpia,Plano,Cajón,Recta,Transito normal con precaución,0,0,1,0,1.0,Atropello,condiciones de la via y factores ambientales,7007_2_50,16.0,8.0
Ocaña,2017-06-06 21:01:00,50,400.0,2017-02-01 05:00:00,miercoles,15,Normal,Seca y limpia,Plano,Cajón,Recta,Transito normal con precaución,0,0,1,0,1.0,Choque,adelantamientos indebidos,7007_2_50,6.0,18.0
Ocaña,2017-06-06 21:11:00,50,460.0,2017-03-30 05:00:00,jueves,0,Normal,Seca y limpia,Plano,Cajón,Recta,Transito normal con precaución,0,0,1,0,1.0,Atropello,maniobras imprudentes,7007_2_50,18.0,6.0
Ocaña,2017-06-20 14:30:00,50,23.0,2017-04-08 05:00:00,sabado,20,Normal,Seca y limpia,Plano,Cajón,Recta,Transito normal con precaución,0,0,1,0,1.0,Atropello,no determinada,7007_2_50,14.0,10.0
Ocaña,2017-06-20 14:50:00,50,384.0,2017-04-08 05:00:00,sabado,40,Normal,Seca y limpia,Plano,Cajón,Curva Izquierda,Transito normal con precaución,0,0,0,1,1.0,Choque,fallas mecanicas y del sistema electrico,7007_2_50,5.0,19.0
Ocaña,2017-06-20 15:17:00,50,13.0,2017-04-10 05:00:00,lunes,45,Normal,Seca y limpia,Plano,Cajón,Recta,Transito normal con precaución,0,0,2,0,1.0,Atropello,conducta de peatones,7007_2_50,6.0,18.0
Ocaña,2018-01-25 20:56:00,50,810.0,2017-11-05 05:00:00,domingo,45,Normal,Seca y limpia,Montañoso,Media ladera Izquierda,Curva Derecha,Transito normal con precaución,0,0,2,0,1.0,Choque,maniobras imprudentes,7007_2_50,16.0,8.0
Ocaña,2018-01-25 21:00:00,50,185.0,2017-11-06 05:00:00,lunes,0,Sol,Seca y limpia,Plano,Media ladera Izquierda,Recta,Transito normal con precaución,0,0,1,0,1.0,Atropello,no determinada,7007_2_50,5.0,19.0