territorial,fecha_registro,pr,distancia_pr,fecha_acc,dia_semana_acc,min_acc,condic_meteor,estado_super,terreno,secc_tip,geometria_acc,tipo_cierre,horas_cierre,min_cierre,n_heridos,n_muertos,n_victimas,clase_accidente,causa_posible,ref_loc,hora_acc,duracion_cierre_horas
Ocaña,2018-01-25 21:08:00,50,615.0,2017-11-29 05:00:00,miercoles,10,Sol,Seca y limpia,Plano,Media ladera Izquierda,Curva Derecha,Transito normal con precaución,0,0,0,0,1.0,Choque,adelantamientos indebidos,7007_2_50,11.0,13.0
Ocaña,2018-02-08 22:48:00,50,400.0,2018-01-11 05:00:00,jueves,30,Sol,Seca y limpia,Plano,Media ladera Izquierda,Recta,Transito normal con precaución,0,0,0,0,1.0,Choque,desobediencia a normas y senales,7007_2_50,16.0,8.0
Ocaña,2017-05-25 20:14:00,48,950.0,2017-02-03 05:00:00,viernes,20,Normal,Seca y limpia,Plano,Cajón,Recta,Transito normal con precaución,0,0,1,0,1.0,Choque,adelantamientos indebidos,7007_1_48,3.0,21.0
Ocaña,2017-06-06 21:05:00,49,500.0,2017-03-03 05:00:00,viernes,30,Normal,Seca y limpia,Plano,Cajón,Recta,Transito normal con precaución,0,0,1,0,1.0,Atropello,no determinada,7007_1_49,6.0,18.0
Ocaña,2017-06-06 21:09:00,49,600.0,2017-03-28 05:00:00,martes,20,Normal,Seca y limpia,Plano,Cajón,Recta,Transito normal con precaución,0,0,1,0,1.0,Choque,no determinada,7007_1_49,4.0,20.0
Ocaña,2017-06-20 14:37:00,51,421.0,2017-04-07 05:00:00,viernes,30,Normal,Seca y limpia,Plano,Cajón,Recta,Transito normal con precaución,0,0,2,0,1.0,Choque,embriaguez o sustancias alucinogenas,7007_1_51,5.0,19.0
Ocaña,2017-06-20 15:10:00,48,56.0,2017-04-15 05:00:00,sabado,36,Normal,Seca y limpia,Plano,Cajón,Recta,Transito normal con precaución,0,0,0,1,1.0,Atropello,conducta de peatones,7007_1_48,14.0,10.0
Ocaña,2017-11-28 16:12:00,53,310.0,2017-10-20 05:00:00,viernes,50,Normal,Seca y limpia,Ondulado,Terraplen,Curva Derecha,Transito normal con precaución,0,0,1,0,1.0,Choque,imprudencia del conductor,7007_1_53,13.0,11.0
Ocaña,2017-11-28 16:13:00,54,440.0,2017-10-26 05:00:00,jueves,25,Sol,Seca y limpia,Montañoso,Cajón,Recta,Transito normal con precaución,0,0,0,0,1.0,Choque,imprudencia del conductor,7007_1_54,7.0,17.0
Ocaña,2017-11-28 16:03:00,49,408.0,2017-10-06 05:00:00,viernes,39,Sol,Seca y limpia,Plano,Cajón,Curva Derecha,Transito normal con precaución,0,0,0,0,1.0,Choque,imprudencia del conductor,7007_1_49,11.0,13.0
Ocaña,2017-11-28 16:06:00,51,650.0,2017-10-01 05:00:00,domingo,30,Sol,Seca y limpia,Montañoso,Cajón,Recta,Transito normal con precaución,0,0,2,0,1.0,Choque,no determinada,7007_1_51,23.0,1.0
Ocaña,2017-11-28 16:08:00,52,800.0,2017-10-17 05:00:00,martes,0,Sol,Seca y limpia,Montañoso,Media ladera Izquierda,Recta,Transito normal con precaución,0,0,2,0,1.0,Choque,imprudencia del conductor,7007_1_52,16.0,8.0
Ocaña,2018-01-25 21:02:00,48,370.0,2017-11-14 05:00:00,martes,10,Sol,Seca y limpia,Montañoso,Media Ladera Derecha,Recta,Transito normal con precaución,0,0,1,0,1.0,Choque,adelantamientos indebidos,7007_1_48,13.0,11.0
Ocaña,2018-01-25 21:04:00,52,900.0,2017-11-17 05:00:00,viernes,0,Sol,Seca y limpia,Montañoso,Media ladera Izquierda,Recta,Transito normal con precaución,0,0,1,0,1.0,Choque,desobediencia a normas y senales,7007_1_52,3.0,21.0
Ocaña,2018-01-25 21:06:00,48,370.0,2017-11-27 05:00:00,lunes,20,Normal,Seca y limpia,Montañoso,Media Ladera Derecha,Recta,Transito normal con precaución,0,0,1,0,1.0,Atropello,exceso en horas de conduccion,7007_1_48,15.0,9.0
Ocaña,2018-03-28 22:22:00,50,427.0,2018-02-21 05:00:00,miercoles,40,Normal,Seca y limpia,Plano,Media ladera Izquierda,Recta,Transito normal con precaución,0,0,0,0,1.0,Choque,exceso de velocidad,7007_1_50,8.0,16.0
Ocaña,2018-03-28 22:24:00,49,400.0,2018-02-22 05:00:00,jueves,0,Normal,Seca y limpia,Plano,Media ladera Izquierda,Recta,Transito normal con precaución,0,0,2,0,1.0,Choque,no determinada,7007_1_49,20.0,4.0
Ocaña,2018-03-28 22:28:00,54,436.0,2018-02-28 05:00:00,miercoles,0,Normal,Seca y limpia,Montañoso,Cajón,Curva Izquierda,Transito normal con precaución,0,0,3,0,1.0,Choque,adelantamientos indebidos,7007_1_54,18.0,6.0
Casanare,2017-08-30 16:05:00,30,500.0,2017-02-11 05:00:00,sabado,0,Normal,Seca y limpia,Plano,Terraplen,Recta,Transito normal con precaución,0,0,0,0,1.0,Choque,condiciones de la via y factores ambientales,6606_2_30,5.0,19.0
Casanare,2017-08-30 16:18:00,17,150.0,2017-06-11 05:00:00,domingo,0,Normal,Humeda,Plano,Terraplen,Recta,Transito normal con precaución,0,0,1,0,1.0,Choque,desobediencia a normas y senales,6606_2_17,13.0,11.0
Casanare,2017-08-30 16:21:00,39,0.0,2017-07-01 05:00:00,sabado,40,Normal,Seca y limpia,Plano,Terraplen,Recta,Transito normal con precaución,0,0,1,0,1.0,Choque,no determinada,6606_2_39,5.0,19.0
Casanare,2017-08-30 16:28:00,38,880.0,2017-07-08 05:00:00,sabado,20,Normal,Seca y limpia,Plano,Terraplen,Recta,Transito normal con precaución,0,0,1,1,1.0,Choque,no determinada,6606_2_38,18.0,6.0
Casanare,2017-09-28 20:29:00,21,115.0,2016-08-04 05:00:00,jueves,50,Normal,Humeda,Plano,Terraplen,Curva Derecha,Transito normal con precaución,0,0,0,0,1.0,Choque,adelantamientos indebidos,6606_2_21,19.0,5.0
Casanare,2017-09-28 20:33:00,10,0.0,2017-08-12 05:00:00,sabado,0,Normal,Seca y limpia,Plano,Terraplen,Recta,Transito normal con precaución,0,0,1,0,1.0,Volcamiento,no determinada,6606_2_10,22.0,2.0
Casanare,2017-10-09 16:34:00,41,400.0,2017-09-05 05:00:00,martes,30,Normal,Seca y limpia,Plano,Terraplen,Recta,Transito normal con precaución,0,0,0,0,1.0,Volcamiento,no determinada,6606_2_41,16.0,8.0
Casanare,2017-12-13 12:45:00,35,100.0,2017-11-17 05:00:00,viernes,35,Seca,Seca y limpia,Plano,Terraplen,Curva Izquierda,Transito normal con precaución,0,0,0,0,1.0,Choque,no mantener distancia de seguridad,6606_2_35,15.0,9.0
Casanare,2017-12-13 12:50:00,39,0.0,2017-11-29 05:00:00,miercoles,5,Normal,Seca y limpia,Plano,Terraplen,Recta,Transito normal con precaución,0,0,2,0,1.0,Choque,impericia en el manejo,6606_2_39,16.0,8.0
Casanare,2018-02-14 01:17:00,10,0.0,2018-01-12 05:00:00,viernes,0,Normal,Seca y limpia,Plano,Terraplen,Curva Derecha,Transito normal con precaución,0,0,0,0,1.0,Choque,condiciones de la via y factores ambientales,6606_2_10,11.0,13.0
Casanare,2018-02-14 01:20:00,11,0.0,2018-01-12 05:00:00,viernes,0,Normal,Seca y limpia,Plano,Terraplen,Curva Izquierda,Transito normal con precaución,0,0,0,0,1.0,Choque,condiciones de la via y factores ambientales,6606_2_11,21.0,3.0
Casanare,2018-02-14 01:24:00,21,500.0,2018-01-21 05:00:00,domingo,10,Normal,Seca y limpia,Plano,Terraplen,Recta,Transito normal con precaución,0,0,0,0,1.0,Choque,condiciones de la via y factores ambientales,6606_2_21,15.0,9.0
Casanare,2018-03-13 23:47:00,21,0.0,2018-02-18 05:00:00,domingo,30,Normal,Seca y limpia,Plano,Terraplen,Curva Derecha,Transito normal con precaución,0,0,0,0,1.0,Choque,no mantener distancia de seguridad,6606_2_21,20.0,4.0
Casanare,2018-03-13 23:50:00,0,39.0,2018-02-02 05:00:00,viernes,40,Normal,Seca y limpia,Plano,Terraplen,Recta,Transito normal con precaución,0,0,0,0,1.0,Choque,maniobras imprudentes,6606_2_0,7.0,17.0
Casanare,2018-04-12 16:54:00,33,0.0,2018-03-19 05:00:00,lunes,0,Normal,Seca y limpia,Plano,Terraplen,Recta,Transito normal con precaución,0,0,0,1,1.0,Choque,estacionamiento y senalizacion imprudente,6606_2_33,16.0,8.0
Casanare,2017-08-30 16:13:00,4,800.0,2017-02-26 05:00:00,domingo,0,Normal,Seca y limpia,Plano,Terraplen,Recta,Transito normal con precaución,0,0,0,1,1.0,Salida de la vía sin volcarse,exceso de velocidad,6605_0_4,16.0,8.0
Casanare,2017-10-09 16:41:00,19,500.0,2017-09-29 05:00:00,viernes,30,Lluvia,Humeda,Plano,Terraplen,Curva Derecha,Parcial con reducción de carriles,0,0,0,1,1.0,Choque,no determinada,6605_0_19,10.0,14.0
Casanare,2018-01-11 14:29:00,62,0.0,2017-12-15 05:00:00,viernes,0,Normal,Seca y limpia,Plano,Terraplen,Recta,Parcial con paso alternado,0,0,0,1,1.0,Choque,no determinada,6605_0_62,12.0,12.0
Norte de Santander,2017-05-15 21:05:00,87,200.0,2017-04-10 05:00:00,lunes,0,Normal,Seca y limpia,Montañoso,Media ladera Izquierda,Curva Derecha,Transito normal con precaución,0,0,2,0,1.0,Volcamiento,no determinada,6604_0_87,20.0,4.0
Norte de Santander,2017-05-15 21:35:00,111,290.0,2017-04-06 05:00:00,jueves,0,Normal,Seca y limpia,Montañoso,Media Ladera Derecha,Curva Izquierda,Transito normal con precaución,0,0,1,0,1.0,Volcamiento,no determinada,6604_0_111,9.0,15.0
Norte de Santander,2017-07-18 15:09:00,43,250.0,2017-05-25 05:00:00,jueves,0,Normal,Seca y limpia,Montañoso,Media Ladera Derecha,Curva Izquierda,Transito normal con precaución,0,0,2,0,1.0,Volcamiento,no determinada,6604_0_43,22.0,2.0
Norte de Santander,2017-07-18 15:19:00,52,40.0,2017-05-29 05:00:00,lunes,0,Normal,Seca y limpia,Montañoso,Media Ladera Derecha,Curva Izquierda,Transito normal con precaución,0,0,0,0,1.0,Volcamiento,no determinada,6604_0_52,16.0,8.0
Norte de Santander,2017-07-18 15:26:00,36,530.0,2017-06-08 05:00:00,jueves,30,Normal,Seca y limpia,Montañoso,Media Ladera Derecha,Curva Izquierda,Transito normal con precaución,0,0,1,0,1.0,Volcamiento,no determinada,6604_0_36,10.0,14.0
Norte de Santander,2017-08-09 21:56:00,71,450.0,2017-07-07 05:00:00,viernes,0,Normal,Seca y limpia,Montañoso,Media Ladera Derecha,Curva Izquierda,Transito normal con precaución,0,0,0,0,1.0,Volcamiento,no determinada,6604_0_71,6.0,18.0
Norte de Santander,2017-08-09 22:18:00,0,270.0,2017-07-17 05:00:00,lunes,0,Normal,Seca y limpia,Plano,Media Ladera Derecha,Recta,Transito normal con precaución,0,0,0,0,1.0,Volcamiento,no determinada,6604_0_0,5.0,19.0
Norte de Santander,2017-08-15 16:33:00,29,800.0,2017-08-08 05:00:00,martes,0,Normal,Humeda,Ondulado,Media Ladera Derecha,Curva Izquierda,Transito normal con precaución,0,0,0,0,1.0,Volcamiento,no determinada,6604_0_29,19.0,5.0
Norte de Santander,2017-09-11 13:08:00,129,15.0,2017-08-13 05:00:00,domingo,0,Normal,Seca y limpia,Plano,Terraplen,Recta,Transito normal con precaución,0,0,0,0,1.0,Choque,condiciones de la via y factores ambientales,6604_0_129,20.0,4.0
Norte de Santander,2017-09-11 13:39:00,123,50.0,2017-08-17 05:00:00,jueves,30,Normal,Seca y limpia,Plano,Terraplen,Recta,Transito normal con precaución,0,0,1,1,1.0,Choque,condiciones de la via y factores ambientales,6604_0_123,13.0,11.0
Norte de Santander,2017-09-14 20:39:00,66,600.0,2017-08-24 05:00:00,jueves,30,Normal,Seca y limpia,Montañoso,Media Ladera Derecha,Curva Derecha,Transito normal con precaución,0,0,0,0,1.0,Volcamiento,no determinada,6604_0_66,3.0,21.0
Norte de Santander,2017-10-02 16:56:00,147,132.0,2017-09-02 05:00:00,sabado,0,Normal,Seca y limpia,Plano,Terraplen,Recta,Transito normal con precaución,0,0,1,0,1.0,Salida de la vía sin volcarse,no determinada,6604_0_147,9.0,15.0
Norte de Santander,2017-10-02 17:02:00,35,230.0,2017-09-08 05:00:00,viernes,0,Normal,Seca y limpia,Plano,Media Ladera Derecha,Recta,Transito normal con precaución,0,0,0,1,1.0,Atropello,no determinada,6604_0_35,13.0,11.0
Norte de Santander,2017-11-15 16:57:00,30,70.0,2017-10-02 05:00:00,lunes,0,Normal,Seca y limpia,Montañoso,Media Ladera Derecha,Curva Izquierda,Transito normal con precaución,0,0,0,0,1.0,Volcamiento,no determinada,6604_0_30,15.0,9.0
Norte de Santander,2017-11-15 19:52:00,54,0.0,2017-10-12 05:00:00,jueves,0,Normal,Seca y limpia,Montañoso,Media Ladera Derecha,Curva Izquierda,Transito normal con precaución,0,0,0,1,1.0,Volcamiento,no determinada,6604_0_54,16.0,8.0
Norte de Santander,2017-12-11 22:12:00,32,420.0,2017-11-14 05:00:00,martes,30,Normal,Seca y limpia,Montañoso,Media Ladera Derecha,Curva Derecha,Transito normal con precaución,0,0,0,0,1.0,Volcamiento,no determinada,6604_0_32,15.0,9.0
Norte de Santander,2018-01-16 14:57:00,8,58.0,2017-12-01 05:00:00,viernes,45,Normal,Seca y limpia,Plano,Media ladera Izquierda,Curva Izquierda,Transito normal con precaución,0,0,0,1,1.0,Volcamiento,no determinada,6604_0_8,4.0,20.0
Norte de Santander,2018-01-16 15:50:00,124,408.0,2017-12-03 05:00:00,domingo,30,Normal,Seca y limpia,Plano,Media Ladera Derecha,Recta,Transito normal con precaución,0,0,0,1,1.0,Choque,no determinada,6604_0_124,5.0,19.0
Norte de Santander,2018-01-16 16:15:00,63,70.0,2017-12-22 05:00:00,viernes,0,Normal,Seca y limpia,Montañoso,Media Ladera Derecha,Curva Derecha,Transito normal con precaución,0,0,0,0,1.0,Volcamiento,no determinada,6604_0_63,16.0,8.0
Norte de Santander,2018-03-06 15:28:00,22,300.0,2018-02-19 05:00:00,lunes,30,Normal,Seca y limpia,Montañoso,Media Ladera Derecha,Curva Derecha,Transito normal con precaución,0,0,0,0,1.0,Volcamiento,no determinada,6604_0_22,18.0,6.0
Norte de Santander,2018-03-06 15:28:00,22,300.0,2018-02-19 05:00:00,lunes,30,Normal,Seca y limpia,Montañoso,Media Ladera Derecha,Curva Derecha,Transito normal con precaución,0,0,0,0,1.0,Volcamiento,no determinada,6604_0_22,16.0,8.0
Norte de Santander,2018-03-06 15:42:00,145,691.0,2018-02-25 05:00:00,domingo,40,Normal,Seca y limpia,Plano,Terraplen,Recta,Transito normal con precaución,0,0,0,0,1.0,Choque,no determinada,6604_0_145,16.0,8.0
Norte de Santander,2018-04-06 16:43:00,12,400.0,2018-03-04 05:00:00,domingo,0,Normal,Seca y limpia,Montañoso,Media ladera Izquierda,Curva Izquierda,Transito normal con precaución,0,0,0,1,1.0,Volcamiento,no determinada,6604_0_12,2.0,22.0
Norte de Santander,2018-04-06 16:43:00,12,400.0,2018-03-04 05:00:00,domingo,0,Normal,Seca y limpia,Montañoso,Media ladera Izquierda,Curva Izquierda,Transito normal con precaución,0,0,0,1,1.0,Volcamiento,no determinada,6604_0_12,14.0,10.0
Norte de Santander,2018-04-09 20:01:00,71,700.0,2018-03-08 05:00:00,jueves,10,Normal,Humeda,Montañoso,Media ladera Izquierda,Curva Izquierda,Transito normal con precaución,0,0,2,0,1.0,Volcamiento,no determinada,6604_0_71,6.0,18.0
Norte de Santander,2018-04-09 20:27:00,122,420.0,2018-03-11 05:00:00,domingo,0,Normal,Seca y limpia,Plano,Terraplen,Recta,Transito normal con precaución,0,0,0,1,1.0,Atropello,no determinada,6604_0_122,9.0,15.0
Santander,2017-05-24 22:17:00,60,900.0,2017-01-18 05:00:00,miercoles,40,Niebla,Seca y limpia,Plano,Cajón,Recta,Parcial con reducción de carriles,1,0,0,1,1.0,Choque,maniobras imprudentes,6602_2_60,18.0,7.0
Santander,2017-05-24 22:02:00,66,800.0,2017-01-24 05:00:00,martes,30,Sol,Seca y limpia,Ondulado,Media Ladera Derecha,Curva Derecha,Parcial con reducción de carriles,0,35,0,1,1.0,Caída ocupante,maniobras imprudentes,6602_1_66,13.0,11.0
Casanare,2017-05-03 16:41:00,0,800.0,2017-04-02 05:00:00,domingo,30,Seca,Seca y limpia,Ondulado,Terraplen,Recta,Transito normal con precaución,0,0,0,1,1.0,Choque,no determinada,6515_2_0,9.0,15.0
Casanare,2017-05-03 20:08:00,72,450.0,2017-04-13 05:00:00,jueves,15,Seca,Seca y limpia,Plano,Terraplen,Recta,Transito normal con precaución,0,0,1,0,1.0,Choque,exceso de velocidad,6515_2_72,1.0,23.0
Casanare,2017-05-04 13:45:00,4,500.0,2017-04-23 05:00:00,domingo,0,Lluvia,Humeda,Plano,Terraplen,Recta,Transito normal con precaución,0,0,1,0,1.0,Volcamiento,defectos fisicos y psiquicos,6515_2_4,16.0,8.0
Casanare,2017-05-04 13:48:00,57,185.0,2017-04-15 05:00:00,sabado,30,Seca,Seca y limpia,Plano,Terraplen,Recta,Transito normal con precaución,0,0,1,0,1.0,Atropello,conducta de peatones,6515_2_57,13.0,11.0
Casanare,2017-05-05 20:08:00,88,100.0,2017-04-16 05:00:00,domingo,50,Lluvia,Humeda,Plano,Terraplen,Recta,Transito normal con precaución,0,0,0,0,1.0,Choque,embriaguez o sustancias alucinogenas,6515_2_88,20.0,4.0
Casanare,2017-06-06 15:04:00,58,81.0,2017-05-07 05:00:00,domingo,0,Seca,Seca y limpia,Plano,Terraplen,Recta,Transito normal con precaución,0,0,0,0,1.0,Choque,desobediencia a normas y senales,6515_2_58,8.0,16.0
Casanare,2017-07-04 21:48:00,57,486.0,2017-06-13 05:00:00,martes,20,Seca,Seca y limpia,Plano,Terraplen,Recta,Transito normal con precaución,0,0,0,0,1.0,Choque,desobediencia a normas y senales,6515_2_57,22.0,2.0
Casanare,2017-08-03 16:16:00,72,750.0,2017-07-02 05:00:00,domingo,10,Seca,Seca y limpia,Plano,Terraplen,Recta,Transito normal con precaución,0,0,0,1,1.0,Choque,embriaguez o sustancias alucinogenas,6515_2_72,17.0,7.0
Casanare,2017-08-03 16:20:00,54,400.0,2017-07-12 05:00:00,miercoles,30,Seca,Seca y limpia,Plano,Terraplen,Recta,Transito normal con precaución,0,0,3,0,1.0,Choque,no determinada,6515_2_54,16.0,8.0
Casanare,2017-08-03 16:28:00,62,550.0,2017-07-15 05:00:00,sabado,20,Seca,Seca y limpia,Plano,Terraplen,Recta,Transito normal con precaución,0,0,0,0,1.0,Choque,estacionamiento y senalizacion imprudente,6515_2_62,10.0,14.0
Casanare,2017-08-08 16:05:00,63,630.0,2017-08-05 05:00:00,sabado,0,Sol,Seca y limpia,Plano,Terraplen,Recta,Cierre total,0,0,0,1,1.0,Choque,imprudencia del conductor,6515_2_63,17.0,7.0
Casanare,2017-08-22 14:01:00,61,968.0,2017-08-21 05:00:00,lunes,0,Seca,Seca y limpia,Plano,Terraplen,Recta,Cierre total,19,0,1,0,1.0,Choque,imprudencia del conductor,6515_2_61,22.0,21.0
Casanare,2017-09-04 22:36:00,52,100.0,2017-08-03 05:00:00,jueves,5,Normal,Seca y limpia,Plano,Terraplen,Recta,Transito normal con precaución,0,0,1,0,1.0,Choque,condiciones de la via y factores ambientales,6515_2_52,20.0,4.0
Casanare,2017-09-04 22:41:00,57,935.0,2017-08-08 05:00:00,martes,50,Sol,Seca y limpia,Plano,Terraplen,Recta,Transito normal con precaución,0,0,0,0,1.0,Choque,embriaguez o sustancias alucinogenas,6515_2_57,3.0,21.0
Casanare,2017-09-04 22:43:00,57,610.0,2017-08-17 05:00:00,jueves,41,Sol,Seca y limpia,Plano,Terraplen,Recta,Transito normal con precaución,0,0,2,0,1.0,Choque,desobediencia a normas y senales,6515_2_57,6.0,18.0
Casanare,2018-03-02 20:09:00,39,200.0,2018-02-23 05:00:00,viernes,30,Sol,Seca y limpia,Montañoso,Media Ladera Derecha,Curva Derecha,Transito normal con precaución,0,0,0,0,1.0,Volcamiento,no determinada,6211_1_39,22.0,2.0
Casanare,2018-03-02 20:09:00,39,200.0,2018-02-23 05:00:00,viernes,30,Sol,Seca y limpia,Montañoso,Media Ladera Derecha,Curva Derecha,Transito normal con precaución,0,0,0,0,1.0,Volcamiento,no determinada,6211_1_39,14.0,10.0
Casanare,2018-03-02 20:12:00,19,800.0,2018-01-24 05:00:00,miercoles,30,Sol,Seca y limpia,Montañoso,Media ladera Izquierda,Curva Derecha,Transito normal con precaución,0,0,0,0,1.0,Volcamiento,no determinada,6211_1_19,13.0,11.0
Casanare,2018-03-02 20:16:00,60,800.0,2018-02-24 05:00:00,sabado,30,Lluvia,Seca y limpia,Montañoso,Media Ladera Derecha,Curva Izquierda,Transito normal con precaución,0,0,0,0,1.0,Volcamiento,no determinada,6211_1_60,12.0,12.0
Casanare,2018-04-06 20:44:00,31,400.0,2018-03-01 05:00:00,jueves,0,Normal,Seca y limpia,Montañoso,Media ladera Izquierda,Curva Derecha,Transito normal con precaución,0,0,0,0,1.0,Volcamiento,no determinada,6211_1_31,18.0,6.0
Casanare,2018-04-06 20:52:00,58,750.0,2018-03-04 05:00:00,domingo,30,Lluvia,Humeda,Montañoso,Media Ladera Derecha,Curva Derecha,Parcial con reducción de carriles,0,30,2,0,1.0,Choque,no determinada,6211_1_58,6.0,18.0
Casanare,2018-04-06 21:03:00,80,800.0,2018-03-10 05:00:00,sabado,30,Sol,Seca y limpia,Montañoso,Media ladera Izquierda,Curva Derecha,Transito normal con precaución,0,0,0,0,1.0,Volcamiento,no determinada,6211_1_80,23.0,1.0
Casanare,2018-04-06 21:38:00,19,930.0,2018-03-13 05:00:00,martes,30,Normal,Seca y limpia,Montañoso,Media ladera Izquierda,Curva Derecha,Transito normal con precaución,0,0,1,0,1.0,Salida de la vía sin volcarse,no determinada,6211_1_19,12.0,12.0
Boyacá,2018-04-12 22:13:00,6,420.0,2018-03-21 05:00:00,miercoles,0,Normal,Seca y limpia,Montañoso,Media ladera Izquierda,Curva Izquierda,Transito normal con precaución,0,0,0,0,1.0,Volcamiento,fallas mecanicas y del sistema electrico,6211_1_6,3.0,21.0
Boyacá,2018-04-12 22:21:00,14,750.0,2018-03-28 05:00:00,miercoles,0,Lluvia,Humeda,Ondulado,Media ladera Izquierda,Curva Izquierda,Transito normal con precaución,0,0,0,0,1.0,Salida de la vía sin volcarse,defectos fisicos y psiquicos,6211_1_14,18.0,6.0
Casanare,2017-05-05 20:26:00,80,800.0,2017-04-11 05:00:00,martes,30,Normal,Humeda,Montañoso,Media Ladera Derecha,Curva Izquierda,Transito normal con precaución,0,0,0,0,1.0,Choque,no determinada,6211_1_80,5.0,19.0
Casanare,2017-05-11 23:08:00,80,800.0,2017-05-11 05:00:00,jueves,40,Normal,Humeda,Montañoso,Media Ladera Derecha,Curva Izquierda,Cierre total,0,30,0,0,1.0,Choque,no determinada,6211_1_80,13.0,11.0
Boyacá,2017-05-18 14:08:00,12,0.0,2016-12-01 05:00:00,jueves,0,Lluvia,Humeda,Escarpado,Media ladera Izquierda,Curva Izquierda,Transito normal con precaución,0,0,1,0,1.0,Choque,embriaguez o sustancias alucinogenas,6211_1_12,12.0,12.0
Casanare,2017-05-18 15:31:00,55,150.0,2017-04-21 05:00:00,viernes,30,Niebla,Humeda,Montañoso,Media ladera Izquierda,Curva Izquierda,Transito normal con precaución,0,0,2,0,1.0,Choque,no determinada,6211_1_55,15.0,9.0
Casanare,2017-05-18 15:45:00,83,0.0,2017-04-23 05:00:00,domingo,0,Lluvia,Humeda,Montañoso,Media Ladera Derecha,Curva Izquierda,Transito normal con precaución,0,0,2,0,1.0,Volcamiento,no determinada,6211_1_83,4.0,20.0
Boyacá,2017-05-18 16:40:00,10,400.0,2016-12-12 05:00:00,lunes,0,Normal,Seca y limpia,Escarpado,Media Ladera Derecha,Curva Derecha,Transito normal con precaución,0,0,0,0,1.0,Choque,estacionamiento y senalizacion imprudente,6211_1_10,7.0,17.0
Boyacá,2017-05-18 17:35:00,0,0.0,2016-12-21 05:00:00,miercoles,30,Normal,Seca y limpia,Plano,Terraplen,Recta,Transito normal con precaución,0,0,1,0,1.0,Choque,imprudencia del conductor,6211_1_0,13.0,11.0
Boyacá,2017-05-18 17:50:00,15,400.0,2017-01-02 05:00:00,lunes,36,Normal,Seca y limpia,Escarpado,Media Ladera Derecha,Curva Izquierda,Transito normal con precaución,0,0,1,0,1.0,Atropello,imprudencia del conductor,6211_1_15,2.0,22.0
Boyacá,2017-05-18 18:00:00,7,600.0,2017-01-06 05:00:00,viernes,0,Normal,Seca y limpia,Escarpado,Media Ladera Derecha,Curva Derecha,Transito normal con precaución,0,0,0,0,1.0,Volcamiento,fallas mecanicas y del sistema electrico,6211_1_7,14.0,10.0
Boyacá,2017-05-22 15:39:00,11,970.0,2017-02-20 05:00:00,lunes,40,Lluvia,Humeda,Escarpado,Media Ladera Derecha,Curva Izquierda,Transito normal con precaución,0,0,0,0,1.0,Choque,exceso de velocidad,6211_1_11,18.0,6.0
Boyacá,2017-05-22 15:41:00,10,0.0,2017-02-22 05:00:00,miercoles,45,Lluvia,Humeda,Escarpado,Media Ladera Derecha,Curva Izquierda,Transito normal con precaución,0,0,0,0,1.0,Salida de la vía sin volcarse,exceso de velocidad,6211_1_10,20.0,4.0
Boyacá,2017-05-22 19:09:00,7,200.0,2017-03-08 05:00:00,miercoles,30,Sol,Seca y limpia,Escarpado,Media Ladera Derecha,Curva Derecha,Transito normal con precaución,0,0,0,0,1.0,Volcamiento,exceso de velocidad,6211_1_7,2.0,22.0
Boyacá,2017-05-22 19:17:00,4,500.0,2017-03-23 05:00:00,jueves,40,Normal,Seca y limpia,Escarpado,Media Ladera Derecha,Curva Derecha,Transito normal con precaución,0,0,12,0,1.0,Volcamiento,imprudencia del conductor,6211_1_4,3.0,21.0
Boyacá,2017-05-24 18:52:00,2,80.0,2017-04-07 05:00:00,viernes,0,Normal,Seca y limpia,Escarpado,Media Ladera Derecha,Curva Derecha,Transito normal con precaución,0,0,2,0,1.0,Choque,imprudencia del conductor,6211_1_2,12.0,12.0
Boyacá,2017-05-31 15:49:00,15,400.0,2017-01-02 05:00:00,lunes,36,Normal,Seca y limpia,Escarpado,Media Ladera Derecha,Curva Izquierda,Transito normal con precaución,0,0,1,0,1.0,Atropello,imprudencia del conductor,6211_1_15,14.0,10.0
Boyacá,2017-05-31 21:11:00,2,80.0,2017-04-07 05:00:00,viernes,0,Normal,Seca y limpia,Escarpado,Media Ladera Derecha,Curva Derecha,Transito normal con precaución,0,0,2,0,1.0,Choque,imprudencia del conductor,6211_1_2,15.0,9.0
Boyacá,2017-06-05 14:53:00,5,340.0,2017-05-12 05:00:00,viernes,15,Lluvia,Humeda,Escarpado,Media ladera Izquierda,Curva Izquierda,Transito normal con precaución,0,0,0,0,1.0,Salida de la vía sin volcarse,condiciones de la via y factores ambientales,6211_1_5,21.0,3.0
Boyacá,2017-07-05 13:13:00,15,620.0,2017-06-09 05:00:00,viernes,0,Normal,Seca y limpia,Escarpado,Media Ladera Derecha,Curva Derecha,Transito normal con precaución,0,0,0,0,1.0,Salida de la vía sin volcarse,imprudencia del conductor,6211_1_15,19.0,5.0
Boyacá,2017-07-05 13:18:00,11,950.0,2017-06-09 05:00:00,viernes,45,Normal,Seca y limpia,Escarpado,Media ladera Izquierda,Curva Izquierda,Transito normal con precaución,0,0,0,0,1.0,Volcamiento,defectos fisicos y psiquicos,6211_1_11,17.0,7.0