territorial,fecha_registro,pr,distancia_pr,fecha_acc,dia_semana_acc,min_acc,condic_meteor,estado_super,terreno,secc_tip,geometria_acc,tipo_cierre,horas_cierre,min_cierre,n_heridos,n_muertos,n_victimas,clase_accidente,causa_posible,ref_loc,hora_acc,duracion_cierre_horas
Boyacá,2017-07-05 13:45:00,5,920.0,2017-06-23 05:00:00,viernes,0,Normal,Seca y limpia,Escarpado,Media ladera Izquierda,Curva Izquierda,Transito normal con precaución,0,0,0,1,1.0,Choque,imprudencia del conductor,6211_1_5,18.0,6.0
Casanare,2017-07-18 20:04:00,72,400.0,2017-06-02 05:00:00,viernes,55,Normal,Seca y limpia,Montañoso,Media Ladera Derecha,Curva Izquierda,Transito normal con precaución,0,0,2,0,1.0,Salida de la vía sin volcarse,no determinada,6211_1_72,10.0,14.0
Casanare,2017-07-18 20:21:00,100,800.0,2017-06-05 05:00:00,lunes,0,Normal,Seca y limpia,Montañoso,Media Ladera Derecha,Curva Derecha,Cierre total,5,0,11,1,1.0,Choque,no determinada,6211_1_100,16.0,13.0
Casanare,2017-07-18 20:27:00,60,300.0,2017-06-14 05:00:00,miercoles,0,Normal,Seca y limpia,Montañoso,Media ladera Izquierda,Curva Derecha,Transito normal con precaución,0,0,0,0,1.0,Choque,no determinada,6211_1_60,9.0,15.0
Casanare,2017-07-18 20:49:00,38,450.0,2017-06-17 05:00:00,sabado,30,Lluvia,Humeda,Montañoso,Media Ladera Derecha,Curva Izquierda,Transito normal con precaución,0,0,0,0,1.0,Volcamiento,no determinada,6211_1_38,19.0,5.0
Casanare,2017-07-18 20:59:00,17,970.0,2017-06-17 05:00:00,sabado,30,Lluvia,Humeda,Montañoso,Media Ladera Derecha,Curva Derecha,Transito normal con precaución,0,0,0,0,1.0,Choque,no determinada,6211_1_17,5.0,19.0
Casanare,2017-07-18 21:18:00,79,100.0,2017-06-20 05:00:00,martes,0,Lluvia,Humeda,Montañoso,Media Ladera Derecha,Curva Derecha,Cierre total,1,0,0,0,1.0,Choque,no determinada,6211_1_79,9.0,16.0
Casanare,2017-07-18 21:35:00,16,400.0,2017-06-29 05:00:00,jueves,0,Sol,Seca y limpia,Montañoso,Media ladera Izquierda,Curva Izquierda,Transito normal con precaución,0,0,0,0,1.0,Volcamiento,no determinada,6211_1_16,15.0,9.0
Casanare,2017-07-18 22:28:00,63,0.0,2017-06-30 05:00:00,viernes,30,Sol,Seca y limpia,Montañoso,Media ladera Izquierda,Curva Derecha,Transito normal con precaución,0,0,0,0,1.0,Salida de la vía sin volcarse,no determinada,6211_1_63,22.0,2.0
Boyacá,2017-07-25 22:11:00,2,260.0,2017-07-21 05:00:00,viernes,0,Normal,Seca y limpia,Escarpado,Media Ladera Derecha,Recta,Transito normal con precaución,0,0,2,0,1.0,Salida de la vía sin volcarse,fallas mecanicas y del sistema electrico,6211_1_2,3.0,21.0
Boyacá,2017-06-05 00:05:00,0,500.0,2017-04-02 05:00:00,domingo,30,Normal,Seca y limpia,Ondulado,Terraplen,Recta,Transito normal con precaución,0,0,0,0,1.0,Choque,no mantener distancia de seguridad,6209_0_0,16.0,8.0
Boyacá,2017-06-05 00:09:00,53,250.0,2017-04-07 05:00:00,viernes,55,Niebla,Helada,Plano,Terraplen,Recta,Transito normal con precaución,0,0,0,0,1.0,Choque,desobediencia a normas y senales,6209_0_53,7.0,17.0
Boyacá,2017-06-05 01:19:00,52,600.0,2017-04-16 05:00:00,domingo,20,Normal,Seca y limpia,Plano,Media Ladera Derecha,Recta,Transito normal con precaución,0,0,0,0,1.0,Choque,no mantener distancia de seguridad,6209_0_52,13.0,11.0
Boyacá,2017-06-05 01:29:00,36,50.0,2017-04-24 05:00:00,lunes,50,Normal,Seca y limpia,Plano,Terraplen,Recta,Transito normal con precaución,0,0,0,1,1.0,Choque,adelantamientos indebidos,6209_0_36,10.0,14.0
Boyacá,2017-07-26 16:51:00,46,0.0,2017-04-13 05:00:00,jueves,30,Normal,Seca y limpia,Plano,Terraplen,Recta,Cierre total,3,30,3,3,1.0,Choque,adelantamientos indebidos,6209_0_46,22.0,5.0
Boyacá,2017-07-26 20:16:00,44,15.0,2017-05-01 05:00:00,lunes,0,Normal,Seca y limpia,Plano,Terraplen,Recta,Transito normal con precaución,0,0,0,0,1.0,Choque,adelantamientos indebidos,6209_0_44,5.0,19.0
Boyacá,2017-07-26 20:21:00,30,60.0,2017-05-08 05:00:00,lunes,30,Lluvia,Humeda,Plano,Terraplen,Curva Derecha,Transito normal con precaución,0,0,0,0,1.0,Choque,condiciones de la via y factores ambientales,6209_0_30,5.0,19.0
Boyacá,2017-07-26 20:27:00,21,350.0,2017-05-05 05:00:00,viernes,30,Lluvia,Humeda,Plano,Terraplen,Curva Derecha,Transito normal con precaución,0,0,0,0,1.0,Choque,adelantamientos indebidos,6209_0_21,12.0,12.0
Boyacá,2017-07-26 20:34:00,32,500.0,2017-05-19 05:00:00,viernes,30,Normal,Seca y limpia,Plano,Terraplen,Curva Derecha,Transito normal con precaución,0,0,0,0,1.0,Choque,adelantamientos indebidos,6209_0_32,19.0,5.0
Boyacá,2017-07-26 20:53:00,32,500.0,2017-05-19 05:00:00,viernes,30,Normal,Seca y limpia,Plano,Terraplen,Curva Derecha,Transito normal con precaución,0,0,3,0,1.0,Choque,adelantamientos indebidos,6209_0_32,23.0,1.0
Boyacá,2017-07-26 21:18:00,34,200.0,2017-05-28 05:00:00,domingo,35,Normal,Seca y limpia,Plano,Terraplen,Recta,Transito normal con precaución,0,0,0,0,1.0,Choque,embriaguez o sustancias alucinogenas,6209_0_34,3.0,21.0
Boyacá,2017-07-26 21:44:00,36,650.0,2017-05-26 05:00:00,viernes,30,Normal,Seca y limpia,Ondulado,Terraplen,Curva Derecha,Transito normal con precaución,0,0,0,0,1.0,Choque,exceso en horas de conduccion,6209_0_36,9.0,15.0
Boyacá,2017-07-26 21:59:00,14,500.0,2017-06-27 05:00:00,martes,50,Lluvia,Humeda,Ondulado,Terraplen,Recta,Transito normal con precaución,0,0,0,0,1.0,Choque,maniobras imprudentes,6209_0_14,5.0,19.0
Boyacá,2017-07-26 22:02:00,16,100.0,2017-06-17 05:00:00,sabado,50,Normal,Seca y limpia,Plano,Media ladera Izquierda,Recta,Transito normal con precaución,0,0,0,0,1.0,Choque,no mantener distancia de seguridad,6209_0_16,5.0,19.0
Boyacá,2017-07-26 22:04:00,19,500.0,2017-06-06 05:00:00,martes,10,Normal,Seca y limpia,Plano,Media ladera Izquierda,Curva Izquierda,Transito normal con precaución,0,0,0,0,1.0,Choque,fallas mecanicas y del sistema electrico,6209_0_19,16.0,8.0
Boyacá,2017-07-26 22:07:00,30,500.0,2017-06-29 05:00:00,jueves,0,Normal,Seca y limpia,Plano,Terraplen,Recta,Transito normal con precaución,0,0,0,0,1.0,Volcamiento,fallas mecanicas y del sistema electrico,6209_0_30,12.0,12.0
Boyacá,2017-07-26 22:27:00,32,800.0,2017-06-29 05:00:00,jueves,10,Normal,Seca y limpia,Plano,Terraplen,Recta,Transito normal con precaución,0,0,0,0,1.0,Choque,adelantamientos indebidos,6209_0_32,12.0,12.0
Boyacá,2017-10-04 18:53:00,2,800.0,2017-06-06 05:00:00,martes,20,Normal,Seca y limpia,Ondulado,Media ladera Izquierda,Curva Izquierda,Transito normal con precaución,0,0,0,0,1.0,Choque,adelantamientos indebidos,6209_0_2,17.0,7.0
Boyacá,2017-10-04 22:54:00,1,800.0,2017-07-06 05:00:00,jueves,35,Normal,Seca y limpia,Ondulado,Media Ladera Derecha,Recta,Transito normal con precaución,0,0,0,0,1.0,Choque,maniobras imprudentes,6209_0_1,8.0,16.0
Boyacá,2017-10-04 22:57:00,2,500.0,2017-07-07 05:00:00,viernes,35,Normal,Seca y limpia,Ondulado,Media Ladera Derecha,Recta,Transito normal con precaución,0,0,1,0,1.0,Choque,desobediencia a normas y senales,6209_0_2,7.0,17.0
Boyacá,2017-10-04 23:02:00,20,800.0,2017-07-10 05:00:00,lunes,30,Normal,Seca y limpia,Plano,Cajón,Curva Izquierda,Transito normal con precaución,0,0,0,0,1.0,Choque,adelantamientos indebidos,6209_0_20,7.0,17.0
Boyacá,2017-10-04 23:06:00,42,800.0,2017-07-15 05:00:00,sabado,45,Lluvia,Humeda,Ondulado,Terraplen,Curva Izquierda,Transito normal con precaución,0,0,0,0,1.0,Choque,maniobras imprudentes,6209_0_42,16.0,8.0
Boyacá,2017-10-04 23:36:00,45,0.0,2017-08-17 05:00:00,jueves,30,Normal,Seca y limpia,Plano,Terraplen,Curva Izquierda,Transito normal con precaución,0,0,0,0,1.0,Volcamiento,exceso en horas de conduccion,6209_0_45,7.0,17.0
Boyacá,2017-10-04 23:40:00,27,700.0,2017-08-18 05:00:00,viernes,40,Normal,Seca y limpia,Ondulado,Media Ladera Derecha,Recta,Transito normal con precaución,0,0,0,0,1.0,Choque,condiciones de la via y factores ambientales,6209_0_27,8.0,16.0
Boyacá,2017-10-04 23:44:00,20,800.0,2017-08-21 05:00:00,lunes,42,Lluvia,Humeda,Plano,Media Ladera Derecha,Recta,Transito normal con precaución,0,0,0,0,1.0,Choque,condiciones de la via y factores ambientales,6209_0_20,22.0,2.0
Boyacá,2017-10-04 23:49:00,2,200.0,2017-08-24 05:00:00,jueves,30,Lluvia,Humeda,Ondulado,Media Ladera Derecha,Recta,Transito normal con precaución,0,0,0,1,1.0,Choque,condiciones de la via y factores ambientales,6209_0_2,7.0,17.0
Boyacá,2017-10-20 19:45:00,39,600.0,2017-09-01 05:00:00,viernes,0,Normal,Seca y limpia,Montañoso,Media Ladera Derecha,Recta,Transito normal con precaución,0,0,0,0,1.0,Choque,maniobras imprudentes,6209_0_39,4.0,20.0
Boyacá,2017-10-20 19:52:00,41,600.0,2017-09-04 05:00:00,lunes,30,Normal,Seca y limpia,Ondulado,Media Ladera Derecha,Curva Derecha,Parcial con reducción de carriles,1,0,0,2,1.0,Choque,adelantamientos indebidos,6209_0_41,15.0,10.0
Boyacá,2017-10-20 20:00:00,42,500.0,2017-09-06 05:00:00,miercoles,40,Lluvia,Humeda,Plano,Media Ladera Derecha,Recta,Transito normal con precaución,0,0,0,0,1.0,Choque,condiciones de la via y factores ambientales,6209_0_42,9.0,15.0
Boyacá,2017-10-20 20:06:00,21,960.0,2017-09-13 05:00:00,miercoles,0,Lluvia,Humeda,Ondulado,Media Ladera Derecha,Curva Izquierda,Transito normal con precaución,0,0,0,0,1.0,Choque,adelantamientos indebidos,6209_0_21,7.0,17.0
Boyacá,2017-10-20 20:14:00,33,127.0,2017-09-20 05:00:00,miercoles,40,Lluvia,Humeda,Plano,Media Ladera Derecha,Recta,Transito normal con precaución,0,0,0,0,1.0,Choque,condiciones de la via y factores ambientales,6209_0_33,9.0,15.0
Boyacá,2017-11-18 23:14:00,0,500.0,2017-10-07 05:00:00,sabado,45,Normal,Seca y limpia,Ondulado,Media Ladera Derecha,Recta,Transito normal con precaución,0,0,0,0,1.0,Choque,condiciones de la via y factores ambientales,6209_0_0,13.0,11.0
Boyacá,2017-11-18 23:20:00,6,250.0,2017-10-21 05:00:00,sabado,0,Normal,Seca y limpia,Plano,Media Ladera Derecha,Recta,Parcial con reducción de carriles,0,50,0,1,1.0,Choque,maniobras imprudentes,6209_0_6,16.0,8.0
Boyacá,2017-11-18 23:24:00,10,750.0,2017-10-16 05:00:00,lunes,5,Normal,Seca y limpia,Montañoso,Media ladera Izquierda,Recta,Transito normal con precaución,0,0,0,0,1.0,Choque,no mantener distancia de seguridad,6209_0_10,0.0,0.0
Boyacá,2017-11-18 23:28:00,11,900.0,2017-10-12 05:00:00,jueves,0,Normal,Seca y limpia,Ondulado,Cajón,Recta,Transito normal con precaución,0,0,0,0,1.0,Volcamiento,fallas mecanicas y del sistema electrico,6209_0_11,16.0,8.0
Boyacá,2017-11-18 23:32:00,33,500.0,2017-10-01 05:00:00,domingo,30,Normal,Seca y limpia,Plano,Terraplen,Recta,Parcial con reducción de carriles,0,30,1,0,1.0,Choque,exceso de velocidad,6209_0_33,18.0,6.0
Boyacá,2017-11-18 23:40:00,46,150.0,2017-10-16 05:00:00,lunes,30,Normal,Seca y limpia,Plano,Terraplen,Curva Izquierda,Parcial con reducción de carriles,0,30,1,0,1.0,Atropello,conducta de peatones,6209_0_46,12.0,12.0
Boyacá,2017-12-29 17:33:00,21,80.0,2017-11-05 05:00:00,domingo,40,Lluvia,Humeda,Plano,Cajón,Curva Izquierda,Transito normal con precaución,0,0,0,0,1.0,Choque,condiciones de la via y factores ambientales,6209_0_21,18.0,6.0
Boyacá,2017-12-29 17:36:00,31,800.0,2017-11-09 05:00:00,jueves,20,Normal,Seca y limpia,Plano,Terraplen,Recta,Transito normal con precaución,0,0,0,0,1.0,Choque,maniobras imprudentes,6209_0_31,15.0,9.0
Boyacá,2017-12-29 17:41:00,41,200.0,2017-11-12 05:00:00,domingo,10,Normal,Seca y limpia,Ondulado,Media Ladera Derecha,Recta,Transito normal con precaución,0,0,0,0,1.0,Choque,no mantener distancia de seguridad,6209_0_41,23.0,1.0
Boyacá,2017-12-29 17:44:00,14,850.0,2017-11-13 05:00:00,lunes,30,Normal,Seca y limpia,Montañoso,Media ladera Izquierda,Recta,Transito normal con precaución,0,0,0,0,1.0,Choque,no mantener distancia de seguridad,6209_0_14,0.0,0.0
Boyacá,2017-12-29 17:47:00,1,500.0,2017-11-21 05:00:00,martes,40,Normal,Seca y limpia,Ondulado,Cajón,Recta,Transito normal con precaución,0,0,0,0,1.0,Choque,fallas mecanicas y del sistema electrico,6209_0_1,20.0,4.0
Boyacá,2018-01-23 17:18:00,31,700.0,2017-12-03 05:00:00,domingo,30,Lluvia,Humeda,Plano,Media Ladera Derecha,Recta,Transito normal con precaución,0,0,0,0,1.0,Incendio,condiciones de la via y factores ambientales,6209_0_31,10.0,14.0
Boyacá,2018-01-23 17:23:00,34,150.0,2017-12-07 05:00:00,jueves,30,Lluvia,Humeda,Plano,Terraplen,Recta,Transito normal con precaución,0,0,0,0,1.0,Choque,condiciones de la via y factores ambientales,6209_0_34,14.0,10.0
Boyacá,2018-01-23 17:26:00,25,0.0,2017-12-08 05:00:00,viernes,40,Normal,Seca y limpia,Plano,Media Ladera Derecha,Recta,Transito normal con precaución,0,0,0,0,1.0,Choque,exceso en horas de conduccion,6209_0_25,14.0,10.0
Boyacá,2018-01-23 17:30:00,22,200.0,2017-12-10 05:00:00,domingo,0,Normal,Seca y limpia,Ondulado,Media Ladera Derecha,Curva Derecha,Transito normal con precaución,0,0,0,0,1.0,Choque,no mantener distancia de seguridad,6209_0_22,3.0,21.0
Boyacá,2018-01-23 17:35:00,14,800.0,2017-12-27 05:00:00,miercoles,0,Normal,Seca y limpia,Ondulado,Media ladera Izquierda,Recta,Transito normal con precaución,0,0,0,0,1.0,Choque,maniobras imprudentes,6209_0_14,2.0,22.0
Boyacá,2018-01-23 17:40:00,35,480.0,2017-12-27 05:00:00,miercoles,58,Normal,Seca y limpia,Plano,Cajón,Recta,Parcial con reducción de carriles,0,0,2,0,1.0,Choque,no mantener distancia de seguridad,6209_0_35,8.0,16.0
Boyacá,2018-02-05 16:02:00,21,100.0,2018-01-01 05:00:00,lunes,15,Lluvia,Humeda,Plano,Cajón,Curva Izquierda,Transito normal con precaución,0,0,0,0,1.0,Choque,maniobras imprudentes,6209_0_21,18.0,6.0
Boyacá,2018-02-05 16:11:00,25,500.0,2018-01-06 05:00:00,sabado,10,Lluvia,Humeda,Plano,Media Ladera Derecha,Recta,Transito normal con precaución,0,0,0,0,1.0,Choque,maniobras imprudentes,6209_0_25,5.0,19.0
Boyacá,2018-02-05 16:30:00,39,700.0,2018-01-09 05:00:00,martes,0,Normal,Seca y limpia,Plano,Media Ladera Derecha,Recta,Transito normal con precaución,0,0,0,0,1.0,Choque,no determinada,6209_0_39,19.0,5.0
Boyacá,2018-02-05 16:51:00,0,32.0,2018-01-10 05:00:00,miercoles,0,Normal,Seca y limpia,Plano,Cajón,Curva Izquierda,Transito normal con precaución,0,0,0,0,1.0,Choque,no determinada,6209_0_0,11.0,13.0
Boyacá,2018-02-05 17:13:00,4,50.0,2018-01-11 05:00:00,jueves,30,Normal,Seca y limpia,Ondulado,Media Ladera Derecha,Recta,Parcial con reducción de carriles,0,0,0,0,1.0,Choque,condiciones de la via y factores ambientales,6209_0_4,6.0,18.0
Boyacá,2018-02-05 17:28:00,38,500.0,2018-01-17 05:00:00,miercoles,10,Normal,Seca y limpia,Ondulado,Media Ladera Derecha,Recta,Transito normal con precaución,0,0,0,0,1.0,Choque,maniobras imprudentes,6209_0_38,8.0,16.0
Boyacá,2018-02-05 17:37:00,47,850.0,2018-01-21 05:00:00,domingo,0,Normal,Seca y limpia,Ondulado,Media Ladera Derecha,Recta,Transito normal con precaución,0,0,0,0,1.0,Choque,no mantener distancia de seguridad,6209_0_47,14.0,10.0
Boyacá,2018-03-05 21:42:00,47,100.0,2018-02-03 05:00:00,sabado,35,Normal,Seca y limpia,Ondulado,Media Ladera Derecha,Recta,Transito normal con precaución,0,0,0,0,1.0,Choque,no mantener distancia de seguridad,6209_0_47,6.0,18.0
Boyacá,2018-03-05 22:08:00,46,500.0,2018-02-05 05:00:00,lunes,15,Normal,Seca y limpia,Plano,Media Ladera Derecha,Recta,Transito normal con precaución,0,0,0,0,1.0,Choque,impericia en el manejo,6209_0_46,14.0,10.0
Boyacá,2018-03-05 22:12:00,37,900.0,2018-02-07 05:00:00,miercoles,35,Normal,Seca y limpia,Plano,Cajón,Recta,Transito normal con precaución,0,0,0,0,1.0,Choque,no mantener distancia de seguridad,6209_0_37,12.0,12.0
Boyacá,2018-03-05 22:16:00,21,100.0,2018-02-15 05:00:00,jueves,0,Lluvia,Humeda,Plano,Media Ladera Derecha,Curva Izquierda,Parcial con reducción de carriles,0,30,1,0,1.0,Choque,condiciones de la via y factores ambientales,6209_0_21,17.0,7.0
Boyacá,2018-03-05 22:20:00,22,0.0,2018-02-17 05:00:00,sabado,45,Lluvia,Humeda,Ondulado,Media Ladera Derecha,Recta,Transito normal con precaución,0,0,0,0,1.0,Choque,condiciones de la via y factores ambientales,6209_0_22,11.0,13.0
Boyacá,2018-04-06 19:31:00,11,350.0,2018-02-25 05:00:00,domingo,20,Normal,Seca y limpia,Plano,Media ladera Izquierda,Curva Izquierda,Transito normal con precaución,0,0,0,1,1.0,Salida de la vía sin volcarse,fallas mecanicas y del sistema electrico,6209_0_11,15.0,9.0
Boyacá,2018-04-06 19:51:00,12,700.0,2018-03-15 05:00:00,jueves,50,Normal,Seca y limpia,Ondulado,Cajón,Curva Derecha,Transito normal con precaución,0,0,0,0,1.0,Choque,fallas mecanicas y del sistema electrico,6209_0_12,2.0,22.0
Boyacá,2018-04-07 00:23:00,36,500.0,2018-03-20 05:00:00,martes,50,Normal,Seca y limpia,Plano,Terraplen,Recta,Transito normal con precaución,0,0,0,0,1.0,Choque,adelantamientos indebidos,6209_0_36,9.0,15.0
Boyacá,2018-04-07 00:27:00,36,800.0,2018-03-29 05:00:00,jueves,40,Lluvia,Humeda,Ondulado,Terraplen,Recta,Transito normal con precaución,0,0,1,0,1.0,Choque,condiciones de la via y factores ambientales,6209_0_36,17.0,7.0
Santander,2017-10-04 20:48:00,69,538.0,2017-07-25 05:00:00,martes,20,Seca,Seca y limpia,Plano,Terraplen,Recta,Transito normal con precaución,0,0,0,0,1.0,Volcamiento,adelantamientos indebidos,6208_2_69,5.0,19.0
Santander,2017-10-04 20:52:00,70,0.0,2017-07-04 05:00:00,martes,15,Seca,Seca y limpia,Plano,Terraplen,Recta,Transito normal con precaución,0,0,2,0,1.0,Choque,adelantamientos indebidos,6208_2_70,19.0,5.0
Santander,2017-10-05 21:50:00,60,480.0,2017-01-18 05:00:00,miercoles,15,Seca,Seca y limpia,Plano,Terraplen,Curva Derecha,Transito normal con precaución,0,0,1,0,1.0,Choque,exceso de velocidad,6208_2_60,12.0,12.0
Santander,2017-10-05 21:55:00,61,50.0,2017-01-27 05:00:00,viernes,20,Seca,Seca y limpia,Plano,Terraplen,Recta,Transito normal con precaución,0,0,1,0,1.0,Choque,maniobras imprudentes,6208_2_61,12.0,12.0
Santander,2017-10-05 21:57:00,0,350.0,2016-12-03 05:00:00,sabado,20,Seca,Seca y limpia,Plano,Terraplen,Curva Izquierda,Transito normal con precaución,0,0,0,0,1.0,Choque,defectos fisicos y psiquicos,6208_2_0,7.0,17.0
Santander,2017-12-06 12:35:00,57,768.0,2017-10-27 05:00:00,viernes,0,Normal,Seca y limpia,Plano,Terraplen,Recta,Transito normal con precaución,0,0,0,0,1.0,Choque,embriaguez o sustancias alucinogenas,6208_2_57,4.0,20.0
Santander,2018-01-15 15:00:00,66,100.0,2017-11-12 05:00:00,domingo,45,Normal,Seca y limpia,Plano,Terraplen,Curva Izquierda,Transito normal con precaución,0,0,1,0,1.0,Atropello,maniobras imprudentes,6208_2_66,23.0,1.0
Santander,2018-01-15 16:39:00,47,50.0,2017-12-30 05:00:00,sabado,0,Normal,Seca y limpia,Plano,Terraplen,Curva Izquierda,Transito normal con precaución,0,0,0,0,1.0,Volcamiento,condiciones de la via y factores ambientales,6208_2_47,6.0,18.0
Santander,2018-01-15 16:41:00,0,200.0,2017-12-31 05:00:00,domingo,30,Normal,Seca y limpia,Plano,Terraplen,Curva Derecha,Transito normal con precaución,0,0,0,0,1.0,Choque,adelantamientos indebidos,6208_2_0,16.0,8.0
Santander,2018-02-16 13:44:00,50,500.0,2018-01-02 05:00:00,martes,15,Seca,Seca y limpia,Plano,Terraplen,Curva Derecha,Transito normal con precaución,0,0,5,0,1.0,Choque,maniobras imprudentes,6208_2_50,8.0,16.0
Santander,2018-04-02 21:24:00,30,850.0,2018-02-04 05:00:00,domingo,30,Seca,Seca y limpia,Plano,Terraplen,Curva Derecha,Transito normal con precaución,0,0,0,0,1.0,Volcamiento,fallas mecanicas y del sistema electrico,6208_2_30,14.0,10.0
Santander,2018-04-02 21:24:00,30,850.0,2018-02-04 05:00:00,domingo,30,Seca,Seca y limpia,Plano,Terraplen,Curva Derecha,Transito normal con precaución,0,0,0,0,1.0,Volcamiento,fallas mecanicas y del sistema electrico,6208_2_30,20.0,4.0
Santander,2017-10-04 20:26:00,31,0.0,2017-08-05 05:00:00,sabado,15,Seca,Seca y limpia,Plano,Terraplen,Recta,Transito normal con precaución,0,0,1,0,1.0,Choque,maniobras imprudentes,6207_2_31,15.0,9.0
Santander,2017-10-04 20:40:00,31,0.0,2017-07-14 05:00:00,viernes,30,Seca,Seca y limpia,Plano,Terraplen,Recta,Transito normal con precaución,0,0,0,0,1.0,Choque,imprudencia del conductor,6207_2_31,13.0,11.0
Santander,2017-10-04 20:43:00,31,0.0,2017-07-30 05:00:00,domingo,0,Seca,Seca y limpia,Plano,Terraplen,Curva Izquierda,Transito normal con precaución,0,0,1,0,1.0,Caída ocupante,imprudencia del conductor,6207_2_31,19.0,5.0
Santander,2017-10-04 20:55:00,31,0.0,2017-06-20 05:00:00,martes,20,Seca,Seca y limpia,Plano,Terraplen,Recta,Transito normal con precaución,0,0,0,0,1.0,Choque,exceso de velocidad,6207_2_31,4.0,20.0
Santander,2017-10-05 21:02:00,31,0.0,2017-05-20 05:00:00,sabado,0,Seca,Seca y limpia,Plano,Terraplen,Recta,Transito normal con precaución,0,0,2,0,1.0,Choque,exceso de velocidad,6207_2_31,15.0,9.0
Santander,2017-10-05 21:06:00,31,0.0,2017-05-04 05:00:00,jueves,0,Seca,Seca y limpia,Plano,Terraplen,Recta,Transito normal con precaución,0,0,1,0,1.0,Caída ocupante,exceso en horas de conduccion,6207_2_31,20.0,4.0
Santander,2017-10-05 21:16:00,31,0.0,2017-04-11 05:00:00,martes,10,Seca,Seca y limpia,Plano,Terraplen,Recta,Transito normal con precaución,0,0,0,0,1.0,Atropello,no determinada,6207_2_31,2.0,22.0
Santander,2017-10-05 21:19:00,31,0.0,2017-04-28 05:00:00,viernes,20,Seca,Seca y limpia,Plano,Terraplen,Recta,Transito normal con precaución,0,0,0,0,1.0,Atropello,no determinada,6207_2_31,5.0,19.0
Santander,2017-10-05 21:21:00,31,0.0,2017-04-01 05:00:00,sabado,5,Seca,Seca y limpia,Plano,Terraplen,Recta,Transito normal con precaución,0,0,0,0,1.0,Atropello,no determinada,6207_2_31,6.0,18.0
Santander,2017-12-06 12:46:00,31,0.0,2017-10-02 05:00:00,lunes,40,Normal,Seca y limpia,Plano,Terraplen,Recta,Transito normal con precaución,0,0,1,0,1.0,Choque,exceso en horas de conduccion,6207_2_31,6.0,18.0
Santander,2017-12-06 12:49:00,31,0.0,2017-10-22 05:00:00,domingo,0,Normal,Seca y limpia,Plano,Terraplen,Recta,Transito normal con precaución,0,0,1,0,1.0,Atropello,condiciones de la via y factores ambientales,6207_2_31,18.0,6.0
Santander,2018-01-15 16:20:00,31,0.0,2018-01-07 05:00:00,domingo,0,Normal,Seca y limpia,Plano,Terraplen,Recta,Transito normal con precaución,0,0,1,0,1.0,Choque,maniobras imprudentes,6207_2_31,14.0,10.0
Santander,2018-04-02 21:27:00,1,141.0,2018-02-23 05:00:00,viernes,30,Seca,Seca y limpia,Plano,Terraplen,Recta,Transito normal con precaución,0,0,2,0,1.0,Choque,no determinada,6207_2_1,17.0,7.0
Antioquia,2018-01-03 16:47:00,83,700.0,2017-11-23 05:00:00,jueves,0,Normal,Seca y limpia,Montañoso,Media Ladera Derecha,Curva Derecha,Parcial con reducción de carriles,0,0,0,0,1.0,Choque,adelantamientos indebidos,6003_0_83,16.0,8.0
Antioquia,2018-01-03 17:10:00,94,700.0,2017-11-24 05:00:00,viernes,15,Normal,Seca y limpia,Montañoso,Media Ladera Derecha,Recta,Parcial con reducción de carriles,0,0,0,0,1.0,Choque,desobediencia a normas y senales,6003_0_94,9.0,15.0
Antioquia,2018-01-03 20:38:00,32,500.0,2017-11-26 05:00:00,domingo,50,Normal,Seca y limpia,Montañoso,Media ladera Izquierda,Recta,Parcial con paso alternado,0,0,0,0,1.0,Choque,no mantener distancia de seguridad,6003_0_32,18.0,6.0
Antioquia,2018-01-23 14:06:00,83,300.0,2017-12-02 05:00:00,sabado,0,Normal,Seca y limpia,Montañoso,Media Ladera Derecha,Recta,Transito normal con precaución,0,0,1,0,1.0,Volcamiento,no determinada,6003_0_83,18.0,6.0
Antioquia,2018-01-23 14:32:00,19,550.0,2017-12-09 05:00:00,sabado,0,Normal,Seca y limpia,Montañoso,Media ladera Izquierda,Curva Derecha,Parcial con paso alternado,0,0,0,1,1.0,Volcamiento,maniobras imprudentes,6003_0_19,0.0,0.0
Antioquia,2018-01-23 14:39:00,31,850.0,2017-12-09 05:00:00,sabado,0,Normal,Aceite,Montañoso,Media ladera Izquierda,Recta,Parcial con reducción de carriles,0,0,0,1,1.0,Caída ocupante,condiciones de la via y factores ambientales,6003_0_31,18.0,6.0
Antioquia,2018-01-23 15:41:00,94,700.0,2017-12-10 05:00:00,domingo,50,Normal,Seca y limpia,Montañoso,Cajón,Recta,Parcial con reducción de carriles,0,0,1,0,1.0,Choque,no determinada,6003_0_94,20.0,4.0
Antioquia,2018-01-23 15:53:00,94,700.0,2017-12-11 05:00:00,lunes,10,Normal,Seca y limpia,Montañoso,Cajón,Recta,Parcial con reducción de carriles,0,0,1,0,1.0,Choque,desobediencia a normas y senales,6003_0_94,21.0,3.0
Antioquia,2018-01-23 20:14:00,94,700.0,2017-12-17 05:00:00,domingo,20,Normal,Seca y limpia,Montañoso,Cajón,Recta,Parcial con paso alternado,0,0,2,0,1.0,Choque,desobediencia a normas y senales,6003_0_94,11.0,13.0
Antioquia,2018-01-23 20:31:00,82,0.0,2017-12-18 05:00:00,lunes,30,Normal,Seca y limpia,Montañoso,Media Ladera Derecha,Recta,Parcial con reducción de carriles,0,0,3,3,1.0,Choque,desobediencia a normas y senales,6003_0_82,18.0,6.0