territorial,fecha_registro,pr,distancia_pr,fecha_acc,dia_semana_acc,min_acc,condic_meteor,estado_super,terreno,secc_tip,geometria_acc,tipo_cierre,horas_cierre,min_cierre,n_heridos,n_muertos,n_victimas,clase_accidente,causa_posible,ref_loc,hora_acc,duracion_cierre_horas
Antioquia,2018-01-23 20:36:00,40,180.0,2017-12-19 05:00:00,martes,10,Normal,Seca y limpia,Montañoso,Media ladera Izquierda,Curva Derecha,Parcial con paso alternado,0,0,1,0,1.0,Choque,impericia en el manejo,6003_0_40,8.0,16.0
Antioquia,2018-01-24 14:07:00,89,350.0,2017-12-26 05:00:00,martes,40,Lluvia,Humeda,Montañoso,Media ladera Izquierda,Recta,Parcial con reducción de carriles,0,0,2,0,1.0,Choque,no mantener distancia de seguridad,6003_0_89,7.0,17.0
Antioquia,2018-01-24 14:43:00,84,800.0,2017-12-30 05:00:00,sabado,40,Normal,Seca y limpia,Montañoso,Media Ladera Derecha,Curva Derecha,Parcial restringido a vehiculos pesados,0,0,0,0,1.0,Choque,no determinada,6003_0_84,12.0,12.0
Antioquia,2018-01-24 14:53:00,84,500.0,2017-12-31 05:00:00,domingo,0,Normal,Humeda,Ondulado,Media Ladera Derecha,Curva Derecha,Parcial con paso alternado,0,0,0,0,1.0,Choque,desobediencia a normas y senales,6003_0_84,9.0,15.0
Antioquia,2018-01-23 14:01:00,90,500.0,2017-12-02 05:00:00,sabado,30,Normal,Seca y limpia,Montañoso,Cajón,Recta,Transito normal con precaución,0,0,2,0,1.0,Choque,embriaguez o sustancias alucinogenas,6003_0_90,18.0,6.0
Antioquia,2018-02-20 16:15:00,85,300.0,2018-01-03 05:00:00,miercoles,20,Normal,Seca y limpia,Montañoso,Media Ladera Derecha,Recta,Parcial con paso alternado,0,0,0,0,1.0,Choque,adelantamientos indebidos,6003_0_85,13.0,11.0
Antioquia,2018-02-20 16:46:00,24,0.0,2018-01-09 05:00:00,martes,0,Normal,Seca y limpia,Montañoso,Media ladera Izquierda,Curva Derecha,Parcial con paso alternado,0,0,0,1,1.0,Choque,maniobras imprudentes,6003_0_24,14.0,10.0
Antioquia,2018-02-20 16:57:00,86,100.0,2018-01-10 05:00:00,miercoles,15,Normal,Seca y limpia,Montañoso,Media Ladera Derecha,Curva Derecha,Parcial con paso alternado,0,0,0,0,1.0,Choque,impericia en el manejo,6003_0_86,19.0,5.0
Antioquia,2018-02-20 17:00:00,44,480.0,2018-01-12 05:00:00,viernes,40,Normal,Seca y limpia,Montañoso,Media ladera Izquierda,Recta,Parcial con reducción de carriles,0,0,0,0,1.0,Choque,adelantamientos indebidos,6003_0_44,11.0,13.0
Antioquia,2018-02-20 17:00:00,44,480.0,2018-01-12 05:00:00,viernes,40,Normal,Seca y limpia,Montañoso,Media ladera Izquierda,Recta,Parcial con reducción de carriles,0,0,0,0,1.0,Choque,adelantamientos indebidos,6003_0_44,7.0,17.0
Antioquia,2018-02-20 18:53:00,92,300.0,2018-01-16 05:00:00,martes,15,Lluvia,Humeda,Montañoso,Media Ladera Derecha,Curva Izquierda,Parcial con reducción de carriles,0,0,1,0,1.0,Choque,no mantener distancia de seguridad,6003_0_92,13.0,11.0
Antioquia,2018-02-20 19:01:00,30,700.0,2018-01-21 05:00:00,domingo,5,Normal,Seca y limpia,Montañoso,Media ladera Izquierda,Recta,Parcial con paso alternado,0,0,0,0,1.0,Choque,no mantener distancia de seguridad,6003_0_30,7.0,17.0
Antioquia,2018-02-20 19:04:00,91,300.0,2018-01-22 05:00:00,lunes,25,Normal,Seca y limpia,Montañoso,Media Ladera Derecha,Recta,Parcial con reducción de carriles,0,0,1,0,1.0,Atropello,exceso de velocidad,6003_0_91,12.0,12.0
Antioquia,2018-02-20 19:30:00,89,760.0,2018-01-28 05:00:00,domingo,40,Normal,Humeda,Montañoso,Media Ladera Derecha,Recta,Parcial con reducción de carriles,0,0,1,0,1.0,Choque,desobediencia a normas y senales,6003_0_89,14.0,10.0
Antioquia,2018-02-20 19:55:00,86,60.0,2018-01-31 05:00:00,miercoles,0,Normal,Seca y limpia,Montañoso,Media Ladera Derecha,Recta,Transito normal con precaución,0,0,0,0,1.0,Choque,maniobras imprudentes,6003_0_86,9.0,15.0
Antioquia,2018-02-20 19:58:00,85,850.0,2018-01-31 05:00:00,miercoles,30,Normal,Seca y limpia,Montañoso,Media Ladera Derecha,Recta,Parcial con paso alternado,0,0,0,0,1.0,Choque,maniobras imprudentes,6003_0_85,18.0,6.0
Antioquia,2017-05-23 16:03:00,45,200.0,2016-12-07 05:00:00,miercoles,30,Lluvia,Humeda,Montañoso,Media ladera Izquierda,Recta,Parcial con paso alternado,0,0,1,1,1.0,Choque,desobediencia a normas y senales,6003_0_45,9.0,15.0
Antioquia,2017-05-23 19:16:00,10,300.0,2016-12-08 05:00:00,jueves,40,Normal,Seca y limpia,Montañoso,Media ladera Izquierda,Curva Izquierda,Parcial con reducción de carriles,0,0,0,0,1.0,Choque,no determinada,6003_0_10,8.0,16.0
Antioquia,2017-05-23 19:38:00,94,0.0,2016-12-18 05:00:00,domingo,0,Normal,Seca y limpia,Montañoso,Media Ladera Derecha,Curva Izquierda,Parcial con reducción de carriles,0,0,1,0,1.0,Choque,adelantamientos indebidos,6003_0_94,20.0,4.0
Antioquia,2017-05-23 19:49:00,85,700.0,2016-12-19 05:00:00,lunes,0,Normal,Seca y limpia,Montañoso,Media Ladera Derecha,Curva Derecha,Parcial con reducción de carriles,0,0,0,0,1.0,Choque,adelantamientos indebidos,6003_0_85,7.0,17.0
Antioquia,2017-05-23 19:54:00,88,800.0,2016-12-25 05:00:00,domingo,10,Normal,Seca y limpia,Montañoso,Media Ladera Derecha,Recta,Parcial con reducción de carriles,0,0,0,0,1.0,Choque,no mantener distancia de seguridad,6003_0_88,15.0,9.0
Antioquia,2017-05-26 19:38:00,40,200.0,2017-02-06 05:00:00,lunes,40,Normal,Seca y limpia,Montañoso,Media ladera Izquierda,Curva Izquierda,Parcial con reducción de carriles,1,0,3,0,1.0,Choque,desobediencia a normas y senales,6003_0_40,9.0,16.0
Antioquia,2017-05-26 19:43:00,84,250.0,2017-03-04 05:00:00,sabado,10,Normal,Seca y limpia,Montañoso,Media Ladera Derecha,Recta,Parcial con reducción de carriles,0,0,0,1,1.0,Choque,adelantamientos indebidos,6003_0_84,7.0,17.0
Antioquia,2017-05-26 20:32:00,40,750.0,2017-03-16 05:00:00,jueves,0,Normal,Material suelto,Montañoso,Media ladera Izquierda,Curva Derecha,Transito normal con precaución,0,0,1,0,1.0,Choque,condiciones de la via y factores ambientales,6003_0_40,16.0,8.0
Antioquia,2017-05-26 20:49:00,89,180.0,2017-03-20 05:00:00,lunes,42,Normal,Seca y limpia,Montañoso,Media Ladera Derecha,Curva Derecha,Parcial con reducción de carriles,0,0,4,0,1.0,Choque,adelantamientos indebidos,6003_0_89,18.0,6.0
Antioquia,2017-05-26 23:34:00,94,950.0,2017-02-13 05:00:00,lunes,5,Normal,Seca y limpia,Montañoso,Media ladera Izquierda,Recta,Parcial con reducción de carriles,1,0,0,0,1.0,Choque,desobediencia a normas y senales,6003_0_94,8.0,17.0
Antioquia,2017-05-27 01:04:00,87,500.0,2017-02-24 05:00:00,viernes,20,Lluvia,Humeda,Montañoso,Media Ladera Derecha,Curva Izquierda,Parcial con reducción de carriles,1,0,0,0,1.0,Choque,no mantener distancia de seguridad,6003_0_87,16.0,9.0
Antioquia,2017-05-27 01:43:00,88,600.0,2017-02-27 05:00:00,lunes,30,Normal,Seca y limpia,Montañoso,Media Ladera Derecha,Curva Derecha,Transito normal con precaución,0,0,0,0,1.0,Choque,fallas mecanicas y del sistema electrico,6003_0_88,9.0,15.0
Antioquia,2017-05-30 15:11:00,89,100.0,2017-03-24 05:00:00,viernes,30,Lluvia,Humeda,Montañoso,Media Ladera Derecha,Curva Derecha,Parcial con reducción de carriles,0,0,3,0,1.0,Choque,maniobras imprudentes,6003_0_89,19.0,5.0
Antioquia,2017-05-30 15:36:00,95,15.0,2017-03-27 05:00:00,lunes,0,Normal,Seca y limpia,Montañoso,Media ladera Izquierda,Recta,Parcial con reducción de carriles,0,0,0,0,1.0,Choque,no mantener distancia de seguridad,6003_0_95,16.0,8.0
Antioquia,2017-05-30 18:53:00,94,750.0,2017-04-08 05:00:00,sabado,20,Normal,Seca y limpia,Montañoso,Media ladera Izquierda,Recta,Parcial con reducción de carriles,0,0,2,0,1.0,Choque,desobediencia a normas y senales,6003_0_94,13.0,11.0
Antioquia,2017-05-30 19:06:00,40,210.0,2017-04-12 05:00:00,miercoles,0,Normal,Material suelto,Montañoso,Media ladera Izquierda,Curva Izquierda,Parcial con reducción de carriles,0,0,1,0,1.0,Choque,desobediencia a normas y senales,6003_0_40,4.0,20.0
Antioquia,2017-05-30 19:33:00,31,50.0,2017-04-16 05:00:00,domingo,0,Normal,Seca y limpia,Montañoso,Media ladera Izquierda,Recta,Parcial con reducción de carriles,0,0,0,0,1.0,Choque,no mantener distancia de seguridad,6003_0_31,19.0,5.0
Antioquia,2017-05-30 20:02:00,37,670.0,2017-04-23 05:00:00,domingo,15,Normal,Seca y limpia,Montañoso,Media ladera Izquierda,Recta,Parcial con reducción de carriles,0,0,0,0,1.0,Choque,desobediencia a normas y senales,6003_0_37,13.0,11.0
Antioquia,2017-05-30 20:17:00,94,751.0,2017-04-24 05:00:00,lunes,0,Normal,Seca y limpia,Montañoso,Media ladera Izquierda,Recta,Parcial con reducción de carriles,0,0,0,0,1.0,Choque,desobediencia a normas y senales,6003_0_94,17.0,7.0
Antioquia,2017-05-30 20:33:00,19,790.0,2017-01-02 05:00:00,lunes,30,Normal,Seca y limpia,Montañoso,Media ladera Izquierda,Curva Derecha,Parcial con reducción de carriles,1,0,2,0,1.0,Choque,adelantamientos indebidos,6003_0_19,15.0,10.0
Antioquia,2017-05-31 21:01:00,94,0.0,2017-01-09 05:00:00,lunes,30,Normal,Seca y limpia,Montañoso,Media Ladera Derecha,Curva Derecha,Cierre total,1,0,0,0,1.0,Choque,condiciones de la via y factores ambientales,6003_0_94,0.0,1.0
Antioquia,2017-05-31 21:04:00,95,0.0,2017-01-09 05:00:00,lunes,20,Normal,Seca y limpia,Montañoso,Media ladera Izquierda,Recta,Parcial con reducción de carriles,1,0,0,0,1.0,Choque,no mantener distancia de seguridad,6003_0_95,9.0,16.0
Antioquia,2017-05-31 21:34:00,94,700.0,2017-01-10 05:00:00,martes,30,Normal,Seca y limpia,Montañoso,Media Ladera Derecha,Recta,Transito normal con precaución,0,0,0,0,1.0,Choque,impericia en el manejo,6003_0_94,20.0,4.0
Antioquia,2017-05-31 21:42:00,95,0.0,2017-01-10 05:00:00,martes,10,Normal,Seca y limpia,Montañoso,Media ladera Izquierda,Curva Izquierda,Parcial con paso alternado,1,0,0,0,1.0,Choque,no determinada,6003_0_95,12.0,13.0
Antioquia,2017-06-02 20:24:00,94,700.0,2017-01-18 05:00:00,miercoles,40,Normal,Seca y limpia,Montañoso,Media ladera Izquierda,Recta,Transito normal con precaución,0,0,0,0,1.0,Choque,desobediencia a normas y senales,6003_0_94,10.0,14.0
Antioquia,2017-06-02 21:19:00,25,330.0,2017-01-23 05:00:00,lunes,10,Normal,Seca y limpia,Montañoso,Media ladera Izquierda,Recta,Parcial con paso alternado,1,0,3,0,1.0,Choque,no determinada,6003_0_25,11.0,14.0
Antioquia,2017-06-02 21:29:00,87,0.0,2017-01-24 05:00:00,martes,10,Normal,Seca y limpia,Montañoso,Media Ladera Derecha,Curva Izquierda,Parcial con paso alternado,0,30,0,0,1.0,Volcamiento,condiciones de la via y factores ambientales,6003_0_87,11.0,13.0
Antioquia,2017-06-05 16:25:00,40,200.0,2017-01-28 05:00:00,sabado,0,Normal,Seca y limpia,Montañoso,Media ladera Izquierda,Curva Derecha,Transito normal con precaución,0,0,0,0,1.0,Volcamiento,no determinada,6003_0_40,6.0,18.0
Antioquia,2017-06-05 19:31:00,87,450.0,2017-01-31 05:00:00,martes,30,Lluvia,Humeda,Montañoso,Media Ladera Derecha,Curva Izquierda,Cierre total,1,0,0,0,1.0,Choque,condiciones de la via y factores ambientales,6003_0_87,15.0,10.0
Chocó,2017-05-10 15:36:00,99,500.0,2017-04-03 05:00:00,lunes,55,Sol,Seca y limpia,Montañoso,Media ladera Izquierda,Curva Derecha,Parcial con reducción de carriles,0,10,1,0,1.0,Choque,adelantamientos indebidos,6002_0_99,6.0,18.0
Chocó,2017-05-10 16:32:00,52,529.0,2017-04-30 05:00:00,domingo,30,Normal,Humeda,Ondulado,Media Ladera Derecha,Recta,Cierre total,3,30,1,0,1.0,Volcamiento,defectos fisicos y psiquicos,6002_0_52,9.0,18.0
Chocó,2017-05-10 19:53:00,40,800.0,2017-03-11 05:00:00,sabado,30,Sol,Material suelto,Ondulado,Media Ladera Derecha,Recta,Parcial con reducción de carriles,2,0,1,0,1.0,Volcamiento,imprudencia del conductor,6002_0_40,6.0,20.0
Chocó,2017-05-10 20:17:00,59,500.0,2017-03-30 05:00:00,jueves,30,Normal,Humeda,Ondulado,Media Ladera Derecha,Recta,Transito normal con precaución,2,0,1,0,1.0,Volcamiento,exceso en horas de conduccion,6002_0_59,11.0,15.0
Chocó,2017-06-20 19:47:00,30,35.0,2017-06-06 05:00:00,martes,30,Lluvia,Humeda,Plano,Media ladera Izquierda,Curva Derecha,Parcial con reducción de carriles,3,0,1,0,1.0,Volcamiento,imprudencia del conductor,6002_0_30,12.0,15.0
Chocó,2017-06-20 19:57:00,49,90.0,2017-06-07 05:00:00,miercoles,5,Niebla,Humeda,Montañoso,Media ladera Izquierda,Curva Izquierda,Transito normal con precaución,0,0,0,1,1.0,Volcamiento,maniobras imprudentes,6002_0_49,10.0,14.0
Chocó,2017-06-20 20:01:00,42,60.0,2017-06-16 05:00:00,viernes,0,Lluvia,Humeda,Ondulado,Media ladera Izquierda,Recta,Parcial con reducción de carriles,3,0,1,0,1.0,Salida de la vía sin volcarse,condiciones de la via y factores ambientales,6002_0_42,1.0,2.0
Chocó,2017-07-31 15:51:00,93,770.0,2017-07-29 05:00:00,sabado,30,Sol,Seca y limpia,Plano,Media ladera Izquierda,Curva Izquierda,Transito normal con precaución,0,45,0,0,1.0,Choque,exceso de velocidad,6002_0_93,13.0,11.0
Chocó,2017-07-31 16:00:00,85,920.0,2017-07-26 05:00:00,miercoles,30,Sol,Seca y limpia,Ondulado,Media ladera Izquierda,Curva Izquierda,Transito normal con precaución,3,0,0,3,1.0,Volcamiento,exceso de velocidad,6002_0_85,10.0,17.0
Chocó,2017-07-31 16:04:00,31,700.0,2017-07-28 05:00:00,viernes,30,Sol,Seca y limpia,Ondulado,Media ladera Izquierda,Curva Derecha,Parcial con reducción de carriles,2,0,1,0,1.0,Salida de la vía sin volcarse,imprudencia del conductor,6002_0_31,14.0,12.0
Chocó,2017-08-30 13:39:00,86,826.0,2017-08-27 05:00:00,domingo,10,Sol,Seca y limpia,Plano,Media ladera Izquierda,Recta,Transito normal con precaución,4,0,2,0,1.0,Volcamiento,condiciones de la via y factores ambientales,6002_0_86,16.0,12.0
Chocó,2017-10-02 19:33:00,81,600.0,2017-09-23 05:00:00,sabado,11,Sol,Lodo,Ondulado,Terraplen,Recta,Transito normal con precaución,3,0,0,0,1.0,Volcamiento,condiciones de la via y factores ambientales,6002_0_81,17.0,10.0
Chocó,2017-10-02 19:47:00,89,150.0,2017-09-23 05:00:00,sabado,30,Sol,Seca y limpia,Plano,Media Ladera Derecha,Curva Derecha,Transito normal con precaución,2,0,9,0,1.0,Volcamiento,exceso de velocidad,6002_0_89,6.0,20.0
Chocó,2017-10-02 20:08:00,36,850.0,2017-09-05 05:00:00,martes,0,Lluvia,Humeda,Montañoso,Media Ladera Derecha,Curva Derecha,Cierre total,11,30,0,0,1.0,Volcamiento,condiciones de la via y factores ambientales,6002_0_36,7.0,4.0
Chocó,2017-10-26 19:20:00,80,500.0,2017-10-17 05:00:00,martes,30,Sol,Seca y limpia,Plano,Media ladera Izquierda,Curva Izquierda,Transito normal con precaución,0,0,0,1,1.0,Volcamiento,exceso de velocidad,6002_0_80,8.0,16.0
Chocó,2018-01-10 01:03:00,49,386.0,2017-09-19 05:00:00,martes,30,Sol,Material suelto,Montañoso,Media Ladera Derecha,Recta,Transito normal con precaución,0,30,1,0,1.0,Volcamiento,exceso de velocidad,6002_0_49,11.0,13.0
Chocó,2018-01-10 01:10:00,59,181.0,2017-10-17 05:00:00,martes,30,Sol,Humeda,Ondulado,Media Ladera Derecha,Curva Izquierda,Transito normal con precaución,0,30,0,0,1.0,Choque,defectos fisicos y psiquicos,6002_0_59,7.0,17.0
Chocó,2018-01-10 01:26:00,23,150.0,2017-11-13 05:00:00,lunes,55,Lluvia,Humeda,Montañoso,Media ladera Izquierda,Curva Derecha,Transito normal con precaución,1,0,4,0,1.0,Volcamiento,imprudencia del conductor,6002_0_23,9.0,16.0
Chocó,2018-02-13 21:30:00,111,850.0,2018-02-04 05:00:00,domingo,50,Seca,Material suelto,Montañoso,Media Ladera Derecha,Curva Izquierda,Parcial restringido a vehiculos pesados,0,0,2,0,1.0,Volcamiento,imprudencia del conductor,6002_0_111,14.0,10.0
Chocó,2018-02-13 22:28:00,16,950.0,2018-02-04 05:00:00,domingo,30,Seca,Seca y limpia,Ondulado,Media Ladera Derecha,Recta,Transito normal con precaución,0,0,1,0,1.0,Volcamiento,embriaguez o sustancias alucinogenas,6002_0_16,10.0,14.0
Chocó,2018-02-16 19:25:00,88,40.0,2018-02-10 05:00:00,sabado,0,Niebla,Material suelto,Ondulado,Media Ladera Derecha,Curva Derecha,Transito normal con precaución,0,0,1,0,1.0,Volcamiento,defectos fisicos y psiquicos,6002_0_88,6.0,18.0
Chocó,2018-04-26 19:49:00,30,850.0,2018-04-23 05:00:00,lunes,30,Niebla,Humeda,Montañoso,Media ladera Izquierda,Recta,Transito normal con precaución,0,0,6,1,1.0,Volcamiento,maniobras imprudentes,6002_0_30,7.0,17.0
Cundinamarca,2017-08-15 16:06:00,12,250.0,2017-03-16 05:00:00,jueves,0,Niebla,Material suelto,Montañoso,Media ladera Izquierda,Curva Derecha,Transito normal con precaución,0,0,0,0,1.0,Volcamiento,maniobras imprudentes,5604_0_12,6.0,18.0
Cundinamarca,2017-08-15 16:12:00,12,970.0,2017-03-22 05:00:00,miercoles,30,Lluvia,Humeda,Montañoso,Media Ladera Derecha,Curva Izquierda,Transito normal con precaución,0,0,0,0,1.0,Volcamiento,maniobras imprudentes,5604_0_12,17.0,7.0
Antioquia,2017-05-17 14:21:00,55,940.0,2017-04-23 05:00:00,domingo,42,Normal,Material suelto,Escarpado,Media Ladera Derecha,Curva Izquierda,Parcial con reducción de carriles,0,40,0,0,1.0,Choque,no determinada,5601_2_55,14.0,10.0
Antioquia,2017-05-17 14:34:00,66,950.0,2017-04-06 05:00:00,jueves,0,Normal,Seca y limpia,Escarpado,Media Ladera Derecha,Recta,Transito normal con precaución,0,30,1,0,1.0,Choque,imprudencia del conductor,5601_2_66,14.0,10.0
Antioquia,2017-05-17 14:43:00,75,170.0,2017-04-13 05:00:00,jueves,30,Normal,Otra,Escarpado,Media Ladera Derecha,Curva Derecha,Transito normal con precaución,2,0,2,0,1.0,Caída ocupante,no determinada,5601_2_75,22.0,4.0
Antioquia,2017-05-17 14:54:00,82,280.0,2017-04-13 05:00:00,jueves,30,Normal,Humeda,Escarpado,Media ladera Izquierda,Curva Derecha,Transito normal con precaución,0,50,2,0,1.0,Caída ocupante,condiciones de la via y factores ambientales,5601_2_82,23.0,1.0
Antioquia,2017-05-17 15:01:00,86,160.0,2017-04-12 05:00:00,miercoles,15,Normal,Humeda,Escarpado,Media ladera Izquierda,Curva Derecha,Transito normal con precaución,0,45,1,0,1.0,Choque,imprudencia del conductor,5601_2_86,20.0,4.0
Antioquia,2017-05-17 15:14:00,91,150.0,2017-04-27 05:00:00,jueves,30,Normal,Seca y limpia,Escarpado,Media ladera Izquierda,Curva Izquierda,Transito normal con precaución,0,30,5,0,1.0,Volcamiento,condiciones de la via y factores ambientales,5601_2_91,12.0,12.0
Antioquia,2017-05-17 15:37:00,91,700.0,2017-04-09 05:00:00,domingo,40,Lluvia,Humeda,Escarpado,Media ladera Izquierda,Curva Izquierda,Transito normal con precaución,0,20,1,0,1.0,Volcamiento,condiciones de la via y factores ambientales,5601_2_91,11.0,13.0
Antioquia,2017-05-17 16:05:00,94,120.0,2017-04-23 05:00:00,domingo,30,Normal,Humeda,Escarpado,Media Ladera Derecha,Curva Izquierda,Transito normal con precaución,3,0,2,0,1.0,Caída ocupante,condiciones de la via y factores ambientales,5601_2_94,16.0,11.0
Antioquia,2017-05-17 18:17:00,100,750.0,2017-04-08 05:00:00,sabado,0,Normal,Otra,Ondulado,Media Ladera Derecha,Curva Izquierda,Transito normal con precaución,0,11,1,0,1.0,Caída ocupante,condiciones de la via y factores ambientales,5601_2_100,7.0,17.0
Caquetá,2017-12-21 14:05:00,87,600.0,2017-12-04 05:00:00,lunes,15,Normal,Seca y limpia,Ondulado,Media ladera Izquierda,Recta,Transito normal con precaución,0,0,0,1,1.0,Choque,condiciones de la via y factores ambientales,6501_0_87,9.0,15.0
Putumayo,2018-02-07 17:52:00,22,200.0,2017-12-13 05:00:00,miercoles,0,Normal,Otra,Plano,Terraplen,Curva Derecha,Parcial con reducción de carriles,0,0,0,0,1.0,Incendio,fallas mecanicas y del sistema electrico,6501_0_22,10.0,14.0
Putumayo,2018-02-07 18:06:00,8,500.0,2018-01-12 05:00:00,viernes,0,Normal,Otra,Plano,Terraplen,Recta,Parcial con reducción de carriles,0,0,0,0,1.0,Choque,no determinada,6501_0_8,10.0,14.0
Boyacá,2017-05-19 14:54:00,31,310.0,2017-05-16 05:00:00,martes,50,Seca,Seca y limpia,Montañoso,Media ladera Izquierda,Curva Derecha,Parcial con reducción de carriles,3,0,0,0,1.0,Choque,no determinada,6404_0_31,17.0,10.0
Boyacá,2017-05-19 15:16:00,10,12.0,2016-12-30 05:00:00,viernes,35,Sol,Seca y limpia,Plano,Terraplen,Curva Izquierda,Transito normal con precaución,0,0,2,0,1.0,Volcamiento,exceso de velocidad,6404_0_10,13.0,11.0
Boyacá,2017-05-19 15:47:00,47,500.0,2017-01-17 05:00:00,martes,30,Sol,Seca y limpia,Plano,Media Ladera Derecha,Recta,Transito normal con precaución,0,0,0,0,1.0,Volcamiento,exceso de velocidad,6404_0_47,5.0,19.0
Boyacá,2017-05-19 16:03:00,49,500.0,2017-02-09 05:00:00,jueves,20,Sol,Seca y limpia,Plano,Media Ladera Derecha,Curva Derecha,Transito normal con precaución,0,0,0,0,1.0,Volcamiento,imprudencia del conductor,6404_0_49,13.0,11.0
Boyacá,2017-05-19 16:29:00,25,520.0,2017-02-17 05:00:00,viernes,30,Sol,Seca y limpia,Plano,Media Ladera Derecha,Curva Izquierda,Transito normal con precaución,0,0,0,0,1.0,Volcamiento,imprudencia del conductor,6404_0_25,16.0,8.0
Boyacá,2017-05-23 14:58:00,13,570.0,2017-02-24 05:00:00,viernes,15,Sol,Seca y limpia,Escarpado,Media ladera Izquierda,Curva Izquierda,Transito normal con precaución,0,0,0,0,1.0,Volcamiento,imprudencia del conductor,6404_0_13,0.0,0.0
Boyacá,2017-05-23 21:26:00,4,25.0,2017-03-29 05:00:00,miercoles,10,Sol,Seca y limpia,Plano,Media ladera Izquierda,Curva Izquierda,Transito normal con precaución,0,0,0,0,1.0,Choque,exceso de velocidad,6404_0_4,23.0,1.0
Antioquia,2017-05-17 18:40:00,101,560.0,2017-04-02 05:00:00,domingo,30,Normal,Otra,Ondulado,Media Ladera Derecha,Curva Derecha,Transito normal con precaución,0,10,2,0,1.0,Caída ocupante,condiciones de la via y factores ambientales,5601_2_101,8.0,16.0
Antioquia,2017-05-17 18:57:00,102,800.0,2017-04-30 05:00:00,domingo,20,Viento,Otra,Ondulado,Media Ladera Derecha,Curva Izquierda,Transito normal con precaución,0,10,1,0,1.0,Caída ocupante,maniobras imprudentes,5601_2_102,17.0,7.0
Antioquia,2017-06-20 20:47:00,50,870.0,2017-05-29 05:00:00,lunes,0,Normal,Humeda,Ondulado,Terraplen,Curva Izquierda,Transito normal con precaución,2,0,0,0,1.0,Choque,no determinada,5601_2_50,9.0,17.0
Antioquia,2017-06-20 20:57:00,52,280.0,2017-05-06 05:00:00,sabado,50,Lluvia,Humeda,Ondulado,Terraplen,Curva Izquierda,Transito normal con precaución,0,40,1,0,1.0,Caída ocupante,no determinada,5601_2_52,13.0,11.0
Antioquia,2017-06-20 21:05:00,50,670.0,2017-05-22 05:00:00,lunes,30,Lluvia,Humeda,Escarpado,Media ladera Izquierda,Curva Izquierda,Transito normal con precaución,1,30,1,0,1.0,Choque,no determinada,5601_2_50,13.0,12.0
Antioquia,2017-06-20 21:13:00,70,400.0,2017-05-12 05:00:00,viernes,0,Lluvia,Humeda,Escarpado,Media ladera Izquierda,Curva Izquierda,Transito normal con precaución,2,30,0,0,1.0,Choque,condiciones de la via y factores ambientales,5601_2_70,15.0,11.0
Antioquia,2017-06-20 21:18:00,94,420.0,2017-05-09 05:00:00,martes,30,Normal,Humeda,Escarpado,Media Ladera Derecha,Curva Derecha,Transito normal con precaución,1,30,0,0,1.0,Choque,condiciones de la via y factores ambientales,5601_2_94,19.0,6.0
Antioquia,2017-06-20 21:27:00,94,970.0,2017-05-04 05:00:00,jueves,0,Normal,Seca y limpia,Escarpado,Media ladera Izquierda,Curva Derecha,Transito normal con precaución,0,20,1,0,1.0,Caída ocupante,maniobras imprudentes,5601_2_94,1.0,23.0
Antioquia,2017-06-20 21:34:00,96,140.0,2017-05-19 05:00:00,viernes,0,Normal,Lodo,Escarpado,Media ladera Izquierda,Curva Derecha,Transito normal con precaución,2,30,1,0,1.0,Caída ocupante,condiciones de la via y factores ambientales,5601_2_96,4.0,22.0
Antioquia,2017-06-20 22:02:00,98,810.0,2017-05-31 05:00:00,miercoles,0,Normal,Otra,Escarpado,Media ladera Izquierda,Curva Derecha,Transito normal con precaución,1,15,1,0,1.0,Caída ocupante,no determinada,5601_2_98,21.0,4.0
Antioquia,2017-06-20 22:12:00,100,230.0,2017-05-14 05:00:00,domingo,30,Normal,Otra,Ondulado,Media Ladera Derecha,Curva Derecha,Transito normal con precaución,0,10,1,0,1.0,Caída ocupante,maniobras imprudentes,5601_2_100,9.0,15.0
Antioquia,2017-06-20 22:18:00,101,550.0,2017-05-08 05:00:00,lunes,15,Niebla,Humeda,Ondulado,Media Ladera Derecha,Curva Derecha,Transito normal con precaución,0,18,1,0,1.0,Caída ocupante,condiciones de la via y factores ambientales,5601_2_101,9.0,15.0
Antioquia,2017-07-19 15:29:00,51,910.0,2017-06-11 05:00:00,domingo,15,Normal,Seca y limpia,Ondulado,Media Ladera Derecha,Recta,Transito normal con precaución,0,20,1,0,1.0,Choque,no determinada,5601_2_51,14.0,10.0
Antioquia,2017-07-19 21:19:00,52,375.0,2017-06-25 05:00:00,domingo,30,Normal,Seca y limpia,Ondulado,Media Ladera Derecha,Recta,Transito normal con precaución,3,30,0,0,1.0,Choque,maniobras imprudentes,5601_2_52,1.0,2.0
Antioquia,2017-07-19 21:23:00,59,470.0,2017-06-13 05:00:00,martes,40,Normal,Seca y limpia,Escarpado,Media ladera Izquierda,Curva Derecha,Transito normal con precaución,2,20,1,0,1.0,Choque,adelantamientos indebidos,5601_2_59,0.0,2.0