territorial,fecha_registro,pr,distancia_pr,fecha_acc,dia_semana_acc,min_acc,condic_meteor,estado_super,terreno,secc_tip,geometria_acc,tipo_cierre,horas_cierre,min_cierre,n_heridos,n_muertos,n_victimas,clase_accidente,causa_posible,ref_loc,hora_acc,duracion_cierre_horas
Antioquia,2017-07-19 21:27:00,82,360.0,2017-06-20 05:00:00,martes,20,Normal,Seca y limpia,Escarpado,Media ladera Izquierda,Curva Derecha,Transito normal con precaución,0,40,1,0,1.0,Choque,imprudencia del conductor,5601_2_82,16.0,8.0
Antioquia,2017-07-19 21:30:00,89,850.0,2017-06-28 05:00:00,miercoles,30,Normal,Material suelto,Escarpado,Media ladera Izquierda,Curva Izquierda,Transito normal con precaución,2,20,1,0,1.0,Caída ocupante,condiciones de la via y factores ambientales,5601_2_89,10.0,16.0
Antioquia,2017-07-19 21:34:00,93,130.0,2017-06-30 05:00:00,viernes,17,Normal,Seca y limpia,Escarpado,Media ladera Izquierda,Curva Izquierda,Transito normal con precaución,0,10,0,0,1.0,Choque,condiciones de la via y factores ambientales,5601_2_93,10.0,14.0
Antioquia,2017-07-19 21:39:00,93,900.0,2017-06-28 05:00:00,miercoles,0,Normal,Material suelto,Escarpado,Media Ladera Derecha,Curva Derecha,Transito normal con precaución,0,10,2,0,1.0,Caída ocupante,condiciones de la via y factores ambientales,5601_2_93,10.0,14.0
Antioquia,2017-07-19 21:41:00,95,60.0,2017-06-01 05:00:00,jueves,0,Normal,Aceite,Escarpado,Media ladera Izquierda,Curva Izquierda,Transito normal con precaución,1,45,1,0,1.0,Caída ocupante,condiciones de la via y factores ambientales,5601_2_95,16.0,9.0
Antioquia,2017-07-19 21:51:00,97,50.0,2017-06-19 05:00:00,lunes,15,Normal,Otra,Escarpado,Media ladera Izquierda,Curva Izquierda,Transito normal con precaución,18,6,1,0,1.0,Choque,no determinada,5601_2_97,23.0,19.0
Antioquia,2017-07-19 21:56:00,98,950.0,2017-06-29 05:00:00,jueves,0,Normal,Humeda,Escarpado,Media ladera Izquierda,Curva Izquierda,Transito normal con precaución,0,30,1,0,1.0,Caída ocupante,condiciones de la via y factores ambientales,5601_2_98,8.0,16.0
Antioquia,2017-07-19 22:05:00,102,20.0,2017-06-19 05:00:00,lunes,50,Normal,Seca y limpia,Ondulado,Terraplen,Recta,Transito normal con precaución,0,10,2,0,1.0,Choque,no determinada,5601_2_102,15.0,9.0
Antioquia,2017-07-19 22:07:00,102,950.0,2017-06-10 05:00:00,sabado,0,Normal,Otra,Ondulado,Media Ladera Derecha,Recta,Transito normal con precaución,0,15,1,0,1.0,Caída ocupante,no determinada,5601_2_102,7.0,17.0
Antioquia,2017-08-11 14:35:00,91,100.0,2017-07-16 05:00:00,domingo,30,Normal,Seca y limpia,Escarpado,Media ladera Izquierda,Recta,Transito normal con precaución,1,29,1,0,1.0,Volcamiento,defectos fisicos y psiquicos,5601_2_91,16.0,9.0
Antioquia,2017-08-11 14:39:00,93,700.0,2017-07-16 05:00:00,domingo,40,Normal,Seca y limpia,Escarpado,Terraplen,Recta,Transito normal con precaución,1,20,1,0,1.0,Caída ocupante,maniobras imprudentes,5601_2_93,18.0,7.0
Antioquia,2017-08-11 14:43:00,95,220.0,2017-07-15 05:00:00,sabado,20,Lluvia,Humeda,Escarpado,Cajón,Curva Derecha,Transito normal con precaución,5,40,1,0,1.0,Caída ocupante,condiciones de la via y factores ambientales,5601_2_95,0.0,5.0
Antioquia,2017-08-11 14:48:00,98,900.0,2017-07-24 05:00:00,lunes,50,Normal,Seca y limpia,Escarpado,Media ladera Izquierda,Recta,Transito normal con precaución,0,20,2,0,1.0,Choque,no determinada,5601_2_98,16.0,8.0
Antioquia,2017-09-13 14:27:00,79,330.0,2017-08-26 05:00:00,sabado,40,Normal,Humeda,Escarpado,Media Ladera Derecha,Curva Derecha,Transito normal con precaución,0,34,1,0,1.0,Caída ocupante,fallas mecanicas y del sistema electrico,5601_2_79,13.0,11.0
Antioquia,2017-09-13 14:21:00,49,500.0,2017-08-27 05:00:00,domingo,0,Normal,Seca y limpia,Plano,Terraplen,Recta,Transito normal con precaución,0,15,2,0,1.0,Choque,desobediencia a normas y senales,5601_2_49,14.0,10.0
Antioquia,2017-09-13 14:25:00,49,550.0,2017-08-02 05:00:00,miercoles,45,Normal,Seca y limpia,Plano,Terraplen,Recta,Transito normal con precaución,0,15,0,0,1.0,Choque,no mantener distancia de seguridad,5601_2_49,4.0,20.0
Antioquia,2017-09-13 14:32:00,93,900.0,2017-08-25 05:00:00,viernes,30,Normal,Aceite,Escarpado,Media Ladera Derecha,Curva Derecha,Transito normal con precaución,3,0,1,0,1.0,Caída ocupante,condiciones de la via y factores ambientales,5601_2_93,15.0,12.0
Antioquia,2017-09-13 14:36:00,93,130.0,2017-08-05 05:00:00,sabado,0,Normal,Seca y limpia,Escarpado,Media ladera Izquierda,Curva Izquierda,Transito normal con precaución,6,0,1,0,1.0,Caída ocupante,maniobras imprudentes,5601_2_93,8.0,22.0
Antioquia,2017-09-13 14:43:00,94,820.0,2017-08-24 05:00:00,jueves,0,Lluvia,Humeda,Escarpado,Media Ladera Derecha,Curva Derecha,Transito normal con precaución,0,0,1,0,1.0,Volcamiento,no determinada,5601_2_94,23.0,1.0
Antioquia,2017-09-13 14:45:00,101,20.0,2017-08-14 05:00:00,lunes,0,Normal,Seca y limpia,Ondulado,Terraplen,Curva Izquierda,Transito normal con precaución,0,15,2,0,1.0,Caída ocupante,exceso de velocidad,5601_2_101,10.0,14.0
Antioquia,2017-10-23 13:20:00,49,500.0,2017-09-17 05:00:00,domingo,0,Normal,Seca y limpia,Plano,Terraplen,Recta,Transito normal con precaución,0,30,2,0,1.0,Atropello,no determinada,5601_2_49,13.0,11.0
Antioquia,2017-10-23 13:30:00,51,700.0,2017-09-11 05:00:00,lunes,0,Normal,Seca y limpia,Ondulado,Media Ladera Derecha,Recta,Transito normal con precaución,1,0,2,0,1.0,Choque,adelantamientos indebidos,5601_2_51,7.0,18.0
Antioquia,2017-10-23 13:33:00,95,580.0,2017-09-09 05:00:00,sabado,30,Lluvia,Humeda,Escarpado,Media ladera Izquierda,Curva Izquierda,Transito normal con precaución,3,30,1,0,1.0,Caída ocupante,condiciones de la via y factores ambientales,5601_2_95,6.0,21.0
Antioquia,2017-10-23 13:39:00,102,500.0,2017-09-07 05:00:00,jueves,10,Lluvia,Humeda,Ondulado,Terraplen,Recta,Transito normal con precaución,0,18,1,0,1.0,Volcamiento,defectos fisicos y psiquicos,5601_2_102,4.0,20.0
Antioquia,2017-10-23 13:48:00,102,700.0,2017-09-28 05:00:00,jueves,15,Normal,Seca y limpia,Ondulado,Media Ladera Derecha,Curva Derecha,Transito normal con precaución,0,45,1,0,1.0,Caída ocupante,condiciones de la via y factores ambientales,5601_2_102,1.0,23.0
Antioquia,2017-11-24 14:09:00,50,750.0,2017-10-09 05:00:00,lunes,10,Lluvia,Humeda,Ondulado,Terraplen,Recta,Transito normal con precaución,2,0,2,0,1.0,Choque,adelantamientos indebidos,5601_2_50,5.0,21.0
Antioquia,2017-11-24 14:11:00,56,680.0,2017-10-22 05:00:00,domingo,10,Normal,Seca y limpia,Escarpado,Media Ladera Derecha,Curva Izquierda,Transito normal con precaución,3,20,0,1,1.0,Choque,maniobras imprudentes,5601_2_56,19.0,8.0
Antioquia,2017-11-24 14:15:00,95,170.0,2017-10-16 05:00:00,lunes,30,Normal,Humeda,Escarpado,Cajón,Recta,Transito normal con precaución,1,0,2,0,1.0,Volcamiento,defectos fisicos y psiquicos,5601_2_95,18.0,7.0
Antioquia,2017-11-24 14:17:00,95,590.0,2017-10-08 05:00:00,domingo,30,Normal,Humeda,Escarpado,Media ladera Izquierda,Recta,Transito normal con precaución,2,30,2,0,1.0,Volcamiento,condiciones de la via y factores ambientales,5601_2_95,21.0,5.0
Antioquia,2017-11-24 14:19:00,98,630.0,2017-10-14 05:00:00,sabado,40,Normal,Seca y limpia,Escarpado,Media ladera Izquierda,Curva Izquierda,Transito normal con precaución,0,20,1,0,1.0,Atropello,imprudencia del conductor,5601_2_98,8.0,16.0
Antioquia,2017-11-24 14:25:00,102,220.0,2017-10-23 05:00:00,lunes,0,Normal,Seca y limpia,Ondulado,Media Ladera Derecha,Recta,Transito normal con precaución,0,9,3,0,1.0,Choque,imprudencia del conductor,5601_2_102,18.0,6.0
Antioquia,2017-12-13 14:12:00,69,460.0,2017-11-27 05:00:00,lunes,40,Normal,Seca y limpia,Escarpado,Media ladera Izquierda,Curva Derecha,Transito normal con precaución,4,20,2,0,1.0,Choque,adelantamientos indebidos,5601_2_69,2.0,2.0
Antioquia,2017-12-13 14:18:00,82,360.0,2017-11-07 05:00:00,martes,0,Niebla,Humeda,Escarpado,Media ladera Izquierda,Curva Derecha,Transito normal con precaución,2,40,1,0,1.0,Caída ocupante,condiciones de la via y factores ambientales,5601_2_82,18.0,8.0
Antioquia,2017-12-13 14:21:00,94,310.0,2017-11-25 05:00:00,sabado,30,Normal,Seca y limpia,Escarpado,Media Ladera Derecha,Recta,Transito normal con precaución,0,30,1,0,1.0,Atropello,condiciones de la via y factores ambientales,5601_2_94,20.0,4.0
Antioquia,2017-12-13 14:25:00,98,360.0,2017-11-27 05:00:00,lunes,20,Normal,Humeda,Escarpado,Media ladera Izquierda,Curva Izquierda,Transito normal con precaución,0,35,3,0,1.0,Choque,condiciones de la via y factores ambientales,5601_2_98,7.0,17.0
Antioquia,2017-12-13 14:28:00,102,690.0,2017-11-03 05:00:00,viernes,30,Lluvia,Humeda,Ondulado,Media Ladera Derecha,Curva Derecha,Transito normal con precaución,0,30,1,0,1.0,Caída ocupante,condiciones de la via y factores ambientales,5601_2_102,19.0,5.0
Antioquia,2018-01-16 14:11:00,50,310.0,2017-12-30 05:00:00,sabado,10,Normal,Seca y limpia,Ondulado,Cajón,Curva Derecha,Transito normal con precaución,0,20,1,0,1.0,Choque,maniobras imprudentes,5601_2_50,19.0,5.0
Antioquia,2018-01-16 14:13:00,50,995.0,2017-12-10 05:00:00,domingo,30,Normal,Otra,Montañoso,Cajón,Curva Derecha,Transito normal con precaución,0,10,2,0,1.0,Choque,maniobras imprudentes,5601_2_50,13.0,11.0
Antioquia,2018-01-16 14:16:00,74,70.0,2017-12-20 05:00:00,miercoles,0,Normal,Seca y limpia,Escarpado,Media ladera Izquierda,Curva Izquierda,Transito normal con precaución,7,0,0,2,1.0,Choque,maniobras imprudentes,5601_2_74,15.0,16.0
Antioquia,2018-01-16 14:31:00,75,550.0,2017-12-08 05:00:00,viernes,0,Normal,Seca y limpia,Escarpado,Media Ladera Derecha,Curva Derecha,Transito normal con precaución,3,0,1,0,1.0,Caída ocupante,maniobras imprudentes,5601_2_75,18.0,9.0
Antioquia,2018-01-16 14:36:00,81,950.0,2017-12-19 05:00:00,martes,30,Normal,Seca y limpia,Escarpado,Media Ladera Derecha,Curva Izquierda,Transito normal con precaución,23,0,1,0,1.0,Caída ocupante,maniobras imprudentes,5601_2_81,21.0,2.0
Antioquia,2018-01-16 14:51:00,82,478.0,2017-12-22 05:00:00,viernes,30,Normal,Seca y limpia,Escarpado,Media ladera Izquierda,Recta,Transito normal con precaución,0,0,1,0,1.0,Caída ocupante,condiciones de la via y factores ambientales,5601_2_82,4.0,20.0
Antioquia,2018-01-16 14:56:00,86,160.0,2017-12-01 05:00:00,viernes,0,Lluvia,Humeda,Escarpado,Media ladera Izquierda,Curva Derecha,Transito normal con precaución,15,0,1,0,1.0,Caída ocupante,condiciones de la via y factores ambientales,5601_2_86,12.0,3.0
Antioquia,2018-01-16 15:01:00,86,850.0,2017-12-22 05:00:00,viernes,50,Normal,Seca y limpia,Escarpado,Media ladera Izquierda,Curva Izquierda,Transito normal con precaución,0,0,2,0,1.0,Choque,no determinada,5601_2_86,11.0,13.0
Antioquia,2018-01-16 15:09:00,93,920.0,2017-12-10 05:00:00,domingo,30,Viento,Humeda,Escarpado,Media Ladera Derecha,Curva Derecha,Transito normal con precaución,1,30,0,0,1.0,Caída ocupante,condiciones de la via y factores ambientales,5601_2_93,11.0,14.0
Antioquia,2018-01-16 15:11:00,94,180.0,2017-12-11 05:00:00,lunes,30,Lluvia,Humeda,Escarpado,Media Ladera Derecha,Curva Derecha,Transito normal con precaución,2,30,1,0,1.0,Caída ocupante,condiciones de la via y factores ambientales,5601_2_94,22.0,4.0
Antioquia,2018-01-16 15:16:00,102,15.0,2017-12-09 05:00:00,sabado,27,Normal,Material suelto,Ondulado,Terraplen,Recta,Transito normal con precaución,0,20,1,0,1.0,Caída ocupante,no determinada,5601_2_102,11.0,13.0
Antioquia,2018-01-16 15:19:00,102,700.0,2017-12-08 05:00:00,viernes,30,Normal,Seca y limpia,Ondulado,Media Ladera Derecha,Curva Derecha,Transito normal con precaución,2,30,2,0,1.0,Caída ocupante,maniobras imprudentes,5601_2_102,22.0,4.0
Antioquia,2018-02-13 20:10:00,49,340.0,2018-01-01 05:00:00,lunes,0,Normal,Otra,Plano,Terraplen,Recta,Transito normal con precaución,1,0,1,0,1.0,Caída ocupante,embriaguez o sustancias alucinogenas,5601_2_49,12.0,13.0
Antioquia,2018-02-13 20:10:00,49,340.0,2018-01-01 05:00:00,lunes,0,Normal,Otra,Plano,Terraplen,Recta,Transito normal con precaución,1,0,1,0,1.0,Caída ocupante,embriaguez o sustancias alucinogenas,5601_2_49,16.0,9.0
Antioquia,2018-02-13 20:21:00,51,330.0,2018-01-11 05:00:00,jueves,10,Normal,Seca y limpia,Ondulado,Media ladera Izquierda,Curva Izquierda,Transito normal con precaución,0,10,0,0,1.0,Choque,maniobras imprudentes,5601_2_51,7.0,17.0
Antioquia,2018-02-13 20:25:00,57,510.0,2018-01-08 05:00:00,lunes,20,Normal,Seca y limpia,Escarpado,Media Ladera Derecha,Recta,Transito normal con precaución,0,40,1,0,1.0,Choque,maniobras imprudentes,5601_2_57,16.0,8.0
Antioquia,2018-02-13 20:28:00,64,30.0,2018-01-16 05:00:00,martes,20,Normal,Seca y limpia,Escarpado,Media ladera Izquierda,Curva Derecha,Transito normal con precaución,0,30,1,0,1.0,Choque,maniobras imprudentes,5601_2_64,23.0,1.0
Antioquia,2018-03-16 15:10:00,66,280.0,2018-02-22 05:00:00,jueves,30,Normal,Otra,Escarpado,Media ladera Izquierda,Recta,Transito normal con precaución,6,20,2,0,1.0,Atropello,conducta de peatones,5601_2_66,18.0,12.0
Antioquia,2018-03-16 15:13:00,75,470.0,2018-02-03 05:00:00,sabado,0,Normal,Seca y limpia,Escarpado,Media Ladera Derecha,Curva Derecha,Transito normal con precaución,1,40,1,0,1.0,Caída de piedra,maniobras imprudentes,5601_2_75,21.0,4.0
Antioquia,2018-03-16 15:19:00,84,420.0,2018-02-18 05:00:00,domingo,30,Normal,Seca y limpia,Escarpado,Media ladera Izquierda,Curva Derecha,Transito normal con precaución,1,10,2,0,1.0,Choque,exceso en horas de conduccion,5601_2_84,22.0,3.0
Antioquia,2018-04-12 19:37:00,50,450.0,2018-03-25 05:00:00,domingo,0,Normal,Seca y limpia,Ondulado,Cajón,Recta,Transito normal con precaución,1,0,2,0,1.0,Choque,embriaguez o sustancias alucinogenas,5601_2_50,16.0,9.0
Antioquia,2018-04-12 19:40:00,54,980.0,2018-03-30 05:00:00,viernes,15,Normal,Seca y limpia,Escarpado,Media Ladera Derecha,Curva Derecha,Transito normal con precaución,0,15,2,0,1.0,Choque,maniobras imprudentes,5601_2_54,7.0,17.0
Antioquia,2018-04-12 19:43:00,65,330.0,2018-03-13 05:00:00,martes,30,Normal,Seca y limpia,Escarpado,Media ladera Izquierda,Curva Derecha,Transito normal con precaución,5,15,1,0,1.0,Choque,maniobras imprudentes,5601_2_65,5.0,0.0
Antioquia,2018-04-12 19:46:00,83,120.0,2018-03-12 05:00:00,lunes,0,Normal,Seca y limpia,Escarpado,Media ladera Izquierda,Curva Derecha,Transito normal con precaución,1,20,1,0,1.0,Choque,maniobras imprudentes,5601_2_83,18.0,7.0
Antioquia,2018-04-12 19:48:00,97,760.0,2018-03-04 05:00:00,domingo,40,Normal,Seca y limpia,Escarpado,Media ladera Izquierda,Curva Derecha,Transito normal con precaución,5,20,1,0,1.0,Caída ocupante,maniobras imprudentes,5601_2_97,10.0,19.0
Antioquia,2017-05-17 19:05:00,102,960.0,2017-04-18 05:00:00,martes,0,Normal,Otra,Ondulado,Media Ladera Derecha,Recta,Transito normal con precaución,0,14,1,0,1.0,Caída ocupante,maniobras imprudentes,5601_1_102,4.0,20.0
Antioquia,2018-03-16 15:07:00,50,810.0,2018-02-06 05:00:00,martes,15,Normal,Seca y limpia,Ondulado,Media ladera Izquierda,Recta,Transito normal con precaución,0,55,0,0,1.0,Choque,no mantener distancia de seguridad,5601_1_50,16.0,8.0
Antioquia,2018-03-16 15:07:00,50,810.0,2018-02-06 05:00:00,martes,15,Normal,Seca y limpia,Ondulado,Media ladera Izquierda,Recta,Transito normal con precaución,0,55,0,0,1.0,Choque,no mantener distancia de seguridad,5601_1_50,21.0,3.0
Antioquia,2018-03-16 15:16:00,81,340.0,2018-02-02 05:00:00,viernes,30,Normal,Seca y limpia,Escarpado,Media Ladera Derecha,Curva Derecha,Transito normal con precaución,0,10,0,0,1.0,Choque,maniobras imprudentes,5601_1_81,20.0,4.0
Antioquia,2018-03-16 15:21:00,95,650.0,2018-02-23 05:00:00,viernes,30,Normal,Seca y limpia,Escarpado,Media ladera Izquierda,Curva Derecha,Transito normal con precaución,3,30,1,0,1.0,Caída de piedra,condiciones de la via y factores ambientales,5601_1_95,9.0,18.0
Santander,2017-08-09 21:21:00,2,110.0,2017-07-08 05:00:00,sabado,15,Sol,Seca y limpia,Montañoso,Media Ladera Derecha,Curva Izquierda,Parcial con reducción de carriles,0,0,0,0,1.0,Choque,imprudencia del conductor,55STA_0_2,9.0,15.0
Santander,2018-01-02 20:27:00,2,100.0,2017-12-23 05:00:00,sabado,0,Normal,Seca y limpia,Ondulado,Media Ladera Derecha,Curva Izquierda,Transito normal con precaución,0,0,0,0,1.0,Choque,imprudencia del conductor,55STA_0_2,5.0,19.0
Santander,2018-03-28 14:01:00,15,20.0,2018-03-09 05:00:00,viernes,0,Normal,Seca y limpia,Escarpado,Media ladera Izquierda,Recta,Parcial con reducción de carriles,1,0,0,0,1.0,Volcamiento,exceso de velocidad,55ST02_2_15,15.0,10.0
Santander,2017-05-30 13:33:00,59,655.0,2016-12-26 05:00:00,lunes,0,Seca,Seca y limpia,Ondulado,Media Ladera Derecha,Curva Izquierda,Transito normal con precaución,0,30,0,0,1.0,Volcamiento,fallas mecanicas y del sistema electrico,55ST02_1_59,14.0,10.0
Santander,2017-05-30 13:40:00,100,230.0,2016-12-30 05:00:00,viernes,0,Sol,Seca y limpia,Escarpado,Media ladera Izquierda,Curva Derecha,Transito normal con precaución,1,0,0,0,1.0,Choque,exceso de velocidad,55ST02_1_100,19.0,6.0
Santander,2017-05-30 15:31:00,14,500.0,2017-02-16 05:00:00,jueves,0,Sol,Seca y limpia,Escarpado,Media ladera Izquierda,Curva Derecha,Parcial con reducción de carriles,2,0,1,1,1.0,Choque,exceso de velocidad,55ST02_1_14,22.0,4.0
Santander,2017-05-30 15:34:00,73,400.0,2017-02-15 05:00:00,miercoles,0,Sol,Seca y limpia,Escarpado,Media ladera Izquierda,Curva Izquierda,Transito normal con precaución,0,30,0,0,1.0,Choque,defectos fisicos y psiquicos,55ST02_1_73,19.0,5.0
Santander,2017-08-09 21:18:00,67,800.0,2017-06-20 05:00:00,martes,40,Sol,Seca y limpia,Montañoso,Media Ladera Derecha,Curva Izquierda,Transito normal con precaución,0,0,0,0,1.0,Choque,imprudencia del conductor,55ST02_1_67,8.0,16.0
Santander,2017-08-09 21:43:00,5,723.0,2017-08-04 05:00:00,viernes,0,Normal,Seca y limpia,Montañoso,Media ladera Izquierda,Recta,Transito normal con precaución,0,0,0,0,1.0,Salida de la vía sin volcarse,fallas mecanicas y del sistema electrico,55ST02_1_5,12.0,12.0
Santander,2017-08-09 21:46:00,110,150.0,2017-07-30 05:00:00,domingo,30,Normal,Seca y limpia,Escarpado,Media ladera Izquierda,Recta,Transito normal con precaución,0,0,0,0,1.0,Choque,imprudencia del conductor,55ST02_1_110,9.0,15.0
Santander,2017-08-15 14:58:00,101,120.0,2017-08-11 05:00:00,viernes,0,Normal,Seca y limpia,Escarpado,Media ladera Izquierda,Curva Derecha,Transito normal con precaución,0,0,0,0,1.0,Choque,fallas mecanicas y del sistema electrico,55ST02_1_101,9.0,15.0
Santander,2017-09-02 04:26:00,108,500.0,2017-09-01 05:00:00,viernes,20,Normal,Seca y limpia,Escarpado,Media ladera Izquierda,Curva Derecha,Cierre total,4,0,0,0,1.0,Salida de la vía sin volcarse,maniobras imprudentes,55ST02_1_108,13.0,15.0
Santander,2017-09-02 04:35:00,84,308.0,2017-09-01 05:00:00,viernes,0,Sol,Seca y limpia,Escarpado,Media ladera Izquierda,Recta,Transito normal con precaución,0,0,0,0,1.0,Volcamiento,maniobras imprudentes,55ST02_1_84,20.0,4.0
Santander,2017-09-14 13:55:00,88,821.0,2017-08-22 05:00:00,martes,40,Normal,Seca y limpia,Escarpado,Media ladera Izquierda,Curva Derecha,Transito normal con precaución,0,0,0,0,1.0,Choque,no determinada,55ST02_1_88,12.0,12.0
Santander,2017-09-14 13:58:00,119,550.0,2017-08-06 05:00:00,domingo,0,Normal,Seca y limpia,Escarpado,Media ladera Izquierda,Curva Derecha,Parcial con reducción de carriles,0,0,0,1,1.0,Atropello,imprudencia del conductor,55ST02_1_119,8.0,16.0
Santander,2017-09-25 22:29:00,10,790.0,2017-09-14 05:00:00,jueves,0,Normal,Seca y limpia,Montañoso,Media ladera Izquierda,Curva Izquierda,Parcial con reducción de carriles,2,0,0,0,1.0,Volcamiento,no determinada,55ST02_1_10,12.0,14.0
Santander,2017-10-06 20:17:00,28,735.0,2017-09-21 05:00:00,jueves,0,Normal,Humeda,Montañoso,Media Ladera Derecha,Curva Derecha,Transito normal con precaución,0,0,0,0,1.0,Choque,fallas mecanicas y del sistema electrico,55ST02_1_28,14.0,10.0
Santander,2017-11-07 22:56:00,116,250.0,2017-11-07 05:00:00,martes,0,Normal,Seca y limpia,Escarpado,Media ladera Izquierda,Curva Izquierda,Cierre total,0,10,0,0,1.0,Choque,imprudencia del conductor,55ST02_1_116,6.0,18.0
Santander,2017-11-08 16:10:00,13,630.0,2017-11-07 05:00:00,martes,0,Normal,Seca y limpia,Montañoso,Media ladera Izquierda,Curva Derecha,Transito normal con precaución,0,0,0,0,1.0,Volcamiento,fallas mecanicas y del sistema electrico,55ST02_1_13,15.0,9.0
Santander,2017-11-08 23:39:00,45,660.0,2017-10-27 05:00:00,viernes,22,Normal,Material suelto,Escarpado,Media ladera Izquierda,Curva Izquierda,Transito normal con precaución,0,0,1,0,1.0,Caída ocupante,no determinada,55ST02_1_45,4.0,20.0
Santander,2017-11-08 23:46:00,50,100.0,2017-10-19 05:00:00,jueves,40,Normal,Seca y limpia,Ondulado,Cajón,Recta,Transito normal con precaución,0,0,1,0,1.0,Caída ocupante,no determinada,55ST02_1_50,11.0,13.0
Santander,2017-11-08 23:57:00,60,170.0,2017-09-03 05:00:00,domingo,5,Normal,Humeda,Montañoso,Media ladera Izquierda,Curva Izquierda,Parcial con reducción de carriles,1,0,0,0,1.0,Choque,no determinada,55ST02_1_60,10.0,15.0
Santander,2017-12-07 18:57:00,58,967.0,2017-11-22 05:00:00,miercoles,30,Normal,Material suelto,Montañoso,Media ladera Izquierda,Curva Derecha,Transito normal con precaución,0,0,2,0,1.0,Caída ocupante,no determinada,55ST02_1_58,14.0,10.0
Santander,2017-12-07 20:05:00,62,900.0,2017-11-12 05:00:00,domingo,0,Normal,Seca y limpia,Montañoso,Cajón,Recta,Transito normal con precaución,0,0,0,0,1.0,Choque,imprudencia del conductor,55ST02_1_62,16.0,8.0
Santander,2018-01-02 19:55:00,55,517.0,2017-12-30 05:00:00,sabado,30,Normal,Seca y limpia,Montañoso,Media Ladera Derecha,Recta,Cierre total,1,0,2,0,1.0,Volcamiento,exceso de velocidad,55ST02_1_55,4.0,21.0
Santander,2018-02-07 17:02:00,0,110.0,2018-01-20 05:00:00,sabado,20,Normal,Seca y limpia,Ondulado,Media Ladera Derecha,Curva Izquierda,Transito normal con precaución,0,0,1,0,1.0,Choque,maniobras imprudentes,55ST02_1_0,7.0,17.0
Santander,2018-03-07 16:53:00,0,550.0,2018-02-10 05:00:00,sabado,30,Normal,Seca y limpia,Ondulado,Media ladera Izquierda,Curva Izquierda,Transito normal con precaución,0,30,0,0,1.0,Choque,imprudencia del conductor,55ST02_1_0,15.0,9.0
Santander,2018-03-28 14:07:00,68,630.0,2018-03-26 05:00:00,lunes,30,Normal,Material suelto,Escarpado,Media ladera Izquierda,Curva Derecha,Parcial con reducción de carriles,0,30,0,0,1.0,Choque,exceso de velocidad,55ST02_1_68,8.0,16.0
Santander,2018-04-12 22:20:00,120,158.0,2018-02-06 05:00:00,martes,10,Normal,Seca y limpia,Plano,Media ladera Izquierda,Curva Derecha,Transito normal con precaución,0,25,0,0,1.0,Choque,imprudencia del conductor,55ST02_1_120,13.0,11.0
Norte de Santander,2017-05-03 20:20:00,7,550.0,2017-04-12 05:00:00,miercoles,0,Normal,Seca y limpia,Plano,Terraplen,Curva Izquierda,Transito normal con precaución,0,0,1,0,1.0,Choque,maniobras imprudentes,55NSA_2_7,8.0,16.0
Norte de Santander,2017-05-03 20:32:00,10,950.0,2017-04-12 05:00:00,miercoles,15,Normal,Seca y limpia,Plano,Terraplen,Curva Derecha,Transito normal con precaución,0,0,0,1,1.0,Choque,no determinada,55NSA_2_10,3.0,21.0
Norte de Santander,2017-05-31 20:38:00,17,714.0,2017-05-04 05:00:00,jueves,50,Normal,Seca y limpia,Plano,Terraplen,Curva Derecha,Transito normal con precaución,0,0,0,0,1.0,Volcamiento,no determinada,55NSA_2_17,7.0,17.0
Norte de Santander,2017-05-31 20:43:00,16,240.0,2017-05-04 05:00:00,jueves,10,Normal,Seca y limpia,Plano,Terraplen,Recta,Transito normal con precaución,0,0,0,0,1.0,Choque,no mantener distancia de seguridad,55NSA_2_16,14.0,10.0
Norte de Santander,2017-05-31 20:47:00,10,210.0,2017-05-06 05:00:00,sabado,0,Normal,Seca y limpia,Plano,Terraplen,Recta,Transito normal con precaución,0,0,0,0,1.0,Choque,no determinada,55NSA_2_10,22.0,2.0
Norte de Santander,2017-05-31 20:51:00,5,249.0,2017-05-08 05:00:00,lunes,47,Normal,Seca y limpia,Plano,Terraplen,Recta,Transito normal con precaución,0,0,0,0,1.0,Choque,no determinada,55NSA_2_5,17.0,7.0
Norte de Santander,2017-07-05 21:03:00,16,0.0,2017-06-24 05:00:00,sabado,50,Normal,Seca y limpia,Plano,Terraplen,Curva Derecha,Transito normal con precaución,0,0,1,1,1.0,Choque,no mantener distancia de seguridad,55NSA_2_16,2.0,22.0
Norte de Santander,2017-08-02 15:40:00,2,300.0,2017-07-14 05:00:00,viernes,20,Normal,Seca y limpia,Plano,Terraplen,Recta,Transito normal con precaución,0,0,0,0,1.0,Choque,maniobras imprudentes,55NSA_2_2,3.0,21.0