territorial,fecha_registro,pr,distancia_pr,fecha_acc,dia_semana_acc,min_acc,condic_meteor,estado_super,terreno,secc_tip,geometria_acc,tipo_cierre,horas_cierre,min_cierre,n_heridos,n_muertos,n_victimas,clase_accidente,causa_posible,ref_loc,hora_acc,duracion_cierre_horas
Norte de Santander,2017-08-02 15:45:00,17,400.0,2017-07-09 05:00:00,domingo,40,Normal,Seca y limpia,Plano,Terraplen,Recta,Transito normal con precaución,0,0,1,0,1.0,Choque,desobediencia a normas y senales,55NSA_2_17,13.0,11.0
Norte de Santander,2017-09-30 16:44:00,15,450.0,2017-09-06 05:00:00,miercoles,15,Normal,Seca y limpia,Plano,Terraplen,Recta,Transito normal con precaución,0,0,0,0,1.0,Choque,no determinada,55NSA_2_15,18.0,6.0
Norte de Santander,2017-11-03 22:01:00,8,950.0,2017-09-20 05:00:00,miercoles,50,Normal,Seca y limpia,Plano,Terraplen,Curva Derecha,Transito normal con precaución,0,0,0,0,1.0,Choque,no determinada,55NSA_2_8,5.0,19.0
Norte de Santander,2017-12-07 21:51:00,13,750.0,2017-11-21 05:00:00,martes,55,Normal,Seca y limpia,Plano,Terraplen,Curva Derecha,Transito normal con precaución,0,0,0,0,1.0,Choque,no determinada,55NSA_2_13,22.0,2.0
Norte de Santander,2017-12-26 20:34:00,16,800.0,2017-12-11 05:00:00,lunes,30,Normal,Seca y limpia,Plano,Terraplen,Recta,Transito normal con precaución,0,0,0,0,1.0,Choque,maniobras imprudentes,55NSA_2_16,12.0,12.0
Norte de Santander,2018-03-23 13:22:00,16,400.0,2018-02-24 05:00:00,sabado,30,Normal,Seca y limpia,Plano,Terraplen,Recta,Transito normal con precaución,0,0,0,0,1.0,Choque,no determinada,55NSA_2_16,13.0,11.0
Norte de Santander,2017-05-03 20:14:00,8,610.0,2017-03-28 05:00:00,martes,0,Normal,Seca y limpia,Plano,Terraplen,Recta,Transito normal con precaución,0,0,1,0,1.0,Choque,no determinada,55NSA_1_8,16.0,8.0
Norte de Santander,2017-05-31 20:54:00,14,164.0,2017-05-09 05:00:00,martes,35,Normal,Seca y limpia,Plano,Terraplen,Recta,Transito normal con precaución,0,0,0,0,1.0,Atropello,no determinada,55NSA_1_14,14.0,10.0
Norte de Santander,2017-07-05 20:51:00,1,200.0,2017-06-01 05:00:00,jueves,0,Normal,Seca y limpia,Plano,Terraplen,Recta,Transito normal con precaución,0,0,0,0,1.0,Volcamiento,imprudencia del conductor,55NSA_1_1,12.0,12.0
Norte de Santander,2017-07-05 20:55:00,3,600.0,2017-06-11 05:00:00,domingo,10,Normal,Seca y limpia,Plano,Terraplen,Recta,Transito normal con precaución,0,0,0,1,1.0,Choque,no determinada,55NSA_1_3,20.0,4.0
Cundinamarca,2017-08-15 16:09:00,58,900.0,2017-03-18 05:00:00,sabado,0,Lluvia,Humeda,Montañoso,Media ladera Izquierda,Recta,Transito normal con precaución,0,0,0,0,1.0,Choque,maniobras imprudentes,5008_2_58,10.0,14.0
Cundinamarca,2017-08-15 16:11:00,24,150.0,2017-03-21 05:00:00,martes,0,Lluvia,Humeda,Montañoso,Media ladera Izquierda,Recta,Transito normal con precaución,0,0,0,0,1.0,Choque,condiciones de la via y factores ambientales,5008_2_24,9.0,15.0
Cundinamarca,2017-08-15 16:16:00,47,250.0,2017-04-05 05:00:00,miercoles,0,Normal,Seca y limpia,Ondulado,Media ladera Izquierda,Curva Izquierda,Transito normal con precaución,0,0,0,0,1.0,Choque,adelantamientos indebidos,5008_2_47,17.0,7.0
Cundinamarca,2017-08-15 16:17:00,21,100.0,2017-04-06 05:00:00,jueves,0,Normal,Seca y limpia,Ondulado,Media ladera Izquierda,Recta,Transito normal con precaución,0,0,0,0,1.0,Choque,maniobras imprudentes,5008_2_21,7.0,17.0
Cundinamarca,2017-08-15 16:19:00,35,400.0,2017-04-14 05:00:00,viernes,20,Lluvia,Humeda,Ondulado,Media ladera Izquierda,Curva Izquierda,Transito normal con precaución,0,0,5,0,1.0,Choque,desobediencia a normas y senales,5008_2_35,5.0,19.0
Cundinamarca,2017-08-15 16:20:00,38,525.0,2017-04-09 05:00:00,domingo,15,Lluvia,Humeda,Ondulado,Media Ladera Derecha,Recta,Transito normal con precaución,0,0,0,0,1.0,Choque,no mantener distancia de seguridad,5008_2_38,4.0,20.0
Cundinamarca,2017-08-15 16:22:00,25,50.0,2017-04-10 05:00:00,lunes,0,Normal,Seca y limpia,Ondulado,Media Ladera Derecha,Recta,Transito normal con precaución,0,0,0,0,1.0,Volcamiento,exceso en horas de conduccion,5008_2_25,19.0,5.0
Cundinamarca,2017-08-15 16:23:00,20,575.0,2017-04-12 05:00:00,miercoles,30,Niebla,Seca y limpia,Ondulado,Media ladera Izquierda,Recta,Transito normal con precaución,0,0,0,0,1.0,Volcamiento,maniobras imprudentes,5008_2_20,22.0,2.0
Cundinamarca,2017-08-15 16:25:00,55,100.0,2017-04-12 05:00:00,miercoles,30,Normal,Seca y limpia,Ondulado,Media ladera Izquierda,Recta,Transito normal con precaución,0,0,0,0,1.0,Choque,no mantener distancia de seguridad,5008_2_55,19.0,5.0
Cundinamarca,2017-08-15 16:27:00,56,300.0,2017-04-13 05:00:00,jueves,45,Normal,Seca y limpia,Ondulado,Media ladera Izquierda,Recta,Transito normal con precaución,0,0,0,0,1.0,Choque,no mantener distancia de seguridad,5008_2_56,23.0,1.0
Cundinamarca,2017-08-15 16:29:00,36,400.0,2017-04-15 05:00:00,sabado,45,Normal,Humeda,Ondulado,Media Ladera Derecha,Recta,Transito normal con precaución,0,0,0,0,1.0,Choque,no mantener distancia de seguridad,5008_2_36,16.0,8.0
Cundinamarca,2017-08-15 16:31:00,54,375.0,2017-04-17 05:00:00,lunes,0,Normal,Seca y limpia,Ondulado,Media ladera Izquierda,Recta,Transito normal con precaución,0,0,0,0,1.0,Choque,no mantener distancia de seguridad,5008_2_54,8.0,16.0
Cundinamarca,2017-08-15 16:36:00,46,900.0,2017-04-18 05:00:00,martes,50,Lluvia,Humeda,Ondulado,Media ladera Izquierda,Curva Izquierda,Transito normal con precaución,0,0,0,0,1.0,Choque,maniobras imprudentes,5008_2_46,19.0,5.0
Cundinamarca,2017-08-15 16:46:00,20,650.0,2017-04-20 05:00:00,jueves,30,Lluvia,Humeda,Ondulado,Media ladera Izquierda,Curva Derecha,Transito normal con precaución,0,0,0,0,1.0,Choque,condiciones de la via y factores ambientales,5008_2_20,6.0,18.0
Cundinamarca,2017-08-15 16:56:00,20,0.0,2017-04-21 05:00:00,viernes,5,Normal,Seca y limpia,Ondulado,Media ladera Izquierda,Curva Derecha,Transito normal con precaución,0,0,0,0,1.0,Choque,maniobras imprudentes,5008_2_20,18.0,6.0
Cundinamarca,2017-08-15 16:57:00,37,500.0,2017-04-23 05:00:00,domingo,15,Normal,Seca y limpia,Ondulado,Media Ladera Derecha,Curva Izquierda,Transito normal con precaución,0,0,0,0,1.0,Choque,adelantamientos indebidos,5008_2_37,9.0,15.0
Cundinamarca,2017-08-15 17:03:00,49,950.0,2017-04-26 05:00:00,miercoles,40,Normal,Seca y limpia,Plano,Terraplen,Curva Derecha,Transito normal con precaución,0,0,0,0,1.0,Choque,maniobras imprudentes,5008_2_49,23.0,1.0
Cundinamarca,2017-08-15 17:05:00,49,970.0,2017-04-26 05:00:00,miercoles,25,Normal,Seca y limpia,Plano,Terraplen,Curva Derecha,Transito normal con precaución,0,0,0,0,1.0,Volcamiento,maniobras imprudentes,5008_2_49,14.0,10.0
Cundinamarca,2017-08-15 20:54:00,55,250.0,2017-05-01 05:00:00,lunes,10,Lluvia,Humeda,Ondulado,Media ladera Izquierda,Curva Derecha,Transito normal con precaución,0,0,0,0,1.0,Choque,desobediencia a normas y senales,5008_2_55,17.0,7.0
Cundinamarca,2017-08-15 20:55:00,63,500.0,2017-05-02 05:00:00,martes,50,Lluvia,Humeda,Ondulado,Media ladera Izquierda,Curva Derecha,Transito normal con precaución,0,0,0,0,1.0,Choque,adelantamientos indebidos,5008_2_63,6.0,18.0
Cundinamarca,2017-08-15 20:57:00,36,800.0,2017-05-04 05:00:00,jueves,30,Normal,Seca y limpia,Ondulado,Media Ladera Derecha,Recta,Transito normal con precaución,0,0,0,0,1.0,Choque,fallas mecanicas y del sistema electrico,5008_2_36,14.0,10.0
Cundinamarca,2017-08-15 20:59:00,52,300.0,2017-05-04 05:00:00,jueves,0,Normal,Seca y limpia,Ondulado,Media ladera Izquierda,Curva Derecha,Transito normal con precaución,0,0,1,0,1.0,Choque,adelantamientos indebidos,5008_2_52,21.0,3.0
Cundinamarca,2017-08-15 21:00:00,35,350.0,2017-05-06 05:00:00,sabado,0,Lluvia,Humeda,Ondulado,Media ladera Izquierda,Curva Izquierda,Transito normal con precaución,0,0,0,0,1.0,Choque,maniobras imprudentes,5008_2_35,8.0,16.0
Cundinamarca,2017-08-15 21:01:00,39,880.0,2017-05-07 05:00:00,domingo,40,Normal,Seca y limpia,Ondulado,Media Ladera Derecha,Curva Derecha,Transito normal con precaución,0,0,0,0,1.0,Choque,no mantener distancia de seguridad,5008_2_39,1.0,23.0
Cundinamarca,2017-08-15 21:03:00,29,700.0,2017-05-07 05:00:00,domingo,20,Normal,Seca y limpia,Ondulado,Media Ladera Derecha,Curva Derecha,Transito normal con precaución,0,0,0,0,1.0,Choque,maniobras imprudentes,5008_2_29,9.0,15.0
Cundinamarca,2017-08-15 21:05:00,60,80.0,2017-05-07 05:00:00,domingo,50,Lluvia,Humeda,Ondulado,Media ladera Izquierda,Curva Izquierda,Transito normal con precaución,0,0,0,0,1.0,Choque,maniobras imprudentes,5008_2_60,0.0,0.0
Cundinamarca,2017-08-15 21:06:00,38,200.0,2017-05-10 05:00:00,miercoles,40,Normal,Seca y limpia,Ondulado,Media Ladera Derecha,Recta,Transito normal con precaución,0,0,0,0,1.0,Choque,no mantener distancia de seguridad,5008_2_38,16.0,8.0
Cundinamarca,2017-08-15 21:08:00,56,0.0,2017-05-11 05:00:00,jueves,55,Normal,Seca y limpia,Ondulado,Media ladera Izquierda,Curva Derecha,Transito normal con precaución,0,0,0,0,1.0,Choque,no mantener distancia de seguridad,5008_2_56,14.0,10.0
Cundinamarca,2017-08-15 21:25:00,36,900.0,2017-06-11 05:00:00,domingo,30,Normal,Seca y limpia,Plano,Terraplen,Curva Derecha,Transito normal con precaución,0,0,0,0,1.0,Choque,maniobras imprudentes,5008_2_36,7.0,17.0
Cundinamarca,2017-08-15 21:26:00,23,500.0,2017-06-13 05:00:00,martes,15,Normal,Seca y limpia,Ondulado,Media Ladera Derecha,Curva Izquierda,Transito normal con precaución,0,0,0,0,1.0,Choque,adelantamientos indebidos,5008_2_23,10.0,14.0
Cundinamarca,2017-08-15 21:30:00,45,900.0,2017-06-22 05:00:00,jueves,30,Normal,Seca y limpia,Ondulado,Media Ladera Derecha,Curva Izquierda,Cierre total,1,30,0,1,1.0,Choque,adelantamientos indebidos,5008_2_45,7.0,18.0
Cundinamarca,2017-08-15 21:32:00,61,700.0,2017-06-22 05:00:00,jueves,30,Normal,Seca y limpia,Ondulado,Media Ladera Derecha,Recta,Transito normal con precaución,0,0,0,0,1.0,Volcamiento,maniobras imprudentes,5008_2_61,11.0,13.0
Cundinamarca,2017-08-15 21:33:00,49,720.0,2017-06-23 05:00:00,viernes,10,Normal,Seca y limpia,Ondulado,Media ladera Izquierda,Curva Derecha,Transito normal con precaución,0,0,0,0,1.0,Choque,exceso en horas de conduccion,5008_2_49,8.0,16.0
Cundinamarca,2017-08-15 21:35:00,14,800.0,2017-06-25 05:00:00,domingo,50,Normal,Seca y limpia,Ondulado,Media ladera Izquierda,Curva Derecha,Transito normal con precaución,0,0,0,0,1.0,Choque,maniobras imprudentes,5008_2_14,12.0,12.0
Cundinamarca,2017-08-15 21:36:00,35,400.0,2017-06-26 05:00:00,lunes,40,Lluvia,Humeda,Ondulado,Media ladera Izquierda,Curva Izquierda,Transito normal con precaución,0,0,1,0,1.0,Choque,desobediencia a normas y senales,5008_2_35,6.0,18.0
Cundinamarca,2017-08-15 21:38:00,36,0.0,2017-06-26 05:00:00,lunes,0,Lluvia,Humeda,Ondulado,Media ladera Izquierda,Curva Izquierda,Transito normal con precaución,0,0,0,0,1.0,Choque,adelantamientos indebidos,5008_2_36,1.0,23.0
Cundinamarca,2017-08-15 21:40:00,57,200.0,2017-06-29 05:00:00,jueves,0,Normal,Seca y limpia,Ondulado,Media ladera Izquierda,Recta,Transito normal con precaución,0,0,0,0,1.0,Choque,maniobras imprudentes,5008_2_57,6.0,18.0
Cundinamarca,2017-08-15 21:41:00,41,500.0,2017-06-29 05:00:00,jueves,10,Normal,Seca y limpia,Ondulado,Media Ladera Derecha,Recta,Transito normal con precaución,0,0,0,0,1.0,Choque,no mantener distancia de seguridad,5008_2_41,10.0,14.0
Cundinamarca,2017-08-15 21:43:00,50,150.0,2017-06-30 05:00:00,viernes,30,Normal,Seca y limpia,Ondulado,Media ladera Izquierda,Curva Derecha,Transito normal con precaución,0,0,0,0,1.0,Choque,adelantamientos indebidos,5008_2_50,15.0,9.0
Cundinamarca,2017-08-15 21:44:00,59,750.0,2017-06-30 05:00:00,viernes,0,Normal,Seca y limpia,Ondulado,Media Ladera Derecha,Curva Izquierda,Transito normal con precaución,0,0,0,0,1.0,Choque,no mantener distancia de seguridad,5008_2_59,2.0,22.0
Cundinamarca,2017-08-15 21:46:00,12,450.0,2017-06-30 05:00:00,viernes,30,Normal,Seca y limpia,Ondulado,Media Ladera Derecha,Curva Izquierda,Transito normal con precaución,0,0,5,1,1.0,Volcamiento,defectos fisicos y psiquicos,5008_2_12,9.0,15.0
Cundinamarca,2017-08-15 21:50:00,51,300.0,2017-07-04 05:00:00,martes,10,Normal,Seca y limpia,Ondulado,Media ladera Izquierda,Curva Derecha,Cierre total,1,0,0,1,1.0,Choque,adelantamientos indebidos,5008_2_51,14.0,11.0
Cundinamarca,2017-08-15 21:52:00,55,700.0,2017-07-07 05:00:00,viernes,30,Normal,Seca y limpia,Ondulado,Media ladera Izquierda,Curva Derecha,Transito normal con precaución,0,0,0,0,1.0,Choque,maniobras imprudentes,5008_2_55,5.0,19.0
Cundinamarca,2017-08-15 21:54:00,39,500.0,2017-07-09 05:00:00,domingo,50,Normal,Seca y limpia,Ondulado,Media Ladera Derecha,Curva Derecha,Transito normal con precaución,0,0,0,0,1.0,Choque,exceso en horas de conduccion,5008_2_39,10.0,14.0
Cundinamarca,2017-08-15 21:56:00,36,100.0,2017-07-09 05:00:00,domingo,50,Normal,Seca y limpia,Ondulado,Media Ladera Derecha,Curva Izquierda,Transito normal con precaución,0,0,0,0,1.0,Choque,maniobras imprudentes,5008_2_36,12.0,12.0
Cundinamarca,2017-08-15 21:57:00,62,300.0,2017-07-13 05:00:00,jueves,45,Normal,Seca y limpia,Ondulado,Media Ladera Derecha,Recta,Transito normal con precaución,0,0,0,0,1.0,Volcamiento,maniobras imprudentes,5008_2_62,18.0,6.0
Cundinamarca,2017-08-15 21:59:00,35,900.0,2017-07-15 05:00:00,sabado,30,Normal,Seca y limpia,Ondulado,Media ladera Izquierda,Curva Izquierda,Transito normal con precaución,0,0,0,0,1.0,Choque,maniobras imprudentes,5008_2_35,3.0,21.0
Cundinamarca,2017-08-15 22:00:00,45,500.0,2017-07-19 05:00:00,miercoles,0,Normal,Seca y limpia,Ondulado,Media Ladera Derecha,Recta,Transito normal con precaución,0,0,0,0,1.0,Choque,maniobras imprudentes,5008_2_45,18.0,6.0
Cundinamarca,2017-08-15 22:02:00,51,700.0,2017-07-20 05:00:00,jueves,0,Normal,Seca y limpia,Ondulado,Media ladera Izquierda,Curva Derecha,Transito normal con precaución,0,0,0,0,1.0,Choque,adelantamientos indebidos,5008_2_51,18.0,6.0
Cundinamarca,2017-08-15 22:03:00,63,0.0,2017-07-21 05:00:00,viernes,20,Normal,Seca y limpia,Ondulado,Media ladera Izquierda,Recta,Transito normal con precaución,0,0,0,0,1.0,Volcamiento,maniobras imprudentes,5008_2_63,10.0,14.0
Cundinamarca,2017-08-15 22:05:00,63,800.0,2017-07-22 05:00:00,sabado,20,Normal,Seca y limpia,Ondulado,Media Ladera Derecha,Curva Izquierda,Transito normal con precaución,0,0,0,0,1.0,Choque,maniobras imprudentes,5008_2_63,19.0,5.0
Cundinamarca,2017-08-15 22:06:00,55,50.0,2017-07-23 05:00:00,domingo,30,Normal,Seca y limpia,Ondulado,Media Ladera Derecha,Curva Izquierda,Transito normal con precaución,0,0,0,0,1.0,Choque,maniobras imprudentes,5008_2_55,16.0,8.0
Cundinamarca,2017-08-15 22:08:00,35,980.0,2017-07-26 05:00:00,miercoles,40,Normal,Seca y limpia,Ondulado,Media ladera Izquierda,Curva Derecha,Transito normal con precaución,0,0,0,0,1.0,Volcamiento,maniobras imprudentes,5008_2_35,19.0,5.0
Cundinamarca,2017-08-15 21:11:00,55,400.0,2017-05-13 05:00:00,sabado,0,Normal,Seca y limpia,Ondulado,Media ladera Izquierda,Recta,Transito normal con precaución,0,0,0,0,1.0,Choque,no mantener distancia de seguridad,5008_2_55,5.0,19.0
Cundinamarca,2017-08-15 21:12:00,35,680.0,2017-05-16 05:00:00,martes,30,Normal,Seca y limpia,Ondulado,Media Ladera Derecha,Recta,Transito normal con precaución,0,0,0,0,1.0,Choque,no mantener distancia de seguridad,5008_2_35,21.0,3.0
Cundinamarca,2017-08-15 21:14:00,57,0.0,2017-05-17 05:00:00,miercoles,0,Normal,Seca y limpia,Ondulado,Media ladera Izquierda,Curva Izquierda,Transito normal con precaución,0,0,0,0,1.0,Volcamiento,maniobras imprudentes,5008_2_57,21.0,3.0
Cundinamarca,2017-08-15 21:28:00,35,950.0,2017-06-20 05:00:00,martes,20,Normal,Seca y limpia,Ondulado,Media ladera Izquierda,Curva Derecha,Transito normal con precaución,0,0,0,0,1.0,Choque,maniobras imprudentes,5008_2_35,11.0,13.0
Cundinamarca,2017-09-07 15:09:00,52,300.0,2017-08-03 05:00:00,jueves,20,Seca,Seca y limpia,Ondulado,Media ladera Izquierda,Curva Izquierda,Transito normal con precaución,0,0,0,0,1.0,Choque,no mantener distancia de seguridad,5008_2_52,7.0,17.0
Cundinamarca,2017-09-07 15:12:00,58,650.0,2017-08-03 05:00:00,jueves,10,Seca,Seca y limpia,Ondulado,Media ladera Izquierda,Recta,Transito normal con precaución,0,0,0,0,1.0,Choque,no mantener distancia de seguridad,5008_2_58,9.0,15.0
Cundinamarca,2017-09-07 15:17:00,54,300.0,2017-08-08 05:00:00,martes,20,Seca,Seca y limpia,Ondulado,Media ladera Izquierda,Curva Izquierda,Transito normal con precaución,0,0,0,0,1.0,Choque,maniobras imprudentes,5008_2_54,15.0,9.0
Cundinamarca,2017-09-07 15:20:00,35,400.0,2017-08-09 05:00:00,miercoles,50,Seca,Seca y limpia,Ondulado,Media Ladera Derecha,Curva Izquierda,Transito normal con precaución,0,0,0,0,1.0,Choque,maniobras imprudentes,5008_2_35,9.0,15.0
Cundinamarca,2017-09-07 15:23:00,49,650.0,2017-08-09 05:00:00,miercoles,20,Lluvia,Humeda,Ondulado,Media ladera Izquierda,Curva Izquierda,Transito normal con precaución,0,0,4,0,1.0,Choque,desobediencia a normas y senales,5008_2_49,19.0,5.0
Cundinamarca,2017-09-07 15:25:00,59,450.0,2017-08-10 05:00:00,jueves,40,Seca,Seca y limpia,Ondulado,Media Ladera Derecha,Curva Derecha,Transito normal con precaución,0,0,0,0,1.0,Volcamiento,maniobras imprudentes,5008_2_59,11.0,13.0
Cundinamarca,2017-09-07 15:28:00,39,400.0,2017-08-13 05:00:00,domingo,40,Seca,Seca y limpia,Ondulado,Media ladera Izquierda,Curva Izquierda,Parcial con reducción de carriles,0,50,0,2,1.0,Choque,maniobras imprudentes,5008_2_39,7.0,17.0
Cundinamarca,2017-09-07 15:29:00,62,900.0,2017-08-14 05:00:00,lunes,0,Seca,Seca y limpia,Ondulado,Media ladera Izquierda,Recta,Transito normal con precaución,0,0,0,0,1.0,Choque,maniobras imprudentes,5008_2_62,17.0,7.0
Cundinamarca,2017-09-07 15:31:00,56,100.0,2017-08-16 05:00:00,miercoles,0,Seca,Seca y limpia,Ondulado,Media ladera Izquierda,Recta,Transito normal con precaución,0,0,0,0,1.0,Choque,no mantener distancia de seguridad,5008_2_56,2.0,22.0
Cundinamarca,2017-09-07 15:36:00,57,900.0,2017-08-18 05:00:00,viernes,30,Seca,Seca y limpia,Ondulado,Media ladera Izquierda,Recta,Transito normal con precaución,0,0,0,0,1.0,Choque,adelantamientos indebidos,5008_2_57,18.0,6.0
Cundinamarca,2017-09-07 15:38:00,53,100.0,2017-08-18 05:00:00,viernes,40,Lluvia,Humeda,Ondulado,Media ladera Izquierda,Curva Izquierda,Transito normal con precaución,0,0,0,0,1.0,Choque,adelantamientos indebidos,5008_2_53,10.0,14.0
Cundinamarca,2017-09-07 15:41:00,47,550.0,2017-08-19 05:00:00,sabado,0,Seca,Seca y limpia,Ondulado,Media ladera Izquierda,Curva Izquierda,Transito normal con precaución,0,0,0,0,1.0,Choque,maniobras imprudentes,5008_2_47,16.0,8.0
Cundinamarca,2017-09-07 15:47:00,36,400.0,2017-08-19 05:00:00,sabado,0,Lluvia,Humeda,Ondulado,Media Ladera Derecha,Curva Izquierda,Transito normal con precaución,0,0,0,0,1.0,Choque,desobediencia a normas y senales,5008_2_36,4.0,20.0
Cundinamarca,2017-09-07 15:49:00,35,300.0,2017-08-24 05:00:00,jueves,10,Seca,Seca y limpia,Ondulado,Media Ladera Derecha,Curva Izquierda,Transito normal con precaución,0,0,0,0,1.0,Choque,fallas mecanicas y del sistema electrico,5008_2_35,14.0,10.0
Cundinamarca,2017-09-07 15:50:00,45,700.0,2017-08-26 05:00:00,sabado,0,Seca,Seca y limpia,Ondulado,Media Ladera Derecha,Recta,Transito normal con precaución,0,0,0,0,1.0,Choque,adelantamientos indebidos,5008_2_45,12.0,12.0
Cundinamarca,2017-10-03 21:54:00,36,800.0,2017-09-02 05:00:00,sabado,0,Seca,Seca y limpia,Ondulado,Media Ladera Derecha,Recta,Parcial con reducción de carriles,0,40,1,0,1.0,Choque,maniobras imprudentes,5008_2_36,12.0,12.0
Cundinamarca,2017-10-03 21:56:00,47,100.0,2017-09-11 05:00:00,lunes,0,Seca,Seca y limpia,Ondulado,Media ladera Izquierda,Curva Derecha,Transito normal con precaución,0,0,0,0,1.0,Choque,maniobras imprudentes,5008_2_47,17.0,7.0
Cundinamarca,2017-10-03 21:58:00,54,275.0,2017-09-12 05:00:00,martes,10,Seca,Seca y limpia,Ondulado,Media ladera Izquierda,Curva Izquierda,Transito normal con precaución,0,0,0,0,1.0,Choque,maniobras imprudentes,5008_2_54,14.0,10.0
Cundinamarca,2017-10-03 22:01:00,39,950.0,2017-09-12 05:00:00,martes,20,Lluvia,Humeda,Ondulado,Media Ladera Derecha,Curva Izquierda,Transito normal con precaución,0,0,0,0,1.0,Choque,condiciones de la via y factores ambientales,5008_2_39,19.0,5.0
Cundinamarca,2017-10-03 22:02:00,19,800.0,2017-09-19 05:00:00,martes,20,Seca,Seca y limpia,Ondulado,Media ladera Izquierda,Curva Izquierda,Transito normal con precaución,0,0,0,0,1.0,Choque,maniobras imprudentes,5008_2_19,17.0,7.0
Cundinamarca,2017-10-03 22:03:00,63,550.0,2017-09-19 05:00:00,martes,0,Seca,Seca y limpia,Ondulado,Media ladera Izquierda,Recta,Transito normal con precaución,0,0,0,0,1.0,Choque,no mantener distancia de seguridad,5008_2_63,12.0,12.0
Cundinamarca,2017-10-03 22:05:00,58,650.0,2017-09-22 05:00:00,viernes,15,Seca,Seca y limpia,Ondulado,Media ladera Izquierda,Recta,Transito normal con precaución,0,0,0,0,1.0,Choque,maniobras imprudentes,5008_2_58,14.0,10.0
Cundinamarca,2017-10-03 22:06:00,51,900.0,2017-09-26 05:00:00,martes,5,Seca,Seca y limpia,Ondulado,Media ladera Izquierda,Recta,Transito normal con precaución,0,0,0,0,1.0,Choque,desobediencia a normas y senales,5008_2_51,3.0,21.0
Cundinamarca,2017-10-03 22:08:00,58,870.0,2017-09-27 05:00:00,miercoles,50,Seca,Seca y limpia,Ondulado,Media ladera Izquierda,Recta,Transito normal con precaución,0,0,0,0,1.0,Choque,maniobras imprudentes,5008_2_58,11.0,13.0
Cundinamarca,2017-10-03 22:09:00,36,400.0,2017-09-30 05:00:00,sabado,45,Seca,Seca y limpia,Ondulado,Media ladera Izquierda,Curva Izquierda,Transito normal con precaución,0,0,0,0,1.0,Choque,desobediencia a normas y senales,5008_2_36,19.0,5.0
Cundinamarca,2017-11-03 21:41:00,43,600.0,2017-10-09 05:00:00,lunes,30,Seca,Seca y limpia,Ondulado,Media Ladera Derecha,Recta,Transito normal con precaución,0,0,0,0,1.0,Volcamiento,fallas mecanicas y del sistema electrico,5008_2_43,4.0,20.0
Cundinamarca,2017-11-03 21:43:00,39,250.0,2017-10-11 05:00:00,miercoles,10,Lluvia,Humeda,Ondulado,Media ladera Izquierda,Curva Izquierda,Transito normal con precaución,0,0,0,0,1.0,Choque,adelantamientos indebidos,5008_2_39,7.0,17.0
Cundinamarca,2017-11-03 21:44:00,35,600.0,2017-10-11 05:00:00,miercoles,50,Seca,Seca y limpia,Ondulado,Media Ladera Derecha,Recta,Transito normal con precaución,0,0,0,0,1.0,Choque,no mantener distancia de seguridad,5008_2_35,7.0,17.0
Santander,2017-12-06 12:30:00,37,480.0,2017-10-30 05:00:00,lunes,30,Normal,Seca y limpia,Ondulado,Media Ladera Derecha,Curva Derecha,Transito normal con precaución,0,0,0,0,1.0,Volcamiento,exceso de velocidad,6207_1_37,14.0,10.0
Cundinamarca,2017-11-03 21:46:00,59,500.0,2017-10-12 05:00:00,jueves,50,Seca,Seca y limpia,Ondulado,Media Ladera Derecha,Recta,Transito normal con precaución,0,0,0,0,1.0,Choque,no mantener distancia de seguridad,5008_2_59,6.0,18.0
Cundinamarca,2017-11-03 21:48:00,52,300.0,2017-10-13 05:00:00,viernes,50,Seca,Seca y limpia,Ondulado,Media ladera Izquierda,Recta,Transito normal con precaución,0,0,0,0,1.0,Choque,desobediencia a normas y senales,5008_2_52,16.0,8.0
Cundinamarca,2017-11-03 21:49:00,54,650.0,2017-10-14 05:00:00,sabado,30,Seca,Seca y limpia,Ondulado,Media ladera Izquierda,Recta,Transito normal con precaución,0,0,0,0,1.0,Choque,no mantener distancia de seguridad,5008_2_54,8.0,16.0
Santander,2018-04-26 19:12:00,31,0.0,2018-03-27 05:00:00,martes,50,Seca,Seca y limpia,Plano,Terraplen,Recta,Transito normal con precaución,0,0,0,0,1.0,Choque,estacionamiento y senalizacion imprudente,6207_2_31,19.0,5.0
Santander,2017-10-04 19:51:00,25,450.0,2017-08-23 05:00:00,miercoles,50,Seca,Seca y limpia,Plano,Terraplen,Recta,Transito normal con precaución,0,0,1,0,1.0,Atropello,conducta de peatones,6207_1_25,18.0,6.0
Santander,2017-10-05 21:10:00,2,0.0,2017-04-18 05:00:00,martes,15,Seca,Seca y limpia,Plano,Terraplen,Recta,Transito normal con precaución,0,0,1,0,1.0,Volcamiento,condiciones de la via y factores ambientales,6207_1_2,16.0,8.0
Santander,2017-10-05 21:13:00,30,120.0,2017-04-27 05:00:00,jueves,10,Seca,Humeda,Plano,Terraplen,Recta,Transito normal con precaución,0,0,1,0,1.0,Choque,exceso de velocidad,6207_1_30,12.0,12.0
Santander,2017-10-05 21:25:00,12,0.0,2017-03-15 05:00:00,miercoles,0,Seca,Seca y limpia,Plano,Terraplen,Curva Derecha,Transito normal con precaución,0,0,0,0,1.0,Choque,imprudencia del conductor,6207_1_12,8.0,16.0