territorial,fecha_registro,pr,distancia_pr,fecha_acc,dia_semana_acc,min_acc,condic_meteor,estado_super,terreno,secc_tip,geometria_acc,tipo_cierre,horas_cierre,min_cierre,n_heridos,n_muertos,n_victimas,clase_accidente,causa_posible,ref_loc,hora_acc,duracion_cierre_horas
Santander,2017-10-05 21:27:00,12,0.0,2017-04-17 05:00:00,lunes,30,Seca,Seca y limpia,Plano,Terraplen,Curva Derecha,Transito normal con precaución,0,0,0,0,1.0,Choque,exceso de velocidad,6207_1_12,10.0,14.0
Santander,2017-10-05 21:29:00,12,0.0,2017-04-27 05:00:00,jueves,30,Seca,Seca y limpia,Plano,Terraplen,Curva Derecha,Transito normal con precaución,0,0,1,0,1.0,Choque,exceso de velocidad,6207_1_12,12.0,12.0
Santander,2017-10-05 21:43:00,17,174.0,2017-02-20 05:00:00,lunes,40,Seca,Seca y limpia,Plano,Terraplen,Curva Izquierda,Transito normal con precaución,0,0,2,0,1.0,Volcamiento,fallas mecanicas y del sistema electrico,6207_1_17,15.0,9.0
Santander,2017-10-05 21:46:00,8,550.0,2017-02-26 05:00:00,domingo,0,Seca,Seca y limpia,Plano,Terraplen,Recta,Transito normal con precaución,0,0,1,0,1.0,Choque,imprudencia del conductor,6207_1_8,0.0,0.0
Santander,2017-10-05 21:53:00,7,740.0,2017-01-04 05:00:00,miercoles,20,Seca,Seca y limpia,Plano,Terraplen,Recta,Transito normal con precaución,0,0,0,0,1.0,Choque,no determinada,6207_1_7,9.0,15.0
Santander,2017-10-05 21:59:00,8,616.0,2016-12-09 05:00:00,viernes,0,Seca,Seca y limpia,Plano,Terraplen,Curva Izquierda,Transito normal con precaución,0,0,1,0,1.0,Choque,maniobras imprudentes,6207_1_8,18.0,6.0
Santander,2017-10-05 22:01:00,20,60.0,2016-12-17 05:00:00,sabado,0,Seca,Seca y limpia,Plano,Terraplen,Curva Izquierda,Transito normal con precaución,0,0,1,0,1.0,Choque,maniobras imprudentes,6207_1_20,22.0,2.0
Santander,2017-10-05 22:05:00,27,178.0,2016-12-26 05:00:00,lunes,30,Seca,Seca y limpia,Plano,Terraplen,Recta,Transito normal con precaución,0,0,0,1,1.0,Choque,condiciones de la via y factores ambientales,6207_1_27,17.0,7.0
Santander,2017-10-05 22:08:00,5,700.0,2016-12-31 05:00:00,sabado,30,Seca,Seca y limpia,Plano,Terraplen,Recta,Transito normal con precaución,0,0,2,0,1.0,Volcamiento,fallas mecanicas y del sistema electrico,6207_1_5,17.0,7.0
Santander,2017-10-05 22:10:00,6,0.0,2017-09-01 05:00:00,viernes,20,Seca,Seca y limpia,Plano,Terraplen,Recta,Transito normal con precaución,0,0,1,0,1.0,Atropello,conducta de peatones,6207_1_6,12.0,12.0
Santander,2017-10-05 22:13:00,2,0.0,2017-09-08 05:00:00,viernes,30,Seca,Seca y limpia,Plano,Terraplen,Curva Izquierda,Transito normal con precaución,0,0,1,0,1.0,Choque,fallas mecanicas y del sistema electrico,6207_1_2,7.0,17.0
Santander,2017-10-05 22:15:00,29,900.0,2017-09-12 05:00:00,martes,0,Seca,Seca y limpia,Plano,Terraplen,Recta,Transito normal con precaución,0,0,1,0,1.0,Choque,exceso en horas de conduccion,6207_1_29,15.0,9.0
Santander,2017-10-05 22:18:00,30,200.0,2017-09-23 05:00:00,sabado,0,Seca,Seca y limpia,Plano,Terraplen,Recta,Transito normal con precaución,0,0,1,0,1.0,Choque,exceso en horas de conduccion,6207_1_30,7.0,17.0
Santander,2017-12-06 12:43:00,30,500.0,2017-10-31 05:00:00,martes,40,Normal,Seca y limpia,Plano,Terraplen,Recta,Transito normal con precaución,0,0,1,0,1.0,Choque,imprudencia del conductor,6207_1_30,8.0,16.0
Santander,2018-01-15 14:56:00,34,0.0,2017-11-19 05:00:00,domingo,30,Normal,Seca y limpia,Plano,Terraplen,Recta,Transito normal con precaución,0,0,1,0,1.0,Choque,exceso en horas de conduccion,6207_1_34,15.0,9.0
Santander,2018-01-15 16:24:00,0,0.0,2017-12-07 05:00:00,jueves,0,Lluvia,Humeda,Plano,Terraplen,Recta,Transito normal con precaución,0,0,1,0,1.0,Volcamiento,condiciones de la via y factores ambientales,6207_1_0,6.0,18.0
Santander,2018-01-15 16:27:00,20,600.0,2017-12-17 05:00:00,domingo,0,Normal,Seca y limpia,Plano,Terraplen,Recta,Transito normal con precaución,0,0,1,0,1.0,Atropello,condiciones de la via y factores ambientales,6207_1_20,2.0,22.0
Santander,2018-01-15 16:30:00,7,349.0,2017-12-19 05:00:00,martes,0,Normal,Seca y limpia,Plano,Terraplen,Recta,Transito normal con precaución,0,0,1,0,1.0,Choque,condiciones de la via y factores ambientales,6207_1_7,22.0,2.0
Santander,2018-01-15 16:32:00,34,333.0,2017-12-24 05:00:00,domingo,0,Normal,Seca y limpia,Plano,Terraplen,Recta,Transito normal con precaución,0,0,1,0,1.0,Choque,maniobras imprudentes,6207_1_34,5.0,19.0
Santander,2018-01-15 16:34:00,55,568.0,2017-12-30 05:00:00,sabado,40,Normal,Seca y limpia,Plano,Terraplen,Recta,Transito normal con precaución,0,0,3,0,1.0,Choque,fallas mecanicas y del sistema electrico,6207_1_55,9.0,15.0
Santander,2018-02-19 13:32:00,17,0.0,2018-01-08 05:00:00,lunes,30,Seca,Seca y limpia,Plano,Terraplen,Curva Izquierda,Transito normal con precaución,0,0,1,0,1.0,Choque,no mantener distancia de seguridad,6207_1_17,16.0,8.0
Santander,2018-02-19 13:35:00,17,430.0,2018-01-14 05:00:00,domingo,10,Seca,Seca y limpia,Plano,Terraplen,Curva Izquierda,Transito normal con precaución,0,0,0,0,1.0,Choque,adelantamientos indebidos,6207_1_17,4.0,20.0
Santander,2018-02-19 13:38:00,19,150.0,2018-01-30 05:00:00,martes,15,Seca,Seca y limpia,Plano,Terraplen,Curva Izquierda,Transito normal con precaución,0,0,0,0,1.0,Volcamiento,condiciones de la via y factores ambientales,6207_1_19,12.0,12.0
Santander,2018-04-26 19:15:00,8,700.0,2018-03-28 05:00:00,miercoles,40,Seca,Seca y limpia,Plano,Terraplen,Curva Derecha,Transito normal con precaución,0,0,1,0,1.0,Volcamiento,no determinada,6207_1_8,10.0,14.0
Antioquia,2017-04-22 05:00:00,91,700.0,2015-11-18 00:00:00,miercoles,5,Normal,Aceite,Montañoso,Media Ladera Derecha,Curva Izquierda,Transito normal con precaución,0,0,1,0,1.0,Salida de la vía sin volcarse,defectos fisicos y psiquicos,6202_1_91,20.0,4.0
Boyacá,2018-03-16 19:50:00,62,521.0,2018-02-12 05:00:00,lunes,30,Sol,Seca y limpia,Montañoso,Media Ladera Derecha,Curva Izquierda,Parcial con reducción de carriles,1,15,0,0,1.0,Volcamiento,defectos fisicos y psiquicos,6009_2_62,7.0,18.0
Boyacá,2018-03-16 20:02:00,24,0.0,2018-02-20 05:00:00,martes,35,Sol,Seca y limpia,Montañoso,Media ladera Izquierda,Curva Derecha,Transito normal con precaución,0,0,0,0,1.0,Salida de la vía sin volcarse,maniobras imprudentes,6009_2_24,19.0,5.0
Boyacá,2018-04-20 22:25:00,8,754.0,2018-03-21 05:00:00,miercoles,5,Normal,Aceite,Montañoso,Media Ladera Derecha,Curva Izquierda,Transito normal con precaución,0,0,2,0,1.0,Choque,condiciones de la via y factores ambientales,6009_2_8,7.0,17.0
Boyacá,2017-10-09 20:35:00,80,573.0,2017-08-27 05:00:00,domingo,30,Normal,Seca y limpia,Montañoso,Media Ladera Derecha,Recta,Parcial con reducción de carriles,2,20,0,1,1.0,Choque,embriaguez o sustancias alucinogenas,6009_1_80,15.0,11.0
Boyacá,2017-10-09 20:43:00,55,500.0,2017-08-28 05:00:00,lunes,30,Normal,Seca y limpia,Montañoso,Media Ladera Derecha,Curva Derecha,Transito normal con precaución,0,0,0,0,1.0,Volcamiento,defectos fisicos y psiquicos,6009_1_55,7.0,17.0
Boyacá,2018-01-11 19:50:00,12,70.0,2017-11-20 05:00:00,lunes,10,Normal,Seca y limpia,Montañoso,Media Ladera Derecha,Curva Izquierda,Parcial con reducción de carriles,0,45,0,0,1.0,Volcamiento,fallas mecanicas y del sistema electrico,6009_1_12,7.0,17.0
Boyacá,2018-01-11 20:29:00,83,460.0,2017-11-29 05:00:00,miercoles,10,Sol,Seca y limpia,Plano,Media Ladera Derecha,Curva Derecha,Parcial con reducción de carriles,0,53,0,0,1.0,Volcamiento,exceso de velocidad,6009_1_83,9.0,15.0
Boyacá,2018-01-23 20:12:00,25,50.0,2017-12-06 05:00:00,miercoles,25,Sol,Seca y limpia,Montañoso,Media Ladera Derecha,Curva Derecha,Parcial con reducción de carriles,0,0,1,0,1.0,Choque,no mantener distancia de seguridad,6009_1_25,5.0,19.0
Boyacá,2018-01-23 20:18:00,31,431.0,2017-12-06 05:00:00,miercoles,50,Sol,Seca y limpia,Montañoso,Media Ladera Derecha,Curva Derecha,Parcial con reducción de carriles,0,0,0,0,1.0,Choque,no mantener distancia de seguridad,6009_1_31,10.0,14.0
Boyacá,2018-02-07 15:15:00,12,585.0,2018-01-10 05:00:00,miercoles,50,Sol,Seca y limpia,Montañoso,Media Ladera Derecha,Curva Derecha,Parcial con reducción de carriles,0,0,1,0,1.0,Volcamiento,fallas mecanicas y del sistema electrico,6009_1_12,5.0,19.0
Boyacá,2018-02-06 21:30:00,8,399.0,2018-01-01 05:00:00,lunes,15,Sol,Seca y limpia,Montañoso,Media Ladera Derecha,Curva Derecha,Parcial con reducción de carriles,0,0,1,0,1.0,Choque,no determinada,6009_1_8,19.0,5.0
Boyacá,2018-02-06 21:37:00,8,754.0,2018-01-02 05:00:00,martes,25,Lluvia,Humeda,Montañoso,Media Ladera Derecha,Curva Izquierda,Parcial con reducción de carriles,0,0,6,0,1.0,Choque,adelantamientos indebidos,6009_1_8,19.0,5.0
Boyacá,2018-03-16 19:57:00,57,480.0,2018-02-16 05:00:00,viernes,45,Sol,Seca y limpia,Montañoso,Media Ladera Derecha,Curva Derecha,Parcial con reducción de carriles,0,40,0,0,1.0,Volcamiento,embriaguez o sustancias alucinogenas,6009_1_57,13.0,11.0
Boyacá,2018-04-20 22:19:00,4,841.0,2018-03-14 05:00:00,miercoles,35,Normal,Seca y limpia,Plano,Terraplen,Recta,Transito normal con precaución,0,0,1,0,1.0,Choque,imprudencia del conductor,6009_1_4,22.0,2.0
Boyacá,2018-02-05 18:25:00,9,700.0,2018-01-07 05:00:00,domingo,50,Normal,Seca y limpia,Plano,Media ladera Izquierda,Recta,Parcial con paso alternado,0,30,0,1,1.0,Choque,adelantamientos indebidos,6008_0_9,7.0,17.0
Boyacá,2017-06-05 01:33:00,30,500.0,2017-04-16 05:00:00,domingo,45,Normal,Seca y limpia,Plano,Terraplen,Recta,Transito normal con precaución,0,0,0,0,1.0,Choque,desobediencia a normas y senales,6008_0_30,3.0,21.0
Boyacá,2017-07-26 21:23:00,33,700.0,2017-05-12 05:00:00,viernes,15,Normal,Seca y limpia,Plano,Terraplen,Recta,Transito normal con precaución,0,0,0,0,1.0,Volcamiento,fallas mecanicas y del sistema electrico,6008_0_33,22.0,2.0
Boyacá,2017-07-26 21:50:00,1,900.0,2017-05-18 05:00:00,jueves,30,Lluvia,Humeda,Plano,Terraplen,Recta,Transito normal con precaución,0,0,1,0,1.0,Atropello,desobediencia a normas y senales,6008_0_1,3.0,21.0
Boyacá,2017-07-26 21:55:00,35,300.0,2017-05-24 05:00:00,miercoles,48,Normal,Seca y limpia,Ondulado,Terraplen,Recta,Transito normal con precaución,0,0,0,0,1.0,Choque,no determinada,6008_0_35,18.0,6.0
Boyacá,2017-07-26 22:10:00,2,800.0,2017-06-07 05:00:00,miercoles,20,Normal,Seca y limpia,Ondulado,Terraplen,Curva Izquierda,Transito normal con precaución,0,0,0,0,1.0,Choque,adelantamientos indebidos,6008_0_2,19.0,5.0
Boyacá,2017-07-26 22:25:00,14,500.0,2017-06-27 05:00:00,martes,50,Lluvia,Humeda,Ondulado,Media ladera Izquierda,Recta,Transito normal con precaución,0,0,0,0,1.0,Choque,maniobras imprudentes,6008_0_14,5.0,19.0
Boyacá,2017-10-04 23:11:00,3,60.0,2017-07-15 05:00:00,sabado,15,Normal,Seca y limpia,Plano,Terraplen,Recta,Transito normal con precaución,0,0,1,1,1.0,Choque,impericia en el manejo,6008_0_3,14.0,10.0
Boyacá,2017-10-04 23:13:00,28,600.0,2017-07-17 05:00:00,lunes,0,Normal,Seca y limpia,Plano,Terraplen,Recta,Transito normal con precaución,0,0,1,0,1.0,Choque,embriaguez o sustancias alucinogenas,6008_0_28,9.0,15.0
Boyacá,2017-10-04 23:16:00,6,95.0,2017-07-17 05:00:00,lunes,10,Normal,Seca y limpia,Plano,Media ladera Izquierda,Recta,Transito normal con precaución,0,0,0,0,1.0,Volcamiento,fallas mecanicas y del sistema electrico,6008_0_6,7.0,17.0
Boyacá,2017-10-04 23:52:00,33,100.0,2017-08-01 05:00:00,martes,30,Normal,Seca y limpia,Plano,Terraplen,Recta,Transito normal con precaución,0,0,0,0,1.0,Choque,condiciones de la via y factores ambientales,6008_0_33,18.0,6.0
Boyacá,2017-10-04 23:55:00,24,500.0,2017-08-21 05:00:00,lunes,0,Normal,Seca y limpia,Plano,Terraplen,Recta,Transito normal con precaución,0,0,1,0,1.0,Choque,no mantener distancia de seguridad,6008_0_24,11.0,13.0
Boyacá,2017-10-09 20:08:00,48,400.0,2017-08-02 05:00:00,miercoles,30,Normal,Seca y limpia,Montañoso,Cajón,Curva Derecha,Parcial con paso alternado,1,30,0,0,1.0,Salida de la vía sin volcarse,fallas mecanicas y del sistema electrico,6008_0_48,4.0,21.0
Boyacá,2017-10-09 20:20:00,62,700.0,2017-08-14 05:00:00,lunes,40,Normal,Seca y limpia,Montañoso,Media Ladera Derecha,Recta,Transito normal con precaución,0,0,1,0,1.0,Volcamiento,condiciones de la via y factores ambientales,6008_0_62,6.0,18.0
Boyacá,2017-10-20 20:19:00,15,600.0,2017-09-22 05:00:00,viernes,50,Normal,Seca y limpia,Ondulado,Cajón,Curva Derecha,Transito normal con precaución,0,0,3,0,1.0,Choque,maniobras imprudentes,6008_0_15,13.0,11.0
Boyacá,2017-10-20 20:24:00,31,600.0,2017-09-22 05:00:00,viernes,30,Normal,Seca y limpia,Plano,Terraplen,Recta,Transito normal con precaución,0,0,1,0,1.0,Caída ocupante,embriaguez o sustancias alucinogenas,6008_0_31,16.0,8.0
Boyacá,2017-11-18 23:46:00,8,200.0,2017-10-11 05:00:00,miercoles,0,Normal,Seca y limpia,Plano,Media ladera Izquierda,Curva Izquierda,Transito normal con precaución,0,0,0,0,1.0,Choque,condiciones de la via y factores ambientales,6008_0_8,10.0,14.0
Boyacá,2017-11-18 23:50:00,11,200.0,2017-10-15 05:00:00,domingo,0,Normal,Seca y limpia,Plano,Terraplen,Recta,Transito normal con precaución,0,0,0,0,1.0,Choque,no mantener distancia de seguridad,6008_0_11,8.0,16.0
Boyacá,2017-11-18 23:54:00,20,700.0,2017-10-07 05:00:00,sabado,50,Normal,Seca y limpia,Ondulado,Cajón,Recta,Parcial con reducción de carriles,0,40,0,0,1.0,Choque,no mantener distancia de seguridad,6008_0_20,13.0,11.0
Boyacá,2017-11-18 23:57:00,25,800.0,2017-11-08 05:00:00,miercoles,41,Normal,Seca y limpia,Montañoso,Media Ladera Derecha,Recta,Transito normal con precaución,0,0,0,0,1.0,Choque,maniobras imprudentes,6008_0_25,6.0,18.0
Boyacá,2018-01-11 20:09:00,52,411.0,2017-11-28 05:00:00,martes,50,Sol,Seca y limpia,Montañoso,Media Ladera Derecha,Recta,Parcial con reducción de carriles,0,43,0,0,1.0,Volcamiento,exceso en horas de conduccion,6008_0_52,8.0,16.0
Boyacá,2018-01-23 17:45:00,7,300.0,2017-12-06 05:00:00,miercoles,30,Normal,Seca y limpia,Plano,Media ladera Izquierda,Recta,Transito normal con precaución,0,0,1,0,1.0,Choque,no mantener distancia de seguridad,6008_0_7,16.0,8.0
Boyacá,2018-01-23 17:50:00,31,100.0,2017-12-10 05:00:00,domingo,15,Lluvia,Humeda,Plano,Terraplen,Recta,Transito normal con precaución,0,0,0,0,1.0,Choque,no determinada,6008_0_31,11.0,13.0
Boyacá,2018-01-23 17:54:00,28,900.0,2017-12-17 05:00:00,domingo,10,Normal,Seca y limpia,Plano,Cajón,Recta,Parcial con reducción de carriles,0,20,0,0,1.0,Choque,adelantamientos indebidos,6008_0_28,19.0,5.0
Boyacá,2018-01-23 20:24:00,56,20.0,2017-12-06 05:00:00,miercoles,58,Sol,Seca y limpia,Plano,Media Ladera Derecha,Recta,Transito normal con precaución,0,0,0,0,1.0,Choque,fallas mecanicas y del sistema electrico,6008_0_56,11.0,13.0
Boyacá,2018-01-23 20:39:00,71,80.0,2017-12-03 05:00:00,domingo,25,Normal,Seca y limpia,Ondulado,Media Ladera Derecha,Recta,Parcial con reducción de carriles,0,0,0,0,1.0,Choque,maniobras imprudentes,6008_0_71,12.0,12.0
Boyacá,2018-01-23 20:46:00,68,130.0,2017-12-07 05:00:00,jueves,17,Normal,Seca y limpia,Montañoso,Terraplen,Recta,Transito normal con precaución,0,0,0,0,1.0,Choque,no determinada,6008_0_68,17.0,7.0
Boyacá,2018-01-23 20:52:00,67,819.0,2017-12-11 05:00:00,lunes,30,Sol,Seca y limpia,Ondulado,Cajón,Recta,Parcial con reducción de carriles,0,0,1,0,1.0,Volcamiento,exceso en horas de conduccion,6008_0_67,16.0,8.0
Boyacá,2018-01-23 21:00:00,66,84.0,2017-12-31 05:00:00,domingo,30,Lluvia,Humeda,Plano,Media Ladera Derecha,Curva Derecha,Parcial con reducción de carriles,0,0,1,0,1.0,Choque,embriaguez o sustancias alucinogenas,6008_0_66,5.0,19.0
Boyacá,2018-02-05 18:37:00,0,13.0,2018-01-13 05:00:00,sabado,10,Normal,Seca y limpia,Plano,Terraplen,Recta,Transito normal con precaución,0,0,0,0,1.0,Choque,maniobras imprudentes,6008_0_0,1.0,23.0
Boyacá,2018-02-05 18:40:00,24,400.0,2018-01-13 05:00:00,sabado,10,Normal,Seca y limpia,Plano,Media Ladera Derecha,Curva Derecha,Transito normal con precaución,0,0,0,0,1.0,Choque,no mantener distancia de seguridad,6008_0_24,22.0,2.0
Boyacá,2018-02-06 21:44:00,45,250.0,2018-01-04 05:00:00,jueves,20,Sol,Seca y limpia,Montañoso,Media Ladera Derecha,Curva Izquierda,Parcial con reducción de carriles,0,0,0,0,1.0,Volcamiento,fallas mecanicas y del sistema electrico,6008_0_45,5.0,19.0
Boyacá,2018-02-06 21:48:00,40,860.0,2018-01-18 05:00:00,jueves,15,Normal,Seca y limpia,Plano,Terraplen,Recta,Parcial con reducción de carriles,0,0,0,1,1.0,Atropello,no determinada,6008_0_40,20.0,4.0
Boyacá,2018-02-06 21:55:00,42,444.0,2018-01-26 05:00:00,viernes,30,Sol,Seca y limpia,Plano,Terraplen,Curva Derecha,Transito normal con precaución,0,0,0,0,1.0,Volcamiento,fallas mecanicas y del sistema electrico,6008_0_42,6.0,18.0
Boyacá,2018-03-05 22:26:00,25,800.0,2018-02-04 05:00:00,domingo,25,Normal,Seca y limpia,Ondulado,Terraplen,Recta,Parcial con reducción de carriles,0,30,1,0,1.0,Atropello,conducta de peatones,6008_0_25,16.0,8.0
Boyacá,2018-03-05 22:32:00,24,400.0,2018-02-19 05:00:00,lunes,0,Normal,Seca y limpia,Ondulado,Terraplen,Recta,Transito normal con precaución,0,0,0,0,1.0,Atropello,condiciones de la via y factores ambientales,6008_0_24,2.0,22.0
Boyacá,2018-04-07 00:31:00,21,700.0,2018-03-01 05:00:00,jueves,25,Normal,Seca y limpia,Ondulado,Media ladera Izquierda,Curva Izquierda,Transito normal con precaución,0,0,1,0,1.0,Choque,impericia en el manejo,6008_0_21,15.0,9.0
Boyacá,2018-04-07 00:36:00,25,960.0,2018-03-05 05:00:00,lunes,50,Lluvia,Humeda,Plano,Terraplen,Recta,Transito normal con precaución,0,0,0,0,1.0,Choque,no determinada,6008_0_25,14.0,10.0
Boyacá,2018-04-07 00:41:00,35,800.0,2018-03-09 05:00:00,viernes,0,Normal,Seca y limpia,Plano,Terraplen,Curva Derecha,Transito normal con precaución,0,0,0,0,1.0,Choque,no mantener distancia de seguridad,6008_0_35,20.0,4.0
Boyacá,2018-04-07 00:43:00,4,600.0,2018-03-17 05:00:00,sabado,0,Normal,Seca y limpia,Plano,Terraplen,Recta,Transito normal con precaución,0,0,0,0,1.0,Choque,no mantener distancia de seguridad,6008_0_4,15.0,9.0
Boyacá,2018-04-07 00:44:00,4,600.0,2018-03-17 05:00:00,sabado,0,Normal,Seca y limpia,Plano,Terraplen,Recta,Transito normal con precaución,0,0,0,0,1.0,Choque,no mantener distancia de seguridad,6008_0_4,10.0,14.0
Boyacá,2018-04-07 00:44:00,4,600.0,2018-03-17 05:00:00,sabado,0,Normal,Seca y limpia,Plano,Terraplen,Recta,Transito normal con precaución,0,0,0,0,1.0,Choque,no mantener distancia de seguridad,6008_0_4,9.0,15.0
Boyacá,2018-04-07 00:44:00,4,600.0,2018-03-17 05:00:00,sabado,0,Normal,Seca y limpia,Plano,Terraplen,Recta,Transito normal con precaución,0,0,0,0,1.0,Choque,no mantener distancia de seguridad,6008_0_4,15.0,9.0
Boyacá,2018-04-20 22:42:00,45,400.0,2018-03-31 05:00:00,sabado,10,Lluvia,Lodo,Montañoso,Media Ladera Derecha,Recta,Parcial con reducción de carriles,0,20,2,0,1.0,Volcamiento,imprudencia del conductor,6008_0_45,13.0,11.0
Boyacá,2017-05-17 14:21:00,18,0.0,2017-04-06 05:00:00,jueves,0,Seca,Seca y limpia,Montañoso,Media ladera Izquierda,Curva Derecha,Cierre total,1,0,1,0,1.0,Choque,imprudencia del conductor,6007_0_18,11.0,14.0
Boyacá,2017-05-17 14:38:00,0,670.0,2017-04-28 05:00:00,viernes,0,Seca,Seca y limpia,Montañoso,Media Ladera Derecha,Recta,Transito normal con precaución,0,0,0,0,1.0,Volcamiento,exceso de velocidad,6007_0_0,10.0,14.0
Boyacá,2017-10-24 14:56:00,3,950.0,2017-10-05 05:00:00,jueves,0,Normal,Seca y limpia,Ondulado,Cajón,Curva Derecha,Transito normal con precaución,0,0,0,0,1.0,Choque,embriaguez o sustancias alucinogenas,6007_0_3,6.0,18.0
Boyacá,2017-10-24 16:42:00,3,630.0,2017-10-06 05:00:00,viernes,0,Normal,Seca y limpia,Ondulado,Media Ladera Derecha,Curva Derecha,Transito normal con precaución,0,0,0,0,1.0,Salida de la vía sin volcarse,maniobras imprudentes,6007_0_3,15.0,9.0
Boyacá,2018-02-07 14:48:00,1,30.0,2018-01-31 05:00:00,miercoles,25,Normal,Seca y limpia,Ondulado,Cajón,Recta,Transito normal con precaución,0,0,3,0,1.0,Volcamiento,embriaguez o sustancias alucinogenas,6007_0_1,9.0,15.0
Boyacá,2018-03-07 13:12:00,3,270.0,2018-02-20 05:00:00,martes,0,Normal,Seca y limpia,Ondulado,Media Ladera Derecha,Curva Derecha,Transito normal con precaución,0,0,1,0,1.0,Choque,fallas mecanicas y del sistema electrico,6007_0_3,15.0,9.0
Boyacá,2018-03-28 02:17:00,1,200.0,2018-03-25 05:00:00,domingo,30,Normal,Seca y limpia,Ondulado,Media Ladera Derecha,Curva Izquierda,Transito normal con precaución,0,0,2,1,1.0,Choque,adelantamientos indebidos,6007_0_1,6.0,18.0
Boyacá,2017-10-24 16:58:00,29,950.0,2017-10-13 05:00:00,viernes,30,Normal,Seca y limpia,Plano,Terraplen,Curva Izquierda,Transito normal con precaución,0,0,1,0,1.0,Volcamiento,embriaguez o sustancias alucinogenas,6006_0_29,15.0,9.0
Boyacá,2017-10-24 17:02:00,13,950.0,2017-10-15 05:00:00,domingo,20,Normal,Seca y limpia,Plano,Terraplen,Recta,Transito normal con precaución,0,0,0,0,1.0,Choque,condiciones de la via y factores ambientales,6006_0_13,9.0,15.0
Boyacá,2017-11-07 23:41:00,15,860.0,2017-10-19 05:00:00,jueves,30,Normal,Seca y limpia,Plano,Terraplen,Recta,Transito normal con precaución,0,0,1,0,1.0,Volcamiento,exceso de velocidad,6006_0_15,15.0,9.0
Boyacá,2017-12-29 14:16:00,24,950.0,2017-11-04 05:00:00,sabado,0,Normal,Seca y limpia,Plano,Terraplen,Curva Izquierda,Transito normal con precaución,0,0,0,0,1.0,Choque,embriaguez o sustancias alucinogenas,6006_0_24,23.0,1.0
Boyacá,2017-12-29 14:35:00,79,650.0,2017-11-08 05:00:00,miercoles,30,Normal,Seca y limpia,Montañoso,Media Ladera Derecha,Curva Izquierda,Transito normal con precaución,0,0,0,0,1.0,Volcamiento,fallas mecanicas y del sistema electrico,6006_0_79,14.0,10.0
Boyacá,2017-12-29 14:42:00,24,950.0,2017-11-28 05:00:00,martes,17,Normal,Seca y limpia,Plano,Terraplen,Curva Izquierda,Transito normal con precaución,0,0,2,0,1.0,Choque,exceso de velocidad,6006_0_24,9.0,15.0
Boyacá,2018-01-11 13:00:00,10,920.0,2017-12-13 05:00:00,miercoles,15,Normal,Seca y limpia,Ondulado,Terraplen,Curva Izquierda,Transito normal con precaución,0,0,0,0,1.0,Choque,exceso de velocidad,6006_0_10,0.0,0.0
Boyacá,2018-02-07 14:35:00,10,100.0,2018-01-16 05:00:00,martes,0,Normal,Seca y limpia,Ondulado,Terraplen,Curva Derecha,Transito normal con precaución,0,0,0,0,1.0,Atropello,exceso de velocidad,6006_0_10,7.0,17.0
Boyacá,2018-02-07 14:38:00,31,750.0,2018-01-31 05:00:00,miercoles,45,Normal,Seca y limpia,Plano,Cajón,Recta,Transito normal con precaución,0,0,1,0,1.0,Volcamiento,exceso de velocidad,6006_0_31,19.0,5.0
Boyacá,2018-02-15 14:11:00,12,700.0,2018-02-11 05:00:00,domingo,0,Normal,Seca y limpia,Ondulado,Terraplen,Curva Derecha,Transito normal con precaución,0,0,0,1,1.0,Choque,embriaguez o sustancias alucinogenas,6006_0_12,23.0,1.0
Antioquia,2018-04-20 14:32:00,44,485.0,2018-03-22 05:00:00,jueves,15,Normal,Seca y limpia,Montañoso,Media ladera Izquierda,Recta,Parcial con paso alternado,0,0,1,0,1.0,Choque,desobediencia a normas y senales,6003_2_44,16.0,8.0
Antioquia,2018-04-20 14:40:00,89,700.0,2018-03-26 05:00:00,lunes,57,Lluvia,Humeda,Montañoso,Cajón,Recta,Parcial con paso alternado,0,0,0,0,1.0,Choque,no determinada,6003_2_89,22.0,2.0
Antioquia,2018-04-20 14:51:00,85,750.0,2018-03-27 05:00:00,martes,15,Lluvia,Humeda,Montañoso,Media Ladera Derecha,Recta,Parcial con paso alternado,0,0,0,0,1.0,Choque,no mantener distancia de seguridad,6003_2_85,6.0,18.0
Antioquia,2018-04-20 15:02:00,94,0.0,2018-03-31 05:00:00,sabado,40,Normal,Seca y limpia,Montañoso,Cajón,Recta,Parcial con paso alternado,0,0,0,0,1.0,Choque,adelantamientos indebidos,6003_2_94,3.0,21.0
Antioquia,2018-03-14 21:25:00,90,100.0,2018-02-17 05:00:00,sabado,0,Normal,Seca y limpia,Montañoso,Media Ladera Derecha,Recta,Parcial con paso alternado,0,0,0,0,1.0,Choque,no mantener distancia de seguridad,6003_1_90,12.0,12.0
Antioquia,2018-03-14 21:29:00,85,980.0,2018-02-17 05:00:00,sabado,20,Normal,Seca y limpia,Montañoso,Media Ladera Derecha,Curva Izquierda,Parcial restringido a vehiculos pesados,0,0,0,0,1.0,Choque,impericia en el manejo,6003_1_85,10.0,14.0
Antioquia,2018-03-14 21:49:00,87,700.0,2018-02-23 05:00:00,viernes,5,Normal,Seca y limpia,Montañoso,Media Ladera Derecha,Curva Izquierda,Parcial con paso alternado,0,0,1,0,1.0,Choque,maniobras imprudentes,6003_1_87,6.0,18.0
Antioquia,2018-03-14 21:53:00,89,850.0,2018-02-25 05:00:00,domingo,0,Normal,Seca y limpia,Montañoso,Media Ladera Derecha,Recta,Parcial con reducción de carriles,0,0,0,0,1.0,Choque,adelantamientos indebidos,6003_1_89,11.0,13.0