territorial,fecha_registro,pr,distancia_pr,fecha_acc,dia_semana_acc,min_acc,condic_meteor,estado_super,terreno,secc_tip,geometria_acc,tipo_cierre,horas_cierre,min_cierre,n_heridos,n_muertos,n_victimas,clase_accidente,causa_posible,ref_loc,hora_acc,duracion_cierre_horas
Antioquia,2018-03-14 21:59:00,94,800.0,2018-02-28 05:00:00,miercoles,15,Normal,Seca y limpia,Montañoso,Media ladera Izquierda,Recta,Parcial con reducción de carriles,0,0,0,0,1.0,Choque,condiciones de la via y factores ambientales,6003_1_94,4.0,20.0
Antioquia,2018-04-19 20:19:00,89,400.0,2018-03-04 05:00:00,domingo,40,Normal,Seca y limpia,Montañoso,Media Ladera Derecha,Recta,Parcial con reducción de carriles,0,0,0,0,1.0,Choque,no mantener distancia de seguridad,6003_1_89,21.0,3.0
Antioquia,2018-04-19 20:26:00,95,15.0,2018-03-04 05:00:00,domingo,10,Normal,Seca y limpia,Montañoso,Media ladera Izquierda,Curva Izquierda,Parcial con paso alternado,0,0,0,0,1.0,Choque,adelantamientos indebidos,6003_1_95,1.0,23.0
Antioquia,2018-04-19 20:57:00,83,60.0,2018-03-07 05:00:00,miercoles,10,Normal,Seca y limpia,Montañoso,Media Ladera Derecha,Recta,Parcial con paso alternado,0,0,0,0,1.0,Choque,no mantener distancia de seguridad,6003_1_83,6.0,18.0
Antioquia,2018-04-19 21:01:00,90,150.0,2018-03-08 05:00:00,jueves,50,Normal,Seca y limpia,Montañoso,Cajón,Recta,Transito normal con precaución,0,0,2,0,1.0,Choque,maniobras imprudentes,6003_1_90,20.0,4.0
Antioquia,2018-04-19 21:05:00,88,430.0,2018-03-10 05:00:00,sabado,20,Normal,Seca y limpia,Montañoso,Media Ladera Derecha,Recta,Parcial con paso alternado,0,0,2,0,1.0,Choque,no determinada,6003_1_88,1.0,23.0
Antioquia,2018-04-19 21:19:00,38,650.0,2018-03-13 05:00:00,martes,30,Normal,Seca y limpia,Montañoso,Media ladera Izquierda,Recta,Parcial con paso alternado,0,0,0,0,1.0,Volcamiento,defectos fisicos y psiquicos,6003_1_38,10.0,14.0
Antioquia,2018-04-19 21:14:00,94,750.0,2018-03-12 05:00:00,lunes,0,Normal,Seca y limpia,Montañoso,Cajón,Recta,Parcial con reducción de carriles,0,0,1,0,1.0,Choque,desobediencia a normas y senales,6003_1_94,12.0,12.0
Antioquia,2017-06-21 14:17:00,20,550.0,2017-05-01 05:00:00,lunes,45,Normal,Aceite,Montañoso,Media ladera Izquierda,Curva Izquierda,Transito normal con precaución,0,0,0,0,1.0,Choque,condiciones de la via y factores ambientales,6003_0_20,15.0,9.0
Antioquia,2017-06-21 14:23:00,76,800.0,2017-05-01 05:00:00,lunes,0,Normal,Seca y limpia,Montañoso,Media Ladera Derecha,Recta,Parcial con paso alternado,1,0,0,0,1.0,Choque,no mantener distancia de seguridad,6003_0_76,21.0,4.0
Antioquia,2017-06-21 14:27:00,44,350.0,2017-05-01 05:00:00,lunes,45,Normal,Seca y limpia,Montañoso,Media ladera Izquierda,Recta,Parcial con paso alternado,1,0,0,0,1.0,Choque,no mantener distancia de seguridad,6003_0_44,19.0,6.0
Antioquia,2017-06-21 14:29:00,89,900.0,2017-05-01 05:00:00,lunes,30,Normal,Seca y limpia,Montañoso,Media Ladera Derecha,Recta,Parcial con paso alternado,1,0,0,0,1.0,Choque,adelantamientos indebidos,6003_0_89,18.0,7.0
Antioquia,2017-06-21 14:36:00,33,580.0,2017-05-03 05:00:00,miercoles,0,Normal,Material suelto,Montañoso,Media ladera Izquierda,Recta,Parcial con paso alternado,1,0,0,0,1.0,Choque,condiciones de la via y factores ambientales,6003_0_33,11.0,14.0
Antioquia,2017-06-21 14:40:00,45,500.0,2017-05-04 05:00:00,jueves,30,Normal,Seca y limpia,Montañoso,Media ladera Izquierda,Recta,Transito normal con precaución,0,0,1,0,1.0,Volcamiento,defectos fisicos y psiquicos,6003_0_45,12.0,12.0
Antioquia,2017-06-21 14:58:00,31,550.0,2017-05-10 05:00:00,miercoles,10,Normal,Lodo,Montañoso,Media ladera Izquierda,Curva Izquierda,Parcial restringido a vehiculos pesados,1,0,1,0,1.0,Choque,adelantamientos indebidos,6003_0_31,21.0,4.0
Antioquia,2017-06-21 15:09:00,45,970.0,2017-05-13 05:00:00,sabado,30,Normal,Seca y limpia,Montañoso,Media ladera Izquierda,Recta,Parcial con paso alternado,1,0,0,1,1.0,Choque,adelantamientos indebidos,6003_0_45,14.0,11.0
Antioquia,2017-06-21 15:12:00,94,800.0,2017-05-14 05:00:00,domingo,0,Lluvia,Humeda,Montañoso,Media Ladera Derecha,Recta,Transito normal con precaución,0,0,2,0,1.0,Choque,desobediencia a normas y senales,6003_0_94,8.0,16.0
Antioquia,2017-06-21 15:29:00,84,250.0,2017-05-15 05:00:00,lunes,0,Normal,Otra,Montañoso,Media Ladera Derecha,Curva Izquierda,Parcial con paso alternado,1,0,1,0,1.0,Choque,adelantamientos indebidos,6003_0_84,13.0,12.0
Antioquia,2017-06-21 15:31:00,87,200.0,2017-05-15 05:00:00,lunes,0,Lluvia,Humeda,Montañoso,Media Ladera Derecha,Curva Derecha,Transito normal con precaución,0,0,0,0,1.0,Choque,fallas mecanicas y del sistema electrico,6003_0_87,10.0,14.0
Antioquia,2017-06-21 15:42:00,43,500.0,2017-05-16 05:00:00,martes,5,Normal,Humeda,Montañoso,Media ladera Izquierda,Recta,Parcial con paso alternado,1,0,1,0,1.0,Choque,no mantener distancia de seguridad,6003_0_43,12.0,13.0
Antioquia,2017-06-21 16:16:00,84,550.0,2017-05-27 05:00:00,sabado,40,Normal,Seca y limpia,Montañoso,Media Ladera Derecha,Curva Derecha,Parcial con reducción de carriles,1,0,0,0,1.0,Atropello,maniobras imprudentes,6003_0_84,1.0,0.0
Antioquia,2017-07-26 14:09:00,44,600.0,2017-06-02 05:00:00,viernes,20,Normal,Seca y limpia,Montañoso,Media ladera Izquierda,Recta,Parcial con paso alternado,0,0,0,0,1.0,Choque,desobediencia a normas y senales,6003_0_44,1.0,23.0
Antioquia,2017-07-26 14:14:00,94,100.0,2017-06-02 05:00:00,viernes,20,Normal,Seca y limpia,Montañoso,Media ladera Izquierda,Recta,Parcial con reducción de carriles,0,0,2,0,1.0,Choque,desobediencia a normas y senales,6003_0_94,18.0,6.0
Antioquia,2017-07-26 14:49:00,44,500.0,2017-06-12 05:00:00,lunes,0,Normal,Seca y limpia,Montañoso,Media ladera Izquierda,Recta,Parcial con paso alternado,0,0,0,0,1.0,Choque,no determinada,6003_0_44,1.0,23.0
Antioquia,2017-07-26 15:33:00,94,800.0,2017-06-22 05:00:00,jueves,15,Normal,Seca y limpia,Montañoso,Media ladera Izquierda,Recta,Parcial con reducción de carriles,0,0,0,0,1.0,Choque,adelantamientos indebidos,6003_0_94,7.0,17.0
Antioquia,2017-07-26 16:03:00,36,900.0,2017-06-27 05:00:00,martes,45,Normal,Seca y limpia,Montañoso,Media ladera Izquierda,Curva Derecha,Parcial con reducción de carriles,0,0,0,0,1.0,Choque,no mantener distancia de seguridad,6003_0_36,3.0,21.0
Antioquia,2017-07-26 16:09:00,84,20.0,2017-06-29 05:00:00,jueves,40,Normal,Seca y limpia,Montañoso,Media Ladera Derecha,Recta,Parcial con paso alternado,0,0,0,0,1.0,Choque,adelantamientos indebidos,6003_0_84,5.0,19.0
Antioquia,2017-08-16 15:51:00,57,900.0,2017-07-02 05:00:00,domingo,30,Normal,Seca y limpia,Montañoso,Media ladera Izquierda,Recta,Parcial con paso alternado,0,0,0,0,1.0,Volcamiento,exceso en horas de conduccion,6003_0_57,18.0,6.0
Antioquia,2017-08-16 16:22:00,87,600.0,2017-07-03 05:00:00,lunes,30,Normal,Seca y limpia,Montañoso,Media Ladera Derecha,Curva Izquierda,Parcial con reducción de carriles,0,0,4,0,1.0,Choque,impericia en el manejo,6003_0_87,18.0,6.0
Antioquia,2017-08-16 16:48:00,95,0.0,2017-07-08 05:00:00,sabado,40,Normal,Seca y limpia,Montañoso,Media ladera Izquierda,Recta,Parcial con reducción de carriles,0,0,0,0,1.0,Choque,no mantener distancia de seguridad,6003_0_95,22.0,2.0
Antioquia,2017-08-16 16:53:00,85,10.0,2017-07-08 05:00:00,sabado,10,Normal,Seca y limpia,Montañoso,Media Ladera Derecha,Curva Derecha,Parcial con reducción de carriles,0,0,0,0,1.0,Choque,condiciones de la via y factores ambientales,6003_0_85,0.0,0.0
Antioquia,2017-08-16 17:04:00,77,600.0,2017-07-11 05:00:00,martes,0,Normal,Seca y limpia,Montañoso,Media Ladera Derecha,Curva Izquierda,Transito normal con precaución,0,0,2,0,1.0,Choque,maniobras imprudentes,6003_0_77,13.0,11.0
Antioquia,2017-08-16 17:08:00,87,700.0,2017-07-12 05:00:00,miercoles,30,Normal,Humeda,Montañoso,Media Ladera Derecha,Curva Izquierda,Transito normal con precaución,0,0,0,0,1.0,Choque,condiciones de la via y factores ambientales,6003_0_87,17.0,7.0
Antioquia,2017-08-16 19:26:00,1,970.0,2017-07-16 05:00:00,domingo,10,Lluvia,Humeda,Montañoso,Media Ladera Derecha,Recta,Parcial con reducción de carriles,0,0,0,2,1.0,Choque,adelantamientos indebidos,6003_0_1,12.0,12.0
Antioquia,2017-08-16 20:25:00,89,300.0,2017-07-18 05:00:00,martes,40,Normal,Seca y limpia,Montañoso,Media Ladera Derecha,Recta,Parcial con reducción de carriles,0,0,0,0,1.0,Choque,no mantener distancia de seguridad,6003_0_89,20.0,4.0
Antioquia,2017-08-16 20:42:00,6,210.0,2017-07-22 05:00:00,sabado,0,Normal,Material suelto,Montañoso,Media Ladera Derecha,Curva Izquierda,Parcial con reducción de carriles,0,0,0,0,1.0,Choque,desobediencia a normas y senales,6003_0_6,12.0,12.0
Antioquia,2017-08-16 20:47:00,77,420.0,2017-07-22 05:00:00,sabado,0,Normal,Seca y limpia,Montañoso,Media Ladera Derecha,Curva Derecha,Parcial con reducción de carriles,0,0,1,0,1.0,Choque,adelantamientos indebidos,6003_0_77,13.0,11.0
Antioquia,2017-08-16 20:51:00,35,650.0,2017-07-23 05:00:00,domingo,0,Normal,Material suelto,Montañoso,Media ladera Izquierda,Recta,Parcial con reducción de carriles,0,0,0,0,1.0,Choque,no mantener distancia de seguridad,6003_0_35,17.0,7.0
Antioquia,2017-08-16 20:55:00,23,220.0,2017-07-23 05:00:00,domingo,10,Normal,Seca y limpia,Montañoso,Media ladera Izquierda,Recta,Parcial con reducción de carriles,0,0,0,1,1.0,Choque,impericia en el manejo,6003_0_23,16.0,8.0
Antioquia,2017-08-16 20:58:00,2,100.0,2017-07-24 05:00:00,lunes,30,Normal,Seca y limpia,Montañoso,Media Ladera Derecha,Curva Izquierda,Parcial con reducción de carriles,0,0,1,0,1.0,Choque,adelantamientos indebidos,6003_0_2,18.0,6.0
Antioquia,2017-08-17 14:43:00,88,120.0,2017-07-30 05:00:00,domingo,15,Normal,Seca y limpia,Montañoso,Media Ladera Derecha,Curva Derecha,Parcial con reducción de carriles,0,0,1,0,1.0,Choque,embriaguez o sustancias alucinogenas,6003_0_88,19.0,5.0
Antioquia,2017-09-18 17:08:00,89,100.0,2017-08-03 05:00:00,jueves,0,Normal,Seca y limpia,Montañoso,Media Ladera Derecha,Curva Derecha,Parcial con paso alternado,0,0,1,0,1.0,Choque,no determinada,6003_0_89,15.0,9.0
Antioquia,2017-09-18 20:05:00,94,400.0,2017-08-06 05:00:00,domingo,0,Normal,Seca y limpia,Montañoso,Media Ladera Derecha,Recta,Parcial con reducción de carriles,0,0,2,0,1.0,Choque,desobediencia a normas y senales,6003_0_94,17.0,7.0
Antioquia,2017-09-18 20:42:00,37,400.0,2017-08-11 05:00:00,viernes,0,Normal,Seca y limpia,Montañoso,Media ladera Izquierda,Recta,Transito normal con precaución,0,0,0,0,1.0,Choque,adelantamientos indebidos,6003_0_37,18.0,6.0
Antioquia,2017-09-18 21:24:00,88,500.0,2017-08-16 05:00:00,miercoles,0,Normal,Seca y limpia,Montañoso,Media Ladera Derecha,Recta,Parcial con reducción de carriles,0,0,0,0,1.0,Choque,no mantener distancia de seguridad,6003_0_88,15.0,9.0
Antioquia,2017-09-18 21:38:00,83,200.0,2017-08-17 05:00:00,jueves,15,Normal,Seca y limpia,Montañoso,Media Ladera Derecha,Curva Izquierda,Parcial con paso alternado,0,0,2,0,1.0,Caída ocupante,no determinada,6003_0_83,15.0,9.0
Antioquia,2017-09-18 21:59:00,86,500.0,2017-08-20 05:00:00,domingo,40,Normal,Seca y limpia,Montañoso,Media Ladera Derecha,Curva Derecha,Parcial con paso alternado,0,0,0,0,1.0,Choque,no determinada,6003_0_86,6.0,18.0
Antioquia,2017-09-18 22:02:00,85,100.0,2017-08-21 05:00:00,lunes,30,Normal,Seca y limpia,Montañoso,Media Ladera Derecha,Curva Derecha,Parcial con paso alternado,0,0,0,0,1.0,Choque,no mantener distancia de seguridad,6003_0_85,6.0,18.0
Antioquia,2017-09-18 22:28:00,94,700.0,2017-08-28 05:00:00,lunes,50,Lluvia,Humeda,Montañoso,Media Ladera Derecha,Recta,Parcial con reducción de carriles,0,0,0,0,1.0,Choque,desobediencia a normas y senales,6003_0_94,16.0,8.0
Antioquia,2017-10-27 16:34:00,82,900.0,2017-09-02 05:00:00,sabado,10,Normal,Seca y limpia,Montañoso,Media Ladera Derecha,Recta,Parcial con paso alternado,0,0,0,0,1.0,Choque,no mantener distancia de seguridad,6003_0_82,4.0,20.0
Antioquia,2017-10-27 16:54:00,94,800.0,2017-09-03 05:00:00,domingo,30,Normal,Seca y limpia,Montañoso,Media ladera Izquierda,Recta,Parcial con reducción de carriles,0,0,1,0,1.0,Choque,desobediencia a normas y senales,6003_0_94,14.0,10.0
Antioquia,2017-10-27 16:57:00,34,480.0,2017-09-03 05:00:00,domingo,1,Normal,Seca y limpia,Montañoso,Media Ladera Derecha,Recta,Parcial con reducción de carriles,0,0,0,0,1.0,Choque,no mantener distancia de seguridad,6003_0_34,8.0,16.0
Antioquia,2017-10-27 17:05:00,83,300.0,2017-09-05 05:00:00,martes,20,Normal,Seca y limpia,Montañoso,Media Ladera Derecha,Curva Izquierda,Transito normal con precaución,0,0,1,0,1.0,Volcamiento,condiciones de la via y factores ambientales,6003_0_83,17.0,7.0
Antioquia,2017-10-27 19:47:00,85,300.0,2017-09-18 05:00:00,lunes,20,Normal,Seca y limpia,Montañoso,Media Ladera Derecha,Recta,Parcial restringido a vehiculos pesados,1,0,0,0,1.0,Choque,adelantamientos indebidos,6003_0_85,16.0,9.0
Antioquia,2017-10-27 19:43:00,86,50.0,2017-09-17 05:00:00,domingo,0,Lluvia,Humeda,Montañoso,Media Ladera Derecha,Recta,Parcial con paso alternado,0,0,0,0,1.0,Choque,condiciones de la via y factores ambientales,6003_0_86,6.0,18.0
Antioquia,2017-10-27 20:29:00,32,350.0,2017-09-29 05:00:00,viernes,10,Normal,Seca y limpia,Montañoso,Media ladera Izquierda,Curva Derecha,Parcial restringido a vehiculos pesados,1,0,0,0,1.0,Choque,no determinada,6003_0_32,20.0,5.0
Antioquia,2017-10-27 20:37:00,94,760.0,2017-09-30 05:00:00,sabado,40,Lluvia,Humeda,Montañoso,Media Ladera Derecha,Recta,Parcial con reducción de carriles,0,0,0,0,1.0,Choque,maniobras imprudentes,6003_0_94,5.0,19.0
Antioquia,2017-10-27 20:42:00,94,800.0,2017-09-30 05:00:00,sabado,30,Lluvia,Humeda,Montañoso,Media Ladera Derecha,Recta,Parcial con reducción de carriles,0,0,1,0,1.0,Choque,desobediencia a normas y senales,6003_0_94,9.0,15.0
Antioquia,2017-11-27 15:25:00,30,825.0,2017-10-22 05:00:00,domingo,15,Normal,Seca y limpia,Montañoso,Media ladera Izquierda,Curva Derecha,Parcial con paso alternado,0,0,1,0,1.0,Choque,no mantener distancia de seguridad,6003_0_30,10.0,14.0
Antioquia,2017-11-23 19:50:00,93,40.0,2017-10-02 05:00:00,lunes,30,Normal,Seca y limpia,Montañoso,Cajón,Recta,Parcial con paso alternado,0,0,0,0,1.0,Choque,fallas mecanicas y del sistema electrico,6003_0_93,19.0,5.0
Antioquia,2017-11-23 20:12:00,37,580.0,2017-10-03 05:00:00,martes,0,Lluvia,Humeda,Montañoso,Media ladera Izquierda,Curva Izquierda,Parcial con paso alternado,0,0,0,1,1.0,Choque,maniobras imprudentes,6003_0_37,16.0,8.0
Antioquia,2017-11-23 20:38:00,84,800.0,2017-10-05 05:00:00,jueves,55,Normal,Seca y limpia,Montañoso,Media Ladera Derecha,Curva Derecha,Parcial con paso alternado,0,0,1,0,1.0,Volcamiento,fallas mecanicas y del sistema electrico,6003_0_84,7.0,17.0
Antioquia,2017-11-23 20:46:00,89,500.0,2017-10-09 05:00:00,lunes,30,Normal,Seca y limpia,Montañoso,Cajón,Recta,Parcial con reducción de carriles,0,0,0,0,1.0,Choque,no mantener distancia de seguridad,6003_0_89,15.0,9.0
Antioquia,2017-11-23 21:13:00,32,750.0,2017-10-13 05:00:00,viernes,19,Normal,Seca y limpia,Montañoso,Media ladera Izquierda,Curva Izquierda,Transito normal con precaución,0,0,1,0,1.0,Caída ocupante,no determinada,6003_0_32,7.0,17.0
Antioquia,2017-11-23 21:44:00,89,800.0,2017-10-16 05:00:00,lunes,0,Normal,Seca y limpia,Montañoso,Cajón,Recta,Parcial con reducción de carriles,0,0,0,0,1.0,Choque,no mantener distancia de seguridad,6003_0_89,16.0,8.0
Antioquia,2017-11-23 21:50:00,88,800.0,2017-10-16 05:00:00,lunes,50,Normal,Seca y limpia,Montañoso,Media Ladera Derecha,Recta,Parcial con paso alternado,0,0,0,0,1.0,Choque,no mantener distancia de seguridad,6003_0_88,1.0,23.0
Antioquia,2017-11-27 16:02:00,91,0.0,2017-10-29 05:00:00,domingo,40,Lluvia,Humeda,Montañoso,Cajón,Recta,Transito normal con precaución,0,0,2,0,1.0,Choque,no determinada,6003_0_91,10.0,14.0
Antioquia,2017-11-27 16:08:00,40,880.0,2017-10-30 05:00:00,lunes,30,Normal,Seca y limpia,Montañoso,Media ladera Izquierda,Curva Izquierda,Parcial con paso alternado,0,0,1,0,1.0,Choque,adelantamientos indebidos,6003_0_40,17.0,7.0
Antioquia,2018-01-02 21:01:00,89,710.0,2017-11-04 05:00:00,sabado,0,Normal,Seca y limpia,Montañoso,Media Ladera Derecha,Recta,Parcial con paso alternado,0,0,1,0,1.0,Choque,adelantamientos indebidos,6003_0_89,6.0,18.0
Antioquia,2018-01-02 21:20:00,85,850.0,2017-11-04 05:00:00,sabado,45,Normal,Seca y limpia,Montañoso,Media Ladera Derecha,Recta,Parcial con paso alternado,0,0,0,0,1.0,Choque,no mantener distancia de seguridad,6003_0_85,12.0,12.0
Antioquia,2018-01-02 21:37:00,40,210.0,2017-11-05 05:00:00,domingo,40,Normal,Seca y limpia,Montañoso,Media ladera Izquierda,Curva Izquierda,Parcial restringido a vehiculos pesados,1,1,2,1,1.0,Choque,embriaguez o sustancias alucinogenas,6003_0_40,3.0,22.0
Antioquia,2018-01-02 22:01:00,89,700.0,2017-11-10 05:00:00,viernes,15,Normal,Seca y limpia,Montañoso,Media Ladera Derecha,Recta,Parcial con reducción de carriles,0,0,1,0,1.0,Choque,no mantener distancia de seguridad,6003_0_89,8.0,16.0
Antioquia,2018-01-02 22:05:00,32,400.0,2017-11-10 05:00:00,viernes,15,Normal,Seca y limpia,Montañoso,Media ladera Izquierda,Recta,Parcial con paso alternado,0,0,0,0,1.0,Choque,no mantener distancia de seguridad,6003_0_32,12.0,12.0
Antioquia,2018-01-02 22:13:00,87,800.0,2017-11-11 05:00:00,sabado,0,Normal,Aceite,Montañoso,Media Ladera Derecha,Recta,Parcial con reducción de carriles,0,0,0,0,1.0,Choque,no mantener distancia de seguridad,6003_0_87,9.0,15.0
Antioquia,2018-01-03 14:15:00,89,200.0,2017-11-13 05:00:00,lunes,40,Normal,Seca y limpia,Montañoso,Media Ladera Derecha,Curva Derecha,Parcial con paso alternado,0,0,0,0,1.0,Choque,no mantener distancia de seguridad,6003_0_89,12.0,12.0
Antioquia,2018-01-03 14:28:00,46,280.0,2017-11-13 05:00:00,lunes,30,Lluvia,Humeda,Montañoso,Media ladera Izquierda,Recta,Parcial con paso alternado,0,0,0,0,1.0,Choque,desobediencia a normas y senales,6003_0_46,19.0,5.0
Antioquia,2018-01-03 15:51:00,94,750.0,2017-11-15 05:00:00,miercoles,30,Normal,Seca y limpia,Montañoso,Media Ladera Derecha,Recta,Parcial con reducción de carriles,0,0,3,0,1.0,Choque,maniobras imprudentes,6003_0_94,8.0,16.0
Antioquia,2018-01-03 16:19:00,94,750.0,2017-11-17 05:00:00,viernes,25,Normal,Seca y limpia,Montañoso,Media Ladera Derecha,Recta,Parcial con reducción de carriles,0,0,9,0,1.0,Choque,desobediencia a normas y senales,6003_0_94,14.0,10.0
Cundinamarca,2017-11-03 21:51:00,38,950.0,2017-10-15 05:00:00,domingo,0,Seca,Seca y limpia,Ondulado,Media Ladera Derecha,Recta,Transito normal con precaución,0,0,0,0,1.0,Caída de carga,fallas mecanicas y del sistema electrico,5008_2_38,20.0,4.0
Cundinamarca,2017-11-03 21:52:00,34,950.0,2017-10-16 05:00:00,lunes,30,Seca,Seca y limpia,Ondulado,Media Ladera Derecha,Recta,Transito normal con precaución,0,0,0,0,1.0,Choque,adelantamientos indebidos,5008_2_34,14.0,10.0
Cundinamarca,2017-11-03 21:54:00,63,700.0,2017-10-17 05:00:00,martes,15,Seca,Seca y limpia,Ondulado,Media ladera Izquierda,Curva Derecha,Parcial con reducción de carriles,0,40,8,0,1.0,Volcamiento,maniobras imprudentes,5008_2_63,10.0,14.0
Cundinamarca,2017-11-03 21:55:00,63,300.0,2017-10-19 05:00:00,jueves,10,Seca,Seca y limpia,Ondulado,Media ladera Izquierda,Curva Derecha,Transito normal con precaución,0,0,0,0,1.0,Choque,no mantener distancia de seguridad,5008_2_63,8.0,16.0
Cundinamarca,2017-11-03 21:57:00,56,900.0,2017-10-21 05:00:00,sabado,5,Seca,Seca y limpia,Ondulado,Media ladera Izquierda,Curva Izquierda,Transito normal con precaución,0,0,0,0,1.0,Choque,maniobras imprudentes,5008_2_56,18.0,6.0
Cundinamarca,2017-11-03 21:58:00,54,150.0,2017-10-21 05:00:00,sabado,30,Lluvia,Humeda,Ondulado,Media ladera Izquierda,Curva Derecha,Transito normal con precaución,0,0,0,0,1.0,Choque,desobediencia a normas y senales,5008_2_54,13.0,11.0
Cundinamarca,2017-11-03 22:00:00,17,650.0,2017-10-22 05:00:00,domingo,40,Seca,Seca y limpia,Ondulado,Media ladera Izquierda,Recta,Transito normal con precaución,0,0,0,0,1.0,Choque,no mantener distancia de seguridad,5008_2_17,7.0,17.0
Cundinamarca,2017-11-03 22:02:00,37,500.0,2017-10-23 05:00:00,lunes,10,Seca,Seca y limpia,Ondulado,Media Ladera Derecha,Curva Izquierda,Parcial con reducción de carriles,0,15,1,0,1.0,Choque,adelantamientos indebidos,5008_2_37,0.0,0.0
Cundinamarca,2017-11-03 22:03:00,47,200.0,2017-10-23 05:00:00,lunes,30,Seca,Seca y limpia,Ondulado,Media ladera Izquierda,Recta,Transito normal con precaución,0,0,0,0,1.0,Volcamiento,maniobras imprudentes,5008_2_47,3.0,21.0
Cundinamarca,2017-11-03 22:05:00,47,600.0,2017-10-23 05:00:00,lunes,50,Seca,Seca y limpia,Ondulado,Media ladera Izquierda,Curva Derecha,Parcial con reducción de carriles,0,15,1,0,1.0,Choque,maniobras imprudentes,5008_2_47,5.0,19.0
Cundinamarca,2017-12-12 14:48:00,44,725.0,2017-11-05 05:00:00,domingo,30,Lluvia,Humeda,Ondulado,Media Ladera Derecha,Recta,Transito normal con precaución,0,15,2,0,1.0,Choque,adelantamientos indebidos,5008_2_44,0.0,0.0
Cundinamarca,2017-12-12 14:50:00,58,525.0,2017-11-05 05:00:00,domingo,20,Seca,Seca y limpia,Ondulado,Media ladera Izquierda,Curva Derecha,Transito normal con precaución,0,0,0,0,1.0,Choque,no mantener distancia de seguridad,5008_2_58,21.0,3.0
Cundinamarca,2017-12-12 14:53:00,43,900.0,2017-11-07 05:00:00,martes,0,Seca,Seca y limpia,Ondulado,Media Ladera Derecha,Recta,Transito normal con precaución,0,0,3,0,1.0,Salida de la vía sin volcarse,fallas mecanicas y del sistema electrico,5008_2_43,19.0,5.0
Cundinamarca,2017-12-12 14:55:00,44,600.0,2017-11-08 05:00:00,miercoles,50,Seca,Seca y limpia,Ondulado,Media Ladera Derecha,Recta,Transito normal con precaución,0,0,0,0,1.0,Choque,fallas mecanicas y del sistema electrico,5008_2_44,17.0,7.0
Cundinamarca,2017-12-12 14:57:00,38,750.0,2017-11-09 05:00:00,jueves,50,Lluvia,Humeda,Ondulado,Media Ladera Derecha,Curva Izquierda,Transito normal con precaución,0,0,0,0,1.0,Choque,adelantamientos indebidos,5008_2_38,10.0,14.0
Cundinamarca,2017-12-12 14:59:00,39,850.0,2017-11-11 05:00:00,sabado,0,Lluvia,Humeda,Ondulado,Media Ladera Derecha,Curva Derecha,Transito normal con precaución,0,20,1,2,1.0,Choque,maniobras imprudentes,5008_2_39,1.0,23.0
Cundinamarca,2017-12-12 15:01:00,55,100.0,2017-11-11 05:00:00,sabado,30,Lluvia,Humeda,Ondulado,Media ladera Izquierda,Curva Izquierda,Transito normal con precaución,0,0,0,0,1.0,Choque,no mantener distancia de seguridad,5008_2_55,10.0,14.0
Cundinamarca,2017-12-12 15:03:00,49,950.0,2017-11-12 05:00:00,domingo,0,Seca,Seca y limpia,Ondulado,Media ladera Izquierda,Curva Izquierda,Transito normal con precaución,0,0,0,0,1.0,Choque,maniobras imprudentes,5008_2_49,8.0,16.0
Cundinamarca,2017-12-12 15:05:00,38,650.0,2017-11-18 05:00:00,sabado,20,Lluvia,Humeda,Ondulado,Media Ladera Derecha,Recta,Transito normal con precaución,0,0,0,0,1.0,Choque,adelantamientos indebidos,5008_2_38,19.0,5.0
Cundinamarca,2017-12-12 15:07:00,47,0.0,2017-11-23 05:00:00,jueves,20,Seca,Seca y limpia,Ondulado,Media ladera Izquierda,Curva Derecha,Transito normal con precaución,0,0,0,0,1.0,Choque,no mantener distancia de seguridad,5008_2_47,16.0,8.0
Cundinamarca,2017-12-12 15:08:00,19,150.0,2017-11-26 05:00:00,domingo,30,Seca,Seca y limpia,Ondulado,Media ladera Izquierda,Curva Izquierda,Transito normal con precaución,0,0,1,0,1.0,Choque,adelantamientos indebidos,5008_2_19,9.0,15.0
Cundinamarca,2018-01-11 15:58:00,37,500.0,2017-12-01 05:00:00,viernes,0,Seca,Seca y limpia,Ondulado,Media Ladera Derecha,Curva Izquierda,Parcial con reducción de carriles,0,25,1,0,1.0,Choque,maniobras imprudentes,5008_2_37,7.0,17.0
Santander,2017-12-07 15:06:00,35,850.0,2017-11-14 05:00:00,martes,20,Lluvia,Humeda,Plano,Cajón,Recta,Transito normal con precaución,0,0,0,0,1.0,Caída ocupante,imprudencia del conductor,5504_1_35,22.0,2.0
Cundinamarca,2018-01-11 16:00:00,57,700.0,2017-12-02 05:00:00,sabado,40,Seca,Seca y limpia,Ondulado,Media ladera Izquierda,Curva Derecha,Transito normal con precaución,0,0,0,0,1.0,Choque,adelantamientos indebidos,5008_2_57,20.0,4.0
Cundinamarca,2018-01-11 16:02:00,51,0.0,2017-12-11 05:00:00,lunes,15,Seca,Seca y limpia,Ondulado,Media ladera Izquierda,Recta,Transito normal con precaución,0,0,0,0,1.0,Choque,no mantener distancia de seguridad,5008_2_51,19.0,5.0