territorial,fecha_registro,pr,distancia_pr,fecha_acc,dia_semana_acc,min_acc,condic_meteor,estado_super,terreno,secc_tip,geometria_acc,tipo_cierre,horas_cierre,min_cierre,n_heridos,n_muertos,n_victimas,clase_accidente,causa_posible,ref_loc,hora_acc,duracion_cierre_horas
Cundinamarca,2018-01-11 16:04:00,41,400.0,2017-12-25 05:00:00,lunes,0,Seca,Seca y limpia,Ondulado,Media Ladera Derecha,Curva Derecha,Transito normal con precaución,0,0,0,0,1.0,Choque,no mantener distancia de seguridad,5008_2_41,20.0,4.0
Cundinamarca,2018-01-11 16:06:00,46,600.0,2017-12-27 05:00:00,miercoles,0,Lluvia,Humeda,Ondulado,Media ladera Izquierda,Curva Izquierda,Transito normal con precaución,0,0,0,0,1.0,Choque,desobediencia a normas y senales,5008_2_46,16.0,8.0
Cundinamarca,2018-01-11 16:07:00,37,300.0,2017-12-27 05:00:00,miercoles,20,Lluvia,Humeda,Ondulado,Media Ladera Derecha,Curva Izquierda,Transito normal con precaución,0,0,0,0,1.0,Choque,desobediencia a normas y senales,5008_2_37,17.0,7.0
Cundinamarca,2018-01-11 16:09:00,49,610.0,2017-12-29 05:00:00,viernes,30,Lluvia,Humeda,Ondulado,Media ladera Izquierda,Recta,Transito normal con precaución,0,0,0,0,1.0,Choque,no mantener distancia de seguridad,5008_2_49,15.0,9.0
Cundinamarca,2018-01-11 16:11:00,35,400.0,2017-12-30 05:00:00,sabado,40,Seca,Seca y limpia,Ondulado,Media Ladera Derecha,Recta,Transito normal con precaución,0,0,0,0,1.0,Choque,no mantener distancia de seguridad,5008_2_35,7.0,17.0
Cundinamarca,2018-01-11 16:12:00,61,500.0,2017-12-30 05:00:00,sabado,30,Seca,Seca y limpia,Ondulado,Media ladera Izquierda,Recta,Transito normal con precaución,0,0,0,0,1.0,Choque,no mantener distancia de seguridad,5008_2_61,6.0,18.0
Cundinamarca,2018-01-11 16:14:00,63,100.0,2017-12-31 05:00:00,domingo,30,Seca,Seca y limpia,Ondulado,Media ladera Izquierda,Recta,Transito normal con precaución,0,0,0,0,1.0,Choque,fallas mecanicas y del sistema electrico,5008_2_63,18.0,6.0
Cundinamarca,2018-02-06 19:26:00,54,900.0,2018-01-01 05:00:00,lunes,5,Lluvia,Humeda,Ondulado,Media ladera Izquierda,Curva Derecha,Transito normal con precaución,0,0,0,0,1.0,Choque,desobediencia a normas y senales,5008_2_54,15.0,9.0
Cundinamarca,2018-02-06 19:31:00,53,300.0,2018-01-01 05:00:00,lunes,20,Lluvia,Humeda,Ondulado,Media ladera Izquierda,Recta,Transito normal con precaución,0,0,0,0,1.0,Choque,no mantener distancia de seguridad,5008_2_53,2.0,22.0
Cundinamarca,2018-02-06 19:33:00,55,600.0,2018-01-03 05:00:00,miercoles,40,Seca,Seca y limpia,Ondulado,Media ladera Izquierda,Curva Izquierda,Transito normal con precaución,0,0,0,0,1.0,Choque,no mantener distancia de seguridad,5008_2_55,7.0,17.0
Cundinamarca,2018-02-06 19:35:00,21,0.0,2018-01-06 05:00:00,sabado,0,Seca,Seca y limpia,Ondulado,Media ladera Izquierda,Recta,Transito normal con precaución,0,0,0,0,1.0,Choque,maniobras imprudentes,5008_2_21,20.0,4.0
Cundinamarca,2018-02-06 19:37:00,39,900.0,2018-01-06 05:00:00,sabado,30,Lluvia,Humeda,Ondulado,Media Ladera Derecha,Recta,Transito normal con precaución,0,0,0,0,1.0,Choque,desobediencia a normas y senales,5008_2_39,13.0,11.0
Cundinamarca,2018-02-06 19:38:00,43,800.0,2018-01-09 05:00:00,martes,15,Lluvia,Humeda,Ondulado,Media Ladera Derecha,Recta,Transito normal con precaución,0,0,0,0,1.0,Choque,desobediencia a normas y senales,5008_2_43,15.0,9.0
Cundinamarca,2018-02-06 19:46:00,50,500.0,2018-01-09 05:00:00,martes,0,Seca,Seca y limpia,Ondulado,Terraplen,Recta,Transito normal con precaución,0,0,0,0,1.0,Choque,no mantener distancia de seguridad,5008_2_50,16.0,8.0
Cundinamarca,2018-02-06 19:51:00,59,350.0,2018-01-09 05:00:00,martes,10,Normal,Seca y limpia,Ondulado,Media ladera Izquierda,Curva Derecha,Transito normal con precaución,0,0,0,0,1.0,Choque,no mantener distancia de seguridad,5008_2_59,7.0,17.0
Cundinamarca,2018-02-06 19:53:00,54,200.0,2018-01-09 05:00:00,martes,0,Lluvia,Humeda,Ondulado,Media ladera Izquierda,Recta,Transito normal con precaución,0,0,0,0,1.0,Choque,desobediencia a normas y senales,5008_2_54,19.0,5.0
Cundinamarca,2018-02-06 19:55:00,55,550.0,2018-01-11 05:00:00,jueves,20,Normal,Seca y limpia,Ondulado,Media ladera Izquierda,Curva Derecha,Transito normal con precaución,0,0,0,0,1.0,Choque,no mantener distancia de seguridad,5008_2_55,18.0,6.0
Cundinamarca,2018-02-06 19:58:00,50,300.0,2018-01-12 05:00:00,viernes,50,Normal,Seca y limpia,Ondulado,Terraplen,Recta,Transito normal con precaución,0,0,0,0,1.0,Choque,maniobras imprudentes,5008_2_50,16.0,8.0
Cundinamarca,2018-02-06 20:01:00,59,300.0,2018-01-12 05:00:00,viernes,0,Normal,Seca y limpia,Ondulado,Media Ladera Derecha,Curva Derecha,Parcial con reducción de carriles,0,50,0,1,1.0,Atropello,maniobras imprudentes,5008_2_59,14.0,10.0
Cundinamarca,2018-02-06 20:03:00,63,800.0,2018-01-14 05:00:00,domingo,30,Normal,Seca y limpia,Ondulado,Media ladera Izquierda,Recta,Transito normal con precaución,0,0,0,0,1.0,Choque,no mantener distancia de seguridad,5008_2_63,4.0,20.0
Cundinamarca,2018-02-06 20:08:00,52,250.0,2018-01-14 05:00:00,domingo,45,Lluvia,Humeda,Ondulado,Media ladera Izquierda,Recta,Transito normal con precaución,0,0,0,0,1.0,Choque,desobediencia a normas y senales,5008_2_52,11.0,13.0
Cundinamarca,2018-02-06 20:09:00,35,0.0,2018-01-14 05:00:00,domingo,0,Lluvia,Humeda,Ondulado,Media Ladera Derecha,Curva Izquierda,Transito normal con precaución,0,0,0,0,1.0,Choque,desobediencia a normas y senales,5008_2_35,4.0,20.0
Cundinamarca,2018-02-06 20:11:00,12,250.0,2018-01-15 05:00:00,lunes,45,Normal,Seca y limpia,Ondulado,Media ladera Izquierda,Curva Derecha,Parcial con reducción de carriles,2,0,0,2,1.0,Atropello,maniobras imprudentes,5008_2_12,1.0,1.0
Cundinamarca,2018-02-06 20:13:00,50,100.0,2018-01-16 05:00:00,martes,0,Normal,Seca y limpia,Ondulado,Media ladera Izquierda,Recta,Transito normal con precaución,0,0,0,0,1.0,Choque,no mantener distancia de seguridad,5008_2_50,11.0,13.0
Cundinamarca,2018-02-06 20:23:00,36,700.0,2018-01-19 05:00:00,viernes,0,Normal,Seca y limpia,Ondulado,Media ladera Izquierda,Curva Izquierda,Transito normal con precaución,0,0,0,0,1.0,Choque,adelantamientos indebidos,5008_2_36,18.0,6.0
Cundinamarca,2018-02-06 20:25:00,59,800.0,2018-01-20 05:00:00,sabado,0,Normal,Seca y limpia,Ondulado,Media Ladera Derecha,Recta,Transito normal con precaución,0,0,0,0,1.0,Choque,no mantener distancia de seguridad,5008_2_59,5.0,19.0
Cundinamarca,2018-02-06 20:28:00,59,300.0,2018-01-22 05:00:00,lunes,10,Normal,Seca y limpia,Ondulado,Media Ladera Derecha,Curva Derecha,Transito normal con precaución,0,0,0,0,1.0,Choque,maniobras imprudentes,5008_2_59,19.0,5.0
Tolima,2017-11-22 15:12:00,9,200.0,2017-11-02 05:00:00,jueves,0,Normal,Seca y limpia,Escarpado,Media ladera Izquierda,Curva Izquierda,Parcial con paso alternado,0,0,0,0,1.0,Choque,no determinada,5007_2_9,3.0,21.0
Cundinamarca,2018-02-06 20:33:00,26,200.0,2018-01-25 05:00:00,jueves,45,Normal,Seca y limpia,Ondulado,Media Ladera Derecha,Curva Izquierda,Transito normal con precaución,0,0,0,0,1.0,Choque,maniobras imprudentes,5008_2_26,12.0,12.0
Cundinamarca,2018-03-06 16:43:00,39,400.0,2018-02-02 05:00:00,viernes,30,Lluvia,Humeda,Ondulado,Media Ladera Derecha,Curva Izquierda,Transito normal con precaución,0,0,0,0,1.0,Choque,no mantener distancia de seguridad,5008_2_39,18.0,6.0
Cundinamarca,2018-03-06 16:44:00,36,100.0,2018-02-10 05:00:00,sabado,0,Lluvia,Humeda,Ondulado,Media Ladera Derecha,Curva Derecha,Parcial con reducción de carriles,0,20,1,0,1.0,Choque,maniobras imprudentes,5008_2_36,5.0,19.0
Cundinamarca,2018-03-06 16:46:00,52,300.0,2018-02-15 05:00:00,jueves,0,Normal,Seca y limpia,Ondulado,Media ladera Izquierda,Recta,Transito normal con precaución,0,0,0,0,1.0,Choque,no mantener distancia de seguridad,5008_2_52,1.0,23.0
Tolima,2017-05-05 21:34:00,22,670.0,2017-04-08 05:00:00,sabado,20,Normal,Seca y limpia,Montañoso,Media ladera Izquierda,Curva Derecha,Transito normal con precaución,0,0,0,0,1.0,Choque,imprudencia del conductor,5007_2_22,6.0,18.0
Cundinamarca,2018-03-06 16:49:00,12,500.0,2018-02-18 05:00:00,domingo,30,Seca,Seca y limpia,Ondulado,Media ladera Izquierda,Curva Derecha,Transito normal con precaución,0,0,0,0,1.0,Choque,maniobras imprudentes,5008_2_12,5.0,19.0
Cundinamarca,2018-03-06 16:50:00,50,0.0,2018-02-23 05:00:00,viernes,30,Normal,Seca y limpia,Ondulado,Media ladera Izquierda,Recta,Transito normal con precaución,0,0,0,0,1.0,Choque,maniobras imprudentes,5008_2_50,7.0,17.0
Cundinamarca,2018-03-06 16:52:00,35,400.0,2018-02-23 05:00:00,viernes,30,Lluvia,Humeda,Ondulado,Media ladera Izquierda,Curva Izquierda,Transito normal con precaución,0,0,0,0,1.0,Choque,maniobras imprudentes,5008_2_35,10.0,14.0
Cundinamarca,2018-03-06 16:54:00,61,700.0,2018-02-28 05:00:00,miercoles,30,Lluvia,Humeda,Ondulado,Media ladera Izquierda,Curva Izquierda,Transito normal con precaución,0,0,0,0,1.0,Choque,adelantamientos indebidos,5008_2_61,21.0,3.0
Cundinamarca,2018-03-06 16:55:00,59,600.0,2018-02-28 05:00:00,miercoles,0,Normal,Seca y limpia,Ondulado,Media Ladera Derecha,Recta,Transito normal con precaución,0,0,0,0,1.0,Choque,no mantener distancia de seguridad,5008_2_59,1.0,23.0
Cundinamarca,2018-04-03 21:31:00,51,100.0,2018-03-02 05:00:00,viernes,35,Lluvia,Humeda,Ondulado,Media ladera Izquierda,Curva Izquierda,Transito normal con precaución,0,0,0,0,1.0,Choque,no mantener distancia de seguridad,5008_2_51,9.0,15.0
Cundinamarca,2018-04-03 21:32:00,41,150.0,2018-03-11 05:00:00,domingo,30,Normal,Seca y limpia,Ondulado,Media Ladera Derecha,Recta,Transito normal con precaución,0,0,0,0,1.0,Choque,no mantener distancia de seguridad,5008_2_41,18.0,6.0
Cundinamarca,2018-04-03 21:34:00,62,0.0,2018-03-13 05:00:00,martes,0,Normal,Seca y limpia,Ondulado,Media ladera Izquierda,Recta,Transito normal con precaución,0,0,0,0,1.0,Choque,no mantener distancia de seguridad,5008_2_62,10.0,14.0
Cundinamarca,2018-04-03 21:39:00,55,300.0,2018-03-24 05:00:00,sabado,56,Lluvia,Humeda,Ondulado,Media ladera Izquierda,Recta,Transito normal con precaución,0,0,0,0,1.0,Choque,maniobras imprudentes,5008_2_55,23.0,1.0
Cundinamarca,2018-04-03 21:29:00,11,800.0,2018-03-02 05:00:00,viernes,0,Normal,Seca y limpia,Ondulado,Media ladera Izquierda,Curva Izquierda,Transito normal con precaución,0,0,0,0,1.0,Choque,adelantamientos indebidos,5008_1_11,17.0,7.0
Cundinamarca,2018-04-03 21:36:00,58,100.0,2018-03-19 05:00:00,lunes,20,Lluvia,Humeda,Ondulado,Media ladera Izquierda,Recta,Transito normal con precaución,0,0,0,0,1.0,Choque,no mantener distancia de seguridad,5008_1_58,9.0,15.0
Cundinamarca,2018-04-03 21:37:00,19,400.0,2018-03-19 05:00:00,lunes,0,Normal,Seca y limpia,Ondulado,Media ladera Izquierda,Curva Izquierda,Transito normal con precaución,0,0,0,0,1.0,Choque,maniobras imprudentes,5008_1_19,1.0,23.0
Cundinamarca,2018-04-03 21:41:00,46,200.0,2018-03-24 05:00:00,sabado,10,Lluvia,Humeda,Ondulado,Media Ladera Derecha,Curva Derecha,Transito normal con precaución,0,0,0,0,1.0,Volcamiento,condiciones de la via y factores ambientales,5008_1_46,0.0,0.0
Cundinamarca,2018-04-03 21:42:00,49,200.0,2018-03-25 05:00:00,domingo,50,Normal,Seca y limpia,Ondulado,Media ladera Izquierda,Recta,Transito normal con precaución,0,0,0,0,1.0,Volcamiento,fallas mecanicas y del sistema electrico,5008_1_49,10.0,14.0
Tolima,2017-08-09 20:04:00,9,0.0,2017-06-06 05:00:00,martes,30,Normal,Seca y limpia,Montañoso,Media Ladera Derecha,Curva Izquierda,Parcial con paso alternado,0,0,0,0,1.0,Choque,no mantener distancia de seguridad,5007_2_9,17.0,7.0
Tolima,2017-10-18 21:41:00,9,700.0,2017-09-10 05:00:00,domingo,45,Normal,Seca y limpia,Escarpado,Media ladera Izquierda,Recta,Parcial con paso alternado,0,0,0,0,1.0,Choque,no determinada,5007_2_9,15.0,9.0
Tolima,2017-05-05 20:34:00,24,350.0,2017-04-07 05:00:00,viernes,35,Normal,Seca y limpia,Montañoso,Media ladera Izquierda,Curva Izquierda,Transito normal con precaución,0,0,0,0,1.0,Choque,imprudencia del conductor,5007_2_24,16.0,8.0
Tolima,2017-05-05 21:24:00,24,350.0,2017-04-07 05:00:00,viernes,35,Normal,Seca y limpia,Montañoso,Media ladera Izquierda,Curva Izquierda,Transito normal con precaución,0,0,0,0,1.0,Choque,imprudencia del conductor,5007_2_24,0.0,0.0
Tolima,2017-05-05 21:36:00,15,0.0,2017-04-04 05:00:00,martes,45,Lluvia,Humeda,Montañoso,Media ladera Izquierda,Recta,Transito normal con precaución,0,0,0,0,1.0,Choque,imprudencia del conductor,5007_2_15,15.0,9.0
Tolima,2017-05-05 21:37:00,23,250.0,2017-04-23 05:00:00,domingo,30,Normal,Seca y limpia,Montañoso,Media ladera Izquierda,Curva Derecha,Transito normal con precaución,0,0,0,0,1.0,Choque,imprudencia del conductor,5007_2_23,16.0,8.0
Tolima,2017-05-09 20:41:00,17,350.0,2017-03-15 05:00:00,miercoles,30,Normal,Seca y limpia,Montañoso,Terraplen,Curva Izquierda,Transito normal con precaución,0,0,0,0,1.0,Choque,condiciones de la via y factores ambientales,5007_2_17,20.0,4.0
Tolima,2017-05-09 20:49:00,2,500.0,2017-03-17 05:00:00,viernes,0,Niebla,Humeda,Montañoso,Media ladera Izquierda,Curva Izquierda,Transito normal con precaución,0,0,0,0,1.0,Choque,condiciones de la via y factores ambientales,5007_2_2,0.0,0.0
Tolima,2017-05-09 20:52:00,24,300.0,2017-03-17 05:00:00,viernes,15,Normal,Seca y limpia,Montañoso,Media ladera Izquierda,Curva Izquierda,Transito normal con precaución,0,0,0,0,1.0,Choque,imprudencia del conductor,5007_2_24,5.0,19.0
Tolima,2017-05-09 20:55:00,12,700.0,2017-03-19 05:00:00,domingo,0,Lluvia,Humeda,Montañoso,Media ladera Izquierda,Curva Izquierda,Transito normal con precaución,0,0,0,0,1.0,Choque,imprudencia del conductor,5007_2_12,20.0,4.0
Tolima,2017-05-09 21:02:00,22,750.0,2017-03-23 05:00:00,jueves,40,Normal,Seca y limpia,Montañoso,Media ladera Izquierda,Curva Derecha,Transito normal con precaución,0,0,0,0,1.0,Choque,no mantener distancia de seguridad,5007_2_22,16.0,8.0
Tolima,2017-06-20 22:19:00,8,600.0,2017-05-02 05:00:00,martes,30,Lluvia,Humeda,Montañoso,Media Ladera Derecha,Curva Izquierda,Transito normal con precaución,0,0,0,0,1.0,Choque,imprudencia del conductor,5007_2_8,23.0,1.0
Tolima,2017-06-20 22:38:00,5,800.0,2016-12-21 05:00:00,miercoles,50,Lluvia,Humeda,Montañoso,Media Ladera Derecha,Curva Derecha,Transito normal con precaución,0,0,0,0,1.0,Choque,exceso de velocidad,5007_2_5,16.0,8.0
Tolima,2017-06-20 22:40:00,16,300.0,2016-12-23 05:00:00,viernes,10,Normal,Seca y limpia,Montañoso,Media Ladera Derecha,Curva Derecha,Transito normal con precaución,0,0,0,0,1.0,Choque,imprudencia del conductor,5007_2_16,4.0,20.0
Tolima,2017-06-20 22:41:00,24,250.0,2016-12-26 05:00:00,lunes,15,Normal,Seca y limpia,Montañoso,Media ladera Izquierda,Curva Izquierda,Transito normal con precaución,0,0,0,0,1.0,Choque,imprudencia del conductor,5007_2_24,12.0,12.0
Tolima,2017-06-21 14:35:00,7,430.0,2016-12-30 05:00:00,viernes,45,Lluvia,Humeda,Montañoso,Terraplen,Curva Izquierda,Transito normal con precaución,0,0,0,0,1.0,Choque,imprudencia del conductor,5007_2_7,23.0,1.0
Tolima,2017-06-21 14:37:00,23,220.0,2016-12-27 05:00:00,martes,30,Lluvia,Humeda,Montañoso,Media ladera Izquierda,Curva Izquierda,Transito normal con precaución,0,0,0,0,1.0,Choque,condiciones de la via y factores ambientales,5007_2_23,20.0,4.0
Tolima,2017-06-21 14:43:00,16,300.0,2017-01-02 05:00:00,lunes,30,Lluvia,Humeda,Montañoso,Media Ladera Derecha,Curva Derecha,Transito normal con precaución,0,0,4,0,1.0,Choque,imprudencia del conductor,5007_2_16,11.0,13.0
Tolima,2017-06-21 14:44:00,24,400.0,2017-01-03 05:00:00,martes,0,Lluvia,Humeda,Montañoso,Media ladera Izquierda,Curva Derecha,Transito normal con precaución,0,0,0,0,1.0,Choque,imprudencia del conductor,5007_2_24,12.0,12.0
Tolima,2017-06-21 14:45:00,10,0.0,2017-01-08 05:00:00,domingo,30,Lluvia,Humeda,Montañoso,Media Ladera Derecha,Curva Derecha,Transito normal con precaución,0,0,0,0,1.0,Choque,imprudencia del conductor,5007_2_10,4.0,20.0
Tolima,2017-06-21 14:46:00,13,800.0,2017-01-08 05:00:00,domingo,40,Normal,Seca y limpia,Montañoso,Media ladera Izquierda,Curva Derecha,Transito normal con precaución,0,0,0,0,1.0,Choque,imprudencia del conductor,5007_2_13,6.0,18.0
Tolima,2017-06-21 14:47:00,24,400.0,2017-01-08 05:00:00,domingo,20,Normal,Seca y limpia,Montañoso,Media ladera Izquierda,Curva Derecha,Transito normal con precaución,0,0,0,0,1.0,Choque,imprudencia del conductor,5007_2_24,20.0,4.0
Tolima,2017-06-21 14:48:00,24,300.0,2017-01-15 05:00:00,domingo,30,Normal,Seca y limpia,Montañoso,Media ladera Izquierda,Curva Derecha,Transito normal con precaución,0,0,0,0,1.0,Choque,imprudencia del conductor,5007_2_24,14.0,10.0
Tolima,2017-06-21 14:49:00,11,600.0,2017-01-25 05:00:00,miercoles,30,Normal,Seca y limpia,Montañoso,Media Ladera Derecha,Curva Izquierda,Transito normal con precaución,0,0,0,0,1.0,Choque,imprudencia del conductor,5007_2_11,10.0,14.0
Tolima,2017-06-21 14:49:00,24,250.0,2017-01-30 05:00:00,lunes,0,Normal,Seca y limpia,Montañoso,Media ladera Izquierda,Curva Izquierda,Transito normal con precaución,0,0,0,0,1.0,Choque,imprudencia del conductor,5007_2_24,6.0,18.0
Tolima,2017-06-21 14:50:00,5,400.0,2017-01-30 05:00:00,lunes,40,Normal,Seca y limpia,Montañoso,Media Ladera Derecha,Curva Derecha,Transito normal con precaución,0,0,0,0,1.0,Choque,imprudencia del conductor,5007_2_5,13.0,11.0
Tolima,2017-06-21 15:35:00,10,0.0,2017-02-07 05:00:00,martes,30,Normal,Seca y limpia,Montañoso,Media Ladera Derecha,Curva Izquierda,Transito normal con precaución,0,0,0,0,1.0,Caída de carga,condiciones de la via y factores ambientales,5007_2_10,12.0,12.0
Tolima,2017-08-09 19:57:00,10,850.0,2017-06-17 05:00:00,sabado,20,Normal,Seca y limpia,Montañoso,Media ladera Izquierda,Curva Derecha,Parcial con paso alternado,0,0,0,0,1.0,Choque,condiciones de la via y factores ambientales,5007_2_10,12.0,12.0
Tolima,2017-08-09 20:01:00,10,900.0,2017-06-06 05:00:00,martes,30,Normal,Seca y limpia,Escarpado,Media ladera Izquierda,Curva Derecha,Parcial con paso alternado,0,0,0,0,1.0,Choque,no mantener distancia de seguridad,5007_2_10,20.0,4.0
Tolima,2017-08-09 15:52:00,41,440.0,2017-06-01 05:00:00,jueves,10,Normal,Seca y limpia,Montañoso,Media ladera Izquierda,Curva Izquierda,Parcial con paso alternado,0,0,0,0,1.0,Choque,imprudencia del conductor,5007_2_41,15.0,9.0
Tolima,2017-08-09 16:00:00,12,950.0,2017-06-09 05:00:00,viernes,50,Normal,Seca y limpia,Montañoso,Media ladera Izquierda,Recta,Parcial con paso alternado,0,0,0,0,1.0,Choque,condiciones de la via y factores ambientales,5007_2_12,8.0,16.0
Tolima,2017-08-22 21:56:00,11,300.0,2017-07-08 05:00:00,sabado,15,Normal,Seca y limpia,Escarpado,Media Ladera Derecha,Curva Derecha,Parcial con paso alternado,0,0,0,0,1.0,Choque,adelantamientos indebidos,5007_2_11,5.0,19.0
Tolima,2017-08-22 21:58:00,20,200.0,2017-07-04 05:00:00,martes,30,Normal,Seca y limpia,Escarpado,Media Ladera Derecha,Curva Izquierda,Parcial con paso alternado,0,0,0,0,1.0,Choque,no mantener distancia de seguridad,5007_2_20,16.0,8.0
Tolima,2017-08-22 22:01:00,23,800.0,2017-07-11 05:00:00,martes,30,Normal,Seca y limpia,Escarpado,Media ladera Izquierda,Curva Derecha,Parcial con paso alternado,0,0,2,0,1.0,Volcamiento,fallas mecanicas y del sistema electrico,5007_2_23,9.0,15.0
Tolima,2017-10-05 21:54:00,14,800.0,2017-08-10 05:00:00,jueves,30,Normal,Seca y limpia,Escarpado,Media ladera Izquierda,Recta,Parcial con paso alternado,0,0,0,0,1.0,Choque,no mantener distancia de seguridad,5007_2_14,11.0,13.0
Tolima,2017-10-05 21:57:00,24,450.0,2017-08-12 05:00:00,sabado,30,Normal,Seca y limpia,Escarpado,Media ladera Izquierda,Curva Izquierda,Parcial con paso alternado,0,0,0,0,1.0,Choque,no mantener distancia de seguridad,5007_2_24,10.0,14.0
Tolima,2017-10-18 21:39:00,35,350.0,2017-09-16 05:00:00,sabado,30,Normal,Seca y limpia,Escarpado,Media ladera Izquierda,Curva Izquierda,Parcial con paso alternado,0,0,0,0,1.0,Choque,condiciones de la via y factores ambientales,5007_2_35,15.0,9.0
Tolima,2017-10-18 21:42:00,6,600.0,2017-09-10 05:00:00,domingo,40,Normal,Seca y limpia,Escarpado,Media ladera Izquierda,Curva Izquierda,Parcial con paso alternado,0,0,0,0,1.0,Choque,no determinada,5007_2_6,12.0,12.0
Tolima,2017-10-18 21:44:00,13,650.0,2017-09-08 05:00:00,viernes,0,Normal,Seca y limpia,Escarpado,Media ladera Izquierda,Curva Derecha,Parcial con paso alternado,0,0,0,0,1.0,Choque,no determinada,5007_2_13,16.0,8.0
Tolima,2017-10-18 21:46:00,6,100.0,2017-09-05 05:00:00,martes,40,Normal,Seca y limpia,Escarpado,Media ladera Izquierda,Curva Derecha,Parcial con paso alternado,0,0,0,0,1.0,Choque,no determinada,5007_2_6,10.0,14.0
Tolima,2017-10-18 21:48:00,24,240.0,2017-09-02 05:00:00,sabado,10,Normal,Seca y limpia,Escarpado,Media ladera Izquierda,Curva Izquierda,Parcial con paso alternado,0,0,0,0,1.0,Choque,no determinada,5007_2_24,20.0,4.0
Tolima,2017-11-22 15:07:00,23,250.0,2017-10-02 05:00:00,lunes,30,Lluvia,Humeda,Escarpado,Media ladera Izquierda,Curva Izquierda,Parcial con paso alternado,0,0,0,0,1.0,Choque,no determinada,5007_2_23,22.0,2.0
Tolima,2017-11-22 15:09:00,16,800.0,2017-10-01 05:00:00,domingo,30,Lluvia,Humeda,Escarpado,Media ladera Izquierda,Curva Izquierda,Parcial con paso alternado,0,0,0,0,1.0,Choque,embriaguez o sustancias alucinogenas,5007_2_16,15.0,9.0
Tolima,2017-11-22 15:14:00,24,450.0,2017-10-07 05:00:00,sabado,20,Normal,Seca y limpia,Escarpado,Media ladera Izquierda,Curva Izquierda,Parcial con paso alternado,0,0,0,0,1.0,Choque,no determinada,5007_2_24,4.0,20.0
Tolima,2017-11-22 15:17:00,21,450.0,2017-10-07 05:00:00,sabado,20,Normal,Seca y limpia,Escarpado,Media ladera Izquierda,Curva Izquierda,Parcial con paso alternado,0,0,0,0,1.0,Choque,no determinada,5007_2_21,7.0,17.0
Tolima,2017-11-22 15:20:00,24,350.0,2017-10-13 05:00:00,viernes,30,Normal,Seca y limpia,Escarpado,Media ladera Izquierda,Curva Derecha,Parcial con paso alternado,0,0,0,0,1.0,Choque,no determinada,5007_2_24,7.0,17.0
Tolima,2017-11-22 15:22:00,24,350.0,2017-11-15 05:00:00,miercoles,30,Normal,Seca y limpia,Escarpado,Media ladera Izquierda,Curva Izquierda,Parcial con paso alternado,0,0,0,0,1.0,Choque,no determinada,5007_2_24,18.0,6.0
Tolima,2017-11-22 15:24:00,24,350.0,2017-10-26 05:00:00,jueves,50,Normal,Seca y limpia,Escarpado,Media ladera Izquierda,Curva Derecha,Parcial con paso alternado,0,0,0,0,1.0,Choque,no determinada,5007_2_24,6.0,18.0
Tolima,2018-01-09 21:35:00,12,815.0,2018-01-04 05:00:00,jueves,0,Normal,Seca y limpia,Escarpado,Media Ladera Derecha,Curva Derecha,Cierre total,3,30,4,0,1.0,Volcamiento,no determinada,5007_2_12,11.0,16.0
Tolima,2018-01-11 20:47:00,24,700.0,2017-11-17 05:00:00,viernes,0,Normal,Seca y limpia,Escarpado,Media ladera Izquierda,Curva Derecha,Parcial con paso alternado,0,0,0,0,1.0,Choque,no determinada,5007_2_24,6.0,18.0
Tolima,2018-01-11 20:49:00,24,238.0,2017-11-18 05:00:00,sabado,30,Normal,Seca y limpia,Escarpado,Media ladera Izquierda,Curva Izquierda,Parcial con paso alternado,0,0,0,0,1.0,Choque,no mantener distancia de seguridad,5007_2_24,7.0,17.0
Tolima,2018-01-11 20:54:00,24,400.0,2017-11-23 05:00:00,jueves,15,Normal,Seca y limpia,Escarpado,Media Ladera Derecha,Curva Derecha,Parcial con paso alternado,0,0,0,0,1.0,Choque,no determinada,5007_2_24,6.0,18.0
Tolima,2018-01-11 20:58:00,24,450.0,2017-11-24 05:00:00,viernes,0,Normal,Seca y limpia,Escarpado,Media ladera Izquierda,Curva Izquierda,Parcial con paso alternado,0,0,0,0,1.0,Volcamiento,no determinada,5007_2_24,0.0,0.0
Tolima,2018-01-11 21:01:00,2,700.0,2017-11-29 05:00:00,miercoles,0,Normal,Seca y limpia,Escarpado,Media ladera Izquierda,Curva Derecha,Parcial con paso alternado,0,0,1,0,1.0,Choque,no mantener distancia de seguridad,5007_2_2,11.0,13.0
Tolima,2018-02-13 17:00:00,16,150.0,2017-12-23 05:00:00,sabado,30,Normal,Seca y limpia,Escarpado,Media Ladera Derecha,Curva Izquierda,Parcial con paso alternado,0,0,0,0,1.0,Choque,no determinada,5007_2_16,15.0,9.0
Tolima,2018-02-13 17:02:00,16,500.0,2017-12-26 05:00:00,martes,50,Normal,Seca y limpia,Escarpado,Media Ladera Derecha,Curva Izquierda,Parcial con paso alternado,0,0,0,0,1.0,Choque,condiciones de la via y factores ambientales,5007_2_16,20.0,4.0
Tolima,2018-02-16 23:52:00,12,875.0,2018-01-04 05:00:00,jueves,30,Normal,Seca y limpia,Escarpado,Media Ladera Derecha,Curva Derecha,Parcial con paso alternado,0,0,4,0,1.0,Volcamiento,no determinada,5007_2_12,18.0,6.0