territorial,fecha_registro,pr,distancia_pr,fecha_acc,dia_semana_acc,min_acc,condic_meteor,estado_super,terreno,secc_tip,geometria_acc,tipo_cierre,horas_cierre,min_cierre,n_heridos,n_muertos,n_victimas,clase_accidente,causa_posible,ref_loc,hora_acc,duracion_cierre_horas
Caldas,2018-01-10 15:45:00,19,850.0,2017-12-29 05:00:00,viernes,20,Lluvia,Humeda,Montañoso,Media ladera Izquierda,Curva Izquierda,Transito normal con precaución,15,30,0,0,1.0,Choque,condiciones de la via y factores ambientales,5006_0_19,13.0,2.0
Caldas,2018-02-06 20:57:00,26,340.0,2018-01-01 05:00:00,lunes,0,Normal,Seca y limpia,Montañoso,Terraplen,Recta,Transito normal con precaución,16,20,0,0,1.0,Choque,no determinada,5006_0_26,9.0,7.0
Caldas,2018-02-06 21:18:00,14,950.0,2018-01-03 05:00:00,miercoles,30,Normal,Seca y limpia,Montañoso,Media ladera Izquierda,Curva Izquierda,Transito normal con precaución,6,50,0,0,1.0,Choque,maniobras imprudentes,5006_0_14,5.0,1.0
Caldas,2018-02-06 21:24:00,11,950.0,2018-01-04 05:00:00,jueves,30,Normal,Seca y limpia,Montañoso,Media ladera Izquierda,Curva Izquierda,Transito normal con precaución,15,0,3,0,1.0,Choque,no determinada,5006_0_11,11.0,4.0
Caldas,2018-02-06 21:29:00,8,600.0,2018-01-07 05:00:00,domingo,50,Lluvia,Humeda,Montañoso,Media ladera Izquierda,Curva Izquierda,Transito normal con precaución,16,0,0,0,1.0,Choque,condiciones de la via y factores ambientales,5006_0_8,17.0,23.0
Caldas,2018-02-06 22:08:00,4,950.0,2018-01-12 05:00:00,viernes,20,Normal,Seca y limpia,Montañoso,Media Ladera Derecha,Recta,Transito normal con precaución,16,40,1,0,1.0,Choque,adelantamientos indebidos,5006_0_4,13.0,3.0
Caldas,2018-02-07 15:42:00,2,400.0,2018-01-24 05:00:00,miercoles,30,Normal,Seca y limpia,Montañoso,Media Ladera Derecha,Recta,Transito normal con precaución,17,0,0,0,1.0,Choque,maniobras imprudentes,5006_0_2,20.0,21.0
Caldas,2018-03-08 20:52:00,8,650.0,2018-03-02 05:00:00,viernes,0,Lluvia,Humeda,Montañoso,Media ladera Izquierda,Curva Izquierda,Transito normal con precaución,2,20,0,0,1.0,Choque,no determinada,5006_0_8,11.0,15.0
Caldas,2018-03-08 21:14:00,8,500.0,2018-03-03 05:00:00,sabado,30,Lluvia,Humeda,Montañoso,Media ladera Izquierda,Curva Izquierda,Transito normal con precaución,17,30,0,0,1.0,Choque,no determinada,5006_0_8,8.0,9.0
Caldas,2018-03-09 13:28:00,14,850.0,2018-02-09 05:00:00,viernes,0,Normal,Seca y limpia,Montañoso,Media ladera Izquierda,Curva Izquierda,Transito normal con precaución,11,10,0,0,1.0,Choque,adelantamientos indebidos,5006_0_14,18.0,17.0
Caldas,2018-03-09 14:52:00,0,410.0,2018-02-13 05:00:00,martes,50,Normal,Seca y limpia,Montañoso,Media ladera Izquierda,Recta,Transito normal con precaución,14,0,0,0,1.0,Choque,no mantener distancia de seguridad,5006_0_0,0.0,14.0
Caldas,2018-03-09 15:15:00,6,730.0,2018-02-13 05:00:00,martes,11,Normal,Seca y limpia,Montañoso,Media ladera Izquierda,Recta,Transito normal con precaución,4,30,0,0,1.0,Incendio,no determinada,5006_0_6,13.0,15.0
Caldas,2018-03-09 15:23:00,18,0.0,2018-02-15 05:00:00,jueves,20,Lluvia,Humeda,Montañoso,Media ladera Izquierda,Curva Izquierda,Transito normal con precaución,14,50,0,0,1.0,Choque,condiciones de la via y factores ambientales,5006_0_18,14.0,0.0
Caldas,2018-03-09 15:29:00,22,600.0,2018-02-15 05:00:00,jueves,20,Normal,Seca y limpia,Montañoso,Media ladera Izquierda,Recta,Transito normal con precaución,23,50,0,0,1.0,Choque,fallas mecanicas y del sistema electrico,5006_0_22,16.0,7.0
Caldas,2018-03-09 15:41:00,0,50.0,2018-02-20 05:00:00,martes,10,Normal,Seca y limpia,Montañoso,Media ladera Izquierda,Recta,Transito normal con precaución,7,20,0,0,1.0,Choque,no determinada,5006_0_0,7.0,0.0
Caldas,2018-03-09 15:49:00,2,230.0,2018-02-23 05:00:00,viernes,0,Normal,Seca y limpia,Montañoso,Media Ladera Derecha,Recta,Transito normal con precaución,6,10,0,0,1.0,Choque,maniobras imprudentes,5006_0_2,15.0,15.0
Caldas,2018-03-09 15:53:00,0,300.0,2018-02-26 05:00:00,lunes,0,Normal,Seca y limpia,Montañoso,Media ladera Izquierda,Recta,Transito normal con precaución,15,10,0,0,1.0,Choque,adelantamientos indebidos,5006_0_0,7.0,8.0
Caldas,2018-04-17 21:19:00,3,800.0,2018-03-02 05:00:00,viernes,30,Viento,Seca y limpia,Montañoso,Media Ladera Derecha,Curva Izquierda,Transito normal con precaución,17,50,0,0,1.0,Choque,no determinada,5006_0_3,6.0,11.0
Caldas,2018-04-17 22:23:00,0,900.0,2018-03-13 05:00:00,martes,20,Normal,Seca y limpia,Montañoso,Media ladera Izquierda,Recta,Transito normal con precaución,14,30,0,0,1.0,Choque,adelantamientos indebidos,5006_0_0,23.0,15.0
Caldas,2018-04-17 22:32:00,19,850.0,2018-03-17 05:00:00,sabado,20,Normal,Seca y limpia,Montañoso,Media ladera Izquierda,Curva Izquierda,Transito normal con precaución,19,10,0,0,1.0,Choque,adelantamientos indebidos,5006_0_19,18.0,1.0
Caldas,2018-04-17 22:38:00,14,950.0,2018-03-23 05:00:00,viernes,20,Viento,Seca y limpia,Montañoso,Media ladera Izquierda,Curva Derecha,Transito normal con precaución,6,50,0,0,1.0,Choque,no determinada,5006_0_14,15.0,15.0
Caldas,2018-04-17 22:44:00,11,900.0,2018-03-23 05:00:00,viernes,10,Lluvia,Seca y limpia,Montañoso,Media ladera Izquierda,Curva Izquierda,Transito normal con precaución,13,30,1,0,1.0,Choque,no determinada,5006_0_11,22.0,15.0
Caldas,2018-04-17 22:48:00,10,950.0,2018-03-25 05:00:00,domingo,50,Lluvia,Humeda,Montañoso,Media ladera Izquierda,Curva Izquierda,Transito normal con precaución,18,30,4,0,1.0,Choque,no determinada,5006_0_10,21.0,21.0
Caldas,2018-04-18 13:15:00,0,500.0,2018-03-27 05:00:00,martes,10,Normal,Seca y limpia,Montañoso,Media ladera Izquierda,Curva Derecha,Transito normal con precaución,15,35,1,0,1.0,Choque,adelantamientos indebidos,5006_0_0,4.0,11.0
Caldas,2018-04-18 13:27:00,19,0.0,2018-03-27 05:00:00,martes,15,Viento,Seca y limpia,Ondulado,Media ladera Izquierda,Curva Izquierda,Transito normal con precaución,16,30,0,0,1.0,Choque,no determinada,5006_0_19,6.0,10.0
Caldas,2018-04-18 13:36:00,14,950.0,2018-03-28 05:00:00,miercoles,50,Normal,Seca y limpia,Montañoso,Media ladera Izquierda,Curva Izquierda,Transito normal con precaución,17,40,0,0,1.0,Choque,no determinada,5006_0_14,4.0,13.0
Caldas,2018-04-18 13:38:00,17,930.0,2018-03-29 05:00:00,jueves,45,Normal,Seca y limpia,Montañoso,Media ladera Izquierda,Curva Izquierda,Transito normal con precaución,15,30,0,0,1.0,Choque,no determinada,5006_0_17,22.0,17.0
Caldas,2018-04-18 13:39:00,14,550.0,2018-03-30 05:00:00,viernes,15,Lluvia,Humeda,Montañoso,Media ladera Izquierda,Curva Izquierda,Transito normal con precaución,12,25,0,0,1.0,Choque,no determinada,5006_0_14,7.0,5.0
Caldas,2017-05-05 20:11:00,51,250.0,2017-04-02 05:00:00,domingo,15,Normal,Seca y limpia,Montañoso,Media Ladera Derecha,Curva Derecha,Transito normal con precaución,0,0,0,0,1.0,Choque,fallas mecanicas y del sistema electrico,5006_0_51,15.0,9.0
Caldas,2018-03-08 20:49:00,28,250.0,2018-03-01 05:00:00,jueves,20,Normal,Seca y limpia,Montañoso,Media ladera Izquierda,Curva Izquierda,Transito normal con precaución,19,29,0,0,1.0,Choque,no mantener distancia de seguridad,5005_2_28,6.0,13.0
Caldas,2018-03-09 14:50:00,33,800.0,2018-02-12 05:00:00,lunes,30,Normal,Seca y limpia,Montañoso,Media Ladera Derecha,Recta,Transito normal con precaución,10,0,0,0,1.0,Choque,desobediencia a normas y senales,5005_2_33,10.0,0.0
Caldas,2018-03-09 15:32:00,33,820.0,2018-02-17 05:00:00,sabado,30,Normal,Seca y limpia,Montañoso,Media ladera Izquierda,Curva Izquierda,Transito normal con precaución,12,10,0,0,1.0,Choque,desobediencia a normas y senales,5005_2_33,15.0,21.0
Caldas,2018-04-17 21:23:00,27,500.0,2018-03-07 05:00:00,miercoles,50,Normal,Seca y limpia,Montañoso,Media ladera Izquierda,Recta,Transito normal con precaución,7,0,0,0,1.0,Choque,no mantener distancia de seguridad,5005_2_27,12.0,19.0
Caldas,2018-03-08 20:55:00,32,550.0,2018-03-02 05:00:00,viernes,35,Normal,Seca y limpia,Montañoso,Media Ladera Derecha,Curva Izquierda,Transito normal con precaución,14,5,1,0,1.0,Choque,maniobras imprudentes,5005_1_32,7.0,7.0
Caldas,2018-03-08 21:33:00,27,800.0,2018-03-05 05:00:00,lunes,0,Normal,Seca y limpia,Montañoso,Media ladera Izquierda,Recta,Transito normal con precaución,15,30,0,0,1.0,Choque,no determinada,5005_1_27,17.0,22.0
Caldas,2018-03-09 13:39:00,28,270.0,2018-02-12 05:00:00,lunes,40,Normal,Seca y limpia,Montañoso,Media ladera Izquierda,Curva Izquierda,Transito normal con precaución,16,0,0,0,1.0,Choque,no mantener distancia de seguridad,5005_1_28,6.0,10.0
Caldas,2018-03-09 15:56:00,28,280.0,2018-02-26 05:00:00,lunes,30,Normal,Seca y limpia,Montañoso,Media ladera Izquierda,Curva Izquierda,Transito normal con precaución,17,40,0,0,1.0,Choque,no determinada,5005_1_28,0.0,17.0
Caldas,2018-04-17 22:16:00,33,500.0,2018-03-10 05:00:00,sabado,15,Viento,Seca y limpia,Montañoso,Media Ladera Derecha,Recta,Transito normal con precaución,16,15,2,0,1.0,Choque,no mantener distancia de seguridad,5005_1_33,17.0,23.0
Caldas,2018-04-17 22:18:00,28,200.0,2018-03-11 05:00:00,domingo,0,Normal,Seca y limpia,Montañoso,Media Ladera Derecha,Recta,Transito normal con precaución,19,5,0,0,1.0,Choque,no mantener distancia de seguridad,5005_1_28,6.0,13.0
Risaralda,2017-05-31 15:27:00,50,620.0,2017-03-15 05:00:00,miercoles,30,Lluvia,Humeda,Montañoso,Media ladera Izquierda,Curva Derecha,Transito normal con precaución,0,0,3,0,1.0,Choque,desobediencia a normas y senales,5003_0_50,10.0,14.0
Risaralda,2017-05-31 21:48:00,78,380.0,2017-03-26 05:00:00,domingo,20,Lluvia,Humeda,Plano,Terraplen,Recta,Transito normal con precaución,0,0,0,0,1.0,Choque,desobediencia a normas y senales,5003_0_78,14.0,10.0
Risaralda,2017-06-03 15:05:00,56,930.0,2017-04-04 05:00:00,martes,0,Normal,Seca y limpia,Montañoso,Media Ladera Derecha,Recta,Transito normal con precaución,0,0,1,0,1.0,Caída ocupante,imprudencia del conductor,5003_0_56,15.0,9.0
Risaralda,2017-07-17 20:53:00,57,220.0,2017-04-25 05:00:00,martes,10,Normal,Seca y limpia,Montañoso,Media Ladera Derecha,Curva Izquierda,Transito normal con precaución,0,0,1,0,1.0,Volcamiento,fallas mecanicas y del sistema electrico,5003_0_57,5.0,19.0
Risaralda,2017-07-22 16:20:00,52,0.0,2017-05-05 05:00:00,viernes,0,Lluvia,Humeda,Montañoso,Media ladera Izquierda,Curva Izquierda,Transito normal con precaución,0,0,0,0,1.0,Choque,adelantamientos indebidos,5003_0_52,22.0,2.0
Risaralda,2017-08-26 16:48:00,28,800.0,2017-06-14 05:00:00,miercoles,0,Normal,Seca y limpia,Ondulado,Terraplen,Curva Izquierda,Transito normal con precaución,0,0,0,0,1.0,Choque,fallas mecanicas y del sistema electrico,5003_0_28,22.0,2.0
Risaralda,2017-10-04 18:35:00,49,510.0,2017-07-27 05:00:00,jueves,0,Normal,Seca y limpia,Montañoso,Media ladera Izquierda,Curva Derecha,Transito normal con precaución,0,0,0,1,1.0,Choque,maniobras imprudentes,5003_0_49,11.0,13.0
Risaralda,2017-10-04 18:53:00,57,240.0,2017-07-28 05:00:00,viernes,15,Lluvia,Humeda,Ondulado,Media Ladera Derecha,Curva Izquierda,Transito normal con precaución,0,0,1,0,1.0,Choque,condiciones de la via y factores ambientales,5003_0_57,12.0,12.0
Risaralda,2017-10-09 14:56:00,1,0.0,2017-08-11 05:00:00,viernes,50,Lluvia,Humeda,Plano,Terraplen,Recta,Transito normal con precaución,0,0,0,0,1.0,Choque,desobediencia a normas y senales,5003_0_1,18.0,6.0
Risaralda,2017-10-17 20:56:00,53,0.0,2017-09-14 05:00:00,jueves,50,Normal,Seca y limpia,Montañoso,Media ladera Izquierda,Curva Izquierda,Transito normal con precaución,0,0,0,0,1.0,Choque,condiciones de la via y factores ambientales,5003_0_53,4.0,20.0
Risaralda,2017-11-15 21:06:00,52,10.0,2017-10-04 05:00:00,miercoles,40,Lluvia,Humeda,Montañoso,Media ladera Izquierda,Curva Derecha,Transito normal con precaución,0,0,1,0,1.0,Choque,desobediencia a normas y senales,5003_0_52,13.0,11.0
Risaralda,2017-11-17 15:10:00,77,600.0,2017-10-10 05:00:00,martes,15,Normal,Seca y limpia,Plano,Terraplen,Curva Derecha,Transito normal con precaución,0,0,1,0,1.0,Choque,no determinada,5003_0_77,2.0,22.0
Risaralda,2017-11-20 20:42:00,54,200.0,2017-10-22 05:00:00,domingo,0,Lluvia,Humeda,Montañoso,Media ladera Izquierda,Recta,Transito normal con precaución,0,0,1,0,1.0,Choque,condiciones de la via y factores ambientales,5003_0_54,9.0,15.0
Risaralda,2017-11-20 20:45:00,52,60.0,2017-10-24 05:00:00,martes,15,Normal,Seca y limpia,Montañoso,Media ladera Izquierda,Curva Derecha,Transito normal con precaución,0,0,0,0,1.0,Choque,desobediencia a normas y senales,5003_0_52,21.0,3.0
Risaralda,2017-12-22 15:44:00,28,510.0,2017-11-25 05:00:00,sabado,0,Lluvia,Humeda,Ondulado,Media ladera Izquierda,Recta,Transito normal con precaución,0,0,0,0,1.0,Choque,condiciones de la via y factores ambientales,5003_0_28,6.0,18.0
Risaralda,2017-12-27 21:07:00,70,510.0,2017-11-18 05:00:00,sabado,23,Lluvia,Humeda,Ondulado,Media ladera Izquierda,Curva Derecha,Transito normal con precaución,0,0,1,0,1.0,Choque,no determinada,5003_0_70,1.0,23.0
Risaralda,2018-04-03 20:30:00,41,490.0,2018-02-20 05:00:00,martes,20,Lluvia,Humeda,Ondulado,Media ladera Izquierda,Curva Derecha,Transito normal con precaución,0,0,0,0,1.0,Choque,condiciones de la via y factores ambientales,5003_0_41,8.0,16.0
Risaralda,2018-04-03 21:03:00,49,510.0,2018-02-21 05:00:00,miercoles,40,Normal,Seca y limpia,Montañoso,Media ladera Izquierda,Curva Derecha,Transito normal con precaución,0,0,1,0,1.0,Choque,maniobras imprudentes,5003_0_49,16.0,8.0
Chocó,2018-04-06 17:07:00,39,600.0,2018-03-11 05:00:00,domingo,30,Sol,Seca y limpia,Plano,Cajón,Recta,Cierre total,1,0,0,1,1.0,Atropello,imprudencia del conductor,5002_2_39,7.0,18.0
Chocó,2017-09-28 23:39:00,3,800.0,2017-03-08 05:00:00,miercoles,40,Normal,Humeda,Ondulado,Media Ladera Derecha,Recta,Transito normal con precaución,0,0,2,0,1.0,Choque,imprudencia del conductor,5002_1_3,10.0,14.0
Chocó,2017-10-31 16:21:00,20,800.0,2017-08-24 05:00:00,jueves,0,Normal,Humeda,Ondulado,Media ladera Izquierda,Recta,Transito normal con precaución,0,0,2,0,1.0,Volcamiento,defectos fisicos y psiquicos,5002_1_20,4.0,20.0
Chocó,2017-12-27 22:53:00,6,100.0,2017-11-27 05:00:00,lunes,30,Niebla,Seca y limpia,Plano,Terraplen,Recta,Transito normal con precaución,0,0,0,1,1.0,Caída ocupante,embriaguez o sustancias alucinogenas,5002_1_6,10.0,14.0
Chocó,2018-01-04 22:27:00,11,250.0,2017-12-01 05:00:00,viernes,30,Sol,Seca y limpia,Plano,Media ladera Izquierda,Recta,Transito normal con precaución,0,0,0,0,1.0,Choque,exceso de velocidad,5002_1_11,16.0,8.0
Valle del Cauca,2017-06-01 01:54:00,9,200.0,2017-03-04 05:00:00,sabado,55,Normal,Seca y limpia,Plano,Terraplen,Recta,Transito normal con precaución,0,0,1,0,1.0,Choque,no mantener distancia de seguridad,4803_2_9,12.0,12.0
Valle del Cauca,2017-06-01 01:57:00,8,800.0,2017-03-16 05:00:00,jueves,0,Normal,Seca y limpia,Plano,Terraplen,Recta,Transito normal con precaución,0,0,0,0,1.0,Choque,no mantener distancia de seguridad,4803_2_8,17.0,7.0
Valle del Cauca,2017-07-25 02:03:00,4,0.0,2017-06-09 05:00:00,viernes,30,Seca,Seca y limpia,Plano,Terraplen,Recta,Transito normal con precaución,0,0,1,0,1.0,Choque,fallas mecanicas y del sistema electrico,4803_2_4,23.0,1.0
Valle del Cauca,2017-11-21 02:58:00,5,610.0,2017-10-23 05:00:00,lunes,40,Lluvia,Humeda,Plano,Terraplen,Curva Derecha,Transito normal con precaución,0,0,0,0,1.0,Choque,no determinada,4803_2_5,20.0,4.0
Valle del Cauca,2018-01-19 04:39:00,6,560.0,2017-12-17 05:00:00,domingo,15,Normal,Seca y limpia,Plano,Terraplen,Recta,Transito normal con precaución,0,0,0,0,1.0,Choque,no determinada,4803_2_6,19.0,5.0
Boyacá,2017-12-29 14:54:00,0,400.0,2017-11-09 05:00:00,jueves,0,Normal,Seca y limpia,Plano,Terraplen,Recta,Transito normal con precaución,0,0,0,0,1.0,Choque,imprudencia del conductor,45BY01_2_0,16.0,8.0
Boyacá,2017-12-29 15:06:00,0,320.0,2017-11-23 05:00:00,jueves,24,Normal,Seca y limpia,Plano,Terraplen,Recta,Transito normal con precaución,0,0,0,0,1.0,Atropello,desobediencia a normas y senales,45BY01_2_0,13.0,11.0
Boyacá,2018-04-10 14:13:00,0,400.0,2018-03-12 05:00:00,lunes,12,Normal,Seca y limpia,Plano,Terraplen,Recta,Transito normal con precaución,0,0,0,0,1.0,Choque,maniobras imprudentes,45BY01_2_0,21.0,3.0
Boyacá,2017-11-29 20:58:00,1,930.0,2017-09-05 05:00:00,martes,50,Normal,Seca y limpia,Plano,Terraplen,Curva Derecha,Transito normal con precaución,0,0,0,0,1.0,Choque,no mantener distancia de seguridad,45BY01_1_1,9.0,15.0
Boyacá,2018-01-11 13:04:00,0,720.0,2017-12-18 05:00:00,lunes,20,Normal,Seca y limpia,Plano,Terraplen,Recta,Transito normal con precaución,0,0,0,0,1.0,Choque,no mantener distancia de seguridad,45BY01_1_0,8.0,16.0
Boyacá,2018-02-07 14:27:00,0,730.0,2018-01-22 05:00:00,lunes,10,Normal,Seca y limpia,Plano,Terraplen,Recta,Transito normal con precaución,0,0,0,0,1.0,Choque,desobediencia a normas y senales,45BY01_1_0,11.0,13.0
Cundinamarca,2018-01-26 14:28:00,4,500.0,2017-12-25 05:00:00,lunes,45,Lluvia,Humeda,Plano,Terraplen,Recta,Parcial con reducción de carriles,0,0,0,0,1.0,Choque,desobediencia a normas y senales,45ACND_0_4,9.0,15.0
Cundinamarca,2018-02-27 18:34:00,4,200.0,2018-01-24 05:00:00,miercoles,0,Normal,Seca y limpia,Plano,Terraplen,Recta,Transito normal con precaución,0,0,1,0,1.0,Choque,desobediencia a normas y senales,45ACND_0_4,18.0,6.0
Boyacá,2017-11-14 20:04:00,6,100.0,2017-10-26 05:00:00,jueves,30,Normal,Seca y limpia,Plano,Terraplen,Curva Derecha,Cierre total,5,0,0,2,1.0,Volcamiento,exceso de velocidad,45ABYB_0_6,18.0,11.0
Boyacá,2017-12-18 19:32:00,2,600.0,2017-11-06 05:00:00,lunes,30,Normal,Seca y limpia,Plano,Terraplen,Recta,Transito normal con precaución,0,0,0,0,1.0,Choque,no determinada,45ABYB_0_2,3.0,21.0
Boyacá,2017-12-18 19:57:00,3,30.0,2017-11-14 05:00:00,martes,10,Normal,Seca y limpia,Plano,Terraplen,Recta,Transito normal con precaución,0,0,2,0,1.0,Choque,maniobras imprudentes,45ABYB_0_3,3.0,21.0
Boyacá,2018-01-16 15:02:00,6,200.0,2017-12-07 05:00:00,jueves,30,Normal,Seca y limpia,Plano,Terraplen,Recta,Transito normal con precaución,0,0,0,0,1.0,Volcamiento,adelantamientos indebidos,45ABYB_0_6,14.0,10.0
Boyacá,2018-01-16 15:35:00,1,20.0,2017-12-21 05:00:00,jueves,10,Normal,Seca y limpia,Plano,Terraplen,Recta,Transito normal con precaución,0,0,0,0,1.0,Choque,maniobras imprudentes,45ABYB_0_1,13.0,11.0
Boyacá,2018-03-14 13:54:00,6,100.0,2018-02-07 05:00:00,miercoles,0,Normal,Seca y limpia,Plano,Media Ladera Derecha,Curva Derecha,Transito normal con precaución,0,0,0,0,1.0,Volcamiento,no determinada,45ABYB_0_6,20.0,4.0
Santander,2017-08-09 21:02:00,45,830.0,2017-06-21 05:00:00,miercoles,0,Sol,Seca y limpia,Montañoso,Media Ladera Derecha,Curva Izquierda,Transito normal con precaución,0,0,0,0,1.0,Choque,imprudencia del conductor,5504_1_45,17.0,7.0
Santander,2017-05-24 21:25:00,10,0.0,2017-01-24 05:00:00,martes,15,Niebla,Seca y limpia,Montañoso,Media ladera Izquierda,Curva Izquierda,Transito normal con precaución,0,0,1,0,1.0,Volcamiento,imprudencia del conductor,45A08_2_10,21.0,3.0
Santander,2017-05-24 21:37:00,39,450.0,2017-01-08 05:00:00,domingo,30,Sol,Seca y limpia,Ondulado,Terraplen,Curva Derecha,Parcial con reducción de carriles,0,25,1,0,1.0,Choque,desobediencia a normas y senales,45A08_2_39,22.0,2.0
Santander,2017-05-24 21:42:00,66,513.0,2017-01-09 05:00:00,lunes,0,Niebla,Seca y limpia,Ondulado,Media Ladera Derecha,Curva Derecha,Transito normal con precaución,0,0,0,0,1.0,Choque,maniobras imprudentes,45A08_2_66,18.0,6.0
Santander,2017-05-24 21:49:00,69,100.0,2017-01-09 05:00:00,lunes,20,Niebla,Seca y limpia,Ondulado,Media ladera Izquierda,Curva Izquierda,Parcial con reducción de carriles,0,10,0,0,1.0,Choque,maniobras imprudentes,45A08_2_69,7.0,17.0
Santander,2017-05-24 21:53:00,82,160.0,2017-01-10 05:00:00,martes,30,Sol,Seca y limpia,Ondulado,Media ladera Izquierda,Curva Izquierda,Parcial con reducción de carriles,0,30,1,0,1.0,Choque,fallas mecanicas y del sistema electrico,45A08_2_82,19.0,5.0
Santander,2017-05-24 22:23:00,22,511.0,2017-02-09 05:00:00,jueves,10,Sol,Seca y limpia,Ondulado,Media ladera Izquierda,Curva Derecha,Parcial con reducción de carriles,0,20,1,0,1.0,Atropello,adelantamientos indebidos,45A08_2_22,19.0,5.0
Santander,2017-10-04 20:18:00,28,297.0,2017-08-14 05:00:00,lunes,30,Seca,Seca y limpia,Plano,Terraplen,Recta,Transito normal con precaución,0,0,2,0,1.0,Choque,condiciones de la via y factores ambientales,6207_1_28,7.0,17.0
Santander,2017-10-04 20:23:00,7,0.0,2017-08-06 05:00:00,domingo,20,Seca,Seca y limpia,Plano,Terraplen,Curva Derecha,Transito normal con precaución,0,0,2,0,1.0,Choque,adelantamientos indebidos,6207_1_7,21.0,3.0
Santander,2017-10-04 20:31:00,24,100.0,2017-07-01 05:00:00,sabado,50,Lluvia,Humeda,Plano,Terraplen,Recta,Transito normal con precaución,0,0,1,0,1.0,Choque,condiciones de la via y factores ambientales,6207_1_24,7.0,17.0
Santander,2017-10-04 20:36:00,60,650.0,2017-07-03 05:00:00,lunes,40,Lluvia,Humeda,Plano,Terraplen,Curva Derecha,Transito normal con precaución,0,0,2,0,1.0,Choque,condiciones de la via y factores ambientales,6207_1_60,13.0,11.0
Santander,2017-10-04 20:58:00,23,400.0,2017-06-25 05:00:00,domingo,10,Seca,Seca y limpia,Plano,Terraplen,Curva Izquierda,Transito normal con precaución,0,0,0,0,1.0,Volcamiento,exceso de velocidad,6207_1_23,0.0,0.0
Santander,2017-10-04 21:04:00,22,349.0,2017-05-23 05:00:00,martes,41,Seca,Seca y limpia,Plano,Media Ladera Derecha,Curva Derecha,Transito normal con precaución,0,0,0,2,1.0,Volcamiento,defectos fisicos y psiquicos,6207_1_22,1.0,23.0
Santander,2017-10-04 21:07:00,26,530.0,2017-05-13 05:00:00,sabado,25,Seca,Seca y limpia,Plano,Terraplen,Recta,Transito normal con precaución,0,0,1,0,1.0,Choque,exceso de velocidad,6207_1_26,22.0,2.0
Norte de Santander,2017-07-05 20:58:00,10,295.0,2017-06-10 05:00:00,sabado,40,Normal,Seca y limpia,Plano,Terraplen,Recta,Transito normal con precaución,0,0,0,1,1.0,Atropello,no determinada,55NSA_1_10,18.0,6.0
Norte de Santander,2017-07-05 21:01:00,0,330.0,2017-06-08 05:00:00,jueves,40,Normal,Seca y limpia,Plano,Terraplen,Recta,Transito normal con precaución,0,0,4,0,1.0,Choque,no determinada,55NSA_1_0,19.0,5.0
Norte de Santander,2017-08-02 15:48:00,17,430.0,2017-07-19 05:00:00,miercoles,20,Normal,Seca y limpia,Plano,Terraplen,Curva Izquierda,Transito normal con precaución,0,0,2,0,1.0,Choque,maniobras imprudentes,55NSA_1_17,2.0,22.0
Norte de Santander,2017-09-30 16:41:00,5,200.0,2017-09-05 05:00:00,martes,15,Normal,Seca y limpia,Plano,Terraplen,Recta,Transito normal con precaución,0,0,0,0,1.0,Choque,no determinada,55NSA_1_5,13.0,11.0
Norte de Santander,2017-11-03 21:50:00,8,0.0,2017-09-23 05:00:00,sabado,45,Normal,Seca y limpia,Plano,Terraplen,Recta,Transito normal con precaución,0,0,0,0,1.0,Caída de carga,no determinada,55NSA_1_8,14.0,10.0
Norte de Santander,2017-11-03 23:04:00,18,130.0,2017-10-12 05:00:00,jueves,20,Normal,Seca y limpia,Plano,Terraplen,Curva Izquierda,Transito normal con precaución,0,0,1,0,1.0,Volcamiento,no determinada,55NSA_1_18,19.0,5.0
Norte de Santander,2017-12-07 21:48:00,12,850.0,2017-11-09 05:00:00,jueves,0,Normal,Seca y limpia,Plano,Terraplen,Curva Izquierda,Transito normal con precaución,0,0,0,0,1.0,Choque,no mantener distancia de seguridad,55NSA_1_12,10.0,14.0
Norte de Santander,2017-12-07 21:54:00,18,19.0,2017-11-13 05:00:00,lunes,40,Normal,Seca y limpia,Plano,Terraplen,Curva Derecha,Transito normal con precaución,0,0,0,0,1.0,Choque,no mantener distancia de seguridad,55NSA_1_18,12.0,12.0
Norte de Santander,2017-12-26 20:31:00,7,700.0,2017-12-12 05:00:00,martes,0,Normal,Seca y limpia,Plano,Terraplen,Curva Derecha,Transito normal con precaución,0,0,0,0,1.0,Choque,no mantener distancia de seguridad,55NSA_1_7,13.0,11.0
Norte de Santander,2018-02-08 22:24:00,7,550.0,2018-01-05 05:00:00,viernes,50,Normal,Seca y limpia,Plano,Terraplen,Recta,Transito normal con precaución,0,0,0,0,1.0,Choque,adelantamientos indebidos,55NSA_1_7,16.0,8.0
Norte de Santander,2018-02-08 22:26:00,15,720.0,2018-01-08 05:00:00,lunes,0,Normal,Seca y limpia,Plano,Terraplen,Recta,Transito normal con precaución,0,0,3,0,1.0,Choque,maniobras imprudentes,55NSA_1_15,2.0,22.0
Norte de Santander,2018-03-05 16:25:00,14,900.0,2018-02-17 05:00:00,sabado,20,Normal,Seca y limpia,Plano,Terraplen,Curva Derecha,Transito normal con precaución,0,0,0,0,1.0,Choque,estacionamiento y senalizacion imprudente,55NSA_1_14,7.0,17.0