territorial,fecha_registro,pr,distancia_pr,fecha_acc,dia_semana_acc,min_acc,condic_meteor,estado_super,terreno,secc_tip,geometria_acc,tipo_cierre,horas_cierre,min_cierre,n_heridos,n_muertos,n_victimas,clase_accidente,causa_posible,ref_loc,hora_acc,duracion_cierre_horas
Norte de Santander,2018-03-05 16:28:00,15,90.0,2018-02-09 05:00:00,viernes,10,Normal,Seca y limpia,Plano,Terraplen,Recta,Transito normal con precaución,0,0,0,0,1.0,Choque,desobediencia a normas y senales,55NSA_1_15,20.0,4.0
Norte de Santander,2018-03-23 13:25:00,7,485.0,2018-02-28 05:00:00,miercoles,0,Normal,Seca y limpia,Plano,Terraplen,Curva Derecha,Transito normal con precaución,0,0,0,0,1.0,Volcamiento,no determinada,55NSA_1_7,15.0,9.0
Norte de Santander,2017-07-05 20:42:00,0,500.0,2017-06-17 05:00:00,sabado,20,Normal,Seca y limpia,Plano,Terraplen,Recta,Transito normal con precaución,0,0,1,0,1.0,Choque,maniobras imprudentes,55NS09_0_0,23.0,1.0
Norte de Santander,2017-08-02 14:38:00,0,150.0,2017-07-15 05:00:00,sabado,0,Normal,Seca y limpia,Plano,Terraplen,Recta,Transito normal con precaución,0,0,2,0,1.0,Choque,maniobras imprudentes,55NS09_0_0,6.0,18.0
Norte de Santander,2017-08-02 15:37:00,0,150.0,2017-07-15 05:00:00,sabado,0,Normal,Seca y limpia,Plano,Terraplen,Recta,Transito normal con precaución,0,0,2,0,1.0,Choque,maniobras imprudentes,55NS09_0_0,18.0,6.0
Norte de Santander,2017-09-02 13:54:00,1,880.0,2017-08-26 05:00:00,sabado,30,Normal,Seca y limpia,Plano,Terraplen,Recta,Transito normal con precaución,0,0,0,1,1.0,Choque,no mantener distancia de seguridad,55NS09_0_1,17.0,7.0
Norte de Santander,2017-09-30 16:37:00,4,250.0,2017-09-13 05:00:00,miercoles,0,Normal,Seca y limpia,Plano,Terraplen,Curva Izquierda,Transito normal con precaución,0,0,0,2,1.0,Choque,no determinada,55NS09_0_4,12.0,12.0
Norte de Santander,2017-05-03 20:07:00,15,25.0,2017-03-31 05:00:00,viernes,18,Normal,Seca y limpia,Plano,Terraplen,Curva Derecha,Transito normal con precaución,0,0,8,0,1.0,Volcamiento,exceso de velocidad,5507_0_15,13.0,11.0
Norte de Santander,2017-05-03 19:57:00,27,500.0,2017-03-23 05:00:00,jueves,0,Normal,Seca y limpia,Plano,Terraplen,Recta,Transito normal con precaución,0,0,0,1,1.0,Atropello,exceso de velocidad,5507_0_27,13.0,11.0
Norte de Santander,2017-05-31 20:33:00,7,830.0,2017-04-26 05:00:00,miercoles,15,Normal,Seca y limpia,Plano,Terraplen,Curva Derecha,Transito normal con precaución,0,0,0,0,1.0,Incendio,no determinada,5507_0_7,12.0,12.0
Norte de Santander,2017-08-02 14:43:00,42,600.0,2017-06-14 05:00:00,miercoles,30,Normal,Seca y limpia,Plano,Terraplen,Recta,Transito normal con precaución,0,0,0,0,1.0,Choque,desobediencia a normas y senales,5507_0_42,9.0,15.0
Norte de Santander,2017-09-02 13:37:00,17,700.0,2017-08-22 05:00:00,martes,5,Normal,Seca y limpia,Plano,Terraplen,Curva Derecha,Transito normal con precaución,0,0,0,1,1.0,Choque,no mantener distancia de seguridad,5507_0_17,9.0,15.0
Norte de Santander,2017-11-03 21:44:00,35,30.0,2017-10-02 05:00:00,lunes,0,Normal,Seca y limpia,Plano,Terraplen,Recta,Transito normal con precaución,0,0,0,0,1.0,Choque,desobediencia a normas y senales,5507_0_35,6.0,18.0
Norte de Santander,2017-12-07 21:42:00,33,450.0,2017-11-06 05:00:00,lunes,30,Normal,Seca y limpia,Plano,Terraplen,Recta,Transito normal con precaución,0,0,2,0,1.0,Choque,adelantamientos indebidos,5507_0_33,6.0,18.0
Norte de Santander,2017-12-07 21:45:00,31,839.0,2017-11-12 05:00:00,domingo,30,Normal,Seca y limpia,Plano,Terraplen,Recta,Transito normal con precaución,0,0,0,1,1.0,Choque,no determinada,5507_0_31,1.0,23.0
Norte de Santander,2018-03-05 16:16:00,39,0.0,2018-01-22 05:00:00,lunes,30,Normal,Seca y limpia,Plano,Terraplen,Recta,Transito normal con precaución,0,0,0,0,1.0,Choque,no mantener distancia de seguridad,5507_0_39,16.0,8.0
Norte de Santander,2018-03-05 16:19:00,10,559.0,2018-01-30 05:00:00,martes,30,Normal,Seca y limpia,Plano,Terraplen,Recta,Transito normal con precaución,0,0,0,0,1.0,Choque,no mantener distancia de seguridad,5507_0_10,13.0,11.0
Norte de Santander,2018-03-23 13:28:00,23,765.0,2018-03-16 05:00:00,viernes,40,Normal,Seca y limpia,Plano,Terraplen,Curva Izquierda,Transito normal con precaución,0,0,0,0,1.0,Choque,maniobras imprudentes,5507_0_23,15.0,9.0
Norte de Santander,2018-03-23 13:28:00,23,765.0,2018-03-16 05:00:00,viernes,40,Normal,Seca y limpia,Plano,Terraplen,Curva Izquierda,Transito normal con precaución,0,0,0,0,1.0,Choque,maniobras imprudentes,5507_0_23,7.0,17.0
Norte de Santander,2017-05-15 21:17:00,64,215.0,2017-01-17 05:00:00,martes,47,Sol,Seca y limpia,Montañoso,Media ladera Izquierda,Curva Izquierda,Cierre total,1,0,0,0,1.0,Choque,fallas mecanicas y del sistema electrico,5505_2_64,8.0,17.0
Norte de Santander,2017-05-15 21:29:00,61,0.0,2017-04-23 05:00:00,domingo,0,Seca,Seca y limpia,Plano,Terraplen,Recta,Transito normal con precaución,0,0,1,0,1.0,Volcamiento,defectos fisicos y psiquicos,5505_2_61,19.0,5.0
Norte de Santander,2017-05-30 21:28:00,58,885.0,2017-05-21 05:00:00,domingo,0,Sol,Seca y limpia,Montañoso,Media ladera Izquierda,Curva Derecha,Parcial con reducción de carriles,0,30,1,0,1.0,Choque,imprudencia del conductor,5505_2_58,11.0,13.0
Norte de Santander,2017-05-30 21:34:00,53,100.0,2017-05-25 05:00:00,jueves,0,Normal,Humeda,Montañoso,Media ladera Izquierda,Curva Derecha,Transito normal con precaución,0,0,0,0,1.0,Salida de la vía sin volcarse,defectos fisicos y psiquicos,5505_2_53,9.0,15.0
Norte de Santander,2017-06-22 20:24:00,51,232.0,2017-06-04 05:00:00,domingo,0,Lluvia,Humeda,Montañoso,Media ladera Izquierda,Curva Derecha,Parcial con reducción de carriles,1,0,0,0,1.0,Choque,adelantamientos indebidos,5505_2_51,23.0,2.0
Norte de Santander,2017-07-05 22:19:00,70,215.0,2017-06-05 05:00:00,lunes,0,Lluvia,Humeda,Plano,Cajón,Recta,Transito normal con precaución,0,0,0,0,1.0,Choque,no determinada,5505_2_70,17.0,7.0
Norte de Santander,2017-10-05 16:38:00,31,250.0,2017-08-17 05:00:00,jueves,30,Sol,Seca y limpia,Plano,Terraplen,Curva Derecha,Transito normal con precaución,0,0,1,1,1.0,Atropello,no determinada,5505_2_31,15.0,9.0
Norte de Santander,2017-11-15 22:47:00,36,601.0,2017-10-22 05:00:00,domingo,15,Normal,Humeda,Montañoso,Terraplen,Curva Izquierda,Cierre total,2,0,0,0,1.0,Choque,condiciones de la via y factores ambientales,5505_2_36,13.0,13.0
Norte de Santander,2018-02-17 15:05:00,24,233.0,2018-01-12 05:00:00,viernes,20,Seca,Seca y limpia,Plano,Media ladera Izquierda,Curva Izquierda,Transito normal con precaución,0,0,1,0,1.0,Choque,embriaguez o sustancias alucinogenas,5505_2_24,17.0,7.0
Norte de Santander,2018-02-17 15:05:00,24,233.0,2018-01-12 05:00:00,viernes,20,Seca,Seca y limpia,Plano,Media ladera Izquierda,Curva Izquierda,Transito normal con precaución,0,0,1,0,1.0,Choque,embriaguez o sustancias alucinogenas,5505_2_24,11.0,13.0
Norte de Santander,2018-02-17 15:18:00,14,830.0,2018-01-19 05:00:00,viernes,30,Niebla,Humeda,Plano,Media ladera Izquierda,Recta,Transito normal con precaución,0,0,1,0,1.0,Volcamiento,maniobras imprudentes,5505_2_14,3.0,21.0
Santander,2017-12-06 14:45:00,1,0.0,2017-11-05 05:00:00,domingo,0,Normal,Seca y limpia,Plano,Terraplen,Recta,Transito normal con precaución,0,0,1,0,1.0,Choque,imprudencia del conductor,5504_1_1,11.0,13.0
Norte de Santander,2018-04-16 19:35:00,46,500.0,2018-03-07 05:00:00,miercoles,0,Normal,Aceite,Montañoso,Media Ladera Derecha,Curva Izquierda,Transito normal con precaución,0,0,2,0,1.0,Volcamiento,condiciones de la via y factores ambientales,5505_2_46,7.0,17.0
Norte de Santander,2018-04-16 19:35:00,46,500.0,2018-03-07 05:00:00,miercoles,0,Normal,Aceite,Montañoso,Media Ladera Derecha,Curva Izquierda,Transito normal con precaución,0,0,2,0,1.0,Volcamiento,condiciones de la via y factores ambientales,5505_2_46,18.0,6.0
Santander,2018-03-28 14:17:00,20,510.0,2018-03-24 05:00:00,sabado,0,Normal,Seca y limpia,Montañoso,Media Ladera Derecha,Curva Derecha,Transito normal con precaución,0,0,0,0,1.0,Salida de la vía sin volcarse,fallas mecanicas y del sistema electrico,5504_2_20,18.0,6.0
Santander,2018-04-10 14:30:00,36,575.0,2018-03-21 05:00:00,miercoles,50,Normal,Seca y limpia,Ondulado,Media ladera Izquierda,Recta,Transito normal con precaución,0,30,0,0,1.0,Choque,imprudencia del conductor,5504_2_36,8.0,16.0
Santander,2018-04-12 21:17:00,54,400.0,2018-03-03 05:00:00,sabado,50,Normal,Humeda,Escarpado,Media Ladera Derecha,Recta,Transito normal con precaución,0,0,1,0,1.0,Caída ocupante,imprudencia del conductor,5504_2_54,18.0,6.0
Santander,2017-05-30 15:50:00,43,800.0,2017-02-13 05:00:00,lunes,0,Lluvia,Material suelto,Montañoso,Media Ladera Derecha,Curva Izquierda,Transito normal con precaución,0,30,0,0,1.0,Caída ocupante,exceso de velocidad,5504_1_43,11.0,13.0
Santander,2017-05-30 16:02:00,18,284.0,2017-03-01 05:00:00,miercoles,0,Sol,Seca y limpia,Ondulado,Media ladera Izquierda,Recta,Transito normal con precaución,1,0,1,0,1.0,Choque,no determinada,5504_1_18,18.0,7.0
Santander,2017-05-30 16:07:00,23,827.0,2017-03-06 05:00:00,lunes,38,Sol,Seca y limpia,Plano,Terraplen,Curva Izquierda,Transito normal con precaución,0,30,1,0,1.0,Atropello,conducta de peatones,5504_1_23,7.0,17.0
Santander,2017-05-30 16:09:00,30,400.0,2017-03-16 05:00:00,jueves,0,Sol,Seca y limpia,Plano,Media Ladera Derecha,Recta,Parcial con reducción de carriles,2,0,0,1,1.0,Choque,imprudencia del conductor,5504_1_30,12.0,14.0
Santander,2017-05-30 16:13:00,68,300.0,2017-03-25 05:00:00,sabado,0,Lluvia,Seca y limpia,Plano,Media ladera Izquierda,Recta,Transito normal con precaución,0,30,1,0,1.0,Volcamiento,imprudencia del conductor,5504_1_68,10.0,14.0
Santander,2017-05-30 21:20:00,20,238.0,2017-04-21 05:00:00,viernes,30,Seca,Seca y limpia,Ondulado,Media ladera Izquierda,Curva Izquierda,Transito normal con precaución,0,30,0,0,1.0,Choque,condiciones de la via y factores ambientales,5504_1_20,12.0,12.0
Santander,2017-05-30 21:26:00,53,340.0,2017-04-23 05:00:00,domingo,0,Seca,Seca y limpia,Montañoso,Media Ladera Derecha,Curva Izquierda,Transito normal con precaución,0,26,0,0,1.0,Caída ocupante,imprudencia del conductor,5504_1_53,22.0,2.0
Santander,2017-06-05 14:57:00,1,35.0,2017-05-10 05:00:00,miercoles,0,Sol,Seca y limpia,Plano,Terraplen,Recta,Transito normal con precaución,1,0,0,0,1.0,Choque,imprudencia del conductor,5504_1_1,15.0,10.0
Santander,2017-06-05 15:00:00,12,288.0,2017-05-12 05:00:00,viernes,30,Lluvia,Humeda,Montañoso,Media ladera Izquierda,Curva Izquierda,Transito normal con precaución,1,0,0,0,1.0,Volcamiento,imprudencia del conductor,5504_1_12,17.0,8.0
Santander,2017-06-05 15:04:00,18,50.0,2017-05-13 05:00:00,sabado,10,Normal,Seca y limpia,Montañoso,Media ladera Izquierda,Recta,Transito normal con precaución,0,36,2,0,1.0,Volcamiento,fallas mecanicas y del sistema electrico,5504_1_18,0.0,0.0
Santander,2017-06-05 15:10:00,20,788.0,2017-05-07 05:00:00,domingo,0,Normal,Seca y limpia,Ondulado,Media ladera Izquierda,Curva Izquierda,Transito normal con precaución,0,30,1,0,1.0,Volcamiento,embriaguez o sustancias alucinogenas,5504_1_20,9.0,15.0
Santander,2017-06-05 15:14:00,21,800.0,2017-05-16 05:00:00,martes,0,Normal,Seca y limpia,Montañoso,Media Ladera Derecha,Recta,Transito normal con precaución,0,29,2,0,1.0,Volcamiento,conducta de peatones,5504_1_21,7.0,17.0
Santander,2017-06-05 15:23:00,57,120.0,2017-05-09 05:00:00,martes,0,Sol,Seca y limpia,Montañoso,Media Ladera Derecha,Recta,Transito normal con precaución,1,0,2,0,1.0,Choque,imprudencia del conductor,5504_1_57,12.0,13.0
Santander,2017-08-09 20:59:00,63,800.0,2017-06-18 05:00:00,domingo,0,Lluvia,Humeda,Montañoso,Media Ladera Derecha,Curva Izquierda,Transito normal con precaución,0,0,0,0,1.0,Volcamiento,fallas mecanicas y del sistema electrico,5504_1_63,10.0,14.0
Santander,2017-08-09 21:04:00,81,600.0,2017-06-27 05:00:00,martes,0,Normal,Seca y limpia,Montañoso,Media ladera Izquierda,Curva Izquierda,Transito normal con precaución,0,0,1,0,1.0,Volcamiento,imprudencia del conductor,5504_1_81,7.0,17.0
Santander,2017-08-09 21:07:00,8,250.0,2017-06-04 05:00:00,domingo,0,Normal,Seca y limpia,Escarpado,Media ladera Izquierda,Curva Derecha,Transito normal con precaución,0,0,1,0,1.0,Caída ocupante,imprudencia del conductor,5504_1_8,11.0,13.0
Santander,2017-08-09 21:10:00,50,886.0,2017-06-16 05:00:00,viernes,0,Normal,Seca y limpia,Ondulado,Media ladera Izquierda,Recta,Transito normal con precaución,0,0,1,0,1.0,Choque,imprudencia del conductor,5504_1_50,0.0,0.0
Santander,2017-08-09 21:13:00,83,409.0,2017-06-16 05:00:00,viernes,0,Normal,Seca y limpia,Ondulado,Media ladera Izquierda,Recta,Transito normal con precaución,0,0,0,0,1.0,Choque,imprudencia del conductor,5504_1_83,17.0,7.0
Santander,2017-08-09 21:24:00,29,70.0,2017-07-14 05:00:00,viernes,0,Normal,Seca y limpia,Plano,Media Ladera Derecha,Curva Derecha,Transito normal con precaución,0,0,1,0,1.0,Volcamiento,imprudencia del conductor,5504_1_29,13.0,11.0
Santander,2017-08-09 21:28:00,30,490.0,2017-07-04 05:00:00,martes,40,Normal,Seca y limpia,Montañoso,Media Ladera Derecha,Recta,Transito normal con precaución,0,0,0,0,1.0,Choque,imprudencia del conductor,5504_1_30,15.0,9.0
Santander,2017-08-09 21:30:00,56,100.0,2017-07-29 05:00:00,sabado,30,Lluvia,Humeda,Montañoso,Media Ladera Derecha,Curva Izquierda,Transito normal con precaución,0,0,1,0,1.0,Caída ocupante,exceso de velocidad,5504_1_56,5.0,19.0
Santander,2017-08-09 21:35:00,64,60.0,2017-07-23 05:00:00,domingo,0,Normal,Seca y limpia,Montañoso,Media ladera Izquierda,Recta,Transito normal con precaución,0,0,0,0,1.0,Choque,fallas mecanicas y del sistema electrico,5504_1_64,0.0,0.0
Santander,2017-08-09 21:39:00,83,200.0,2017-07-10 05:00:00,lunes,0,Niebla,Material suelto,Ondulado,Media ladera Izquierda,Curva Derecha,Cierre total,0,0,0,0,1.0,Choque,fallas mecanicas y del sistema electrico,5504_1_83,7.0,17.0
Santander,2017-09-14 13:46:00,29,910.0,2017-08-07 05:00:00,lunes,0,Normal,Seca y limpia,Escarpado,Media Ladera Derecha,Recta,Transito normal con precaución,0,0,0,0,1.0,Volcamiento,no determinada,5504_1_29,8.0,16.0
Santander,2017-10-06 19:33:00,21,426.0,2017-09-25 05:00:00,lunes,0,Normal,Seca y limpia,Montañoso,Media Ladera Derecha,Curva Derecha,Transito normal con precaución,0,0,0,0,1.0,Volcamiento,exceso de velocidad,5504_1_21,11.0,13.0
Santander,2017-10-07 22:24:00,16,775.0,2017-09-10 05:00:00,domingo,15,Normal,Seca y limpia,Montañoso,Media ladera Izquierda,Curva Derecha,Transito normal con precaución,0,0,2,0,1.0,Caída ocupante,condiciones de la via y factores ambientales,5504_1_16,20.0,4.0
Santander,2017-10-07 22:39:00,33,446.0,2017-09-04 05:00:00,lunes,20,Normal,Seca y limpia,Ondulado,Media Ladera Derecha,Curva Izquierda,Transito normal con precaución,0,0,1,0,1.0,Choque,imprudencia del conductor,5504_1_33,13.0,11.0
Santander,2017-11-08 21:20:00,1,800.0,2017-10-30 05:00:00,lunes,0,Normal,Seca y limpia,Plano,Cajón,Recta,Transito normal con precaución,0,0,0,0,1.0,Choque,no determinada,5504_1_1,19.0,5.0
Santander,2017-11-08 21:27:00,36,100.0,2017-10-02 05:00:00,lunes,0,Normal,Seca y limpia,Ondulado,Media Ladera Derecha,Recta,Transito normal con precaución,0,0,0,0,1.0,Choque,no determinada,5504_1_36,11.0,13.0
Santander,2017-11-08 21:41:00,46,38.0,2017-10-08 05:00:00,domingo,0,Normal,Seca y limpia,Montañoso,Media Ladera Derecha,Curva Derecha,Transito normal con precaución,0,0,0,1,1.0,Choque,imprudencia del conductor,5504_1_46,11.0,13.0
Santander,2017-11-08 21:50:00,79,170.0,2017-10-01 05:00:00,domingo,0,Normal,Material suelto,Montañoso,Media ladera Izquierda,Curva Izquierda,Parcial con reducción de carriles,1,0,1,0,1.0,Choque,imprudencia del conductor,5504_1_79,19.0,6.0
Santander,2017-11-08 22:32:00,29,780.0,2017-10-23 05:00:00,lunes,0,Normal,Material suelto,Montañoso,Media Ladera Derecha,Curva Derecha,Cierre total,0,20,0,0,1.0,Choque,imprudencia del conductor,5504_1_29,11.0,13.0
Santander,2017-11-27 13:30:00,91,130.0,2017-11-25 05:00:00,sabado,0,Normal,Seca y limpia,Ondulado,Media Ladera Derecha,Curva Derecha,Cierre total,0,40,0,0,1.0,Salida de la vía sin volcarse,imprudencia del conductor,5504_1_91,16.0,8.0
Santander,2017-12-06 14:34:00,55,586.0,2017-11-09 05:00:00,jueves,0,Normal,Seca y limpia,Montañoso,Media Ladera Derecha,Recta,Transito normal con precaución,0,0,1,0,1.0,Atropello,conducta de peatones,5504_1_55,4.0,20.0
Santander,2018-01-02 20:39:00,40,509.0,2017-12-21 05:00:00,jueves,0,Normal,Seca y limpia,Montañoso,Media Ladera Derecha,Curva Izquierda,Transito normal con precaución,0,0,2,0,1.0,Choque,imprudencia del conductor,5504_1_40,11.0,13.0
Santander,2018-01-02 20:52:00,81,980.0,2017-12-20 05:00:00,miercoles,0,Normal,Material suelto,Montañoso,Media ladera Izquierda,Recta,Transito normal con precaución,0,0,0,0,1.0,Choque,no determinada,5504_1_81,4.0,20.0
Santander,2018-01-04 16:43:00,4,0.0,2017-12-02 05:00:00,sabado,30,Normal,Seca y limpia,Plano,Media ladera Izquierda,Recta,Transito normal con precaución,0,0,0,0,1.0,Choque,no determinada,5504_1_4,5.0,19.0
Santander,2018-01-05 20:54:00,60,477.0,2017-12-31 05:00:00,domingo,10,Normal,Seca y limpia,Escarpado,Media ladera Izquierda,Curva Derecha,Transito normal con precaución,0,0,1,0,1.0,Choque,imprudencia del conductor,5504_1_60,14.0,10.0
Santander,2018-01-09 20:05:00,44,700.0,2017-12-30 05:00:00,sabado,0,Normal,Seca y limpia,Montañoso,Media Ladera Derecha,Curva Izquierda,Transito normal con precaución,0,0,1,0,1.0,Caída ocupante,defectos fisicos y psiquicos,5504_1_44,9.0,15.0
Santander,2018-01-12 17:00:00,43,315.0,2018-01-10 05:00:00,miercoles,0,Normal,Seca y limpia,Escarpado,Media Ladera Derecha,Recta,Transito normal con precaución,0,0,1,0,1.0,Volcamiento,exceso de velocidad,5504_1_43,7.0,17.0
Santander,2018-01-12 17:06:00,64,215.0,2018-01-10 05:00:00,miercoles,0,Normal,Seca y limpia,Montañoso,Media ladera Izquierda,Curva Derecha,Transito normal con precaución,0,0,1,0,1.0,Volcamiento,fallas mecanicas y del sistema electrico,5504_1_64,17.0,7.0
Santander,2018-02-07 14:49:00,56,142.0,2018-01-13 05:00:00,sabado,0,Normal,Seca y limpia,Montañoso,Media Ladera Derecha,Curva Derecha,Parcial con reducción de carriles,1,0,0,0,1.0,Choque,embriaguez o sustancias alucinogenas,5504_1_56,23.0,2.0
Santander,2018-02-07 20:39:00,91,156.0,2018-01-22 05:00:00,lunes,0,Normal,Material suelto,Ondulado,Media Ladera Derecha,Curva Derecha,Transito normal con precaución,0,0,0,0,1.0,Volcamiento,defectos fisicos y psiquicos,5504_1_91,0.0,0.0
Santander,2018-03-07 16:45:00,35,310.0,2018-02-02 05:00:00,viernes,50,Normal,Seca y limpia,Plano,Cajón,Recta,Transito normal con precaución,0,20,1,0,1.0,Choque,imprudencia del conductor,5504_1_35,13.0,11.0
Santander,2017-05-30 13:45:00,0,179.0,2016-12-31 05:00:00,sabado,0,Sol,Seca y limpia,Plano,Terraplen,Recta,Parcial con reducción de carriles,2,0,0,1,1.0,Choque,exceso de velocidad,5504_1_0,11.0,15.0
Santander,2017-05-30 13:54:00,26,760.0,2016-12-22 05:00:00,jueves,0,Niebla,Seca y limpia,Plano,Terraplen,Curva Derecha,Parcial con reducción de carriles,1,0,1,0,1.0,Choque,imprudencia del conductor,5504_1_26,1.0,0.0
Santander,2017-05-30 13:58:00,42,350.0,2016-12-22 05:00:00,jueves,30,Niebla,Seca y limpia,Montañoso,Media Ladera Derecha,Recta,Transito normal con precaución,1,0,1,0,1.0,Choque,exceso de velocidad,5504_1_42,11.0,14.0
Santander,2017-05-30 14:43:00,17,469.0,2017-01-22 05:00:00,domingo,0,Sol,Seca y limpia,Ondulado,Media Ladera Derecha,Curva Izquierda,Transito normal con precaución,1,0,0,0,1.0,Salida de la vía sin volcarse,defectos fisicos y psiquicos,5504_1_17,6.0,19.0
Santander,2017-05-30 14:48:00,35,400.0,2017-01-07 05:00:00,sabado,15,Sol,Seca y limpia,Plano,Terraplen,Recta,Cierre total,2,0,23,1,1.0,Choque,imprudencia del conductor,5504_1_35,15.0,11.0
Santander,2017-05-30 14:52:00,39,180.0,2017-01-24 05:00:00,martes,0,Sol,Seca y limpia,Ondulado,Media Ladera Derecha,Recta,Transito normal con precaución,1,0,1,0,1.0,Atropello,condiciones de la via y factores ambientales,5504_1_39,8.0,17.0
Santander,2017-05-30 14:56:00,63,820.0,2017-01-24 05:00:00,martes,0,Niebla,Seca y limpia,Ondulado,Media Ladera Derecha,Curva Izquierda,Transito normal con precaución,0,0,0,0,1.0,Volcamiento,fallas mecanicas y del sistema electrico,5504_1_63,10.0,14.0
Santander,2017-05-30 14:59:00,79,500.0,2017-01-24 05:00:00,martes,0,Niebla,Material suelto,Ondulado,Media ladera Izquierda,Recta,Transito normal con precaución,0,30,0,0,1.0,Volcamiento,exceso de velocidad,5504_1_79,18.0,6.0
Santander,2017-05-30 15:38:00,14,500.0,2017-02-05 05:00:00,domingo,0,Normal,Seca y limpia,Ondulado,Media Ladera Derecha,Recta,Transito normal con precaución,0,30,0,0,1.0,Volcamiento,embriaguez o sustancias alucinogenas,5504_1_14,4.0,20.0
Santander,2017-05-30 15:43:00,18,100.0,2017-02-02 05:00:00,jueves,0,Normal,Seca y limpia,Plano,Media ladera Izquierda,Recta,Transito normal con precaución,1,0,2,0,1.0,Volcamiento,no determinada,5504_1_18,15.0,10.0
Santander,2017-05-30 15:46:00,36,440.0,2017-02-18 05:00:00,sabado,0,Normal,Seca y limpia,Plano,Cajón,Recta,Transito normal con precaución,0,30,0,0,1.0,Choque,exceso de velocidad,5504_1_36,18.0,6.0
Boyacá,2018-04-12 23:27:00,9,750.0,2018-03-16 05:00:00,viernes,10,Normal,Seca y limpia,Plano,Terraplen,Recta,Transito normal con precaución,0,0,1,0,1.0,Choque,imprudencia del conductor,5503_2_9,14.0,10.0
Boyacá,2017-05-24 16:41:00,0,0.0,2016-12-21 05:00:00,miercoles,30,Normal,Seca y limpia,Plano,Terraplen,Recta,Transito normal con precaución,0,0,1,0,1.0,Choque,imprudencia del conductor,5503_2_0,6.0,18.0
Boyacá,2017-05-24 16:44:00,0,100.0,2017-01-30 05:00:00,lunes,10,Normal,Seca y limpia,Plano,Terraplen,Recta,Transito normal con precaución,0,0,1,0,1.0,Choque,exceso de velocidad,5503_2_0,20.0,4.0
Boyacá,2017-05-25 13:28:00,0,290.0,2017-01-30 05:00:00,lunes,30,Normal,Seca y limpia,Plano,Terraplen,Recta,Transito normal con precaución,0,0,0,0,1.0,Choque,imprudencia del conductor,5503_2_0,9.0,15.0
Boyacá,2017-12-05 15:00:00,0,220.0,2017-11-16 05:00:00,jueves,0,Normal,Seca y limpia,Plano,Terraplen,Recta,Transito normal con precaución,0,0,0,0,1.0,Choque,exceso en horas de conduccion,5503_2_0,11.0,13.0
Boyacá,2018-04-12 21:59:00,12,260.0,2018-03-03 05:00:00,sabado,30,Normal,Seca y limpia,Ondulado,Media Ladera Derecha,Curva Izquierda,Transito normal con precaución,0,0,1,0,1.0,Choque,exceso de velocidad,5503_2_12,11.0,13.0
Boyacá,2018-04-12 22:01:00,59,500.0,2018-03-05 05:00:00,lunes,0,Normal,Seca y limpia,Plano,Terraplen,Recta,Transito normal con precaución,0,0,0,0,1.0,Salida de la vía sin volcarse,imprudencia del conductor,5503_2_59,7.0,17.0
Boyacá,2018-04-12 22:08:00,84,840.0,2018-03-17 05:00:00,sabado,0,Normal,Seca y limpia,Plano,Media Ladera Derecha,Curva Izquierda,Transito normal con precaución,0,0,0,0,1.0,Choque,maniobras imprudentes,5503_2_84,8.0,16.0
Boyacá,2018-04-12 22:11:00,38,710.0,2018-03-18 05:00:00,domingo,0,Lluvia,Humeda,Ondulado,Media ladera Izquierda,Curva Izquierda,Transito normal con precaución,0,0,0,0,1.0,Salida de la vía sin volcarse,desobediencia a normas y senales,5503_2_38,21.0,3.0
Boyacá,2017-05-18 16:43:00,9,920.0,2016-12-20 05:00:00,martes,20,Normal,Seca y limpia,Ondulado,Terraplen,Recta,Transito normal con precaución,0,0,1,0,1.0,Choque,embriaguez o sustancias alucinogenas,5503_1_9,8.0,16.0
Boyacá,2017-05-18 19:36:00,9,960.0,2017-01-17 05:00:00,martes,30,Normal,Seca y limpia,Plano,Terraplen,Recta,Transito normal con precaución,0,0,1,1,1.0,Atropello,conducta de peatones,5503_1_9,17.0,7.0
Boyacá,2017-05-31 16:26:00,9,960.0,2017-01-17 05:00:00,martes,30,Normal,Seca y limpia,Plano,Terraplen,Recta,Transito normal con precaución,0,0,1,0,1.0,Atropello,conducta de peatones,5503_1_9,19.0,5.0
Boyacá,2017-06-05 14:26:00,9,800.0,2017-05-04 05:00:00,jueves,20,Normal,Seca y limpia,Plano,Terraplen,Recta,Transito normal con precaución,0,0,1,0,1.0,Atropello,imprudencia del conductor,5503_1_9,13.0,11.0
Boyacá,2017-07-04 22:01:00,9,400.0,2017-06-08 05:00:00,jueves,8,Lluvia,Humeda,Ondulado,Media Ladera Derecha,Curva Derecha,Transito normal con precaución,0,0,0,0,1.0,Choque,condiciones de la via y factores ambientales,5503_1_9,14.0,10.0