territorial,fecha_registro,pr,distancia_pr,fecha_acc,dia_semana_acc,min_acc,condic_meteor,estado_super,terreno,secc_tip,geometria_acc,tipo_cierre,horas_cierre,min_cierre,n_heridos,n_muertos,n_victimas,clase_accidente,causa_posible,ref_loc,hora_acc,duracion_cierre_horas
Boyacá,2017-05-03 00:12:00,23,65.0,2017-04-25 05:00:00,martes,50,Lluvia,Humeda,Plano,Terraplen,Recta,Transito normal con precaución,0,0,0,0,1.0,Volcamiento,exceso de velocidad,5503_1_23,4.0,20.0
Boyacá,2017-05-18 14:19:00,20,0.0,2016-12-11 05:00:00,domingo,0,Normal,Seca y limpia,Ondulado,Media ladera Izquierda,Curva Izquierda,Transito normal con precaución,0,0,0,0,1.0,Choque,adelantamientos indebidos,5503_1_20,8.0,16.0
Boyacá,2017-05-18 17:37:00,15,950.0,2016-12-25 05:00:00,domingo,10,Normal,Seca y limpia,Ondulado,Media ladera Izquierda,Curva Izquierda,Transito normal con precaución,0,0,0,0,1.0,Choque,embriaguez o sustancias alucinogenas,5503_1_15,8.0,16.0
Boyacá,2017-05-18 17:40:00,15,600.0,2016-12-31 05:00:00,sabado,27,Lluvia,Humeda,Ondulado,Media Ladera Derecha,Curva Izquierda,Transito normal con precaución,0,0,0,0,1.0,Choque,adelantamientos indebidos,5503_1_15,1.0,23.0
Boyacá,2017-05-18 17:47:00,30,180.0,2017-01-01 05:00:00,domingo,0,Normal,Seca y limpia,Ondulado,Cajón,Curva Derecha,Transito normal con precaución,0,0,0,0,1.0,Choque,fallas mecanicas y del sistema electrico,5503_1_30,13.0,11.0
Boyacá,2017-05-18 17:58:00,28,600.0,2017-01-05 05:00:00,jueves,19,Lluvia,Humeda,Ondulado,Terraplen,Curva Izquierda,Transito normal con precaución,0,0,1,0,1.0,Choque,estacionamiento y senalizacion imprudente,5503_1_28,6.0,18.0
Boyacá,2017-05-18 19:13:00,50,150.0,2017-01-09 05:00:00,lunes,0,Lluvia,Humeda,Ondulado,Media ladera Izquierda,Curva Derecha,Transito normal con precaución,0,0,0,0,1.0,Volcamiento,condiciones de la via y factores ambientales,5503_1_50,8.0,16.0
Boyacá,2017-05-18 19:17:00,37,200.0,2017-01-09 05:00:00,lunes,20,Lluvia,Humeda,Ondulado,Media Ladera Derecha,Curva Izquierda,Transito normal con precaución,0,0,0,0,1.0,Choque,adelantamientos indebidos,5503_1_37,12.0,12.0
Boyacá,2017-05-18 19:29:00,34,650.0,2017-01-11 05:00:00,miercoles,30,Lluvia,Humeda,Ondulado,Media Ladera Derecha,Curva Derecha,Transito normal con precaución,0,0,0,0,1.0,Volcamiento,condiciones de la via y factores ambientales,5503_1_34,6.0,18.0
Boyacá,2017-05-18 19:32:00,82,350.0,2017-01-17 05:00:00,martes,0,Normal,Seca y limpia,Montañoso,Media Ladera Derecha,Curva Izquierda,Transito normal con precaución,0,0,0,0,1.0,Volcamiento,fallas mecanicas y del sistema electrico,5503_1_82,5.0,19.0
Boyacá,2017-05-19 14:40:00,28,600.0,2017-01-07 05:00:00,sabado,15,Lluvia,Humeda,Ondulado,Terraplen,Curva Derecha,Transito normal con precaución,0,0,0,0,1.0,Choque,condiciones de la via y factores ambientales,5503_1_28,12.0,12.0
Boyacá,2017-05-19 14:43:00,28,600.0,2017-01-07 05:00:00,sabado,10,Lluvia,Humeda,Ondulado,Terraplen,Curva Derecha,Transito normal con precaución,0,0,0,0,1.0,Choque,estacionamiento y senalizacion imprudente,5503_1_28,7.0,17.0
Boyacá,2017-05-19 14:48:00,30,208.0,2017-01-08 05:00:00,domingo,30,Lluvia,Humeda,Ondulado,Media ladera Izquierda,Curva Izquierda,Transito normal con precaución,0,0,0,0,1.0,Choque,condiciones de la via y factores ambientales,5503_1_30,16.0,8.0
Boyacá,2017-05-19 14:55:00,34,760.0,2017-01-08 05:00:00,domingo,20,Lluvia,Humeda,Ondulado,Media Ladera Derecha,Curva Derecha,Transito normal con precaución,0,0,0,0,1.0,Choque,adelantamientos indebidos,5503_1_34,17.0,7.0
Boyacá,2017-05-19 15:00:00,32,600.0,2017-01-10 05:00:00,martes,5,Lluvia,Humeda,Ondulado,Media Ladera Derecha,Curva Izquierda,Transito normal con precaución,0,0,0,0,1.0,Choque,estacionamiento y senalizacion imprudente,5503_1_32,9.0,15.0
Boyacá,2017-05-19 15:14:00,4,650.0,2017-01-18 05:00:00,miercoles,30,Normal,Seca y limpia,Plano,Terraplen,Curva Derecha,Transito normal con precaución,0,0,0,0,1.0,Choque,fallas mecanicas y del sistema electrico,5503_1_4,11.0,13.0
Boyacá,2017-05-19 15:18:00,16,0.0,2017-01-19 05:00:00,jueves,30,Normal,Seca y limpia,Ondulado,Media Ladera Derecha,Curva Derecha,Transito normal con precaución,0,0,0,0,1.0,Salida de la vía sin volcarse,exceso de velocidad,5503_1_16,20.0,4.0
Boyacá,2017-05-19 16:47:00,117,200.0,2017-01-20 05:00:00,viernes,30,Normal,Seca y limpia,Montañoso,Media Ladera Derecha,Recta,Transito normal con precaución,0,0,0,0,1.0,Choque,imprudencia del conductor,5503_1_117,18.0,6.0
Boyacá,2017-05-24 19:04:00,64,400.0,2017-04-12 05:00:00,miercoles,10,Lluvia,Humeda,Montañoso,Terraplen,Recta,Transito normal con precaución,0,0,3,0,1.0,Atropello,conducta de peatones,5503_1_64,19.0,5.0
Boyacá,2017-05-24 19:12:00,23,250.0,2017-04-13 05:00:00,jueves,15,Normal,Seca y limpia,Ondulado,Terraplen,Recta,Transito normal con precaución,0,0,1,0,1.0,Choque,maniobras imprudentes,5503_1_23,6.0,18.0
Boyacá,2017-05-24 20:11:00,48,530.0,2017-04-13 05:00:00,jueves,50,Normal,Seca y limpia,Ondulado,Media Ladera Derecha,Curva Derecha,Transito normal con precaución,0,0,4,0,1.0,Choque,exceso de velocidad,5503_1_48,9.0,15.0
Boyacá,2017-05-31 15:47:00,30,180.0,2017-01-01 05:00:00,domingo,0,Normal,Seca y limpia,Ondulado,Media ladera Izquierda,Curva Derecha,Transito normal con precaución,0,0,0,0,1.0,Choque,fallas mecanicas y del sistema electrico,5503_1_30,5.0,19.0
Boyacá,2017-05-31 16:59:00,16,100.0,2017-02-18 05:00:00,sabado,0,Normal,Seca y limpia,Ondulado,Media Ladera Derecha,Curva Izquierda,Transito normal con precaución,0,0,0,0,1.0,Volcamiento,exceso de velocidad,5503_1_16,12.0,12.0
Boyacá,2017-05-31 21:16:00,32,399.0,2017-04-07 05:00:00,viernes,30,Lluvia,Humeda,Ondulado,Media ladera Izquierda,Curva Derecha,Transito normal con precaución,0,0,0,0,1.0,Choque,maniobras imprudentes,5503_1_32,14.0,10.0
Boyacá,2017-06-05 14:34:00,30,220.0,2017-05-05 05:00:00,viernes,30,Normal,Seca y limpia,Ondulado,Media Ladera Derecha,Curva Izquierda,Transito normal con precaución,0,0,0,0,1.0,Volcamiento,exceso de velocidad,5503_1_30,14.0,10.0
Boyacá,2017-06-05 14:58:00,17,260.0,2017-05-12 05:00:00,viernes,0,Normal,Seca y limpia,Ondulado,Media Ladera Derecha,Recta,Transito normal con precaución,0,0,0,0,1.0,Choque,maniobras imprudentes,5503_1_17,4.0,20.0
Boyacá,2017-06-05 15:38:00,16,0.0,2017-05-14 05:00:00,domingo,50,Lluvia,Humeda,Ondulado,Media ladera Izquierda,Curva Izquierda,Transito normal con precaución,0,0,0,0,1.0,Salida de la vía sin volcarse,condiciones de la via y factores ambientales,5503_1_16,22.0,2.0
Boyacá,2017-07-04 19:26:00,8,120.0,2017-06-01 05:00:00,jueves,30,Normal,Seca y limpia,Ondulado,Terraplen,Curva Izquierda,Transito normal con precaución,0,0,1,0,1.0,Choque,imprudencia del conductor,5503_1_8,17.0,7.0
Boyacá,2017-07-05 13:26:00,38,400.0,2017-06-09 05:00:00,viernes,30,Lluvia,Humeda,Montañoso,Media Ladera Derecha,Curva Derecha,Transito normal con precaución,0,0,0,0,1.0,Salida de la vía sin volcarse,condiciones de la via y factores ambientales,5503_1_38,10.0,14.0
Boyacá,2017-07-05 13:31:00,38,400.0,2017-06-14 05:00:00,miercoles,15,Normal,Seca y limpia,Ondulado,Media Ladera Derecha,Curva Derecha,Transito normal con precaución,0,0,0,0,1.0,Choque,imprudencia del conductor,5503_1_38,18.0,6.0
Boyacá,2017-07-05 13:40:00,60,700.0,2017-06-23 05:00:00,viernes,0,Normal,Seca y limpia,Montañoso,Terraplen,Recta,Transito normal con precaución,0,0,0,0,1.0,Salida de la vía sin volcarse,desobediencia a normas y senales,5503_1_60,18.0,6.0
Boyacá,2017-07-05 13:49:00,34,500.0,2017-06-24 05:00:00,sabado,50,Lluvia,Humeda,Ondulado,Media Ladera Derecha,Curva Izquierda,Transito normal con precaución,0,0,0,0,1.0,Salida de la vía sin volcarse,condiciones de la via y factores ambientales,5503_1_34,19.0,5.0
Boyacá,2017-07-05 13:52:00,53,150.0,1969-12-31 23:49:00,martes,0,Normal,Seca y limpia,Montañoso,Media ladera Izquierda,Curva Izquierda,Transito normal con precaución,0,0,2,0,1.0,Choque,exceso de velocidad,5503_1_53,19.0,5.0
Boyacá,2017-07-05 13:54:00,16,40.0,2017-06-24 05:00:00,sabado,15,Lluvia,Humeda,Ondulado,Media ladera Izquierda,Curva Izquierda,Transito normal con precaución,0,0,0,0,1.0,Salida de la vía sin volcarse,condiciones de la via y factores ambientales,5503_1_16,22.0,2.0
Boyacá,2017-07-05 13:57:00,55,980.0,2017-06-28 05:00:00,miercoles,15,Normal,Seca y limpia,Montañoso,Media ladera Izquierda,Recta,Transito normal con precaución,0,0,0,0,1.0,Volcamiento,fallas mecanicas y del sistema electrico,5503_1_55,16.0,8.0
Boyacá,2017-07-24 14:44:00,20,380.0,2017-06-04 05:00:00,domingo,3,Normal,Seca y limpia,Plano,Terraplen,Recta,Transito normal con precaución,0,0,1,0,1.0,Choque,imprudencia del conductor,5503_1_20,18.0,6.0
Boyacá,2017-07-24 16:45:00,56,180.0,2017-07-04 05:00:00,martes,20,Normal,Seca y limpia,Montañoso,Media ladera Izquierda,Recta,Transito normal con precaución,0,0,0,0,1.0,Choque,imprudencia del conductor,5503_1_56,6.0,18.0
Boyacá,2017-07-24 16:47:00,83,500.0,2017-07-05 05:00:00,miercoles,0,Normal,Seca y limpia,Ondulado,Media Ladera Derecha,Curva Izquierda,Transito normal con precaución,0,0,1,0,1.0,Volcamiento,imprudencia del conductor,5503_1_83,16.0,8.0
Boyacá,2017-07-24 16:50:00,41,600.0,2017-07-08 05:00:00,sabado,0,Lluvia,Humeda,Ondulado,Media Ladera Derecha,Curva Izquierda,Transito normal con precaución,0,0,1,0,1.0,Choque,condiciones de la via y factores ambientales,5503_1_41,22.0,2.0
Boyacá,2017-07-24 16:53:00,20,800.0,2017-07-10 05:00:00,lunes,30,Normal,Seca y limpia,Plano,Terraplen,Recta,Transito normal con precaución,0,0,0,0,1.0,Choque,imprudencia del conductor,5503_1_20,16.0,8.0
Boyacá,2017-07-24 16:55:00,105,960.0,2017-07-15 05:00:00,sabado,30,Lluvia,Humeda,Escarpado,Media ladera Izquierda,Recta,Transito normal con precaución,0,0,0,0,1.0,Volcamiento,defectos fisicos y psiquicos,5503_1_105,12.0,12.0
Boyacá,2017-07-24 16:59:00,97,790.0,2017-07-20 05:00:00,jueves,50,Normal,Seca y limpia,Plano,Media ladera Izquierda,Curva Derecha,Transito normal con precaución,0,0,4,0,1.0,Volcamiento,exceso en horas de conduccion,5503_1_97,15.0,9.0
Boyacá,2017-07-25 13:45:00,38,400.0,2017-07-23 05:00:00,domingo,0,Lluvia,Humeda,Ondulado,Media Ladera Derecha,Curva Izquierda,Transito normal con precaución,0,0,0,0,1.0,Salida de la vía sin volcarse,condiciones de la via y factores ambientales,5503_1_38,17.0,7.0
Boyacá,2017-07-25 13:53:00,21,280.0,2017-07-11 05:00:00,martes,45,Normal,Seca y limpia,Plano,Terraplen,Recta,Transito normal con precaución,0,0,0,0,1.0,Choque,imprudencia del conductor,5503_1_21,16.0,8.0
Boyacá,2017-07-27 12:51:00,71,60.0,2017-07-26 05:00:00,miercoles,10,Normal,Seca y limpia,Montañoso,Media Ladera Derecha,Curva Izquierda,Transito normal con precaución,0,0,1,0,1.0,Choque,imprudencia del conductor,5503_1_71,9.0,15.0
Boyacá,2017-07-31 15:16:00,28,560.0,2017-07-30 05:00:00,domingo,30,Lluvia,Humeda,Ondulado,Terraplen,Curva Derecha,Transito normal con precaución,0,0,2,0,1.0,Choque,condiciones de la via y factores ambientales,5503_1_28,11.0,13.0
Boyacá,2017-09-04 17:29:00,75,500.0,2017-08-12 05:00:00,sabado,0,Lluvia,Humeda,Montañoso,Media Ladera Derecha,Curva Izquierda,Transito normal con precaución,0,0,1,0,1.0,Choque,exceso de velocidad,5503_1_75,16.0,8.0
Boyacá,2017-09-04 17:37:00,38,400.0,2017-08-15 05:00:00,martes,30,Lluvia,Humeda,Ondulado,Media Ladera Derecha,Curva Derecha,Transito normal con precaución,0,0,0,0,1.0,Choque,condiciones de la via y factores ambientales,5503_1_38,9.0,15.0
Boyacá,2017-09-04 20:04:00,31,840.0,2017-08-18 05:00:00,viernes,15,Lluvia,Humeda,Ondulado,Media Ladera Derecha,Curva Derecha,Transito normal con precaución,0,0,1,0,1.0,Choque,condiciones de la via y factores ambientales,5503_1_31,18.0,6.0
Boyacá,2017-09-06 21:40:00,86,266.0,2017-08-20 05:00:00,domingo,0,Normal,Seca y limpia,Montañoso,Media ladera Izquierda,Curva Derecha,Transito normal con precaución,0,0,2,0,1.0,Choque,imprudencia del conductor,5503_1_86,19.0,5.0
Boyacá,2017-09-05 22:59:00,5,656.0,2017-08-17 05:00:00,jueves,0,Lluvia,Humeda,Plano,Media ladera Izquierda,Recta,Transito normal con precaución,0,0,0,0,1.0,Salida de la vía sin volcarse,condiciones de la via y factores ambientales,5503_1_5,12.0,12.0
Boyacá,2017-09-05 23:12:00,128,260.0,2017-08-30 05:00:00,miercoles,30,Normal,Seca y limpia,Montañoso,Media ladera Izquierda,Curva Derecha,Transito normal con precaución,0,0,0,0,1.0,Volcamiento,fallas mecanicas y del sistema electrico,5503_1_128,14.0,10.0
Boyacá,2017-09-05 23:15:00,16,10.0,2017-09-02 05:00:00,sabado,0,Lluvia,Humeda,Ondulado,Media Ladera Derecha,Curva Izquierda,Transito normal con precaución,0,0,0,0,1.0,Salida de la vía sin volcarse,fallas mecanicas y del sistema electrico,5503_1_16,8.0,16.0
Boyacá,2017-09-05 23:18:00,23,858.0,2017-09-04 05:00:00,lunes,10,Lluvia,Humeda,Plano,Terraplen,Recta,Transito normal con precaución,0,0,0,0,1.0,Choque,desobediencia a normas y senales,5503_1_23,12.0,12.0
Boyacá,2017-09-05 23:22:00,27,395.0,2017-09-05 05:00:00,martes,30,Normal,Seca y limpia,Plano,Terraplen,Recta,Transito normal con precaución,0,0,1,0,1.0,Choque,maniobras imprudentes,5503_1_27,20.0,4.0
Boyacá,2017-09-14 00:00:00,126,780.0,2017-08-06 05:00:00,domingo,20,Normal,Seca y limpia,Escarpado,Media ladera Izquierda,Curva Izquierda,Transito normal con precaución,0,0,17,1,1.0,Volcamiento,exceso de velocidad,5503_1_126,17.0,7.0
Boyacá,2017-10-10 00:36:00,17,830.0,2017-09-08 05:00:00,viernes,30,Lluvia,Humeda,Ondulado,Media Ladera Derecha,Curva Izquierda,Transito normal con precaución,0,0,0,0,1.0,Salida de la vía sin volcarse,condiciones de la via y factores ambientales,5503_1_17,12.0,12.0
Boyacá,2017-10-10 00:43:00,12,497.0,2017-09-08 05:00:00,viernes,5,Lluvia,Humeda,Plano,Terraplen,Recta,Transito normal con precaución,0,0,0,0,1.0,Salida de la vía sin volcarse,desobediencia a normas y senales,5503_1_12,4.0,20.0
Boyacá,2017-10-10 00:48:00,82,350.0,2017-09-08 05:00:00,viernes,45,Lluvia,Humeda,Ondulado,Media Ladera Derecha,Curva Izquierda,Transito normal con precaución,0,0,0,0,1.0,Salida de la vía sin volcarse,condiciones de la via y factores ambientales,5503_1_82,14.0,10.0
Boyacá,2017-10-10 00:56:00,65,150.0,2017-09-13 05:00:00,miercoles,30,Normal,Seca y limpia,Plano,Terraplen,Recta,Transito normal con precaución,0,0,0,0,1.0,Volcamiento,exceso en horas de conduccion,5503_1_65,11.0,13.0
Boyacá,2017-10-10 01:02:00,28,500.0,2017-09-15 05:00:00,viernes,0,Lluvia,Humeda,Ondulado,Terraplen,Curva Derecha,Transito normal con precaución,0,0,3,0,1.0,Volcamiento,condiciones de la via y factores ambientales,5503_1_28,10.0,14.0
Boyacá,2017-10-10 01:10:00,127,100.0,2017-09-16 05:00:00,sabado,30,Normal,Seca y limpia,Escarpado,Media ladera Izquierda,Curva Izquierda,Transito normal con precaución,0,0,0,0,1.0,Choque,estacionamiento y senalizacion imprudente,5503_1_127,18.0,6.0
Boyacá,2017-10-10 01:16:00,39,160.0,2017-09-18 05:00:00,lunes,10,Lluvia,Humeda,Montañoso,Media Ladera Derecha,Curva Izquierda,Transito normal con precaución,0,0,0,0,1.0,Choque,condiciones de la via y factores ambientales,5503_1_39,9.0,15.0
Boyacá,2017-10-10 01:19:00,4,880.0,2017-09-20 05:00:00,miercoles,10,Normal,Seca y limpia,Plano,Media ladera Izquierda,Curva Derecha,Transito normal con precaución,0,0,1,0,1.0,Salida de la vía sin volcarse,exceso de velocidad,5503_1_4,10.0,14.0
Boyacá,2017-10-10 01:26:00,47,350.0,2017-09-30 05:00:00,sabado,0,Normal,Seca y limpia,Plano,Media ladera Izquierda,Curva Derecha,Transito normal con precaución,0,0,0,0,1.0,Choque,no mantener distancia de seguridad,5503_1_47,5.0,19.0
Boyacá,2017-11-08 20:44:00,16,20.0,2017-10-11 05:00:00,miercoles,40,Lluvia,Humeda,Ondulado,Media Ladera Derecha,Curva Izquierda,Transito normal con precaución,0,0,0,0,1.0,Salida de la vía sin volcarse,condiciones de la via y factores ambientales,5503_1_16,22.0,2.0
Boyacá,2017-11-08 20:48:00,4,450.0,2017-10-12 05:00:00,jueves,5,Normal,Seca y limpia,Ondulado,Media ladera Izquierda,Curva Derecha,Transito normal con precaución,0,0,0,0,1.0,Choque,imprudencia del conductor,5503_1_4,22.0,2.0
Boyacá,2017-11-08 20:52:00,34,760.0,2017-10-27 05:00:00,viernes,30,Lluvia,Humeda,Ondulado,Media Ladera Derecha,Curva Izquierda,Transito normal con precaución,0,0,0,0,1.0,Choque,condiciones de la via y factores ambientales,5503_1_34,18.0,6.0
Boyacá,2017-11-08 21:03:00,38,500.0,2017-10-29 05:00:00,domingo,30,Lluvia,Humeda,Ondulado,Media ladera Izquierda,Curva Izquierda,Transito normal con precaución,0,0,3,0,1.0,Volcamiento,defectos fisicos y psiquicos,5503_1_38,16.0,8.0
Boyacá,2017-11-08 21:05:00,20,450.0,2017-10-06 05:00:00,viernes,50,Normal,Seca y limpia,Ondulado,Terraplen,Recta,Transito normal con precaución,0,0,0,0,1.0,Choque,adelantamientos indebidos,5503_1_20,10.0,14.0
Boyacá,2017-11-08 21:16:00,125,530.0,2017-10-08 05:00:00,domingo,20,Lluvia,Humeda,Escarpado,Media ladera Izquierda,Recta,Transito normal con precaución,0,0,0,0,1.0,Choque,no determinada,5503_1_125,16.0,8.0
Boyacá,2017-11-08 21:27:00,102,100.0,2017-10-21 05:00:00,sabado,0,Normal,Seca y limpia,Montañoso,Media ladera Izquierda,Curva Izquierda,Transito normal con precaución,0,0,1,0,1.0,Choque,condiciones de la via y factores ambientales,5503_1_102,3.0,21.0
Boyacá,2017-11-09 22:16:00,16,0.0,2017-10-15 05:00:00,domingo,10,Normal,Seca y limpia,Ondulado,Media Ladera Derecha,Curva Izquierda,Transito normal con precaución,0,0,0,0,1.0,Choque,imprudencia del conductor,5503_1_16,23.0,1.0
Boyacá,2017-11-16 17:11:00,24,1070.0,2017-11-01 05:00:00,miercoles,30,Sol,Seca y limpia,Plano,Media ladera Izquierda,Curva Izquierda,Transito normal con precaución,0,0,1,0,1.0,Choque,exceso de velocidad,5503_1_24,13.0,11.0
Boyacá,2017-11-16 17:14:00,67,230.0,2017-11-03 05:00:00,viernes,30,Lluvia,Humeda,Montañoso,Terraplen,Recta,Transito normal con precaución,0,0,0,0,1.0,Volcamiento,condiciones de la via y factores ambientales,5503_1_67,10.0,14.0
Boyacá,2017-11-16 20:36:00,25,20.0,2017-11-06 05:00:00,lunes,50,Lluvia,Humeda,Plano,Media ladera Izquierda,Recta,Transito normal con precaución,0,0,0,0,1.0,Volcamiento,condiciones de la via y factores ambientales,5503_1_25,18.0,6.0
Boyacá,2017-11-16 20:53:00,18,270.0,2017-11-14 05:00:00,martes,45,Normal,Seca y limpia,Ondulado,Terraplen,Curva Izquierda,Transito normal con precaución,0,0,0,0,1.0,Volcamiento,desobediencia a normas y senales,5503_1_18,12.0,12.0
Boyacá,2017-11-16 20:59:00,1,950.0,2017-11-14 05:00:00,martes,40,Normal,Seca y limpia,Plano,Terraplen,Recta,Transito normal con precaución,0,0,0,0,1.0,Choque,no mantener distancia de seguridad,5503_1_1,18.0,6.0
Boyacá,2017-11-17 13:35:00,15,952.0,2017-11-12 05:00:00,domingo,0,Normal,Seca y limpia,Ondulado,Terraplen,Curva Derecha,Transito normal con precaución,0,0,0,0,1.0,Salida de la vía sin volcarse,exceso en horas de conduccion,5503_1_15,10.0,14.0
Boyacá,2017-11-17 13:39:00,15,460.0,2017-11-15 05:00:00,miercoles,40,Lluvia,Humeda,Ondulado,Terraplen,Curva Izquierda,Transito normal con precaución,0,0,0,0,1.0,Choque,condiciones de la via y factores ambientales,5503_1_15,14.0,10.0
Boyacá,2017-11-17 13:44:00,51,845.0,2017-11-15 05:00:00,miercoles,0,Lluvia,Humeda,Plano,Cajón,Curva Derecha,Transito normal con precaución,0,0,0,0,1.0,Volcamiento,exceso de velocidad,5503_1_51,18.0,6.0
Boyacá,2017-12-01 16:04:00,38,400.0,2017-11-05 05:00:00,domingo,30,Lluvia,Humeda,Ondulado,Media Ladera Derecha,Curva Derecha,Transito normal con precaución,0,0,0,0,1.0,Salida de la vía sin volcarse,condiciones de la via y factores ambientales,5503_1_38,18.0,6.0
Boyacá,2017-12-01 16:10:00,38,400.0,2017-11-10 05:00:00,viernes,15,Lluvia,Humeda,Montañoso,Media Ladera Derecha,Curva Derecha,Transito normal con precaución,0,0,0,0,1.0,Choque,condiciones de la via y factores ambientales,5503_1_38,13.0,11.0
Boyacá,2017-12-01 16:12:00,38,400.0,2017-11-17 05:00:00,viernes,30,Lluvia,Humeda,Ondulado,Media Ladera Derecha,Curva Izquierda,Transito normal con precaución,0,0,0,0,1.0,Choque,no determinada,5503_1_38,18.0,6.0
Boyacá,2017-12-01 16:15:00,29,340.0,2017-11-25 05:00:00,sabado,30,Lluvia,Humeda,Ondulado,Media Ladera Derecha,Curva Izquierda,Transito normal con precaución,0,0,2,0,1.0,Choque,condiciones de la via y factores ambientales,5503_1_29,14.0,10.0
Boyacá,2017-12-04 16:24:00,48,500.0,2017-11-30 05:00:00,jueves,0,Lluvia,Humeda,Montañoso,Media ladera Izquierda,Curva Derecha,Transito normal con precaución,0,0,0,0,1.0,Choque,exceso de velocidad,5503_1_48,14.0,10.0
Boyacá,2017-12-05 15:03:00,109,700.0,2017-11-12 05:00:00,domingo,5,Normal,Seca y limpia,Montañoso,Media ladera Izquierda,Curva Derecha,Transito normal con precaución,0,0,0,0,1.0,Choque,adelantamientos indebidos,5503_1_109,19.0,5.0
Boyacá,2017-12-26 23:03:00,57,980.0,2017-12-06 05:00:00,miercoles,10,Normal,Seca y limpia,Montañoso,Media ladera Izquierda,Curva Izquierda,Transito normal con precaución,0,0,0,0,1.0,Volcamiento,defectos fisicos y psiquicos,5503_1_57,11.0,13.0
Boyacá,2017-12-26 23:06:00,16,54.0,2017-12-12 05:00:00,martes,30,Lluvia,Humeda,Ondulado,Media Ladera Derecha,Curva Izquierda,Transito normal con precaución,0,0,0,0,1.0,Salida de la vía sin volcarse,condiciones de la via y factores ambientales,5503_1_16,12.0,12.0
Boyacá,2017-12-26 23:15:00,40,420.0,2017-12-20 05:00:00,miercoles,30,Sol,Seca y limpia,Ondulado,Media Ladera Derecha,Curva Izquierda,Transito normal con precaución,0,0,0,0,1.0,Volcamiento,fallas mecanicas y del sistema electrico,5503_1_40,17.0,7.0
Boyacá,2017-12-26 23:17:00,25,400.0,2017-12-22 05:00:00,viernes,30,Normal,Seca y limpia,Plano,Terraplen,Recta,Transito normal con precaución,0,0,0,0,1.0,Atropello,condiciones de la via y factores ambientales,5503_1_25,19.0,5.0
Boyacá,2017-12-26 23:19:00,16,30.0,2017-12-24 05:00:00,domingo,20,Normal,Seca y limpia,Ondulado,Media Ladera Derecha,Curva Izquierda,Transito normal con precaución,0,0,0,0,1.0,Volcamiento,exceso de velocidad,5503_1_16,12.0,12.0
Boyacá,2017-12-29 15:38:00,46,500.0,2017-12-26 05:00:00,martes,30,Lluvia,Humeda,Plano,Media Ladera Derecha,Curva Derecha,Transito normal con precaución,0,0,0,0,1.0,Salida de la vía sin volcarse,exceso de velocidad,5503_1_46,3.0,21.0
Boyacá,2017-12-29 15:40:00,48,500.0,2017-12-27 05:00:00,miercoles,10,Lluvia,Humeda,Plano,Media Ladera Derecha,Curva Derecha,Transito normal con precaución,0,0,0,0,1.0,Salida de la vía sin volcarse,exceso de velocidad,5503_1_48,16.0,8.0
Boyacá,2017-12-29 15:42:00,28,510.0,2017-12-27 05:00:00,miercoles,0,Lluvia,Humeda,Ondulado,Terraplen,Curva Derecha,Transito normal con precaución,0,0,1,0,1.0,Choque,exceso de velocidad,5503_1_28,22.0,2.0
Boyacá,2017-12-29 16:04:00,48,540.0,2017-12-28 05:00:00,jueves,40,Lluvia,Humeda,Plano,Media Ladera Derecha,Curva Derecha,Transito normal con precaución,0,0,0,0,1.0,Salida de la vía sin volcarse,exceso de velocidad,5503_1_48,0.0,0.0
Boyacá,2017-12-29 16:39:00,48,530.0,2017-12-28 05:00:00,jueves,30,Lluvia,Humeda,Plano,Media Ladera Derecha,Curva Derecha,Transito normal con precaución,0,0,3,0,1.0,Choque,exceso de velocidad,5503_1_48,13.0,11.0
Boyacá,2017-12-29 16:42:00,15,840.0,2017-12-29 05:00:00,viernes,30,Normal,Seca y limpia,Ondulado,Media Ladera Derecha,Recta,Transito normal con precaución,0,0,0,0,1.0,Salida de la vía sin volcarse,condiciones de la via y factores ambientales,5503_1_15,11.0,13.0
Boyacá,2018-01-03 14:54:00,38,720.0,2017-12-30 05:00:00,sabado,30,Lluvia,Humeda,Ondulado,Media Ladera Derecha,Curva Derecha,Transito normal con precaución,0,0,0,0,1.0,Salida de la vía sin volcarse,exceso de velocidad,5503_1_38,23.0,1.0
Boyacá,2018-01-04 19:37:00,2,20.0,2017-12-22 05:00:00,viernes,25,Normal,Seca y limpia,Plano,Terraplen,Curva Izquierda,Transito normal con precaución,0,0,0,1,1.0,Atropello,embriaguez o sustancias alucinogenas,5503_1_2,23.0,1.0
Boyacá,2018-01-29 19:40:00,31,60.0,2018-01-01 05:00:00,lunes,0,Normal,Seca y limpia,Ondulado,Media Ladera Derecha,Curva Derecha,Transito normal con precaución,0,0,0,0,1.0,Salida de la vía sin volcarse,no determinada,5503_1_31,19.0,5.0
Boyacá,2018-01-29 19:42:00,63,660.0,2018-01-02 05:00:00,martes,0,Normal,Seca y limpia,Montañoso,Terraplen,Curva Izquierda,Transito normal con precaución,0,0,0,0,1.0,Volcamiento,imprudencia del conductor,5503_1_63,13.0,11.0
Boyacá,2018-01-29 19:54:00,32,600.0,2018-01-03 05:00:00,miercoles,47,Lluvia,Humeda,Ondulado,Media Ladera Derecha,Curva Izquierda,Transito normal con precaución,0,0,0,0,1.0,Choque,exceso de velocidad,5503_1_32,13.0,11.0