territorial,fecha_registro,pr,distancia_pr,fecha_acc,dia_semana_acc,min_acc,condic_meteor,estado_super,terreno,secc_tip,geometria_acc,tipo_cierre,horas_cierre,min_cierre,n_heridos,n_muertos,n_victimas,clase_accidente,causa_posible,ref_loc,hora_acc,duracion_cierre_horas
Boyacá,2018-01-29 19:55:00,28,520.0,2018-01-08 05:00:00,lunes,0,Lluvia,Humeda,Ondulado,Terraplen,Curva Derecha,Transito normal con precaución,0,0,1,0,1.0,Choque,exceso de velocidad,5503_1_28,22.0,2.0
Boyacá,2018-01-29 19:57:00,30,627.0,2018-01-08 05:00:00,lunes,40,Lluvia,Humeda,Ondulado,Terraplen,Curva Izquierda,Transito normal con precaución,0,0,0,0,1.0,Choque,exceso de velocidad,5503_1_30,17.0,7.0
Boyacá,2018-01-29 19:58:00,31,60.0,2018-01-08 05:00:00,lunes,0,Lluvia,Humeda,Ondulado,Media Ladera Derecha,Curva Derecha,Transito normal con precaución,0,0,0,0,1.0,Choque,exceso de velocidad,5503_1_31,15.0,9.0
Boyacá,2018-01-29 20:12:00,109,720.0,2018-01-09 05:00:00,martes,0,Normal,Seca y limpia,Montañoso,Media ladera Izquierda,Curva Izquierda,Transito normal con precaución,0,0,0,0,1.0,Volcamiento,exceso de velocidad,5503_1_109,17.0,7.0
Boyacá,2018-01-29 20:19:00,32,600.0,2018-01-13 05:00:00,sabado,30,Lluvia,Humeda,Ondulado,Media Ladera Derecha,Curva Izquierda,Transito normal con precaución,0,0,0,0,1.0,Choque,exceso de velocidad,5503_1_32,6.0,18.0
Boyacá,2018-01-29 20:21:00,36,780.0,2018-01-28 05:00:00,domingo,0,Normal,Seca y limpia,Ondulado,Media Ladera Derecha,Curva Izquierda,Transito normal con precaución,0,0,0,0,1.0,Volcamiento,fallas mecanicas y del sistema electrico,5503_1_36,13.0,11.0
Boyacá,2018-01-30 13:59:00,51,530.0,2018-01-29 05:00:00,lunes,0,Lluvia,Humeda,Ondulado,Media ladera Izquierda,Curva Derecha,Transito normal con precaución,0,0,0,0,1.0,Volcamiento,exceso de velocidad,5503_1_51,12.0,12.0
Boyacá,2018-02-07 21:18:00,28,530.0,2018-01-02 05:00:00,martes,10,Lluvia,Humeda,Ondulado,Terraplen,Curva Derecha,Transito normal con precaución,0,0,0,0,1.0,Choque,desobediencia a normas y senales,5503_1_28,8.0,16.0
Boyacá,2018-02-07 21:21:00,38,420.0,2018-01-06 05:00:00,sabado,0,Normal,Seca y limpia,Ondulado,Media Ladera Derecha,Curva Derecha,Transito normal con precaución,0,0,0,0,1.0,Choque,adelantamientos indebidos,5503_1_38,19.0,5.0
Boyacá,2018-02-13 20:20:00,8,800.0,2018-01-29 05:00:00,lunes,40,Seca,Seca y limpia,Ondulado,Media Ladera Derecha,Recta,Transito normal con precaución,0,0,2,0,1.0,Choque,no mantener distancia de seguridad,5503_1_8,19.0,5.0
Boyacá,2018-02-26 21:31:00,70,500.0,2018-02-02 05:00:00,viernes,10,Lluvia,Humeda,Montañoso,Media Ladera Derecha,Curva Derecha,Transito normal con precaución,0,0,7,3,1.0,Volcamiento,desobediencia a normas y senales,5503_1_70,0.0,0.0
Boyacá,2018-02-27 16:38:00,44,65.0,2018-02-25 05:00:00,domingo,0,Lluvia,Humeda,Ondulado,Media Ladera Derecha,Curva Derecha,Transito normal con precaución,0,0,0,0,1.0,Salida de la vía sin volcarse,exceso de velocidad,5503_1_44,7.0,17.0
Boyacá,2018-03-07 13:47:00,65,810.0,2018-02-10 05:00:00,sabado,0,Normal,Seca y limpia,Montañoso,Media Ladera Derecha,Curva Derecha,Transito normal con precaución,0,0,0,0,1.0,Salida de la vía sin volcarse,exceso de velocidad,5503_1_65,22.0,2.0
Boyacá,2018-03-07 22:55:00,48,520.0,2018-02-17 05:00:00,sabado,15,Lluvia,Humeda,Ondulado,Media Ladera Derecha,Curva Izquierda,Transito normal con precaución,0,0,0,0,1.0,Choque,adelantamientos indebidos,5503_1_48,6.0,18.0
Boyacá,2018-03-07 22:56:00,32,600.0,2018-02-15 05:00:00,jueves,30,Lluvia,Humeda,Ondulado,Media Ladera Derecha,Curva Derecha,Transito normal con precaución,0,0,0,0,1.0,Choque,condiciones de la via y factores ambientales,5503_1_32,3.0,21.0
Boyacá,2018-04-12 22:04:00,16,755.0,2018-03-05 05:00:00,lunes,30,Lluvia,Humeda,Plano,Media Ladera Derecha,Curva Derecha,Transito normal con precaución,0,0,0,0,1.0,Choque,imprudencia del conductor,5503_1_16,18.0,6.0
Boyacá,2018-04-12 22:16:00,33,1020.0,2018-03-23 05:00:00,viernes,40,Lluvia,Humeda,Ondulado,Media Ladera Derecha,Curva Derecha,Transito normal con precaución,0,0,0,0,1.0,Choque,desobediencia a normas y senales,5503_1_33,9.0,15.0
Boyacá,2018-04-12 22:19:00,15,970.0,2018-03-23 05:00:00,viernes,0,Lluvia,Humeda,Ondulado,Terraplen,Curva Derecha,Transito normal con precaución,0,0,0,0,1.0,Volcamiento,desobediencia a normas y senales,5503_1_15,0.0,0.0
Boyacá,2018-04-12 23:09:00,7,760.0,2018-03-02 05:00:00,viernes,0,Normal,Seca y limpia,Ondulado,Cajón,Recta,Transito normal con precaución,0,0,0,0,1.0,Choque,imprudencia del conductor,5503_1_7,8.0,16.0
Boyacá,2018-04-12 23:11:00,30,640.0,2018-03-04 05:00:00,domingo,30,Lluvia,Humeda,Ondulado,Media ladera Izquierda,Curva Izquierda,Transito normal con precaución,0,0,0,0,1.0,Choque,desobediencia a normas y senales,5503_1_30,7.0,17.0
Boyacá,2018-04-12 23:19:00,16,540.0,2018-03-10 05:00:00,sabado,30,Normal,Seca y limpia,Ondulado,Media Ladera Derecha,Recta,Transito normal con precaución,0,0,0,1,1.0,Choque,defectos fisicos y psiquicos,5503_1_16,14.0,10.0
Boyacá,2018-04-12 23:33:00,20,800.0,2018-03-18 05:00:00,domingo,15,Normal,Seca y limpia,Ondulado,Media ladera Izquierda,Curva Izquierda,Transito normal con precaución,0,0,0,0,1.0,Choque,no mantener distancia de seguridad,5503_1_20,19.0,5.0
Boyacá,2018-04-12 23:42:00,33,930.0,2018-03-22 05:00:00,jueves,0,Normal,Seca y limpia,Ondulado,Media Ladera Derecha,Curva Izquierda,Transito normal con precaución,0,0,0,0,1.0,Choque,no determinada,5503_1_33,9.0,15.0
Boyacá,2018-04-12 23:45:00,31,900.0,2018-03-31 05:00:00,sabado,35,Lluvia,Humeda,Ondulado,Media ladera Izquierda,Curva Derecha,Transito normal con precaución,0,0,1,0,1.0,Choque,exceso de velocidad,5503_1_31,17.0,7.0
Risaralda,2017-05-31 15:32:00,30,500.0,2017-03-15 05:00:00,miercoles,50,Normal,Seca y limpia,Plano,Terraplen,Recta,Transito normal con precaución,0,0,1,0,1.0,Choque,no mantener distancia de seguridad,50RS01_1_30,23.0,1.0
Risaralda,2017-07-22 17:05:00,24,250.0,2017-05-06 05:00:00,sabado,10,Lluvia,Humeda,Plano,Media ladera Izquierda,Recta,Transito normal con precaución,0,0,1,1,1.0,Caída de carga,no determinada,50RS01_1_24,18.0,6.0
Risaralda,2017-08-12 14:54:00,32,200.0,2017-06-02 05:00:00,viernes,0,Normal,Seca y limpia,Plano,Terraplen,Recta,Transito normal con precaución,0,0,0,0,1.0,Choque,no determinada,50RS01_1_32,11.0,13.0
Risaralda,2017-09-28 20:38:00,23,522.0,2017-07-12 05:00:00,miercoles,0,Normal,Seca y limpia,Ondulado,Cajón,Curva Izquierda,Transito normal con precaución,0,0,1,0,1.0,Caída ocupante,conducta de pasajeros,50RS01_1_23,17.0,7.0
Risaralda,2017-10-04 17:10:00,31,800.0,2017-07-22 05:00:00,sabado,58,Normal,Seca y limpia,Plano,Terraplen,Recta,Transito normal con precaución,0,0,1,0,1.0,Atropello,exceso de velocidad,50RS01_1_31,3.0,21.0
Risaralda,2017-10-25 14:46:00,13,830.0,2017-09-10 05:00:00,domingo,15,Normal,Seca y limpia,Plano,Media Ladera Derecha,Curva Derecha,Transito normal con precaución,0,0,1,0,1.0,Choque,no determinada,50RS01_1_13,12.0,12.0
Risaralda,2017-12-21 15:47:00,25,700.0,2017-11-05 05:00:00,domingo,0,Normal,Seca y limpia,Plano,Terraplen,Curva Izquierda,Transito normal con precaución,0,0,1,0,1.0,Choque,adelantamientos indebidos,50RS01_1_25,14.0,10.0
Risaralda,2017-12-21 17:04:00,31,950.0,2017-11-15 05:00:00,miercoles,40,Normal,Seca y limpia,Plano,Terraplen,Recta,Transito normal con precaución,0,0,0,0,1.0,Choque,estacionamiento y senalizacion imprudente,50RS01_1_31,13.0,11.0
Risaralda,2017-12-22 15:55:00,14,300.0,2017-11-26 05:00:00,domingo,0,Normal,Seca y limpia,Plano,Media ladera Izquierda,Recta,Transito normal con precaución,0,0,1,0,1.0,Caída ocupante,desobediencia a normas y senales,50RS01_1_14,23.0,1.0
Risaralda,2018-01-16 20:14:00,31,860.0,2017-12-01 05:00:00,viernes,30,Normal,Seca y limpia,Plano,Terraplen,Recta,Transito normal con precaución,0,0,0,0,1.0,Choque,maniobras imprudentes,50RS01_1_31,8.0,16.0
Risaralda,2018-01-18 14:33:00,27,200.0,2017-12-08 05:00:00,viernes,0,Normal,Seca y limpia,Plano,Terraplen,Recta,Transito normal con precaución,0,0,0,0,1.0,Choque,no mantener distancia de seguridad,50RS01_1_27,20.0,4.0
Cundinamarca,2017-10-10 19:44:00,13,700.0,2017-01-25 05:00:00,miercoles,40,Seca,Seca y limpia,Montañoso,Terraplen,Recta,Transito normal con precaución,0,55,1,0,1.0,Choque,condiciones de la via y factores ambientales,50CN03_0_13,7.0,17.0
Cundinamarca,2017-10-10 19:51:00,12,740.0,2017-05-10 05:00:00,miercoles,30,Seca,Seca y limpia,Plano,Terraplen,Curva Izquierda,Parcial con reducción de carriles,1,30,0,0,1.0,Choque,adelantamientos indebidos,50CN03_0_12,18.0,7.0
Cundinamarca,2017-09-07 15:33:00,24,400.0,2017-08-18 05:00:00,viernes,40,Seca,Seca y limpia,Ondulado,Media ladera Izquierda,Recta,Transito normal con precaución,0,0,0,1,1.0,Volcamiento,exceso de velocidad,50CN01_2_24,21.0,3.0
Cundinamarca,2017-08-15 21:09:00,44,500.0,2017-05-12 05:00:00,viernes,45,Normal,Seca y limpia,Ondulado,Media Ladera Derecha,Curva Derecha,Transito normal con precaución,0,0,0,0,1.0,Choque,adelantamientos indebidos,5008_2_44,3.0,21.0
Cundinamarca,2017-08-15 21:15:00,36,60.0,2017-05-23 05:00:00,martes,10,Normal,Seca y limpia,Ondulado,Media ladera Izquierda,Curva Izquierda,Transito normal con precaución,0,0,1,0,1.0,Choque,maniobras imprudentes,5008_2_36,11.0,13.0
Cundinamarca,2017-08-15 21:17:00,12,730.0,2017-05-24 05:00:00,miercoles,10,Normal,Seca y limpia,Ondulado,Media ladera Izquierda,Curva Izquierda,Transito normal con precaución,0,0,0,0,1.0,Volcamiento,maniobras imprudentes,5008_2_12,20.0,4.0
Cundinamarca,2017-08-15 21:18:00,45,500.0,2017-05-28 05:00:00,domingo,30,Normal,Seca y limpia,Ondulado,Media Ladera Derecha,Curva Derecha,Transito normal con precaución,0,0,0,0,1.0,Choque,adelantamientos indebidos,5008_2_45,8.0,16.0
Cundinamarca,2017-08-15 21:22:00,35,500.0,2017-06-08 05:00:00,jueves,30,Lluvia,Humeda,Ondulado,Media ladera Izquierda,Curva Izquierda,Transito normal con precaución,0,0,0,0,1.0,Choque,desobediencia a normas y senales,5008_2_35,23.0,1.0
Cundinamarca,2017-08-15 21:23:00,42,800.0,2017-06-09 05:00:00,viernes,15,Lluvia,Humeda,Ondulado,Media Ladera Derecha,Recta,Transito normal con precaución,0,0,0,0,1.0,Choque,desobediencia a normas y senales,5008_2_42,22.0,2.0
Cundinamarca,2018-02-06 20:17:00,35,950.0,2018-01-17 05:00:00,miercoles,0,Lluvia,Humeda,Ondulado,Media ladera Izquierda,Curva Derecha,Transito normal con precaución,0,0,0,0,1.0,Choque,desobediencia a normas y senales,5008_2_35,12.0,12.0
Cundinamarca,2018-02-06 20:19:00,36,700.0,2018-01-19 05:00:00,viernes,0,Normal,Seca y limpia,Ondulado,Media ladera Izquierda,Curva Izquierda,Transito normal con precaución,0,0,0,0,1.0,Choque,desobediencia a normas y senales,5008_2_36,14.0,10.0
Cundinamarca,2017-05-17 22:04:00,47,250.0,2017-04-05 05:00:00,miercoles,0,Normal,Seca y limpia,Montañoso,Media ladera Izquierda,Curva Izquierda,Transito normal con precaución,0,0,0,0,1.0,Choque,adelantamientos indebidos,5008_2_47,3.0,21.0
Cundinamarca,2017-05-17 22:12:00,21,100.0,2017-04-06 05:00:00,jueves,0,Normal,Seca y limpia,Ondulado,Media ladera Izquierda,Recta,Transito normal con precaución,0,0,0,0,1.0,Choque,maniobras imprudentes,5008_2_21,1.0,23.0
Cundinamarca,2017-08-15 13:38:00,63,700.0,2016-12-02 05:00:00,viernes,0,Seca,Seca y limpia,Montañoso,Media ladera Izquierda,Recta,Transito normal con precaución,0,0,1,0,1.0,Choque,maniobras imprudentes,5008_2_63,11.0,13.0
Cundinamarca,2017-08-15 13:49:00,51,700.0,2016-12-03 05:00:00,sabado,50,Lluvia,Humeda,Montañoso,Media ladera Izquierda,Curva Izquierda,Transito normal con precaución,0,0,0,0,1.0,Choque,no mantener distancia de seguridad,5008_2_51,8.0,16.0
Cundinamarca,2017-08-15 13:55:00,39,400.0,2016-12-03 05:00:00,sabado,45,Lluvia,Humeda,Montañoso,Media Ladera Derecha,Curva Izquierda,Transito normal con precaución,0,0,0,0,1.0,Choque,adelantamientos indebidos,5008_2_39,9.0,15.0
Cundinamarca,2017-08-15 13:59:00,22,800.0,2016-12-03 05:00:00,sabado,40,Lluvia,Humeda,Montañoso,Media ladera Izquierda,Recta,Transito normal con precaución,0,0,0,0,1.0,Choque,condiciones de la via y factores ambientales,5008_2_22,3.0,21.0
Cundinamarca,2017-08-15 14:01:00,40,500.0,2016-12-05 05:00:00,lunes,0,Normal,Seca y limpia,Montañoso,Media Ladera Derecha,Recta,Transito normal con precaución,0,0,0,0,1.0,Choque,no mantener distancia de seguridad,5008_2_40,6.0,18.0
Cundinamarca,2017-08-15 14:03:00,22,800.0,2016-12-06 05:00:00,martes,30,Lluvia,Humeda,Montañoso,Media ladera Izquierda,Recta,Transito normal con precaución,0,0,0,0,1.0,Choque,condiciones de la via y factores ambientales,5008_2_22,23.0,1.0
Cundinamarca,2017-08-15 14:06:00,53,140.0,2016-12-07 05:00:00,miercoles,0,Normal,Seca y limpia,Montañoso,Media ladera Izquierda,Recta,Transito normal con precaución,0,0,0,0,1.0,Choque,adelantamientos indebidos,5008_2_53,13.0,11.0
Cundinamarca,2017-08-15 14:07:00,42,800.0,2016-12-09 05:00:00,viernes,0,Normal,Seca y limpia,Montañoso,Media Ladera Derecha,Curva Derecha,Transito normal con precaución,0,0,0,0,1.0,Volcamiento,maniobras imprudentes,5008_2_42,13.0,11.0
Cundinamarca,2017-08-15 14:10:00,41,540.0,2016-12-10 05:00:00,sabado,10,Normal,Seca y limpia,Montañoso,Media Ladera Derecha,Curva Derecha,Transito normal con precaución,0,0,1,0,1.0,Volcamiento,maniobras imprudentes,5008_2_41,5.0,19.0
Cundinamarca,2017-08-15 14:14:00,57,800.0,2016-12-12 05:00:00,lunes,5,Normal,Seca y limpia,Montañoso,Media ladera Izquierda,Recta,Transito normal con precaución,0,0,0,0,1.0,Choque,no mantener distancia de seguridad,5008_2_57,5.0,19.0
Cundinamarca,2017-08-15 14:16:00,18,600.0,2016-12-16 05:00:00,viernes,10,Normal,Seca y limpia,Montañoso,Media ladera Izquierda,Recta,Transito normal con precaución,0,0,11,0,1.0,Choque,maniobras imprudentes,5008_2_18,18.0,6.0
Cundinamarca,2017-08-15 14:22:00,52,350.0,2016-12-17 05:00:00,sabado,40,Lluvia,Humeda,Montañoso,Media ladera Izquierda,Recta,Transito normal con precaución,0,0,0,0,1.0,Choque,maniobras imprudentes,5008_2_52,20.0,4.0
Cundinamarca,2017-08-15 14:24:00,51,650.0,2016-12-21 05:00:00,miercoles,20,Lluvia,Humeda,Montañoso,Media ladera Izquierda,Curva Derecha,Transito normal con precaución,0,0,0,0,1.0,Volcamiento,maniobras imprudentes,5008_2_51,17.0,7.0
Cundinamarca,2017-08-15 14:26:00,35,950.0,2016-12-21 05:00:00,miercoles,40,Lluvia,Humeda,Montañoso,Media ladera Izquierda,Curva Derecha,Transito normal con precaución,0,0,0,0,1.0,Choque,maniobras imprudentes,5008_2_35,11.0,13.0
Cundinamarca,2017-08-15 14:28:00,42,290.0,2016-12-23 05:00:00,viernes,0,Normal,Seca y limpia,Montañoso,Media Ladera Derecha,Recta,Transito normal con precaución,0,0,0,0,1.0,Choque,maniobras imprudentes,5008_2_42,8.0,16.0
Cundinamarca,2017-08-15 14:30:00,55,200.0,2016-12-24 05:00:00,sabado,50,Normal,Seca y limpia,Montañoso,Media Ladera Derecha,Curva Izquierda,Transito normal con precaución,0,0,0,0,1.0,Choque,fallas mecanicas y del sistema electrico,5008_2_55,10.0,14.0
Cundinamarca,2017-08-15 14:31:00,54,300.0,2016-12-25 05:00:00,domingo,30,Lluvia,Humeda,Montañoso,Media ladera Izquierda,Curva Izquierda,Transito normal con precaución,0,0,0,0,1.0,Choque,maniobras imprudentes,5008_2_54,8.0,16.0
Cundinamarca,2017-08-15 14:35:00,55,150.0,2016-12-27 05:00:00,martes,0,Lluvia,Humeda,Montañoso,Media Ladera Derecha,Curva Derecha,Transito normal con precaución,0,0,0,0,1.0,Choque,desobediencia a normas y senales,5008_2_55,7.0,17.0
Cundinamarca,2017-08-15 14:36:00,18,600.0,2016-12-27 05:00:00,martes,30,Normal,Seca y limpia,Montañoso,Media ladera Izquierda,Curva Derecha,Transito normal con precaución,0,0,0,0,1.0,Choque,no mantener distancia de seguridad,5008_2_18,12.0,12.0
Cundinamarca,2017-08-15 14:38:00,57,0.0,2016-12-28 05:00:00,miercoles,10,Normal,Seca y limpia,Montañoso,Media ladera Izquierda,Recta,Transito normal con precaución,0,0,0,0,1.0,Choque,desobediencia a normas y senales,5008_2_57,15.0,9.0
Cundinamarca,2017-08-15 14:40:00,41,800.0,2016-12-28 05:00:00,miercoles,5,Normal,Seca y limpia,Montañoso,Media ladera Izquierda,Curva Izquierda,Transito normal con precaución,0,0,0,0,1.0,Choque,no mantener distancia de seguridad,5008_2_41,10.0,14.0
Cundinamarca,2017-08-15 14:42:00,39,950.0,2016-12-31 05:00:00,sabado,50,Normal,Seca y limpia,Montañoso,Media ladera Izquierda,Curva Derecha,Transito normal con precaución,0,0,0,0,1.0,Choque,maniobras imprudentes,5008_2_39,15.0,9.0
Cundinamarca,2017-08-15 14:44:00,58,540.0,2016-12-31 05:00:00,sabado,40,Lluvia,Humeda,Montañoso,Media ladera Izquierda,Recta,Transito normal con precaución,0,0,0,0,1.0,Choque,exceso en horas de conduccion,5008_2_58,13.0,11.0
Cundinamarca,2017-08-15 14:46:00,42,550.0,2016-12-31 05:00:00,sabado,20,Lluvia,Humeda,Montañoso,Media Ladera Derecha,Recta,Transito normal con precaución,0,0,0,0,1.0,Volcamiento,maniobras imprudentes,5008_2_42,15.0,9.0
Cundinamarca,2017-08-15 14:54:00,14,800.0,2017-01-02 05:00:00,lunes,20,Normal,Seca y limpia,Montañoso,Media ladera Izquierda,Curva Izquierda,Transito normal con precaución,0,0,0,0,1.0,Choque,maniobras imprudentes,5008_2_14,7.0,17.0
Cundinamarca,2017-08-15 14:55:00,55,150.0,2017-01-04 05:00:00,miercoles,30,Normal,Seca y limpia,Montañoso,Media ladera Izquierda,Recta,Transito normal con precaución,0,0,0,0,1.0,Choque,no mantener distancia de seguridad,5008_2_55,18.0,6.0
Cundinamarca,2017-08-15 14:57:00,47,520.0,2017-01-04 05:00:00,miercoles,30,Normal,Seca y limpia,Montañoso,Media ladera Izquierda,Curva Izquierda,Transito normal con precaución,0,0,0,0,1.0,Volcamiento,maniobras imprudentes,5008_2_47,8.0,16.0
Cundinamarca,2017-08-15 14:59:00,14,550.0,2017-01-05 05:00:00,jueves,10,Lluvia,Humeda,Montañoso,Media ladera Izquierda,Curva Izquierda,Transito normal con precaución,0,0,0,0,1.0,Choque,maniobras imprudentes,5008_2_14,20.0,4.0
Cundinamarca,2017-08-15 15:01:00,25,220.0,2017-01-05 05:00:00,jueves,58,Lluvia,Humeda,Montañoso,Media Ladera Derecha,Curva Derecha,Transito normal con precaución,0,0,0,0,1.0,Choque,maniobras imprudentes,5008_2_25,23.0,1.0
Cundinamarca,2017-08-15 15:03:00,50,700.0,2017-01-05 05:00:00,jueves,5,Lluvia,Humeda,Plano,Terraplen,Recta,Transito normal con precaución,0,0,0,0,1.0,Choque,no mantener distancia de seguridad,5008_2_50,16.0,8.0
Cundinamarca,2017-08-15 15:04:00,38,850.0,2017-01-07 05:00:00,sabado,0,Normal,Seca y limpia,Montañoso,Media Ladera Derecha,Recta,Transito normal con precaución,0,0,0,0,1.0,Choque,no mantener distancia de seguridad,5008_2_38,14.0,10.0
Cundinamarca,2017-08-15 15:06:00,43,500.0,2017-01-07 05:00:00,sabado,10,Normal,Seca y limpia,Montañoso,Media Ladera Derecha,Recta,Transito normal con precaución,0,0,0,0,1.0,Choque,maniobras imprudentes,5008_2_43,13.0,11.0
Cundinamarca,2017-08-15 15:08:00,50,600.0,2017-01-07 05:00:00,sabado,5,Normal,Seca y limpia,Plano,Terraplen,Recta,Transito normal con precaución,0,0,0,0,1.0,Choque,no mantener distancia de seguridad,5008_2_50,11.0,13.0
Cundinamarca,2017-08-15 15:09:00,15,700.0,2017-01-08 05:00:00,domingo,10,Lluvia,Humeda,Montañoso,Media ladera Izquierda,Curva Izquierda,Transito normal con precaución,0,0,0,0,1.0,Choque,no determinada,5008_2_15,14.0,10.0
Cundinamarca,2017-08-15 15:11:00,52,600.0,2017-01-08 05:00:00,domingo,30,Lluvia,Humeda,Montañoso,Media ladera Izquierda,Curva Izquierda,Transito normal con precaución,0,0,0,0,1.0,Choque,maniobras imprudentes,5008_2_52,19.0,5.0
Cundinamarca,2017-08-15 15:13:00,38,900.0,2017-01-09 05:00:00,lunes,40,Lluvia,Humeda,Montañoso,Media Ladera Derecha,Curva Izquierda,Transito normal con precaución,0,0,0,0,1.0,Choque,adelantamientos indebidos,5008_2_38,7.0,17.0
Cundinamarca,2017-08-15 15:15:00,15,800.0,2017-01-10 05:00:00,martes,10,Normal,Seca y limpia,Montañoso,Media ladera Izquierda,Curva Izquierda,Transito normal con precaución,0,0,1,0,1.0,Choque,maniobras imprudentes,5008_2_15,3.0,21.0
Cundinamarca,2017-08-15 15:16:00,49,400.0,2017-01-11 05:00:00,miercoles,5,Normal,Seca y limpia,Montañoso,Media ladera Izquierda,Recta,Transito normal con precaución,0,0,0,0,1.0,Choque,no mantener distancia de seguridad,5008_2_49,19.0,5.0
Cundinamarca,2017-08-15 15:18:00,35,920.0,2017-01-16 05:00:00,lunes,50,Normal,Seca y limpia,Montañoso,Media ladera Izquierda,Curva Derecha,Transito normal con precaución,0,0,0,0,1.0,Choque,maniobras imprudentes,5008_2_35,4.0,20.0
Cundinamarca,2017-08-15 15:20:00,36,600.0,2017-01-22 05:00:00,domingo,30,Normal,Seca y limpia,Montañoso,Media ladera Izquierda,Recta,Transito normal con precaución,0,0,0,0,1.0,Choque,adelantamientos indebidos,5008_2_36,1.0,23.0
Cundinamarca,2017-08-15 15:22:00,27,900.0,2017-01-26 05:00:00,jueves,30,Normal,Seca y limpia,Montañoso,Media Ladera Derecha,Curva Derecha,Transito normal con precaución,0,0,0,0,1.0,Volcamiento,maniobras imprudentes,5008_2_27,5.0,19.0
Cundinamarca,2017-08-15 15:31:00,45,530.0,2017-02-08 05:00:00,miercoles,0,Normal,Seca y limpia,Montañoso,Media Ladera Derecha,Curva Derecha,Transito normal con precaución,0,0,0,0,1.0,Choque,maniobras imprudentes,5008_2_45,16.0,8.0
Cundinamarca,2017-08-15 15:33:00,52,900.0,2017-02-08 05:00:00,miercoles,0,Normal,Seca y limpia,Montañoso,Media ladera Izquierda,Recta,Transito normal con precaución,0,0,0,0,1.0,Choque,no mantener distancia de seguridad,5008_2_52,14.0,10.0
Cundinamarca,2017-08-15 15:35:00,51,500.0,2017-02-10 05:00:00,viernes,15,Normal,Seca y limpia,Montañoso,Media ladera Izquierda,Curva Izquierda,Transito normal con precaución,0,0,0,0,1.0,Choque,maniobras imprudentes,5008_2_51,1.0,23.0
Cundinamarca,2017-08-15 15:36:00,48,0.0,2017-02-11 05:00:00,sabado,56,Normal,Seca y limpia,Montañoso,Media ladera Izquierda,Recta,Transito normal con precaución,0,0,1,0,1.0,Choque,adelantamientos indebidos,5008_2_48,6.0,18.0
Cundinamarca,2017-08-15 15:38:00,62,750.0,2017-02-15 05:00:00,miercoles,0,Normal,Seca y limpia,Montañoso,Media Ladera Derecha,Curva Derecha,Transito normal con precaución,0,0,0,0,1.0,Choque,adelantamientos indebidos,5008_2_62,6.0,18.0
Cundinamarca,2017-08-15 15:40:00,42,150.0,2017-02-16 05:00:00,jueves,0,Normal,Seca y limpia,Montañoso,Media Ladera Derecha,Recta,Transito normal con precaución,0,0,0,0,1.0,Volcamiento,exceso en horas de conduccion,5008_2_42,16.0,8.0
Cundinamarca,2017-08-15 15:42:00,59,700.0,2017-02-17 05:00:00,viernes,30,Lluvia,Humeda,Montañoso,Media Ladera Derecha,Recta,Transito normal con precaución,0,0,0,0,1.0,Volcamiento,no mantener distancia de seguridad,5008_2_59,19.0,5.0
Cundinamarca,2017-08-15 15:43:00,50,500.0,2017-02-20 05:00:00,lunes,20,Lluvia,Humeda,Plano,Terraplen,Recta,Transito normal con precaución,0,0,0,0,1.0,Choque,maniobras imprudentes,5008_2_50,4.0,20.0
Cundinamarca,2017-08-15 15:49:00,39,50.0,2017-02-21 05:00:00,martes,30,Normal,Seca y limpia,Montañoso,Media Ladera Derecha,Recta,Transito normal con precaución,0,0,0,0,1.0,Choque,estacionamiento y senalizacion imprudente,5008_2_39,2.0,22.0
Cundinamarca,2017-08-15 15:51:00,59,950.0,2017-02-23 05:00:00,jueves,50,Lluvia,Humeda,Montañoso,Media ladera Izquierda,Recta,Transito normal con precaución,0,0,0,0,1.0,Choque,desobediencia a normas y senales,5008_2_59,21.0,3.0
Cundinamarca,2017-08-15 15:56:00,60,150.0,2017-03-01 05:00:00,miercoles,10,Normal,Seca y limpia,Montañoso,Media ladera Izquierda,Recta,Transito normal con precaución,0,0,0,0,1.0,Choque,adelantamientos indebidos,5008_2_60,11.0,13.0
Cundinamarca,2017-08-15 15:59:00,36,450.0,2017-03-05 05:00:00,domingo,20,Lluvia,Humeda,Montañoso,Media Ladera Derecha,Curva Izquierda,Transito normal con precaución,0,0,0,0,1.0,Choque,maniobras imprudentes,5008_2_36,9.0,15.0
Cundinamarca,2017-08-15 16:00:00,35,950.0,2017-03-10 05:00:00,viernes,30,Lluvia,Humeda,Montañoso,Media ladera Izquierda,Curva Derecha,Transito normal con precaución,0,0,0,0,1.0,Volcamiento,maniobras imprudentes,5008_2_35,19.0,5.0
Cundinamarca,2017-08-15 16:02:00,25,550.0,2017-03-15 05:00:00,miercoles,0,Lluvia,Humeda,Montañoso,Media ladera Izquierda,Curva Izquierda,Transito normal con precaución,0,0,0,0,1.0,Choque,maniobras imprudentes,5008_2_25,4.0,20.0
Cundinamarca,2017-08-15 16:04:00,43,700.0,2017-03-15 05:00:00,miercoles,0,Lluvia,Humeda,Montañoso,Media Ladera Derecha,Curva Izquierda,Transito normal con precaución,0,0,0,0,1.0,Choque,condiciones de la via y factores ambientales,5008_2_43,15.0,9.0