territorial,fecha_registro,pr,distancia_pr,fecha_acc,dia_semana_acc,min_acc,condic_meteor,estado_super,terreno,secc_tip,geometria_acc,tipo_cierre,horas_cierre,min_cierre,n_heridos,n_muertos,n_victimas,clase_accidente,causa_posible,ref_loc,hora_acc,duracion_cierre_horas
Cundinamarca,2017-08-15 16:07:00,54,350.0,2017-03-16 05:00:00,jueves,50,Lluvia,Humeda,Montañoso,Media ladera Izquierda,Curva Derecha,Transito normal con precaución,0,0,0,0,1.0,Choque,no mantener distancia de seguridad,5008_2_54,8.0,16.0
Santander,2017-05-24 22:27:00,69,140.0,2017-02-20 05:00:00,lunes,0,Niebla,Seca y limpia,Ondulado,Media Ladera Derecha,Curva Derecha,Parcial restringido a vehiculos pesados,0,35,0,0,1.0,Choque,imprudencia del conductor,45A08_2_69,7.0,17.0
Santander,2017-05-24 22:38:00,34,30.0,2017-03-18 05:00:00,sabado,45,Normal,Seca y limpia,Ondulado,Media ladera Izquierda,Curva Izquierda,Parcial con reducción de carriles,1,15,0,1,1.0,Atropello,adelantamientos indebidos,45A08_2_34,16.0,9.0
Santander,2017-05-24 22:43:00,77,455.0,2017-03-01 05:00:00,miercoles,30,Normal,Seca y limpia,Plano,Terraplen,Recta,Transito normal con precaución,0,0,1,0,1.0,Volcamiento,fallas mecanicas y del sistema electrico,45A08_2_77,14.0,10.0
Santander,2017-05-24 22:51:00,77,610.0,2017-04-08 05:00:00,sabado,0,Normal,Seca y limpia,Plano,Terraplen,Recta,Transito normal con precaución,0,0,1,0,1.0,Volcamiento,desobediencia a normas y senales,45A08_2_77,18.0,6.0
Santander,2017-05-24 22:56:00,42,342.0,2017-04-25 05:00:00,martes,15,Normal,Seca y limpia,Plano,Terraplen,Curva Derecha,Transito normal con precaución,0,0,0,0,1.0,Salida de la vía sin volcarse,desobediencia a normas y senales,45A08_2_42,16.0,8.0
Santander,2017-05-24 22:59:00,51,50.0,2017-04-25 05:00:00,martes,30,Normal,Seca y limpia,Plano,Terraplen,Recta,Parcial con reducción de carriles,2,0,0,0,1.0,Volcamiento,exceso en horas de conduccion,45A08_2_51,9.0,17.0
Santander,2017-06-07 17:21:00,38,73.0,2017-05-02 05:00:00,martes,10,Normal,Seca y limpia,Plano,Terraplen,Curva Izquierda,Parcial con paso alternado,1,15,0,0,1.0,Choque,imprudencia del conductor,45A08_2_38,21.0,4.0
Santander,2017-06-07 17:31:00,64,180.0,2017-05-15 05:00:00,lunes,5,Normal,Seca y limpia,Plano,Terraplen,Curva Derecha,Transito normal con precaución,1,0,0,0,1.0,Atropello,desobediencia a normas y senales,45A08_2_64,15.0,10.0
Boyacá,2018-02-13 15:44:00,47,600.0,2018-01-08 05:00:00,lunes,40,Normal,Seca y limpia,Plano,Terraplen,Recta,Transito normal con precaución,0,0,0,0,1.0,Choque,fallas mecanicas y del sistema electrico,45A05_2_47,18.0,6.0
Santander,2017-06-07 17:38:00,85,645.0,2017-05-16 05:00:00,martes,18,Normal,Seca y limpia,Ondulado,Terraplen,Recta,Transito normal con precaución,0,45,0,0,1.0,Volcamiento,exceso en horas de conduccion,45A08_2_85,12.0,12.0
Santander,2017-06-07 17:53:00,21,300.0,2017-05-27 05:00:00,sabado,50,Normal,Humeda,Ondulado,Terraplen,Curva Izquierda,Parcial con reducción de carriles,2,30,0,2,1.0,Choque,imprudencia del conductor,45A08_2_21,14.0,12.0
Santander,2017-07-10 20:19:00,48,920.0,2017-06-21 05:00:00,miercoles,30,Normal,Seca y limpia,Ondulado,Terraplen,Curva Derecha,Transito normal con precaución,0,0,0,0,1.0,Choque,imprudencia del conductor,45A08_2_48,2.0,22.0
Santander,2017-07-10 20:27:00,33,400.0,2017-06-25 05:00:00,domingo,5,Lluvia,Humeda,Plano,Terraplen,Curva Derecha,Transito normal con precaución,0,0,0,0,1.0,Choque,imprudencia del conductor,45A08_2_33,10.0,14.0
Santander,2017-08-03 22:04:00,87,230.0,2017-07-02 05:00:00,domingo,0,Normal,Seca y limpia,Plano,Terraplen,Recta,Transito normal con precaución,0,0,0,0,1.0,Volcamiento,maniobras imprudentes,45A08_2_87,16.0,8.0
Santander,2017-08-03 22:08:00,48,500.0,2017-07-27 05:00:00,jueves,30,Sol,Seca y limpia,Plano,Terraplen,Recta,Parcial con paso alternado,5,0,0,1,1.0,Choque,imprudencia del conductor,45A08_2_48,14.0,15.0
Santander,2017-09-11 16:25:00,80,150.0,2017-08-11 05:00:00,viernes,15,Normal,Seca y limpia,Ondulado,Terraplen,Curva Izquierda,Parcial con reducción de carriles,0,40,1,0,1.0,Choque,exceso en horas de conduccion,45A08_2_80,6.0,18.0
Santander,2017-09-11 16:29:00,73,640.0,2017-08-15 05:00:00,martes,30,Sol,Seca y limpia,Ondulado,Terraplen,Curva Izquierda,Transito normal con precaución,1,0,1,0,1.0,Choque,imprudencia del conductor,45A08_2_73,19.0,6.0
Santander,2017-09-11 16:35:00,24,490.0,2017-08-16 05:00:00,miercoles,0,Normal,Seca y limpia,Ondulado,Terraplen,Recta,Transito normal con precaución,0,0,0,0,1.0,Volcamiento,maniobras imprudentes,45A08_2_24,22.0,2.0
Santander,2017-09-11 16:42:00,37,850.0,2017-08-23 05:00:00,miercoles,5,Normal,Seca y limpia,Ondulado,Terraplen,Recta,Transito normal con precaución,0,0,0,0,1.0,Salida de la vía sin volcarse,exceso en horas de conduccion,45A08_2_37,0.0,0.0
Santander,2017-09-11 16:48:00,24,145.0,2017-08-27 05:00:00,domingo,0,Normal,Seca y limpia,Plano,Terraplen,Recta,Transito normal con precaución,0,0,0,0,1.0,Incendio,fallas mecanicas y del sistema electrico,45A08_2_24,5.0,19.0
Santander,2017-10-18 13:56:00,82,0.0,2017-09-07 05:00:00,jueves,0,Normal,Seca y limpia,Ondulado,Media ladera Izquierda,Recta,Transito normal con precaución,0,0,0,0,1.0,Volcamiento,desobediencia a normas y senales,45A08_2_82,7.0,17.0
Santander,2017-10-18 14:05:00,28,775.0,2017-09-19 05:00:00,martes,30,Normal,Seca y limpia,Plano,Terraplen,Recta,Transito normal con precaución,0,0,0,0,1.0,Choque,exceso de velocidad,45A08_2_28,14.0,10.0
Santander,2017-10-18 14:10:00,71,800.0,2017-09-24 05:00:00,domingo,50,Lluvia,Humeda,Ondulado,Terraplen,Curva Derecha,Transito normal con precaución,0,0,0,0,1.0,Choque,imprudencia del conductor,45A08_2_71,5.0,19.0
Santander,2017-11-16 16:29:00,18,450.0,2017-10-24 05:00:00,martes,25,Lluvia,Humeda,Plano,Media ladera Izquierda,Recta,Transito normal con precaución,0,0,0,0,1.0,Choque,condiciones de la via y factores ambientales,45A08_2_18,4.0,20.0
Santander,2017-11-16 16:33:00,26,590.0,2017-10-11 05:00:00,miercoles,50,Normal,Seca y limpia,Plano,Terraplen,Recta,Transito normal con precaución,0,0,0,0,1.0,Salida de la vía sin volcarse,fallas mecanicas y del sistema electrico,45A08_2_26,11.0,13.0
Santander,2017-11-16 16:37:00,34,30.0,2017-10-29 05:00:00,domingo,15,Normal,Seca y limpia,Montañoso,Terraplen,Recta,Transito normal con precaución,0,0,0,0,1.0,Choque,exceso de velocidad,45A08_2_34,17.0,7.0
Santander,2017-11-16 16:40:00,54,660.0,2017-10-05 05:00:00,jueves,0,Normal,Seca y limpia,Plano,Terraplen,Recta,Transito normal con precaución,0,0,0,0,1.0,Volcamiento,imprudencia del conductor,45A08_2_54,20.0,4.0
Santander,2017-11-16 16:47:00,58,591.0,2017-10-18 05:00:00,miercoles,0,Lluvia,Humeda,Montañoso,Terraplen,Curva Izquierda,Parcial con reducción de carriles,0,0,0,0,1.0,Choque,imprudencia del conductor,45A08_2_58,20.0,4.0
Santander,2017-11-16 16:51:00,61,440.0,2017-10-04 05:00:00,miercoles,0,Normal,Seca y limpia,Ondulado,Terraplen,Curva Izquierda,Transito normal con precaución,0,0,0,0,1.0,Volcamiento,imprudencia del conductor,45A08_2_61,6.0,18.0
Santander,2017-12-18 19:49:00,33,730.0,2017-11-29 05:00:00,miercoles,10,Normal,Seca y limpia,Ondulado,Media ladera Izquierda,Curva Izquierda,Parcial con reducción de carriles,0,35,1,0,1.0,Choque,imprudencia del conductor,45A08_2_33,16.0,8.0
Santander,2017-12-18 19:54:00,69,149.0,2017-11-25 05:00:00,sabado,0,Normal,Seca y limpia,Ondulado,Media Ladera Derecha,Curva Derecha,Transito normal con precaución,0,0,1,0,1.0,Choque,maniobras imprudentes,45A08_2_69,14.0,10.0
Santander,2017-12-18 19:58:00,78,0.0,2017-11-12 05:00:00,domingo,0,Normal,Seca y limpia,Plano,Terraplen,Recta,Transito normal con precaución,0,0,0,1,1.0,Caída ocupante,exceso de velocidad,45A08_2_78,11.0,13.0
Santander,2017-12-18 20:02:00,86,271.0,2017-11-01 05:00:00,miercoles,50,Normal,Seca y limpia,Ondulado,Terraplen,Recta,Transito normal con precaución,0,0,0,0,1.0,Salida de la vía sin volcarse,maniobras imprudentes,45A08_2_86,15.0,9.0
Santander,2018-01-19 19:37:00,29,282.0,2017-12-13 05:00:00,miercoles,0,Normal,Seca y limpia,Plano,Terraplen,Curva Izquierda,Transito normal con precaución,0,0,0,0,1.0,Choque,no determinada,45A08_2_29,4.0,20.0
Santander,2018-01-19 19:47:00,38,300.0,2017-12-08 05:00:00,viernes,25,Normal,Seca y limpia,Plano,Terraplen,Curva Derecha,Transito normal con precaución,0,0,1,0,1.0,Choque,exceso de velocidad,45A08_2_38,16.0,8.0
Santander,2018-01-19 19:52:00,38,720.0,2017-12-19 05:00:00,martes,30,Normal,Seca y limpia,Ondulado,Media Ladera Derecha,Recta,Transito normal con precaución,0,0,2,0,1.0,Choque,no mantener distancia de seguridad,45A08_2_38,4.0,20.0
Santander,2018-01-19 19:56:00,39,680.0,2017-12-25 05:00:00,lunes,0,Normal,Seca y limpia,Plano,Terraplen,Recta,Transito normal con precaución,0,0,0,0,1.0,Incendio,fallas mecanicas y del sistema electrico,45A08_2_39,20.0,4.0
Santander,2018-01-19 20:06:00,40,750.0,2017-12-14 05:00:00,jueves,40,Normal,Seca y limpia,Plano,Terraplen,Recta,Transito normal con precaución,0,0,2,0,1.0,Choque,maniobras imprudentes,45A08_2_40,12.0,12.0
Santander,2018-01-19 20:09:00,58,152.0,2017-12-28 05:00:00,jueves,30,Lluvia,Humeda,Plano,Media Ladera Derecha,Curva Derecha,Transito normal con precaución,0,0,0,0,1.0,Volcamiento,exceso de velocidad,45A08_2_58,14.0,10.0
Santander,2018-01-19 20:12:00,60,650.0,2017-12-26 05:00:00,martes,0,Normal,Seca y limpia,Montañoso,Terraplen,Curva Derecha,Transito normal con precaución,0,0,0,0,1.0,Choque,imprudencia del conductor,45A08_2_60,16.0,8.0
Santander,2018-01-19 20:15:00,61,448.0,2017-12-19 05:00:00,martes,30,Normal,Seca y limpia,Ondulado,Terraplen,Recta,Transito normal con precaución,0,0,0,0,1.0,Choque,maniobras imprudentes,45A08_2_61,21.0,3.0
Santander,2018-01-19 20:19:00,63,767.0,2017-12-23 05:00:00,sabado,0,Normal,Seca y limpia,Plano,Media Ladera Derecha,Recta,Transito normal con precaución,0,0,0,0,1.0,Salida de la vía sin volcarse,maniobras imprudentes,45A08_2_63,15.0,9.0
Santander,2018-01-19 20:28:00,64,96.0,2017-12-16 05:00:00,sabado,0,Normal,Seca y limpia,Plano,Media Ladera Derecha,Curva Derecha,Transito normal con precaución,0,0,0,0,1.0,Choque,adelantamientos indebidos,45A08_2_64,5.0,19.0
Santander,2018-01-19 20:31:00,66,249.0,2017-12-26 05:00:00,martes,30,Normal,Seca y limpia,Plano,Terraplen,Curva Izquierda,Transito normal con precaución,0,0,0,0,1.0,Salida de la vía sin volcarse,exceso de velocidad,45A08_2_66,16.0,8.0
Santander,2018-01-19 20:34:00,58,200.0,2017-12-02 05:00:00,sabado,10,Normal,Seca y limpia,Plano,Terraplen,Recta,Transito normal con precaución,0,0,0,0,1.0,Volcamiento,exceso de velocidad,45A08_2_58,19.0,5.0
Santander,2018-01-19 20:36:00,79,320.0,2017-12-21 05:00:00,jueves,15,Normal,Seca y limpia,Ondulado,Media ladera Izquierda,Curva Izquierda,Transito normal con precaución,0,0,0,0,1.0,Volcamiento,maniobras imprudentes,45A08_2_79,14.0,10.0
Santander,2018-01-19 20:40:00,86,130.0,2017-12-22 05:00:00,viernes,10,Normal,Seca y limpia,Plano,Terraplen,Recta,Transito normal con precaución,0,0,0,0,1.0,Choque,no mantener distancia de seguridad,45A08_2_86,13.0,11.0
Santander,2018-02-14 19:19:00,29,620.0,2018-01-11 05:00:00,jueves,50,Normal,Seca y limpia,Plano,Terraplen,Curva Derecha,Transito normal con precaución,0,10,0,0,1.0,Choque,adelantamientos indebidos,45A08_2_29,9.0,15.0
Santander,2018-02-14 19:25:00,34,200.0,2018-01-09 05:00:00,martes,30,Lluvia,Humeda,Montañoso,Media ladera Izquierda,Curva Derecha,Transito normal con precaución,0,45,5,0,1.0,Choque,condiciones de la via y factores ambientales,45A08_2_34,6.0,18.0
Santander,2018-02-14 19:30:00,36,450.0,2018-01-08 05:00:00,lunes,45,Normal,Seca y limpia,Montañoso,Media Ladera Derecha,Curva Derecha,Transito normal con precaución,0,30,1,0,1.0,Volcamiento,imprudencia del conductor,45A08_2_36,15.0,9.0
Santander,2018-02-14 19:30:00,36,450.0,2018-01-08 05:00:00,lunes,45,Normal,Seca y limpia,Montañoso,Media Ladera Derecha,Curva Derecha,Transito normal con precaución,0,30,1,0,1.0,Volcamiento,imprudencia del conductor,45A08_2_36,22.0,2.0
Santander,2018-02-14 22:12:00,41,400.0,2018-01-30 05:00:00,martes,15,Normal,Seca y limpia,Plano,Terraplen,Curva Izquierda,Transito normal con precaución,0,0,0,0,1.0,Choque,imprudencia del conductor,45A08_2_41,0.0,0.0
Santander,2018-02-14 22:16:00,48,400.0,2018-01-11 05:00:00,jueves,0,Normal,Humeda,Plano,Terraplen,Curva Derecha,Transito normal con precaución,0,0,0,0,1.0,Volcamiento,maniobras imprudentes,45A08_2_48,14.0,10.0
Santander,2018-02-14 22:19:00,67,490.0,2018-01-02 05:00:00,martes,30,Lluvia,Humeda,Ondulado,Terraplen,Curva Izquierda,Transito normal con precaución,0,0,0,0,1.0,Choque,exceso de velocidad,45A08_2_67,18.0,6.0
Santander,2018-02-14 22:22:00,68,362.0,2018-01-25 05:00:00,jueves,40,Normal,Seca y limpia,Plano,Terraplen,Recta,Transito normal con precaución,0,0,0,0,1.0,Volcamiento,imprudencia del conductor,45A08_2_68,16.0,8.0
Santander,2018-02-14 22:25:00,72,898.0,2018-01-09 05:00:00,martes,20,Normal,Humeda,Ondulado,Terraplen,Curva Izquierda,Transito normal con precaución,0,0,0,0,1.0,Choque,no mantener distancia de seguridad,45A08_2_72,6.0,18.0
Santander,2018-02-14 22:28:00,76,950.0,2018-01-12 05:00:00,viernes,0,Normal,Seca y limpia,Plano,Terraplen,Recta,Transito normal con precaución,0,0,0,0,1.0,Volcamiento,exceso de velocidad,45A08_2_76,12.0,12.0
Santander,2018-02-14 22:31:00,79,826.0,2018-01-17 05:00:00,miercoles,40,Lluvia,Humeda,Montañoso,Terraplen,Curva Izquierda,Transito normal con precaución,0,0,0,0,1.0,Salida de la vía sin volcarse,exceso de velocidad,45A08_2_79,18.0,6.0
Santander,2018-03-13 14:53:00,38,185.0,2018-02-27 05:00:00,martes,30,Normal,Seca y limpia,Ondulado,Terraplen,Recta,Transito normal con precaución,0,0,0,0,1.0,Choque,no mantener distancia de seguridad,45A08_2_38,6.0,18.0
Santander,2018-03-13 15:10:00,80,30.0,2018-02-04 05:00:00,domingo,20,Normal,Seca y limpia,Montañoso,Media ladera Izquierda,Curva Izquierda,Transito normal con precaución,0,0,0,0,1.0,Choque,exceso de velocidad,45A08_2_80,17.0,7.0
Santander,2018-04-16 15:33:00,78,105.0,2018-03-22 05:00:00,jueves,0,Normal,Seca y limpia,Plano,Terraplen,Recta,Transito normal con precaución,0,0,3,0,1.0,Choque,imprudencia del conductor,45A08_2_78,18.0,6.0
Santander,2018-04-16 15:33:00,78,105.0,2018-03-22 05:00:00,jueves,0,Normal,Seca y limpia,Plano,Terraplen,Recta,Transito normal con precaución,0,0,3,0,1.0,Choque,imprudencia del conductor,45A08_2_78,7.0,17.0
Santander,2018-03-13 14:57:00,61,297.0,2018-02-23 05:00:00,viernes,30,Normal,Seca y limpia,Ondulado,Media Ladera Derecha,Curva Derecha,Transito normal con precaución,0,0,2,0,1.0,Volcamiento,exceso de velocidad,45A08_1_61,5.0,19.0
Santander,2018-03-13 15:01:00,61,316.0,2018-02-24 05:00:00,sabado,10,Normal,Seca y limpia,Ondulado,Media Ladera Derecha,Curva Izquierda,Transito normal con precaución,0,0,0,0,1.0,Choque,no mantener distancia de seguridad,45A08_1_61,15.0,9.0
Santander,2018-03-13 15:06:00,68,998.0,2018-02-20 05:00:00,martes,0,Normal,Seca y limpia,Ondulado,Terraplen,Recta,Transito normal con precaución,0,0,0,0,1.0,Volcamiento,exceso de velocidad,45A08_1_68,10.0,14.0
Santander,2018-04-16 15:22:00,40,20.0,2018-03-16 05:00:00,viernes,30,Normal,Seca y limpia,Plano,Terraplen,Curva Izquierda,Transito normal con precaución,0,0,1,0,1.0,Choque,defectos fisicos y psiquicos,45A08_1_40,13.0,11.0
Boyacá,2018-01-16 15:16:00,9,0.0,2017-12-12 05:00:00,martes,0,Viento,Seca y limpia,Plano,Terraplen,Recta,Transito normal con precaución,0,0,0,0,1.0,Volcamiento,no mantener distancia de seguridad,45A05_2_9,6.0,18.0
Boyacá,2017-11-14 15:47:00,33,0.0,2017-10-02 05:00:00,lunes,30,Lluvia,Humeda,Plano,Terraplen,Recta,Transito normal con precaución,0,0,0,0,1.0,Choque,desobediencia a normas y senales,45A05_2_33,7.0,17.0
Boyacá,2017-11-14 16:00:00,4,700.0,2017-10-03 05:00:00,martes,20,Normal,Seca y limpia,Plano,Terraplen,Curva Derecha,Parcial con reducción de carriles,0,0,2,0,1.0,Volcamiento,no determinada,45A05_2_4,5.0,19.0
Boyacá,2017-11-14 16:12:00,18,300.0,2017-10-06 05:00:00,viernes,0,Normal,Seca y limpia,Plano,Terraplen,Recta,Transito normal con precaución,0,0,1,0,1.0,Choque,adelantamientos indebidos,45A05_2_18,13.0,11.0
Boyacá,2017-11-14 19:29:00,2,600.0,2017-10-07 05:00:00,sabado,45,Normal,Seca y limpia,Plano,Terraplen,Recta,Transito normal con precaución,0,0,2,0,1.0,Atropello,conducta de peatones,45A05_2_2,20.0,4.0
Boyacá,2017-11-14 19:32:00,18,400.0,2017-10-10 05:00:00,martes,30,Normal,Seca y limpia,Plano,Terraplen,Curva Izquierda,Parcial con paso alternado,0,0,0,0,1.0,Choque,adelantamientos indebidos,45A05_2_18,19.0,5.0
Boyacá,2017-11-14 19:34:00,76,480.0,2017-10-12 05:00:00,jueves,30,Normal,Seca y limpia,Plano,Media ladera Izquierda,Curva Izquierda,Transito normal con precaución,0,0,0,0,1.0,Choque,adelantamientos indebidos,45A05_2_76,20.0,4.0
Boyacá,2017-11-14 19:37:00,37,600.0,2017-10-15 05:00:00,domingo,40,Normal,Seca y limpia,Plano,Terraplen,Recta,Transito normal con precaución,0,0,0,0,1.0,Choque,no mantener distancia de seguridad,45A05_2_37,8.0,16.0
Boyacá,2017-11-14 19:52:00,7,100.0,2017-10-16 05:00:00,lunes,15,Normal,Seca y limpia,Plano,Terraplen,Recta,Parcial con reducción de carriles,0,0,0,0,1.0,Choque,adelantamientos indebidos,45A05_2_7,15.0,9.0
Boyacá,2017-11-14 19:55:00,45,560.0,2017-10-17 05:00:00,martes,20,Normal,Seca y limpia,Plano,Terraplen,Recta,Parcial con reducción de carriles,0,0,0,0,1.0,Choque,adelantamientos indebidos,45A05_2_45,6.0,18.0
Boyacá,2017-11-14 19:58:00,56,800.0,2017-10-22 05:00:00,domingo,40,Normal,Seca y limpia,Plano,Terraplen,Recta,Transito normal con precaución,0,0,2,0,1.0,Choque,maniobras imprudentes,45A05_2_56,18.0,6.0
Boyacá,2017-11-14 20:01:00,40,0.0,2017-10-25 05:00:00,miercoles,15,Normal,Seca y limpia,Plano,Terraplen,Recta,Transito normal con precaución,0,0,0,0,1.0,Salida de la vía sin volcarse,maniobras imprudentes,45A05_2_40,5.0,19.0
Boyacá,2017-11-14 20:07:00,15,600.0,2017-10-27 05:00:00,viernes,0,Normal,Seca y limpia,Plano,Terraplen,Recta,Parcial con reducción de carriles,0,0,0,0,1.0,Choque,no mantener distancia de seguridad,45A05_2_15,14.0,10.0
Boyacá,2017-11-14 20:09:00,14,200.0,2017-10-29 05:00:00,domingo,15,Normal,Seca y limpia,Plano,Terraplen,Curva Izquierda,Parcial con reducción de carriles,0,0,2,0,1.0,Choque,defectos fisicos y psiquicos,45A05_2_14,22.0,2.0
Boyacá,2017-11-14 20:11:00,7,80.0,2017-10-29 05:00:00,domingo,30,Normal,Seca y limpia,Plano,Terraplen,Recta,Transito normal con precaución,0,0,0,0,1.0,Choque,maniobras imprudentes,45A05_2_7,9.0,15.0
Boyacá,2017-11-14 20:14:00,54,800.0,2017-10-29 05:00:00,domingo,30,Normal,Seca y limpia,Plano,Terraplen,Recta,Transito normal con precaución,0,0,0,0,1.0,Choque,maniobras imprudentes,45A05_2_54,7.0,17.0
Boyacá,2017-11-14 20:18:00,1,200.0,2017-10-31 05:00:00,martes,20,Lluvia,Humeda,Plano,Terraplen,Recta,Transito normal con precaución,0,0,1,0,1.0,Choque,no determinada,45A05_2_1,15.0,9.0
Boyacá,2017-12-18 19:20:00,66,191.0,2017-11-03 05:00:00,viernes,20,Normal,Seca y limpia,Plano,Terraplen,Recta,Parcial con reducción de carriles,0,0,0,1,1.0,Atropello,conducta de pasajeros,45A05_2_66,13.0,11.0
Boyacá,2017-12-18 19:25:00,47,0.0,2017-11-04 05:00:00,sabado,0,Lluvia,Humeda,Plano,Terraplen,Recta,Transito normal con precaución,0,0,4,0,1.0,Choque,desobediencia a normas y senales,45A05_2_47,20.0,4.0
Boyacá,2017-12-18 19:30:00,1,300.0,2017-11-04 05:00:00,sabado,30,Normal,Seca y limpia,Plano,Terraplen,Recta,Transito normal con precaución,0,0,2,0,1.0,Choque,maniobras imprudentes,45A05_2_1,3.0,21.0
Boyacá,2017-12-18 19:37:00,44,500.0,2017-11-08 05:00:00,miercoles,15,Normal,Seca y limpia,Plano,Terraplen,Recta,Transito normal con precaución,0,0,1,0,1.0,Choque,maniobras imprudentes,45A05_2_44,5.0,19.0
Boyacá,2017-12-18 19:43:00,42,500.0,2017-11-08 05:00:00,miercoles,0,Normal,Seca y limpia,Plano,Terraplen,Recta,Transito normal con precaución,0,0,0,0,1.0,Choque,fallas mecanicas y del sistema electrico,45A05_2_42,13.0,11.0
Boyacá,2017-12-18 19:45:00,43,500.0,2017-11-09 05:00:00,jueves,50,Niebla,Seca y limpia,Plano,Terraplen,Recta,Transito normal con precaución,0,0,2,0,1.0,Choque,no mantener distancia de seguridad,45A05_2_43,18.0,6.0
Boyacá,2017-12-18 19:48:00,66,550.0,2017-11-10 05:00:00,viernes,50,Lluvia,Humeda,Plano,Terraplen,Curva Derecha,Transito normal con precaución,0,0,1,0,1.0,Choque,condiciones de la via y factores ambientales,45A05_2_66,10.0,14.0
Boyacá,2017-12-18 19:50:00,68,450.0,2017-11-11 05:00:00,sabado,30,Normal,Seca y limpia,Plano,Terraplen,Curva Derecha,Transito normal con precaución,0,0,0,0,1.0,Volcamiento,no determinada,45A05_2_68,7.0,17.0
Boyacá,2017-12-18 19:53:00,5,200.0,2017-11-11 05:00:00,sabado,0,Lluvia,Humeda,Plano,Terraplen,Curva Derecha,Transito normal con precaución,0,0,0,0,1.0,Choque,maniobras imprudentes,45A05_2_5,12.0,12.0
Boyacá,2017-12-18 19:55:00,61,0.0,2017-11-12 05:00:00,domingo,0,Niebla,Seca y limpia,Plano,Terraplen,Curva Derecha,Transito normal con precaución,0,0,0,0,1.0,Volcamiento,no determinada,45A05_2_61,18.0,6.0
Boyacá,2017-12-18 20:04:00,56,360.0,2017-11-15 05:00:00,miercoles,10,Normal,Seca y limpia,Plano,Terraplen,Curva Derecha,Transito normal con precaución,0,0,1,1,1.0,Volcamiento,defectos fisicos y psiquicos,45A05_2_56,15.0,9.0
Boyacá,2017-12-18 20:07:00,46,100.0,2017-11-18 05:00:00,sabado,30,Lluvia,Humeda,Plano,Terraplen,Recta,Transito normal con precaución,0,0,1,0,1.0,Choque,embriaguez o sustancias alucinogenas,45A05_2_46,21.0,3.0
Boyacá,2017-12-18 20:09:00,65,650.0,2017-11-19 05:00:00,domingo,30,Normal,Seca y limpia,Plano,Terraplen,Recta,Transito normal con precaución,0,0,2,0,1.0,Choque,maniobras imprudentes,45A05_2_65,17.0,7.0
Boyacá,2017-12-18 20:11:00,44,560.0,2017-11-22 05:00:00,miercoles,50,Normal,Seca y limpia,Plano,Terraplen,Recta,Transito normal con precaución,0,0,0,0,1.0,Choque,no determinada,45A05_2_44,18.0,6.0
Boyacá,2017-12-18 20:31:00,25,600.0,2017-11-25 05:00:00,sabado,20,Normal,Seca y limpia,Plano,Terraplen,Recta,Transito normal con precaución,0,0,3,0,1.0,Volcamiento,adelantamientos indebidos,45A05_2_25,10.0,14.0
Boyacá,2017-12-18 20:34:00,47,170.0,2017-11-23 05:00:00,jueves,25,Niebla,Seca y limpia,Plano,Terraplen,Recta,Transito normal con precaución,0,0,0,0,1.0,Choque,no determinada,45A05_2_47,0.0,0.0
Boyacá,2017-12-18 20:36:00,67,0.0,2017-11-28 05:00:00,martes,0,Normal,Seca y limpia,Plano,Terraplen,Recta,Transito normal con precaución,0,0,0,0,1.0,Volcamiento,adelantamientos indebidos,45A05_2_67,5.0,19.0
Boyacá,2017-12-18 20:38:00,38,100.0,2017-11-29 05:00:00,miercoles,30,Normal,Seca y limpia,Plano,Terraplen,Recta,Transito normal con precaución,0,0,2,0,1.0,Choque,adelantamientos indebidos,45A05_2_38,21.0,3.0
Boyacá,2017-12-18 20:40:00,21,500.0,2017-11-29 05:00:00,miercoles,30,Normal,Seca y limpia,Plano,Terraplen,Curva Derecha,Transito normal con precaución,0,0,0,0,1.0,Choque,condiciones de la via y factores ambientales,45A05_2_21,15.0,9.0
Boyacá,2017-12-18 20:42:00,15,200.0,2017-11-30 05:00:00,jueves,40,Lluvia,Humeda,Plano,Terraplen,Recta,Transito normal con precaución,0,0,6,0,1.0,Choque,no mantener distancia de seguridad,45A05_2_15,19.0,5.0
Boyacá,2018-01-16 14:53:00,35,500.0,2017-12-03 05:00:00,domingo,0,Niebla,Seca y limpia,Plano,Terraplen,Recta,Transito normal con precaución,0,0,1,0,1.0,Choque,desobediencia a normas y senales,45A05_2_35,19.0,5.0
Boyacá,2018-01-16 14:57:00,29,500.0,2017-12-04 05:00:00,lunes,0,Normal,Seca y limpia,Plano,Terraplen,Curva Derecha,Transito normal con precaución,0,0,0,0,1.0,Choque,embriaguez o sustancias alucinogenas,45A05_2_29,17.0,7.0
Boyacá,2018-01-16 15:10:00,23,200.0,2017-12-08 05:00:00,viernes,10,Normal,Seca y limpia,Plano,Terraplen,Recta,Parcial con reducción de carriles,0,0,0,1,1.0,Choque,exceso en horas de conduccion,45A05_2_23,20.0,4.0
Boyacá,2018-01-16 15:14:00,26,60.0,2017-12-10 05:00:00,domingo,30,Normal,Seca y limpia,Plano,Terraplen,Recta,Parcial con reducción de carriles,0,0,2,0,1.0,Choque,no determinada,45A05_2_26,8.0,16.0
Boyacá,2018-01-16 15:21:00,32,146.0,2017-12-12 05:00:00,martes,40,Lluvia,Humeda,Plano,Terraplen,Recta,Transito normal con precaución,0,0,0,0,1.0,Choque,embriaguez o sustancias alucinogenas,45A05_2_32,11.0,13.0