territorial,fecha_registro,pr,distancia_pr,fecha_acc,dia_semana_acc,min_acc,condic_meteor,estado_super,terreno,secc_tip,geometria_acc,tipo_cierre,horas_cierre,min_cierre,n_heridos,n_muertos,n_victimas,clase_accidente,causa_posible,ref_loc,hora_acc,duracion_cierre_horas
Boyacá,2018-01-16 15:23:00,20,900.0,2017-12-15 05:00:00,viernes,50,Normal,Seca y limpia,Plano,Terraplen,Curva Derecha,Transito normal con precaución,0,0,1,0,1.0,Choque,maniobras imprudentes,45A05_2_20,22.0,2.0
Boyacá,2018-01-16 15:25:00,40,700.0,2017-12-18 05:00:00,lunes,0,Normal,Seca y limpia,Plano,Terraplen,Recta,Transito normal con precaución,0,0,0,0,1.0,Salida de la vía sin volcarse,fallas mecanicas y del sistema electrico,45A05_2_40,8.0,16.0
Boyacá,2018-01-16 15:27:00,32,0.0,2017-12-19 05:00:00,martes,0,Normal,Seca y limpia,Plano,Terraplen,Recta,Cierre total,0,0,0,1,1.0,Choque,adelantamientos indebidos,45A05_2_32,19.0,5.0
Boyacá,2018-01-16 15:32:00,36,200.0,2017-12-19 05:00:00,martes,20,Normal,Seca y limpia,Plano,Terraplen,Curva Derecha,Transito normal con precaución,0,0,0,0,1.0,Choque,fallas mecanicas y del sistema electrico,45A05_2_36,19.0,5.0
Boyacá,2018-01-16 15:34:00,20,200.0,2017-12-20 05:00:00,miercoles,0,Normal,Seca y limpia,Plano,Terraplen,Recta,Transito normal con precaución,0,0,0,0,1.0,Choque,no determinada,45A05_2_20,11.0,13.0
Boyacá,2018-01-16 15:37:00,76,500.0,2017-12-22 05:00:00,viernes,40,Normal,Seca y limpia,Plano,Terraplen,Curva Izquierda,Transito normal con precaución,0,0,0,0,1.0,Volcamiento,fallas mecanicas y del sistema electrico,45A05_2_76,18.0,6.0
Boyacá,2018-01-16 15:39:00,54,800.0,2017-12-22 05:00:00,viernes,50,Lluvia,Humeda,Plano,Terraplen,Curva Derecha,Transito normal con precaución,0,0,0,0,1.0,Choque,no mantener distancia de seguridad,45A05_2_54,10.0,14.0
Boyacá,2018-01-16 15:41:00,42,0.0,2017-12-25 05:00:00,lunes,0,Lluvia,Humeda,Plano,Terraplen,Curva Izquierda,Transito normal con precaución,0,0,0,1,1.0,Choque,embriaguez o sustancias alucinogenas,45A05_2_42,10.0,14.0
Boyacá,2018-01-16 15:44:00,44,500.0,2017-12-28 05:00:00,jueves,30,Lluvia,Humeda,Plano,Terraplen,Recta,Transito normal con precaución,0,0,0,1,1.0,Choque,no determinada,45A05_2_44,16.0,8.0
Boyacá,2018-01-16 15:46:00,28,150.0,2017-12-29 05:00:00,viernes,30,Normal,Seca y limpia,Plano,Terraplen,Recta,Transito normal con precaución,0,0,0,0,1.0,Salida de la vía sin volcarse,defectos fisicos y psiquicos,45A05_2_28,18.0,6.0
Boyacá,2018-02-13 14:27:00,45,400.0,2018-01-02 05:00:00,martes,0,Lluvia,Humeda,Plano,Terraplen,Recta,Transito normal con precaución,0,0,1,0,1.0,Choque,adelantamientos indebidos,45A05_2_45,11.0,13.0
Boyacá,2018-02-13 14:33:00,62,250.0,2018-01-05 05:00:00,viernes,30,Normal,Seca y limpia,Plano,Terraplen,Recta,Transito normal con precaución,0,0,0,0,1.0,Choque,no mantener distancia de seguridad,45A05_2_62,7.0,17.0
Boyacá,2018-02-13 15:15:00,37,200.0,2018-01-06 05:00:00,sabado,20,Normal,Seca y limpia,Plano,Terraplen,Recta,Transito normal con precaución,0,0,1,0,1.0,Choque,adelantamientos indebidos,45A05_2_37,16.0,8.0
Boyacá,2018-02-13 15:17:00,20,600.0,2018-01-06 05:00:00,sabado,0,Lluvia,Humeda,Plano,Media ladera Izquierda,Recta,Transito normal con precaución,0,0,0,0,1.0,Choque,desobediencia a normas y senales,45A05_2_20,20.0,4.0
Boyacá,2018-02-13 15:19:00,47,800.0,2018-01-06 05:00:00,sabado,30,Normal,Seca y limpia,Plano,Terraplen,Recta,Transito normal con precaución,0,0,0,0,1.0,Choque,no mantener distancia de seguridad,45A05_2_47,18.0,6.0
Boyacá,2018-02-13 15:22:00,62,200.0,2018-02-08 05:00:00,jueves,50,Lluvia,Humeda,Plano,Terraplen,Recta,Transito normal con precaución,0,0,0,0,1.0,Choque,no mantener distancia de seguridad,45A05_2_62,19.0,5.0
Boyacá,2018-02-13 15:46:00,56,500.0,2018-01-10 05:00:00,miercoles,45,Normal,Seca y limpia,Plano,Terraplen,Recta,Transito normal con precaución,0,0,0,0,1.0,Choque,no mantener distancia de seguridad,45A05_2_56,15.0,9.0
Boyacá,2018-02-13 15:47:00,19,200.0,2018-01-12 05:00:00,viernes,30,Lluvia,Humeda,Plano,Terraplen,Recta,Transito normal con precaución,0,0,0,0,1.0,Salida de la vía sin volcarse,desobediencia a normas y senales,45A05_2_19,7.0,17.0
Boyacá,2018-02-13 15:49:00,28,50.0,2018-01-14 05:00:00,domingo,10,Normal,Seca y limpia,Plano,Terraplen,Recta,Transito normal con precaución,0,0,0,0,1.0,Caída de piedra,condiciones de la via y factores ambientales,45A05_2_28,7.0,17.0
Boyacá,2018-02-13 15:51:00,47,600.0,2018-01-18 05:00:00,jueves,30,Normal,Seca y limpia,Plano,Terraplen,Recta,Transito normal con precaución,0,0,1,0,1.0,Choque,adelantamientos indebidos,45A05_2_47,8.0,16.0
Boyacá,2018-04-13 16:07:00,3,600.0,2018-03-14 05:00:00,miercoles,0,Viento,Seca y limpia,Plano,Terraplen,Recta,Transito normal con precaución,0,0,15,1,1.0,Volcamiento,no determinada,45A05_1_3,17.0,7.0
Boyacá,2018-04-13 16:16:00,27,100.0,2018-03-18 05:00:00,domingo,30,Normal,Seca y limpia,Plano,Terraplen,Recta,Transito normal con precaución,0,0,0,0,1.0,Choque,condiciones de la via y factores ambientales,45A05_1_27,13.0,11.0
Boyacá,2018-04-13 16:18:00,20,930.0,2018-03-18 05:00:00,domingo,30,Normal,Seca y limpia,Plano,Terraplen,Curva Derecha,Transito normal con precaución,0,0,1,0,1.0,Choque,adelantamientos indebidos,45A05_1_20,6.0,18.0
Boyacá,2018-04-13 16:22:00,24,200.0,2018-03-21 05:00:00,miercoles,30,Normal,Seca y limpia,Plano,Terraplen,Curva Izquierda,Transito normal con precaución,0,0,0,0,1.0,Volcamiento,no determinada,45A05_1_24,9.0,15.0
Boyacá,2018-04-13 16:24:00,43,850.0,2018-03-25 05:00:00,domingo,10,Niebla,Seca y limpia,Plano,Terraplen,Recta,Transito normal con precaución,0,0,3,0,1.0,Choque,no mantener distancia de seguridad,45A05_1_43,16.0,8.0
Cundinamarca,2018-01-23 17:42:00,40,103.0,2017-12-18 05:00:00,lunes,25,Normal,Seca y limpia,Plano,Cajón,Recta,Parcial con reducción de carriles,0,0,0,0,1.0,Choque,no mantener distancia de seguridad,45A04_2_40,15.0,9.0
Cundinamarca,2018-01-23 17:53:00,48,200.0,2017-12-18 05:00:00,lunes,30,Normal,Seca y limpia,Montañoso,Media ladera Izquierda,Recta,Parcial con reducción de carriles,0,0,0,0,1.0,Choque,fallas mecanicas y del sistema electrico,45A04_2_48,9.0,15.0
Cundinamarca,2018-01-23 17:58:00,45,300.0,2017-12-19 05:00:00,martes,0,Normal,Seca y limpia,Montañoso,Media ladera Izquierda,Recta,Parcial con reducción de carriles,0,0,0,0,1.0,Choque,adelantamientos indebidos,45A04_2_45,12.0,12.0
Cundinamarca,2017-12-13 14:20:00,56,600.0,2017-10-01 05:00:00,domingo,40,Lluvia,Humeda,Montañoso,Media Ladera Derecha,Recta,Parcial con paso alternado,2,0,1,0,1.0,Choque,estacionamiento y senalizacion imprudente,45A04_2_56,15.0,11.0
Cundinamarca,2017-12-13 14:28:00,42,250.0,2017-10-05 05:00:00,jueves,45,Normal,Seca y limpia,Montañoso,Media ladera Izquierda,Recta,Cierre total,1,0,2,0,1.0,Choque,no determinada,45A04_2_42,12.0,13.0
Cundinamarca,2017-12-13 14:38:00,30,50.0,2017-10-15 05:00:00,domingo,0,Sol,Seca y limpia,Plano,Terraplen,Recta,Transito normal con precaución,0,0,0,1,1.0,Atropello,no determinada,45A04_2_30,19.0,5.0
Cundinamarca,2017-12-13 14:49:00,52,50.0,2017-10-15 05:00:00,domingo,30,Normal,Seca y limpia,Montañoso,Media Ladera Derecha,Curva Izquierda,Parcial con paso alternado,1,0,0,0,1.0,Choque,imprudencia del conductor,45A04_2_52,18.0,7.0
Cundinamarca,2017-12-13 14:53:00,54,950.0,2017-10-16 05:00:00,lunes,0,Lluvia,Humeda,Plano,Terraplen,Recta,Parcial con reducción de carriles,0,0,0,2,1.0,Choque,adelantamientos indebidos,45A04_2_54,12.0,12.0
Cundinamarca,2017-12-13 14:56:00,59,100.0,2017-10-14 05:00:00,sabado,40,Normal,Seca y limpia,Plano,Media ladera Izquierda,Recta,Cierre total,2,0,14,0,1.0,Choque,fallas mecanicas y del sistema electrico,45A04_2_59,7.0,19.0
Cundinamarca,2017-12-13 15:01:00,65,500.0,2017-10-16 05:00:00,lunes,45,Normal,Seca y limpia,Plano,Terraplen,Recta,Transito normal con precaución,0,0,0,0,1.0,Choque,imprudencia del conductor,45A04_2_65,9.0,15.0
Cundinamarca,2017-12-13 15:07:00,55,725.0,2017-10-26 05:00:00,jueves,0,Sol,Seca y limpia,Plano,Media Ladera Derecha,Recta,Transito normal con precaución,0,0,0,0,1.0,Choque,imprudencia del conductor,45A04_2_55,8.0,16.0
Cundinamarca,2017-12-13 15:21:00,42,600.0,2017-10-16 05:00:00,lunes,40,Lluvia,Humeda,Montañoso,Media ladera Izquierda,Recta,Parcial con reducción de carriles,0,45,4,0,1.0,Choque,exceso de velocidad,45A04_2_42,9.0,15.0
Cundinamarca,2017-12-13 15:59:00,58,225.0,2017-11-04 05:00:00,sabado,50,Normal,Seca y limpia,Ondulado,Cajón,Recta,Parcial con reducción de carriles,0,30,0,0,1.0,Choque,no mantener distancia de seguridad,45A04_2_58,7.0,17.0
Cundinamarca,2017-12-13 16:04:00,51,700.0,2017-11-05 05:00:00,domingo,30,Normal,Seca y limpia,Montañoso,Media Ladera Derecha,Curva Derecha,Parcial con paso alternado,1,30,1,1,1.0,Choque,maniobras imprudentes,45A04_2_51,5.0,20.0
Cundinamarca,2017-12-13 16:09:00,56,0.0,2017-11-11 05:00:00,sabado,30,Normal,Seca y limpia,Plano,Cajón,Recta,Transito normal con precaución,0,0,0,1,1.0,Caída ocupante,no determinada,45A04_2_56,15.0,9.0
Cundinamarca,2017-12-13 16:12:00,64,0.0,2017-11-14 05:00:00,martes,30,Normal,Seca y limpia,Plano,Cajón,Recta,Parcial con paso alternado,1,0,0,0,1.0,Choque,no mantener distancia de seguridad,45A04_2_64,15.0,10.0
Cundinamarca,2017-12-13 16:14:00,65,500.0,2017-11-19 05:00:00,domingo,50,Normal,Seca y limpia,Plano,Cajón,Recta,Transito normal con precaución,0,0,0,0,1.0,Choque,adelantamientos indebidos,45A04_2_65,18.0,6.0
Cundinamarca,2017-12-13 16:18:00,45,185.0,2017-11-24 05:00:00,viernes,50,Normal,Seca y limpia,Montañoso,Media ladera Izquierda,Curva Derecha,Parcial con paso alternado,0,30,0,0,1.0,Choque,maniobras imprudentes,45A04_2_45,15.0,9.0
Cundinamarca,2017-12-13 16:21:00,45,200.0,2017-11-27 05:00:00,lunes,30,Normal,Seca y limpia,Montañoso,Media ladera Izquierda,Curva Derecha,Parcial con paso alternado,0,0,1,0,1.0,Atropello,imprudencia del conductor,45A04_2_45,3.0,21.0
Cundinamarca,2017-12-13 16:25:00,45,700.0,2017-11-28 05:00:00,martes,30,Normal,Seca y limpia,Montañoso,Media ladera Izquierda,Recta,Transito normal con precaución,0,0,3,0,1.0,Atropello,estacionamiento y senalizacion imprudente,45A04_2_45,18.0,6.0
Cundinamarca,2018-01-18 00:02:00,53,300.0,2017-12-02 05:00:00,sabado,0,Normal,Seca y limpia,Montañoso,Media Ladera Derecha,Recta,Parcial con reducción de carriles,0,0,0,0,1.0,Choque,desobediencia a normas y senales,45A04_2_53,16.0,8.0
Cundinamarca,2018-01-18 00:14:00,45,100.0,2018-01-04 05:00:00,jueves,0,Normal,Seca y limpia,Montañoso,Media ladera Izquierda,Curva Derecha,Parcial con paso alternado,0,0,0,0,1.0,Choque,no mantener distancia de seguridad,45A04_2_45,0.0,0.0
Cundinamarca,2018-01-21 00:28:00,30,100.0,2017-12-07 05:00:00,jueves,0,Normal,Seca y limpia,Plano,Terraplen,Recta,Transito normal con precaución,0,0,0,0,1.0,Choque,no mantener distancia de seguridad,45A04_2_30,19.0,5.0
Cundinamarca,2018-01-21 00:32:00,30,200.0,2017-12-09 05:00:00,sabado,20,Normal,Seca y limpia,Plano,Terraplen,Recta,Transito normal con precaución,0,0,0,0,1.0,Choque,no determinada,45A04_2_30,12.0,12.0
Cundinamarca,2018-01-21 00:36:00,57,700.0,2017-12-09 05:00:00,sabado,30,Normal,Seca y limpia,Montañoso,Media Ladera Derecha,Curva Derecha,Parcial con paso alternado,0,0,0,0,1.0,Choque,maniobras imprudentes,45A04_2_57,18.0,6.0
Cundinamarca,2018-01-21 00:40:00,50,0.0,2017-12-10 05:00:00,domingo,30,Lluvia,Humeda,Ondulado,Media Ladera Derecha,Recta,Parcial con paso alternado,0,0,0,0,1.0,Choque,imprudencia del conductor,45A04_2_50,8.0,16.0
Cundinamarca,2018-01-21 00:54:00,42,48.0,2017-12-16 05:00:00,sabado,25,Normal,Seca y limpia,Montañoso,Media ladera Izquierda,Curva Izquierda,Parcial con reducción de carriles,0,15,2,0,1.0,Salida de la vía sin volcarse,fallas mecanicas y del sistema electrico,45A04_2_42,13.0,11.0
Cundinamarca,2018-01-21 01:05:00,44,500.0,2017-12-17 05:00:00,domingo,30,Normal,Seca y limpia,Montañoso,Media Ladera Derecha,Recta,Parcial con reducción de carriles,0,15,0,0,1.0,Choque,no mantener distancia de seguridad,45A04_2_44,13.0,11.0
Cundinamarca,2018-01-21 01:20:00,45,100.0,2017-12-04 05:00:00,lunes,0,Normal,Seca y limpia,Montañoso,Media ladera Izquierda,Curva Derecha,Parcial con reducción de carriles,0,0,0,0,1.0,Choque,no determinada,45A04_2_45,11.0,13.0
Cundinamarca,2018-01-26 13:55:00,59,900.0,2017-12-19 05:00:00,martes,50,Normal,Seca y limpia,Plano,Cajón,Recta,Parcial con reducción de carriles,0,0,0,0,1.0,Choque,no mantener distancia de seguridad,45A04_2_59,8.0,16.0
Cundinamarca,2018-01-26 14:14:00,43,907.0,2017-12-20 05:00:00,miercoles,20,Normal,Seca y limpia,Montañoso,Media ladera Izquierda,Recta,Parcial con reducción de carriles,0,0,0,0,1.0,Choque,no mantener distancia de seguridad,45A04_2_43,11.0,13.0
Cundinamarca,2018-01-26 14:18:00,61,200.0,2017-12-21 05:00:00,jueves,0,Normal,Seca y limpia,Plano,Cajón,Recta,Parcial con reducción de carriles,0,0,3,0,1.0,Choque,maniobras imprudentes,45A04_2_61,15.0,9.0
Cundinamarca,2018-01-26 14:21:00,51,400.0,2017-12-21 05:00:00,jueves,0,Normal,Seca y limpia,Montañoso,Media Ladera Derecha,Recta,Parcial con reducción de carriles,0,0,0,0,1.0,Choque,no mantener distancia de seguridad,45A04_2_51,11.0,13.0
Cundinamarca,2018-01-26 14:25:00,62,500.0,2017-12-21 05:00:00,jueves,15,Normal,Seca y limpia,Plano,Cajón,Recta,Parcial con reducción de carriles,0,0,2,0,1.0,Choque,adelantamientos indebidos,45A04_2_62,14.0,10.0
Cundinamarca,2018-01-26 15:06:00,58,0.0,2017-12-26 05:00:00,martes,0,Normal,Seca y limpia,Montañoso,Media ladera Izquierda,Recta,Parcial con reducción de carriles,0,0,0,0,1.0,Salida de la vía sin volcarse,imprudencia del conductor,45A04_2_58,20.0,4.0
Cundinamarca,2018-01-29 16:45:00,53,0.0,2018-01-04 05:00:00,jueves,0,Normal,Seca y limpia,Plano,Terraplen,Recta,Parcial con reducción de carriles,0,0,0,0,1.0,Volcamiento,no determinada,45A04_2_53,13.0,11.0
Cundinamarca,2018-01-29 16:52:00,46,100.0,2018-01-04 05:00:00,jueves,16,Normal,Seca y limpia,Montañoso,Media ladera Izquierda,Curva Izquierda,Parcial con reducción de carriles,0,0,0,0,1.0,Choque,no determinada,45A04_2_46,23.0,1.0
Cundinamarca,2018-01-29 17:01:00,55,100.0,2018-01-16 05:00:00,martes,50,Normal,Seca y limpia,Plano,Terraplen,Recta,Parcial con reducción de carriles,0,0,0,0,1.0,Volcamiento,imprudencia del conductor,45A04_2_55,19.0,5.0
Cundinamarca,2018-01-29 17:17:00,61,860.0,2018-01-16 05:00:00,martes,30,Normal,Seca y limpia,Plano,Terraplen,Recta,Parcial con reducción de carriles,0,0,2,0,1.0,Choque,adelantamientos indebidos,45A04_2_61,5.0,19.0
Cundinamarca,2018-02-27 18:36:00,53,800.0,2018-01-25 05:00:00,jueves,0,Normal,Seca y limpia,Plano,Media ladera Izquierda,Curva Izquierda,Transito normal con precaución,0,0,0,0,1.0,Choque,no mantener distancia de seguridad,45A04_2_53,18.0,6.0
Cundinamarca,2018-02-27 18:40:00,40,800.0,2018-01-25 05:00:00,jueves,30,Normal,Seca y limpia,Plano,Terraplen,Recta,Transito normal con precaución,0,0,0,0,1.0,Choque,no mantener distancia de seguridad,45A04_2_40,6.0,18.0
Cundinamarca,2018-02-27 18:45:00,61,200.0,2018-01-26 05:00:00,viernes,0,Normal,Seca y limpia,Plano,Terraplen,Recta,Transito normal con precaución,0,0,0,0,1.0,Choque,maniobras imprudentes,45A04_2_61,18.0,6.0
Cundinamarca,2018-02-27 18:48:00,49,100.0,2018-01-28 05:00:00,domingo,0,Normal,Seca y limpia,Plano,Terraplen,Recta,Transito normal con precaución,0,0,0,0,1.0,Choque,embriaguez o sustancias alucinogenas,45A04_2_49,3.0,21.0
Cundinamarca,2018-02-27 18:50:00,46,800.0,2018-01-29 05:00:00,lunes,0,Normal,Seca y limpia,Plano,Media ladera Izquierda,Curva Izquierda,Transito normal con precaución,0,0,0,0,1.0,Choque,desobediencia a normas y senales,45A04_2_46,1.0,23.0
Cundinamarca,2018-02-27 18:52:00,46,0.0,2018-01-30 05:00:00,martes,40,Normal,Seca y limpia,Plano,Media ladera Izquierda,Curva Derecha,Transito normal con precaución,0,0,0,0,1.0,Choque,desobediencia a normas y senales,45A04_2_46,13.0,11.0
Cundinamarca,2017-12-13 14:33:00,35,550.0,2017-10-05 05:00:00,jueves,30,Sol,Seca y limpia,Plano,Terraplen,Recta,Transito normal con precaución,0,0,0,0,1.0,Choque,imprudencia del conductor,45A04_1_35,12.0,12.0
Cundinamarca,2017-12-13 15:11:00,40,50.0,2017-10-27 05:00:00,viernes,30,Sol,Seca y limpia,Plano,Media Ladera Derecha,Recta,Transito normal con precaución,0,0,1,0,1.0,Choque,fallas mecanicas y del sistema electrico,45A04_1_40,14.0,10.0
Cundinamarca,2017-12-13 16:27:00,35,600.0,2017-11-29 05:00:00,miercoles,20,Sol,Seca y limpia,Plano,Terraplen,Curva Derecha,Transito normal con precaución,0,0,1,0,1.0,Volcamiento,estacionamiento y senalizacion imprudente,45A04_1_35,1.0,23.0
Putumayo,2017-06-19 11:15:00,0,760.0,2017-03-23 05:00:00,jueves,0,Normal,Seca y limpia,Plano,Cajón,Recta,Transito normal con precaución,0,0,1,0,1.0,Volcamiento,no determinada,4503_1_0,9.0,15.0
Cundinamarca,2018-01-17 23:54:00,35,600.0,2017-12-02 05:00:00,sabado,0,Normal,Seca y limpia,Plano,Terraplen,Recta,Transito normal con precaución,0,0,0,0,1.0,Choque,desobediencia a normas y senales,45A04_1_35,5.0,19.0
Cundinamarca,2018-01-21 00:59:00,34,800.0,2017-12-16 05:00:00,sabado,0,Normal,Seca y limpia,Plano,Terraplen,Recta,Parcial con paso alternado,0,30,0,1,1.0,Atropello,desobediencia a normas y senales,45A04_1_34,19.0,5.0
Cundinamarca,2018-02-27 18:32:00,35,100.0,2018-01-22 05:00:00,lunes,0,Normal,Seca y limpia,Plano,Terraplen,Recta,Transito normal con precaución,0,0,1,0,1.0,Choque,maniobras imprudentes,45A04_1_35,23.0,1.0
Magdalena,2017-05-15 02:47:00,44,500.0,2016-12-21 05:00:00,miercoles,30,Sol,Seca y limpia,Plano,Terraplen,Recta,Transito normal con precaución,0,0,1,0,1.0,Choque,imprudencia del conductor,4518_0_44,21.0,3.0
Magdalena,2017-05-15 02:50:00,38,900.0,2016-12-21 05:00:00,miercoles,0,Seca,Seca y limpia,Plano,Terraplen,Recta,Transito normal con precaución,0,0,1,0,1.0,Choque,condiciones de la via y factores ambientales,4518_0_38,15.0,9.0
Tolima,2017-10-04 22:00:00,40,700.0,2017-07-25 05:00:00,martes,0,Seca,Seca y limpia,Plano,Cajón,Recta,Transito normal con precaución,0,30,0,0,1.0,Choque,no mantener distancia de seguridad,4507_2_40,0.0,0.0
Tolima,2017-10-04 22:06:00,42,900.0,2017-08-08 05:00:00,martes,30,Seca,Seca y limpia,Plano,Cajón,Curva Izquierda,Parcial con reducción de carriles,0,30,0,0,1.0,Choque,desobediencia a normas y senales,4507_2_42,11.0,13.0
Tolima,2017-10-08 23:13:00,26,100.0,2017-09-22 05:00:00,viernes,15,Sol,Seca y limpia,Plano,Cajón,Recta,Parcial con paso alternado,0,15,1,0,1.0,Choque,desobediencia a normas y senales,4507_2_26,13.0,11.0
Tolima,2017-12-13 14:36:00,40,700.0,2017-11-19 05:00:00,domingo,0,Seca,Seca y limpia,Plano,Terraplen,Recta,Parcial con reducción de carriles,1,0,0,0,1.0,Choque,desobediencia a normas y senales,4507_2_40,8.0,17.0
Tolima,2018-04-09 15:52:00,26,200.0,2018-03-18 05:00:00,domingo,0,Seca,Seca y limpia,Plano,Cajón,Curva Izquierda,Parcial con reducción de carriles,1,0,1,0,1.0,Atropello,embriaguez o sustancias alucinogenas,4507_2_26,9.0,16.0
Huila,2018-02-26 15:41:00,85,650.0,2018-01-07 05:00:00,domingo,40,Normal,Seca y limpia,Plano,Terraplen,Recta,Transito normal con precaución,0,0,1,0,1.0,Choque,no determinada,4506_0_85,16.0,8.0
Putumayo,2017-10-10 13:02:00,1,120.0,2017-08-17 05:00:00,jueves,10,Normal,Seca y limpia,Plano,Cajón,Recta,Parcial con reducción de carriles,0,0,0,0,1.0,Choque,no determinada,4503_2_1,10.0,14.0
Putumayo,2017-06-07 20:50:00,0,40.0,2016-11-01 05:00:00,martes,30,Normal,Seca y limpia,Ondulado,Cajón,Recta,Transito normal con precaución,0,0,0,0,1.0,Choque,no mantener distancia de seguridad,4503_1_0,19.0,5.0
Putumayo,2017-06-07 20:53:00,0,120.0,2016-12-10 05:00:00,sabado,15,Normal,Seca y limpia,Plano,Cajón,Recta,Transito normal con precaución,0,0,0,0,1.0,Choque,no determinada,4503_1_0,2.0,22.0
Putumayo,2017-06-07 21:00:00,0,670.0,2016-12-10 05:00:00,sabado,40,Normal,Seca y limpia,Plano,Cajón,Recta,Transito normal con precaución,0,0,0,0,1.0,Choque,embriaguez o sustancias alucinogenas,4503_1_0,13.0,11.0
Putumayo,2017-06-07 21:11:00,0,670.0,2017-01-23 05:00:00,lunes,20,Normal,Seca y limpia,Plano,Cajón,Recta,Transito normal con precaución,0,0,1,0,1.0,Choque,imprudencia del conductor,4503_1_0,7.0,17.0
Putumayo,2017-06-07 21:14:00,0,40.0,2017-01-27 05:00:00,viernes,20,Lluvia,Humeda,Ondulado,Cajón,Recta,Transito normal con precaución,0,0,0,0,1.0,Choque,no determinada,4503_1_0,22.0,2.0
Putumayo,2017-06-07 21:17:00,0,40.0,2017-01-29 05:00:00,domingo,10,Normal,Seca y limpia,Ondulado,Cajón,Recta,Transito normal con precaución,0,0,0,0,1.0,Choque,fallas mecanicas y del sistema electrico,4503_1_0,3.0,21.0
Putumayo,2017-06-19 11:08:00,0,450.0,2017-03-22 05:00:00,miercoles,50,Normal,Seca y limpia,Plano,Cajón,Recta,Transito normal con precaución,0,0,1,0,1.0,Choque,imprudencia del conductor,4503_1_0,7.0,17.0
Putumayo,2017-06-19 11:10:00,0,480.0,2017-03-22 05:00:00,miercoles,0,Normal,Seca y limpia,Plano,Cajón,Recta,Transito normal con precaución,0,0,0,0,1.0,Atropello,conducta de peatones,4503_1_0,15.0,9.0
Putumayo,2017-10-10 12:57:00,0,670.0,2017-08-16 05:00:00,miercoles,30,Normal,Seca y limpia,Plano,Cajón,Recta,Parcial con reducción de carriles,0,0,2,0,1.0,Choque,no determinada,4503_1_0,5.0,19.0
Putumayo,2017-10-10 17:38:00,1,200.0,2017-07-08 05:00:00,sabado,0,Normal,Seca y limpia,Plano,Cajón,Recta,Parcial con reducción de carriles,0,0,2,0,1.0,Choque,no determinada,4503_1_1,16.0,8.0
Putumayo,2017-10-11 21:12:00,1,250.0,2017-09-10 05:00:00,domingo,0,Normal,Seca y limpia,Plano,Cajón,Recta,Parcial con reducción de carriles,0,0,1,0,1.0,Choque,no determinada,4503_1_1,22.0,2.0
Putumayo,2017-11-17 15:03:00,0,800.0,2017-10-05 05:00:00,jueves,0,Normal,Seca y limpia,Plano,Cajón,Recta,Transito normal con precaución,0,0,0,0,1.0,Choque,no determinada,4503_1_0,17.0,7.0
Putumayo,2018-01-11 22:07:00,0,250.0,2017-12-01 05:00:00,viernes,40,Normal,Seca y limpia,Plano,Cajón,Recta,Parcial con reducción de carriles,0,0,0,0,1.0,Choque,imprudencia del conductor,4503_1_0,16.0,8.0
Putumayo,2018-01-11 22:10:00,1,500.0,2017-12-28 05:00:00,jueves,0,Normal,Seca y limpia,Plano,Cajón,Recta,Parcial con reducción de carriles,0,0,0,0,1.0,Choque,no determinada,4503_1_1,10.0,14.0
Putumayo,2018-02-07 17:55:00,0,780.0,2018-01-06 05:00:00,sabado,30,Normal,Seca y limpia,Plano,Cajón,Recta,Transito normal con precaución,0,0,4,0,1.0,Choque,no determinada,4503_1_0,10.0,14.0
Putumayo,2018-02-08 13:26:00,0,460.0,2018-01-26 05:00:00,viernes,55,Normal,Seca y limpia,Plano,Cajón,Curva Izquierda,Transito normal con precaución,0,0,1,0,1.0,Choque,embriaguez o sustancias alucinogenas,4503_1_0,20.0,4.0
Putumayo,2018-02-08 13:29:00,0,190.0,2018-01-28 05:00:00,domingo,0,Normal,Seca y limpia,Plano,Cajón,Recta,Transito normal con precaución,0,0,1,0,1.0,Atropello,no determinada,4503_1_0,5.0,19.0
Putumayo,2018-03-07 21:49:00,0,950.0,2018-02-09 05:00:00,viernes,0,Sol,Seca y limpia,Plano,Cajón,Recta,Parcial con reducción de carriles,0,0,1,0,1.0,Volcamiento,imprudencia del conductor,4503_1_0,5.0,19.0
Putumayo,2017-06-07 21:03:00,70,85.0,2017-01-22 05:00:00,domingo,50,Normal,Seca y limpia,Ondulado,Media ladera Izquierda,Curva Derecha,Transito normal con precaución,0,0,0,0,1.0,Choque,imprudencia del conductor,4502_0_70,9.0,15.0
Putumayo,2017-06-07 21:07:00,77,580.0,2017-01-18 05:00:00,miercoles,40,Normal,Seca y limpia,Plano,Cajón,Recta,Transito normal con precaución,0,0,1,0,1.0,Choque,no determinada,4502_0_77,2.0,22.0
Boyacá,2017-05-19 16:50:00,70,280.0,2017-01-21 05:00:00,sabado,30,Lluvia,Humeda,Montañoso,Media Ladera Derecha,Curva Derecha,Transito normal con precaución,0,0,0,0,1.0,Choque,imprudencia del conductor,5503_1_70,19.0,5.0
Boyacá,2017-05-22 14:32:00,22,280.0,2017-01-23 05:00:00,lunes,30,Sol,Seca y limpia,Ondulado,Media ladera Izquierda,Recta,Transito normal con precaución,0,0,0,1,1.0,Atropello,maniobras imprudentes,5503_1_22,7.0,17.0
Boyacá,2017-05-22 15:34:00,16,100.0,1969-12-31 23:49:00,miercoles,0,Normal,Seca y limpia,Ondulado,Media Ladera Derecha,Curva Izquierda,Transito normal con precaución,0,0,0,0,1.0,Volcamiento,exceso de velocidad,5503_1_16,17.0,7.0
Boyacá,2017-05-22 15:37:00,23,890.0,2017-02-19 05:00:00,domingo,0,Normal,Seca y limpia,Plano,Terraplen,Recta,Transito normal con precaución,0,0,1,0,1.0,Atropello,conducta de peatones,5503_1_23,12.0,12.0