territorial,fecha_registro,pr,distancia_pr,fecha_acc,dia_semana_acc,min_acc,condic_meteor,estado_super,terreno,secc_tip,geometria_acc,tipo_cierre,horas_cierre,min_cierre,n_heridos,n_muertos,n_victimas,clase_accidente,causa_posible,ref_loc,hora_acc,duracion_cierre_horas
Boyacá,2017-05-22 19:05:00,48,250.0,2017-02-28 05:00:00,martes,30,Lluvia,Humeda,Ondulado,Media ladera Izquierda,Recta,Transito normal con precaución,0,0,1,0,1.0,Choque,embriaguez o sustancias alucinogenas,5503_1_48,16.0,8.0
Boyacá,2017-05-22 19:11:00,13,700.0,2017-03-11 05:00:00,sabado,0,Lluvia,Humeda,Ondulado,Terraplen,Recta,Transito normal con precaución,0,0,0,0,1.0,Choque,condiciones de la via y factores ambientales,5503_1_13,12.0,12.0
Boyacá,2017-05-22 19:14:00,28,200.0,2017-03-18 05:00:00,sabado,30,Normal,Seca y limpia,Ondulado,Media Ladera Derecha,Curva Derecha,Transito normal con precaución,0,0,0,0,1.0,Choque,exceso de velocidad,5503_1_28,12.0,12.0
Boyacá,2017-05-22 19:29:00,15,250.0,2017-03-26 05:00:00,domingo,50,Lluvia,Humeda,Ondulado,Media ladera Izquierda,Curva Izquierda,Transito normal con precaución,0,0,2,0,1.0,Choque,condiciones de la via y factores ambientales,5503_1_15,13.0,11.0
Boyacá,2017-05-23 15:09:00,39,80.0,2017-04-07 05:00:00,viernes,30,Lluvia,Humeda,Ondulado,Media ladera Izquierda,Curva Derecha,Transito normal con precaución,0,0,0,0,1.0,Choque,maniobras imprudentes,5503_1_39,12.0,12.0
Boyacá,2017-05-23 15:18:00,48,530.0,2017-04-11 05:00:00,martes,0,Normal,Seca y limpia,Ondulado,Media Ladera Derecha,Curva Derecha,Transito normal con precaución,0,0,0,0,1.0,Choque,exceso de velocidad,5503_1_48,10.0,14.0
Boyacá,2017-05-23 16:06:00,95,1250.0,2017-04-12 05:00:00,miercoles,30,Normal,Seca y limpia,Montañoso,Media ladera Izquierda,Curva Izquierda,Transito normal con precaución,0,0,0,0,1.0,Choque,exceso de velocidad,5503_1_95,16.0,8.0
Boyacá,2017-05-23 16:09:00,48,530.0,2017-04-13 05:00:00,jueves,50,Normal,Seca y limpia,Ondulado,Media Ladera Derecha,Curva Derecha,Transito normal con precaución,0,0,0,0,1.0,Choque,exceso de velocidad,5503_1_48,17.0,7.0
Boyacá,2017-05-23 19:20:00,65,160.0,2017-04-18 05:00:00,martes,0,Normal,Seca y limpia,Ondulado,Terraplen,Recta,Transito normal con precaución,0,0,0,0,1.0,Choque,exceso de velocidad,5503_1_65,10.0,14.0
Boyacá,2017-05-23 19:24:00,23,65.0,2017-04-25 05:00:00,martes,50,Lluvia,Humeda,Ondulado,Terraplen,Recta,Transito normal con precaución,0,0,0,0,1.0,Volcamiento,exceso de velocidad,5503_1_23,0.0,0.0
Boyacá,2017-05-23 19:29:00,35,100.0,2017-04-30 05:00:00,domingo,30,Normal,Seca y limpia,Ondulado,Media Ladera Derecha,Curva Izquierda,Transito normal con precaución,0,0,0,0,1.0,Salida de la vía sin volcarse,exceso de velocidad,5503_1_35,13.0,11.0
Boyacá,2017-05-24 12:45:00,26,980.0,2017-01-24 05:00:00,martes,0,Normal,Seca y limpia,Plano,Terraplen,Recta,Transito normal con precaución,0,0,0,0,1.0,Choque,adelantamientos indebidos,5503_1_26,7.0,17.0
Boyacá,2017-05-24 12:56:00,3,400.0,2017-01-27 05:00:00,viernes,0,Normal,Seca y limpia,Plano,Terraplen,Recta,Transito normal con precaución,0,0,0,0,1.0,Choque,imprudencia del conductor,5503_1_3,18.0,6.0
Boyacá,2017-05-24 19:00:00,93,410.0,2017-04-11 05:00:00,martes,0,Normal,Seca y limpia,Montañoso,Terraplen,Curva Izquierda,Transito normal con precaución,0,0,3,0,1.0,Choque,adelantamientos indebidos,5503_1_93,15.0,9.0
Tolima,2018-02-16 23:54:00,24,350.0,2018-01-07 05:00:00,domingo,30,Normal,Seca y limpia,Escarpado,Media Ladera Derecha,Curva Izquierda,Parcial con paso alternado,0,0,0,0,1.0,Choque,no determinada,5007_2_24,23.0,1.0
Tolima,2018-02-16 23:59:00,24,500.0,2018-01-07 05:00:00,domingo,0,Normal,Seca y limpia,Escarpado,Media Ladera Derecha,Curva Izquierda,Parcial con paso alternado,0,0,0,0,1.0,Choque,no determinada,5007_2_24,12.0,12.0
Tolima,2018-02-17 00:01:00,24,450.0,2018-01-14 05:00:00,domingo,0,Normal,Seca y limpia,Escarpado,Media Ladera Derecha,Curva Izquierda,Parcial con paso alternado,0,0,0,0,1.0,Choque,no determinada,5007_2_24,23.0,1.0
Tolima,2018-03-14 15:30:00,8,800.0,2018-02-17 05:00:00,sabado,20,Normal,Seca y limpia,Escarpado,Media ladera Izquierda,Curva Derecha,Parcial con paso alternado,0,0,0,0,1.0,Choque,no determinada,5007_2_8,17.0,7.0
Tolima,2018-03-14 15:30:00,8,800.0,2018-02-17 05:00:00,sabado,20,Normal,Seca y limpia,Escarpado,Media ladera Izquierda,Curva Derecha,Parcial con paso alternado,0,0,0,0,1.0,Choque,no determinada,5007_2_8,7.0,17.0
Tolima,2018-03-14 15:33:00,23,850.0,2018-02-20 05:00:00,martes,0,Normal,Seca y limpia,Escarpado,Media ladera Izquierda,Curva Derecha,Parcial con paso alternado,0,0,1,0,1.0,Choque,no determinada,5007_2_23,19.0,5.0
Tolima,2018-04-17 14:59:00,18,0.0,2018-03-05 05:00:00,lunes,30,Lluvia,Humeda,Escarpado,Media ladera Izquierda,Curva Izquierda,Parcial con paso alternado,0,0,0,0,1.0,Choque,no determinada,5007_2_18,4.0,20.0
Tolima,2018-03-13 22:57:00,24,450.0,2018-02-01 05:00:00,jueves,5,Normal,Seca y limpia,Escarpado,Media Ladera Derecha,Curva Derecha,Parcial con paso alternado,0,0,0,0,1.0,Choque,no determinada,5007_1_24,8.0,16.0
Tolima,2018-03-13 23:00:00,5,450.0,2018-02-11 05:00:00,domingo,0,Normal,Seca y limpia,Escarpado,Media Ladera Derecha,Curva Derecha,Parcial con paso alternado,0,0,0,0,1.0,Choque,condiciones de la via y factores ambientales,5007_1_5,17.0,7.0
Tolima,2018-04-17 15:01:00,24,600.0,2018-03-15 05:00:00,jueves,40,Normal,Seca y limpia,Escarpado,Media ladera Izquierda,Curva Derecha,Parcial con paso alternado,0,0,1,0,1.0,Choque,no determinada,5007_1_24,7.0,17.0
Caldas,2017-09-08 13:33:00,9,650.0,2017-08-23 05:00:00,miercoles,0,Normal,Seca y limpia,Montañoso,Media ladera Izquierda,Curva Derecha,Transito normal con precaución,0,0,0,0,1.0,Choque,no mantener distancia de seguridad,5006_0_9,18.0,6.0
Caldas,2018-04-17 22:42:00,9,900.0,2018-03-23 05:00:00,viernes,0,Lluvia,Humeda,Ondulado,Media ladera Izquierda,Curva Izquierda,Transito normal con precaución,14,10,0,0,1.0,Choque,no determinada,5006_0_9,13.0,1.0
Caldas,2017-05-05 20:21:00,42,350.0,2017-04-07 05:00:00,viernes,0,Normal,Seca y limpia,Montañoso,Media ladera Izquierda,Recta,Transito normal con precaución,0,0,0,0,1.0,Choque,no mantener distancia de seguridad,5006_0_42,14.0,10.0
Caldas,2017-05-05 20:23:00,40,700.0,2017-04-08 05:00:00,sabado,5,Lluvia,Humeda,Montañoso,Media ladera Izquierda,Curva Izquierda,Transito normal con precaución,0,0,0,0,1.0,Choque,no mantener distancia de seguridad,5006_0_40,10.0,14.0
Caldas,2017-05-05 20:26:00,79,250.0,2017-04-14 05:00:00,viernes,10,Lluvia,Humeda,Montañoso,Media Ladera Derecha,Curva Izquierda,Transito normal con precaución,0,0,0,0,1.0,Choque,imprudencia del conductor,5006_0_79,19.0,5.0
Caldas,2017-05-05 20:29:00,16,900.0,2017-04-16 05:00:00,domingo,20,Lluvia,Humeda,Montañoso,Media ladera Izquierda,Curva Izquierda,Transito normal con precaución,0,0,0,0,1.0,Choque,imprudencia del conductor,5006_0_16,11.0,13.0
Caldas,2017-05-05 20:31:00,10,450.0,2017-04-17 05:00:00,lunes,45,Normal,Seca y limpia,Montañoso,Media ladera Izquierda,Curva Izquierda,Parcial con reducción de carriles,0,0,0,0,1.0,Volcamiento,exceso de velocidad,5006_0_10,0.0,0.0
Caldas,2017-05-05 20:38:00,4,790.0,2017-04-24 05:00:00,lunes,30,Normal,Seca y limpia,Montañoso,Media ladera Izquierda,Recta,Transito normal con precaución,0,0,0,0,1.0,Choque,no mantener distancia de seguridad,5006_0_4,17.0,7.0
Caldas,2017-05-05 20:40:00,11,950.0,2017-04-25 05:00:00,martes,35,Lluvia,Humeda,Montañoso,Media ladera Izquierda,Curva Izquierda,Transito normal con precaución,0,0,0,0,1.0,Choque,condiciones de la via y factores ambientales,5006_0_11,15.0,9.0
Caldas,2017-05-05 20:45:00,0,50.0,2017-04-26 05:00:00,miercoles,0,Normal,Seca y limpia,Montañoso,Terraplen,Recta,Parcial con reducción de carriles,0,0,1,0,1.0,Choque,no mantener distancia de seguridad,5006_0_0,20.0,4.0
Caldas,2017-05-05 20:47:00,0,770.0,2017-04-28 05:00:00,viernes,20,Normal,Seca y limpia,Montañoso,Terraplen,Recta,Transito normal con precaución,0,0,0,0,1.0,Choque,no mantener distancia de seguridad,5006_0_0,19.0,5.0
Caldas,2017-06-05 19:22:00,0,620.0,2017-05-02 05:00:00,martes,10,Normal,Seca y limpia,Montañoso,Terraplen,Recta,Transito normal con precaución,0,0,1,0,1.0,Atropello,imprudencia del conductor,5006_0_0,19.0,5.0
Caldas,2017-06-05 19:37:00,44,150.0,2017-05-03 05:00:00,miercoles,30,Normal,Seca y limpia,Montañoso,Media ladera Izquierda,Curva Izquierda,Transito normal con precaución,0,0,0,0,1.0,Volcamiento,imprudencia del conductor,5006_0_44,5.0,19.0
Caldas,2017-06-05 19:41:00,1,410.0,2017-05-09 05:00:00,martes,25,Normal,Seca y limpia,Montañoso,Terraplen,Recta,Transito normal con precaución,0,0,0,0,1.0,Choque,no mantener distancia de seguridad,5006_0_1,10.0,14.0
Caldas,2017-06-05 19:46:00,67,700.0,2017-05-12 05:00:00,viernes,0,Normal,Seca y limpia,Montañoso,Media ladera Izquierda,Curva Izquierda,Transito normal con precaución,0,0,0,0,1.0,Choque,adelantamientos indebidos,5006_0_67,15.0,9.0
Caldas,2017-06-05 19:49:00,1,100.0,2017-05-15 05:00:00,lunes,20,Normal,Seca y limpia,Montañoso,Terraplen,Recta,Transito normal con precaución,0,0,0,0,1.0,Choque,no mantener distancia de seguridad,5006_0_1,16.0,8.0
Caldas,2017-06-05 19:53:00,14,570.0,2017-05-18 05:00:00,jueves,0,Normal,Seca y limpia,Montañoso,Media ladera Izquierda,Recta,Transito normal con precaución,0,0,0,0,1.0,Volcamiento,defectos fisicos y psiquicos,5006_0_14,23.0,1.0
Caldas,2017-06-05 19:55:00,1,350.0,2017-05-18 05:00:00,jueves,0,Lluvia,Humeda,Montañoso,Terraplen,Recta,Transito normal con precaución,0,0,0,0,1.0,Choque,no mantener distancia de seguridad,5006_0_1,6.0,18.0
Caldas,2017-06-05 19:58:00,0,490.0,2017-05-18 05:00:00,jueves,20,Lluvia,Humeda,Montañoso,Terraplen,Recta,Transito normal con precaución,0,0,1,0,1.0,Choque,adelantamientos indebidos,5006_0_0,4.0,20.0
Caldas,2017-06-05 20:01:00,5,470.0,2017-05-19 05:00:00,viernes,30,Normal,Seca y limpia,Montañoso,Media ladera Izquierda,Curva Izquierda,Transito normal con precaución,0,0,0,0,1.0,Choque,no determinada,5006_0_5,9.0,15.0
Caldas,2017-06-05 20:06:00,4,160.0,2017-05-26 05:00:00,viernes,50,Normal,Seca y limpia,Montañoso,Media ladera Izquierda,Recta,Transito normal con precaución,0,0,0,0,1.0,Choque,no mantener distancia de seguridad,5006_0_4,15.0,9.0
Caldas,2017-06-05 20:08:00,19,0.0,2017-05-28 05:00:00,domingo,40,Normal,Seca y limpia,Montañoso,Media ladera Izquierda,Curva Izquierda,Transito normal con precaución,0,0,1,0,1.0,Choque,no mantener distancia de seguridad,5006_0_19,10.0,14.0
Caldas,2017-06-05 20:10:00,8,0.0,2017-05-31 05:00:00,miercoles,0,Normal,Seca y limpia,Montañoso,Media ladera Izquierda,Curva Derecha,Transito normal con precaución,0,0,0,0,1.0,Choque,no determinada,5006_0_8,22.0,2.0
Caldas,2017-07-06 15:05:00,2,200.0,2017-06-09 05:00:00,viernes,50,Lluvia,Humeda,Montañoso,Terraplen,Recta,Transito normal con precaución,0,0,0,0,1.0,Choque,no mantener distancia de seguridad,5006_0_2,20.0,4.0
Caldas,2017-07-06 15:11:00,0,800.0,2017-06-12 05:00:00,lunes,20,Normal,Seca y limpia,Montañoso,Terraplen,Recta,Transito normal con precaución,0,0,0,0,1.0,Choque,maniobras imprudentes,5006_0_0,17.0,7.0
Caldas,2017-07-06 15:13:00,7,338.0,2017-06-13 05:00:00,martes,15,Normal,Seca y limpia,Montañoso,Media ladera Izquierda,Curva Izquierda,Transito normal con precaución,0,0,0,0,1.0,Choque,condiciones de la via y factores ambientales,5006_0_7,4.0,20.0
Caldas,2017-07-06 15:21:00,3,170.0,2017-06-23 05:00:00,viernes,0,Normal,Seca y limpia,Montañoso,Terraplen,Recta,Transito normal con precaución,0,0,0,0,1.0,Choque,maniobras imprudentes,5006_0_3,17.0,7.0
Caldas,2017-08-03 13:51:00,5,450.0,2017-07-06 05:00:00,jueves,30,Normal,Seca y limpia,Montañoso,Terraplen,Curva Izquierda,Transito normal con precaución,0,0,0,0,1.0,Choque,imprudencia del conductor,5006_0_5,13.0,11.0
Caldas,2017-08-03 14:05:00,0,550.0,2017-07-08 05:00:00,sabado,50,Normal,Seca y limpia,Montañoso,Terraplen,Recta,Transito normal con precaución,0,0,1,0,1.0,Choque,adelantamientos indebidos,5006_0_0,17.0,7.0
Caldas,2017-08-03 20:22:00,5,550.0,2017-07-09 05:00:00,domingo,15,Normal,Seca y limpia,Montañoso,Terraplen,Curva Izquierda,Transito normal con precaución,0,0,0,0,1.0,Choque,imprudencia del conductor,5006_0_5,16.0,8.0
Caldas,2017-08-03 20:28:00,0,250.0,2017-07-13 05:00:00,jueves,40,Normal,Seca y limpia,Montañoso,Terraplen,Recta,Transito normal con precaución,0,0,4,0,1.0,Choque,maniobras imprudentes,5006_0_0,6.0,18.0
Caldas,2017-08-03 20:34:00,11,900.0,2017-07-16 05:00:00,domingo,10,Normal,Seca y limpia,Montañoso,Media ladera Izquierda,Curva Izquierda,Transito normal con precaución,0,0,0,0,1.0,Choque,fallas mecanicas y del sistema electrico,5006_0_11,6.0,18.0
Caldas,2017-08-03 20:37:00,0,150.0,2017-07-28 05:00:00,viernes,30,Normal,Seca y limpia,Montañoso,Terraplen,Recta,Transito normal con precaución,0,0,0,0,1.0,Choque,no mantener distancia de seguridad,5006_0_0,1.0,23.0
Caldas,2017-08-03 20:39:00,19,0.0,2017-07-28 05:00:00,viernes,10,Normal,Seca y limpia,Montañoso,Media ladera Izquierda,Curva Izquierda,Transito normal con precaución,0,0,0,0,1.0,Choque,condiciones de la via y factores ambientales,5006_0_19,14.0,10.0
Caldas,2017-09-08 13:10:00,5,300.0,2017-08-06 05:00:00,domingo,10,Normal,Seca y limpia,Montañoso,Media ladera Izquierda,Recta,Transito normal con precaución,0,0,0,0,1.0,Caída ocupante,no determinada,5006_0_5,7.0,17.0
Caldas,2017-09-08 13:13:00,12,100.0,2017-08-07 05:00:00,lunes,20,Lluvia,Humeda,Montañoso,Media ladera Izquierda,Curva Derecha,Transito normal con precaución,0,0,0,0,1.0,Choque,condiciones de la via y factores ambientales,5006_0_12,13.0,11.0
Caldas,2017-09-08 13:17:00,10,270.0,2017-08-10 05:00:00,jueves,30,Normal,Seca y limpia,Montañoso,Media ladera Izquierda,Recta,Transito normal con precaución,0,0,0,0,1.0,Choque,condiciones de la via y factores ambientales,5006_0_10,7.0,17.0
Caldas,2017-09-08 13:21:00,51,550.0,2017-08-15 05:00:00,martes,0,Niebla,Humeda,Montañoso,Media Ladera Derecha,Curva Izquierda,Transito normal con precaución,0,0,0,0,1.0,Choque,condiciones de la via y factores ambientales,5006_0_51,5.0,19.0
Caldas,2017-09-08 13:23:00,58,850.0,2017-08-16 05:00:00,miercoles,30,Normal,Seca y limpia,Montañoso,Media Ladera Derecha,Recta,Transito normal con precaución,0,0,0,0,1.0,Choque,maniobras imprudentes,5006_0_58,5.0,19.0
Caldas,2017-09-08 13:29:00,19,850.0,2017-08-19 05:00:00,sabado,10,Lluvia,Humeda,Montañoso,Media ladera Izquierda,Curva Izquierda,Transito normal con precaución,0,0,0,0,1.0,Choque,adelantamientos indebidos,5006_0_19,16.0,8.0
Caldas,2017-09-08 13:31:00,60,0.0,2017-08-20 05:00:00,domingo,40,Normal,Seca y limpia,Montañoso,Media Ladera Derecha,Curva Derecha,Transito normal con precaución,0,0,0,0,1.0,Choque,condiciones de la via y factores ambientales,5006_0_60,14.0,10.0
Caldas,2017-09-08 13:34:00,0,740.0,2017-08-24 05:00:00,jueves,0,Lluvia,Humeda,Montañoso,Media ladera Izquierda,Recta,Transito normal con precaución,0,0,0,0,1.0,Choque,no determinada,5006_0_0,16.0,8.0
Caldas,2017-09-08 13:36:00,7,450.0,2017-08-27 05:00:00,domingo,40,Normal,Seca y limpia,Montañoso,Media ladera Izquierda,Recta,Transito normal con precaución,0,0,0,0,1.0,Choque,no mantener distancia de seguridad,5006_0_7,19.0,5.0
Caldas,2017-09-08 13:38:00,6,200.0,2017-08-30 05:00:00,miercoles,0,Normal,Seca y limpia,Montañoso,Media ladera Izquierda,Recta,Transito normal con precaución,0,0,0,0,1.0,Choque,no determinada,5006_0_6,6.0,18.0
Caldas,2017-09-08 13:39:00,2,750.0,2017-08-30 05:00:00,miercoles,30,Normal,Seca y limpia,Montañoso,Media ladera Izquierda,Recta,Transito normal con precaución,0,0,0,0,1.0,Choque,no determinada,5006_0_2,13.0,11.0
Caldas,2017-10-04 20:12:00,0,500.0,2017-09-04 05:00:00,lunes,40,Seca,Seca y limpia,Montañoso,Media ladera Izquierda,Recta,Transito normal con precaución,0,0,1,0,1.0,Atropello,no determinada,5006_0_0,12.0,12.0
Caldas,2017-10-04 20:22:00,15,500.0,2017-09-06 05:00:00,miercoles,40,Lluvia,Humeda,Montañoso,Media ladera Izquierda,Curva Izquierda,Transito normal con precaución,0,0,0,0,1.0,Choque,adelantamientos indebidos,5006_0_15,13.0,11.0
Caldas,2017-10-04 20:28:00,11,900.0,2017-09-14 05:00:00,jueves,30,Lluvia,Humeda,Montañoso,Media ladera Izquierda,Curva Izquierda,Transito normal con precaución,0,0,0,0,1.0,Choque,condiciones de la via y factores ambientales,5006_0_11,7.0,17.0
Caldas,2017-10-04 20:30:00,1,300.0,2017-09-16 05:00:00,sabado,0,Seca,Seca y limpia,Montañoso,Media ladera Izquierda,Recta,Transito normal con precaución,0,0,0,0,1.0,Choque,maniobras imprudentes,5006_0_1,8.0,16.0
Caldas,2017-10-04 20:31:00,0,850.0,2017-09-18 05:00:00,lunes,20,Seca,Seca y limpia,Montañoso,Media ladera Izquierda,Recta,Transito normal con precaución,0,0,0,0,1.0,Choque,no mantener distancia de seguridad,5006_0_0,10.0,14.0
Caldas,2017-10-04 20:38:00,2,300.0,2017-09-19 05:00:00,martes,0,Seca,Seca y limpia,Montañoso,Media ladera Izquierda,Recta,Transito normal con precaución,0,0,0,0,1.0,Choque,no mantener distancia de seguridad,5006_0_2,11.0,13.0
Caldas,2017-10-04 20:42:00,22,209.0,2017-09-22 05:00:00,viernes,20,Seca,Seca y limpia,Montañoso,Media ladera Izquierda,Recta,Transito normal con precaución,0,0,0,0,1.0,Choque,condiciones de la via y factores ambientales,5006_0_22,11.0,13.0
Caldas,2017-10-04 20:43:00,15,0.0,2017-09-23 05:00:00,sabado,0,Lluvia,Humeda,Montañoso,Media ladera Izquierda,Curva Izquierda,Transito normal con precaución,0,0,0,0,1.0,Choque,no determinada,5006_0_15,18.0,6.0
Caldas,2017-10-04 20:46:00,19,0.0,2017-09-23 05:00:00,sabado,45,Lluvia,Humeda,Montañoso,Media ladera Izquierda,Curva Izquierda,Transito normal con precaución,0,0,0,0,1.0,Choque,desobediencia a normas y senales,5006_0_19,7.0,17.0
Caldas,2017-10-04 20:49:00,8,610.0,2017-09-26 05:00:00,martes,50,Seca,Seca y limpia,Montañoso,Media ladera Izquierda,Curva Izquierda,Transito normal con precaución,0,0,0,0,1.0,Choque,no mantener distancia de seguridad,5006_0_8,10.0,14.0
Caldas,2017-10-04 20:50:00,14,560.0,2017-09-27 05:00:00,miercoles,50,Seca,Seca y limpia,Montañoso,Media ladera Izquierda,Curva Derecha,Transito normal con precaución,0,0,0,0,1.0,Choque,adelantamientos indebidos,5006_0_14,11.0,13.0
Caldas,2017-10-04 20:51:00,11,600.0,2017-09-28 05:00:00,jueves,10,Seca,Seca y limpia,Montañoso,Media ladera Izquierda,Curva Derecha,Transito normal con precaución,0,0,0,0,1.0,Choque,fallas mecanicas y del sistema electrico,5006_0_11,6.0,18.0
Caldas,2017-11-08 22:38:00,0,380.0,2017-10-03 05:00:00,martes,10,Seca,Seca y limpia,Montañoso,Media Ladera Derecha,Recta,Transito normal con precaución,10,20,0,0,1.0,Choque,no mantener distancia de seguridad,5006_0_0,11.0,23.0
Caldas,2017-11-09 14:54:00,7,950.0,2017-10-05 05:00:00,jueves,40,Lluvia,Humeda,Montañoso,Media ladera Izquierda,Recta,Transito normal con precaución,7,45,1,0,1.0,Choque,maniobras imprudentes,5006_0_7,16.0,15.0
Caldas,2017-11-09 14:58:00,1,950.0,2017-10-06 05:00:00,viernes,0,Normal,Seca y limpia,Montañoso,Media Ladera Derecha,Recta,Transito normal con precaución,21,10,0,0,1.0,Choque,desobediencia a normas y senales,5006_0_1,8.0,13.0
Caldas,2017-11-09 15:02:00,14,800.0,2017-10-08 05:00:00,domingo,0,Normal,Seca y limpia,Montañoso,Media ladera Izquierda,Recta,Transito normal con precaución,23,10,0,0,1.0,Volcamiento,fallas mecanicas y del sistema electrico,5006_0_14,5.0,18.0
Caldas,2017-11-09 15:06:00,1,150.0,2017-10-10 05:00:00,martes,0,Normal,Seca y limpia,Montañoso,Media ladera Izquierda,Recta,Transito normal con precaución,18,19,0,0,1.0,Choque,no determinada,5006_0_1,7.0,11.0
Caldas,2017-11-09 15:10:00,1,150.0,2017-10-14 05:00:00,sabado,50,Normal,Seca y limpia,Montañoso,Media ladera Izquierda,Recta,Transito normal con precaución,10,14,0,0,1.0,Choque,no mantener distancia de seguridad,5006_0_1,13.0,21.0
Caldas,2017-11-09 15:51:00,12,200.0,2017-10-17 05:00:00,martes,0,Normal,Seca y limpia,Montañoso,Media ladera Izquierda,Curva Derecha,Transito normal con precaución,0,0,0,0,1.0,Choque,desobediencia a normas y senales,5006_0_12,2.0,22.0
Caldas,2017-11-09 15:53:00,4,250.0,2017-10-18 05:00:00,miercoles,40,Normal,Seca y limpia,Montañoso,Media Ladera Derecha,Recta,Transito normal con precaución,14,45,0,0,1.0,Choque,no mantener distancia de seguridad,5006_0_4,3.0,11.0
Caldas,2017-11-09 15:59:00,0,400.0,2017-10-18 05:00:00,miercoles,53,Normal,Seca y limpia,Montañoso,Media Ladera Derecha,Recta,Transito normal con precaución,8,38,0,0,1.0,Choque,no mantener distancia de seguridad,5006_0_0,7.0,1.0
Caldas,2017-11-09 16:02:00,0,700.0,2017-10-18 05:00:00,miercoles,0,Normal,Seca y limpia,Montañoso,Media Ladera Derecha,Recta,Transito normal con precaución,18,10,1,0,1.0,Choque,no mantener distancia de seguridad,5006_0_0,13.0,5.0
Caldas,2017-11-09 16:08:00,0,700.0,2017-10-20 05:00:00,viernes,47,Normal,Seca y limpia,Montañoso,Media Ladera Derecha,Recta,Transito normal con precaución,7,12,0,0,1.0,Choque,no determinada,5006_0_0,12.0,19.0
Caldas,2017-12-11 19:31:00,25,910.0,2017-11-01 05:00:00,miercoles,40,Normal,Seca y limpia,Montañoso,Media ladera Izquierda,Recta,Transito normal con precaución,13,0,1,0,1.0,Volcamiento,no determinada,5006_0_25,17.0,20.0
Caldas,2017-12-11 19:43:00,11,920.0,2017-11-04 05:00:00,sabado,30,Lluvia,Humeda,Montañoso,Media ladera Izquierda,Curva Izquierda,Transito normal con precaución,8,0,0,0,1.0,Choque,condiciones de la via y factores ambientales,5006_0_11,18.0,14.0
Caldas,2017-12-11 19:53:00,16,900.0,2017-11-08 05:00:00,miercoles,15,Normal,Seca y limpia,Montañoso,Media ladera Izquierda,Curva Izquierda,Transito normal con precaución,4,0,1,0,1.0,Choque,no determinada,5006_0_16,19.0,9.0
Caldas,2017-12-11 20:05:00,11,200.0,2017-11-13 05:00:00,lunes,10,Normal,Seca y limpia,Montañoso,Media ladera Izquierda,Curva Derecha,Transito normal con precaución,17,43,0,0,1.0,Choque,maniobras imprudentes,5006_0_11,1.0,16.0
Caldas,2017-12-11 20:09:00,11,200.0,2017-11-14 05:00:00,martes,0,Normal,Seca y limpia,Montañoso,Media ladera Izquierda,Curva Izquierda,Transito normal con precaución,16,0,0,0,1.0,Choque,condiciones de la via y factores ambientales,5006_0_11,5.0,11.0
Caldas,2017-12-11 20:16:00,23,0.0,2017-11-18 05:00:00,sabado,0,Normal,Seca y limpia,Montañoso,Media Ladera Derecha,Curva Izquierda,Transito normal con precaución,14,20,2,0,1.0,Choque,no determinada,5006_0_23,7.0,7.0
Caldas,2017-12-11 20:22:00,10,410.0,2017-11-19 05:00:00,domingo,10,Normal,Seca y limpia,Montañoso,Media ladera Izquierda,Curva Izquierda,Transito normal con precaución,1,30,0,0,1.0,Choque,adelantamientos indebidos,5006_0_10,10.0,15.0
Caldas,2017-12-11 20:28:00,16,750.0,2017-11-23 05:00:00,jueves,30,Normal,Seca y limpia,Montañoso,Media ladera Izquierda,Curva Izquierda,Transito normal con precaución,2,5,0,0,1.0,Choque,exceso en horas de conduccion,5006_0_16,10.0,16.0
Caldas,2017-12-11 20:32:00,14,930.0,2017-11-25 05:00:00,sabado,30,Normal,Seca y limpia,Montañoso,Media ladera Izquierda,Curva Derecha,Transito normal con precaución,0,0,0,0,1.0,Choque,maniobras imprudentes,5006_0_14,13.0,11.0
Caldas,2018-01-10 13:41:00,1,600.0,2017-12-03 05:00:00,domingo,15,Normal,Seca y limpia,Montañoso,Media ladera Izquierda,Curva Izquierda,Transito normal con precaución,14,49,1,0,1.0,Choque,condiciones de la via y factores ambientales,5006_0_1,8.0,6.0
Caldas,2018-01-10 13:47:00,26,790.0,2017-12-05 05:00:00,martes,40,Normal,Seca y limpia,Montañoso,Media ladera Izquierda,Recta,Transito normal con precaución,6,0,0,0,1.0,Choque,no determinada,5006_0_26,1.0,5.0
Caldas,2018-01-10 13:51:00,0,250.0,2017-12-05 05:00:00,martes,30,Normal,Seca y limpia,Montañoso,Media ladera Izquierda,Recta,Transito normal con precaución,14,40,2,0,1.0,Choque,adelantamientos indebidos,5006_0_0,22.0,16.0
Caldas,2018-01-10 13:54:00,6,650.0,2017-12-08 05:00:00,viernes,10,Normal,Seca y limpia,Montañoso,Media ladera Izquierda,Curva Izquierda,Transito normal con precaución,13,30,1,0,1.0,Choque,no determinada,5006_0_6,5.0,8.0
Caldas,2018-01-10 13:57:00,10,150.0,2017-12-08 05:00:00,viernes,40,Normal,Seca y limpia,Montañoso,Media ladera Izquierda,Curva Derecha,Transito normal con precaución,8,45,0,0,1.0,Choque,adelantamientos indebidos,5006_0_10,5.0,3.0