territorial,fecha_registro,pr,distancia_pr,fecha_acc,dia_semana_acc,min_acc,condic_meteor,estado_super,terreno,secc_tip,geometria_acc,tipo_cierre,horas_cierre,min_cierre,n_heridos,n_muertos,n_victimas,clase_accidente,causa_posible,ref_loc,hora_acc,duracion_cierre_horas
Caldas,2018-01-10 14:30:00,11,200.0,2017-12-19 05:00:00,martes,40,Normal,Seca y limpia,Montañoso,Media ladera Izquierda,Recta,Transito normal con precaución,14,55,1,0,1.0,Choque,fallas mecanicas y del sistema electrico,5006_0_11,0.0,14.0
Caldas,2018-01-10 14:34:00,4,700.0,2017-12-20 05:00:00,miercoles,0,Normal,Seca y limpia,Montañoso,Media Ladera Derecha,Recta,Transito normal con precaución,16,30,0,0,1.0,Choque,no mantener distancia de seguridad,5006_0_4,18.0,22.0
Caldas,2018-01-10 15:34:00,11,950.0,2017-12-25 05:00:00,lunes,0,Normal,Seca y limpia,Montañoso,Media ladera Izquierda,Curva Izquierda,Transito normal con precaución,14,15,0,1,1.0,Choque,no determinada,5006_0_11,7.0,7.0
Putumayo,2017-06-19 10:56:00,72,789.0,2017-03-12 05:00:00,domingo,40,Normal,Seca y limpia,Plano,Cajón,Recta,Transito normal con precaución,0,0,2,0,1.0,Choque,no determinada,4502_0_72,9.0,15.0
Putumayo,2017-06-19 11:00:00,77,680.0,2017-03-06 05:00:00,lunes,56,Normal,Seca y limpia,Ondulado,Cajón,Recta,Transito normal con precaución,0,0,0,0,1.0,Choque,no determinada,4502_0_77,6.0,18.0
Putumayo,2017-06-19 11:02:00,77,280.0,2017-03-12 05:00:00,domingo,30,Normal,Seca y limpia,Ondulado,Cajón,Recta,Transito normal con precaución,0,0,1,0,1.0,Choque,no determinada,4502_0_77,7.0,17.0
Putumayo,2017-06-19 11:05:00,77,350.0,2017-03-17 05:00:00,viernes,50,Normal,Seca y limpia,Ondulado,Cajón,Curva Izquierda,Transito normal con precaución,0,0,1,0,1.0,Choque,no determinada,4502_0_77,19.0,5.0
Putumayo,2017-06-19 11:18:00,70,210.0,2017-04-15 05:00:00,sabado,0,Lluvia,Humeda,Ondulado,Media ladera Izquierda,Curva Derecha,Transito normal con precaución,0,0,0,0,1.0,Atropello,conducta de peatones,4502_0_70,6.0,18.0
Putumayo,2017-06-19 11:21:00,71,490.0,2017-04-15 05:00:00,sabado,0,Lluvia,Humeda,Plano,Terraplen,Recta,Transito normal con precaución,0,0,0,0,1.0,Atropello,conducta de peatones,4502_0_71,14.0,10.0
Putumayo,2017-06-19 11:27:00,77,50.0,2017-05-06 05:00:00,sabado,15,Normal,Seca y limpia,Ondulado,Media Ladera Derecha,Curva Derecha,Transito normal con precaución,0,0,1,0,1.0,Choque,embriaguez o sustancias alucinogenas,4502_0_77,21.0,3.0
Putumayo,2017-06-19 11:30:00,72,50.0,2017-05-20 05:00:00,sabado,20,Normal,Seca y limpia,Plano,Terraplen,Recta,Transito normal con precaución,0,0,1,0,1.0,Choque,no determinada,4502_0_72,12.0,12.0
Putumayo,2017-10-11 21:06:00,77,280.0,2017-09-06 05:00:00,miercoles,0,Normal,Seca y limpia,Plano,Cajón,Recta,Parcial con reducción de carriles,0,0,2,0,1.0,Choque,no determinada,4502_0_77,7.0,17.0
Putumayo,2017-10-11 21:08:00,77,280.0,2017-09-06 05:00:00,miercoles,40,Normal,Seca y limpia,Plano,Cajón,Recta,Parcial con reducción de carriles,0,0,0,0,1.0,Choque,no determinada,4502_0_77,14.0,10.0
Putumayo,2017-11-17 15:10:00,77,550.0,2017-10-16 05:00:00,lunes,30,Normal,Seca y limpia,Plano,Cajón,Recta,Transito normal con precaución,0,0,0,0,1.0,Atropello,no determinada,4502_0_77,15.0,9.0
Putumayo,2017-12-12 20:17:00,73,680.0,2017-11-11 05:00:00,sabado,30,Normal,Seca y limpia,Plano,Cajón,Recta,Parcial con reducción de carriles,0,0,0,1,1.0,Choque,embriaguez o sustancias alucinogenas,4502_0_73,6.0,18.0
Putumayo,2018-02-07 17:46:00,74,500.0,2017-12-02 05:00:00,sabado,0,Normal,Seca y limpia,Plano,Cajón,Recta,Transito normal con precaución,0,0,1,0,1.0,Volcamiento,maniobras imprudentes,4502_0_74,4.0,20.0
Putumayo,2018-02-07 18:01:00,77,300.0,2018-01-06 05:00:00,sabado,45,Normal,Seca y limpia,Plano,Cajón,Recta,Parcial con reducción de carriles,0,0,4,0,1.0,Choque,no determinada,4502_0_77,18.0,6.0
Putumayo,2018-04-09 15:40:00,76,770.0,2018-03-16 05:00:00,viernes,45,Normal,Seca y limpia,Plano,Cajón,Recta,Parcial con reducción de carriles,0,0,1,0,1.0,Choque,no determinada,4502_0_76,20.0,4.0
Putumayo,2018-04-10 16:08:00,27,940.0,2018-02-04 05:00:00,domingo,30,Sol,Seca y limpia,Plano,Terraplen,Recta,Transito normal con precaución,0,0,0,0,1.0,Atropello,desobediencia a normas y senales,4501_2_27,2.0,22.0
Putumayo,2018-04-10 16:22:00,49,750.0,2018-03-19 05:00:00,lunes,45,Lluvia,Humeda,Ondulado,Terraplen,Curva Derecha,Transito normal con precaución,0,0,0,0,1.0,Volcamiento,exceso de velocidad,4501_2_49,8.0,16.0
Putumayo,2018-04-10 16:27:00,18,500.0,2018-03-14 05:00:00,miercoles,50,Sol,Seca y limpia,Ondulado,Cajón,Curva Izquierda,Transito normal con precaución,0,0,0,0,1.0,Choque,imprudencia del conductor,4501_2_18,2.0,22.0
Putumayo,2017-11-01 22:29:00,9,800.0,2017-10-09 05:00:00,lunes,55,Sol,Seca y limpia,Plano,Terraplen,Curva Derecha,Transito normal con precaución,0,0,2,0,1.0,Volcamiento,exceso de velocidad,4501_1_9,10.0,14.0
Putumayo,2017-04-24 19:32:00,42,100.0,2017-01-02 05:00:00,lunes,0,Normal,Seca y limpia,Plano,Terraplen,Recta,Parcial restringido a vehiculos pesados,20,22,6,0,1.0,Choque,embriaguez o sustancias alucinogenas,4501_1_42,16.0,4.0
Putumayo,2017-04-24 19:42:00,104,500.0,2017-01-13 05:00:00,viernes,10,Normal,Seca y limpia,Plano,Terraplen,Curva Derecha,Transito normal con precaución,2,25,0,1,1.0,Choque,exceso de velocidad,4501_1_104,7.0,19.0
Putumayo,2017-04-24 19:59:00,18,200.0,2017-01-14 05:00:00,sabado,30,Niebla,Seca y limpia,Ondulado,Terraplen,Recta,Parcial restringido a vehiculos pesados,1,10,0,1,1.0,Atropello,exceso de velocidad,4501_1_18,1.0,0.0
Putumayo,2017-04-24 20:12:00,36,400.0,2017-01-29 05:00:00,domingo,40,Lluvia,Humeda,Plano,Cajón,Recta,Transito normal con precaución,1,0,1,0,1.0,Atropello,exceso de velocidad,4501_1_36,17.0,8.0
Putumayo,2017-04-24 20:38:00,87,350.0,2017-02-22 05:00:00,miercoles,30,Sol,Seca y limpia,Plano,Terraplen,Recta,Transito normal con precaución,1,0,0,0,1.0,Choque,no mantener distancia de seguridad,4501_1_87,20.0,5.0
Putumayo,2017-04-24 21:05:00,37,480.0,2017-01-29 05:00:00,domingo,0,Normal,Humeda,Plano,Terraplen,Recta,Transito normal con precaución,0,40,0,0,1.0,Choque,no determinada,4501_1_37,19.0,5.0
Putumayo,2017-05-11 21:06:00,19,350.0,2017-05-07 05:00:00,domingo,30,Lluvia,Lodo,Ondulado,Media ladera Izquierda,Recta,Transito normal con precaución,0,0,1,0,1.0,Choque,embriaguez o sustancias alucinogenas,4501_1_19,15.0,9.0
Putumayo,2017-05-15 20:26:00,20,30.0,2017-03-16 05:00:00,jueves,30,Normal,Seca y limpia,Ondulado,Cajón,Curva Derecha,Transito normal con precaución,0,0,0,1,1.0,Choque,exceso de velocidad,4501_1_20,10.0,14.0
Putumayo,2017-05-31 15:39:00,43,50.0,2017-05-16 05:00:00,martes,40,Sol,Seca y limpia,Plano,Terraplen,Curva Derecha,Transito normal con precaución,0,0,1,0,1.0,Choque,no mantener distancia de seguridad,4501_1_43,22.0,2.0
Putumayo,2017-06-05 16:22:00,32,50.0,2017-06-03 05:00:00,sabado,10,Lluvia,Humeda,Ondulado,Cajón,Curva Derecha,Transito normal con precaución,0,0,1,0,1.0,Choque,embriaguez o sustancias alucinogenas,4501_1_32,13.0,11.0
Putumayo,2017-06-29 21:16:00,82,600.0,2017-06-16 05:00:00,viernes,10,Sol,Seca y limpia,Ondulado,Media ladera Izquierda,Curva Izquierda,Transito normal con precaución,0,0,2,0,1.0,Choque,exceso de velocidad,4501_1_82,9.0,15.0
Putumayo,2017-07-06 20:22:00,18,120.0,2017-06-12 05:00:00,lunes,0,Seca,Seca y limpia,Plano,Terraplen,Recta,Transito normal con precaución,0,0,0,1,1.0,Choque,exceso de velocidad,4501_1_18,13.0,11.0
Putumayo,2017-07-17 21:00:00,17,30.0,2017-06-12 05:00:00,lunes,10,Normal,Seca y limpia,Plano,Terraplen,Recta,Transito normal con precaución,0,0,2,0,1.0,Choque,exceso de velocidad,4501_1_17,6.0,18.0
Putumayo,2017-08-05 15:57:00,38,650.0,2017-05-14 05:00:00,domingo,0,Sol,Seca y limpia,Ondulado,Terraplen,Curva Izquierda,Cierre total,15,18,0,0,1.0,Volcamiento,fallas mecanicas y del sistema electrico,4501_1_38,9.0,6.0
Putumayo,2017-08-05 15:58:00,38,650.0,2017-05-14 05:00:00,domingo,0,Sol,Seca y limpia,Ondulado,Terraplen,Curva Izquierda,Transito normal con precaución,0,0,0,0,1.0,Volcamiento,fallas mecanicas y del sistema electrico,4501_1_38,18.0,6.0
Putumayo,2017-09-04 14:26:00,33,48.0,2017-03-16 05:00:00,jueves,10,Sol,Humeda,Montañoso,Media Ladera Derecha,Curva Izquierda,Transito normal con precaución,0,0,0,0,1.0,Volcamiento,fallas mecanicas y del sistema electrico,4501_1_33,15.0,9.0
Putumayo,2017-10-02 20:16:00,25,0.0,2017-08-04 05:00:00,viernes,0,Sol,Seca y limpia,Plano,Terraplen,Curva Derecha,Transito normal con precaución,0,0,0,0,1.0,Choque,imprudencia del conductor,4501_1_25,7.0,17.0
Putumayo,2017-10-02 20:26:00,20,180.0,2017-08-07 05:00:00,lunes,10,Sol,Seca y limpia,Ondulado,Cajón,Curva Izquierda,Transito normal con precaución,0,0,0,1,1.0,Choque,embriaguez o sustancias alucinogenas,4501_1_20,12.0,12.0
Putumayo,2017-10-02 20:35:00,22,200.0,2017-08-30 05:00:00,miercoles,10,Sol,Seca y limpia,Plano,Terraplen,Recta,Transito normal con precaución,0,0,3,0,1.0,Choque,imprudencia del conductor,4501_1_22,17.0,7.0
Putumayo,2017-10-24 22:08:00,27,800.0,2017-05-13 05:00:00,sabado,40,Normal,Seca y limpia,Plano,Terraplen,Recta,Transito normal con precaución,0,0,1,0,1.0,Choque,embriaguez o sustancias alucinogenas,4501_1_27,7.0,17.0
Putumayo,2017-10-30 20:24:00,14,0.0,2017-09-18 05:00:00,lunes,0,Normal,Seca y limpia,Plano,Media Ladera Derecha,Curva Izquierda,Transito normal con precaución,0,0,1,0,1.0,Choque,imprudencia del conductor,4501_1_14,15.0,9.0
Putumayo,2017-10-30 20:29:00,16,0.0,2017-09-17 05:00:00,domingo,40,Normal,Seca y limpia,Plano,Terraplen,Recta,Transito normal con precaución,0,0,1,0,1.0,Choque,no determinada,4501_1_16,16.0,8.0
Putumayo,2017-10-30 20:35:00,0,0.0,2017-09-28 05:00:00,jueves,30,Normal,Seca y limpia,Plano,Terraplen,Recta,Transito normal con precaución,0,0,1,0,1.0,Choque,no determinada,4501_1_0,10.0,14.0
Putumayo,2017-10-30 20:40:00,19,400.0,2017-09-25 05:00:00,lunes,0,Normal,Seca y limpia,Ondulado,Media ladera Izquierda,Recta,Transito normal con precaución,0,0,0,0,1.0,Choque,no determinada,4501_1_19,17.0,7.0
Putumayo,2017-10-30 20:48:00,17,100.0,2017-09-17 05:00:00,domingo,0,Sol,Seca y limpia,Plano,Terraplen,Recta,Transito normal con precaución,0,0,1,0,1.0,Choque,imprudencia del conductor,4501_1_17,19.0,5.0
Putumayo,2017-10-30 20:58:00,20,0.0,2017-09-04 05:00:00,lunes,30,Normal,Seca y limpia,Ondulado,Media ladera Izquierda,Curva Derecha,Transito normal con precaución,0,0,1,0,1.0,Choque,imprudencia del conductor,4501_1_20,12.0,12.0
Putumayo,2017-10-30 21:03:00,17,0.0,2017-09-02 05:00:00,sabado,30,Normal,Seca y limpia,Plano,Terraplen,Recta,Transito normal con precaución,0,0,1,0,1.0,Choque,imprudencia del conductor,4501_1_17,5.0,19.0
Putumayo,2017-10-31 21:09:00,39,0.0,2017-07-15 05:00:00,sabado,30,Sol,Seca y limpia,Ondulado,Media Ladera Derecha,Curva Derecha,Transito normal con precaución,0,0,4,0,1.0,Choque,embriaguez o sustancias alucinogenas,4501_1_39,15.0,9.0
Putumayo,2017-10-31 21:17:00,25,700.0,2017-07-24 05:00:00,lunes,15,Lluvia,Humeda,Plano,Terraplen,Curva Izquierda,Transito normal con precaución,0,0,2,0,1.0,Choque,exceso de velocidad,4501_1_25,11.0,13.0
Putumayo,2017-11-01 22:43:00,25,270.0,2017-10-12 05:00:00,jueves,40,Niebla,Seca y limpia,Plano,Terraplen,Curva Izquierda,Transito normal con precaución,0,0,0,0,1.0,Atropello,condiciones de la via y factores ambientales,4501_1_25,21.0,3.0
Putumayo,2017-11-08 23:11:00,69,200.0,2017-10-13 05:00:00,viernes,20,Normal,Seca y limpia,Plano,Terraplen,Recta,Transito normal con precaución,0,0,0,1,1.0,Choque,embriaguez o sustancias alucinogenas,4501_1_69,20.0,4.0
Putumayo,2017-11-30 14:18:00,17,200.0,2017-11-18 05:00:00,sabado,30,Sol,Otra,Ondulado,Terraplen,Recta,Transito normal con precaución,0,0,0,0,1.0,Volcamiento,fallas mecanicas y del sistema electrico,4501_1_17,5.0,19.0
Putumayo,2017-11-30 14:33:00,63,0.0,2017-11-20 05:00:00,lunes,30,Sol,Otra,Plano,Terraplen,Recta,Transito normal con precaución,0,0,0,0,1.0,Volcamiento,fallas mecanicas y del sistema electrico,4501_1_63,22.0,2.0
Putumayo,2017-11-30 14:54:00,35,0.0,2017-11-22 05:00:00,miercoles,20,Sol,Seca y limpia,Plano,Terraplen,Curva Izquierda,Cierre total,1,15,2,1,1.0,Choque,condiciones de la via y factores ambientales,4501_1_35,17.0,8.0
Putumayo,2017-11-30 15:13:00,18,850.0,2017-11-27 05:00:00,lunes,20,Lluvia,Humeda,Plano,Terraplen,Recta,Transito normal con precaución,0,0,2,0,1.0,Choque,imprudencia del conductor,4501_1_18,20.0,4.0
Putumayo,2017-11-30 15:37:00,19,0.0,2017-11-27 05:00:00,lunes,30,Sol,Seca y limpia,Plano,Terraplen,Recta,Transito normal con precaución,0,0,0,0,1.0,Choque,embriaguez o sustancias alucinogenas,4501_1_19,0.0,0.0
Putumayo,2017-11-30 15:45:00,27,30.0,2017-11-27 05:00:00,lunes,30,Seca,Seca y limpia,Plano,Terraplen,Recta,Transito normal con precaución,0,0,0,1,1.0,Choque,imprudencia del conductor,4501_1_27,5.0,19.0
Putumayo,2017-11-30 15:56:00,17,305.0,2017-11-27 05:00:00,lunes,30,Lluvia,Humeda,Plano,Terraplen,Recta,Transito normal con precaución,0,0,1,0,1.0,Choque,conducta de pasajeros,4501_1_17,6.0,18.0
Putumayo,2017-12-20 19:43:00,12,0.0,2017-11-30 05:00:00,jueves,0,Sol,Seca y limpia,Plano,Terraplen,Recta,Transito normal con precaución,0,0,1,0,1.0,Choque,imprudencia del conductor,4501_1_12,19.0,5.0
Putumayo,2017-12-20 20:10:00,17,0.0,2017-11-26 05:00:00,domingo,20,Seca,Seca y limpia,Plano,Terraplen,Recta,Transito normal con precaución,0,0,1,0,1.0,Choque,imprudencia del conductor,4501_1_17,10.0,14.0
Putumayo,2017-12-20 20:27:00,18,0.0,2017-11-26 05:00:00,domingo,30,Seca,Seca y limpia,Plano,Terraplen,Recta,Transito normal con precaución,0,0,2,0,1.0,Atropello,conducta de peatones,4501_1_18,12.0,12.0
Putumayo,2017-12-20 21:20:00,17,0.0,2017-11-21 05:00:00,martes,30,Lluvia,Humeda,Plano,Terraplen,Recta,Transito normal con precaución,0,0,1,0,1.0,Choque,exceso de velocidad,4501_1_17,14.0,10.0
Putumayo,2017-12-20 21:49:00,14,0.0,2017-11-09 05:00:00,jueves,0,Seca,Seca y limpia,Plano,Terraplen,Recta,Transito normal con precaución,0,0,1,0,1.0,Choque,imprudencia del conductor,4501_1_14,5.0,19.0
Putumayo,2017-12-20 22:44:00,42,800.0,2017-12-19 05:00:00,martes,10,Sol,Seca y limpia,Ondulado,Terraplen,Curva Derecha,Transito normal con precaución,0,0,1,0,1.0,Volcamiento,exceso de velocidad,4501_1_42,13.0,11.0
Putumayo,2017-12-22 15:48:00,17,0.0,2017-10-19 05:00:00,jueves,30,Normal,Seca y limpia,Plano,Terraplen,Recta,Transito normal con precaución,0,0,2,0,1.0,Choque,imprudencia del conductor,4501_1_17,16.0,8.0
Putumayo,2017-12-22 15:52:00,13,0.0,2017-10-13 05:00:00,viernes,30,Niebla,Material suelto,Ondulado,Terraplen,Recta,Transito normal con precaución,0,0,1,0,1.0,Choque,imprudencia del conductor,4501_1_13,13.0,11.0
Putumayo,2017-12-22 15:56:00,18,0.0,2017-10-17 05:00:00,martes,0,Sol,Seca y limpia,Plano,Terraplen,Recta,Transito normal con precaución,0,0,1,0,1.0,Choque,imprudencia del conductor,4501_1_18,20.0,4.0
Putumayo,2017-12-22 16:03:00,16,0.0,2017-10-17 05:00:00,martes,40,Lluvia,Humeda,Plano,Terraplen,Recta,Transito normal con precaución,0,0,1,0,1.0,Choque,imprudencia del conductor,4501_1_16,15.0,9.0
Putumayo,2018-02-12 16:58:00,12,150.0,2017-12-13 05:00:00,miercoles,20,Sol,Material suelto,Ondulado,Media Ladera Derecha,Curva Derecha,Transito normal con precaución,0,0,0,0,1.0,Choque,fallas mecanicas y del sistema electrico,4501_1_12,11.0,13.0
Putumayo,2018-02-12 17:04:00,17,200.0,2017-12-13 05:00:00,miercoles,10,Sol,Seca y limpia,Plano,Terraplen,Recta,Transito normal con precaución,0,0,0,0,1.0,Choque,fallas mecanicas y del sistema electrico,4501_1_17,19.0,5.0
Putumayo,2018-02-12 17:04:00,17,200.0,2017-12-13 05:00:00,miercoles,10,Sol,Seca y limpia,Plano,Terraplen,Recta,Transito normal con precaución,0,0,0,0,1.0,Choque,fallas mecanicas y del sistema electrico,4501_1_17,15.0,9.0
Putumayo,2018-02-12 22:10:00,20,400.0,2017-12-12 05:00:00,martes,0,Lluvia,Humeda,Plano,Terraplen,Curva Derecha,Transito normal con precaución,0,0,1,0,1.0,Choque,condiciones de la via y factores ambientales,4501_1_20,7.0,17.0
Putumayo,2018-02-12 22:32:00,20,50.0,2017-12-16 05:00:00,sabado,30,Sol,Seca y limpia,Ondulado,Media ladera Izquierda,Curva Derecha,Transito normal con precaución,0,0,1,0,1.0,Choque,exceso de velocidad,4501_1_20,7.0,17.0
Putumayo,2018-02-12 22:44:00,33,280.0,2018-01-01 05:00:00,lunes,0,Normal,Seca y limpia,Plano,Terraplen,Curva Izquierda,Transito normal con precaución,0,0,2,0,1.0,Salida de la vía sin volcarse,exceso de velocidad,4501_1_33,15.0,9.0
Putumayo,2018-02-12 23:08:00,42,100.0,2018-01-06 05:00:00,sabado,0,Sol,Seca y limpia,Plano,Terraplen,Recta,Transito normal con precaución,0,0,0,0,1.0,Choque,embriaguez o sustancias alucinogenas,4501_1_42,2.0,22.0
Putumayo,2018-02-12 23:11:00,31,600.0,2018-01-02 05:00:00,martes,0,Normal,Seca y limpia,Plano,Terraplen,Recta,Transito normal con precaución,0,0,0,0,1.0,Salida de la vía sin volcarse,embriaguez o sustancias alucinogenas,4501_1_31,21.0,3.0
Putumayo,2018-02-13 14:54:00,29,400.0,2018-01-06 05:00:00,sabado,30,Normal,Seca y limpia,Plano,Terraplen,Recta,Transito normal con precaución,0,0,2,0,1.0,Choque,embriaguez o sustancias alucinogenas,4501_1_29,18.0,6.0
Putumayo,2018-02-13 15:05:00,20,0.0,2018-01-01 05:00:00,lunes,0,Normal,Seca y limpia,Ondulado,Cajón,Curva Derecha,Transito normal con precaución,0,0,1,0,1.0,Choque,exceso de velocidad,4501_1_20,11.0,13.0
Putumayo,2018-02-13 15:05:00,20,0.0,2018-01-01 05:00:00,lunes,0,Normal,Seca y limpia,Ondulado,Cajón,Curva Derecha,Transito normal con precaución,0,0,1,0,1.0,Choque,exceso de velocidad,4501_1_20,22.0,2.0
Putumayo,2018-02-13 15:18:00,16,600.0,2018-01-05 05:00:00,viernes,0,Normal,Seca y limpia,Plano,Terraplen,Recta,Transito normal con precaución,0,0,1,0,1.0,Atropello,conducta de peatones,4501_1_16,4.0,20.0
Putumayo,2018-02-13 16:27:00,12,300.0,2018-01-03 05:00:00,miercoles,10,Normal,Seca y limpia,Ondulado,Media Ladera Derecha,Recta,Transito normal con precaución,0,0,0,0,1.0,Choque,imprudencia del conductor,4501_1_12,17.0,7.0
Putumayo,2018-02-13 16:51:00,16,600.0,2018-01-12 05:00:00,viernes,0,Normal,Seca y limpia,Plano,Terraplen,Recta,Transito normal con precaución,0,0,1,0,1.0,Choque,maniobras imprudentes,4501_1_16,10.0,14.0
Putumayo,2018-02-13 17:02:00,20,400.0,2018-01-29 05:00:00,lunes,30,Normal,Seca y limpia,Ondulado,Cajón,Curva Derecha,Transito normal con precaución,0,0,0,0,1.0,Choque,imprudencia del conductor,4501_1_20,1.0,23.0
Putumayo,2018-02-13 22:24:00,18,300.0,2018-01-30 05:00:00,martes,10,Normal,Seca y limpia,Plano,Terraplen,Recta,Transito normal con precaución,0,0,3,0,1.0,Choque,imprudencia del conductor,4501_1_18,7.0,17.0
Putumayo,2018-02-13 23:12:00,18,400.0,2018-01-29 05:00:00,lunes,0,Normal,Seca y limpia,Plano,Terraplen,Recta,Transito normal con precaución,0,0,1,0,1.0,Choque,exceso de velocidad,4501_1_18,20.0,4.0
Putumayo,2018-02-13 23:12:00,18,400.0,2018-01-29 05:00:00,lunes,0,Normal,Seca y limpia,Plano,Terraplen,Recta,Transito normal con precaución,0,0,1,0,1.0,Choque,exceso de velocidad,4501_1_18,17.0,7.0
Putumayo,2018-02-13 23:16:00,17,0.0,2018-01-30 05:00:00,martes,50,Normal,Seca y limpia,Plano,Terraplen,Recta,Transito normal con precaución,0,0,0,0,1.0,Choque,imprudencia del conductor,4501_1_17,9.0,15.0
Putumayo,2018-02-13 23:16:00,17,0.0,2018-01-30 05:00:00,martes,50,Normal,Seca y limpia,Plano,Terraplen,Recta,Transito normal con precaución,0,0,0,0,1.0,Choque,imprudencia del conductor,4501_1_17,1.0,23.0
Putumayo,2018-04-10 16:15:00,61,750.0,2018-03-12 05:00:00,lunes,30,Sol,Seca y limpia,Ondulado,Media ladera Izquierda,Curva Izquierda,Transito normal con precaución,0,0,0,1,1.0,Caída ocupante,no determinada,4501_1_61,12.0,12.0
Putumayo,2018-04-10 16:30:00,17,800.0,2018-03-25 05:00:00,domingo,0,Sol,Seca y limpia,Plano,Terraplen,Recta,Transito normal con precaución,0,0,4,0,1.0,Choque,imprudencia del conductor,4501_1_17,23.0,1.0
Cesar,2017-10-04 17:15:00,15,0.0,2017-08-04 05:00:00,viernes,34,Sol,Seca y limpia,Plano,Terraplen,Recta,Transito normal con precaución,0,0,2,0,1.0,Caída ocupante,condiciones de la via y factores ambientales,43CS02_0_15,17.0,7.0
Cesar,2017-11-21 09:41:00,6,820.0,2017-10-16 05:00:00,lunes,50,Sol,Seca y limpia,Plano,Terraplen,Recta,Transito normal con precaución,0,0,4,0,1.0,Volcamiento,condiciones de la via y factores ambientales,43CS02_0_6,11.0,13.0
Cesar,2017-11-21 09:49:00,15,681.0,2017-11-07 05:00:00,martes,10,Sol,Seca y limpia,Plano,Terraplen,Recta,Transito normal con precaución,0,0,4,0,1.0,Volcamiento,fallas mecanicas y del sistema electrico,43CS02_0_15,12.0,12.0
Magdalena,2018-04-20 14:09:00,0,590.0,2018-03-07 05:00:00,miercoles,30,Seca,Seca y limpia,Plano,Cajón,Recta,Transito normal con precaución,0,0,2,0,1.0,Choque,imprudencia del conductor,4313_0_0,5.0,19.0
Magdalena,2017-05-15 01:56:00,0,120.0,2016-12-25 05:00:00,domingo,40,Sol,Seca y limpia,Plano,Terraplen,Recta,Transito normal con precaución,0,0,1,0,1.0,Choque,exceso de velocidad,4313_0_0,4.0,20.0
Magdalena,2017-05-15 02:16:00,1,650.0,2017-01-29 05:00:00,domingo,0,Sol,Seca y limpia,Plano,Terraplen,Recta,Transito normal con precaución,0,0,1,0,1.0,Choque,imprudencia del conductor,4313_0_1,18.0,6.0
Magdalena,2017-08-28 23:48:00,0,0.0,2017-06-08 05:00:00,jueves,0,Normal,Seca y limpia,Plano,Terraplen,Recta,Transito normal con precaución,0,0,1,0,1.0,Choque,exceso de velocidad,4313_0_0,13.0,11.0
Magdalena,2017-08-28 23:55:00,0,570.0,2017-06-12 05:00:00,lunes,30,Normal,Seca y limpia,Plano,Terraplen,Recta,Transito normal con precaución,0,0,1,0,1.0,Choque,imprudencia del conductor,4313_0_0,15.0,9.0
Magdalena,2017-08-28 23:59:00,1,750.0,2017-06-29 05:00:00,jueves,0,Normal,Seca y limpia,Plano,Terraplen,Recta,Transito normal con precaución,0,0,1,0,1.0,Choque,no determinada,4313_0_1,21.0,3.0
Magdalena,2017-08-29 00:04:00,7,0.0,2017-06-22 05:00:00,jueves,30,Normal,Seca y limpia,Plano,Terraplen,Recta,Transito normal con precaución,0,0,1,0,1.0,Choque,condiciones de la via y factores ambientales,4313_0_7,12.0,12.0
Magdalena,2017-08-29 00:25:00,2,300.0,2017-07-07 05:00:00,viernes,30,Normal,Seca y limpia,Plano,Terraplen,Recta,Transito normal con precaución,0,0,2,0,1.0,Choque,exceso de velocidad,4313_0_2,18.0,6.0
Magdalena,2017-08-29 00:31:00,12,0.0,2017-05-29 05:00:00,lunes,10,Normal,Seca y limpia,Plano,Terraplen,Recta,Transito normal con precaución,0,0,0,0,1.0,Choque,no mantener distancia de seguridad,4313_0_12,18.0,6.0
Cesar,2017-10-04 17:09:00,51,100.0,2017-08-29 05:00:00,martes,0,Sol,Material suelto,Plano,Terraplen,Recta,Transito normal con precaución,0,0,1,0,1.0,Atropello,imprudencia del conductor,4313_0_51,19.0,5.0
Magdalena,2017-10-16 15:24:00,0,0.0,2017-06-08 05:00:00,jueves,0,Seca,Seca y limpia,Plano,Terraplen,Recta,Transito normal con precaución,0,0,1,0,1.0,Choque,imprudencia del conductor,4313_0_0,6.0,18.0
Magdalena,2017-10-16 15:31:00,0,570.0,2017-06-12 05:00:00,lunes,30,Seca,Seca y limpia,Plano,Terraplen,Recta,Transito normal con precaución,0,0,1,0,1.0,Choque,estacionamiento y senalizacion imprudente,4313_0_0,15.0,9.0
Magdalena,2017-10-16 15:35:00,1,750.0,2017-06-28 05:00:00,miercoles,0,Seca,Seca y limpia,Plano,Terraplen,Recta,Transito normal con precaución,0,0,1,0,1.0,Choque,no determinada,4313_0_1,18.0,6.0
Magdalena,2017-10-16 15:39:00,7,0.0,2017-06-22 05:00:00,jueves,30,Seca,Seca y limpia,Plano,Terraplen,Recta,Transito normal con precaución,0,0,1,0,1.0,Choque,condiciones de la via y factores ambientales,4313_0_7,14.0,10.0
Magdalena,2017-10-31 13:52:00,0,210.0,2017-09-06 05:00:00,miercoles,55,Normal,Seca y limpia,Plano,Terraplen,Recta,Transito normal con precaución,0,0,1,0,1.0,Caída ocupante,imprudencia del conductor,4313_0_0,11.0,13.0
Magdalena,2017-10-31 13:56:00,1,710.0,2017-09-07 05:00:00,jueves,0,Normal,Seca y limpia,Plano,Terraplen,Recta,Transito normal con precaución,0,0,1,0,1.0,Atropello,conducta de peatones,4313_0_1,7.0,17.0
Magdalena,2017-10-31 14:00:00,20,0.0,2017-09-16 05:00:00,sabado,0,Normal,Seca y limpia,Plano,Terraplen,Recta,Transito normal con precaución,0,0,1,0,1.0,Caída ocupante,exceso en horas de conduccion,4313_0_20,19.0,5.0
Magdalena,2017-12-05 21:13:00,0,670.0,2017-10-03 05:00:00,martes,0,Normal,Seca y limpia,Plano,Terraplen,Recta,Transito normal con precaución,0,0,1,0,1.0,Caída ocupante,exceso en horas de conduccion,4313_0_0,18.0,6.0