territorial,fecha_registro,pr,distancia_pr,fecha_acc,dia_semana_acc,min_acc,condic_meteor,estado_super,terreno,secc_tip,geometria_acc,tipo_cierre,horas_cierre,min_cierre,n_heridos,n_muertos,n_victimas,clase_accidente,causa_posible,ref_loc,hora_acc,duracion_cierre_horas
Magdalena,2017-12-05 21:18:00,5,0.0,2017-10-19 05:00:00,jueves,0,Normal,Seca y limpia,Plano,Terraplen,Recta,Transito normal con precaución,0,0,1,0,1.0,Choque,condiciones de la via y factores ambientales,4313_0_5,17.0,7.0
Magdalena,2018-02-12 22:53:00,11,250.0,2018-01-28 05:00:00,domingo,0,Seca,Seca y limpia,Plano,Terraplen,Recta,Transito normal con precaución,0,0,2,0,1.0,Caída ocupante,exceso de velocidad,4313_0_11,10.0,14.0
Cesar,2018-04-20 00:44:00,31,0.0,2018-03-18 05:00:00,domingo,0,Sol,Seca y limpia,Plano,Terraplen,Recta,Transito normal con precaución,0,0,0,2,1.0,Atropello,embriaguez o sustancias alucinogenas,4313_0_31,17.0,7.0
Huila,2017-05-10 20:01:00,26,600.0,2017-04-15 05:00:00,sabado,30,Sol,Seca y limpia,Ondulado,Cajón,Curva Izquierda,Transito normal con precaución,0,0,3,0,1.0,Choque,imprudencia del conductor,4301_2_26,18.0,6.0
Huila,2017-07-12 22:39:00,14,500.0,2017-05-19 05:00:00,viernes,20,Sol,Seca y limpia,Plano,Terraplen,Recta,Transito normal con precaución,0,0,0,0,1.0,Choque,no determinada,4301_2_14,8.0,16.0
Huila,2017-08-18 14:36:00,0,400.0,2017-07-03 05:00:00,lunes,30,Normal,Seca y limpia,Plano,Terraplen,Recta,Transito normal con precaución,0,0,0,1,1.0,Atropello,imprudencia del conductor,4301_2_0,15.0,9.0
Huila,2017-08-18 14:39:00,0,900.0,2017-07-03 05:00:00,lunes,32,Normal,Seca y limpia,Plano,Terraplen,Recta,Transito normal con precaución,0,0,0,0,1.0,Atropello,imprudencia del conductor,4301_2_0,14.0,10.0
Huila,2017-08-18 14:49:00,6,100.0,2017-07-28 05:00:00,viernes,20,Normal,Seca y limpia,Ondulado,Cajón,Curva Izquierda,Transito normal con precaución,0,0,0,0,1.0,Choque,exceso de velocidad,4301_2_6,16.0,8.0
Huila,2017-09-13 13:54:00,17,600.0,2017-08-15 05:00:00,martes,0,Sol,Seca y limpia,Ondulado,Media ladera Izquierda,Curva Derecha,Transito normal con precaución,0,0,0,0,1.0,Volcamiento,defectos fisicos y psiquicos,4301_2_17,4.0,20.0
Huila,2017-10-06 14:55:00,44,150.0,2017-09-06 05:00:00,miercoles,0,Normal,Seca y limpia,Ondulado,Media ladera Izquierda,Curva Derecha,Transito normal con precaución,0,0,1,0,1.0,Atropello,exceso de velocidad,4301_2_44,22.0,2.0
Huila,2017-12-11 20:23:00,2,300.0,2017-11-22 05:00:00,miercoles,50,Lluvia,Humeda,Plano,Terraplen,Recta,Transito normal con precaución,0,0,1,0,1.0,Choque,condiciones de la via y factores ambientales,4301_2_2,14.0,10.0
Huila,2017-12-11 20:33:00,44,400.0,2017-11-10 05:00:00,viernes,0,Sol,Seca y limpia,Ondulado,Media ladera Izquierda,Recta,Transito normal con precaución,0,0,0,1,1.0,Volcamiento,no determinada,4301_2_44,16.0,8.0
Huila,2017-12-11 21:07:00,0,50.0,2017-11-12 05:00:00,domingo,30,Sol,Seca y limpia,Plano,Terraplen,Recta,Transito normal con precaución,0,0,1,0,1.0,Atropello,no determinada,4301_2_0,16.0,8.0
Huila,2018-01-10 19:12:00,34,250.0,2017-12-09 05:00:00,sabado,30,Sol,Seca y limpia,Montañoso,Terraplen,Curva Izquierda,Transito normal con precaución,0,0,0,1,1.0,Choque,exceso de velocidad,4301_2_34,15.0,9.0
Huila,2018-01-10 19:42:00,36,600.0,2017-12-31 05:00:00,domingo,0,Sol,Seca y limpia,Montañoso,Terraplen,Recta,Transito normal con precaución,0,0,0,0,1.0,Volcamiento,no determinada,4301_2_36,10.0,14.0
Huila,2018-02-08 13:57:00,5,950.0,2018-01-03 05:00:00,miercoles,30,Sol,Seca y limpia,Montañoso,Cajón,Curva Derecha,Transito normal con precaución,0,0,1,0,1.0,Choque,maniobras imprudentes,4301_2_5,17.0,7.0
Quindío,2017-05-05 03:38:00,1,820.0,2017-04-14 05:00:00,viernes,0,Lluvia,Humeda,Plano,Media Ladera Derecha,Recta,Cierre total,1,0,5,1,1.0,Choque,imprudencia del conductor,40QN05_0_1,18.0,7.0
Quindío,2017-05-09 18:12:00,5,900.0,2017-04-18 05:00:00,martes,5,Normal,Seca y limpia,Plano,Media Ladera Derecha,Recta,Transito normal con precaución,0,0,0,0,1.0,Choque,desobediencia a normas y senales,40QN05_0_5,23.0,1.0
Quindío,2017-08-09 14:38:00,25,300.0,2017-07-18 05:00:00,martes,0,Normal,Seca y limpia,Montañoso,Media Ladera Derecha,Curva Derecha,Parcial con reducción de carriles,1,0,0,0,1.0,Choque,no determinada,4003_1_25,14.0,11.0
Quindío,2017-08-09 14:41:00,10,950.0,2017-07-20 05:00:00,jueves,0,Normal,Seca y limpia,Montañoso,Media ladera Izquierda,Curva Izquierda,Parcial con reducción de carriles,1,0,0,0,1.0,Choque,no determinada,4003_1_10,15.0,10.0
Quindío,2017-08-09 14:43:00,20,300.0,2017-07-20 05:00:00,jueves,20,Normal,Seca y limpia,Montañoso,Media Ladera Derecha,Curva Izquierda,Transito normal con precaución,0,0,0,0,1.0,Volcamiento,no determinada,4003_1_20,9.0,15.0
Tolima,2017-08-09 14:46:00,32,970.0,2017-06-20 05:00:00,martes,0,Lluvia,Humeda,Escarpado,Media Ladera Derecha,Curva Izquierda,Parcial con paso alternado,0,0,0,0,1.0,Choque,condiciones de la via y factores ambientales,4003_1_32,19.0,5.0
Quindío,2017-08-09 14:48:00,24,350.0,2017-07-21 05:00:00,viernes,30,Normal,Seca y limpia,Montañoso,Media Ladera Derecha,Curva Derecha,Cierre total,1,30,2,0,1.0,Choque,no determinada,4003_1_24,11.0,14.0
Quindío,2017-08-09 14:56:00,8,400.0,2017-07-29 05:00:00,sabado,0,Normal,Seca y limpia,Montañoso,Media ladera Izquierda,Curva Izquierda,Cierre total,1,0,0,0,1.0,Choque,adelantamientos indebidos,4003_1_8,1.0,0.0
Quindío,2017-08-09 15:01:00,17,70.0,2017-07-30 05:00:00,domingo,30,Lluvia,Humeda,Montañoso,Media Ladera Derecha,Curva Izquierda,Transito normal con precaución,0,0,0,0,1.0,Choque,no mantener distancia de seguridad,4003_1_17,0.0,0.0
Tolima,2017-08-09 15:29:00,42,700.0,2017-06-22 05:00:00,jueves,40,Normal,Seca y limpia,Escarpado,Media ladera Izquierda,Recta,Parcial con paso alternado,0,0,0,0,1.0,Choque,no mantener distancia de seguridad,4003_1_42,16.0,8.0
Tolima,2017-08-09 15:37:00,35,670.0,2017-06-25 05:00:00,domingo,25,Normal,Seca y limpia,Escarpado,Media Ladera Derecha,Curva Derecha,Parcial con paso alternado,0,0,0,0,1.0,Choque,imprudencia del conductor,4003_1_35,14.0,10.0
Tolima,2017-08-09 16:04:00,45,0.0,2017-06-30 05:00:00,viernes,0,Normal,Seca y limpia,Escarpado,Media Ladera Derecha,Curva Derecha,Parcial con paso alternado,0,0,0,0,1.0,Choque,imprudencia del conductor,4003_1_45,15.0,9.0
Tolima,2017-08-22 20:39:00,45,950.0,2017-07-02 05:00:00,domingo,48,Normal,Humeda,Montañoso,Media Ladera Derecha,Curva Derecha,Parcial con paso alternado,0,0,0,0,1.0,Choque,condiciones de la via y factores ambientales,4003_1_45,13.0,11.0
Tolima,2017-08-22 20:49:00,41,600.0,2017-07-03 05:00:00,lunes,50,Seca,Seca y limpia,Montañoso,Media Ladera Derecha,Curva Derecha,Parcial con paso alternado,0,0,0,0,1.0,Choque,fallas mecanicas y del sistema electrico,4003_1_41,17.0,7.0
Tolima,2017-08-22 20:51:00,32,750.0,2017-07-08 05:00:00,sabado,0,Normal,Seca y limpia,Montañoso,Media Ladera Derecha,Curva Derecha,Parcial con paso alternado,0,0,2,0,1.0,Choque,adelantamientos indebidos,4003_1_32,6.0,18.0
Tolima,2017-08-22 20:57:00,42,200.0,2017-07-14 05:00:00,viernes,30,Normal,Seca y limpia,Montañoso,Media Ladera Derecha,Curva Derecha,Parcial con paso alternado,0,0,0,0,1.0,Choque,fallas mecanicas y del sistema electrico,4003_1_42,2.0,22.0
Tolima,2017-08-22 21:07:00,32,930.0,2017-07-18 05:00:00,martes,50,Lluvia,Humeda,Montañoso,Media Ladera Derecha,Curva Izquierda,Parcial con paso alternado,0,0,0,0,1.0,Choque,no determinada,4003_1_32,10.0,14.0
Tolima,2017-08-22 21:14:00,44,600.0,2017-07-18 05:00:00,martes,0,Normal,Seca y limpia,Montañoso,Media Ladera Derecha,Curva Izquierda,Parcial con paso alternado,0,0,0,0,1.0,Choque,no determinada,4003_1_44,7.0,17.0
Tolima,2017-08-22 21:33:00,31,640.0,2017-07-20 05:00:00,jueves,35,Normal,Seca y limpia,Montañoso,Media ladera Izquierda,Recta,Parcial con paso alternado,0,0,0,0,1.0,Choque,fallas mecanicas y del sistema electrico,4003_1_31,15.0,9.0
Tolima,2017-08-22 21:49:00,35,800.0,2017-07-24 05:00:00,lunes,30,Normal,Humeda,Montañoso,Media Ladera Derecha,Recta,Parcial con paso alternado,0,0,0,0,1.0,Choque,no determinada,4003_1_35,10.0,14.0
Tolima,2017-08-22 21:52:00,27,700.0,2017-07-27 05:00:00,jueves,38,Niebla,Seca y limpia,Montañoso,Media Ladera Derecha,Curva Derecha,Parcial con paso alternado,0,0,0,0,1.0,Choque,no determinada,4003_1_27,18.0,6.0
Quindío,2017-09-07 14:42:00,10,950.0,2017-08-03 05:00:00,jueves,0,Normal,Seca y limpia,Plano,Cajón,Recta,Parcial con reducción de carriles,1,30,0,0,1.0,Choque,fallas mecanicas y del sistema electrico,4003_1_10,0.0,1.0
Quindío,2017-09-07 14:53:00,25,910.0,2017-08-03 05:00:00,jueves,15,Lluvia,Humeda,Montañoso,Media Ladera Derecha,Curva Derecha,Cierre total,1,0,5,0,1.0,Choque,adelantamientos indebidos,4003_1_25,1.0,0.0
Quindío,2017-09-07 15:10:00,26,100.0,2017-08-04 05:00:00,viernes,35,Niebla,Humeda,Montañoso,Media Ladera Derecha,Recta,Parcial con reducción de carriles,0,40,0,0,1.0,Choque,no determinada,4003_1_26,13.0,11.0
Quindío,2017-09-07 15:13:00,24,880.0,2017-08-06 05:00:00,domingo,10,Normal,Humeda,Montañoso,Media Ladera Derecha,Curva Izquierda,Cierre total,1,0,0,0,1.0,Choque,no mantener distancia de seguridad,4003_1_24,19.0,6.0
Quindío,2017-09-07 15:18:00,24,300.0,2017-08-06 05:00:00,domingo,0,Niebla,Seca y limpia,Montañoso,Media Ladera Derecha,Curva Derecha,Transito normal con precaución,0,0,0,0,1.0,Choque,no mantener distancia de seguridad,4003_1_24,20.0,4.0
Quindío,2017-09-07 15:38:00,14,500.0,2017-08-11 05:00:00,viernes,0,Lluvia,Humeda,Montañoso,Media ladera Izquierda,Curva Izquierda,Cierre total,1,0,0,0,1.0,Choque,no determinada,4003_1_14,6.0,19.0
Quindío,2017-09-07 15:51:00,16,90.0,2017-08-12 05:00:00,sabado,30,Normal,Seca y limpia,Montañoso,Media Ladera Derecha,Curva Derecha,Cierre total,1,30,0,0,1.0,Volcamiento,no determinada,4003_1_16,6.0,19.0
Quindío,2017-09-07 16:03:00,13,900.0,2017-08-12 05:00:00,sabado,15,Lluvia,Humeda,Montañoso,Cajón,Curva Derecha,Transito normal con precaución,0,0,0,0,1.0,Choque,no determinada,4003_1_13,8.0,16.0
Tolima,2017-05-05 20:45:00,30,0.0,2017-04-08 05:00:00,sabado,45,Normal,Seca y limpia,Escarpado,Media ladera Izquierda,Curva Izquierda,Transito normal con precaución,0,0,0,0,1.0,Choque,imprudencia del conductor,4003_1_30,19.0,5.0
Tolima,2017-05-05 20:48:00,39,300.0,2017-04-12 05:00:00,miercoles,0,Normal,Seca y limpia,Escarpado,Media Ladera Derecha,Curva Derecha,Transito normal con precaución,0,0,0,0,1.0,Choque,no mantener distancia de seguridad,4003_1_39,6.0,18.0
Tolima,2017-05-05 20:51:00,37,100.0,2017-04-13 05:00:00,jueves,0,Normal,Seca y limpia,Escarpado,Media Ladera Derecha,Curva Derecha,Transito normal con precaución,0,0,0,0,1.0,Choque,maniobras imprudentes,4003_1_37,2.0,22.0
Tolima,2017-05-05 20:53:00,29,200.0,2017-04-18 05:00:00,martes,50,Lluvia,Humeda,Escarpado,Media ladera Izquierda,Curva Izquierda,Transito normal con precaución,0,0,0,0,1.0,Choque,no mantener distancia de seguridad,4003_1_29,13.0,11.0
Tolima,2017-05-05 20:56:00,32,910.0,2017-04-19 05:00:00,miercoles,20,Lluvia,Humeda,Escarpado,Media ladera Izquierda,Curva Izquierda,Transito normal con precaución,0,0,0,0,1.0,Choque,no mantener distancia de seguridad,4003_1_32,11.0,13.0
Tolima,2017-05-05 21:21:00,27,360.0,2017-04-23 05:00:00,domingo,0,Normal,Seca y limpia,Escarpado,Media ladera Izquierda,Curva Derecha,Transito normal con precaución,0,0,0,0,1.0,Choque,no mantener distancia de seguridad,4003_1_27,15.0,9.0
Quindío,2017-05-08 01:42:00,8,300.0,2017-04-15 05:00:00,sabado,0,Normal,Seca y limpia,Montañoso,Media ladera Izquierda,Curva Izquierda,Transito normal con precaución,0,0,0,0,1.0,Choque,no mantener distancia de seguridad,4003_1_8,14.0,10.0
Quindío,2017-05-09 18:51:00,23,500.0,2017-04-18 05:00:00,martes,10,Normal,Seca y limpia,Montañoso,Media Ladera Derecha,Curva Izquierda,Parcial con reducción de carriles,0,0,0,0,1.0,Choque,no determinada,4003_1_23,5.0,19.0
Quindío,2017-05-09 19:27:00,17,430.0,2017-04-21 05:00:00,viernes,30,Normal,Seca y limpia,Montañoso,Media Ladera Derecha,Curva Izquierda,Transito normal con precaución,0,0,0,0,1.0,Choque,no determinada,4003_1_17,15.0,9.0
Quindío,2017-05-09 19:53:00,6,800.0,2017-04-26 05:00:00,miercoles,30,Normal,Seca y limpia,Ondulado,Media ladera Izquierda,Curva Izquierda,Parcial con reducción de carriles,0,0,1,0,1.0,Choque,no determinada,4003_1_6,17.0,7.0
Quindío,2017-05-09 20:18:00,22,100.0,2017-04-28 05:00:00,viernes,30,Normal,Seca y limpia,Montañoso,Media Ladera Derecha,Curva Derecha,Parcial con reducción de carriles,0,0,0,0,1.0,Choque,adelantamientos indebidos,4003_1_22,6.0,18.0
Quindío,2017-05-09 20:24:00,6,400.0,2017-04-29 05:00:00,sabado,0,Normal,Seca y limpia,Ondulado,Media ladera Izquierda,Curva Derecha,Transito normal con precaución,0,0,0,0,1.0,Choque,no mantener distancia de seguridad,4003_1_6,16.0,8.0
Tolima,2017-05-09 20:26:00,32,250.0,2017-03-13 05:00:00,lunes,50,Lluvia,Humeda,Escarpado,Media ladera Izquierda,Curva Izquierda,Transito normal con precaución,0,0,0,0,1.0,Choque,condiciones de la via y factores ambientales,4003_1_32,19.0,5.0
Tolima,2018-02-13 16:47:00,29,50.0,2017-12-23 05:00:00,sabado,40,Normal,Seca y limpia,Montañoso,Media Ladera Derecha,Recta,Parcial con paso alternado,0,0,0,0,1.0,Choque,no mantener distancia de seguridad,4003_1_29,8.0,16.0
Tolima,2018-02-13 16:50:00,40,280.0,2017-12-23 05:00:00,sabado,50,Normal,Seca y limpia,Montañoso,Media Ladera Derecha,Recta,Parcial con paso alternado,0,0,0,0,1.0,Choque,no determinada,4003_1_40,18.0,6.0
Tolima,2018-02-13 16:53:00,38,550.0,2017-12-28 05:00:00,jueves,0,Normal,Seca y limpia,Montañoso,Media Ladera Derecha,Recta,Parcial con paso alternado,0,0,0,0,1.0,Choque,no mantener distancia de seguridad,4003_1_38,17.0,7.0
Tolima,2018-02-13 16:56:00,40,650.0,2017-12-29 05:00:00,viernes,40,Normal,Seca y limpia,Montañoso,Media Ladera Derecha,Recta,Parcial con paso alternado,0,0,0,0,1.0,Choque,no mantener distancia de seguridad,4003_1_40,3.0,21.0
Tolima,2018-02-16 23:41:00,37,860.0,2018-01-03 05:00:00,miercoles,0,Normal,Seca y limpia,Montañoso,Media Ladera Derecha,Curva Izquierda,Parcial con paso alternado,0,0,0,0,1.0,Choque,no determinada,4003_1_37,18.0,6.0
Tolima,2018-02-16 23:44:00,28,650.0,2018-01-04 05:00:00,jueves,40,Normal,Seca y limpia,Montañoso,Media Ladera Derecha,Curva Izquierda,Parcial con paso alternado,0,0,0,0,1.0,Incendio,no determinada,4003_1_28,6.0,18.0
Tolima,2017-05-09 20:37:00,31,300.0,2017-03-13 05:00:00,lunes,10,Normal,Seca y limpia,Escarpado,Media ladera Izquierda,Curva Izquierda,Transito normal con precaución,0,0,0,0,1.0,Choque,imprudencia del conductor,4003_1_31,2.0,22.0
Tolima,2017-05-09 20:45:00,29,240.0,2017-03-17 05:00:00,viernes,50,Normal,Seca y limpia,Escarpado,Media ladera Izquierda,Curva Izquierda,Transito normal con precaución,0,0,0,0,1.0,Choque,imprudencia del conductor,4003_1_29,11.0,13.0
Tolima,2017-05-09 20:57:00,31,600.0,2017-03-20 05:00:00,lunes,26,Lluvia,Humeda,Escarpado,Media ladera Izquierda,Curva Derecha,Transito normal con precaución,0,0,0,0,1.0,Choque,imprudencia del conductor,4003_1_31,13.0,11.0
Tolima,2017-05-09 21:00:00,29,800.0,2017-03-21 05:00:00,martes,20,Normal,Humeda,Escarpado,Media ladera Izquierda,Recta,Transito normal con precaución,0,0,0,0,1.0,Choque,no mantener distancia de seguridad,4003_1_29,17.0,7.0
Tolima,2017-05-09 21:04:00,39,750.0,2017-03-31 05:00:00,viernes,20,Normal,Seca y limpia,Escarpado,Media Ladera Derecha,Curva Derecha,Transito normal con precaución,0,0,0,0,1.0,Choque,adelantamientos indebidos,4003_1_39,20.0,4.0
Tolima,2017-06-20 22:09:00,39,0.0,2017-05-04 05:00:00,jueves,0,Lluvia,Humeda,Escarpado,Media Ladera Derecha,Curva Derecha,Transito normal con precaución,0,0,0,0,1.0,Choque,imprudencia del conductor,4003_1_39,8.0,16.0
Tolima,2017-06-20 22:12:00,33,400.0,2017-05-08 05:00:00,lunes,40,Lluvia,Humeda,Escarpado,Media ladera Izquierda,Curva Derecha,Transito normal con precaución,0,0,0,0,1.0,Choque,imprudencia del conductor,4003_1_33,12.0,12.0
Tolima,2017-06-20 22:13:00,35,600.0,2017-05-10 05:00:00,miercoles,10,Lluvia,Humeda,Escarpado,Media Ladera Derecha,Curva Derecha,Transito normal con precaución,0,0,0,0,1.0,Choque,no mantener distancia de seguridad,4003_1_35,13.0,11.0
Tolima,2017-06-20 22:14:00,40,600.0,2017-05-13 05:00:00,sabado,30,Lluvia,Humeda,Escarpado,Media Ladera Derecha,Curva Izquierda,Transito normal con precaución,0,0,0,0,1.0,Choque,condiciones de la via y factores ambientales,4003_1_40,5.0,19.0
Tolima,2017-06-20 22:15:00,33,400.0,2017-05-22 05:00:00,lunes,45,Lluvia,Humeda,Escarpado,Media Ladera Derecha,Curva Izquierda,Transito normal con precaución,0,0,0,0,1.0,Choque,imprudencia del conductor,4003_1_33,14.0,10.0
Tolima,2017-06-20 22:17:00,31,0.0,2017-05-26 05:00:00,viernes,40,Normal,Seca y limpia,Escarpado,Media Ladera Derecha,Curva Derecha,Transito normal con precaución,0,0,0,0,1.0,Choque,imprudencia del conductor,4003_1_31,13.0,11.0
Tolima,2017-06-20 22:30:00,27,500.0,2016-12-17 05:00:00,sabado,15,Normal,Seca y limpia,Escarpado,Media ladera Izquierda,Curva Izquierda,Transito normal con precaución,0,0,0,0,1.0,Choque,imprudencia del conductor,4003_1_27,17.0,7.0
Tolima,2017-06-20 22:32:00,38,280.0,2016-12-20 05:00:00,martes,40,Normal,Seca y limpia,Escarpado,Media Ladera Derecha,Curva Derecha,Transito normal con precaución,0,0,0,0,1.0,Volcamiento,condiciones de la via y factores ambientales,4003_1_38,13.0,11.0
Tolima,2017-06-20 22:33:00,33,600.0,2016-12-21 05:00:00,miercoles,0,Normal,Seca y limpia,Escarpado,Media Ladera Derecha,Curva Derecha,Transito normal con precaución,0,0,0,0,1.0,Choque,maniobras imprudentes,4003_1_33,11.0,13.0
Tolima,2017-06-20 22:34:00,35,350.0,2016-12-23 05:00:00,viernes,50,Normal,Seca y limpia,Escarpado,Media Ladera Derecha,Curva Derecha,Transito normal con precaución,0,0,0,0,1.0,Choque,imprudencia del conductor,4003_1_35,22.0,2.0
Tolima,2017-06-20 22:35:00,28,0.0,2016-12-27 05:00:00,martes,45,Normal,Seca y limpia,Escarpado,Media ladera Izquierda,Curva Izquierda,Transito normal con precaución,0,0,0,0,1.0,Choque,imprudencia del conductor,4003_1_28,10.0,14.0
Tolima,2017-06-20 22:36:00,46,100.0,2016-12-29 05:00:00,jueves,0,Lluvia,Humeda,Escarpado,Media Ladera Derecha,Curva Derecha,Transito normal con precaución,0,0,0,0,1.0,Choque,imprudencia del conductor,4003_1_46,14.0,10.0
Tolima,2017-06-20 22:37:00,42,800.0,2016-12-30 05:00:00,viernes,30,Normal,Seca y limpia,Escarpado,Media Ladera Derecha,Curva Izquierda,Transito normal con precaución,0,0,0,0,1.0,Choque,imprudencia del conductor,4003_1_42,7.0,17.0
Tolima,2017-06-21 14:51:00,39,0.0,2017-01-02 05:00:00,lunes,45,Normal,Seca y limpia,Escarpado,Media Ladera Derecha,Curva Derecha,Transito normal con precaución,0,0,0,0,1.0,Choque,imprudencia del conductor,4003_1_39,20.0,4.0
Tolima,2017-06-21 14:52:00,28,200.0,2017-01-02 05:00:00,lunes,45,Normal,Seca y limpia,Escarpado,Media ladera Izquierda,Curva Derecha,Transito normal con precaución,0,0,0,0,1.0,Choque,imprudencia del conductor,4003_1_28,12.0,12.0
Tolima,2017-06-21 14:54:00,28,500.0,2017-01-02 05:00:00,lunes,0,Normal,Seca y limpia,Escarpado,Media ladera Izquierda,Curva Derecha,Transito normal con precaución,0,0,0,0,1.0,Choque,imprudencia del conductor,4003_1_28,11.0,13.0
Tolima,2017-06-21 14:55:00,27,0.0,2017-01-02 05:00:00,lunes,15,Normal,Seca y limpia,Escarpado,Media ladera Izquierda,Curva Derecha,Transito normal con precaución,0,0,0,0,1.0,Choque,imprudencia del conductor,4003_1_27,19.0,5.0
Tolima,2017-06-21 14:56:00,37,200.0,2017-01-03 05:00:00,martes,7,Viento,Seca y limpia,Escarpado,Media Ladera Derecha,Curva Derecha,Transito normal con precaución,0,0,0,0,1.0,Choque,exceso de velocidad,4003_1_37,13.0,11.0
Tolima,2017-06-21 14:57:00,27,400.0,2017-01-08 05:00:00,domingo,20,Normal,Seca y limpia,Escarpado,Media ladera Izquierda,Curva Izquierda,Transito normal con precaución,0,0,0,0,1.0,Choque,fallas mecanicas y del sistema electrico,4003_1_27,10.0,14.0
Tolima,2017-06-21 14:58:00,35,100.0,2017-01-08 05:00:00,domingo,20,Normal,Seca y limpia,Escarpado,Media ladera Izquierda,Curva Derecha,Transito normal con precaución,0,0,0,0,1.0,Choque,imprudencia del conductor,4003_1_35,11.0,13.0
Tolima,2017-06-21 15:01:00,45,600.0,2017-01-08 05:00:00,domingo,30,Normal,Seca y limpia,Escarpado,Media Ladera Derecha,Curva Derecha,Transito normal con precaución,0,0,0,0,1.0,Volcamiento,no determinada,4003_1_45,6.0,18.0
Tolima,2017-06-21 15:02:00,35,800.0,2017-01-09 05:00:00,lunes,0,Lluvia,Humeda,Escarpado,Media Ladera Derecha,Curva Izquierda,Transito normal con precaución,0,0,0,0,1.0,Choque,imprudencia del conductor,4003_1_35,5.0,19.0
Tolima,2017-06-21 15:03:00,33,150.0,2017-01-09 05:00:00,lunes,20,Lluvia,Humeda,Escarpado,Media ladera Izquierda,Curva Derecha,Transito normal con precaución,0,0,0,0,1.0,Choque,imprudencia del conductor,4003_1_33,21.0,3.0
Tolima,2017-06-21 15:04:00,31,890.0,2017-01-10 05:00:00,martes,0,Viento,Seca y limpia,Escarpado,Media ladera Izquierda,Curva Derecha,Transito normal con precaución,0,0,0,0,1.0,Choque,imprudencia del conductor,4003_1_31,21.0,3.0
Tolima,2017-06-21 15:05:00,28,250.0,2017-01-16 05:00:00,lunes,0,Niebla,Humeda,Escarpado,Media ladera Izquierda,Curva Derecha,Transito normal con precaución,0,0,0,0,1.0,Choque,imprudencia del conductor,4003_1_28,11.0,13.0
Tolima,2017-06-21 15:06:00,33,800.0,2017-01-17 05:00:00,martes,0,Viento,Seca y limpia,Escarpado,Media Ladera Derecha,Curva Derecha,Transito normal con precaución,0,0,0,0,1.0,Choque,imprudencia del conductor,4003_1_33,20.0,4.0
Tolima,2017-06-21 15:07:00,29,730.0,2017-01-21 05:00:00,sabado,30,Lluvia,Humeda,Escarpado,Media ladera Izquierda,Curva Derecha,Transito normal con precaución,0,0,0,0,1.0,Choque,exceso en horas de conduccion,4003_1_29,22.0,2.0
Tolima,2017-06-21 15:08:00,30,730.0,2017-01-23 05:00:00,lunes,15,Normal,Seca y limpia,Escarpado,Media ladera Izquierda,Curva Derecha,Transito normal con precaución,0,0,0,0,1.0,Choque,imprudencia del conductor,4003_1_30,3.0,21.0
Tolima,2017-06-21 15:09:00,28,520.0,2017-01-25 05:00:00,miercoles,20,Normal,Seca y limpia,Escarpado,Media ladera Izquierda,Curva Izquierda,Transito normal con precaución,0,0,0,0,1.0,Choque,imprudencia del conductor,4003_1_28,14.0,10.0
Tolima,2017-06-21 15:10:00,39,0.0,2017-01-28 05:00:00,sabado,30,Normal,Seca y limpia,Escarpado,Media Ladera Derecha,Curva Izquierda,Transito normal con precaución,0,0,0,0,1.0,Choque,imprudencia del conductor,4003_1_39,10.0,14.0
Tolima,2017-06-21 15:12:00,39,600.0,2017-01-30 05:00:00,lunes,30,Lluvia,Humeda,Escarpado,Media Ladera Derecha,Curva Derecha,Transito normal con precaución,0,0,1,1,1.0,Choque,imprudencia del conductor,4003_1_39,17.0,7.0
Quindío,2017-06-21 22:16:00,13,800.0,2017-01-07 05:00:00,sabado,20,Normal,Seca y limpia,Montañoso,Media ladera Izquierda,Recta,Transito normal con precaución,0,0,0,0,1.0,Choque,no mantener distancia de seguridad,4003_1_13,14.0,10.0
Quindío,2017-06-22 20:50:00,22,0.0,2017-01-08 05:00:00,domingo,50,Lluvia,Humeda,Ondulado,Media Ladera Derecha,Curva Derecha,Parcial restringido a vehiculos pesados,1,0,0,0,1.0,Choque,no determinada,4003_1_22,11.0,14.0
Tolima,2017-06-21 15:36:00,43,450.0,2017-02-23 05:00:00,jueves,0,Normal,Seca y limpia,Escarpado,Media Ladera Derecha,Curva Derecha,Transito normal con precaución,0,0,0,0,1.0,Volcamiento,imprudencia del conductor,4003_1_43,3.0,21.0
Tolima,2017-06-21 15:37:00,34,0.0,2017-02-22 05:00:00,miercoles,45,Lluvia,Humeda,Escarpado,Media Ladera Derecha,Curva Derecha,Transito normal con precaución,0,0,0,0,1.0,Volcamiento,imprudencia del conductor,4003_1_34,20.0,4.0
Tolima,2017-06-21 15:44:00,33,600.0,2017-02-17 05:00:00,viernes,0,Normal,Seca y limpia,Escarpado,Media Ladera Derecha,Curva Derecha,Transito normal con precaución,0,0,0,0,1.0,Choque,adelantamientos indebidos,4003_1_33,13.0,11.0
Tolima,2017-06-21 15:45:00,29,0.0,2017-02-21 05:00:00,martes,30,Normal,Seca y limpia,Escarpado,Media ladera Izquierda,Curva Derecha,Transito normal con precaución,0,0,1,0,1.0,Choque,imprudencia del conductor,4003_1_29,8.0,16.0
Boyacá,2018-02-13 15:55:00,56,500.0,2018-01-23 05:00:00,martes,15,Normal,Seca y limpia,Plano,Terraplen,Recta,Transito normal con precaución,0,0,0,0,1.0,Choque,maniobras imprudentes,45A05_2_56,7.0,17.0