territorial,fecha_registro,pr,distancia_pr,fecha_acc,dia_semana_acc,min_acc,condic_meteor,estado_super,terreno,secc_tip,geometria_acc,tipo_cierre,horas_cierre,min_cierre,n_heridos,n_muertos,n_victimas,clase_accidente,causa_posible,ref_loc,hora_acc,duracion_cierre_horas
Boyacá,2018-02-13 15:56:00,23,300.0,2018-01-28 05:00:00,domingo,30,Normal,Seca y limpia,Plano,Terraplen,Recta,Transito normal con precaución,0,0,0,0,1.0,Choque,no mantener distancia de seguridad,45A05_2_23,20.0,4.0
Boyacá,2018-02-13 15:59:00,68,230.0,2018-01-29 05:00:00,lunes,0,Normal,Seca y limpia,Plano,Terraplen,Recta,Transito normal con precaución,0,0,0,0,1.0,Choque,condiciones de la via y factores ambientales,45A05_2_68,1.0,23.0
Boyacá,2018-03-14 14:07:00,38,400.0,2018-02-24 05:00:00,sabado,40,Normal,Seca y limpia,Plano,Terraplen,Recta,Transito normal con precaución,0,0,0,1,1.0,Choque,no mantener distancia de seguridad,45A05_2_38,19.0,5.0
Boyacá,2018-03-14 14:10:00,6,100.0,2018-02-24 05:00:00,sabado,0,Normal,Seca y limpia,Plano,Terraplen,Recta,Transito normal con precaución,0,0,2,0,1.0,Choque,maniobras imprudentes,45A05_2_6,4.0,20.0
Boyacá,2018-04-13 15:57:00,36,100.0,2018-03-03 05:00:00,sabado,40,Normal,Seca y limpia,Plano,Terraplen,Recta,Transito normal con precaución,0,0,1,0,1.0,Choque,desobediencia a normas y senales,45A05_2_36,19.0,5.0
Boyacá,2018-04-13 16:00:00,11,500.0,2018-03-05 05:00:00,lunes,10,Normal,Seca y limpia,Plano,Terraplen,Curva Izquierda,Transito normal con precaución,0,0,0,0,1.0,Volcamiento,maniobras imprudentes,45A05_2_11,5.0,19.0
Boyacá,2018-04-13 16:04:00,55,200.0,2018-03-06 05:00:00,martes,50,Normal,Seca y limpia,Plano,Terraplen,Recta,Transito normal con precaución,0,0,1,0,1.0,Atropello,conducta de peatones,45A05_2_55,13.0,11.0
Boyacá,2018-04-13 16:09:00,37,500.0,2018-03-15 05:00:00,jueves,0,Normal,Seca y limpia,Plano,Terraplen,Recta,Transito normal con precaución,0,0,2,0,1.0,Choque,estacionamiento y senalizacion imprudente,45A05_2_37,21.0,3.0
Boyacá,2018-04-13 16:11:00,17,370.0,2018-03-17 05:00:00,sabado,45,Normal,Seca y limpia,Plano,Terraplen,Recta,Transito normal con precaución,0,0,0,0,1.0,Choque,desobediencia a normas y senales,45A05_2_17,18.0,6.0
Boyacá,2018-04-13 16:14:00,6,150.0,2018-03-17 05:00:00,sabado,10,Normal,Seca y limpia,Plano,Terraplen,Recta,Transito normal con precaución,0,0,1,1,1.0,Choque,maniobras imprudentes,45A05_2_6,12.0,12.0
Boyacá,2018-04-13 16:19:00,1,800.0,2018-03-19 05:00:00,lunes,10,Normal,Seca y limpia,Plano,Terraplen,Recta,Transito normal con precaución,0,0,0,0,1.0,Choque,no mantener distancia de seguridad,45A05_2_1,15.0,9.0
Boyacá,2018-04-13 16:26:00,58,750.0,2018-03-26 05:00:00,lunes,0,Normal,Seca y limpia,Plano,Terraplen,Recta,Transito normal con precaución,0,0,0,0,1.0,Choque,maniobras imprudentes,45A05_2_58,11.0,13.0
Boyacá,2018-04-13 16:26:00,58,750.0,2018-03-26 05:00:00,lunes,0,Normal,Seca y limpia,Plano,Terraplen,Recta,Transito normal con precaución,0,0,0,0,1.0,Choque,maniobras imprudentes,45A05_2_58,20.0,4.0
Quindío,2017-06-28 18:55:00,17,300.0,2017-03-09 05:00:00,jueves,50,Normal,Seca y limpia,Montañoso,Media Ladera Derecha,Curva Derecha,Parcial con reducción de carriles,0,30,1,0,1.0,Choque,no determinada,4003_1_17,17.0,7.0
Boyacá,2018-04-13 16:29:00,17,0.0,2018-03-28 05:00:00,miercoles,40,Lluvia,Humeda,Plano,Terraplen,Recta,Transito normal con precaución,0,0,0,0,1.0,Choque,no mantener distancia de seguridad,45A05_2_17,10.0,14.0
Boyacá,2018-04-13 16:31:00,5,100.0,2018-03-29 05:00:00,jueves,30,Normal,Seca y limpia,Plano,Terraplen,Recta,Transito normal con precaución,0,0,0,0,1.0,Choque,desobediencia a normas y senales,45A05_2_5,9.0,15.0
Boyacá,2018-04-13 16:34:00,22,0.0,2018-03-31 05:00:00,sabado,0,Normal,Seca y limpia,Plano,Terraplen,Curva Izquierda,Transito normal con precaución,0,0,2,0,1.0,Choque,no determinada,45A05_2_22,14.0,10.0
Boyacá,2018-03-14 13:52:00,69,340.0,2018-02-02 05:00:00,viernes,15,Normal,Seca y limpia,Plano,Terraplen,Recta,Transito normal con precaución,0,0,0,0,1.0,Choque,no mantener distancia de seguridad,45A05_1_69,16.0,8.0
Boyacá,2018-03-14 13:58:00,18,800.0,2018-02-09 05:00:00,viernes,30,Normal,Seca y limpia,Plano,Terraplen,Curva Izquierda,Transito normal con precaución,0,0,0,0,1.0,Salida de la vía sin volcarse,defectos fisicos y psiquicos,45A05_1_18,2.0,22.0
Boyacá,2018-03-14 14:01:00,4,950.0,2018-02-10 05:00:00,sabado,0,Normal,Seca y limpia,Plano,Terraplen,Recta,Transito normal con precaución,0,0,2,0,1.0,Choque,maniobras imprudentes,45A05_1_4,15.0,9.0
Boyacá,2018-03-14 14:04:00,12,200.0,2018-02-15 05:00:00,jueves,25,Normal,Seca y limpia,Plano,Terraplen,Recta,Transito normal con precaución,0,0,0,0,1.0,Choque,maniobras imprudentes,45A05_1_12,13.0,11.0
Boyacá,2018-04-13 16:06:00,30,500.0,2018-03-07 05:00:00,miercoles,0,Normal,Seca y limpia,Plano,Terraplen,Recta,Transito normal con precaución,0,0,1,0,1.0,Choque,imprudencia del conductor,45A05_1_30,15.0,9.0
Tolima,2017-06-21 15:46:00,34,700.0,2017-02-09 05:00:00,jueves,10,Normal,Seca y limpia,Escarpado,Media ladera Izquierda,Curva Derecha,Transito normal con precaución,0,0,0,0,1.0,Choque,imprudencia del conductor,4003_1_34,11.0,13.0
Tolima,2017-06-21 15:47:00,37,600.0,2017-02-04 05:00:00,sabado,10,Lluvia,Humeda,Escarpado,Media Ladera Derecha,Curva Derecha,Transito normal con precaución,0,0,0,0,1.0,Choque,imprudencia del conductor,4003_1_37,14.0,10.0
Tolima,2017-06-21 15:49:00,31,700.0,2017-02-05 05:00:00,domingo,0,Normal,Seca y limpia,Escarpado,Media Ladera Derecha,Curva Derecha,Transito normal con precaución,0,0,0,0,1.0,Choque,imprudencia del conductor,4003_1_31,15.0,9.0
Tolima,2017-06-21 15:50:00,34,390.0,2017-02-12 05:00:00,domingo,15,Lluvia,Humeda,Escarpado,Media ladera Izquierda,Curva Izquierda,Transito normal con precaución,0,0,4,0,1.0,Choque,imprudencia del conductor,4003_1_34,13.0,11.0
Tolima,2017-06-21 15:50:00,38,100.0,2017-02-09 05:00:00,jueves,50,Normal,Seca y limpia,Escarpado,Media Ladera Derecha,Curva Derecha,Transito normal con precaución,0,0,1,0,1.0,Choque,imprudencia del conductor,4003_1_38,22.0,2.0
Quindío,2017-06-23 12:56:00,18,0.0,2017-01-08 05:00:00,domingo,20,Normal,Seca y limpia,Montañoso,Media Ladera Derecha,Recta,Transito normal con precaución,0,0,0,0,1.0,Choque,no mantener distancia de seguridad,4003_1_18,3.0,21.0
Quindío,2017-06-23 13:03:00,21,0.0,2017-01-08 05:00:00,domingo,15,Lluvia,Humeda,Montañoso,Cajón,Curva Derecha,Transito normal con precaución,0,0,0,0,1.0,Choque,no determinada,4003_1_21,0.0,0.0
Quindío,2017-06-23 13:08:00,8,800.0,2017-01-09 05:00:00,lunes,0,Lluvia,Humeda,Montañoso,Media ladera Izquierda,Curva Derecha,Parcial con paso alternado,0,30,0,0,1.0,Choque,no determinada,4003_1_8,7.0,17.0
Quindío,2017-06-23 13:21:00,23,200.0,2017-01-09 05:00:00,lunes,30,Lluvia,Humeda,Montañoso,Media Ladera Derecha,Curva Izquierda,Transito normal con precaución,0,0,0,0,1.0,Choque,no determinada,4003_1_23,21.0,3.0
Quindío,2017-06-23 14:43:00,21,600.0,2017-01-10 05:00:00,martes,0,Lluvia,Humeda,Montañoso,Media Ladera Derecha,Curva Derecha,Transito normal con precaución,0,0,0,0,1.0,Choque,no determinada,4003_1_21,11.0,13.0
Quindío,2017-06-23 14:48:00,8,400.0,2017-01-10 05:00:00,martes,10,Lluvia,Humeda,Montañoso,Media ladera Izquierda,Curva Izquierda,Cierre total,0,30,0,0,1.0,Choque,adelantamientos indebidos,4003_1_8,10.0,14.0
Quindío,2017-06-23 15:04:00,11,600.0,2017-01-12 05:00:00,jueves,0,Normal,Seca y limpia,Montañoso,Media ladera Izquierda,Curva Derecha,Cierre total,1,0,0,0,1.0,Choque,no determinada,4003_1_11,19.0,6.0
Quindío,2017-06-23 15:07:00,16,0.0,2017-01-14 05:00:00,sabado,45,Seca,Seca y limpia,Montañoso,Media Ladera Derecha,Curva Derecha,Cierre total,0,0,0,0,1.0,Choque,adelantamientos indebidos,4003_1_16,6.0,18.0
Quindío,2017-06-23 15:52:00,23,300.0,2017-01-18 05:00:00,miercoles,45,Lluvia,Humeda,Escarpado,Media Ladera Derecha,Curva Derecha,Transito normal con precaución,0,0,0,0,1.0,Choque,no determinada,4003_1_23,4.0,20.0
Quindío,2017-06-23 16:19:00,17,900.0,2017-01-21 05:00:00,sabado,10,Seca,Seca y limpia,Montañoso,Media ladera Izquierda,Curva Izquierda,Transito normal con precaución,0,0,0,0,1.0,Choque,no determinada,4003_1_17,14.0,10.0
Quindío,2017-06-23 16:28:00,16,200.0,2017-01-23 05:00:00,lunes,50,Normal,Seca y limpia,Montañoso,Media Ladera Derecha,Curva Izquierda,Transito normal con precaución,0,0,0,0,1.0,Choque,no determinada,4003_1_16,6.0,18.0
Quindío,2017-06-23 16:37:00,25,300.0,2017-01-25 05:00:00,miercoles,0,Niebla,Seca y limpia,Montañoso,Media Ladera Derecha,Curva Izquierda,Parcial con reducción de carriles,1,0,0,0,1.0,Choque,no determinada,4003_1_25,18.0,7.0
Quindío,2017-06-23 17:04:00,19,600.0,2017-01-16 05:00:00,lunes,30,Lluvia,Humeda,Montañoso,Media Ladera Derecha,Curva Izquierda,Transito normal con precaución,0,0,0,0,1.0,Choque,maniobras imprudentes,4003_1_19,10.0,14.0
Quindío,2017-06-23 17:26:00,23,800.0,2017-01-27 05:00:00,viernes,0,Lluvia,Humeda,Ondulado,Media ladera Izquierda,Curva Derecha,Transito normal con precaución,0,0,0,0,1.0,Choque,condiciones de la via y factores ambientales,4003_1_23,12.0,12.0
Quindío,2017-06-24 18:32:00,24,550.0,2017-02-01 05:00:00,miercoles,10,Normal,Seca y limpia,Montañoso,Media Ladera Derecha,Curva Izquierda,Parcial con paso alternado,1,0,0,0,1.0,Choque,adelantamientos indebidos,4003_1_24,19.0,6.0
Quindío,2017-06-24 19:10:00,26,100.0,2017-02-08 05:00:00,miercoles,10,Niebla,Seca y limpia,Montañoso,Media Ladera Derecha,Recta,Transito normal con precaución,0,0,0,0,1.0,Choque,maniobras imprudentes,4003_1_26,0.0,0.0
Quindío,2017-06-24 20:52:00,5,150.0,2017-02-12 05:00:00,domingo,0,Seca,Seca y limpia,Ondulado,Media ladera Izquierda,Recta,Transito normal con precaución,0,0,1,0,1.0,Choque,no determinada,4003_1_5,17.0,7.0
Quindío,2017-06-24 21:00:00,24,500.0,2017-02-16 05:00:00,jueves,50,Niebla,Seca y limpia,Montañoso,Media Ladera Derecha,Recta,Transito normal con precaución,0,0,0,0,1.0,Choque,condiciones de la via y factores ambientales,4003_1_24,16.0,8.0
Quindío,2017-06-24 21:03:00,23,800.0,2017-02-16 05:00:00,jueves,0,Normal,Seca y limpia,Montañoso,Media ladera Izquierda,Curva Derecha,Transito normal con precaución,0,0,0,0,1.0,Choque,no mantener distancia de seguridad,4003_1_23,19.0,5.0
Quindío,2017-06-24 23:39:00,7,200.0,2017-02-16 05:00:00,jueves,20,Normal,Seca y limpia,Montañoso,Media ladera Izquierda,Recta,Transito normal con precaución,0,0,0,0,1.0,Choque,no determinada,4003_1_7,11.0,13.0
Quindío,2017-06-24 23:43:00,25,300.0,2017-02-17 05:00:00,viernes,45,Lluvia,Humeda,Montañoso,Media Ladera Derecha,Curva Izquierda,Parcial con reducción de carriles,0,40,4,0,1.0,Choque,no determinada,4003_1_25,16.0,8.0
Quindío,2017-06-24 23:48:00,19,800.0,2017-02-17 05:00:00,viernes,50,Normal,Seca y limpia,Montañoso,Media Ladera Derecha,Curva Derecha,Cierre total,0,30,0,0,1.0,Choque,no determinada,4003_1_19,10.0,14.0
Quindío,2017-06-25 01:44:00,14,300.0,2017-02-25 05:00:00,sabado,24,Lluvia,Humeda,Montañoso,Media ladera Izquierda,Recta,Transito normal con precaución,0,0,0,0,1.0,Choque,no determinada,4003_1_14,18.0,6.0
Quindío,2017-06-25 01:58:00,25,400.0,2017-02-26 05:00:00,domingo,0,Lluvia,Humeda,Montañoso,Media Ladera Derecha,Curva Izquierda,Transito normal con precaución,0,0,0,0,1.0,Choque,condiciones de la via y factores ambientales,4003_1_25,5.0,19.0
Quindío,2017-06-28 17:03:00,8,700.0,2017-03-04 05:00:00,sabado,30,Normal,Seca y limpia,Montañoso,Media ladera Izquierda,Curva Izquierda,Transito normal con precaución,0,0,0,0,1.0,Choque,no determinada,4003_1_8,8.0,16.0
Quindío,2017-06-28 18:09:00,26,300.0,2017-03-04 05:00:00,sabado,30,Niebla,Seca y limpia,Montañoso,Media Ladera Derecha,Curva Izquierda,Cierre total,1,0,0,1,1.0,Atropello,no determinada,4003_1_26,11.0,14.0
Quindío,2017-06-28 18:14:00,10,150.0,2017-03-06 05:00:00,lunes,10,Normal,Seca y limpia,Montañoso,Media ladera Izquierda,Curva Izquierda,Cierre total,1,0,0,1,1.0,Choque,no determinada,4003_1_10,13.0,12.0
Quindío,2017-06-28 18:18:00,19,900.0,2017-03-06 05:00:00,lunes,0,Normal,Seca y limpia,Montañoso,Terraplen,Curva Derecha,Transito normal con precaución,0,0,0,0,1.0,Choque,no determinada,4003_1_19,5.0,19.0
Quindío,2017-06-28 19:14:00,18,300.0,2017-03-10 05:00:00,viernes,30,Lluvia,Humeda,Montañoso,Media Ladera Derecha,Curva Izquierda,Transito normal con precaución,0,0,0,0,1.0,Choque,condiciones de la via y factores ambientales,4003_1_18,4.0,20.0
Quindío,2017-06-28 19:24:00,15,910.0,2017-03-14 05:00:00,martes,0,Lluvia,Humeda,Montañoso,Terraplen,Recta,Cierre total,1,0,0,1,1.0,Atropello,no determinada,4003_1_15,2.0,23.0
Quindío,2017-06-28 19:31:00,17,900.0,2017-03-18 05:00:00,sabado,10,Lluvia,Humeda,Escarpado,Media ladera Izquierda,Curva Izquierda,Cierre total,0,30,0,0,1.0,Choque,no determinada,4003_1_17,8.0,16.0
Quindío,2017-06-28 20:06:00,16,0.0,2017-03-19 05:00:00,domingo,30,Lluvia,Humeda,Montañoso,Media Ladera Derecha,Curva Derecha,Transito normal con precaución,0,0,0,0,1.0,Volcamiento,no determinada,4003_1_16,11.0,13.0
Quindío,2017-06-28 20:13:00,20,100.0,2017-03-19 05:00:00,domingo,5,Normal,Seca y limpia,Montañoso,Media Ladera Derecha,Curva Izquierda,Transito normal con precaución,0,0,0,0,1.0,Choque,no determinada,4003_1_20,21.0,3.0
Quindío,2017-06-28 20:45:00,15,900.0,2017-03-23 05:00:00,jueves,10,Normal,Seca y limpia,Montañoso,Terraplen,Curva Derecha,Transito normal con precaución,0,0,0,0,1.0,Choque,no mantener distancia de seguridad,4003_1_15,20.0,4.0
Quindío,2017-06-28 20:50:00,26,500.0,2017-03-24 05:00:00,viernes,10,Lluvia,Humeda,Montañoso,Media Ladera Derecha,Curva Derecha,Parcial con reducción de carriles,0,40,0,0,1.0,Choque,no mantener distancia de seguridad,4003_1_26,20.0,4.0
Quindío,2017-06-28 20:53:00,23,300.0,2017-03-24 05:00:00,viernes,0,Lluvia,Humeda,Montañoso,Media Ladera Derecha,Curva Izquierda,Transito normal con precaución,0,0,0,0,1.0,Choque,no determinada,4003_1_23,16.0,8.0
Quindío,2017-06-28 20:59:00,24,300.0,2017-03-24 05:00:00,viernes,45,Normal,Seca y limpia,Montañoso,Media Ladera Derecha,Curva Izquierda,Transito normal con precaución,0,0,0,0,1.0,Choque,no determinada,4003_1_24,18.0,6.0
Quindío,2017-06-28 21:09:00,10,500.0,2017-03-25 05:00:00,sabado,30,Normal,Humeda,Montañoso,Media ladera Izquierda,Curva Derecha,Transito normal con precaución,0,0,0,0,1.0,Caída de carga,no determinada,4003_1_10,3.0,21.0
Quindío,2017-06-28 21:14:00,19,500.0,2017-03-25 05:00:00,sabado,20,Lluvia,Humeda,Montañoso,Media Ladera Derecha,Curva Derecha,Transito normal con precaución,0,0,0,0,1.0,Choque,no determinada,4003_1_19,18.0,6.0
Quindío,2017-06-28 21:22:00,23,950.0,2017-03-28 05:00:00,martes,10,Normal,Seca y limpia,Montañoso,Media Ladera Derecha,Curva Izquierda,Transito normal con precaución,0,0,0,1,1.0,Atropello,no determinada,4003_1_23,17.0,7.0
Tolima,2017-07-10 21:33:00,35,250.0,2017-06-07 05:00:00,miercoles,50,Lluvia,Humeda,Escarpado,Media Ladera Derecha,Recta,Transito normal con precaución,0,0,0,1,1.0,Atropello,conducta de peatones,4003_1_35,9.0,15.0
Tolima,2017-07-10 21:35:00,29,500.0,2017-06-08 05:00:00,jueves,34,Lluvia,Humeda,Escarpado,Media ladera Izquierda,Curva Izquierda,Transito normal con precaución,0,0,0,0,1.0,Choque,condiciones de la via y factores ambientales,4003_1_29,13.0,11.0
Tolima,2017-07-10 21:42:00,45,700.0,2017-06-12 05:00:00,lunes,15,Normal,Seca y limpia,Escarpado,Media Ladera Derecha,Curva Derecha,Transito normal con precaución,0,0,0,0,1.0,Choque,imprudencia del conductor,4003_1_45,16.0,8.0
Tolima,2017-07-10 21:45:00,33,600.0,2017-06-13 05:00:00,martes,15,Normal,Seca y limpia,Escarpado,Media ladera Izquierda,Recta,Transito normal con precaución,0,0,0,0,1.0,Choque,no mantener distancia de seguridad,4003_1_33,4.0,20.0
Tolima,2017-07-10 21:46:00,45,0.0,2017-06-15 05:00:00,jueves,30,Lluvia,Humeda,Escarpado,Media ladera Izquierda,Curva Derecha,Transito normal con precaución,0,0,0,0,1.0,Choque,adelantamientos indebidos,4003_1_45,19.0,5.0
Tolima,2017-07-10 22:02:00,41,100.0,2017-06-16 05:00:00,viernes,40,Normal,Seca y limpia,Escarpado,Media Ladera Derecha,Recta,Transito normal con precaución,0,0,0,0,1.0,Choque,no mantener distancia de seguridad,4003_1_41,12.0,12.0
Quindío,2017-09-07 16:08:00,24,360.0,2017-08-12 05:00:00,sabado,0,Lluvia,Humeda,Montañoso,Media ladera Izquierda,Curva Derecha,Transito normal con precaución,0,0,0,0,1.0,Choque,no determinada,4003_1_24,13.0,11.0
Quindío,2017-09-07 16:42:00,8,400.0,2017-08-16 05:00:00,miercoles,0,Normal,Seca y limpia,Montañoso,Media ladera Izquierda,Curva Derecha,Transito normal con precaución,0,0,0,0,1.0,Choque,no determinada,4003_1_8,4.0,20.0
Quindío,2017-09-07 16:45:00,19,500.0,2017-08-17 05:00:00,jueves,0,Normal,Humeda,Montañoso,Media Ladera Derecha,Curva Derecha,Transito normal con precaución,0,0,0,0,1.0,Choque,condiciones de la via y factores ambientales,4003_1_19,7.0,17.0
Quindío,2017-09-07 16:47:00,17,0.0,2017-08-18 05:00:00,viernes,0,Normal,Seca y limpia,Montañoso,Media Ladera Derecha,Recta,Transito normal con precaución,0,0,0,0,1.0,Choque,no determinada,4003_1_17,3.0,21.0
Quindío,2017-09-07 16:57:00,12,570.0,2017-08-18 05:00:00,viernes,0,Lluvia,Humeda,Montañoso,Media ladera Izquierda,Curva Izquierda,Cierre total,1,30,1,0,1.0,Choque,condiciones de la via y factores ambientales,4003_1_12,8.0,17.0
Quindío,2017-09-07 23:49:00,19,500.0,2017-08-19 05:00:00,sabado,0,Lluvia,Humeda,Montañoso,Media Ladera Derecha,Curva Izquierda,Parcial con reducción de carriles,1,0,0,0,1.0,Volcamiento,no determinada,4003_1_19,13.0,12.0
Quindío,2017-09-07 23:56:00,7,50.0,2017-08-20 05:00:00,domingo,0,Lluvia,Humeda,Montañoso,Media ladera Izquierda,Curva Derecha,Cierre total,2,0,0,0,1.0,Volcamiento,no determinada,4003_1_7,5.0,21.0
Quindío,2017-09-08 00:01:00,25,150.0,2017-08-24 05:00:00,jueves,40,Normal,Seca y limpia,Montañoso,Media Ladera Derecha,Curva Derecha,Parcial con reducción de carriles,1,30,1,0,1.0,Choque,adelantamientos indebidos,4003_1_25,17.0,8.0
Quindío,2017-09-08 13:52:00,23,700.0,2017-08-25 05:00:00,viernes,40,Normal,Seca y limpia,Montañoso,Media Ladera Derecha,Recta,Transito normal con precaución,0,0,0,0,1.0,Choque,no determinada,4003_1_23,12.0,12.0
Quindío,2017-09-08 14:05:00,22,80.0,2017-08-26 05:00:00,sabado,45,Normal,Seca y limpia,Montañoso,Media Ladera Derecha,Curva Derecha,Cierre total,1,0,0,0,1.0,Choque,adelantamientos indebidos,4003_1_22,17.0,8.0
Quindío,2017-09-08 14:17:00,6,430.0,2017-08-27 05:00:00,domingo,15,Normal,Seca y limpia,Montañoso,Media ladera Izquierda,Curva Derecha,Cierre total,2,0,0,1,1.0,Volcamiento,fallas mecanicas y del sistema electrico,4003_1_6,11.0,15.0
Quindío,2017-09-08 15:38:00,14,430.0,2017-08-08 05:00:00,martes,5,Lluvia,Humeda,Montañoso,Media ladera Izquierda,Curva Izquierda,Cierre total,1,0,0,0,1.0,Choque,no determinada,4003_1_14,14.0,11.0
Quindío,2017-10-03 15:20:00,25,900.0,2017-09-08 05:00:00,viernes,0,Lluvia,Humeda,Montañoso,Media Ladera Derecha,Curva Derecha,Transito normal con precaución,0,0,0,0,1.0,Choque,no determinada,4003_1_25,7.0,17.0
Quindío,2017-10-03 15:52:00,15,800.0,2017-09-13 05:00:00,miercoles,40,Normal,Seca y limpia,Montañoso,Media ladera Izquierda,Curva Izquierda,Transito normal con precaución,0,0,0,0,1.0,Choque,adelantamientos indebidos,4003_1_15,4.0,20.0
Quindío,2017-10-03 15:59:00,7,500.0,2017-09-18 05:00:00,lunes,40,Normal,Seca y limpia,Montañoso,Media ladera Izquierda,Curva Izquierda,Transito normal con precaución,0,0,0,0,1.0,Choque,no determinada,4003_1_7,16.0,8.0
Quindío,2017-10-03 16:07:00,16,300.0,2017-09-19 05:00:00,martes,20,Normal,Seca y limpia,Montañoso,Media Ladera Derecha,Recta,Transito normal con precaución,0,0,0,0,1.0,Choque,no determinada,4003_1_16,14.0,10.0
Quindío,2017-10-03 16:27:00,8,450.0,2017-09-19 05:00:00,martes,50,Normal,Seca y limpia,Montañoso,Media ladera Izquierda,Curva Derecha,Cierre total,1,30,0,0,1.0,Choque,no determinada,4003_1_8,12.0,13.0
Quindío,2017-10-03 17:13:00,15,200.0,2017-09-21 05:00:00,jueves,10,Normal,Seca y limpia,Montañoso,Media ladera Izquierda,Curva Izquierda,Transito normal con precaución,0,0,0,0,1.0,Choque,adelantamientos indebidos,4003_1_15,21.0,3.0
Quindío,2017-10-03 17:17:00,17,900.0,2017-09-22 05:00:00,viernes,20,Normal,Seca y limpia,Montañoso,Media ladera Izquierda,Curva Izquierda,Transito normal con precaución,0,0,0,0,1.0,Choque,no determinada,4003_1_17,17.0,7.0
Quindío,2017-10-03 17:20:00,26,0.0,2017-09-23 05:00:00,sabado,30,Normal,Seca y limpia,Montañoso,Media Ladera Derecha,Curva Izquierda,Transito normal con precaución,0,0,0,0,1.0,Choque,no mantener distancia de seguridad,4003_1_26,9.0,15.0
Quindío,2017-10-03 17:23:00,17,600.0,2017-09-24 05:00:00,domingo,40,Normal,Seca y limpia,Montañoso,Media Ladera Derecha,Recta,Transito normal con precaución,0,0,0,0,1.0,Choque,no determinada,4003_1_17,8.0,16.0
Quindío,2017-10-03 17:25:00,17,900.0,2017-09-27 05:00:00,miercoles,45,Normal,Seca y limpia,Montañoso,Media ladera Izquierda,Curva Derecha,Transito normal con precaución,0,0,0,0,1.0,Choque,no mantener distancia de seguridad,4003_1_17,21.0,3.0
Quindío,2017-10-03 15:25:00,18,500.0,2017-09-10 05:00:00,domingo,28,Normal,Seca y limpia,Montañoso,Media Ladera Derecha,Curva Derecha,Transito normal con precaución,0,0,0,0,1.0,Choque,no determinada,4003_1_18,18.0,6.0
Tolima,2017-10-05 20:19:00,27,840.0,2017-08-04 05:00:00,viernes,0,Normal,Seca y limpia,Montañoso,Media ladera Izquierda,Recta,Parcial con paso alternado,0,0,0,0,1.0,Choque,no mantener distancia de seguridad,4003_1_27,6.0,18.0
Tolima,2017-10-05 20:23:00,27,100.0,2017-08-05 05:00:00,sabado,0,Lluvia,Humeda,Montañoso,Media ladera Izquierda,Recta,Parcial con paso alternado,0,0,0,0,1.0,Choque,condiciones de la via y factores ambientales,4003_1_27,19.0,5.0
Tolima,2017-10-05 20:27:00,46,100.0,2017-08-06 05:00:00,domingo,50,Normal,Seca y limpia,Montañoso,Media Ladera Derecha,Recta,Parcial con paso alternado,0,0,0,0,1.0,Choque,fallas mecanicas y del sistema electrico,4003_1_46,10.0,14.0
Tolima,2017-10-05 20:32:00,30,500.0,2017-08-08 05:00:00,martes,30,Normal,Seca y limpia,Montañoso,Media ladera Izquierda,Curva Izquierda,Parcial con paso alternado,0,0,0,0,1.0,Volcamiento,fallas mecanicas y del sistema electrico,4003_1_30,16.0,8.0
Tolima,2017-10-05 21:32:00,31,860.0,2017-08-19 05:00:00,sabado,20,Normal,Seca y limpia,Montañoso,Media ladera Izquierda,Curva Derecha,Parcial con paso alternado,0,0,0,0,1.0,Choque,desobediencia a normas y senales,4003_1_31,19.0,5.0
Tolima,2017-10-05 21:39:00,34,0.0,2017-08-11 05:00:00,viernes,40,Normal,Seca y limpia,Montañoso,Media ladera Izquierda,Curva Izquierda,Parcial con paso alternado,0,0,0,0,1.0,Choque,no determinada,4003_1_34,6.0,18.0
Tolima,2017-10-05 21:42:00,36,35.0,2017-08-11 05:00:00,viernes,25,Normal,Seca y limpia,Montañoso,Media Ladera Derecha,Curva Izquierda,Parcial con paso alternado,0,0,1,0,1.0,Choque,adelantamientos indebidos,4003_1_36,7.0,17.0
Tolima,2017-10-05 21:45:00,46,100.0,2017-08-28 05:00:00,lunes,10,Normal,Seca y limpia,Montañoso,Media Ladera Derecha,Recta,Parcial con paso alternado,0,0,0,0,1.0,Choque,no mantener distancia de seguridad,4003_1_46,12.0,12.0
Tolima,2017-10-18 21:30:00,41,900.0,2017-09-19 05:00:00,martes,45,Normal,Seca y limpia,Montañoso,Media Ladera Derecha,Curva Derecha,Parcial con paso alternado,0,0,1,0,1.0,Choque,impericia en el manejo,4003_1_41,0.0,0.0
Tolima,2017-10-18 21:32:00,41,640.0,2017-09-23 05:00:00,sabado,25,Normal,Seca y limpia,Montañoso,Media ladera Izquierda,Curva Izquierda,Parcial con paso alternado,0,0,0,0,1.0,Choque,no determinada,4003_1_41,0.0,0.0
Tolima,2017-10-18 21:34:00,44,750.0,2017-09-23 05:00:00,sabado,35,Normal,Seca y limpia,Montañoso,Media ladera Izquierda,Curva Izquierda,Parcial con paso alternado,0,0,0,0,1.0,Choque,no determinada,4003_1_44,19.0,5.0
Tolima,2017-10-18 21:36:00,43,260.0,2017-09-30 05:00:00,sabado,20,Normal,Seca y limpia,Montañoso,Media Ladera Derecha,Recta,Parcial con paso alternado,0,0,0,0,1.0,Choque,fallas mecanicas y del sistema electrico,4003_1_43,6.0,18.0
Tolima,2017-10-18 21:37:00,43,110.0,2017-09-28 05:00:00,jueves,15,Normal,Seca y limpia,Montañoso,Media ladera Izquierda,Recta,Parcial con paso alternado,0,0,0,0,1.0,Choque,no determinada,4003_1_43,1.0,23.0