territorial,fecha_registro,pr,distancia_pr,fecha_acc,dia_semana_acc,min_acc,condic_meteor,estado_super,terreno,secc_tip,geometria_acc,tipo_cierre,horas_cierre,min_cierre,n_heridos,n_muertos,n_victimas,clase_accidente,causa_posible,ref_loc,hora_acc,duracion_cierre_horas
Quindío,2017-11-08 21:18:00,6,800.0,2017-10-01 05:00:00,domingo,0,Normal,Seca y limpia,Montañoso,Media ladera Izquierda,Curva Izquierda,Transito normal con precaución,0,0,0,0,1.0,Volcamiento,fallas mecanicas y del sistema electrico,4003_1_6,17.0,7.0
Quindío,2017-11-08 21:21:00,24,600.0,2017-10-02 05:00:00,lunes,0,Lluvia,Humeda,Montañoso,Media Ladera Derecha,Curva Izquierda,Transito normal con precaución,0,0,0,0,1.0,Choque,condiciones de la via y factores ambientales,4003_1_24,16.0,8.0
Quindío,2017-11-08 21:26:00,24,0.0,2017-10-02 05:00:00,lunes,0,Normal,Aceite,Montañoso,Media Ladera Derecha,Curva Derecha,Parcial con reducción de carriles,1,0,0,0,1.0,Choque,no determinada,4003_1_24,19.0,6.0
Quindío,2017-11-08 21:30:00,17,100.0,2017-10-02 05:00:00,lunes,30,Lluvia,Humeda,Montañoso,Media Ladera Derecha,Curva Derecha,Transito normal con precaución,0,0,0,0,1.0,Choque,no determinada,4003_1_17,15.0,9.0
Quindío,2017-11-08 21:48:00,8,600.0,2017-10-10 05:00:00,martes,35,Normal,Seca y limpia,Montañoso,Media ladera Izquierda,Curva Izquierda,Transito normal con precaución,0,0,0,0,1.0,Volcamiento,no determinada,4003_1_8,15.0,9.0
Quindío,2017-11-08 21:51:00,13,700.0,2017-10-12 05:00:00,jueves,30,Normal,Seca y limpia,Montañoso,Media ladera Izquierda,Recta,Parcial con reducción de carriles,1,0,0,0,1.0,Choque,no mantener distancia de seguridad,4003_1_13,6.0,19.0
Quindío,2017-11-08 21:53:00,24,800.0,2017-10-14 05:00:00,sabado,7,Normal,Seca y limpia,Montañoso,Media Ladera Derecha,Curva Izquierda,Transito normal con precaución,0,0,0,0,1.0,Choque,no mantener distancia de seguridad,4003_1_24,20.0,4.0
Quindío,2017-11-08 22:10:00,24,950.0,2017-10-17 05:00:00,martes,0,Normal,Seca y limpia,Montañoso,Media Ladera Derecha,Curva Derecha,Cierre total,1,0,21,0,1.0,Choque,no determinada,4003_1_24,13.0,12.0
Quindío,2017-11-09 13:49:00,11,150.0,2017-10-20 05:00:00,viernes,25,Normal,Seca y limpia,Montañoso,Media ladera Izquierda,Recta,Transito normal con precaución,0,0,0,0,1.0,Choque,no determinada,4003_1_11,18.0,6.0
Quindío,2017-11-09 13:51:00,25,550.0,2017-10-21 05:00:00,sabado,10,Lluvia,Humeda,Montañoso,Media Ladera Derecha,Curva Derecha,Parcial con reducción de carriles,1,0,0,0,1.0,Choque,adelantamientos indebidos,4003_1_25,17.0,8.0
Quindío,2017-11-09 13:54:00,19,300.0,2017-10-22 05:00:00,domingo,15,Lluvia,Humeda,Montañoso,Media Ladera Derecha,Curva Derecha,Transito normal con precaución,0,0,0,0,1.0,Choque,condiciones de la via y factores ambientales,4003_1_19,1.0,23.0
Quindío,2017-11-09 14:02:00,7,800.0,2017-10-24 05:00:00,martes,30,Lluvia,Humeda,Montañoso,Media ladera Izquierda,Curva Izquierda,Parcial restringido a vehiculos pesados,1,0,0,0,1.0,Choque,condiciones de la via y factores ambientales,4003_1_7,13.0,12.0
Quindío,2017-11-09 14:08:00,17,940.0,2017-10-27 05:00:00,viernes,30,Normal,Humeda,Escarpado,Media ladera Izquierda,Curva Derecha,Cierre total,1,0,0,0,1.0,Choque,desobediencia a normas y senales,4003_1_17,9.0,16.0
Tolima,2017-11-22 14:53:00,35,500.0,2017-10-18 05:00:00,miercoles,25,Normal,Seca y limpia,Montañoso,Media Ladera Derecha,Recta,Parcial con paso alternado,0,0,0,0,1.0,Choque,fallas mecanicas y del sistema electrico,4003_1_35,16.0,8.0
Tolima,2017-11-22 14:55:00,46,390.0,2017-10-19 05:00:00,jueves,0,Normal,Seca y limpia,Montañoso,Media Ladera Derecha,Curva Derecha,Parcial con paso alternado,0,0,0,0,1.0,Choque,desobediencia a normas y senales,4003_1_46,17.0,7.0
Tolima,2017-11-22 14:58:00,41,280.0,2017-10-21 05:00:00,sabado,30,Normal,Humeda,Montañoso,Media Ladera Derecha,Curva Izquierda,Parcial con paso alternado,0,0,0,0,1.0,Choque,no mantener distancia de seguridad,4003_1_41,15.0,9.0
Tolima,2017-11-22 15:01:00,27,550.0,2017-10-27 05:00:00,viernes,30,Normal,Humeda,Montañoso,Media ladera Izquierda,Curva Izquierda,Parcial con paso alternado,0,0,0,0,1.0,Choque,no determinada,4003_1_27,4.0,20.0
Tolima,2017-11-22 15:03:00,34,80.0,2017-10-30 05:00:00,lunes,0,Normal,Seca y limpia,Montañoso,Media ladera Izquierda,Curva Izquierda,Parcial con paso alternado,0,0,0,0,1.0,Choque,desobediencia a normas y senales,4003_1_34,19.0,5.0
Quindío,2017-12-07 17:35:00,16,600.0,2017-11-01 05:00:00,miercoles,30,Normal,Seca y limpia,Montañoso,Media Ladera Derecha,Curva Izquierda,Parcial con reducción de carriles,0,30,0,0,1.0,Choque,no determinada,4003_1_16,13.0,11.0
Quindío,2017-12-07 19:37:00,20,0.0,2017-11-03 05:00:00,viernes,0,Lluvia,Humeda,Montañoso,Media Ladera Derecha,Curva Derecha,Transito normal con precaución,0,0,0,0,1.0,Choque,no determinada,4003_1_20,15.0,9.0
Quindío,2017-12-07 20:14:00,21,500.0,2017-11-07 05:00:00,martes,30,Lluvia,Humeda,Montañoso,Media Ladera Derecha,Curva Derecha,Parcial con reducción de carriles,1,0,0,0,1.0,Choque,no determinada,4003_1_21,10.0,15.0
Quindío,2017-12-07 20:18:00,23,800.0,2017-11-09 05:00:00,jueves,10,Lluvia,Humeda,Montañoso,Media Ladera Derecha,Recta,Cierre total,1,0,0,0,1.0,Choque,adelantamientos indebidos,4003_1_23,6.0,19.0
Quindío,2017-12-07 20:29:00,13,0.0,2017-11-09 05:00:00,jueves,10,Normal,Seca y limpia,Montañoso,Media ladera Izquierda,Recta,Transito normal con precaución,0,0,0,0,1.0,Choque,maniobras imprudentes,4003_1_13,6.0,18.0
Quindío,2017-12-07 20:34:00,6,500.0,2017-11-11 05:00:00,sabado,0,Normal,Seca y limpia,Ondulado,Media ladera Izquierda,Curva Derecha,Transito normal con precaución,0,0,0,0,1.0,Choque,no mantener distancia de seguridad,4003_1_6,11.0,13.0
Quindío,2017-12-07 20:36:00,7,100.0,2017-11-11 05:00:00,sabado,10,Normal,Seca y limpia,Montañoso,Media ladera Izquierda,Recta,Parcial con reducción de carriles,0,20,0,0,1.0,Choque,no mantener distancia de seguridad,4003_1_7,0.0,0.0
Quindío,2017-12-07 20:45:00,6,500.0,2017-11-15 05:00:00,miercoles,15,Lluvia,Humeda,Ondulado,Media ladera Izquierda,Recta,Transito normal con precaución,0,0,0,0,1.0,Choque,no mantener distancia de seguridad,4003_1_6,11.0,13.0
Quindío,2017-12-07 20:48:00,16,0.0,2017-11-15 05:00:00,miercoles,16,Lluvia,Humeda,Montañoso,Terraplen,Curva Izquierda,Parcial con reducción de carriles,1,0,0,0,1.0,Choque,adelantamientos indebidos,4003_1_16,10.0,15.0
Quindío,2017-12-07 20:51:00,7,300.0,2017-11-15 05:00:00,miercoles,20,Lluvia,Humeda,Montañoso,Media ladera Izquierda,Curva Derecha,Parcial con reducción de carriles,1,0,0,0,1.0,Choque,no mantener distancia de seguridad,4003_1_7,7.0,18.0
Quindío,2017-12-07 20:54:00,10,0.0,2017-11-15 05:00:00,miercoles,0,Lluvia,Humeda,Montañoso,Media ladera Izquierda,Recta,Transito normal con precaución,0,0,0,0,1.0,Choque,no mantener distancia de seguridad,4003_1_10,5.0,19.0
Quindío,2017-12-07 21:02:00,11,500.0,2017-11-16 05:00:00,jueves,30,Lluvia,Humeda,Montañoso,Media ladera Izquierda,Curva Derecha,Transito normal con precaución,0,0,0,0,1.0,Choque,no mantener distancia de seguridad,4003_1_11,0.0,0.0
Quindío,2017-12-07 21:16:00,25,500.0,2017-11-18 05:00:00,sabado,30,Lluvia,Humeda,Montañoso,Media Ladera Derecha,Curva Derecha,Cierre total,3,30,0,0,1.0,Caída de piedra,condiciones de la via y factores ambientales,4003_1_25,15.0,12.0
Quindío,2017-12-07 21:19:00,15,800.0,2017-11-19 05:00:00,domingo,30,Lluvia,Humeda,Montañoso,Terraplen,Recta,Parcial con reducción de carriles,1,0,0,0,1.0,Choque,no determinada,4003_1_15,11.0,14.0
Quindío,2017-12-07 21:21:00,19,900.0,2017-11-19 05:00:00,domingo,20,Lluvia,Humeda,Montañoso,Media Ladera Derecha,Curva Derecha,Parcial con reducción de carriles,1,20,0,0,1.0,Choque,no mantener distancia de seguridad,4003_1_19,11.0,14.0
Quindío,2017-12-07 21:24:00,19,900.0,2017-11-22 05:00:00,miercoles,30,Normal,Seca y limpia,Montañoso,Media Ladera Derecha,Curva Derecha,Transito normal con precaución,0,0,0,0,1.0,Choque,no mantener distancia de seguridad,4003_1_19,0.0,0.0
Quindío,2017-12-07 21:31:00,21,500.0,2017-11-24 05:00:00,viernes,40,Lluvia,Humeda,Montañoso,Media Ladera Derecha,Curva Derecha,Transito normal con precaución,0,0,0,0,1.0,Choque,condiciones de la via y factores ambientales,4003_1_21,7.0,17.0
Quindío,2017-12-07 21:38:00,5,100.0,2017-11-24 05:00:00,viernes,30,Lluvia,Humeda,Ondulado,Cajón,Curva Izquierda,Parcial con reducción de carriles,3,30,0,1,1.0,Choque,condiciones de la via y factores ambientales,4003_1_5,18.0,9.0
Quindío,2017-12-07 21:42:00,6,800.0,2017-11-26 05:00:00,domingo,30,Normal,Seca y limpia,Ondulado,Media ladera Izquierda,Curva Izquierda,Transito normal con precaución,0,0,1,0,1.0,Choque,no determinada,4003_1_6,2.0,22.0
Quindío,2017-12-11 14:49:00,8,500.0,2017-11-28 05:00:00,martes,40,Normal,Otra,Montañoso,Media ladera Izquierda,Curva Izquierda,Cierre total,1,0,0,0,1.0,Choque,adelantamientos indebidos,4003_1_8,19.0,6.0
Quindío,2017-12-11 14:56:00,24,800.0,2017-11-29 05:00:00,miercoles,30,Normal,Humeda,Montañoso,Media Ladera Derecha,Curva Izquierda,Cierre total,0,30,0,0,1.0,Choque,no determinada,4003_1_24,6.0,18.0
Valle del Cauca,2018-04-25 14:52:00,62,50.0,2018-02-01 05:00:00,jueves,20,Normal,Seca y limpia,Montañoso,Media ladera Izquierda,Curva Derecha,Transito normal con precaución,23,30,0,0,1.0,Volcamiento,no determinada,4001_2_62,14.0,9.0
Valle del Cauca,2018-04-25 15:13:00,30,0.0,2018-02-18 05:00:00,domingo,30,Lluvia,Humeda,Montañoso,Media ladera Izquierda,Recta,Transito normal con precaución,21,10,0,1,1.0,Atropello,no determinada,4001_2_30,6.0,15.0
Valle del Cauca,2018-04-25 15:23:00,37,500.0,2018-02-21 05:00:00,miercoles,30,Lluvia,Humeda,Montañoso,Media ladera Izquierda,Curva Derecha,Transito normal con precaución,14,50,0,0,1.0,Volcamiento,no determinada,4001_2_37,15.0,23.0
Valle del Cauca,2018-04-25 15:46:00,37,350.0,2018-02-27 05:00:00,martes,0,Lluvia,Humeda,Montañoso,Media ladera Izquierda,Curva Derecha,Transito normal con precaución,15,30,0,0,1.0,Choque,no determinada,4001_2_37,9.0,6.0
Valle del Cauca,2018-04-25 15:18:00,54,93.0,2018-03-20 05:00:00,martes,10,Normal,Seca y limpia,Montañoso,Media ladera Izquierda,Recta,Transito normal con precaución,13,30,3,0,1.0,Choque,no determinada,4001_1_54,13.0,0.0
Valle del Cauca,2018-04-25 15:51:00,36,870.0,2018-02-28 05:00:00,miercoles,50,Normal,Seca y limpia,Montañoso,Media ladera Izquierda,Recta,Transito normal con precaución,21,20,0,0,1.0,Choque,no determinada,4001_1_36,22.0,23.0
Valle del Cauca,2018-04-25 16:13:00,24,340.0,2018-03-07 05:00:00,miercoles,5,Lluvia,Humeda,Montañoso,Media Ladera Derecha,Curva Derecha,Transito normal con precaución,8,25,3,0,1.0,Choque,no determinada,4001_1_24,19.0,13.0
Valle del Cauca,2018-04-25 15:01:00,49,850.0,2018-02-13 05:00:00,martes,30,Normal,Seca y limpia,Montañoso,Media ladera Izquierda,Recta,Transito normal con precaución,13,33,2,0,1.0,Atropello,no determinada,4001_1_49,7.0,6.0
Valle del Cauca,2018-04-25 15:31:00,49,350.0,2018-04-24 05:00:00,martes,50,Normal,Seca y limpia,Montañoso,Media ladera Izquierda,Recta,Transito normal con precaución,8,5,1,0,1.0,Atropello,no determinada,4001_1_49,3.0,5.0
Valle del Cauca,2017-05-08 21:28:00,52,0.0,2017-04-10 05:00:00,lunes,35,Normal,Seca y limpia,Montañoso,Media Ladera Derecha,Recta,Transito normal con precaución,7,50,0,0,1.0,Choque,no determinada,4001_1_52,23.0,8.0
Valle del Cauca,2017-07-12 13:19:00,51,700.0,2017-06-03 05:00:00,sabado,0,Normal,Seca y limpia,Montañoso,Media Ladera Derecha,Recta,Transito normal con precaución,16,20,0,0,1.0,Incendio,no determinada,4001_1_51,9.0,7.0
Valle del Cauca,2017-10-05 21:19:00,52,276.0,2017-08-22 05:00:00,martes,40,Normal,Seca y limpia,Montañoso,Media ladera Izquierda,Recta,Transito normal con precaución,13,10,0,0,1.0,Incendio,no determinada,4001_1_52,14.0,23.0
Valle del Cauca,2017-10-30 20:23:00,51,500.0,2017-09-08 05:00:00,viernes,50,Lluvia,Humeda,Montañoso,Media ladera Izquierda,Recta,Transito normal con precaución,0,0,0,0,1.0,Choque,no determinada,4001_1_51,6.0,18.0
Valle del Cauca,2018-01-09 16:34:00,52,50.0,2017-11-04 05:00:00,sabado,10,Normal,Seca y limpia,Montañoso,Media ladera Izquierda,Recta,Transito normal con precaución,10,20,0,1,1.0,Choque,no determinada,4001_1_52,17.0,17.0
Valle del Cauca,2018-01-09 19:26:00,52,300.0,2017-11-21 05:00:00,martes,30,Normal,Seca y limpia,Montañoso,Media ladera Izquierda,Recta,Transito normal con precaución,3,45,2,0,1.0,Choque,no determinada,4001_1_52,21.0,6.0
Valle del Cauca,2018-04-25 14:55:00,36,950.0,2018-02-12 05:00:00,lunes,10,Normal,Seca y limpia,Montañoso,Media ladera Izquierda,Recta,Transito normal con precaución,13,14,0,0,1.0,Choque,no determinada,4001_1_36,5.0,8.0
Valle del Cauca,2018-04-25 14:58:00,52,100.0,2018-02-12 05:00:00,lunes,10,Normal,Seca y limpia,Montañoso,Media ladera Izquierda,Curva Izquierda,Transito normal con precaución,9,25,0,0,1.0,Choque,no determinada,4001_1_52,18.0,15.0
Valle del Cauca,2018-04-25 15:04:00,34,800.0,2018-02-14 05:00:00,miercoles,0,Normal,Seca y limpia,Montañoso,Media ladera Izquierda,Recta,Transito normal con precaución,7,40,0,0,1.0,Choque,no determinada,4001_1_34,2.0,5.0
Cauca,2017-07-17 16:37:00,135,30.0,2017-03-26 05:00:00,domingo,50,Normal,Seca y limpia,Montañoso,Media Ladera Derecha,Recta,Parcial con reducción de carriles,0,0,2,1,1.0,Choque,no determinada,3702_0_135,16.0,8.0
Cauca,2017-08-08 16:47:00,114,300.0,2017-06-15 05:00:00,jueves,40,Normal,Humeda,Montañoso,Media ladera Izquierda,Curva Derecha,Parcial con reducción de carriles,2,0,1,1,1.0,Choque,imprudencia del conductor,3702_0_114,5.0,21.0
Cauca,2017-09-26 14:28:00,115,50.0,2017-08-10 05:00:00,jueves,0,Seca,Seca y limpia,Montañoso,Media ladera Izquierda,Curva Izquierda,Transito normal con precaución,17,30,0,0,1.0,Choque,imprudencia del conductor,3702_0_115,10.0,7.0
Cauca,2017-09-26 14:48:00,127,550.0,2017-08-11 05:00:00,viernes,30,Sol,Seca y limpia,Plano,Media Ladera Derecha,Curva Derecha,Transito normal con precaución,13,0,1,1,1.0,Volcamiento,fallas mecanicas y del sistema electrico,3702_0_127,14.0,23.0
Cauca,2017-10-19 15:57:00,127,550.0,2017-08-11 05:00:00,viernes,30,Seca,Seca y limpia,Montañoso,Media Ladera Derecha,Curva Derecha,Transito normal con precaución,0,0,1,1,1.0,Volcamiento,fallas mecanicas y del sistema electrico,3702_0_127,16.0,8.0
Cauca,2017-10-19 16:25:00,137,800.0,2017-08-21 05:00:00,lunes,30,Seca,Seca y limpia,Ondulado,Terraplen,Recta,Transito normal con precaución,0,0,2,1,1.0,Choque,no determinada,3702_0_137,19.0,5.0
Cauca,2017-12-01 16:49:00,136,800.0,2017-10-17 05:00:00,martes,0,Seca,Seca y limpia,Montañoso,Media Ladera Derecha,Recta,Parcial con reducción de carriles,0,0,2,0,1.0,Choque,adelantamientos indebidos,3702_0_136,6.0,18.0
Cauca,2018-01-02 16:00:00,137,200.0,2017-11-04 05:00:00,sabado,0,Normal,Seca y limpia,Montañoso,Media Ladera Derecha,Curva Derecha,Cierre total,1,0,0,0,1.0,Choque,adelantamientos indebidos,3702_0_137,15.0,10.0
Cauca,2018-01-12 22:56:00,137,200.0,2017-11-04 05:00:00,sabado,0,Normal,Seca y limpia,Montañoso,Media Ladera Derecha,Curva Derecha,Cierre total,2,0,0,0,1.0,Choque,imprudencia del conductor,3702_0_137,19.0,7.0
Cauca,2018-01-23 15:28:00,105,980.0,2017-12-21 05:00:00,jueves,20,Seca,Seca y limpia,Montañoso,Media ladera Izquierda,Curva Izquierda,Transito normal con precaución,0,0,0,0,1.0,Volcamiento,fallas mecanicas y del sistema electrico,3702_0_105,13.0,11.0
Huila,2017-05-10 20:11:00,57,600.0,2017-04-28 05:00:00,viernes,20,Sol,Seca y limpia,Ondulado,Terraplen,Recta,Transito normal con precaución,0,0,0,1,1.0,Choque,exceso de velocidad,3701_2_57,0.0,0.0
Huila,2017-07-13 14:08:00,58,950.0,2017-06-07 05:00:00,miercoles,20,Sol,Seca y limpia,Ondulado,Media ladera Izquierda,Curva Izquierda,Transito normal con precaución,0,0,0,0,1.0,Choque,no determinada,3701_2_58,0.0,0.0
Huila,2017-07-13 14:18:00,57,400.0,2017-06-09 05:00:00,viernes,0,Sol,Seca y limpia,Ondulado,Terraplen,Recta,Cierre total,0,0,0,1,1.0,Atropello,imprudencia del conductor,3701_2_57,7.0,17.0
Huila,2017-11-08 16:29:00,65,180.0,2017-10-16 05:00:00,lunes,30,Sol,Seca y limpia,Plano,Media Ladera Derecha,Recta,Transito normal con precaución,0,0,0,0,1.0,Choque,no mantener distancia de seguridad,3701_2_65,20.0,4.0
Huila,2017-12-11 20:30:00,76,320.0,2017-11-04 05:00:00,sabado,30,Sol,Seca y limpia,Plano,Terraplen,Recta,Transito normal con precaución,0,0,0,0,1.0,Choque,exceso de velocidad,3701_2_76,22.0,2.0
Huila,2017-12-11 20:35:00,59,950.0,2017-11-11 05:00:00,sabado,20,Lluvia,Humeda,Montañoso,Media ladera Izquierda,Curva Izquierda,Transito normal con precaución,0,0,0,0,1.0,Choque,no determinada,3701_2_59,19.0,5.0
Cauca,2018-02-16 21:46:00,77,722.0,2018-01-28 05:00:00,domingo,30,Normal,Material suelto,Ondulado,Media Ladera Derecha,Curva Izquierda,Transito normal con precaución,0,0,1,1,1.0,Choque,maniobras imprudentes,3701_2_77,12.0,12.0
Tolima,2017-10-08 23:10:00,13,800.0,2017-09-16 05:00:00,sabado,30,Sol,Seca y limpia,Plano,Media Ladera Derecha,Curva Derecha,Cierre total,2,0,0,1,1.0,Atropello,no determinada,3603_0_13,18.0,8.0
Tolima,2017-11-14 21:58:00,23,160.0,2017-10-24 05:00:00,martes,0,Seca,Seca y limpia,Plano,Cajón,Recta,Parcial con reducción de carriles,2,0,0,1,1.0,Atropello,conducta de peatones,3603_0_23,5.0,21.0
Tolima,2018-02-16 20:39:00,27,913.0,2018-01-06 05:00:00,sabado,30,Sol,Seca y limpia,Plano,Terraplen,Recta,Transito normal con precaución,0,0,6,0,1.0,Salida de la vía sin volcarse,exceso de velocidad,3603_0_27,14.0,10.0
Tolima,2018-02-16 20:39:00,27,913.0,2018-01-06 05:00:00,sabado,30,Sol,Seca y limpia,Plano,Terraplen,Recta,Transito normal con precaución,0,0,6,0,1.0,Salida de la vía sin volcarse,exceso de velocidad,3603_0_27,12.0,12.0
Tolima,2018-02-16 20:46:00,28,900.0,2018-01-12 05:00:00,viernes,30,Seca,Seca y limpia,Ondulado,Terraplen,Recta,Transito normal con precaución,0,0,0,0,1.0,Salida de la vía sin volcarse,exceso de velocidad,3603_0_28,12.0,12.0
Tolima,2018-04-09 15:38:00,27,420.0,2018-03-09 05:00:00,viernes,30,Seca,Seca y limpia,Plano,Cajón,Recta,Cierre total,2,0,0,1,1.0,Atropello,imprudencia del conductor,3603_0_27,8.0,18.0
Tolima,2018-04-09 15:45:00,26,0.0,2018-03-16 05:00:00,viernes,30,Seca,Seca y limpia,Plano,Terraplen,Recta,Cierre total,1,0,1,0,1.0,Choque,desobediencia a normas y senales,3603_0_26,12.0,13.0
Tolima,2018-04-09 15:45:00,26,0.0,2018-03-16 05:00:00,viernes,30,Seca,Seca y limpia,Plano,Terraplen,Recta,Cierre total,1,0,1,0,1.0,Choque,desobediencia a normas y senales,3603_0_26,5.0,20.0
Tolima,2017-12-13 14:33:00,14,0.0,2017-11-14 05:00:00,martes,0,Seca,Seca y limpia,Plano,Media ladera Izquierda,Curva Izquierda,Transito normal con precaución,2,0,0,3,1.0,Salida de la vía sin volcarse,no determinada,3602_0_14,6.0,20.0
Tolima,2018-03-15 14:28:00,27,0.0,2018-02-12 05:00:00,lunes,30,Seca,Seca y limpia,Plano,Cajón,Recta,Transito normal con precaución,0,30,1,0,1.0,Choque,imprudencia del conductor,3602_0_27,18.0,6.0
Tolima,2018-03-15 14:28:00,27,0.0,2018-02-12 05:00:00,lunes,30,Seca,Seca y limpia,Plano,Cajón,Recta,Transito normal con precaución,0,30,1,0,1.0,Choque,imprudencia del conductor,3602_0_27,17.0,7.0
Tolima,2018-03-15 14:31:00,41,400.0,2018-02-14 05:00:00,miercoles,0,Seca,Seca y limpia,Plano,Terraplen,Recta,Parcial con reducción de carriles,1,0,0,1,1.0,Choque,no determinada,3602_0_41,0.0,1.0
Valle del Cauca,2017-05-09 16:25:00,69,200.0,2017-02-24 05:00:00,viernes,50,Normal,Seca y limpia,Plano,Terraplen,Recta,Parcial con reducción de carriles,0,0,2,0,1.0,Choque,condiciones de la via y factores ambientales,3105_2_69,14.0,10.0
Valle del Cauca,2017-05-09 16:27:00,67,0.0,2017-02-11 05:00:00,sabado,10,Normal,Seca y limpia,Plano,Terraplen,Recta,Parcial con reducción de carriles,0,0,1,0,1.0,Atropello,conducta de peatones,3105_2_67,13.0,11.0
Valle del Cauca,2017-05-09 16:30:00,71,100.0,2017-02-11 05:00:00,sabado,0,Normal,Seca y limpia,Plano,Terraplen,Recta,Parcial con reducción de carriles,0,0,1,0,1.0,Volcamiento,exceso en horas de conduccion,3105_2_71,12.0,12.0
Valle del Cauca,2017-05-09 16:33:00,70,400.0,2017-02-03 05:00:00,viernes,40,Normal,Seca y limpia,Plano,Terraplen,Recta,Parcial con reducción de carriles,0,0,1,0,1.0,Choque,imprudencia del conductor,3105_2_70,3.0,21.0
Valle del Cauca,2017-05-09 16:36:00,69,130.0,2017-02-01 05:00:00,miercoles,20,Normal,Seca y limpia,Plano,Terraplen,Recta,Parcial con reducción de carriles,0,0,1,0,1.0,Volcamiento,no determinada,3105_2_69,1.0,23.0
Valle del Cauca,2017-05-09 16:38:00,71,200.0,2017-01-31 05:00:00,martes,15,Normal,Seca y limpia,Plano,Terraplen,Recta,Parcial con reducción de carriles,0,0,1,0,1.0,Volcamiento,condiciones de la via y factores ambientales,3105_2_71,22.0,2.0
Valle del Cauca,2017-05-09 16:46:00,75,300.0,2017-01-26 05:00:00,jueves,30,Normal,Seca y limpia,Plano,Terraplen,Recta,Parcial con reducción de carriles,0,0,1,0,1.0,Volcamiento,imprudencia del conductor,3105_2_75,19.0,5.0
Valle del Cauca,2017-05-09 16:49:00,73,200.0,2017-01-07 05:00:00,sabado,45,Normal,Seca y limpia,Plano,Terraplen,Recta,Parcial con reducción de carriles,0,0,1,0,1.0,Choque,condiciones de la via y factores ambientales,3105_2_73,19.0,5.0
Valle del Cauca,2017-05-09 16:52:00,68,870.0,2017-01-07 05:00:00,sabado,45,Normal,Seca y limpia,Plano,Terraplen,Recta,Parcial con reducción de carriles,0,0,2,0,1.0,Volcamiento,condiciones de la via y factores ambientales,3105_2_68,14.0,10.0
Valle del Cauca,2017-05-09 16:55:00,72,200.0,2016-12-24 05:00:00,sabado,0,Normal,Seca y limpia,Plano,Terraplen,Recta,Parcial con reducción de carriles,0,0,2,0,1.0,Volcamiento,maniobras imprudentes,3105_2_72,11.0,13.0
Valle del Cauca,2017-05-09 16:58:00,72,200.0,2016-12-22 05:00:00,jueves,10,Normal,Lodo,Plano,Terraplen,Recta,Parcial con reducción de carriles,0,0,2,0,1.0,Atropello,condiciones de la via y factores ambientales,3105_2_72,19.0,5.0
Valle del Cauca,2017-05-09 17:41:00,68,700.0,2016-12-20 05:00:00,martes,55,Normal,Seca y limpia,Plano,Terraplen,Recta,Parcial con reducción de carriles,0,0,2,0,1.0,Choque,desobediencia a normas y senales,3105_2_68,4.0,20.0
Valle del Cauca,2017-05-09 17:43:00,69,550.0,2016-12-17 05:00:00,sabado,0,Normal,Seca y limpia,Plano,Terraplen,Recta,Parcial con reducción de carriles,0,0,1,0,1.0,Choque,embriaguez o sustancias alucinogenas,3105_2_69,8.0,16.0
Valle del Cauca,2017-05-09 17:46:00,69,400.0,2016-12-03 05:00:00,sabado,15,Normal,Seca y limpia,Plano,Terraplen,Recta,Parcial con reducción de carriles,0,0,1,0,1.0,Volcamiento,imprudencia del conductor,3105_2_69,16.0,8.0
Valle del Cauca,2017-05-09 17:48:00,69,0.0,2016-12-02 05:00:00,viernes,10,Normal,Seca y limpia,Plano,Terraplen,Recta,Parcial con reducción de carriles,0,0,1,0,1.0,Choque,maniobras imprudentes,3105_2_69,11.0,13.0
Valle del Cauca,2017-05-09 17:50:00,68,760.0,2016-12-01 05:00:00,jueves,30,Normal,Seca y limpia,Plano,Terraplen,Recta,Parcial con reducción de carriles,0,0,1,0,1.0,Volcamiento,condiciones de la via y factores ambientales,3105_2_68,17.0,7.0
Valle del Cauca,2017-05-10 20:40:00,63,400.0,2017-03-17 05:00:00,viernes,30,Normal,Seca y limpia,Plano,Terraplen,Recta,Parcial con reducción de carriles,0,0,2,0,1.0,Choque,no determinada,3105_2_63,19.0,5.0
Valle del Cauca,2017-05-10 20:43:00,69,90.0,2017-03-07 05:00:00,martes,45,Normal,Seca y limpia,Plano,Terraplen,Recta,Parcial con reducción de carriles,0,0,2,0,1.0,Caída ocupante,condiciones de la via y factores ambientales,3105_2_69,15.0,9.0
Valle del Cauca,2017-05-10 20:45:00,71,250.0,2017-03-01 05:00:00,miercoles,28,Normal,Seca y limpia,Plano,Terraplen,Recta,Parcial con reducción de carriles,0,0,1,0,1.0,Atropello,no determinada,3105_2_71,18.0,6.0
Valle del Cauca,2017-05-10 20:48:00,68,420.0,2017-03-01 05:00:00,miercoles,40,Normal,Seca y limpia,Plano,Terraplen,Curva Derecha,Parcial con reducción de carriles,0,0,2,0,1.0,Choque,maniobras imprudentes,3105_2_68,11.0,13.0
Cauca,2017-07-17 16:01:00,0,200.0,2017-02-21 05:00:00,martes,0,Normal,Seca y limpia,Plano,Terraplen,Recta,Transito normal con precaución,0,0,0,0,1.0,Choque,no determinada,3105_2_0,20.0,4.0
Cauca,2017-07-17 16:28:00,1,900.0,2017-03-11 05:00:00,sabado,45,Seca,Seca y limpia,Plano,Terraplen,Recta,Transito normal con precaución,0,0,0,0,1.0,Choque,imprudencia del conductor,3105_2_1,10.0,14.0