territorial,fecha_registro,pr,distancia_pr,fecha_acc,dia_semana_acc,min_acc,condic_meteor,estado_super,terreno,secc_tip,geometria_acc,tipo_cierre,horas_cierre,min_cierre,n_heridos,n_muertos,n_victimas,clase_accidente,causa_posible,ref_loc,hora_acc,duracion_cierre_horas
Cauca,2017-07-17 16:48:00,48,900.0,2017-04-24 05:00:00,lunes,30,Seca,Seca y limpia,Plano,Terraplen,Recta,Parcial con reducción de carriles,0,0,0,1,1.0,Choque,no determinada,3105_2_48,21.0,3.0
Cauca,2017-07-17 16:53:00,47,100.0,2017-05-10 05:00:00,miercoles,30,Normal,Seca y limpia,Plano,Terraplen,Recta,Parcial con reducción de carriles,0,0,0,1,1.0,Caída ocupante,desobediencia a normas y senales,3105_2_47,8.0,16.0
Cauca,2017-08-08 16:24:00,33,800.0,2017-05-28 05:00:00,domingo,0,Lluvia,Humeda,Plano,Terraplen,Curva Izquierda,Transito normal con precaución,0,0,0,1,1.0,Caída ocupante,no determinada,3105_2_33,12.0,12.0
Cauca,2017-08-08 16:56:00,10,800.0,2017-06-12 05:00:00,lunes,30,Normal,Seca y limpia,Plano,Terraplen,Recta,Parcial con reducción de carriles,0,0,0,0,1.0,Choque,maniobras imprudentes,3105_2_10,21.0,3.0
Cauca,2017-09-26 15:09:00,38,900.0,2017-08-20 05:00:00,domingo,40,Seca,Seca y limpia,Plano,Terraplen,Recta,Transito normal con precaución,0,0,0,1,1.0,Choque,maniobras imprudentes,3105_2_38,11.0,13.0
Cauca,2017-10-19 16:22:00,18,900.0,2017-08-21 05:00:00,lunes,30,Seca,Seca y limpia,Ondulado,Media Ladera Derecha,Recta,Transito normal con precaución,0,0,1,1,1.0,Choque,maniobras imprudentes,3105_2_18,14.0,10.0
Cauca,2017-10-19 16:28:00,10,800.0,2017-08-27 05:00:00,domingo,15,Seca,Seca y limpia,Plano,Terraplen,Curva Derecha,Transito normal con precaución,0,0,0,0,1.0,Choque,adelantamientos indebidos,3105_2_10,3.0,21.0
Cauca,2017-10-27 16:05:00,7,500.0,2017-09-24 05:00:00,domingo,0,Normal,Seca y limpia,Plano,Terraplen,Recta,Transito normal con precaución,0,0,2,0,1.0,Volcamiento,condiciones de la via y factores ambientales,3105_2_7,6.0,18.0
Cauca,2017-11-22 15:24:00,46,100.0,2017-10-15 05:00:00,domingo,30,Normal,Seca y limpia,Plano,Terraplen,Recta,Transito normal con precaución,0,0,1,1,1.0,Choque,adelantamientos indebidos,3105_2_46,14.0,10.0
Valle del Cauca,2017-12-13 20:20:00,68,760.0,2016-12-01 05:00:00,jueves,30,Normal,Seca y limpia,Plano,Terraplen,Recta,Parcial con reducción de carriles,0,0,1,0,1.0,Volcamiento,condiciones de la via y factores ambientales,3105_2_68,17.0,7.0
Valle del Cauca,2017-12-13 20:25:00,69,0.0,2016-12-02 05:00:00,viernes,10,Normal,Seca y limpia,Plano,Terraplen,Recta,Parcial con reducción de carriles,0,0,1,0,1.0,Choque,maniobras imprudentes,3105_2_69,0.0,0.0
Valle del Cauca,2017-12-13 20:33:00,69,375.0,2016-12-03 05:00:00,sabado,15,Normal,Seca y limpia,Plano,Terraplen,Recta,Parcial con reducción de carriles,0,0,1,0,1.0,Volcamiento,no determinada,3105_2_69,16.0,8.0
Valle del Cauca,2017-12-13 20:37:00,58,88.0,2016-12-10 05:00:00,sabado,17,Normal,Seca y limpia,Plano,Terraplen,Recta,Parcial con reducción de carriles,0,0,0,0,1.0,Choque,no mantener distancia de seguridad,3105_2_58,8.0,16.0
Valle del Cauca,2017-12-13 20:43:00,69,600.0,2016-12-17 05:00:00,sabado,0,Normal,Seca y limpia,Plano,Terraplen,Recta,Parcial con reducción de carriles,0,0,1,0,1.0,Choque,no determinada,3105_2_69,22.0,2.0
Valle del Cauca,2017-12-13 20:46:00,68,660.0,2016-12-20 05:00:00,martes,55,Normal,Seca y limpia,Plano,Terraplen,Recta,Parcial con reducción de carriles,0,0,2,0,1.0,Choque,desobediencia a normas y senales,3105_2_68,10.0,14.0
Valle del Cauca,2017-12-13 20:57:00,72,200.0,2016-12-22 05:00:00,jueves,10,Normal,Lodo,Plano,Terraplen,Recta,Parcial con reducción de carriles,0,0,2,0,1.0,Atropello,no determinada,3105_2_72,22.0,2.0
Valle del Cauca,2017-12-13 21:00:00,72,200.0,2016-12-24 05:00:00,sabado,15,Normal,Seca y limpia,Plano,Terraplen,Recta,Parcial con reducción de carriles,0,0,2,0,1.0,Volcamiento,condiciones de la via y factores ambientales,3105_2_72,10.0,14.0
Valle del Cauca,2017-12-13 21:07:00,68,870.0,2016-12-25 05:00:00,domingo,0,Normal,Seca y limpia,Plano,Terraplen,Recta,Parcial con reducción de carriles,0,0,2,0,1.0,Volcamiento,condiciones de la via y factores ambientales,3105_2_68,19.0,5.0
Valle del Cauca,2017-12-13 21:12:00,83,38.0,2016-12-02 05:00:00,viernes,20,Normal,Seca y limpia,Plano,Terraplen,Recta,Parcial con reducción de carriles,0,0,0,0,1.0,Choque,desobediencia a normas y senales,3105_2_83,22.0,2.0
Quindío,2017-06-24 19:39:00,7,0.0,2017-02-10 05:00:00,viernes,40,Normal,Seca y limpia,Escarpado,Media Ladera Derecha,Curva Izquierda,Transito normal con precaución,0,0,0,0,1.0,Choque,embriaguez o sustancias alucinogenas,40QN05_0_7,16.0,8.0
Quindío,2017-06-24 19:41:00,7,0.0,2017-02-10 05:00:00,viernes,40,Normal,Seca y limpia,Escarpado,Media ladera Izquierda,Curva Derecha,Transito normal con precaución,0,0,0,1,1.0,Choque,embriaguez o sustancias alucinogenas,40QN05_0_7,20.0,4.0
Quindío,2017-07-13 15:59:00,5,800.0,2017-06-15 05:00:00,jueves,40,Normal,Seca y limpia,Plano,Media Ladera Derecha,Recta,Transito normal con precaución,0,0,2,0,1.0,Choque,desobediencia a normas y senales,40QN05_0_5,16.0,8.0
Quindío,2017-07-13 16:07:00,5,100.0,2017-06-16 05:00:00,viernes,20,Lluvia,Humeda,Plano,Cajón,Recta,Transito normal con precaución,0,0,0,0,1.0,Choque,maniobras imprudentes,40QN05_0_5,2.0,22.0
Quindío,2017-07-13 19:36:00,5,32.0,2017-06-26 05:00:00,lunes,0,Lluvia,Humeda,Plano,Terraplen,Curva Derecha,Cierre total,2,0,5,0,1.0,Choque,adelantamientos indebidos,40QN05_0_5,12.0,14.0
Quindío,2017-09-07 14:32:00,2,700.0,2017-08-02 05:00:00,miercoles,15,Normal,Seca y limpia,Plano,Cajón,Recta,Parcial con reducción de carriles,1,0,2,0,1.0,Choque,adelantamientos indebidos,40QN05_0_2,5.0,20.0
Quindío,2017-09-07 14:47:00,6,800.0,2017-08-03 05:00:00,jueves,30,Normal,Seca y limpia,Ondulado,Terraplen,Curva Izquierda,Cierre total,1,0,1,0,1.0,Choque,no determinada,40QN05_0_6,9.0,16.0
Quindío,2017-09-07 23:58:00,5,900.0,2017-08-23 05:00:00,miercoles,30,Normal,Seca y limpia,Plano,Media Ladera Derecha,Recta,Parcial con reducción de carriles,1,0,0,0,1.0,Choque,no determinada,40QN05_0_5,19.0,6.0
Quindío,2017-11-08 21:45:00,5,100.0,2017-10-09 05:00:00,lunes,40,Normal,Seca y limpia,Plano,Cajón,Recta,Cierre total,1,30,0,1,1.0,Atropello,no determinada,40QN05_0_5,20.0,5.0
Quindío,2017-12-07 20:59:00,5,900.0,2017-11-16 05:00:00,jueves,30,Lluvia,Humeda,Plano,Media Ladera Derecha,Recta,Transito normal con precaución,0,0,1,1,1.0,Choque,desobediencia a normas y senales,40QN05_0_5,8.0,16.0
Quindío,2018-03-12 20:59:00,5,950.0,2018-02-15 05:00:00,jueves,30,Normal,Seca y limpia,Plano,Terraplen,Recta,Parcial con reducción de carriles,1,0,1,1,1.0,Atropello,no determinada,40QN05_0_5,12.0,13.0
Quindío,2018-03-12 21:31:00,0,75.0,2018-02-20 05:00:00,martes,30,Seca,Seca y limpia,Ondulado,Terraplen,Curva Izquierda,Parcial con reducción de carriles,1,0,1,0,1.0,Choque,no determinada,40QN05_0_0,12.0,13.0
Quindío,2018-03-12 22:22:00,4,40.0,2018-02-25 05:00:00,domingo,30,Seca,Seca y limpia,Ondulado,Cajón,Curva Izquierda,Parcial con reducción de carriles,2,0,0,0,1.0,Volcamiento,no determinada,40QN05_0_4,16.0,10.0
Quindío,2018-04-12 20:28:00,3,900.0,2018-03-12 05:00:00,lunes,40,Normal,Seca y limpia,Plano,Media Ladera Derecha,Curva Derecha,Cierre total,1,10,1,1,1.0,Atropello,no determinada,40QN05_0_3,16.0,9.0
Quindío,2017-06-25 01:55:00,2,790.0,2017-02-26 05:00:00,domingo,30,Seca,Seca y limpia,Plano,Terraplen,Recta,Cierre total,1,0,1,0,1.0,Choque,adelantamientos indebidos,40QN04_0_2,17.0,8.0
Quindío,2017-12-07 19:46:00,3,20.0,2017-11-05 05:00:00,domingo,0,Seca,Seca y limpia,Ondulado,Terraplen,Recta,Parcial con reducción de carriles,1,0,2,1,1.0,Choque,no determinada,40QN04_0_3,1.0,0.0
Meta,2017-05-09 20:05:00,91,500.0,2017-01-14 05:00:00,sabado,40,Normal,Aceite,Montañoso,Media ladera Izquierda,Curva Izquierda,Transito normal con precaución,0,0,1,0,1.0,Caída ocupante,condiciones de la via y factores ambientales,40MTA_0_91,8.0,16.0
Meta,2017-05-09 20:17:00,93,500.0,2017-02-23 05:00:00,jueves,40,Lluvia,Humeda,Montañoso,Media Ladera Derecha,Curva Derecha,Cierre total,3,0,0,0,1.0,Choque,imprudencia del conductor,40MTA_0_93,0.0,3.0
Meta,2017-05-09 20:23:00,93,600.0,2017-02-28 05:00:00,martes,37,Seca,Seca y limpia,Montañoso,Media Ladera Derecha,Curva Derecha,Transito normal con precaución,0,0,1,0,1.0,Atropello,condiciones de la via y factores ambientales,40MTA_0_93,21.0,3.0
Meta,2017-05-09 20:29:00,82,100.0,2017-03-05 05:00:00,domingo,45,Normal,Seca y limpia,Montañoso,Media Ladera Derecha,Curva Derecha,Transito normal con precaución,0,0,1,0,1.0,Atropello,maniobras imprudentes,40MTA_0_82,13.0,11.0
Meta,2017-05-09 20:34:00,88,200.0,2017-04-10 05:00:00,lunes,45,Seca,Seca y limpia,Montañoso,Media ladera Izquierda,Recta,Parcial con reducción de carriles,0,0,2,0,1.0,Choque,imprudencia del conductor,40MTA_0_88,12.0,12.0
Meta,2017-07-30 17:06:00,83,500.0,2017-05-04 05:00:00,jueves,30,Normal,Seca y limpia,Montañoso,Media ladera Izquierda,Curva Derecha,Transito normal con precaución,0,0,1,0,1.0,Choque,imprudencia del conductor,40MTA_0_83,5.0,19.0
Meta,2017-07-30 17:09:00,93,450.0,2017-05-28 05:00:00,domingo,15,Normal,Seca y limpia,Montañoso,Media ladera Izquierda,Recta,Transito normal con precaución,0,0,1,0,1.0,Caída ocupante,condiciones de la via y factores ambientales,40MTA_0_93,19.0,5.0
Meta,2017-09-11 16:15:00,93,380.0,2017-08-20 05:00:00,domingo,0,Sol,Seca y limpia,Escarpado,Media ladera Izquierda,Recta,Transito normal con precaución,0,0,1,0,1.0,Volcamiento,desobediencia a normas y senales,40MTA_0_93,10.0,14.0
Meta,2017-09-11 16:18:00,91,0.0,2017-08-24 05:00:00,jueves,0,Sol,Seca y limpia,Escarpado,Media ladera Izquierda,Curva Izquierda,Transito normal con precaución,0,0,0,0,1.0,Volcamiento,exceso de velocidad,40MTA_0_91,22.0,2.0
Meta,2017-10-17 21:07:00,82,270.0,2017-09-12 05:00:00,martes,0,Sol,Seca y limpia,Escarpado,Media ladera Izquierda,Curva Izquierda,Transito normal con precaución,0,0,1,0,1.0,Choque,adelantamientos indebidos,40MTA_0_82,14.0,10.0
Meta,2017-10-17 21:12:00,94,500.0,2017-09-06 05:00:00,miercoles,0,Sol,Seca y limpia,Escarpado,Media ladera Izquierda,Recta,Transito normal con precaución,0,0,0,0,1.0,Choque,imprudencia del conductor,40MTA_0_94,17.0,7.0
Meta,2017-11-16 14:30:00,93,600.0,2017-10-14 05:00:00,sabado,0,Normal,Seca y limpia,Escarpado,Media ladera Izquierda,Recta,Transito normal con precaución,0,0,1,1,1.0,Choque,adelantamientos indebidos,40MTA_0_93,18.0,6.0
Meta,2017-11-16 14:34:00,91,750.0,2017-10-17 05:00:00,martes,0,Normal,Seca y limpia,Escarpado,Media ladera Izquierda,Recta,Transito normal con precaución,0,0,1,0,1.0,Choque,desobediencia a normas y senales,40MTA_0_91,7.0,17.0
Meta,2017-11-16 14:37:00,94,200.0,2017-10-29 05:00:00,domingo,10,Normal,Seca y limpia,Escarpado,Media Ladera Derecha,Curva Derecha,Transito normal con precaución,0,0,2,0,1.0,Choque,adelantamientos indebidos,40MTA_0_94,20.0,4.0
Meta,2018-01-12 19:38:00,82,0.0,2017-12-23 05:00:00,sabado,0,Normal,Seca y limpia,Escarpado,Media ladera Izquierda,Curva Derecha,Transito normal con precaución,0,0,0,0,1.0,Choque,maniobras imprudentes,40MTA_0_82,11.0,13.0
Meta,2018-01-12 19:42:00,83,40.0,2017-12-30 05:00:00,sabado,10,Normal,Seca y limpia,Escarpado,Media ladera Izquierda,Recta,Transito normal con precaución,0,0,0,0,1.0,Choque,no mantener distancia de seguridad,40MTA_0_83,20.0,4.0
Meta,2018-01-12 19:48:00,83,700.0,2017-12-13 05:00:00,miercoles,10,Normal,Seca y limpia,Escarpado,Media ladera Izquierda,Curva Izquierda,Transito normal con precaución,0,0,0,0,1.0,Volcamiento,desobediencia a normas y senales,40MTA_0_83,6.0,18.0
Meta,2018-01-12 19:53:00,93,100.0,2017-12-08 05:00:00,viernes,20,Normal,Humeda,Escarpado,Media ladera Izquierda,Recta,Transito normal con precaución,0,0,0,1,1.0,Choque,imprudencia del conductor,40MTA_0_93,1.0,23.0
Meta,2018-02-07 20:45:00,92,300.0,2018-01-04 05:00:00,jueves,10,Normal,Seca y limpia,Escarpado,Media ladera Izquierda,Curva Izquierda,Transito normal con precaución,0,0,2,0,1.0,Choque,maniobras imprudentes,40MTA_0_92,20.0,4.0
Meta,2018-03-08 21:43:00,89,100.0,2018-02-09 05:00:00,viernes,40,Normal,Seca y limpia,Escarpado,Media Ladera Derecha,Curva Derecha,Cierre total,3,0,2,0,1.0,Choque,maniobras imprudentes,40MTA_0_89,7.0,20.0
Meta,2018-03-08 21:43:00,89,100.0,2018-02-09 05:00:00,viernes,40,Normal,Seca y limpia,Escarpado,Media Ladera Derecha,Curva Derecha,Cierre total,3,0,2,0,1.0,Choque,maniobras imprudentes,40MTA_0_89,18.0,9.0
Meta,2018-04-09 19:01:00,93,650.0,2018-03-18 05:00:00,domingo,30,Lluvia,Humeda,Escarpado,Cajón,Curva Derecha,Transito normal con precaución,0,0,1,0,1.0,Choque,condiciones de la via y factores ambientales,40MTA_0_93,19.0,5.0
Meta,2018-04-09 19:01:00,93,650.0,2018-03-18 05:00:00,domingo,30,Lluvia,Humeda,Escarpado,Cajón,Curva Derecha,Transito normal con precaución,0,0,1,0,1.0,Choque,condiciones de la via y factores ambientales,40MTA_0_93,16.0,8.0
Cundinamarca,2017-12-12 00:48:00,31,0.0,2017-11-25 05:00:00,sabado,15,Seca,Seca y limpia,Montañoso,Terraplen,Recta,Parcial con reducción de carriles,0,50,0,0,1.0,Atropello,no determinada,40CNB_2_31,9.0,15.0
Cundinamarca,2017-08-02 19:36:00,30,800.0,2017-06-15 05:00:00,jueves,20,Normal,Seca y limpia,Montañoso,Terraplen,Recta,Parcial con paso alternado,2,0,0,0,1.0,Choque,imprudencia del conductor,40CNB_1_30,8.0,18.0
Cundinamarca,2017-08-02 19:46:00,32,840.0,2017-05-15 05:00:00,lunes,30,Normal,Humeda,Montañoso,Terraplen,Recta,Parcial con reducción de carriles,2,0,0,0,1.0,Caída de piedra,no determinada,40CNB_1_32,3.0,23.0
Cundinamarca,2017-08-02 20:09:00,31,150.0,2017-01-01 05:00:00,domingo,30,Normal,Seca y limpia,Montañoso,Terraplen,Curva Izquierda,Parcial con reducción de carriles,1,21,0,0,1.0,Choque,adelantamientos indebidos,40CNB_1_31,18.0,7.0
Cundinamarca,2017-10-10 19:30:00,30,800.0,2017-08-01 05:00:00,martes,10,Normal,Seca y limpia,Montañoso,Terraplen,Recta,Parcial con reducción de carriles,0,44,0,0,1.0,Choque,maniobras imprudentes,40CNB_1_30,6.0,18.0
Cundinamarca,2017-10-10 20:24:00,28,840.0,2017-09-04 05:00:00,lunes,30,Seca,Seca y limpia,Montañoso,Media ladera Izquierda,Curva Derecha,Transito normal con precaución,1,0,0,0,1.0,Choque,maniobras imprudentes,40CNB_1_28,14.0,11.0
Cundinamarca,2017-10-10 20:27:00,28,870.0,2017-09-01 05:00:00,viernes,46,Seca,Seca y limpia,Montañoso,Media ladera Izquierda,Recta,Transito normal con precaución,0,59,0,0,1.0,Choque,maniobras imprudentes,40CNB_1_28,21.0,3.0
Cundinamarca,2017-10-10 20:32:00,32,600.0,2017-09-18 05:00:00,lunes,0,Seca,Humeda,Montañoso,Media ladera Izquierda,Recta,Transito normal con precaución,1,0,0,0,1.0,Choque,desobediencia a normas y senales,40CNB_1_32,19.0,6.0
Cundinamarca,2017-10-10 20:43:00,32,700.0,2017-09-19 05:00:00,martes,15,Seca,Seca y limpia,Montañoso,Media Ladera Derecha,Recta,Transito normal con precaución,1,22,1,0,1.0,Atropello,exceso de velocidad,40CNB_1_32,6.0,19.0
Cundinamarca,2017-12-12 00:10:00,30,400.0,2017-11-01 05:00:00,miercoles,5,Seca,Seca y limpia,Montañoso,Terraplen,Curva Derecha,Transito normal con precaución,0,5,0,0,1.0,Choque,maniobras imprudentes,40CNB_1_30,18.0,6.0
Cundinamarca,2017-12-12 00:13:00,30,170.0,2017-11-02 05:00:00,jueves,45,Seca,Seca y limpia,Montañoso,Terraplen,Recta,Transito normal con precaución,0,10,0,0,1.0,Choque,maniobras imprudentes,40CNB_1_30,22.0,2.0
Cundinamarca,2017-12-12 00:19:00,29,800.0,2017-11-17 05:00:00,viernes,40,Seca,Seca y limpia,Montañoso,Terraplen,Curva Derecha,Transito normal con precaución,0,30,1,0,1.0,Choque,no determinada,40CNB_1_29,11.0,13.0
Cundinamarca,2017-12-12 00:30:00,31,150.0,2017-11-23 05:00:00,jueves,20,Seca,Humeda,Plano,Media Ladera Derecha,Recta,Transito normal con precaución,0,50,0,0,1.0,Choque,maniobras imprudentes,40CNB_1_31,6.0,18.0
Cundinamarca,2017-12-12 00:45:00,31,250.0,2017-11-24 05:00:00,viernes,20,Seca,Seca y limpia,Montañoso,Media Ladera Derecha,Curva Derecha,Transito normal con precaución,0,20,0,0,1.0,Choque,maniobras imprudentes,40CNB_1_31,2.0,22.0
Cundinamarca,2018-02-07 19:37:00,29,650.0,2018-01-12 05:00:00,viernes,20,Normal,Seca y limpia,Montañoso,Media Ladera Derecha,Recta,Transito normal con precaución,0,20,0,0,1.0,Caída de piedra,no determinada,40CNB_1_29,0.0,0.0
Cundinamarca,2018-02-07 19:40:00,30,850.0,2018-01-17 05:00:00,miercoles,45,Seca,Seca y limpia,Montañoso,Terraplen,Recta,Parcial con reducción de carriles,0,15,0,0,1.0,Choque,maniobras imprudentes,40CNB_1_30,6.0,18.0
Cundinamarca,2018-02-07 19:44:00,31,90.0,2018-01-31 05:00:00,miercoles,0,Seca,Seca y limpia,Montañoso,Terraplen,Recta,Transito normal con precaución,0,40,0,0,1.0,Choque,maniobras imprudentes,40CNB_1_31,16.0,8.0
Cundinamarca,2017-11-07 22:16:00,9,800.0,2017-09-03 05:00:00,domingo,0,Niebla,Seca y limpia,Plano,Terraplen,Recta,Cierre total,23,59,2,0,1.0,Choque,exceso de velocidad,40CN07_2_9,10.0,13.0
Meta,2017-07-13 21:51:00,41,100.0,2017-04-02 05:00:00,domingo,15,Seca,Seca y limpia,Plano,Terraplen,Curva Izquierda,Transito normal con precaución,0,0,1,0,1.0,Volcamiento,exceso de velocidad,4015_0_41,9.0,15.0
Meta,2017-07-13 23:14:00,94,800.0,2016-12-24 05:00:00,sabado,30,Seca,Seca y limpia,Plano,Terraplen,Recta,Transito normal con precaución,0,0,2,0,1.0,Choque,embriaguez o sustancias alucinogenas,4015_0_94,23.0,1.0
Meta,2017-10-30 15:52:00,95,400.0,2017-06-24 05:00:00,sabado,18,Normal,Seca y limpia,Plano,Terraplen,Recta,Parcial con reducción de carriles,0,30,2,0,1.0,Choque,imprudencia del conductor,4015_0_95,18.0,6.0
Meta,2017-10-30 15:59:00,34,500.0,2017-07-12 05:00:00,miercoles,30,Lluvia,Humeda,Plano,Terraplen,Recta,Transito normal con precaución,0,0,1,0,1.0,Caída ocupante,maniobras imprudentes,4015_0_34,0.0,0.0
Meta,2017-10-30 16:09:00,95,350.0,2017-07-17 05:00:00,lunes,30,Seca,Seca y limpia,Plano,Terraplen,Recta,Parcial con reducción de carriles,0,30,1,0,1.0,Choque,embriaguez o sustancias alucinogenas,4015_0_95,6.0,18.0
Meta,2017-10-30 16:15:00,92,650.0,2017-08-03 05:00:00,jueves,10,Lluvia,Humeda,Plano,Terraplen,Recta,Parcial con reducción de carriles,2,0,0,1,1.0,Caída ocupante,desobediencia a normas y senales,4015_0_92,12.0,14.0
Meta,2017-12-06 16:43:00,79,600.0,2017-10-12 05:00:00,jueves,0,Niebla,Seca y limpia,Plano,Terraplen,Recta,Parcial con reducción de carriles,1,0,0,0,1.0,Atropello,condiciones de la via y factores ambientales,4015_0_79,18.0,7.0
Meta,2018-02-21 23:00:00,61,800.0,2018-01-26 05:00:00,viernes,0,Seca,Seca y limpia,Plano,Terraplen,Recta,Transito normal con precaución,0,0,1,0,1.0,Volcamiento,maniobras imprudentes,4015_0_61,5.0,19.0
Meta,2018-03-15 16:56:00,92,300.0,2018-02-11 05:00:00,domingo,40,Seca,Seca y limpia,Plano,Terraplen,Recta,Parcial con reducción de carriles,0,30,1,0,1.0,Choque,conducta de pasajeros,4015_0_92,14.0,10.0
Meta,2018-04-18 21:04:00,95,150.0,2018-03-09 05:00:00,viernes,56,Seca,Seca y limpia,Plano,Terraplen,Recta,Transito normal con precaución,0,0,2,0,1.0,Volcamiento,embriaguez o sustancias alucinogenas,4015_0_95,0.0,0.0
Meta,2018-04-18 21:11:00,86,800.0,2018-03-18 05:00:00,domingo,56,Seca,Seca y limpia,Plano,Terraplen,Recta,Parcial con reducción de carriles,0,30,1,0,1.0,Choque,exceso en horas de conduccion,4015_0_86,0.0,0.0
Quindío,2018-03-12 21:02:00,6,400.0,2018-02-15 05:00:00,jueves,40,Normal,Seca y limpia,Plano,Media ladera Izquierda,Recta,Transito normal con precaución,0,0,0,0,1.0,Choque,no mantener distancia de seguridad,4003_2_6,21.0,3.0
Quindío,2018-03-12 21:14:00,6,900.0,2018-02-19 05:00:00,lunes,50,Normal,Seca y limpia,Montañoso,Media ladera Izquierda,Recta,Parcial con reducción de carriles,1,0,2,0,1.0,Atropello,no determinada,4003_2_6,22.0,3.0
Quindío,2018-03-12 22:00:00,6,500.0,2018-02-21 05:00:00,miercoles,25,Normal,Seca y limpia,Montañoso,Media ladera Izquierda,Recta,Parcial con reducción de carriles,1,0,0,0,1.0,Choque,adelantamientos indebidos,4003_2_6,19.0,6.0
Quindío,2018-03-12 22:12:00,13,800.0,2018-02-24 05:00:00,sabado,30,Lluvia,Humeda,Montañoso,Media ladera Izquierda,Curva Derecha,Transito normal con precaución,0,0,0,0,1.0,Choque,no mantener distancia de seguridad,4003_2_13,21.0,3.0
Tolima,2018-03-13 21:12:00,43,100.0,2018-02-05 05:00:00,lunes,10,Normal,Seca y limpia,Montañoso,Media Ladera Derecha,Curva Derecha,Parcial con paso alternado,0,0,1,0,1.0,Choque,no determinada,4003_2_43,6.0,18.0
Tolima,2018-03-13 22:50:00,46,800.0,2018-02-18 05:00:00,domingo,30,Normal,Seca y limpia,Montañoso,Media Ladera Derecha,Curva Derecha,Parcial con paso alternado,0,0,0,0,1.0,Choque,no determinada,4003_2_46,21.0,3.0
Quindío,2018-04-12 20:52:00,16,50.0,2018-03-18 05:00:00,domingo,30,Lluvia,Humeda,Montañoso,Media Ladera Derecha,Curva Derecha,Transito normal con precaución,0,0,0,0,1.0,Choque,adelantamientos indebidos,4003_2_16,6.0,18.0
Quindío,2018-04-12 21:39:00,20,100.0,2018-03-27 05:00:00,martes,0,Normal,Humeda,Montañoso,Media Ladera Derecha,Curva Izquierda,Parcial con reducción de carriles,0,40,0,0,1.0,Choque,no determinada,4003_2_20,9.0,15.0
Tolima,2018-04-17 14:25:00,28,200.0,2018-03-07 05:00:00,miercoles,38,Lluvia,Humeda,Montañoso,Media ladera Izquierda,Recta,Parcial con paso alternado,0,0,0,0,1.0,Choque,no determinada,4003_2_28,17.0,7.0
Tolima,2018-04-17 14:46:00,35,800.0,2018-03-18 05:00:00,domingo,40,Normal,Seca y limpia,Montañoso,Media Ladera Derecha,Recta,Parcial con paso alternado,0,0,0,0,1.0,Choque,no determinada,4003_2_35,17.0,7.0
Tolima,2018-04-17 14:50:00,40,600.0,2018-03-19 05:00:00,lunes,45,Normal,Seca y limpia,Montañoso,Media Ladera Derecha,Curva Derecha,Parcial con paso alternado,0,0,1,0,1.0,Choque,fallas mecanicas y del sistema electrico,4003_2_40,17.0,7.0
Tolima,2018-04-17 14:55:00,34,100.0,2018-03-25 05:00:00,domingo,40,Normal,Seca y limpia,Montañoso,Media Ladera Derecha,Curva Derecha,Parcial con paso alternado,0,0,0,0,1.0,Choque,no mantener distancia de seguridad,4003_2_34,7.0,17.0
Quindío,2018-02-20 18:52:00,9,550.0,2018-01-07 05:00:00,domingo,0,Normal,Humeda,Montañoso,Media Ladera Derecha,Curva Derecha,Parcial con reducción de carriles,1,0,1,0,1.0,Choque,no determinada,4003_1_9,19.0,6.0
Quindío,2018-02-20 19:05:00,9,100.0,2018-01-09 05:00:00,martes,0,Lluvia,Humeda,Montañoso,Media ladera Izquierda,Curva Derecha,Cierre total,0,30,0,0,1.0,Choque,no determinada,4003_1_9,1.0,23.0
Quindío,2018-03-12 21:58:00,9,400.0,2018-02-21 05:00:00,miercoles,30,Lluvia,Humeda,Montañoso,Media ladera Izquierda,Recta,Parcial con reducción de carriles,1,0,0,0,1.0,Choque,no mantener distancia de seguridad,4003_1_9,20.0,5.0
Quindío,2018-03-12 22:10:00,9,500.0,2018-02-23 05:00:00,viernes,0,Lluvia,Humeda,Montañoso,Media ladera Izquierda,Recta,Transito normal con precaución,0,0,0,0,1.0,Choque,condiciones de la via y factores ambientales,4003_1_9,7.0,17.0
Quindío,2018-04-12 20:47:00,9,100.0,2018-03-18 05:00:00,domingo,30,Seca,Seca y limpia,Montañoso,Media ladera Izquierda,Curva Derecha,Cierre total,1,0,1,0,1.0,Choque,no determinada,4003_1_9,11.0,14.0
Quindío,2018-04-12 21:34:00,9,100.0,2018-03-26 05:00:00,lunes,30,Normal,Seca y limpia,Montañoso,Media ladera Izquierda,Curva Derecha,Cierre total,1,0,0,0,1.0,Choque,no determinada,4003_1_9,6.0,19.0
Quindío,2017-11-08 21:36:00,9,100.0,2017-10-06 05:00:00,viernes,0,Lluvia,Humeda,Montañoso,Media ladera Izquierda,Curva Derecha,Transito normal con precaución,0,0,0,0,1.0,Choque,condiciones de la via y factores ambientales,4003_1_9,18.0,6.0
Quindío,2017-12-07 20:42:00,9,50.0,2017-11-13 05:00:00,lunes,10,Normal,Seca y limpia,Ondulado,Media ladera Izquierda,Curva Derecha,Parcial con reducción de carriles,0,30,0,0,1.0,Choque,no determinada,4003_1_9,4.0,20.0
Quindío,2017-12-07 21:35:00,9,100.0,2017-11-24 05:00:00,viernes,20,Lluvia,Humeda,Montañoso,Media ladera Izquierda,Curva Derecha,Cierre total,1,0,3,0,1.0,Choque,no determinada,4003_1_9,6.0,19.0
Quindío,2018-01-09 20:26:00,9,100.0,2017-12-09 05:00:00,sabado,0,Normal,Humeda,Montañoso,Media ladera Izquierda,Curva Derecha,Transito normal con precaución,0,0,3,0,1.0,Choque,no determinada,4003_1_9,12.0,12.0
Quindío,2017-05-03 16:17:00,9,800.0,2017-04-04 05:00:00,martes,0,Normal,Humeda,Montañoso,Media Ladera Derecha,Recta,Transito normal con precaución,0,0,0,0,1.0,Choque,condiciones de la via y factores ambientales,4003_1_9,6.0,18.0