territorial,fecha_registro,pr,distancia_pr,fecha_acc,dia_semana_acc,min_acc,condic_meteor,estado_super,terreno,secc_tip,geometria_acc,tipo_cierre,horas_cierre,min_cierre,n_heridos,n_muertos,n_victimas,clase_accidente,causa_posible,ref_loc,hora_acc,duracion_cierre_horas
Quindío,2017-06-24 20:39:00,9,800.0,2017-02-11 05:00:00,sabado,15,Granizo,Humeda,Ondulado,Media ladera Izquierda,Recta,Transito normal con precaución,0,0,0,0,1.0,Choque,no determinada,4003_1_9,9.0,15.0
Quindío,2017-06-25 01:48:00,9,100.0,2017-02-25 05:00:00,sabado,20,Lluvia,Humeda,Ondulado,Media ladera Izquierda,Curva Derecha,Transito normal con precaución,0,0,0,0,1.0,Choque,no determinada,4003_1_9,0.0,0.0
Quindío,2017-06-28 21:04:00,9,100.0,2017-03-24 05:00:00,viernes,30,Lluvia,Humeda,Escarpado,Media ladera Izquierda,Curva Derecha,Cierre total,0,30,0,0,1.0,Choque,adelantamientos indebidos,4003_1_9,17.0,7.0
Quindío,2017-09-07 15:43:00,9,700.0,2017-08-11 05:00:00,viernes,0,Normal,Seca y limpia,Montañoso,Media ladera Izquierda,Curva Derecha,Transito normal con precaución,0,0,0,0,1.0,Choque,no determinada,4003_1_9,5.0,19.0
Quindío,2017-09-07 15:55:00,9,900.0,2017-08-12 05:00:00,sabado,0,Lluvia,Humeda,Montañoso,Media ladera Izquierda,Curva Izquierda,Parcial con reducción de carriles,1,0,0,0,1.0,Choque,no determinada,4003_1_9,11.0,14.0
Quindío,2017-09-07 16:16:00,9,90.0,2017-08-13 05:00:00,domingo,10,Lluvia,Humeda,Montañoso,Media ladera Izquierda,Curva Derecha,Cierre total,1,15,0,0,1.0,Choque,no determinada,4003_1_9,10.0,15.0
Quindío,2017-09-07 16:20:00,9,300.0,2017-08-13 05:00:00,domingo,30,Normal,Seca y limpia,Montañoso,Media ladera Izquierda,Curva Derecha,Parcial con reducción de carriles,1,0,0,0,1.0,Choque,no determinada,4003_1_9,21.0,4.0
Quindío,2017-09-08 15:44:00,9,100.0,2017-08-30 05:00:00,miercoles,0,Seca,Seca y limpia,Montañoso,Media ladera Izquierda,Curva Derecha,Parcial con reducción de carriles,4,0,0,0,1.0,Volcamiento,fallas mecanicas y del sistema electrico,4003_1_9,17.0,11.0
Quindío,2017-05-03 15:45:00,16,85.0,2017-04-03 05:00:00,lunes,35,Normal,Seca y limpia,Montañoso,Cajón,Curva Izquierda,Transito normal con precaución,0,0,0,0,1.0,Volcamiento,no determinada,4003_1_16,10.0,14.0
Quindío,2017-05-03 16:41:00,22,300.0,2017-04-06 05:00:00,jueves,30,Normal,Seca y limpia,Montañoso,Media Ladera Derecha,Recta,Transito normal con precaución,0,0,0,0,1.0,Choque,no determinada,4003_1_22,16.0,8.0
Tolima,2017-05-03 20:16:00,27,500.0,2016-12-17 05:00:00,sabado,15,Normal,Seca y limpia,Escarpado,Media Ladera Derecha,Curva Izquierda,Transito normal con precaución,0,0,0,0,1.0,Choque,maniobras imprudentes,4003_1_27,5.0,19.0
Tolima,2017-05-03 21:06:00,32,950.0,2017-03-10 05:00:00,viernes,0,Lluvia,Humeda,Escarpado,Media ladera Izquierda,Curva Izquierda,Transito normal con precaución,0,0,0,0,1.0,Choque,imprudencia del conductor,4003_1_32,14.0,10.0
Quindío,2017-05-04 13:32:00,26,400.0,2017-04-08 05:00:00,sabado,30,Normal,Seca y limpia,Montañoso,Media ladera Izquierda,Recta,Parcial con reducción de carriles,0,0,0,0,1.0,Choque,no determinada,4003_1_26,4.0,20.0
Quindío,2017-05-04 16:05:00,19,950.0,2017-04-08 05:00:00,sabado,0,Normal,Seca y limpia,Montañoso,Media ladera Izquierda,Curva Derecha,Transito normal con precaución,0,0,0,0,1.0,Choque,no determinada,4003_1_19,13.0,11.0
Quindío,2017-05-04 16:50:00,20,100.0,2017-04-09 05:00:00,domingo,0,Normal,Humeda,Montañoso,Media Ladera Derecha,Curva Izquierda,Parcial con reducción de carriles,0,0,0,0,1.0,Choque,no mantener distancia de seguridad,4003_1_20,18.0,6.0
Quindío,2017-05-05 01:09:00,26,500.0,2017-04-12 05:00:00,miercoles,35,Normal,Humeda,Montañoso,Media ladera Izquierda,Recta,Transito normal con precaución,0,0,0,0,1.0,Choque,no determinada,4003_1_26,14.0,10.0
Quindío,2017-05-05 01:24:00,22,900.0,2017-04-13 05:00:00,jueves,30,Normal,Seca y limpia,Montañoso,Media ladera Izquierda,Recta,Parcial con reducción de carriles,0,0,0,0,1.0,Choque,no mantener distancia de seguridad,4003_1_22,13.0,11.0
Tolima,2017-05-05 20:37:00,43,900.0,2017-04-06 05:00:00,jueves,40,Viento,Seca y limpia,Escarpado,Media Ladera Derecha,Curva Derecha,Transito normal con precaución,0,0,0,0,1.0,Choque,imprudencia del conductor,4003_1_43,15.0,9.0
Tolima,2017-05-05 20:40:00,40,600.0,2017-04-08 05:00:00,sabado,30,Normal,Seca y limpia,Escarpado,Media Ladera Derecha,Curva Izquierda,Transito normal con precaución,0,0,0,0,1.0,Choque,maniobras imprudentes,4003_1_40,12.0,12.0
Quindío,2017-07-13 14:20:00,19,500.0,2017-06-07 05:00:00,miercoles,0,Lluvia,Humeda,Montañoso,Media Ladera Derecha,Curva Izquierda,Transito normal con precaución,0,0,0,0,1.0,Choque,no determinada,4003_1_19,15.0,9.0
Quindío,2017-07-13 14:28:00,25,50.0,2017-06-10 05:00:00,sabado,0,Normal,Seca y limpia,Montañoso,Media Ladera Derecha,Curva Derecha,Parcial con reducción de carriles,1,0,0,0,1.0,Choque,no mantener distancia de seguridad,4003_1_25,5.0,20.0
Quindío,2017-07-13 15:54:00,23,150.0,2017-06-11 05:00:00,domingo,0,Normal,Seca y limpia,Montañoso,Media Ladera Derecha,Curva Derecha,Transito normal con precaución,0,0,0,0,1.0,Choque,no determinada,4003_1_23,14.0,10.0
Quindío,2017-07-13 16:17:00,24,600.0,2017-06-17 05:00:00,sabado,15,Normal,Seca y limpia,Montañoso,Media Ladera Derecha,Recta,Parcial con reducción de carriles,1,0,0,0,1.0,Choque,no mantener distancia de seguridad,4003_1_24,17.0,8.0
Quindío,2017-07-13 16:30:00,21,800.0,2017-06-17 05:00:00,sabado,40,Normal,Seca y limpia,Montañoso,Media Ladera Derecha,Curva Izquierda,Transito normal con precaución,0,0,0,0,1.0,Choque,adelantamientos indebidos,4003_1_21,21.0,3.0
Quindío,2017-07-13 17:05:00,24,850.0,2017-06-19 05:00:00,lunes,20,Normal,Seca y limpia,Montañoso,Media Ladera Derecha,Curva Izquierda,Transito normal con precaución,0,0,0,0,1.0,Choque,no determinada,4003_1_24,11.0,13.0
Quindío,2017-07-13 17:17:00,25,100.0,2017-06-20 05:00:00,martes,50,Normal,Seca y limpia,Montañoso,Media Ladera Derecha,Curva Derecha,Parcial con reducción de carriles,0,30,1,0,1.0,Choque,no determinada,4003_1_25,18.0,6.0
Quindío,2017-07-13 17:23:00,17,150.0,2017-06-22 05:00:00,jueves,30,Seca,Seca y limpia,Montañoso,Media Ladera Derecha,Curva Izquierda,Cierre total,1,30,0,1,1.0,Atropello,no determinada,4003_1_17,19.0,6.0
Quindío,2017-07-13 19:09:00,18,200.0,2017-06-23 05:00:00,viernes,30,Seca,Seca y limpia,Montañoso,Media Ladera Derecha,Recta,Transito normal con precaución,0,0,4,0,1.0,Volcamiento,no determinada,4003_1_18,12.0,12.0
Quindío,2017-07-13 19:19:00,16,50.0,2017-06-24 05:00:00,sabado,45,Normal,Seca y limpia,Montañoso,Media Ladera Derecha,Recta,Transito normal con precaución,0,0,0,0,1.0,Choque,no mantener distancia de seguridad,4003_1_16,2.0,22.0
Quindío,2017-07-13 19:24:00,22,200.0,2017-06-25 05:00:00,domingo,10,Normal,Seca y limpia,Montañoso,Media Ladera Derecha,Recta,Parcial con reducción de carriles,0,30,0,0,1.0,Choque,no mantener distancia de seguridad,4003_1_22,4.0,20.0
Quindío,2017-07-13 19:39:00,11,300.0,2017-06-27 05:00:00,martes,30,Lluvia,Humeda,Montañoso,Media ladera Izquierda,Curva Izquierda,Cierre total,0,40,0,0,1.0,Choque,condiciones de la via y factores ambientales,4003_1_11,18.0,6.0
Quindío,2017-07-13 19:42:00,8,650.0,2017-06-28 05:00:00,miercoles,0,Normal,Seca y limpia,Montañoso,Media ladera Izquierda,Curva Izquierda,Cierre total,1,0,0,0,1.0,Choque,no determinada,4003_1_8,12.0,13.0
Quindío,2017-07-13 19:44:00,11,800.0,2017-06-29 05:00:00,jueves,10,Normal,Seca y limpia,Montañoso,Media ladera Izquierda,Curva Derecha,Transito normal con precaución,0,0,0,0,1.0,Volcamiento,no determinada,4003_1_11,1.0,23.0
Quindío,2017-07-13 20:04:00,4,900.0,2017-06-29 05:00:00,jueves,0,Seca,Seca y limpia,Ondulado,Media ladera Izquierda,Recta,Parcial con reducción de carriles,1,20,4,0,1.0,Choque,no determinada,4003_1_4,9.0,16.0
Quindío,2017-07-13 20:17:00,11,300.0,2017-06-30 05:00:00,viernes,0,Lluvia,Humeda,Montañoso,Media ladera Izquierda,Curva Derecha,Transito normal con precaución,0,0,0,0,1.0,Choque,no determinada,4003_1_11,8.0,16.0
Quindío,2017-07-13 20:38:00,16,350.0,2017-06-30 05:00:00,viernes,20,Normal,Seca y limpia,Montañoso,Media Ladera Derecha,Curva Izquierda,Cierre total,1,0,0,0,1.0,Choque,adelantamientos indebidos,4003_1_16,18.0,7.0
Tolima,2017-07-17 15:12:00,35,350.0,2017-06-20 05:00:00,martes,0,Normal,Seca y limpia,Escarpado,Media ladera Izquierda,Recta,Transito normal con precaución,0,0,0,0,1.0,Choque,estacionamiento y senalizacion imprudente,4003_1_35,14.0,10.0
Quindío,2017-08-08 18:45:00,16,480.0,2017-07-01 05:00:00,sabado,30,Normal,Seca y limpia,Montañoso,Media ladera Izquierda,Recta,Parcial con reducción de carriles,0,40,0,0,1.0,Choque,no determinada,4003_1_16,14.0,10.0
Quindío,2017-08-08 18:50:00,8,500.0,2017-07-02 05:00:00,domingo,30,Normal,Seca y limpia,Montañoso,Media ladera Izquierda,Recta,Transito normal con precaución,0,0,0,0,1.0,Choque,no determinada,4003_1_8,9.0,15.0
Quindío,2017-08-08 18:54:00,16,800.0,2017-07-02 05:00:00,domingo,30,Normal,Seca y limpia,Montañoso,Media ladera Izquierda,Recta,Parcial con reducción de carriles,0,40,0,0,1.0,Choque,no determinada,4003_1_16,15.0,9.0
Quindío,2017-08-08 18:57:00,14,600.0,2017-07-02 05:00:00,domingo,0,Normal,Seca y limpia,Montañoso,Media ladera Izquierda,Curva Derecha,Parcial con reducción de carriles,1,0,0,0,1.0,Choque,adelantamientos indebidos,4003_1_14,5.0,20.0
Quindío,2017-08-09 13:49:00,19,600.0,2017-07-04 05:00:00,martes,0,Normal,Seca y limpia,Montañoso,Media Ladera Derecha,Curva Derecha,Cierre total,0,40,0,0,1.0,Choque,no determinada,4003_1_19,15.0,9.0
Quindío,2017-08-09 14:06:00,23,100.0,2017-07-06 05:00:00,jueves,0,Normal,Humeda,Montañoso,Media Ladera Derecha,Curva Derecha,Cierre total,0,40,0,0,1.0,Choque,no mantener distancia de seguridad,4003_1_23,21.0,3.0
Quindío,2017-08-09 14:09:00,25,300.0,2017-07-10 05:00:00,lunes,0,Normal,Seca y limpia,Montañoso,Media Ladera Derecha,Recta,Parcial con reducción de carriles,1,0,0,0,1.0,Choque,no mantener distancia de seguridad,4003_1_25,9.0,16.0
Quindío,2017-08-09 14:12:00,10,900.0,2017-07-10 05:00:00,lunes,6,Normal,Seca y limpia,Montañoso,Media ladera Izquierda,Curva Derecha,Transito normal con precaución,0,0,0,0,1.0,Choque,adelantamientos indebidos,4003_1_10,7.0,17.0
Quindío,2017-08-09 14:27:00,24,800.0,2017-07-16 05:00:00,domingo,0,Normal,Seca y limpia,Montañoso,Media Ladera Derecha,Curva Derecha,Transito normal con precaución,0,0,0,0,1.0,Choque,no determinada,4003_1_24,7.0,17.0
Quindío,2017-08-09 14:32:00,18,600.0,2017-07-17 05:00:00,lunes,25,Normal,Seca y limpia,Montañoso,Media Ladera Derecha,Curva Derecha,Parcial con reducción de carriles,0,20,0,0,1.0,Choque,no mantener distancia de seguridad,4003_1_18,10.0,14.0
Quindío,2017-08-09 14:35:00,17,100.0,2017-07-18 05:00:00,martes,20,Normal,Seca y limpia,Montañoso,Media Ladera Derecha,Recta,Transito normal con precaución,0,0,0,0,1.0,Choque,no mantener distancia de seguridad,4003_1_17,9.0,15.0
Valle del Cauca,2017-12-13 21:20:00,87,610.0,2016-12-06 05:00:00,martes,30,Normal,Seca y limpia,Plano,Terraplen,Recta,Parcial con reducción de carriles,0,0,0,0,1.0,Choque,condiciones de la via y factores ambientales,3105_2_87,18.0,6.0
Valle del Cauca,2017-12-13 21:23:00,87,853.0,2016-12-17 05:00:00,sabado,30,Normal,Seca y limpia,Plano,Terraplen,Recta,Parcial con reducción de carriles,0,0,0,0,1.0,Choque,desobediencia a normas y senales,3105_2_87,8.0,16.0
Valle del Cauca,2017-12-13 21:31:00,86,260.0,2016-12-17 05:00:00,sabado,30,Normal,Seca y limpia,Plano,Terraplen,Recta,Parcial con reducción de carriles,0,0,2,0,1.0,Choque,no determinada,3105_2_86,9.0,15.0
Valle del Cauca,2017-12-13 21:40:00,85,710.0,2016-12-18 05:00:00,domingo,40,Normal,Seca y limpia,Plano,Terraplen,Curva Izquierda,Parcial con reducción de carriles,0,0,1,0,1.0,Choque,embriaguez o sustancias alucinogenas,3105_2_85,12.0,12.0
Valle del Cauca,2017-12-13 21:45:00,86,193.0,2016-12-25 05:00:00,domingo,0,Normal,Seca y limpia,Plano,Terraplen,Recta,Parcial con reducción de carriles,0,0,1,0,1.0,Choque,no determinada,3105_2_86,7.0,17.0
Valle del Cauca,2017-12-13 21:50:00,79,560.0,2016-12-29 05:00:00,jueves,50,Normal,Seca y limpia,Plano,Terraplen,Recta,Parcial con reducción de carriles,0,0,1,0,1.0,Choque,maniobras imprudentes,3105_2_79,0.0,0.0
Valle del Cauca,2017-12-27 18:52:00,63,400.0,2017-01-01 05:00:00,domingo,50,Normal,Seca y limpia,Plano,Terraplen,Curva Derecha,Parcial con reducción de carriles,0,0,3,0,1.0,Volcamiento,no determinada,3105_2_63,15.0,9.0
Valle del Cauca,2017-12-27 19:05:00,72,650.0,2017-01-07 05:00:00,sabado,45,Normal,Seca y limpia,Plano,Terraplen,Recta,Parcial con reducción de carriles,0,0,2,0,1.0,Caída de piedra,no determinada,3105_2_72,4.0,20.0
Valle del Cauca,2017-12-27 19:09:00,75,600.0,2017-01-11 05:00:00,miercoles,20,Normal,Seca y limpia,Plano,Terraplen,Recta,Parcial con reducción de carriles,0,0,1,0,1.0,Choque,no determinada,3105_2_75,8.0,16.0
Valle del Cauca,2017-12-27 19:13:00,72,53.0,2017-01-20 05:00:00,viernes,0,Normal,Seca y limpia,Plano,Terraplen,Recta,Parcial con reducción de carriles,0,0,2,0,1.0,Caída ocupante,no determinada,3105_2_72,11.0,13.0
Valle del Cauca,2017-12-27 19:20:00,75,550.0,2017-01-26 05:00:00,jueves,30,Normal,Seca y limpia,Plano,Terraplen,Recta,Parcial con reducción de carriles,0,0,1,0,1.0,Volcamiento,no determinada,3105_2_75,16.0,8.0
Valle del Cauca,2017-12-27 19:25:00,71,400.0,2017-01-31 05:00:00,martes,15,Normal,Seca y limpia,Plano,Terraplen,Recta,Parcial con reducción de carriles,0,0,1,0,1.0,Volcamiento,no determinada,3105_2_71,5.0,19.0
Valle del Cauca,2017-12-27 19:29:00,77,480.0,2017-01-03 05:00:00,martes,30,Normal,Seca y limpia,Plano,Terraplen,Recta,Parcial con reducción de carriles,0,0,2,0,1.0,Choque,no determinada,3105_2_77,13.0,11.0
Valle del Cauca,2017-12-27 19:37:00,85,34.0,2017-01-06 05:00:00,viernes,10,Normal,Seca y limpia,Plano,Terraplen,Recta,Parcial con reducción de carriles,0,0,2,0,1.0,Choque,no determinada,3105_2_85,0.0,0.0
Valle del Cauca,2017-12-27 19:42:00,85,60.0,2017-01-12 05:00:00,jueves,30,Normal,Seca y limpia,Plano,Terraplen,Recta,Parcial con reducción de carriles,0,0,3,0,1.0,Choque,desobediencia a normas y senales,3105_2_85,16.0,8.0
Valle del Cauca,2017-12-27 19:46:00,84,690.0,2017-01-13 05:00:00,viernes,20,Normal,Seca y limpia,Plano,Terraplen,Recta,Parcial con reducción de carriles,0,0,1,0,1.0,Choque,no mantener distancia de seguridad,3105_2_84,21.0,3.0
Valle del Cauca,2017-12-27 19:56:00,78,488.0,2017-01-15 05:00:00,domingo,40,Normal,Seca y limpia,Plano,Terraplen,Recta,Parcial con reducción de carriles,0,0,1,0,1.0,Choque,no mantener distancia de seguridad,3105_2_78,17.0,7.0
Valle del Cauca,2017-12-27 19:59:00,86,292.0,2017-01-20 05:00:00,viernes,30,Normal,Seca y limpia,Plano,Terraplen,Recta,Parcial con reducción de carriles,0,0,0,0,1.0,Choque,maniobras imprudentes,3105_2_86,8.0,16.0
Valle del Cauca,2018-01-09 18:42:00,85,839.0,2017-02-09 05:00:00,jueves,30,Normal,Seca y limpia,Plano,Terraplen,Recta,Parcial con reducción de carriles,0,0,2,0,1.0,Choque,no mantener distancia de seguridad,3105_2_85,12.0,12.0
Valle del Cauca,2018-01-09 18:56:00,87,270.0,2017-02-13 05:00:00,lunes,30,Normal,Seca y limpia,Plano,Terraplen,Recta,Parcial con reducción de carriles,0,0,0,0,1.0,Choque,no determinada,3105_2_87,17.0,7.0
Valle del Cauca,2018-01-09 19:09:00,85,910.0,2017-02-17 05:00:00,viernes,30,Normal,Seca y limpia,Plano,Terraplen,Recta,Parcial con reducción de carriles,0,0,0,0,1.0,Choque,no determinada,3105_2_85,6.0,18.0
Valle del Cauca,2018-01-09 19:17:00,85,965.0,2017-02-24 05:00:00,viernes,30,Normal,Seca y limpia,Plano,Terraplen,Recta,Parcial con reducción de carriles,0,0,1,0,1.0,Choque,desobediencia a normas y senales,3105_2_85,22.0,2.0
Valle del Cauca,2018-01-09 19:28:00,78,418.0,2017-02-25 05:00:00,sabado,50,Lluvia,Humeda,Plano,Terraplen,Recta,Parcial con reducción de carriles,0,0,0,0,1.0,Choque,no determinada,3105_2_78,7.0,17.0
Cauca,2018-01-23 15:19:00,46,250.0,2017-12-17 05:00:00,domingo,40,Normal,Seca y limpia,Plano,Terraplen,Recta,Parcial con reducción de carriles,0,0,2,1,1.0,Choque,no determinada,3105_2_46,11.0,13.0
Valle del Cauca,2018-01-24 18:06:00,84,325.0,2017-03-04 05:00:00,sabado,50,Normal,Seca y limpia,Plano,Terraplen,Recta,Parcial con reducción de carriles,0,0,1,0,1.0,Choque,no determinada,3105_2_84,7.0,17.0
Valle del Cauca,2018-01-24 18:15:00,85,90.0,2017-03-05 05:00:00,domingo,40,Normal,Seca y limpia,Plano,Terraplen,Recta,Parcial con reducción de carriles,0,0,0,0,1.0,Choque,desobediencia a normas y senales,3105_2_85,4.0,20.0
Valle del Cauca,2018-01-24 18:27:00,87,360.0,2017-03-07 05:00:00,martes,55,Normal,Seca y limpia,Plano,Terraplen,Recta,Parcial con reducción de carriles,0,0,0,0,1.0,Choque,condiciones de la via y factores ambientales,3105_2_87,0.0,0.0
Valle del Cauca,2018-01-24 18:31:00,87,360.0,2017-03-14 05:00:00,martes,0,Normal,Seca y limpia,Plano,Terraplen,Recta,Parcial con reducción de carriles,0,0,1,0,1.0,Choque,no determinada,3105_2_87,23.0,1.0
Valle del Cauca,2018-01-24 18:38:00,85,640.0,2017-03-18 05:00:00,sabado,10,Normal,Seca y limpia,Plano,Terraplen,Recta,Parcial con reducción de carriles,0,0,0,0,1.0,Choque,no determinada,3105_2_85,3.0,21.0
Valle del Cauca,2018-01-24 18:41:00,83,832.0,2017-03-21 05:00:00,martes,50,Normal,Seca y limpia,Plano,Terraplen,Curva Derecha,Parcial con reducción de carriles,0,0,0,0,1.0,Choque,no mantener distancia de seguridad,3105_2_83,6.0,18.0
Valle del Cauca,2018-01-24 18:44:00,78,839.0,2017-03-27 05:00:00,lunes,30,Normal,Seca y limpia,Plano,Terraplen,Recta,Parcial con reducción de carriles,0,0,1,0,1.0,Choque,no determinada,3105_2_78,8.0,16.0
Valle del Cauca,2018-01-24 19:01:00,84,520.0,2017-03-30 05:00:00,jueves,40,Normal,Seca y limpia,Plano,Terraplen,Recta,Parcial con reducción de carriles,0,0,2,0,1.0,Choque,no determinada,3105_2_84,19.0,5.0
Valle del Cauca,2018-02-14 19:40:00,59,707.0,2017-12-19 05:00:00,martes,22,Normal,Seca y limpia,Plano,Terraplen,Recta,Parcial con reducción de carriles,0,0,0,0,1.0,Choque,adelantamientos indebidos,3105_2_59,4.0,20.0
Valle del Cauca,2018-02-14 20:07:00,62,312.0,2017-12-08 05:00:00,viernes,30,Normal,Seca y limpia,Plano,Terraplen,Recta,Parcial con reducción de carriles,0,0,1,0,1.0,Caída ocupante,no determinada,3105_2_62,18.0,6.0
Valle del Cauca,2018-02-14 19:48:00,59,350.0,2017-12-22 05:00:00,viernes,45,Normal,Seca y limpia,Plano,Terraplen,Recta,Parcial con reducción de carriles,0,0,3,0,1.0,Choque,no determinada,3105_2_59,16.0,8.0
Valle del Cauca,2018-02-14 19:54:00,56,880.0,2017-12-28 05:00:00,jueves,30,Lluvia,Humeda,Plano,Terraplen,Recta,Parcial con reducción de carriles,0,0,0,0,1.0,Salida de la vía sin volcarse,no determinada,3105_2_56,12.0,12.0
Valle del Cauca,2018-02-14 20:00:00,70,225.0,2017-12-02 05:00:00,sabado,20,Normal,Seca y limpia,Plano,Terraplen,Recta,Parcial con reducción de carriles,0,0,1,0,1.0,Choque,no determinada,3105_2_70,6.0,18.0
Cauca,2018-02-14 20:04:00,10,960.0,2018-01-10 05:00:00,miercoles,0,Normal,Seca y limpia,Plano,Terraplen,Recta,Transito normal con precaución,0,0,3,0,1.0,Atropello,no determinada,3105_2_10,22.0,2.0
Valle del Cauca,2018-02-14 20:10:00,62,420.0,2017-12-13 05:00:00,miercoles,40,Normal,Seca y limpia,Plano,Terraplen,Recta,Parcial con reducción de carriles,0,0,20,0,1.0,Volcamiento,no determinada,3105_2_62,11.0,13.0
Cauca,2018-02-14 20:43:00,16,0.0,2018-01-06 05:00:00,sabado,0,Normal,Seca y limpia,Plano,Terraplen,Recta,Transito normal con precaución,0,0,3,1,1.0,Choque,no determinada,3105_2_16,18.0,6.0
Cauca,2018-02-14 21:30:00,10,700.0,2018-01-10 05:00:00,miercoles,20,Normal,Seca y limpia,Plano,Terraplen,Recta,Parcial con reducción de carriles,0,0,0,0,1.0,Choque,maniobras imprudentes,3105_2_10,18.0,6.0
Cauca,2018-02-14 21:30:00,10,700.0,2018-01-10 05:00:00,miercoles,20,Normal,Seca y limpia,Plano,Terraplen,Recta,Parcial con reducción de carriles,0,0,0,0,1.0,Choque,maniobras imprudentes,3105_2_10,20.0,4.0
Cauca,2018-02-14 21:30:00,10,700.0,2018-01-10 05:00:00,miercoles,20,Normal,Seca y limpia,Plano,Terraplen,Recta,Parcial con reducción de carriles,0,0,0,0,1.0,Choque,maniobras imprudentes,3105_2_10,7.0,17.0
Cauca,2018-02-14 21:50:00,44,300.0,2018-01-02 05:00:00,martes,30,Normal,Seca y limpia,Plano,Terraplen,Recta,Transito normal con precaución,0,0,0,0,1.0,Choque,condiciones de la via y factores ambientales,3105_2_44,17.0,7.0
Cauca,2018-02-14 21:50:00,44,300.0,2018-01-02 05:00:00,martes,30,Normal,Seca y limpia,Plano,Terraplen,Recta,Transito normal con precaución,0,0,0,0,1.0,Choque,condiciones de la via y factores ambientales,3105_2_44,18.0,6.0
Valle del Cauca,2018-03-12 16:10:00,68,790.0,2017-04-02 05:00:00,domingo,0,Normal,Seca y limpia,Plano,Terraplen,Recta,Parcial con reducción de carriles,0,0,1,0,1.0,Caída ocupante,condiciones de la via y factores ambientales,3105_2_68,14.0,10.0
Valle del Cauca,2018-03-12 16:18:00,68,790.0,2017-04-12 05:00:00,miercoles,10,Normal,Seca y limpia,Plano,Terraplen,Recta,Parcial con reducción de carriles,0,0,2,0,1.0,Choque,no determinada,3105_2_68,17.0,7.0
Valle del Cauca,2018-03-12 16:32:00,71,30.0,2017-04-28 05:00:00,viernes,20,Normal,Seca y limpia,Plano,Terraplen,Recta,Parcial con reducción de carriles,0,0,3,0,1.0,Choque,no determinada,3105_2_71,19.0,5.0
Valle del Cauca,2018-03-12 16:37:00,87,170.0,2017-04-02 05:00:00,domingo,40,Normal,Seca y limpia,Plano,Terraplen,Recta,Parcial con reducción de carriles,0,0,0,0,1.0,Choque,no determinada,3105_2_87,6.0,18.0
Valle del Cauca,2018-03-12 16:41:00,85,965.0,2017-04-04 05:00:00,martes,15,Normal,Seca y limpia,Plano,Terraplen,Recta,Parcial con reducción de carriles,0,0,1,0,1.0,Choque,no determinada,3105_2_85,13.0,11.0
Valle del Cauca,2018-03-12 16:47:00,85,881.0,2017-04-10 05:00:00,lunes,20,Normal,Seca y limpia,Plano,Terraplen,Recta,Parcial con reducción de carriles,0,0,1,0,1.0,Atropello,no determinada,3105_2_85,5.0,19.0
Valle del Cauca,2018-03-12 16:59:00,82,30.0,2017-04-22 05:00:00,sabado,35,Normal,Seca y limpia,Plano,Terraplen,Recta,Parcial con reducción de carriles,0,0,0,0,1.0,Choque,embriaguez o sustancias alucinogenas,3105_2_82,6.0,18.0
Valle del Cauca,2018-03-12 17:05:00,78,518.0,2017-04-22 05:00:00,sabado,0,Normal,Seca y limpia,Plano,Terraplen,Curva Derecha,Parcial con reducción de carriles,0,0,0,0,1.0,Choque,no determinada,3105_2_78,18.0,6.0
Valle del Cauca,2018-03-12 19:15:00,55,65.0,2018-01-04 05:00:00,jueves,15,Normal,Seca y limpia,Plano,Terraplen,Recta,Parcial con reducción de carriles,0,0,1,0,1.0,Choque,no mantener distancia de seguridad,3105_2_55,20.0,4.0
Valle del Cauca,2018-03-12 19:26:00,59,970.0,2018-01-13 05:00:00,sabado,10,Lluvia,Humeda,Plano,Terraplen,Curva Derecha,Parcial con reducción de carriles,0,0,0,0,1.0,Choque,no mantener distancia de seguridad,3105_2_59,15.0,9.0
Valle del Cauca,2018-03-26 20:53:00,87,195.0,2017-05-07 05:00:00,domingo,20,Normal,Seca y limpia,Plano,Terraplen,Recta,Parcial con reducción de carriles,0,0,0,0,1.0,Choque,no determinada,3105_2_87,1.0,23.0
Valle del Cauca,2018-04-09 13:51:00,68,660.0,2017-05-13 05:00:00,sabado,0,Normal,Seca y limpia,Plano,Terraplen,Recta,Parcial con reducción de carriles,0,0,2,0,1.0,Atropello,conducta de pasajeros,3105_2_68,14.0,10.0
Valle del Cauca,2018-04-09 14:07:00,85,410.0,2017-05-07 05:00:00,domingo,50,Normal,Seca y limpia,Plano,Terraplen,Recta,Parcial con reducción de carriles,0,0,1,0,1.0,Atropello,conducta de peatones,3105_2_85,19.0,5.0
Valle del Cauca,2018-04-09 14:24:00,85,330.0,2017-05-09 05:00:00,martes,30,Normal,Seca y limpia,Plano,Terraplen,Recta,Parcial con reducción de carriles,0,0,1,0,1.0,Choque,desobediencia a normas y senales,3105_2_85,1.0,23.0
Valle del Cauca,2018-04-09 14:28:00,85,115.0,2017-05-14 05:00:00,domingo,20,Lluvia,Humeda,Plano,Terraplen,Recta,Parcial con reducción de carriles,0,0,1,0,1.0,Choque,no determinada,3105_2_85,12.0,12.0
Cauca,2017-09-26 15:00:00,48,900.0,2017-08-06 05:00:00,domingo,0,Normal,Seca y limpia,Plano,Terraplen,Recta,Transito normal con precaución,16,30,0,0,1.0,Choque,imprudencia del conductor,3105_1_48,15.0,1.0
Valle del Cauca,2018-04-09 14:53:00,78,418.0,2017-05-17 05:00:00,miercoles,30,Lluvia,Humeda,Plano,Terraplen,Curva Derecha,Parcial con reducción de carriles,0,0,1,0,1.0,Choque,adelantamientos indebidos,3105_2_78,19.0,5.0