territorial,fecha_registro,pr,distancia_pr,fecha_acc,dia_semana_acc,min_acc,condic_meteor,estado_super,terreno,secc_tip,geometria_acc,tipo_cierre,horas_cierre,min_cierre,n_heridos,n_muertos,n_victimas,clase_accidente,causa_posible,ref_loc,hora_acc,duracion_cierre_horas
Valle del Cauca,2018-04-09 14:57:00,82,940.0,2017-05-30 05:00:00,martes,30,Normal,Seca y limpia,Plano,Terraplen,Recta,Parcial con reducción de carriles,0,0,0,0,1.0,Choque,no mantener distancia de seguridad,3105_2_82,18.0,6.0
Cauca,2018-04-17 20:15:00,15,980.0,2018-02-15 05:00:00,jueves,20,Normal,Seca y limpia,Ondulado,Media ladera Izquierda,Curva Izquierda,Transito normal con precaución,0,0,3,0,1.0,Choque,no determinada,3105_2_15,3.0,21.0
Cauca,2018-04-17 20:19:00,47,10.0,2018-02-18 05:00:00,domingo,20,Lluvia,Humeda,Plano,Terraplen,Recta,Transito normal con precaución,0,0,1,0,1.0,Choque,maniobras imprudentes,3105_2_47,15.0,9.0
Cauca,2018-04-17 20:23:00,13,150.0,2018-02-22 05:00:00,jueves,20,Normal,Humeda,Plano,Terraplen,Recta,Transito normal con precaución,0,0,1,0,1.0,Choque,no determinada,3105_2_13,5.0,19.0
Cauca,2018-04-18 16:18:00,11,100.0,2018-03-03 05:00:00,sabado,20,Seca,Seca y limpia,Plano,Terraplen,Recta,Transito normal con precaución,0,0,2,0,1.0,Volcamiento,no determinada,3105_2_11,11.0,13.0
Valle del Cauca,2018-04-19 18:37:00,54,660.0,2018-03-24 05:00:00,sabado,45,Lluvia,Humeda,Plano,Terraplen,Recta,Parcial con reducción de carriles,0,0,1,0,1.0,Choque,no determinada,3105_2_54,20.0,4.0
Valle del Cauca,2018-04-19 18:41:00,70,197.0,2018-03-04 05:00:00,domingo,15,Normal,Seca y limpia,Plano,Terraplen,Recta,Parcial con reducción de carriles,0,0,2,0,1.0,Choque,no determinada,3105_2_70,15.0,9.0
Valle del Cauca,2018-04-19 18:50:00,71,545.0,2018-03-09 05:00:00,viernes,30,Normal,Seca y limpia,Plano,Terraplen,Recta,Parcial con reducción de carriles,0,0,2,1,1.0,Choque,no determinada,3105_2_71,7.0,17.0
Valle del Cauca,2018-04-19 18:55:00,76,119.0,2018-03-09 05:00:00,viernes,0,Normal,Seca y limpia,Plano,Terraplen,Recta,Parcial con reducción de carriles,0,0,1,0,1.0,Choque,no determinada,3105_2_76,6.0,18.0
Valle del Cauca,2018-04-19 19:00:00,68,894.0,2018-03-11 05:00:00,domingo,38,Normal,Seca y limpia,Plano,Terraplen,Recta,Parcial con reducción de carriles,0,0,2,0,1.0,Atropello,no determinada,3105_2_68,11.0,13.0
Valle del Cauca,2018-04-19 19:07:00,70,556.0,2018-03-15 05:00:00,jueves,50,Normal,Seca y limpia,Plano,Terraplen,Recta,Parcial con reducción de carriles,0,0,1,0,1.0,Choque,maniobras imprudentes,3105_2_70,19.0,5.0
Valle del Cauca,2018-04-19 19:07:00,70,556.0,2018-03-15 05:00:00,jueves,50,Normal,Seca y limpia,Plano,Terraplen,Recta,Parcial con reducción de carriles,0,0,1,0,1.0,Choque,maniobras imprudentes,3105_2_70,14.0,10.0
Valle del Cauca,2018-04-26 14:19:00,55,300.0,2017-06-13 05:00:00,martes,15,Normal,Seca y limpia,Plano,Terraplen,Recta,Parcial con reducción de carriles,0,0,1,0,1.0,Atropello,conducta de peatones,3105_2_55,16.0,8.0
Valle del Cauca,2018-04-26 14:31:00,85,105.0,2017-06-01 05:00:00,jueves,30,Normal,Seca y limpia,Plano,Terraplen,Recta,Parcial con reducción de carriles,0,0,1,0,1.0,Choque,desobediencia a normas y senales,3105_2_85,12.0,12.0
Valle del Cauca,2018-04-26 14:34:00,78,418.0,2017-06-10 05:00:00,sabado,0,Normal,Seca y limpia,Plano,Terraplen,Curva Izquierda,Parcial con reducción de carriles,0,0,2,0,1.0,Choque,maniobras imprudentes,3105_2_78,18.0,6.0
Valle del Cauca,2018-04-26 14:44:00,87,195.0,2017-06-14 05:00:00,miercoles,24,Normal,Seca y limpia,Plano,Terraplen,Recta,Parcial con reducción de carriles,0,0,0,0,1.0,Choque,no mantener distancia de seguridad,3105_2_87,1.0,23.0
Valle del Cauca,2018-04-26 15:18:00,85,960.0,2017-06-16 05:00:00,viernes,0,Normal,Seca y limpia,Plano,Terraplen,Recta,Parcial con reducción de carriles,0,0,1,0,1.0,Choque,desobediencia a normas y senales,3105_2_85,2.0,22.0
Valle del Cauca,2018-04-26 15:15:00,85,970.0,2017-06-14 05:00:00,miercoles,30,Normal,Seca y limpia,Plano,Terraplen,Recta,Parcial con reducción de carriles,0,0,0,0,1.0,Choque,no mantener distancia de seguridad,3105_2_85,17.0,7.0
Valle del Cauca,2018-04-26 15:22:00,80,170.0,2017-06-17 05:00:00,sabado,30,Normal,Seca y limpia,Plano,Terraplen,Recta,Parcial con reducción de carriles,0,0,2,0,1.0,Choque,embriaguez o sustancias alucinogenas,3105_2_80,13.0,11.0
Cauca,2017-08-17 15:37:00,49,500.0,2017-07-07 05:00:00,viernes,0,Normal,Seca y limpia,Plano,Terraplen,Recta,Parcial con reducción de carriles,0,0,0,1,1.0,Choque,no determinada,3105_1_49,10.0,14.0
Cauca,2017-09-26 15:05:00,48,200.0,2017-08-07 05:00:00,lunes,5,Normal,Seca y limpia,Plano,Terraplen,Recta,Transito normal con precaución,13,30,2,0,1.0,Choque,imprudencia del conductor,3105_1_48,8.0,5.0
Cauca,2017-10-24 21:13:00,49,870.0,2017-09-24 05:00:00,domingo,0,Normal,Seca y limpia,Plano,Terraplen,Recta,Transito normal con precaución,0,0,3,0,1.0,Choque,adelantamientos indebidos,3105_1_49,18.0,6.0
Cauca,2017-11-22 15:12:00,49,150.0,2017-10-08 05:00:00,domingo,30,Normal,Otra,Plano,Terraplen,Recta,Transito normal con precaución,0,0,2,0,1.0,Choque,condiciones de la via y factores ambientales,3105_1_49,23.0,1.0
Valle del Cauca,2017-12-13 21:16:00,87,300.0,2016-12-03 05:00:00,sabado,0,Normal,Seca y limpia,Plano,Terraplen,Recta,Parcial con reducción de carriles,0,0,2,0,1.0,Volcamiento,embriaguez o sustancias alucinogenas,3105_1_87,0.0,0.0
Valle del Cauca,2017-12-27 20:04:00,87,180.0,2017-01-28 05:00:00,sabado,0,Normal,Seca y limpia,Plano,Terraplen,Recta,Parcial con reducción de carriles,0,0,0,0,1.0,Choque,desobediencia a normas y senales,3105_1_87,14.0,10.0
Valle del Cauca,2018-01-09 18:49:00,87,874.0,2017-02-12 05:00:00,domingo,30,Normal,Seca y limpia,Plano,Terraplen,Recta,Parcial con reducción de carriles,0,0,0,0,1.0,Choque,no mantener distancia de seguridad,3105_1_87,15.0,9.0
Valle del Cauca,2018-03-12 16:14:00,69,542.0,2017-04-05 05:00:00,miercoles,25,Normal,Seca y limpia,Plano,Terraplen,Recta,Parcial con reducción de carriles,0,0,1,0,1.0,Choque,no mantener distancia de seguridad,3105_1_69,3.0,21.0
Valle del Cauca,2018-03-12 16:22:00,69,870.0,2017-04-17 05:00:00,lunes,15,Normal,Seca y limpia,Plano,Terraplen,Recta,Parcial con reducción de carriles,0,0,1,0,1.0,Choque,desobediencia a normas y senales,3105_1_69,16.0,8.0
Valle del Cauca,2018-03-12 16:45:00,84,310.0,2017-04-05 05:00:00,miercoles,35,Normal,Seca y limpia,Plano,Terraplen,Recta,Parcial con reducción de carriles,0,0,2,0,1.0,Choque,desobediencia a normas y senales,3105_1_84,13.0,11.0
Valle del Cauca,2018-03-12 16:49:00,87,620.0,2017-04-10 05:00:00,lunes,20,Normal,Seca y limpia,Plano,Terraplen,Recta,Parcial con reducción de carriles,0,0,0,0,1.0,Choque,desobediencia a normas y senales,3105_1_87,0.0,0.0
Valle del Cauca,2018-03-12 16:55:00,86,290.0,2017-04-17 05:00:00,lunes,0,Lluvia,Humeda,Plano,Terraplen,Recta,Parcial con reducción de carriles,0,0,1,0,1.0,Choque,no determinada,3105_1_86,22.0,2.0
Valle del Cauca,2018-03-12 17:08:00,87,158.0,2017-04-24 05:00:00,lunes,30,Normal,Seca y limpia,Plano,Terraplen,Recta,Parcial con reducción de carriles,0,0,0,0,1.0,Choque,no determinada,3105_1_87,12.0,12.0
Valle del Cauca,2018-03-12 19:29:00,50,300.0,2018-01-31 05:00:00,miercoles,50,Normal,Seca y limpia,Plano,Terraplen,Curva Izquierda,Parcial con reducción de carriles,0,0,2,0,1.0,Choque,conducta de peatones,3105_1_50,9.0,15.0
Valle del Cauca,2018-03-26 21:24:00,86,267.0,2017-05-21 05:00:00,domingo,50,Lluvia,Humeda,Plano,Terraplen,Recta,Parcial con reducción de carriles,0,0,3,0,1.0,Choque,no determinada,3105_1_86,11.0,13.0
Valle del Cauca,2018-04-09 13:47:00,53,136.0,2017-05-22 05:00:00,lunes,25,Normal,Seca y limpia,Plano,Terraplen,Recta,Parcial con reducción de carriles,0,0,2,0,1.0,Choque,no determinada,3105_1_53,3.0,21.0
Valle del Cauca,2018-04-09 13:57:00,73,200.0,2017-05-18 05:00:00,jueves,0,Normal,Seca y limpia,Plano,Terraplen,Recta,Parcial con reducción de carriles,0,0,2,0,1.0,Choque,no determinada,3105_1_73,7.0,17.0
Valle del Cauca,2018-04-09 14:01:00,77,760.0,2017-05-07 05:00:00,domingo,50,Lluvia,Humeda,Plano,Terraplen,Recta,Parcial con reducción de carriles,0,0,0,0,1.0,Choque,no determinada,3105_1_77,10.0,14.0
Valle del Cauca,2018-04-09 14:34:00,84,616.0,2017-05-16 05:00:00,martes,30,Normal,Seca y limpia,Plano,Terraplen,Recta,Parcial con reducción de carriles,0,0,0,0,1.0,Choque,no determinada,3105_1_84,3.0,21.0
Cauca,2018-04-17 20:05:00,47,800.0,2018-02-04 05:00:00,domingo,35,Normal,Seca y limpia,Plano,Terraplen,Recta,Transito normal con precaución,0,0,2,0,1.0,Volcamiento,exceso de velocidad,3105_1_47,8.0,16.0
Cauca,2018-04-17 20:05:00,47,800.0,2018-02-04 05:00:00,domingo,35,Normal,Seca y limpia,Plano,Terraplen,Recta,Transito normal con precaución,0,0,2,0,1.0,Volcamiento,exceso de velocidad,3105_1_47,10.0,14.0
Cauca,2018-04-17 20:10:00,46,900.0,2018-02-05 05:00:00,lunes,10,Normal,Seca y limpia,Plano,Terraplen,Recta,Transito normal con precaución,0,0,0,0,1.0,Choque,maniobras imprudentes,3105_1_46,17.0,7.0
Valle del Cauca,2018-04-19 18:35:00,53,645.0,2018-03-04 05:00:00,domingo,40,Normal,Seca y limpia,Plano,Terraplen,Recta,Parcial con reducción de carriles,0,0,0,1,1.0,Volcamiento,no determinada,3105_1_53,9.0,15.0
Valle del Cauca,2018-04-19 18:43:00,73,700.0,2018-03-07 05:00:00,miercoles,20,Normal,Seca y limpia,Plano,Terraplen,Recta,Parcial con reducción de carriles,0,0,0,1,1.0,Atropello,no determinada,3105_1_73,16.0,8.0
Valle del Cauca,2018-04-19 18:46:00,69,103.0,2018-03-08 05:00:00,jueves,45,Normal,Seca y limpia,Plano,Terraplen,Recta,Parcial con reducción de carriles,0,0,1,0,1.0,Choque,no determinada,3105_1_69,1.0,23.0
Valle del Cauca,2018-04-19 18:58:00,69,80.0,2018-03-10 05:00:00,sabado,30,Normal,Seca y limpia,Plano,Terraplen,Recta,Parcial con reducción de carriles,0,0,1,0,1.0,Choque,no determinada,3105_1_69,3.0,21.0
Valle del Cauca,2018-04-19 19:04:00,69,880.0,2018-03-14 05:00:00,miercoles,30,Normal,Seca y limpia,Plano,Terraplen,Recta,Parcial con reducción de carriles,0,0,2,0,1.0,Choque,conducta de pasajeros,3105_1_69,19.0,5.0
Valle del Cauca,2018-04-19 19:09:00,69,280.0,2018-03-15 05:00:00,jueves,30,Normal,Humeda,Plano,Terraplen,Recta,Parcial con reducción de carriles,0,0,1,0,1.0,Atropello,no determinada,3105_1_69,23.0,1.0
Valle del Cauca,2018-04-26 14:22:00,50,440.0,2017-06-21 05:00:00,miercoles,50,Normal,Seca y limpia,Plano,Terraplen,Curva Izquierda,Parcial con reducción de carriles,0,0,2,0,1.0,Choque,no mantener distancia de seguridad,3105_1_50,7.0,17.0
Valle del Cauca,2018-04-26 14:26:00,50,350.0,2017-06-24 05:00:00,sabado,50,Normal,Seca y limpia,Plano,Terraplen,Curva Izquierda,Parcial con reducción de carriles,0,0,1,1,1.0,Volcamiento,no determinada,3105_1_50,18.0,6.0
Valle del Cauca,2018-04-26 15:24:00,87,600.0,2017-06-21 05:00:00,miercoles,50,Normal,Seca y limpia,Plano,Terraplen,Recta,Parcial con reducción de carriles,0,0,0,0,1.0,Choque,no determinada,3105_1_87,15.0,9.0
Caquetá,2017-10-04 19:36:00,81,700.0,2017-08-14 05:00:00,lunes,0,Normal,Seca y limpia,Ondulado,Cajón,Recta,Transito normal con precaución,0,0,1,0,1.0,Atropello,condiciones de la via y factores ambientales,3002_2_81,14.0,10.0
Caquetá,2017-10-04 19:44:00,96,50.0,2017-08-18 05:00:00,viernes,40,Sol,Seca y limpia,Plano,Cajón,Curva Izquierda,Transito normal con precaución,0,0,0,0,1.0,Salida de la vía sin volcarse,fallas mecanicas y del sistema electrico,3002_2_96,18.0,6.0
Caquetá,2018-02-08 22:59:00,84,950.0,2018-01-29 05:00:00,lunes,30,Sol,Seca y limpia,Montañoso,Cajón,Curva Derecha,Transito normal con precaución,0,0,0,0,1.0,Choque,maniobras imprudentes,3002_2_84,19.0,5.0
Caquetá,2018-03-08 13:31:00,100,255.0,2018-02-15 05:00:00,jueves,0,Sol,Seca y limpia,Montañoso,Cajón,Curva Izquierda,Transito normal con precaución,2,0,0,0,1.0,Volcamiento,imprudencia del conductor,3002_2_100,11.0,15.0
Huila,2017-07-19 16:51:00,2,305.0,2017-03-31 05:00:00,viernes,0,Sol,Seca y limpia,Plano,Terraplen,Recta,Transito normal con precaución,0,0,1,0,1.0,Choque,maniobras imprudentes,3001_0_2,19.0,5.0
Huila,2017-07-19 17:01:00,6,943.0,2017-05-07 05:00:00,domingo,26,Normal,Seca y limpia,Ondulado,Cajón,Recta,Transito normal con precaución,0,0,1,0,1.0,Volcamiento,fallas mecanicas y del sistema electrico,3001_0_6,9.0,15.0
Huila,2017-07-19 17:06:00,1,560.0,2017-06-11 05:00:00,domingo,18,Normal,Seca y limpia,Plano,Terraplen,Recta,Transito normal con precaución,0,0,5,1,1.0,Volcamiento,fallas mecanicas y del sistema electrico,3001_0_1,5.0,19.0
Huila,2017-09-27 16:38:00,2,270.0,2017-08-31 05:00:00,jueves,43,Normal,Seca y limpia,Plano,Terraplen,Recta,Transito normal con precaución,0,0,0,0,1.0,Choque,no determinada,3001_0_2,17.0,7.0
Huila,2017-10-19 13:13:00,0,750.0,2017-09-15 05:00:00,viernes,47,Seca,Seca y limpia,Plano,Terraplen,Curva Izquierda,Transito normal con precaución,0,0,6,0,1.0,Choque,embriaguez o sustancias alucinogenas,3001_0_0,11.0,13.0
Huila,2017-12-21 13:33:00,1,420.0,2017-11-22 05:00:00,miercoles,35,Normal,Seca y limpia,Plano,Terraplen,Recta,Transito normal con precaución,0,0,2,0,1.0,Choque,no mantener distancia de seguridad,3001_0_1,22.0,2.0
Risaralda,2017-08-26 15:54:00,9,950.0,2017-06-12 05:00:00,lunes,45,Normal,Seca y limpia,Plano,Cajón,Recta,Transito normal con precaución,0,0,2,0,1.0,Choque,no determinada,29RSC_1_9,10.0,14.0
Risaralda,2017-09-28 20:34:00,9,950.0,2017-07-12 05:00:00,miercoles,38,Normal,Seca y limpia,Plano,Media ladera Izquierda,Recta,Transito normal con precaución,0,0,1,0,1.0,Choque,adelantamientos indebidos,29RSC_1_9,0.0,0.0
Risaralda,2017-10-09 15:21:00,9,400.0,2017-08-15 05:00:00,martes,0,Normal,Seca y limpia,Ondulado,Terraplen,Curva Derecha,Transito normal con precaución,0,0,5,0,1.0,Choque,adelantamientos indebidos,29RSC_1_9,21.0,3.0
Risaralda,2017-10-09 17:05:00,9,210.0,2017-08-31 05:00:00,jueves,45,Normal,Seca y limpia,Plano,Media Ladera Derecha,Recta,Transito normal con precaución,0,0,0,0,1.0,Choque,no determinada,29RSC_1_9,17.0,7.0
Risaralda,2017-11-17 14:39:00,9,958.0,2017-10-09 05:00:00,lunes,15,Normal,Seca y limpia,Plano,Terraplen,Recta,Transito normal con precaución,0,0,1,0,1.0,Choque,desobediencia a normas y senales,29RSC_1_9,19.0,5.0
Risaralda,2017-11-20 19:54:00,9,420.0,2017-10-02 05:00:00,lunes,50,Normal,Seca y limpia,Ondulado,Terraplen,Curva Derecha,Transito normal con precaución,0,0,1,0,1.0,Choque,exceso de velocidad,29RSC_1_9,8.0,16.0
Risaralda,2018-01-19 16:37:00,9,750.0,2017-12-29 05:00:00,viernes,0,Normal,Seca y limpia,Plano,Terraplen,Curva Derecha,Transito normal con precaución,0,0,0,0,1.0,Choque,no mantener distancia de seguridad,29RSC_1_9,15.0,9.0
Risaralda,2018-02-15 20:05:00,9,380.0,2018-01-25 05:00:00,jueves,40,Normal,Seca y limpia,Plano,Terraplen,Recta,Transito normal con precaución,0,0,0,1,1.0,Choque,desobediencia a normas y senales,29RSC_1_9,21.0,3.0
Risaralda,2018-04-03 19:02:00,9,360.0,2018-02-15 05:00:00,jueves,0,Normal,Seca y limpia,Plano,Terraplen,Recta,Transito normal con precaución,0,0,0,0,1.0,Choque,no mantener distancia de seguridad,29RSC_2_9,20.0,4.0
Risaralda,2018-04-06 14:33:00,9,958.0,2018-02-27 05:00:00,martes,30,Normal,Seca y limpia,Plano,Terraplen,Recta,Transito normal con precaución,0,0,1,0,1.0,Choque,desobediencia a normas y senales,29RSC_2_9,18.0,6.0
Risaralda,2018-04-06 14:52:00,9,862.0,2018-02-28 05:00:00,miercoles,40,Normal,Seca y limpia,Plano,Media ladera Izquierda,Recta,Transito normal con precaución,0,0,2,1,1.0,Choque,condiciones de la via y factores ambientales,29RSC_2_9,22.0,2.0
Risaralda,2018-04-19 19:37:00,9,958.0,2018-03-02 05:00:00,viernes,5,Normal,Seca y limpia,Plano,Terraplen,Recta,Transito normal con precaución,0,0,0,0,1.0,Choque,desobediencia a normas y senales,29RSC_2_9,1.0,23.0
Risaralda,2018-03-16 17:06:00,7,810.0,2018-02-05 05:00:00,lunes,20,Lluvia,Humeda,Ondulado,Media Ladera Derecha,Curva Izquierda,Transito normal con precaución,0,0,0,0,1.0,Volcamiento,desobediencia a normas y senales,29RSC_2_7,10.0,14.0
Risaralda,2017-10-09 16:06:00,9,958.0,2017-08-23 05:00:00,miercoles,50,Normal,Seca y limpia,Plano,Terraplen,Recta,Transito normal con precaución,0,0,0,0,1.0,Choque,maniobras imprudentes,29RSC_1_9,0.0,0.0
Risaralda,2017-07-01 16:33:00,9,950.0,2017-04-13 05:00:00,jueves,30,Normal,Seca y limpia,Plano,Media ladera Izquierda,Recta,Transito normal con precaución,0,0,0,1,1.0,Choque,desobediencia a normas y senales,29RSC_1_9,14.0,10.0
Risaralda,2017-08-12 16:25:00,9,950.0,2017-06-05 05:00:00,lunes,40,Normal,Seca y limpia,Plano,Media ladera Izquierda,Recta,Transito normal con precaución,0,0,0,0,1.0,Choque,desobediencia a normas y senales,29RSC_1_9,12.0,12.0
Risaralda,2017-08-26 15:24:00,9,950.0,2017-06-10 05:00:00,sabado,56,Normal,Seca y limpia,Plano,Media ladera Izquierda,Recta,Transito normal con precaución,0,0,1,0,1.0,Choque,desobediencia a normas y senales,29RSC_1_9,23.0,1.0
Risaralda,2018-01-19 15:48:00,3,400.0,2017-12-22 05:00:00,viernes,37,Normal,Seca y limpia,Plano,Media ladera Izquierda,Recta,Transito normal con precaución,0,0,0,0,1.0,Choque,no mantener distancia de seguridad,29RSC_1_3,1.0,23.0
Risaralda,2018-01-19 16:28:00,4,0.0,2017-12-26 05:00:00,martes,20,Normal,Seca y limpia,Ondulado,Cajón,Curva Izquierda,Transito normal con precaución,0,0,2,0,1.0,Choque,no determinada,29RSC_1_4,14.0,10.0
Risaralda,2018-01-19 16:51:00,7,920.0,2017-12-31 05:00:00,domingo,10,Normal,Aceite,Ondulado,Cajón,Curva Izquierda,Transito normal con precaución,0,0,0,0,1.0,Volcamiento,no determinada,29RSC_1_7,1.0,23.0
Risaralda,2018-02-14 19:53:00,8,350.0,2018-01-02 05:00:00,martes,50,Normal,Seca y limpia,Ondulado,Media Ladera Derecha,Recta,Transito normal con precaución,0,0,0,0,1.0,Choque,no mantener distancia de seguridad,29RSC_1_8,14.0,10.0
Risaralda,2018-02-14 21:08:00,8,750.0,2018-01-04 05:00:00,jueves,30,Normal,Seca y limpia,Plano,Media Ladera Derecha,Recta,Transito normal con precaución,0,0,0,0,1.0,Choque,no mantener distancia de seguridad,29RSC_1_8,13.0,11.0
Risaralda,2018-02-15 18:35:00,11,700.0,2018-01-12 05:00:00,viernes,45,Normal,Seca y limpia,Plano,Media Ladera Derecha,Recta,Transito normal con precaución,0,0,2,0,1.0,Choque,desobediencia a normas y senales,29RSC_1_11,6.0,18.0
Risaralda,2018-02-15 19:00:00,0,0.0,2018-01-15 05:00:00,lunes,30,Lluvia,Humeda,Ondulado,Media Ladera Derecha,Recta,Transito normal con precaución,0,0,0,0,1.0,Choque,no mantener distancia de seguridad,29RSC_1_0,20.0,4.0
Risaralda,2018-02-15 19:00:00,0,0.0,2018-01-15 05:00:00,lunes,30,Lluvia,Humeda,Ondulado,Media Ladera Derecha,Recta,Transito normal con precaución,0,0,0,0,1.0,Choque,no mantener distancia de seguridad,29RSC_1_0,7.0,17.0
Risaralda,2018-02-15 20:01:00,4,500.0,2018-01-24 05:00:00,miercoles,45,Normal,Seca y limpia,Ondulado,Media Ladera Derecha,Recta,Transito normal con precaución,0,0,0,0,1.0,Choque,no mantener distancia de seguridad,29RSC_1_4,6.0,18.0
Risaralda,2018-02-15 14:35:00,5,300.0,2018-01-04 05:00:00,jueves,30,Normal,Seca y limpia,Ondulado,Media ladera Izquierda,Recta,Transito normal con precaución,0,0,0,0,1.0,Choque,no determinada,29RSC_1_5,6.0,18.0
Risaralda,2018-02-15 14:40:00,5,300.0,2018-01-05 05:00:00,viernes,15,Normal,Seca y limpia,Ondulado,Media ladera Izquierda,Recta,Transito normal con precaución,0,0,0,0,1.0,Choque,maniobras imprudentes,29RSC_1_5,8.0,16.0
Risaralda,2018-02-15 15:27:00,7,600.0,2018-01-10 05:00:00,miercoles,35,Normal,Seca y limpia,Ondulado,Cajón,Recta,Transito normal con precaución,0,0,0,0,1.0,Choque,no mantener distancia de seguridad,29RSC_1_7,6.0,18.0
Risaralda,2018-02-15 20:32:00,5,300.0,2018-01-30 05:00:00,martes,20,Normal,Seca y limpia,Ondulado,Media ladera Izquierda,Recta,Transito normal con precaución,0,0,0,0,1.0,Choque,no mantener distancia de seguridad,29RSC_1_5,20.0,4.0
Risaralda,2018-03-14 19:26:00,12,150.0,2018-02-01 05:00:00,jueves,50,Normal,Seca y limpia,Plano,Terraplen,Recta,Transito normal con precaución,0,0,0,0,1.0,Choque,condiciones de la via y factores ambientales,29RSC_1_12,11.0,13.0
Risaralda,2018-04-02 21:29:00,6,370.0,2018-02-05 05:00:00,lunes,31,Lluvia,Humeda,Ondulado,Cajón,Recta,Transito normal con precaución,0,0,1,0,1.0,Volcamiento,no determinada,29RSC_1_6,11.0,13.0
Risaralda,2018-04-03 18:43:00,8,590.0,2018-02-13 05:00:00,martes,0,Normal,Seca y limpia,Plano,Media Ladera Derecha,Recta,Transito normal con precaución,0,0,1,0,1.0,Choque,desobediencia a normas y senales,29RSC_1_8,16.0,8.0
Risaralda,2018-04-03 20:11:00,11,700.0,2018-02-18 05:00:00,domingo,25,Lluvia,Humeda,Plano,Terraplen,Curva Izquierda,Transito normal con precaución,0,0,4,0,1.0,Choque,no determinada,29RSC_1_11,4.0,20.0
Risaralda,2018-04-03 20:52:00,8,950.0,2018-02-20 05:00:00,martes,30,Normal,Seca y limpia,Plano,Terraplen,Recta,Transito normal con precaución,0,0,0,0,1.0,Choque,desobediencia a normas y senales,29RSC_1_8,17.0,7.0
Risaralda,2018-04-03 21:06:00,4,30.0,2018-02-23 05:00:00,viernes,40,Normal,Seca y limpia,Ondulado,Media Ladera Derecha,Recta,Transito normal con precaución,0,0,0,0,1.0,Choque,no determinada,29RSC_1_4,16.0,8.0
Risaralda,2018-04-03 21:14:00,10,790.0,2018-02-24 05:00:00,sabado,45,Normal,Seca y limpia,Plano,Media Ladera Derecha,Recta,Transito normal con precaución,0,0,0,0,1.0,Choque,no determinada,29RSC_1_10,9.0,15.0
Risaralda,2018-04-19 21:52:00,5,300.0,2018-03-04 05:00:00,domingo,32,Normal,Seca y limpia,Ondulado,Media ladera Izquierda,Recta,Transito normal con precaución,0,0,0,0,1.0,Choque,no determinada,29RSC_1_5,3.0,21.0
Risaralda,2017-05-29 17:15:00,5,300.0,2017-03-12 05:00:00,domingo,56,Normal,Seca y limpia,Ondulado,Cajón,Recta,Transito normal con precaución,0,0,2,0,1.0,Choque,desobediencia a normas y senales,29RSC_1_5,9.0,15.0
Risaralda,2017-05-31 20:50:00,11,100.0,2017-03-23 05:00:00,jueves,20,Normal,Seca y limpia,Ondulado,Media Ladera Derecha,Recta,Transito normal con precaución,0,0,0,0,1.0,Choque,no mantener distancia de seguridad,29RSC_1_11,15.0,9.0
Risaralda,2017-05-31 21:45:00,8,350.0,2017-03-26 05:00:00,domingo,0,Lluvia,Humeda,Ondulado,Media Ladera Derecha,Curva Derecha,Transito normal con precaución,0,0,0,0,1.0,Choque,no mantener distancia de seguridad,29RSC_1_8,15.0,9.0
Risaralda,2017-06-01 22:14:00,12,700.0,2017-03-30 05:00:00,jueves,22,Lluvia,Humeda,Plano,Terraplen,Recta,Transito normal con precaución,0,0,0,0,1.0,Choque,maniobras imprudentes,29RSC_1_12,10.0,14.0
Risaralda,2017-06-03 14:59:00,7,200.0,2017-04-04 05:00:00,martes,15,Normal,Seca y limpia,Ondulado,Terraplen,Curva Derecha,Transito normal con precaución,0,0,0,0,1.0,Choque,no mantener distancia de seguridad,29RSC_1_7,10.0,14.0
Risaralda,2017-06-03 15:25:00,7,0.0,2017-04-05 05:00:00,miercoles,10,Normal,Seca y limpia,Ondulado,Terraplen,Curva Izquierda,Transito normal con precaución,0,0,0,0,1.0,Choque,no mantener distancia de seguridad,29RSC_1_7,12.0,12.0
Risaralda,2017-06-03 16:17:00,8,920.0,2017-04-09 05:00:00,domingo,0,Lluvia,Humeda,Plano,Terraplen,Recta,Transito normal con precaución,0,0,0,0,1.0,Choque,no mantener distancia de seguridad,29RSC_1_8,13.0,11.0
Risaralda,2017-07-01 16:21:00,8,955.0,2017-04-12 05:00:00,miercoles,15,Normal,Seca y limpia,Plano,Terraplen,Recta,Transito normal con precaución,0,0,1,0,1.0,Choque,imprudencia del conductor,29RSC_1_8,14.0,10.0
Risaralda,2017-07-01 16:25:00,1,0.0,2017-04-12 05:00:00,miercoles,10,Normal,Seca y limpia,Ondulado,Media ladera Izquierda,Recta,Transito normal con precaución,0,0,0,0,1.0,Choque,no mantener distancia de seguridad,29RSC_1_1,11.0,13.0
Risaralda,2017-07-01 17:41:00,7,200.0,2017-04-17 05:00:00,lunes,20,Normal,Seca y limpia,Ondulado,Terraplen,Curva Derecha,Transito normal con precaución,0,0,0,0,1.0,Choque,no mantener distancia de seguridad,29RSC_1_7,21.0,3.0
Risaralda,2017-07-01 17:59:00,5,0.0,2017-04-18 05:00:00,martes,40,Lluvia,Humeda,Ondulado,Cajón,Curva Derecha,Transito normal con precaución,0,0,1,0,1.0,Choque,maniobras imprudentes,29RSC_1_5,13.0,11.0
Risaralda,2017-07-08 15:40:00,4,400.0,2017-04-19 05:00:00,miercoles,30,Normal,Seca y limpia,Ondulado,Media Ladera Derecha,Curva Izquierda,Transito normal con precaución,0,0,0,0,1.0,Choque,adelantamientos indebidos,29RSC_1_4,12.0,12.0