territorial,fecha_registro,pr,distancia_pr,fecha_acc,dia_semana_acc,min_acc,condic_meteor,estado_super,terreno,secc_tip,geometria_acc,tipo_cierre,horas_cierre,min_cierre,n_heridos,n_muertos,n_victimas,clase_accidente,causa_posible,ref_loc,hora_acc,duracion_cierre_horas
Risaralda,2017-07-15 15:25:00,5,300.0,2017-04-22 05:00:00,sabado,0,Normal,Seca y limpia,Ondulado,Cajón,Recta,Transito normal con precaución,0,0,1,0,1.0,Choque,maniobras imprudentes,29RSC_1_5,18.0,6.0
Risaralda,2017-07-17 21:14:00,5,440.0,2017-04-27 05:00:00,jueves,38,Normal,Seca y limpia,Ondulado,Media Ladera Derecha,Curva Izquierda,Transito normal con precaución,0,0,0,0,1.0,Choque,maniobras imprudentes,29RSC_1_5,11.0,13.0
Risaralda,2017-07-22 15:44:00,3,730.0,2017-05-02 05:00:00,martes,44,Normal,Seca y limpia,Ondulado,Media Ladera Derecha,Curva Derecha,Transito normal con precaución,0,0,0,0,1.0,Choque,exceso de velocidad,29RSC_1_3,10.0,14.0
Risaralda,2017-07-22 15:51:00,3,400.0,2017-05-02 05:00:00,martes,20,Normal,Seca y limpia,Plano,Media ladera Izquierda,Recta,Transito normal con precaución,0,0,1,0,1.0,Choque,desobediencia a normas y senales,29RSC_1_3,20.0,4.0
Risaralda,2017-07-22 16:12:00,10,450.0,2017-05-04 05:00:00,jueves,50,Normal,Seca y limpia,Plano,Media Ladera Derecha,Recta,Transito normal con precaución,0,0,0,0,1.0,Choque,no mantener distancia de seguridad,29RSC_1_10,19.0,5.0
Risaralda,2017-07-22 16:43:00,6,450.0,2017-05-06 05:00:00,sabado,39,Lluvia,Humeda,Montañoso,Cajón,Curva Derecha,Transito normal con precaución,0,0,0,0,1.0,Choque,imprudencia del conductor,29RSC_1_6,13.0,11.0
Risaralda,2017-07-22 16:59:00,3,730.0,2017-05-06 05:00:00,sabado,10,Lluvia,Humeda,Ondulado,Media Ladera Derecha,Curva Derecha,Transito normal con precaución,0,0,0,0,1.0,Choque,desobediencia a normas y senales,29RSC_1_3,5.0,19.0
Risaralda,2017-07-26 18:37:00,6,0.0,2017-05-08 05:00:00,lunes,0,Lluvia,Humeda,Ondulado,Terraplen,Recta,Transito normal con precaución,0,0,0,0,1.0,Choque,no mantener distancia de seguridad,29RSC_1_6,6.0,18.0
Risaralda,2017-07-26 19:00:00,3,0.0,2017-05-10 05:00:00,miercoles,50,Lluvia,Humeda,Plano,Media ladera Izquierda,Recta,Transito normal con precaución,0,0,1,0,1.0,Caída ocupante,desobediencia a normas y senales,29RSC_1_3,6.0,18.0
Risaralda,2017-07-26 20:26:00,5,300.0,2017-05-13 05:00:00,sabado,10,Normal,Seca y limpia,Ondulado,Cajón,Recta,Transito normal con precaución,0,0,0,0,1.0,Choque,desobediencia a normas y senales,29RSC_1_5,19.0,5.0
Risaralda,2017-07-26 20:30:00,5,300.0,2017-05-14 05:00:00,domingo,26,Normal,Seca y limpia,Ondulado,Cajón,Recta,Transito normal con precaución,0,0,0,0,1.0,Choque,desobediencia a normas y senales,29RSC_1_5,6.0,18.0
Risaralda,2017-07-26 20:47:00,8,610.0,2017-05-14 05:00:00,domingo,50,Lluvia,Humeda,Plano,Media Ladera Derecha,Recta,Transito normal con precaución,0,0,1,0,1.0,Choque,no mantener distancia de seguridad,29RSC_1_8,7.0,17.0
Risaralda,2017-07-26 20:52:00,0,0.0,2017-05-14 05:00:00,domingo,50,Normal,Seca y limpia,Ondulado,Terraplen,Recta,Transito normal con precaución,0,0,0,0,1.0,Choque,no mantener distancia de seguridad,29RSC_1_0,10.0,14.0
Risaralda,2017-07-27 14:23:00,8,500.0,2017-05-16 05:00:00,martes,30,Normal,Seca y limpia,Plano,Terraplen,Recta,Transito normal con precaución,0,0,0,0,1.0,Choque,maniobras imprudentes,29RSC_1_8,15.0,9.0
Risaralda,2017-07-27 15:18:00,5,600.0,2017-05-17 05:00:00,miercoles,7,Lluvia,Humeda,Ondulado,Cajón,Recta,Transito normal con precaución,0,0,0,0,1.0,Choque,no mantener distancia de seguridad,29RSC_1_5,21.0,3.0
Risaralda,2017-07-28 15:39:00,12,160.0,2017-05-21 05:00:00,domingo,50,Normal,Seca y limpia,Plano,Terraplen,Recta,Transito normal con precaución,0,0,0,0,1.0,Choque,desobediencia a normas y senales,29RSC_1_12,20.0,4.0
Risaralda,2017-07-28 15:46:00,5,300.0,2017-05-21 05:00:00,domingo,20,Normal,Seca y limpia,Ondulado,Cajón,Recta,Transito normal con precaución,0,0,3,0,1.0,Choque,exceso de velocidad,29RSC_1_5,12.0,12.0
Risaralda,2017-07-28 15:50:00,6,500.0,2017-05-22 05:00:00,lunes,10,Lluvia,Humeda,Ondulado,Terraplen,Curva Izquierda,Transito normal con precaución,0,0,0,0,1.0,Choque,condiciones de la via y factores ambientales,29RSC_1_6,18.0,6.0
Risaralda,2017-07-28 16:04:00,0,0.0,2017-05-23 05:00:00,martes,40,Normal,Seca y limpia,Ondulado,Terraplen,Recta,Transito normal con precaución,0,0,0,0,1.0,Choque,no mantener distancia de seguridad,29RSC_1_0,13.0,11.0
Risaralda,2017-07-28 16:10:00,3,730.0,2017-05-25 05:00:00,jueves,20,Normal,Seca y limpia,Ondulado,Media Ladera Derecha,Curva Derecha,Transito normal con precaución,0,0,0,0,1.0,Choque,imprudencia del conductor,29RSC_1_3,9.0,15.0
Risaralda,2017-07-28 16:23:00,10,230.0,2017-05-26 05:00:00,viernes,0,Normal,Seca y limpia,Ondulado,Media ladera Izquierda,Curva Izquierda,Transito normal con precaución,0,0,0,0,1.0,Choque,adelantamientos indebidos,29RSC_1_10,12.0,12.0
Risaralda,2017-07-28 16:42:00,8,750.0,2017-05-27 05:00:00,sabado,10,Normal,Seca y limpia,Plano,Terraplen,Recta,Transito normal con precaución,0,0,0,0,1.0,Choque,no mantener distancia de seguridad,29RSC_1_8,7.0,17.0
Risaralda,2017-07-28 16:48:00,8,200.0,2017-05-30 05:00:00,martes,20,Normal,Seca y limpia,Ondulado,Media Ladera Derecha,Recta,Transito normal con precaución,0,0,1,0,1.0,Choque,maniobras imprudentes,29RSC_1_8,11.0,13.0
Risaralda,2017-08-12 15:02:00,6,300.0,2017-06-02 05:00:00,viernes,28,Normal,Seca y limpia,Ondulado,Media ladera Izquierda,Recta,Transito normal con precaución,0,0,2,0,1.0,Choque,no mantener distancia de seguridad,29RSC_1_6,13.0,11.0
Risaralda,2017-08-12 15:31:00,5,300.0,2017-06-04 05:00:00,domingo,34,Normal,Seca y limpia,Ondulado,Cajón,Recta,Transito normal con precaución,0,0,2,0,1.0,Choque,desobediencia a normas y senales,29RSC_1_5,12.0,12.0
Risaralda,2017-08-12 15:47:00,0,0.0,2017-06-05 05:00:00,lunes,0,Normal,Seca y limpia,Plano,Terraplen,Recta,Transito normal con precaución,0,0,0,0,1.0,Choque,adelantamientos indebidos,29RSC_1_0,16.0,8.0
Risaralda,2017-08-12 16:42:00,0,0.0,2017-06-06 05:00:00,martes,48,Normal,Seca y limpia,Plano,Terraplen,Recta,Transito normal con precaución,0,0,3,0,1.0,Atropello,conducta de peatones,29RSC_1_0,12.0,12.0
Quindío,2018-04-12 21:30:00,8,850.0,2018-03-23 05:00:00,viernes,0,Normal,Seca y limpia,Montañoso,Media ladera Izquierda,Curva Derecha,Cierre total,1,0,0,0,1.0,Choque,no determinada,4003_1_8,10.0,15.0
Risaralda,2017-08-19 15:22:00,8,350.0,2017-06-07 05:00:00,miercoles,40,Lluvia,Humeda,Ondulado,Media Ladera Derecha,Recta,Transito normal con precaución,0,0,3,0,1.0,Choque,desobediencia a normas y senales,29RSC_1_8,16.0,8.0
Risaralda,2017-08-19 16:21:00,7,0.0,2017-06-10 05:00:00,sabado,20,Normal,Seca y limpia,Ondulado,Media Ladera Derecha,Curva Izquierda,Transito normal con precaución,0,0,0,0,1.0,Choque,adelantamientos indebidos,29RSC_1_7,17.0,7.0
Risaralda,2017-08-26 16:03:00,7,260.0,2017-06-12 05:00:00,lunes,30,Normal,Seca y limpia,Ondulado,Cajón,Curva Derecha,Transito normal con precaución,0,0,0,0,1.0,Choque,no mantener distancia de seguridad,29RSC_1_7,6.0,18.0
Risaralda,2017-09-05 14:39:00,0,500.0,2017-06-19 05:00:00,lunes,24,Normal,Seca y limpia,Ondulado,Media ladera Izquierda,Recta,Transito normal con precaución,0,0,1,0,1.0,Choque,no mantener distancia de seguridad,29RSC_1_0,5.0,19.0
Risaralda,2017-09-05 14:54:00,12,150.0,2017-06-19 05:00:00,lunes,10,Normal,Seca y limpia,Plano,Terraplen,Recta,Transito normal con precaución,0,0,0,0,1.0,Choque,no mantener distancia de seguridad,29RSC_1_12,6.0,18.0
Risaralda,2017-09-05 15:50:00,1,120.0,2017-06-22 05:00:00,jueves,51,Normal,Seca y limpia,Ondulado,Media ladera Izquierda,Recta,Transito normal con precaución,0,0,0,0,1.0,Choque,no mantener distancia de seguridad,29RSC_1_1,18.0,6.0
Risaralda,2017-09-05 16:03:00,6,0.0,2017-06-23 05:00:00,viernes,45,Normal,Seca y limpia,Ondulado,Media ladera Izquierda,Recta,Transito normal con precaución,0,0,1,0,1.0,Choque,maniobras imprudentes,29RSC_1_6,5.0,19.0
Risaralda,2017-09-05 16:26:00,5,150.0,2017-06-27 05:00:00,martes,56,Normal,Seca y limpia,Ondulado,Cajón,Recta,Transito normal con precaución,0,0,1,0,1.0,Choque,maniobras imprudentes,29RSC_1_5,0.0,0.0
Risaralda,2017-09-13 15:21:00,12,160.0,2017-07-04 05:00:00,martes,20,Normal,Seca y limpia,Plano,Terraplen,Recta,Transito normal con precaución,0,0,1,0,1.0,Choque,desobediencia a normas y senales,29RSC_1_12,12.0,12.0
Risaralda,2017-09-13 16:19:00,0,220.0,2017-07-06 05:00:00,jueves,17,Normal,Seca y limpia,Ondulado,Media ladera Izquierda,Recta,Transito normal con precaución,0,0,0,0,1.0,Choque,no mantener distancia de seguridad,29RSC_1_0,17.0,7.0
Risaralda,2017-09-13 16:25:00,11,400.0,2017-07-06 05:00:00,jueves,50,Normal,Seca y limpia,Ondulado,Terraplen,Curva Izquierda,Transito normal con precaución,0,0,2,0,1.0,Choque,condiciones de la via y factores ambientales,29RSC_1_11,9.0,15.0
Risaralda,2017-09-28 20:16:00,5,300.0,2017-07-10 05:00:00,lunes,53,Normal,Seca y limpia,Ondulado,Cajón,Recta,Transito normal con precaución,0,0,1,0,1.0,Choque,desobediencia a normas y senales,29RSC_1_5,17.0,7.0
Risaralda,2017-09-28 20:51:00,7,50.0,2017-07-14 05:00:00,viernes,0,Normal,Seca y limpia,Ondulado,Media Ladera Derecha,Curva Izquierda,Transito normal con precaución,0,0,0,0,1.0,Choque,fallas mecanicas y del sistema electrico,29RSC_1_7,0.0,0.0
Risaralda,2017-09-29 20:47:00,8,500.0,2017-07-17 05:00:00,lunes,40,Normal,Seca y limpia,Plano,Terraplen,Recta,Transito normal con precaución,0,0,1,0,1.0,Choque,condiciones de la via y factores ambientales,29RSC_1_8,14.0,10.0
Risaralda,2017-10-04 17:13:00,1,450.0,2017-07-22 05:00:00,sabado,45,Normal,Seca y limpia,Plano,Media ladera Izquierda,Recta,Transito normal con precaución,0,0,0,0,1.0,Choque,adelantamientos indebidos,29RSC_1_1,14.0,10.0
Risaralda,2017-10-04 18:22:00,5,300.0,2017-07-24 05:00:00,lunes,45,Normal,Seca y limpia,Ondulado,Cajón,Recta,Transito normal con precaución,0,0,0,0,1.0,Choque,condiciones de la via y factores ambientales,29RSC_1_5,14.0,10.0
Risaralda,2017-10-04 18:25:00,7,100.0,2017-07-26 05:00:00,miercoles,10,Normal,Seca y limpia,Ondulado,Cajón,Curva Derecha,Transito normal con precaución,0,0,1,0,1.0,Choque,maniobras imprudentes,29RSC_1_7,5.0,19.0
Quindío,2017-12-11 14:58:00,25,0.0,2017-11-29 05:00:00,miercoles,14,Normal,Seca y limpia,Montañoso,Media Ladera Derecha,Curva Derecha,Transito normal con precaución,0,0,0,0,1.0,Choque,no mantener distancia de seguridad,4003_1_25,22.0,2.0
Tolima,2017-12-28 21:20:00,42,900.0,2017-12-26 05:00:00,martes,25,Lluvia,Humeda,Montañoso,Media Ladera Derecha,Curva Derecha,Cierre total,16,25,15,2,1.0,Choque,desobediencia a normas y senales,4003_1_42,19.0,21.0
Quindío,2018-01-09 19:43:00,15,970.0,2017-12-05 05:00:00,martes,30,Seca,Seca y limpia,Montañoso,Terraplen,Curva Derecha,Transito normal con precaución,0,0,5,1,1.0,Atropello,fallas mecanicas y del sistema electrico,4003_1_15,8.0,16.0
Quindío,2018-01-09 20:36:00,13,0.0,2017-12-10 05:00:00,domingo,30,Lluvia,Humeda,Montañoso,Media ladera Izquierda,Recta,Transito normal con precaución,0,0,0,0,1.0,Choque,adelantamientos indebidos,4003_1_13,8.0,16.0
Quindío,2018-01-09 20:58:00,10,500.0,2017-12-13 05:00:00,miercoles,50,Normal,Seca y limpia,Montañoso,Media ladera Izquierda,Curva Derecha,Transito normal con precaución,0,0,1,0,1.0,Choque,no determinada,4003_1_10,22.0,2.0
Quindío,2018-01-09 21:02:00,17,400.0,2017-12-15 05:00:00,viernes,40,Normal,Seca y limpia,Montañoso,Media Ladera Derecha,Recta,Transito normal con precaución,0,0,0,0,1.0,Choque,impericia en el manejo,4003_1_17,10.0,14.0
Quindío,2018-01-09 21:04:00,6,800.0,2017-12-14 05:00:00,jueves,15,Seca,Seca y limpia,Montañoso,Media ladera Izquierda,Curva Izquierda,Parcial con reducción de carriles,1,0,0,0,1.0,Choque,fallas mecanicas y del sistema electrico,4003_1_6,20.0,5.0
Quindío,2018-01-09 21:06:00,16,200.0,2017-12-17 05:00:00,domingo,30,Normal,Seca y limpia,Montañoso,Media Ladera Derecha,Curva Izquierda,Cierre total,1,30,0,0,1.0,Choque,no determinada,4003_1_16,17.0,8.0
Quindío,2018-01-09 21:09:00,18,400.0,2017-12-19 05:00:00,martes,50,Normal,Seca y limpia,Montañoso,Media Ladera Derecha,Curva Izquierda,Cierre total,0,40,6,0,1.0,Choque,no determinada,4003_1_18,17.0,7.0
Quindío,2018-01-09 21:13:00,15,0.0,2017-12-25 05:00:00,lunes,26,Normal,Humeda,Montañoso,Media ladera Izquierda,Recta,Transito normal con precaución,0,0,2,0,1.0,Choque,adelantamientos indebidos,4003_1_15,5.0,19.0
Quindío,2018-01-09 21:16:00,15,200.0,2017-12-25 05:00:00,lunes,30,Lluvia,Humeda,Montañoso,Media ladera Izquierda,Recta,Transito normal con precaución,0,0,2,0,1.0,Choque,no mantener distancia de seguridad,4003_1_15,12.0,12.0
Quindío,2018-01-09 21:18:00,22,900.0,2017-12-27 05:00:00,miercoles,20,Lluvia,Humeda,Montañoso,Media Ladera Derecha,Curva Derecha,Parcial con reducción de carriles,1,30,0,0,1.0,Choque,no mantener distancia de seguridad,4003_1_22,6.0,19.0
Quindío,2018-01-09 21:24:00,23,300.0,2017-12-27 05:00:00,miercoles,35,Lluvia,Humeda,Montañoso,Media Ladera Derecha,Curva Izquierda,Transito normal con precaución,0,0,0,0,1.0,Choque,no determinada,4003_1_23,22.0,2.0
Quindío,2018-01-09 21:33:00,22,0.0,2017-12-28 05:00:00,jueves,0,Lluvia,Humeda,Montañoso,Media Ladera Derecha,Recta,Transito normal con precaución,0,0,0,0,1.0,Choque,no determinada,4003_1_22,7.0,17.0
Quindío,2018-01-09 21:38:00,18,30.0,2017-12-29 05:00:00,viernes,35,Normal,Seca y limpia,Montañoso,Terraplen,Recta,Transito normal con precaución,0,0,0,0,1.0,Incendio,no determinada,4003_1_18,15.0,9.0
Quindío,2018-01-09 21:40:00,24,500.0,2017-12-29 05:00:00,viernes,0,Lluvia,Humeda,Montañoso,Media Ladera Derecha,Curva Derecha,Transito normal con precaución,0,0,0,0,1.0,Choque,no mantener distancia de seguridad,4003_1_24,10.0,14.0
Quindío,2018-01-09 21:45:00,17,970.0,2017-12-30 05:00:00,sabado,20,Lluvia,Humeda,Montañoso,Media ladera Izquierda,Curva Derecha,Transito normal con precaución,0,0,0,0,1.0,Choque,condiciones de la via y factores ambientales,4003_1_17,7.0,17.0
Tolima,2018-01-11 20:19:00,29,350.0,2017-11-18 05:00:00,sabado,30,Lluvia,Humeda,Montañoso,Media ladera Izquierda,Curva Izquierda,Parcial con paso alternado,0,0,0,0,1.0,Choque,no mantener distancia de seguridad,4003_1_29,18.0,6.0
Tolima,2018-01-11 20:22:00,31,0.0,2017-11-18 05:00:00,sabado,40,Lluvia,Humeda,Montañoso,Media ladera Izquierda,Curva Izquierda,Parcial con paso alternado,0,0,0,0,1.0,Choque,adelantamientos indebidos,4003_1_31,21.0,3.0
Tolima,2018-01-11 20:26:00,32,0.0,2017-11-08 05:00:00,miercoles,30,Normal,Seca y limpia,Montañoso,Media ladera Izquierda,Curva Derecha,Parcial con paso alternado,0,0,0,0,1.0,Choque,estacionamiento y senalizacion imprudente,4003_1_32,14.0,10.0
Tolima,2018-01-11 20:28:00,27,150.0,2017-11-18 05:00:00,sabado,0,Normal,Seca y limpia,Montañoso,Media ladera Izquierda,Recta,Parcial con paso alternado,0,0,0,0,1.0,Choque,no determinada,4003_1_27,23.0,1.0
Tolima,2018-01-11 20:36:00,27,800.0,2017-11-18 05:00:00,sabado,30,Lluvia,Humeda,Montañoso,Media ladera Izquierda,Curva Izquierda,Parcial con paso alternado,0,0,0,0,1.0,Choque,no determinada,4003_1_27,15.0,9.0
Tolima,2018-01-11 20:42:00,28,500.0,2017-11-29 05:00:00,miercoles,10,Normal,Seca y limpia,Montañoso,Media ladera Izquierda,Curva Izquierda,Parcial con paso alternado,0,0,0,0,1.0,Choque,adelantamientos indebidos,4003_1_28,19.0,5.0
Tolima,2018-01-11 20:44:00,27,500.0,2017-11-30 05:00:00,jueves,40,Normal,Seca y limpia,Montañoso,Media ladera Izquierda,Curva Izquierda,Parcial con paso alternado,0,0,0,0,1.0,Choque,no mantener distancia de seguridad,4003_1_27,18.0,6.0
Tolima,2018-02-13 14:25:00,31,350.0,2017-12-10 05:00:00,domingo,0,Lluvia,Humeda,Montañoso,Media Ladera Derecha,Curva Derecha,Parcial con paso alternado,0,0,0,0,1.0,Choque,no determinada,4003_1_31,13.0,11.0
Tolima,2018-02-13 14:27:00,35,400.0,2017-12-11 05:00:00,lunes,35,Normal,Seca y limpia,Montañoso,Media Ladera Derecha,Curva Izquierda,Parcial con paso alternado,0,0,0,0,1.0,Choque,adelantamientos indebidos,4003_1_35,20.0,4.0
Tolima,2018-02-13 14:29:00,38,380.0,2017-12-12 05:00:00,martes,40,Normal,Seca y limpia,Montañoso,Media Ladera Derecha,Curva Derecha,Parcial con paso alternado,0,0,0,0,1.0,Choque,no mantener distancia de seguridad,4003_1_38,0.0,0.0
Tolima,2018-02-13 14:31:00,46,100.0,2017-12-15 05:00:00,viernes,10,Normal,Seca y limpia,Montañoso,Media Ladera Derecha,Curva Derecha,Parcial con paso alternado,0,0,0,0,1.0,Choque,no mantener distancia de seguridad,4003_1_46,17.0,7.0
Tolima,2018-02-13 15:37:00,44,800.0,2017-12-18 05:00:00,lunes,25,Normal,Seca y limpia,Montañoso,Media Ladera Derecha,Curva Derecha,Parcial con paso alternado,0,0,0,0,1.0,Volcamiento,no determinada,4003_1_44,11.0,13.0
Tolima,2018-02-13 15:40:00,29,870.0,2017-12-19 05:00:00,martes,10,Normal,Seca y limpia,Montañoso,Media ladera Izquierda,Curva Izquierda,Parcial con paso alternado,0,0,0,0,1.0,Choque,no determinada,4003_1_29,23.0,1.0
Tolima,2018-02-13 15:45:00,29,0.0,2017-12-21 05:00:00,jueves,30,Normal,Seca y limpia,Montañoso,Media Ladera Derecha,Curva Izquierda,Parcial con paso alternado,0,0,0,0,1.0,Choque,adelantamientos indebidos,4003_1_29,14.0,10.0
Tolima,2018-02-13 16:58:00,28,0.0,2017-12-31 05:00:00,domingo,0,Normal,Seca y limpia,Montañoso,Media Ladera Derecha,Curva Izquierda,Parcial con paso alternado,0,0,0,0,1.0,Choque,no mantener distancia de seguridad,4003_1_28,19.0,5.0
Tolima,2018-02-13 15:47:00,39,36.0,2017-12-23 05:00:00,sabado,0,Normal,Seca y limpia,Montañoso,Media Ladera Derecha,Recta,Parcial con paso alternado,0,0,0,0,1.0,Choque,no mantener distancia de seguridad,4003_1_39,13.0,11.0
Tolima,2018-02-16 23:47:00,37,420.0,2018-01-05 05:00:00,viernes,20,Lluvia,Humeda,Montañoso,Media Ladera Derecha,Recta,Parcial con paso alternado,0,0,0,0,1.0,Caída de carga,no determinada,4003_1_37,15.0,9.0
Tolima,2018-02-16 23:49:00,43,480.0,2018-01-05 05:00:00,viernes,0,Normal,Seca y limpia,Montañoso,Media Ladera Derecha,Curva Derecha,Parcial con paso alternado,0,0,0,0,1.0,Choque,fallas mecanicas y del sistema electrico,4003_1_43,15.0,9.0
Quindío,2018-02-20 17:17:00,17,500.0,2018-01-01 05:00:00,lunes,50,Lluvia,Humeda,Montañoso,Media Ladera Derecha,Curva Izquierda,Transito normal con precaución,0,0,0,0,1.0,Choque,no determinada,4003_1_17,19.0,5.0
Quindío,2018-02-20 17:20:00,17,900.0,2018-01-01 05:00:00,lunes,30,Lluvia,Humeda,Montañoso,Media Ladera Derecha,Curva Izquierda,Parcial con reducción de carriles,0,30,0,0,1.0,Choque,condiciones de la via y factores ambientales,4003_1_17,15.0,9.0
Quindío,2018-02-20 18:34:00,23,350.0,2018-01-03 05:00:00,miercoles,0,Normal,Seca y limpia,Montañoso,Media Ladera Derecha,Recta,Transito normal con precaución,13,0,0,0,1.0,Choque,no mantener distancia de seguridad,4003_1_23,20.0,17.0
Quindío,2018-02-20 18:39:00,20,650.0,2018-01-03 05:00:00,miercoles,15,Normal,Seca y limpia,Montañoso,Media Ladera Derecha,Recta,Transito normal con precaución,0,0,0,0,1.0,Choque,no determinada,4003_1_20,11.0,13.0
Quindío,2018-02-20 18:43:00,8,130.0,2018-01-05 05:00:00,viernes,46,Normal,Seca y limpia,Montañoso,Media ladera Izquierda,Curva Izquierda,Transito normal con precaución,0,0,0,0,1.0,Choque,no determinada,4003_1_8,12.0,12.0
Quindío,2018-02-20 18:55:00,16,300.0,2018-01-07 05:00:00,domingo,10,Normal,Humeda,Montañoso,Media Ladera Derecha,Curva Derecha,Cierre total,1,0,0,0,1.0,Choque,no mantener distancia de seguridad,4003_1_16,21.0,4.0
Quindío,2018-02-20 19:02:00,23,300.0,2018-01-09 05:00:00,martes,0,Lluvia,Humeda,Montañoso,Media Ladera Derecha,Curva Derecha,Transito normal con precaución,0,0,0,0,1.0,Choque,no determinada,4003_1_23,18.0,6.0
Quindío,2018-02-20 19:07:00,19,800.0,2018-01-10 05:00:00,miercoles,0,Normal,Seca y limpia,Montañoso,Media Ladera Derecha,Curva Derecha,Transito normal con precaución,0,0,0,0,1.0,Choque,maniobras imprudentes,4003_1_19,22.0,2.0
Quindío,2018-02-20 19:14:00,19,450.0,2018-01-11 05:00:00,jueves,40,Normal,Seca y limpia,Montañoso,Media Ladera Derecha,Curva Izquierda,Parcial con reducción de carriles,1,0,0,0,1.0,Choque,adelantamientos indebidos,4003_1_19,19.0,6.0
Quindío,2018-02-20 19:18:00,8,650.0,2018-01-12 05:00:00,viernes,30,Normal,Humeda,Montañoso,Media ladera Izquierda,Curva Izquierda,Parcial con reducción de carriles,1,20,0,0,1.0,Choque,no determinada,4003_1_8,10.0,15.0
Quindío,2018-02-20 19:26:00,21,500.0,2018-01-18 05:00:00,jueves,57,Lluvia,Humeda,Montañoso,Media Ladera Derecha,Curva Izquierda,Transito normal con precaución,0,0,0,0,1.0,Choque,maniobras imprudentes,4003_1_21,17.0,7.0
Quindío,2018-02-20 19:29:00,6,600.0,2018-01-19 05:00:00,viernes,0,Normal,Seca y limpia,Montañoso,Media ladera Izquierda,Recta,Transito normal con precaución,0,0,0,0,1.0,Choque,no mantener distancia de seguridad,4003_1_6,18.0,6.0
Quindío,2018-03-12 20:09:00,4,850.0,2018-02-03 05:00:00,sabado,0,Seca,Seca y limpia,Montañoso,Media ladera Izquierda,Curva Derecha,Cierre total,1,30,4,0,1.0,Choque,no determinada,4003_1_4,0.0,1.0
Quindío,2018-03-12 20:16:00,18,24.0,2018-02-11 05:00:00,domingo,40,Normal,Seca y limpia,Montañoso,Media Ladera Derecha,Recta,Transito normal con precaución,0,0,0,0,1.0,Choque,estacionamiento y senalizacion imprudente,4003_1_18,5.0,19.0
Quindío,2018-03-12 21:10:00,14,500.0,2018-02-15 05:00:00,jueves,30,Normal,Seca y limpia,Montañoso,Media ladera Izquierda,Curva Derecha,Transito normal con precaución,0,0,0,0,1.0,Choque,condiciones de la via y factores ambientales,4003_1_14,5.0,19.0
Quindío,2018-03-12 21:18:00,10,200.0,2018-02-20 05:00:00,martes,30,Normal,Seca y limpia,Montañoso,Media ladera Izquierda,Curva Izquierda,Parcial con reducción de carriles,1,0,0,0,1.0,Choque,no mantener distancia de seguridad,4003_1_10,12.0,13.0
Quindío,2018-03-12 21:49:00,17,150.0,2018-02-21 05:00:00,miercoles,30,Lluvia,Humeda,Montañoso,Media Ladera Derecha,Curva Izquierda,Parcial con reducción de carriles,0,40,0,0,1.0,Choque,no determinada,4003_1_17,12.0,12.0
Quindío,2018-03-12 22:04:00,8,300.0,2018-02-21 05:00:00,miercoles,35,Lluvia,Humeda,Montañoso,Media ladera Izquierda,Curva Izquierda,Cierre total,1,10,0,0,1.0,Choque,desobediencia a normas y senales,4003_1_8,0.0,1.0
Quindío,2018-03-12 22:06:00,18,700.0,2018-02-23 05:00:00,viernes,0,Normal,Seca y limpia,Montañoso,Media Ladera Derecha,Recta,Transito normal con precaución,0,0,0,0,1.0,Choque,no determinada,4003_1_18,23.0,1.0
Quindío,2018-03-12 22:18:00,5,610.0,2018-02-25 05:00:00,domingo,40,Seca,Seca y limpia,Montañoso,Terraplen,Recta,Parcial con reducción de carriles,2,0,0,1,1.0,Choque,no determinada,4003_1_5,5.0,21.0
Quindío,2018-03-12 22:28:00,3,0.0,2018-02-27 05:00:00,martes,0,Normal,Seca y limpia,Escarpado,Media Ladera Derecha,Curva Derecha,Transito normal con precaución,0,0,1,0,1.0,Choque,no determinada,4003_1_3,12.0,12.0
Tolima,2018-03-13 22:53:00,29,900.0,2018-02-24 05:00:00,sabado,50,Normal,Seca y limpia,Montañoso,Media ladera Izquierda,Curva Izquierda,Parcial con paso alternado,0,0,0,0,1.0,Choque,adelantamientos indebidos,4003_1_29,14.0,10.0
Quindío,2018-04-12 20:08:00,7,800.0,2018-03-01 05:00:00,jueves,40,Normal,Seca y limpia,Montañoso,Media ladera Izquierda,Curva Izquierda,Transito normal con precaución,0,0,0,0,1.0,Choque,adelantamientos indebidos,4003_1_7,8.0,16.0
Quindío,2018-04-12 20:31:00,23,800.0,2018-03-15 05:00:00,jueves,40,Normal,Seca y limpia,Montañoso,Media Ladera Derecha,Recta,Transito normal con precaución,0,0,0,0,1.0,Choque,estacionamiento y senalizacion imprudente,4003_1_23,13.0,11.0
Quindío,2018-04-12 21:19:00,17,200.0,2018-03-20 05:00:00,martes,45,Normal,Humeda,Montañoso,Media Ladera Derecha,Recta,Parcial con reducción de carriles,1,0,0,0,1.0,Choque,no mantener distancia de seguridad,4003_1_17,6.0,19.0
Quindío,2018-04-12 21:22:00,8,500.0,2018-03-22 05:00:00,jueves,30,Normal,Seca y limpia,Montañoso,Media ladera Izquierda,Curva Izquierda,Cierre total,1,0,0,0,1.0,Choque,no determinada,4003_1_8,13.0,12.0
Quindío,2018-04-12 21:57:00,17,200.0,2018-03-29 05:00:00,jueves,0,Lluvia,Humeda,Montañoso,Media Ladera Derecha,Curva Izquierda,Transito normal con precaución,0,0,0,0,1.0,Choque,no determinada,4003_1_17,12.0,12.0
Quindío,2018-04-12 22:04:00,22,600.0,2018-03-31 05:00:00,sabado,20,Lluvia,Humeda,Montañoso,Media Ladera Derecha,Curva Izquierda,Parcial con reducción de carriles,0,30,0,0,1.0,Choque,condiciones de la via y factores ambientales,4003_1_22,16.0,8.0