territorial,fecha_registro,pr,distancia_pr,fecha_acc,dia_semana_acc,min_acc,condic_meteor,estado_super,terreno,secc_tip,geometria_acc,tipo_cierre,horas_cierre,min_cierre,n_heridos,n_muertos,n_victimas,clase_accidente,causa_posible,ref_loc,hora_acc,duracion_cierre_horas
Tolima,2018-04-17 14:29:00,40,400.0,2018-03-09 05:00:00,viernes,50,Normal,Seca y limpia,Montañoso,Media ladera Izquierda,Recta,Parcial con paso alternado,0,0,0,0,1.0,Choque,no mantener distancia de seguridad,4003_1_40,11.0,13.0
Tolima,2018-04-17 14:41:00,36,50.0,2018-03-14 05:00:00,miercoles,40,Normal,Seca y limpia,Montañoso,Media Ladera Derecha,Curva Izquierda,Parcial con paso alternado,0,0,0,0,1.0,Choque,maniobras imprudentes,4003_1_36,13.0,11.0
Tolima,2018-04-17 14:41:00,36,50.0,2018-03-14 05:00:00,miercoles,40,Normal,Seca y limpia,Montañoso,Media Ladera Derecha,Curva Izquierda,Parcial con paso alternado,0,0,0,0,1.0,Choque,maniobras imprudentes,4003_1_36,5.0,19.0
Tolima,2018-04-17 14:52:00,45,210.0,2018-03-20 05:00:00,martes,10,Normal,Seca y limpia,Montañoso,Media Ladera Derecha,Recta,Parcial con paso alternado,0,0,0,0,1.0,Choque,adelantamientos indebidos,4003_1_45,0.0,0.0
Quindío,2017-05-09 19:19:00,43,100.0,2017-04-21 05:00:00,viernes,40,Normal,Seca y limpia,Plano,Terraplen,Recta,Transito normal con precaución,0,0,0,0,1.0,Choque,no mantener distancia de seguridad,4002_2_43,21.0,3.0
Quindío,2017-05-09 19:37:00,48,400.0,2017-04-21 05:00:00,viernes,30,Seca,Seca y limpia,Plano,Terraplen,Recta,Transito normal con precaución,0,0,0,0,1.0,Atropello,no determinada,4002_2_48,11.0,13.0
Quindío,2017-06-23 15:28:00,48,200.0,2017-01-16 05:00:00,lunes,10,Normal,Seca y limpia,Plano,Terraplen,Recta,Parcial con reducción de carriles,0,0,1,0,1.0,Choque,no determinada,4002_2_48,17.0,7.0
Quindío,2017-06-24 20:57:00,41,800.0,2017-02-14 05:00:00,martes,45,Normal,Seca y limpia,Plano,Terraplen,Recta,Transito normal con precaución,0,0,0,0,1.0,Choque,exceso de velocidad,4002_2_41,13.0,11.0
Quindío,2017-06-24 23:51:00,47,850.0,2017-02-17 05:00:00,viernes,48,Normal,Seca y limpia,Plano,Terraplen,Recta,Parcial con reducción de carriles,0,30,1,0,1.0,Choque,no mantener distancia de seguridad,4002_2_47,12.0,12.0
Quindío,2017-06-25 01:40:00,48,613.0,2017-02-19 05:00:00,domingo,0,Normal,Seca y limpia,Plano,Terraplen,Recta,Parcial con reducción de carriles,1,0,0,1,1.0,Atropello,no determinada,4002_2_48,20.0,5.0
Quindío,2017-06-25 01:51:00,42,500.0,2017-02-25 05:00:00,sabado,10,Normal,Material suelto,Plano,Terraplen,Recta,Transito normal con precaución,0,0,0,0,1.0,Choque,no mantener distancia de seguridad,4002_2_42,22.0,2.0
Quindío,2017-06-25 02:03:00,48,500.0,2017-02-27 05:00:00,lunes,20,Normal,Seca y limpia,Plano,Terraplen,Recta,Parcial con reducción de carriles,0,40,0,0,1.0,Choque,maniobras imprudentes,4002_2_48,4.0,20.0
Quindío,2017-06-28 16:57:00,44,500.0,2017-03-03 05:00:00,viernes,30,Normal,Seca y limpia,Plano,Terraplen,Recta,Transito normal con precaución,0,0,0,0,1.0,Choque,no mantener distancia de seguridad,4002_2_44,10.0,14.0
Quindío,2017-06-28 18:33:00,48,700.0,2017-03-06 05:00:00,lunes,0,Normal,Seca y limpia,Plano,Terraplen,Recta,Transito normal con precaución,0,0,0,0,1.0,Choque,no mantener distancia de seguridad,4002_2_48,16.0,8.0
Quindío,2017-06-28 18:40:00,44,770.0,2017-03-08 05:00:00,miercoles,0,Lluvia,Humeda,Plano,Terraplen,Recta,Transito normal con precaución,0,0,0,0,1.0,Choque,no mantener distancia de seguridad,4002_2_44,2.0,22.0
Quindío,2017-06-28 19:16:00,44,800.0,2017-03-10 05:00:00,viernes,50,Normal,Seca y limpia,Plano,Terraplen,Recta,Transito normal con precaución,0,0,0,0,1.0,Choque,no mantener distancia de seguridad,4002_2_44,12.0,12.0
Quindío,2017-06-28 19:20:00,46,140.0,2017-03-11 05:00:00,sabado,30,Normal,Seca y limpia,Plano,Terraplen,Recta,Transito normal con precaución,0,0,0,0,1.0,Choque,no determinada,4002_2_46,15.0,9.0
Quindío,2017-06-28 19:35:00,47,810.0,2017-03-18 05:00:00,sabado,30,Lluvia,Humeda,Plano,Terraplen,Recta,Cierre total,2,0,0,2,1.0,Atropello,exceso de velocidad,4002_2_47,21.0,5.0
Quindío,2017-06-28 21:27:00,44,500.0,2017-03-30 05:00:00,jueves,0,Normal,Seca y limpia,Plano,Terraplen,Recta,Parcial con reducción de carriles,0,30,0,0,1.0,Choque,no mantener distancia de seguridad,4002_2_44,12.0,12.0
Quindío,2017-07-13 14:53:00,43,300.0,2017-06-12 05:00:00,lunes,40,Lluvia,Humeda,Plano,Terraplen,Curva Derecha,Transito normal con precaución,0,0,0,0,1.0,Choque,no mantener distancia de seguridad,4002_2_43,20.0,4.0
Quindío,2017-07-13 15:10:00,44,800.0,2017-06-13 05:00:00,martes,40,Normal,Seca y limpia,Plano,Terraplen,Recta,Transito normal con precaución,0,0,0,0,1.0,Choque,no mantener distancia de seguridad,4002_2_44,22.0,2.0
Quindío,2017-07-13 19:50:00,44,900.0,2017-06-29 05:00:00,jueves,35,Normal,Seca y limpia,Plano,Terraplen,Recta,Transito normal con precaución,0,0,0,0,1.0,Choque,no determinada,4002_2_44,16.0,8.0
Quindío,2017-08-08 18:40:00,45,150.0,2017-07-01 05:00:00,sabado,0,Normal,Seca y limpia,Plano,Terraplen,Recta,Transito normal con precaución,0,0,0,0,1.0,Choque,no mantener distancia de seguridad,4002_2_45,0.0,0.0
Quindío,2017-08-09 14:52:00,47,200.0,2017-07-23 05:00:00,domingo,30,Normal,Seca y limpia,Plano,Terraplen,Curva Izquierda,Parcial con reducción de carriles,0,40,1,0,1.0,Choque,no determinada,4002_2_47,10.0,14.0
Quindío,2017-08-09 14:55:00,44,950.0,2017-07-28 05:00:00,viernes,30,Normal,Seca y limpia,Plano,Terraplen,Recta,Transito normal con precaución,0,0,0,0,1.0,Choque,maniobras imprudentes,4002_2_44,1.0,23.0
Quindío,2017-08-09 14:59:00,44,950.0,2017-07-29 05:00:00,sabado,20,Normal,Seca y limpia,Plano,Terraplen,Recta,Transito normal con precaución,0,0,0,0,1.0,Choque,no mantener distancia de seguridad,4002_2_44,12.0,12.0
Quindío,2017-09-07 23:46:00,47,800.0,2017-08-19 05:00:00,sabado,30,Normal,Seca y limpia,Plano,Terraplen,Recta,Transito normal con precaución,0,0,0,0,1.0,Choque,no mantener distancia de seguridad,4002_2_47,14.0,10.0
Quindío,2017-09-07 23:52:00,48,800.0,2017-08-20 05:00:00,domingo,40,Normal,Seca y limpia,Plano,Terraplen,Recta,Transito normal con precaución,0,0,0,0,1.0,Choque,no mantener distancia de seguridad,4002_2_48,21.0,3.0
Quindío,2017-09-08 15:41:00,41,900.0,2017-08-28 05:00:00,lunes,10,Normal,Seca y limpia,Plano,Terraplen,Recta,Transito normal con precaución,0,0,0,0,1.0,Choque,no mantener distancia de seguridad,4002_2_41,19.0,5.0
Quindío,2017-09-08 15:48:00,48,400.0,2017-08-30 05:00:00,miercoles,20,Normal,Seca y limpia,Plano,Terraplen,Recta,Parcial con reducción de carriles,1,20,1,0,1.0,Atropello,no determinada,4002_2_48,22.0,3.0
Quindío,2017-10-03 15:32:00,41,900.0,2017-09-10 05:00:00,domingo,0,Normal,Seca y limpia,Plano,Terraplen,Recta,Transito normal con precaución,0,0,0,0,1.0,Choque,no mantener distancia de seguridad,4002_2_41,19.0,5.0
Quindío,2017-10-03 15:48:00,44,150.0,2017-09-11 05:00:00,lunes,32,Normal,Seca y limpia,Plano,Terraplen,Recta,Transito normal con precaución,0,0,0,0,1.0,Choque,no mantener distancia de seguridad,4002_2_44,1.0,23.0
Quindío,2017-10-03 16:31:00,48,300.0,2017-09-17 05:00:00,domingo,50,Normal,Seca y limpia,Plano,Terraplen,Recta,Parcial con reducción de carriles,1,0,2,0,1.0,Choque,impericia en el manejo,4002_2_48,13.0,12.0
Quindío,2017-11-08 21:55:00,42,950.0,2017-10-14 05:00:00,sabado,30,Normal,Seca y limpia,Plano,Terraplen,Recta,Transito normal con precaución,0,0,0,0,1.0,Choque,no mantener distancia de seguridad,4002_2_42,19.0,5.0
Quindío,2017-11-09 14:05:00,47,900.0,2017-10-25 05:00:00,miercoles,30,Normal,Seca y limpia,Plano,Terraplen,Recta,Transito normal con precaución,0,0,3,0,1.0,Choque,no mantener distancia de seguridad,4002_2_47,7.0,17.0
Quindío,2017-11-09 14:26:00,43,0.0,2017-10-27 05:00:00,viernes,30,Normal,Seca y limpia,Plano,Terraplen,Recta,Transito normal con precaución,0,0,0,0,1.0,Choque,adelantamientos indebidos,4002_2_43,13.0,11.0
Quindío,2017-12-07 19:34:00,41,800.0,2017-11-03 05:00:00,viernes,40,Lluvia,Humeda,Plano,Terraplen,Recta,Cierre total,1,30,0,1,1.0,Choque,no determinada,4002_2_41,14.0,11.0
Quindío,2017-12-07 20:08:00,46,800.0,2017-11-07 05:00:00,martes,0,Lluvia,Material suelto,Plano,Terraplen,Recta,Transito normal con precaución,0,0,0,0,1.0,Choque,no determinada,4002_2_46,11.0,13.0
Quindío,2017-12-07 20:39:00,45,500.0,2017-11-11 05:00:00,sabado,0,Normal,Seca y limpia,Plano,Terraplen,Recta,Transito normal con precaución,0,0,0,0,1.0,Choque,adelantamientos indebidos,4002_2_45,1.0,23.0
Quindío,2017-12-07 21:11:00,43,880.0,2017-11-18 05:00:00,sabado,30,Normal,Material suelto,Plano,Terraplen,Recta,Cierre total,1,0,0,0,1.0,Choque,no determinada,4002_2_43,17.0,8.0
Quindío,2017-12-07 21:29:00,47,860.0,2017-11-24 05:00:00,viernes,10,Lluvia,Humeda,Plano,Terraplen,Recta,Parcial con reducción de carriles,1,0,0,0,1.0,Choque,maniobras imprudentes,4002_2_47,13.0,12.0
Quindío,2018-01-09 21:11:00,46,0.0,2017-12-23 05:00:00,sabado,30,Normal,Seca y limpia,Plano,Terraplen,Recta,Transito normal con precaución,0,0,2,0,1.0,Choque,desobediencia a normas y senales,4002_2_46,17.0,7.0
Quindío,2018-02-20 19:35:00,48,600.0,2018-01-24 05:00:00,miercoles,0,Normal,Seca y limpia,Plano,Terraplen,Recta,Parcial con reducción de carriles,0,40,2,0,1.0,Choque,adelantamientos indebidos,4002_2_48,13.0,11.0
Quindío,2018-02-20 19:41:00,41,800.0,2018-01-31 05:00:00,miercoles,45,Normal,Seca y limpia,Plano,Terraplen,Curva Izquierda,Transito normal con precaución,0,0,0,0,1.0,Volcamiento,no determinada,4002_2_41,7.0,17.0
Quindío,2018-04-12 20:17:00,41,800.0,2018-03-05 05:00:00,lunes,40,Normal,Seca y limpia,Plano,Terraplen,Curva Derecha,Transito normal con precaución,0,0,0,0,1.0,Choque,desobediencia a normas y senales,4002_2_41,17.0,7.0
Quindío,2018-04-12 20:43:00,46,600.0,2018-03-17 05:00:00,sabado,50,Normal,Seca y limpia,Plano,Terraplen,Recta,Transito normal con precaución,0,0,0,0,1.0,Choque,no determinada,4002_2_46,13.0,11.0
Quindío,2018-04-12 21:32:00,44,800.0,2018-03-24 05:00:00,sabado,0,Normal,Seca y limpia,Plano,Terraplen,Recta,Transito normal con precaución,0,0,0,0,1.0,Choque,no mantener distancia de seguridad,4002_2_44,17.0,7.0
Quindío,2018-04-12 20:21:00,47,100.0,2018-03-12 05:00:00,lunes,50,Normal,Seca y limpia,Plano,Terraplen,Recta,Transito normal con precaución,0,0,0,0,1.0,Choque,no determinada,4002_1_47,5.0,19.0
Valle del Cauca,2017-05-08 18:58:00,62,100.0,2017-04-05 05:00:00,miercoles,20,Normal,Seca y limpia,Montañoso,Media Ladera Derecha,Curva Izquierda,Transito normal con precaución,5,30,0,0,1.0,Choque,no determinada,4001_2_62,16.0,13.0
Valle del Cauca,2017-05-08 20:01:00,41,500.0,2017-04-05 05:00:00,miercoles,30,Normal,Seca y limpia,Montañoso,Media ladera Izquierda,Curva Derecha,Transito normal con precaución,7,50,0,0,1.0,Choque,no determinada,4001_2_41,18.0,13.0
Valle del Cauca,2017-05-08 20:39:00,44,300.0,2017-04-06 05:00:00,jueves,20,Normal,Seca y limpia,Montañoso,Media Ladera Derecha,Recta,Transito normal con precaución,11,30,1,0,1.0,Choque,no determinada,4001_2_44,9.0,2.0
Valle del Cauca,2017-05-08 20:52:00,28,0.0,2017-04-06 05:00:00,jueves,0,Lluvia,Humeda,Montañoso,Media ladera Izquierda,Curva Derecha,Transito normal con precaución,17,25,9,0,1.0,Volcamiento,no determinada,4001_2_28,3.0,14.0
Valle del Cauca,2017-05-08 21:01:00,50,500.0,2017-04-06 05:00:00,jueves,30,Normal,Seca y limpia,Montañoso,Media Ladera Derecha,Curva Derecha,Transito normal con precaución,22,0,0,0,1.0,Choque,fallas mecanicas y del sistema electrico,4001_2_50,15.0,7.0
Valle del Cauca,2017-05-08 21:20:00,57,670.0,2017-04-07 05:00:00,viernes,10,Normal,Seca y limpia,Montañoso,Media Ladera Derecha,Recta,Transito normal con precaución,6,50,0,0,1.0,Choque,condiciones de la via y factores ambientales,4001_2_57,16.0,14.0
Valle del Cauca,2017-05-08 21:34:00,59,300.0,2017-04-12 05:00:00,miercoles,10,Normal,Seca y limpia,Montañoso,Media ladera Izquierda,Recta,Transito normal con precaución,17,30,0,0,1.0,Choque,imprudencia del conductor,4001_2_59,20.0,21.0
Valle del Cauca,2017-05-08 21:39:00,28,850.0,2017-04-13 05:00:00,jueves,15,Lluvia,Humeda,Montañoso,Media Ladera Derecha,Recta,Transito normal con precaución,16,55,0,0,1.0,Choque,no determinada,4001_2_28,20.0,20.0
Valle del Cauca,2017-05-08 21:45:00,44,500.0,2017-04-16 05:00:00,domingo,45,Lluvia,Humeda,Montañoso,Media ladera Izquierda,Curva Izquierda,Transito normal con precaución,18,5,5,0,1.0,Choque,desobediencia a normas y senales,4001_2_44,8.0,10.0
Valle del Cauca,2017-05-08 21:56:00,38,100.0,2017-04-22 05:00:00,sabado,10,Normal,Seca y limpia,Montañoso,Media ladera Izquierda,Recta,Transito normal con precaución,16,40,0,0,1.0,Volcamiento,no determinada,4001_2_38,11.0,5.0
Valle del Cauca,2017-05-08 21:59:00,47,100.0,2017-04-19 05:00:00,miercoles,0,Normal,Seca y limpia,Montañoso,Media ladera Izquierda,Recta,Transito normal con precaución,20,30,0,0,1.0,Choque,imprudencia del conductor,4001_2_47,22.0,22.0
Valle del Cauca,2017-05-08 22:05:00,59,530.0,2017-04-24 05:00:00,lunes,0,Normal,Seca y limpia,Montañoso,Cajón,Recta,Transito normal con precaución,21,30,1,0,1.0,Choque,no determinada,4001_2_59,5.0,16.0
Valle del Cauca,2017-05-08 22:10:00,33,200.0,2017-04-24 05:00:00,lunes,0,Lluvia,Humeda,Montañoso,Media ladera Izquierda,Recta,Transito normal con precaución,15,10,2,0,1.0,Volcamiento,desobediencia a normas y senales,4001_2_33,17.0,22.0
Valle del Cauca,2017-07-12 13:23:00,55,780.0,2017-06-03 05:00:00,sabado,30,Normal,Seca y limpia,Montañoso,Media Ladera Derecha,Recta,Transito normal con precaución,21,0,0,0,1.0,Choque,condiciones de la via y factores ambientales,4001_2_55,2.0,19.0
Valle del Cauca,2017-07-12 13:26:00,33,0.0,2017-06-08 05:00:00,jueves,30,Normal,Seca y limpia,Montañoso,Media ladera Izquierda,Curva Izquierda,Transito normal con precaución,6,0,1,0,1.0,Choque,no determinada,4001_2_33,18.0,12.0
Valle del Cauca,2017-07-12 14:12:00,50,40.0,2017-06-08 05:00:00,jueves,40,Lluvia,Humeda,Montañoso,Media ladera Izquierda,Recta,Transito normal con precaución,22,0,0,0,1.0,Choque,no determinada,4001_2_50,22.0,0.0
Valle del Cauca,2017-07-12 14:16:00,26,0.0,2017-06-08 05:00:00,jueves,30,Normal,Seca y limpia,Montañoso,Media ladera Izquierda,Recta,Transito normal con precaución,12,0,0,0,1.0,Volcamiento,no determinada,4001_2_26,20.0,16.0
Valle del Cauca,2017-07-19 15:15:00,34,500.0,2017-06-19 05:00:00,lunes,50,Normal,Seca y limpia,Montañoso,Media ladera Izquierda,Curva Izquierda,Transito normal con precaución,12,30,1,0,1.0,Volcamiento,no determinada,4001_2_34,2.0,10.0
Valle del Cauca,2017-07-31 22:30:00,37,600.0,2017-05-11 05:00:00,jueves,10,Lluvia,Humeda,Montañoso,Media ladera Izquierda,Curva Derecha,Transito normal con precaución,15,30,0,0,1.0,Choque,no determinada,4001_2_37,18.0,21.0
Valle del Cauca,2017-10-05 20:59:00,27,0.0,2017-08-10 05:00:00,jueves,50,Lluvia,Humeda,Montañoso,Media ladera Izquierda,Curva Derecha,Transito normal con precaución,15,30,1,0,1.0,Volcamiento,no determinada,4001_2_27,8.0,7.0
Valle del Cauca,2017-10-05 21:07:00,30,0.0,2017-08-15 05:00:00,martes,30,Lluvia,Humeda,Montañoso,Media ladera Izquierda,Recta,Transito normal con precaución,20,0,0,0,1.0,Choque,no determinada,4001_2_30,13.0,7.0
Valle del Cauca,2017-10-05 21:13:00,36,800.0,2017-08-19 05:00:00,sabado,0,Lluvia,Humeda,Montañoso,Media ladera Izquierda,Recta,Transito normal con precaución,2,40,0,0,1.0,Choque,no determinada,4001_2_36,2.0,0.0
Valle del Cauca,2017-10-05 21:27:00,61,700.0,2017-08-24 05:00:00,jueves,30,Normal,Seca y limpia,Montañoso,Media ladera Izquierda,Recta,Transito normal con precaución,20,30,0,0,1.0,Choque,no determinada,4001_2_61,19.0,1.0
Valle del Cauca,2017-10-05 21:35:00,24,500.0,2017-08-28 05:00:00,lunes,0,Lluvia,Humeda,Montañoso,Media ladera Izquierda,Curva Derecha,Transito normal con precaución,16,20,0,0,1.0,Choque,no determinada,4001_2_24,5.0,11.0
Valle del Cauca,2017-10-05 16:19:00,48,300.0,2017-08-25 05:00:00,viernes,5,Normal,Seca y limpia,Montañoso,Media ladera Izquierda,Recta,Transito normal con precaución,9,10,0,0,1.0,Volcamiento,no determinada,4001_2_48,13.0,20.0
Valle del Cauca,2017-10-05 16:33:00,48,850.0,2017-08-20 05:00:00,domingo,30,Lluvia,Humeda,Montañoso,Media ladera Izquierda,Recta,Transito normal con precaución,23,45,0,0,1.0,Choque,no determinada,4001_2_48,17.0,6.0
Valle del Cauca,2017-10-05 16:47:00,48,900.0,2017-08-13 05:00:00,domingo,50,Lluvia,Humeda,Montañoso,Media ladera Izquierda,Curva Derecha,Transito normal con precaución,21,0,3,1,1.0,Choque,no determinada,4001_2_48,18.0,3.0
Valle del Cauca,2017-10-05 16:57:00,35,209.0,2017-08-07 05:00:00,lunes,20,Lluvia,Humeda,Montañoso,Media ladera Izquierda,Recta,Transito normal con precaución,15,40,0,0,1.0,Choque,no determinada,4001_2_35,7.0,8.0
Valle del Cauca,2017-10-30 19:34:00,33,700.0,2017-10-09 05:00:00,lunes,20,Normal,Seca y limpia,Montañoso,Media ladera Izquierda,Curva Izquierda,Transito normal con precaución,0,0,0,0,1.0,Choque,no determinada,4001_2_33,6.0,18.0
Valle del Cauca,2017-10-30 20:02:00,42,300.0,2017-09-07 05:00:00,jueves,50,Normal,Seca y limpia,Montañoso,Media ladera Izquierda,Recta,Transito normal con precaución,0,0,1,0,1.0,Atropello,no determinada,4001_2_42,19.0,5.0
Valle del Cauca,2017-10-30 20:13:00,35,0.0,2017-09-08 05:00:00,viernes,0,Lluvia,Humeda,Montañoso,Media ladera Izquierda,Curva Izquierda,Transito normal con precaución,0,0,3,0,1.0,Volcamiento,no determinada,4001_2_35,5.0,19.0
Valle del Cauca,2017-10-30 20:44:00,22,300.0,2017-09-09 05:00:00,sabado,15,Lluvia,Humeda,Montañoso,Media ladera Izquierda,Recta,Transito normal con precaución,0,0,11,0,1.0,Choque,no determinada,4001_2_22,17.0,7.0
Valle del Cauca,2017-10-30 20:58:00,29,300.0,2017-09-10 05:00:00,domingo,0,Lluvia,Humeda,Montañoso,Media ladera Izquierda,Curva Izquierda,Transito normal con precaución,0,0,0,0,1.0,Choque,no determinada,4001_2_29,17.0,7.0
Valle del Cauca,2017-10-30 21:16:00,53,700.0,2017-09-15 05:00:00,viernes,30,Normal,Seca y limpia,Montañoso,Media ladera Izquierda,Recta,Transito normal con precaución,14,30,0,1,1.0,Choque,no determinada,4001_2_53,8.0,6.0
Valle del Cauca,2017-10-30 21:28:00,29,0.0,2017-09-17 05:00:00,domingo,25,Lluvia,Humeda,Montañoso,Media ladera Izquierda,Recta,Transito normal con precaución,0,0,0,0,1.0,Choque,no determinada,4001_2_29,21.0,3.0
Valle del Cauca,2017-10-30 21:41:00,39,500.0,2017-09-26 05:00:00,martes,10,Normal,Seca y limpia,Montañoso,Media ladera Izquierda,Recta,Transito normal con precaución,0,0,3,0,1.0,Choque,no determinada,4001_2_39,12.0,12.0
Valle del Cauca,2017-10-30 21:47:00,46,0.0,2017-09-27 05:00:00,miercoles,0,Normal,Seca y limpia,Montañoso,Media ladera Izquierda,Curva Izquierda,Transito normal con precaución,0,0,0,0,1.0,Choque,no determinada,4001_2_46,10.0,14.0
Valle del Cauca,2018-01-09 16:19:00,43,50.0,2017-11-02 05:00:00,jueves,0,Lluvia,Humeda,Montañoso,Media ladera Izquierda,Recta,Transito normal con precaución,23,30,0,0,1.0,Choque,no determinada,4001_2_43,20.0,3.0
Valle del Cauca,2018-01-09 16:22:00,34,100.0,2017-11-02 05:00:00,jueves,0,Lluvia,Humeda,Montañoso,Media ladera Izquierda,Recta,Transito normal con precaución,15,5,0,0,1.0,Choque,no determinada,4001_2_34,15.0,0.0
Valle del Cauca,2018-01-09 16:28:00,32,400.0,2017-11-03 05:00:00,viernes,45,Lluvia,Humeda,Montañoso,Media Ladera Derecha,Curva Izquierda,Transito normal con precaución,13,10,0,0,1.0,Volcamiento,no determinada,4001_2_32,17.0,20.0
Valle del Cauca,2018-01-09 16:40:00,29,450.0,2017-11-05 05:00:00,domingo,0,Lluvia,Humeda,Montañoso,Media ladera Izquierda,Curva Derecha,Transito normal con precaución,9,15,0,0,1.0,Choque,no determinada,4001_2_29,20.0,13.0
Valle del Cauca,2018-01-09 16:44:00,29,450.0,2017-11-05 05:00:00,domingo,30,Normal,Seca y limpia,Montañoso,Media ladera Izquierda,Curva Derecha,Transito normal con precaución,8,55,0,0,1.0,Choque,no determinada,4001_2_29,9.0,23.0
Valle del Cauca,2018-01-09 16:48:00,46,700.0,2017-11-06 05:00:00,lunes,40,Lluvia,Humeda,Montañoso,Media ladera Izquierda,Curva Izquierda,Transito normal con precaución,7,30,0,0,1.0,Volcamiento,no determinada,4001_2_46,4.0,3.0
Valle del Cauca,2018-01-09 17:03:00,37,550.0,2017-11-14 05:00:00,martes,0,Lluvia,Humeda,Montañoso,Media ladera Izquierda,Curva Derecha,Transito normal con precaución,9,20,0,0,1.0,Volcamiento,no determinada,4001_2_37,0.0,9.0
Valle del Cauca,2018-01-09 19:29:00,23,940.0,2017-11-22 05:00:00,miercoles,30,Normal,Seca y limpia,Montañoso,Media ladera Izquierda,Curva Derecha,Transito normal con precaución,6,0,0,0,1.0,Choque,no determinada,4001_2_23,6.0,0.0
Valle del Cauca,2018-01-09 19:34:00,62,50.0,2017-11-23 05:00:00,jueves,10,Normal,Seca y limpia,Montañoso,Media ladera Izquierda,Curva Izquierda,Transito normal con precaución,7,20,0,1,1.0,Choque,no determinada,4001_2_62,4.0,3.0
Valle del Cauca,2018-01-29 20:10:00,41,800.0,2017-12-01 05:00:00,viernes,15,Lluvia,Humeda,Montañoso,Media ladera Izquierda,Recta,Transito normal con precaución,18,0,0,0,1.0,Choque,no determinada,4001_2_41,6.0,12.0
Valle del Cauca,2018-01-29 20:21:00,24,590.0,2017-12-07 05:00:00,jueves,10,Lluvia,Humeda,Montañoso,Media ladera Izquierda,Curva Derecha,Transito normal con precaución,16,20,1,0,1.0,Choque,no determinada,4001_2_24,6.0,10.0
Valle del Cauca,2018-01-29 20:26:00,60,600.0,2017-12-11 05:00:00,lunes,0,Lluvia,Humeda,Montañoso,Media ladera Izquierda,Recta,Transito normal con precaución,8,30,0,0,1.0,Incendio,no determinada,4001_2_60,0.0,8.0
Valle del Cauca,2018-01-29 20:32:00,24,500.0,2017-12-13 05:00:00,miercoles,20,Lluvia,Humeda,Montañoso,Media ladera Izquierda,Recta,Transito normal con precaución,16,40,7,0,1.0,Volcamiento,no determinada,4001_2_24,17.0,23.0
Valle del Cauca,2018-01-29 20:35:00,50,200.0,2017-12-18 05:00:00,lunes,50,Normal,Seca y limpia,Montañoso,Media ladera Izquierda,Curva Izquierda,Transito normal con precaución,14,0,0,0,1.0,Choque,no determinada,4001_2_50,5.0,9.0
Valle del Cauca,2018-01-29 20:40:00,29,250.0,2017-12-21 05:00:00,jueves,40,Normal,Seca y limpia,Montañoso,Media ladera Izquierda,Recta,Transito normal con precaución,16,0,0,0,1.0,Volcamiento,no determinada,4001_2_29,9.0,7.0
Valle del Cauca,2018-01-29 20:45:00,27,100.0,2017-12-22 05:00:00,viernes,0,Lluvia,Humeda,Montañoso,Media ladera Izquierda,Recta,Transito normal con precaución,18,26,0,0,1.0,Choque,no determinada,4001_2_27,4.0,14.0
Valle del Cauca,2018-01-29 21:18:00,62,0.0,2017-12-22 05:00:00,viernes,0,Normal,Seca y limpia,Montañoso,Media ladera Izquierda,Curva Derecha,Transito normal con precaución,16,30,0,0,1.0,Volcamiento,no determinada,4001_2_62,8.0,8.0
Valle del Cauca,2018-01-29 21:24:00,48,800.0,2017-12-28 05:00:00,jueves,0,Lluvia,Seca y limpia,Montañoso,Media ladera Izquierda,Recta,Transito normal con precaución,13,15,3,0,1.0,Volcamiento,no determinada,4001_2_48,19.0,18.0
Valle del Cauca,2018-03-07 15:49:00,24,100.0,2018-01-01 05:00:00,lunes,0,Normal,Seca y limpia,Montañoso,Media Ladera Derecha,Curva Izquierda,Transito normal con precaución,0,0,1,0,1.0,Choque,no determinada,4001_2_24,10.0,14.0
Valle del Cauca,2018-03-07 15:55:00,60,20.0,2018-01-09 05:00:00,martes,50,Normal,Seca y limpia,Montañoso,Media Ladera Derecha,Recta,Transito normal con precaución,15,0,0,0,1.0,Choque,no determinada,4001_2_60,14.0,1.0
Valle del Cauca,2018-03-07 16:02:00,49,300.0,2018-01-15 05:00:00,lunes,20,Normal,Seca y limpia,Montañoso,Media Ladera Derecha,Recta,Transito normal con precaución,14,30,0,0,1.0,Choque,no determinada,4001_2_49,14.0,0.0
Valle del Cauca,2018-03-07 16:35:00,55,600.0,2018-01-27 05:00:00,sabado,0,Normal,Seca y limpia,Montañoso,Media Ladera Derecha,Recta,Transito normal con precaución,8,0,1,0,1.0,Choque,no determinada,4001_2_55,15.0,17.0
Valle del Cauca,2018-04-23 15:23:00,33,800.0,2018-02-01 05:00:00,jueves,30,Lluvia,Humeda,Montañoso,Media ladera Izquierda,Recta,Transito normal con precaución,17,0,0,0,1.0,Volcamiento,no determinada,4001_2_33,5.0,12.0
Risaralda,2017-10-04 18:28:00,8,700.0,2017-07-26 05:00:00,miercoles,20,Normal,Seca y limpia,Plano,Media Ladera Derecha,Recta,Transito normal con precaución,0,0,4,0,1.0,Choque,no mantener distancia de seguridad,29RSC_1_8,16.0,8.0