territorial,fecha_registro,pr,distancia_pr,fecha_acc,dia_semana_acc,min_acc,condic_meteor,estado_super,terreno,secc_tip,geometria_acc,tipo_cierre,horas_cierre,min_cierre,n_heridos,n_muertos,n_victimas,clase_accidente,causa_posible,ref_loc,hora_acc,duracion_cierre_horas
Risaralda,2017-10-04 19:08:00,5,200.0,2017-07-30 05:00:00,domingo,47,Normal,Seca y limpia,Ondulado,Cajón,Recta,Transito normal con precaución,0,0,0,0,1.0,Choque,maniobras imprudentes,29RSC_1_5,16.0,8.0
Risaralda,2017-10-05 15:03:00,8,915.0,2017-08-01 05:00:00,martes,20,Normal,Seca y limpia,Plano,Terraplen,Recta,Transito normal con precaución,0,0,0,0,1.0,Choque,no determinada,29RSC_1_8,10.0,14.0
Risaralda,2017-10-05 15:11:00,11,840.0,2017-08-02 05:00:00,miercoles,15,Normal,Seca y limpia,Plano,Media Ladera Derecha,Recta,Transito normal con precaución,0,0,1,0,1.0,Choque,desobediencia a normas y senales,29RSC_1_11,12.0,12.0
Risaralda,2017-10-05 15:22:00,1,800.0,2017-08-03 05:00:00,jueves,35,Normal,Seca y limpia,Montañoso,Media ladera Izquierda,Recta,Transito normal con precaución,0,0,2,0,1.0,Atropello,imprudencia del conductor,29RSC_1_1,6.0,18.0
Risaralda,2017-10-05 15:31:00,8,915.0,2017-08-04 05:00:00,viernes,15,Normal,Seca y limpia,Plano,Terraplen,Recta,Transito normal con precaución,0,0,0,0,1.0,Choque,desobediencia a normas y senales,29RSC_1_8,6.0,18.0
Risaralda,2017-10-06 15:06:00,2,750.0,2017-08-08 05:00:00,martes,27,Normal,Seca y limpia,Plano,Media ladera Izquierda,Recta,Transito normal con precaución,0,0,0,0,1.0,Choque,no determinada,29RSC_1_2,16.0,8.0
Risaralda,2017-10-09 14:53:00,0,500.0,2017-08-10 05:00:00,jueves,0,Normal,Seca y limpia,Ondulado,Media ladera Izquierda,Recta,Transito normal con precaución,0,0,0,0,1.0,Choque,no mantener distancia de seguridad,29RSC_1_0,15.0,9.0
Risaralda,2017-10-09 15:05:00,0,0.0,2017-08-12 05:00:00,sabado,30,Normal,Seca y limpia,Plano,Terraplen,Recta,Transito normal con precaución,0,0,1,0,1.0,Choque,desobediencia a normas y senales,29RSC_1_0,8.0,16.0
Risaralda,2017-10-09 15:09:00,10,200.0,2017-08-12 05:00:00,sabado,45,Normal,Seca y limpia,Ondulado,Media ladera Izquierda,Curva Izquierda,Transito normal con precaución,0,0,0,0,1.0,Choque,desobediencia a normas y senales,29RSC_1_10,1.0,23.0
Risaralda,2017-10-09 15:12:00,3,380.0,2017-08-12 05:00:00,sabado,26,Normal,Seca y limpia,Plano,Media ladera Izquierda,Recta,Transito normal con precaución,0,0,1,0,1.0,Choque,maniobras imprudentes,29RSC_1_3,8.0,16.0
Risaralda,2017-10-09 15:51:00,10,200.0,2017-08-22 05:00:00,martes,0,Normal,Seca y limpia,Ondulado,Terraplen,Curva Izquierda,Transito normal con precaución,0,0,1,0,1.0,Choque,desobediencia a normas y senales,29RSC_1_10,16.0,8.0
Risaralda,2017-10-09 16:01:00,8,50.0,2017-08-23 05:00:00,miercoles,30,Normal,Seca y limpia,Plano,Media Ladera Derecha,Recta,Transito normal con precaución,0,0,2,0,1.0,Choque,adelantamientos indebidos,29RSC_1_8,7.0,17.0
Risaralda,2017-10-09 16:15:00,3,300.0,2017-08-25 05:00:00,viernes,0,Normal,Seca y limpia,Plano,Media ladera Izquierda,Curva Izquierda,Transito normal con precaución,0,0,1,0,1.0,Choque,imprudencia del conductor,29RSC_1_3,14.0,10.0
Risaralda,2017-10-09 16:34:00,1,0.0,2017-08-26 05:00:00,sabado,40,Normal,Seca y limpia,Ondulado,Media ladera Izquierda,Recta,Transito normal con precaución,0,0,0,0,1.0,Choque,fallas mecanicas y del sistema electrico,29RSC_1_1,16.0,8.0
Risaralda,2017-10-09 16:44:00,4,900.0,2017-08-27 05:00:00,domingo,15,Normal,Seca y limpia,Ondulado,Media Ladera Derecha,Recta,Transito normal con precaución,0,0,0,0,1.0,Choque,no mantener distancia de seguridad,29RSC_1_4,0.0,0.0
Risaralda,2017-10-17 16:39:00,8,500.0,2017-09-06 05:00:00,miercoles,40,Normal,Seca y limpia,Plano,Terraplen,Recta,Transito normal con precaución,0,0,1,0,1.0,Choque,no mantener distancia de seguridad,29RSC_1_8,17.0,7.0
Risaralda,2017-10-17 16:49:00,7,350.0,2017-09-07 05:00:00,jueves,50,Normal,Seca y limpia,Plano,Media ladera Izquierda,Recta,Transito normal con precaución,0,0,0,1,1.0,Choque,no determinada,29RSC_1_7,13.0,11.0
Risaralda,2017-10-17 21:04:00,8,340.0,2017-09-16 05:00:00,sabado,30,Normal,Seca y limpia,Plano,Media Ladera Derecha,Curva Derecha,Transito normal con precaución,0,0,0,0,1.0,Choque,no mantener distancia de seguridad,29RSC_1_8,9.0,15.0
Risaralda,2017-10-17 17:08:00,8,955.0,2017-09-08 05:00:00,viernes,40,Normal,Seca y limpia,Plano,Media Ladera Derecha,Recta,Transito normal con precaución,0,0,0,0,1.0,Choque,maniobras imprudentes,29RSC_1_8,19.0,5.0
Risaralda,2017-10-18 15:19:00,0,500.0,2017-09-16 05:00:00,sabado,35,Lluvia,Humeda,Plano,Media Ladera Derecha,Recta,Transito normal con precaución,0,0,0,0,1.0,Choque,no mantener distancia de seguridad,29RSC_1_0,15.0,9.0
Risaralda,2017-10-18 15:35:00,8,360.0,2017-09-17 05:00:00,domingo,45,Normal,Seca y limpia,Plano,Media Ladera Derecha,Curva Derecha,Transito normal con precaución,0,0,2,0,1.0,Choque,desobediencia a normas y senales,29RSC_1_8,4.0,20.0
Risaralda,2017-10-24 20:34:00,3,730.0,2017-09-02 05:00:00,sabado,50,Normal,Seca y limpia,Plano,Media Ladera Derecha,Curva Derecha,Transito normal con precaución,0,0,0,0,1.0,Choque,desobediencia a normas y senales,29RSC_1_3,5.0,19.0
Risaralda,2017-10-24 20:57:00,0,500.0,2017-09-04 05:00:00,lunes,20,Normal,Seca y limpia,Ondulado,Media Ladera Derecha,Recta,Transito normal con precaución,0,0,0,0,1.0,Choque,no mantener distancia de seguridad,29RSC_1_0,15.0,9.0
Risaralda,2017-10-25 15:41:00,0,0.0,2017-09-14 05:00:00,jueves,18,Lluvia,Humeda,Ondulado,Terraplen,Recta,Transito normal con precaución,0,0,0,0,1.0,Choque,no mantener distancia de seguridad,29RSC_1_0,5.0,19.0
Risaralda,2017-10-25 15:52:00,5,300.0,2017-09-16 05:00:00,sabado,40,Normal,Seca y limpia,Ondulado,Media ladera Izquierda,Recta,Transito normal con precaución,0,0,0,0,1.0,Choque,desobediencia a normas y senales,29RSC_1_5,8.0,16.0
Risaralda,2017-10-25 16:54:00,3,715.0,2017-09-25 05:00:00,lunes,21,Lluvia,Humeda,Plano,Terraplen,Recta,Transito normal con precaución,0,0,2,0,1.0,Choque,no mantener distancia de seguridad,29RSC_1_3,11.0,13.0
Risaralda,2017-10-25 17:05:00,7,50.0,2017-09-26 05:00:00,martes,20,Normal,Seca y limpia,Ondulado,Media Ladera Derecha,Curva Izquierda,Transito normal con precaución,0,0,1,0,1.0,Choque,no determinada,29RSC_1_7,23.0,1.0
Risaralda,2017-10-25 18:41:00,5,500.0,2017-09-28 05:00:00,jueves,45,Normal,Seca y limpia,Ondulado,Media Ladera Derecha,Recta,Transito normal con precaución,0,0,0,0,1.0,Choque,no mantener distancia de seguridad,29RSC_1_5,12.0,12.0
Risaralda,2017-10-25 19:13:00,7,350.0,2017-09-07 05:00:00,jueves,50,Normal,Seca y limpia,Ondulado,Media Ladera Derecha,Recta,Transito normal con precaución,0,0,0,1,1.0,Choque,no determinada,29RSC_1_7,0.0,0.0
Risaralda,2017-11-17 15:35:00,0,0.0,2017-10-11 05:00:00,miercoles,8,Normal,Seca y limpia,Plano,Terraplen,Curva Derecha,Transito normal con precaución,0,0,4,0,1.0,Choque,maniobras imprudentes,29RSC_1_0,18.0,6.0
Risaralda,2017-11-17 15:42:00,8,500.0,2017-10-12 05:00:00,jueves,10,Normal,Seca y limpia,Plano,Media Ladera Derecha,Recta,Transito normal con precaución,0,0,0,0,1.0,Choque,no mantener distancia de seguridad,29RSC_1_8,20.0,4.0
Risaralda,2017-11-17 19:01:00,6,560.0,2017-10-12 05:00:00,jueves,15,Normal,Seca y limpia,Plano,Terraplen,Curva Derecha,Transito normal con precaución,0,0,0,0,1.0,Choque,no determinada,29RSC_1_6,7.0,17.0
Risaralda,2017-11-17 20:27:00,8,910.0,2017-10-14 05:00:00,sabado,50,Normal,Seca y limpia,Plano,Terraplen,Recta,Transito normal con precaución,0,0,1,0,1.0,Choque,desobediencia a normas y senales,29RSC_1_8,5.0,19.0
Risaralda,2017-11-20 20:12:00,7,470.0,2017-10-19 05:00:00,jueves,30,Normal,Seca y limpia,Ondulado,Cajón,Curva Derecha,Transito normal con precaución,0,0,1,0,1.0,Caída ocupante,no determinada,29RSC_1_7,19.0,5.0
Risaralda,2017-11-20 20:53:00,3,715.0,2017-10-24 05:00:00,martes,20,Lluvia,Humeda,Plano,Terraplen,Recta,Transito normal con precaución,0,0,1,0,1.0,Choque,no determinada,29RSC_1_3,19.0,5.0
Risaralda,2017-11-20 20:55:00,1,900.0,2017-10-24 05:00:00,martes,20,Lluvia,Humeda,Ondulado,Media ladera Izquierda,Recta,Transito normal con precaución,0,0,0,0,1.0,Choque,desobediencia a normas y senales,29RSC_1_1,18.0,6.0
Risaralda,2017-11-21 14:40:00,10,600.0,2017-10-30 05:00:00,lunes,50,Normal,Seca y limpia,Plano,Media Ladera Derecha,Recta,Transito normal con precaución,0,0,2,0,1.0,Choque,no mantener distancia de seguridad,29RSC_1_10,16.0,8.0
Risaralda,2017-12-21 15:02:00,3,0.0,2017-11-02 05:00:00,jueves,58,Normal,Seca y limpia,Plano,Media ladera Izquierda,Curva Izquierda,Transito normal con precaución,0,0,0,0,1.0,Choque,condiciones de la via y factores ambientales,29RSC_1_3,16.0,8.0
Risaralda,2017-12-21 15:37:00,0,200.0,2017-11-04 05:00:00,sabado,25,Normal,Seca y limpia,Plano,Media ladera Izquierda,Recta,Transito normal con precaución,0,0,0,0,1.0,Choque,no mantener distancia de seguridad,29RSC_1_0,19.0,5.0
Risaralda,2017-12-21 16:12:00,8,900.0,2017-11-09 05:00:00,jueves,15,Normal,Seca y limpia,Plano,Terraplen,Recta,Transito normal con precaución,0,0,1,0,1.0,Volcamiento,defectos fisicos y psiquicos,29RSC_1_8,11.0,13.0
Risaralda,2017-12-21 16:19:00,0,0.0,2017-11-10 05:00:00,viernes,35,Normal,Seca y limpia,Plano,Terraplen,Recta,Transito normal con precaución,0,0,0,0,1.0,Choque,no determinada,29RSC_1_0,3.0,21.0
Risaralda,2017-12-21 17:12:00,3,520.0,2017-11-16 05:00:00,jueves,51,Normal,Seca y limpia,Plano,Media ladera Izquierda,Recta,Transito normal con precaución,0,0,1,0,1.0,Choque,no mantener distancia de seguridad,29RSC_1_3,5.0,19.0
Risaralda,2017-12-22 14:30:00,1,370.0,2017-11-22 05:00:00,miercoles,0,Lluvia,Aceite,Plano,Media ladera Izquierda,Recta,Transito normal con precaución,0,0,0,1,1.0,Choque,adelantamientos indebidos,29RSC_1_1,22.0,2.0
Risaralda,2017-12-22 14:43:00,3,350.0,2017-11-22 05:00:00,miercoles,51,Lluvia,Aceite,Plano,Media ladera Izquierda,Recta,Transito normal con precaución,0,0,0,0,1.0,Choque,no mantener distancia de seguridad,29RSC_1_3,6.0,18.0
Risaralda,2017-12-22 16:03:00,0,0.0,2017-11-27 05:00:00,lunes,50,Normal,Seca y limpia,Plano,Terraplen,Recta,Transito normal con precaución,0,0,2,0,1.0,Choque,desobediencia a normas y senales,29RSC_1_0,14.0,10.0
Risaralda,2017-12-22 16:16:00,6,750.0,2017-11-30 05:00:00,jueves,0,Normal,Seca y limpia,Ondulado,Media Ladera Derecha,Recta,Transito normal con precaución,0,0,0,0,1.0,Choque,no mantener distancia de seguridad,29RSC_1_6,2.0,22.0
Risaralda,2017-12-22 16:24:00,5,300.0,2017-11-30 05:00:00,jueves,20,Normal,Seca y limpia,Ondulado,Media ladera Izquierda,Recta,Transito normal con precaución,0,0,0,0,1.0,Choque,no mantener distancia de seguridad,29RSC_1_5,9.0,15.0
Risaralda,2017-12-22 16:35:00,1,430.0,2017-11-22 05:00:00,miercoles,0,Lluvia,Aceite,Plano,Media ladera Izquierda,Recta,Transito normal con precaución,0,0,0,1,1.0,Choque,adelantamientos indebidos,29RSC_1_1,22.0,2.0
Risaralda,2018-01-16 20:54:00,1,100.0,2017-12-03 05:00:00,domingo,35,Lluvia,Humeda,Ondulado,Media ladera Izquierda,Curva Derecha,Transito normal con precaución,0,0,2,0,1.0,Choque,no determinada,29RSC_1_1,17.0,7.0
Risaralda,2018-01-18 15:17:00,8,955.0,2017-12-11 05:00:00,lunes,0,Lluvia,Humeda,Plano,Terraplen,Recta,Transito normal con precaución,0,0,0,0,1.0,Choque,desobediencia a normas y senales,29RSC_1_8,6.0,18.0
Risaralda,2018-01-18 15:35:00,8,500.0,2017-12-12 05:00:00,martes,40,Normal,Seca y limpia,Plano,Terraplen,Recta,Transito normal con precaución,0,0,2,0,1.0,Choque,maniobras imprudentes,29RSC_1_8,14.0,10.0
Risaralda,2018-01-18 16:21:00,3,710.0,2017-12-13 05:00:00,miercoles,20,Normal,Seca y limpia,Plano,Terraplen,Recta,Transito normal con precaución,0,0,2,0,1.0,Choque,exceso de velocidad,29RSC_1_3,8.0,16.0
Risaralda,2018-01-19 14:36:00,8,965.0,2017-12-16 05:00:00,sabado,40,Normal,Seca y limpia,Plano,Terraplen,Recta,Transito normal con precaución,0,0,0,0,1.0,Choque,desobediencia a normas y senales,29RSC_1_8,17.0,7.0
Risaralda,2018-01-19 14:40:00,5,300.0,2017-12-16 05:00:00,sabado,0,Normal,Seca y limpia,Ondulado,Media ladera Izquierda,Recta,Transito normal con precaución,0,0,2,0,1.0,Choque,desobediencia a normas y senales,29RSC_1_5,16.0,8.0
Risaralda,2018-01-19 14:56:00,0,0.0,2017-12-17 05:00:00,domingo,30,Normal,Seca y limpia,Ondulado,Terraplen,Curva Izquierda,Transito normal con precaución,0,0,0,0,1.0,Choque,no mantener distancia de seguridad,29RSC_1_0,16.0,8.0
Risaralda,2018-01-19 15:08:00,0,0.0,2017-12-19 05:00:00,martes,4,Normal,Seca y limpia,Plano,Terraplen,Recta,Transito normal con precaución,0,0,0,0,1.0,Choque,no mantener distancia de seguridad,29RSC_1_0,12.0,12.0
Risaralda,2018-01-19 15:20:00,0,0.0,2017-12-21 05:00:00,jueves,46,Lluvia,Humeda,Plano,Terraplen,Recta,Transito normal con precaución,0,0,0,0,1.0,Choque,no determinada,29RSC_1_0,16.0,8.0
Risaralda,2018-01-19 15:23:00,6,500.0,2017-12-21 05:00:00,jueves,0,Normal,Seca y limpia,Ondulado,Terraplen,Curva Derecha,Transito normal con precaución,0,0,0,0,1.0,Choque,no determinada,29RSC_1_6,6.0,18.0
Risaralda,2017-11-20 21:21:00,0,0.0,2017-10-28 05:00:00,sabado,22,Normal,Seca y limpia,Plano,Terraplen,Curva Izquierda,Transito normal con precaución,0,0,0,0,1.0,Choque,no determinada,29RSB_0_0,12.0,12.0
Risaralda,2017-05-29 17:00:00,0,625.0,2017-03-09 05:00:00,jueves,30,Normal,Seca y limpia,Plano,Terraplen,Recta,Transito normal con precaución,0,0,0,0,1.0,Choque,no mantener distancia de seguridad,29RSA_2_0,19.0,5.0
Risaralda,2017-05-31 16:04:00,0,630.0,2017-03-17 05:00:00,viernes,45,Normal,Seca y limpia,Plano,Terraplen,Recta,Transito normal con precaución,0,0,0,0,1.0,Choque,no mantener distancia de seguridad,29RSA_2_0,20.0,4.0
Risaralda,2017-05-31 16:09:00,0,190.0,2017-03-17 05:00:00,viernes,37,Normal,Seca y limpia,Plano,Terraplen,Recta,Transito normal con precaución,0,0,0,0,1.0,Choque,no mantener distancia de seguridad,29RSA_2_0,14.0,10.0
Risaralda,2017-05-31 16:40:00,0,140.0,2017-03-18 05:00:00,sabado,15,Normal,Seca y limpia,Plano,Terraplen,Recta,Transito normal con precaución,0,0,0,0,1.0,Choque,estacionamiento y senalizacion imprudente,29RSA_2_0,7.0,17.0
Risaralda,2017-05-31 16:49:00,0,120.0,2017-03-19 05:00:00,domingo,2,Lluvia,Humeda,Plano,Terraplen,Recta,Transito normal con precaución,0,0,0,0,1.0,Choque,no determinada,29RSA_2_0,13.0,11.0
Risaralda,2017-05-31 21:23:00,0,600.0,2017-03-25 05:00:00,sabado,50,Normal,Seca y limpia,Plano,Terraplen,Recta,Transito normal con precaución,0,0,0,0,1.0,Choque,no mantener distancia de seguridad,29RSA_2_0,14.0,10.0
Risaralda,2017-05-31 21:32:00,0,300.0,2017-03-25 05:00:00,sabado,0,Normal,Seca y limpia,Plano,Terraplen,Recta,Transito normal con precaución,0,0,0,0,1.0,Choque,no mantener distancia de seguridad,29RSA_2_0,9.0,15.0
Risaralda,2017-05-31 21:36:00,0,170.0,2017-03-26 05:00:00,domingo,56,Lluvia,Humeda,Plano,Terraplen,Recta,Transito normal con precaución,0,0,0,0,1.0,Choque,no mantener distancia de seguridad,29RSA_2_0,7.0,17.0
Risaralda,2017-06-01 22:09:00,0,150.0,2017-03-29 05:00:00,miercoles,19,Normal,Seca y limpia,Plano,Terraplen,Recta,Transito normal con precaución,0,0,0,0,1.0,Choque,no mantener distancia de seguridad,29RSA_2_0,9.0,15.0
Risaralda,2017-06-01 22:20:00,0,0.0,2017-03-30 05:00:00,jueves,50,Normal,Seca y limpia,Plano,Terraplen,Recta,Transito normal con precaución,0,0,0,0,1.0,Choque,no mantener distancia de seguridad,29RSA_2_0,17.0,7.0
Risaralda,2017-06-03 15:41:00,0,690.0,2017-04-06 05:00:00,jueves,50,Normal,Seca y limpia,Plano,Terraplen,Recta,Transito normal con precaución,0,0,1,0,1.0,Choque,condiciones de la via y factores ambientales,29RSA_2_0,15.0,9.0
Risaralda,2017-06-03 15:56:00,0,0.0,2017-04-08 05:00:00,sabado,0,Lluvia,Humeda,Plano,Terraplen,Recta,Transito normal con precaución,0,0,0,0,1.0,Choque,no mantener distancia de seguridad,29RSA_2_0,17.0,7.0
Risaralda,2017-06-24 15:49:00,0,0.0,2017-04-11 05:00:00,martes,30,Normal,Seca y limpia,Plano,Terraplen,Recta,Transito normal con precaución,0,0,0,0,1.0,Choque,no mantener distancia de seguridad,29RSA_2_0,9.0,15.0
Risaralda,2017-07-01 17:51:00,0,520.0,2017-04-18 05:00:00,martes,10,Normal,Seca y limpia,Plano,Terraplen,Recta,Transito normal con precaución,0,0,0,0,1.0,Choque,no mantener distancia de seguridad,29RSA_2_0,11.0,13.0
Risaralda,2017-07-01 17:55:00,0,0.0,2017-04-18 05:00:00,martes,33,Normal,Seca y limpia,Plano,Terraplen,Recta,Transito normal con precaución,0,0,0,0,1.0,Choque,no mantener distancia de seguridad,29RSA_2_0,12.0,12.0
Risaralda,2017-07-08 15:34:00,0,0.0,2017-04-19 05:00:00,miercoles,0,Normal,Seca y limpia,Plano,Terraplen,Recta,Transito normal con precaución,0,0,0,0,1.0,Choque,no mantener distancia de seguridad,29RSA_2_0,10.0,14.0
Risaralda,2017-07-15 15:18:00,0,770.0,2017-04-22 05:00:00,sabado,35,Normal,Seca y limpia,Plano,Cajón,Curva Izquierda,Transito normal con precaución,0,0,0,0,1.0,Choque,no mantener distancia de seguridad,29RSA_2_0,13.0,11.0
Risaralda,2017-07-22 16:17:00,0,0.0,2017-05-05 05:00:00,viernes,20,Normal,Seca y limpia,Plano,Terraplen,Curva Derecha,Transito normal con precaución,0,0,1,0,1.0,Choque,no determinada,29RSA_2_0,18.0,6.0
Risaralda,2017-07-22 16:27:00,0,0.0,2017-05-05 05:00:00,viernes,20,Normal,Seca y limpia,Plano,Terraplen,Recta,Transito normal con precaución,0,0,0,0,1.0,Choque,no mantener distancia de seguridad,29RSA_2_0,12.0,12.0
Risaralda,2017-07-22 16:33:00,0,150.0,2017-05-05 05:00:00,viernes,56,Lluvia,Humeda,Plano,Terraplen,Recta,Transito normal con precaución,0,0,1,0,1.0,Choque,embriaguez o sustancias alucinogenas,29RSA_2_0,11.0,13.0
Risaralda,2017-07-26 18:33:00,0,180.0,2017-05-08 05:00:00,lunes,40,Lluvia,Humeda,Plano,Terraplen,Recta,Transito normal con precaución,0,0,0,0,1.0,Choque,no mantener distancia de seguridad,29RSA_2_0,9.0,15.0
Risaralda,2017-07-26 20:07:00,0,0.0,2017-05-11 05:00:00,jueves,20,Lluvia,Humeda,Plano,Terraplen,Recta,Transito normal con precaución,0,0,0,0,1.0,Choque,no mantener distancia de seguridad,29RSA_2_0,11.0,13.0
Risaralda,2017-07-26 20:14:00,0,0.0,2017-05-11 05:00:00,jueves,40,Lluvia,Humeda,Plano,Terraplen,Recta,Transito normal con precaución,0,0,0,0,1.0,Choque,no mantener distancia de seguridad,29RSA_2_0,7.0,17.0
Risaralda,2017-07-27 15:24:00,0,0.0,2017-05-17 05:00:00,miercoles,38,Lluvia,Humeda,Plano,Terraplen,Recta,Transito normal con precaución,0,0,0,0,1.0,Choque,no mantener distancia de seguridad,29RSA_2_0,4.0,20.0
Risaralda,2017-07-28 16:16:00,0,550.0,2017-05-26 05:00:00,viernes,5,Normal,Seca y limpia,Plano,Terraplen,Recta,Transito normal con precaución,0,0,6,0,1.0,Choque,no mantener distancia de seguridad,29RSA_2_0,15.0,9.0
Risaralda,2017-08-19 15:30:00,0,180.0,2017-06-09 05:00:00,viernes,45,Normal,Seca y limpia,Plano,Terraplen,Recta,Transito normal con precaución,0,0,0,0,1.0,Choque,no mantener distancia de seguridad,29RSA_2_0,7.0,17.0
Risaralda,2017-08-19 15:41:00,0,610.0,2017-06-09 05:00:00,viernes,50,Normal,Seca y limpia,Plano,Terraplen,Recta,Transito normal con precaución,0,0,0,0,1.0,Choque,no mantener distancia de seguridad,29RSA_2_0,9.0,15.0
Risaralda,2017-08-19 15:57:00,0,180.0,2017-06-10 05:00:00,sabado,54,Normal,Seca y limpia,Plano,Terraplen,Curva Izquierda,Transito normal con precaución,0,0,2,0,1.0,Atropello,conducta de peatones,29RSA_2_0,6.0,18.0
Risaralda,2017-08-26 16:28:00,0,480.0,2017-06-13 05:00:00,martes,20,Normal,Seca y limpia,Plano,Terraplen,Recta,Transito normal con precaución,0,0,1,0,1.0,Choque,no determinada,29RSA_2_0,17.0,7.0
Risaralda,2017-09-05 15:01:00,0,0.0,2017-06-20 05:00:00,martes,15,Normal,Seca y limpia,Plano,Terraplen,Recta,Transito normal con precaución,0,0,0,0,1.0,Choque,no mantener distancia de seguridad,29RSA_2_0,17.0,7.0
Risaralda,2017-09-05 16:37:00,0,630.0,2017-06-28 05:00:00,miercoles,30,Normal,Seca y limpia,Plano,Media Ladera Derecha,Curva Derecha,Transito normal con precaución,0,0,0,0,1.0,Choque,no mantener distancia de seguridad,29RSA_2_0,17.0,7.0
Risaralda,2017-09-05 16:41:00,0,520.0,2017-06-29 05:00:00,jueves,50,Normal,Seca y limpia,Plano,Terraplen,Recta,Transito normal con precaución,0,0,0,0,1.0,Choque,no mantener distancia de seguridad,29RSA_2_0,8.0,16.0
Risaralda,2017-09-28 20:43:00,0,0.0,2017-07-12 05:00:00,miercoles,10,Normal,Seca y limpia,Plano,Terraplen,Recta,Transito normal con precaución,0,0,0,0,1.0,Choque,no mantener distancia de seguridad,29RSA_2_0,12.0,12.0
Risaralda,2017-10-04 16:59:00,0,770.0,2017-07-20 05:00:00,jueves,46,Normal,Seca y limpia,Plano,Cajón,Recta,Transito normal con precaución,0,0,1,0,1.0,Choque,no mantener distancia de seguridad,29RSA_2_0,7.0,17.0
Risaralda,2017-10-04 18:44:00,0,140.0,2017-07-27 05:00:00,jueves,45,Normal,Seca y limpia,Plano,Terraplen,Recta,Transito normal con precaución,0,0,0,0,1.0,Choque,adelantamientos indebidos,29RSA_2_0,10.0,14.0
Risaralda,2017-10-09 15:35:00,0,0.0,2017-08-16 05:00:00,miercoles,0,Lluvia,Humeda,Plano,Terraplen,Recta,Transito normal con precaución,0,0,2,0,1.0,Choque,no determinada,29RSA_2_0,23.0,1.0
Risaralda,2017-10-17 16:20:00,0,770.0,2017-09-04 05:00:00,lunes,30,Normal,Seca y limpia,Plano,Cajón,Curva Izquierda,Transito normal con precaución,0,0,0,0,1.0,Choque,no mantener distancia de seguridad,29RSA_2_0,11.0,13.0
Risaralda,2017-10-17 16:33:00,0,770.0,2017-09-06 05:00:00,miercoles,20,Normal,Seca y limpia,Plano,Cajón,Curva Izquierda,Transito normal con precaución,0,0,0,0,1.0,Choque,no mantener distancia de seguridad,29RSA_2_0,15.0,9.0
Risaralda,2017-10-24 20:30:00,0,0.0,2017-09-02 05:00:00,sabado,53,Lluvia,Humeda,Plano,Terraplen,Recta,Transito normal con precaución,0,0,0,0,1.0,Choque,no mantener distancia de seguridad,29RSA_2_0,17.0,7.0
Risaralda,2017-10-24 21:24:00,0,0.0,2017-09-10 05:00:00,domingo,10,Lluvia,Humeda,Plano,Terraplen,Recta,Transito normal con precaución,0,0,1,0,1.0,Choque,desobediencia a normas y senales,29RSA_2_0,15.0,9.0
Risaralda,2017-10-25 14:37:00,0,110.0,2017-09-10 05:00:00,domingo,22,Lluvia,Humeda,Plano,Terraplen,Recta,Transito normal con precaución,0,0,0,1,1.0,Choque,desobediencia a normas y senales,29RSA_2_0,19.0,5.0
Risaralda,2017-10-25 18:45:00,0,0.0,2017-09-29 05:00:00,viernes,44,Lluvia,Humeda,Plano,Terraplen,Recta,Transito normal con precaución,0,0,0,0,1.0,Choque,no mantener distancia de seguridad,29RSA_2_0,20.0,4.0
Risaralda,2017-10-25 18:55:00,0,750.0,2017-09-30 05:00:00,sabado,5,Lluvia,Humeda,Plano,Terraplen,Recta,Transito normal con precaución,0,0,0,0,1.0,Choque,no mantener distancia de seguridad,29RSA_2_0,18.0,6.0
Risaralda,2017-10-25 19:00:00,0,0.0,2017-09-30 05:00:00,sabado,30,Lluvia,Humeda,Plano,Terraplen,Recta,Transito normal con precaución,0,0,0,0,1.0,Choque,no mantener distancia de seguridad,29RSA_2_0,5.0,19.0
Risaralda,2017-11-15 21:00:00,0,690.0,2017-10-03 05:00:00,martes,0,Normal,Seca y limpia,Plano,Terraplen,Recta,Transito normal con precaución,0,0,1,0,1.0,Choque,no determinada,29RSA_2_0,9.0,15.0
Risaralda,2017-11-20 20:37:00,0,0.0,2017-10-21 05:00:00,sabado,0,Lluvia,Humeda,Plano,Terraplen,Recta,Transito normal con precaución,0,0,0,0,1.0,Choque,no mantener distancia de seguridad,29RSA_2_0,4.0,20.0
Risaralda,2017-11-21 14:32:00,0,100.0,2017-10-28 05:00:00,sabado,50,Lluvia,Humeda,Plano,Terraplen,Recta,Transito normal con precaución,0,0,0,0,1.0,Choque,no mantener distancia de seguridad,29RSA_2_0,11.0,13.0
Risaralda,2017-12-21 15:49:00,0,750.0,2017-11-08 05:00:00,miercoles,0,Normal,Seca y limpia,Plano,Cajón,Recta,Transito normal con precaución,0,0,0,0,1.0,Choque,no mantener distancia de seguridad,29RSA_2_0,7.0,17.0
Risaralda,2017-12-21 17:09:00,0,770.0,2017-11-15 05:00:00,miercoles,50,Normal,Seca y limpia,Plano,Cajón,Curva Izquierda,Transito normal con precaución,0,0,1,0,1.0,Choque,no determinada,29RSA_2_0,11.0,13.0
Risaralda,2017-12-21 20:03:00,0,770.0,2017-11-19 05:00:00,domingo,0,Normal,Seca y limpia,Plano,Cajón,Curva Izquierda,Transito normal con precaución,0,0,0,0,1.0,Choque,no mantener distancia de seguridad,29RSA_2_0,15.0,9.0
Risaralda,2017-12-22 14:55:00,0,660.0,2017-11-24 05:00:00,viernes,10,Normal,Seca y limpia,Plano,Media Ladera Derecha,Recta,Transito normal con precaución,0,0,0,0,1.0,Choque,no mantener distancia de seguridad,29RSA_2_0,15.0,9.0
Risaralda,2017-12-22 16:21:00,0,0.0,2017-11-30 05:00:00,jueves,36,Lluvia,Humeda,Plano,Terraplen,Recta,Transito normal con precaución,0,0,1,0,1.0,Choque,no determinada,29RSA_2_0,16.0,8.0