territorial,fecha_registro,pr,distancia_pr,fecha_acc,dia_semana_acc,min_acc,condic_meteor,estado_super,terreno,secc_tip,geometria_acc,tipo_cierre,horas_cierre,min_cierre,n_heridos,n_muertos,n_victimas,clase_accidente,causa_posible,ref_loc,hora_acc,duracion_cierre_horas
Risaralda,2018-01-19 16:02:00,0,0.0,2017-12-22 05:00:00,viernes,51,Normal,Seca y limpia,Plano,Terraplen,Recta,Transito normal con precaución,0,0,0,0,1.0,Choque,no mantener distancia de seguridad,29RSA_2_0,15.0,9.0
Risaralda,2018-03-21 20:38:00,0,0.0,2018-02-13 05:00:00,martes,30,Normal,Humeda,Plano,Terraplen,Recta,Transito normal con precaución,0,0,0,0,1.0,Choque,no mantener distancia de seguridad,29RSA_2_0,22.0,2.0
Risaralda,2018-03-16 18:28:00,0,620.0,2018-02-08 05:00:00,jueves,40,Normal,Seca y limpia,Plano,Terraplen,Recta,Transito normal con precaución,0,0,3,0,1.0,Atropello,conducta de peatones,29RSA_2_0,7.0,17.0
Risaralda,2018-03-16 20:03:00,0,650.0,2018-02-12 05:00:00,lunes,10,Normal,Seca y limpia,Plano,Media Ladera Derecha,Recta,Transito normal con precaución,0,0,0,0,1.0,Choque,no mantener distancia de seguridad,29RSA_2_0,6.0,18.0
Risaralda,2018-04-03 21:19:00,0,0.0,2018-02-24 05:00:00,sabado,45,Normal,Seca y limpia,Ondulado,Cajón,Recta,Transito normal con precaución,0,0,0,0,1.0,Choque,no mantener distancia de seguridad,29RSA_2_0,13.0,11.0
Risaralda,2018-04-06 14:42:00,0,650.0,2018-02-27 05:00:00,martes,30,Normal,Seca y limpia,Plano,Media Ladera Derecha,Recta,Transito normal con precaución,0,0,0,0,1.0,Choque,no mantener distancia de seguridad,29RSA_2_0,15.0,9.0
Risaralda,2018-04-19 19:44:00,0,690.0,2018-03-02 05:00:00,viernes,10,Normal,Seca y limpia,Plano,Cajón,Recta,Transito normal con precaución,0,0,0,0,1.0,Choque,no determinada,29RSA_2_0,6.0,18.0
Risaralda,2018-04-19 21:48:00,0,0.0,2018-03-04 05:00:00,domingo,0,Lluvia,Humeda,Plano,Terraplen,Recta,Transito normal con precaución,0,0,0,0,1.0,Choque,no mantener distancia de seguridad,29RSA_2_0,2.0,22.0
Risaralda,2018-04-19 19:50:00,0,690.0,2018-03-02 05:00:00,viernes,15,Normal,Seca y limpia,Plano,Cajón,Recta,Transito normal con precaución,0,0,0,0,1.0,Choque,no determinada,29RSA_2_0,19.0,5.0
Risaralda,2017-05-29 17:11:00,0,700.0,2017-03-11 05:00:00,sabado,25,Normal,Seca y limpia,Plano,Cajón,Recta,Transito normal con precaución,0,0,0,0,1.0,Choque,no mantener distancia de seguridad,29RSA_1_0,5.0,19.0
Risaralda,2017-05-31 15:39:00,0,0.0,2017-03-16 05:00:00,jueves,30,Normal,Seca y limpia,Plano,Terraplen,Recta,Transito normal con precaución,0,0,0,0,1.0,Choque,no mantener distancia de seguridad,29RSA_1_0,1.0,23.0
Risaralda,2017-05-31 16:54:00,0,20.0,2017-03-19 05:00:00,domingo,45,Lluvia,Humeda,Plano,Terraplen,Recta,Transito normal con precaución,0,0,0,0,1.0,Choque,no mantener distancia de seguridad,29RSA_1_0,14.0,10.0
Caldas,2018-03-09 13:26:00,36,150.0,2018-02-06 05:00:00,martes,20,Normal,Seca y limpia,Montañoso,Media Ladera Derecha,Curva Derecha,Transito normal con precaución,13,40,0,0,1.0,Choque,no determinada,2902_2_36,5.0,8.0
Risaralda,2017-05-31 20:54:00,0,870.0,2017-03-24 05:00:00,viernes,30,Normal,Seca y limpia,Ondulado,Cajón,Curva Izquierda,Transito normal con precaución,0,0,0,0,1.0,Choque,estacionamiento y senalizacion imprudente,29RSA_1_0,6.0,18.0
Risaralda,2017-06-24 14:32:00,0,770.0,2017-04-10 05:00:00,lunes,50,Normal,Seca y limpia,Plano,Cajón,Curva Derecha,Transito normal con precaución,0,0,5,0,1.0,Choque,no mantener distancia de seguridad,29RSA_1_0,13.0,11.0
Risaralda,2017-07-01 17:38:00,0,0.0,2017-04-17 05:00:00,lunes,10,Normal,Seca y limpia,Plano,Terraplen,Recta,Transito normal con precaución,0,0,0,0,1.0,Choque,no mantener distancia de seguridad,29RSA_1_0,19.0,5.0
Risaralda,2017-07-17 21:11:00,0,100.0,2017-04-27 05:00:00,jueves,30,Normal,Seca y limpia,Plano,Terraplen,Recta,Transito normal con precaución,0,0,2,0,1.0,Choque,impericia en el manejo,29RSA_1_0,12.0,12.0
Risaralda,2017-07-17 20:50:00,0,971.0,2017-04-25 05:00:00,martes,15,Normal,Seca y limpia,Plano,Terraplen,Curva Derecha,Transito normal con precaución,0,0,1,0,1.0,Atropello,maniobras imprudentes,2902_2_0,14.0,10.0
Caldas,2017-05-05 20:19:00,31,980.0,2017-04-04 05:00:00,martes,20,Normal,Seca y limpia,Montañoso,Media ladera Izquierda,Curva Izquierda,Transito normal con precaución,0,0,0,0,1.0,Volcamiento,fallas mecanicas y del sistema electrico,2902_2_31,16.0,8.0
Caldas,2017-05-05 20:36:00,31,850.0,2017-04-24 05:00:00,lunes,20,Lluvia,Humeda,Montañoso,Media ladera Izquierda,Curva Izquierda,Parcial con reducción de carriles,0,0,1,0,1.0,Atropello,no determinada,2902_2_31,10.0,14.0
Caldas,2017-05-05 20:42:00,30,700.0,2017-04-26 05:00:00,miercoles,0,Lluvia,Humeda,Montañoso,Media ladera Izquierda,Recta,Transito normal con precaución,0,0,0,0,1.0,Choque,condiciones de la via y factores ambientales,2902_2_30,5.0,19.0
Caldas,2017-05-05 20:49:00,31,400.0,2017-04-30 05:00:00,domingo,40,Lluvia,Humeda,Montañoso,Media ladera Izquierda,Curva Derecha,Transito normal con precaución,0,0,0,0,1.0,Choque,condiciones de la via y factores ambientales,2902_2_31,7.0,17.0
Risaralda,2017-05-27 14:10:00,3,90.0,2017-03-03 05:00:00,viernes,15,Normal,Seca y limpia,Plano,Terraplen,Recta,Transito normal con precaución,0,0,4,0,1.0,Choque,no mantener distancia de seguridad,2902_2_3,18.0,6.0
Risaralda,2017-05-27 15:21:00,5,230.0,2017-03-04 05:00:00,sabado,0,Normal,Seca y limpia,Plano,Terraplen,Recta,Transito normal con precaución,0,0,1,0,1.0,Choque,maniobras imprudentes,2902_2_5,19.0,5.0
Risaralda,2017-05-27 15:45:00,1,100.0,2017-03-06 05:00:00,lunes,20,Normal,Seca y limpia,Plano,Terraplen,Recta,Transito normal con precaución,0,0,0,0,1.0,Choque,adelantamientos indebidos,2902_2_1,19.0,5.0
Risaralda,2017-05-27 15:53:00,3,575.0,2017-03-06 05:00:00,lunes,20,Normal,Seca y limpia,Plano,Terraplen,Recta,Transito normal con precaución,0,0,0,0,1.0,Choque,maniobras imprudentes,2902_2_3,7.0,17.0
Risaralda,2017-05-29 16:14:00,1,730.0,2017-03-08 05:00:00,miercoles,30,Normal,Seca y limpia,Plano,Terraplen,Recta,Transito normal con precaución,0,0,0,0,1.0,Choque,no mantener distancia de seguridad,2902_2_1,14.0,10.0
Risaralda,2017-05-31 15:19:00,0,580.0,2017-03-15 05:00:00,miercoles,10,Normal,Seca y limpia,Montañoso,Media ladera Izquierda,Recta,Transito normal con precaución,0,0,2,0,1.0,Choque,maniobras imprudentes,2902_2_0,13.0,11.0
Risaralda,2017-05-31 15:58:00,2,200.0,2017-03-17 05:00:00,viernes,40,Lluvia,Humeda,Plano,Terraplen,Recta,Transito normal con precaución,0,0,0,0,1.0,Choque,no mantener distancia de seguridad,2902_2_2,17.0,7.0
Risaralda,2017-05-31 16:33:00,0,750.0,2017-03-18 05:00:00,sabado,40,Normal,Seca y limpia,Plano,Terraplen,Recta,Transito normal con precaución,0,0,1,0,1.0,Choque,maniobras imprudentes,2902_2_0,18.0,6.0
Risaralda,2017-05-31 17:00:00,2,30.0,2017-03-21 05:00:00,martes,35,Normal,Seca y limpia,Plano,Terraplen,Recta,Transito normal con precaución,0,0,0,0,1.0,Choque,no mantener distancia de seguridad,2902_2_2,10.0,14.0
Risaralda,2017-05-31 17:12:00,1,750.0,2017-03-21 05:00:00,martes,20,Normal,Seca y limpia,Plano,Terraplen,Recta,Transito normal con precaución,0,0,0,0,1.0,Choque,maniobras imprudentes,2902_2_1,21.0,3.0
Risaralda,2018-03-21 20:53:00,3,700.0,2018-02-14 05:00:00,miercoles,40,Lluvia,Humeda,Plano,Terraplen,Recta,Transito normal con precaución,0,0,0,0,1.0,Choque,desobediencia a normas y senales,2902_2_3,21.0,3.0
Risaralda,2017-05-31 20:25:00,0,500.0,2017-03-21 05:00:00,martes,35,Normal,Seca y limpia,Montañoso,Media ladera Izquierda,Curva Derecha,Transito normal con precaución,0,0,2,0,1.0,Atropello,conducta de peatones,2902_2_0,3.0,21.0
Risaralda,2017-05-31 20:45:00,0,740.0,2017-03-22 05:00:00,miercoles,10,Lluvia,Humeda,Ondulado,Terraplen,Recta,Transito normal con precaución,0,0,0,0,1.0,Choque,no mantener distancia de seguridad,2902_2_0,4.0,20.0
Risaralda,2017-05-31 20:59:00,4,253.0,2017-03-24 05:00:00,viernes,10,Normal,Seca y limpia,Plano,Terraplen,Recta,Transito normal con precaución,0,0,1,0,1.0,Choque,exceso de velocidad,2902_2_4,7.0,17.0
Risaralda,2017-05-31 21:40:00,2,30.0,2017-03-26 05:00:00,domingo,5,Normal,Seca y limpia,Plano,Terraplen,Recta,Transito normal con precaución,0,0,0,0,1.0,Choque,no mantener distancia de seguridad,2902_2_2,12.0,12.0
Risaralda,2017-06-01 22:17:00,2,26.0,2017-03-30 05:00:00,jueves,20,Normal,Seca y limpia,Plano,Terraplen,Recta,Transito normal con precaución,0,0,3,0,1.0,Choque,desobediencia a normas y senales,2902_2_2,13.0,11.0
Risaralda,2017-07-17 20:55:00,2,650.0,2017-04-26 05:00:00,miercoles,30,Normal,Seca y limpia,Plano,Terraplen,Recta,Transito normal con precaución,0,0,1,0,1.0,Choque,maniobras imprudentes,2902_2_2,14.0,10.0
Risaralda,2017-07-17 21:01:00,1,80.0,2017-04-27 05:00:00,jueves,0,Normal,Seca y limpia,Plano,Terraplen,Recta,Transito normal con precaución,0,0,0,0,1.0,Choque,adelantamientos indebidos,2902_2_1,22.0,2.0
Risaralda,2017-07-17 21:07:00,0,20.0,2017-04-27 05:00:00,jueves,50,Normal,Seca y limpia,Plano,Terraplen,Recta,Transito normal con precaución,0,0,0,0,1.0,Choque,condiciones de la via y factores ambientales,2902_2_0,5.0,19.0
Risaralda,2017-07-26 18:46:00,0,960.0,2017-05-09 05:00:00,martes,20,Normal,Seca y limpia,Plano,Terraplen,Recta,Transito normal con precaución,0,0,0,0,1.0,Choque,no mantener distancia de seguridad,2902_2_0,23.0,1.0
Risaralda,2017-07-26 18:51:00,5,340.0,2017-05-09 05:00:00,martes,40,Lluvia,Humeda,Plano,Terraplen,Recta,Transito normal con precaución,0,0,0,0,1.0,Choque,condiciones de la via y factores ambientales,2902_2_5,0.0,0.0
Risaralda,2017-07-26 18:54:00,4,530.0,2017-05-09 05:00:00,martes,10,Lluvia,Humeda,Plano,Terraplen,Recta,Transito normal con precaución,0,0,0,0,1.0,Choque,no mantener distancia de seguridad,2902_2_4,7.0,17.0
Risaralda,2017-07-27 14:52:00,5,500.0,2017-05-17 05:00:00,miercoles,10,Normal,Seca y limpia,Plano,Terraplen,Recta,Transito normal con precaución,0,0,1,0,1.0,Choque,maniobras imprudentes,2902_2_5,18.0,6.0
Risaralda,2017-07-27 15:14:00,5,500.0,2017-05-17 05:00:00,miercoles,55,Normal,Seca y limpia,Plano,Terraplen,Recta,Transito normal con precaución,0,0,0,0,1.0,Choque,desobediencia a normas y senales,2902_2_5,10.0,14.0
Risaralda,2017-07-28 15:31:00,3,730.0,2017-05-19 05:00:00,viernes,0,Normal,Seca y limpia,Plano,Terraplen,Recta,Transito normal con precaución,0,0,0,0,1.0,Choque,maniobras imprudentes,2902_2_3,7.0,17.0
Risaralda,2017-07-28 16:30:00,3,170.0,2017-05-26 05:00:00,viernes,40,Normal,Seca y limpia,Plano,Terraplen,Recta,Transito normal con precaución,0,0,1,0,1.0,Choque,adelantamientos indebidos,2902_2_3,6.0,18.0
Risaralda,2017-07-28 16:36:00,0,0.0,2017-05-26 05:00:00,viernes,0,Normal,Seca y limpia,Plano,Terraplen,Recta,Transito normal con precaución,0,0,2,0,1.0,Choque,no determinada,2902_2_0,16.0,8.0
Risaralda,2017-07-28 16:40:00,4,500.0,2017-05-26 05:00:00,viernes,40,Normal,Seca y limpia,Plano,Terraplen,Recta,Transito normal con precaución,0,0,1,0,1.0,Choque,desobediencia a normas y senales,2902_2_4,10.0,14.0
Risaralda,2017-07-28 16:45:00,0,740.0,2017-05-27 05:00:00,sabado,30,Normal,Seca y limpia,Plano,Terraplen,Recta,Transito normal con precaución,0,0,1,0,1.0,Atropello,conducta de peatones,2902_2_0,5.0,19.0
Caldas,2017-08-03 13:58:00,35,140.0,2017-07-07 05:00:00,viernes,0,Normal,Seca y limpia,Montañoso,Media Ladera Derecha,Recta,Transito normal con precaución,0,0,1,1,1.0,Atropello,no determinada,2902_2_35,1.0,23.0
Caldas,2017-08-03 20:31:00,31,975.0,2017-07-14 05:00:00,viernes,30,Normal,Seca y limpia,Montañoso,Media ladera Izquierda,Curva Izquierda,Transito normal con precaución,0,0,1,0,1.0,Volcamiento,imprudencia del conductor,2902_2_31,10.0,14.0
Caldas,2017-08-03 20:42:00,33,450.0,2017-07-29 05:00:00,sabado,58,Normal,Seca y limpia,Montañoso,Media Ladera Derecha,Curva Izquierda,Transito normal con precaución,0,0,0,0,1.0,Choque,no mantener distancia de seguridad,2902_2_33,18.0,6.0
Risaralda,2017-08-12 15:10:00,0,740.0,2017-06-02 05:00:00,viernes,45,Normal,Seca y limpia,Plano,Terraplen,Recta,Transito normal con precaución,0,0,0,0,1.0,Choque,desobediencia a normas y senales,2902_2_0,11.0,13.0
Risaralda,2017-08-12 15:38:00,5,250.0,2017-06-04 05:00:00,domingo,40,Normal,Seca y limpia,Plano,Terraplen,Recta,Transito normal con precaución,0,0,0,0,1.0,Choque,no mantener distancia de seguridad,2902_2_5,17.0,7.0
Risaralda,2017-08-12 15:53:00,4,260.0,2017-06-05 05:00:00,lunes,45,Normal,Seca y limpia,Plano,Terraplen,Recta,Transito normal con precaución,0,0,1,0,1.0,Choque,desobediencia a normas y senales,2902_2_4,7.0,17.0
Risaralda,2017-08-12 16:04:00,0,110.0,2017-06-05 05:00:00,lunes,40,Normal,Seca y limpia,Plano,Terraplen,Recta,Transito normal con precaución,0,0,1,0,1.0,Choque,desobediencia a normas y senales,2902_2_0,9.0,15.0
Risaralda,2017-08-12 16:20:00,2,910.0,2017-06-05 05:00:00,lunes,5,Normal,Seca y limpia,Plano,Terraplen,Recta,Transito normal con precaución,0,0,1,0,1.0,Choque,estacionamiento y senalizacion imprudente,2902_2_2,23.0,1.0
Risaralda,2017-08-12 16:48:00,1,690.0,2017-06-07 05:00:00,miercoles,0,Lluvia,Humeda,Plano,Terraplen,Recta,Transito normal con precaución,0,0,0,0,1.0,Choque,desobediencia a normas y senales,2902_2_1,22.0,2.0
Risaralda,2017-08-19 15:46:00,3,70.0,2017-06-09 05:00:00,viernes,0,Normal,Seca y limpia,Plano,Terraplen,Recta,Transito normal con precaución,0,0,3,0,1.0,Choque,no mantener distancia de seguridad,2902_2_3,18.0,6.0
Risaralda,2017-08-19 16:26:00,3,20.0,2017-06-10 05:00:00,sabado,0,Normal,Seca y limpia,Plano,Terraplen,Recta,Transito normal con precaución,0,0,2,0,1.0,Choque,no mantener distancia de seguridad,2902_2_3,18.0,6.0
Risaralda,2018-01-16 20:59:00,0,750.0,2017-12-04 05:00:00,lunes,40,Normal,Seca y limpia,Plano,Terraplen,Recta,Transito normal con precaución,0,0,0,0,1.0,Choque,no mantener distancia de seguridad,2902_2_0,13.0,11.0
Risaralda,2018-01-17 18:44:00,3,310.0,2017-12-05 05:00:00,martes,20,Normal,Seca y limpia,Plano,Terraplen,Recta,Transito normal con precaución,0,0,3,0,1.0,Choque,desobediencia a normas y senales,2902_2_3,16.0,8.0
Risaralda,2018-01-18 14:29:00,1,720.0,2017-12-07 05:00:00,jueves,55,Normal,Seca y limpia,Plano,Terraplen,Recta,Transito normal con precaución,0,0,0,0,1.0,Choque,no determinada,2902_2_1,15.0,9.0
Risaralda,2018-01-18 14:43:00,0,0.0,2017-12-08 05:00:00,viernes,30,Lluvia,Humeda,Plano,Terraplen,Recta,Transito normal con precaución,0,0,0,0,1.0,Choque,no mantener distancia de seguridad,2902_2_0,0.0,0.0
Risaralda,2018-01-18 16:02:00,4,420.0,2017-12-13 05:00:00,miercoles,20,Normal,Seca y limpia,Plano,Terraplen,Recta,Transito normal con precaución,0,0,0,0,1.0,Choque,no mantener distancia de seguridad,2902_2_4,13.0,11.0
Risaralda,2018-01-18 16:40:00,1,620.0,2017-12-14 05:00:00,jueves,10,Normal,Seca y limpia,Plano,Terraplen,Recta,Transito normal con precaución,0,0,0,0,1.0,Choque,no mantener distancia de seguridad,2902_2_1,3.0,21.0
Risaralda,2018-01-18 16:56:00,1,90.0,2017-12-15 05:00:00,viernes,0,Normal,Seca y limpia,Plano,Terraplen,Recta,Transito normal con precaución,0,0,0,0,1.0,Choque,adelantamientos indebidos,2902_2_1,6.0,18.0
Risaralda,2018-01-18 17:10:00,5,450.0,2017-12-15 05:00:00,viernes,0,Normal,Seca y limpia,Plano,Terraplen,Recta,Transito normal con precaución,0,0,0,0,1.0,Choque,desobediencia a normas y senales,2902_2_5,2.0,22.0
Risaralda,2018-01-19 14:59:00,4,340.0,2017-12-17 05:00:00,domingo,20,Normal,Seca y limpia,Plano,Terraplen,Recta,Transito normal con precaución,0,0,1,0,1.0,Atropello,conducta de peatones,2902_2_4,9.0,15.0
Risaralda,2018-01-19 15:04:00,0,960.0,2017-12-18 05:00:00,lunes,0,Normal,Seca y limpia,Plano,Terraplen,Recta,Transito normal con precaución,0,0,0,0,1.0,Choque,no mantener distancia de seguridad,2902_2_0,10.0,14.0
Risaralda,2018-01-19 15:12:00,0,10.0,2017-12-19 05:00:00,martes,50,Normal,Seca y limpia,Plano,Terraplen,Recta,Transito normal con precaución,0,0,0,0,1.0,Choque,condiciones de la via y factores ambientales,2902_2_0,20.0,4.0
Risaralda,2018-01-19 15:16:00,0,0.0,2017-12-20 05:00:00,miercoles,20,Normal,Seca y limpia,Plano,Terraplen,Recta,Transito normal con precaución,0,0,0,0,1.0,Choque,no mantener distancia de seguridad,2902_2_0,18.0,6.0
Risaralda,2018-01-19 15:45:00,0,750.0,2017-12-22 05:00:00,viernes,0,Normal,Seca y limpia,Plano,Terraplen,Recta,Transito normal con precaución,0,0,0,0,1.0,Choque,no mantener distancia de seguridad,2902_2_0,5.0,19.0
Risaralda,2018-01-19 16:08:00,3,310.0,2017-12-23 05:00:00,sabado,20,Normal,Seca y limpia,Plano,Terraplen,Recta,Transito normal con precaución,0,0,0,0,1.0,Choque,no determinada,2902_2_3,11.0,13.0
Risaralda,2018-01-19 16:11:00,0,0.0,2017-12-24 05:00:00,domingo,20,Normal,Seca y limpia,Plano,Terraplen,Recta,Transito normal con precaución,0,0,1,0,1.0,Atropello,conducta de peatones,2902_2_0,6.0,18.0
Risaralda,2018-01-19 16:14:00,3,395.0,2017-12-24 05:00:00,domingo,30,Normal,Seca y limpia,Plano,Terraplen,Recta,Transito normal con precaución,0,0,0,0,1.0,Choque,no determinada,2902_2_3,13.0,11.0
Risaralda,2018-01-19 16:22:00,0,100.0,2017-12-26 05:00:00,martes,30,Normal,Seca y limpia,Plano,Terraplen,Recta,Transito normal con precaución,0,0,2,0,1.0,Choque,no mantener distancia de seguridad,2902_2_0,20.0,4.0
Risaralda,2018-01-19 16:25:00,4,710.0,2017-12-26 05:00:00,martes,40,Normal,Seca y limpia,Plano,Terraplen,Recta,Transito normal con precaución,0,0,0,0,1.0,Choque,adelantamientos indebidos,2902_2_4,8.0,16.0
Risaralda,2018-01-19 16:31:00,2,30.0,2017-12-27 05:00:00,miercoles,10,Lluvia,Humeda,Plano,Terraplen,Recta,Transito normal con precaución,0,0,0,0,1.0,Choque,maniobras imprudentes,2902_2_2,6.0,18.0
Caldas,2018-02-07 15:45:00,32,250.0,2018-01-27 05:00:00,sabado,40,Normal,Seca y limpia,Montañoso,Media ladera Izquierda,Recta,Transito normal con precaución,16,0,1,0,1.0,Choque,desobediencia a normas y senales,2902_2_32,20.0,20.0
Caldas,2018-02-07 15:47:00,35,500.0,2018-01-29 05:00:00,lunes,40,Normal,Seca y limpia,Montañoso,Media Ladera Derecha,Curva Izquierda,Transito normal con precaución,8,20,0,0,1.0,Choque,no mantener distancia de seguridad,2902_2_35,23.0,9.0
Risaralda,2018-02-14 19:58:00,4,0.0,2018-01-03 05:00:00,miercoles,0,Normal,Seca y limpia,Plano,Terraplen,Recta,Transito normal con precaución,0,0,3,0,1.0,Atropello,imprudencia del conductor,2902_2_4,10.0,14.0
Risaralda,2018-02-14 20:29:00,0,0.0,2018-01-04 05:00:00,jueves,40,Normal,Seca y limpia,Plano,Terraplen,Curva Izquierda,Transito normal con precaución,0,0,0,0,1.0,Choque,no determinada,2902_2_0,15.0,9.0
Risaralda,2018-02-15 18:47:00,4,300.0,2018-01-12 05:00:00,viernes,17,Normal,Seca y limpia,Plano,Terraplen,Recta,Transito normal con precaución,0,0,0,0,1.0,Choque,adelantamientos indebidos,2902_2_4,13.0,11.0
Risaralda,2018-02-15 14:30:00,1,290.0,2018-01-04 05:00:00,jueves,50,Normal,Seca y limpia,Plano,Terraplen,Recta,Transito normal con precaución,0,0,0,0,1.0,Choque,no mantener distancia de seguridad,2902_2_1,23.0,1.0
Risaralda,2018-02-15 14:44:00,0,750.0,2018-01-05 05:00:00,viernes,0,Normal,Seca y limpia,Plano,Terraplen,Recta,Transito normal con precaución,0,0,0,0,1.0,Choque,no mantener distancia de seguridad,2902_2_0,11.0,13.0
Risaralda,2018-02-15 15:01:00,4,750.0,2018-01-09 05:00:00,martes,20,Normal,Seca y limpia,Plano,Terraplen,Recta,Transito normal con precaución,0,0,2,0,1.0,Atropello,conducta de peatones,2902_2_4,9.0,15.0
Risaralda,2018-02-15 15:38:00,5,380.0,2018-01-10 05:00:00,miercoles,40,Normal,Seca y limpia,Plano,Terraplen,Recta,Transito normal con precaución,0,0,2,0,1.0,Atropello,no determinada,2902_2_5,15.0,9.0
Risaralda,2018-02-15 19:40:00,1,140.0,2018-01-22 05:00:00,lunes,0,Normal,Seca y limpia,Plano,Terraplen,Recta,Transito normal con precaución,0,0,0,0,1.0,Choque,no mantener distancia de seguridad,2902_2_1,19.0,5.0
Risaralda,2018-02-15 20:27:00,0,750.0,2018-01-29 05:00:00,lunes,30,Lluvia,Humeda,Plano,Terraplen,Recta,Transito normal con precaución,0,0,0,0,1.0,Choque,no mantener distancia de seguridad,2902_2_0,17.0,7.0
Risaralda,2018-02-15 20:36:00,1,420.0,2018-01-31 05:00:00,miercoles,0,Normal,Seca y limpia,Plano,Terraplen,Recta,Transito normal con precaución,0,0,0,0,1.0,Choque,no mantener distancia de seguridad,2902_2_1,8.0,16.0
Risaralda,2018-03-16 17:00:00,0,0.0,2018-02-04 05:00:00,domingo,45,Normal,Seca y limpia,Plano,Terraplen,Recta,Transito normal con precaución,0,0,0,0,1.0,Choque,adelantamientos indebidos,2902_2_0,10.0,14.0
Risaralda,2018-03-16 17:11:00,0,740.0,2018-02-05 05:00:00,lunes,0,Normal,Seca y limpia,Plano,Terraplen,Recta,Transito normal con precaución,0,0,0,0,1.0,Choque,no mantener distancia de seguridad,2902_2_0,5.0,19.0
Risaralda,2018-03-16 18:19:00,0,50.0,2018-02-07 05:00:00,miercoles,40,Normal,Seca y limpia,Plano,Terraplen,Recta,Transito normal con precaución,0,0,2,0,1.0,Choque,desobediencia a normas y senales,2902_2_0,5.0,19.0
Risaralda,2018-03-16 18:36:00,1,250.0,2018-02-08 05:00:00,jueves,20,Normal,Seca y limpia,Plano,Terraplen,Recta,Transito normal con precaución,0,0,0,0,1.0,Choque,no mantener distancia de seguridad,2902_2_1,19.0,5.0
Risaralda,2018-03-16 19:05:00,0,750.0,2018-02-10 05:00:00,sabado,30,Normal,Seca y limpia,Plano,Terraplen,Recta,Transito normal con precaución,0,0,0,0,1.0,Choque,desobediencia a normas y senales,2902_2_0,6.0,18.0
Risaralda,2018-03-16 19:09:00,4,250.0,2018-02-10 05:00:00,sabado,10,Normal,Seca y limpia,Plano,Terraplen,Recta,Transito normal con precaución,0,0,1,0,1.0,Atropello,conducta de peatones,2902_2_4,6.0,18.0
Risaralda,2018-03-16 19:26:00,4,210.0,2018-02-11 05:00:00,domingo,40,Normal,Seca y limpia,Plano,Terraplen,Recta,Transito normal con precaución,0,0,2,0,1.0,Atropello,imprudencia del conductor,2902_2_4,7.0,17.0
Risaralda,2018-03-16 19:36:00,0,971.0,2018-02-11 05:00:00,domingo,45,Normal,Seca y limpia,Plano,Terraplen,Recta,Transito normal con precaución,0,0,1,0,1.0,Choque,adelantamientos indebidos,2902_2_0,16.0,8.0
Risaralda,2018-04-06 14:16:00,1,140.0,2018-02-26 05:00:00,lunes,0,Normal,Seca y limpia,Plano,Terraplen,Recta,Transito normal con precaución,0,0,0,0,1.0,Choque,no mantener distancia de seguridad,2902_2_1,11.0,13.0
Caldas,2018-04-17 22:51:00,30,660.0,2018-03-27 05:00:00,martes,55,Lluvia,Humeda,Montañoso,Media ladera Izquierda,Curva Izquierda,Transito normal con precaución,8,20,0,0,1.0,Choque,condiciones de la via y factores ambientales,2902_2_30,13.0,19.0
Risaralda,2018-04-19 16:58:00,3,970.0,2018-03-01 05:00:00,jueves,25,Normal,Seca y limpia,Plano,Terraplen,Recta,Transito normal con precaución,0,0,1,0,1.0,Choque,no mantener distancia de seguridad,2902_2_3,12.0,12.0
Risaralda,2017-11-20 20:06:00,9,955.0,2017-10-19 05:00:00,jueves,0,Normal,Seca y limpia,Plano,Terraplen,Recta,Transito normal con precaución,0,0,0,0,1.0,Choque,no determinada,29RSC_1_9,9.0,15.0
Risaralda,2017-12-21 15:05:00,9,410.0,2017-11-02 05:00:00,jueves,50,Normal,Seca y limpia,Plano,Terraplen,Curva Derecha,Transito normal con precaución,0,0,1,0,1.0,Choque,exceso de velocidad,29RSC_1_9,5.0,19.0
Risaralda,2017-12-22 15:27:00,9,958.0,2017-11-25 05:00:00,sabado,50,Normal,Seca y limpia,Plano,Terraplen,Recta,Transito normal con precaución,0,0,0,0,1.0,Choque,no determinada,29RSC_1_9,17.0,7.0
Risaralda,2018-01-19 16:17:00,9,280.0,2017-12-24 05:00:00,domingo,0,Normal,Seca y limpia,Ondulado,Terraplen,Recta,Transito normal con precaución,0,0,3,0,1.0,Choque,embriaguez o sustancias alucinogenas,29RSC_1_9,17.0,7.0
Risaralda,2017-08-26 15:28:00,0,550.0,2017-06-11 05:00:00,domingo,15,Normal,Seca y limpia,Montañoso,Media ladera Izquierda,Curva Derecha,Transito normal con precaución,0,0,0,0,1.0,Choque,maniobras imprudentes,2902_2_0,12.0,12.0
Risaralda,2017-08-26 16:11:00,1,270.0,2017-06-12 05:00:00,lunes,0,Normal,Seca y limpia,Plano,Terraplen,Recta,Transito normal con precaución,0,0,1,0,1.0,Choque,maniobras imprudentes,2902_2_1,18.0,6.0
Risaralda,2017-09-05 14:19:00,1,425.0,2017-06-15 05:00:00,jueves,50,Normal,Seca y limpia,Plano,Terraplen,Recta,Transito normal con precaución,0,0,0,0,1.0,Choque,desobediencia a normas y senales,2902_2_1,9.0,15.0
Risaralda,2017-09-05 15:08:00,3,750.0,2017-06-20 05:00:00,martes,10,Normal,Seca y limpia,Plano,Terraplen,Recta,Transito normal con precaución,0,0,0,0,1.0,Choque,maniobras imprudentes,2902_2_3,10.0,14.0