territorial,fecha_registro,pr,distancia_pr,fecha_acc,dia_semana_acc,min_acc,condic_meteor,estado_super,terreno,secc_tip,geometria_acc,tipo_cierre,horas_cierre,min_cierre,n_heridos,n_muertos,n_victimas,clase_accidente,causa_posible,ref_loc,hora_acc,duracion_cierre_horas
Risaralda,2017-09-05 15:47:00,2,200.0,2017-06-21 05:00:00,miercoles,30,Lluvia,Humeda,Plano,Terraplen,Recta,Transito normal con precaución,0,0,0,0,1.0,Choque,no mantener distancia de seguridad,2902_2_2,19.0,5.0
Risaralda,2017-09-05 16:06:00,0,500.0,2017-06-23 05:00:00,viernes,30,Normal,Seca y limpia,Montañoso,Media Ladera Derecha,Recta,Transito normal con precaución,0,0,0,0,1.0,Choque,no determinada,2902_2_0,13.0,11.0
Risaralda,2017-09-05 16:10:00,0,0.0,2017-06-23 05:00:00,viernes,30,Lluvia,Humeda,Plano,Terraplen,Recta,Transito normal con precaución,0,0,0,0,1.0,Choque,no mantener distancia de seguridad,2902_2_0,20.0,4.0
Risaralda,2017-09-05 16:21:00,3,817.0,2017-06-25 05:00:00,domingo,50,Normal,Seca y limpia,Plano,Terraplen,Recta,Transito normal con precaución,0,0,0,0,1.0,Choque,no mantener distancia de seguridad,2902_2_3,18.0,6.0
Risaralda,2017-09-05 16:23:00,0,971.0,2017-06-26 05:00:00,lunes,50,Normal,Seca y limpia,Plano,Terraplen,Recta,Transito normal con precaución,0,0,2,0,1.0,Choque,desobediencia a normas y senales,2902_2_0,19.0,5.0
Risaralda,2017-09-05 16:32:00,0,760.0,2017-06-27 05:00:00,martes,0,Normal,Seca y limpia,Plano,Terraplen,Recta,Transito normal con precaución,0,0,1,0,1.0,Choque,no determinada,2902_2_0,16.0,8.0
Risaralda,2017-09-05 16:44:00,4,450.0,2017-06-29 05:00:00,jueves,20,Lluvia,Humeda,Plano,Terraplen,Recta,Transito normal con precaución,0,0,0,0,1.0,Choque,maniobras imprudentes,2902_2_4,16.0,8.0
Risaralda,2017-09-05 15:22:00,4,890.0,2017-06-20 05:00:00,martes,20,Lluvia,Humeda,Plano,Terraplen,Recta,Transito normal con precaución,0,0,1,0,1.0,Choque,desobediencia a normas y senales,2902_2_4,13.0,11.0
Caldas,2017-09-08 13:08:00,33,600.0,2017-08-04 05:00:00,viernes,30,Lluvia,Humeda,Montañoso,Media Ladera Derecha,Curva Izquierda,Transito normal con precaución,0,0,0,0,1.0,Choque,imprudencia del conductor,2902_2_33,0.0,0.0
Caldas,2017-09-08 13:19:00,39,800.0,2017-08-12 05:00:00,sabado,0,Normal,Seca y limpia,Montañoso,Media ladera Izquierda,Curva Derecha,Transito normal con precaución,0,0,0,0,1.0,Choque,adelantamientos indebidos,2902_2_39,8.0,16.0
Caldas,2017-09-08 13:25:00,37,100.0,2017-08-18 05:00:00,viernes,30,Normal,Seca y limpia,Montañoso,Media ladera Izquierda,Recta,Transito normal con precaución,0,0,0,0,1.0,Choque,no mantener distancia de seguridad,2902_2_37,18.0,6.0
Risaralda,2017-09-13 14:56:00,4,900.0,2017-07-01 05:00:00,sabado,10,Normal,Seca y limpia,Plano,Terraplen,Recta,Transito normal con precaución,0,0,0,0,1.0,Choque,desobediencia a normas y senales,2902_2_4,11.0,13.0
Risaralda,2017-09-13 15:16:00,0,130.0,2017-07-02 05:00:00,domingo,15,Normal,Seca y limpia,Plano,Terraplen,Recta,Transito normal con precaución,0,0,1,0,1.0,Atropello,conducta de peatones,2902_2_0,2.0,22.0
Risaralda,2017-09-13 15:25:00,0,970.0,2017-07-04 05:00:00,martes,30,Normal,Seca y limpia,Plano,Terraplen,Recta,Transito normal con precaución,0,0,0,0,1.0,Choque,adelantamientos indebidos,2902_2_0,16.0,8.0
Risaralda,2017-09-13 16:28:00,3,700.0,2017-07-08 05:00:00,sabado,45,Normal,Seca y limpia,Plano,Terraplen,Recta,Transito normal con precaución,0,0,0,0,1.0,Choque,embriaguez o sustancias alucinogenas,2902_2_3,16.0,8.0
Risaralda,2017-09-28 20:27:00,4,610.0,2017-07-10 05:00:00,lunes,20,Normal,Seca y limpia,Plano,Terraplen,Recta,Transito normal con precaución,0,0,2,0,1.0,Choque,condiciones de la via y factores ambientales,2902_2_4,2.0,22.0
Risaralda,2017-09-29 14:47:00,0,750.0,2017-07-15 05:00:00,sabado,10,Normal,Seca y limpia,Plano,Terraplen,Recta,Transito normal con precaución,0,0,0,0,1.0,Choque,adelantamientos indebidos,2902_2_0,13.0,11.0
Risaralda,2017-09-29 14:53:00,2,70.0,2017-07-15 05:00:00,sabado,20,Normal,Seca y limpia,Plano,Terraplen,Recta,Transito normal con precaución,0,0,0,0,1.0,Choque,desobediencia a normas y senales,2902_2_2,14.0,10.0
Risaralda,2017-09-29 20:42:00,1,660.0,2017-07-16 05:00:00,domingo,0,Normal,Seca y limpia,Plano,Terraplen,Recta,Transito normal con precaución,0,0,0,0,1.0,Choque,embriaguez o sustancias alucinogenas,2902_2_1,13.0,11.0
Risaralda,2017-09-29 20:50:00,3,50.0,2017-07-17 05:00:00,lunes,40,Normal,Seca y limpia,Plano,Terraplen,Recta,Transito normal con precaución,0,0,0,0,1.0,Choque,maniobras imprudentes,2902_2_3,1.0,23.0
Risaralda,2017-09-29 20:53:00,4,280.0,2017-07-17 05:00:00,lunes,20,Normal,Seca y limpia,Plano,Terraplen,Recta,Transito normal con precaución,0,0,0,0,1.0,Choque,no mantener distancia de seguridad,2902_2_4,10.0,14.0
Risaralda,2017-10-04 17:15:00,3,315.0,2017-07-24 05:00:00,lunes,45,Normal,Seca y limpia,Plano,Terraplen,Recta,Transito normal con precaución,0,0,0,0,1.0,Choque,maniobras imprudentes,2902_2_3,6.0,18.0
Risaralda,2017-10-04 18:47:00,3,650.0,2017-07-28 05:00:00,viernes,20,Normal,Seca y limpia,Plano,Terraplen,Recta,Transito normal con precaución,0,0,2,0,1.0,Atropello,conducta de peatones,2902_2_3,4.0,20.0
Risaralda,2017-10-04 19:01:00,3,315.0,2017-07-29 05:00:00,sabado,0,Normal,Seca y limpia,Plano,Terraplen,Recta,Transito normal con precaución,0,0,0,0,1.0,Choque,no mantener distancia de seguridad,2902_2_3,6.0,18.0
Risaralda,2017-10-04 19:17:00,2,980.0,2017-07-31 05:00:00,lunes,10,Normal,Seca y limpia,Ondulado,Terraplen,Curva Derecha,Transito normal con precaución,0,0,0,0,1.0,Choque,no determinada,2902_2_2,16.0,8.0
Caldas,2017-10-04 20:13:00,41,550.0,2017-09-05 05:00:00,martes,0,Seca,Seca y limpia,Montañoso,Media ladera Izquierda,Recta,Transito normal con precaución,0,0,0,0,1.0,Choque,no determinada,2902_2_41,15.0,9.0
Caldas,2017-10-04 20:32:00,41,350.0,2017-09-19 05:00:00,martes,30,Seca,Seca y limpia,Montañoso,Media ladera Izquierda,Recta,Transito normal con precaución,0,0,0,0,1.0,Choque,no determinada,2902_2_41,5.0,19.0
Caldas,2017-10-04 20:47:00,29,650.0,2017-09-25 05:00:00,lunes,20,Seca,Seca y limpia,Montañoso,Media ladera Izquierda,Recta,Transito normal con precaución,0,0,0,0,1.0,Choque,imprudencia del conductor,2902_2_29,11.0,13.0
Risaralda,2017-10-05 14:58:00,0,0.0,2017-08-01 05:00:00,martes,30,Normal,Seca y limpia,Plano,Terraplen,Recta,Transito normal con precaución,0,0,0,0,1.0,Choque,no mantener distancia de seguridad,2902_2_0,19.0,5.0
Risaralda,2017-10-05 15:06:00,0,770.0,2017-08-02 05:00:00,miercoles,0,Normal,Seca y limpia,Plano,Terraplen,Recta,Transito normal con precaución,0,0,0,0,1.0,Choque,desobediencia a normas y senales,2902_2_0,19.0,5.0
Risaralda,2017-10-05 15:40:00,5,280.0,2017-08-05 05:00:00,sabado,30,Normal,Seca y limpia,Plano,Terraplen,Recta,Transito normal con precaución,0,0,2,0,1.0,Choque,maniobras imprudentes,2902_2_5,15.0,9.0
Risaralda,2017-10-05 15:34:00,1,160.0,2017-08-05 05:00:00,sabado,0,Normal,Seca y limpia,Plano,Terraplen,Recta,Transito normal con precaución,0,0,0,0,1.0,Choque,no mantener distancia de seguridad,2902_2_1,14.0,10.0
Risaralda,2017-10-05 16:30:00,0,0.0,2017-08-05 05:00:00,sabado,20,Normal,Seca y limpia,Plano,Terraplen,Recta,Transito normal con precaución,0,0,3,0,1.0,Atropello,imprudencia del conductor,2902_2_0,5.0,19.0
Risaralda,2017-10-05 16:33:00,2,30.0,2017-08-06 05:00:00,domingo,30,Normal,Seca y limpia,Plano,Terraplen,Recta,Transito normal con precaución,0,0,0,0,1.0,Choque,no determinada,2902_2_2,1.0,23.0
Risaralda,2017-10-05 16:38:00,1,220.0,2017-08-06 05:00:00,domingo,50,Normal,Seca y limpia,Plano,Terraplen,Recta,Transito normal con precaución,0,0,1,0,1.0,Choque,desobediencia a normas y senales,2902_2_1,7.0,17.0
Risaralda,2017-10-05 16:46:00,2,960.0,2017-08-08 05:00:00,martes,10,Normal,Seca y limpia,Plano,Terraplen,Recta,Transito normal con precaución,0,0,0,0,1.0,Choque,no determinada,2902_2_2,12.0,12.0
Risaralda,2017-10-06 15:27:00,4,30.0,2017-08-10 05:00:00,jueves,25,Normal,Seca y limpia,Plano,Terraplen,Curva Izquierda,Transito normal con precaución,0,0,2,0,1.0,Atropello,exceso de velocidad,2902_2_4,10.0,14.0
Risaralda,2017-10-09 15:01:00,0,0.0,2017-08-12 05:00:00,sabado,0,Normal,Seca y limpia,Plano,Terraplen,Recta,Transito normal con precaución,0,0,1,0,1.0,Choque,no mantener distancia de seguridad,2902_2_0,11.0,13.0
Risaralda,2017-10-09 15:24:00,0,925.0,2017-08-16 05:00:00,miercoles,0,Normal,Seca y limpia,Plano,Terraplen,Recta,Transito normal con precaución,0,0,0,0,1.0,Choque,no mantener distancia de seguridad,2902_2_0,11.0,13.0
Risaralda,2017-10-09 15:38:00,1,0.0,2017-08-18 05:00:00,viernes,0,Normal,Seca y limpia,Plano,Terraplen,Recta,Transito normal con precaución,0,0,0,0,1.0,Choque,no mantener distancia de seguridad,2902_2_1,16.0,8.0
Risaralda,2017-10-09 15:58:00,0,380.0,2017-08-23 05:00:00,miercoles,30,Normal,Seca y limpia,Montañoso,Media ladera Izquierda,Curva Izquierda,Transito normal con precaución,0,0,3,0,1.0,Choque,fallas mecanicas y del sistema electrico,2902_2_0,16.0,8.0
Risaralda,2017-10-09 16:12:00,3,850.0,2017-08-24 05:00:00,jueves,20,Normal,Seca y limpia,Plano,Terraplen,Recta,Transito normal con precaución,0,0,3,0,1.0,Atropello,imprudencia del conductor,2902_2_3,16.0,8.0
Risaralda,2017-10-09 16:18:00,0,760.0,2017-08-26 05:00:00,sabado,45,Normal,Seca y limpia,Plano,Terraplen,Recta,Transito normal con precaución,0,0,0,0,1.0,Choque,no mantener distancia de seguridad,2902_2_0,16.0,8.0
Risaralda,2017-10-09 16:27:00,0,510.0,2017-08-26 05:00:00,sabado,0,Normal,Seca y limpia,Montañoso,Media ladera Izquierda,Curva Izquierda,Transito normal con precaución,0,0,3,0,1.0,Choque,adelantamientos indebidos,2902_2_0,12.0,12.0
Risaralda,2017-10-09 16:30:00,0,0.0,2017-08-26 05:00:00,sabado,50,Normal,Seca y limpia,Plano,Terraplen,Recta,Transito normal con precaución,0,0,0,0,1.0,Choque,no mantener distancia de seguridad,2902_2_0,18.0,6.0
Risaralda,2017-10-09 16:37:00,0,760.0,2017-08-27 05:00:00,domingo,30,Normal,Seca y limpia,Plano,Terraplen,Recta,Transito normal con precaución,0,0,0,0,1.0,Choque,no mantener distancia de seguridad,2902_2_0,11.0,13.0
Risaralda,2017-10-09 16:40:00,3,800.0,2017-08-27 05:00:00,domingo,15,Normal,Seca y limpia,Plano,Terraplen,Recta,Transito normal con precaución,0,0,0,0,1.0,Choque,estacionamiento y senalizacion imprudente,2902_2_3,7.0,17.0
Risaralda,2017-10-09 16:52:00,2,835.0,2017-08-28 05:00:00,lunes,0,Normal,Seca y limpia,Plano,Terraplen,Recta,Transito normal con precaución,0,0,0,0,1.0,Choque,no determinada,2902_2_2,22.0,2.0
Risaralda,2017-10-09 16:55:00,1,90.0,2017-08-30 05:00:00,miercoles,15,Normal,Seca y limpia,Plano,Terraplen,Recta,Transito normal con precaución,0,0,0,0,1.0,Choque,no mantener distancia de seguridad,2902_2_1,16.0,8.0
Risaralda,2017-10-09 17:02:00,3,340.0,2017-08-31 05:00:00,jueves,30,Normal,Seca y limpia,Plano,Terraplen,Recta,Transito normal con precaución,0,0,0,0,1.0,Choque,no mantener distancia de seguridad,2902_2_3,18.0,6.0
Risaralda,2017-10-17 15:49:00,0,971.0,2017-09-02 05:00:00,sabado,30,Normal,Seca y limpia,Montañoso,Media ladera Izquierda,Recta,Transito normal con precaución,0,0,0,0,1.0,Choque,desobediencia a normas y senales,2902_2_0,20.0,4.0
Risaralda,2017-10-17 16:25:00,2,100.0,2017-09-05 05:00:00,martes,30,Normal,Seca y limpia,Plano,Terraplen,Recta,Transito normal con precaución,0,0,1,0,1.0,Choque,no mantener distancia de seguridad,2902_2_2,12.0,12.0
Risaralda,2017-10-17 16:29:00,3,280.0,2017-09-05 05:00:00,martes,30,Normal,Seca y limpia,Plano,Terraplen,Recta,Transito normal con precaución,0,0,1,0,1.0,Choque,no determinada,2902_2_3,6.0,18.0
Risaralda,2017-10-17 16:43:00,4,620.0,2017-09-06 05:00:00,miercoles,15,Normal,Seca y limpia,Plano,Terraplen,Curva Derecha,Transito normal con precaución,0,0,5,0,1.0,Choque,exceso de velocidad,2902_2_4,15.0,9.0
Risaralda,2017-10-17 18:34:00,3,925.0,2017-09-08 05:00:00,viernes,30,Normal,Seca y limpia,Plano,Terraplen,Recta,Transito normal con precaución,0,0,1,0,1.0,Choque,no mantener distancia de seguridad,2902_2_3,10.0,14.0
Risaralda,2017-10-17 20:32:00,1,140.0,2017-09-12 05:00:00,martes,0,Normal,Seca y limpia,Plano,Terraplen,Recta,Transito normal con precaución,0,0,0,0,1.0,Choque,no mantener distancia de seguridad,2902_2_1,9.0,15.0
Risaralda,2017-10-17 20:42:00,0,755.0,2017-09-13 05:00:00,miercoles,20,Lluvia,Humeda,Plano,Terraplen,Recta,Transito normal con precaución,0,0,0,0,1.0,Choque,no mantener distancia de seguridad,2902_2_0,16.0,8.0
Risaralda,2017-10-18 15:23:00,1,100.0,2017-09-16 05:00:00,sabado,30,Normal,Seca y limpia,Plano,Terraplen,Recta,Transito normal con precaución,0,0,0,0,1.0,Choque,no mantener distancia de seguridad,2902_2_1,12.0,12.0
Risaralda,2017-10-18 15:29:00,1,250.0,2017-09-16 05:00:00,sabado,0,Lluvia,Humeda,Plano,Terraplen,Recta,Transito normal con precaución,0,0,0,0,1.0,Choque,no mantener distancia de seguridad,2902_2_1,20.0,4.0
Risaralda,2017-10-25 16:16:00,5,300.0,2017-09-22 05:00:00,viernes,20,Lluvia,Humeda,Plano,Terraplen,Recta,Transito normal con precaución,0,0,0,0,1.0,Choque,maniobras imprudentes,2902_2_5,10.0,14.0
Risaralda,2017-10-25 16:22:00,2,990.0,2017-09-23 05:00:00,sabado,30,Normal,Seca y limpia,Ondulado,Media ladera Izquierda,Recta,Transito normal con precaución,0,0,1,0,1.0,Choque,no mantener distancia de seguridad,2902_2_2,13.0,11.0
Risaralda,2017-10-25 18:15:00,4,490.0,2017-09-26 05:00:00,martes,30,Normal,Seca y limpia,Plano,Terraplen,Recta,Transito normal con precaución,0,0,0,0,1.0,Choque,no determinada,2902_2_4,16.0,8.0
Risaralda,2017-10-25 18:28:00,0,971.0,2017-09-27 05:00:00,miercoles,15,Normal,Seca y limpia,Plano,Terraplen,Recta,Transito normal con precaución,0,0,0,0,1.0,Choque,no mantener distancia de seguridad,2902_2_0,19.0,5.0
Risaralda,2017-10-25 18:32:00,2,880.0,2017-09-27 05:00:00,miercoles,0,Normal,Seca y limpia,Plano,Terraplen,Recta,Transito normal con precaución,0,0,0,0,1.0,Choque,no mantener distancia de seguridad,2902_2_2,0.0,0.0
Caldas,2017-11-08 22:55:00,33,900.0,2017-10-04 05:00:00,miercoles,0,Lluvia,Humeda,Montañoso,Media ladera Izquierda,Curva Izquierda,Transito normal con precaución,14,20,0,0,1.0,Choque,condiciones de la via y factores ambientales,2902_2_33,20.0,18.0
Caldas,2017-11-09 15:14:00,37,950.0,2017-10-15 05:00:00,domingo,40,Normal,Seca y limpia,Montañoso,Media Ladera Derecha,Curva Derecha,Transito normal con precaución,11,0,1,0,1.0,Atropello,no determinada,2902_2_37,15.0,20.0
Caldas,2017-11-09 16:20:00,39,900.0,2017-10-26 05:00:00,jueves,30,Lluvia,Humeda,Montañoso,Media ladera Izquierda,Curva Izquierda,Transito normal con precaución,11,45,0,0,1.0,Choque,maniobras imprudentes,2902_2_39,15.0,20.0
Risaralda,2017-11-15 20:50:00,0,0.0,2017-10-01 05:00:00,domingo,10,Normal,Seca y limpia,Montañoso,Media ladera Izquierda,Recta,Transito normal con precaución,0,0,0,0,1.0,Choque,no mantener distancia de seguridad,2902_2_0,6.0,18.0
Risaralda,2017-11-16 19:53:00,0,950.0,2017-10-05 05:00:00,jueves,50,Lluvia,Humeda,Plano,Terraplen,Recta,Transito normal con precaución,0,0,0,0,1.0,Choque,no determinada,2902_2_0,22.0,2.0
Risaralda,2017-11-16 20:03:00,0,750.0,2017-10-05 05:00:00,jueves,0,Lluvia,Humeda,Plano,Terraplen,Recta,Transito normal con precaución,0,0,0,0,1.0,Choque,desobediencia a normas y senales,2902_2_0,17.0,7.0
Risaralda,2017-11-16 21:05:00,0,750.0,2017-10-06 05:00:00,viernes,10,Normal,Seca y limpia,Plano,Terraplen,Recta,Transito normal con precaución,0,0,0,0,1.0,Choque,no mantener distancia de seguridad,2902_2_0,19.0,5.0
Risaralda,2017-11-17 15:02:00,4,900.0,2017-10-09 05:00:00,lunes,50,Normal,Seca y limpia,Ondulado,Terraplen,Recta,Transito normal con precaución,0,0,0,0,1.0,Choque,maniobras imprudentes,2902_2_4,9.0,15.0
Risaralda,2017-11-17 18:51:00,0,240.0,2017-10-12 05:00:00,jueves,10,Normal,Seca y limpia,Ondulado,Media ladera Izquierda,Recta,Transito normal con precaución,0,0,1,0,1.0,Caída ocupante,no determinada,2902_2_0,6.0,18.0
Risaralda,2017-11-17 19:25:00,0,750.0,2017-10-13 05:00:00,viernes,30,Normal,Seca y limpia,Plano,Terraplen,Recta,Transito normal con precaución,0,0,0,0,1.0,Choque,maniobras imprudentes,2902_2_0,20.0,4.0
Risaralda,2017-11-17 20:10:00,0,590.0,2017-10-14 05:00:00,sabado,30,Normal,Seca y limpia,Montañoso,Media ladera Izquierda,Curva Derecha,Transito normal con precaución,0,0,0,0,1.0,Choque,no determinada,2902_2_0,22.0,2.0
Risaralda,2017-11-17 20:19:00,3,850.0,2017-10-14 05:00:00,sabado,0,Normal,Seca y limpia,Plano,Terraplen,Recta,Transito normal con precaución,0,0,2,0,1.0,Atropello,conducta de peatones,2902_2_3,19.0,5.0
Risaralda,2017-11-20 20:01:00,0,890.0,2017-10-17 05:00:00,martes,5,Normal,Seca y limpia,Plano,Terraplen,Recta,Transito normal con precaución,0,0,0,0,1.0,Choque,no mantener distancia de seguridad,2902_2_0,12.0,12.0
Risaralda,2017-11-20 20:48:00,0,90.0,2017-10-24 05:00:00,martes,20,Normal,Seca y limpia,Plano,Terraplen,Recta,Transito normal con precaución,0,0,0,0,1.0,Choque,no mantener distancia de seguridad,2902_2_0,15.0,9.0
Risaralda,2017-11-20 20:59:00,3,330.0,2017-10-25 05:00:00,miercoles,35,Normal,Seca y limpia,Plano,Terraplen,Recta,Transito normal con precaución,0,0,2,0,1.0,Atropello,conducta de peatones,2902_2_3,18.0,6.0
Risaralda,2017-11-20 21:03:00,1,85.0,2017-10-27 05:00:00,viernes,45,Normal,Seca y limpia,Plano,Terraplen,Recta,Transito normal con precaución,0,0,0,0,1.0,Choque,no mantener distancia de seguridad,2902_2_1,16.0,8.0
Risaralda,2017-11-21 14:44:00,4,500.0,2017-10-30 05:00:00,lunes,25,Normal,Seca y limpia,Plano,Terraplen,Recta,Transito normal con precaución,0,0,0,0,1.0,Choque,no mantener distancia de seguridad,2902_2_4,0.0,0.0
Caldas,2017-12-11 19:39:00,32,0.0,2017-11-03 05:00:00,viernes,0,Normal,Seca y limpia,Montañoso,Media ladera Izquierda,Curva Izquierda,Transito normal con precaución,14,15,1,0,1.0,Choque,no determinada,2902_2_32,19.0,19.0
Caldas,2017-12-11 19:56:00,33,800.0,2017-11-10 05:00:00,viernes,0,Lluvia,Humeda,Montañoso,Media ladera Izquierda,Curva Izquierda,Transito normal con precaución,1,20,0,0,1.0,Choque,condiciones de la via y factores ambientales,2902_2_33,16.0,9.0
Caldas,2017-12-11 20:02:00,38,950.0,2017-11-12 05:00:00,domingo,0,Normal,Seca y limpia,Montañoso,Media ladera Izquierda,Recta,Transito normal con precaución,19,30,0,0,1.0,Choque,maniobras imprudentes,2902_2_38,22.0,21.0
Caldas,2017-12-11 20:11:00,30,650.0,2017-11-15 05:00:00,miercoles,19,Normal,Seca y limpia,Montañoso,Media ladera Izquierda,Recta,Transito normal con precaución,17,0,0,0,1.0,Choque,no mantener distancia de seguridad,2902_2_30,15.0,2.0
Caldas,2017-12-11 20:14:00,30,150.0,2017-11-16 05:00:00,jueves,50,Normal,Seca y limpia,Montañoso,Media ladera Izquierda,Curva Derecha,Transito normal con precaución,13,20,0,0,1.0,Choque,no mantener distancia de seguridad,2902_2_30,21.0,16.0
Risaralda,2017-12-21 15:13:00,0,971.0,2017-11-02 05:00:00,jueves,10,Lluvia,Humeda,Plano,Terraplen,Curva Izquierda,Transito normal con precaución,0,0,0,0,1.0,Choque,estacionamiento y senalizacion imprudente,2902_2_0,16.0,8.0
Risaralda,2017-12-21 15:19:00,0,971.0,2017-11-02 05:00:00,jueves,45,Normal,Seca y limpia,Plano,Terraplen,Recta,Transito normal con precaución,0,0,1,0,1.0,Choque,maniobras imprudentes,2902_2_0,12.0,12.0
Risaralda,2017-12-21 16:15:00,2,900.0,2017-11-09 05:00:00,jueves,45,Normal,Seca y limpia,Plano,Terraplen,Recta,Transito normal con precaución,0,0,1,0,1.0,Choque,maniobras imprudentes,2902_2_2,23.0,1.0
Risaralda,2017-12-21 16:23:00,3,710.0,2017-11-11 05:00:00,sabado,50,Normal,Seca y limpia,Plano,Terraplen,Recta,Transito normal con precaución,0,0,2,0,1.0,Atropello,desobediencia a normas y senales,2902_2_3,21.0,3.0
Risaralda,2017-12-21 17:26:00,4,220.0,2017-11-17 05:00:00,viernes,0,Normal,Seca y limpia,Plano,Terraplen,Recta,Transito normal con precaución,0,0,0,0,1.0,Choque,adelantamientos indebidos,2902_2_4,12.0,12.0
Risaralda,2017-12-21 20:31:00,3,900.0,2017-11-21 05:00:00,martes,50,Normal,Seca y limpia,Plano,Terraplen,Recta,Transito normal con precaución,0,0,2,0,1.0,Atropello,conducta de peatones,2902_2_3,21.0,3.0
Risaralda,2017-12-22 14:52:00,4,600.0,2017-11-23 05:00:00,jueves,20,Normal,Seca y limpia,Plano,Terraplen,Curva Derecha,Transito normal con precaución,0,0,1,0,1.0,Choque,desobediencia a normas y senales,2902_2_4,12.0,12.0
Risaralda,2017-12-22 15:04:00,0,300.0,2017-11-24 05:00:00,viernes,0,Normal,Seca y limpia,Ondulado,Media ladera Izquierda,Recta,Transito normal con precaución,0,0,0,0,1.0,Choque,no mantener distancia de seguridad,2902_2_0,9.0,15.0
Risaralda,2017-12-22 15:58:00,0,20.0,2017-11-27 05:00:00,lunes,25,Normal,Seca y limpia,Plano,Terraplen,Recta,Transito normal con precaución,0,0,0,0,1.0,Choque,no mantener distancia de seguridad,2902_2_0,8.0,16.0
Risaralda,2017-12-22 16:08:00,0,720.0,2017-11-27 05:00:00,lunes,45,Normal,Seca y limpia,Plano,Terraplen,Recta,Transito normal con precaución,0,0,0,0,1.0,Choque,no mantener distancia de seguridad,2902_2_0,18.0,6.0
Risaralda,2017-12-22 16:18:00,1,560.0,2017-11-30 05:00:00,jueves,50,Normal,Seca y limpia,Plano,Terraplen,Recta,Transito normal con precaución,0,0,1,0,1.0,Choque,no mantener distancia de seguridad,2902_2_1,18.0,6.0
Caldas,2018-01-10 14:19:00,31,350.0,2017-12-12 05:00:00,martes,0,Lluvia,Humeda,Montañoso,Media ladera Izquierda,Recta,Transito normal con precaución,23,30,0,0,1.0,Choque,condiciones de la via y factores ambientales,2902_2_31,12.0,11.0
Caldas,2018-01-10 14:22:00,32,30.0,2017-12-12 05:00:00,martes,30,Normal,Seca y limpia,Montañoso,Media ladera Izquierda,Recta,Transito normal con precaución,20,40,0,0,1.0,Choque,no determinada,2902_2_32,15.0,5.0
Caldas,2018-01-10 14:26:00,37,0.0,2017-12-14 05:00:00,jueves,25,Normal,Seca y limpia,Montañoso,Terraplen,Recta,Transito normal con precaución,10,0,1,1,1.0,Atropello,no determinada,2902_2_37,14.0,20.0
Caldas,2018-01-10 14:46:00,31,850.0,2017-12-21 05:00:00,jueves,10,Normal,Seca y limpia,Montañoso,Media ladera Izquierda,Curva Derecha,Transito normal con precaución,4,19,0,0,1.0,Volcamiento,maniobras imprudentes,2902_2_31,17.0,11.0
Caldas,2018-01-10 15:02:00,30,700.0,2017-12-23 05:00:00,sabado,40,Normal,Seca y limpia,Montañoso,Media ladera Izquierda,Curva Izquierda,Transito normal con precaución,5,0,0,0,1.0,Choque,no determinada,2902_2_30,15.0,14.0
Risaralda,2018-01-16 20:44:00,4,400.0,2017-12-02 05:00:00,sabado,30,Normal,Seca y limpia,Plano,Terraplen,Recta,Transito normal con precaución,0,0,0,0,1.0,Choque,no mantener distancia de seguridad,2902_2_4,23.0,1.0
Risaralda,2017-07-26 20:22:00,5,230.0,2017-05-13 05:00:00,sabado,50,Normal,Seca y limpia,Plano,Terraplen,Recta,Transito normal con precaución,0,0,0,0,1.0,Choque,adelantamientos indebidos,2902_1_5,10.0,14.0
Risaralda,2017-07-26 20:36:00,3,100.0,2017-05-14 05:00:00,domingo,0,Normal,Seca y limpia,Plano,Terraplen,Recta,Transito normal con precaución,0,0,0,0,1.0,Choque,no mantener distancia de seguridad,2902_1_3,19.0,5.0
Risaralda,2017-07-27 14:28:00,5,465.0,2017-05-16 05:00:00,martes,30,Normal,Seca y limpia,Plano,Terraplen,Recta,Transito normal con precaución,0,0,0,0,1.0,Choque,adelantamientos indebidos,2902_1_5,8.0,16.0
Risaralda,2017-07-27 14:32:00,3,490.0,2017-05-16 05:00:00,martes,50,Normal,Seca y limpia,Plano,Terraplen,Recta,Transito normal con precaución,0,0,0,0,1.0,Choque,desobediencia a normas y senales,2902_1_3,10.0,14.0
Risaralda,2017-07-27 14:36:00,3,380.0,2017-05-16 05:00:00,martes,0,Normal,Seca y limpia,Plano,Terraplen,Recta,Transito normal con precaución,0,0,1,0,1.0,Atropello,conducta de peatones,2902_1_3,23.0,1.0
Risaralda,2017-07-27 15:31:00,1,10.0,2017-05-18 05:00:00,jueves,0,Normal,Seca y limpia,Plano,Terraplen,Recta,Transito normal con precaución,0,0,0,0,1.0,Choque,no mantener distancia de seguridad,2902_1_1,16.0,8.0
Risaralda,2017-07-28 15:53:00,3,740.0,2017-05-22 05:00:00,lunes,35,Normal,Seca y limpia,Plano,Terraplen,Recta,Transito normal con precaución,0,0,0,0,1.0,Choque,exceso de velocidad,2902_1_3,7.0,17.0
Risaralda,2017-07-28 15:57:00,5,230.0,2017-05-22 05:00:00,lunes,50,Normal,Seca y limpia,Plano,Terraplen,Recta,Transito normal con precaución,0,0,0,0,1.0,Choque,no mantener distancia de seguridad,2902_1_5,14.0,10.0