territorial,fecha_registro,pr,distancia_pr,fecha_acc,dia_semana_acc,min_acc,condic_meteor,estado_super,terreno,secc_tip,geometria_acc,tipo_cierre,horas_cierre,min_cierre,n_heridos,n_muertos,n_victimas,clase_accidente,causa_posible,ref_loc,hora_acc,duracion_cierre_horas
Risaralda,2017-07-28 16:51:00,1,930.0,2017-05-30 05:00:00,martes,0,Normal,Seca y limpia,Plano,Terraplen,Recta,Transito normal con precaución,0,0,0,0,1.0,Choque,no mantener distancia de seguridad,2902_1_1,15.0,9.0
Risaralda,2017-08-12 15:17:00,1,340.0,2017-06-02 05:00:00,viernes,0,Normal,Seca y limpia,Plano,Terraplen,Recta,Transito normal con precaución,0,0,0,0,1.0,Choque,no mantener distancia de seguridad,2902_1_1,7.0,17.0
Risaralda,2017-08-12 16:09:00,2,490.0,2017-06-05 05:00:00,lunes,0,Normal,Seca y limpia,Plano,Terraplen,Recta,Transito normal con precaución,0,0,1,0,1.0,Choque,exceso de velocidad,2902_1_2,0.0,0.0
Risaralda,2017-09-05 14:57:00,2,870.0,2017-06-20 05:00:00,martes,0,Normal,Seca y limpia,Plano,Terraplen,Recta,Transito normal con precaución,0,0,1,0,1.0,Choque,no mantener distancia de seguridad,2902_1_2,13.0,11.0
Risaralda,2017-09-05 16:00:00,1,80.0,2017-06-23 05:00:00,viernes,45,Normal,Seca y limpia,Plano,Terraplen,Recta,Transito normal con precaución,0,0,0,0,1.0,Choque,no mantener distancia de seguridad,2902_1_1,12.0,12.0
Risaralda,2017-09-28 20:11:00,3,640.0,2017-07-09 05:00:00,domingo,15,Normal,Seca y limpia,Plano,Terraplen,Recta,Transito normal con precaución,0,0,0,0,1.0,Choque,no mantener distancia de seguridad,2902_1_3,11.0,13.0
Risaralda,2017-09-28 20:21:00,4,260.0,2017-07-10 05:00:00,lunes,10,Normal,Seca y limpia,Plano,Terraplen,Recta,Transito normal con precaución,0,0,0,0,1.0,Choque,no mantener distancia de seguridad,2902_1_4,6.0,18.0
Risaralda,2017-09-28 20:47:00,3,50.0,2017-07-13 05:00:00,jueves,40,Normal,Seca y limpia,Plano,Terraplen,Recta,Transito normal con precaución,0,0,0,0,1.0,Choque,no mantener distancia de seguridad,2902_1_3,12.0,12.0
Risaralda,2017-10-04 16:40:00,2,780.0,2017-07-17 05:00:00,lunes,10,Lluvia,Humeda,Plano,Terraplen,Recta,Transito normal con precaución,0,0,1,0,1.0,Choque,no determinada,2902_1_2,8.0,16.0
Risaralda,2017-10-04 17:08:00,5,200.0,2017-07-21 05:00:00,viernes,0,Normal,Seca y limpia,Plano,Terraplen,Recta,Transito normal con precaución,0,0,0,0,1.0,Choque,no mantener distancia de seguridad,2902_1_5,17.0,7.0
Risaralda,2017-10-04 19:13:00,2,30.0,2017-07-31 05:00:00,lunes,10,Normal,Seca y limpia,Plano,Terraplen,Recta,Transito normal con precaución,0,0,0,0,1.0,Choque,no mantener distancia de seguridad,2902_1_2,17.0,7.0
Risaralda,2017-10-05 15:15:00,4,490.0,2017-08-03 05:00:00,jueves,0,Normal,Seca y limpia,Plano,Terraplen,Recta,Transito normal con precaución,0,0,0,0,1.0,Choque,no mantener distancia de seguridad,2902_1_4,17.0,7.0
Quindío,2018-02-20 19:32:00,12,100.0,2018-01-20 05:00:00,sabado,0,Seca,Seca y limpia,Plano,Terraplen,Recta,Parcial con reducción de carriles,0,30,4,0,1.0,Choque,no determinada,2901B_2_12,15.0,9.0
Quindío,2018-02-20 19:44:00,11,970.0,2018-01-31 05:00:00,miercoles,31,Normal,Seca y limpia,Plano,Media Ladera Derecha,Recta,Parcial con reducción de carriles,1,0,1,0,1.0,Atropello,no determinada,2901B_2_11,5.0,20.0
Quindío,2018-03-12 22:24:00,1,500.0,2018-02-25 05:00:00,domingo,0,Normal,Seca y limpia,Plano,Terraplen,Recta,Transito normal con precaución,0,0,2,0,1.0,Atropello,exceso de velocidad,2901B_2_1,18.0,6.0
Quindío,2018-04-12 20:14:00,1,450.0,2018-03-02 05:00:00,viernes,50,Normal,Seca y limpia,Plano,Terraplen,Recta,Parcial con reducción de carriles,1,0,2,0,1.0,Choque,no determinada,2901B_2_1,19.0,6.0
Quindío,2018-04-12 22:01:00,5,0.0,2018-03-30 05:00:00,viernes,25,Lluvia,Humeda,Ondulado,Cajón,Recta,Cierre total,1,0,0,0,1.0,Choque,no determinada,2901B_2_5,16.0,9.0
Quindío,2018-04-12 22:01:00,5,0.0,2018-03-30 05:00:00,viernes,25,Lluvia,Humeda,Ondulado,Cajón,Recta,Cierre total,1,0,0,0,1.0,Choque,no determinada,2901B_2_5,20.0,5.0
Quindío,2018-03-12 20:20:00,6,55.0,2018-02-12 05:00:00,lunes,50,Normal,Seca y limpia,Plano,Cajón,Recta,Parcial con reducción de carriles,1,0,1,0,1.0,Choque,maniobras imprudentes,2901B_1_6,7.0,18.0
Quindío,2018-03-12 20:23:00,15,0.0,2018-02-14 05:00:00,miercoles,0,Lluvia,Humeda,Plano,Cajón,Curva Derecha,Transito normal con precaución,0,0,0,0,1.0,Choque,condiciones de la via y factores ambientales,2901B_1_15,2.0,22.0
Quindío,2018-04-12 20:39:00,19,800.0,2018-03-16 05:00:00,viernes,0,Normal,Seca y limpia,Plano,Cajón,Recta,Parcial con reducción de carriles,0,40,0,0,1.0,Choque,no determinada,2901B_1_19,11.0,13.0
Quindío,2018-04-12 21:13:00,18,800.0,2018-03-19 05:00:00,lunes,10,Lluvia,Humeda,Plano,Media ladera Izquierda,Curva Izquierda,Parcial con reducción de carriles,1,0,5,0,1.0,Choque,condiciones de la via y factores ambientales,2901B_1_18,19.0,6.0
Quindío,2018-04-12 21:37:00,3,120.0,2018-03-26 05:00:00,lunes,50,Normal,Seca y limpia,Plano,Terraplen,Recta,Parcial con reducción de carriles,1,0,1,0,1.0,Choque,maniobras imprudentes,2901B_1_3,19.0,6.0
Atlántico,2017-12-06 14:45:00,55,150.0,2017-09-16 05:00:00,sabado,0,Normal,Seca y limpia,Plano,Terraplen,Recta,Parcial con reducción de carriles,11,0,30,1,1.0,Volcamiento,no determinada,2702_0_55,19.0,16.0
Magdalena,2017-05-15 02:57:00,5,0.0,2017-01-13 05:00:00,viernes,0,Normal,Seca y limpia,Plano,Terraplen,Recta,Transito normal con precaución,0,0,0,0,1.0,Choque,no determinada,2701_0_5,10.0,14.0
Magdalena,2017-05-15 03:01:00,3,850.0,2017-01-15 05:00:00,domingo,0,Normal,Seca y limpia,Plano,Terraplen,Recta,Transito normal con precaución,0,0,0,0,1.0,Choque,no determinada,2701_0_3,15.0,9.0
Magdalena,2017-05-15 03:06:00,0,800.0,2017-01-21 05:00:00,sabado,0,Normal,Seca y limpia,Plano,Terraplen,Recta,Transito normal con precaución,0,0,1,0,1.0,Atropello,exceso de velocidad,2701_0_0,20.0,4.0
Magdalena,2017-05-15 03:21:00,23,650.0,2017-03-19 05:00:00,domingo,30,Normal,Seca y limpia,Plano,Terraplen,Recta,Transito normal con precaución,0,0,0,1,1.0,Volcamiento,embriaguez o sustancias alucinogenas,2701_0_23,5.0,19.0
Cauca,2018-02-16 20:54:00,1,713.0,2018-01-20 05:00:00,sabado,30,Normal,Material suelto,Montañoso,Media ladera Izquierda,Recta,Transito normal con precaución,0,0,1,0,1.0,Choque,exceso de velocidad,26CC07_0_1,13.0,11.0
Cauca,2018-02-16 20:54:00,1,713.0,2018-01-20 05:00:00,sabado,30,Normal,Material suelto,Montañoso,Media ladera Izquierda,Recta,Transito normal con precaución,0,0,1,0,1.0,Choque,exceso de velocidad,26CC07_0_1,19.0,5.0
Quindío,2017-07-13 20:14:00,1,680.0,2017-06-29 05:00:00,jueves,0,Lluvia,Humeda,Plano,Media ladera Izquierda,Curva Derecha,Parcial con reducción de carriles,1,0,0,0,1.0,Volcamiento,no determinada,25VL07_0_1,8.0,17.0
Cauca,2018-02-16 21:00:00,2,50.0,2018-01-28 05:00:00,domingo,30,Normal,Material suelto,Montañoso,Media ladera Izquierda,Recta,Transito normal con precaución,0,0,0,0,1.0,Salida de la vía sin volcarse,embriaguez o sustancias alucinogenas,26CC07_0_2,14.0,10.0
Cauca,2018-02-16 21:04:00,13,300.0,2018-01-05 05:00:00,viernes,0,Normal,Material suelto,Montañoso,Media ladera Izquierda,Curva Derecha,Transito normal con precaución,0,0,0,0,1.0,Salida de la vía sin volcarse,embriaguez o sustancias alucinogenas,26CC07_0_13,7.0,17.0
Cauca,2018-02-16 21:08:00,28,300.0,2018-01-08 05:00:00,lunes,40,Normal,Material suelto,Montañoso,Media ladera Izquierda,Recta,Transito normal con precaución,0,0,0,0,1.0,Choque,embriaguez o sustancias alucinogenas,26CC07_0_28,4.0,20.0
Cauca,2017-04-26 16:48:00,12,0.0,2017-03-24 05:00:00,viernes,30,Normal,Seca y limpia,Plano,Terraplen,Recta,Transito normal con precaución,0,0,0,0,1.0,Choque,desobediencia a normas y senales,2602A_1_12,12.0,12.0
Cauca,2017-08-15 20:35:00,19,0.0,2017-07-02 05:00:00,domingo,30,Lluvia,Humeda,Ondulado,Media Ladera Derecha,Curva Derecha,Transito normal con precaución,0,0,6,0,1.0,Choque,no determinada,2602A_1_19,22.0,2.0
Cauca,2017-10-13 15:06:00,2,181.0,2017-09-17 05:00:00,domingo,35,Seca,Seca y limpia,Ondulado,Media Ladera Derecha,Curva Izquierda,Transito normal con precaución,0,0,1,0,1.0,Choque,embriaguez o sustancias alucinogenas,2602A_1_2,16.0,8.0
Cauca,2017-10-13 15:14:00,0,785.0,2017-09-25 05:00:00,lunes,0,Seca,Seca y limpia,Montañoso,Media Ladera Derecha,Recta,Transito normal con precaución,0,0,1,0,1.0,Choque,embriaguez o sustancias alucinogenas,2602A_1_0,15.0,9.0
Cauca,2017-10-13 15:28:00,18,250.0,2017-09-10 05:00:00,domingo,20,Seca,Seca y limpia,Ondulado,Media ladera Izquierda,Curva Izquierda,Transito normal con precaución,0,0,2,0,1.0,Choque,no determinada,2602A_1_18,14.0,10.0
Cauca,2017-11-14 13:58:00,0,750.0,2017-10-15 05:00:00,domingo,45,Seca,Seca y limpia,Ondulado,Media Ladera Derecha,Curva Derecha,Transito normal con precaución,0,0,0,0,1.0,Choque,maniobras imprudentes,2602A_1_0,18.0,6.0
Cauca,2018-01-12 16:04:00,23,0.0,2017-12-12 05:00:00,martes,32,Seca,Seca y limpia,Ondulado,Media Ladera Derecha,Recta,Transito normal con precaución,0,0,0,0,1.0,Choque,no determinada,2602A_1_23,11.0,13.0
Cauca,2018-01-12 16:14:00,22,904.0,2017-12-20 05:00:00,miercoles,50,Seca,Seca y limpia,Ondulado,Media Ladera Derecha,Curva Derecha,Transito normal con precaución,0,0,1,0,1.0,Choque,no determinada,2602A_1_22,13.0,11.0
Cauca,2017-08-24 15:36:00,3,915.0,2017-08-05 05:00:00,sabado,0,Seca,Seca y limpia,Ondulado,Cajón,Curva Izquierda,Transito normal con precaución,0,0,0,0,1.0,Choque,imprudencia del conductor,2602_0_3,19.0,5.0
Cauca,2017-08-24 15:56:00,31,740.0,2017-08-10 05:00:00,jueves,15,Seca,Seca y limpia,Ondulado,Cajón,Recta,Transito normal con precaución,0,0,2,0,1.0,Volcamiento,no determinada,2602_0_31,17.0,7.0
Cauca,2017-12-07 16:20:00,3,601.0,2017-10-08 05:00:00,domingo,25,Seca,Seca y limpia,Ondulado,Terraplen,Recta,Parcial con reducción de carriles,1,0,2,0,1.0,Choque,imprudencia del conductor,2602_0_3,13.0,12.0
Cauca,2017-12-29 18:11:00,89,50.0,2017-11-03 05:00:00,viernes,15,Normal,Otra,Ondulado,Terraplen,Recta,Transito normal con precaución,0,0,1,0,1.0,Choque,imprudencia del conductor,2602_0_89,0.0,0.0
Cauca,2017-12-29 18:25:00,97,0.0,2017-11-06 05:00:00,lunes,0,Seca,Otra,Ondulado,Terraplen,Recta,Transito normal con precaución,0,0,0,0,1.0,Salida de la vía sin volcarse,no determinada,2602_0_97,5.0,19.0
Cauca,2018-01-24 14:54:00,1,660.0,2017-12-08 05:00:00,viernes,30,Lluvia,Humeda,Ondulado,Cajón,Curva Derecha,Parcial con paso alternado,1,0,1,0,1.0,Choque,exceso de velocidad,2602_0_1,19.0,6.0
Cauca,2018-01-24 14:59:00,3,400.0,2017-12-17 05:00:00,domingo,30,Seca,Seca y limpia,Ondulado,Terraplen,Recta,Transito normal con precaución,0,0,0,0,1.0,Volcamiento,defectos fisicos y psiquicos,2602_0_3,13.0,11.0
Cauca,2018-01-24 15:04:00,5,600.0,2017-12-11 05:00:00,lunes,0,Seca,Seca y limpia,Ondulado,Media ladera Izquierda,Curva Derecha,Transito normal con precaución,0,0,0,0,1.0,Volcamiento,defectos fisicos y psiquicos,2602_0_5,19.0,5.0
Cauca,2018-01-24 15:12:00,7,300.0,2017-12-29 05:00:00,viernes,30,Normal,Otra,Ondulado,Media Ladera Derecha,Curva Izquierda,Cierre total,1,30,0,0,1.0,Choque,condiciones de la via y factores ambientales,2602_0_7,14.0,11.0
Cauca,2018-01-24 15:19:00,70,0.0,2017-12-18 05:00:00,lunes,30,Seca,Material suelto,Montañoso,Media ladera Izquierda,Curva Derecha,Transito normal con precaución,0,0,0,0,1.0,Salida de la vía sin volcarse,condiciones de la via y factores ambientales,2602_0_70,17.0,7.0
Cauca,2018-01-24 15:22:00,77,790.0,2017-12-08 05:00:00,viernes,30,Seca,Material suelto,Montañoso,Media ladera Izquierda,Curva Derecha,Transito normal con precaución,0,0,0,0,1.0,Choque,fallas mecanicas y del sistema electrico,2602_0_77,21.0,3.0
Cauca,2018-01-24 15:26:00,91,600.0,2017-12-21 05:00:00,jueves,30,Sol,Material suelto,Montañoso,Cajón,Recta,Transito normal con precaución,0,0,0,0,1.0,Volcamiento,condiciones de la via y factores ambientales,2602_0_91,9.0,15.0
Cauca,2018-01-24 15:30:00,98,100.0,2017-12-11 05:00:00,lunes,30,Seca,Seca y limpia,Ondulado,Media Ladera Derecha,Curva Izquierda,Parcial con paso alternado,1,0,1,0,1.0,Volcamiento,embriaguez o sustancias alucinogenas,2602_0_98,9.0,16.0
Cauca,2018-01-24 15:34:00,106,620.0,2017-12-20 05:00:00,miercoles,0,Sol,Material suelto,Ondulado,Cajón,Recta,Transito normal con precaución,0,0,0,0,1.0,Choque,exceso de velocidad,2602_0_106,18.0,6.0
Cauca,2018-02-16 21:15:00,33,90.0,2018-01-16 05:00:00,martes,37,Normal,Humeda,Ondulado,Media Ladera Derecha,Recta,Transito normal con precaución,0,0,0,0,1.0,Choque,maniobras imprudentes,2602_0_33,9.0,15.0
Cauca,2018-02-16 21:23:00,44,200.0,2018-01-17 05:00:00,miercoles,0,Normal,Seca y limpia,Ondulado,Terraplen,Recta,Transito normal con precaución,0,0,0,0,1.0,Choque,embriaguez o sustancias alucinogenas,2602_0_44,16.0,8.0
Cauca,2018-02-16 21:27:00,80,286.0,2018-01-29 05:00:00,lunes,30,Lluvia,Humeda,Montañoso,Terraplen,Curva Izquierda,Transito normal con precaución,0,0,0,1,1.0,Volcamiento,embriaguez o sustancias alucinogenas,2602_0_80,20.0,4.0
Cauca,2018-02-16 21:36:00,89,700.0,2018-01-26 05:00:00,viernes,20,Seca,Seca y limpia,Montañoso,Terraplen,Recta,Transito normal con precaución,0,0,0,0,1.0,Choque,maniobras imprudentes,2602_0_89,16.0,8.0
Cauca,2018-02-16 21:40:00,90,800.0,2018-01-14 05:00:00,domingo,30,Sol,Material suelto,Montañoso,Media Ladera Derecha,Curva Derecha,Parcial con reducción de carriles,2,0,0,0,1.0,Volcamiento,adelantamientos indebidos,2602_0_90,22.0,4.0
Cauca,2018-03-05 14:36:00,2,440.0,2018-02-14 05:00:00,miercoles,3,Normal,Seca y limpia,Ondulado,Media ladera Izquierda,Curva Izquierda,Transito normal con precaución,0,0,0,0,1.0,Salida de la vía sin volcarse,fallas mecanicas y del sistema electrico,2602_0_2,22.0,2.0
Cauca,2018-03-28 14:55:00,2,906.0,2018-03-04 05:00:00,domingo,40,Sol,Seca y limpia,Ondulado,Terraplen,Curva Izquierda,Transito normal con precaución,0,0,1,0,1.0,Choque,embriaguez o sustancias alucinogenas,2602_0_2,15.0,9.0
Cauca,2018-03-28 15:00:00,26,430.0,2018-03-17 05:00:00,sabado,30,Normal,Seca y limpia,Montañoso,Media ladera Izquierda,Recta,Transito normal con precaución,0,0,2,0,1.0,Caída ocupante,conducta de pasajeros,2602_0_26,16.0,8.0
Cauca,2017-05-11 14:53:00,1,500.0,2017-04-19 05:00:00,miercoles,40,Lluvia,Humeda,Plano,Terraplen,Recta,Transito normal con precaución,0,0,1,0,1.0,Atropello,conducta de peatones,2601_0_1,2.0,22.0
Cauca,2017-06-06 15:19:00,11,771.0,2017-05-20 05:00:00,sabado,30,Normal,Seca y limpia,Plano,Terraplen,Recta,Transito normal con precaución,0,0,1,0,1.0,Choque,desobediencia a normas y senales,2601_0_11,20.0,4.0
Cauca,2017-07-05 21:24:00,11,100.0,2017-06-24 05:00:00,sabado,30,Seca,Seca y limpia,Plano,Terraplen,Recta,Transito normal con precaución,0,0,2,0,1.0,Atropello,conducta de peatones,2601_0_11,14.0,10.0
Cauca,2017-09-12 22:43:00,14,550.0,2017-08-06 05:00:00,domingo,30,Seca,Seca y limpia,Ondulado,Terraplen,Curva Derecha,Transito normal con precaución,0,0,0,1,1.0,Choque,no determinada,2601_0_14,11.0,13.0
Cauca,2017-10-13 15:34:00,2,600.0,2017-09-11 05:00:00,lunes,0,Seca,Seca y limpia,Plano,Terraplen,Recta,Transito normal con precaución,0,0,2,0,1.0,Choque,no determinada,2601_0_2,17.0,7.0
Cauca,2017-10-13 15:50:00,0,600.0,2017-09-09 05:00:00,sabado,50,Seca,Seca y limpia,Plano,Terraplen,Recta,Transito normal con precaución,0,0,3,0,1.0,Choque,adelantamientos indebidos,2601_0_0,13.0,11.0
Cauca,2018-02-06 19:48:00,16,760.0,2018-01-26 05:00:00,viernes,5,Seca,Seca y limpia,Plano,Terraplen,Recta,Transito normal con precaución,0,0,2,0,1.0,Atropello,adelantamientos indebidos,2601_0_16,6.0,18.0
Quindío,2018-03-12 20:29:00,4,150.0,2018-02-15 05:00:00,jueves,0,Seca,Seca y limpia,Ondulado,Terraplen,Recta,Parcial con reducción de carriles,1,0,1,0,1.0,Choque,exceso de velocidad,25VL07_0_4,20.0,5.0
Quindío,2018-04-12 20:35:00,8,350.0,2018-03-16 05:00:00,viernes,30,Seca,Seca y limpia,Ondulado,Media ladera Izquierda,Curva Izquierda,Parcial con reducción de carriles,4,0,0,0,1.0,Volcamiento,fallas mecanicas y del sistema electrico,25VL07_0_8,22.0,6.0
Risaralda,2017-05-26 17:19:00,1,820.0,2017-03-01 05:00:00,miercoles,30,Normal,Seca y limpia,Plano,Terraplen,Recta,Transito normal con precaución,0,0,0,0,1.0,Choque,adelantamientos indebidos,25RSA_2_1,11.0,13.0
Risaralda,2017-05-27 14:23:00,0,20.0,2017-03-03 05:00:00,viernes,20,Normal,Seca y limpia,Ondulado,Terraplen,Curva Izquierda,Transito normal con precaución,0,0,0,0,1.0,Choque,maniobras imprudentes,25RSA_2_0,3.0,21.0
Risaralda,2017-05-27 15:29:00,2,30.0,2017-03-04 05:00:00,sabado,30,Normal,Seca y limpia,Plano,Terraplen,Curva Derecha,Transito normal con precaución,0,0,1,0,1.0,Choque,desobediencia a normas y senales,25RSA_2_2,6.0,18.0
Risaralda,2017-05-29 17:20:00,1,300.0,2017-03-13 05:00:00,lunes,45,Normal,Seca y limpia,Plano,Terraplen,Recta,Transito normal con precaución,0,0,2,0,1.0,Choque,desobediencia a normas y senales,25RSA_2_1,12.0,12.0
Risaralda,2017-05-31 21:51:00,0,620.0,2017-03-26 05:00:00,domingo,0,Lluvia,Humeda,Plano,Terraplen,Recta,Transito normal con precaución,0,0,0,0,1.0,Choque,condiciones de la via y factores ambientales,25RSA_2_0,14.0,10.0
Risaralda,2017-06-01 22:12:00,2,180.0,2017-03-29 05:00:00,miercoles,40,Normal,Seca y limpia,Plano,Terraplen,Recta,Transito normal con precaución,0,0,1,0,1.0,Choque,no determinada,25RSA_2_2,7.0,17.0
Risaralda,2017-07-26 20:41:00,1,870.0,2017-05-14 05:00:00,domingo,35,Lluvia,Humeda,Plano,Terraplen,Recta,Transito normal con precaución,0,0,1,0,1.0,Atropello,embriaguez o sustancias alucinogenas,25RSA_2_1,8.0,16.0
Risaralda,2017-08-12 14:59:00,1,468.0,2017-06-02 05:00:00,viernes,52,Normal,Seca y limpia,Plano,Terraplen,Recta,Transito normal con precaución,0,0,2,0,1.0,Choque,adelantamientos indebidos,25RSA_2_1,20.0,4.0
Risaralda,2017-09-05 14:22:00,0,500.0,2017-06-16 05:00:00,viernes,25,Normal,Seca y limpia,Plano,Terraplen,Recta,Transito normal con precaución,0,0,1,0,1.0,Choque,exceso de velocidad,25RSA_2_0,7.0,17.0
Risaralda,2017-09-13 15:47:00,2,730.0,2017-07-04 05:00:00,martes,5,Normal,Seca y limpia,Plano,Terraplen,Curva Izquierda,Transito normal con precaución,0,0,1,0,1.0,Choque,exceso de velocidad,25RSA_2_2,14.0,10.0
Risaralda,2017-10-05 14:52:00,0,320.0,2017-08-01 05:00:00,martes,10,Normal,Seca y limpia,Plano,Terraplen,Recta,Transito normal con precaución,0,0,1,0,1.0,Choque,adelantamientos indebidos,25RSA_2_0,0.0,0.0
Risaralda,2017-10-05 16:41:00,1,675.0,2017-08-07 05:00:00,lunes,30,Normal,Seca y limpia,Plano,Terraplen,Recta,Transito normal con precaución,0,0,0,0,1.0,Choque,embriaguez o sustancias alucinogenas,25RSA_2_1,1.0,23.0
Risaralda,2017-10-09 15:18:00,1,870.0,2017-08-15 05:00:00,martes,15,Normal,Seca y limpia,Plano,Terraplen,Recta,Transito normal con precaución,0,0,0,0,1.0,Choque,no mantener distancia de seguridad,25RSA_2_1,0.0,0.0
Risaralda,2017-10-09 15:45:00,0,0.0,2017-08-20 05:00:00,domingo,20,Normal,Seca y limpia,Plano,Terraplen,Recta,Transito normal con precaución,0,0,0,0,1.0,Choque,no mantener distancia de seguridad,25RSA_2_0,8.0,16.0
Risaralda,2017-10-09 15:54:00,2,650.0,2017-08-23 05:00:00,miercoles,40,Normal,Seca y limpia,Plano,Terraplen,Recta,Transito normal con precaución,0,0,1,0,1.0,Choque,no determinada,25RSA_2_2,14.0,10.0
Risaralda,2017-10-24 20:45:00,0,0.0,2017-09-02 05:00:00,sabado,35,Normal,Seca y limpia,Plano,Terraplen,Recta,Transito normal con precaución,0,0,1,0,1.0,Choque,no determinada,25RSA_2_0,11.0,13.0
Risaralda,2017-10-25 15:37:00,0,20.0,2017-09-14 05:00:00,jueves,30,Normal,Seca y limpia,Ondulado,Terraplen,Recta,Transito normal con precaución,0,0,0,0,1.0,Choque,no mantener distancia de seguridad,25RSA_2_0,16.0,8.0
Risaralda,2017-10-25 16:07:00,1,310.0,2017-09-20 05:00:00,miercoles,20,Normal,Seca y limpia,Plano,Terraplen,Recta,Transito normal con precaución,0,0,1,0,1.0,Choque,desobediencia a normas y senales,25RSA_2_1,15.0,9.0
Risaralda,2018-01-16 20:05:00,4,160.0,2017-12-01 05:00:00,viernes,10,Normal,Seca y limpia,Plano,Terraplen,Curva Izquierda,Transito normal con precaución,0,0,0,0,1.0,Choque,exceso de velocidad,25RSA_2_4,13.0,11.0
Risaralda,2018-01-18 15:10:00,1,220.0,2017-12-11 05:00:00,lunes,5,Lluvia,Humeda,Plano,Terraplen,Recta,Transito normal con precaución,0,0,0,0,1.0,Choque,no mantener distancia de seguridad,25RSA_2_1,8.0,16.0
Risaralda,2018-02-20 14:28:00,0,0.0,2018-01-01 05:00:00,lunes,30,Lluvia,Humeda,Plano,Terraplen,Recta,Transito normal con precaución,0,0,0,0,1.0,Choque,adelantamientos indebidos,25RSA_2_0,9.0,15.0
Risaralda,2018-02-20 14:36:00,0,0.0,2018-01-01 05:00:00,lunes,15,Lluvia,Humeda,Plano,Terraplen,Recta,Transito normal con precaución,0,0,0,0,1.0,Choque,no mantener distancia de seguridad,25RSA_2_0,6.0,18.0
Risaralda,2018-02-20 14:36:00,0,0.0,2018-01-01 05:00:00,lunes,15,Lluvia,Humeda,Plano,Terraplen,Recta,Transito normal con precaución,0,0,0,0,1.0,Choque,no mantener distancia de seguridad,25RSA_2_0,19.0,5.0
Risaralda,2018-02-20 14:54:00,0,0.0,2018-01-28 05:00:00,domingo,40,Normal,Seca y limpia,Plano,Terraplen,Recta,Transito normal con precaución,0,0,0,0,1.0,Choque,no mantener distancia de seguridad,25RSA_2_0,7.0,17.0
Risaralda,2018-03-21 20:29:00,1,650.0,2018-02-12 05:00:00,lunes,40,Normal,Seca y limpia,Plano,Terraplen,Recta,Transito normal con precaución,0,0,0,0,1.0,Choque,desobediencia a normas y senales,25RSA_1_1,6.0,18.0
Nariño,2018-03-28 16:40:00,3,340.0,2018-03-10 05:00:00,sabado,30,Normal,Seca y limpia,Montañoso,Media Ladera Derecha,Curva Izquierda,Transito normal con precaución,0,0,0,0,1.0,Salida de la vía sin volcarse,defectos fisicos y psiquicos,25NRB_2_3,10.0,14.0
Nariño,2017-10-02 14:58:00,0,950.0,2017-09-23 05:00:00,sabado,0,Sol,Seca y limpia,Plano,Media ladera Izquierda,Recta,Transito normal con precaución,0,0,0,0,1.0,Choque,exceso de velocidad,25NRB_1_0,12.0,12.0
Risaralda,2017-07-18 19:26:00,0,700.0,2017-04-28 05:00:00,viernes,20,Normal,Seca y limpia,Plano,Cajón,Recta,Transito normal con precaución,0,0,0,0,1.0,Choque,imprudencia del conductor,29RSA_1_0,6.0,18.0
Risaralda,2017-07-27 14:14:00,0,0.0,2017-05-15 05:00:00,lunes,0,Normal,Seca y limpia,Plano,Terraplen,Recta,Transito normal con precaución,0,0,3,0,1.0,Choque,exceso de velocidad,29RSA_1_0,16.0,8.0
Risaralda,2017-07-27 15:38:00,0,0.0,2017-05-19 05:00:00,viernes,10,Normal,Seca y limpia,Plano,Terraplen,Recta,Transito normal con precaución,0,0,1,0,1.0,Atropello,conducta de peatones,29RSA_1_0,17.0,7.0
Risaralda,2017-07-28 15:43:00,0,900.0,2017-05-21 05:00:00,domingo,45,Normal,Seca y limpia,Ondulado,Cajón,Curva Izquierda,Transito normal con precaución,0,0,0,0,1.0,Choque,exceso de velocidad,29RSA_1_0,7.0,17.0
Risaralda,2017-07-28 16:20:00,0,0.0,2017-05-26 05:00:00,viernes,30,Normal,Seca y limpia,Plano,Terraplen,Recta,Transito normal con precaución,0,0,2,0,1.0,Choque,no determinada,29RSA_1_0,14.0,10.0
Risaralda,2017-09-05 15:13:00,0,0.0,2017-06-20 05:00:00,martes,0,Lluvia,Humeda,Plano,Terraplen,Recta,Transito normal con precaución,0,0,1,0,1.0,Atropello,conducta de peatones,29RSA_1_0,7.0,17.0
Risaralda,2017-09-05 15:28:00,0,0.0,2017-06-21 05:00:00,miercoles,20,Lluvia,Humeda,Plano,Terraplen,Recta,Transito normal con precaución,0,0,0,0,1.0,Choque,maniobras imprudentes,29RSA_1_0,15.0,9.0
Risaralda,2017-09-05 14:25:00,0,0.0,2017-06-17 05:00:00,sabado,10,Lluvia,Humeda,Plano,Terraplen,Recta,Transito normal con precaución,0,0,0,0,1.0,Choque,no mantener distancia de seguridad,29RSA_1_0,11.0,13.0
Risaralda,2017-09-13 15:11:00,0,0.0,2017-07-01 05:00:00,sabado,0,Normal,Seca y limpia,Plano,Terraplen,Recta,Transito normal con precaución,0,0,0,0,1.0,Choque,maniobras imprudentes,29RSA_1_0,16.0,8.0
Risaralda,2017-10-05 14:55:00,0,650.0,2017-08-01 05:00:00,martes,10,Normal,Seca y limpia,Plano,Terraplen,Recta,Transito normal con precaución,0,0,0,0,1.0,Choque,no mantener distancia de seguridad,29RSA_1_0,2.0,22.0
Risaralda,2017-10-06 15:17:00,0,0.0,2017-08-10 05:00:00,jueves,40,Normal,Seca y limpia,Plano,Terraplen,Recta,Transito normal con precaución,0,0,0,0,1.0,Choque,estacionamiento y senalizacion imprudente,29RSA_1_0,16.0,8.0
Risaralda,2017-10-09 15:28:00,0,0.0,2017-08-16 05:00:00,miercoles,50,Normal,Seca y limpia,Plano,Terraplen,Recta,Transito normal con precaución,0,0,0,0,1.0,Choque,no mantener distancia de seguridad,29RSA_1_0,14.0,10.0