territorial,fecha_registro,pr,distancia_pr,fecha_acc,dia_semana_acc,min_acc,condic_meteor,estado_super,terreno,secc_tip,geometria_acc,tipo_cierre,horas_cierre,min_cierre,n_heridos,n_muertos,n_victimas,clase_accidente,causa_posible,ref_loc,hora_acc,duracion_cierre_horas
Risaralda,2017-10-09 15:32:00,0,0.0,2017-08-16 05:00:00,miercoles,12,Lluvia,Humeda,Plano,Terraplen,Recta,Transito normal con precaución,0,0,0,0,1.0,Choque,no mantener distancia de seguridad,29RSA_1_0,11.0,13.0
Risaralda,2017-10-25 14:57:00,0,0.0,2017-09-11 05:00:00,lunes,55,Normal,Seca y limpia,Plano,Terraplen,Recta,Transito normal con precaución,0,0,0,0,1.0,Choque,no mantener distancia de seguridad,29RSA_1_0,13.0,11.0
Risaralda,2017-10-25 15:45:00,0,0.0,2017-09-15 05:00:00,viernes,0,Normal,Seca y limpia,Plano,Terraplen,Recta,Transito normal con precaución,0,0,1,0,1.0,Choque,no mantener distancia de seguridad,29RSA_1_0,20.0,4.0
Risaralda,2017-11-16 21:15:00,0,650.0,2017-10-07 05:00:00,sabado,20,Normal,Seca y limpia,Plano,Terraplen,Recta,Transito normal con precaución,0,0,0,0,1.0,Choque,no mantener distancia de seguridad,29RSA_1_0,17.0,7.0
Risaralda,2017-11-16 21:33:00,0,815.0,2017-10-08 05:00:00,domingo,30,Normal,Seca y limpia,Ondulado,Cajón,Recta,Transito normal con precaución,0,0,0,0,1.0,Choque,no determinada,29RSA_1_0,10.0,14.0
Risaralda,2017-11-16 21:38:00,0,0.0,2017-10-08 05:00:00,domingo,40,Normal,Seca y limpia,Plano,Cajón,Recta,Transito normal con precaución,0,0,2,0,1.0,Choque,no mantener distancia de seguridad,29RSA_1_0,13.0,11.0
Risaralda,2017-11-17 15:18:00,0,0.0,2017-10-11 05:00:00,miercoles,40,Normal,Seca y limpia,Plano,Terraplen,Recta,Transito normal con precaución,0,0,0,0,1.0,Choque,estacionamiento y senalizacion imprudente,29RSA_1_0,20.0,4.0
Risaralda,2017-11-17 15:22:00,0,860.0,2017-10-11 05:00:00,miercoles,0,Normal,Seca y limpia,Ondulado,Cajón,Recta,Transito normal con precaución,0,0,0,0,1.0,Choque,no determinada,29RSA_1_0,7.0,17.0
Risaralda,2017-11-17 20:36:00,0,0.0,2017-10-17 05:00:00,martes,10,Normal,Seca y limpia,Plano,Terraplen,Recta,Transito normal con precaución,0,0,0,0,1.0,Choque,no mantener distancia de seguridad,29RSA_1_0,7.0,17.0
Risaralda,2017-11-21 14:38:00,0,0.0,2017-10-30 05:00:00,lunes,30,Normal,Seca y limpia,Plano,Terraplen,Recta,Transito normal con precaución,0,0,0,0,1.0,Choque,no mantener distancia de seguridad,29RSA_1_0,20.0,4.0
Risaralda,2017-12-21 16:02:00,0,0.0,2017-11-09 05:00:00,jueves,26,Normal,Seca y limpia,Plano,Terraplen,Recta,Transito normal con precaución,0,0,0,0,1.0,Choque,no mantener distancia de seguridad,29RSA_1_0,7.0,17.0
Risaralda,2017-12-21 16:06:00,0,0.0,2017-11-09 05:00:00,jueves,40,Lluvia,Humeda,Plano,Terraplen,Recta,Transito normal con precaución,0,0,0,0,1.0,Choque,no mantener distancia de seguridad,29RSA_1_0,19.0,5.0
Risaralda,2017-12-21 16:55:00,0,0.0,2017-11-13 05:00:00,lunes,10,Normal,Seca y limpia,Plano,Terraplen,Recta,Transito normal con precaución,0,0,0,0,1.0,Choque,exceso en horas de conduccion,29RSA_1_0,7.0,17.0
Risaralda,2017-12-21 19:57:00,0,0.0,2017-11-18 05:00:00,sabado,55,Normal,Seca y limpia,Plano,Terraplen,Recta,Transito normal con precaución,0,0,0,0,1.0,Choque,no mantener distancia de seguridad,29RSA_1_0,12.0,12.0
Risaralda,2017-12-21 20:16:00,0,620.0,2017-11-19 05:00:00,domingo,15,Normal,Seca y limpia,Plano,Terraplen,Recta,Transito normal con precaución,0,0,3,0,1.0,Atropello,conducta de peatones,29RSA_1_0,15.0,9.0
Risaralda,2017-12-21 20:27:00,0,830.0,2017-11-20 05:00:00,lunes,40,Normal,Seca y limpia,Plano,Cajón,Recta,Transito normal con precaución,0,0,0,0,1.0,Choque,maniobras imprudentes,29RSA_1_0,14.0,10.0
Risaralda,2017-12-22 15:08:00,0,0.0,2017-11-24 05:00:00,viernes,28,Normal,Seca y limpia,Plano,Terraplen,Recta,Transito normal con precaución,0,0,3,0,1.0,Choque,no mantener distancia de seguridad,29RSA_1_0,5.0,19.0
Risaralda,2017-12-22 15:11:00,0,0.0,2017-11-24 05:00:00,viernes,30,Normal,Seca y limpia,Plano,Terraplen,Recta,Transito normal con precaución,0,0,0,0,1.0,Choque,no mantener distancia de seguridad,29RSA_1_0,4.0,20.0
Córdoba,2018-04-20 13:16:00,29,400.0,2018-03-30 05:00:00,viernes,15,Normal,Seca y limpia,Plano,Terraplen,Recta,Transito normal con precaución,0,0,0,0,1.0,Choque,no determinada,2514_0_29,17.0,7.0
Risaralda,2018-01-16 20:23:00,0,0.0,2017-12-01 05:00:00,viernes,51,Lluvia,Humeda,Plano,Terraplen,Recta,Transito normal con precaución,0,0,0,0,1.0,Choque,no mantener distancia de seguridad,29RSA_1_0,3.0,21.0
Risaralda,2018-01-18 14:25:00,0,0.0,2017-12-05 05:00:00,martes,50,Normal,Seca y limpia,Plano,Terraplen,Recta,Transito normal con precaución,0,0,1,0,1.0,Choque,maniobras imprudentes,29RSA_1_0,4.0,20.0
Risaralda,2018-01-18 15:42:00,0,0.0,2017-12-12 05:00:00,martes,0,Normal,Seca y limpia,Plano,Terraplen,Recta,Transito normal con precaución,0,0,0,0,1.0,Choque,no mantener distancia de seguridad,29RSA_1_0,19.0,5.0
Risaralda,2018-01-19 14:47:00,0,0.0,2017-12-17 05:00:00,domingo,40,Normal,Seca y limpia,Ondulado,Media ladera Izquierda,Curva Izquierda,Transito normal con precaución,0,0,0,0,1.0,Choque,no mantener distancia de seguridad,29RSA_1_0,8.0,16.0
Risaralda,2018-02-15 17:01:00,0,620.0,2018-01-11 05:00:00,jueves,0,Lluvia,Humeda,Plano,Terraplen,Recta,Transito normal con precaución,0,0,2,0,1.0,Choque,no mantener distancia de seguridad,29RSA_1_0,4.0,20.0
Risaralda,2018-02-15 17:01:00,0,620.0,2018-01-11 05:00:00,jueves,0,Lluvia,Humeda,Plano,Terraplen,Recta,Transito normal con precaución,0,0,2,0,1.0,Choque,no mantener distancia de seguridad,29RSA_1_0,14.0,10.0
Risaralda,2018-02-15 14:50:00,0,770.0,2018-01-06 05:00:00,sabado,40,Normal,Seca y limpia,Plano,Terraplen,Recta,Transito normal con precaución,0,0,0,0,1.0,Choque,condiciones de la via y factores ambientales,29RSA_1_0,19.0,5.0
Risaralda,2018-02-15 19:12:00,0,770.0,2018-01-21 05:00:00,domingo,0,Normal,Seca y limpia,Plano,Terraplen,Recta,Transito normal con precaución,0,0,0,0,1.0,Choque,no mantener distancia de seguridad,29RSA_1_0,0.0,0.0
Risaralda,2018-02-15 19:55:00,0,0.0,2018-01-24 05:00:00,miercoles,30,Normal,Seca y limpia,Plano,Terraplen,Recta,Transito normal con precaución,0,0,0,0,1.0,Choque,no determinada,29RSA_1_0,22.0,2.0
Risaralda,2018-03-16 18:56:00,0,0.0,2018-02-10 05:00:00,sabado,30,Normal,Seca y limpia,Plano,Terraplen,Recta,Transito normal con precaución,0,0,0,0,1.0,Choque,no mantener distancia de seguridad,29RSA_1_0,10.0,14.0
Risaralda,2018-04-03 21:30:00,0,40.0,2018-02-26 05:00:00,lunes,10,Normal,Seca y limpia,Plano,Terraplen,Recta,Transito normal con precaución,0,0,0,0,1.0,Choque,no mantener distancia de seguridad,29RSA_1_0,13.0,11.0
Risaralda,2018-04-06 14:37:00,0,872.0,2018-02-27 05:00:00,martes,40,Normal,Seca y limpia,Plano,Cajón,Recta,Transito normal con precaución,0,0,0,0,1.0,Choque,adelantamientos indebidos,29RSA_1_0,9.0,15.0
Risaralda,2017-06-03 14:45:00,0,950.0,2017-04-02 05:00:00,domingo,22,Normal,Seca y limpia,Plano,Terraplen,Recta,Transito normal con precaución,0,0,1,0,1.0,Choque,embriaguez o sustancias alucinogenas,2902_2_0,4.0,20.0
Risaralda,2017-06-03 15:11:00,1,440.0,2017-04-05 05:00:00,miercoles,55,Normal,Seca y limpia,Plano,Terraplen,Recta,Transito normal con precaución,0,0,1,0,1.0,Choque,no mantener distancia de seguridad,2902_2_1,10.0,14.0
Caldas,2017-06-05 19:39:00,29,810.0,2017-05-06 05:00:00,sabado,0,Normal,Seca y limpia,Montañoso,Media ladera Izquierda,Curva Izquierda,Transito normal con precaución,0,0,2,0,1.0,Atropello,imprudencia del conductor,2902_2_29,10.0,14.0
Caldas,2017-06-05 19:44:00,35,750.0,2017-05-12 05:00:00,viernes,40,Lluvia,Humeda,Montañoso,Media ladera Izquierda,Recta,Transito normal con precaución,0,0,0,0,1.0,Choque,condiciones de la via y factores ambientales,2902_2_35,10.0,14.0
Caldas,2017-06-05 20:03:00,38,750.0,2017-05-23 05:00:00,martes,40,Normal,Seca y limpia,Montañoso,Media ladera Izquierda,Recta,Transito normal con precaución,0,0,0,0,1.0,Choque,no mantener distancia de seguridad,2902_2_38,18.0,6.0
Risaralda,2017-07-01 16:13:00,2,380.0,2017-04-12 05:00:00,miercoles,50,Normal,Seca y limpia,Plano,Terraplen,Recta,Transito normal con precaución,0,0,2,0,1.0,Choque,no mantener distancia de seguridad,2902_2_2,20.0,4.0
Risaralda,2017-07-01 17:01:00,3,840.0,2017-04-14 05:00:00,viernes,35,Normal,Seca y limpia,Plano,Terraplen,Recta,Transito normal con precaución,0,0,1,0,1.0,Atropello,conducta de peatones,2902_2_3,22.0,2.0
Risaralda,2018-02-15 18:52:00,2,40.0,2018-01-14 05:00:00,domingo,40,Normal,Seca y limpia,Plano,Terraplen,Recta,Transito normal con precaución,0,0,0,0,1.0,Choque,maniobras imprudentes,2902_1_2,16.0,8.0
Risaralda,2017-07-01 17:14:00,0,750.0,2017-04-15 05:00:00,sabado,30,Normal,Seca y limpia,Plano,Terraplen,Recta,Transito normal con precaución,0,0,1,0,1.0,Choque,no mantener distancia de seguridad,2902_2_0,7.0,17.0
Caldas,2017-07-06 14:55:00,39,150.0,2017-06-04 05:00:00,domingo,50,Normal,Seca y limpia,Montañoso,Media ladera Izquierda,Curva Izquierda,Transito normal con precaución,0,0,1,0,1.0,Choque,no determinada,2902_2_39,4.0,20.0
Caldas,2017-07-06 14:59:00,40,330.0,2017-06-08 05:00:00,jueves,30,Normal,Humeda,Montañoso,Media ladera Izquierda,Curva Izquierda,Transito normal con precaución,0,0,0,0,1.0,Choque,fallas mecanicas y del sistema electrico,2902_2_40,12.0,12.0
Caldas,2017-07-06 15:03:00,38,350.0,2017-06-08 05:00:00,jueves,46,Lluvia,Humeda,Montañoso,Media ladera Izquierda,Recta,Transito normal con precaución,0,0,0,0,1.0,Choque,condiciones de la via y factores ambientales,2902_2_38,17.0,7.0
Caldas,2017-07-06 15:08:00,41,0.0,2017-06-10 05:00:00,sabado,0,Normal,Seca y limpia,Montañoso,Media ladera Izquierda,Curva Izquierda,Transito normal con precaución,0,0,0,0,1.0,Choque,imprudencia del conductor,2902_2_41,18.0,6.0
Caldas,2017-07-06 15:16:00,31,650.0,2017-06-13 05:00:00,martes,35,Lluvia,Humeda,Montañoso,Media ladera Izquierda,Recta,Transito normal con precaución,0,0,0,0,1.0,Choque,no mantener distancia de seguridad,2902_2_31,8.0,16.0
Caldas,2017-07-06 15:19:00,30,800.0,2017-06-13 05:00:00,martes,50,Normal,Seca y limpia,Montañoso,Media ladera Izquierda,Recta,Transito normal con precaución,0,0,0,0,1.0,Choque,adelantamientos indebidos,2902_2_30,4.0,20.0
Caldas,2017-07-06 15:23:00,29,200.0,2017-06-25 05:00:00,domingo,0,Normal,Seca y limpia,Montañoso,Media ladera Izquierda,Curva Izquierda,Transito normal con precaución,0,0,0,0,1.0,Choque,fallas mecanicas y del sistema electrico,2902_2_29,15.0,9.0
Risaralda,2017-07-08 16:23:00,2,555.0,2017-04-20 05:00:00,jueves,40,Lluvia,Humeda,Plano,Terraplen,Recta,Transito normal con precaución,0,0,2,0,1.0,Atropello,desobediencia a normas y senales,2902_2_2,8.0,16.0
Risaralda,2017-07-15 15:32:00,1,850.0,2017-04-25 05:00:00,martes,45,Normal,Seca y limpia,Plano,Terraplen,Recta,Transito normal con precaución,0,0,0,0,1.0,Choque,no mantener distancia de seguridad,2902_2_1,12.0,12.0
Cauca,2017-12-27 16:17:00,9,350.0,2017-01-05 05:00:00,jueves,20,Normal,Seca y limpia,Plano,Media ladera Izquierda,Recta,Transito normal con precaución,0,0,0,0,1.0,Choque,maniobras imprudentes,25CCB_1_9,8.0,16.0
Cauca,2017-05-18 15:05:00,10,750.0,2017-04-10 05:00:00,lunes,20,Sol,Seca y limpia,Ondulado,Terraplen,Curva Derecha,Transito normal con precaución,0,0,0,0,1.0,Choque,imprudencia del conductor,25CCB_1_10,20.0,4.0
Cauca,2017-05-18 15:28:00,12,300.0,2017-04-23 05:00:00,domingo,30,Sol,Seca y limpia,Ondulado,Terraplen,Curva Derecha,Transito normal con precaución,0,0,0,0,1.0,Choque,no determinada,25CCB_1_12,6.0,18.0
Cauca,2017-10-05 14:58:00,5,240.0,2017-09-18 05:00:00,lunes,20,Sol,Seca y limpia,Ondulado,Terraplen,Recta,Transito normal con precaución,0,0,1,0,1.0,Choque,maniobras imprudentes,25CCB_1_5,13.0,11.0
Cauca,2017-12-26 14:28:00,3,50.0,2016-12-04 05:00:00,domingo,50,Normal,Seca y limpia,Plano,Media ladera Izquierda,Recta,Transito normal con precaución,0,0,1,0,1.0,Choque,no mantener distancia de seguridad,25CCB_1_3,7.0,17.0
Cauca,2017-12-26 14:32:00,8,500.0,2016-12-07 05:00:00,miercoles,10,Normal,Seca y limpia,Plano,Terraplen,Curva Izquierda,Transito normal con precaución,0,0,0,0,1.0,Choque,adelantamientos indebidos,25CCB_1_8,9.0,15.0
Cauca,2017-12-26 14:44:00,5,700.0,2016-12-13 05:00:00,martes,20,Normal,Seca y limpia,Montañoso,Terraplen,Recta,Transito normal con precaución,0,0,0,0,1.0,Choque,defectos fisicos y psiquicos,25CCB_1_5,6.0,18.0
Cauca,2017-12-26 15:27:00,8,0.0,2016-12-26 05:00:00,lunes,5,Seca,Seca y limpia,Plano,Terraplen,Recta,Transito normal con precaución,0,0,2,0,1.0,Choque,imprudencia del conductor,25CCB_1_8,6.0,18.0
Cauca,2017-12-26 15:35:00,4,0.0,2016-12-28 05:00:00,miercoles,40,Seca,Seca y limpia,Plano,Media Ladera Derecha,Recta,Transito normal con precaución,0,0,0,0,1.0,Choque,no mantener distancia de seguridad,25CCB_1_4,3.0,21.0
Cauca,2017-12-27 14:27:00,5,150.0,2017-01-01 05:00:00,domingo,30,Normal,Seca y limpia,Plano,Cajón,Recta,Transito normal con precaución,0,0,1,1,1.0,Choque,condiciones de la via y factores ambientales,25CCB_1_5,0.0,0.0
Cauca,2017-12-27 16:02:00,7,900.0,2017-01-01 05:00:00,domingo,20,Normal,Seca y limpia,Plano,Media Ladera Derecha,Recta,Transito normal con precaución,0,0,0,0,1.0,Salida de la vía sin volcarse,defectos fisicos y psiquicos,25CCB_1_7,14.0,10.0
Cauca,2017-12-27 16:07:00,3,0.0,2017-01-03 05:00:00,martes,35,Lluvia,Humeda,Plano,Media ladera Izquierda,Recta,Transito normal con precaución,0,0,1,0,1.0,Choque,no mantener distancia de seguridad,25CCB_1_3,7.0,17.0
Cauca,2017-12-27 16:13:00,11,750.0,2017-01-04 05:00:00,miercoles,25,Normal,Seca y limpia,Plano,Terraplen,Recta,Transito normal con precaución,0,0,0,0,1.0,Choque,no mantener distancia de seguridad,25CCB_1_11,15.0,9.0
Cauca,2017-12-27 16:21:00,5,200.0,2017-01-06 05:00:00,viernes,30,Normal,Seca y limpia,Plano,Terraplen,Recta,Transito normal con precaución,0,0,0,0,1.0,Choque,adelantamientos indebidos,25CCB_1_5,13.0,11.0
Cauca,2017-12-27 16:25:00,2,350.0,2017-01-07 05:00:00,sabado,20,Normal,Seca y limpia,Plano,Media ladera Izquierda,Recta,Transito normal con precaución,0,0,2,0,1.0,Choque,desobediencia a normas y senales,25CCB_1_2,17.0,7.0
Cauca,2017-12-27 16:36:00,6,400.0,2017-01-11 05:00:00,miercoles,0,Lluvia,Humeda,Plano,Media ladera Izquierda,Recta,Transito normal con precaución,0,0,0,1,1.0,Choque,embriaguez o sustancias alucinogenas,25CCB_1_6,16.0,8.0
Cauca,2017-12-27 16:39:00,0,230.0,2017-01-13 05:00:00,viernes,30,Normal,Seca y limpia,Montañoso,Cajón,Curva Izquierda,Transito normal con precaución,0,0,1,0,1.0,Volcamiento,conducta de peatones,25CCB_1_0,19.0,5.0
Cauca,2017-12-27 16:41:00,12,950.0,2017-01-14 05:00:00,sabado,40,Lluvia,Humeda,Plano,Media Ladera Derecha,Recta,Transito normal con precaución,0,0,0,0,1.0,Choque,condiciones de la via y factores ambientales,25CCB_1_12,8.0,16.0
Cauca,2017-12-27 16:54:00,11,250.0,2017-01-25 05:00:00,miercoles,35,Normal,Seca y limpia,Plano,Terraplen,Recta,Transito normal con precaución,0,0,1,0,1.0,Choque,desobediencia a normas y senales,25CCB_1_11,15.0,9.0
Cauca,2017-12-27 17:01:00,5,500.0,2017-01-30 05:00:00,lunes,5,Normal,Seca y limpia,Montañoso,Media ladera Izquierda,Recta,Transito normal con precaución,0,0,0,0,1.0,Choque,no mantener distancia de seguridad,25CCB_1_5,16.0,8.0
Cauca,2017-12-27 20:05:00,5,150.0,2017-02-13 05:00:00,lunes,0,Lluvia,Humeda,Plano,Cajón,Recta,Transito normal con precaución,0,0,0,0,1.0,Choque,imprudencia del conductor,25CCB_1_5,5.0,19.0
Cauca,2017-12-27 20:15:00,12,900.0,2017-02-25 05:00:00,sabado,0,Normal,Seca y limpia,Montañoso,Media Ladera Derecha,Recta,Transito normal con precaución,0,0,0,1,1.0,Atropello,no determinada,25CCB_1_12,18.0,6.0
Cauca,2017-12-27 20:46:00,13,100.0,2017-03-10 05:00:00,viernes,0,Normal,Seca y limpia,Montañoso,Cajón,Recta,Transito normal con precaución,0,0,1,0,1.0,Atropello,no determinada,25CCB_1_13,5.0,19.0
Cauca,2017-12-28 14:04:00,11,0.0,2017-04-15 05:00:00,sabado,0,Normal,Seca y limpia,Montañoso,Terraplen,Curva Izquierda,Transito normal con precaución,0,0,1,0,1.0,Atropello,imprudencia del conductor,25CCB_1_11,20.0,4.0
Cauca,2017-12-28 14:07:00,12,380.0,2017-04-23 05:00:00,domingo,0,Normal,Seca y limpia,Ondulado,Media Ladera Derecha,Curva Derecha,Transito normal con precaución,0,0,1,0,1.0,Atropello,imprudencia del conductor,25CCB_1_12,23.0,1.0
Cauca,2017-12-28 14:14:00,8,0.0,2017-05-09 05:00:00,martes,0,Normal,Seca y limpia,Ondulado,Terraplen,Curva Derecha,Transito normal con precaución,0,0,1,0,1.0,Atropello,imprudencia del conductor,25CCB_1_8,15.0,9.0
Cauca,2017-12-26 15:10:00,3,120.0,2016-12-18 05:00:00,domingo,20,Normal,Seca y limpia,Plano,Media ladera Izquierda,Recta,Transito normal con precaución,0,0,0,0,1.0,Choque,no mantener distancia de seguridad,25CCB_1_3,7.0,17.0
Cauca,2017-12-26 15:56:00,2,900.0,2016-12-31 05:00:00,sabado,40,Normal,Seca y limpia,Plano,Media ladera Izquierda,Recta,Transito normal con precaución,0,0,1,0,1.0,Choque,maniobras imprudentes,25CCB_1_2,8.0,16.0
Cauca,2017-12-26 15:58:00,3,0.0,2016-12-31 05:00:00,sabado,20,Lluvia,Humeda,Plano,Media ladera Izquierda,Recta,Transito normal con precaución,0,0,1,0,1.0,Choque,no determinada,25CCB_1_3,10.0,14.0
Cauca,2018-01-03 15:33:00,4,0.0,2017-06-03 05:00:00,sabado,0,Sol,Seca y limpia,Plano,Media Ladera Derecha,Recta,Transito normal con precaución,0,0,0,1,1.0,Atropello,desobediencia a normas y senales,25CCB_1_4,11.0,13.0
Cauca,2018-01-03 15:48:00,7,100.0,2017-06-24 05:00:00,sabado,0,Normal,Seca y limpia,Ondulado,Media ladera Izquierda,Curva Izquierda,Transito normal con precaución,0,0,0,1,1.0,Atropello,imprudencia del conductor,25CCB_1_7,17.0,7.0
Cauca,2018-03-14 13:52:00,5,250.0,2018-02-07 05:00:00,miercoles,0,Normal,Seca y limpia,Montañoso,Cajón,Recta,Transito normal con precaución,0,0,0,0,1.0,Volcamiento,exceso de velocidad,25CCB_1_5,4.0,20.0
Cauca,2018-04-13 13:53:00,4,500.0,2018-03-03 05:00:00,sabado,40,Normal,Seca y limpia,Plano,Terraplen,Recta,Transito normal con precaución,0,0,1,0,1.0,Choque,impericia en el manejo,25CCB_1_4,21.0,3.0
Cauca,2018-04-13 13:58:00,4,850.0,2018-03-16 05:00:00,viernes,0,Normal,Seca y limpia,Ondulado,Terraplen,Curva Derecha,Transito normal con precaución,0,0,1,0,1.0,Choque,no determinada,25CCB_1_4,13.0,11.0
Cauca,2018-04-13 14:00:00,1,900.0,2018-03-19 05:00:00,lunes,40,Normal,Seca y limpia,Plano,Cajón,Curva Derecha,Transito normal con precaución,0,0,1,0,1.0,Choque,embriaguez o sustancias alucinogenas,25CCB_1_1,0.0,0.0
Cauca,2018-04-13 14:03:00,3,400.0,2018-03-22 05:00:00,jueves,50,Normal,Seca y limpia,Plano,Media ladera Izquierda,Curva Izquierda,Transito normal con precaución,0,0,1,0,1.0,Choque,desobediencia a normas y senales,25CCB_1_3,20.0,4.0
Cauca,2017-05-10 20:35:00,98,490.0,2017-03-23 05:00:00,jueves,0,Lluvia,Humeda,Montañoso,Media ladera Izquierda,Recta,Transito normal con precaución,0,0,0,0,1.0,Choque,exceso de velocidad,25CC15_0_98,17.0,7.0
Cauca,2017-05-10 20:43:00,63,0.0,2017-04-04 05:00:00,martes,0,Sol,Seca y limpia,Plano,Media Ladera Derecha,Recta,Transito normal con precaución,0,0,1,0,1.0,Caída ocupante,no determinada,25CC15_0_63,8.0,16.0
Cauca,2017-05-10 20:47:00,72,0.0,2017-04-06 05:00:00,jueves,30,Niebla,Humeda,Montañoso,Media ladera Izquierda,Curva Izquierda,Transito normal con precaución,0,0,1,0,1.0,Caída ocupante,no determinada,25CC15_0_72,13.0,11.0
Cauca,2017-06-20 19:16:00,22,793.0,2017-05-16 05:00:00,martes,0,Sol,Seca y limpia,Montañoso,Media ladera Izquierda,Curva Izquierda,Transito normal con precaución,0,0,1,0,1.0,Salida de la vía sin volcarse,fallas mecanicas y del sistema electrico,25CC15_0_22,9.0,15.0
Cauca,2017-06-20 19:21:00,16,60.0,2017-05-17 05:00:00,miercoles,0,Normal,Seca y limpia,Ondulado,Terraplen,Curva Izquierda,Transito normal con precaución,0,0,0,0,1.0,Choque,imprudencia del conductor,25CC15_0_16,11.0,13.0
Cauca,2017-07-13 19:01:00,19,196.0,2017-06-10 05:00:00,sabado,9,Normal,Seca y limpia,Ondulado,Terraplen,Curva Derecha,Transito normal con precaución,0,0,3,0,1.0,Choque,estacionamiento y senalizacion imprudente,25CC15_0_19,19.0,5.0
Cauca,2017-07-13 19:04:00,16,200.0,2017-06-06 05:00:00,martes,0,Normal,Seca y limpia,Ondulado,Terraplen,Recta,Transito normal con precaución,0,0,1,1,1.0,Atropello,imprudencia del conductor,25CC15_0_16,4.0,20.0
Cauca,2017-07-13 19:07:00,63,900.0,2017-06-25 05:00:00,domingo,0,Niebla,Otra,Montañoso,Media ladera Izquierda,Recta,Transito normal con precaución,0,0,2,0,1.0,Caída de piedra,imprudencia del conductor,25CC15_0_63,10.0,14.0
Cauca,2017-07-18 14:02:00,67,750.0,2017-07-09 05:00:00,domingo,30,Normal,Seca y limpia,Montañoso,Media ladera Izquierda,Curva Derecha,Transito normal con precaución,0,0,8,0,1.0,Volcamiento,fallas mecanicas y del sistema electrico,25CC15_0_67,0.0,0.0
Cauca,2017-07-18 14:09:00,5,930.0,2017-07-10 05:00:00,lunes,48,Normal,Seca y limpia,Montañoso,Media ladera Izquierda,Curva Derecha,Transito normal con precaución,0,0,1,0,1.0,Choque,exceso de velocidad,25CC15_0_5,1.0,23.0
Cauca,2017-08-14 21:38:00,16,300.0,2017-07-07 05:00:00,viernes,25,Normal,Seca y limpia,Ondulado,Terraplen,Recta,Transito normal con precaución,0,0,1,0,1.0,Choque,exceso de velocidad,25CC15_0_16,10.0,14.0
Cauca,2017-08-14 21:45:00,60,600.0,2017-07-16 05:00:00,domingo,30,Normal,Seca y limpia,Montañoso,Media Ladera Derecha,Recta,Transito normal con precaución,0,0,1,0,1.0,Caída ocupante,condiciones de la via y factores ambientales,25CC15_0_60,20.0,4.0
Cauca,2017-08-14 21:49:00,65,980.0,2017-07-24 05:00:00,lunes,0,Normal,Seca y limpia,Ondulado,Terraplen,Recta,Transito normal con precaución,0,0,2,0,1.0,Caída ocupante,condiciones de la via y factores ambientales,25CC15_0_65,9.0,15.0
Cauca,2017-09-07 16:37:00,58,300.0,2017-08-23 05:00:00,miercoles,30,Sol,Material suelto,Montañoso,Media ladera Izquierda,Curva Izquierda,Transito normal con precaución,0,0,1,0,1.0,Caída ocupante,condiciones de la via y factores ambientales,25CC15_0_58,15.0,9.0
Cauca,2017-10-12 16:25:00,11,650.0,2017-09-16 05:00:00,sabado,20,Sol,Seca y limpia,Montañoso,Media ladera Izquierda,Curva Izquierda,Transito normal con precaución,0,0,2,0,1.0,Choque,no determinada,25CC15_0_11,0.0,0.0
Cauca,2017-10-12 16:28:00,14,655.0,2017-09-20 05:00:00,miercoles,17,Sol,Seca y limpia,Montañoso,Media ladera Izquierda,Curva Derecha,Transito normal con precaución,0,0,2,0,1.0,Choque,exceso de velocidad,25CC15_0_14,12.0,12.0
Cauca,2017-11-15 20:10:00,66,400.0,2017-10-07 05:00:00,sabado,30,Sol,Seca y limpia,Montañoso,Terraplen,Recta,Transito normal con precaución,0,0,1,0,1.0,Volcamiento,imprudencia del conductor,25CC15_0_66,4.0,20.0
Cauca,2017-11-15 20:00:00,13,690.0,2017-10-01 05:00:00,domingo,6,Sol,Seca y limpia,Ondulado,Terraplen,Curva Derecha,Transito normal con precaución,0,0,2,0,1.0,Choque,exceso de velocidad,25CC15_0_13,8.0,16.0
Córdoba,2018-02-21 13:02:00,0,900.0,2018-01-18 05:00:00,jueves,0,Normal,Seca y limpia,Plano,Media Ladera Derecha,Curva Derecha,Transito normal con precaución,0,0,0,0,1.0,Volcamiento,no determinada,2514_0_0,19.0,5.0
Cauca,2017-12-18 14:50:00,16,400.0,2017-11-20 05:00:00,lunes,45,Sol,Seca y limpia,Ondulado,Terraplen,Curva Derecha,Transito normal con precaución,0,0,0,0,1.0,Choque,no determinada,25CC15_0_16,19.0,5.0
Cauca,2017-12-18 14:54:00,66,200.0,2017-11-25 05:00:00,sabado,50,Sol,Seca y limpia,Montañoso,Terraplen,Recta,Transito normal con precaución,0,0,1,0,1.0,Atropello,condiciones de la via y factores ambientales,25CC15_0_66,16.0,8.0
Cauca,2018-01-23 16:05:00,49,880.0,2017-12-01 05:00:00,viernes,0,Sol,Seca y limpia,Montañoso,Media ladera Izquierda,Curva Izquierda,Transito normal con precaución,0,0,1,0,1.0,Choque,imprudencia del conductor,25CC15_0_49,22.0,2.0
Cauca,2018-01-23 16:11:00,63,640.0,2017-12-15 05:00:00,viernes,35,Sol,Seca y limpia,Montañoso,Media ladera Izquierda,Curva Derecha,Transito normal con precaución,0,0,1,0,1.0,Caída de piedra,no determinada,25CC15_0_63,17.0,7.0
Cauca,2018-01-23 16:17:00,27,280.0,2017-12-31 05:00:00,domingo,0,Sol,Seca y limpia,Montañoso,Media ladera Izquierda,Curva Derecha,Transito normal con precaución,0,0,0,0,1.0,Choque,imprudencia del conductor,25CC15_0_27,11.0,13.0
Cauca,2018-02-09 14:22:00,66,180.0,2018-01-20 05:00:00,sabado,0,Sol,Seca y limpia,Ondulado,Terraplen,Recta,Transito normal con precaución,0,0,1,0,1.0,Atropello,no determinada,25CC15_0_66,10.0,14.0