territorial,fecha_registro,pr,distancia_pr,fecha_acc,dia_semana_acc,min_acc,condic_meteor,estado_super,terreno,secc_tip,geometria_acc,tipo_cierre,horas_cierre,min_cierre,n_heridos,n_muertos,n_victimas,clase_accidente,causa_posible,ref_loc,hora_acc,duracion_cierre_horas
Cauca,2018-02-02 20:31:00,14,100.0,2018-01-23 05:00:00,martes,10,Sol,Material suelto,Ondulado,Terraplen,Recta,Transito normal con precaución,0,0,0,1,1.0,Choque,no determinada,25CC04_0_14,23.0,1.0
Cauca,2017-04-25 20:11:00,0,50.0,2017-01-22 05:00:00,domingo,30,Sol,Seca y limpia,Ondulado,Terraplen,Curva Izquierda,Transito normal con precaución,0,0,2,0,1.0,Caída ocupante,exceso de velocidad,25CC02_0_0,19.0,5.0
Cauca,2017-07-13 18:57:00,1,0.0,2017-06-08 05:00:00,jueves,35,Lluvia,Humeda,Ondulado,Media ladera Izquierda,Curva Izquierda,Transito normal con precaución,0,0,1,0,1.0,Choque,estacionamiento y senalizacion imprudente,25CC02_0_1,5.0,19.0
Córdoba,2017-07-04 14:13:00,16,800.0,2017-05-16 05:00:00,martes,0,Normal,Seca y limpia,Plano,Terraplen,Curva Derecha,Transito normal con precaución,0,0,0,0,1.0,Caída de carga,no determinada,2514_0_16,17.0,7.0
Córdoba,2017-07-31 19:14:00,1,360.0,2017-06-21 05:00:00,miercoles,30,Normal,Seca y limpia,Plano,Terraplen,Recta,Transito normal con precaución,0,0,1,0,1.0,Choque,adelantamientos indebidos,2514_0_1,4.0,20.0
Córdoba,2017-07-31 19:17:00,48,180.0,2017-06-05 05:00:00,lunes,20,Normal,Seca y limpia,Plano,Terraplen,Curva Izquierda,Transito normal con precaución,0,0,1,0,1.0,Choque,desobediencia a normas y senales,2514_0_48,13.0,11.0
Córdoba,2017-08-14 15:08:00,31,700.0,2017-07-19 05:00:00,miercoles,35,Normal,Seca y limpia,Plano,Cajón,Curva Derecha,Transito normal con precaución,0,0,0,0,1.0,Volcamiento,no determinada,2514_0_31,11.0,13.0
Córdoba,2017-08-14 15:14:00,33,150.0,2017-07-25 05:00:00,martes,0,Normal,Seca y limpia,Plano,Media Ladera Derecha,Curva Izquierda,Transito normal con precaución,0,0,1,0,1.0,Volcamiento,no determinada,2514_0_33,5.0,19.0
Córdoba,2017-08-14 15:19:00,46,800.0,2017-07-27 05:00:00,jueves,0,Normal,Seca y limpia,Plano,Terraplen,Curva Derecha,Transito normal con precaución,0,0,0,0,1.0,Volcamiento,no determinada,2514_0_46,12.0,12.0
Córdoba,2017-05-31 16:14:00,5,760.0,2017-04-01 05:00:00,sabado,10,Normal,Seca y limpia,Plano,Terraplen,Curva Izquierda,Transito normal con precaución,0,0,0,0,1.0,Choque,desobediencia a normas y senales,2514_0_5,21.0,3.0
Córdoba,2017-05-31 16:23:00,21,140.0,2017-04-20 05:00:00,jueves,0,Lluvia,Humeda,Plano,Terraplen,Curva Izquierda,Parcial con reducción de carriles,1,0,0,1,1.0,Choque,condiciones de la via y factores ambientales,2514_0_21,11.0,14.0
Córdoba,2017-05-31 16:31:00,29,0.0,2017-04-13 05:00:00,jueves,0,Normal,Seca y limpia,Plano,Terraplen,Recta,Transito normal con precaución,0,0,2,0,1.0,Choque,no determinada,2514_0_29,15.0,9.0
Córdoba,2017-05-31 16:40:00,49,500.0,2017-04-10 05:00:00,lunes,20,Normal,Humeda,Ondulado,Terraplen,Recta,Parcial con reducción de carriles,1,30,12,0,1.0,Volcamiento,desobediencia a normas y senales,2514_0_49,16.0,9.0
Córdoba,2017-05-31 16:45:00,50,230.0,2017-04-04 05:00:00,martes,20,Normal,Seca y limpia,Plano,Terraplen,Curva Derecha,Transito normal con precaución,0,0,0,0,1.0,Volcamiento,adelantamientos indebidos,2514_0_50,7.0,17.0
Córdoba,2017-05-31 19:34:00,4,950.0,2017-03-28 05:00:00,martes,30,Normal,Seca y limpia,Plano,Terraplen,Curva Izquierda,Transito normal con precaución,0,0,1,0,1.0,Volcamiento,no determinada,2514_0_4,10.0,14.0
Córdoba,2017-05-31 20:22:00,22,800.0,2017-03-08 05:00:00,miercoles,0,Normal,Seca y limpia,Plano,Terraplen,Curva Derecha,Transito normal con precaución,0,0,2,0,1.0,Choque,desobediencia a normas y senales,2514_0_22,15.0,9.0
Córdoba,2017-05-31 20:28:00,30,80.0,2017-03-09 05:00:00,jueves,50,Normal,Seca y limpia,Plano,Terraplen,Recta,Transito normal con precaución,0,0,0,0,1.0,Choque,no mantener distancia de seguridad,2514_0_30,19.0,5.0
Córdoba,2017-05-31 20:32:00,30,950.0,2017-03-06 05:00:00,lunes,10,Normal,Seca y limpia,Plano,Terraplen,Recta,Transito normal con precaución,0,0,1,0,1.0,Choque,adelantamientos indebidos,2514_0_30,18.0,6.0
Córdoba,2017-05-31 20:36:00,35,900.0,2017-03-03 05:00:00,viernes,40,Normal,Seca y limpia,Plano,Terraplen,Recta,Transito normal con precaución,0,0,0,0,1.0,Choque,condiciones de la via y factores ambientales,2514_0_35,12.0,12.0
Córdoba,2017-05-31 21:05:00,41,400.0,2017-02-10 05:00:00,viernes,48,Normal,Seca y limpia,Plano,Terraplen,Curva Derecha,Transito normal con precaución,0,0,0,1,1.0,Choque,adelantamientos indebidos,2514_0_41,17.0,7.0
Córdoba,2017-05-31 21:17:00,42,700.0,2017-01-01 05:00:00,domingo,10,Normal,Seca y limpia,Plano,Cajón,Recta,Transito normal con precaución,0,0,0,0,1.0,Choque,condiciones de la via y factores ambientales,2514_0_42,6.0,18.0
Córdoba,2017-05-31 21:31:00,51,750.0,2017-01-15 05:00:00,domingo,35,Normal,Seca y limpia,Plano,Terraplen,Recta,Transito normal con precaución,0,0,0,0,1.0,Choque,desobediencia a normas y senales,2514_0_51,6.0,18.0
Córdoba,2017-05-31 22:17:00,48,700.0,2017-01-18 05:00:00,miercoles,0,Normal,Seca y limpia,Plano,Terraplen,Recta,Transito normal con precaución,0,0,0,0,1.0,Volcamiento,no determinada,2514_0_48,12.0,12.0
Córdoba,2017-06-01 12:58:00,7,850.0,2016-12-26 05:00:00,lunes,20,Normal,Seca y limpia,Plano,Terraplen,Recta,Transito normal con precaución,0,0,0,0,1.0,Choque,conducta de pasajeros,2514_0_7,10.0,14.0
Córdoba,2017-06-01 13:16:00,15,300.0,2016-12-24 05:00:00,sabado,20,Normal,Seca y limpia,Plano,Terraplen,Recta,Parcial con reducción de carriles,1,0,0,2,1.0,Choque,maniobras imprudentes,2514_0_15,17.0,8.0
Córdoba,2017-06-01 13:27:00,21,250.0,2016-12-24 05:00:00,sabado,20,Normal,Seca y limpia,Plano,Terraplen,Recta,Transito normal con precaución,0,0,0,0,1.0,Salida de la vía sin volcarse,desobediencia a normas y senales,2514_0_21,7.0,17.0
Córdoba,2017-06-01 13:37:00,41,800.0,2016-12-18 05:00:00,domingo,30,Normal,Seca y limpia,Plano,Terraplen,Recta,Transito normal con precaución,0,0,0,0,1.0,Choque,no mantener distancia de seguridad,2514_0_41,21.0,3.0
Córdoba,2017-06-01 13:42:00,43,800.0,2016-12-06 05:00:00,martes,45,Normal,Seca y limpia,Ondulado,Cajón,Recta,Transito normal con precaución,0,0,0,0,1.0,Volcamiento,desobediencia a normas y senales,2514_0_43,0.0,0.0
Córdoba,2017-08-14 19:02:00,50,100.0,2017-07-17 05:00:00,lunes,10,Normal,Seca y limpia,Plano,Terraplen,Recta,Transito normal con precaución,0,0,0,0,1.0,Choque,exceso en horas de conduccion,2514_0_50,14.0,10.0
Córdoba,2017-10-05 21:03:00,26,430.0,2017-07-28 05:00:00,viernes,0,Normal,Seca y limpia,Plano,Terraplen,Recta,Transito normal con precaución,0,0,0,0,1.0,Choque,fallas mecanicas y del sistema electrico,2514_0_26,19.0,5.0
Córdoba,2017-10-05 21:16:00,1,0.0,2017-08-20 05:00:00,domingo,50,Normal,Seca y limpia,Plano,Terraplen,Recta,Transito normal con precaución,0,0,2,0,1.0,Choque,no mantener distancia de seguridad,2514_0_1,7.0,17.0
Córdoba,2017-10-05 21:21:00,30,750.0,2017-08-22 05:00:00,martes,10,Normal,Seca y limpia,Plano,Terraplen,Recta,Transito normal con precaución,0,0,0,0,1.0,Choque,no mantener distancia de seguridad,2514_0_30,20.0,4.0
Córdoba,2017-10-05 21:26:00,31,800.0,2017-08-25 05:00:00,viernes,30,Normal,Seca y limpia,Plano,Cajón,Curva Derecha,Transito normal con precaución,0,0,0,0,1.0,Choque,no determinada,2514_0_31,6.0,18.0
Córdoba,2017-10-05 21:32:00,37,550.0,2017-08-01 05:00:00,martes,10,Normal,Seca y limpia,Plano,Terraplen,Curva Derecha,Transito normal con precaución,0,0,0,0,1.0,Volcamiento,desobediencia a normas y senales,2514_0_37,17.0,7.0
Córdoba,2017-10-05 21:43:00,49,430.0,2017-08-18 05:00:00,viernes,20,Normal,Seca y limpia,Plano,Terraplen,Recta,Transito normal con precaución,0,0,0,1,1.0,Choque,desobediencia a normas y senales,2514_0_49,9.0,15.0
Córdoba,2017-10-05 21:48:00,49,900.0,2017-08-20 05:00:00,domingo,0,Normal,Humeda,Plano,Terraplen,Recta,Transito normal con precaución,0,0,0,0,1.0,Volcamiento,condiciones de la via y factores ambientales,2514_0_49,8.0,16.0
Córdoba,2017-10-23 14:24:00,16,410.0,2017-09-25 05:00:00,lunes,0,Normal,Seca y limpia,Plano,Terraplen,Recta,Transito normal con precaución,0,0,3,0,1.0,Choque,no determinada,2514_0_16,4.0,20.0
Córdoba,2017-10-23 14:35:00,22,370.0,2017-09-29 05:00:00,viernes,45,Normal,Seca y limpia,Plano,Terraplen,Curva Izquierda,Transito normal con precaución,0,0,0,1,1.0,Choque,maniobras imprudentes,2514_0_22,9.0,15.0
Córdoba,2017-10-23 14:46:00,31,200.0,2017-09-13 05:00:00,miercoles,0,Normal,Seca y limpia,Plano,Terraplen,Curva Derecha,Transito normal con precaución,0,0,0,0,1.0,Choque,no determinada,2514_0_31,20.0,4.0
Córdoba,2017-11-17 15:13:00,21,200.0,2017-10-31 05:00:00,martes,0,Normal,Seca y limpia,Plano,Terraplen,Curva Izquierda,Transito normal con precaución,0,0,0,1,1.0,Choque,adelantamientos indebidos,2514_0_21,6.0,18.0
Córdoba,2017-11-17 15:19:00,41,150.0,2017-10-15 05:00:00,domingo,30,Normal,Seca y limpia,Plano,Terraplen,Recta,Transito normal con precaución,0,0,0,0,1.0,Choque,maniobras imprudentes,2514_0_41,18.0,6.0
Córdoba,2017-11-17 15:36:00,50,300.0,2017-10-14 05:00:00,sabado,30,Normal,Seca y limpia,Plano,Terraplen,Curva Derecha,Transito normal con precaución,0,0,0,0,1.0,Volcamiento,maniobras imprudentes,2514_0_50,10.0,14.0
Córdoba,2017-12-27 12:28:00,4,120.0,2017-11-07 05:00:00,martes,41,Normal,Seca y limpia,Plano,Terraplen,Recta,Transito normal con precaución,0,0,0,0,1.0,Incendio,fallas mecanicas y del sistema electrico,2514_0_4,0.0,0.0
Córdoba,2017-12-27 12:58:00,8,250.0,2017-11-05 05:00:00,domingo,0,Normal,Seca y limpia,Plano,Terraplen,Recta,Transito normal con precaución,0,0,0,0,1.0,Salida de la vía sin volcarse,desobediencia a normas y senales,2514_0_8,7.0,17.0
Córdoba,2017-12-27 13:48:00,27,850.0,2017-11-02 05:00:00,jueves,45,Normal,Seca y limpia,Plano,Terraplen,Curva Izquierda,Transito normal con precaución,0,0,0,0,1.0,Volcamiento,fallas mecanicas y del sistema electrico,2514_0_27,15.0,9.0
Córdoba,2017-12-27 14:06:00,29,700.0,2017-11-16 05:00:00,jueves,30,Normal,Seca y limpia,Plano,Terraplen,Recta,Transito normal con precaución,0,0,0,0,1.0,Choque,no mantener distancia de seguridad,2514_0_29,13.0,11.0
Córdoba,2017-12-27 14:12:00,35,415.0,2017-11-04 05:00:00,sabado,0,Normal,Seca y limpia,Plano,Terraplen,Recta,Transito normal con precaución,0,0,0,0,1.0,Choque,fallas mecanicas y del sistema electrico,2514_0_35,1.0,23.0
Córdoba,2017-12-27 15:45:00,37,500.0,2017-11-17 05:00:00,viernes,0,Lluvia,Humeda,Plano,Terraplen,Recta,Transito normal con precaución,0,0,0,1,1.0,Choque,adelantamientos indebidos,2514_0_37,16.0,8.0
Córdoba,2017-12-27 15:50:00,43,200.0,2017-11-17 05:00:00,viernes,30,Lluvia,Humeda,Plano,Terraplen,Recta,Transito normal con precaución,0,0,0,0,1.0,Choque,no determinada,2514_0_43,18.0,6.0
Córdoba,2017-12-27 15:54:00,52,0.0,2017-11-23 05:00:00,jueves,15,Normal,Seca y limpia,Plano,Terraplen,Recta,Transito normal con precaución,0,0,1,0,1.0,Choque,desobediencia a normas y senales,2514_0_52,1.0,23.0
Córdoba,2018-01-17 13:23:00,0,100.0,2017-12-03 05:00:00,domingo,20,Seca,Seca y limpia,Plano,Terraplen,Curva Izquierda,Transito normal con precaución,0,0,5,5,1.0,Choque,exceso de velocidad,2514_0_0,22.0,2.0
Córdoba,2018-01-17 13:57:00,39,250.0,2017-12-10 05:00:00,domingo,30,Normal,Seca y limpia,Plano,Terraplen,Recta,Transito normal con precaución,0,0,0,0,1.0,Choque,no mantener distancia de seguridad,2514_0_39,22.0,2.0
Córdoba,2018-01-17 14:07:00,0,800.0,2017-12-18 05:00:00,lunes,0,Normal,Seca y limpia,Plano,Terraplen,Recta,Transito normal con precaución,0,0,1,0,1.0,Volcamiento,no determinada,2514_0_0,16.0,8.0
Córdoba,2018-02-21 12:41:00,37,800.0,2017-12-29 05:00:00,viernes,0,Normal,Seca y limpia,Plano,Media Ladera Derecha,Recta,Transito normal con precaución,0,0,0,0,1.0,Choque,adelantamientos indebidos,2514_0_37,18.0,6.0
Córdoba,2018-02-21 13:05:00,5,300.0,2018-01-25 05:00:00,jueves,45,Normal,Seca y limpia,Plano,Terraplen,Curva Derecha,Transito normal con precaución,0,0,0,0,1.0,Choque,adelantamientos indebidos,2514_0_5,0.0,0.0
Córdoba,2018-02-21 13:09:00,16,700.0,2018-01-03 05:00:00,miercoles,30,Lluvia,Humeda,Plano,Terraplen,Recta,Transito normal con precaución,0,0,0,0,1.0,Choque,no mantener distancia de seguridad,2514_0_16,7.0,17.0
Córdoba,2018-02-21 13:13:00,25,500.0,2018-01-22 05:00:00,lunes,15,Normal,Seca y limpia,Plano,Cajón,Curva Derecha,Transito normal con precaución,0,0,0,0,1.0,Choque,no determinada,2514_0_25,14.0,10.0
Córdoba,2018-02-21 13:13:00,25,500.0,2018-01-22 05:00:00,lunes,15,Normal,Seca y limpia,Plano,Cajón,Curva Derecha,Transito normal con precaución,0,0,0,0,1.0,Choque,no determinada,2514_0_25,20.0,4.0
Córdoba,2018-02-21 13:21:00,42,0.0,2018-01-03 05:00:00,miercoles,0,Normal,Seca y limpia,Ondulado,Cajón,Recta,Transito normal con precaución,0,0,0,1,1.0,Choque,exceso de velocidad,2514_0_42,4.0,20.0
Córdoba,2018-02-21 13:46:00,47,650.0,2018-01-12 05:00:00,viernes,30,Normal,Seca y limpia,Plano,Terraplen,Recta,Transito normal con precaución,0,0,0,0,1.0,Choque,fallas mecanicas y del sistema electrico,2514_0_47,22.0,2.0
Córdoba,2018-02-21 14:20:00,51,900.0,2018-01-17 05:00:00,miercoles,45,Normal,Seca y limpia,Plano,Terraplen,Recta,Transito normal con precaución,0,0,0,0,1.0,Choque,maniobras imprudentes,2514_0_51,21.0,3.0
Córdoba,2018-03-26 16:29:00,42,740.0,2018-02-06 05:00:00,martes,50,Normal,Seca y limpia,Ondulado,Cajón,Recta,Transito normal con precaución,0,0,0,1,1.0,Choque,no determinada,2514_0_42,20.0,4.0
Córdoba,2018-04-19 21:46:00,30,900.0,2018-01-24 05:00:00,miercoles,40,Normal,Seca y limpia,Ondulado,Terraplen,Recta,Transito normal con precaución,0,0,0,0,1.0,Choque,no mantener distancia de seguridad,2514_0_30,23.0,1.0
Córdoba,2018-04-20 13:04:00,5,500.0,2018-03-24 05:00:00,sabado,0,Normal,Seca y limpia,Plano,Media Ladera Derecha,Recta,Transito normal con precaución,0,0,1,0,1.0,Choque,condiciones de la via y factores ambientales,2514_0_5,7.0,17.0
Córdoba,2018-04-20 13:10:00,6,550.0,2018-03-26 05:00:00,lunes,30,Normal,Seca y limpia,Plano,Terraplen,Recta,Transito normal con precaución,0,0,1,0,1.0,Choque,no determinada,2514_0_6,2.0,22.0
Córdoba,2017-05-31 20:51:00,9,500.0,2017-02-28 05:00:00,martes,50,Normal,Seca y limpia,Plano,Terraplen,Curva Derecha,Transito normal con precaución,0,0,0,0,1.0,Choque,condiciones de la via y factores ambientales,2514_0_9,8.0,16.0
Antioquia,2017-05-24 14:28:00,17,800.0,2016-12-17 05:00:00,sabado,40,Normal,Seca y limpia,Plano,Terraplen,Curva Derecha,Parcial con reducción de carriles,0,5,1,0,1.0,Choque,embriaguez o sustancias alucinogenas,2511_0_17,5.0,19.0
Antioquia,2017-05-24 14:32:00,56,138.0,2016-12-22 05:00:00,jueves,5,Normal,Seca y limpia,Plano,Terraplen,Curva Derecha,Cierre total,17,30,2,1,1.0,Choque,no mantener distancia de seguridad,2511_0_56,2.0,15.0
Antioquia,2017-05-24 14:37:00,0,840.0,2016-12-05 05:00:00,lunes,0,Normal,Seca y limpia,Plano,Terraplen,Recta,Parcial con reducción de carriles,0,0,3,0,1.0,Choque,embriaguez o sustancias alucinogenas,2511_0_0,6.0,18.0
Antioquia,2017-05-25 20:40:00,55,150.0,2017-01-05 05:00:00,jueves,10,Normal,Humeda,Plano,Terraplen,Recta,Parcial con reducción de carriles,6,15,0,0,1.0,Choque,fallas mecanicas y del sistema electrico,2511_0_55,0.0,6.0
Antioquia,2017-05-25 20:44:00,55,200.0,2017-01-08 05:00:00,domingo,0,Lluvia,Humeda,Plano,Terraplen,Curva Derecha,Parcial con reducción de carriles,15,15,0,0,1.0,Choque,condiciones de la via y factores ambientales,2511_0_55,12.0,3.0
Antioquia,2017-05-25 20:53:00,56,0.0,2017-01-02 05:00:00,lunes,50,Normal,Seca y limpia,Ondulado,Media Ladera Derecha,Curva Derecha,Transito normal con precaución,15,0,0,0,1.0,Choque,no determinada,2511_0_56,16.0,23.0
Antioquia,2017-05-25 21:38:00,66,400.0,2017-01-09 05:00:00,lunes,30,Lluvia,Humeda,Ondulado,Media ladera Izquierda,Curva Derecha,Parcial con reducción de carriles,21,50,0,0,1.0,Choque,no determinada,2511_0_66,19.0,2.0
Antioquia,2017-05-25 21:47:00,55,150.0,2017-01-14 05:00:00,sabado,0,Normal,Seca y limpia,Montañoso,Media ladera Izquierda,Curva Izquierda,Parcial con reducción de carriles,2,50,0,0,1.0,Choque,adelantamientos indebidos,2511_0_55,13.0,13.0
Antioquia,2017-05-25 21:52:00,53,375.0,2017-01-24 05:00:00,martes,30,Normal,Seca y limpia,Ondulado,Media ladera Izquierda,Curva Derecha,Parcial con reducción de carriles,7,40,0,0,1.0,Choque,no determinada,2511_0_53,6.0,1.0
Antioquia,2017-05-25 21:56:00,66,0.0,2017-01-26 05:00:00,jueves,20,Normal,Seca y limpia,Ondulado,Media ladera Izquierda,Curva Izquierda,Parcial con reducción de carriles,2,15,0,0,1.0,Choque,no determinada,2511_0_66,17.0,9.0
Antioquia,2017-05-26 16:09:00,53,450.0,2017-01-26 05:00:00,jueves,30,Normal,Seca y limpia,Ondulado,Media ladera Izquierda,Curva Derecha,Parcial con reducción de carriles,23,50,0,0,1.0,Choque,no mantener distancia de seguridad,2511_0_53,21.0,2.0
Antioquia,2017-05-26 16:13:00,49,100.0,2017-01-22 05:00:00,domingo,30,Normal,Seca y limpia,Ondulado,Media ladera Izquierda,Curva Derecha,Parcial con reducción de carriles,11,45,0,0,1.0,Choque,no determinada,2511_0_49,8.0,3.0
Antioquia,2017-05-26 16:18:00,88,400.0,2017-01-03 05:00:00,martes,50,Normal,Seca y limpia,Plano,Media ladera Izquierda,Recta,Parcial con reducción de carriles,12,40,0,0,1.0,Choque,no mantener distancia de seguridad,2511_0_88,3.0,9.0
Antioquia,2017-05-26 16:21:00,54,400.0,2017-01-02 05:00:00,lunes,0,Normal,Seca y limpia,Ondulado,Media ladera Izquierda,Curva Derecha,Parcial con reducción de carriles,22,40,0,0,1.0,Choque,no determinada,2511_0_54,10.0,12.0
Antioquia,2017-05-26 16:26:00,52,800.0,2017-01-01 05:00:00,domingo,0,Normal,Seca y limpia,Ondulado,Media ladera Izquierda,Recta,Parcial con reducción de carriles,22,30,0,0,1.0,Choque,no determinada,2511_0_52,15.0,7.0
Antioquia,2017-05-26 16:32:00,76,200.0,2017-01-13 05:00:00,viernes,0,Normal,Seca y limpia,Ondulado,Media ladera Izquierda,Curva Izquierda,Parcial con reducción de carriles,2,55,0,0,1.0,Choque,estacionamiento y senalizacion imprudente,2511_0_76,6.0,20.0
Antioquia,2017-05-26 16:35:00,79,0.0,2017-01-04 05:00:00,miercoles,20,Normal,Humeda,Ondulado,Media ladera Izquierda,Curva Derecha,Parcial con reducción de carriles,15,50,0,0,1.0,Choque,no mantener distancia de seguridad,2511_0_79,22.0,17.0
Quindío,2017-06-24 19:33:00,5,0.0,2017-02-10 05:00:00,viernes,20,Normal,Seca y limpia,Ondulado,Cajón,Recta,Transito normal con precaución,0,0,0,0,1.0,Choque,maniobras imprudentes,2901B_2_5,13.0,11.0
Antioquia,2017-05-26 16:39:00,55,100.0,2017-01-14 05:00:00,sabado,0,Lluvia,Humeda,Montañoso,Media ladera Izquierda,Recta,Parcial con reducción de carriles,7,30,0,0,1.0,Choque,condiciones de la via y factores ambientales,2511_0_55,16.0,15.0
Antioquia,2017-05-26 17:04:00,124,705.0,2017-01-01 05:00:00,domingo,0,Normal,Seca y limpia,Plano,Terraplen,Recta,Cierre total,8,40,1,1,1.0,Atropello,no determinada,2511_0_124,7.0,1.0
Antioquia,2017-05-26 20:43:00,124,266.0,2017-01-01 05:00:00,domingo,10,Normal,Seca y limpia,Plano,Terraplen,Recta,Parcial con reducción de carriles,5,40,1,0,1.0,Volcamiento,no determinada,2511_0_124,7.0,22.0
Antioquia,2017-05-26 20:46:00,105,100.0,2017-01-30 05:00:00,lunes,30,Normal,Seca y limpia,Plano,Media ladera Izquierda,Recta,Parcial con reducción de carriles,12,30,1,0,1.0,Atropello,no determinada,2511_0_105,3.0,9.0
Antioquia,2017-06-01 19:18:00,67,200.0,2017-01-11 05:00:00,miercoles,50,Normal,Seca y limpia,Ondulado,Media ladera Izquierda,Recta,Parcial con reducción de carriles,10,20,1,0,1.0,Volcamiento,no determinada,2511_0_67,13.0,21.0
Antioquia,2017-06-01 19:21:00,0,800.0,2017-01-30 05:00:00,lunes,0,Normal,Seca y limpia,Plano,Terraplen,Recta,Parcial con reducción de carriles,20,35,1,0,1.0,Choque,no determinada,2511_0_0,21.0,23.0
Antioquia,2017-06-01 19:28:00,94,770.0,2017-01-09 05:00:00,lunes,0,Normal,Seca y limpia,Plano,Media ladera Izquierda,Recta,Parcial con reducción de carriles,5,0,1,0,1.0,Choque,no determinada,2511_0_94,4.0,1.0
Antioquia,2017-06-01 19:33:00,22,150.0,2017-01-31 05:00:00,martes,0,Normal,Seca y limpia,Ondulado,Media Ladera Derecha,Recta,Parcial con reducción de carriles,8,20,5,0,1.0,Choque,no determinada,2511_0_22,8.0,0.0
Antioquia,2017-06-01 19:36:00,6,500.0,2017-01-18 05:00:00,miercoles,30,Normal,Seca y limpia,Ondulado,Media ladera Izquierda,Curva Izquierda,Parcial con reducción de carriles,15,20,0,0,1.0,Choque,no determinada,2511_0_6,12.0,3.0
Antioquia,2017-06-01 19:39:00,3,280.0,2017-01-17 05:00:00,martes,30,Normal,Humeda,Plano,Media ladera Izquierda,Curva Derecha,Parcial con reducción de carriles,16,30,0,0,1.0,Choque,maniobras imprudentes,2511_0_3,3.0,13.0
Antioquia,2017-06-01 19:43:00,7,550.0,2017-01-18 05:00:00,miercoles,0,Normal,Seca y limpia,Plano,Media ladera Izquierda,Curva Izquierda,Parcial con reducción de carriles,6,30,0,0,1.0,Choque,no determinada,2511_0_7,7.0,23.0
Antioquia,2017-06-01 19:48:00,1,400.0,2017-01-08 05:00:00,domingo,50,Lluvia,Humeda,Plano,Terraplen,Recta,Parcial con reducción de carriles,22,20,1,0,1.0,Choque,no determinada,2511_0_1,22.0,0.0
Antioquia,2017-07-06 20:19:00,30,0.0,2017-01-09 05:00:00,lunes,0,Lluvia,Humeda,Plano,Terraplen,Recta,Parcial con reducción de carriles,15,30,2,0,1.0,Choque,no determinada,2511_0_30,0.0,15.0
Antioquia,2017-07-06 20:33:00,5,150.0,2017-01-10 05:00:00,martes,30,Niebla,Humeda,Plano,Terraplen,Recta,Parcial con reducción de carriles,4,57,0,0,1.0,Volcamiento,fallas mecanicas y del sistema electrico,2511_0_5,14.0,14.0
Antioquia,2017-07-06 20:43:00,31,100.0,2017-01-13 05:00:00,viernes,45,Normal,Seca y limpia,Ondulado,Media ladera Izquierda,Curva Izquierda,Parcial con reducción de carriles,12,55,1,0,1.0,Choque,no determinada,2511_0_31,14.0,22.0
Antioquia,2017-07-06 20:50:00,6,600.0,2017-01-07 05:00:00,sabado,30,Lluvia,Humeda,Ondulado,Media Ladera Derecha,Curva Derecha,Parcial con reducción de carriles,16,25,0,0,1.0,Choque,no determinada,2511_0_6,16.0,0.0
Antioquia,2018-02-21 20:54:00,55,200.0,2018-01-25 05:00:00,jueves,30,Normal,Seca y limpia,Montañoso,Media Ladera Derecha,Curva Izquierda,Parcial con reducción de carriles,0,0,1,0,1.0,Choque,fallas mecanicas y del sistema electrico,2511_0_55,18.0,6.0
Antioquia,2018-02-21 20:59:00,55,450.0,2018-01-09 05:00:00,martes,10,Lluvia,Humeda,Montañoso,Media Ladera Derecha,Curva Derecha,Transito normal con precaución,16,20,0,0,1.0,Choque,no mantener distancia de seguridad,2511_0_55,15.0,1.0
Antioquia,2018-02-21 21:03:00,55,600.0,2018-01-14 05:00:00,domingo,10,Normal,Seca y limpia,Montañoso,Media Ladera Derecha,Curva Derecha,Transito normal con precaución,0,0,0,0,1.0,Choque,no mantener distancia de seguridad,2511_0_55,7.0,17.0
Antioquia,2018-02-21 21:09:00,56,400.0,2018-01-30 05:00:00,martes,50,Lluvia,Humeda,Montañoso,Media Ladera Derecha,Curva Derecha,Transito normal con precaución,0,0,0,0,1.0,Choque,no determinada,2511_0_56,22.0,2.0
Antioquia,2018-02-21 21:13:00,56,900.0,2018-01-13 05:00:00,sabado,45,Normal,Seca y limpia,Montañoso,Media ladera Izquierda,Curva Izquierda,Transito normal con precaución,0,0,0,0,1.0,Choque,adelantamientos indebidos,2511_0_56,19.0,5.0
Antioquia,2018-02-21 21:16:00,56,300.0,2018-01-05 05:00:00,viernes,40,Lluvia,Humeda,Montañoso,Media Ladera Derecha,Curva Derecha,Transito normal con precaución,6,10,0,0,1.0,Choque,no determinada,2511_0_56,16.0,14.0
Antioquia,2018-02-21 21:20:00,63,150.0,2018-01-21 05:00:00,domingo,10,Niebla,Humeda,Montañoso,Media ladera Izquierda,Curva Derecha,Transito normal con precaución,20,30,0,0,1.0,Choque,no determinada,2511_0_63,9.0,11.0
Antioquia,2018-02-21 21:25:00,67,600.0,2018-01-22 05:00:00,lunes,50,Niebla,Seca y limpia,Montañoso,Media Ladera Derecha,Curva Derecha,Transito normal con precaución,0,0,0,0,1.0,Choque,no determinada,2511_0_67,17.0,7.0
Antioquia,2018-02-21 21:31:00,68,550.0,2018-01-10 05:00:00,miercoles,0,Normal,Seca y limpia,Montañoso,Media ladera Izquierda,Curva Izquierda,Parcial con reducción de carriles,0,0,0,0,1.0,Choque,adelantamientos indebidos,2511_0_68,21.0,3.0
Antioquia,2018-02-21 21:35:00,68,800.0,2018-01-05 05:00:00,viernes,50,Normal,Seca y limpia,Montañoso,Media ladera Izquierda,Curva Izquierda,Transito normal con precaución,0,0,0,0,1.0,Choque,adelantamientos indebidos,2511_0_68,1.0,23.0