territorial,fecha_registro,pr,distancia_pr,fecha_acc,dia_semana_acc,min_acc,condic_meteor,estado_super,terreno,secc_tip,geometria_acc,tipo_cierre,horas_cierre,min_cierre,n_heridos,n_muertos,n_victimas,clase_accidente,causa_posible,ref_loc,hora_acc,duracion_cierre_horas
Antioquia,2017-11-15 19:57:00,61,800.0,2017-04-10 05:00:00,lunes,0,Normal,Seca y limpia,Ondulado,Media Ladera Derecha,Curva Derecha,Parcial con reducción de carriles,23,40,0,0,1.0,Choque,no determinada,2511_0_61,0.0,23.0
Antioquia,2017-11-15 20:20:00,73,400.0,2017-04-26 05:00:00,miercoles,30,Normal,Seca y limpia,Montañoso,Media ladera Izquierda,Curva Izquierda,Parcial con reducción de carriles,19,40,1,0,1.0,Choque,no determinada,2511_0_73,9.0,10.0
Antioquia,2017-11-15 20:34:00,75,800.0,2017-04-16 05:00:00,domingo,30,Normal,Seca y limpia,Ondulado,Media ladera Izquierda,Curva Izquierda,Parcial con reducción de carriles,12,20,0,0,1.0,Choque,adelantamientos indebidos,2511_0_75,19.0,17.0
Antioquia,2017-11-15 20:48:00,77,350.0,2017-04-10 05:00:00,lunes,0,Normal,Seca y limpia,Montañoso,Media ladera Izquierda,Curva Derecha,Parcial con reducción de carriles,8,30,0,0,1.0,Choque,no determinada,2511_0_77,9.0,23.0
Antioquia,2017-11-15 20:53:00,79,980.0,2017-04-06 05:00:00,jueves,30,Normal,Seca y limpia,Ondulado,Media ladera Izquierda,Curva Izquierda,Parcial con reducción de carriles,0,0,0,0,1.0,Choque,no determinada,2511_0_79,10.0,14.0
Antioquia,2017-11-15 21:11:00,84,150.0,2017-04-02 05:00:00,domingo,30,Normal,Seca y limpia,Montañoso,Media ladera Izquierda,Curva Izquierda,Parcial con reducción de carriles,15,30,0,0,1.0,Choque,no determinada,2511_0_84,12.0,3.0
Antioquia,2017-11-15 21:28:00,87,0.0,2017-04-09 05:00:00,domingo,50,Normal,Seca y limpia,Montañoso,Media Ladera Derecha,Curva Derecha,Transito normal con precaución,0,0,2,0,1.0,Choque,no determinada,2511_0_87,18.0,6.0
Antioquia,2017-11-15 21:41:00,93,300.0,2017-04-12 05:00:00,miercoles,30,Normal,Seca y limpia,Plano,Media ladera Izquierda,Recta,Parcial con reducción de carriles,11,30,0,0,1.0,Choque,no determinada,2511_0_93,1.0,10.0
Antioquia,2017-11-15 21:49:00,98,450.0,2017-04-18 05:00:00,martes,30,Lluvia,Humeda,Plano,Terraplen,Recta,Parcial con reducción de carriles,0,10,0,1,1.0,Choque,no determinada,2511_0_98,21.0,3.0
Antioquia,2017-11-22 15:43:00,7,200.0,2017-05-04 05:00:00,jueves,10,Normal,Seca y limpia,Plano,Media Ladera Derecha,Curva Derecha,Parcial con reducción de carriles,9,55,0,0,1.0,Choque,estacionamiento y senalizacion imprudente,2511_0_7,14.0,19.0
Antioquia,2017-11-22 15:49:00,14,30.0,2017-05-17 05:00:00,miercoles,20,Normal,Seca y limpia,Ondulado,Media Ladera Derecha,Recta,Parcial con reducción de carriles,17,20,2,0,1.0,Choque,adelantamientos indebidos,2511_0_14,21.0,20.0
Antioquia,2017-11-23 13:50:00,29,0.0,2017-05-06 05:00:00,sabado,10,Normal,Seca y limpia,Ondulado,Media Ladera Derecha,Curva Derecha,Parcial con reducción de carriles,12,40,0,0,1.0,Choque,fallas mecanicas y del sistema electrico,2511_0_29,15.0,21.0
Antioquia,2017-11-23 13:55:00,30,350.0,2017-05-07 05:00:00,domingo,30,Normal,Seca y limpia,Plano,Media Ladera Derecha,Recta,Parcial con reducción de carriles,11,50,0,0,1.0,Choque,maniobras imprudentes,2511_0_30,7.0,4.0
Antioquia,2017-11-23 14:00:00,33,800.0,2017-05-08 05:00:00,lunes,10,Normal,Seca y limpia,Ondulado,Media ladera Izquierda,Curva Derecha,Transito normal con precaución,11,40,0,0,1.0,Choque,no determinada,2511_0_33,22.0,13.0
Antioquia,2017-11-23 14:10:00,36,900.0,2017-05-11 05:00:00,jueves,20,Lluvia,Humeda,Ondulado,Media ladera Izquierda,Curva Izquierda,Parcial con reducción de carriles,7,40,0,0,1.0,Choque,condiciones de la via y factores ambientales,2511_0_36,9.0,22.0
Antioquia,2017-11-23 14:15:00,53,200.0,2017-05-09 05:00:00,martes,40,Lluvia,Humeda,Plano,Media ladera Izquierda,Recta,Parcial con reducción de carriles,23,55,0,0,1.0,Choque,maniobras imprudentes,2511_0_53,14.0,9.0
Antioquia,2017-11-24 13:27:00,58,700.0,2017-06-17 05:00:00,sabado,0,Lluvia,Humeda,Ondulado,Media ladera Izquierda,Recta,Parcial con reducción de carriles,4,55,0,0,1.0,Volcamiento,no determinada,2511_0_58,18.0,10.0
Antioquia,2017-11-27 19:18:00,58,700.0,2017-06-17 05:00:00,sabado,0,Lluvia,Humeda,Ondulado,Media ladera Izquierda,Recta,Parcial con reducción de carriles,4,55,5,0,1.0,Volcamiento,no determinada,2511_0_58,4.0,0.0
Antioquia,2017-11-27 19:23:00,5,5.0,2017-06-05 05:00:00,lunes,0,Lluvia,Humeda,Montañoso,Media ladera Izquierda,Curva Izquierda,Parcial con reducción de carriles,8,30,0,0,1.0,Choque,no determinada,2511_0_5,21.0,11.0
Antioquia,2017-11-27 19:30:00,66,300.0,2017-06-16 05:00:00,viernes,50,Normal,Seca y limpia,Plano,Media ladera Izquierda,Recta,Transito normal con precaución,18,30,1,0,1.0,Choque,condiciones de la via y factores ambientales,2511_0_66,13.0,5.0
Antioquia,2017-11-27 19:36:00,71,750.0,2017-06-14 05:00:00,miercoles,0,Lluvia,Humeda,Montañoso,Media ladera Izquierda,Curva Derecha,Parcial con reducción de carriles,18,30,3,0,1.0,Choque,no determinada,2511_0_71,6.0,12.0
Antioquia,2017-11-27 19:51:00,75,900.0,2017-06-14 05:00:00,miercoles,40,Normal,Seca y limpia,Plano,Terraplen,Recta,Transito normal con precaución,8,20,0,0,1.0,Choque,no mantener distancia de seguridad,2511_0_75,16.0,16.0
Antioquia,2017-11-27 19:56:00,76,0.0,2017-06-17 05:00:00,sabado,40,Normal,Seca y limpia,Plano,Terraplen,Curva Izquierda,Transito normal con precaución,19,0,2,0,1.0,Volcamiento,no determinada,2511_0_76,21.0,22.0
Antioquia,2017-11-27 20:01:00,79,80.0,2017-06-16 05:00:00,viernes,0,Normal,Seca y limpia,Ondulado,Media ladera Izquierda,Curva Izquierda,Transito normal con precaución,0,0,0,0,1.0,Choque,no determinada,2511_0_79,17.0,7.0
Antioquia,2017-11-27 20:18:00,79,400.0,2017-06-15 05:00:00,jueves,10,Normal,Seca y limpia,Montañoso,Media ladera Izquierda,Curva Izquierda,Parcial con reducción de carriles,20,40,0,0,1.0,Choque,no determinada,2511_0_79,3.0,17.0
Antioquia,2017-11-27 20:24:00,80,100.0,2017-06-21 05:00:00,miercoles,15,Normal,Seca y limpia,Montañoso,Media ladera Izquierda,Curva Izquierda,Transito normal con precaución,17,15,0,0,1.0,Choque,adelantamientos indebidos,2511_0_80,10.0,7.0
Antioquia,2017-11-27 20:37:00,83,320.0,2017-06-12 05:00:00,lunes,0,Normal,Seca y limpia,Plano,Terraplen,Recta,Transito normal con precaución,11,20,0,0,1.0,Choque,no determinada,2511_0_83,23.0,12.0
Antioquia,2017-11-27 20:50:00,107,250.0,2017-06-04 05:00:00,domingo,40,Lluvia,Humeda,Plano,Terraplen,Curva Izquierda,Transito normal con precaución,8,15,0,0,1.0,Choque,no determinada,2511_0_107,7.0,1.0
Antioquia,2017-11-23 14:36:00,54,500.0,2017-05-09 05:00:00,martes,45,Lluvia,Humeda,Ondulado,Media ladera Izquierda,Curva Izquierda,Transito normal con precaución,15,45,0,0,1.0,Choque,fallas mecanicas y del sistema electrico,2511_0_54,18.0,21.0
Antioquia,2017-11-23 14:43:00,77,900.0,2017-05-19 05:00:00,viernes,30,Normal,Seca y limpia,Ondulado,Media Ladera Derecha,Curva Derecha,Parcial con reducción de carriles,19,0,0,0,1.0,Choque,no mantener distancia de seguridad,2511_0_77,7.0,12.0
Antioquia,2017-11-23 14:58:00,86,600.0,2017-05-14 05:00:00,domingo,0,Lluvia,Humeda,Plano,Media Ladera Derecha,Curva Derecha,Parcial con reducción de carriles,9,20,0,0,1.0,Choque,no determinada,2511_0_86,15.0,18.0
Antioquia,2017-11-23 15:04:00,93,500.0,2017-05-29 05:00:00,lunes,0,Lluvia,Humeda,Plano,Media ladera Izquierda,Recta,Parcial con reducción de carriles,9,40,1,0,1.0,Atropello,no determinada,2511_0_93,16.0,17.0
Antioquia,2017-11-23 15:13:00,98,500.0,2017-05-06 05:00:00,sabado,30,Lluvia,Humeda,Ondulado,Media ladera Izquierda,Curva Derecha,Parcial con reducción de carriles,5,20,0,0,1.0,Choque,no determinada,2511_0_98,13.0,16.0
Antioquia,2017-11-23 15:18:00,111,960.0,2017-05-01 05:00:00,lunes,0,Lluvia,Humeda,Plano,Terraplen,Recta,Parcial con reducción de carriles,16,20,1,0,1.0,Choque,no mantener distancia de seguridad,2511_0_111,19.0,21.0
Antioquia,2017-11-23 15:42:00,60,732.0,2017-05-21 05:00:00,domingo,0,Normal,Seca y limpia,Plano,Terraplen,Recta,Parcial con reducción de carriles,18,0,1,0,1.0,Choque,exceso en horas de conduccion,2511_0_60,17.0,1.0
Antioquia,2017-11-23 15:54:00,60,996.0,2017-05-02 05:00:00,martes,40,Normal,Seca y limpia,Plano,Terraplen,Curva Derecha,Parcial con reducción de carriles,13,40,0,0,1.0,Choque,desobediencia a normas y senales,2511_0_60,17.0,20.0
Antioquia,2017-11-23 20:37:00,0,0.0,2017-06-24 05:00:00,sabado,40,Normal,Seca y limpia,Plano,Terraplen,Recta,Parcial con reducción de carriles,0,0,3,0,1.0,Choque,embriaguez o sustancias alucinogenas,2511_0_0,9.0,15.0
Antioquia,2017-11-23 20:44:00,6,400.0,2017-06-13 05:00:00,martes,10,Normal,Seca y limpia,Plano,Media Ladera Derecha,Curva Derecha,Parcial con reducción de carriles,17,10,0,0,1.0,Choque,adelantamientos indebidos,2511_0_6,16.0,1.0
Antioquia,2017-11-23 20:50:00,7,100.0,2017-06-12 05:00:00,lunes,15,Normal,Seca y limpia,Ondulado,Media ladera Izquierda,Curva Izquierda,Parcial con reducción de carriles,13,18,0,0,1.0,Volcamiento,no determinada,2511_0_7,17.0,20.0
Antioquia,2017-11-23 20:58:00,26,200.0,2017-06-14 05:00:00,miercoles,0,Normal,Seca y limpia,Montañoso,Media ladera Izquierda,Curva Derecha,Parcial con reducción de carriles,10,20,1,0,1.0,Choque,desobediencia a normas y senales,2511_0_26,14.0,20.0
Antioquia,2017-11-23 21:08:00,34,700.0,2017-06-28 05:00:00,miercoles,0,Normal,Seca y limpia,Montañoso,Media ladera Izquierda,Recta,Parcial con reducción de carriles,19,0,1,0,1.0,Atropello,no determinada,2511_0_34,16.0,3.0
Antioquia,2017-11-23 21:26:00,39,700.0,2017-06-11 05:00:00,domingo,30,Normal,Seca y limpia,Plano,Media ladera Izquierda,Curva Derecha,Parcial con reducción de carriles,16,0,0,0,1.0,Choque,no determinada,2511_0_39,23.0,17.0
Antioquia,2017-11-23 21:33:00,44,850.0,2017-06-12 05:00:00,lunes,30,Lluvia,Humeda,Plano,Media ladera Izquierda,Recta,Parcial con reducción de carriles,16,0,0,0,1.0,Choque,no mantener distancia de seguridad,2511_0_44,8.0,8.0
Antioquia,2017-11-23 21:42:00,46,400.0,2017-06-30 05:00:00,viernes,40,Lluvia,Humeda,Montañoso,Media ladera Izquierda,Curva Derecha,Parcial con reducción de carriles,0,0,0,0,1.0,Choque,condiciones de la via y factores ambientales,2511_0_46,17.0,7.0
Antioquia,2017-11-23 21:47:00,48,300.0,2017-06-29 05:00:00,jueves,0,Lluvia,Humeda,Montañoso,Media ladera Izquierda,Curva Izquierda,Parcial con reducción de carriles,18,30,0,0,1.0,Choque,no determinada,2511_0_48,4.0,14.0
Antioquia,2017-12-04 21:41:00,22,300.0,2017-07-18 05:00:00,martes,40,Normal,Seca y limpia,Plano,Media Ladera Derecha,Curva Izquierda,Transito normal con precaución,7,0,0,0,1.0,Volcamiento,no determinada,2511_0_22,16.0,15.0
Antioquia,2017-12-04 21:52:00,36,100.0,2017-07-25 05:00:00,martes,30,Lluvia,Humeda,Montañoso,Media ladera Izquierda,Curva Derecha,Parcial con reducción de carriles,15,10,0,0,1.0,Choque,adelantamientos indebidos,2511_0_36,14.0,1.0
Antioquia,2017-12-04 21:56:00,51,10.0,2017-07-10 05:00:00,lunes,9,Lluvia,Humeda,Montañoso,Media ladera Izquierda,Curva Izquierda,Parcial con reducción de carriles,12,9,0,0,1.0,Choque,no determinada,2511_0_51,4.0,8.0
Antioquia,2017-12-04 20:38:00,0,350.0,2017-07-19 05:00:00,miercoles,0,Normal,Seca y limpia,Plano,Media ladera Izquierda,Curva Derecha,Transito normal con precaución,0,0,0,0,1.0,Choque,desobediencia a normas y senales,2511_0_0,13.0,11.0
Antioquia,2017-12-04 20:44:00,3,0.0,2017-07-11 05:00:00,martes,20,Normal,Seca y limpia,Plano,Media Ladera Derecha,Recta,Transito normal con precaución,9,50,0,0,1.0,Choque,no mantener distancia de seguridad,2511_0_3,5.0,4.0
Antioquia,2017-12-04 20:49:00,4,20.0,2017-07-07 05:00:00,viernes,10,Normal,Seca y limpia,Ondulado,Media ladera Izquierda,Curva Izquierda,Parcial con reducción de carriles,19,40,0,0,1.0,Choque,no mantener distancia de seguridad,2511_0_4,12.0,7.0
Antioquia,2017-12-04 20:54:00,7,800.0,2017-07-08 05:00:00,sabado,0,Normal,Seca y limpia,Ondulado,Media ladera Izquierda,Curva Derecha,Parcial con reducción de carriles,0,0,1,0,1.0,Choque,exceso de velocidad,2511_0_7,15.0,9.0
Antioquia,2017-12-06 14:08:00,51,20.0,2017-07-02 05:00:00,domingo,45,Lluvia,Humeda,Ondulado,Media ladera Izquierda,Curva Izquierda,Transito normal con precaución,21,0,0,0,1.0,Volcamiento,no determinada,2511_0_51,9.0,12.0
Antioquia,2017-12-06 14:20:00,54,300.0,2017-07-09 05:00:00,domingo,10,Normal,Seca y limpia,Montañoso,Media ladera Izquierda,Curva Izquierda,Transito normal con precaución,15,50,0,0,1.0,Choque,no determinada,2511_0_54,16.0,23.0
Antioquia,2017-12-06 14:27:00,55,100.0,2017-07-01 05:00:00,sabado,0,Lluvia,Humeda,Montañoso,Media ladera Izquierda,Curva Izquierda,Transito normal con precaución,15,30,0,0,1.0,Choque,no determinada,2511_0_55,7.0,8.0
Antioquia,2017-12-06 14:44:00,55,300.0,2017-07-14 05:00:00,viernes,40,Normal,Seca y limpia,Ondulado,Media ladera Izquierda,Recta,Parcial con reducción de carriles,9,55,0,0,1.0,Choque,maniobras imprudentes,2511_0_55,15.0,18.0
Antioquia,2017-12-11 14:28:00,55,450.0,2017-07-12 05:00:00,miercoles,30,Normal,Seca y limpia,Montañoso,Media ladera Izquierda,Curva Izquierda,Parcial con reducción de carriles,9,55,0,0,1.0,Choque,maniobras imprudentes,2511_0_55,4.0,5.0
Antioquia,2017-12-11 14:32:00,61,985.0,2017-07-02 05:00:00,domingo,0,Normal,Seca y limpia,Montañoso,Media ladera Izquierda,Curva Izquierda,Transito normal con precaución,0,0,0,0,1.0,Choque,no determinada,2511_0_61,23.0,1.0
Antioquia,2017-12-11 14:35:00,67,200.0,2017-07-16 05:00:00,domingo,30,Lluvia,Seca y limpia,Ondulado,Media ladera Izquierda,Curva Derecha,Transito normal con precaución,22,0,0,0,1.0,Choque,no determinada,2511_0_67,11.0,11.0
Antioquia,2017-12-11 14:38:00,70,0.0,2017-07-10 05:00:00,lunes,15,Normal,Seca y limpia,Ondulado,Terraplen,Curva Derecha,Transito normal con precaución,0,0,0,0,1.0,Choque,no determinada,2511_0_70,21.0,3.0
Antioquia,2017-12-11 14:42:00,79,50.0,2017-07-13 05:00:00,jueves,0,Normal,Seca y limpia,Montañoso,Media ladera Izquierda,Curva Izquierda,Transito normal con precaución,13,20,0,0,1.0,Choque,no determinada,2511_0_79,11.0,2.0
Antioquia,2017-12-11 14:47:00,82,500.0,2017-07-06 05:00:00,jueves,50,Normal,Seca y limpia,Plano,Terraplen,Recta,Transito normal con precaución,11,36,0,0,1.0,Choque,no determinada,2511_0_82,21.0,14.0
Antioquia,2017-12-11 14:51:00,109,70.0,2017-07-02 05:00:00,domingo,45,Normal,Seca y limpia,Plano,Terraplen,Recta,Transito normal con precaución,3,0,2,0,1.0,Atropello,adelantamientos indebidos,2511_0_109,15.0,12.0
Antioquia,2017-12-11 14:55:00,113,450.0,2017-07-05 05:00:00,miercoles,45,Lluvia,Humeda,Plano,Terraplen,Curva Derecha,Transito normal con precaución,20,15,0,0,1.0,Choque,no determinada,2511_0_113,18.0,2.0
Antioquia,2017-12-11 15:01:00,23,0.0,2017-07-26 05:00:00,miercoles,0,Lluvia,Humeda,Plano,Terraplen,Curva Derecha,Transito normal con precaución,21,35,0,0,1.0,Choque,no determinada,2511_0_23,3.0,18.0
Antioquia,2017-12-29 15:26:00,3,0.0,2017-10-02 05:00:00,lunes,0,Normal,Seca y limpia,Ondulado,Media Ladera Derecha,Curva Derecha,Transito normal con precaución,20,55,0,0,1.0,Choque,no determinada,2511_0_3,5.0,15.0
Antioquia,2017-12-29 15:35:00,38,700.0,2017-10-23 05:00:00,lunes,30,Normal,Seca y limpia,Ondulado,Media ladera Izquierda,Curva Izquierda,Transito normal con precaución,0,0,0,0,1.0,Choque,no determinada,2511_0_38,4.0,20.0
Antioquia,2017-12-29 15:41:00,53,750.0,2017-10-04 05:00:00,miercoles,0,Normal,Seca y limpia,Plano,Media ladera Izquierda,Recta,Parcial con reducción de carriles,0,0,0,0,1.0,Choque,fallas mecanicas y del sistema electrico,2511_0_53,15.0,9.0
Antioquia,2017-12-29 15:53:00,55,200.0,2017-10-19 05:00:00,jueves,10,Normal,Seca y limpia,Ondulado,Media Ladera Derecha,Curva Derecha,Transito normal con precaución,6,0,0,0,1.0,Choque,no determinada,2511_0_55,5.0,1.0
Antioquia,2017-12-29 16:01:00,66,700.0,2017-10-03 05:00:00,martes,10,Normal,Seca y limpia,Plano,Terraplen,Curva Derecha,Transito normal con precaución,0,0,0,0,1.0,Choque,no mantener distancia de seguridad,2511_0_66,23.0,1.0
Antioquia,2017-12-29 16:10:00,74,950.0,2017-10-08 05:00:00,domingo,0,Lluvia,Humeda,Ondulado,Media ladera Izquierda,Curva Izquierda,Transito normal con precaución,7,20,0,0,1.0,Choque,no determinada,2511_0_74,12.0,19.0
Antioquia,2017-12-29 16:22:00,76,800.0,2017-10-05 05:00:00,jueves,0,Normal,Seca y limpia,Montañoso,Media ladera Izquierda,Curva Izquierda,Transito normal con precaución,7,20,0,0,1.0,Volcamiento,imprudencia del conductor,2511_0_76,19.0,12.0
Antioquia,2017-12-29 19:12:00,92,650.0,2017-10-07 05:00:00,sabado,0,Normal,Seca y limpia,Plano,Terraplen,Recta,Transito normal con precaución,0,0,0,0,1.0,Choque,no determinada,2511_0_92,12.0,12.0
Antioquia,2017-12-29 19:20:00,101,700.0,2017-10-07 05:00:00,sabado,30,Normal,Seca y limpia,Montañoso,Media ladera Izquierda,Curva Izquierda,Parcial con reducción de carriles,0,0,2,0,1.0,Choque,maniobras imprudentes,2511_0_101,16.0,8.0
Antioquia,2017-12-29 19:24:00,102,0.0,2017-10-06 05:00:00,viernes,30,Normal,Humeda,Montañoso,Media ladera Izquierda,Curva Izquierda,Parcial con reducción de carriles,10,0,2,0,1.0,Choque,no determinada,2511_0_102,11.0,23.0
Antioquia,2017-12-29 19:28:00,111,100.0,2017-10-16 05:00:00,lunes,30,Normal,Seca y limpia,Montañoso,Media ladera Izquierda,Recta,Parcial con reducción de carriles,20,30,0,0,1.0,Choque,no determinada,2511_0_111,6.0,14.0
Antioquia,2017-12-29 19:31:00,113,700.0,2017-10-15 05:00:00,domingo,30,Normal,Seca y limpia,Plano,Terraplen,Recta,Parcial con reducción de carriles,21,0,2,0,1.0,Atropello,embriaguez o sustancias alucinogenas,2511_0_113,18.0,3.0
Antioquia,2017-12-29 19:38:00,120,400.0,2017-10-12 05:00:00,jueves,35,Normal,Seca y limpia,Montañoso,Media ladera Izquierda,Curva Derecha,Transito normal con precaución,17,20,0,0,1.0,Volcamiento,embriaguez o sustancias alucinogenas,2511_0_120,8.0,9.0
Antioquia,2017-12-29 19:59:00,61,881.0,2017-10-11 05:00:00,miercoles,20,Normal,Seca y limpia,Plano,Terraplen,Recta,Transito normal con precaución,0,0,0,0,1.0,Choque,no determinada,2511_0_61,19.0,5.0
Antioquia,2017-12-29 21:18:00,7,700.0,2017-11-26 05:00:00,domingo,40,Normal,Seca y limpia,Ondulado,Media Ladera Derecha,Curva Derecha,Transito normal con precaución,17,40,1,0,1.0,Choque,impericia en el manejo,2511_0_7,15.0,2.0
Antioquia,2017-12-29 21:25:00,10,500.0,2017-11-29 05:00:00,miercoles,0,Lluvia,Humeda,Montañoso,Media Ladera Derecha,Curva Derecha,Transito normal con precaución,15,30,0,0,1.0,Choque,no determinada,2511_0_10,7.0,8.0
Antioquia,2017-12-29 21:31:00,13,600.0,1969-12-31 23:49:00,domingo,30,Lluvia,Humeda,Montañoso,Media Ladera Derecha,Curva Derecha,Transito normal con precaución,7,30,1,0,1.0,Volcamiento,no determinada,2511_0_13,21.0,10.0
Antioquia,2017-12-29 21:40:00,26,713.0,2017-11-08 05:00:00,miercoles,40,Normal,Humeda,Ondulado,Media Ladera Derecha,Curva Derecha,Transito normal con precaución,12,10,0,0,1.0,Choque,no determinada,2511_0_26,2.0,10.0
Antioquia,2017-12-29 21:45:00,47,800.0,2017-11-08 05:00:00,miercoles,53,Niebla,Humeda,Ondulado,Media Ladera Derecha,Curva Derecha,Transito normal con precaución,12,10,0,0,1.0,Choque,no determinada,2511_0_47,2.0,10.0
Antioquia,2018-01-02 15:08:00,52,700.0,2017-11-04 05:00:00,sabado,30,Lluvia,Humeda,Montañoso,Media ladera Izquierda,Curva Izquierda,Transito normal con precaución,22,5,0,0,1.0,Choque,no determinada,2511_0_52,10.0,12.0
Antioquia,2018-01-02 15:15:00,55,400.0,2017-11-09 05:00:00,jueves,30,Normal,Seca y limpia,Montañoso,Media Ladera Derecha,Curva Derecha,Transito normal con precaución,19,10,0,0,1.0,Choque,no determinada,2511_0_55,7.0,12.0
Antioquia,2018-01-02 15:31:00,56,100.0,2017-11-03 05:00:00,viernes,40,Normal,Seca y limpia,Montañoso,Media ladera Izquierda,Curva Izquierda,Transito normal con precaución,14,0,0,0,1.0,Choque,no determinada,2511_0_56,16.0,22.0
Antioquia,2018-04-20 14:28:00,64,700.0,2018-03-22 05:00:00,jueves,30,Normal,Seca y limpia,Montañoso,Media Ladera Derecha,Recta,Parcial con reducción de carriles,0,0,0,0,1.0,Choque,no determinada,2509_1_64,16.0,8.0
Antioquia,2018-04-20 14:36:00,66,880.0,2018-03-23 05:00:00,viernes,50,Normal,Seca y limpia,Montañoso,Media ladera Izquierda,Recta,Parcial con reducción de carriles,0,0,1,0,1.0,Choque,no determinada,2509_1_66,9.0,15.0
Antioquia,2018-04-20 14:58:00,66,835.0,2018-03-29 05:00:00,jueves,55,Lluvia,Humeda,Montañoso,Media ladera Izquierda,Recta,Parcial con reducción de carriles,0,0,1,0,1.0,Choque,no determinada,2509_1_66,5.0,19.0
Caldas,2018-03-09 13:32:00,47,800.0,2018-02-09 05:00:00,viernes,30,Normal,Seca y limpia,Montañoso,Media ladera Izquierda,Recta,Transito normal con precaución,21,40,0,0,1.0,Choque,impericia en el manejo,2508_2_47,12.0,9.0
Caldas,2018-03-09 15:26:00,33,620.0,2018-02-16 05:00:00,viernes,40,Normal,Seca y limpia,Montañoso,Media ladera Izquierda,Recta,Transito normal con precaución,7,10,1,0,1.0,Choque,no determinada,2508_2_33,8.0,23.0
Caldas,2018-03-09 15:39:00,40,700.0,2018-02-18 05:00:00,domingo,40,Normal,Seca y limpia,Montañoso,Media ladera Izquierda,Curva Derecha,Transito normal con precaución,19,10,0,1,1.0,Choque,no determinada,2508_2_40,15.0,4.0
Caldas,2018-04-17 21:07:00,44,800.0,2018-03-01 05:00:00,jueves,0,Normal,Seca y limpia,Montañoso,Media ladera Izquierda,Curva Izquierda,Transito normal con precaución,17,10,0,0,1.0,Choque,no mantener distancia de seguridad,2508_2_44,17.0,0.0
Caldas,2018-04-17 21:12:00,44,400.0,2018-03-01 05:00:00,jueves,20,Normal,Seca y limpia,Montañoso,Media ladera Izquierda,Curva Izquierda,Transito normal con precaución,7,30,0,0,1.0,Choque,adelantamientos indebidos,2508_2_44,12.0,19.0
Caldas,2018-04-17 22:09:00,48,0.0,2018-03-10 05:00:00,sabado,10,Normal,Seca y limpia,Montañoso,Media ladera Izquierda,Curva Derecha,Transito normal con precaución,8,20,2,0,1.0,Choque,no determinada,2508_2_48,8.0,0.0
Caldas,2018-04-17 22:13:00,43,350.0,2018-03-10 05:00:00,sabado,26,Normal,Seca y limpia,Montañoso,Media Ladera Derecha,Curva Izquierda,Transito normal con precaución,16,50,0,0,1.0,Choque,no determinada,2508_2_43,10.0,6.0
Caldas,2018-04-17 22:21:00,48,800.0,2018-03-12 05:00:00,lunes,0,Viento,Seca y limpia,Montañoso,Media ladera Izquierda,Curva Izquierda,Transito normal con precaución,19,10,1,0,1.0,Choque,impericia en el manejo,2508_2_48,0.0,19.0
Caldas,2018-04-17 22:34:00,54,250.0,2018-03-19 05:00:00,lunes,10,Lluvia,Humeda,Ondulado,Media ladera Izquierda,Recta,Transito normal con precaución,19,40,0,1,1.0,Choque,impericia en el manejo,2508_2_54,1.0,18.0
Caldas,2018-04-17 22:46:00,45,200.0,2018-03-24 05:00:00,sabado,0,Lluvia,Humeda,Montañoso,Media ladera Izquierda,Curva Izquierda,Transito normal con precaución,2,15,0,0,1.0,Volcamiento,condiciones de la via y factores ambientales,2508_2_45,9.0,17.0
Caldas,2017-08-03 13:41:00,43,750.0,2017-07-02 05:00:00,domingo,30,Normal,Seca y limpia,Montañoso,Media ladera Izquierda,Curva Derecha,Transito normal con precaución,0,0,0,0,1.0,Choque,adelantamientos indebidos,2508_1_43,4.0,20.0
Caldas,2017-08-03 13:45:00,52,50.0,2017-07-02 05:00:00,domingo,10,Normal,Seca y limpia,Montañoso,Media ladera Izquierda,Recta,Transito normal con precaución,0,0,1,0,1.0,Choque,maniobras imprudentes,2508_1_52,8.0,16.0
Caldas,2017-08-03 13:48:00,60,1000.0,2017-07-05 05:00:00,miercoles,50,Normal,Seca y limpia,Montañoso,Media ladera Izquierda,Recta,Transito normal con precaución,0,0,1,0,1.0,Choque,maniobras imprudentes,2508_1_60,1.0,23.0
Caldas,2017-08-03 14:09:00,43,370.0,2017-07-08 05:00:00,sabado,30,Normal,Seca y limpia,Montañoso,Media Ladera Derecha,Curva Izquierda,Transito normal con precaución,0,0,0,0,1.0,Choque,no determinada,2508_1_43,5.0,19.0
Caldas,2017-08-03 20:25:00,11,795.0,2017-07-09 05:00:00,domingo,56,Normal,Seca y limpia,Montañoso,Media ladera Izquierda,Recta,Transito normal con precaución,0,0,1,0,1.0,Choque,adelantamientos indebidos,2508_1_11,17.0,7.0
Caldas,2017-09-08 13:27:00,43,880.0,2017-08-18 05:00:00,viernes,25,Normal,Seca y limpia,Montañoso,Media Ladera Derecha,Recta,Transito normal con precaución,0,0,0,1,1.0,Choque,imprudencia del conductor,2508_1_43,7.0,17.0
Caldas,2017-10-04 20:06:00,53,170.0,2017-09-03 05:00:00,domingo,30,Seca,Seca y limpia,Montañoso,Media ladera Izquierda,Recta,Transito normal con precaución,0,0,2,0,1.0,Choque,no mantener distancia de seguridad,2508_1_53,15.0,9.0