territorial,fecha_registro,pr,distancia_pr,fecha_acc,dia_semana_acc,min_acc,condic_meteor,estado_super,terreno,secc_tip,geometria_acc,tipo_cierre,horas_cierre,min_cierre,n_heridos,n_muertos,n_victimas,clase_accidente,causa_posible,ref_loc,hora_acc,duracion_cierre_horas
Caldas,2017-10-04 20:09:00,47,550.0,2017-09-04 05:00:00,lunes,10,Seca,Seca y limpia,Montañoso,Media ladera Izquierda,Recta,Transito normal con precaución,0,0,1,0,1.0,Choque,impericia en el manejo,2508_1_47,5.0,19.0
Caldas,2017-10-04 20:25:00,46,600.0,2017-09-07 05:00:00,jueves,30,Lluvia,Humeda,Montañoso,Media ladera Izquierda,Recta,Transito normal con precaución,0,0,0,0,1.0,Choque,condiciones de la via y factores ambientales,2508_1_46,14.0,10.0
Caldas,2017-10-04 20:26:00,48,500.0,2017-09-07 05:00:00,jueves,0,Seca,Seca y limpia,Montañoso,Media ladera Izquierda,Curva Derecha,Transito normal con precaución,0,0,0,0,1.0,Choque,no determinada,2508_1_48,6.0,18.0
Caldas,2017-10-04 20:36:00,53,350.0,2017-09-19 05:00:00,martes,10,Seca,Seca y limpia,Montañoso,Media ladera Izquierda,Recta,Transito normal con precaución,0,0,2,0,1.0,Choque,maniobras imprudentes,2508_1_53,13.0,11.0
Caldas,2017-10-04 20:40:00,40,490.0,2017-09-20 05:00:00,miercoles,30,Seca,Seca y limpia,Montañoso,Media ladera Izquierda,Curva Izquierda,Transito normal con precaución,0,0,0,0,1.0,Choque,fallas mecanicas y del sistema electrico,2508_1_40,9.0,15.0
Caldas,2017-11-08 22:22:00,48,650.0,2017-10-02 05:00:00,lunes,45,Seca,Seca y limpia,Montañoso,Media ladera Izquierda,Curva Derecha,Transito normal con precaución,17,58,0,0,1.0,Choque,no determinada,2508_1_48,5.0,12.0
Caldas,2017-11-09 15:18:00,48,650.0,2017-10-16 05:00:00,lunes,5,Normal,Seca y limpia,Montañoso,Media ladera Izquierda,Curva Derecha,Transito normal con precaución,0,10,1,0,1.0,Choque,embriaguez o sustancias alucinogenas,2508_1_48,12.0,12.0
Caldas,2017-11-09 16:05:00,1,900.0,2017-10-19 05:00:00,jueves,20,Normal,Seca y limpia,Montañoso,Media Ladera Derecha,Curva Izquierda,Transito normal con precaución,17,35,1,0,1.0,Choque,adelantamientos indebidos,2508_1_1,11.0,6.0
Caldas,2017-11-09 16:17:00,47,200.0,2017-10-22 05:00:00,domingo,40,Normal,Seca y limpia,Montañoso,Media ladera Izquierda,Curva Izquierda,Transito normal con precaución,13,13,1,0,1.0,Choque,no determinada,2508_1_47,13.0,0.0
Caldas,2017-12-11 19:34:00,55,800.0,2017-11-02 05:00:00,jueves,30,Normal,Seca y limpia,Montañoso,Media ladera Izquierda,Curva Derecha,Transito normal con precaución,7,40,1,0,1.0,Choque,no determinada,2508_1_55,3.0,4.0
Caldas,2017-12-11 19:49:00,51,0.0,2017-11-07 05:00:00,martes,15,Normal,Seca y limpia,Montañoso,Media ladera Izquierda,Recta,Transito normal con precaución,9,25,2,0,1.0,Choque,no mantener distancia de seguridad,2508_1_51,16.0,17.0
Caldas,2017-12-11 19:59:00,53,500.0,2017-11-11 05:00:00,sabado,50,Normal,Seca y limpia,Montañoso,Media ladera Izquierda,Recta,Transito normal con precaución,12,0,0,0,1.0,Choque,no mantener distancia de seguridad,2508_1_53,17.0,19.0
Caldas,2018-01-10 14:15:00,46,350.0,2017-12-09 05:00:00,sabado,30,Normal,Seca y limpia,Montañoso,Media ladera Izquierda,Recta,Transito normal con precaución,14,45,1,0,1.0,Choque,no determinada,2508_1_46,6.0,8.0
Caldas,2018-01-10 15:28:00,24,350.0,2017-12-23 05:00:00,sabado,20,Normal,Seca y limpia,Montañoso,Media ladera Izquierda,Curva Derecha,Transito normal con precaución,17,20,2,0,1.0,Choque,adelantamientos indebidos,2508_1_24,7.0,10.0
Caldas,2018-01-10 15:31:00,47,900.0,2017-12-24 05:00:00,domingo,25,Normal,Seca y limpia,Montañoso,Terraplen,Recta,Transito normal con precaución,1,30,0,0,1.0,Choque,embriaguez o sustancias alucinogenas,2508_1_47,19.0,6.0
Caldas,2018-01-10 15:37:00,32,470.0,2017-12-25 05:00:00,lunes,15,Normal,Seca y limpia,Montañoso,Media ladera Izquierda,Curva Derecha,Transito normal con precaución,15,20,0,0,1.0,Choque,no determinada,2508_1_32,5.0,10.0
Caldas,2018-01-10 15:40:00,23,470.0,2017-12-26 05:00:00,martes,55,Lluvia,Humeda,Montañoso,Media ladera Izquierda,Curva Izquierda,Transito normal con precaución,12,10,1,0,1.0,Choque,adelantamientos indebidos,2508_1_23,6.0,6.0
Caldas,2018-01-10 15:43:00,33,220.0,2017-12-27 05:00:00,miercoles,40,Normal,Seca y limpia,Montañoso,Media ladera Izquierda,Recta,Transito normal con precaución,15,50,0,0,1.0,Choque,condiciones de la via y factores ambientales,2508_1_33,19.0,20.0
Caldas,2018-02-06 21:03:00,47,500.0,2018-01-01 05:00:00,lunes,15,Normal,Seca y limpia,Montañoso,Media ladera Izquierda,Curva Izquierda,Transito normal con precaución,11,0,0,0,1.0,Choque,adelantamientos indebidos,2508_1_47,17.0,18.0
Caldas,2018-02-06 21:10:00,58,700.0,2018-01-02 05:00:00,martes,10,Normal,Seca y limpia,Montañoso,Media ladera Izquierda,Recta,Transito normal con precaución,13,45,2,0,1.0,Choque,maniobras imprudentes,2508_1_58,5.0,8.0
Caldas,2018-02-07 15:53:00,58,700.0,2018-01-30 05:00:00,martes,10,Normal,Seca y limpia,Montañoso,Media ladera Izquierda,Recta,Transito normal con precaución,19,20,0,0,1.0,Choque,adelantamientos indebidos,2508_1_58,0.0,19.0
Caldas,2018-02-06 21:39:00,47,900.0,2018-01-08 05:00:00,lunes,30,Normal,Seca y limpia,Montañoso,Media ladera Izquierda,Curva Izquierda,Transito normal con precaución,16,40,1,0,1.0,Choque,no determinada,2508_1_47,11.0,5.0
Caldas,2018-02-06 22:05:00,42,250.0,2018-01-09 05:00:00,martes,30,Normal,Seca y limpia,Montañoso,Media ladera Izquierda,Curva Izquierda,Transito normal con precaución,21,10,3,0,1.0,Choque,no determinada,2508_1_42,23.0,22.0
Caldas,2018-02-06 22:23:00,54,750.0,2018-01-15 05:00:00,lunes,30,Normal,Seca y limpia,Montañoso,Media ladera Izquierda,Recta,Transito normal con precaución,13,45,0,0,1.0,Choque,estacionamiento y senalizacion imprudente,2508_1_54,14.0,23.0
Caldas,2018-02-07 15:34:00,57,900.0,2018-01-20 05:00:00,sabado,5,Normal,Seca y limpia,Montañoso,Media ladera Izquierda,Curva Derecha,Transito normal con precaución,12,25,1,0,1.0,Atropello,no determinada,2508_1_57,12.0,0.0
Caldas,2018-02-07 15:37:00,53,600.0,2018-01-22 05:00:00,lunes,5,Normal,Seca y limpia,Montañoso,Media ladera Izquierda,Recta,Transito normal con precaución,6,15,0,0,1.0,Choque,exceso de velocidad,2508_1_53,15.0,15.0
Caldas,2018-02-07 15:50:00,31,700.0,2018-01-30 05:00:00,martes,50,Normal,Seca y limpia,Montañoso,Media ladera Izquierda,Recta,Transito normal con precaución,21,55,0,0,1.0,Choque,no mantener distancia de seguridad,2508_1_31,13.0,8.0
Caldas,2018-03-09 15:18:00,34,0.0,2018-02-14 05:00:00,miercoles,0,Lluvia,Humeda,Montañoso,Media ladera Izquierda,Curva Derecha,Transito normal con precaución,4,10,0,0,1.0,Volcamiento,no determinada,2508_1_34,22.0,6.0
Caldas,2018-03-09 15:51:00,46,550.0,2018-02-23 05:00:00,viernes,50,Normal,Seca y limpia,Montañoso,Media ladera Izquierda,Curva Derecha,Transito normal con precaución,6,0,0,0,1.0,Choque,adelantamientos indebidos,2508_1_46,17.0,13.0
Caldas,2018-03-09 15:44:00,15,60.0,2018-02-20 05:00:00,martes,16,Normal,Seca y limpia,Montañoso,Terraplen,Recta,Transito normal con precaución,5,20,0,1,1.0,Atropello,maniobras imprudentes,2508_1_15,22.0,7.0
Caldas,2018-04-17 21:32:00,30,400.0,2018-03-08 05:00:00,jueves,10,Normal,Seca y limpia,Montañoso,Media ladera Izquierda,Curva Izquierda,Transito normal con precaución,12,19,0,0,1.0,Choque,adelantamientos indebidos,2508_1_30,9.0,3.0
Caldas,2018-04-17 22:25:00,53,750.0,2018-03-14 05:00:00,miercoles,0,Normal,Seca y limpia,Montañoso,Media ladera Izquierda,Curva Izquierda,Transito normal con precaución,7,15,0,0,1.0,Choque,no determinada,2508_1_53,6.0,1.0
Caldas,2018-04-17 22:27:00,52,0.0,2018-03-16 05:00:00,viernes,30,Viento,Seca y limpia,Montañoso,Media ladera Izquierda,Curva Izquierda,Transito normal con precaución,2,0,0,0,1.0,Choque,no determinada,2508_1_52,7.0,19.0
Risaralda,2017-10-25 15:19:00,9,600.0,2017-09-12 05:00:00,martes,5,Normal,Seca y limpia,Ondulado,Media Ladera Derecha,Curva Derecha,Transito normal con precaución,0,0,0,0,1.0,Choque,no mantener distancia de seguridad,2507_2_9,11.0,13.0
Risaralda,2017-10-25 15:25:00,9,600.0,2017-09-12 05:00:00,martes,0,Normal,Seca y limpia,Ondulado,Media Ladera Derecha,Curva Derecha,Transito normal con precaución,0,0,12,0,1.0,Choque,fallas mecanicas y del sistema electrico,2507_2_9,0.0,0.0
Risaralda,2018-02-15 20:17:00,9,700.0,2018-01-26 05:00:00,viernes,30,Normal,Seca y limpia,Ondulado,Media Ladera Derecha,Recta,Transito normal con precaución,0,0,0,0,1.0,Choque,fallas mecanicas y del sistema electrico,2507_2_9,21.0,3.0
Risaralda,2017-10-25 16:50:00,2,100.0,2017-09-23 05:00:00,sabado,30,Normal,Seca y limpia,Plano,Media Ladera Derecha,Recta,Transito normal con precaución,0,0,1,0,1.0,Choque,no mantener distancia de seguridad,2507_2_2,3.0,21.0
Risaralda,2017-10-25 18:19:00,44,420.0,2017-09-26 05:00:00,martes,30,Normal,Seca y limpia,Ondulado,Media ladera Izquierda,Curva Derecha,Transito normal con precaución,0,0,0,0,1.0,Volcamiento,exceso en horas de conduccion,2507_2_44,1.0,23.0
Risaralda,2017-10-25 18:24:00,2,500.0,2017-09-26 05:00:00,martes,40,Normal,Seca y limpia,Plano,Terraplen,Recta,Transito normal con precaución,0,0,0,0,1.0,Choque,no mantener distancia de seguridad,2507_2_2,18.0,6.0
Risaralda,2017-10-25 19:02:00,4,750.0,2017-09-30 05:00:00,sabado,0,Lluvia,Humeda,Ondulado,Terraplen,Recta,Transito normal con precaución,0,0,0,0,1.0,Choque,desobediencia a normas y senales,2507_2_4,9.0,15.0
Risaralda,2017-11-16 21:23:00,39,540.0,2017-10-08 05:00:00,domingo,30,Normal,Seca y limpia,Plano,Media ladera Izquierda,Recta,Transito normal con precaución,0,0,0,0,1.0,Choque,no mantener distancia de seguridad,2507_2_39,13.0,11.0
Risaralda,2017-11-17 14:52:00,53,500.0,2017-10-09 05:00:00,lunes,30,Normal,Seca y limpia,Montañoso,Media ladera Izquierda,Curva Derecha,Transito normal con precaución,0,0,1,0,1.0,Choque,no determinada,2507_2_53,3.0,21.0
Risaralda,2017-12-21 15:30:00,2,50.0,2017-11-04 05:00:00,sabado,45,Normal,Seca y limpia,Plano,Terraplen,Recta,Transito normal con precaución,0,0,2,0,1.0,Choque,maniobras imprudentes,2507_2_2,8.0,16.0
Risaralda,2017-12-21 17:30:00,2,800.0,2017-11-17 05:00:00,viernes,0,Normal,Seca y limpia,Plano,Terraplen,Recta,Transito normal con precaución,0,0,0,1,1.0,Choque,adelantamientos indebidos,2507_2_2,23.0,1.0
Risaralda,2017-12-21 20:36:00,43,700.0,2017-11-21 05:00:00,martes,30,Normal,Seca y limpia,Plano,Terraplen,Recta,Transito normal con precaución,0,0,1,0,1.0,Atropello,conducta de peatones,2507_2_43,17.0,7.0
Risaralda,2017-12-22 15:51:00,47,550.0,2017-11-25 05:00:00,sabado,20,Normal,Seca y limpia,Plano,Media ladera Izquierda,Recta,Transito normal con precaución,0,0,0,0,1.0,Choque,fallas mecanicas y del sistema electrico,2507_2_47,11.0,13.0
Risaralda,2017-12-27 21:02:00,2,640.0,2017-11-17 05:00:00,viernes,0,Normal,Seca y limpia,Plano,Terraplen,Recta,Transito normal con precaución,0,0,0,1,1.0,Choque,adelantamientos indebidos,2507_2_2,9.0,15.0
Risaralda,2018-01-16 20:49:00,2,100.0,2017-12-03 05:00:00,domingo,10,Normal,Seca y limpia,Plano,Media Ladera Derecha,Recta,Transito normal con precaución,0,0,0,0,1.0,Choque,no mantener distancia de seguridad,2507_2_2,15.0,9.0
Risaralda,2018-01-18 14:37:00,51,200.0,2017-12-08 05:00:00,viernes,0,Normal,Seca y limpia,Montañoso,Media ladera Izquierda,Curva Derecha,Transito normal con precaución,0,0,1,0,1.0,Choque,no determinada,2507_2_51,17.0,7.0
Risaralda,2018-01-18 14:49:00,6,400.0,2017-12-08 05:00:00,viernes,20,Lluvia,Humeda,Plano,Terraplen,Recta,Transito normal con precaución,0,0,1,0,1.0,Choque,maniobras imprudentes,2507_2_6,15.0,9.0
Risaralda,2018-01-18 15:21:00,7,600.0,2017-12-11 05:00:00,lunes,30,Lluvia,Humeda,Plano,Media ladera Izquierda,Recta,Transito normal con precaución,0,0,0,0,1.0,Choque,no mantener distancia de seguridad,2507_2_7,14.0,10.0
Risaralda,2018-01-18 15:25:00,10,200.0,2017-12-11 05:00:00,lunes,40,Lluvia,Humeda,Ondulado,Media ladera Izquierda,Recta,Transito normal con precaución,0,0,1,0,1.0,Atropello,no determinada,2507_2_10,16.0,8.0
Risaralda,2018-01-18 16:07:00,10,400.0,2017-12-13 05:00:00,miercoles,30,Normal,Seca y limpia,Ondulado,Terraplen,Recta,Transito normal con precaución,0,0,0,0,1.0,Choque,fallas mecanicas y del sistema electrico,2507_2_10,12.0,12.0
Risaralda,2018-01-18 19:14:00,10,200.0,2017-12-11 05:00:00,lunes,40,Lluvia,Humeda,Ondulado,Cajón,Recta,Transito normal con precaución,0,0,1,0,1.0,Atropello,no determinada,2507_2_10,12.0,12.0
Risaralda,2018-01-19 16:20:00,2,800.0,2017-12-25 05:00:00,lunes,20,Lluvia,Humeda,Plano,Terraplen,Recta,Transito normal con precaución,0,0,2,0,1.0,Atropello,conducta de peatones,2507_2_2,12.0,12.0
Risaralda,2018-01-19 16:35:00,52,850.0,2017-12-29 05:00:00,viernes,50,Normal,Seca y limpia,Montañoso,Media ladera Izquierda,Curva Derecha,Transito normal con precaución,0,0,0,0,1.0,Choque,no mantener distancia de seguridad,2507_2_52,8.0,16.0
Risaralda,2018-01-19 16:45:00,1,600.0,2017-12-30 05:00:00,sabado,30,Lluvia,Humeda,Plano,Terraplen,Recta,Transito normal con precaución,0,0,0,0,1.0,Choque,adelantamientos indebidos,2507_2_1,16.0,8.0
Risaralda,2018-02-14 19:47:00,44,600.0,2018-01-01 05:00:00,lunes,0,Normal,Humeda,Ondulado,Media ladera Izquierda,Curva Derecha,Transito normal con precaución,0,0,0,0,1.0,Choque,desobediencia a normas y senales,2507_2_44,23.0,1.0
Risaralda,2018-02-15 17:14:00,45,900.0,2018-01-11 05:00:00,jueves,20,Normal,Seca y limpia,Montañoso,Media ladera Izquierda,Curva Izquierda,Transito normal con precaución,0,0,0,0,1.0,Choque,no determinada,2507_2_45,17.0,7.0
Risaralda,2018-02-15 19:45:00,55,443.0,2018-01-23 05:00:00,martes,30,Normal,Seca y limpia,Ondulado,Terraplen,Curva Izquierda,Transito normal con precaución,0,0,2,0,1.0,Choque,no determinada,2507_2_55,17.0,7.0
Risaralda,2018-02-15 20:09:00,52,400.0,2018-01-25 05:00:00,jueves,10,Normal,Seca y limpia,Montañoso,Media ladera Izquierda,Recta,Transito normal con precaución,0,0,1,0,1.0,Choque,adelantamientos indebidos,2507_2_52,4.0,20.0
Risaralda,2018-03-16 18:24:00,1,600.0,2018-02-07 05:00:00,miercoles,40,Normal,Seca y limpia,Plano,Terraplen,Recta,Transito normal con precaución,0,0,3,0,1.0,Choque,adelantamientos indebidos,2507_2_1,12.0,12.0
Risaralda,2018-03-16 19:16:00,37,800.0,2018-02-10 05:00:00,sabado,30,Normal,Seca y limpia,Ondulado,Media ladera Izquierda,Curva Derecha,Transito normal con precaución,0,0,1,0,1.0,Choque,no mantener distancia de seguridad,2507_2_37,7.0,17.0
Risaralda,2018-04-03 18:52:00,1,650.0,2018-02-14 05:00:00,miercoles,0,Normal,Seca y limpia,Plano,Terraplen,Recta,Transito normal con precaución,0,0,0,0,1.0,Choque,no mantener distancia de seguridad,2507_2_1,21.0,3.0
Risaralda,2018-04-03 19:25:00,8,275.0,2018-02-15 05:00:00,jueves,55,Lluvia,Humeda,Plano,Terraplen,Recta,Transito normal con precaución,0,0,0,0,1.0,Choque,no mantener distancia de seguridad,2507_2_8,14.0,10.0
Risaralda,2018-04-03 19:41:00,8,400.0,2018-02-17 05:00:00,sabado,40,Lluvia,Humeda,Plano,Cajón,Curva Derecha,Transito normal con precaución,0,0,0,0,1.0,Choque,adelantamientos indebidos,2507_2_8,21.0,3.0
Risaralda,2018-04-03 20:56:00,1,950.0,2018-02-20 05:00:00,martes,0,Normal,Seca y limpia,Plano,Terraplen,Recta,Transito normal con precaución,0,0,0,0,1.0,Choque,no mantener distancia de seguridad,2507_2_1,1.0,23.0
Risaralda,2017-05-26 16:27:00,53,180.0,2017-03-01 05:00:00,miercoles,30,Normal,Seca y limpia,Plano,Terraplen,Recta,Transito normal con precaución,0,0,0,0,1.0,Choque,adelantamientos indebidos,2507_2_53,19.0,5.0
Córdoba,2017-12-27 13:15:00,9,250.0,2017-11-08 05:00:00,miercoles,30,Normal,Seca y limpia,Plano,Terraplen,Curva Izquierda,Transito normal con precaución,0,0,1,0,1.0,Volcamiento,no determinada,2514_0_9,3.0,21.0
Córdoba,2017-05-31 15:40:00,63,990.0,2017-04-13 05:00:00,jueves,45,Normal,Seca y limpia,Plano,Terraplen,Recta,Transito normal con precaución,0,0,1,1,1.0,Choque,no determinada,2513_0_63,16.0,8.0
Córdoba,2017-05-31 15:57:00,63,700.0,2017-04-26 05:00:00,miercoles,40,Lluvia,Humeda,Plano,Terraplen,Recta,Transito normal con precaución,0,0,0,0,1.0,Choque,no mantener distancia de seguridad,2513_0_63,21.0,3.0
Córdoba,2017-05-31 16:06:00,63,800.0,2017-04-06 05:00:00,jueves,45,Normal,Seca y limpia,Plano,Terraplen,Recta,Transito normal con precaución,0,0,0,0,1.0,Choque,maniobras imprudentes,2513_0_63,2.0,22.0
Córdoba,2017-05-31 19:24:00,64,30.0,2017-03-02 05:00:00,jueves,0,Normal,Seca y limpia,Plano,Terraplen,Recta,Transito normal con precaución,0,0,0,0,1.0,Choque,desobediencia a normas y senales,2513_0_64,19.0,5.0
Córdoba,2017-05-31 21:36:00,0,600.0,2017-01-17 05:00:00,martes,47,Normal,Seca y limpia,Plano,Terraplen,Recta,Transito normal con precaución,0,0,0,0,1.0,Choque,desobediencia a normas y senales,2513_0_0,18.0,6.0
Córdoba,2017-05-31 22:05:00,66,800.0,2017-01-08 05:00:00,domingo,30,Normal,Seca y limpia,Plano,Terraplen,Recta,Transito normal con precaución,0,0,0,0,1.0,Volcamiento,desobediencia a normas y senales,2513_0_66,23.0,1.0
Córdoba,2017-05-31 22:09:00,66,800.0,2017-01-11 05:00:00,miercoles,30,Normal,Seca y limpia,Plano,Terraplen,Recta,Transito normal con precaución,0,0,0,0,1.0,Volcamiento,desobediencia a normas y senales,2513_0_66,15.0,9.0
Córdoba,2017-05-31 22:11:00,66,800.0,2017-01-15 05:00:00,domingo,30,Normal,Seca y limpia,Plano,Terraplen,Recta,Transito normal con precaución,0,0,0,0,1.0,Volcamiento,desobediencia a normas y senales,2513_0_66,9.0,15.0
Córdoba,2017-05-31 22:13:00,66,800.0,2017-01-27 05:00:00,viernes,30,Normal,Seca y limpia,Plano,Terraplen,Recta,Transito normal con precaución,0,0,0,0,1.0,Salida de la vía sin volcarse,no determinada,2513_0_66,13.0,11.0
Córdoba,2017-05-31 22:34:00,66,800.0,2016-12-21 05:00:00,miercoles,30,Normal,Seca y limpia,Plano,Terraplen,Recta,Transito normal con precaución,0,0,1,0,1.0,Choque,desobediencia a normas y senales,2513_0_66,4.0,20.0
Córdoba,2017-11-17 14:25:00,65,350.0,2017-10-08 05:00:00,domingo,0,Normal,Seca y limpia,Plano,Terraplen,Recta,Transito normal con precaución,0,0,0,0,1.0,Choque,no determinada,2513_0_65,14.0,10.0
Córdoba,2017-11-17 14:29:00,66,736.0,2017-10-13 05:00:00,viernes,0,Normal,Seca y limpia,Plano,Terraplen,Recta,Transito normal con precaución,0,0,2,0,1.0,Salida de la vía sin volcarse,no determinada,2513_0_66,18.0,6.0
Córdoba,2017-11-17 15:08:00,66,800.0,2017-10-21 05:00:00,sabado,0,Normal,Seca y limpia,Plano,Terraplen,Recta,Transito normal con precaución,0,0,1,0,1.0,Choque,exceso de velocidad,2513_0_66,11.0,13.0
Córdoba,2018-01-17 13:12:00,65,380.0,2017-12-06 05:00:00,miercoles,0,Normal,Seca y limpia,Plano,Terraplen,Recta,Transito normal con precaución,0,0,0,0,1.0,Choque,no determinada,2513_0_65,13.0,11.0
Córdoba,2018-02-21 12:46:00,0,300.0,2018-01-20 05:00:00,sabado,36,Normal,Seca y limpia,Plano,Terraplen,Recta,Transito normal con precaución,0,0,0,0,1.0,Choque,impericia en el manejo,2513_0_0,18.0,6.0
Córdoba,2018-02-21 12:52:00,65,620.0,2018-01-17 05:00:00,miercoles,16,Normal,Seca y limpia,Plano,Terraplen,Recta,Transito normal con precaución,0,0,1,0,1.0,Choque,no determinada,2513_0_65,19.0,5.0
Córdoba,2018-02-21 12:57:00,66,730.0,2018-01-15 05:00:00,lunes,30,Normal,Seca y limpia,Plano,Terraplen,Recta,Transito normal con precaución,0,0,1,0,1.0,Choque,no determinada,2513_0_66,13.0,11.0
Córdoba,2018-03-26 16:16:00,65,550.0,2018-02-07 05:00:00,miercoles,30,Normal,Seca y limpia,Plano,Terraplen,Recta,Transito normal con precaución,0,0,0,0,1.0,Choque,adelantamientos indebidos,2513_0_65,10.0,14.0
Córdoba,2018-03-26 16:20:00,65,555.0,2018-02-11 05:00:00,domingo,30,Normal,Seca y limpia,Plano,Terraplen,Recta,Transito normal con precaución,0,0,0,1,1.0,Atropello,conducta de peatones,2513_0_65,3.0,21.0
Córdoba,2018-03-26 16:25:00,65,900.0,2018-02-05 05:00:00,lunes,25,Normal,Seca y limpia,Plano,Terraplen,Recta,Transito normal con precaución,0,0,0,0,1.0,Choque,no mantener distancia de seguridad,2513_0_65,12.0,12.0
Antioquia,2017-12-29 19:44:00,18,150.0,2017-10-13 05:00:00,viernes,0,Normal,Seca y limpia,Plano,Terraplen,Recta,Transito normal con precaución,21,20,0,0,1.0,Choque,no determinada,2512_1_18,5.0,16.0
Córdoba,2018-04-19 21:51:00,65,780.0,2018-03-02 05:00:00,viernes,15,Normal,Seca y limpia,Plano,Terraplen,Recta,Transito normal con precaución,0,0,0,0,1.0,Choque,desobediencia a normas y senales,2513_0_65,12.0,12.0
Córdoba,2018-04-19 21:57:00,66,800.0,2018-03-14 05:00:00,miercoles,30,Normal,Seca y limpia,Plano,Terraplen,Recta,Transito normal con precaución,0,0,0,0,1.0,Volcamiento,no determinada,2513_0_66,19.0,5.0
Córdoba,2018-04-19 21:58:00,66,800.0,2018-03-14 05:00:00,miercoles,30,Normal,Seca y limpia,Plano,Terraplen,Recta,Transito normal con precaución,0,0,0,0,1.0,Volcamiento,no determinada,2513_0_66,16.0,8.0
Antioquia,2017-05-25 15:56:00,62,500.0,2016-12-21 05:00:00,miercoles,30,Normal,Seca y limpia,Plano,Terraplen,Recta,Parcial con reducción de carriles,10,0,0,0,1.0,Choque,no mantener distancia de seguridad,2512_2_62,1.0,9.0
Antioquia,2017-05-25 16:02:00,62,500.0,2016-12-14 05:00:00,miercoles,0,Normal,Seca y limpia,Plano,Terraplen,Recta,Parcial con reducción de carriles,0,0,0,0,1.0,Choque,no mantener distancia de seguridad,2512_2_62,17.0,7.0
Antioquia,2017-10-08 15:33:00,62,614.0,2017-03-23 05:00:00,jueves,10,Normal,Seca y limpia,Plano,Terraplen,Recta,Parcial con reducción de carriles,7,10,1,0,1.0,Choque,exceso de velocidad,2512_2_62,18.0,13.0
Antioquia,2017-10-31 21:29:00,62,162.0,2017-09-21 05:00:00,jueves,30,Normal,Seca y limpia,Plano,Terraplen,Recta,Parcial con reducción de carriles,9,15,0,0,1.0,Choque,no determinada,2512_2_62,6.0,3.0
Antioquia,2017-11-15 14:58:00,63,420.0,2017-09-03 05:00:00,domingo,0,Normal,Seca y limpia,Plano,Terraplen,Recta,Parcial con reducción de carriles,0,0,1,1,1.0,Choque,no mantener distancia de seguridad,2512_2_63,11.0,13.0
Antioquia,2017-11-15 15:02:00,63,810.0,2017-09-14 05:00:00,jueves,10,Normal,Seca y limpia,Plano,Terraplen,Recta,Transito normal con precaución,15,35,1,1,1.0,Choque,no mantener distancia de seguridad,2512_2_63,9.0,6.0
Antioquia,2017-12-29 20:08:00,62,345.0,2017-10-06 05:00:00,viernes,30,Normal,Seca y limpia,Plano,Terraplen,Recta,Transito normal con precaución,13,40,0,0,1.0,Choque,no determinada,2512_2_62,16.0,21.0
Antioquia,2018-02-28 15:24:00,62,937.0,2018-01-15 05:00:00,lunes,0,Normal,Seca y limpia,Plano,Terraplen,Recta,Transito normal con precaución,16,5,0,0,1.0,Choque,no mantener distancia de seguridad,2512_2_62,15.0,1.0
Antioquia,2018-03-28 16:06:00,62,319.0,2018-02-24 05:00:00,sabado,50,Normal,Seca y limpia,Plano,Terraplen,Recta,Transito normal con precaución,12,30,0,0,1.0,Choque,no mantener distancia de seguridad,2512_2_62,5.0,7.0
Antioquia,2017-05-24 14:40:00,22,800.0,2016-12-22 05:00:00,jueves,50,Lluvia,Seca y limpia,Plano,Terraplen,Curva Derecha,Parcial con reducción de carriles,0,30,0,0,1.0,Volcamiento,exceso en horas de conduccion,2512_1_22,14.0,10.0
Antioquia,2017-05-24 15:40:00,43,800.0,2016-12-12 05:00:00,lunes,20,Normal,Seca y limpia,Plano,Terraplen,Recta,Parcial con reducción de carriles,12,40,0,0,1.0,Choque,maniobras imprudentes,2512_1_43,19.0,17.0
Antioquia,2017-05-24 15:44:00,36,43.0,2016-12-09 05:00:00,viernes,0,Normal,Seca y limpia,Plano,Terraplen,Recta,Parcial con reducción de carriles,8,40,0,0,1.0,Choque,exceso en horas de conduccion,2512_1_36,13.0,19.0
Antioquia,2017-05-24 15:47:00,34,485.0,2016-12-26 05:00:00,lunes,40,Normal,Seca y limpia,Plano,Terraplen,Curva Izquierda,Parcial con reducción de carriles,13,15,0,0,1.0,Volcamiento,exceso en horas de conduccion,2512_1_34,15.0,22.0
Antioquia,2017-05-24 15:54:00,49,200.0,2016-12-26 05:00:00,lunes,0,Lluvia,Humeda,Plano,Terraplen,Curva Izquierda,Parcial con reducción de carriles,10,30,2,0,1.0,Atropello,maniobras imprudentes,2512_1_49,12.0,22.0
Antioquia,2017-05-25 15:25:00,0,700.0,2016-12-27 05:00:00,martes,0,Normal,Seca y limpia,Plano,Terraplen,Recta,Parcial con reducción de carriles,13,45,0,0,1.0,Choque,no mantener distancia de seguridad,2512_1_0,14.0,23.0
Antioquia,2017-05-25 15:28:00,16,450.0,2016-12-28 05:00:00,miercoles,30,Normal,Seca y limpia,Ondulado,Terraplen,Recta,Parcial con reducción de carriles,14,45,0,0,1.0,Choque,no mantener distancia de seguridad,2512_1_16,12.0,2.0