territorial,fecha_registro,pr,distancia_pr,fecha_acc,dia_semana_acc,min_acc,condic_meteor,estado_super,terreno,secc_tip,geometria_acc,tipo_cierre,horas_cierre,min_cierre,n_heridos,n_muertos,n_victimas,clase_accidente,causa_posible,ref_loc,hora_acc,duracion_cierre_horas
Antioquia,2017-05-25 15:36:00,34,600.0,2016-12-29 05:00:00,jueves,50,Normal,Seca y limpia,Plano,Terraplen,Recta,Parcial con reducción de carriles,12,30,0,0,1.0,Choque,no determinada,2512_1_34,15.0,21.0
Antioquia,2017-05-25 15:43:00,27,225.0,2016-12-31 05:00:00,sabado,50,Lluvia,Seca y limpia,Plano,Terraplen,Recta,Cierre total,14,10,0,1,1.0,Choque,adelantamientos indebidos,2512_1_27,12.0,2.0
Antioquia,2017-05-25 15:46:00,63,241.0,2016-12-24 05:00:00,sabado,10,Normal,Seca y limpia,Plano,Terraplen,Recta,Parcial con reducción de carriles,17,25,0,0,1.0,Choque,no mantener distancia de seguridad,2512_1_63,8.0,9.0
Antioquia,2017-05-25 15:48:00,63,859.0,2016-12-25 05:00:00,domingo,20,Normal,Seca y limpia,Plano,Terraplen,Recta,Parcial con reducción de carriles,19,40,1,0,1.0,Choque,maniobras imprudentes,2512_1_63,4.0,15.0
Antioquia,2017-05-25 15:51:00,61,450.0,2016-12-17 05:00:00,sabado,35,Normal,Seca y limpia,Plano,Terraplen,Recta,Parcial con reducción de carriles,12,45,0,0,1.0,Choque,maniobras imprudentes,2512_1_61,19.0,17.0
Antioquia,2017-05-25 15:59:00,61,800.0,2016-12-21 05:00:00,miercoles,20,Normal,Seca y limpia,Plano,Terraplen,Recta,Parcial con reducción de carriles,10,50,0,0,1.0,Choque,desobediencia a normas y senales,2512_1_61,20.0,14.0
Antioquia,2017-07-06 21:55:00,2,0.0,2017-01-20 05:00:00,viernes,35,Normal,Seca y limpia,Plano,Media Ladera Derecha,Recta,Parcial con reducción de carriles,17,35,2,0,1.0,Volcamiento,no determinada,2512_1_2,8.0,9.0
Antioquia,2017-07-06 21:58:00,7,900.0,2017-01-08 05:00:00,domingo,0,Normal,Seca y limpia,Plano,Terraplen,Recta,Parcial con reducción de carriles,17,15,2,0,1.0,Volcamiento,no determinada,2512_1_7,11.0,6.0
Antioquia,2017-07-06 22:02:00,30,150.0,2017-01-26 05:00:00,jueves,30,Normal,Seca y limpia,Plano,Terraplen,Recta,Parcial con reducción de carriles,17,10,3,0,1.0,Choque,adelantamientos indebidos,2512_1_30,14.0,3.0
Antioquia,2017-07-06 22:04:00,1,700.0,2017-01-29 05:00:00,domingo,0,Normal,Seca y limpia,Plano,Terraplen,Recta,Parcial con reducción de carriles,11,15,0,0,1.0,Choque,no mantener distancia de seguridad,2512_1_1,18.0,17.0
Antioquia,2017-07-06 22:07:00,48,700.0,2017-01-04 05:00:00,miercoles,20,Normal,Seca y limpia,Plano,Terraplen,Recta,Parcial con reducción de carriles,8,10,0,0,1.0,Choque,no determinada,2512_1_48,14.0,18.0
Antioquia,2017-07-06 22:10:00,33,900.0,2017-01-09 05:00:00,lunes,30,Normal,Seca y limpia,Plano,Terraplen,Recta,Parcial con reducción de carriles,12,45,0,0,1.0,Choque,no mantener distancia de seguridad,2512_1_33,17.0,19.0
Antioquia,2017-07-06 22:13:00,56,300.0,2017-01-08 05:00:00,domingo,20,Lluvia,Humeda,Plano,Terraplen,Recta,Parcial con reducción de carriles,0,5,0,0,1.0,Choque,no determinada,2512_1_56,23.0,1.0
Antioquia,2017-07-06 22:16:00,61,565.0,2017-01-03 05:00:00,martes,0,Normal,Seca y limpia,Ondulado,Media Ladera Derecha,Curva Derecha,Parcial con reducción de carriles,10,50,0,0,1.0,Choque,no determinada,2512_1_61,21.0,13.0
Antioquia,2017-07-06 22:20:00,61,274.0,2017-01-03 05:00:00,martes,15,Normal,Seca y limpia,Ondulado,Media Ladera Derecha,Curva Derecha,Parcial con reducción de carriles,10,30,0,0,1.0,Choque,no mantener distancia de seguridad,2512_1_61,8.0,2.0
Antioquia,2017-07-06 22:22:00,62,135.0,2017-01-05 05:00:00,jueves,50,Normal,Seca y limpia,Plano,Terraplen,Curva Derecha,Parcial con reducción de carriles,20,10,1,0,1.0,Choque,no determinada,2512_1_62,12.0,8.0
Antioquia,2017-07-06 22:24:00,61,842.0,2017-01-18 05:00:00,miercoles,40,Normal,Seca y limpia,Ondulado,Media Ladera Derecha,Curva Derecha,Parcial con reducción de carriles,7,10,1,0,1.0,Choque,no determinada,2512_1_61,8.0,23.0
Antioquia,2017-07-06 22:26:00,61,40.0,2017-01-28 05:00:00,sabado,0,Normal,Seca y limpia,Plano,Media Ladera Derecha,Curva Derecha,Parcial con reducción de carriles,14,20,1,0,1.0,Choque,desobediencia a normas y senales,2512_1_61,6.0,8.0
Antioquia,2017-07-11 21:47:00,33,260.0,2017-02-17 05:00:00,viernes,20,Normal,Seca y limpia,Plano,Terraplen,Recta,Parcial con reducción de carriles,12,40,1,0,1.0,Choque,no determinada,2512_1_33,18.0,18.0
Antioquia,2017-07-11 21:52:00,2,0.0,2017-02-28 05:00:00,martes,0,Normal,Seca y limpia,Plano,Terraplen,Recta,Parcial con reducción de carriles,13,0,1,0,1.0,Choque,no mantener distancia de seguridad,2512_1_2,17.0,20.0
Antioquia,2017-07-11 21:54:00,61,533.0,2017-02-13 05:00:00,lunes,13,Normal,Seca y limpia,Plano,Terraplen,Recta,Parcial con reducción de carriles,20,15,0,0,1.0,Choque,no determinada,2512_1_61,1.0,19.0
Antioquia,2017-07-11 21:57:00,61,446.0,2017-02-04 05:00:00,sabado,50,Normal,Seca y limpia,Plano,Terraplen,Recta,Parcial con reducción de carriles,21,30,0,0,1.0,Choque,maniobras imprudentes,2512_1_61,7.0,14.0
Antioquia,2017-07-11 21:59:00,61,450.0,2017-02-21 05:00:00,martes,50,Normal,Seca y limpia,Plano,Media ladera Izquierda,Curva Derecha,Parcial con reducción de carriles,7,40,0,0,1.0,Choque,maniobras imprudentes,2512_1_61,11.0,20.0
Antioquia,2017-10-04 20:28:00,37,100.0,2017-08-19 05:00:00,sabado,15,Lluvia,Humeda,Plano,Terraplen,Recta,Parcial con reducción de carriles,19,50,0,0,1.0,Choque,no determinada,2512_1_37,11.0,8.0
Antioquia,2017-10-04 20:37:00,47,900.0,2017-07-19 05:00:00,miercoles,10,Normal,Seca y limpia,Ondulado,Terraplen,Recta,Parcial con reducción de carriles,20,40,0,1,1.0,Choque,adelantamientos indebidos,2512_1_47,17.0,3.0
Antioquia,2017-10-04 20:39:00,53,150.0,2017-08-11 05:00:00,viernes,30,Normal,Seca y limpia,Plano,Terraplen,Recta,Parcial con reducción de carriles,21,30,0,0,1.0,Choque,no determinada,2512_1_53,12.0,9.0
Antioquia,2017-10-04 20:46:00,61,950.0,2017-08-23 05:00:00,miercoles,30,Normal,Seca y limpia,Plano,Terraplen,Recta,Parcial con reducción de carriles,21,30,0,0,1.0,Choque,no determinada,2512_1_61,5.0,16.0
Antioquia,2017-10-06 13:15:00,8,850.0,2017-03-08 05:00:00,miercoles,45,Normal,Seca y limpia,Plano,Terraplen,Recta,Parcial con reducción de carriles,19,0,2,1,1.0,Choque,no determinada,2512_1_8,8.0,11.0
Antioquia,2017-10-06 13:31:00,53,760.0,2017-03-07 05:00:00,martes,20,Normal,Seca y limpia,Plano,Terraplen,Recta,Parcial con reducción de carriles,7,10,0,0,1.0,Choque,no determinada,2512_1_53,6.0,1.0
Antioquia,2017-10-08 15:22:00,22,40.0,2017-03-10 05:00:00,viernes,35,Normal,Seca y limpia,Plano,Terraplen,Recta,Parcial con reducción de carriles,1,15,0,0,1.0,Choque,fallas mecanicas y del sistema electrico,2512_1_22,8.0,17.0
Antioquia,2017-10-08 15:27:00,6,931.0,2017-02-27 05:00:00,lunes,40,Normal,Seca y limpia,Plano,Terraplen,Recta,Parcial con reducción de carriles,8,55,0,0,1.0,Choque,no determinada,2512_1_6,17.0,15.0
Antioquia,2017-10-09 16:19:00,61,897.0,2017-03-08 05:00:00,miercoles,0,Normal,Seca y limpia,Plano,Terraplen,Recta,Parcial con reducción de carriles,0,0,0,0,1.0,Choque,no determinada,2512_1_61,21.0,3.0
Antioquia,2017-10-17 19:53:00,7,650.0,2017-09-17 05:00:00,domingo,50,Normal,Seca y limpia,Plano,Terraplen,Recta,Parcial con reducción de carriles,3,15,0,0,1.0,Caída ocupante,no mantener distancia de seguridad,2512_1_7,19.0,8.0
Antioquia,2017-10-17 20:09:00,14,300.0,2017-09-20 05:00:00,miercoles,0,Normal,Seca y limpia,Plano,Terraplen,Recta,Parcial con reducción de carriles,0,0,0,0,1.0,Atropello,no determinada,2512_1_14,13.0,11.0
Antioquia,2017-10-17 20:13:00,22,50.0,2017-09-19 05:00:00,martes,20,Normal,Seca y limpia,Plano,Terraplen,Recta,Parcial con reducción de carriles,14,35,1,0,1.0,Choque,exceso en horas de conduccion,2512_1_22,16.0,22.0
Antioquia,2017-10-17 20:20:00,29,200.0,2017-09-16 05:00:00,sabado,15,Normal,Seca y limpia,Plano,Terraplen,Recta,Parcial con reducción de carriles,0,0,0,1,1.0,Choque,maniobras imprudentes,2512_1_29,6.0,18.0
Antioquia,2017-10-17 20:42:00,54,100.0,2017-09-03 05:00:00,domingo,45,Normal,Seca y limpia,Plano,Terraplen,Recta,Parcial con reducción de carriles,12,45,0,0,1.0,Caída ocupante,no mantener distancia de seguridad,2512_1_54,22.0,14.0
Antioquia,2017-10-17 20:48:00,61,767.0,2017-09-26 05:00:00,martes,20,Normal,Seca y limpia,Plano,Terraplen,Recta,Parcial con reducción de carriles,0,0,0,0,1.0,Choque,no mantener distancia de seguridad,2512_1_61,12.0,12.0
Antioquia,2017-10-31 21:06:00,61,795.0,2017-09-05 05:00:00,martes,0,Normal,Seca y limpia,Plano,Terraplen,Recta,Parcial con reducción de carriles,16,0,0,0,1.0,Choque,no mantener distancia de seguridad,2512_1_61,15.0,1.0
Antioquia,2017-10-31 21:14:00,62,127.0,2017-10-17 05:00:00,martes,58,Lluvia,Humeda,Plano,Terraplen,Recta,Parcial con reducción de carriles,4,10,0,1,1.0,Choque,no determinada,2512_1_62,17.0,11.0
Antioquia,2017-11-15 21:56:00,28,500.0,2017-04-09 05:00:00,domingo,50,Normal,Seca y limpia,Plano,Terraplen,Recta,Parcial con reducción de carriles,19,10,5,0,1.0,Choque,no determinada,2512_1_28,12.0,7.0
Antioquia,2017-11-15 22:01:00,34,150.0,2017-04-12 05:00:00,miercoles,0,Normal,Seca y limpia,Plano,Terraplen,Recta,Parcial con reducción de carriles,6,30,0,0,1.0,Choque,no determinada,2512_1_34,10.0,20.0
Antioquia,2017-11-17 13:15:00,36,40.0,2017-04-08 05:00:00,sabado,40,Normal,Seca y limpia,Plano,Terraplen,Recta,Parcial con reducción de carriles,7,0,2,0,1.0,Choque,no determinada,2512_1_36,23.0,8.0
Antioquia,2017-11-17 13:19:00,39,750.0,2017-04-02 05:00:00,domingo,0,Normal,Seca y limpia,Plano,Terraplen,Recta,Parcial con reducción de carriles,17,10,0,1,1.0,Choque,exceso en horas de conduccion,2512_1_39,17.0,0.0
Antioquia,2017-11-17 13:24:00,57,100.0,2017-04-12 05:00:00,miercoles,40,Normal,Seca y limpia,Plano,Terraplen,Recta,Parcial con reducción de carriles,17,20,0,0,1.0,Choque,condiciones de la via y factores ambientales,2512_1_57,13.0,4.0
Antioquia,2017-11-27 21:04:00,0,800.0,2017-06-08 05:00:00,jueves,50,Lluvia,Humeda,Plano,Terraplen,Curva Derecha,Transito normal con precaución,0,0,0,0,1.0,Choque,no determinada,2512_1_0,21.0,3.0
Antioquia,2017-11-27 21:25:00,2,250.0,2017-06-19 05:00:00,lunes,0,Lluvia,Humeda,Plano,Terraplen,Recta,Parcial con reducción de carriles,2,20,0,0,1.0,Choque,condiciones de la via y factores ambientales,2512_1_2,15.0,11.0
Antioquia,2017-11-23 15:25:00,4,300.0,2017-05-30 05:00:00,martes,20,Normal,Seca y limpia,Plano,Media ladera Izquierda,Recta,Parcial con reducción de carriles,7,10,0,0,1.0,Volcamiento,no determinada,2512_1_4,7.0,0.0
Antioquia,2017-11-23 15:37:00,42,950.0,2017-05-23 05:00:00,martes,40,Normal,Seca y limpia,Plano,Terraplen,Recta,Parcial con reducción de carriles,9,10,0,0,1.0,Volcamiento,no determinada,2512_1_42,23.0,10.0
Antioquia,2017-11-27 21:29:00,20,700.0,2017-06-28 05:00:00,miercoles,40,Normal,Seca y limpia,Plano,Terraplen,Recta,Parcial con reducción de carriles,2,20,0,0,1.0,Volcamiento,no determinada,2512_1_20,17.0,9.0
Antioquia,2017-11-27 21:41:00,42,300.0,2017-06-07 05:00:00,miercoles,0,Lluvia,Seca y limpia,Plano,Terraplen,Recta,Transito normal con precaución,11,0,0,0,1.0,Choque,maniobras imprudentes,2512_1_42,0.0,11.0
Antioquia,2017-11-27 21:48:00,59,318.0,2017-06-16 05:00:00,viernes,40,Normal,Seca y limpia,Plano,Terraplen,Recta,Transito normal con precaución,6,0,0,0,1.0,Choque,no determinada,2512_1_59,8.0,22.0
Antioquia,2017-11-28 13:22:00,62,930.0,2017-04-11 05:00:00,martes,30,Normal,Humeda,Plano,Terraplen,Recta,Parcial con reducción de carriles,5,20,0,0,1.0,Choque,no determinada,2512_1_62,15.0,14.0
Antioquia,2017-12-11 15:05:00,23,0.0,2017-07-26 05:00:00,miercoles,0,Lluvia,Humeda,Plano,Terraplen,Curva Derecha,Transito normal con precaución,21,35,0,0,1.0,Choque,no determinada,2512_1_23,11.0,10.0
Antioquia,2017-12-11 15:11:00,5,700.0,2017-07-08 05:00:00,sabado,0,Normal,Seca y limpia,Plano,Terraplen,Recta,Transito normal con precaución,21,35,0,0,1.0,Choque,no determinada,2512_1_5,4.0,17.0
Antioquia,2017-12-11 15:17:00,48,950.0,2017-07-09 05:00:00,domingo,0,Normal,Seca y limpia,Plano,Terraplen,Recta,Transito normal con precaución,12,40,0,0,1.0,Volcamiento,fallas mecanicas y del sistema electrico,2512_1_48,18.0,18.0
Antioquia,2017-12-11 15:25:00,26,256.0,2017-07-28 05:00:00,viernes,40,Normal,Seca y limpia,Plano,Terraplen,Recta,Transito normal con precaución,16,20,1,0,1.0,Choque,no determinada,2512_1_26,7.0,9.0
Antioquia,2017-12-11 15:30:00,62,854.0,2017-07-10 05:00:00,lunes,50,Normal,Seca y limpia,Plano,Terraplen,Recta,Transito normal con precaución,11,55,0,0,1.0,Choque,no mantener distancia de seguridad,2512_1_62,9.0,2.0
Antioquia,2017-12-29 19:47:00,19,800.0,2017-10-18 05:00:00,miercoles,0,Normal,Seca y limpia,Plano,Terraplen,Recta,Transito normal con precaución,15,30,0,0,1.0,Choque,desobediencia a normas y senales,2512_1_19,6.0,9.0
Antioquia,2017-12-29 19:51:00,51,800.0,2017-10-09 05:00:00,lunes,30,Normal,Seca y limpia,Plano,Terraplen,Recta,Transito normal con precaución,0,0,1,0,1.0,Choque,no determinada,2512_1_51,14.0,10.0
Antioquia,2017-12-29 19:55:00,52,370.0,2017-10-09 05:00:00,lunes,30,Normal,Seca y limpia,Plano,Terraplen,Recta,Parcial con reducción de carriles,0,0,1,0,1.0,Choque,no determinada,2512_1_52,14.0,10.0
Antioquia,2017-12-29 20:02:00,61,516.0,2017-10-22 05:00:00,domingo,17,Normal,Seca y limpia,Plano,Terraplen,Recta,Parcial con reducción de carriles,21,26,2,0,1.0,Choque,desobediencia a normas y senales,2512_1_61,20.0,1.0
Antioquia,2018-01-03 13:14:00,12,150.0,2017-11-08 05:00:00,miercoles,20,Normal,Seca y limpia,Ondulado,Media ladera Izquierda,Recta,Parcial con reducción de carriles,7,40,1,0,1.0,Choque,no determinada,2512_1_12,12.0,19.0
Antioquia,2018-01-03 13:31:00,16,800.0,2017-11-01 05:00:00,miercoles,15,Normal,Seca y limpia,Plano,Terraplen,Recta,Transito normal con precaución,21,30,0,0,1.0,Choque,no determinada,2512_1_16,10.0,11.0
Antioquia,2018-01-03 13:41:00,39,700.0,2017-11-04 05:00:00,sabado,20,Normal,Seca y limpia,Plano,Terraplen,Recta,Parcial con reducción de carriles,9,15,1,0,1.0,Choque,adelantamientos indebidos,2512_1_39,14.0,19.0
Antioquia,2018-01-03 13:49:00,42,100.0,2017-11-24 05:00:00,viernes,15,Normal,Seca y limpia,Plano,Terraplen,Recta,Transito normal con precaución,1,0,0,0,1.0,Choque,no determinada,2512_1_42,18.0,7.0
Antioquia,2018-01-03 13:54:00,44,300.0,2017-11-19 05:00:00,domingo,17,Normal,Seca y limpia,Plano,Terraplen,Recta,Transito normal con precaución,23,10,0,0,1.0,Choque,no determinada,2512_1_44,6.0,17.0
Antioquia,2018-01-03 13:58:00,49,950.0,2017-11-22 05:00:00,miercoles,40,Normal,Seca y limpia,Plano,Terraplen,Recta,Transito normal con precaución,19,15,0,0,1.0,Atropello,maniobras imprudentes,2512_1_49,12.0,7.0
Antioquia,2018-01-03 14:02:00,61,436.0,2017-11-11 05:00:00,sabado,0,Normal,Seca y limpia,Plano,Terraplen,Recta,Parcial con reducción de carriles,6,30,1,0,1.0,Atropello,no determinada,2512_1_61,23.0,7.0
Antioquia,2018-01-03 14:06:00,61,826.0,2017-11-19 05:00:00,domingo,10,Normal,Seca y limpia,Plano,Terraplen,Recta,Transito normal con precaución,0,0,0,0,1.0,Choque,condiciones de la via y factores ambientales,2512_1_61,19.0,5.0
Antioquia,2018-01-26 14:17:00,8,350.0,2017-12-29 05:00:00,viernes,10,Normal,Seca y limpia,Plano,Terraplen,Recta,Transito normal con precaución,9,30,0,0,1.0,Choque,no determinada,2512_1_8,19.0,14.0
Antioquia,2018-01-26 14:56:00,8,500.0,2017-12-11 05:00:00,lunes,25,Normal,Seca y limpia,Plano,Terraplen,Recta,Transito normal con precaución,20,55,3,0,1.0,Choque,impericia en el manejo,2512_1_8,14.0,6.0
Antioquia,2018-01-26 15:10:00,20,300.0,2017-12-23 05:00:00,sabado,7,Normal,Seca y limpia,Plano,Terraplen,Recta,Transito normal con precaución,7,30,0,0,1.0,Choque,no determinada,2512_1_20,2.0,5.0
Antioquia,2018-01-26 15:24:00,24,850.0,2017-12-05 05:00:00,martes,30,Normal,Seca y limpia,Plano,Terraplen,Recta,Transito normal con precaución,0,0,0,0,1.0,Atropello,impericia en el manejo,2512_1_24,5.0,19.0
Antioquia,2018-01-26 16:09:00,28,800.0,2017-12-15 05:00:00,viernes,40,Normal,Seca y limpia,Plano,Terraplen,Recta,Transito normal con precaución,13,35,0,0,1.0,Choque,no determinada,2512_1_28,15.0,22.0
Antioquia,2018-01-26 16:19:00,30,800.0,2017-12-02 05:00:00,sabado,0,Normal,Seca y limpia,Plano,Terraplen,Recta,Parcial con reducción de carriles,0,0,1,0,1.0,Volcamiento,maniobras imprudentes,2512_1_30,8.0,16.0
Antioquia,2018-01-26 16:25:00,32,0.0,2017-12-17 05:00:00,domingo,55,Normal,Seca y limpia,Plano,Terraplen,Recta,Transito normal con precaución,0,0,2,0,1.0,Choque,embriaguez o sustancias alucinogenas,2512_1_32,9.0,15.0
Antioquia,2018-01-26 16:31:00,37,300.0,2017-12-10 05:00:00,domingo,30,Normal,Seca y limpia,Plano,Terraplen,Recta,Transito normal con precaución,5,30,0,0,1.0,Choque,no determinada,2512_1_37,16.0,13.0
Antioquia,2018-01-26 16:36:00,48,800.0,2017-12-31 05:00:00,domingo,30,Normal,Seca y limpia,Plano,Terraplen,Recta,Parcial con reducción de carriles,18,10,0,1,1.0,Choque,no determinada,2512_1_48,16.0,2.0
Antioquia,2018-01-26 16:39:00,49,100.0,2017-12-10 05:00:00,domingo,40,Normal,Seca y limpia,Plano,Terraplen,Recta,Transito normal con precaución,15,10,0,0,1.0,Volcamiento,no determinada,2512_1_49,9.0,6.0
Antioquia,2018-01-26 16:51:00,50,850.0,2017-12-31 05:00:00,domingo,13,Normal,Seca y limpia,Plano,Terraplen,Recta,Transito normal con precaución,7,2,0,0,1.0,Choque,fallas mecanicas y del sistema electrico,2512_1_50,11.0,20.0
Antioquia,2018-01-26 16:55:00,55,150.0,2017-12-29 05:00:00,viernes,40,Normal,Seca y limpia,Plano,Terraplen,Recta,Transito normal con precaución,6,10,3,0,1.0,Choque,fallas mecanicas y del sistema electrico,2512_1_55,14.0,16.0
Antioquia,2018-01-26 19:10:00,55,0.0,2017-12-02 05:00:00,sabado,40,Normal,Seca y limpia,Plano,Terraplen,Recta,Parcial con reducción de carriles,13,20,3,0,1.0,Choque,no determinada,2512_1_55,7.0,6.0
Antioquia,2018-01-26 19:14:00,62,115.0,2017-12-26 05:00:00,martes,20,Normal,Seca y limpia,Plano,Terraplen,Recta,Transito normal con precaución,0,0,0,0,1.0,Choque,fallas mecanicas y del sistema electrico,2512_1_62,7.0,17.0
Antioquia,2018-02-28 15:14:00,8,0.0,2018-01-21 05:00:00,domingo,3,Normal,Seca y limpia,Plano,Terraplen,Recta,Transito normal con precaución,15,40,0,0,1.0,Choque,no determinada,2512_1_8,23.0,16.0
Antioquia,2018-02-28 15:19:00,60,950.0,2018-01-22 05:00:00,lunes,50,Normal,Seca y limpia,Plano,Terraplen,Recta,Transito normal con precaución,7,10,0,0,1.0,Choque,no determinada,2512_1_60,8.0,23.0
Antioquia,2018-02-28 15:21:00,61,183.0,2018-01-15 05:00:00,lunes,10,Normal,Seca y limpia,Plano,Terraplen,Recta,Transito normal con precaución,17,15,0,0,1.0,Choque,fallas mecanicas y del sistema electrico,2512_1_61,7.0,10.0
Antioquia,2018-03-28 16:02:00,18,200.0,2018-02-09 05:00:00,viernes,20,Normal,Seca y limpia,Plano,Terraplen,Recta,Transito normal con precaución,5,0,0,0,1.0,Choque,no mantener distancia de seguridad,2512_1_18,13.0,16.0
Antioquia,2018-03-28 16:40:00,63,280.0,2018-02-04 05:00:00,domingo,0,Normal,Seca y limpia,Plano,Terraplen,Recta,Parcial con reducción de carriles,9,15,1,0,1.0,Choque,no determinada,2512_1_63,14.0,19.0
Antioquia,2018-03-28 16:42:00,63,280.0,2018-02-09 05:00:00,viernes,0,Normal,Seca y limpia,Plano,Terraplen,Recta,Parcial con reducción de carriles,16,15,0,0,1.0,Choque,no mantener distancia de seguridad,2512_1_63,20.0,20.0
Antioquia,2017-12-04 21:00:00,9,500.0,2017-07-19 05:00:00,miercoles,0,Normal,Seca y limpia,Plano,Media ladera Izquierda,Curva Derecha,Parcial con reducción de carriles,14,0,0,0,1.0,Volcamiento,no determinada,2511_0_9,6.0,8.0
Antioquia,2017-12-29 15:31:00,9,480.0,2017-10-19 05:00:00,jueves,10,Normal,Seca y limpia,Ondulado,Media ladera Izquierda,Curva Izquierda,Transito normal con precaución,17,35,0,0,1.0,Choque,no determinada,2511_0_9,16.0,1.0
Antioquia,2017-11-27 20:44:00,99,860.0,2017-06-21 05:00:00,miercoles,40,Normal,Seca y limpia,Plano,Terraplen,Curva Derecha,Transito normal con precaución,13,50,1,0,1.0,Atropello,no determinada,2511_0_99,14.0,23.0
Antioquia,2018-02-28 14:50:00,99,250.0,2018-01-07 05:00:00,domingo,10,Normal,Seca y limpia,Plano,Terraplen,Recta,Parcial con reducción de carriles,21,50,1,0,1.0,Choque,no determinada,2511_0_99,1.0,20.0
Antioquia,2017-10-17 19:58:00,9,500.0,2017-09-30 05:00:00,sabado,40,Lluvia,Humeda,Plano,Terraplen,Recta,Parcial con reducción de carriles,7,30,1,0,1.0,Choque,no determinada,2511_0_9,13.0,18.0
Antioquia,2017-11-22 14:43:00,9,930.0,2017-05-08 05:00:00,lunes,20,Lluvia,Humeda,Ondulado,Media Ladera Derecha,Curva Derecha,Parcial con reducción de carriles,16,36,0,0,1.0,Choque,exceso de velocidad,2511_0_9,6.0,10.0
Antioquia,2017-07-06 20:52:00,5,0.0,2017-01-07 05:00:00,sabado,30,Lluvia,Humeda,Plano,Terraplen,Recta,Parcial con reducción de carriles,17,50,0,0,1.0,Choque,adelantamientos indebidos,2511_0_5,20.0,21.0
Antioquia,2017-07-06 21:16:00,7,800.0,2017-01-07 05:00:00,sabado,5,Normal,Seca y limpia,Ondulado,Media Ladera Derecha,Curva Derecha,Parcial con reducción de carriles,16,40,1,0,1.0,Volcamiento,no determinada,2511_0_7,10.0,6.0
Antioquia,2017-07-06 21:28:00,45,100.0,2017-01-25 05:00:00,miercoles,30,Niebla,Humeda,Ondulado,Media Ladera Derecha,Curva Derecha,Parcial con reducción de carriles,22,5,0,0,1.0,Choque,adelantamientos indebidos,2511_0_45,0.0,22.0
Antioquia,2017-07-06 21:30:00,1,24.0,2017-01-21 05:00:00,sabado,30,Normal,Seca y limpia,Plano,Terraplen,Recta,Parcial con reducción de carriles,16,50,1,0,1.0,Choque,no mantener distancia de seguridad,2511_0_1,6.0,10.0
Antioquia,2017-07-06 21:33:00,36,15.0,2017-01-18 05:00:00,miercoles,0,Lluvia,Humeda,Ondulado,Media Ladera Derecha,Curva Derecha,Parcial con reducción de carriles,22,10,2,0,1.0,Volcamiento,fallas mecanicas y del sistema electrico,2511_0_36,18.0,4.0
Antioquia,2017-07-06 21:37:00,94,770.0,2017-01-09 05:00:00,lunes,0,Normal,Seca y limpia,Ondulado,Media Ladera Derecha,Curva Derecha,Parcial con reducción de carriles,5,0,0,0,1.0,Choque,no determinada,2511_0_94,10.0,19.0
Antioquia,2017-07-10 19:43:00,66,300.0,2017-02-01 05:00:00,miercoles,45,Normal,Seca y limpia,Ondulado,Media Ladera Derecha,Curva Derecha,Parcial con reducción de carriles,13,10,0,0,1.0,Choque,no mantener distancia de seguridad,2511_0_66,12.0,1.0
Antioquia,2017-07-10 20:41:00,73,20.0,2017-02-02 05:00:00,jueves,50,Normal,Seca y limpia,Montañoso,Media Ladera Derecha,Curva Derecha,Parcial con reducción de carriles,9,30,0,0,1.0,Choque,conducta de pasajeros,2511_0_73,20.0,13.0
Antioquia,2017-07-10 20:44:00,62,800.0,2017-02-02 05:00:00,jueves,0,Normal,Seca y limpia,Ondulado,Media Ladera Derecha,Recta,Parcial con reducción de carriles,0,0,0,0,1.0,Choque,no determinada,2511_0_62,11.0,13.0
Antioquia,2017-07-10 20:54:00,56,800.0,2017-02-04 05:00:00,sabado,40,Lluvia,Humeda,Montañoso,Media Ladera Derecha,Curva Derecha,Parcial con reducción de carriles,9,10,0,0,1.0,Choque,no determinada,2511_0_56,20.0,13.0
Antioquia,2017-07-10 21:03:00,46,200.0,2017-02-04 05:00:00,sabado,45,Lluvia,Humeda,Ondulado,Media Ladera Derecha,Recta,Parcial con reducción de carriles,16,10,0,0,1.0,Choque,no determinada,2511_0_46,22.0,18.0
Antioquia,2017-07-10 21:07:00,10,500.0,2017-02-04 05:00:00,sabado,15,Normal,Humeda,Ondulado,Media ladera Izquierda,Curva Izquierda,Parcial con reducción de carriles,20,55,4,0,1.0,Choque,no mantener distancia de seguridad,2511_0_10,8.0,12.0
Antioquia,2017-07-10 21:10:00,71,420.0,2017-02-07 05:00:00,martes,45,Normal,Seca y limpia,Montañoso,Media Ladera Derecha,Curva Derecha,Parcial con reducción de carriles,7,20,0,0,1.0,Choque,no determinada,2511_0_71,16.0,15.0
Antioquia,2017-07-10 21:14:00,11,500.0,2017-02-12 05:00:00,domingo,30,Normal,Seca y limpia,Montañoso,Media Ladera Derecha,Curva Derecha,Parcial con reducción de carriles,15,45,4,0,1.0,Choque,no determinada,2511_0_11,19.0,20.0
Antioquia,2017-07-10 21:19:00,11,500.0,2017-02-12 05:00:00,domingo,20,Normal,Seca y limpia,Ondulado,Media ladera Izquierda,Curva Izquierda,Parcial con reducción de carriles,15,45,2,0,1.0,Choque,no determinada,2511_0_11,9.0,6.0
Antioquia,2017-07-10 21:22:00,15,0.0,2017-02-15 05:00:00,miercoles,0,Lluvia,Humeda,Plano,Media Ladera Derecha,Curva Derecha,Parcial con reducción de carriles,17,22,2,0,1.0,Choque,no determinada,2511_0_15,11.0,6.0