territorial,fecha_registro,pr,distancia_pr,fecha_acc,dia_semana_acc,min_acc,condic_meteor,estado_super,terreno,secc_tip,geometria_acc,tipo_cierre,horas_cierre,min_cierre,n_heridos,n_muertos,n_victimas,clase_accidente,causa_posible,ref_loc,hora_acc,duracion_cierre_horas
Antioquia,2017-07-10 21:26:00,80,0.0,2017-02-14 05:00:00,martes,30,Normal,Seca y limpia,Montañoso,Media Ladera Derecha,Curva Derecha,Parcial con reducción de carriles,12,50,1,0,1.0,Choque,no determinada,2511_0_80,15.0,21.0
Antioquia,2017-07-10 21:28:00,53,200.0,2017-02-16 05:00:00,jueves,0,Normal,Seca y limpia,Ondulado,Media ladera Izquierda,Curva Derecha,Parcial con reducción de carriles,16,20,0,0,1.0,Choque,conducta de pasajeros,2511_0_53,7.0,9.0
Antioquia,2017-07-10 21:41:00,2,800.0,2017-02-16 05:00:00,jueves,30,Normal,Seca y limpia,Plano,Media Ladera Derecha,Recta,Parcial con reducción de carriles,15,50,1,0,1.0,Atropello,no determinada,2511_0_2,7.0,8.0
Antioquia,2017-07-10 21:46:00,75,0.0,2017-02-16 05:00:00,jueves,10,Lluvia,Humeda,Montañoso,Media ladera Izquierda,Curva Derecha,Parcial con reducción de carriles,8,15,0,0,1.0,Choque,no determinada,2511_0_75,4.0,4.0
Antioquia,2017-07-10 21:49:00,76,300.0,2017-02-20 05:00:00,lunes,10,Normal,Seca y limpia,Ondulado,Media ladera Izquierda,Curva Izquierda,Parcial con reducción de carriles,0,40,0,0,1.0,Volcamiento,no determinada,2511_0_76,22.0,2.0
Antioquia,2017-07-10 21:53:00,68,700.0,2017-02-21 05:00:00,martes,30,Niebla,Seca y limpia,Montañoso,Media Ladera Derecha,Curva Derecha,Parcial con reducción de carriles,8,50,1,0,1.0,Choque,no determinada,2511_0_68,21.0,11.0
Antioquia,2017-07-10 21:56:00,55,250.0,2017-02-21 05:00:00,martes,30,Normal,Seca y limpia,Ondulado,Media ladera Izquierda,Curva Izquierda,Parcial con reducción de carriles,10,0,0,0,1.0,Choque,no determinada,2511_0_55,8.0,2.0
Antioquia,2017-07-10 22:02:00,76,400.0,2017-02-22 05:00:00,miercoles,40,Normal,Seca y limpia,Ondulado,Media ladera Izquierda,Recta,Parcial con reducción de carriles,7,20,0,0,1.0,Choque,no determinada,2511_0_76,11.0,20.0
Antioquia,2017-07-10 22:08:00,68,800.0,2017-02-16 05:00:00,jueves,30,Normal,Seca y limpia,Montañoso,Media Ladera Derecha,Curva Derecha,Parcial con reducción de carriles,9,40,0,0,1.0,Choque,no determinada,2511_0_68,14.0,19.0
Antioquia,2017-07-11 19:43:00,27,300.0,2017-02-23 05:00:00,jueves,0,Lluvia,Humeda,Ondulado,Media ladera Izquierda,Curva Izquierda,Parcial con reducción de carriles,18,20,1,0,1.0,Choque,no mantener distancia de seguridad,2511_0_27,15.0,3.0
Antioquia,2017-07-11 19:47:00,55,500.0,2017-02-22 05:00:00,miercoles,2,Normal,Seca y limpia,Montañoso,Media ladera Izquierda,Curva Izquierda,Parcial con reducción de carriles,17,30,0,0,1.0,Choque,no determinada,2511_0_55,21.0,20.0
Antioquia,2017-07-11 21:17:00,88,320.0,2017-02-23 05:00:00,jueves,10,Lluvia,Humeda,Montañoso,Media ladera Izquierda,Curva Izquierda,Parcial con reducción de carriles,14,0,1,0,1.0,Choque,no mantener distancia de seguridad,2511_0_88,11.0,3.0
Antioquia,2017-07-11 21:25:00,82,500.0,2017-02-24 05:00:00,viernes,0,Normal,Seca y limpia,Montañoso,Media Ladera Derecha,Curva Derecha,Parcial con reducción de carriles,8,0,0,0,1.0,Choque,no mantener distancia de seguridad,2511_0_82,16.0,16.0
Antioquia,2017-07-11 21:40:00,55,500.0,2017-02-22 05:00:00,miercoles,2,Normal,Seca y limpia,Ondulado,Media Ladera Derecha,Curva Derecha,Parcial con reducción de carriles,17,30,0,0,1.0,Choque,no mantener distancia de seguridad,2511_0_55,3.0,14.0
Antioquia,2017-07-11 22:15:00,55,270.0,2017-03-10 05:00:00,viernes,10,Normal,Seca y limpia,Ondulado,Media Ladera Derecha,Recta,Parcial con reducción de carriles,8,45,0,0,1.0,Choque,no mantener distancia de seguridad,2511_0_55,18.0,14.0
Antioquia,2017-10-04 19:34:00,1,700.0,2017-08-31 05:00:00,jueves,50,Normal,Seca y limpia,Plano,Media Ladera Derecha,Recta,Parcial con reducción de carriles,17,25,1,0,1.0,Atropello,condiciones de la via y factores ambientales,2511_0_1,5.0,12.0
Antioquia,2017-10-04 19:36:00,3,857.0,2017-08-09 05:00:00,miercoles,0,Niebla,Humeda,Plano,Terraplen,Recta,Parcial con reducción de carriles,9,0,1,0,1.0,Caída ocupante,desobediencia a normas y senales,2511_0_3,5.0,4.0
Antioquia,2017-10-04 19:38:00,11,500.0,2017-08-26 05:00:00,sabado,10,Lluvia,Humeda,Ondulado,Media ladera Izquierda,Curva Izquierda,Parcial con reducción de carriles,13,30,0,0,1.0,Choque,no determinada,2511_0_11,17.0,20.0
Antioquia,2017-10-04 19:40:00,11,600.0,2017-08-07 05:00:00,lunes,40,Normal,Seca y limpia,Ondulado,Media ladera Izquierda,Recta,Parcial con reducción de carriles,4,10,2,0,1.0,Choque,adelantamientos indebidos,2511_0_11,19.0,9.0
Antioquia,2017-10-04 19:42:00,14,990.0,2017-08-03 05:00:00,jueves,0,Normal,Seca y limpia,Ondulado,Media ladera Izquierda,Curva Derecha,Parcial con reducción de carriles,14,40,0,0,1.0,Choque,no mantener distancia de seguridad,2511_0_14,6.0,8.0
Antioquia,2017-05-22 15:46:00,2,400.0,2016-12-01 05:00:00,jueves,0,Lluvia,Humeda,Ondulado,Media ladera Izquierda,Recta,Transito normal con precaución,16,30,0,0,1.0,Choque,maniobras imprudentes,2511_0_2,18.0,22.0
Antioquia,2017-05-22 16:10:00,11,350.0,2016-12-08 05:00:00,jueves,0,Normal,Seca y limpia,Ondulado,Media ladera Izquierda,Recta,Parcial con reducción de carriles,0,0,1,0,1.0,Choque,embriaguez o sustancias alucinogenas,2511_0_11,19.0,5.0
Antioquia,2017-05-22 16:14:00,3,200.0,2016-12-07 05:00:00,miercoles,30,Normal,Seca y limpia,Plano,Terraplen,Recta,Parcial con reducción de carriles,11,5,0,0,1.0,Choque,no mantener distancia de seguridad,2511_0_3,10.0,1.0
Antioquia,2017-05-22 16:20:00,51,50.0,2016-12-12 05:00:00,lunes,15,Lluvia,Humeda,Montañoso,Media Ladera Derecha,Recta,Parcial con reducción de carriles,16,0,3,0,1.0,Choque,estacionamiento y senalizacion imprudente,2511_0_51,9.0,7.0
Antioquia,2017-05-22 16:25:00,66,800.0,2016-12-16 05:00:00,viernes,0,Lluvia,Humeda,Ondulado,Media ladera Izquierda,Recta,Parcial con reducción de carriles,9,30,0,0,1.0,Choque,no determinada,2511_0_66,12.0,21.0
Antioquia,2017-05-22 16:28:00,76,100.0,2016-12-19 05:00:00,lunes,0,Normal,Seca y limpia,Ondulado,Media ladera Izquierda,Curva Izquierda,Parcial con reducción de carriles,13,0,0,0,1.0,Choque,no determinada,2511_0_76,5.0,8.0
Antioquia,2017-05-22 16:32:00,65,800.0,2016-12-10 05:00:00,sabado,0,Lluvia,Humeda,Plano,Media ladera Izquierda,Recta,Parcial con reducción de carriles,18,0,0,0,1.0,Choque,condiciones de la via y factores ambientales,2511_0_65,18.0,0.0
Antioquia,2017-05-22 16:38:00,16,200.0,2016-12-22 05:00:00,jueves,35,Lluvia,Humeda,Plano,Terraplen,Curva Derecha,Parcial con reducción de carriles,15,58,0,0,1.0,Choque,no determinada,2511_0_16,13.0,2.0
Antioquia,2017-05-22 16:42:00,0,760.0,2016-12-19 05:00:00,lunes,0,Normal,Seca y limpia,Ondulado,Terraplen,Curva Derecha,Parcial con reducción de carriles,21,40,0,0,1.0,Choque,adelantamientos indebidos,2511_0_0,19.0,2.0
Antioquia,2017-05-22 16:46:00,21,200.0,2016-12-18 05:00:00,domingo,50,Normal,Seca y limpia,Ondulado,Media Ladera Derecha,Curva Izquierda,Parcial con reducción de carriles,11,5,2,0,1.0,Choque,no determinada,2511_0_21,17.0,18.0
Antioquia,2017-05-22 16:52:00,21,0.0,2016-12-21 05:00:00,miercoles,30,Lluvia,Humeda,Ondulado,Media ladera Izquierda,Curva Izquierda,Parcial con reducción de carriles,17,0,0,0,1.0,Choque,condiciones de la via y factores ambientales,2511_0_21,22.0,19.0
Antioquia,2017-05-22 16:56:00,0,360.0,2016-12-12 05:00:00,lunes,10,Lluvia,Humeda,Plano,Terraplen,Curva Derecha,Parcial con reducción de carriles,19,35,2,0,1.0,Choque,maniobras imprudentes,2511_0_0,8.0,11.0
Antioquia,2017-05-22 17:01:00,19,600.0,2016-12-18 05:00:00,domingo,50,Normal,Seca y limpia,Ondulado,Media ladera Izquierda,Curva Derecha,Parcial con reducción de carriles,12,15,1,0,1.0,Choque,no determinada,2511_0_19,19.0,17.0
Antioquia,2017-05-22 17:04:00,76,100.0,2016-12-13 05:00:00,martes,0,Normal,Seca y limpia,Ondulado,Media ladera Izquierda,Curva Izquierda,Parcial con reducción de carriles,21,20,0,0,1.0,Choque,no determinada,2511_0_76,9.0,12.0
Antioquia,2017-05-22 17:08:00,63,100.0,2016-12-20 05:00:00,martes,0,Normal,Seca y limpia,Ondulado,Media Ladera Derecha,Curva Derecha,Parcial con reducción de carriles,20,30,1,0,1.0,Choque,conducta de pasajeros,2511_0_63,9.0,11.0
Antioquia,2017-05-22 19:12:00,71,650.0,2016-12-27 05:00:00,martes,50,Normal,Seca y limpia,Ondulado,Media ladera Izquierda,Curva Derecha,Parcial con reducción de carriles,8,30,1,0,1.0,Choque,no determinada,2511_0_71,15.0,17.0
Antioquia,2017-05-22 19:19:00,61,200.0,2016-12-28 05:00:00,miercoles,30,Normal,Seca y limpia,Ondulado,Media Ladera Derecha,Curva Izquierda,Transito normal con precaución,11,30,1,0,1.0,Volcamiento,no determinada,2511_0_61,14.0,21.0
Antioquia,2017-05-22 19:35:00,80,550.0,2016-12-30 05:00:00,viernes,0,Normal,Seca y limpia,Ondulado,Media ladera Izquierda,Curva Derecha,Transito normal con precaución,8,40,0,0,1.0,Choque,estacionamiento y senalizacion imprudente,2511_0_80,6.0,2.0
Antioquia,2017-05-22 19:40:00,61,50.0,2016-12-31 05:00:00,sabado,0,Normal,Seca y limpia,Plano,Media Ladera Derecha,Recta,Parcial con reducción de carriles,7,0,0,0,1.0,Choque,no determinada,2511_0_61,21.0,10.0
Antioquia,2017-05-22 19:44:00,0,840.0,2016-12-08 05:00:00,jueves,10,Normal,Seca y limpia,Plano,Terraplen,Curva Derecha,Parcial con reducción de carriles,11,0,0,0,1.0,Choque,embriaguez o sustancias alucinogenas,2511_0_0,7.0,4.0
Antioquia,2017-05-22 19:49:00,86,900.0,2016-12-23 05:00:00,viernes,40,Normal,Seca y limpia,Plano,Media ladera Izquierda,Recta,Transito normal con precaución,20,10,4,0,1.0,Choque,no determinada,2511_0_86,12.0,8.0
Antioquia,2017-05-22 21:47:00,55,0.0,2016-12-22 05:00:00,jueves,40,Normal,Seca y limpia,Ondulado,Media ladera Izquierda,Recta,Parcial con reducción de carriles,10,20,0,1,1.0,Atropello,no determinada,2511_0_55,12.0,22.0
Antioquia,2017-05-22 21:52:00,16,850.0,2016-12-22 05:00:00,jueves,50,Lluvia,Humeda,Montañoso,Media ladera Izquierda,Curva Derecha,Parcial con reducción de carriles,17,15,3,0,1.0,Choque,condiciones de la via y factores ambientales,2511_0_16,22.0,19.0
Antioquia,2017-05-24 14:02:00,3,500.0,2016-12-22 05:00:00,jueves,40,Lluvia,Humeda,Plano,Terraplen,Recta,Parcial con reducción de carriles,13,0,0,0,1.0,Choque,maniobras imprudentes,2511_0_3,12.0,1.0
Antioquia,2017-05-24 14:11:00,7,750.0,2016-12-20 05:00:00,martes,30,Lluvia,Humeda,Plano,Media ladera Izquierda,Curva Derecha,Parcial con reducción de carriles,9,20,0,0,1.0,Choque,adelantamientos indebidos,2511_0_7,18.0,15.0
Antioquia,2017-05-24 14:15:00,51,30.0,2016-12-31 05:00:00,sabado,30,Lluvia,Humeda,Ondulado,Media ladera Izquierda,Curva Izquierda,Parcial con reducción de carriles,16,15,1,0,1.0,Choque,desobediencia a normas y senales,2511_0_51,10.0,6.0
Antioquia,2017-05-24 14:19:00,13,614.0,2016-12-04 05:00:00,domingo,50,Normal,Seca y limpia,Ondulado,Media ladera Izquierda,Curva Izquierda,Parcial con reducción de carriles,19,20,3,0,1.0,Choque,adelantamientos indebidos,2511_0_13,7.0,12.0
Antioquia,2017-05-24 14:24:00,0,110.0,2016-12-04 05:00:00,domingo,0,Lluvia,Humeda,Plano,Terraplen,Curva Derecha,Parcial con reducción de carriles,16,40,1,0,1.0,Choque,no mantener distancia de seguridad,2511_0_0,14.0,2.0
Risaralda,2017-05-26 17:24:00,53,100.0,2017-03-01 05:00:00,miercoles,40,Normal,Seca y limpia,Montañoso,Media ladera Izquierda,Recta,Transito normal con precaución,0,0,0,0,1.0,Choque,no mantener distancia de seguridad,2507_2_53,11.0,13.0
Risaralda,2017-05-27 15:38:00,41,0.0,2017-03-05 05:00:00,domingo,0,Normal,Seca y limpia,Ondulado,Media ladera Izquierda,Recta,Transito normal con precaución,0,0,2,0,1.0,Choque,maniobras imprudentes,2507_2_41,7.0,17.0
Risaralda,2017-05-29 16:09:00,39,850.0,2017-03-07 05:00:00,martes,30,Lluvia,Humeda,Ondulado,Media ladera Izquierda,Recta,Transito normal con precaución,0,0,1,0,1.0,Choque,no mantener distancia de seguridad,2507_2_39,11.0,13.0
Risaralda,2017-06-03 14:52:00,2,900.0,2017-04-03 05:00:00,lunes,50,Normal,Seca y limpia,Plano,Terraplen,Curva Izquierda,Transito normal con precaución,0,0,1,0,1.0,Choque,no determinada,2507_2_2,14.0,10.0
Risaralda,2017-06-03 15:34:00,2,20.0,2017-04-05 05:00:00,miercoles,30,Normal,Seca y limpia,Plano,Terraplen,Recta,Transito normal con precaución,0,0,2,0,1.0,Choque,desobediencia a normas y senales,2507_2_2,5.0,19.0
Risaralda,2017-06-03 15:48:00,8,780.0,2017-04-07 05:00:00,viernes,5,Normal,Seca y limpia,Ondulado,Terraplen,Curva Derecha,Transito normal con precaución,0,0,1,0,1.0,Volcamiento,fallas mecanicas y del sistema electrico,2507_2_8,18.0,6.0
Risaralda,2017-07-18 19:46:00,10,200.0,2017-04-29 05:00:00,sabado,0,Normal,Seca y limpia,Ondulado,Media ladera Izquierda,Recta,Transito normal con precaución,0,0,0,0,1.0,Choque,estacionamiento y senalizacion imprudente,2507_2_10,17.0,7.0
Risaralda,2017-07-22 16:02:00,5,0.0,2017-05-04 05:00:00,jueves,30,Normal,Seca y limpia,Ondulado,Terraplen,Recta,Transito normal con precaución,0,0,0,1,1.0,Choque,adelantamientos indebidos,2507_2_5,18.0,6.0
Risaralda,2017-07-22 16:07:00,37,550.0,2017-05-04 05:00:00,jueves,15,Normal,Seca y limpia,Ondulado,Cajón,Curva Derecha,Transito normal con precaución,0,0,1,0,1.0,Salida de la vía sin volcarse,desobediencia a normas y senales,2507_2_37,6.0,18.0
Risaralda,2017-07-27 14:18:00,45,200.0,2017-05-16 05:00:00,martes,45,Normal,Seca y limpia,Ondulado,Media ladera Izquierda,Curva Derecha,Transito normal con precaución,0,0,2,0,1.0,Choque,adelantamientos indebidos,2507_2_45,11.0,13.0
Risaralda,2017-07-27 14:47:00,49,800.0,2017-05-17 05:00:00,miercoles,30,Normal,Seca y limpia,Ondulado,Media ladera Izquierda,Curva Izquierda,Transito normal con precaución,0,0,0,0,1.0,Volcamiento,no determinada,2507_2_49,9.0,15.0
Risaralda,2017-07-28 15:33:00,49,300.0,2017-05-20 05:00:00,sabado,40,Lluvia,Humeda,Ondulado,Media ladera Izquierda,Curva Derecha,Transito normal con precaución,0,0,0,0,1.0,Volcamiento,no determinada,2507_2_49,8.0,16.0
Risaralda,2017-08-12 15:25:00,6,150.0,2017-06-03 05:00:00,sabado,10,Normal,Seca y limpia,Plano,Media ladera Izquierda,Recta,Transito normal con precaución,0,0,1,0,1.0,Choque,no mantener distancia de seguridad,2507_2_6,19.0,5.0
Risaralda,2017-08-12 16:27:00,1,250.0,2017-06-06 05:00:00,martes,30,Normal,Seca y limpia,Plano,Terraplen,Recta,Transito normal con precaución,0,0,2,0,1.0,Choque,no determinada,2507_2_1,7.0,17.0
Risaralda,2017-08-26 15:35:00,2,0.0,2017-06-12 05:00:00,lunes,40,Normal,Seca y limpia,Plano,Media Ladera Derecha,Recta,Transito normal con precaución,0,0,0,0,1.0,Choque,no mantener distancia de seguridad,2507_2_2,13.0,11.0
Risaralda,2017-09-05 14:47:00,53,50.0,2017-06-19 05:00:00,lunes,20,Normal,Seca y limpia,Ondulado,Media ladera Izquierda,Curva Izquierda,Transito normal con precaución,0,0,0,0,1.0,Choque,imprudencia del conductor,2507_2_53,15.0,9.0
Risaralda,2017-09-05 16:47:00,6,900.0,2017-06-30 05:00:00,viernes,40,Lluvia,Humeda,Ondulado,Terraplen,Curva Izquierda,Transito normal con precaución,0,0,2,0,1.0,Choque,no determinada,2507_2_6,1.0,23.0
Risaralda,2017-09-13 16:01:00,44,980.0,2017-07-05 05:00:00,miercoles,0,Normal,Seca y limpia,Ondulado,Media ladera Izquierda,Curva Derecha,Transito normal con precaución,0,0,2,0,1.0,Choque,no determinada,2507_2_44,10.0,14.0
Risaralda,2017-09-28 20:31:00,2,400.0,2017-07-11 05:00:00,martes,40,Normal,Seca y limpia,Plano,Terraplen,Recta,Transito normal con precaución,0,0,2,0,1.0,Choque,impericia en el manejo,2507_2_2,20.0,4.0
Risaralda,2017-09-28 20:57:00,55,510.0,2017-07-14 05:00:00,viernes,0,Normal,Seca y limpia,Ondulado,Media ladera Izquierda,Recta,Transito normal con precaución,0,0,0,1,1.0,Choque,desobediencia a normas y senales,2507_2_55,10.0,14.0
Risaralda,2017-10-04 16:50:00,10,530.0,2017-07-19 05:00:00,miercoles,35,Lluvia,Humeda,Plano,Terraplen,Recta,Transito normal con precaución,0,0,1,0,1.0,Choque,desobediencia a normas y senales,2507_2_10,9.0,15.0
Risaralda,2017-10-04 17:05:00,6,0.0,2017-07-20 05:00:00,jueves,30,Normal,Seca y limpia,Plano,Media ladera Izquierda,Recta,Transito normal con precaución,0,0,3,0,1.0,Volcamiento,fallas mecanicas y del sistema electrico,2507_2_6,15.0,9.0
Risaralda,2017-10-04 18:57:00,10,100.0,2017-07-29 05:00:00,sabado,50,Normal,Seca y limpia,Ondulado,Media ladera Izquierda,Recta,Transito normal con precaución,0,0,2,0,1.0,Atropello,conducta de peatones,2507_2_10,8.0,16.0
Risaralda,2017-10-24 20:26:00,2,650.0,2017-09-01 05:00:00,viernes,20,Normal,Seca y limpia,Plano,Terraplen,Recta,Transito normal con precaución,0,0,2,0,1.0,Choque,no mantener distancia de seguridad,2507_2_2,15.0,9.0
Risaralda,2017-10-24 20:38:00,5,0.0,2017-09-02 05:00:00,sabado,0,Normal,Seca y limpia,Ondulado,Terraplen,Recta,Transito normal con precaución,0,0,2,0,1.0,Choque,embriaguez o sustancias alucinogenas,2507_2_5,12.0,12.0
Risaralda,2017-10-25 15:09:00,6,550.0,2017-09-11 05:00:00,lunes,30,Normal,Seca y limpia,Ondulado,Terraplen,Recta,Transito normal con precaución,0,0,0,0,1.0,Choque,no mantener distancia de seguridad,2507_2_6,7.0,17.0
Risaralda,2017-10-25 15:30:00,2,900.0,2017-09-13 05:00:00,miercoles,10,Normal,Seca y limpia,Plano,Terraplen,Recta,Transito normal con precaución,0,0,1,0,1.0,Choque,desobediencia a normas y senales,2507_2_2,12.0,12.0
Risaralda,2017-10-25 16:02:00,5,120.0,2017-09-18 05:00:00,lunes,0,Normal,Seca y limpia,Ondulado,Terraplen,Recta,Transito normal con precaución,0,0,0,0,1.0,Choque,no mantener distancia de seguridad,2507_2_5,17.0,7.0
Risaralda,2018-04-06 14:47:00,9,650.0,2018-02-27 05:00:00,martes,0,Normal,Seca y limpia,Ondulado,Media Ladera Derecha,Recta,Transito normal con precaución,0,0,0,0,1.0,Choque,no mantener distancia de seguridad,2507_1_9,12.0,12.0
Risaralda,2017-07-17 20:58:00,0,700.0,2017-04-26 05:00:00,miercoles,10,Normal,Seca y limpia,Ondulado,Cajón,Curva Izquierda,Transito normal con precaución,0,0,2,0,1.0,Choque,adelantamientos indebidos,2507_1_0,7.0,17.0
Risaralda,2017-07-22 15:58:00,0,500.0,2017-05-03 05:00:00,miercoles,50,Lluvia,Humeda,Plano,Terraplen,Recta,Transito normal con precaución,0,0,0,0,1.0,Choque,no mantener distancia de seguridad,2507_1_0,14.0,10.0
Risaralda,2017-07-28 15:36:00,0,890.0,2017-05-20 05:00:00,sabado,20,Lluvia,Humeda,Plano,Terraplen,Recta,Transito normal con precaución,0,0,0,0,1.0,Choque,maniobras imprudentes,2507_1_0,18.0,6.0
Risaralda,2017-08-12 16:37:00,0,890.0,2017-06-06 05:00:00,martes,45,Normal,Seca y limpia,Plano,Media ladera Izquierda,Recta,Transito normal con precaución,0,0,3,0,1.0,Choque,desobediencia a normas y senales,2507_1_0,5.0,19.0
Risaralda,2017-08-19 15:26:00,0,890.0,2017-06-08 05:00:00,jueves,50,Normal,Seca y limpia,Plano,Media ladera Izquierda,Recta,Transito normal con precaución,0,0,1,0,1.0,Choque,adelantamientos indebidos,2507_1_0,7.0,17.0
Risaralda,2017-10-04 18:10:00,0,900.0,2017-07-24 05:00:00,lunes,45,Normal,Seca y limpia,Plano,Terraplen,Recta,Transito normal con precaución,0,0,2,0,1.0,Choque,maniobras imprudentes,2507_1_0,4.0,20.0
Risaralda,2017-10-06 15:10:00,0,490.0,2017-08-09 05:00:00,miercoles,15,Normal,Seca y limpia,Plano,Terraplen,Curva Derecha,Transito normal con precaución,0,0,0,0,1.0,Choque,no mantener distancia de seguridad,2507_1_0,15.0,9.0
Risaralda,2017-11-17 19:10:00,0,50.0,2017-10-12 05:00:00,jueves,0,Normal,Seca y limpia,Plano,Terraplen,Recta,Transito normal con precaución,0,0,0,0,1.0,Choque,embriaguez o sustancias alucinogenas,2507_1_0,23.0,1.0
Risaralda,2017-11-20 20:22:00,0,850.0,2017-10-20 05:00:00,viernes,30,Normal,Seca y limpia,Plano,Media ladera Izquierda,Recta,Transito normal con precaución,0,0,0,0,1.0,Choque,no determinada,2507_1_0,1.0,23.0
Risaralda,2018-01-18 16:16:00,0,300.0,2017-12-13 05:00:00,miercoles,25,Normal,Seca y limpia,Ondulado,Terraplen,Recta,Transito normal con precaución,0,0,0,0,1.0,Choque,fallas mecanicas y del sistema electrico,2507_1_0,15.0,9.0
Risaralda,2018-01-18 17:16:00,0,320.0,2017-12-15 05:00:00,viernes,10,Normal,Seca y limpia,Plano,Terraplen,Recta,Transito normal con precaución,0,0,0,1,1.0,Atropello,conducta de peatones,2507_1_0,16.0,8.0
Risaralda,2018-01-18 19:22:00,0,380.0,2017-12-15 05:00:00,viernes,10,Normal,Seca y limpia,Plano,Terraplen,Recta,Transito normal con precaución,0,0,0,1,1.0,Atropello,conducta de peatones,2507_1_0,6.0,18.0
Risaralda,2018-03-16 16:53:00,50,500.0,2018-02-03 05:00:00,sabado,0,Normal,Seca y limpia,Montañoso,Media ladera Izquierda,Curva Derecha,Transito normal con precaución,0,0,0,0,1.0,Choque,no mantener distancia de seguridad,2507_1_50,4.0,20.0
Risaralda,2018-03-16 20:38:00,10,100.0,2018-02-13 05:00:00,martes,45,Normal,Seca y limpia,Ondulado,Media ladera Izquierda,Recta,Transito normal con precaución,0,0,0,0,1.0,Choque,no mantener distancia de seguridad,2507_1_10,7.0,17.0
Risaralda,2018-03-16 17:17:00,49,640.0,2018-02-06 05:00:00,martes,10,Normal,Seca y limpia,Montañoso,Media ladera Izquierda,Recta,Transito normal con precaución,0,0,0,0,1.0,Choque,adelantamientos indebidos,2507_1_49,22.0,2.0
Risaralda,2018-03-16 18:45:00,51,300.0,2018-02-08 05:00:00,jueves,10,Normal,Seca y limpia,Montañoso,Media ladera Izquierda,Curva Izquierda,Transito normal con precaución,0,0,0,0,1.0,Choque,no mantener distancia de seguridad,2507_1_51,15.0,9.0
Risaralda,2018-03-16 19:55:00,0,550.0,2018-02-11 05:00:00,domingo,0,Normal,Seca y limpia,Plano,Terraplen,Recta,Transito normal con precaución,0,0,0,0,1.0,Choque,no mantener distancia de seguridad,2507_1_0,15.0,9.0
Risaralda,2018-04-02 21:36:00,2,390.0,2018-02-08 05:00:00,jueves,26,Normal,Seca y limpia,Plano,Cajón,Recta,Transito normal con precaución,0,0,1,0,1.0,Choque,maniobras imprudentes,2507_1_2,7.0,17.0
Risaralda,2018-04-02 21:43:00,37,890.0,2018-02-10 05:00:00,sabado,30,Normal,Seca y limpia,Ondulado,Media ladera Izquierda,Curva Izquierda,Transito normal con precaución,0,0,1,0,1.0,Choque,no mantener distancia de seguridad,2507_1_37,21.0,3.0
Risaralda,2018-04-03 19:09:00,7,900.0,2018-02-15 05:00:00,jueves,15,Normal,Seca y limpia,Plano,Cajón,Recta,Transito normal con precaución,0,0,0,0,1.0,Choque,adelantamientos indebidos,2507_1_7,16.0,8.0
Risaralda,2018-04-03 19:32:00,51,200.0,2018-02-16 05:00:00,viernes,30,Normal,Seca y limpia,Montañoso,Media ladera Izquierda,Curva Izquierda,Transito normal con precaución,0,0,0,0,1.0,Choque,no mantener distancia de seguridad,2507_1_51,0.0,0.0
Risaralda,2018-04-03 19:50:00,41,0.0,2018-02-17 05:00:00,sabado,40,Normal,Seca y limpia,Plano,Media ladera Izquierda,Recta,Transito normal con precaución,0,0,0,0,1.0,Choque,no mantener distancia de seguridad,2507_1_41,8.0,16.0
Risaralda,2018-04-03 21:11:00,10,0.0,2018-02-24 05:00:00,sabado,0,Normal,Seca y limpia,Ondulado,Cajón,Recta,Transito normal con precaución,0,0,1,0,1.0,Atropello,adelantamientos indebidos,2507_1_10,5.0,19.0
Risaralda,2018-04-06 14:56:00,10,150.0,2018-02-28 05:00:00,miercoles,0,Normal,Seca y limpia,Ondulado,Media ladera Izquierda,Recta,Transito normal con precaución,0,0,0,0,1.0,Choque,no mantener distancia de seguridad,2507_1_10,9.0,15.0
Valle del Cauca,2017-12-12 17:07:00,20,850.0,2016-12-02 05:00:00,viernes,20,Normal,Seca y limpia,Plano,Terraplen,Recta,Parcial con reducción de carriles,0,0,0,0,1.0,Choque,adelantamientos indebidos,2505_2_20,18.0,6.0
Valle del Cauca,2017-12-12 17:12:00,22,874.0,2016-12-02 05:00:00,viernes,0,Normal,Seca y limpia,Plano,Terraplen,Recta,Parcial con reducción de carriles,0,0,0,0,1.0,Choque,maniobras imprudentes,2505_2_22,16.0,8.0
Valle del Cauca,2017-12-12 19:19:00,20,839.0,2016-12-18 05:00:00,domingo,45,Normal,Seca y limpia,Plano,Terraplen,Recta,Parcial con reducción de carriles,0,0,0,0,1.0,Choque,adelantamientos indebidos,2505_2_20,6.0,18.0
Valle del Cauca,2017-12-12 19:57:00,24,530.0,2016-12-24 05:00:00,sabado,50,Normal,Seca y limpia,Plano,Terraplen,Recta,Parcial con reducción de carriles,0,0,2,0,1.0,Choque,desobediencia a normas y senales,2505_2_24,23.0,1.0
Valle del Cauca,2017-12-27 20:24:00,24,740.0,2017-01-08 05:00:00,domingo,53,Normal,Seca y limpia,Plano,Terraplen,Recta,Parcial con reducción de carriles,0,0,0,0,1.0,Choque,no mantener distancia de seguridad,2505_2_24,13.0,11.0