territorial,fecha_registro,pr,distancia_pr,fecha_acc,dia_semana_acc,min_acc,condic_meteor,estado_super,terreno,secc_tip,geometria_acc,tipo_cierre,horas_cierre,min_cierre,n_heridos,n_muertos,n_victimas,clase_accidente,causa_posible,ref_loc,hora_acc,duracion_cierre_horas
Valle del Cauca,2017-12-27 20:29:00,22,962.0,2017-01-11 05:00:00,miercoles,0,Lluvia,Humeda,Plano,Terraplen,Recta,Parcial con reducción de carriles,0,0,0,0,1.0,Choque,no mantener distancia de seguridad,2505_2_22,19.0,5.0
Valle del Cauca,2017-12-27 20:35:00,20,890.0,2017-01-14 05:00:00,sabado,2,Normal,Seca y limpia,Plano,Terraplen,Recta,Parcial con reducción de carriles,0,0,0,0,1.0,Choque,no mantener distancia de seguridad,2505_2_20,7.0,17.0
Valle del Cauca,2017-12-27 20:43:00,24,527.0,2017-01-18 05:00:00,miercoles,10,Normal,Seca y limpia,Plano,Terraplen,Recta,Parcial con reducción de carriles,0,0,0,0,1.0,Choque,maniobras imprudentes,2505_2_24,19.0,5.0
Valle del Cauca,2017-12-27 20:48:00,19,250.0,2017-01-23 05:00:00,lunes,50,Normal,Seca y limpia,Plano,Terraplen,Recta,Parcial con reducción de carriles,0,0,1,0,1.0,Choque,desobediencia a normas y senales,2505_2_19,9.0,15.0
Valle del Cauca,2017-12-27 21:09:00,24,165.0,2017-01-31 05:00:00,martes,30,Normal,Seca y limpia,Plano,Terraplen,Recta,Parcial con reducción de carriles,0,0,0,0,1.0,Choque,no determinada,2505_2_24,17.0,7.0
Valle del Cauca,2018-01-09 16:36:00,24,405.0,2017-02-03 05:00:00,viernes,45,Normal,Seca y limpia,Plano,Terraplen,Recta,Parcial con reducción de carriles,0,0,0,0,1.0,Choque,no determinada,2505_2_24,10.0,14.0
Valle del Cauca,2018-01-09 16:41:00,20,898.0,2017-02-06 05:00:00,lunes,20,Normal,Seca y limpia,Plano,Terraplen,Recta,Parcial con reducción de carriles,0,0,2,0,1.0,Choque,no mantener distancia de seguridad,2505_2_20,6.0,18.0
Valle del Cauca,2018-01-09 16:45:00,20,816.0,2017-02-07 05:00:00,martes,45,Normal,Seca y limpia,Plano,Terraplen,Recta,Parcial con reducción de carriles,0,0,0,0,1.0,Choque,no mantener distancia de seguridad,2505_2_20,19.0,5.0
Valle del Cauca,2018-01-09 17:08:00,22,483.0,2017-02-26 05:00:00,domingo,0,Normal,Seca y limpia,Plano,Terraplen,Recta,Parcial con reducción de carriles,0,0,0,0,1.0,Choque,no mantener distancia de seguridad,2505_2_22,21.0,3.0
Valle del Cauca,2018-01-09 17:15:00,21,0.0,2017-02-28 05:00:00,martes,45,Normal,Seca y limpia,Plano,Terraplen,Recta,Parcial con reducción de carriles,0,0,1,0,1.0,Choque,adelantamientos indebidos,2505_2_21,20.0,4.0
Valle del Cauca,2018-02-01 19:05:00,24,645.0,2017-03-01 05:00:00,miercoles,20,Normal,Seca y limpia,Plano,Terraplen,Recta,Parcial con reducción de carriles,0,0,1,0,1.0,Choque,desobediencia a normas y senales,2505_2_24,16.0,8.0
Valle del Cauca,2018-02-01 19:11:00,24,645.0,2017-03-03 05:00:00,viernes,20,Normal,Seca y limpia,Plano,Terraplen,Recta,Parcial con reducción de carriles,0,0,0,0,1.0,Choque,adelantamientos indebidos,2505_2_24,11.0,13.0
Valle del Cauca,2018-02-01 19:26:00,24,950.0,2017-03-31 05:00:00,viernes,40,Lluvia,Humeda,Plano,Media Ladera Derecha,Recta,Parcial con reducción de carriles,0,0,0,0,1.0,Choque,maniobras imprudentes,2505_2_24,19.0,5.0
Valle del Cauca,2018-03-09 21:37:00,20,796.0,2017-04-03 05:00:00,lunes,0,Normal,Seca y limpia,Plano,Terraplen,Recta,Parcial con reducción de carriles,0,0,0,0,1.0,Choque,adelantamientos indebidos,2505_2_20,9.0,15.0
Valle del Cauca,2018-03-09 21:40:00,21,593.0,2017-04-10 05:00:00,lunes,30,Normal,Seca y limpia,Plano,Terraplen,Recta,Parcial con reducción de carriles,0,0,1,0,1.0,Choque,no determinada,2505_2_21,6.0,18.0
Valle del Cauca,2018-03-12 14:50:00,24,660.0,2017-04-12 05:00:00,miercoles,50,Lluvia,Humeda,Plano,Terraplen,Recta,Parcial con reducción de carriles,0,0,2,0,1.0,Choque,desobediencia a normas y senales,2505_2_24,5.0,19.0
Valle del Cauca,2018-03-12 14:56:00,22,30.0,2017-04-13 05:00:00,jueves,50,Normal,Seca y limpia,Plano,Terraplen,Recta,Parcial con reducción de carriles,0,0,0,0,1.0,Choque,no determinada,2505_2_22,19.0,5.0
Valle del Cauca,2018-03-12 15:10:00,22,70.0,2017-04-17 05:00:00,lunes,30,Lluvia,Humeda,Plano,Terraplen,Recta,Parcial con reducción de carriles,0,0,0,0,1.0,Choque,no determinada,2505_2_22,16.0,8.0
Valle del Cauca,2018-03-12 15:27:00,21,835.0,2017-04-18 05:00:00,martes,30,Normal,Humeda,Plano,Terraplen,Recta,Parcial con reducción de carriles,0,0,0,0,1.0,Choque,no determinada,2505_2_21,16.0,8.0
Valle del Cauca,2018-03-12 15:37:00,21,430.0,2017-04-18 05:00:00,martes,40,Normal,Seca y limpia,Plano,Terraplen,Recta,Parcial con reducción de carriles,0,0,1,0,1.0,Choque,no determinada,2505_2_21,6.0,18.0
Valle del Cauca,2018-03-12 15:41:00,20,776.0,2017-04-21 05:00:00,viernes,50,Normal,Seca y limpia,Plano,Terraplen,Recta,Parcial con reducción de carriles,0,0,0,0,1.0,Choque,no mantener distancia de seguridad,2505_2_20,16.0,8.0
Valle del Cauca,2018-03-12 15:45:00,21,900.0,2017-04-24 05:00:00,lunes,20,Normal,Seca y limpia,Plano,Terraplen,Recta,Parcial con reducción de carriles,0,0,0,0,1.0,Choque,no determinada,2505_2_21,15.0,9.0
Valle del Cauca,2018-03-26 13:52:00,21,911.0,2017-05-06 05:00:00,sabado,54,Lluvia,Humeda,Plano,Terraplen,Curva Izquierda,Parcial con reducción de carriles,0,0,0,0,1.0,Choque,maniobras imprudentes,2505_2_21,13.0,11.0
Valle del Cauca,2018-03-26 13:52:00,21,911.0,2017-05-06 05:00:00,sabado,54,Lluvia,Humeda,Plano,Terraplen,Curva Izquierda,Parcial con reducción de carriles,0,0,0,0,1.0,Choque,maniobras imprudentes,2505_2_21,14.0,10.0
Valle del Cauca,2018-03-26 14:54:00,20,854.0,2017-05-11 05:00:00,jueves,57,Normal,Seca y limpia,Plano,Terraplen,Recta,Parcial con reducción de carriles,0,0,0,0,1.0,Choque,no determinada,2505_2_20,0.0,0.0
Valle del Cauca,2018-03-26 15:01:00,22,268.0,2017-05-13 05:00:00,sabado,0,Lluvia,Humeda,Plano,Terraplen,Recta,Parcial con reducción de carriles,0,0,0,0,1.0,Choque,no mantener distancia de seguridad,2505_2_22,11.0,13.0
Valle del Cauca,2018-03-26 15:47:00,20,796.0,2017-05-23 05:00:00,martes,30,Normal,Seca y limpia,Plano,Terraplen,Recta,Parcial con reducción de carriles,0,0,0,0,1.0,Choque,no determinada,2505_2_20,14.0,10.0
Valle del Cauca,2018-03-26 15:54:00,20,98.0,2017-05-24 05:00:00,miercoles,50,Normal,Seca y limpia,Plano,Terraplen,Recta,Parcial con reducción de carriles,0,0,2,0,1.0,Choque,exceso en horas de conduccion,2505_2_20,15.0,9.0
Valle del Cauca,2018-03-26 16:06:00,20,789.0,2017-05-25 05:00:00,jueves,30,Normal,Seca y limpia,Plano,Terraplen,Recta,Parcial con reducción de carriles,0,0,2,1,1.0,Atropello,no determinada,2505_2_20,6.0,18.0
Valle del Cauca,2018-03-26 16:11:00,21,947.0,2017-05-27 05:00:00,sabado,50,Normal,Seca y limpia,Plano,Terraplen,Recta,Parcial con reducción de carriles,0,0,0,0,1.0,Choque,no determinada,2505_2_21,6.0,18.0
Valle del Cauca,2018-03-26 16:15:00,20,685.0,2017-05-28 05:00:00,domingo,50,Normal,Seca y limpia,Plano,Terraplen,Recta,Parcial con reducción de carriles,0,0,0,0,1.0,Choque,adelantamientos indebidos,2505_2_20,6.0,18.0
Valle del Cauca,2018-03-26 16:18:00,23,379.0,2017-05-30 05:00:00,martes,50,Normal,Seca y limpia,Plano,Terraplen,Recta,Parcial con reducción de carriles,0,0,0,0,1.0,Choque,estacionamiento y senalizacion imprudente,2505_2_23,21.0,3.0
Valle del Cauca,2018-04-09 15:12:00,24,935.0,2017-05-31 05:00:00,miercoles,45,Normal,Seca y limpia,Plano,Terraplen,Recta,Parcial con reducción de carriles,0,0,1,0,1.0,Choque,desobediencia a normas y senales,2505_2_24,23.0,1.0
Valle del Cauca,2018-04-24 19:03:00,23,490.0,2017-06-01 05:00:00,jueves,10,Normal,Seca y limpia,Plano,Terraplen,Recta,Parcial con reducción de carriles,0,0,3,0,1.0,Choque,maniobras imprudentes,2505_2_23,4.0,20.0
Valle del Cauca,2018-04-24 19:22:00,22,111.0,2017-06-06 05:00:00,martes,0,Normal,Seca y limpia,Plano,Terraplen,Recta,Parcial con reducción de carriles,0,0,2,0,1.0,Caída ocupante,no determinada,2505_2_22,9.0,15.0
Valle del Cauca,2018-04-24 19:27:00,21,947.0,2017-06-07 05:00:00,miercoles,40,Normal,Seca y limpia,Plano,Terraplen,Curva Derecha,Parcial con reducción de carriles,0,0,0,0,1.0,Choque,no determinada,2505_2_21,13.0,11.0
Valle del Cauca,2018-04-24 19:30:00,21,263.0,2017-06-10 05:00:00,sabado,10,Normal,Seca y limpia,Plano,Terraplen,Recta,Parcial con reducción de carriles,0,0,2,0,1.0,Atropello,conducta de peatones,2505_2_21,14.0,10.0
Valle del Cauca,2018-04-24 19:33:00,22,952.0,2017-06-11 05:00:00,domingo,5,Normal,Seca y limpia,Plano,Terraplen,Recta,Parcial con reducción de carriles,0,0,2,0,1.0,Choque,no mantener distancia de seguridad,2505_2_22,17.0,7.0
Valle del Cauca,2018-04-24 20:31:00,21,466.0,2017-06-12 05:00:00,lunes,0,Normal,Seca y limpia,Plano,Terraplen,Recta,Parcial con reducción de carriles,0,0,0,0,1.0,Choque,no determinada,2505_2_21,12.0,12.0
Valle del Cauca,2018-04-24 20:39:00,24,650.0,2017-06-18 05:00:00,domingo,30,Normal,Seca y limpia,Plano,Terraplen,Recta,Parcial con reducción de carriles,0,0,2,0,1.0,Choque,no determinada,2505_2_24,10.0,14.0
Valle del Cauca,2018-04-24 20:43:00,21,515.0,2017-06-23 05:00:00,viernes,10,Normal,Seca y limpia,Plano,Terraplen,Recta,Parcial con reducción de carriles,0,0,0,0,1.0,Choque,desobediencia a normas y senales,2505_2_21,8.0,16.0
Valle del Cauca,2018-04-24 20:48:00,21,947.0,2017-06-27 05:00:00,martes,0,Normal,Seca y limpia,Plano,Terraplen,Curva Derecha,Parcial con reducción de carriles,0,0,0,0,1.0,Choque,adelantamientos indebidos,2505_2_21,1.0,23.0
Valle del Cauca,2018-04-24 20:50:00,22,567.0,2017-06-29 05:00:00,jueves,0,Normal,Seca y limpia,Plano,Terraplen,Recta,Parcial con reducción de carriles,0,0,0,0,1.0,Choque,no determinada,2505_2_22,15.0,9.0
Valle del Cauca,2018-04-24 20:54:00,21,947.0,2017-06-29 05:00:00,jueves,20,Normal,Seca y limpia,Plano,Terraplen,Curva Derecha,Parcial con reducción de carriles,0,0,0,0,1.0,Choque,adelantamientos indebidos,2505_2_21,12.0,12.0
Valle del Cauca,2018-04-24 20:57:00,21,860.0,2017-06-29 05:00:00,jueves,0,Normal,Seca y limpia,Plano,Terraplen,Recta,Parcial con reducción de carriles,0,0,0,0,1.0,Choque,no determinada,2505_2_21,8.0,16.0
Valle del Cauca,2018-04-24 20:59:00,24,650.0,2017-06-30 05:00:00,viernes,45,Normal,Seca y limpia,Plano,Terraplen,Recta,Parcial con reducción de carriles,0,0,0,0,1.0,Choque,no mantener distancia de seguridad,2505_2_24,4.0,20.0
Valle del Cauca,2017-12-12 16:54:00,20,935.0,2016-12-01 05:00:00,jueves,0,Lluvia,Humeda,Plano,Terraplen,Recta,Parcial con reducción de carriles,0,0,0,0,1.0,Choque,condiciones de la via y factores ambientales,2505_1_20,5.0,19.0
Valle del Cauca,2017-12-12 18:21:00,22,847.0,2016-12-14 05:00:00,miercoles,30,Normal,Seca y limpia,Plano,Terraplen,Recta,Parcial con reducción de carriles,0,0,0,0,1.0,Choque,no determinada,2505_1_22,17.0,7.0
Valle del Cauca,2017-12-12 18:38:00,21,970.0,2016-12-18 05:00:00,domingo,50,Normal,Seca y limpia,Plano,Terraplen,Curva Izquierda,Parcial con reducción de carriles,0,0,0,0,1.0,Choque,condiciones de la via y factores ambientales,2505_1_21,19.0,5.0
Valle del Cauca,2017-12-12 19:31:00,21,775.0,2016-12-23 05:00:00,viernes,0,Normal,Seca y limpia,Plano,Terraplen,Recta,Parcial con reducción de carriles,0,0,0,0,1.0,Choque,no determinada,2505_1_21,8.0,16.0
Valle del Cauca,2017-12-12 19:42:00,22,575.0,2016-12-24 05:00:00,sabado,0,Lluvia,Humeda,Plano,Terraplen,Recta,Parcial con reducción de carriles,0,0,1,0,1.0,Choque,adelantamientos indebidos,2505_1_22,21.0,3.0
Valle del Cauca,2017-12-12 20:20:00,20,884.0,2016-12-28 05:00:00,miercoles,0,Normal,Seca y limpia,Plano,Terraplen,Recta,Parcial con reducción de carriles,0,0,1,0,1.0,Choque,desobediencia a normas y senales,2505_1_20,23.0,1.0
Valle del Cauca,2017-12-12 20:30:00,22,241.0,2016-12-31 05:00:00,sabado,0,Normal,Seca y limpia,Plano,Terraplen,Recta,Parcial con reducción de carriles,0,0,0,1,1.0,Choque,no determinada,2505_1_22,15.0,9.0
Valle del Cauca,2017-12-27 20:21:00,21,970.0,2017-01-08 05:00:00,domingo,30,Normal,Seca y limpia,Plano,Terraplen,Curva Derecha,Parcial con reducción de carriles,0,0,0,0,1.0,Choque,adelantamientos indebidos,2505_1_21,20.0,4.0
Valle del Cauca,2017-12-27 20:56:00,20,855.0,2017-01-26 05:00:00,jueves,20,Normal,Seca y limpia,Plano,Terraplen,Recta,Parcial con reducción de carriles,0,0,0,0,1.0,Choque,adelantamientos indebidos,2505_1_20,16.0,8.0
Valle del Cauca,2017-12-27 21:00:00,20,940.0,2017-01-28 05:00:00,sabado,30,Normal,Seca y limpia,Plano,Terraplen,Recta,Parcial con reducción de carriles,0,0,0,0,1.0,Choque,maniobras imprudentes,2505_1_20,9.0,15.0
Valle del Cauca,2017-12-27 21:05:00,23,134.0,2017-01-30 05:00:00,lunes,0,Normal,Seca y limpia,Plano,Terraplen,Recta,Parcial con reducción de carriles,0,0,0,0,1.0,Choque,no mantener distancia de seguridad,2505_1_23,12.0,12.0
Valle del Cauca,2018-01-09 16:53:00,20,882.0,2017-02-08 05:00:00,miercoles,10,Normal,Seca y limpia,Plano,Terraplen,Recta,Parcial con reducción de carriles,0,0,1,0,1.0,Choque,desobediencia a normas y senales,2505_1_20,16.0,8.0
Valle del Cauca,2018-01-09 16:57:00,20,905.0,2017-02-13 05:00:00,lunes,10,Normal,Seca y limpia,Plano,Terraplen,Recta,Parcial con reducción de carriles,0,0,0,0,1.0,Choque,condiciones de la via y factores ambientales,2505_1_20,13.0,11.0
Valle del Cauca,2018-01-09 17:00:00,22,590.0,2017-02-19 05:00:00,domingo,40,Normal,Seca y limpia,Plano,Terraplen,Recta,Parcial con reducción de carriles,0,0,0,0,1.0,Choque,no mantener distancia de seguridad,2505_1_22,23.0,1.0
Valle del Cauca,2018-01-09 17:03:00,22,907.0,2017-02-25 05:00:00,sabado,10,Normal,Seca y limpia,Plano,Terraplen,Recta,Parcial con reducción de carriles,0,0,0,0,1.0,Choque,no mantener distancia de seguridad,2505_1_22,15.0,9.0
Valle del Cauca,2018-02-01 19:17:00,22,32.0,2017-03-10 05:00:00,viernes,50,Normal,Seca y limpia,Plano,Terraplen,Recta,Parcial con reducción de carriles,0,0,2,0,1.0,Choque,no determinada,2505_1_22,6.0,18.0
Valle del Cauca,2018-02-01 19:20:00,22,177.0,2017-03-12 05:00:00,domingo,50,Normal,Seca y limpia,Plano,Terraplen,Recta,Parcial con reducción de carriles,0,0,1,0,1.0,Choque,no determinada,2505_1_22,9.0,15.0
Valle del Cauca,2018-03-09 21:36:00,21,915.0,2017-04-01 05:00:00,sabado,40,Normal,Seca y limpia,Plano,Terraplen,Recta,Parcial con reducción de carriles,0,0,0,0,1.0,Choque,condiciones de la via y factores ambientales,2505_1_21,11.0,13.0
Valle del Cauca,2018-03-12 14:43:00,20,785.0,2017-04-12 05:00:00,miercoles,50,Normal,Seca y limpia,Plano,Terraplen,Recta,Parcial con reducción de carriles,0,0,1,0,1.0,Choque,no determinada,2505_1_20,7.0,17.0
Valle del Cauca,2018-03-12 14:59:00,22,636.0,2017-04-14 05:00:00,viernes,40,Normal,Seca y limpia,Plano,Terraplen,Recta,Parcial con reducción de carriles,0,0,0,0,1.0,Choque,maniobras imprudentes,2505_1_22,14.0,10.0
Valle del Cauca,2018-03-12 15:02:00,22,353.0,2017-04-14 05:00:00,viernes,0,Normal,Seca y limpia,Plano,Terraplen,Recta,Parcial con reducción de carriles,0,0,0,0,1.0,Choque,adelantamientos indebidos,2505_1_22,10.0,14.0
Valle del Cauca,2018-03-12 15:07:00,23,510.0,2017-04-15 05:00:00,sabado,0,Normal,Seca y limpia,Plano,Terraplen,Recta,Parcial con reducción de carriles,0,0,1,0,1.0,Choque,no mantener distancia de seguridad,2505_1_23,4.0,20.0
Valle del Cauca,2018-03-12 15:17:00,22,590.0,2017-04-17 05:00:00,lunes,30,Normal,Seca y limpia,Plano,Terraplen,Recta,Parcial con reducción de carriles,0,0,1,0,1.0,Choque,desobediencia a normas y senales,2505_1_22,13.0,11.0
Valle del Cauca,2018-03-12 15:23:00,22,590.0,2017-04-18 05:00:00,martes,0,Normal,Seca y limpia,Plano,Terraplen,Recta,Parcial con reducción de carriles,0,0,0,0,1.0,Choque,no mantener distancia de seguridad,2505_1_22,16.0,8.0
Valle del Cauca,2017-12-14 15:44:00,114,20.0,2016-12-12 05:00:00,lunes,5,Normal,Seca y limpia,Plano,Terraplen,Recta,Parcial con reducción de carriles,0,0,0,0,1.0,Choque,maniobras imprudentes,2504_1_114,17.0,7.0
Valle del Cauca,2017-12-14 15:49:00,113,150.0,2016-12-15 05:00:00,jueves,14,Normal,Seca y limpia,Plano,Terraplen,Recta,Parcial con reducción de carriles,0,0,0,0,1.0,Choque,no determinada,2504_1_113,8.0,16.0
Valle del Cauca,2017-12-14 15:55:00,111,140.0,2016-12-17 05:00:00,sabado,10,Normal,Seca y limpia,Plano,Terraplen,Curva Derecha,Parcial con reducción de carriles,0,0,0,0,1.0,Choque,no determinada,2504_1_111,21.0,3.0
Valle del Cauca,2017-12-14 15:59:00,109,400.0,2016-12-17 05:00:00,sabado,55,Normal,Seca y limpia,Plano,Terraplen,Recta,Parcial con reducción de carriles,0,0,1,0,1.0,Choque,no determinada,2504_1_109,9.0,15.0
Valle del Cauca,2017-12-14 16:06:00,111,300.0,2016-12-19 05:00:00,lunes,40,Normal,Seca y limpia,Plano,Terraplen,Curva Derecha,Parcial con reducción de carriles,0,0,0,1,1.0,Atropello,embriaguez o sustancias alucinogenas,2504_1_111,9.0,15.0
Valle del Cauca,2017-12-14 16:11:00,116,447.0,2016-12-23 05:00:00,viernes,50,Normal,Seca y limpia,Plano,Terraplen,Recta,Parcial con reducción de carriles,0,0,0,0,1.0,Choque,no mantener distancia de seguridad,2504_1_116,16.0,8.0
Valle del Cauca,2017-12-27 14:54:00,112,25.0,2017-01-01 05:00:00,domingo,26,Normal,Seca y limpia,Plano,Terraplen,Recta,Parcial con reducción de carriles,0,0,3,0,1.0,Choque,no mantener distancia de seguridad,2504_1_112,6.0,18.0
Valle del Cauca,2017-12-27 15:23:00,114,90.0,2017-01-08 05:00:00,domingo,45,Normal,Seca y limpia,Plano,Terraplen,Recta,Parcial con reducción de carriles,0,0,0,0,1.0,Choque,no determinada,2504_1_114,6.0,18.0
Valle del Cauca,2017-12-27 15:29:00,114,680.0,2017-01-09 05:00:00,lunes,0,Normal,Seca y limpia,Plano,Terraplen,Recta,Parcial con reducción de carriles,0,0,0,0,1.0,Choque,no mantener distancia de seguridad,2504_1_114,16.0,8.0
Valle del Cauca,2017-12-27 15:35:00,115,760.0,2017-01-09 05:00:00,lunes,0,Normal,Seca y limpia,Plano,Terraplen,Recta,Parcial con reducción de carriles,0,0,2,0,1.0,Choque,desobediencia a normas y senales,2504_1_115,15.0,9.0
Valle del Cauca,2017-12-27 15:44:00,114,445.0,2017-01-10 05:00:00,martes,0,Normal,Seca y limpia,Plano,Terraplen,Recta,Parcial con reducción de carriles,0,0,1,0,1.0,Choque,no mantener distancia de seguridad,2504_1_114,11.0,13.0
Valle del Cauca,2017-12-27 15:51:00,114,623.0,2017-01-12 05:00:00,jueves,10,Normal,Seca y limpia,Plano,Terraplen,Recta,Parcial con reducción de carriles,0,0,0,0,1.0,Choque,no determinada,2504_1_114,10.0,14.0
Valle del Cauca,2017-12-27 15:55:00,116,310.0,2017-01-13 05:00:00,viernes,50,Normal,Seca y limpia,Plano,Terraplen,Recta,Parcial con reducción de carriles,0,0,0,0,1.0,Choque,no mantener distancia de seguridad,2504_1_116,10.0,14.0
Valle del Cauca,2017-12-27 16:00:00,111,630.0,2017-01-14 05:00:00,sabado,0,Normal,Seca y limpia,Plano,Terraplen,Recta,Parcial con reducción de carriles,0,0,2,0,1.0,Choque,no mantener distancia de seguridad,2504_1_111,19.0,5.0
Valle del Cauca,2017-12-27 16:46:00,116,335.0,2017-01-21 05:00:00,sabado,35,Normal,Seca y limpia,Plano,Terraplen,Recta,Parcial con reducción de carriles,0,0,0,0,1.0,Choque,no mantener distancia de seguridad,2504_1_116,21.0,3.0
Valle del Cauca,2017-12-27 16:52:00,109,625.0,2017-01-29 05:00:00,domingo,30,Normal,Seca y limpia,Plano,Terraplen,Recta,Parcial con reducción de carriles,0,0,1,0,1.0,Choque,no mantener distancia de seguridad,2504_1_109,17.0,7.0
Valle del Cauca,2017-12-28 20:15:00,107,690.0,2017-02-16 05:00:00,jueves,20,Normal,Seca y limpia,Plano,Terraplen,Recta,Parcial con reducción de carriles,0,0,2,0,1.0,Choque,no determinada,2504_1_107,6.0,18.0
Valle del Cauca,2017-12-28 20:20:00,107,200.0,2017-02-25 05:00:00,sabado,0,Normal,Seca y limpia,Plano,Terraplen,Recta,Parcial con reducción de carriles,0,0,1,0,1.0,Choque,adelantamientos indebidos,2504_1_107,13.0,11.0
Valle del Cauca,2017-12-28 20:33:00,106,580.0,2017-08-12 05:00:00,sabado,20,Normal,Seca y limpia,Plano,Terraplen,Recta,Parcial con reducción de carriles,0,0,1,0,1.0,Choque,no determinada,2504_1_106,19.0,5.0
Valle del Cauca,2018-01-09 15:02:00,116,295.0,2017-02-07 05:00:00,martes,0,Normal,Seca y limpia,Plano,Terraplen,Recta,Parcial con reducción de carriles,0,0,0,0,1.0,Choque,no mantener distancia de seguridad,2504_1_116,4.0,20.0
Valle del Cauca,2018-01-09 15:06:00,115,585.0,2017-02-11 05:00:00,sabado,40,Normal,Seca y limpia,Plano,Terraplen,Recta,Parcial con reducción de carriles,0,0,0,0,1.0,Choque,no mantener distancia de seguridad,2504_1_115,20.0,4.0
Valle del Cauca,2018-01-09 15:32:00,115,645.0,2017-02-15 05:00:00,miercoles,20,Normal,Seca y limpia,Plano,Terraplen,Recta,Parcial con reducción de carriles,0,0,0,0,1.0,Choque,no determinada,2504_1_115,18.0,6.0
Valle del Cauca,2018-01-09 15:43:00,115,380.0,2017-02-15 05:00:00,miercoles,30,Normal,Seca y limpia,Plano,Terraplen,Recta,Parcial con reducción de carriles,0,0,0,0,1.0,Choque,condiciones de la via y factores ambientales,2504_1_115,16.0,8.0
Valle del Cauca,2018-01-09 15:45:00,116,435.0,2017-02-15 05:00:00,miercoles,0,Normal,Seca y limpia,Plano,Terraplen,Recta,Parcial con reducción de carriles,0,0,0,0,1.0,Choque,no mantener distancia de seguridad,2504_1_116,1.0,23.0
Valle del Cauca,2018-01-09 16:00:00,111,300.0,2017-02-22 05:00:00,miercoles,0,Normal,Seca y limpia,Plano,Terraplen,Recta,Parcial con reducción de carriles,0,0,0,0,1.0,Choque,no determinada,2504_1_111,13.0,11.0
Valle del Cauca,2018-01-09 16:04:00,116,435.0,2017-02-24 05:00:00,viernes,40,Normal,Seca y limpia,Plano,Terraplen,Recta,Parcial con reducción de carriles,0,0,0,0,1.0,Choque,no mantener distancia de seguridad,2504_1_116,0.0,0.0
Valle del Cauca,2018-01-09 16:19:00,108,380.0,2017-02-28 05:00:00,martes,30,Normal,Seca y limpia,Plano,Terraplen,Recta,Parcial con reducción de carriles,0,0,1,0,1.0,Choque,no determinada,2504_1_108,6.0,18.0
Valle del Cauca,2018-01-17 14:22:00,108,396.0,2017-02-12 05:00:00,domingo,17,Lluvia,Humeda,Plano,Terraplen,Recta,Parcial con reducción de carriles,0,0,0,0,1.0,Choque,exceso de velocidad,2504_1_108,13.0,11.0
Valle del Cauca,2018-01-17 14:28:00,111,850.0,2017-02-13 05:00:00,lunes,30,Normal,Seca y limpia,Plano,Terraplen,Recta,Parcial con reducción de carriles,0,0,0,0,1.0,Choque,no mantener distancia de seguridad,2504_1_111,18.0,6.0
Valle del Cauca,2018-01-17 14:46:00,115,762.0,2017-02-17 05:00:00,viernes,30,Normal,Seca y limpia,Plano,Terraplen,Recta,Parcial con reducción de carriles,0,0,1,0,1.0,Choque,no determinada,2504_1_115,17.0,7.0
Valle del Cauca,2018-01-17 14:57:00,115,140.0,2017-02-18 05:00:00,sabado,30,Normal,Seca y limpia,Plano,Terraplen,Recta,Parcial con reducción de carriles,0,0,0,0,1.0,Choque,no mantener distancia de seguridad,2504_1_115,13.0,11.0
Valle del Cauca,2018-02-01 20:13:00,109,110.0,2017-03-16 05:00:00,jueves,15,Normal,Seca y limpia,Plano,Terraplen,Recta,Parcial con reducción de carriles,0,0,3,0,1.0,Choque,no determinada,2504_1_109,18.0,6.0
Valle del Cauca,2018-02-01 21:02:00,115,615.0,2017-03-22 05:00:00,miercoles,20,Normal,Seca y limpia,Plano,Terraplen,Recta,Parcial con reducción de carriles,0,0,0,0,1.0,Choque,no mantener distancia de seguridad,2504_1_115,16.0,8.0
Valle del Cauca,2018-02-01 21:08:00,114,320.0,2017-03-27 05:00:00,lunes,5,Normal,Seca y limpia,Plano,Terraplen,Recta,Parcial con reducción de carriles,0,0,0,0,1.0,Choque,no mantener distancia de seguridad,2504_1_114,0.0,0.0
Valle del Cauca,2018-02-01 21:13:00,109,345.0,2017-03-29 05:00:00,miercoles,20,Normal,Seca y limpia,Plano,Terraplen,Recta,Parcial con reducción de carriles,0,0,2,0,1.0,Choque,no mantener distancia de seguridad,2504_1_109,9.0,15.0
Valle del Cauca,2018-02-01 21:16:00,109,328.0,2017-03-29 05:00:00,miercoles,40,Normal,Seca y limpia,Plano,Terraplen,Recta,Parcial con reducción de carriles,0,0,1,0,1.0,Choque,no determinada,2504_1_109,7.0,17.0
Valle del Cauca,2018-02-15 21:22:00,106,560.0,2017-12-15 05:00:00,viernes,0,Normal,Seca y limpia,Plano,Terraplen,Recta,Parcial con reducción de carriles,0,0,1,0,1.0,Choque,maniobras imprudentes,2504_1_106,11.0,13.0
Valle del Cauca,2018-03-09 19:56:00,114,500.0,2017-04-05 05:00:00,miercoles,0,Viento,Seca y limpia,Plano,Terraplen,Recta,Parcial con reducción de carriles,0,0,0,0,1.0,Choque,estacionamiento y senalizacion imprudente,2504_1_114,0.0,0.0
Valle del Cauca,2018-03-09 20:01:00,116,380.0,2017-04-06 05:00:00,jueves,50,Normal,Seca y limpia,Plano,Terraplen,Recta,Parcial con reducción de carriles,0,0,0,0,1.0,Choque,no mantener distancia de seguridad,2504_1_116,19.0,5.0