territorial,fecha_registro,pr,distancia_pr,fecha_acc,dia_semana_acc,min_acc,condic_meteor,estado_super,terreno,secc_tip,geometria_acc,tipo_cierre,horas_cierre,min_cierre,n_heridos,n_muertos,n_victimas,clase_accidente,causa_posible,ref_loc,hora_acc,duracion_cierre_horas
Valle del Cauca,2018-03-09 20:04:00,112,810.0,2017-04-07 05:00:00,viernes,40,Normal,Seca y limpia,Plano,Terraplen,Recta,Parcial con reducción de carriles,0,0,0,0,1.0,Choque,no mantener distancia de seguridad,2504_1_112,17.0,7.0
Valle del Cauca,2018-03-09 20:07:00,112,810.0,2017-04-07 05:00:00,viernes,40,Normal,Seca y limpia,Plano,Terraplen,Recta,Parcial con reducción de carriles,0,0,0,0,1.0,Choque,no mantener distancia de seguridad,2504_1_112,7.0,17.0
Valle del Cauca,2018-03-09 20:14:00,114,416.0,2017-04-12 05:00:00,miercoles,20,Normal,Seca y limpia,Plano,Terraplen,Recta,Parcial con reducción de carriles,0,0,0,0,1.0,Choque,no mantener distancia de seguridad,2504_1_114,6.0,18.0
Valle del Cauca,2018-03-09 20:37:00,111,743.0,2017-04-15 05:00:00,sabado,20,Normal,Seca y limpia,Plano,Terraplen,Recta,Parcial con reducción de carriles,0,0,3,0,1.0,Choque,no determinada,2504_1_111,5.0,19.0
Valle del Cauca,2018-03-09 20:41:00,115,235.0,2017-04-15 05:00:00,sabado,10,Normal,Seca y limpia,Plano,Terraplen,Recta,Parcial con reducción de carriles,0,0,0,0,1.0,Choque,no mantener distancia de seguridad,2504_1_115,15.0,9.0
Valle del Cauca,2018-03-09 20:43:00,112,870.0,2017-04-15 05:00:00,sabado,30,Normal,Seca y limpia,Plano,Terraplen,Recta,Parcial con reducción de carriles,0,0,0,0,1.0,Choque,no mantener distancia de seguridad,2504_1_112,4.0,20.0
Valle del Cauca,2018-03-09 20:48:00,115,20.0,2017-04-17 05:00:00,lunes,40,Normal,Seca y limpia,Plano,Terraplen,Recta,Parcial con reducción de carriles,0,0,0,0,1.0,Choque,no mantener distancia de seguridad,2504_1_115,11.0,13.0
Valle del Cauca,2018-03-09 20:50:00,111,318.0,2017-04-19 05:00:00,miercoles,40,Lluvia,Humeda,Plano,Terraplen,Recta,Parcial con reducción de carriles,0,0,0,0,1.0,Choque,no mantener distancia de seguridad,2504_1_111,20.0,4.0
Valle del Cauca,2018-03-09 20:52:00,114,956.0,2017-04-20 05:00:00,jueves,41,Lluvia,Humeda,Plano,Terraplen,Recta,Parcial con reducción de carriles,0,0,0,0,1.0,Choque,no mantener distancia de seguridad,2504_1_114,12.0,12.0
Valle del Cauca,2018-03-09 20:56:00,116,118.0,2017-04-22 05:00:00,sabado,30,Normal,Seca y limpia,Plano,Terraplen,Recta,Parcial con reducción de carriles,0,0,0,0,1.0,Choque,no determinada,2504_1_116,18.0,6.0
Valle del Cauca,2018-03-09 21:05:00,112,270.0,2017-04-23 05:00:00,domingo,42,Normal,Seca y limpia,Plano,Terraplen,Recta,Parcial con reducción de carriles,0,0,2,0,1.0,Choque,no determinada,2504_1_112,6.0,18.0
Valle del Cauca,2018-03-09 21:09:00,116,280.0,2017-04-26 05:00:00,miercoles,0,Lluvia,Humeda,Plano,Terraplen,Recta,Parcial con reducción de carriles,0,0,0,0,1.0,Choque,no mantener distancia de seguridad,2504_1_116,5.0,19.0
Valle del Cauca,2018-03-09 21:11:00,116,430.0,2017-04-26 05:00:00,miercoles,15,Lluvia,Humeda,Plano,Terraplen,Recta,Parcial con reducción de carriles,0,0,0,0,1.0,Choque,no determinada,2504_1_116,7.0,17.0
Valle del Cauca,2018-03-09 21:13:00,116,115.0,2017-04-26 05:00:00,miercoles,20,Lluvia,Humeda,Plano,Terraplen,Recta,Parcial con reducción de carriles,0,0,2,0,1.0,Choque,no determinada,2504_1_116,17.0,7.0
Valle del Cauca,2018-03-09 21:15:00,114,660.0,2017-04-27 05:00:00,jueves,30,Normal,Seca y limpia,Plano,Terraplen,Curva Derecha,Parcial con reducción de carriles,0,0,0,0,1.0,Choque,no mantener distancia de seguridad,2504_1_114,17.0,7.0
Valle del Cauca,2018-03-21 18:18:00,111,630.0,2017-05-06 05:00:00,sabado,52,Lluvia,Humeda,Plano,Terraplen,Recta,Parcial con reducción de carriles,0,0,0,0,1.0,Choque,no mantener distancia de seguridad,2504_1_111,14.0,10.0
Valle del Cauca,2018-03-21 18:29:00,114,340.0,2017-05-13 05:00:00,sabado,10,Normal,Seca y limpia,Plano,Terraplen,Recta,Parcial con reducción de carriles,0,0,1,0,1.0,Choque,no mantener distancia de seguridad,2504_1_114,17.0,7.0
Valle del Cauca,2018-03-21 18:33:00,115,700.0,2017-05-15 05:00:00,lunes,50,Normal,Seca y limpia,Plano,Terraplen,Recta,Parcial con reducción de carriles,0,0,0,0,1.0,Choque,no determinada,2504_1_115,8.0,16.0
Valle del Cauca,2018-03-21 18:36:00,111,874.0,2017-05-17 05:00:00,miercoles,50,Normal,Seca y limpia,Plano,Terraplen,Recta,Parcial con reducción de carriles,0,0,2,0,1.0,Choque,no determinada,2504_1_111,7.0,17.0
Valle del Cauca,2018-03-21 21:15:00,111,620.0,2017-05-18 05:00:00,jueves,0,Normal,Seca y limpia,Plano,Terraplen,Recta,Parcial con reducción de carriles,0,0,0,0,1.0,Choque,maniobras imprudentes,2504_1_111,13.0,11.0
Valle del Cauca,2018-03-21 21:20:00,115,54.0,2017-05-20 05:00:00,sabado,35,Normal,Seca y limpia,Plano,Terraplen,Recta,Parcial con reducción de carriles,0,0,0,0,1.0,Choque,no mantener distancia de seguridad,2504_1_115,9.0,15.0
Valle del Cauca,2018-03-21 21:30:00,111,275.0,2017-05-27 05:00:00,sabado,12,Normal,Seca y limpia,Plano,Terraplen,Recta,Parcial con reducción de carriles,0,0,7,0,1.0,Choque,no determinada,2504_1_111,22.0,2.0
Valle del Cauca,2018-03-21 21:36:00,110,280.0,2017-05-28 05:00:00,domingo,30,Normal,Seca y limpia,Plano,Terraplen,Recta,Parcial con reducción de carriles,0,0,2,0,1.0,Choque,embriaguez o sustancias alucinogenas,2504_1_110,16.0,8.0
Valle del Cauca,2017-05-09 15:46:00,107,200.0,2016-12-18 05:00:00,domingo,30,Normal,Seca y limpia,Plano,Terraplen,Recta,Parcial con reducción de carriles,0,0,2,0,1.0,Choque,maniobras imprudentes,2504_1_107,21.0,3.0
Valle del Cauca,2017-05-09 15:51:00,107,600.0,2016-12-28 05:00:00,miercoles,30,Normal,Seca y limpia,Plano,Terraplen,Curva Izquierda,Parcial con reducción de carriles,0,0,1,0,1.0,Caída de carga,fallas mecanicas y del sistema electrico,2504_1_107,18.0,6.0
Valle del Cauca,2017-05-09 15:53:00,107,600.0,2016-12-28 05:00:00,miercoles,50,Normal,Seca y limpia,Plano,Terraplen,Curva Izquierda,Parcial con reducción de carriles,0,0,0,0,1.0,Choque,exceso de velocidad,2504_1_107,21.0,3.0
Valle del Cauca,2017-05-09 15:57:00,107,200.0,2017-01-31 05:00:00,martes,0,Normal,Seca y limpia,Plano,Terraplen,Recta,Parcial con reducción de carriles,0,0,1,0,1.0,Atropello,embriaguez o sustancias alucinogenas,2504_1_107,18.0,6.0
Valle del Cauca,2017-05-09 16:00:00,107,180.0,2017-02-08 05:00:00,miercoles,45,Normal,Seca y limpia,Plano,Terraplen,Recta,Parcial con reducción de carriles,0,0,1,0,1.0,Choque,imprudencia del conductor,2504_1_107,21.0,3.0
Valle del Cauca,2017-05-09 16:02:00,107,700.0,2017-02-16 05:00:00,jueves,20,Normal,Seca y limpia,Plano,Terraplen,Recta,Parcial con reducción de carriles,0,0,2,0,1.0,Choque,exceso en horas de conduccion,2504_1_107,1.0,23.0
Valle del Cauca,2017-05-09 16:04:00,107,350.0,2017-02-25 05:00:00,sabado,0,Normal,Seca y limpia,Plano,Terraplen,Recta,Parcial con reducción de carriles,0,0,1,0,1.0,Choque,exceso de velocidad,2504_1_107,16.0,8.0
Valle del Cauca,2017-05-09 16:07:00,106,549.0,2017-03-11 05:00:00,sabado,10,Normal,Seca y limpia,Plano,Terraplen,Curva Derecha,Parcial con reducción de carriles,0,0,1,0,1.0,Choque,desobediencia a normas y senales,2504_1_106,7.0,17.0
Valle del Cauca,2018-04-13 21:08:00,114,520.0,2017-06-06 05:00:00,martes,50,Normal,Seca y limpia,Plano,Terraplen,Recta,Parcial con reducción de carriles,0,0,1,0,1.0,Choque,no determinada,2504_1_114,5.0,19.0
Valle del Cauca,2018-04-13 21:12:00,114,940.0,2017-06-09 05:00:00,viernes,15,Normal,Seca y limpia,Plano,Terraplen,Recta,Parcial con reducción de carriles,0,0,0,0,1.0,Choque,no determinada,2504_1_114,8.0,16.0
Valle del Cauca,2018-04-13 21:16:00,116,380.0,2017-06-09 05:00:00,viernes,43,Normal,Seca y limpia,Plano,Terraplen,Recta,Parcial con reducción de carriles,0,0,0,0,1.0,Choque,no mantener distancia de seguridad,2504_1_116,7.0,17.0
Valle del Cauca,2018-04-13 21:28:00,115,600.0,2017-06-24 05:00:00,sabado,20,Normal,Seca y limpia,Plano,Terraplen,Recta,Parcial con reducción de carriles,0,0,0,0,1.0,Choque,no mantener distancia de seguridad,2504_1_115,10.0,14.0
Valle del Cauca,2018-04-13 21:37:00,114,400.0,2017-06-29 05:00:00,jueves,45,Normal,Seca y limpia,Plano,Terraplen,Recta,Parcial con reducción de carriles,0,0,0,0,1.0,Choque,no determinada,2504_1_114,20.0,4.0
Cauca,2017-12-27 20:42:00,99,900.0,2017-03-10 05:00:00,viernes,30,Normal,Seca y limpia,Montañoso,Media Ladera Derecha,Curva Izquierda,Transito normal con precaución,0,0,2,0,1.0,Choque,adelantamientos indebidos,2503_0_99,19.0,5.0
Cauca,2018-01-03 15:58:00,99,700.0,2017-07-09 05:00:00,domingo,30,Normal,Seca y limpia,Montañoso,Media Ladera Derecha,Recta,Transito normal con precaución,0,0,0,0,1.0,Choque,no mantener distancia de seguridad,2503_0_99,16.0,8.0
Cauca,2018-02-02 19:31:00,99,350.0,2017-12-10 05:00:00,domingo,12,Normal,Seca y limpia,Montañoso,Media Ladera Derecha,Curva Derecha,Transito normal con precaución,0,0,0,0,1.0,Choque,no mantener distancia de seguridad,2503_0_99,20.0,4.0
Cauca,2017-05-18 15:00:00,119,800.0,2017-04-08 05:00:00,sabado,0,Seca,Seca y limpia,Montañoso,Media Ladera Derecha,Curva Derecha,Transito normal con precaución,0,0,0,0,1.0,Volcamiento,exceso de velocidad,2503_0_119,8.0,16.0
Cauca,2017-05-18 15:09:00,37,250.0,2017-04-11 05:00:00,martes,40,Sol,Seca y limpia,Montañoso,Media ladera Izquierda,Curva Izquierda,Transito normal con precaución,0,0,1,0,1.0,Volcamiento,exceso de velocidad,2503_0_37,6.0,18.0
Cauca,2017-05-18 15:14:00,84,400.0,2017-04-13 05:00:00,jueves,30,Sol,Seca y limpia,Montañoso,Media Ladera Derecha,Curva Derecha,Transito normal con precaución,0,0,1,0,1.0,Choque,adelantamientos indebidos,2503_0_84,15.0,9.0
Cauca,2017-05-18 15:19:00,83,800.0,2017-04-16 05:00:00,domingo,10,Sol,Seca y limpia,Montañoso,Cajón,Recta,Transito normal con precaución,0,0,1,0,1.0,Choque,adelantamientos indebidos,2503_0_83,6.0,18.0
Cauca,2017-05-18 15:22:00,37,920.0,2017-04-22 05:00:00,sabado,0,Seca,Seca y limpia,Montañoso,Media ladera Izquierda,Curva Derecha,Transito normal con precaución,0,0,1,1,1.0,Volcamiento,imprudencia del conductor,2503_0_37,14.0,10.0
Cauca,2017-05-18 15:31:00,91,100.0,2017-04-23 05:00:00,domingo,20,Sol,Seca y limpia,Montañoso,Media Ladera Derecha,Curva Derecha,Transito normal con precaución,0,0,0,0,1.0,Volcamiento,exceso de velocidad,2503_0_91,3.0,21.0
Cauca,2017-05-18 15:35:00,52,500.0,2017-04-26 05:00:00,miercoles,10,Lluvia,Humeda,Montañoso,Media ladera Izquierda,Curva Izquierda,Transito normal con precaución,0,0,0,0,1.0,Choque,imprudencia del conductor,2503_0_52,15.0,9.0
Cauca,2017-05-18 15:40:00,113,300.0,2017-04-28 05:00:00,viernes,40,Sol,Seca y limpia,Montañoso,Media ladera Izquierda,Recta,Transito normal con precaución,0,0,0,0,1.0,Volcamiento,exceso de velocidad,2503_0_113,14.0,10.0
Cauca,2017-10-05 14:06:00,54,400.0,2017-08-04 05:00:00,viernes,30,Sol,Seca y limpia,Montañoso,Media Ladera Derecha,Curva Derecha,Transito normal con precaución,0,0,1,0,1.0,Choque,maniobras imprudentes,2503_0_54,23.0,1.0
Cauca,2017-10-05 14:09:00,114,500.0,2017-08-04 05:00:00,viernes,30,Sol,Seca y limpia,Montañoso,Media Ladera Derecha,Recta,Transito normal con precaución,0,0,1,0,1.0,Choque,no mantener distancia de seguridad,2503_0_114,17.0,7.0
Córdoba,2017-07-31 12:56:00,64,470.0,2017-06-04 05:00:00,domingo,30,Normal,Seca y limpia,Plano,Terraplen,Recta,Transito normal con precaución,0,0,0,0,1.0,Choque,no determinada,2513_0_64,11.0,13.0
Córdoba,2017-08-14 14:52:00,65,500.0,2017-07-09 05:00:00,domingo,0,Normal,Seca y limpia,Plano,Terraplen,Recta,Transito normal con precaución,0,0,0,0,1.0,Choque,adelantamientos indebidos,2513_0_65,16.0,8.0
Córdoba,2017-08-14 15:02:00,66,800.0,2017-07-17 05:00:00,lunes,0,Normal,Seca y limpia,Plano,Terraplen,Recta,Transito normal con precaución,0,0,0,0,1.0,Choque,desobediencia a normas y senales,2513_0_66,18.0,6.0
Córdoba,2017-08-25 22:00:00,66,800.0,2017-06-29 05:00:00,jueves,0,Normal,Seca y limpia,Plano,Terraplen,Recta,Transito normal con precaución,0,0,0,0,1.0,Choque,no determinada,2513_0_66,5.0,19.0
Córdoba,2017-10-05 21:11:00,66,800.0,2017-08-07 05:00:00,lunes,0,Normal,Seca y limpia,Plano,Terraplen,Recta,Transito normal con precaución,0,0,1,0,1.0,Volcamiento,exceso de velocidad,2513_0_66,4.0,20.0
Córdoba,2017-10-23 13:56:00,65,500.0,2017-09-28 05:00:00,jueves,50,Normal,Humeda,Plano,Terraplen,Recta,Parcial con reducción de carriles,0,0,0,0,1.0,Choque,no determinada,2513_0_65,10.0,14.0
Córdoba,2017-10-23 14:08:00,65,800.0,2017-09-12 05:00:00,martes,30,Normal,Seca y limpia,Plano,Terraplen,Recta,Transito normal con precaución,0,0,0,0,1.0,Choque,no determinada,2513_0_65,5.0,19.0
Córdoba,2017-10-23 14:15:00,66,800.0,2017-09-28 05:00:00,jueves,50,Normal,Seca y limpia,Plano,Terraplen,Recta,Transito normal con precaución,0,0,0,0,1.0,Volcamiento,no determinada,2513_0_66,7.0,17.0
Córdoba,2017-11-17 14:20:00,65,350.0,2017-10-04 05:00:00,miercoles,30,Normal,Seca y limpia,Plano,Terraplen,Recta,Transito normal con precaución,0,0,0,0,1.0,Choque,no determinada,2513_0_65,22.0,2.0
Antioquia,2018-01-02 16:03:00,60,800.0,2017-11-05 05:00:00,domingo,0,Normal,Seca y limpia,Ondulado,Media ladera Izquierda,Recta,Transito normal con precaución,16,0,0,0,1.0,Choque,no determinada,2511_0_60,14.0,2.0
Antioquia,2018-01-02 19:30:00,62,400.0,2017-11-29 05:00:00,miercoles,10,Normal,Seca y limpia,Plano,Media ladera Izquierda,Recta,Transito normal con precaución,0,0,0,0,1.0,Choque,no determinada,2511_0_62,16.0,8.0
Antioquia,2018-01-02 19:49:00,71,970.0,2017-11-10 05:00:00,viernes,0,Niebla,Humeda,Ondulado,Media ladera Izquierda,Curva Derecha,Transito normal con precaución,9,0,0,0,1.0,Choque,condiciones de la via y factores ambientales,2511_0_71,18.0,15.0
Antioquia,2018-01-02 20:11:00,70,200.0,2017-11-19 05:00:00,domingo,0,Normal,Seca y limpia,Ondulado,Media ladera Izquierda,Curva Izquierda,Transito normal con precaución,14,25,0,0,1.0,Choque,adelantamientos indebidos,2511_0_70,15.0,23.0
Antioquia,2018-01-02 20:23:00,82,250.0,2017-11-13 05:00:00,lunes,30,Normal,Seca y limpia,Montañoso,Media ladera Izquierda,Curva Izquierda,Transito normal con precaución,12,10,0,0,1.0,Choque,no determinada,2511_0_82,16.0,20.0
Antioquia,2018-01-02 20:27:00,86,400.0,2017-11-19 05:00:00,domingo,55,Normal,Seca y limpia,Ondulado,Media ladera Izquierda,Curva Derecha,Transito normal con precaución,11,30,1,0,1.0,Choque,desobediencia a normas y senales,2511_0_86,7.0,4.0
Antioquia,2018-01-02 20:33:00,86,700.0,2017-11-03 05:00:00,viernes,55,Normal,Seca y limpia,Plano,Terraplen,Recta,Transito normal con precaución,11,30,0,0,1.0,Choque,condiciones de la via y factores ambientales,2511_0_86,12.0,23.0
Antioquia,2018-01-02 20:39:00,90,0.0,2017-11-15 05:00:00,miercoles,30,Normal,Seca y limpia,Plano,Terraplen,Recta,Transito normal con precaución,14,0,0,0,1.0,Choque,no mantener distancia de seguridad,2511_0_90,16.0,22.0
Antioquia,2018-01-02 20:44:00,102,900.0,2017-11-26 05:00:00,domingo,40,Normal,Seca y limpia,Plano,Terraplen,Recta,Transito normal con precaución,18,10,1,0,1.0,Choque,no determinada,2511_0_102,9.0,9.0
Antioquia,2018-01-02 21:16:00,116,300.0,2017-11-16 05:00:00,jueves,30,Normal,Seca y limpia,Plano,Terraplen,Recta,Transito normal con precaución,0,0,0,0,1.0,Volcamiento,no determinada,2511_0_116,12.0,12.0
Antioquia,2018-01-02 21:21:00,120,250.0,2017-11-12 05:00:00,domingo,45,Normal,Seca y limpia,Plano,Terraplen,Recta,Parcial con reducción de carriles,2,30,1,0,1.0,Volcamiento,impericia en el manejo,2511_0_120,9.0,17.0
Antioquia,2018-01-23 20:04:00,3,500.0,2017-12-29 05:00:00,viernes,0,Normal,Seca y limpia,Ondulado,Media Ladera Derecha,Recta,Transito normal con precaución,9,20,0,0,1.0,Choque,no determinada,2511_0_3,8.0,1.0
Antioquia,2018-01-23 20:07:00,4,810.0,2017-12-05 05:00:00,martes,0,Normal,Seca y limpia,Ondulado,Terraplen,Recta,Transito normal con precaución,9,0,0,0,1.0,Choque,no determinada,2511_0_4,23.0,10.0
Antioquia,2018-01-23 20:19:00,5,500.0,2017-12-23 05:00:00,sabado,50,Normal,Seca y limpia,Ondulado,Terraplen,Recta,Parcial con reducción de carriles,16,30,1,0,1.0,Choque,no mantener distancia de seguridad,2511_0_5,15.0,1.0
Antioquia,2018-01-23 20:29:00,6,200.0,2017-12-22 05:00:00,viernes,50,Normal,Seca y limpia,Ondulado,Media ladera Izquierda,Curva Derecha,Transito normal con precaución,18,0,0,0,1.0,Volcamiento,no determinada,2511_0_6,10.0,8.0
Antioquia,2018-01-23 20:35:00,7,600.0,2017-12-07 05:00:00,jueves,30,Normal,Seca y limpia,Ondulado,Terraplen,Recta,Transito normal con precaución,6,30,0,0,1.0,Volcamiento,no determinada,2511_0_7,0.0,6.0
Antioquia,2018-01-23 20:38:00,8,30.0,2017-12-29 05:00:00,viernes,30,Normal,Seca y limpia,Ondulado,Media Ladera Derecha,Curva Derecha,Transito normal con precaución,8,0,0,0,1.0,Choque,no determinada,2511_0_8,2.0,6.0
Antioquia,2018-01-23 21:07:00,0,900.0,2017-12-16 05:00:00,sabado,30,Lluvia,Humeda,Ondulado,Media Ladera Derecha,Curva Derecha,Transito normal con precaución,0,0,1,0,1.0,Choque,adelantamientos indebidos,2511_0_0,19.0,5.0
Antioquia,2018-01-23 21:11:00,12,200.0,2017-12-13 05:00:00,miercoles,0,Lluvia,Humeda,Ondulado,Media Ladera Derecha,Curva Derecha,Parcial con reducción de carriles,0,0,1,0,1.0,Choque,maniobras imprudentes,2511_0_12,1.0,23.0
Antioquia,2018-01-23 21:14:00,13,300.0,2017-12-12 05:00:00,martes,10,Lluvia,Humeda,Ondulado,Media Ladera Derecha,Curva Derecha,Transito normal con precaución,11,40,0,0,1.0,Choque,no determinada,2511_0_13,15.0,20.0
Antioquia,2018-01-23 21:49:00,28,250.0,2017-12-16 05:00:00,sabado,45,Lluvia,Humeda,Ondulado,Media Ladera Derecha,Curva Derecha,Parcial con reducción de carriles,15,0,1,0,1.0,Choque,embriaguez o sustancias alucinogenas,2511_0_28,13.0,2.0
Antioquia,2018-01-23 21:53:00,38,200.0,2017-12-16 05:00:00,sabado,0,Normal,Seca y limpia,Ondulado,Media Ladera Derecha,Curva Derecha,Transito normal con precaución,7,30,0,0,1.0,Choque,adelantamientos indebidos,2511_0_38,19.0,12.0
Antioquia,2018-01-23 21:56:00,49,800.0,2017-12-24 05:00:00,domingo,12,Normal,Seca y limpia,Ondulado,Media Ladera Derecha,Curva Derecha,Transito normal con precaución,5,40,0,0,1.0,Choque,no determinada,2511_0_49,12.0,17.0
Antioquia,2018-01-23 22:01:00,50,100.0,2017-12-25 05:00:00,lunes,10,Lluvia,Humeda,Ondulado,Media Ladera Derecha,Curva Derecha,Transito normal con precaución,13,20,0,0,1.0,Choque,no determinada,2511_0_50,5.0,8.0
Antioquia,2018-01-25 15:35:00,55,700.0,2017-12-30 05:00:00,sabado,30,Normal,Seca y limpia,Montañoso,Media Ladera Derecha,Curva Derecha,Transito normal con precaución,12,45,0,0,1.0,Choque,no mantener distancia de seguridad,2511_0_55,15.0,21.0
Antioquia,2018-01-25 15:44:00,55,100.0,2017-12-29 05:00:00,viernes,0,Lluvia,Humeda,Montañoso,Media Ladera Derecha,Curva Derecha,Transito normal con precaución,0,0,0,0,1.0,Choque,no mantener distancia de seguridad,2511_0_55,8.0,16.0
Antioquia,2018-01-25 15:53:00,55,200.0,2017-12-21 05:00:00,jueves,30,Normal,Seca y limpia,Ondulado,Media ladera Izquierda,Curva Derecha,Transito normal con precaución,15,10,0,0,1.0,Choque,no determinada,2511_0_55,12.0,3.0
Antioquia,2018-01-25 16:00:00,55,500.0,2017-12-14 05:00:00,jueves,0,Lluvia,Humeda,Ondulado,Media Ladera Derecha,Curva Derecha,Transito normal con precaución,0,0,0,0,1.0,Choque,no determinada,2511_0_55,18.0,6.0
Antioquia,2018-01-25 16:03:00,56,600.0,2017-12-10 05:00:00,domingo,30,Lluvia,Humeda,Montañoso,Media ladera Izquierda,Curva Izquierda,Transito normal con precaución,11,30,0,0,1.0,Choque,impericia en el manejo,2511_0_56,16.0,19.0
Antioquia,2018-01-25 16:05:00,56,810.0,2017-12-10 05:00:00,domingo,30,Lluvia,Humeda,Montañoso,Media ladera Izquierda,Curva Izquierda,Transito normal con precaución,0,0,0,0,1.0,Choque,impericia en el manejo,2511_0_56,20.0,4.0
Antioquia,2018-01-25 16:10:00,57,200.0,2017-12-21 05:00:00,jueves,0,Normal,Seca y limpia,Montañoso,Media ladera Izquierda,Curva Izquierda,Transito normal con precaución,10,0,0,0,1.0,Choque,no determinada,2511_0_57,15.0,19.0
Antioquia,2018-01-25 19:13:00,59,950.0,2017-12-10 05:00:00,domingo,0,Normal,Seca y limpia,Ondulado,Media ladera Izquierda,Recta,Transito normal con precaución,8,0,0,0,1.0,Choque,no determinada,2511_0_59,14.0,18.0
Antioquia,2018-01-25 19:17:00,64,200.0,2017-12-06 05:00:00,miercoles,15,Lluvia,Humeda,Ondulado,Media Ladera Derecha,Curva Derecha,Transito normal con precaución,13,25,0,0,1.0,Choque,no determinada,2511_0_64,9.0,4.0
Antioquia,2018-01-25 19:21:00,68,700.0,2017-12-18 05:00:00,lunes,30,Normal,Seca y limpia,Ondulado,Media ladera Izquierda,Curva Izquierda,Transito normal con precaución,14,0,0,0,1.0,Choque,no determinada,2511_0_68,16.0,22.0
Antioquia,2018-01-25 19:27:00,71,650.0,2017-12-30 05:00:00,sabado,0,Normal,Seca y limpia,Ondulado,Media ladera Izquierda,Curva Izquierda,Parcial con reducción de carriles,3,0,1,0,1.0,Choque,exceso en horas de conduccion,2511_0_71,11.0,16.0
Antioquia,2018-01-25 19:47:00,73,300.0,2017-12-08 05:00:00,viernes,10,Lluvia,Humeda,Ondulado,Media ladera Izquierda,Curva Izquierda,Transito normal con precaución,4,5,0,0,1.0,Choque,no determinada,2511_0_73,7.0,21.0
Antioquia,2018-01-25 20:03:00,75,730.0,2017-12-23 05:00:00,sabado,50,Normal,Seca y limpia,Plano,Terraplen,Recta,Transito normal con precaución,9,50,0,0,1.0,Choque,no determinada,2511_0_75,16.0,17.0
Antioquia,2018-01-25 20:06:00,77,200.0,2017-12-19 05:00:00,martes,50,Normal,Seca y limpia,Plano,Terraplen,Recta,Transito normal con precaución,12,30,0,0,1.0,Choque,no determinada,2511_0_77,20.0,16.0
Antioquia,2018-01-26 13:25:00,80,81.0,2017-12-23 05:00:00,sabado,30,Normal,Seca y limpia,Ondulado,Media Ladera Derecha,Curva Derecha,Parcial con reducción de carriles,16,0,0,0,1.0,Choque,no determinada,2511_0_80,7.0,9.0
Antioquia,2018-01-26 13:33:00,84,50.0,2017-12-03 05:00:00,domingo,0,Normal,Seca y limpia,Ondulado,Terraplen,Curva Derecha,Transito normal con precaución,0,0,0,0,1.0,Choque,no determinada,2511_0_84,21.0,3.0
Antioquia,2018-01-26 13:37:00,90,100.0,2017-12-03 05:00:00,domingo,40,Normal,Seca y limpia,Ondulado,Terraplen,Recta,Transito normal con precaución,13,40,0,0,1.0,Choque,no determinada,2511_0_90,16.0,21.0
Antioquia,2018-01-26 13:41:00,96,100.0,2017-12-13 05:00:00,miercoles,0,Normal,Seca y limpia,Plano,Terraplen,Recta,Transito normal con precaución,0,0,0,0,1.0,Choque,no determinada,2511_0_96,18.0,6.0
Antioquia,2018-01-26 13:44:00,105,350.0,2017-12-15 05:00:00,viernes,0,Normal,Seca y limpia,Ondulado,Media ladera Izquierda,Recta,Parcial con reducción de carriles,18,40,12,1,1.0,Choque,no determinada,2511_0_105,4.0,14.0
Antioquia,2018-01-26 13:49:00,112,700.0,2017-12-27 05:00:00,miercoles,10,Normal,Seca y limpia,Plano,Terraplen,Recta,Parcial con reducción de carriles,0,0,0,1,1.0,Choque,no determinada,2511_0_112,13.0,11.0
Antioquia,2018-01-26 13:52:00,112,800.0,2017-12-27 05:00:00,miercoles,10,Normal,Seca y limpia,Plano,Terraplen,Recta,Parcial con reducción de carriles,21,0,1,0,1.0,Choque,no determinada,2511_0_112,22.0,23.0
Antioquia,2018-01-26 14:07:00,117,300.0,2017-12-18 05:00:00,lunes,15,Normal,Seca y limpia,Plano,Terraplen,Recta,Parcial con reducción de carriles,0,0,0,1,1.0,Atropello,impericia en el manejo,2511_0_117,7.0,17.0
Antioquia,2018-02-19 14:36:00,1,550.0,2018-01-28 05:00:00,domingo,40,Normal,Seca y limpia,Ondulado,Media Ladera Derecha,Curva Derecha,Transito normal con precaución,0,0,0,0,1.0,Choque,adelantamientos indebidos,2511_0_1,18.0,6.0
Antioquia,2018-02-19 14:40:00,2,500.0,2018-01-04 05:00:00,jueves,40,Normal,Seca y limpia,Ondulado,Terraplen,Recta,Transito normal con precaución,9,10,0,0,1.0,Choque,no mantener distancia de seguridad,2511_0_2,0.0,9.0
Antioquia,2018-02-19 14:48:00,5,300.0,2018-01-07 05:00:00,domingo,40,Normal,Seca y limpia,Plano,Terraplen,Recta,Transito normal con precaución,20,50,0,0,1.0,Choque,no determinada,2511_0_5,14.0,6.0
Antioquia,2018-02-19 19:48:00,16,200.0,2018-01-10 05:00:00,miercoles,30,Lluvia,Humeda,Ondulado,Media Ladera Derecha,Curva Derecha,Parcial con reducción de carriles,14,0,3,0,1.0,Choque,no determinada,2511_0_16,8.0,6.0
Antioquia,2018-02-19 19:53:00,3,200.0,2018-01-07 05:00:00,domingo,50,Normal,Seca y limpia,Plano,Terraplen,Recta,Transito normal con precaución,16,20,0,0,1.0,Choque,no mantener distancia de seguridad,2511_0_3,16.0,0.0