territorial,fecha_registro,pr,distancia_pr,fecha_acc,dia_semana_acc,min_acc,condic_meteor,estado_super,terreno,secc_tip,geometria_acc,tipo_cierre,horas_cierre,min_cierre,n_heridos,n_muertos,n_victimas,clase_accidente,causa_posible,ref_loc,hora_acc,duracion_cierre_horas
Antioquia,2018-02-19 20:02:00,5,100.0,2018-01-03 05:00:00,miercoles,30,Lluvia,Humeda,Ondulado,Terraplen,Recta,Parcial con reducción de carriles,21,40,1,0,1.0,Choque,no determinada,2511_0_5,11.0,10.0
Antioquia,2018-02-19 20:16:00,20,100.0,2018-01-08 05:00:00,lunes,30,Lluvia,Humeda,Ondulado,Media Ladera Derecha,Curva Derecha,Parcial con reducción de carriles,0,0,1,0,1.0,Choque,no determinada,2511_0_20,11.0,13.0
Antioquia,2018-02-19 21:04:00,29,200.0,2018-01-03 05:00:00,miercoles,40,Normal,Seca y limpia,Ondulado,Media Ladera Derecha,Curva Derecha,Transito normal con precaución,2,0,0,0,1.0,Choque,condiciones de la via y factores ambientales,2511_0_29,12.0,14.0
Antioquia,2018-02-21 20:39:00,30,300.0,2018-01-06 05:00:00,sabado,40,Normal,Seca y limpia,Ondulado,Media Ladera Derecha,Curva Derecha,Transito normal con precaución,15,0,0,0,1.0,Choque,no determinada,2511_0_30,20.0,19.0
Antioquia,2018-02-21 20:45:00,48,20.0,2018-01-27 05:00:00,sabado,0,Niebla,Humeda,Ondulado,Media Ladera Derecha,Recta,Transito normal con precaución,0,0,0,0,1.0,Choque,condiciones de la via y factores ambientales,2511_0_48,11.0,13.0
Antioquia,2018-02-21 20:49:00,53,700.0,2017-01-13 05:00:00,viernes,0,Normal,Seca y limpia,Montañoso,Media Ladera Derecha,Curva Derecha,Transito normal con precaución,19,15,0,0,1.0,Choque,no determinada,2511_0_53,12.0,7.0
Antioquia,2018-03-27 20:42:00,55,400.0,2018-02-24 05:00:00,sabado,0,Lluvia,Humeda,Montañoso,Media Ladera Derecha,Curva Derecha,Transito normal con precaución,12,10,0,0,1.0,Choque,no determinada,2511_0_55,9.0,3.0
Antioquia,2018-03-28 14:20:00,71,680.0,2018-02-21 05:00:00,miercoles,45,Lluvia,Humeda,Ondulado,Media Ladera Derecha,Curva Derecha,Transito normal con precaución,15,15,0,0,1.0,Choque,adelantamientos indebidos,2511_0_71,16.0,23.0
Antioquia,2018-03-28 14:23:00,73,330.0,2018-02-28 05:00:00,miercoles,0,Normal,Seca y limpia,Ondulado,Media Ladera Derecha,Curva Derecha,Transito normal con precaución,8,20,0,0,1.0,Volcamiento,no determinada,2511_0_73,19.0,13.0
Antioquia,2018-03-28 14:29:00,73,390.0,2018-02-02 05:00:00,viernes,45,Lluvia,Humeda,Montañoso,Media Ladera Derecha,Curva Derecha,Transito normal con precaución,0,0,1,0,1.0,Volcamiento,no determinada,2511_0_73,17.0,7.0
Antioquia,2018-03-28 14:37:00,76,900.0,2018-02-16 05:00:00,viernes,33,Normal,Seca y limpia,Ondulado,Media Ladera Derecha,Curva Derecha,Transito normal con precaución,8,15,0,0,1.0,Choque,no determinada,2511_0_76,6.0,2.0
Antioquia,2018-03-28 14:40:00,78,825.0,2018-02-14 05:00:00,miercoles,50,Niebla,Humeda,Ondulado,Media Ladera Derecha,Recta,Transito normal con precaución,14,50,0,0,1.0,Choque,no determinada,2511_0_78,11.0,3.0
Antioquia,2018-03-28 15:10:00,80,215.0,2018-02-27 05:00:00,martes,45,Normal,Seca y limpia,Montañoso,Media Ladera Derecha,Curva Derecha,Transito normal con precaución,0,0,0,0,1.0,Choque,condiciones de la via y factores ambientales,2511_0_80,9.0,15.0
Antioquia,2018-03-28 15:23:00,89,800.0,2018-02-01 05:00:00,jueves,0,Normal,Seca y limpia,Montañoso,Media Ladera Derecha,Curva Derecha,Parcial con reducción de carriles,0,0,1,0,1.0,Choque,no determinada,2511_0_89,13.0,11.0
Antioquia,2018-03-28 15:55:00,97,350.0,2018-02-28 05:00:00,miercoles,10,Normal,Seca y limpia,Plano,Terraplen,Recta,Transito normal con precaución,0,0,0,0,1.0,Choque,fallas mecanicas y del sistema electrico,2511_0_97,9.0,15.0
Antioquia,2018-03-27 19:32:00,78,100.0,2018-02-24 05:00:00,sabado,40,Lluvia,Humeda,Plano,Media ladera Izquierda,Recta,Parcial con reducción de carriles,4,0,1,0,1.0,Choque,adelantamientos indebidos,2510_2_78,2.0,2.0
Antioquia,2018-03-27 19:45:00,80,800.0,2018-02-07 05:00:00,miercoles,55,Normal,Seca y limpia,Plano,Media ladera Izquierda,Curva Izquierda,Parcial con reducción de carriles,0,0,1,0,1.0,Volcamiento,no determinada,2510_2_80,3.0,21.0
Antioquia,2017-10-04 19:24:00,70,30.0,2017-08-02 05:00:00,miercoles,0,Seca,Seca y limpia,Plano,Media Ladera Derecha,Recta,Parcial con reducción de carriles,19,30,0,0,1.0,Choque,no determinada,2510_1_70,13.0,6.0
Antioquia,2017-10-04 19:26:00,72,30.0,2017-08-03 05:00:00,jueves,15,Viento,Seca y limpia,Plano,Media ladera Izquierda,Recta,Parcial con reducción de carriles,15,45,0,0,1.0,Choque,no mantener distancia de seguridad,2510_1_72,6.0,9.0
Antioquia,2017-10-04 19:28:00,75,0.0,2017-08-20 05:00:00,domingo,0,Normal,Seca y limpia,Plano,Media ladera Izquierda,Recta,Parcial con reducción de carriles,20,15,0,0,1.0,Choque,adelantamientos indebidos,2510_1_75,14.0,6.0
Antioquia,2017-10-04 19:30:00,83,800.0,2017-08-29 05:00:00,martes,45,Normal,Seca y limpia,Plano,Media ladera Izquierda,Recta,Parcial con reducción de carriles,23,0,0,0,1.0,Choque,no mantener distancia de seguridad,2510_1_83,7.0,16.0
Antioquia,2017-10-04 19:31:00,87,900.0,2017-08-26 05:00:00,sabado,50,Viento,Seca y limpia,Plano,Media ladera Izquierda,Recta,Parcial con reducción de carriles,22,5,1,0,1.0,Choque,exceso de velocidad,2510_1_87,8.0,14.0
Antioquia,2017-10-05 13:29:00,80,900.0,2017-03-07 05:00:00,martes,10,Normal,Seca y limpia,Montañoso,Media Ladera Derecha,Curva Derecha,Transito normal con precaución,0,0,0,0,1.0,Choque,no determinada,2510_1_80,19.0,5.0
Antioquia,2017-10-05 15:29:00,75,0.0,2017-03-04 05:00:00,sabado,20,Normal,Seca y limpia,Plano,Media ladera Izquierda,Curva Derecha,Parcial con reducción de carriles,13,45,1,0,1.0,Choque,no determinada,2510_1_75,14.0,23.0
Antioquia,2017-10-17 14:35:00,67,67.0,2017-09-17 05:00:00,domingo,0,Normal,Seca y limpia,Plano,Media ladera Izquierda,Recta,Parcial con reducción de carriles,21,20,0,0,1.0,Choque,maniobras imprudentes,2510_1_67,3.0,18.0
Antioquia,2017-10-17 14:39:00,68,800.0,2017-09-07 05:00:00,jueves,50,Normal,Seca y limpia,Ondulado,Media ladera Izquierda,Curva Derecha,Parcial con reducción de carriles,16,10,1,0,1.0,Choque,adelantamientos indebidos,2510_1_68,10.0,6.0
Antioquia,2017-10-17 14:42:00,69,300.0,2017-09-09 05:00:00,sabado,50,Lluvia,Humeda,Plano,Media ladera Izquierda,Curva Izquierda,Parcial con reducción de carriles,0,0,1,0,1.0,Volcamiento,no determinada,2510_1_69,3.0,21.0
Antioquia,2017-10-17 14:49:00,72,900.0,2017-09-26 05:00:00,martes,15,Normal,Seca y limpia,Plano,Terraplen,Recta,Parcial con reducción de carriles,20,50,0,0,1.0,Choque,estacionamiento y senalizacion imprudente,2510_1_72,8.0,12.0
Antioquia,2017-10-17 14:52:00,80,900.0,2017-09-05 05:00:00,martes,15,Normal,Seca y limpia,Montañoso,Media ladera Izquierda,Curva Izquierda,Parcial con reducción de carriles,10,30,0,0,1.0,Choque,no mantener distancia de seguridad,2510_1_80,7.0,3.0
Antioquia,2017-11-15 15:16:00,61,300.0,2017-04-10 05:00:00,lunes,20,Normal,Seca y limpia,Ondulado,Media Ladera Derecha,Curva Derecha,Transito normal con precaución,19,30,0,0,1.0,Choque,no determinada,2510_1_61,8.0,11.0
Antioquia,2017-11-15 15:20:00,65,950.0,2017-04-16 05:00:00,domingo,30,Normal,Seca y limpia,Ondulado,Media ladera Izquierda,Curva Izquierda,Parcial con reducción de carriles,18,20,0,0,1.0,Volcamiento,no determinada,2510_1_65,16.0,2.0
Antioquia,2017-11-15 15:26:00,69,500.0,2017-04-11 05:00:00,martes,0,Normal,Seca y limpia,Ondulado,Terraplen,Recta,Transito normal con precaución,17,6,2,0,1.0,Volcamiento,exceso en horas de conduccion,2510_1_69,15.0,2.0
Antioquia,2017-11-15 15:32:00,80,210.0,2017-04-11 05:00:00,martes,15,Normal,Seca y limpia,Ondulado,Terraplen,Recta,Parcial con reducción de carriles,12,0,1,0,1.0,Choque,no mantener distancia de seguridad,2510_1_80,15.0,21.0
Antioquia,2017-11-17 13:33:00,59,0.0,2017-05-01 05:00:00,lunes,10,Normal,Seca y limpia,Ondulado,Media Ladera Derecha,Curva Derecha,Parcial con reducción de carriles,18,30,0,0,1.0,Choque,no mantener distancia de seguridad,2510_1_59,8.0,10.0
Antioquia,2017-11-17 13:38:00,59,830.0,2017-05-17 05:00:00,miercoles,5,Normal,Seca y limpia,Ondulado,Media Ladera Derecha,Recta,Parcial con reducción de carriles,15,40,2,0,1.0,Choque,no determinada,2510_1_59,15.0,0.0
Antioquia,2017-11-17 13:46:00,61,110.0,2017-05-09 05:00:00,martes,30,Lluvia,Humeda,Plano,Media Ladera Derecha,Recta,Parcial con reducción de carriles,3,40,0,1,1.0,Caída ocupante,no determinada,2510_1_61,8.0,19.0
Antioquia,2017-11-17 14:35:00,64,600.0,2017-05-23 05:00:00,martes,45,Normal,Seca y limpia,Ondulado,Media ladera Izquierda,Curva Izquierda,Parcial con reducción de carriles,9,0,0,0,1.0,Choque,no determinada,2510_1_64,0.0,9.0
Antioquia,2017-11-22 14:25:00,67,700.0,2017-05-29 05:00:00,lunes,30,Normal,Seca y limpia,Plano,Media Ladera Derecha,Curva Izquierda,Parcial con reducción de carriles,16,35,1,0,1.0,Choque,no determinada,2510_1_67,17.0,23.0
Antioquia,2017-11-22 14:39:00,77,900.0,2017-05-07 05:00:00,domingo,0,Normal,Seca y limpia,Ondulado,Media ladera Izquierda,Recta,Parcial con reducción de carriles,16,20,1,0,1.0,Choque,no mantener distancia de seguridad,2510_1_77,15.0,1.0
Antioquia,2017-11-23 19:21:00,58,600.0,2017-06-21 05:00:00,miercoles,20,Normal,Seca y limpia,Ondulado,Media ladera Izquierda,Curva Derecha,Parcial con reducción de carriles,6,40,0,0,1.0,Choque,no determinada,2510_1_58,17.0,13.0
Antioquia,2017-11-23 19:27:00,61,730.0,2017-06-15 05:00:00,jueves,0,Normal,Seca y limpia,Ondulado,Media ladera Izquierda,Curva Izquierda,Parcial con reducción de carriles,17,15,0,0,1.0,Choque,no determinada,2510_1_61,16.0,1.0
Antioquia,2017-11-23 19:32:00,66,600.0,2017-06-10 05:00:00,sabado,0,Normal,Seca y limpia,Ondulado,Media ladera Izquierda,Recta,Parcial con reducción de carriles,16,50,1,0,1.0,Choque,embriaguez o sustancias alucinogenas,2510_1_66,0.0,16.0
Antioquia,2017-11-23 19:41:00,65,850.0,2017-06-21 05:00:00,miercoles,40,Normal,Seca y limpia,Ondulado,Media ladera Izquierda,Recta,Parcial con reducción de carriles,16,0,1,0,1.0,Choque,pasarjero embriagado,2510_1_65,15.0,1.0
Antioquia,2017-11-23 19:53:00,71,850.0,2017-06-12 05:00:00,lunes,40,Normal,Seca y limpia,Ondulado,Media ladera Izquierda,Curva Izquierda,Parcial con reducción de carriles,12,55,1,0,1.0,Choque,no mantener distancia de seguridad,2510_1_71,10.0,2.0
Antioquia,2017-11-23 19:59:00,73,200.0,2017-06-19 05:00:00,lunes,20,Normal,Seca y limpia,Ondulado,Media ladera Izquierda,Curva Derecha,Transito normal con precaución,9,50,0,0,1.0,Choque,no mantener distancia de seguridad,2510_1_73,19.0,14.0
Antioquia,2017-11-23 20:05:00,78,50.0,2017-06-24 05:00:00,sabado,0,Lluvia,Humeda,Ondulado,Terraplen,Recta,Parcial con reducción de carriles,0,0,0,0,1.0,Volcamiento,no mantener distancia de seguridad,2510_1_78,19.0,5.0
Antioquia,2017-11-23 20:10:00,80,600.0,2017-06-24 05:00:00,sabado,15,Lluvia,Humeda,Ondulado,Terraplen,Recta,Parcial con reducción de carriles,11,0,0,0,1.0,Choque,no mantener distancia de seguridad,2510_1_80,7.0,4.0
Antioquia,2017-11-23 20:15:00,83,600.0,2017-06-10 05:00:00,sabado,15,Normal,Seca y limpia,Ondulado,Media ladera Izquierda,Recta,Parcial con reducción de carriles,11,0,0,0,1.0,Choque,no mantener distancia de seguridad,2510_1_83,17.0,18.0
Antioquia,2017-11-23 20:30:00,84,950.0,2017-06-17 05:00:00,sabado,50,Normal,Seca y limpia,Ondulado,Media ladera Izquierda,Curva Izquierda,Parcial con reducción de carriles,0,0,0,0,1.0,Choque,no determinada,2510_1_84,13.0,11.0
Antioquia,2017-11-28 13:31:00,61,130.0,2017-07-21 05:00:00,viernes,0,Normal,Seca y limpia,Plano,Media ladera Izquierda,Recta,Parcial con reducción de carriles,11,30,0,0,1.0,Choque,maniobras imprudentes,2510_1_61,10.0,1.0
Antioquia,2017-11-28 13:42:00,67,494.0,2017-07-15 05:00:00,sabado,0,Normal,Seca y limpia,Ondulado,Media ladera Izquierda,Recta,Parcial con reducción de carriles,0,0,1,0,1.0,Choque,condiciones de la via y factores ambientales,2510_1_67,4.0,20.0
Antioquia,2017-11-28 13:37:00,69,100.0,2017-07-14 05:00:00,viernes,0,Normal,Seca y limpia,Plano,Media ladera Izquierda,Recta,Parcial con reducción de carriles,16,30,0,0,1.0,Choque,no determinada,2510_1_69,0.0,16.0
Antioquia,2017-12-04 20:34:00,69,110.0,2017-07-23 05:00:00,domingo,10,Normal,Seca y limpia,Ondulado,Media ladera Izquierda,Curva Derecha,Transito normal con precaución,6,40,0,0,1.0,Choque,no mantener distancia de seguridad,2510_1_69,5.0,1.0
Antioquia,2017-12-29 14:52:00,53,700.0,2017-10-02 05:00:00,lunes,10,Normal,Seca y limpia,Ondulado,Terraplen,Recta,Transito normal con precaución,14,30,0,0,1.0,Choque,no mantener distancia de seguridad,2510_1_53,22.0,16.0
Antioquia,2017-12-29 14:56:00,69,500.0,2017-10-09 05:00:00,lunes,30,Normal,Seca y limpia,Ondulado,Media ladera Izquierda,Curva Derecha,Parcial con reducción de carriles,0,0,0,0,1.0,Choque,adelantamientos indebidos,2510_1_69,5.0,19.0
Antioquia,2017-12-29 15:04:00,75,0.0,2017-10-06 05:00:00,viernes,20,Normal,Seca y limpia,Plano,Media ladera Izquierda,Curva Izquierda,Transito normal con precaución,14,40,0,0,1.0,Choque,no determinada,2510_1_75,21.0,17.0
Antioquia,2017-12-29 15:12:00,78,930.0,2017-10-07 05:00:00,sabado,0,Normal,Seca y limpia,Montañoso,Media ladera Izquierda,Curva Izquierda,Transito normal con precaución,0,0,4,0,1.0,Choque,estacionamiento y senalizacion imprudente,2510_1_78,7.0,17.0
Antioquia,2017-12-29 15:18:00,81,600.0,2017-10-08 05:00:00,domingo,30,Lluvia,Humeda,Ondulado,Media Ladera Derecha,Recta,Parcial con reducción de carriles,14,0,0,0,1.0,Choque,maniobras imprudentes,2510_1_81,11.0,3.0
Antioquia,2017-12-29 20:30:00,68,900.0,2017-11-03 05:00:00,viernes,0,Normal,Seca y limpia,Ondulado,Media ladera Izquierda,Recta,Transito normal con precaución,22,23,0,0,1.0,Choque,adelantamientos indebidos,2510_1_68,9.0,13.0
Antioquia,2017-12-29 20:39:00,69,500.0,2017-11-09 05:00:00,jueves,30,Normal,Seca y limpia,Ondulado,Media ladera Izquierda,Curva Derecha,Parcial con reducción de carriles,23,30,0,1,1.0,Choque,adelantamientos indebidos,2510_1_69,7.0,16.0
Antioquia,2017-12-29 20:44:00,73,880.0,2017-11-25 05:00:00,sabado,50,Niebla,Humeda,Plano,Media ladera Izquierda,Recta,Parcial con reducción de carriles,0,0,0,1,1.0,Caída de piedra,maniobras imprudentes,2510_1_73,23.0,1.0
Antioquia,2017-12-29 20:49:00,78,930.0,2017-11-07 05:00:00,martes,20,Normal,Seca y limpia,Montañoso,Terraplen,Curva Izquierda,Transito normal con precaución,16,45,4,0,1.0,Choque,no determinada,2510_1_78,9.0,7.0
Antioquia,2017-12-29 20:53:00,79,500.0,2017-11-25 05:00:00,sabado,50,Normal,Seca y limpia,Ondulado,Media Ladera Derecha,Recta,Transito normal con precaución,0,0,0,0,1.0,Choque,no determinada,2510_1_79,18.0,6.0
Antioquia,2017-12-29 20:59:00,79,500.0,2017-11-25 05:00:00,sabado,50,Normal,Humeda,Ondulado,Media Ladera Derecha,Recta,Transito normal con precaución,11,20,0,0,1.0,Choque,no determinada,2510_1_79,15.0,20.0
Antioquia,2017-12-29 21:03:00,81,600.0,2017-11-08 05:00:00,miercoles,30,Lluvia,Humeda,Ondulado,Media Ladera Derecha,Recta,Transito normal con precaución,14,0,0,0,1.0,Choque,maniobras imprudentes,2510_1_81,17.0,21.0
Antioquia,2017-12-29 21:06:00,82,0.0,2017-11-18 05:00:00,sabado,50,Lluvia,Humeda,Ondulado,Media Ladera Derecha,Recta,Transito normal con precaución,0,0,0,0,1.0,Choque,no determinada,2510_1_82,3.0,21.0
Antioquia,2017-12-29 21:10:00,83,500.0,2017-11-18 05:00:00,sabado,10,Lluvia,Humeda,Ondulado,Media Ladera Derecha,Recta,Transito normal con precaución,5,50,3,0,1.0,Choque,no determinada,2510_1_83,13.0,16.0
Antioquia,2017-12-29 21:15:00,87,990.0,2017-11-17 05:00:00,viernes,10,Normal,Seca y limpia,Ondulado,Media Ladera Derecha,Recta,Transito normal con precaución,13,50,2,0,1.0,Choque,no determinada,2510_1_87,7.0,6.0
Antioquia,2018-01-23 19:39:00,76,700.0,2017-12-22 05:00:00,viernes,45,Normal,Seca y limpia,Ondulado,Media ladera Izquierda,Recta,Parcial con reducción de carriles,15,20,1,0,1.0,Choque,no mantener distancia de seguridad,2510_1_76,6.0,9.0
Antioquia,2018-01-23 19:43:00,81,900.0,2017-12-02 05:00:00,sabado,10,Normal,Seca y limpia,Ondulado,Terraplen,Recta,Parcial con reducción de carriles,19,20,1,0,1.0,Choque,embriaguez o sustancias alucinogenas,2510_1_81,10.0,9.0
Antioquia,2018-01-23 19:51:00,83,300.0,2017-12-30 05:00:00,sabado,30,Lluvia,Humeda,Plano,Media ladera Izquierda,Curva Izquierda,Transito normal con precaución,10,20,0,0,1.0,Choque,no determinada,2510_1_83,14.0,20.0
Antioquia,2018-01-23 19:54:00,84,600.0,2017-12-20 05:00:00,miercoles,30,Normal,Seca y limpia,Ondulado,Terraplen,Curva Izquierda,Parcial con reducción de carriles,8,0,2,0,1.0,Choque,maniobras imprudentes,2510_1_84,6.0,2.0
Antioquia,2018-02-19 14:18:00,52,500.0,2018-01-21 05:00:00,domingo,0,Lluvia,Humeda,Ondulado,Terraplen,Recta,Parcial con reducción de carriles,21,10,0,0,1.0,Choque,embriaguez o sustancias alucinogenas,2510_1_52,21.0,0.0
Antioquia,2018-02-19 14:23:00,61,800.0,2018-01-16 05:00:00,martes,30,Normal,Seca y limpia,Ondulado,Media ladera Izquierda,Recta,Parcial restringido a vehiculos pesados,8,0,2,0,1.0,Choque,no determinada,2510_1_61,1.0,7.0
Antioquia,2018-02-19 14:27:00,67,172.0,2018-01-29 05:00:00,lunes,0,Normal,Seca y limpia,Ondulado,Terraplen,Recta,Transito normal con precaución,13,10,0,0,1.0,Choque,no determinada,2510_1_67,11.0,2.0
Antioquia,2018-02-19 14:31:00,68,20.0,2018-01-28 05:00:00,domingo,50,Normal,Seca y limpia,Plano,Media ladera Izquierda,Curva Izquierda,Parcial con reducción de carriles,5,55,1,0,1.0,Choque,no determinada,2510_1_68,12.0,17.0
Antioquia,2018-03-27 19:14:00,62,800.0,2018-02-02 05:00:00,viernes,20,Normal,Seca y limpia,Ondulado,Media ladera Izquierda,Recta,Parcial con reducción de carriles,18,27,1,0,1.0,Choque,no determinada,2510_1_62,10.0,8.0
Antioquia,2018-03-27 19:18:00,75,0.0,2018-02-05 05:00:00,lunes,40,Normal,Seca y limpia,Ondulado,Terraplen,Recta,Parcial con reducción de carriles,18,20,0,0,1.0,Choque,maniobras imprudentes,2510_1_75,6.0,12.0
Antioquia,2018-03-27 19:21:00,75,925.0,2018-02-12 05:00:00,lunes,0,Normal,Seca y limpia,Montañoso,Media ladera Izquierda,Curva Izquierda,Parcial con reducción de carriles,0,0,0,1,1.0,Choque,adelantamientos indebidos,2510_1_75,10.0,14.0
Antioquia,2018-03-28 16:35:00,62,470.0,2018-02-14 05:00:00,miercoles,20,Lluvia,Humeda,Ondulado,Terraplen,Recta,Parcial con reducción de carriles,8,40,0,0,1.0,Volcamiento,fallas mecanicas y del sistema electrico,2510_1_62,12.0,20.0
Antioquia,2017-05-18 13:11:00,86,860.0,2016-12-21 05:00:00,miercoles,0,Normal,Seca y limpia,Ondulado,Terraplen,Recta,Transito normal con precaución,0,0,0,0,1.0,Choque,no mantener distancia de seguridad,2510_1_86,15.0,9.0
Antioquia,2017-05-18 19:20:00,83,600.0,2016-12-06 05:00:00,martes,50,Normal,Seca y limpia,Plano,Terraplen,Recta,Transito normal con precaución,9,10,0,0,1.0,Choque,no mantener distancia de seguridad,2510_1_83,2.0,7.0
Antioquia,2017-05-18 19:25:00,82,700.0,2016-12-03 05:00:00,sabado,30,Lluvia,Humeda,Plano,Terraplen,Recta,Transito normal con precaución,16,10,0,0,1.0,Choque,condiciones de la via y factores ambientales,2510_1_82,13.0,3.0
Antioquia,2017-05-18 19:47:00,84,100.0,2016-12-16 05:00:00,viernes,30,Normal,Seca y limpia,Plano,Media ladera Izquierda,Recta,Transito normal con precaución,23,45,0,0,1.0,Choque,no determinada,2510_1_84,7.0,16.0
Antioquia,2017-05-18 19:59:00,67,50.0,2016-12-17 05:00:00,sabado,0,Normal,Seca y limpia,Plano,Media Ladera Derecha,Recta,Parcial con reducción de carriles,19,0,1,0,1.0,Choque,impericia en el manejo,2510_1_67,10.0,9.0
Antioquia,2017-05-25 16:41:00,68,900.0,2017-01-22 05:00:00,domingo,10,Lluvia,Seca y limpia,Ondulado,Media Ladera Derecha,Recta,Parcial con reducción de carriles,0,30,0,0,1.0,Choque,no determinada,2510_1_68,8.0,16.0
Antioquia,2017-05-25 20:18:00,68,0.0,2017-01-23 05:00:00,lunes,20,Normal,Seca y limpia,Ondulado,Media ladera Izquierda,Recta,Parcial con reducción de carriles,9,30,1,0,1.0,Choque,estacionamiento y senalizacion imprudente,2510_1_68,20.0,13.0
Antioquia,2017-05-25 20:24:00,79,590.0,2017-01-18 05:00:00,miercoles,30,Normal,Humeda,Ondulado,Media ladera Izquierda,Curva Derecha,Parcial con reducción de carriles,21,40,0,0,1.0,Choque,condiciones de la via y factores ambientales,2510_1_79,12.0,9.0
Antioquia,2017-05-25 20:26:00,83,600.0,2017-01-07 05:00:00,sabado,30,Lluvia,Humeda,Plano,Terraplen,Recta,Parcial con reducción de carriles,7,20,0,0,1.0,Choque,no mantener distancia de seguridad,2510_1_83,17.0,14.0
Antioquia,2017-05-25 20:30:00,86,700.0,2017-01-09 05:00:00,lunes,40,Lluvia,Humeda,Plano,Terraplen,Recta,Parcial con reducción de carriles,19,50,1,0,1.0,Atropello,no determinada,2510_1_86,16.0,3.0
Antioquia,2017-05-25 20:34:00,87,900.0,2017-01-19 05:00:00,jueves,10,Normal,Seca y limpia,Montañoso,Media Ladera Derecha,Curva Derecha,Parcial con reducción de carriles,19,45,0,0,1.0,Choque,maniobras imprudentes,2510_1_87,21.0,22.0
Antioquia,2017-07-10 19:29:00,84,920.0,2017-02-03 05:00:00,viernes,20,Niebla,Seca y limpia,Ondulado,Terraplen,Recta,Parcial con reducción de carriles,5,50,1,0,1.0,Atropello,no determinada,2510_1_84,8.0,21.0
Antioquia,2017-07-10 19:34:00,85,100.0,2017-02-13 05:00:00,lunes,9,Normal,Seca y limpia,Ondulado,Media Ladera Derecha,Curva Izquierda,Parcial con reducción de carriles,9,15,1,0,1.0,Choque,no mantener distancia de seguridad,2510_1_85,11.0,22.0
Antioquia,2017-07-10 19:40:00,85,600.0,2017-02-20 05:00:00,lunes,30,Normal,Seca y limpia,Ondulado,Media ladera Izquierda,Recta,Parcial con reducción de carriles,16,0,0,0,1.0,Choque,no mantener distancia de seguridad,2510_1_85,20.0,20.0
Antioquia,2017-07-10 21:00:00,55,300.0,2017-02-04 05:00:00,sabado,10,Lluvia,Humeda,Ondulado,Media Ladera Derecha,Curva Derecha,Parcial con reducción de carriles,7,30,0,0,1.0,Choque,no determinada,2510_1_55,15.0,16.0
Antioquia,2017-07-11 22:03:00,64,200.0,2017-03-04 05:00:00,sabado,0,Niebla,Seca y limpia,Ondulado,Media Ladera Derecha,Curva Derecha,Parcial con reducción de carriles,14,40,1,0,1.0,Choque,adelantamientos indebidos,2510_1_64,17.0,21.0
Antioquia,2017-07-11 22:05:00,54,300.0,2017-03-29 05:00:00,miercoles,50,Normal,Seca y limpia,Ondulado,Media ladera Izquierda,Curva Izquierda,Parcial con reducción de carriles,8,30,2,0,1.0,Choque,adelantamientos indebidos,2510_1_54,20.0,12.0
Antioquia,2017-07-11 22:07:00,62,50.0,2017-03-21 05:00:00,martes,30,Normal,Seca y limpia,Ondulado,Media ladera Izquierda,Curva Izquierda,Parcial con reducción de carriles,10,0,2,0,1.0,Choque,adelantamientos indebidos,2510_1_62,6.0,4.0
Antioquia,2017-07-11 22:09:00,59,0.0,2017-03-19 05:00:00,domingo,30,Normal,Seca y limpia,Plano,Media Ladera Derecha,Recta,Parcial con reducción de carriles,15,45,0,0,1.0,Choque,no mantener distancia de seguridad,2510_1_59,7.0,8.0
Antioquia,2017-10-04 19:15:00,57,300.0,2017-08-09 05:00:00,miercoles,45,Seca,Seca y limpia,Plano,Media ladera Izquierda,Recta,Parcial con reducción de carriles,15,0,1,0,1.0,Choque,no determinada,2510_1_57,8.0,7.0
Antioquia,2017-10-04 19:17:00,63,0.0,2017-08-12 05:00:00,sabado,0,Seca,Seca y limpia,Plano,Media ladera Izquierda,Recta,Parcial con reducción de carriles,19,30,2,0,1.0,Choque,no mantener distancia de seguridad,2510_1_63,14.0,5.0
Antioquia,2017-10-04 19:20:00,63,300.0,2017-08-25 05:00:00,viernes,30,Seca,Seca y limpia,Plano,Media Ladera Derecha,Recta,Parcial con reducción de carriles,20,0,1,0,1.0,Choque,adelantamientos indebidos,2510_1_63,19.0,1.0
Antioquia,2017-10-04 19:22:00,63,138.0,2017-08-10 05:00:00,jueves,10,Seca,Seca y limpia,Plano,Media ladera Izquierda,Curva Izquierda,Parcial con reducción de carriles,15,25,1,0,1.0,Choque,no determinada,2510_1_63,7.0,8.0
Antioquia,2017-05-30 18:55:00,70,900.0,2017-04-10 05:00:00,lunes,0,Normal,Seca y limpia,Montañoso,Media ladera Izquierda,Recta,Parcial con reducción de carriles,0,0,1,0,1.0,Choque,no determinada,2509_2_70,18.0,6.0
Antioquia,2017-05-30 18:58:00,64,748.0,2017-04-11 05:00:00,martes,20,Normal,Seca y limpia,Montañoso,Media ladera Izquierda,Recta,Parcial con reducción de carriles,0,0,1,0,1.0,Choque,no determinada,2509_2_64,14.0,10.0
Antioquia,2017-05-30 19:00:00,64,747.0,2017-04-11 05:00:00,martes,35,Normal,Seca y limpia,Montañoso,Media ladera Izquierda,Recta,Parcial con reducción de carriles,0,0,2,0,1.0,Choque,no determinada,2509_2_64,21.0,3.0