territorial,fecha_registro,pr,distancia_pr,fecha_acc,dia_semana_acc,min_acc,condic_meteor,estado_super,terreno,secc_tip,geometria_acc,tipo_cierre,horas_cierre,min_cierre,n_heridos,n_muertos,n_victimas,clase_accidente,causa_posible,ref_loc,hora_acc,duracion_cierre_horas
Antioquia,2017-05-30 19:38:00,68,480.0,2017-04-18 05:00:00,martes,20,Normal,Seca y limpia,Montañoso,Media ladera Izquierda,Recta,Parcial con reducción de carriles,0,0,1,0,1.0,Caída de piedra,no determinada,2509_2_68,8.0,16.0
Antioquia,2017-05-30 19:40:00,67,811.0,2017-04-19 05:00:00,miercoles,15,Lluvia,Humeda,Montañoso,Media ladera Izquierda,Recta,Parcial con reducción de carriles,0,0,1,0,1.0,Choque,no determinada,2509_2_67,8.0,16.0
Antioquia,2017-05-30 19:43:00,69,830.0,2017-04-20 05:00:00,jueves,30,Normal,Seca y limpia,Montañoso,Media ladera Izquierda,Recta,Parcial con reducción de carriles,0,0,1,0,1.0,Choque,no determinada,2509_2_69,2.0,22.0
Antioquia,2017-05-30 19:46:00,69,840.0,2017-04-21 05:00:00,viernes,50,Normal,Seca y limpia,Montañoso,Media ladera Izquierda,Recta,Parcial con reducción de carriles,0,0,1,0,1.0,Choque,no determinada,2509_2_69,5.0,19.0
Antioquia,2017-05-30 20:20:00,70,200.0,2017-01-01 05:00:00,domingo,30,Normal,Seca y limpia,Plano,Media ladera Izquierda,Recta,Transito normal con precaución,0,0,0,1,1.0,Choque,no determinada,2509_2_70,16.0,8.0
Antioquia,2017-05-30 20:23:00,67,920.0,2017-04-25 05:00:00,martes,45,Normal,Seca y limpia,Montañoso,Media ladera Izquierda,Recta,Parcial con reducción de carriles,0,0,1,0,1.0,Choque,no determinada,2509_2_67,2.0,22.0
Antioquia,2017-05-30 20:31:00,66,900.0,2017-04-28 05:00:00,viernes,30,Normal,Seca y limpia,Montañoso,Media ladera Izquierda,Recta,Parcial con reducción de carriles,0,0,2,0,1.0,Atropello,conducta de pasajeros,2509_2_66,6.0,18.0
Antioquia,2017-05-30 20:45:00,64,430.0,2017-01-02 05:00:00,lunes,10,Normal,Seca y limpia,Plano,Media ladera Izquierda,Curva Derecha,Parcial con reducción de carriles,1,0,2,0,1.0,Choque,no determinada,2509_2_64,16.0,9.0
Antioquia,2017-05-30 20:49:00,67,821.0,2017-01-02 05:00:00,lunes,40,Normal,Seca y limpia,Plano,Media ladera Izquierda,Recta,Parcial con reducción de carriles,1,0,1,0,1.0,Choque,no determinada,2509_2_67,17.0,8.0
Antioquia,2017-05-30 20:54:00,69,330.0,2017-01-03 05:00:00,martes,0,Normal,Seca y limpia,Plano,Media ladera Izquierda,Recta,Parcial con reducción de carriles,1,0,1,0,1.0,Choque,no determinada,2509_2_69,9.0,16.0
Antioquia,2017-05-30 21:37:00,69,370.0,2017-01-04 05:00:00,miercoles,0,Normal,Seca y limpia,Montañoso,Media ladera Izquierda,Recta,Parcial con reducción de carriles,1,0,1,0,1.0,Choque,no determinada,2509_2_69,16.0,9.0
Antioquia,2017-05-30 21:43:00,71,40.0,2017-01-04 05:00:00,miercoles,50,Normal,Seca y limpia,Montañoso,Media ladera Izquierda,Recta,Parcial con reducción de carriles,1,0,2,0,1.0,Choque,no determinada,2509_2_71,7.0,18.0
Antioquia,2017-05-30 21:48:00,67,800.0,2017-01-05 05:00:00,jueves,20,Normal,Seca y limpia,Montañoso,Media ladera Izquierda,Recta,Cierre total,1,0,2,0,1.0,Choque,no determinada,2509_2_67,18.0,7.0
Antioquia,2017-05-31 20:51:00,64,431.0,2017-01-08 05:00:00,domingo,15,Normal,Seca y limpia,Montañoso,Media ladera Izquierda,Curva Derecha,Parcial con reducción de carriles,1,0,0,0,1.0,Choque,no determinada,2509_2_64,15.0,10.0
Antioquia,2017-05-31 20:56:00,69,490.0,2017-01-08 05:00:00,domingo,10,Normal,Seca y limpia,Montañoso,Media ladera Izquierda,Recta,Transito normal con precaución,0,0,3,0,1.0,Choque,no determinada,2509_2_69,16.0,8.0
Antioquia,2017-05-31 22:21:00,67,934.0,2017-01-12 05:00:00,jueves,0,Normal,Seca y limpia,Montañoso,Media ladera Izquierda,Recta,Parcial con reducción de carriles,1,0,0,0,1.0,Choque,no determinada,2509_2_67,16.0,9.0
Antioquia,2017-05-31 22:34:00,67,402.0,2017-01-14 05:00:00,sabado,0,Normal,Seca y limpia,Montañoso,Media ladera Izquierda,Recta,Transito normal con precaución,0,0,1,0,1.0,Choque,no determinada,2509_2_67,16.0,8.0
Antioquia,2017-06-02 20:17:00,68,400.0,2017-01-17 05:00:00,martes,0,Normal,Material suelto,Montañoso,Media ladera Izquierda,Recta,Transito normal con precaución,0,0,1,0,1.0,Choque,no determinada,2509_2_68,5.0,19.0
Antioquia,2017-06-02 20:30:00,54,0.0,2017-01-18 05:00:00,miercoles,34,Normal,Seca y limpia,Montañoso,Media ladera Izquierda,Curva Izquierda,Parcial con paso alternado,1,0,1,0,1.0,Choque,condiciones de la via y factores ambientales,2509_2_54,11.0,14.0
Antioquia,2017-06-02 20:33:00,60,480.0,2017-01-19 05:00:00,jueves,0,Normal,Seca y limpia,Montañoso,Media Ladera Derecha,Recta,Parcial con reducción de carriles,1,0,0,0,1.0,Choque,no determinada,2509_2_60,20.0,5.0
Antioquia,2017-06-02 20:45:00,57,150.0,2017-01-20 05:00:00,viernes,30,Normal,Seca y limpia,Montañoso,Media Ladera Derecha,Curva Derecha,Parcial con reducción de carriles,1,0,1,0,1.0,Choque,no determinada,2509_2_57,8.0,17.0
Antioquia,2017-06-02 20:50:00,64,429.0,2017-01-20 05:00:00,viernes,20,Normal,Seca y limpia,Montañoso,Media ladera Izquierda,Curva Derecha,Parcial con reducción de carriles,1,0,0,0,1.0,Choque,no determinada,2509_2_64,8.0,17.0
Antioquia,2017-06-02 21:01:00,71,851.0,2017-01-20 05:00:00,viernes,50,Normal,Material suelto,Montañoso,Media ladera Izquierda,Recta,Transito normal con precaución,0,0,1,0,1.0,Caída ocupante,no determinada,2509_2_71,8.0,16.0
Antioquia,2017-06-02 21:06:00,64,425.0,2017-01-21 05:00:00,sabado,0,Normal,Seca y limpia,Montañoso,Media ladera Izquierda,Curva Derecha,Parcial con reducción de carriles,1,0,0,0,1.0,Choque,no determinada,2509_2_64,20.0,5.0
Antioquia,2017-06-02 21:10:00,68,330.0,2017-01-21 05:00:00,sabado,0,Normal,Seca y limpia,Montañoso,Media ladera Izquierda,Recta,Parcial con reducción de carriles,1,0,1,0,1.0,Choque,no determinada,2509_2_68,15.0,10.0
Antioquia,2017-06-02 21:13:00,70,0.0,2017-01-22 05:00:00,domingo,50,Normal,Seca y limpia,Montañoso,Media ladera Izquierda,Recta,Parcial con reducción de carriles,1,0,0,0,1.0,Choque,no determinada,2509_2_70,14.0,11.0
Antioquia,2017-06-02 21:23:00,64,752.0,2017-01-23 05:00:00,lunes,40,Lluvia,Humeda,Montañoso,Media ladera Izquierda,Recta,Parcial con reducción de carriles,21,40,0,0,1.0,Choque,no determinada,2509_2_64,19.0,2.0
Antioquia,2017-06-05 15:55:00,57,130.0,2017-01-25 05:00:00,miercoles,45,Normal,Seca y limpia,Montañoso,Media Ladera Derecha,Recta,Parcial con reducción de carriles,1,0,0,0,1.0,Volcamiento,no determinada,2509_2_57,5.0,20.0
Antioquia,2017-06-05 15:59:00,71,650.0,2017-01-25 05:00:00,miercoles,30,Normal,Seca y limpia,Montañoso,Media ladera Izquierda,Recta,Parcial con reducción de carriles,1,0,1,0,1.0,Choque,no determinada,2509_2_71,2.0,23.0
Antioquia,2017-06-05 16:12:00,66,50.0,2017-01-26 05:00:00,jueves,50,Normal,Seca y limpia,Montañoso,Media ladera Izquierda,Recta,Parcial con reducción de carriles,1,0,2,0,1.0,Choque,no determinada,2509_2_66,11.0,14.0
Antioquia,2017-06-05 16:17:00,70,2.0,2017-01-27 05:00:00,viernes,50,Normal,Seca y limpia,Montañoso,Media ladera Izquierda,Recta,Cierre total,1,0,1,0,1.0,Volcamiento,no determinada,2509_2_70,13.0,12.0
Antioquia,2017-06-05 19:27:00,64,744.0,2017-01-30 05:00:00,lunes,0,Normal,Seca y limpia,Montañoso,Media ladera Izquierda,Recta,Parcial con reducción de carriles,1,0,0,0,1.0,Choque,no determinada,2509_2_64,12.0,13.0
Antioquia,2017-06-05 19:43:00,64,743.0,2017-01-31 05:00:00,martes,40,Normal,Seca y limpia,Montañoso,Media ladera Izquierda,Recta,Parcial con reducción de carriles,1,0,1,0,1.0,Choque,no determinada,2509_2_64,18.0,7.0
Antioquia,2017-06-21 14:32:00,69,800.0,2017-05-02 05:00:00,martes,40,Normal,Material suelto,Montañoso,Media ladera Izquierda,Recta,Parcial con reducción de carriles,1,0,1,0,1.0,Choque,no determinada,2509_2_69,10.0,15.0
Antioquia,2017-06-21 14:48:00,70,250.0,2017-05-08 05:00:00,lunes,20,Normal,Seca y limpia,Montañoso,Media ladera Izquierda,Recta,Parcial con reducción de carriles,1,0,1,0,1.0,Choque,no determinada,2509_2_70,14.0,11.0
Antioquia,2017-06-21 14:51:00,64,450.0,2017-05-09 05:00:00,martes,50,Normal,Seca y limpia,Montañoso,Media ladera Izquierda,Curva Derecha,Parcial con reducción de carriles,1,0,0,0,1.0,Choque,no determinada,2509_2_64,20.0,5.0
Antioquia,2017-06-21 15:18:00,71,600.0,2017-05-14 05:00:00,domingo,10,Normal,Seca y limpia,Montañoso,Media ladera Izquierda,Recta,Parcial con reducción de carriles,1,0,0,0,1.0,Choque,no determinada,2509_2_71,11.0,14.0
Antioquia,2017-06-21 15:55:00,70,700.0,2017-05-20 05:00:00,sabado,30,Normal,Seca y limpia,Montañoso,Media ladera Izquierda,Recta,Parcial con reducción de carriles,1,0,1,0,1.0,Choque,no determinada,2509_2_70,4.0,21.0
Antioquia,2017-05-19 21:04:00,70,800.0,2016-12-01 05:00:00,jueves,50,Normal,Seca y limpia,Montañoso,Media ladera Izquierda,Recta,Parcial con reducción de carriles,0,0,1,0,1.0,Caída ocupante,no determinada,2509_2_70,7.0,17.0
Antioquia,2017-05-19 17:14:00,68,150.0,2017-03-01 05:00:00,miercoles,35,Normal,Seca y limpia,Montañoso,Media ladera Izquierda,Recta,Transito normal con precaución,0,0,2,0,1.0,Choque,no determinada,2509_2_68,12.0,12.0
Antioquia,2017-05-22 14:22:00,66,800.0,2016-12-04 05:00:00,domingo,10,Lluvia,Humeda,Montañoso,Media ladera Izquierda,Recta,Parcial con reducción de carriles,0,0,1,0,1.0,Choque,no determinada,2509_2_66,17.0,7.0
Antioquia,2017-05-22 14:27:00,67,770.0,2016-12-06 05:00:00,martes,25,Normal,Seca y limpia,Montañoso,Media ladera Izquierda,Recta,Parcial con reducción de carriles,0,0,1,0,1.0,Choque,no determinada,2509_2_67,23.0,1.0
Antioquia,2017-05-22 14:34:00,71,600.0,2016-12-06 05:00:00,martes,10,Normal,Seca y limpia,Montañoso,Media ladera Izquierda,Recta,Transito normal con precaución,0,0,1,0,1.0,Choque,no determinada,2509_2_71,10.0,14.0
Antioquia,2017-05-25 20:23:00,54,54.0,2017-05-05 05:00:00,viernes,16,Lluvia,Humeda,Plano,Terraplen,Curva Izquierda,Transito normal con precaución,5,0,0,0,1.0,Choque,no determinada,2509_2_54,17.0,12.0
Antioquia,2017-05-25 20:46:00,54,300.0,2017-05-13 05:00:00,sabado,0,Lluvia,Helada,Ondulado,Terraplen,Curva Derecha,Parcial con reducción de carriles,13,0,0,0,1.0,Choque,no determinada,2509_2_54,21.0,16.0
Antioquia,2017-05-25 22:33:00,54,500.0,2017-05-12 05:00:00,viernes,0,Granizo,Seca y limpia,Plano,Terraplen,Curva Izquierda,Parcial con reducción de carriles,12,0,0,0,1.0,Choque,no determinada,2509_2_54,8.0,4.0
Antioquia,2017-05-26 16:17:00,67,600.0,2017-02-01 05:00:00,miercoles,15,Normal,Seca y limpia,Plano,Media ladera Izquierda,Recta,Parcial con reducción de carriles,1,0,1,0,1.0,Choque,no determinada,2509_2_67,17.0,8.0
Antioquia,2017-05-26 16:19:00,66,870.0,2016-12-13 05:00:00,martes,40,Normal,Seca y limpia,Montañoso,Media ladera Izquierda,Recta,Transito normal con precaución,0,0,1,0,1.0,Choque,no determinada,2509_2_66,7.0,17.0
Antioquia,2017-05-26 16:31:00,58,100.0,2017-02-01 05:00:00,miercoles,10,Normal,Seca y limpia,Montañoso,Media Ladera Derecha,Recta,Parcial con reducción de carriles,1,0,0,0,1.0,Choque,maniobras imprudentes,2509_2_58,0.0,1.0
Antioquia,2017-05-26 16:38:00,61,351.0,2017-02-02 05:00:00,jueves,45,Normal,Seca y limpia,Montañoso,Media Ladera Derecha,Curva Izquierda,Parcial con reducción de carriles,1,0,0,0,1.0,Choque,no determinada,2509_2_61,6.0,19.0
Antioquia,2017-05-26 16:38:00,58,800.0,2016-12-15 05:00:00,jueves,10,Lluvia,Humeda,Montañoso,Media Ladera Derecha,Recta,Parcial con reducción de carriles,0,0,0,0,1.0,Choque,no determinada,2509_2_58,21.0,3.0
Antioquia,2017-05-26 16:42:00,71,850.0,2016-12-15 05:00:00,jueves,5,Normal,Material suelto,Montañoso,Media Ladera Derecha,Recta,Transito normal con precaución,0,0,1,0,1.0,Choque,no determinada,2509_2_71,20.0,4.0
Antioquia,2017-05-26 16:56:00,68,550.0,2017-02-03 05:00:00,viernes,50,Normal,Seca y limpia,Plano,Media ladera Izquierda,Recta,Cierre total,1,0,0,0,1.0,Choque,no determinada,2509_2_68,12.0,13.0
Antioquia,2017-05-26 16:59:00,65,980.0,2016-12-17 05:00:00,sabado,0,Normal,Seca y limpia,Montañoso,Media ladera Izquierda,Recta,Parcial con reducción de carriles,0,0,1,0,1.0,Choque,no determinada,2509_2_65,22.0,2.0
Antioquia,2017-05-26 17:11:00,66,880.0,2016-12-17 05:00:00,sabado,10,Normal,Seca y limpia,Montañoso,Media ladera Izquierda,Recta,Parcial con reducción de carriles,0,0,0,0,1.0,Choque,no determinada,2509_2_66,22.0,2.0
Antioquia,2017-05-26 17:24:00,67,933.0,2016-12-19 05:00:00,lunes,50,Normal,Seca y limpia,Montañoso,Media ladera Izquierda,Recta,Parcial con reducción de carriles,0,0,1,0,1.0,Choque,no determinada,2509_2_67,19.0,5.0
Antioquia,2017-05-26 17:29:00,69,320.0,2017-02-03 05:00:00,viernes,10,Normal,Seca y limpia,Plano,Media ladera Izquierda,Recta,Parcial con reducción de carriles,1,0,1,0,1.0,Choque,no determinada,2509_2_69,6.0,19.0
Antioquia,2017-05-26 17:30:00,56,1050.0,2016-12-21 05:00:00,miercoles,50,Normal,Seca y limpia,Montañoso,Media Ladera Derecha,Curva Izquierda,Parcial con reducción de carriles,0,0,1,0,1.0,Choque,no determinada,2509_2_56,13.0,11.0
Antioquia,2017-05-26 17:34:00,64,740.0,2017-02-03 05:00:00,viernes,30,Normal,Seca y limpia,Montañoso,Media ladera Izquierda,Recta,Parcial con reducción de carriles,1,0,1,0,1.0,Choque,no determinada,2509_2_64,7.0,18.0
Antioquia,2017-05-26 17:36:00,56,970.0,2016-12-22 05:00:00,jueves,30,Normal,Seca y limpia,Montañoso,Media Ladera Derecha,Recta,Parcial con reducción de carriles,0,0,0,0,1.0,Atropello,no determinada,2509_2_56,21.0,3.0
Antioquia,2017-05-26 17:45:00,60,400.0,2017-02-04 05:00:00,sabado,20,Normal,Seca y limpia,Montañoso,Media Ladera Derecha,Curva Izquierda,Parcial con reducción de carriles,1,0,0,0,1.0,Choque,maniobras imprudentes,2509_2_60,1.0,0.0
Antioquia,2017-05-26 17:46:00,64,747.0,2016-12-25 05:00:00,domingo,10,Lluvia,Humeda,Montañoso,Media ladera Izquierda,Recta,Parcial con reducción de carriles,0,0,0,0,1.0,Atropello,no determinada,2509_2_64,22.0,2.0
Antioquia,2017-05-26 17:48:00,59,800.0,2017-02-04 05:00:00,sabado,40,Normal,Seca y limpia,Plano,Media Ladera Derecha,Curva Derecha,Parcial con reducción de carriles,1,0,0,0,1.0,Choque,no determinada,2509_2_59,16.0,9.0
Antioquia,2017-05-26 17:52:00,56,406.0,2016-12-26 05:00:00,lunes,20,Normal,Seca y limpia,Montañoso,Media Ladera Derecha,Recta,Parcial con reducción de carriles,0,0,0,0,1.0,Choque,no determinada,2509_2_56,14.0,10.0
Antioquia,2017-05-26 17:55:00,68,50.0,2017-02-05 05:00:00,domingo,0,Normal,Seca y limpia,Plano,Media ladera Izquierda,Recta,Transito normal con precaución,0,0,1,0,1.0,Caída ocupante,no determinada,2509_2_68,17.0,7.0
Antioquia,2017-05-26 17:57:00,64,432.0,2016-12-28 05:00:00,miercoles,40,Normal,Seca y limpia,Montañoso,Media ladera Izquierda,Curva Derecha,Transito normal con precaución,0,0,0,0,1.0,Choque,no determinada,2509_2_64,6.0,18.0
Antioquia,2017-05-26 18:02:00,67,401.0,2016-12-29 05:00:00,jueves,35,Normal,Seca y limpia,Montañoso,Media ladera Izquierda,Recta,Parcial con reducción de carriles,0,0,1,0,1.0,Choque,no determinada,2509_2_67,15.0,9.0
Antioquia,2017-05-26 18:03:00,61,350.0,2017-02-05 05:00:00,domingo,0,Normal,Seca y limpia,Montañoso,Media Ladera Derecha,Recta,Transito normal con precaución,0,0,1,0,1.0,Caída ocupante,no determinada,2509_2_61,15.0,9.0
Antioquia,2017-05-26 18:53:00,66,871.0,2016-12-30 05:00:00,viernes,0,Normal,Seca y limpia,Montañoso,Media ladera Izquierda,Recta,Parcial con reducción de carriles,0,0,3,0,1.0,Choque,no determinada,2509_2_66,20.0,4.0
Antioquia,2017-05-26 18:58:00,67,120.0,2016-12-31 05:00:00,sabado,30,Normal,Seca y limpia,Montañoso,Media ladera Izquierda,Recta,Parcial con reducción de carriles,0,0,1,0,1.0,Choque,no determinada,2509_2_67,18.0,6.0
Antioquia,2017-05-26 19:25:00,64,450.0,2017-03-01 05:00:00,miercoles,0,Normal,Seca y limpia,Montañoso,Media Ladera Derecha,Curva Derecha,Parcial con reducción de carriles,0,0,0,0,1.0,Choque,no determinada,2509_2_64,17.0,7.0
Antioquia,2017-05-26 19:34:00,69,350.0,2017-03-03 05:00:00,viernes,50,Lluvia,Humeda,Montañoso,Media ladera Izquierda,Recta,Parcial con reducción de carriles,0,0,1,0,1.0,Choque,no determinada,2509_2_69,2.0,22.0
Antioquia,2017-05-26 19:47:00,56,200.0,2017-03-07 05:00:00,martes,0,Normal,Seca y limpia,Montañoso,Media Ladera Derecha,Recta,Transito normal con precaución,0,0,0,0,1.0,Choque,no determinada,2509_2_56,15.0,9.0
Antioquia,2017-05-26 19:52:00,59,400.0,2017-03-07 05:00:00,martes,30,Lluvia,Humeda,Montañoso,Media Ladera Derecha,Curva Derecha,Parcial con reducción de carriles,0,0,4,0,1.0,Choque,no determinada,2509_2_59,7.0,17.0
Antioquia,2017-05-26 20:08:00,67,950.0,2017-03-11 05:00:00,sabado,30,Lluvia,Humeda,Montañoso,Media Ladera Derecha,Recta,Parcial con reducción de carriles,0,0,1,0,1.0,Choque,no determinada,2509_2_67,22.0,2.0
Antioquia,2017-05-26 20:11:00,56,800.0,2017-03-11 05:00:00,sabado,30,Normal,Seca y limpia,Montañoso,Media Ladera Derecha,Recta,Parcial con reducción de carriles,0,0,1,0,1.0,Choque,no determinada,2509_2_56,14.0,10.0
Antioquia,2017-05-26 20:16:00,56,100.0,2017-03-12 05:00:00,domingo,20,Lluvia,Humeda,Montañoso,Media Ladera Derecha,Recta,Parcial con reducción de carriles,0,0,3,0,1.0,Choque,condiciones de la via y factores ambientales,2509_2_56,18.0,6.0
Antioquia,2017-05-26 20:20:00,67,400.0,2017-03-12 05:00:00,domingo,0,Normal,Seca y limpia,Montañoso,Media ladera Izquierda,Recta,Transito normal con precaución,0,0,2,0,1.0,Choque,desobediencia a normas y senales,2509_2_67,4.0,20.0
Antioquia,2017-05-26 20:25:00,67,50.0,2017-03-16 05:00:00,jueves,30,Normal,Seca y limpia,Montañoso,Media ladera Izquierda,Recta,Parcial con reducción de carriles,0,0,1,0,1.0,Choque,no determinada,2509_2_67,17.0,7.0
Antioquia,2017-05-26 20:28:00,57,400.0,2017-03-16 05:00:00,jueves,0,Normal,Seca y limpia,Montañoso,Media Ladera Derecha,Curva Izquierda,Transito normal con precaución,0,0,1,0,1.0,Volcamiento,no determinada,2509_2_57,17.0,7.0
Antioquia,2017-05-26 20:44:00,54,380.0,2017-03-18 05:00:00,sabado,30,Normal,Seca y limpia,Montañoso,Media ladera Izquierda,Curva Izquierda,Transito normal con precaución,0,0,0,0,1.0,Volcamiento,no determinada,2509_2_54,16.0,8.0
Antioquia,2017-05-26 22:34:00,64,441.0,2017-02-10 05:00:00,viernes,30,Normal,Seca y limpia,Plano,Media ladera Izquierda,Recta,Transito normal con precaución,0,0,1,0,1.0,Caída ocupante,no determinada,2509_2_64,6.0,18.0
Antioquia,2017-05-26 22:53:00,54,250.0,2017-02-11 05:00:00,sabado,40,Normal,Seca y limpia,Plano,Media ladera Izquierda,Curva Izquierda,Parcial con reducción de carriles,0,0,0,0,1.0,Choque,no determinada,2509_2_54,19.0,5.0
Antioquia,2017-05-26 23:09:00,64,730.0,2017-02-12 05:00:00,domingo,40,Normal,Seca y limpia,Plano,Media ladera Izquierda,Recta,Parcial con reducción de carriles,0,0,3,0,1.0,Atropello,no determinada,2509_2_64,20.0,4.0
Antioquia,2017-05-27 00:05:00,60,700.0,2017-02-18 05:00:00,sabado,0,Normal,Seca y limpia,Montañoso,Media Ladera Derecha,Recta,Transito normal con precaución,0,0,1,0,1.0,Choque,no determinada,2509_2_60,19.0,5.0
Antioquia,2017-05-27 00:21:00,64,710.0,2017-02-19 05:00:00,domingo,0,Normal,Seca y limpia,Plano,Media ladera Izquierda,Recta,Parcial con reducción de carriles,1,0,1,0,1.0,Choque,no determinada,2509_2_64,11.0,14.0
Antioquia,2017-05-27 00:30:00,64,650.0,2017-02-20 05:00:00,lunes,0,Normal,Seca y limpia,Plano,Media ladera Izquierda,Recta,Parcial con reducción de carriles,1,0,0,0,1.0,Choque,no determinada,2509_2_64,12.0,13.0
Antioquia,2017-05-27 00:37:00,64,500.0,2017-02-22 05:00:00,miercoles,55,Normal,Humeda,Plano,Media ladera Izquierda,Recta,Parcial con reducción de carriles,1,0,0,0,1.0,Choque,no determinada,2509_2_64,17.0,8.0
Antioquia,2017-05-27 01:10:00,66,370.0,2017-02-24 05:00:00,viernes,0,Lluvia,Humeda,Plano,Media ladera Izquierda,Recta,Parcial con reducción de carriles,1,0,2,0,1.0,Choque,no determinada,2509_2_66,5.0,20.0
Antioquia,2017-05-27 01:16:00,64,442.0,2017-02-24 05:00:00,viernes,50,Lluvia,Humeda,Plano,Media ladera Izquierda,Curva Derecha,Transito normal con precaución,0,0,2,0,1.0,Choque,no determinada,2509_2_64,4.0,20.0
Antioquia,2017-05-27 01:33:00,70,750.0,2017-02-26 05:00:00,domingo,40,Normal,Seca y limpia,Plano,Media ladera Izquierda,Recta,Parcial con reducción de carriles,1,0,1,0,1.0,Choque,no determinada,2509_2_70,15.0,10.0
Antioquia,2017-05-27 01:39:00,69,400.0,2017-02-26 05:00:00,domingo,0,Normal,Seca y limpia,Plano,Media ladera Izquierda,Recta,Transito normal con precaución,0,0,2,0,1.0,Choque,no determinada,2509_2_69,15.0,9.0
Antioquia,2017-05-27 01:59:00,55,400.0,2017-02-27 05:00:00,lunes,50,Normal,Seca y limpia,Montañoso,Media Ladera Derecha,Curva Izquierda,Parcial con reducción de carriles,1,0,0,0,1.0,Choque,no determinada,2509_2_55,10.0,15.0
Antioquia,2017-05-27 02:07:00,56,300.0,2017-02-27 05:00:00,lunes,20,Normal,Seca y limpia,Plano,Media Ladera Derecha,Recta,Parcial con reducción de carriles,1,0,0,0,1.0,Choque,no determinada,2509_2_56,11.0,14.0
Antioquia,2017-05-27 02:17:00,64,430.0,2017-02-28 05:00:00,martes,10,Normal,Seca y limpia,Plano,Media ladera Izquierda,Curva Derecha,Parcial con reducción de carriles,1,0,1,0,1.0,Choque,desobediencia a normas y senales,2509_2_64,12.0,13.0
Antioquia,2017-05-27 02:28:00,64,440.0,2017-02-28 05:00:00,martes,40,Normal,Seca y limpia,Plano,Media Ladera Derecha,Curva Derecha,Parcial con reducción de carriles,1,0,0,0,1.0,Choque,desobediencia a normas y senales,2509_2_64,17.0,8.0
Antioquia,2017-05-30 15:02:00,64,740.0,2017-03-23 05:00:00,jueves,30,Normal,Seca y limpia,Montañoso,Media ladera Izquierda,Recta,Parcial con reducción de carriles,0,0,1,0,1.0,Choque,no determinada,2509_2_64,13.0,11.0
Antioquia,2017-05-30 15:29:00,67,850.0,2017-03-26 05:00:00,domingo,0,Normal,Seca y limpia,Montañoso,Media Ladera Derecha,Recta,Parcial con reducción de carriles,0,0,4,0,1.0,Choque,no determinada,2509_2_67,7.0,17.0
Antioquia,2017-05-30 15:40:00,68,410.0,2017-03-27 05:00:00,lunes,50,Normal,Seca y limpia,Montañoso,Media ladera Izquierda,Recta,Parcial con reducción de carriles,0,0,1,0,1.0,Choque,no determinada,2509_2_68,22.0,2.0
Antioquia,2017-05-30 16:01:00,56,820.0,2017-03-30 05:00:00,jueves,10,Normal,Seca y limpia,Montañoso,Media Ladera Derecha,Recta,Parcial con reducción de carriles,0,0,0,0,1.0,Choque,no mantener distancia de seguridad,2509_2_56,3.0,21.0
Antioquia,2017-05-30 16:07:00,71,200.0,2017-04-03 05:00:00,lunes,40,Normal,Seca y limpia,Montañoso,Media ladera Izquierda,Curva Izquierda,Parcial con reducción de carriles,0,0,2,0,1.0,Choque,no determinada,2509_2_71,16.0,8.0
Antioquia,2017-05-30 18:25:00,70,140.0,2017-04-04 05:00:00,martes,40,Normal,Seca y limpia,Montañoso,Media ladera Izquierda,Recta,Transito normal con precaución,0,0,1,0,1.0,Choque,no determinada,2509_2_70,2.0,22.0
Antioquia,2017-05-30 18:28:00,67,180.0,2017-04-04 05:00:00,martes,20,Normal,Seca y limpia,Montañoso,Media ladera Izquierda,Recta,Parcial con reducción de carriles,0,0,1,0,1.0,Choque,no determinada,2509_2_67,6.0,18.0
Antioquia,2017-05-30 18:31:00,64,440.0,2017-04-04 05:00:00,martes,50,Normal,Seca y limpia,Montañoso,Media ladera Izquierda,Curva Derecha,Parcial con reducción de carriles,0,0,0,0,1.0,Choque,no determinada,2509_2_64,6.0,18.0
Antioquia,2017-05-30 18:34:00,66,840.0,2017-04-04 05:00:00,martes,10,Normal,Seca y limpia,Montañoso,Media ladera Izquierda,Recta,Parcial con reducción de carriles,0,0,2,0,1.0,Choque,no determinada,2509_2_66,5.0,19.0
Antioquia,2017-05-30 18:37:00,67,600.0,2017-04-04 05:00:00,martes,40,Normal,Seca y limpia,Montañoso,Media ladera Izquierda,Recta,Parcial con reducción de carriles,0,0,3,0,1.0,Choque,no determinada,2509_2_67,13.0,11.0
Antioquia,2017-05-30 18:42:00,64,745.0,2017-04-06 05:00:00,jueves,30,Normal,Seca y limpia,Montañoso,Media ladera Izquierda,Recta,Parcial con reducción de carriles,0,0,1,0,1.0,Choque,no determinada,2509_2_64,13.0,11.0
Antioquia,2017-05-30 18:48:00,68,500.0,2017-04-06 05:00:00,jueves,20,Normal,Seca y limpia,Montañoso,Media ladera Izquierda,Recta,Parcial con reducción de carriles,0,0,1,0,1.0,Choque,no determinada,2509_2_68,18.0,6.0
Antioquia,2017-05-30 18:50:00,64,746.0,2017-04-07 05:00:00,viernes,30,Normal,Seca y limpia,Montañoso,Media ladera Izquierda,Recta,Parcial con reducción de carriles,0,0,0,0,1.0,Choque,no determinada,2509_2_64,7.0,17.0
Antioquia,2017-06-21 16:05:00,67,400.0,2017-05-24 05:00:00,miercoles,30,Viento,Seca y limpia,Montañoso,Media ladera Izquierda,Recta,Transito normal con precaución,0,0,1,0,1.0,Choque,no determinada,2509_2_67,6.0,18.0