territorial,fecha_registro,pr,distancia_pr,fecha_acc,dia_semana_acc,min_acc,condic_meteor,estado_super,terreno,secc_tip,geometria_acc,tipo_cierre,horas_cierre,min_cierre,n_heridos,n_muertos,n_victimas,clase_accidente,causa_posible,ref_loc,hora_acc,duracion_cierre_horas
Antioquia,2017-07-25 20:52:00,69,780.0,2017-06-01 05:00:00,jueves,40,Normal,Seca y limpia,Montañoso,Media ladera Izquierda,Recta,Parcial con reducción de carriles,0,0,1,0,1.0,Choque,no determinada,2509_2_69,7.0,17.0
Antioquia,2017-07-26 14:20:00,69,470.0,2017-06-04 05:00:00,domingo,50,Normal,Seca y limpia,Montañoso,Media ladera Izquierda,Recta,Parcial con reducción de carriles,0,0,1,0,1.0,Choque,no determinada,2509_2_69,13.0,11.0
Antioquia,2017-07-26 14:42:00,68,300.0,2017-06-10 05:00:00,sabado,0,Normal,Seca y limpia,Montañoso,Media ladera Izquierda,Recta,Parcial con reducción de carriles,0,0,1,0,1.0,Caída ocupante,no determinada,2509_2_68,17.0,7.0
Antioquia,2017-07-26 14:46:00,66,100.0,2017-06-10 05:00:00,sabado,30,Normal,Seca y limpia,Montañoso,Media ladera Izquierda,Recta,Parcial con reducción de carriles,0,0,1,0,1.0,Choque,no determinada,2509_2_66,14.0,10.0
Antioquia,2017-07-26 14:52:00,71,50.0,2017-06-14 05:00:00,miercoles,5,Normal,Seca y limpia,Montañoso,Media ladera Izquierda,Recta,Parcial con reducción de carriles,0,0,1,0,1.0,Choque,no determinada,2509_2_71,16.0,8.0
Antioquia,2017-07-26 15:13:00,69,450.0,2017-06-17 05:00:00,sabado,40,Normal,Humeda,Montañoso,Media ladera Izquierda,Recta,Parcial con reducción de carriles,0,0,1,0,1.0,Choque,no determinada,2509_2_69,10.0,14.0
Antioquia,2017-07-26 15:27:00,69,580.0,2017-06-18 05:00:00,domingo,0,Normal,Seca y limpia,Montañoso,Media ladera Izquierda,Recta,Parcial con reducción de carriles,0,0,1,0,1.0,Choque,no determinada,2509_2_69,8.0,16.0
Antioquia,2017-07-26 15:30:00,68,380.0,2017-06-18 05:00:00,domingo,57,Normal,Material suelto,Montañoso,Media ladera Izquierda,Recta,Parcial con reducción de carriles,0,0,1,0,1.0,Choque,no determinada,2509_2_68,9.0,15.0
Antioquia,2017-07-26 15:37:00,70,100.0,2017-06-23 05:00:00,viernes,0,Normal,Material suelto,Montañoso,Media ladera Izquierda,Recta,Parcial con reducción de carriles,0,0,1,0,1.0,Caída ocupante,no determinada,2509_2_70,14.0,10.0
Antioquia,2017-07-26 15:52:00,69,860.0,2017-06-24 05:00:00,sabado,40,Normal,Material suelto,Montañoso,Media ladera Izquierda,Recta,Parcial con reducción de carriles,0,0,1,0,1.0,Choque,no determinada,2509_2_69,16.0,8.0
Antioquia,2017-07-26 16:13:00,64,400.0,2017-06-29 05:00:00,jueves,0,Normal,Seca y limpia,Montañoso,Media ladera Izquierda,Curva Derecha,Parcial con paso alternado,0,0,1,0,1.0,Choque,no determinada,2509_2_64,22.0,2.0
Antioquia,2017-07-26 16:16:00,68,931.0,2017-06-29 05:00:00,jueves,0,Normal,Seca y limpia,Montañoso,Media ladera Izquierda,Recta,Parcial con reducción de carriles,0,0,1,0,1.0,Choque,no determinada,2509_2_68,10.0,14.0
Antioquia,2017-07-26 16:20:00,70,640.0,2017-06-29 05:00:00,jueves,50,Normal,Seca y limpia,Montañoso,Media ladera Izquierda,Recta,Parcial con reducción de carriles,0,0,1,0,1.0,Choque,no determinada,2509_2_70,16.0,8.0
Antioquia,2017-07-26 16:23:00,71,600.0,2017-06-29 05:00:00,jueves,6,Normal,Seca y limpia,Montañoso,Media ladera Izquierda,Recta,Parcial con reducción de carriles,0,0,1,0,1.0,Choque,no determinada,2509_2_71,8.0,16.0
Antioquia,2017-08-11 22:27:00,71,420.0,2017-03-18 05:00:00,sabado,55,Normal,Seca y limpia,Montañoso,Media ladera Izquierda,Curva Derecha,Parcial con reducción de carriles,0,0,0,2,1.0,Choque,no determinada,2509_2_71,15.0,9.0
Antioquia,2017-08-11 22:30:00,58,800.0,2017-03-21 05:00:00,martes,30,Normal,Seca y limpia,Montañoso,Media Ladera Derecha,Curva Izquierda,Parcial con reducción de carriles,0,0,1,0,1.0,Volcamiento,no determinada,2509_2_58,2.0,22.0
Antioquia,2017-08-16 16:25:00,64,410.0,2017-07-04 05:00:00,martes,40,Normal,Seca y limpia,Montañoso,Media ladera Izquierda,Curva Derecha,Parcial con reducción de carriles,0,0,0,0,1.0,Choque,no mantener distancia de seguridad,2509_2_64,6.0,18.0
Antioquia,2017-08-16 16:39:00,64,750.0,2017-07-06 05:00:00,jueves,40,Normal,Seca y limpia,Montañoso,Media ladera Izquierda,Recta,Parcial con reducción de carriles,0,0,1,0,1.0,Choque,no determinada,2509_2_64,0.0,0.0
Antioquia,2017-08-16 19:18:00,64,450.0,2017-07-14 05:00:00,viernes,30,Normal,Seca y limpia,Montañoso,Media ladera Izquierda,Recta,Parcial con reducción de carriles,0,0,1,0,1.0,Choque,no determinada,2509_2_64,16.0,8.0
Antioquia,2017-08-16 19:23:00,68,101.0,2017-07-15 05:00:00,sabado,30,Normal,Seca y limpia,Montañoso,Media ladera Izquierda,Recta,Parcial con reducción de carriles,0,0,1,0,1.0,Choque,no determinada,2509_2_68,13.0,11.0
Antioquia,2017-08-16 20:09:00,67,920.0,2017-07-16 05:00:00,domingo,40,Normal,Material suelto,Montañoso,Media ladera Izquierda,Recta,Parcial con reducción de carriles,0,0,1,0,1.0,Choque,no determinada,2509_2_67,3.0,21.0
Antioquia,2017-08-16 20:13:00,70,600.0,2017-07-17 05:00:00,lunes,10,Normal,Seca y limpia,Montañoso,Media ladera Izquierda,Recta,Parcial con reducción de carriles,0,0,1,0,1.0,Choque,no determinada,2509_2_70,22.0,2.0
Antioquia,2017-08-16 20:35:00,71,800.0,2017-07-21 05:00:00,viernes,0,Normal,Seca y limpia,Montañoso,Media ladera Izquierda,Recta,Parcial con reducción de carriles,0,0,3,0,1.0,Choque,no determinada,2509_2_71,21.0,3.0
Antioquia,2017-08-16 20:44:00,68,100.0,2017-07-22 05:00:00,sabado,50,Normal,Seca y limpia,Montañoso,Media ladera Izquierda,Recta,Parcial con reducción de carriles,0,0,1,0,1.0,Choque,no determinada,2509_2_68,19.0,5.0
Antioquia,2017-08-16 19:21:00,69,400.0,2017-07-14 05:00:00,viernes,50,Normal,Seca y limpia,Montañoso,Media ladera Izquierda,Recta,Parcial con reducción de carriles,0,0,1,0,1.0,Choque,no determinada,2509_2_69,14.0,10.0
Antioquia,2017-08-16 20:28:00,70,700.0,2017-07-19 05:00:00,miercoles,0,Normal,Seca y limpia,Montañoso,Media ladera Izquierda,Recta,Parcial con reducción de carriles,0,0,1,0,1.0,Choque,no determinada,2509_2_70,4.0,20.0
Antioquia,2017-08-17 14:34:00,64,411.0,2017-07-28 05:00:00,viernes,20,Normal,Seca y limpia,Montañoso,Media ladera Izquierda,Curva Derecha,Parcial con reducción de carriles,0,0,0,0,1.0,Choque,no determinada,2509_2_64,8.0,16.0
Antioquia,2017-08-17 14:41:00,66,850.0,2017-07-29 05:00:00,sabado,0,Normal,Material suelto,Montañoso,Media ladera Izquierda,Recta,Parcial con reducción de carriles,0,0,1,0,1.0,Choque,no determinada,2509_2_66,20.0,4.0
Antioquia,2017-08-17 14:48:00,65,320.0,2017-07-31 05:00:00,lunes,0,Normal,Seca y limpia,Montañoso,Media ladera Izquierda,Recta,Transito normal con precaución,0,0,5,0,1.0,Choque,no determinada,2509_2_65,8.0,16.0
Antioquia,2017-09-18 16:54:00,64,780.0,2017-08-01 05:00:00,martes,20,Normal,Seca y limpia,Montañoso,Media ladera Izquierda,Recta,Parcial con reducción de carriles,0,0,0,0,1.0,Choque,no determinada,2509_2_64,6.0,18.0
Antioquia,2017-09-18 16:58:00,66,860.0,2017-08-02 05:00:00,miercoles,50,Normal,Seca y limpia,Montañoso,Media ladera Izquierda,Recta,Parcial con reducción de carriles,0,0,2,0,1.0,Choque,no determinada,2509_2_66,17.0,7.0
Antioquia,2017-09-18 17:02:00,71,180.0,2017-08-02 05:00:00,miercoles,10,Normal,Material suelto,Montañoso,Media ladera Izquierda,Recta,Transito normal con precaución,0,0,2,0,1.0,Choque,no determinada,2509_2_71,17.0,7.0
Antioquia,2017-09-18 17:16:00,70,825.0,2017-08-03 05:00:00,jueves,50,Normal,Seca y limpia,Montañoso,Media ladera Izquierda,Recta,Transito normal con precaución,0,0,1,0,1.0,Choque,no determinada,2509_2_70,10.0,14.0
Antioquia,2017-09-18 19:16:00,67,560.0,2017-08-03 05:00:00,jueves,40,Normal,Seca y limpia,Montañoso,Media ladera Izquierda,Recta,Parcial con reducción de carriles,0,0,0,0,1.0,Choque,no determinada,2509_2_67,6.0,18.0
Antioquia,2017-09-18 20:24:00,65,0.0,2017-08-08 05:00:00,martes,10,Normal,Seca y limpia,Montañoso,Media ladera Izquierda,Recta,Parcial con reducción de carriles,0,0,0,0,1.0,Choque,no determinada,2509_2_65,8.0,16.0
Antioquia,2017-09-18 20:32:00,64,430.0,2017-08-08 05:00:00,martes,0,Normal,Seca y limpia,Montañoso,Media ladera Izquierda,Curva Derecha,Parcial con reducción de carriles,0,0,0,0,1.0,Choque,no determinada,2509_2_64,7.0,17.0
Antioquia,2017-09-18 20:48:00,67,450.0,2017-08-12 05:00:00,sabado,5,Normal,Humeda,Montañoso,Media ladera Izquierda,Recta,Transito normal con precaución,0,0,2,0,1.0,Atropello,no determinada,2509_2_67,19.0,5.0
Antioquia,2017-09-18 21:11:00,69,820.0,2017-08-14 05:00:00,lunes,10,Normal,Material suelto,Montañoso,Media ladera Izquierda,Recta,Parcial con reducción de carriles,0,0,1,0,1.0,Choque,no determinada,2509_2_69,19.0,5.0
Antioquia,2017-09-18 21:14:00,71,50.0,2017-08-14 05:00:00,lunes,10,Normal,Seca y limpia,Montañoso,Media ladera Izquierda,Recta,Parcial con reducción de carriles,0,0,1,0,1.0,Caída ocupante,no determinada,2509_2_71,11.0,13.0
Antioquia,2017-09-18 21:16:00,67,70.0,2017-08-16 05:00:00,miercoles,30,Lluvia,Humeda,Montañoso,Media ladera Izquierda,Recta,Parcial con reducción de carriles,0,0,1,0,1.0,Caída ocupante,no determinada,2509_2_67,12.0,12.0
Antioquia,2017-09-18 21:21:00,68,160.0,2017-08-16 05:00:00,miercoles,0,Normal,Seca y limpia,Montañoso,Media ladera Izquierda,Recta,Parcial con reducción de carriles,0,0,1,0,1.0,Choque,no determinada,2509_2_68,12.0,12.0
Antioquia,2017-09-18 21:42:00,67,380.0,2017-08-17 05:00:00,jueves,30,Viento,Seca y limpia,Montañoso,Media ladera Izquierda,Recta,Parcial con reducción de carriles,0,0,3,0,1.0,Choque,no determinada,2509_2_67,17.0,7.0
Antioquia,2017-09-18 21:45:00,66,820.0,2017-08-17 05:00:00,jueves,20,Normal,Seca y limpia,Montañoso,Media ladera Izquierda,Recta,Parcial con reducción de carriles,0,0,1,0,1.0,Choque,no determinada,2509_2_66,18.0,6.0
Antioquia,2017-09-18 21:50:00,71,920.0,2017-08-18 05:00:00,viernes,40,Lluvia,Humeda,Montañoso,Media ladera Izquierda,Recta,Transito normal con precaución,0,0,0,0,1.0,Caída ocupante,no determinada,2509_2_71,15.0,9.0
Antioquia,2017-09-18 21:56:00,70,230.0,2017-08-20 05:00:00,domingo,50,Normal,Seca y limpia,Montañoso,Media ladera Izquierda,Recta,Parcial con reducción de carriles,0,0,1,0,1.0,Choque,no determinada,2509_2_70,22.0,2.0
Antioquia,2017-09-18 22:05:00,66,910.0,2017-08-22 05:00:00,martes,10,Normal,Seca y limpia,Montañoso,Media ladera Izquierda,Recta,Transito normal con precaución,0,0,1,0,1.0,Caída ocupante,no determinada,2509_2_66,16.0,8.0
Antioquia,2017-09-18 22:21:00,64,440.0,2017-08-25 05:00:00,viernes,0,Normal,Seca y limpia,Montañoso,Media ladera Izquierda,Curva Derecha,Parcial con reducción de carriles,0,0,0,0,1.0,Choque,no determinada,2509_2_64,23.0,1.0
Antioquia,2017-09-18 22:31:00,71,900.0,2017-08-29 05:00:00,martes,45,Normal,Seca y limpia,Montañoso,Media ladera Izquierda,Recta,Parcial con reducción de carriles,0,0,1,0,1.0,Choque,no determinada,2509_2_71,1.0,23.0
Antioquia,2017-09-18 22:33:00,67,800.0,2017-08-30 05:00:00,miercoles,30,Normal,Seca y limpia,Montañoso,Media ladera Izquierda,Recta,Parcial con reducción de carriles,0,0,1,0,1.0,Choque,no determinada,2509_2_67,13.0,11.0
Antioquia,2017-09-18 22:35:00,69,850.0,2017-08-31 05:00:00,jueves,40,Normal,Seca y limpia,Montañoso,Media ladera Izquierda,Recta,Parcial con reducción de carriles,0,0,1,0,1.0,Choque,no determinada,2509_2_69,21.0,3.0
Antioquia,2017-10-27 16:02:00,68,70.0,2017-09-01 05:00:00,viernes,45,Normal,Seca y limpia,Montañoso,Media ladera Izquierda,Recta,Parcial con reducción de carriles,0,0,2,0,1.0,Atropello,no determinada,2509_2_68,10.0,14.0
Antioquia,2017-10-27 16:04:00,69,280.0,2017-09-01 05:00:00,viernes,50,Normal,Seca y limpia,Montañoso,Media ladera Izquierda,Recta,Parcial con reducción de carriles,0,0,2,0,1.0,Choque,no determinada,2509_2_69,4.0,20.0
Antioquia,2017-10-27 16:07:00,70,550.0,2017-09-01 05:00:00,viernes,0,Normal,Seca y limpia,Montañoso,Media ladera Izquierda,Recta,Parcial con reducción de carriles,0,0,1,0,1.0,Choque,no determinada,2509_2_70,13.0,11.0
Antioquia,2017-10-27 16:10:00,64,410.0,2017-09-01 05:00:00,viernes,20,Normal,Seca y limpia,Montañoso,Media ladera Izquierda,Curva Derecha,Parcial con reducción de carriles,0,0,0,0,1.0,Choque,no determinada,2509_2_64,17.0,7.0
Antioquia,2017-10-27 16:31:00,64,752.0,2017-09-01 05:00:00,viernes,0,Normal,Seca y limpia,Montañoso,Media ladera Izquierda,Recta,Parcial con reducción de carriles,0,0,0,0,1.0,Choque,no determinada,2509_2_64,16.0,8.0
Antioquia,2017-10-27 16:43:00,71,130.0,2017-09-02 05:00:00,sabado,10,Normal,Seca y limpia,Montañoso,Media ladera Izquierda,Recta,Parcial con reducción de carriles,0,0,1,0,1.0,Choque,no determinada,2509_2_71,23.0,1.0
Antioquia,2017-10-27 16:45:00,68,370.0,2017-09-02 05:00:00,sabado,30,Normal,Material suelto,Montañoso,Media ladera Izquierda,Recta,Parcial con reducción de carriles,0,0,1,0,1.0,Choque,no determinada,2509_2_68,0.0,0.0
Antioquia,2017-10-27 16:51:00,69,310.0,2017-09-03 05:00:00,domingo,30,Normal,Seca y limpia,Montañoso,Media ladera Izquierda,Recta,Parcial con reducción de carriles,0,0,2,0,1.0,Caída ocupante,no determinada,2509_2_69,23.0,1.0
Antioquia,2017-10-27 17:15:00,68,360.0,2017-09-09 05:00:00,sabado,0,Normal,Seca y limpia,Montañoso,Media ladera Izquierda,Recta,Parcial con reducción de carriles,0,0,2,0,1.0,Caída ocupante,no determinada,2509_2_68,13.0,11.0
Antioquia,2017-10-27 19:23:00,69,390.0,2017-09-12 05:00:00,martes,40,Lluvia,Humeda,Montañoso,Media ladera Izquierda,Recta,Parcial con reducción de carriles,0,0,2,0,1.0,Choque,no determinada,2509_2_69,6.0,18.0
Antioquia,2017-10-27 19:25:00,69,370.0,2017-09-12 05:00:00,martes,20,Lluvia,Humeda,Montañoso,Media ladera Izquierda,Recta,Parcial con reducción de carriles,0,0,2,0,1.0,Choque,no determinada,2509_2_69,19.0,5.0
Antioquia,2017-10-27 19:50:00,68,140.0,2017-09-18 05:00:00,lunes,50,Normal,Seca y limpia,Montañoso,Media ladera Izquierda,Recta,Parcial con reducción de carriles,0,0,2,0,1.0,Choque,no determinada,2509_2_68,8.0,16.0
Antioquia,2017-10-27 19:39:00,64,420.0,2017-09-15 05:00:00,viernes,20,Lluvia,Humeda,Montañoso,Media ladera Izquierda,Curva Derecha,Parcial con reducción de carriles,0,0,0,0,1.0,Choque,no determinada,2509_2_64,18.0,6.0
Antioquia,2017-10-27 19:53:00,67,780.0,2017-09-18 05:00:00,lunes,15,Lluvia,Humeda,Montañoso,Media ladera Izquierda,Recta,Parcial con reducción de carriles,0,0,1,0,1.0,Atropello,no determinada,2509_2_67,17.0,7.0
Antioquia,2017-10-27 19:57:00,71,240.0,2017-09-20 05:00:00,miercoles,0,Normal,Seca y limpia,Montañoso,Media ladera Izquierda,Recta,Parcial con reducción de carriles,0,0,1,0,1.0,Choque,no determinada,2509_2_71,21.0,3.0
Antioquia,2017-10-27 19:59:00,69,820.0,2017-09-21 05:00:00,jueves,10,Normal,Seca y limpia,Montañoso,Media ladera Izquierda,Recta,Parcial con reducción de carriles,0,0,1,0,1.0,Choque,no determinada,2509_2_69,22.0,2.0
Antioquia,2017-10-27 20:02:00,65,840.0,2017-09-22 05:00:00,viernes,40,Normal,Seca y limpia,Montañoso,Media ladera Izquierda,Recta,Parcial con reducción de carriles,0,0,1,0,1.0,Choque,no determinada,2509_2_65,18.0,6.0
Antioquia,2017-10-27 20:14:00,64,750.0,2017-09-26 05:00:00,martes,20,Normal,Seca y limpia,Montañoso,Media ladera Izquierda,Recta,Parcial con reducción de carriles,0,0,1,0,1.0,Choque,no determinada,2509_2_64,19.0,5.0
Antioquia,2017-10-27 20:20:00,70,730.0,2017-09-27 05:00:00,miercoles,50,Normal,Seca y limpia,Montañoso,Media ladera Izquierda,Recta,Parcial con reducción de carriles,0,0,1,0,1.0,Choque,no determinada,2509_2_70,10.0,14.0
Antioquia,2017-10-27 20:22:00,67,430.0,2017-09-28 05:00:00,jueves,40,Normal,Seca y limpia,Montañoso,Media ladera Izquierda,Recta,Parcial con reducción de carriles,0,0,1,0,1.0,Choque,no determinada,2509_2_67,5.0,19.0
Antioquia,2017-11-27 14:46:00,70,750.0,2017-10-19 05:00:00,jueves,50,Normal,Seca y limpia,Montañoso,Media ladera Izquierda,Recta,Parcial con reducción de carriles,0,0,2,0,1.0,Choque,no determinada,2509_2_70,16.0,8.0
Antioquia,2017-11-27 14:50:00,65,0.0,2017-10-19 05:00:00,jueves,10,Normal,Seca y limpia,Montañoso,Media ladera Izquierda,Recta,Parcial con reducción de carriles,0,0,0,0,1.0,Choque,no determinada,2509_2_65,18.0,6.0
Antioquia,2017-11-27 14:54:00,71,600.0,2017-10-20 05:00:00,viernes,40,Normal,Seca y limpia,Montañoso,Media ladera Izquierda,Recta,Transito normal con precaución,0,0,1,0,1.0,Choque,no determinada,2509_2_71,6.0,18.0
Antioquia,2017-11-27 14:58:00,68,330.0,2017-10-21 05:00:00,sabado,30,Normal,Seca y limpia,Montañoso,Media ladera Izquierda,Recta,Parcial restringido a vehiculos pesados,0,0,2,0,1.0,Choque,no determinada,2509_2_68,15.0,9.0
Antioquia,2017-11-27 15:02:00,71,50.0,2017-10-22 05:00:00,domingo,30,Normal,Seca y limpia,Montañoso,Media ladera Izquierda,Recta,Parcial con reducción de carriles,0,0,2,0,1.0,Choque,no determinada,2509_2_71,18.0,6.0
Antioquia,2017-11-27 15:38:00,69,330.0,2017-10-22 05:00:00,domingo,30,Normal,Seca y limpia,Montañoso,Media ladera Izquierda,Recta,Parcial con reducción de carriles,0,0,1,0,1.0,Choque,no determinada,2509_2_69,0.0,0.0
Antioquia,2017-11-23 20:22:00,69,240.0,2017-10-05 05:00:00,jueves,45,Normal,Seca y limpia,Montañoso,Media ladera Izquierda,Recta,Parcial con paso alternado,0,0,3,0,1.0,Choque,no determinada,2509_2_69,19.0,5.0
Antioquia,2017-11-23 20:29:00,66,450.0,2017-10-05 05:00:00,jueves,10,Normal,Seca y limpia,Montañoso,Media ladera Izquierda,Recta,Parcial con reducción de carriles,0,0,2,0,1.0,Choque,no determinada,2509_2_66,17.0,7.0
Antioquia,2017-11-23 20:54:00,71,410.0,2017-10-10 05:00:00,martes,30,Lluvia,Humeda,Montañoso,Media ladera Izquierda,Recta,Parcial con reducción de carriles,0,0,0,0,1.0,Caída ocupante,embriaguez o sustancias alucinogenas,2509_2_71,10.0,14.0
Antioquia,2017-11-23 20:59:00,67,820.0,2017-10-12 05:00:00,jueves,0,Normal,Material suelto,Montañoso,Media ladera Izquierda,Recta,Parcial con reducción de carriles,0,0,1,0,1.0,Choque,no determinada,2509_2_67,5.0,19.0
Antioquia,2017-11-23 21:31:00,70,70.0,2017-10-16 05:00:00,lunes,0,Normal,Seca y limpia,Montañoso,Media ladera Izquierda,Recta,Parcial con reducción de carriles,0,0,2,2,1.0,Choque,no determinada,2509_2_70,9.0,15.0
Antioquia,2017-11-23 22:07:00,66,130.0,2017-10-18 05:00:00,miercoles,20,Normal,Seca y limpia,Montañoso,Media ladera Izquierda,Recta,Parcial con reducción de carriles,0,0,1,0,1.0,Choque,no determinada,2509_2_66,9.0,15.0
Antioquia,2017-11-27 16:05:00,71,51.0,2017-10-29 05:00:00,domingo,50,Normal,Seca y limpia,Montañoso,Media ladera Izquierda,Recta,Parcial con reducción de carriles,0,0,1,0,1.0,Choque,no determinada,2509_2_71,10.0,14.0
Antioquia,2017-11-27 16:12:00,70,220.0,2017-10-31 05:00:00,martes,30,Normal,Seca y limpia,Montañoso,Media ladera Izquierda,Recta,Parcial con reducción de carriles,0,0,1,0,1.0,Choque,no determinada,2509_2_70,11.0,13.0
Antioquia,2018-01-02 21:42:00,69,800.0,2017-11-06 05:00:00,lunes,30,Normal,Seca y limpia,Montañoso,Media ladera Izquierda,Recta,Parcial con reducción de carriles,0,0,2,0,1.0,Choque,no determinada,2509_2_69,10.0,14.0
Antioquia,2017-05-26 17:32:00,60,0.0,2016-12-21 05:00:00,miercoles,15,Normal,Seca y limpia,Montañoso,Media Ladera Derecha,Curva Derecha,Parcial con reducción de carriles,0,0,1,0,1.0,Choque,no determinada,2509_1_60,14.0,10.0
Antioquia,2017-05-26 17:42:00,71,655.0,2016-12-23 05:00:00,viernes,20,Normal,Seca y limpia,Montañoso,Media ladera Izquierda,Recta,Parcial con reducción de carriles,0,0,1,0,1.0,Choque,no determinada,2509_1_71,12.0,12.0
Antioquia,2017-05-26 17:49:00,70,350.0,2016-12-25 05:00:00,domingo,40,Normal,Seca y limpia,Montañoso,Media ladera Izquierda,Recta,Parcial con reducción de carriles,0,0,0,0,1.0,Choque,no determinada,2509_1_70,16.0,8.0
Antioquia,2017-05-26 18:00:00,70,400.0,2016-12-28 05:00:00,miercoles,15,Normal,Seca y limpia,Montañoso,Media ladera Izquierda,Recta,Parcial con reducción de carriles,0,0,2,0,1.0,Choque,no determinada,2509_1_70,18.0,6.0
Antioquia,2017-05-26 18:50:00,69,900.0,2016-12-29 05:00:00,jueves,20,Normal,Seca y limpia,Montañoso,Media ladera Izquierda,Recta,Parcial con reducción de carriles,0,0,1,0,1.0,Atropello,no determinada,2509_1_69,23.0,1.0
Antioquia,2017-05-26 18:56:00,70,770.0,2016-12-30 05:00:00,viernes,0,Normal,Seca y limpia,Montañoso,Media ladera Izquierda,Recta,Parcial con reducción de carriles,0,0,1,0,1.0,Choque,no determinada,2509_1_70,12.0,12.0
Antioquia,2017-05-26 19:21:00,68,600.0,2017-03-01 05:00:00,miercoles,15,Normal,Seca y limpia,Montañoso,Media ladera Izquierda,Recta,Parcial con reducción de carriles,0,0,1,0,1.0,Choque,no determinada,2509_1_68,17.0,7.0
Antioquia,2017-05-26 19:38:00,69,450.0,2017-03-03 05:00:00,viernes,10,Lluvia,Humeda,Montañoso,Media ladera Izquierda,Recta,Parcial con reducción de carriles,0,0,1,0,1.0,Choque,no determinada,2509_1_69,7.0,17.0
Antioquia,2017-05-26 20:02:00,68,900.0,2017-03-10 05:00:00,viernes,55,Normal,Seca y limpia,Montañoso,Media ladera Izquierda,Recta,Parcial con reducción de carriles,0,0,1,0,1.0,Choque,no determinada,2509_1_68,22.0,2.0
Antioquia,2017-05-26 20:07:00,68,400.0,2017-02-06 05:00:00,lunes,40,Normal,Seca y limpia,Plano,Media ladera Izquierda,Recta,Parcial con reducción de carriles,1,0,2,0,1.0,Choque,no determinada,2509_1_68,16.0,9.0
Antioquia,2017-05-26 20:15:00,68,700.0,2017-02-07 05:00:00,martes,30,Normal,Seca y limpia,Plano,Media ladera Izquierda,Recta,Cierre total,1,0,1,0,1.0,Choque,no determinada,2509_1_68,21.0,4.0
Antioquia,2017-05-26 20:23:00,60,800.0,2017-03-13 05:00:00,lunes,40,Normal,Seca y limpia,Montañoso,Media Ladera Derecha,Recta,Parcial con reducción de carriles,0,0,0,0,1.0,Choque,no determinada,2509_1_60,19.0,5.0
Antioquia,2017-05-26 20:23:00,68,300.0,2017-02-07 05:00:00,martes,30,Normal,Seca y limpia,Plano,Media ladera Izquierda,Recta,Transito normal con precaución,0,0,1,0,1.0,Choque,no determinada,2509_1_68,19.0,5.0
Antioquia,2017-05-26 20:34:00,64,741.0,2017-03-17 05:00:00,viernes,0,Normal,Seca y limpia,Montañoso,Media ladera Izquierda,Recta,Parcial con reducción de carriles,0,0,0,0,1.0,Choque,no determinada,2509_1_64,21.0,3.0
Antioquia,2017-05-26 20:44:00,68,70.0,2017-02-09 05:00:00,jueves,40,Normal,Seca y limpia,Plano,Media ladera Izquierda,Recta,Parcial con reducción de carriles,1,0,1,0,1.0,Caída ocupante,no determinada,2509_1_68,13.0,12.0
Antioquia,2017-05-26 20:55:00,57,750.0,2017-03-21 05:00:00,martes,30,Normal,Seca y limpia,Montañoso,Media Ladera Derecha,Curva Izquierda,Parcial con reducción de carriles,0,0,0,0,1.0,Choque,no determinada,2509_1_57,12.0,12.0
Antioquia,2017-05-26 21:10:00,67,400.0,2017-02-10 05:00:00,viernes,0,Normal,Seca y limpia,Plano,Media ladera Izquierda,Recta,Transito normal con precaución,0,0,2,0,1.0,Atropello,no determinada,2509_1_67,19.0,5.0
Antioquia,2017-05-26 22:26:00,64,450.0,2017-02-10 05:00:00,viernes,10,Normal,Seca y limpia,Plano,Media ladera Izquierda,Curva Derecha,Parcial con reducción de carriles,1,0,0,0,1.0,Choque,no determinada,2509_1_64,19.0,6.0
Antioquia,2017-05-26 22:59:00,61,201.0,2017-02-12 05:00:00,domingo,20,Normal,Seca y limpia,Montañoso,Media Ladera Derecha,Curva Derecha,Transito normal con precaución,0,0,1,0,1.0,Caída ocupante,no determinada,2509_1_61,5.0,19.0
Antioquia,2017-05-26 23:15:00,70,400.0,2017-02-13 05:00:00,lunes,50,Normal,Seca y limpia,Plano,Media ladera Izquierda,Recta,Parcial con reducción de carriles,1,0,2,0,1.0,Choque,no determinada,2509_1_70,14.0,11.0
Antioquia,2017-05-26 23:41:00,68,380.0,2017-02-15 05:00:00,miercoles,10,Normal,Seca y limpia,Plano,Media ladera Izquierda,Recta,Parcial con reducción de carriles,1,0,1,0,1.0,Choque,no determinada,2509_1_68,9.0,16.0
Antioquia,2017-05-26 23:45:00,68,80.0,2017-02-16 05:00:00,jueves,10,Normal,Seca y limpia,Plano,Media ladera Izquierda,Recta,Parcial con reducción de carriles,1,0,1,0,1.0,Choque,no determinada,2509_1_68,16.0,9.0
Antioquia,2017-05-26 23:56:00,65,950.0,2017-05-18 05:00:00,jueves,50,Normal,Seca y limpia,Plano,Media ladera Izquierda,Recta,Parcial con reducción de carriles,1,0,1,0,1.0,Choque,no determinada,2509_1_65,23.0,2.0
Antioquia,2017-05-27 00:00:00,67,150.0,2017-05-18 05:00:00,jueves,45,Normal,Seca y limpia,Plano,Media ladera Izquierda,Recta,Parcial con reducción de carriles,1,0,1,0,1.0,Atropello,no determinada,2509_1_67,18.0,7.0