territorial,fecha_registro,pr,distancia_pr,fecha_acc,dia_semana_acc,min_acc,condic_meteor,estado_super,terreno,secc_tip,geometria_acc,tipo_cierre,horas_cierre,min_cierre,n_heridos,n_muertos,n_victimas,clase_accidente,causa_posible,ref_loc,hora_acc,duracion_cierre_horas
Antioquia,2017-05-27 00:10:00,56,850.0,2017-02-18 05:00:00,sabado,15,Normal,Seca y limpia,Montañoso,Media Ladera Derecha,Recta,Parcial con reducción de carriles,1,0,0,0,1.0,Choque,impericia en el manejo,2509_1_56,13.0,12.0
Antioquia,2017-05-27 00:51:00,67,800.0,2017-02-23 05:00:00,jueves,6,Normal,Seca y limpia,Plano,Media ladera Izquierda,Recta,Parcial con reducción de carriles,1,0,1,0,1.0,Choque,no determinada,2509_1_67,17.0,8.0
Antioquia,2017-05-27 01:29:00,61,200.0,2017-02-26 05:00:00,domingo,0,Normal,Seca y limpia,Montañoso,Media Ladera Derecha,Curva Izquierda,Transito normal con precaución,0,0,1,0,1.0,Caída ocupante,no determinada,2509_1_61,7.0,17.0
Antioquia,2017-05-27 01:51:00,64,720.0,2017-02-27 05:00:00,lunes,0,Normal,Seca y limpia,Plano,Media ladera Izquierda,Recta,Parcial con reducción de carriles,1,0,1,0,1.0,Choque,no determinada,2509_1_64,6.0,19.0
Antioquia,2017-05-27 02:09:00,66,850.0,2017-02-28 05:00:00,martes,20,Normal,Seca y limpia,Plano,Media ladera Izquierda,Recta,Parcial con reducción de carriles,1,0,0,0,1.0,Choque,no determinada,2509_1_66,19.0,6.0
Antioquia,2017-05-30 14:57:00,64,742.0,2017-03-22 05:00:00,miercoles,0,Normal,Seca y limpia,Montañoso,Media ladera Izquierda,Recta,Parcial con reducción de carriles,0,0,0,0,1.0,Choque,no determinada,2509_1_64,17.0,7.0
Antioquia,2017-05-30 15:23:00,60,740.0,2017-03-25 05:00:00,sabado,40,Normal,Seca y limpia,Montañoso,Media Ladera Derecha,Recta,Transito normal con precaución,0,0,1,0,1.0,Choque,exceso en horas de conduccion,2509_1_60,18.0,6.0
Antioquia,2017-05-30 15:43:00,68,350.0,2017-03-29 05:00:00,miercoles,21,Normal,Seca y limpia,Montañoso,Media ladera Izquierda,Recta,Parcial con reducción de carriles,0,0,0,1,1.0,Atropello,no determinada,2509_1_68,19.0,5.0
Antioquia,2017-05-30 15:53:00,61,330.0,2017-03-29 05:00:00,miercoles,30,Normal,Seca y limpia,Montañoso,Media Ladera Derecha,Recta,Transito normal con precaución,0,0,1,0,1.0,Atropello,maniobras imprudentes,2509_1_61,14.0,10.0
Antioquia,2017-05-30 15:58:00,61,330.0,2017-03-29 05:00:00,miercoles,40,Normal,Seca y limpia,Montañoso,Media Ladera Derecha,Recta,Parcial con reducción de carriles,0,0,1,0,1.0,Choque,maniobras imprudentes,2509_1_61,15.0,9.0
Antioquia,2017-05-30 18:39:00,69,330.0,2017-04-05 05:00:00,miercoles,50,Normal,Seca y limpia,Montañoso,Media ladera Izquierda,Recta,Parcial con reducción de carriles,0,0,1,0,1.0,Choque,no determinada,2509_1_69,17.0,7.0
Antioquia,2017-05-30 19:24:00,64,730.0,2017-04-15 05:00:00,sabado,50,Normal,Seca y limpia,Montañoso,Media ladera Izquierda,Recta,Parcial con reducción de carriles,0,0,1,0,1.0,Choque,no determinada,2509_1_64,9.0,15.0
Antioquia,2017-05-30 19:30:00,71,800.0,2017-04-15 05:00:00,sabado,10,Normal,Seca y limpia,Montañoso,Media ladera Izquierda,Recta,Parcial con reducción de carriles,0,0,0,0,1.0,Volcamiento,no determinada,2509_1_71,11.0,13.0
Antioquia,2017-05-30 20:20:00,70,300.0,2017-04-24 05:00:00,lunes,10,Normal,Seca y limpia,Montañoso,Media ladera Izquierda,Recta,Parcial con reducción de carriles,0,0,1,0,1.0,Caída de piedra,no determinada,2509_1_70,13.0,11.0
Antioquia,2017-05-30 20:26:00,68,950.0,2017-04-28 05:00:00,viernes,10,Normal,Seca y limpia,Montañoso,Media ladera Izquierda,Recta,Parcial con reducción de carriles,0,0,1,0,1.0,Choque,no determinada,2509_1_68,12.0,12.0
Antioquia,2017-05-30 20:35:00,70,305.0,2017-04-29 05:00:00,sabado,0,Normal,Seca y limpia,Montañoso,Media ladera Izquierda,Recta,Parcial con reducción de carriles,0,0,2,0,1.0,Choque,no determinada,2509_1_70,15.0,9.0
Antioquia,2017-05-30 20:39:00,66,660.0,2017-04-29 05:00:00,sabado,0,Normal,Seca y limpia,Montañoso,Media ladera Izquierda,Recta,Parcial con reducción de carriles,0,0,1,0,1.0,Atropello,no determinada,2509_1_66,12.0,12.0
Antioquia,2017-05-30 21:57:00,57,0.0,2017-01-06 05:00:00,viernes,5,Normal,Seca y limpia,Montañoso,Media Ladera Derecha,Recta,Parcial con reducción de carriles,1,0,1,0,1.0,Choque,desobediencia a normas y senales,2509_1_57,3.0,22.0
Antioquia,2017-05-31 20:47:00,67,936.0,2017-01-07 05:00:00,sabado,0,Normal,Seca y limpia,Montañoso,Media ladera Izquierda,Recta,Transito normal con precaución,0,0,1,0,1.0,Choque,no determinada,2509_1_67,20.0,4.0
Antioquia,2017-05-31 21:24:00,55,650.0,2017-01-09 05:00:00,lunes,5,Normal,Seca y limpia,Montañoso,Media Ladera Derecha,Curva Derecha,Parcial con reducción de carriles,1,0,1,0,1.0,Choque,no determinada,2509_1_55,16.0,9.0
Antioquia,2017-05-31 21:45:00,58,800.0,2017-01-12 05:00:00,jueves,0,Normal,Seca y limpia,Montañoso,Media Ladera Derecha,Curva Izquierda,Parcial con reducción de carriles,1,0,0,0,1.0,Choque,no determinada,2509_1_58,20.0,5.0
Antioquia,2017-05-31 21:52:00,61,200.0,2017-01-12 05:00:00,jueves,40,Normal,Seca y limpia,Montañoso,Media ladera Izquierda,Curva Izquierda,Parcial con reducción de carriles,1,0,1,0,1.0,Caída ocupante,no determinada,2509_1_61,23.0,2.0
Antioquia,2017-05-31 22:41:00,71,260.0,2017-01-14 05:00:00,sabado,50,Normal,Seca y limpia,Montañoso,Media Ladera Derecha,Curva Derecha,Cierre total,1,0,1,0,1.0,Choque,no determinada,2509_1_71,14.0,11.0
Antioquia,2017-05-31 22:54:00,71,265.0,2017-01-14 05:00:00,sabado,42,Normal,Seca y limpia,Montañoso,Media ladera Izquierda,Curva Derecha,Cierre total,1,0,1,1,1.0,Choque,no determinada,2509_1_71,16.0,9.0
Antioquia,2017-06-02 20:12:00,66,840.0,2017-01-17 05:00:00,martes,0,Normal,Seca y limpia,Montañoso,Media ladera Izquierda,Recta,Parcial con reducción de carriles,22,0,1,0,1.0,Choque,no determinada,2509_1_66,0.0,22.0
Antioquia,2017-06-02 20:38:00,71,47.0,2017-01-19 05:00:00,jueves,40,Normal,Seca y limpia,Montañoso,Media ladera Izquierda,Recta,Transito normal con precaución,0,0,1,0,1.0,Choque,no determinada,2509_1_71,10.0,14.0
Antioquia,2017-06-02 20:54:00,67,100.0,2017-01-20 05:00:00,viernes,0,Normal,Seca y limpia,Montañoso,Media ladera Izquierda,Recta,Parcial con reducción de carriles,1,0,1,0,1.0,Choque,no determinada,2509_1_67,7.0,18.0
Antioquia,2017-06-02 21:48:00,70,500.0,2017-01-24 05:00:00,martes,40,Normal,Seca y limpia,Montañoso,Media ladera Izquierda,Curva Derecha,Parcial con reducción de carriles,1,0,1,0,1.0,Caída ocupante,no determinada,2509_1_70,3.0,22.0
Antioquia,2017-06-05 16:07:00,58,850.0,2017-01-26 05:00:00,jueves,0,Normal,Seca y limpia,Montañoso,Media Ladera Derecha,Curva Derecha,Transito normal con precaución,1,0,1,0,1.0,Choque,no determinada,2509_1_58,19.0,6.0
Antioquia,2017-06-05 16:20:00,71,270.0,2017-01-27 05:00:00,viernes,15,Normal,Seca y limpia,Montañoso,Media ladera Izquierda,Curva Derecha,Parcial con reducción de carriles,1,0,4,0,1.0,Choque,no determinada,2509_1_71,9.0,16.0
Antioquia,2017-06-05 16:52:00,57,795.0,2017-01-28 05:00:00,sabado,30,Normal,Seca y limpia,Montañoso,Media Ladera Derecha,Curva Derecha,Cierre total,1,0,1,0,1.0,Choque,no determinada,2509_1_57,22.0,3.0
Antioquia,2017-06-05 16:56:00,64,750.0,2017-01-28 05:00:00,sabado,10,Normal,Seca y limpia,Montañoso,Media ladera Izquierda,Recta,Parcial con reducción de carriles,1,0,0,0,1.0,Choque,no determinada,2509_1_64,6.0,19.0
Antioquia,2017-06-05 17:01:00,64,751.0,2017-01-28 05:00:00,sabado,10,Normal,Seca y limpia,Montañoso,Media ladera Izquierda,Recta,Parcial con reducción de carriles,1,0,1,0,1.0,Choque,no determinada,2509_1_64,3.0,22.0
Antioquia,2017-06-05 19:24:00,60,590.0,2017-01-30 05:00:00,lunes,40,Normal,Seca y limpia,Montañoso,Media Ladera Derecha,Recta,Parcial con reducción de carriles,1,0,0,0,1.0,Choque,no determinada,2509_1_60,8.0,17.0
Antioquia,2017-06-05 19:37:00,60,100.0,2017-01-31 05:00:00,martes,0,Normal,Humeda,Montañoso,Media Ladera Derecha,Curva Izquierda,Parcial con reducción de carriles,1,0,0,0,1.0,Choque,no determinada,2509_1_60,11.0,14.0
Antioquia,2017-06-21 15:06:00,66,150.0,2017-05-12 05:00:00,viernes,57,Normal,Seca y limpia,Montañoso,Media ladera Izquierda,Recta,Parcial con reducción de carriles,1,0,0,1,1.0,Choque,no determinada,2509_1_66,14.0,11.0
Antioquia,2017-06-21 15:35:00,67,810.0,2017-05-15 05:00:00,lunes,40,Lluvia,Humeda,Montañoso,Media ladera Izquierda,Recta,Transito normal con precaución,0,0,1,0,1.0,Volcamiento,condiciones de la via y factores ambientales,2509_1_67,17.0,7.0
Antioquia,2017-06-21 15:46:00,67,800.0,2017-05-18 05:00:00,jueves,0,Normal,Seca y limpia,Montañoso,Media ladera Izquierda,Recta,Parcial con reducción de carriles,1,0,1,0,1.0,Choque,no determinada,2509_1_67,5.0,20.0
Antioquia,2017-06-21 15:49:00,64,450.0,2017-05-19 05:00:00,viernes,30,Normal,Seca y limpia,Montañoso,Media ladera Izquierda,Curva Derecha,Transito normal con precaución,0,0,0,0,1.0,Choque,no determinada,2509_1_64,9.0,15.0
Antioquia,2017-06-21 15:59:00,71,620.0,2017-05-21 05:00:00,domingo,0,Normal,Seca y limpia,Montañoso,Media ladera Izquierda,Recta,Transito normal con precaución,0,0,3,0,1.0,Choque,no determinada,2509_1_71,4.0,20.0
Antioquia,2017-06-21 16:03:00,66,200.0,2017-05-24 05:00:00,miercoles,10,Normal,Seca y limpia,Montañoso,Media ladera Izquierda,Recta,Parcial con reducción de carriles,1,0,1,0,1.0,Choque,no determinada,2509_1_66,7.0,18.0
Antioquia,2017-06-21 16:08:00,67,801.0,2017-05-25 05:00:00,jueves,5,Normal,Seca y limpia,Montañoso,Media ladera Izquierda,Recta,Parcial con reducción de carriles,1,0,1,0,1.0,Choque,no determinada,2509_1_67,17.0,8.0
Antioquia,2017-06-21 16:10:00,68,100.0,2017-05-26 05:00:00,viernes,50,Normal,Seca y limpia,Montañoso,Media ladera Izquierda,Recta,Transito normal con precaución,0,0,1,0,1.0,Caída ocupante,no determinada,2509_1_68,5.0,19.0
Antioquia,2017-07-26 14:00:00,69,220.0,2017-06-01 05:00:00,jueves,10,Normal,Material suelto,Montañoso,Media ladera Izquierda,Recta,Parcial con reducción de carriles,0,0,2,0,1.0,Choque,no determinada,2509_1_69,12.0,12.0
Antioquia,2017-07-26 14:18:00,66,180.0,2017-06-03 05:00:00,sabado,40,Normal,Seca y limpia,Montañoso,Media ladera Izquierda,Recta,Parcial con reducción de carriles,0,0,1,0,1.0,Caída ocupante,no determinada,2509_1_66,14.0,10.0
Antioquia,2017-07-26 14:24:00,69,140.0,2017-06-06 05:00:00,martes,0,Normal,Seca y limpia,Montañoso,Media ladera Izquierda,Recta,Cierre total,0,0,2,0,1.0,Choque,no determinada,2509_1_69,19.0,5.0
Antioquia,2017-07-26 14:30:00,66,840.0,2017-06-08 05:00:00,jueves,50,Normal,Seca y limpia,Montañoso,Media ladera Izquierda,Recta,Parcial con reducción de carriles,0,0,1,0,1.0,Atropello,no determinada,2509_1_66,10.0,14.0
Antioquia,2017-07-26 14:33:00,68,100.0,2017-06-08 05:00:00,jueves,0,Normal,Seca y limpia,Montañoso,Media ladera Izquierda,Recta,Transito normal con precaución,0,0,1,0,1.0,Choque,no determinada,2509_1_68,16.0,8.0
Antioquia,2017-07-26 14:36:00,70,570.0,2017-06-09 05:00:00,viernes,30,Normal,Seca y limpia,Montañoso,Media ladera Izquierda,Recta,Transito normal con precaución,0,0,1,0,1.0,Choque,no determinada,2509_1_70,13.0,11.0
Antioquia,2017-07-26 14:59:00,71,100.0,2017-06-16 05:00:00,viernes,0,Normal,Material suelto,Montañoso,Media ladera Izquierda,Recta,Parcial con reducción de carriles,0,0,1,0,1.0,Choque,no determinada,2509_1_71,16.0,8.0
Antioquia,2017-07-26 15:16:00,67,800.0,2017-06-17 05:00:00,sabado,15,Normal,Seca y limpia,Montañoso,Media ladera Izquierda,Recta,Parcial con reducción de carriles,0,0,2,0,1.0,Choque,no determinada,2509_1_67,22.0,2.0
Antioquia,2017-07-26 15:20:00,67,400.0,2017-06-18 05:00:00,domingo,20,Normal,Seca y limpia,Montañoso,Media ladera Izquierda,Recta,Parcial con reducción de carriles,0,0,3,0,1.0,Atropello,no determinada,2509_1_67,5.0,19.0
Antioquia,2017-07-26 15:39:00,69,110.0,2017-06-23 05:00:00,viernes,50,Normal,Seca y limpia,Montañoso,Media ladera Izquierda,Recta,Parcial con reducción de carriles,19,50,1,0,1.0,Choque,no determinada,2509_1_69,22.0,21.0
Antioquia,2017-07-26 15:49:00,67,930.0,2017-06-24 05:00:00,sabado,50,Normal,Seca y limpia,Montañoso,Media ladera Izquierda,Recta,Parcial con reducción de carriles,0,0,2,0,1.0,Choque,no determinada,2509_1_67,19.0,5.0
Antioquia,2017-07-26 16:06:00,71,520.0,2017-06-28 05:00:00,miercoles,20,Normal,Seca y limpia,Montañoso,Media ladera Izquierda,Recta,Transito normal con precaución,0,0,1,0,1.0,Caída ocupante,no determinada,2509_1_71,3.0,21.0
Antioquia,2017-08-16 16:31:00,69,500.0,2017-07-05 05:00:00,miercoles,30,Normal,Material suelto,Montañoso,Media ladera Izquierda,Recta,Parcial con reducción de carriles,0,0,3,0,1.0,Choque,no determinada,2509_1_69,12.0,12.0
Antioquia,2017-08-16 16:35:00,71,50.0,2017-07-06 05:00:00,jueves,20,Normal,Seca y limpia,Montañoso,Media ladera Izquierda,Recta,Parcial con reducción de carriles,0,0,1,0,1.0,Choque,no determinada,2509_1_71,8.0,16.0
Antioquia,2017-08-16 17:18:00,70,180.0,2017-07-12 05:00:00,miercoles,50,Normal,Material suelto,Montañoso,Media ladera Izquierda,Recta,Parcial con reducción de carriles,0,0,2,1,1.0,Choque,no determinada,2509_1_70,15.0,9.0
Antioquia,2017-08-16 19:11:00,69,800.0,2017-07-12 05:00:00,miercoles,0,Normal,Seca y limpia,Montañoso,Media ladera Izquierda,Recta,Parcial con reducción de carriles,0,0,2,0,1.0,Choque,no determinada,2509_1_69,9.0,15.0
Antioquia,2017-08-16 20:17:00,68,400.0,2017-07-17 05:00:00,lunes,20,Normal,Seca y limpia,Montañoso,Media ladera Izquierda,Recta,Parcial con reducción de carriles,0,0,2,0,1.0,Choque,no determinada,2509_1_68,19.0,5.0
Antioquia,2017-08-16 20:32:00,66,840.0,2017-07-20 05:00:00,jueves,0,Normal,Seca y limpia,Montañoso,Media ladera Izquierda,Recta,Parcial con reducción de carriles,0,0,1,0,1.0,Choque,no determinada,2509_1_66,5.0,19.0
Antioquia,2017-08-16 20:39:00,67,660.0,2017-07-21 05:00:00,viernes,40,Normal,Seca y limpia,Montañoso,Media ladera Izquierda,Recta,Parcial con reducción de carriles,0,0,1,0,1.0,Choque,no determinada,2509_1_67,15.0,9.0
Antioquia,2017-08-17 14:23:00,71,600.0,2017-07-25 05:00:00,martes,30,Normal,Seca y limpia,Montañoso,Media ladera Izquierda,Recta,Parcial con reducción de carriles,0,0,1,0,1.0,Choque,no determinada,2509_1_71,13.0,11.0
Antioquia,2017-08-17 14:37:00,66,845.0,2017-07-29 05:00:00,sabado,30,Normal,Seca y limpia,Montañoso,Media ladera Izquierda,Recta,Parcial con reducción de carriles,0,0,2,0,1.0,Choque,no determinada,2509_1_66,14.0,10.0
Antioquia,2017-08-17 14:26:00,70,300.0,2017-07-26 05:00:00,miercoles,10,Normal,Seca y limpia,Montañoso,Media ladera Izquierda,Recta,Parcial con reducción de carriles,0,0,1,0,1.0,Choque,no determinada,2509_1_70,8.0,16.0
Antioquia,2017-08-17 14:31:00,66,80.0,2017-07-26 05:00:00,miercoles,10,Normal,Seca y limpia,Montañoso,Media ladera Izquierda,Recta,Parcial con reducción de carriles,0,0,1,0,1.0,Choque,no determinada,2509_1_66,18.0,6.0
Antioquia,2017-09-18 19:24:00,70,250.0,2017-08-05 05:00:00,sabado,40,Normal,Seca y limpia,Montañoso,Media ladera Izquierda,Recta,Parcial con reducción de carriles,0,0,1,0,1.0,Choque,no determinada,2509_1_70,8.0,16.0
Antioquia,2017-09-18 20:11:00,68,340.0,2017-08-06 05:00:00,domingo,10,Normal,Seca y limpia,Montañoso,Media ladera Izquierda,Recta,Parcial con reducción de carriles,0,0,1,0,1.0,Choque,no determinada,2509_1_68,11.0,13.0
Antioquia,2017-09-18 20:15:00,71,140.0,2017-08-08 05:00:00,martes,10,Normal,Seca y limpia,Montañoso,Media ladera Izquierda,Recta,Parcial con reducción de carriles,0,0,1,0,1.0,Choque,no determinada,2509_1_71,11.0,13.0
Antioquia,2017-09-18 20:21:00,65,240.0,2017-08-08 05:00:00,martes,10,Normal,Seca y limpia,Montañoso,Media ladera Izquierda,Recta,Transito normal con precaución,0,0,0,0,1.0,Choque,no determinada,2509_1_65,19.0,5.0
Antioquia,2017-09-18 20:37:00,66,830.0,2017-08-09 05:00:00,miercoles,40,Normal,Seca y limpia,Montañoso,Media ladera Izquierda,Recta,Parcial con reducción de carriles,0,0,1,0,1.0,Choque,no determinada,2509_1_66,8.0,16.0
Antioquia,2017-09-18 21:02:00,64,750.0,2017-08-13 05:00:00,domingo,40,Normal,Seca y limpia,Montañoso,Media ladera Izquierda,Recta,Parcial con reducción de carriles,0,0,2,0,1.0,Choque,no determinada,2509_1_64,11.0,13.0
Antioquia,2017-09-18 21:53:00,71,220.0,2017-08-19 05:00:00,sabado,30,Normal,Seca y limpia,Montañoso,Media ladera Izquierda,Recta,Parcial con reducción de carriles,0,0,1,0,1.0,Choque,no determinada,2509_1_71,16.0,8.0
Antioquia,2017-09-18 22:12:00,68,50.0,2017-08-22 05:00:00,martes,20,Normal,Seca y limpia,Montañoso,Media ladera Izquierda,Recta,Parcial con reducción de carriles,0,0,1,0,1.0,Caída ocupante,no determinada,2509_1_68,15.0,9.0
Antioquia,2017-09-18 22:15:00,64,600.0,2017-08-24 05:00:00,jueves,20,Normal,Seca y limpia,Montañoso,Media Ladera Derecha,Recta,Parcial con reducción de carriles,0,0,0,0,1.0,Choque,no determinada,2509_1_64,11.0,13.0
Antioquia,2017-09-18 22:18:00,71,500.0,2017-08-24 05:00:00,jueves,40,Normal,Seca y limpia,Montañoso,Media ladera Izquierda,Recta,Parcial con reducción de carriles,0,0,1,0,1.0,Choque,no determinada,2509_1_71,1.0,23.0
Antioquia,2017-09-18 22:25:00,67,900.0,2017-08-25 05:00:00,viernes,45,Normal,Seca y limpia,Montañoso,Media ladera Izquierda,Recta,Parcial con reducción de carriles,0,0,1,0,1.0,Choque,no determinada,2509_1_67,14.0,10.0
Antioquia,2017-10-27 15:56:00,67,110.0,2017-09-01 05:00:00,viernes,20,Normal,Seca y limpia,Montañoso,Media ladera Izquierda,Recta,Parcial con reducción de carriles,0,0,1,0,1.0,Choque,no determinada,2509_1_67,13.0,11.0
Antioquia,2017-10-27 15:59:00,67,790.0,2017-09-01 05:00:00,viernes,30,Normal,Seca y limpia,Montañoso,Media ladera Izquierda,Recta,Parcial con reducción de carriles,0,0,1,0,1.0,Choque,no determinada,2509_1_67,9.0,15.0
Antioquia,2017-10-27 16:48:00,66,950.0,2017-09-02 05:00:00,sabado,20,Normal,Seca y limpia,Montañoso,Media ladera Izquierda,Recta,Parcial con reducción de carriles,0,0,2,0,1.0,Choque,no determinada,2509_1_66,8.0,16.0
Antioquia,2017-10-27 17:00:00,68,960.0,2017-09-04 05:00:00,lunes,25,Normal,Seca y limpia,Montañoso,Media ladera Izquierda,Recta,Transito normal con precaución,0,0,1,0,1.0,Caída ocupante,no determinada,2509_1_68,4.0,20.0
Antioquia,2017-10-27 17:02:00,66,380.0,2017-09-04 05:00:00,lunes,40,Normal,Seca y limpia,Montañoso,Media ladera Izquierda,Recta,Parcial con reducción de carriles,0,0,1,0,1.0,Choque,no determinada,2509_1_66,5.0,19.0
Antioquia,2017-10-27 17:08:00,70,225.0,2017-09-06 05:00:00,miercoles,15,Normal,Seca y limpia,Montañoso,Media ladera Izquierda,Recta,Parcial con reducción de carriles,0,0,1,0,1.0,Choque,no determinada,2509_1_70,6.0,18.0
Antioquia,2017-10-27 17:12:00,67,470.0,2017-09-07 05:00:00,jueves,0,Normal,Seca y limpia,Montañoso,Media ladera Izquierda,Recta,Parcial con reducción de carriles,0,0,1,0,1.0,Choque,no determinada,2509_1_67,14.0,10.0
Antioquia,2017-10-27 17:18:00,66,800.0,2017-09-09 05:00:00,sabado,0,Lluvia,Humeda,Montañoso,Media ladera Izquierda,Recta,Parcial con reducción de carriles,0,0,1,0,1.0,Choque,no determinada,2509_1_66,18.0,6.0
Antioquia,2017-10-27 19:18:00,71,10.0,2017-09-10 05:00:00,domingo,15,Normal,Seca y limpia,Montañoso,Media ladera Izquierda,Recta,Parcial con reducción de carriles,1,0,1,1,1.0,Atropello,no determinada,2509_1_71,13.0,12.0
Antioquia,2017-10-27 19:20:00,64,751.0,2017-09-11 05:00:00,lunes,50,Normal,Seca y limpia,Montañoso,Media ladera Izquierda,Recta,Parcial con reducción de carriles,0,0,2,0,1.0,Choque,no determinada,2509_1_64,7.0,17.0
Antioquia,2017-10-27 19:27:00,66,440.0,2017-09-15 05:00:00,viernes,10,Normal,Humeda,Montañoso,Media ladera Izquierda,Recta,Parcial con reducción de carriles,0,0,0,0,1.0,Choque,no determinada,2509_1_66,13.0,11.0
Antioquia,2017-10-27 19:30:00,68,120.0,2017-09-15 05:00:00,viernes,25,Normal,Seca y limpia,Montañoso,Media ladera Izquierda,Recta,Parcial con reducción de carriles,0,0,1,0,1.0,Caída ocupante,no determinada,2509_1_68,8.0,16.0
Antioquia,2017-10-27 19:34:00,71,980.0,2017-09-15 05:00:00,viernes,50,Normal,Humeda,Montañoso,Media ladera Izquierda,Recta,Parcial con reducción de carriles,0,0,0,1,1.0,Choque,no determinada,2509_1_71,16.0,8.0
Antioquia,2017-10-27 20:06:00,67,810.0,2017-09-23 05:00:00,sabado,15,Normal,Seca y limpia,Montañoso,Media ladera Izquierda,Recta,Parcial con reducción de carriles,0,0,1,0,1.0,Choque,no determinada,2509_1_67,10.0,14.0
Antioquia,2017-10-27 20:09:00,66,810.0,2017-09-23 05:00:00,sabado,50,Normal,Seca y limpia,Montañoso,Media ladera Izquierda,Recta,Parcial con reducción de carriles,0,0,1,0,1.0,Choque,no determinada,2509_1_66,13.0,11.0
Antioquia,2017-10-27 20:11:00,71,620.0,2017-09-25 05:00:00,lunes,50,Normal,Seca y limpia,Montañoso,Media ladera Izquierda,Recta,Transito normal con precaución,0,0,2,0,1.0,Caída ocupante,no determinada,2509_1_71,10.0,14.0
Antioquia,2017-10-27 20:17:00,69,220.0,2017-09-26 05:00:00,martes,57,Normal,Seca y limpia,Montañoso,Media ladera Izquierda,Recta,Parcial con reducción de carriles,0,0,1,0,1.0,Choque,no determinada,2509_1_69,9.0,15.0
Antioquia,2017-11-27 14:42:00,67,470.0,2017-10-19 05:00:00,jueves,30,Normal,Seca y limpia,Montañoso,Media ladera Izquierda,Recta,Transito normal con precaución,0,0,1,0,1.0,Caída ocupante,no determinada,2509_1_67,18.0,6.0
Antioquia,2017-11-27 15:44:00,69,230.0,2017-10-27 05:00:00,viernes,0,Normal,Seca y limpia,Montañoso,Media ladera Izquierda,Recta,Transito normal con precaución,0,0,2,0,1.0,Choque,no determinada,2509_1_69,17.0,7.0
Antioquia,2017-11-23 20:17:00,71,100.0,2017-10-03 05:00:00,martes,40,Normal,Seca y limpia,Montañoso,Media ladera Izquierda,Recta,Parcial con reducción de carriles,0,0,1,0,1.0,Choque,no determinada,2509_1_71,13.0,11.0
Antioquia,2017-11-23 20:34:00,65,420.0,2017-10-06 05:00:00,viernes,0,Normal,Seca y limpia,Montañoso,Media ladera Izquierda,Recta,Parcial con reducción de carriles,0,0,2,0,1.0,Choque,no determinada,2509_1_65,5.0,19.0
Antioquia,2017-11-23 20:42:00,71,610.0,2017-10-07 05:00:00,sabado,45,Normal,Seca y limpia,Montañoso,Media ladera Izquierda,Recta,Parcial con reducción de carriles,0,0,1,0,1.0,Choque,no determinada,2509_1_71,23.0,1.0
Antioquia,2017-11-23 20:50:00,71,460.0,2017-10-10 05:00:00,martes,10,Normal,Seca y limpia,Montañoso,Media ladera Izquierda,Recta,Parcial con reducción de carriles,0,0,3,0,1.0,Choque,no determinada,2509_1_71,5.0,19.0
Antioquia,2017-11-23 21:03:00,69,440.0,2017-10-10 05:00:00,martes,0,Normal,Seca y limpia,Montañoso,Media ladera Izquierda,Recta,Parcial con reducción de carriles,0,0,2,0,1.0,Choque,no determinada,2509_1_69,12.0,12.0
Antioquia,2017-11-23 21:28:00,66,615.0,2017-10-15 05:00:00,domingo,30,Normal,Seca y limpia,Montañoso,Media ladera Izquierda,Recta,Parcial con reducción de carriles,0,0,1,0,1.0,Choque,no determinada,2509_1_66,6.0,18.0
Antioquia,2017-11-23 21:38:00,70,720.0,2017-10-16 05:00:00,lunes,40,Normal,Seca y limpia,Montañoso,Media ladera Izquierda,Recta,Parcial con reducción de carriles,0,0,3,0,1.0,Atropello,no determinada,2509_1_70,17.0,7.0
Antioquia,2017-11-27 16:17:00,69,490.0,2017-10-31 05:00:00,martes,0,Lluvia,Humeda,Montañoso,Media ladera Izquierda,Recta,Parcial con reducción de carriles,0,0,1,0,1.0,Choque,no determinada,2509_1_69,21.0,3.0
Antioquia,2018-01-02 20:57:00,67,930.0,2017-11-04 05:00:00,sabado,30,Normal,Seca y limpia,Montañoso,Media ladera Izquierda,Recta,Parcial con reducción de carriles,0,0,1,0,1.0,Choque,no determinada,2509_1_67,12.0,12.0
Antioquia,2018-01-02 21:12:00,68,930.0,2017-11-04 05:00:00,sabado,40,Lluvia,Humeda,Montañoso,Media ladera Izquierda,Recta,Parcial con reducción de carriles,0,0,1,0,1.0,Choque,no determinada,2509_1_68,14.0,10.0
Antioquia,2018-01-02 21:56:00,70,820.0,2017-11-08 05:00:00,miercoles,30,Normal,Seca y limpia,Montañoso,Media ladera Izquierda,Recta,Parcial con reducción de carriles,0,0,2,0,1.0,Choque,no determinada,2509_1_70,8.0,16.0
Antioquia,2018-01-03 14:09:00,67,798.0,2017-11-12 05:00:00,domingo,10,Normal,Seca y limpia,Montañoso,Media ladera Izquierda,Recta,Parcial con reducción de carriles,0,0,2,0,1.0,Choque,no determinada,2509_1_67,23.0,1.0
Antioquia,2018-01-03 14:32:00,67,800.0,2017-11-14 05:00:00,martes,30,Lluvia,Humeda,Montañoso,Media ladera Izquierda,Recta,Transito normal con precaución,0,0,1,0,1.0,Choque,no determinada,2509_1_67,13.0,11.0