territorial,fecha_registro,pr,distancia_pr,fecha_acc,dia_semana_acc,min_acc,condic_meteor,estado_super,terreno,secc_tip,geometria_acc,tipo_cierre,horas_cierre,min_cierre,n_heridos,n_muertos,n_victimas,clase_accidente,causa_posible,ref_loc,hora_acc,duracion_cierre_horas
Antioquia,2018-01-03 16:10:00,68,900.0,2017-11-16 05:00:00,jueves,0,Normal,Humeda,Montañoso,Media ladera Izquierda,Recta,Transito normal con precaución,0,0,1,0,1.0,Volcamiento,no determinada,2509_1_68,6.0,18.0
Antioquia,2018-01-03 16:32:00,64,430.0,2017-11-21 05:00:00,martes,50,Normal,Seca y limpia,Montañoso,Media ladera Izquierda,Curva Derecha,Parcial con reducción de carriles,0,0,0,0,1.0,Choque,no determinada,2509_1_64,17.0,7.0
Antioquia,2018-01-03 16:38:00,70,910.0,2017-11-21 05:00:00,martes,50,Normal,Seca y limpia,Montañoso,Media ladera Izquierda,Recta,Parcial con reducción de carriles,0,0,1,0,1.0,Choque,no determinada,2509_1_70,21.0,3.0
Antioquia,2018-01-03 17:17:00,68,80.0,2017-11-24 05:00:00,viernes,45,Normal,Seca y limpia,Montañoso,Media ladera Izquierda,Recta,Parcial con reducción de carriles,0,0,1,0,1.0,Choque,no determinada,2509_1_68,16.0,8.0
Antioquia,2018-01-03 17:20:00,68,890.0,2017-11-24 05:00:00,viernes,0,Normal,Seca y limpia,Montañoso,Media ladera Izquierda,Recta,Transito normal con precaución,0,0,1,0,1.0,Volcamiento,no determinada,2509_1_68,20.0,4.0
Antioquia,2018-01-03 21:14:00,66,920.0,2017-11-27 05:00:00,lunes,0,Normal,Seca y limpia,Montañoso,Media ladera Izquierda,Recta,Transito normal con precaución,0,0,1,0,1.0,Caída ocupante,no determinada,2509_1_66,11.0,13.0
Antioquia,2018-01-03 21:19:00,66,830.0,2017-11-28 05:00:00,martes,10,Normal,Seca y limpia,Montañoso,Media ladera Izquierda,Recta,Transito normal con precaución,0,0,2,0,1.0,Choque,no determinada,2509_1_66,17.0,7.0
Antioquia,2018-01-03 21:28:00,69,150.0,2017-11-28 05:00:00,martes,0,Normal,Seca y limpia,Montañoso,Media ladera Izquierda,Recta,Parcial con reducción de carriles,0,0,3,0,1.0,Choque,no determinada,2509_1_69,15.0,9.0
Antioquia,2018-01-03 21:32:00,69,830.0,2017-11-30 05:00:00,jueves,50,Normal,Seca y limpia,Montañoso,Media ladera Izquierda,Recta,Parcial con reducción de carriles,0,0,1,0,1.0,Choque,no determinada,2509_1_69,9.0,15.0
Antioquia,2018-01-23 13:57:00,64,680.0,2017-12-01 05:00:00,viernes,20,Normal,Seca y limpia,Montañoso,Media ladera Izquierda,Recta,Parcial con reducción de carriles,0,0,1,0,1.0,Choque,no determinada,2509_1_64,16.0,8.0
Antioquia,2018-01-23 14:11:00,67,400.0,2017-12-02 05:00:00,sabado,40,Normal,Seca y limpia,Montañoso,Media ladera Izquierda,Recta,Parcial con reducción de carriles,0,0,1,0,1.0,Choque,no determinada,2509_1_67,11.0,13.0
Antioquia,2018-01-23 14:22:00,68,970.0,2017-12-04 05:00:00,lunes,45,Normal,Seca y limpia,Montañoso,Media ladera Izquierda,Recta,Cierre total,1,0,1,0,1.0,Choque,no determinada,2509_1_68,18.0,7.0
Antioquia,2018-01-23 14:27:00,70,870.0,2017-12-08 05:00:00,viernes,40,Normal,Seca y limpia,Montañoso,Media ladera Izquierda,Recta,Parcial con reducción de carriles,0,0,1,0,1.0,Caída ocupante,no determinada,2509_1_70,18.0,6.0
Antioquia,2018-01-23 14:42:00,66,832.0,2017-12-09 05:00:00,sabado,30,Lluvia,Humeda,Montañoso,Media ladera Izquierda,Recta,Parcial con reducción de carriles,0,0,1,0,1.0,Choque,no determinada,2509_1_66,6.0,18.0
Antioquia,2018-01-23 15:02:00,66,815.0,2017-12-10 05:00:00,domingo,40,Normal,Seca y limpia,Montañoso,Media ladera Izquierda,Recta,Parcial con reducción de carriles,0,0,3,0,1.0,Choque,no determinada,2509_1_66,18.0,6.0
Antioquia,2018-01-23 20:07:00,71,65.0,2017-12-16 05:00:00,sabado,30,Normal,Seca y limpia,Montañoso,Media ladera Izquierda,Recta,Transito normal con precaución,0,0,2,0,1.0,Choque,no determinada,2509_1_71,11.0,13.0
Antioquia,2018-01-23 20:10:00,67,80.0,2017-12-16 05:00:00,sabado,40,Normal,Seca y limpia,Montañoso,Media ladera Izquierda,Recta,Parcial con reducción de carriles,0,0,1,0,1.0,Choque,no determinada,2509_1_67,10.0,14.0
Antioquia,2018-01-23 20:53:00,67,812.0,2017-12-20 05:00:00,miercoles,15,Normal,Seca y limpia,Montañoso,Media ladera Izquierda,Recta,Transito normal con precaución,0,0,1,0,1.0,Choque,no determinada,2509_1_67,1.0,23.0
Antioquia,2018-01-23 21:07:00,64,435.0,2017-12-22 05:00:00,viernes,0,Normal,Seca y limpia,Montañoso,Media ladera Izquierda,Curva Derecha,Parcial con reducción de carriles,0,0,2,0,1.0,Atropello,no determinada,2509_1_64,13.0,11.0
Antioquia,2018-01-24 14:01:00,68,940.0,2017-12-23 05:00:00,sabado,0,Normal,Seca y limpia,Montañoso,Media ladera Izquierda,Recta,Transito normal con precaución,0,0,1,0,1.0,Choque,no determinada,2509_1_68,19.0,5.0
Antioquia,2018-01-24 14:19:00,67,440.0,2017-12-27 05:00:00,miercoles,50,Normal,Seca y limpia,Montañoso,Media ladera Izquierda,Recta,Transito normal con precaución,0,0,1,0,1.0,Choque,no determinada,2509_1_67,15.0,9.0
Antioquia,2018-01-24 14:22:00,67,850.0,2017-12-27 05:00:00,miercoles,45,Normal,Seca y limpia,Montañoso,Media ladera Izquierda,Recta,Cierre total,1,0,2,0,1.0,Choque,no determinada,2509_1_67,8.0,17.0
Antioquia,2018-01-24 14:32:00,64,430.0,2017-12-28 05:00:00,jueves,40,Normal,Seca y limpia,Montañoso,Media ladera Izquierda,Curva Derecha,Parcial con reducción de carriles,0,0,0,0,1.0,Choque,maniobras imprudentes,2509_1_64,15.0,9.0
Antioquia,2018-01-24 14:35:00,64,420.0,2017-12-29 05:00:00,viernes,0,Lluvia,Humeda,Montañoso,Media ladera Izquierda,Curva Derecha,Parcial con reducción de carriles,0,0,0,0,1.0,Choque,no determinada,2509_1_64,15.0,9.0
Antioquia,2018-01-24 14:47:00,71,60.0,2017-12-30 05:00:00,sabado,0,Normal,Humeda,Montañoso,Media ladera Izquierda,Recta,Transito normal con precaución,0,0,1,0,1.0,Caída ocupante,no determinada,2509_1_71,19.0,5.0
Antioquia,2018-02-20 16:10:00,66,480.0,2018-01-03 05:00:00,miercoles,20,Normal,Seca y limpia,Montañoso,Media ladera Izquierda,Recta,Transito normal con precaución,0,0,3,0,1.0,Choque,no determinada,2509_1_66,5.0,19.0
Antioquia,2018-02-20 16:43:00,69,980.0,2018-01-09 05:00:00,martes,30,Lluvia,Humeda,Montañoso,Media ladera Izquierda,Recta,Parcial con reducción de carriles,0,0,1,0,1.0,Choque,no determinada,2509_1_69,16.0,8.0
Antioquia,2018-02-20 16:50:00,64,740.0,2018-01-10 05:00:00,miercoles,10,Normal,Seca y limpia,Montañoso,Media ladera Izquierda,Recta,Transito normal con precaución,0,0,4,0,1.0,Atropello,no determinada,2509_1_64,7.0,17.0
Antioquia,2018-02-20 18:56:00,70,695.0,2018-01-18 05:00:00,jueves,30,Normal,Seca y limpia,Montañoso,Media ladera Izquierda,Recta,Parcial con reducción de carriles,0,0,1,0,1.0,Choque,no determinada,2509_1_70,5.0,19.0
Antioquia,2018-02-20 18:59:00,67,820.0,2018-01-21 05:00:00,domingo,15,Normal,Seca y limpia,Montañoso,Media ladera Izquierda,Recta,Parcial con reducción de carriles,0,0,1,0,1.0,Choque,no determinada,2509_1_67,17.0,7.0
Antioquia,2018-02-20 19:06:00,71,580.0,2018-01-23 05:00:00,martes,10,Normal,Material suelto,Montañoso,Media ladera Izquierda,Curva Derecha,Parcial con reducción de carriles,0,0,1,0,1.0,Choque,no determinada,2509_1_71,14.0,10.0
Antioquia,2018-02-20 19:14:00,64,450.0,2018-01-23 05:00:00,martes,30,Normal,Seca y limpia,Montañoso,Media ladera Izquierda,Curva Derecha,Parcial con reducción de carriles,0,0,0,0,1.0,Choque,no determinada,2509_1_64,14.0,10.0
Antioquia,2018-02-20 19:21:00,64,750.0,2018-01-24 05:00:00,miercoles,30,Normal,Seca y limpia,Montañoso,Media ladera Izquierda,Recta,Parcial con reducción de carriles,0,0,1,0,1.0,Choque,no determinada,2509_1_64,5.0,19.0
Antioquia,2018-02-20 19:24:00,68,50.0,2018-01-27 05:00:00,sabado,40,Normal,Seca y limpia,Montañoso,Media ladera Izquierda,Recta,Parcial con reducción de carriles,0,0,1,0,1.0,Choque,no determinada,2509_1_68,16.0,8.0
Antioquia,2018-02-20 19:32:00,64,440.0,2018-01-30 05:00:00,martes,20,Normal,Seca y limpia,Montañoso,Media ladera Izquierda,Recta,Parcial con reducción de carriles,0,0,0,0,1.0,Choque,no determinada,2509_1_64,6.0,18.0
Antioquia,2018-02-20 19:41:00,69,280.0,2018-01-30 05:00:00,martes,20,Normal,Seca y limpia,Montañoso,Media ladera Izquierda,Recta,Parcial con reducción de carriles,0,0,2,0,1.0,Choque,no determinada,2509_1_69,5.0,19.0
Antioquia,2018-02-20 19:44:00,67,900.0,2018-01-31 05:00:00,miercoles,10,Normal,Seca y limpia,Montañoso,Media ladera Izquierda,Recta,Parcial con reducción de carriles,0,0,2,0,1.0,Choque,no determinada,2509_1_67,7.0,17.0
Antioquia,2018-03-14 21:31:00,66,360.0,2018-02-17 05:00:00,sabado,0,Normal,Seca y limpia,Montañoso,Media ladera Izquierda,Recta,Parcial con reducción de carriles,0,0,1,0,1.0,Choque,no determinada,2509_1_66,10.0,14.0
Antioquia,2018-03-14 20:45:00,64,740.0,2018-02-04 05:00:00,domingo,0,Normal,Seca y limpia,Montañoso,Media ladera Izquierda,Recta,Parcial con reducción de carriles,0,0,3,0,1.0,Choque,no determinada,2509_1_64,6.0,18.0
Antioquia,2018-03-14 20:47:00,71,500.0,2018-02-07 05:00:00,miercoles,15,Normal,Seca y limpia,Montañoso,Media ladera Izquierda,Recta,Parcial con reducción de carriles,0,0,1,0,1.0,Choque,no determinada,2509_1_71,16.0,8.0
Antioquia,2018-03-14 20:56:00,69,230.0,2018-02-07 05:00:00,miercoles,30,Normal,Seca y limpia,Montañoso,Media ladera Izquierda,Recta,Parcial con reducción de carriles,0,0,1,0,1.0,Choque,no determinada,2509_1_69,10.0,14.0
Antioquia,2018-03-14 21:07:00,70,520.0,2018-02-12 05:00:00,lunes,40,Normal,Humeda,Montañoso,Media ladera Izquierda,Recta,Parcial con reducción de carriles,0,0,1,0,1.0,Choque,no determinada,2509_1_70,14.0,10.0
Antioquia,2018-03-14 21:13:00,68,310.0,2018-02-13 05:00:00,martes,10,Normal,Seca y limpia,Montañoso,Media ladera Izquierda,Recta,Parcial con reducción de carriles,0,0,1,0,1.0,Choque,no determinada,2509_1_68,8.0,16.0
Antioquia,2018-03-14 21:14:00,64,741.0,2018-02-15 05:00:00,jueves,15,Normal,Seca y limpia,Montañoso,Media ladera Izquierda,Recta,Transito normal con precaución,0,0,0,0,1.0,Choque,no determinada,2509_1_64,20.0,4.0
Antioquia,2018-03-14 21:17:00,67,450.0,2018-02-15 05:00:00,jueves,50,Normal,Seca y limpia,Montañoso,Media ladera Izquierda,Recta,Parcial con reducción de carriles,0,0,1,0,1.0,Choque,no determinada,2509_1_67,4.0,20.0
Antioquia,2018-03-14 21:36:00,67,150.0,2018-02-19 05:00:00,lunes,20,Normal,Seca y limpia,Montañoso,Media ladera Izquierda,Recta,Parcial con reducción de carriles,0,0,2,0,1.0,Choque,no determinada,2509_1_67,11.0,13.0
Antioquia,2018-03-14 21:37:00,67,800.0,2018-02-19 05:00:00,lunes,50,Normal,Seca y limpia,Montañoso,Media ladera Izquierda,Recta,Parcial con reducción de carriles,0,0,1,0,1.0,Choque,no determinada,2509_1_67,11.0,13.0
Antioquia,2018-03-14 21:44:00,69,420.0,2018-02-21 05:00:00,miercoles,20,Normal,Seca y limpia,Montañoso,Media ladera Izquierda,Recta,Parcial con reducción de carriles,0,0,2,0,1.0,Choque,no determinada,2509_1_69,15.0,9.0
Antioquia,2018-03-14 21:46:00,66,380.0,2018-02-22 05:00:00,jueves,20,Normal,Seca y limpia,Montañoso,Media ladera Izquierda,Recta,Parcial con reducción de carriles,0,0,1,0,1.0,Choque,no determinada,2509_1_66,19.0,5.0
Antioquia,2018-03-14 21:56:00,69,210.0,2018-02-26 05:00:00,lunes,50,Normal,Seca y limpia,Montañoso,Media ladera Izquierda,Recta,Parcial con reducción de carriles,0,0,1,0,1.0,Caída ocupante,no determinada,2509_1_69,7.0,17.0
Antioquia,2018-04-19 21:23:00,70,410.0,2018-03-14 05:00:00,miercoles,40,Normal,Seca y limpia,Montañoso,Media ladera Izquierda,Recta,Parcial con reducción de carriles,0,0,1,0,1.0,Caída ocupante,no determinada,2509_1_70,7.0,17.0
Antioquia,2018-04-19 21:26:00,71,80.0,2018-03-14 05:00:00,miercoles,15,Normal,Seca y limpia,Montañoso,Media ladera Izquierda,Recta,Parcial con reducción de carriles,0,0,1,0,1.0,Choque,no determinada,2509_1_71,7.0,17.0
Antioquia,2018-04-19 21:12:00,65,850.0,2018-03-11 05:00:00,domingo,20,Normal,Seca y limpia,Montañoso,Media ladera Izquierda,Recta,Transito normal con precaución,0,0,3,0,1.0,Choque,no determinada,2509_1_65,21.0,3.0
Antioquia,2018-04-20 14:01:00,67,920.0,2018-03-16 05:00:00,viernes,30,Normal,Seca y limpia,Montañoso,Media ladera Izquierda,Recta,Parcial con reducción de carriles,0,0,1,0,1.0,Choque,no determinada,2509_1_67,17.0,7.0
Antioquia,2018-04-20 14:06:00,67,470.0,2018-03-17 05:00:00,sabado,0,Normal,Seca y limpia,Montañoso,Media ladera Izquierda,Recta,Transito normal con precaución,0,0,1,0,1.0,Choque,no determinada,2509_1_67,14.0,10.0
Antioquia,2018-04-20 14:10:00,68,140.0,2018-03-17 05:00:00,sabado,0,Normal,Seca y limpia,Montañoso,Media ladera Izquierda,Recta,Parcial con reducción de carriles,0,0,1,0,1.0,Choque,no determinada,2509_1_68,9.0,15.0
Antioquia,2018-04-20 14:15:00,69,270.0,2018-03-17 05:00:00,sabado,5,Normal,Seca y limpia,Montañoso,Media ladera Izquierda,Recta,Parcial con reducción de carriles,0,0,1,0,1.0,Choque,no determinada,2509_1_69,8.0,16.0
Antioquia,2017-05-18 20:17:00,55,300.0,2016-12-31 05:00:00,sabado,0,Normal,Seca y limpia,Plano,Terraplen,Recta,Transito normal con precaución,0,0,2,0,1.0,Choque,maniobras imprudentes,2510_1_55,18.0,6.0
Antioquia,2017-05-18 20:23:00,67,100.0,2016-12-19 05:00:00,lunes,20,Normal,Seca y limpia,Ondulado,Media ladera Izquierda,Recta,Transito normal con precaución,0,0,0,0,1.0,Choque,no mantener distancia de seguridad,2510_1_67,16.0,8.0
Antioquia,2017-05-18 20:58:00,81,200.0,2016-12-25 05:00:00,domingo,20,Normal,Seca y limpia,Plano,Terraplen,Recta,Transito normal con precaución,6,0,1,0,1.0,Atropello,no determinada,2510_1_81,22.0,8.0
Antioquia,2017-05-18 21:09:00,66,800.0,2016-12-16 05:00:00,viernes,20,Normal,Seca y limpia,Ondulado,Media ladera Izquierda,Recta,Transito normal con precaución,14,30,0,1,1.0,Choque,adelantamientos indebidos,2510_1_66,15.0,23.0
Antioquia,2017-05-25 16:22:00,55,800.0,2017-01-01 05:00:00,domingo,10,Normal,Seca y limpia,Ondulado,Media ladera Izquierda,Recta,Parcial con reducción de carriles,16,35,2,0,1.0,Choque,maniobras imprudentes,2510_1_55,13.0,3.0
Antioquia,2017-05-25 16:30:00,60,400.0,2017-01-10 05:00:00,martes,30,Normal,Humeda,Plano,Terraplen,Recta,Parcial con reducción de carriles,20,30,0,0,1.0,Volcamiento,no determinada,2510_1_60,16.0,4.0
Antioquia,2017-05-25 16:34:00,67,600.0,2017-01-08 05:00:00,domingo,20,Normal,Seca y limpia,Plano,Terraplen,Recta,Parcial con reducción de carriles,5,0,2,0,1.0,Choque,exceso en horas de conduccion,2510_1_67,19.0,10.0
Antioquia,2017-05-25 16:38:00,66,500.0,2017-01-26 05:00:00,jueves,45,Normal,Seca y limpia,Ondulado,Media Ladera Derecha,Recta,Parcial con reducción de carriles,9,10,0,0,1.0,Choque,adelantamientos indebidos,2510_1_66,7.0,2.0
Cauca,2017-10-05 14:12:00,102,200.0,2017-08-05 05:00:00,sabado,10,Normal,Seca y limpia,Montañoso,Cajón,Curva Izquierda,Transito normal con precaución,0,0,1,0,1.0,Volcamiento,exceso de velocidad,2503_0_102,6.0,18.0
Cauca,2017-10-05 14:16:00,116,350.0,2017-08-05 05:00:00,sabado,0,Sol,Seca y limpia,Montañoso,Cajón,Recta,Transito normal con precaución,0,0,1,0,1.0,Salida de la vía sin volcarse,adelantamientos indebidos,2503_0_116,9.0,15.0
Cauca,2017-10-05 14:30:00,44,20.0,2017-08-09 05:00:00,miercoles,0,Sol,Seca y limpia,Ondulado,Media ladera Izquierda,Curva Derecha,Transito normal con precaución,0,0,0,0,1.0,Salida de la vía sin volcarse,imprudencia del conductor,2503_0_44,10.0,14.0
Cauca,2017-10-05 14:34:00,21,250.0,2017-08-10 05:00:00,jueves,0,Sol,Seca y limpia,Plano,Terraplen,Recta,Transito normal con precaución,0,0,1,0,1.0,Choque,defectos fisicos y psiquicos,2503_0_21,7.0,17.0
Cauca,2017-10-05 14:37:00,64,500.0,2017-08-15 05:00:00,martes,50,Sol,Seca y limpia,Montañoso,Media ladera Izquierda,Curva Izquierda,Transito normal con precaución,0,0,0,0,1.0,Salida de la vía sin volcarse,condiciones de la via y factores ambientales,2503_0_64,9.0,15.0
Cauca,2017-10-05 14:39:00,62,900.0,2017-08-16 05:00:00,miercoles,50,Sol,Seca y limpia,Montañoso,Cajón,Curva Izquierda,Transito normal con precaución,0,0,1,0,1.0,Volcamiento,no determinada,2503_0_62,8.0,16.0
Cauca,2017-10-05 14:42:00,37,500.0,2017-08-17 05:00:00,jueves,0,Sol,Seca y limpia,Montañoso,Media ladera Izquierda,Curva Izquierda,Transito normal con precaución,0,0,0,0,1.0,Volcamiento,exceso de velocidad,2503_0_37,0.0,0.0
Cauca,2017-10-05 14:45:00,58,970.0,2017-08-17 05:00:00,jueves,0,Sol,Seca y limpia,Montañoso,Media ladera Izquierda,Curva Derecha,Transito normal con precaución,0,0,0,0,1.0,Choque,fallas mecanicas y del sistema electrico,2503_0_58,9.0,15.0
Cauca,2017-10-05 14:47:00,116,500.0,2017-08-31 05:00:00,jueves,0,Normal,Seca y limpia,Montañoso,Media Ladera Derecha,Curva Derecha,Transito normal con precaución,0,0,0,1,1.0,Choque,adelantamientos indebidos,2503_0_116,3.0,21.0
Cauca,2017-10-05 14:54:00,120,400.0,2017-09-27 05:00:00,miercoles,30,Lluvia,Humeda,Montañoso,Media ladera Izquierda,Curva Izquierda,Transito normal con precaución,0,0,1,0,1.0,Choque,estacionamiento y senalizacion imprudente,2503_0_120,15.0,9.0
Cauca,2017-10-05 15:02:00,102,970.0,2017-07-02 05:00:00,domingo,0,Sol,Seca y limpia,Montañoso,Media ladera Izquierda,Curva Izquierda,Transito normal con precaución,0,0,0,0,1.0,Volcamiento,exceso de velocidad,2503_0_102,15.0,9.0
Cauca,2017-10-05 15:04:00,115,600.0,2017-07-07 05:00:00,viernes,0,Sol,Seca y limpia,Ondulado,Cajón,Curva Izquierda,Transito normal con precaución,0,0,0,0,1.0,Volcamiento,imprudencia del conductor,2503_0_115,6.0,18.0
Cauca,2017-10-05 15:07:00,44,100.0,2017-07-12 05:00:00,miercoles,20,Sol,Seca y limpia,Ondulado,Media ladera Izquierda,Curva Derecha,Transito normal con precaución,0,0,1,0,1.0,Volcamiento,maniobras imprudentes,2503_0_44,15.0,9.0
Cauca,2017-10-05 15:10:00,0,250.0,2017-07-19 05:00:00,miercoles,30,Seca,Seca y limpia,Plano,Terraplen,Recta,Transito normal con precaución,0,0,0,1,1.0,Atropello,imprudencia del conductor,2503_0_0,6.0,18.0
Cauca,2017-10-05 15:12:00,64,100.0,2017-07-21 05:00:00,viernes,10,Sol,Seca y limpia,Montañoso,Media ladera Izquierda,Curva Derecha,Transito normal con precaución,0,0,0,0,1.0,Salida de la vía sin volcarse,maniobras imprudentes,2503_0_64,10.0,14.0
Cauca,2017-11-27 21:31:00,43,700.0,2017-10-06 05:00:00,viernes,30,Sol,Seca y limpia,Ondulado,Media ladera Izquierda,Curva Izquierda,Transito normal con precaución,0,0,2,0,1.0,Choque,fallas mecanicas y del sistema electrico,2503_0_43,8.0,16.0
Cauca,2017-11-27 21:34:00,76,200.0,2017-10-12 05:00:00,jueves,10,Sol,Seca y limpia,Montañoso,Media ladera Izquierda,Curva Izquierda,Transito normal con precaución,0,0,1,0,1.0,Atropello,imprudencia del conductor,2503_0_76,13.0,11.0
Cauca,2017-11-27 21:40:00,78,970.0,2017-10-24 05:00:00,martes,10,Sol,Seca y limpia,Montañoso,Media ladera Izquierda,Curva Izquierda,Transito normal con precaución,0,0,1,0,1.0,Atropello,no determinada,2503_0_78,14.0,10.0
Cauca,2017-11-27 21:42:00,8,670.0,2017-10-26 05:00:00,jueves,30,Sol,Seca y limpia,Ondulado,Cajón,Recta,Transito normal con precaución,0,0,0,0,1.0,Volcamiento,no determinada,2503_0_8,12.0,12.0
Cauca,2017-12-05 20:28:00,62,300.0,2017-11-01 05:00:00,miercoles,30,Sol,Seca y limpia,Montañoso,Media ladera Izquierda,Curva Derecha,Transito normal con precaución,0,0,0,0,1.0,Volcamiento,exceso de velocidad,2503_0_62,19.0,5.0
Cauca,2017-12-05 20:38:00,100,100.0,2017-11-20 05:00:00,lunes,10,Lluvia,Humeda,Montañoso,Media Ladera Derecha,Curva Derecha,Transito normal con precaución,0,0,1,1,1.0,Atropello,maniobras imprudentes,2503_0_100,18.0,6.0
Cauca,2017-12-05 20:41:00,56,980.0,2017-11-28 05:00:00,martes,30,Lluvia,Humeda,Montañoso,Media ladera Izquierda,Curva Izquierda,Transito normal con precaución,0,0,0,0,1.0,Salida de la vía sin volcarse,defectos fisicos y psiquicos,2503_0_56,16.0,8.0
Cauca,2017-12-05 20:49:00,94,700.0,2017-11-30 05:00:00,jueves,0,Sol,Seca y limpia,Montañoso,Media ladera Izquierda,Curva Derecha,Transito normal con precaución,0,0,0,0,1.0,Salida de la vía sin volcarse,fallas mecanicas y del sistema electrico,2503_0_94,22.0,2.0
Cauca,2017-12-26 14:16:00,72,500.0,2016-12-01 05:00:00,jueves,0,Lluvia,Humeda,Montañoso,Media ladera Izquierda,Curva Izquierda,Transito normal con precaución,0,0,2,0,1.0,Choque,no determinada,2503_0_72,18.0,6.0
Cauca,2017-12-26 14:21:00,59,100.0,2016-12-02 05:00:00,viernes,55,Normal,Seca y limpia,Montañoso,Media ladera Izquierda,Curva Izquierda,Transito normal con precaución,0,0,0,1,1.0,Choque,maniobras imprudentes,2503_0_59,15.0,9.0
Cauca,2017-12-26 14:25:00,3,850.0,2016-12-03 05:00:00,sabado,30,Normal,Humeda,Plano,Media Ladera Derecha,Recta,Transito normal con precaución,0,0,0,0,1.0,Choque,desobediencia a normas y senales,2503_0_3,0.0,0.0
Cauca,2017-12-26 14:35:00,54,900.0,2017-12-13 05:00:00,miercoles,10,Sol,Seca y limpia,Montañoso,Media ladera Izquierda,Recta,Transito normal con precaución,0,0,2,0,1.0,Volcamiento,fallas mecanicas y del sistema electrico,2503_0_54,15.0,9.0
Cauca,2017-12-26 14:49:00,107,750.0,2016-12-15 05:00:00,jueves,15,Normal,Seca y limpia,Montañoso,Media ladera Izquierda,Recta,Transito normal con precaución,0,0,0,0,1.0,Choque,no mantener distancia de seguridad,2503_0_107,4.0,20.0
Cauca,2017-12-26 14:53:00,98,400.0,2016-12-17 05:00:00,sabado,0,Normal,Seca y limpia,Montañoso,Media Ladera Derecha,Curva Derecha,Transito normal con precaución,0,0,1,0,1.0,Choque,adelantamientos indebidos,2503_0_98,15.0,9.0
Cauca,2017-12-26 15:05:00,116,300.0,2016-12-17 05:00:00,sabado,50,Normal,Seca y limpia,Montañoso,Media Ladera Derecha,Curva Derecha,Transito normal con precaución,0,0,0,0,1.0,Choque,embriaguez o sustancias alucinogenas,2503_0_116,6.0,18.0
Cauca,2017-12-27 14:23:00,21,450.0,2017-01-01 05:00:00,domingo,10,Normal,Seca y limpia,Plano,Terraplen,Curva Derecha,Transito normal con precaución,0,0,2,1,1.0,Choque,maniobras imprudentes,2503_0_21,7.0,17.0
Cauca,2017-12-27 16:11:00,37,600.0,2017-01-04 05:00:00,miercoles,0,Normal,Seca y limpia,Montañoso,Media ladera Izquierda,Curva Izquierda,Transito normal con precaución,0,0,0,0,1.0,Choque,adelantamientos indebidos,2503_0_37,5.0,19.0
Cauca,2017-12-27 16:15:00,91,500.0,2017-01-05 05:00:00,jueves,30,Normal,Seca y limpia,Montañoso,Media Ladera Derecha,Recta,Transito normal con precaución,0,0,1,0,1.0,Choque,no mantener distancia de seguridad,2503_0_91,10.0,14.0
Cauca,2017-12-27 16:20:00,92,300.0,2017-01-06 05:00:00,viernes,40,Lluvia,Humeda,Montañoso,Media Ladera Derecha,Curva Derecha,Transito normal con precaución,0,0,0,0,1.0,Choque,imprudencia del conductor,2503_0_92,18.0,6.0
Cauca,2017-12-27 16:23:00,101,0.0,2017-01-07 05:00:00,sabado,30,Normal,Seca y limpia,Montañoso,Cajón,Curva Derecha,Transito normal con precaución,0,0,0,0,1.0,Choque,maniobras imprudentes,2503_0_101,18.0,6.0
Cauca,2017-12-27 16:28:00,90,300.0,2017-01-09 05:00:00,lunes,0,Normal,Seca y limpia,Montañoso,Media Ladera Derecha,Curva Izquierda,Transito normal con precaución,0,0,2,0,1.0,Choque,no determinada,2503_0_90,10.0,14.0
Cauca,2017-12-27 16:29:00,115,500.0,2017-01-09 05:00:00,lunes,0,Normal,Seca y limpia,Montañoso,Cajón,Curva Izquierda,Transito normal con precaución,0,0,0,0,1.0,Choque,no mantener distancia de seguridad,2503_0_115,13.0,11.0
Cauca,2017-12-27 16:32:00,119,800.0,2017-01-09 05:00:00,lunes,0,Normal,Humeda,Plano,Media ladera Izquierda,Recta,Transito normal con precaución,0,0,1,0,1.0,Choque,maniobras imprudentes,2503_0_119,14.0,10.0
Cauca,2017-12-27 16:34:00,37,950.0,2017-01-11 05:00:00,miercoles,0,Normal,Seca y limpia,Montañoso,Media ladera Izquierda,Curva Izquierda,Transito normal con precaución,0,0,1,0,1.0,Choque,maniobras imprudentes,2503_0_37,21.0,3.0
Cauca,2017-12-27 16:38:00,92,200.0,2017-01-13 05:00:00,viernes,0,Normal,Seca y limpia,Montañoso,Media Ladera Derecha,Curva Derecha,Transito normal con precaución,0,0,0,0,1.0,Choque,maniobras imprudentes,2503_0_92,6.0,18.0
Cauca,2017-12-27 16:42:00,118,200.0,2017-01-15 05:00:00,domingo,15,Normal,Seca y limpia,Montañoso,Cajón,Curva Derecha,Transito normal con precaución,0,0,0,0,1.0,Choque,imprudencia del conductor,2503_0_118,11.0,13.0
Cauca,2017-12-27 16:44:00,54,500.0,2017-01-16 05:00:00,lunes,30,Sol,Seca y limpia,Montañoso,Media Ladera Derecha,Curva Derecha,Transito normal con precaución,0,0,1,0,1.0,Choque,exceso de velocidad,2503_0_54,19.0,5.0
Cauca,2017-12-27 16:46:00,110,0.0,2017-01-17 05:00:00,martes,40,Normal,Seca y limpia,Montañoso,Terraplen,Recta,Transito normal con precaución,0,0,0,0,1.0,Choque,maniobras imprudentes,2503_0_110,10.0,14.0