territorial,fecha_registro,pr,distancia_pr,fecha_acc,dia_semana_acc,min_acc,condic_meteor,estado_super,terreno,secc_tip,geometria_acc,tipo_cierre,horas_cierre,min_cierre,n_heridos,n_muertos,n_victimas,clase_accidente,causa_posible,ref_loc,hora_acc,duracion_cierre_horas
Cauca,2017-12-27 16:48:00,117,450.0,2017-01-21 05:00:00,sabado,5,Normal,Seca y limpia,Montañoso,Media Ladera Derecha,Curva Izquierda,Transito normal con precaución,0,0,0,0,1.0,Choque,no mantener distancia de seguridad,2503_0_117,19.0,5.0
Cauca,2017-12-27 16:50:00,111,640.0,2017-01-25 05:00:00,miercoles,40,Sol,Seca y limpia,Montañoso,Media ladera Izquierda,Recta,Transito normal con precaución,0,0,0,1,1.0,Atropello,fallas mecanicas y del sistema electrico,2503_0_111,23.0,1.0
Cauca,2018-02-02 19:29:00,100,100.0,2017-12-04 05:00:00,lunes,30,Normal,Seca y limpia,Montañoso,Media Ladera Derecha,Curva Izquierda,Transito normal con precaución,0,0,6,0,1.0,Choque,no determinada,2503_0_100,12.0,12.0
Cauca,2017-12-27 16:56:00,92,105.0,2017-01-27 05:00:00,viernes,10,Sol,Seca y limpia,Montañoso,Media Ladera Derecha,Curva Izquierda,Transito normal con precaución,0,0,0,1,1.0,Atropello,condiciones de la via y factores ambientales,2503_0_92,12.0,12.0
Cauca,2017-12-27 16:58:00,31,650.0,2017-01-29 05:00:00,domingo,30,Normal,Seca y limpia,Plano,Media Ladera Derecha,Curva Derecha,Transito normal con precaución,0,0,0,1,1.0,Choque,imprudencia del conductor,2503_0_31,14.0,10.0
Cauca,2017-12-27 16:59:00,115,70.0,2017-01-29 05:00:00,domingo,15,Normal,Seca y limpia,Montañoso,Cajón,Recta,Transito normal con precaución,0,0,0,0,1.0,Choque,maniobras imprudentes,2503_0_115,10.0,14.0
Cauca,2017-12-27 20:01:00,108,400.0,2017-02-03 05:00:00,viernes,40,Sol,Seca y limpia,Ondulado,Terraplen,Recta,Transito normal con precaución,0,0,1,0,1.0,Atropello,imprudencia del conductor,2503_0_108,13.0,11.0
Cauca,2017-12-27 20:07:00,109,960.0,2017-02-16 05:00:00,jueves,20,Sol,Seca y limpia,Ondulado,Terraplen,Recta,Transito normal con precaución,0,0,1,0,1.0,Choque,imprudencia del conductor,2503_0_109,16.0,8.0
Cauca,2017-12-27 20:12:00,113,850.0,2017-02-19 05:00:00,domingo,20,Normal,Seca y limpia,Montañoso,Cajón,Recta,Transito normal con precaución,0,0,0,2,1.0,Choque,maniobras imprudentes,2503_0_113,8.0,16.0
Cauca,2017-12-27 20:17:00,77,700.0,2017-02-27 05:00:00,lunes,45,Sol,Seca y limpia,Montañoso,Media ladera Izquierda,Curva Izquierda,Transito normal con precaución,0,0,0,1,1.0,Choque,imprudencia del conductor,2503_0_77,5.0,19.0
Cauca,2017-12-27 20:20:00,30,0.0,2017-03-01 05:00:00,miercoles,20,Normal,Seca y limpia,Plano,Media Ladera Derecha,Curva Derecha,Transito normal con precaución,0,0,0,1,1.0,Volcamiento,exceso de velocidad,2503_0_30,2.0,22.0
Cauca,2017-12-27 20:22:00,112,950.0,2017-03-02 05:00:00,jueves,0,Normal,Seca y limpia,Montañoso,Cajón,Curva Derecha,Transito normal con precaución,0,0,1,0,1.0,Choque,desobediencia a normas y senales,2503_0_112,2.0,22.0
Cauca,2017-12-27 20:25:00,33,200.0,2017-03-04 05:00:00,sabado,30,Normal,Seca y limpia,Montañoso,Media Ladera Derecha,Curva Derecha,Transito normal con precaución,0,0,10,0,1.0,Choque,imprudencia del conductor,2503_0_33,8.0,16.0
Cauca,2017-12-27 20:27:00,15,600.0,2017-03-04 05:00:00,sabado,0,Normal,Seca y limpia,Plano,Terraplen,Recta,Transito normal con precaución,0,0,1,0,1.0,Choque,condiciones de la via y factores ambientales,2503_0_15,5.0,19.0
Cauca,2017-12-27 20:29:00,113,500.0,2017-03-04 05:00:00,sabado,15,Normal,Seca y limpia,Montañoso,Terraplen,Recta,Transito normal con precaución,0,0,0,0,1.0,Choque,no mantener distancia de seguridad,2503_0_113,18.0,6.0
Cauca,2017-12-27 20:35:00,46,500.0,2017-03-07 05:00:00,martes,0,Normal,Seca y limpia,Plano,Media ladera Izquierda,Curva Derecha,Transito normal con precaución,0,0,0,0,1.0,Choque,adelantamientos indebidos,2503_0_46,14.0,10.0
Cauca,2017-12-27 20:48:00,115,400.0,2017-03-15 05:00:00,miercoles,10,Normal,Seca y limpia,Montañoso,Cajón,Recta,Transito normal con precaución,0,0,1,0,1.0,Choque,maniobras imprudentes,2503_0_115,5.0,19.0
Cauca,2017-12-27 20:51:00,93,0.0,2017-03-20 05:00:00,lunes,45,Normal,Seca y limpia,Montañoso,Media Ladera Derecha,Recta,Transito normal con precaución,0,0,0,0,1.0,Choque,adelantamientos indebidos,2503_0_93,1.0,23.0
Cauca,2017-12-27 20:53:00,97,700.0,2017-03-21 05:00:00,martes,50,Normal,Seca y limpia,Montañoso,Media Ladera Derecha,Curva Izquierda,Transito normal con precaución,0,0,1,0,1.0,Choque,no mantener distancia de seguridad,2503_0_97,16.0,8.0
Cauca,2017-12-27 20:55:00,37,920.0,2017-03-24 05:00:00,viernes,20,Normal,Seca y limpia,Montañoso,Media ladera Izquierda,Curva Derecha,Transito normal con precaución,0,0,2,0,1.0,Choque,imprudencia del conductor,2503_0_37,10.0,14.0
Cauca,2017-12-27 20:58:00,112,400.0,2017-03-30 05:00:00,jueves,40,Lluvia,Humeda,Montañoso,Terraplen,Curva Derecha,Transito normal con precaución,0,0,0,0,1.0,Choque,desobediencia a normas y senales,2503_0_112,10.0,14.0
Cauca,2017-12-28 13:55:00,119,0.0,2017-04-01 05:00:00,sabado,0,Normal,Humeda,Montañoso,Media Ladera Derecha,Recta,Transito normal con precaución,0,0,0,0,1.0,Choque,imprudencia del conductor,2503_0_119,20.0,4.0
Cauca,2017-12-28 13:57:00,114,356.0,2017-04-05 05:00:00,miercoles,15,Normal,Seca y limpia,Montañoso,Cajón,Recta,Transito normal con precaución,0,0,0,0,1.0,Choque,adelantamientos indebidos,2503_0_114,18.0,6.0
Cauca,2017-12-28 14:00:00,104,200.0,2017-04-11 05:00:00,martes,10,Normal,Seca y limpia,Montañoso,Media Ladera Derecha,Curva Izquierda,Transito normal con precaución,0,0,0,0,1.0,Choque,no mantener distancia de seguridad,2503_0_104,0.0,0.0
Cauca,2017-12-28 14:02:00,119,750.0,2017-04-14 05:00:00,viernes,15,Normal,Seca y limpia,Montañoso,Media Ladera Derecha,Curva Derecha,Transito normal con precaución,0,0,1,0,1.0,Choque,imprudencia del conductor,2503_0_119,10.0,14.0
Cauca,2017-12-28 14:06:00,14,200.0,2017-04-18 05:00:00,martes,10,Normal,Seca y limpia,Plano,Terraplen,Recta,Transito normal con precaución,0,0,2,0,1.0,Choque,conducta de pasajeros,2503_0_14,7.0,17.0
Cauca,2017-12-28 14:12:00,14,0.0,2017-05-04 05:00:00,jueves,30,Sol,Seca y limpia,Plano,Terraplen,Recta,Transito normal con precaución,0,0,2,0,1.0,Choque,no mantener distancia de seguridad,2503_0_14,12.0,12.0
Cauca,2017-12-28 14:16:00,93,0.0,2017-05-17 05:00:00,miercoles,30,Normal,Seca y limpia,Montañoso,Media ladera Izquierda,Curva Izquierda,Transito normal con precaución,0,0,0,0,1.0,Choque,imprudencia del conductor,2503_0_93,0.0,0.0
Cauca,2017-12-28 14:18:00,94,800.0,2017-05-17 05:00:00,miercoles,10,Sol,Seca y limpia,Montañoso,Media Ladera Derecha,Curva Derecha,Transito normal con precaución,0,0,0,0,1.0,Choque,imprudencia del conductor,2503_0_94,14.0,10.0
Cauca,2017-12-28 14:20:00,100,380.0,2017-05-18 05:00:00,jueves,0,Sol,Seca y limpia,Montañoso,Media Ladera Derecha,Curva Izquierda,Transito normal con precaución,0,0,4,0,1.0,Volcamiento,exceso de velocidad,2503_0_100,12.0,12.0
Cauca,2017-12-28 14:21:00,73,400.0,2017-05-21 05:00:00,domingo,10,Normal,Seca y limpia,Montañoso,Media ladera Izquierda,Recta,Transito normal con precaución,0,0,1,0,1.0,Atropello,no determinada,2503_0_73,20.0,4.0
Cauca,2017-12-28 14:23:00,7,500.0,2017-05-26 05:00:00,viernes,0,Viento,Seca y limpia,Plano,Media ladera Izquierda,Recta,Transito normal con precaución,0,0,1,0,1.0,Choque,fallas mecanicas y del sistema electrico,2503_0_7,10.0,14.0
Cauca,2017-12-28 14:25:00,95,800.0,2017-05-31 05:00:00,miercoles,30,Normal,Seca y limpia,Montañoso,Media ladera Izquierda,Curva Izquierda,Transito normal con precaución,0,0,0,0,1.0,Choque,maniobras imprudentes,2503_0_95,5.0,19.0
Cauca,2017-12-26 15:07:00,111,0.0,2016-12-17 05:00:00,sabado,0,Normal,Seca y limpia,Montañoso,Media Ladera Derecha,Curva Derecha,Transito normal con precaución,0,0,0,0,1.0,Choque,no mantener distancia de seguridad,2503_0_111,6.0,18.0
Cauca,2017-12-26 15:20:00,110,100.0,2016-12-21 05:00:00,miercoles,0,Normal,Seca y limpia,Montañoso,Cajón,Recta,Transito normal con precaución,0,0,0,0,1.0,Choque,no mantener distancia de seguridad,2503_0_110,1.0,23.0
Cauca,2017-12-26 15:23:00,113,50.0,2016-12-25 05:00:00,domingo,10,Normal,Seca y limpia,Montañoso,Terraplen,Recta,Transito normal con precaución,0,0,1,0,1.0,Choque,no mantener distancia de seguridad,2503_0_113,6.0,18.0
Cauca,2017-12-26 15:44:00,103,200.0,2016-12-29 05:00:00,jueves,20,Normal,Seca y limpia,Montañoso,Media ladera Izquierda,Curva Derecha,Transito normal con precaución,0,0,0,0,1.0,Choque,adelantamientos indebidos,2503_0_103,17.0,7.0
Cauca,2017-12-26 15:47:00,113,300.0,2016-12-30 05:00:00,viernes,15,Normal,Seca y limpia,Montañoso,Cajón,Recta,Transito normal con precaución,0,0,0,0,1.0,Choque,no determinada,2503_0_113,12.0,12.0
Cauca,2017-12-26 15:49:00,54,500.0,2016-12-30 05:00:00,viernes,0,Sol,Seca y limpia,Montañoso,Media Ladera Derecha,Curva Derecha,Transito normal con precaución,0,0,7,6,1.0,Volcamiento,fallas mecanicas y del sistema electrico,2503_0_54,23.0,1.0
Cauca,2017-12-26 15:51:00,83,150.0,2016-12-30 05:00:00,viernes,0,Sol,Seca y limpia,Montañoso,Media ladera Izquierda,Recta,Transito normal con precaución,0,0,1,0,1.0,Choque,adelantamientos indebidos,2503_0_83,10.0,14.0
Cauca,2018-01-03 15:28:00,90,800.0,2017-06-01 05:00:00,jueves,30,Normal,Seca y limpia,Montañoso,Media Ladera Derecha,Curva Izquierda,Transito normal con precaución,0,0,0,0,1.0,Choque,no mantener distancia de seguridad,2503_0_90,1.0,23.0
Cauca,2018-01-03 15:37:00,12,200.0,2017-06-05 05:00:00,lunes,45,Normal,Seca y limpia,Plano,Media Ladera Derecha,Recta,Transito normal con precaución,0,0,1,0,1.0,Salida de la vía sin volcarse,fallas mecanicas y del sistema electrico,2503_0_12,18.0,6.0
Nariño,2018-01-09 13:47:00,36,960.0,2017-12-23 05:00:00,sabado,30,Normal,Seca y limpia,Plano,Media ladera Izquierda,Curva Izquierda,Transito normal con precaución,0,0,2,0,1.0,Choque,no determinada,2501A_0_36,16.0,8.0
Cauca,2018-01-03 15:39:00,88,950.0,2017-06-06 05:00:00,martes,30,Normal,Seca y limpia,Plano,Media Ladera Derecha,Recta,Transito normal con precaución,0,0,0,0,1.0,Choque,no mantener distancia de seguridad,2503_0_88,7.0,17.0
Cauca,2018-01-03 15:41:00,18,150.0,2017-06-09 05:00:00,viernes,50,Normal,Seca y limpia,Plano,Terraplen,Recta,Transito normal con precaución,0,0,1,0,1.0,Choque,defectos fisicos y psiquicos,2503_0_18,14.0,10.0
Cauca,2018-01-03 15:42:00,110,800.0,2017-06-11 05:00:00,domingo,20,Normal,Seca y limpia,Plano,Cajón,Recta,Transito normal con precaución,0,0,0,0,1.0,Choque,estacionamiento y senalizacion imprudente,2503_0_110,13.0,11.0
Cauca,2018-01-03 15:44:00,27,0.0,2017-06-17 05:00:00,sabado,20,Normal,Seca y limpia,Plano,Media Ladera Derecha,Recta,Transito normal con precaución,0,0,0,1,1.0,Choque,no mantener distancia de seguridad,2503_0_27,19.0,5.0
Cauca,2018-01-03 15:46:00,92,250.0,2017-06-24 05:00:00,sabado,10,Seca,Seca y limpia,Montañoso,Media Ladera Derecha,Curva Izquierda,Transito normal con precaución,0,0,0,0,1.0,Choque,maniobras imprudentes,2503_0_92,16.0,8.0
Cauca,2018-01-03 15:50:00,35,250.0,2017-06-26 05:00:00,lunes,30,Normal,Seca y limpia,Plano,Media Ladera Derecha,Curva Derecha,Transito normal con precaución,0,0,0,1,1.0,Choque,desobediencia a normas y senales,2503_0_35,15.0,9.0
Cauca,2018-01-03 15:52:00,23,390.0,2017-06-28 05:00:00,miercoles,40,Normal,Seca y limpia,Plano,Terraplen,Recta,Transito normal con precaución,0,0,0,0,1.0,Choque,no determinada,2503_0_23,5.0,19.0
Cauca,2018-01-03 15:54:00,115,400.0,2017-06-29 05:00:00,jueves,40,Seca,Seca y limpia,Ondulado,Cajón,Recta,Transito normal con precaución,0,0,0,0,1.0,Choque,imprudencia del conductor,2503_0_115,17.0,7.0
Cauca,2018-01-03 15:59:00,111,100.0,2017-07-31 05:00:00,lunes,40,Normal,Seca y limpia,Montañoso,Cajón,Curva Derecha,Transito normal con precaución,0,0,0,0,1.0,Choque,maniobras imprudentes,2503_0_111,11.0,13.0
Cauca,2018-01-03 16:04:00,104,0.0,2017-08-02 05:00:00,miercoles,55,Normal,Seca y limpia,Montañoso,Media Ladera Derecha,Curva Derecha,Transito normal con precaución,0,0,0,0,1.0,Choque,no mantener distancia de seguridad,2503_0_104,14.0,10.0
Cauca,2018-01-03 16:06:00,58,380.0,2017-08-04 05:00:00,viernes,50,Normal,Seca y limpia,Plano,Media ladera Izquierda,Curva Izquierda,Transito normal con precaución,0,0,0,1,1.0,Choque,no determinada,2503_0_58,6.0,18.0
Cauca,2018-01-03 16:07:00,112,700.0,2017-08-05 05:00:00,sabado,0,Normal,Seca y limpia,Montañoso,Cajón,Curva Derecha,Transito normal con precaución,0,0,1,0,1.0,Choque,maniobras imprudentes,2503_0_112,19.0,5.0
Cauca,2018-01-03 16:09:00,118,370.0,2017-08-20 05:00:00,domingo,50,Normal,Seca y limpia,Montañoso,Media Ladera Derecha,Recta,Transito normal con precaución,0,0,3,0,1.0,Choque,imprudencia del conductor,2503_0_118,12.0,12.0
Cauca,2018-01-03 16:12:00,33,300.0,2017-09-20 05:00:00,miercoles,50,Normal,Seca y limpia,Montañoso,Media Ladera Derecha,Curva Izquierda,Transito normal con precaución,0,0,2,0,1.0,Atropello,adelantamientos indebidos,2503_0_33,19.0,5.0
Cauca,2018-01-03 16:14:00,83,900.0,2017-09-21 05:00:00,jueves,40,Normal,Seca y limpia,Montañoso,Media Ladera Derecha,Curva Derecha,Transito normal con precaución,0,0,3,0,1.0,Choque,exceso en horas de conduccion,2503_0_83,12.0,12.0
Cauca,2018-01-03 16:16:00,95,850.0,2017-09-24 05:00:00,domingo,0,Normal,Seca y limpia,Montañoso,Media Ladera Derecha,Curva Izquierda,Transito normal con precaución,0,0,0,0,1.0,Choque,imprudencia del conductor,2503_0_95,3.0,21.0
Cauca,2018-01-03 16:19:00,104,500.0,2017-10-18 05:00:00,miercoles,10,Normal,Seca y limpia,Plano,Terraplen,Recta,Transito normal con precaución,0,0,0,0,1.0,Choque,adelantamientos indebidos,2503_0_104,16.0,8.0
Cauca,2018-02-02 19:22:00,83,900.0,2017-12-01 05:00:00,viernes,30,Normal,Seca y limpia,Montañoso,Media Ladera Derecha,Curva Derecha,Transito normal con precaución,0,0,1,1,1.0,Atropello,no determinada,2503_0_83,4.0,20.0
Cauca,2018-02-02 19:25:00,66,750.0,2017-12-02 05:00:00,sabado,30,Lluvia,Humeda,Montañoso,Media ladera Izquierda,Curva Derecha,Transito normal con precaución,0,0,10,0,1.0,Volcamiento,fallas mecanicas y del sistema electrico,2503_0_66,16.0,8.0
Cauca,2018-02-02 19:27:00,111,150.0,2017-12-02 05:00:00,sabado,0,Lluvia,Humeda,Montañoso,Cajón,Curva Derecha,Transito normal con precaución,0,0,0,0,1.0,Choque,embriaguez o sustancias alucinogenas,2503_0_111,16.0,8.0
Cauca,2018-02-02 19:33:00,116,900.0,2017-12-11 05:00:00,lunes,45,Normal,Seca y limpia,Montañoso,Media Ladera Derecha,Recta,Transito normal con precaución,0,0,2,0,1.0,Choque,no mantener distancia de seguridad,2503_0_116,10.0,14.0
Cauca,2018-02-02 19:35:00,76,350.0,2017-12-16 05:00:00,sabado,0,Sol,Seca y limpia,Montañoso,Media ladera Izquierda,Curva Derecha,Transito normal con precaución,0,0,0,1,1.0,Volcamiento,no determinada,2503_0_76,13.0,11.0
Cauca,2018-02-02 19:37:00,112,400.0,2017-12-17 05:00:00,domingo,10,Normal,Seca y limpia,Montañoso,Terraplen,Recta,Transito normal con precaución,0,0,2,0,1.0,Choque,maniobras imprudentes,2503_0_112,2.0,22.0
Cauca,2018-02-02 19:39:00,68,100.0,2017-12-28 05:00:00,jueves,0,Normal,Seca y limpia,Montañoso,Media ladera Izquierda,Curva Derecha,Transito normal con precaución,0,0,0,0,1.0,Volcamiento,no determinada,2503_0_68,15.0,9.0
Cauca,2018-02-02 19:41:00,16,650.0,2017-12-29 05:00:00,viernes,0,Sol,Seca y limpia,Plano,Terraplen,Recta,Transito normal con precaución,0,0,0,1,1.0,Volcamiento,defectos fisicos y psiquicos,2503_0_16,10.0,14.0
Cauca,2018-02-26 15:41:00,117,800.0,2018-01-08 05:00:00,lunes,20,Normal,Seca y limpia,Montañoso,Cajón,Recta,Transito normal con precaución,0,0,0,1,1.0,Choque,maniobras imprudentes,2503_0_117,3.0,21.0
Cauca,2018-02-26 15:49:00,15,0.0,2018-01-24 05:00:00,miercoles,30,Normal,Seca y limpia,Plano,Terraplen,Recta,Transito normal con precaución,0,0,1,0,1.0,Atropello,exceso de velocidad,2503_0_15,21.0,3.0
Cauca,2018-02-26 15:51:00,106,850.0,2018-01-25 05:00:00,jueves,0,Sol,Seca y limpia,Montañoso,Media ladera Izquierda,Curva Derecha,Transito normal con precaución,0,0,2,0,1.0,Salida de la vía sin volcarse,fallas mecanicas y del sistema electrico,2503_0_106,23.0,1.0
Cauca,2018-02-26 15:53:00,102,250.0,2018-01-29 05:00:00,lunes,30,Normal,Seca y limpia,Montañoso,Media Ladera Derecha,Curva Izquierda,Transito normal con precaución,0,0,0,0,1.0,Choque,no determinada,2503_0_102,18.0,6.0
Cauca,2018-02-26 15:37:00,118,400.0,2018-01-01 05:00:00,lunes,30,Normal,Seca y limpia,Montañoso,Cajón,Recta,Transito normal con precaución,0,0,0,0,1.0,Choque,maniobras imprudentes,2503_0_118,13.0,11.0
Cauca,2018-02-26 15:39:00,94,970.0,2018-01-05 05:00:00,viernes,30,Normal,Seca y limpia,Montañoso,Media ladera Izquierda,Recta,Transito normal con precaución,0,0,0,0,1.0,Choque,fallas mecanicas y del sistema electrico,2503_0_94,19.0,5.0
Cauca,2018-02-26 15:44:00,111,500.0,2018-01-12 05:00:00,viernes,50,Normal,Seca y limpia,Montañoso,Terraplen,Recta,Transito normal con precaución,0,0,0,2,1.0,Choque,no determinada,2503_0_111,8.0,16.0
Cauca,2018-02-26 15:46:00,95,800.0,2018-01-15 05:00:00,lunes,30,Normal,Seca y limpia,Montañoso,Media ladera Izquierda,Curva Izquierda,Transito normal con precaución,0,0,0,0,1.0,Volcamiento,imprudencia del conductor,2503_0_95,11.0,13.0
Cauca,2018-02-26 15:48:00,98,800.0,2018-01-15 05:00:00,lunes,10,Normal,Seca y limpia,Montañoso,Media Ladera Derecha,Curva Derecha,Transito normal con precaución,0,0,1,0,1.0,Atropello,conducta de peatones,2503_0_98,19.0,5.0
Cauca,2018-03-14 13:47:00,15,500.0,2018-02-01 05:00:00,jueves,0,Normal,Seca y limpia,Plano,Cajón,Recta,Transito normal con precaución,0,0,0,0,1.0,Choque,imprudencia del conductor,2503_0_15,13.0,11.0
Cauca,2018-03-14 13:50:00,31,300.0,2018-02-02 05:00:00,viernes,0,Normal,Seca y limpia,Plano,Media Ladera Derecha,Curva Izquierda,Transito normal con precaución,0,0,10,1,1.0,Volcamiento,exceso de velocidad,2503_0_31,4.0,20.0
Cauca,2018-03-14 13:54:00,63,800.0,2018-02-07 05:00:00,miercoles,0,Normal,Humeda,Montañoso,Media Ladera Derecha,Curva Derecha,Transito normal con precaución,0,0,0,0,1.0,Salida de la vía sin volcarse,imprudencia del conductor,2503_0_63,10.0,14.0
Cauca,2018-03-14 13:55:00,92,100.0,2018-02-07 05:00:00,miercoles,0,Normal,Seca y limpia,Montañoso,Media Ladera Derecha,Curva Izquierda,Transito normal con precaución,0,0,0,0,1.0,Volcamiento,exceso de velocidad,2503_0_92,15.0,9.0
Cauca,2018-03-14 13:58:00,68,400.0,2018-02-08 05:00:00,jueves,30,Sol,Seca y limpia,Montañoso,Media ladera Izquierda,Curva Izquierda,Transito normal con precaución,0,0,0,0,1.0,Salida de la vía sin volcarse,exceso de velocidad,2503_0_68,10.0,14.0
Cauca,2018-03-14 14:00:00,14,700.0,2018-02-23 05:00:00,viernes,30,Normal,Seca y limpia,Plano,Terraplen,Recta,Transito normal con precaución,0,0,0,1,1.0,Atropello,conducta de peatones,2503_0_14,12.0,12.0
Cauca,2018-04-13 13:55:00,103,430.0,2018-03-15 05:00:00,jueves,10,Normal,Seca y limpia,Montañoso,Media ladera Izquierda,Curva Derecha,Transito normal con precaución,0,0,0,0,1.0,Choque,no mantener distancia de seguridad,2503_0_103,19.0,5.0
Cauca,2018-04-13 14:05:00,95,0.0,2018-03-24 05:00:00,sabado,10,Normal,Seca y limpia,Montañoso,Media Ladera Derecha,Curva Derecha,Transito normal con precaución,0,0,0,0,1.0,Choque,imprudencia del conductor,2503_0_95,7.0,17.0
Cauca,2018-04-13 14:07:00,106,0.0,2018-03-24 05:00:00,sabado,30,Lluvia,Aceite,Montañoso,Cajón,Curva Izquierda,Transito normal con precaución,0,0,0,0,1.0,Choque,no determinada,2503_0_106,7.0,17.0
Cauca,2017-10-04 19:40:00,118,720.0,2017-08-27 05:00:00,domingo,0,Normal,Seca y limpia,Plano,Terraplen,Recta,Transito normal con precaución,0,0,1,0,1.0,Atropello,no determinada,2501A_0_118,6.0,18.0
Cauca,2017-10-04 19:43:00,132,760.0,2017-08-12 05:00:00,sabado,0,Normal,Seca y limpia,Montañoso,Media ladera Izquierda,Recta,Transito normal con precaución,0,0,1,0,1.0,Choque,condiciones de la via y factores ambientales,2501A_0_132,15.0,9.0
Cauca,2017-10-06 20:21:00,119,820.0,2017-09-12 05:00:00,martes,5,Normal,Seca y limpia,Plano,Terraplen,Curva Izquierda,Transito normal con precaución,0,0,2,0,1.0,Atropello,no determinada,2501A_0_119,4.0,20.0
Cauca,2017-10-06 20:24:00,120,610.0,2017-09-27 05:00:00,miercoles,10,Normal,Seca y limpia,Plano,Terraplen,Recta,Transito normal con precaución,0,0,1,0,1.0,Atropello,no determinada,2501A_0_120,10.0,14.0
Nariño,2017-10-18 14:07:00,28,340.0,2017-10-05 05:00:00,jueves,15,Lluvia,Humeda,Plano,Media ladera Izquierda,Curva Derecha,Transito normal con precaución,0,0,1,0,1.0,Choque,exceso de velocidad,2501A_0_28,5.0,19.0
Nariño,2017-10-30 21:20:00,75,40.0,2017-10-12 05:00:00,jueves,40,Sol,Seca y limpia,Montañoso,Media ladera Izquierda,Curva Izquierda,Transito normal con precaución,0,0,1,0,1.0,Choque,fallas mecanicas y del sistema electrico,2501A_0_75,0.0,0.0
Nariño,2017-11-03 19:48:00,19,800.0,2017-10-28 05:00:00,sabado,10,Lluvia,Humeda,Plano,Media ladera Izquierda,Curva Derecha,Transito normal con precaución,0,0,0,0,1.0,Choque,imprudencia del conductor,2501A_0_19,17.0,7.0
Nariño,2017-11-03 19:52:00,30,350.0,2017-10-30 05:00:00,lunes,5,Normal,Seca y limpia,Plano,Media Ladera Derecha,Curva Izquierda,Transito normal con precaución,0,0,0,0,1.0,Choque,exceso de velocidad,2501A_0_30,23.0,1.0
Cauca,2017-11-08 16:34:00,118,820.0,2017-10-20 05:00:00,viernes,0,Normal,Otra,Plano,Terraplen,Recta,Transito normal con precaución,0,0,0,0,1.0,Choque,no determinada,2501A_0_118,11.0,13.0
Cauca,2017-11-08 16:40:00,118,370.0,2017-10-16 05:00:00,lunes,40,Normal,Otra,Plano,Terraplen,Recta,Transito normal con precaución,0,0,1,0,1.0,Choque,condiciones de la via y factores ambientales,2501A_0_118,4.0,20.0
Nariño,2017-11-22 14:02:00,28,490.0,2017-11-19 05:00:00,domingo,15,Lluvia,Humeda,Montañoso,Media Ladera Derecha,Curva Derecha,Transito normal con precaución,0,0,1,0,1.0,Choque,fallas mecanicas y del sistema electrico,2501A_0_28,17.0,7.0
Nariño,2017-12-04 15:37:00,22,60.0,2017-11-25 05:00:00,sabado,30,Normal,Seca y limpia,Plano,Media ladera Izquierda,Recta,Transito normal con precaución,0,0,0,0,1.0,Incendio,fallas mecanicas y del sistema electrico,2501A_0_22,12.0,12.0
Nariño,2017-12-04 15:42:00,60,160.0,2017-11-07 05:00:00,martes,50,Normal,Seca y limpia,Escarpado,Media ladera Izquierda,Recta,Transito normal con precaución,0,0,0,0,1.0,Choque,exceso de velocidad,2501A_0_60,0.0,0.0
Nariño,2017-12-07 19:41:00,48,715.0,2017-12-02 05:00:00,sabado,30,Lluvia,Humeda,Escarpado,Media ladera Izquierda,Curva Izquierda,Transito normal con precaución,0,0,0,0,1.0,Choque,exceso de velocidad,2501A_0_48,17.0,7.0
Cauca,2017-12-11 17:00:00,119,740.0,2017-11-10 05:00:00,viernes,16,Normal,Seca y limpia,Plano,Terraplen,Recta,Transito normal con precaución,0,0,1,0,1.0,Choque,no determinada,2501A_0_119,11.0,13.0
Nariño,2017-12-20 14:25:00,98,570.0,2017-12-03 05:00:00,domingo,0,Normal,Seca y limpia,Plano,Media ladera Izquierda,Curva Derecha,Transito normal con precaución,0,0,0,0,1.0,Volcamiento,defectos fisicos y psiquicos,2501A_0_98,14.0,10.0
Nariño,2018-01-09 13:41:00,15,490.0,2017-12-22 05:00:00,viernes,30,Normal,Seca y limpia,Plano,Media Ladera Derecha,Curva Derecha,Transito normal con precaución,0,0,0,0,1.0,Volcamiento,fallas mecanicas y del sistema electrico,2501A_0_15,16.0,8.0
Cauca,2018-01-10 22:47:00,120,230.0,2017-12-22 05:00:00,viernes,0,Normal,Seca y limpia,Plano,Terraplen,Curva Izquierda,Transito normal con precaución,0,0,0,0,1.0,Choque,no determinada,2501A_0_120,7.0,17.0
Cauca,2018-01-11 13:39:00,107,724.0,2017-12-01 05:00:00,viernes,59,Normal,Seca y limpia,Ondulado,Media ladera Izquierda,Curva Izquierda,Transito normal con precaución,0,0,0,1,1.0,Choque,maniobras imprudentes,2501A_0_107,13.0,11.0
Nariño,2018-01-22 14:34:00,96,404.0,2018-01-01 05:00:00,lunes,0,Lluvia,Humeda,Montañoso,Media ladera Izquierda,Curva Izquierda,Transito normal con precaución,0,0,0,0,1.0,Choque,embriaguez o sustancias alucinogenas,2501A_0_96,17.0,7.0
Nariño,2018-01-22 15:17:00,90,1040.0,2018-01-13 05:00:00,sabado,0,Normal,Humeda,Montañoso,Media Ladera Derecha,Curva Izquierda,Transito normal con precaución,0,0,1,0,1.0,Volcamiento,imprudencia del conductor,2501A_0_90,16.0,8.0