territorial,fecha_registro,pr,distancia_pr,fecha_acc,dia_semana_acc,min_acc,condic_meteor,estado_super,terreno,secc_tip,geometria_acc,tipo_cierre,horas_cierre,min_cierre,n_heridos,n_muertos,n_victimas,clase_accidente,causa_posible,ref_loc,hora_acc,duracion_cierre_horas
Nariño,2018-02-12 14:56:00,54,9.4,2018-01-31 05:00:00,miercoles,10,Sol,Seca y limpia,Escarpado,Media Ladera Derecha,Curva Izquierda,Transito normal con precaución,0,0,0,0,1.0,Choque,exceso de velocidad,2501A_0_54,12.0,12.0
Cauca,2018-02-12 22:42:00,120,200.0,2018-01-08 05:00:00,lunes,40,Normal,Otra,Plano,Terraplen,Recta,Transito normal con precaución,0,0,1,0,1.0,Atropello,no determinada,2501A_0_120,8.0,16.0
Cauca,2018-02-12 22:58:00,123,500.0,2018-01-21 05:00:00,domingo,0,Normal,Otra,Ondulado,Media Ladera Derecha,Curva Izquierda,Transito normal con precaución,0,0,1,0,1.0,Caída ocupante,no determinada,2501A_0_123,8.0,16.0
Cauca,2018-02-12 22:58:00,123,500.0,2018-01-21 05:00:00,domingo,0,Normal,Otra,Ondulado,Media Ladera Derecha,Curva Izquierda,Transito normal con precaución,0,0,1,0,1.0,Caída ocupante,no determinada,2501A_0_123,9.0,15.0
Nariño,2018-03-26 22:12:00,74,360.0,2018-03-06 05:00:00,martes,30,Normal,Seca y limpia,Ondulado,Media ladera Izquierda,Curva Derecha,Transito normal con precaución,0,0,0,0,1.0,Volcamiento,defectos fisicos y psiquicos,2501A_0_74,21.0,3.0
Nariño,2018-03-26 22:15:00,24,890.0,2018-03-05 05:00:00,lunes,0,Normal,Seca y limpia,Plano,Cajón,Recta,Transito normal con precaución,0,0,0,1,1.0,Atropello,exceso de velocidad,2501A_0_24,14.0,10.0
Nariño,2018-04-24 16:45:00,56,840.0,2018-04-14 05:00:00,sabado,10,Sol,Seca y limpia,Escarpado,Media ladera Izquierda,Curva Derecha,Transito normal con precaución,0,0,1,0,1.0,Volcamiento,embriaguez o sustancias alucinogenas,2501A_0_56,10.0,14.0
Huila,2017-11-08 16:09:00,3,375.0,2017-10-02 05:00:00,lunes,41,Seca,Seca y limpia,Montañoso,Media ladera Izquierda,Curva Izquierda,Transito normal con precaución,0,0,0,0,1.0,Choque,fallas mecanicas y del sistema electrico,24HL01_0_3,15.0,9.0
Huila,2017-05-10 19:53:00,78,500.0,2017-04-01 05:00:00,sabado,10,Sol,Seca y limpia,Plano,Media ladera Izquierda,Curva Izquierda,Transito normal con precaución,0,0,0,1,1.0,Choque,embriaguez o sustancias alucinogenas,2402_2_78,19.0,5.0
Huila,2018-04-09 14:56:00,97,350.0,2018-03-29 05:00:00,jueves,40,Normal,Humeda,Ondulado,Cajón,Curva Izquierda,Transito normal con precaución,0,0,0,0,1.0,Salida de la vía sin volcarse,fallas mecanicas y del sistema electrico,2402_2_97,20.0,4.0
Huila,2017-05-10 19:59:00,93,600.0,2017-04-10 05:00:00,lunes,30,Sol,Seca y limpia,Plano,Terraplen,Recta,Transito normal con precaución,0,0,1,0,1.0,Volcamiento,no determinada,2402_2_93,12.0,12.0
Huila,2017-05-10 20:05:00,80,50.0,2017-04-19 05:00:00,miercoles,0,Lluvia,Seca y limpia,Ondulado,Media ladera Izquierda,Curva Derecha,Transito normal con precaución,0,0,0,0,1.0,Volcamiento,exceso de velocidad,2402_2_80,12.0,12.0
Huila,2017-05-10 20:07:00,51,50.0,2017-04-25 05:00:00,martes,0,Sol,Seca y limpia,Ondulado,Media Ladera Derecha,Curva Izquierda,Transito normal con precaución,0,0,0,0,1.0,Salida de la vía sin volcarse,fallas mecanicas y del sistema electrico,2402_2_51,0.0,0.0
Huila,2017-07-12 22:33:00,47,750.0,2017-05-10 05:00:00,miercoles,40,Sol,Seca y limpia,Plano,Terraplen,Recta,Transito normal con precaución,0,0,2,0,1.0,Choque,imprudencia del conductor,2402_2_47,17.0,7.0
Huila,2017-07-12 22:46:00,61,100.0,2017-05-23 05:00:00,martes,30,Sol,Seca y limpia,Ondulado,Media Ladera Derecha,Curva Derecha,Transito normal con precaución,0,0,0,0,1.0,Choque,no determinada,2402_2_61,23.0,1.0
Huila,2017-07-12 22:56:00,58,200.0,2017-05-29 05:00:00,lunes,0,Sol,Seca y limpia,Plano,Terraplen,Recta,Transito normal con precaución,0,0,0,0,1.0,Choque,condiciones de la via y factores ambientales,2402_2_58,23.0,1.0
Huila,2017-07-13 13:56:00,70,800.0,2017-06-05 05:00:00,lunes,0,Sol,Seca y limpia,Montañoso,Media Ladera Derecha,Curva Derecha,Transito normal con precaución,0,0,0,0,1.0,Salida de la vía sin volcarse,no determinada,2402_2_70,7.0,17.0
Huila,2017-07-13 14:01:00,67,800.0,2017-06-07 05:00:00,miercoles,30,Sol,Seca y limpia,Ondulado,Cajón,Curva Derecha,Transito normal con precaución,0,0,0,0,1.0,Volcamiento,maniobras imprudentes,2402_2_67,8.0,16.0
Huila,2017-07-13 14:06:00,58,950.0,2017-06-07 05:00:00,miercoles,20,Sol,Seca y limpia,Ondulado,Media ladera Izquierda,Curva Izquierda,Transito normal con precaución,0,0,0,0,1.0,Choque,no determinada,2402_2_58,18.0,6.0
Huila,2017-07-13 14:22:00,85,0.0,2017-06-13 05:00:00,martes,30,Sol,Seca y limpia,Ondulado,Media ladera Izquierda,Curva Derecha,Transito normal con precaución,0,0,0,0,1.0,Salida de la vía sin volcarse,exceso de velocidad,2402_2_85,15.0,9.0
Huila,2017-07-13 14:26:00,93,300.0,2017-06-13 05:00:00,martes,0,Lluvia,Humeda,Montañoso,Cajón,Recta,Transito normal con precaución,0,0,0,0,1.0,Choque,no determinada,2402_2_93,9.0,15.0
Huila,2017-08-18 13:54:00,91,300.0,2017-07-01 05:00:00,sabado,30,Normal,Seca y limpia,Plano,Media Ladera Derecha,Recta,Transito normal con precaución,0,0,0,0,1.0,Choque,fallas mecanicas y del sistema electrico,2402_2_91,18.0,6.0
Huila,2017-08-18 14:03:00,48,200.0,2017-07-17 05:00:00,lunes,40,Normal,Seca y limpia,Plano,Terraplen,Recta,Transito normal con precaución,0,0,0,0,1.0,Choque,exceso de velocidad,2402_2_48,10.0,14.0
Huila,2017-08-18 14:44:00,68,100.0,2017-07-10 05:00:00,lunes,45,Normal,Seca y limpia,Plano,Terraplen,Recta,Transito normal con precaución,0,0,0,0,1.0,Salida de la vía sin volcarse,fallas mecanicas y del sistema electrico,2402_2_68,1.0,23.0
Huila,2017-08-18 14:46:00,28,30.0,2017-07-16 05:00:00,domingo,30,Normal,Seca y limpia,Ondulado,Terraplen,Recta,Transito normal con precaución,0,0,1,1,1.0,Choque,no determinada,2402_2_28,9.0,15.0
Huila,2017-09-12 22:30:00,80,20.0,2017-08-04 05:00:00,viernes,0,Lluvia,Humeda,Plano,Media Ladera Derecha,Recta,Transito normal con precaución,0,0,1,0,1.0,Volcamiento,maniobras imprudentes,2402_2_80,12.0,12.0
Huila,2017-09-12 22:50:00,93,150.0,2017-08-04 05:00:00,viernes,20,Lluvia,Humeda,Plano,Cajón,Recta,Transito normal con precaución,0,0,0,0,1.0,Salida de la vía sin volcarse,no determinada,2402_2_93,4.0,20.0
Huila,2017-09-13 13:42:00,59,590.0,2017-08-13 05:00:00,domingo,40,Sol,Seca y limpia,Ondulado,Terraplen,Recta,Transito normal con precaución,0,0,2,0,1.0,Choque,maniobras imprudentes,2402_2_59,19.0,5.0
Huila,2017-09-13 13:47:00,89,500.0,2017-08-14 05:00:00,lunes,0,Sol,Seca y limpia,Ondulado,Terraplen,Recta,Transito normal con precaución,0,0,2,0,1.0,Volcamiento,embriaguez o sustancias alucinogenas,2402_2_89,11.0,13.0
Huila,2017-09-13 13:56:00,93,300.0,2017-08-22 05:00:00,martes,20,Lluvia,Humeda,Montañoso,Cajón,Curva Izquierda,Transito normal con precaución,0,0,1,0,1.0,Choque,maniobras imprudentes,2402_2_93,20.0,4.0
Huila,2017-10-06 14:52:00,98,100.0,2017-09-03 05:00:00,domingo,30,Normal,Seca y limpia,Plano,Terraplen,Recta,Transito normal con precaución,0,0,0,1,1.0,Atropello,no determinada,2402_2_98,18.0,6.0
Huila,2017-10-06 14:59:00,98,750.0,2017-09-14 05:00:00,jueves,50,Normal,Seca y limpia,Ondulado,Cajón,Curva Derecha,Transito normal con precaución,0,0,0,0,1.0,Volcamiento,fallas mecanicas y del sistema electrico,2402_2_98,10.0,14.0
Huila,2017-10-06 15:01:00,78,350.0,2017-09-23 05:00:00,sabado,0,Normal,Seca y limpia,Plano,Terraplen,Recta,Transito normal con precaución,0,0,0,0,1.0,Choque,fallas mecanicas y del sistema electrico,2402_2_78,15.0,9.0
Huila,2017-11-08 16:05:00,55,900.0,2017-10-04 05:00:00,miercoles,30,Sol,Seca y limpia,Plano,Cajón,Recta,Transito normal con precaución,0,0,0,0,1.0,Choque,condiciones de la via y factores ambientales,2402_2_55,8.0,16.0
Huila,2017-11-08 16:17:00,52,630.0,2017-10-13 05:00:00,viernes,30,Lluvia,Aceite,Montañoso,Cajón,Curva Derecha,Transito normal con precaución,0,0,0,0,1.0,Salida de la vía sin volcarse,maniobras imprudentes,2402_2_52,12.0,12.0
Huila,2017-11-08 16:19:00,54,600.0,2017-10-13 05:00:00,viernes,0,Lluvia,Aceite,Montañoso,Cajón,Curva Derecha,Transito normal con precaución,0,0,0,0,1.0,Choque,maniobras imprudentes,2402_2_54,13.0,11.0
Huila,2017-11-08 16:22:00,61,250.0,2017-10-13 05:00:00,viernes,20,Lluvia,Aceite,Montañoso,Media ladera Izquierda,Curva Izquierda,Transito normal con precaución,0,0,0,0,1.0,Choque,exceso de velocidad,2402_2_61,19.0,5.0
Huila,2017-11-08 16:26:00,70,700.0,2017-11-03 05:00:00,viernes,0,Seca,Seca y limpia,Ondulado,Media Ladera Derecha,Curva Derecha,Transito normal con precaución,0,0,0,0,1.0,Choque,condiciones de la via y factores ambientales,2402_2_70,7.0,17.0
Huila,2017-12-11 21:09:00,52,900.0,2017-11-23 05:00:00,jueves,30,Lluvia,Humeda,Montañoso,Cajón,Curva Derecha,Transito normal con precaución,0,0,0,0,1.0,Choque,no determinada,2402_2_52,0.0,0.0
Huila,2017-12-11 21:13:00,47,900.0,2017-11-25 05:00:00,sabado,20,Sol,Seca y limpia,Plano,Terraplen,Recta,Transito normal con precaución,0,0,0,0,1.0,Choque,imprudencia del conductor,2402_2_47,18.0,6.0
Huila,2018-01-10 19:15:00,76,400.0,2017-12-21 05:00:00,jueves,0,Sol,Seca y limpia,Plano,Terraplen,Recta,Transito normal con precaución,0,0,0,0,1.0,Choque,no mantener distancia de seguridad,2402_2_76,22.0,2.0
Huila,2018-01-10 19:23:00,52,700.0,2017-12-21 05:00:00,jueves,30,Sol,Seca y limpia,Montañoso,Cajón,Curva Derecha,Transito normal con precaución,0,0,0,0,1.0,Volcamiento,fallas mecanicas y del sistema electrico,2402_2_52,7.0,17.0
Huila,2018-01-10 19:33:00,55,140.0,2017-12-22 05:00:00,viernes,0,Sol,Seca y limpia,Plano,Terraplen,Recta,Transito normal con precaución,0,0,0,0,1.0,Volcamiento,defectos fisicos y psiquicos,2402_2_55,13.0,11.0
Huila,2018-01-10 19:35:00,57,830.0,2017-12-24 05:00:00,domingo,0,Sol,Seca y limpia,Plano,Terraplen,Recta,Transito normal con precaución,0,0,0,0,1.0,Choque,no determinada,2402_2_57,1.0,23.0
Huila,2018-01-10 19:37:00,81,600.0,2017-12-26 05:00:00,martes,30,Sol,Seca y limpia,Plano,Media ladera Izquierda,Recta,Transito normal con precaución,0,0,0,0,1.0,Choque,no mantener distancia de seguridad,2402_2_81,14.0,10.0
Huila,2018-02-08 14:03:00,53,650.0,2018-01-06 05:00:00,sabado,30,Sol,Seca y limpia,Montañoso,Media Ladera Derecha,Curva Derecha,Transito normal con precaución,0,0,3,0,1.0,Salida de la vía sin volcarse,maniobras imprudentes,2402_2_53,16.0,8.0
Huila,2018-02-08 14:08:00,95,70.0,2018-01-21 05:00:00,domingo,20,Sol,Seca y limpia,Plano,Terraplen,Recta,Transito normal con precaución,0,0,4,0,1.0,Choque,defectos fisicos y psiquicos,2402_2_95,6.0,18.0
Huila,2018-02-08 14:14:00,34,250.0,2018-01-26 05:00:00,viernes,40,Sol,Seca y limpia,Escarpado,Media Ladera Derecha,Recta,Transito normal con precaución,0,0,0,0,1.0,Caída de piedra,condiciones de la via y factores ambientales,2402_2_34,12.0,12.0
Huila,2018-03-07 15:55:00,67,200.0,2018-02-04 05:00:00,domingo,10,Normal,Seca y limpia,Escarpado,Media Ladera Derecha,Curva Derecha,Transito normal con precaución,0,0,0,0,1.0,Choque,embriaguez o sustancias alucinogenas,2402_2_67,13.0,11.0
Huila,2018-03-07 15:57:00,76,800.0,2018-02-05 05:00:00,lunes,10,Niebla,Humeda,Plano,Terraplen,Recta,Transito normal con precaución,0,0,0,0,1.0,Choque,no determinada,2402_2_76,5.0,19.0
Huila,2018-03-07 15:59:00,44,550.0,2018-02-06 05:00:00,martes,0,Normal,Seca y limpia,Ondulado,Media Ladera Derecha,Recta,Transito normal con precaución,0,0,0,0,1.0,Volcamiento,exceso de velocidad,2402_2_44,14.0,10.0
Huila,2018-04-09 14:52:00,79,80.0,2018-03-02 05:00:00,viernes,50,Normal,Humeda,Ondulado,Terraplen,Curva Izquierda,Transito normal con precaución,0,0,0,0,1.0,Salida de la vía sin volcarse,exceso de velocidad,2402_1_79,7.0,17.0
Cauca,2018-03-28 15:03:00,27,960.0,2018-03-23 05:00:00,viernes,15,Normal,Seca y limpia,Montañoso,Media Ladera Derecha,Curva Derecha,Cierre total,5,15,1,0,1.0,Choque,exceso de velocidad,2401_0_27,15.0,14.0
Valle del Cauca,2017-04-24 23:20:00,119,500.0,2016-12-09 05:00:00,viernes,20,Normal,Seca y limpia,Ondulado,Terraplen,Recta,Transito normal con precaución,0,0,0,1,1.0,Choque,desobediencia a normas y senales,2302_2_119,13.0,11.0
Valle del Cauca,2017-04-24 23:26:00,4,700.0,2016-12-20 05:00:00,martes,25,Lluvia,Humeda,Plano,Terraplen,Recta,Transito normal con precaución,0,0,0,0,1.0,Choque,condiciones de la via y factores ambientales,2302_2_4,5.0,19.0
Antioquia,2017-05-26 16:04:00,60,500.0,2016-12-07 05:00:00,miercoles,0,Normal,Seca y limpia,Montañoso,Media Ladera Derecha,Recta,Parcial con reducción de carriles,0,0,0,0,1.0,Choque,no determinada,2509_1_60,6.0,18.0
Valle del Cauca,2017-04-24 23:30:00,89,800.0,2016-12-22 05:00:00,jueves,30,Normal,Seca y limpia,Plano,Terraplen,Recta,Transito normal con precaución,0,0,0,1,1.0,Choque,adelantamientos indebidos,2302_2_89,19.0,5.0
Valle del Cauca,2017-04-24 23:33:00,100,700.0,2016-12-26 05:00:00,lunes,40,Lluvia,Humeda,Plano,Terraplen,Recta,Transito normal con precaución,0,0,0,0,1.0,Choque,maniobras imprudentes,2302_2_100,12.0,12.0
Valle del Cauca,2017-05-03 19:11:00,114,200.0,2017-03-01 05:00:00,miercoles,30,Normal,Seca y limpia,Plano,Terraplen,Recta,Transito normal con precaución,0,0,0,0,1.0,Choque,maniobras imprudentes,2302_2_114,13.0,11.0
Valle del Cauca,2017-05-04 14:52:00,5,50.0,2017-02-27 05:00:00,lunes,30,Normal,Seca y limpia,Plano,Terraplen,Recta,Transito normal con precaución,0,0,0,0,1.0,Choque,no mantener distancia de seguridad,2302_2_5,16.0,8.0
Valle del Cauca,2017-05-04 15:10:00,96,800.0,2017-02-18 05:00:00,sabado,30,Normal,Seca y limpia,Plano,Terraplen,Recta,Transito normal con precaución,0,0,0,0,1.0,Choque,maniobras imprudentes,2302_2_96,6.0,18.0
Valle del Cauca,2017-05-04 15:13:00,83,600.0,2017-03-01 05:00:00,miercoles,30,Normal,Seca y limpia,Plano,Terraplen,Recta,Transito normal con precaución,0,0,0,0,1.0,Choque,no determinada,2302_2_83,8.0,16.0
Valle del Cauca,2017-05-04 15:16:00,114,200.0,2017-03-06 05:00:00,lunes,10,Normal,Seca y limpia,Plano,Media Ladera Derecha,Recta,Transito normal con precaución,0,0,1,0,1.0,Choque,defectos fisicos y psiquicos,2302_2_114,2.0,22.0
Valle del Cauca,2017-05-04 15:21:00,35,50.0,2017-03-13 05:00:00,lunes,30,Normal,Seca y limpia,Plano,Terraplen,Curva Izquierda,Transito normal con precaución,0,0,1,0,1.0,Choque,no mantener distancia de seguridad,2302_2_35,20.0,4.0
Valle del Cauca,2017-05-04 15:28:00,89,800.0,2017-02-18 05:00:00,sabado,10,Normal,Seca y limpia,Plano,Terraplen,Recta,Transito normal con precaución,0,0,0,0,1.0,Choque,desobediencia a normas y senales,2302_2_89,3.0,21.0
Valle del Cauca,2017-05-04 15:44:00,32,850.0,2017-03-19 05:00:00,domingo,30,Normal,Seca y limpia,Plano,Media Ladera Derecha,Curva Izquierda,Transito normal con precaución,0,0,0,0,1.0,Choque,no determinada,2302_2_32,13.0,11.0
Valle del Cauca,2017-05-04 15:51:00,87,0.0,2017-03-20 05:00:00,lunes,30,Normal,Seca y limpia,Ondulado,Media Ladera Derecha,Curva Derecha,Transito normal con precaución,0,0,0,1,1.0,Atropello,no determinada,2302_2_87,15.0,9.0
Antioquia,2018-01-02 21:45:00,71,490.0,2017-11-06 05:00:00,lunes,10,Normal,Seca y limpia,Montañoso,Media ladera Izquierda,Recta,Parcial con reducción de carriles,0,0,1,0,1.0,Choque,no determinada,2509_2_71,11.0,13.0
Antioquia,2018-01-02 22:07:00,71,470.0,2017-11-10 05:00:00,viernes,45,Normal,Seca y limpia,Montañoso,Media ladera Izquierda,Recta,Parcial con reducción de carriles,0,0,1,0,1.0,Choque,no determinada,2509_2_71,16.0,8.0
Antioquia,2018-01-03 13:58:00,70,80.0,2017-11-11 05:00:00,sabado,30,Normal,Seca y limpia,Montañoso,Media ladera Izquierda,Recta,Parcial con reducción de carriles,0,0,1,0,1.0,Choque,no determinada,2509_2_70,11.0,13.0
Antioquia,2018-01-03 14:00:00,69,390.0,2017-11-12 05:00:00,domingo,0,Normal,Material suelto,Montañoso,Media ladera Izquierda,Recta,Parcial con reducción de carriles,0,0,2,0,1.0,Choque,no determinada,2509_2_69,17.0,7.0
Antioquia,2018-01-03 16:22:00,65,50.0,2017-11-19 05:00:00,domingo,30,Normal,Seca y limpia,Montañoso,Media ladera Izquierda,Recta,Parcial con reducción de carriles,0,0,1,0,1.0,Choque,no determinada,2509_2_65,12.0,12.0
Antioquia,2018-01-03 16:52:00,71,420.0,2017-11-23 05:00:00,jueves,10,Normal,Seca y limpia,Montañoso,Media ladera Izquierda,Recta,Transito normal con precaución,0,0,1,0,1.0,Choque,no determinada,2509_2_71,0.0,0.0
Antioquia,2018-01-03 16:56:00,71,240.0,2017-11-23 05:00:00,jueves,15,Normal,Seca y limpia,Montañoso,Media Ladera Derecha,Recta,Transito normal con precaución,0,0,1,0,1.0,Choque,no determinada,2509_2_71,14.0,10.0
Antioquia,2018-01-03 17:07:00,67,820.0,2017-11-23 05:00:00,jueves,20,Normal,Seca y limpia,Montañoso,Media ladera Izquierda,Recta,Parcial con reducción de carriles,0,0,1,0,1.0,Choque,no determinada,2509_2_67,13.0,11.0
Antioquia,2018-01-03 17:23:00,71,580.0,2017-11-25 05:00:00,sabado,10,Normal,Seca y limpia,Montañoso,Media ladera Izquierda,Recta,Parcial con reducción de carriles,0,0,3,0,1.0,Choque,no determinada,2509_2_71,8.0,16.0
Antioquia,2018-01-03 17:27:00,66,860.0,2017-11-25 05:00:00,sabado,15,Normal,Seca y limpia,Montañoso,Media ladera Izquierda,Recta,Transito normal con precaución,0,0,1,0,1.0,Choque,no determinada,2509_2_66,5.0,19.0
Antioquia,2018-01-03 20:18:00,71,120.0,2017-11-26 05:00:00,domingo,24,Normal,Seca y limpia,Montañoso,Media ladera Izquierda,Recta,Parcial con reducción de carriles,0,0,1,0,1.0,Choque,no determinada,2509_2_71,4.0,20.0
Antioquia,2018-01-03 20:44:00,65,90.0,2017-11-27 05:00:00,lunes,10,Normal,Seca y limpia,Montañoso,Media ladera Izquierda,Recta,Transito normal con precaución,0,0,1,0,1.0,Atropello,no determinada,2509_2_65,15.0,9.0
Antioquia,2018-01-03 20:48:00,65,110.0,2017-11-27 05:00:00,lunes,50,Normal,Seca y limpia,Montañoso,Media ladera Izquierda,Recta,Parcial con reducción de carriles,0,0,0,0,1.0,Choque,no determinada,2509_2_65,18.0,6.0
Antioquia,2018-01-23 14:04:00,67,442.0,2017-12-02 05:00:00,sabado,20,Lluvia,Humeda,Montañoso,Media ladera Izquierda,Recta,Transito normal con precaución,0,0,2,0,1.0,Caída ocupante,no determinada,2509_2_67,17.0,7.0
Antioquia,2018-01-23 19:39:00,64,660.0,2017-12-12 05:00:00,martes,30,Normal,Seca y limpia,Montañoso,Media ladera Izquierda,Recta,Parcial con reducción de carriles,0,0,1,0,1.0,Choque,no determinada,2509_2_64,9.0,15.0
Antioquia,2018-01-23 19:44:00,66,820.0,2017-12-12 05:00:00,martes,0,Normal,Material suelto,Montañoso,Media ladera Izquierda,Recta,Parcial con reducción de carriles,0,0,2,0,1.0,Choque,no determinada,2509_2_66,1.0,23.0
Antioquia,2018-01-23 19:51:00,70,115.0,2017-12-12 05:00:00,martes,50,Normal,Seca y limpia,Montañoso,Media ladera Izquierda,Recta,Parcial con reducción de carriles,0,0,1,0,1.0,Choque,no determinada,2509_2_70,5.0,19.0
Antioquia,2018-01-23 20:25:00,70,920.0,2017-12-17 05:00:00,domingo,50,Normal,Seca y limpia,Montañoso,Media ladera Izquierda,Recta,Parcial con reducción de carriles,0,0,2,0,1.0,Choque,no determinada,2509_2_70,14.0,10.0
Antioquia,2018-01-23 20:40:00,71,650.0,2017-12-20 05:00:00,miercoles,50,Normal,Seca y limpia,Montañoso,Media ladera Izquierda,Recta,Parcial con reducción de carriles,0,0,1,0,1.0,Choque,no determinada,2509_2_71,6.0,18.0
Antioquia,2018-01-23 20:44:00,71,500.0,2017-12-20 05:00:00,miercoles,40,Normal,Seca y limpia,Montañoso,Media ladera Izquierda,Recta,Parcial con reducción de carriles,0,0,1,0,1.0,Choque,no determinada,2509_2_71,16.0,8.0
Antioquia,2018-01-23 20:48:00,70,100.0,2017-12-20 05:00:00,miercoles,15,Normal,Seca y limpia,Montañoso,Media ladera Izquierda,Recta,Parcial con reducción de carriles,0,0,1,0,1.0,Choque,no determinada,2509_2_70,12.0,12.0
Antioquia,2018-01-23 21:03:00,66,830.0,2017-12-21 05:00:00,jueves,30,Normal,Seca y limpia,Montañoso,Media ladera Izquierda,Recta,Transito normal con precaución,0,0,1,0,1.0,Choque,no determinada,2509_2_66,17.0,7.0
Antioquia,2018-01-23 21:13:00,71,430.0,2017-12-22 05:00:00,viernes,40,Normal,Seca y limpia,Montañoso,Media ladera Izquierda,Recta,Transito normal con precaución,0,0,1,0,1.0,Choque,no determinada,2509_2_71,17.0,7.0
Antioquia,2018-01-24 14:12:00,65,0.0,2017-12-26 05:00:00,martes,0,Normal,Seca y limpia,Montañoso,Media ladera Izquierda,Recta,Parcial con reducción de carriles,0,0,1,0,1.0,Choque,no determinada,2509_2_65,10.0,14.0
Antioquia,2018-01-24 14:38:00,68,720.0,2017-12-29 05:00:00,viernes,0,Normal,Seca y limpia,Montañoso,Media ladera Izquierda,Recta,Parcial con reducción de carriles,0,0,0,0,1.0,Choque,no determinada,2509_2_68,5.0,19.0
Antioquia,2018-01-24 14:56:00,67,810.0,2017-12-31 05:00:00,domingo,5,Normal,Humeda,Montañoso,Media ladera Izquierda,Recta,Parcial con reducción de carriles,0,0,1,0,1.0,Choque,no determinada,2509_2_67,1.0,23.0
Antioquia,2018-01-23 14:59:00,70,170.0,2017-12-09 05:00:00,sabado,30,Normal,Seca y limpia,Montañoso,Media ladera Izquierda,Recta,Transito normal con precaución,0,0,1,0,1.0,Caída ocupante,no determinada,2509_2_70,6.0,18.0
Antioquia,2018-02-20 16:00:00,71,900.0,2018-01-02 05:00:00,martes,40,Normal,Seca y limpia,Montañoso,Media ladera Izquierda,Recta,Transito normal con precaución,0,0,1,0,1.0,Caída ocupante,no determinada,2509_2_71,5.0,19.0
Antioquia,2018-02-20 16:19:00,64,420.0,2018-01-04 05:00:00,jueves,55,Normal,Seca y limpia,Montañoso,Media ladera Izquierda,Recta,Parcial con reducción de carriles,0,0,0,0,1.0,Choque,no determinada,2509_2_64,6.0,18.0
Antioquia,2018-02-20 16:23:00,68,490.0,2018-01-06 05:00:00,sabado,30,Normal,Seca y limpia,Montañoso,Media ladera Izquierda,Recta,Parcial con reducción de carriles,0,0,1,0,1.0,Choque,no determinada,2509_2_68,22.0,2.0
Antioquia,2018-02-20 16:26:00,66,820.0,2018-01-07 05:00:00,domingo,40,Normal,Seca y limpia,Montañoso,Media ladera Izquierda,Recta,Parcial con reducción de carriles,0,0,3,0,1.0,Choque,no determinada,2509_2_66,18.0,6.0
Antioquia,2018-02-20 16:33:00,64,600.0,2018-01-07 05:00:00,domingo,25,Normal,Seca y limpia,Montañoso,Media ladera Izquierda,Recta,Parcial con reducción de carriles,0,0,2,0,1.0,Choque,no determinada,2509_2_64,2.0,22.0
Antioquia,2018-02-20 16:39:00,65,0.0,2018-01-09 05:00:00,martes,15,Lluvia,Humeda,Montañoso,Media ladera Izquierda,Recta,Parcial con reducción de carriles,0,0,0,0,1.0,Choque,no determinada,2509_2_65,16.0,8.0
Antioquia,2018-02-20 16:54:00,69,610.0,2018-01-10 05:00:00,miercoles,0,Normal,Humeda,Montañoso,Media ladera Izquierda,Recta,Parcial con reducción de carriles,0,0,2,0,1.0,Choque,no determinada,2509_2_69,5.0,19.0
Antioquia,2018-02-20 19:17:00,68,910.0,2018-01-24 05:00:00,miercoles,50,Normal,Seca y limpia,Montañoso,Media ladera Izquierda,Recta,Parcial con reducción de carriles,0,0,1,0,1.0,Choque,no determinada,2509_2_68,11.0,13.0
Antioquia,2018-02-20 19:27:00,68,510.0,2018-01-27 05:00:00,sabado,39,Normal,Seca y limpia,Montañoso,Media ladera Izquierda,Recta,Parcial con reducción de carriles,0,0,0,2,1.0,Choque,no determinada,2509_2_68,7.0,17.0
Antioquia,2018-02-20 19:38:00,67,470.0,2018-01-30 05:00:00,martes,0,Normal,Seca y limpia,Montañoso,Media ladera Izquierda,Recta,Parcial con reducción de carriles,0,0,1,0,1.0,Choque,no determinada,2509_2_67,15.0,9.0
Antioquia,2018-02-20 19:51:00,66,825.0,2018-01-31 05:00:00,miercoles,35,Normal,Seca y limpia,Montañoso,Media ladera Izquierda,Recta,Parcial con reducción de carriles,0,0,1,0,1.0,Choque,no determinada,2509_2_66,13.0,11.0
Antioquia,2018-02-20 20:00:00,64,760.0,2018-01-31 05:00:00,miercoles,0,Normal,Seca y limpia,Montañoso,Media ladera Izquierda,Recta,Parcial con reducción de carriles,0,0,0,0,1.0,Choque,no determinada,2509_2_64,8.0,16.0
Antioquia,2018-03-14 20:26:00,64,400.0,2018-02-01 05:00:00,jueves,10,Normal,Seca y limpia,Montañoso,Media ladera Izquierda,Curva Izquierda,Parcial con reducción de carriles,0,0,0,0,1.0,Choque,no determinada,2509_2_64,4.0,20.0
Antioquia,2018-03-14 20:29:00,68,700.0,2018-02-02 05:00:00,viernes,0,Normal,Seca y limpia,Montañoso,Media ladera Izquierda,Recta,Parcial con reducción de carriles,0,0,2,0,1.0,Choque,no determinada,2509_2_68,17.0,7.0
Antioquia,2018-03-14 21:40:00,68,490.0,2018-02-19 05:00:00,lunes,55,Normal,Seca y limpia,Montañoso,Media ladera Izquierda,Recta,Parcial con reducción de carriles,0,0,1,0,1.0,Choque,no determinada,2509_2_68,6.0,18.0
Antioquia,2018-03-14 21:42:00,64,440.0,2018-02-19 05:00:00,lunes,20,Normal,Seca y limpia,Montañoso,Media ladera Izquierda,Curva Izquierda,Parcial con reducción de carriles,0,0,0,0,1.0,Choque,no determinada,2509_2_64,17.0,7.0