territorial,fecha_registro,pr,distancia_pr,fecha_acc,dia_semana_acc,min_acc,condic_meteor,estado_super,terreno,secc_tip,geometria_acc,tipo_cierre,horas_cierre,min_cierre,n_heridos,n_muertos,n_victimas,clase_accidente,causa_posible,ref_loc,hora_acc,duracion_cierre_horas
Antioquia,2018-03-14 20:42:00,69,800.0,2018-02-03 05:00:00,sabado,50,Normal,Seca y limpia,Montañoso,Media ladera Izquierda,Recta,Parcial con reducción de carriles,0,0,1,0,1.0,Choque,no determinada,2509_2_69,22.0,2.0
Antioquia,2018-03-14 21:00:00,64,450.0,2018-02-09 05:00:00,viernes,30,Normal,Seca y limpia,Montañoso,Media ladera Izquierda,Curva Izquierda,Parcial con reducción de carriles,0,0,0,0,1.0,Choque,no determinada,2509_2_64,21.0,3.0
Antioquia,2018-03-14 21:03:00,68,350.0,2018-02-10 05:00:00,sabado,0,Normal,Seca y limpia,Montañoso,Media ladera Izquierda,Recta,Parcial con reducción de carriles,0,0,1,0,1.0,Caída ocupante,no determinada,2509_2_68,18.0,6.0
Antioquia,2018-03-14 21:09:00,68,970.0,2018-02-12 05:00:00,lunes,0,Normal,Humeda,Montañoso,Media ladera Izquierda,Recta,Parcial con reducción de carriles,0,0,2,0,1.0,Choque,no determinada,2509_2_68,13.0,11.0
Antioquia,2018-03-14 21:22:00,66,600.0,2018-02-15 05:00:00,jueves,40,Normal,Seca y limpia,Montañoso,Media ladera Izquierda,Recta,Parcial con reducción de carriles,0,0,2,0,1.0,Choque,no determinada,2509_2_66,1.0,23.0
Antioquia,2018-03-14 21:51:00,69,820.0,2018-02-25 05:00:00,domingo,30,Normal,Seca y limpia,Montañoso,Media ladera Izquierda,Recta,Transito normal con precaución,0,0,1,0,1.0,Caída ocupante,no determinada,2509_2_69,12.0,12.0
Antioquia,2018-03-14 21:55:00,64,750.0,2018-02-26 05:00:00,lunes,10,Normal,Seca y limpia,Montañoso,Media ladera Izquierda,Recta,Parcial con reducción de carriles,0,0,0,0,1.0,Choque,no determinada,2509_2_64,9.0,15.0
Antioquia,2018-04-19 19:54:00,67,910.0,2018-03-01 05:00:00,jueves,0,Normal,Seca y limpia,Montañoso,Media ladera Izquierda,Recta,Parcial con reducción de carriles,0,0,1,0,1.0,Choque,no determinada,2509_2_67,10.0,14.0
Antioquia,2018-04-19 19:57:00,71,30.0,2018-03-03 05:00:00,sabado,10,Normal,Material suelto,Montañoso,Media ladera Izquierda,Recta,Parcial con reducción de carriles,0,0,1,0,1.0,Choque,no determinada,2509_2_71,8.0,16.0
Antioquia,2018-04-19 20:11:00,68,450.0,2018-03-03 05:00:00,sabado,20,Normal,Seca y limpia,Montañoso,Media ladera Izquierda,Recta,Parcial con reducción de carriles,0,0,1,0,1.0,Choque,no determinada,2509_2_68,12.0,12.0
Antioquia,2018-04-19 20:32:00,67,915.0,2018-03-05 05:00:00,lunes,20,Normal,Seca y limpia,Montañoso,Media ladera Izquierda,Recta,Parcial con reducción de carriles,0,0,2,0,1.0,Choque,no determinada,2509_2_67,20.0,4.0
Antioquia,2018-04-19 20:47:00,64,450.0,2018-03-06 05:00:00,martes,55,Normal,Seca y limpia,Montañoso,Media ladera Izquierda,Curva Derecha,Parcial con reducción de carriles,0,0,0,0,1.0,Choque,no determinada,2509_2_64,15.0,9.0
Antioquia,2018-04-19 20:54:00,64,445.0,2018-03-06 05:00:00,martes,0,Normal,Seca y limpia,Montañoso,Media ladera Izquierda,Curva Derecha,Parcial con reducción de carriles,0,0,1,0,1.0,Choque,no determinada,2509_2_64,5.0,19.0
Antioquia,2018-04-19 21:08:00,65,370.0,2018-03-10 05:00:00,sabado,0,Normal,Seca y limpia,Montañoso,Media ladera Izquierda,Recta,Parcial con reducción de carriles,0,0,0,0,1.0,Choque,no determinada,2509_2_65,12.0,12.0
Antioquia,2018-04-19 21:17:00,66,400.0,2018-03-12 05:00:00,lunes,40,Normal,Material suelto,Montañoso,Media ladera Izquierda,Recta,Parcial con reducción de carriles,0,0,1,0,1.0,Choque,no determinada,2509_2_66,4.0,20.0
Antioquia,2018-04-19 20:16:00,69,340.0,2018-03-04 05:00:00,domingo,30,Normal,Seca y limpia,Montañoso,Media ladera Izquierda,Recta,Parcial con reducción de carriles,0,0,2,0,1.0,Choque,no determinada,2509_2_69,7.0,17.0
Antioquia,2018-04-19 20:36:00,69,820.0,2018-03-06 05:00:00,martes,0,Normal,Seca y limpia,Montañoso,Media ladera Izquierda,Recta,Transito normal con precaución,0,0,1,0,1.0,Choque,no determinada,2509_2_69,9.0,15.0
Antioquia,2018-04-20 14:04:00,64,805.0,2018-03-16 05:00:00,viernes,0,Normal,Seca y limpia,Montañoso,Media Ladera Derecha,Recta,Parcial con reducción de carriles,0,0,0,0,1.0,Choque,no mantener distancia de seguridad,2509_2_64,7.0,17.0
Antioquia,2018-04-20 14:17:00,66,832.0,2018-03-19 05:00:00,lunes,15,Normal,Seca y limpia,Montañoso,Media ladera Izquierda,Recta,Parcial con reducción de carriles,0,0,1,0,1.0,Choque,no determinada,2509_2_66,22.0,2.0
Antioquia,2018-04-20 14:21:00,69,830.0,2018-03-21 05:00:00,miercoles,45,Normal,Seca y limpia,Montañoso,Media ladera Izquierda,Recta,Parcial con reducción de carriles,0,0,1,0,1.0,Choque,no determinada,2509_2_69,18.0,6.0
Antioquia,2018-04-20 14:25:00,70,800.0,2018-03-22 05:00:00,jueves,40,Normal,Material suelto,Montañoso,Media ladera Izquierda,Recta,Parcial con reducción de carriles,0,0,2,0,1.0,Choque,no determinada,2509_2_70,12.0,12.0
Antioquia,2018-04-20 14:38:00,69,460.0,2018-03-26 05:00:00,lunes,50,Normal,Seca y limpia,Montañoso,Media ladera Izquierda,Recta,Parcial con reducción de carriles,0,0,1,0,1.0,Choque,no determinada,2509_2_69,14.0,10.0
Antioquia,2018-04-20 14:47:00,69,150.0,2018-03-27 05:00:00,martes,50,Normal,Seca y limpia,Montañoso,Media ladera Izquierda,Recta,Parcial con reducción de carriles,0,0,1,0,1.0,Choque,no determinada,2509_2_69,6.0,18.0
Antioquia,2018-04-20 14:55:00,70,780.0,2018-03-29 05:00:00,jueves,38,Lluvia,Humeda,Montañoso,Media ladera Izquierda,Recta,Parcial con reducción de carriles,0,0,1,0,1.0,Choque,no determinada,2509_2_70,19.0,5.0
Antioquia,2017-05-19 21:25:00,67,932.0,2016-12-02 05:00:00,viernes,50,Normal,Seca y limpia,Montañoso,Media ladera Izquierda,Recta,Parcial con reducción de carriles,0,0,2,0,1.0,Choque,no determinada,2509_1_67,18.0,6.0
Antioquia,2017-05-19 21:33:00,69,300.0,2016-12-02 05:00:00,viernes,40,Lluvia,Humeda,Montañoso,Media ladera Izquierda,Recta,Transito normal con precaución,0,0,2,0,1.0,Choque,no determinada,2509_1_69,19.0,5.0
Antioquia,2017-05-26 16:10:00,56,90.0,2016-12-08 05:00:00,jueves,10,Niebla,Humeda,Montañoso,Media Ladera Derecha,Recta,Parcial con reducción de carriles,0,0,0,0,1.0,Choque,no determinada,2509_1_56,19.0,5.0
Antioquia,2017-05-26 16:25:00,67,30.0,2016-12-13 05:00:00,martes,40,Normal,Seca y limpia,Montañoso,Media ladera Izquierda,Recta,Parcial con reducción de carriles,0,0,1,0,1.0,Choque,no determinada,2509_1_67,7.0,17.0
Antioquia,2017-05-26 16:33:00,71,241.0,2016-12-14 05:00:00,miercoles,0,Normal,Seca y limpia,Montañoso,Media ladera Izquierda,Recta,Parcial con reducción de carriles,0,0,1,0,1.0,Choque,no determinada,2509_1_71,3.0,21.0
Antioquia,2017-05-26 16:47:00,68,600.0,2016-12-16 05:00:00,viernes,10,Normal,Seca y limpia,Montañoso,Media ladera Izquierda,Recta,Parcial con reducción de carriles,0,0,0,0,1.0,Choque,no determinada,2509_1_68,16.0,8.0
Antioquia,2017-05-26 16:56:00,56,920.0,2016-12-17 05:00:00,sabado,45,Normal,Seca y limpia,Montañoso,Media Ladera Derecha,Recta,Parcial con reducción de carriles,0,0,0,0,1.0,Atropello,no determinada,2509_1_56,17.0,7.0
Antioquia,2017-05-26 17:11:00,68,600.0,2017-02-03 05:00:00,viernes,40,Normal,Seca y limpia,Plano,Media ladera Izquierda,Recta,Parcial con paso alternado,1,0,1,0,1.0,Choque,no determinada,2509_1_68,21.0,4.0
Antioquia,2017-05-26 17:24:00,68,900.0,2017-02-03 05:00:00,viernes,0,Normal,Seca y limpia,Plano,Media ladera Izquierda,Recta,Transito normal con precaución,0,0,1,0,1.0,Choque,no determinada,2509_1_68,20.0,4.0
Valle del Cauca,2018-03-12 15:48:00,21,921.0,2017-04-24 05:00:00,lunes,20,Normal,Seca y limpia,Plano,Terraplen,Curva Izquierda,Parcial con reducción de carriles,0,0,0,0,1.0,Choque,no determinada,2505_1_21,10.0,14.0
Valle del Cauca,2018-03-12 15:50:00,21,970.0,2017-04-29 05:00:00,sabado,10,Normal,Seca y limpia,Plano,Terraplen,Curva Izquierda,Parcial con reducción de carriles,0,0,2,0,1.0,Choque,desobediencia a normas y senales,2505_1_21,6.0,18.0
Valle del Cauca,2018-03-26 13:37:00,23,183.0,2017-05-02 05:00:00,martes,40,Normal,Seca y limpia,Plano,Terraplen,Recta,Parcial con reducción de carriles,0,0,4,0,1.0,Choque,no determinada,2505_1_23,14.0,10.0
Valle del Cauca,2018-03-26 13:48:00,22,882.0,2017-05-05 05:00:00,viernes,20,Normal,Seca y limpia,Plano,Terraplen,Recta,Parcial con reducción de carriles,0,0,0,0,1.0,Choque,no determinada,2505_1_22,10.0,14.0
Valle del Cauca,2018-03-26 13:56:00,21,295.0,2017-05-06 05:00:00,sabado,30,Normal,Seca y limpia,Plano,Terraplen,Recta,Parcial con reducción de carriles,0,0,2,0,1.0,Choque,no determinada,2505_1_21,20.0,4.0
Valle del Cauca,2018-03-26 14:01:00,20,748.0,2017-05-09 05:00:00,martes,30,Lluvia,Humeda,Plano,Terraplen,Recta,Parcial con reducción de carriles,0,0,0,0,1.0,Choque,no determinada,2505_1_20,16.0,8.0
Valle del Cauca,2018-03-26 14:57:00,22,455.0,2017-05-12 05:00:00,viernes,30,Normal,Seca y limpia,Plano,Terraplen,Recta,Parcial con reducción de carriles,0,0,2,0,1.0,Choque,no determinada,2505_1_22,8.0,16.0
Valle del Cauca,2018-03-26 15:06:00,22,0.0,2017-05-20 05:00:00,sabado,45,Normal,Seca y limpia,Plano,Terraplen,Recta,Parcial con reducción de carriles,0,0,0,0,1.0,Choque,desobediencia a normas y senales,2505_1_22,3.0,21.0
Valle del Cauca,2018-03-26 15:31:00,21,996.0,2017-05-20 05:00:00,sabado,0,Normal,Seca y limpia,Plano,Terraplen,Recta,Parcial con reducción de carriles,0,0,0,0,1.0,Choque,desobediencia a normas y senales,2505_1_21,5.0,19.0
Valle del Cauca,2018-03-26 15:36:00,21,410.0,2017-05-20 05:00:00,sabado,45,Normal,Seca y limpia,Plano,Terraplen,Recta,Parcial con reducción de carriles,0,0,2,0,1.0,Choque,adelantamientos indebidos,2505_1_21,23.0,1.0
Valle del Cauca,2018-03-26 15:41:00,20,882.0,2017-05-22 05:00:00,lunes,10,Normal,Humeda,Plano,Terraplen,Recta,Parcial con reducción de carriles,0,0,1,0,1.0,Choque,maniobras imprudentes,2505_1_20,11.0,13.0
Valle del Cauca,2018-03-26 15:51:00,20,940.0,2017-05-23 05:00:00,martes,10,Normal,Seca y limpia,Plano,Terraplen,Recta,Parcial con reducción de carriles,0,0,1,0,1.0,Choque,maniobras imprudentes,2505_1_20,13.0,11.0
Valle del Cauca,2018-03-26 15:55:00,21,835.0,2017-05-25 05:00:00,jueves,0,Normal,Seca y limpia,Plano,Terraplen,Recta,Parcial con reducción de carriles,0,0,0,0,1.0,Choque,no mantener distancia de seguridad,2505_1_21,15.0,9.0
Valle del Cauca,2018-03-26 16:09:00,22,390.0,2017-05-25 05:00:00,jueves,50,Normal,Seca y limpia,Plano,Terraplen,Recta,Parcial con reducción de carriles,0,0,0,0,1.0,Choque,maniobras imprudentes,2505_1_22,7.0,17.0
Valle del Cauca,2018-04-24 19:08:00,20,0.0,2017-06-03 05:00:00,sabado,50,Normal,Seca y limpia,Plano,Terraplen,Recta,Parcial con reducción de carriles,0,0,1,0,1.0,Atropello,conducta de peatones,2505_1_20,17.0,7.0
Valle del Cauca,2018-04-24 19:15:00,20,855.0,2017-06-03 05:00:00,sabado,50,Normal,Seca y limpia,Plano,Terraplen,Recta,Parcial con reducción de carriles,0,0,0,0,1.0,Choque,no determinada,2505_1_20,7.0,17.0
Valle del Cauca,2018-04-24 19:19:00,19,415.0,2017-06-05 05:00:00,lunes,20,Normal,Seca y limpia,Plano,Terraplen,Recta,Parcial con reducción de carriles,0,0,3,0,1.0,Choque,adelantamientos indebidos,2505_1_19,10.0,14.0
Valle del Cauca,2018-04-24 20:22:00,22,582.0,2017-06-12 05:00:00,lunes,40,Lluvia,Humeda,Plano,Terraplen,Recta,Parcial con reducción de carriles,0,0,0,0,1.0,Choque,no determinada,2505_1_22,15.0,9.0
Valle del Cauca,2018-04-24 20:35:00,23,155.0,2017-06-18 05:00:00,domingo,0,Normal,Seca y limpia,Plano,Terraplen,Recta,Parcial con reducción de carriles,0,0,0,0,1.0,Choque,desobediencia a normas y senales,2505_1_23,18.0,6.0
Valle del Cauca,2018-04-24 20:45:00,19,633.0,2017-06-24 05:00:00,sabado,30,Normal,Seca y limpia,Plano,Terraplen,Curva Derecha,Parcial con reducción de carriles,0,0,1,0,1.0,Volcamiento,no determinada,2505_1_19,7.0,17.0
Valle del Cauca,2017-05-09 15:58:00,108,150.0,2017-02-27 05:00:00,lunes,30,Normal,Seca y limpia,Plano,Terraplen,Recta,Parcial con reducción de carriles,0,0,1,0,1.0,Choque,imprudencia del conductor,2504_2_108,11.0,13.0
Valle del Cauca,2017-12-14 13:52:00,114,900.0,2016-12-01 05:00:00,jueves,10,Normal,Seca y limpia,Plano,Terraplen,Recta,Parcial con reducción de carriles,0,0,2,0,1.0,Choque,no determinada,2504_2_114,13.0,11.0
Valle del Cauca,2017-12-14 14:02:00,114,320.0,2016-12-03 05:00:00,sabado,30,Normal,Humeda,Plano,Terraplen,Recta,Parcial con reducción de carriles,0,0,1,0,1.0,Volcamiento,condiciones de la via y factores ambientales,2504_2_114,19.0,5.0
Valle del Cauca,2017-12-14 14:10:00,115,380.0,2016-12-07 05:00:00,miercoles,38,Normal,Seca y limpia,Plano,Terraplen,Recta,Parcial con reducción de carriles,0,0,1,0,1.0,Choque,no mantener distancia de seguridad,2504_2_115,12.0,12.0
Valle del Cauca,2017-12-14 14:14:00,111,900.0,2016-12-08 05:00:00,jueves,30,Normal,Seca y limpia,Plano,Terraplen,Recta,Parcial con reducción de carriles,0,0,0,0,1.0,Choque,no mantener distancia de seguridad,2504_2_111,7.0,17.0
Valle del Cauca,2017-12-14 14:19:00,109,30.0,2016-12-12 05:00:00,lunes,55,Normal,Seca y limpia,Plano,Terraplen,Recta,Parcial con reducción de carriles,0,0,1,0,1.0,Volcamiento,fallas mecanicas y del sistema electrico,2504_2_109,20.0,4.0
Valle del Cauca,2017-12-14 14:30:00,114,570.0,2016-12-16 05:00:00,viernes,20,Normal,Otra,Plano,Terraplen,Recta,Parcial con reducción de carriles,0,0,0,0,1.0,Choque,adelantamientos indebidos,2504_2_114,21.0,3.0
Valle del Cauca,2017-12-14 14:39:00,114,940.0,2016-12-19 05:00:00,lunes,20,Lluvia,Humeda,Plano,Terraplen,Recta,Parcial con reducción de carriles,0,0,0,0,1.0,Choque,desobediencia a normas y senales,2504_2_114,4.0,20.0
Valle del Cauca,2017-12-14 15:03:00,114,275.0,2016-12-23 05:00:00,viernes,30,Normal,Seca y limpia,Plano,Terraplen,Recta,Parcial con reducción de carriles,0,0,3,0,1.0,Atropello,maniobras imprudentes,2504_2_114,7.0,17.0
Valle del Cauca,2017-12-14 15:25:00,115,590.0,2016-12-26 05:00:00,lunes,30,Normal,Seca y limpia,Plano,Terraplen,Recta,Parcial con reducción de carriles,0,0,2,0,1.0,Choque,no mantener distancia de seguridad,2504_2_115,5.0,19.0
Valle del Cauca,2017-12-27 14:48:00,107,175.0,2017-01-31 05:00:00,martes,0,Normal,Seca y limpia,Plano,Terraplen,Recta,Parcial con reducción de carriles,0,0,1,0,1.0,Atropello,embriaguez o sustancias alucinogenas,2504_2_107,18.0,6.0
Valle del Cauca,2017-12-27 15:16:00,111,90.0,2017-01-07 05:00:00,sabado,10,Normal,Seca y limpia,Plano,Terraplen,Recta,Parcial con reducción de carriles,0,0,1,0,1.0,Choque,fallas mecanicas y del sistema electrico,2504_2_111,12.0,12.0
Valle del Cauca,2017-12-27 16:19:00,114,10.0,2017-01-18 05:00:00,miercoles,51,Lluvia,Humeda,Plano,Terraplen,Recta,Parcial con reducción de carriles,0,0,1,0,1.0,Choque,no determinada,2504_2_114,19.0,5.0
Valle del Cauca,2017-12-27 16:41:00,113,575.0,2017-01-20 05:00:00,viernes,10,Normal,Seca y limpia,Plano,Terraplen,Recta,Parcial con reducción de carriles,0,0,0,0,1.0,Choque,no mantener distancia de seguridad,2504_2_113,7.0,17.0
Valle del Cauca,2017-12-27 17:00:00,115,370.0,2017-01-30 05:00:00,lunes,55,Normal,Seca y limpia,Plano,Terraplen,Recta,Parcial con reducción de carriles,0,0,0,0,1.0,Choque,no determinada,2504_2_115,22.0,2.0
Valle del Cauca,2017-12-27 17:04:00,114,642.0,2017-01-31 05:00:00,martes,50,Normal,Seca y limpia,Plano,Terraplen,Recta,Parcial con reducción de carriles,0,0,0,0,1.0,Choque,desobediencia a normas y senales,2504_2_114,16.0,8.0
Valle del Cauca,2017-12-28 20:10:00,107,180.0,2017-02-08 05:00:00,miercoles,45,Normal,Seca y limpia,Plano,Terraplen,Recta,Parcial con reducción de carriles,0,0,1,0,1.0,Choque,no determinada,2504_2_107,6.0,18.0
Valle del Cauca,2017-12-28 20:25:00,108,30.0,2017-02-27 05:00:00,lunes,30,Normal,Seca y limpia,Plano,Terraplen,Recta,Parcial con reducción de carriles,0,0,1,0,1.0,Choque,no determinada,2504_2_108,7.0,17.0
Valle del Cauca,2017-12-28 20:39:00,107,550.0,2017-10-24 05:00:00,martes,30,Normal,Seca y limpia,Plano,Terraplen,Recta,Parcial con reducción de carriles,0,0,1,0,1.0,Volcamiento,no determinada,2504_2_107,3.0,21.0
Valle del Cauca,2017-12-28 21:30:00,107,339.0,2017-11-04 05:00:00,sabado,0,Normal,Seca y limpia,Plano,Terraplen,Recta,Parcial con reducción de carriles,0,0,0,0,1.0,Choque,maniobras imprudentes,2504_2_107,9.0,15.0
Valle del Cauca,2017-12-28 21:37:00,107,430.0,2017-11-17 05:00:00,viernes,40,Normal,Seca y limpia,Plano,Terraplen,Curva Derecha,Parcial con reducción de carriles,0,0,0,1,1.0,Choque,no determinada,2504_2_107,22.0,2.0
Valle del Cauca,2018-01-09 14:59:00,115,600.0,2017-02-07 05:00:00,martes,40,Normal,Seca y limpia,Plano,Terraplen,Recta,Parcial con reducción de carriles,0,0,0,0,1.0,Choque,no determinada,2504_2_115,14.0,10.0
Valle del Cauca,2018-01-09 15:10:00,114,565.0,2017-02-12 05:00:00,domingo,15,Normal,Seca y limpia,Plano,Terraplen,Recta,Parcial con reducción de carriles,0,0,0,0,1.0,Choque,no mantener distancia de seguridad,2504_2_114,8.0,16.0
Valle del Cauca,2018-01-09 15:50:00,115,662.0,2017-02-17 05:00:00,viernes,40,Normal,Seca y limpia,Plano,Terraplen,Recta,Parcial con reducción de carriles,0,0,0,0,1.0,Choque,no determinada,2504_2_115,15.0,9.0
Valle del Cauca,2018-01-09 15:56:00,115,294.0,2017-02-21 05:00:00,martes,48,Normal,Seca y limpia,Plano,Terraplen,Recta,Parcial con reducción de carriles,0,0,2,0,1.0,Choque,no mantener distancia de seguridad,2504_2_115,13.0,11.0
Valle del Cauca,2018-01-09 16:08:00,109,310.0,2017-02-26 05:00:00,domingo,30,Normal,Seca y limpia,Plano,Terraplen,Recta,Parcial con reducción de carriles,0,0,1,0,1.0,Choque,no determinada,2504_2_109,7.0,17.0
Valle del Cauca,2018-01-09 16:14:00,114,840.0,2017-02-27 05:00:00,lunes,0,Normal,Seca y limpia,Plano,Terraplen,Recta,Parcial con reducción de carriles,0,0,1,0,1.0,Choque,no mantener distancia de seguridad,2504_2_114,19.0,5.0
Valle del Cauca,2018-01-09 16:17:00,112,998.0,2017-02-27 05:00:00,lunes,50,Normal,Seca y limpia,Plano,Terraplen,Recta,Parcial con reducción de carriles,0,0,1,0,1.0,Choque,no determinada,2504_2_112,14.0,10.0
Valle del Cauca,2018-01-17 14:35:00,111,850.0,2017-02-14 05:00:00,martes,15,Normal,Seca y limpia,Plano,Terraplen,Recta,Parcial con reducción de carriles,0,0,0,0,1.0,Choque,no mantener distancia de seguridad,2504_2_111,17.0,7.0
Valle del Cauca,2018-01-17 15:39:00,114,656.0,2017-02-18 05:00:00,sabado,0,Normal,Seca y limpia,Plano,Terraplen,Recta,Parcial con reducción de carriles,0,0,1,0,1.0,Volcamiento,embriaguez o sustancias alucinogenas,2504_2_114,7.0,17.0
Valle del Cauca,2018-02-01 19:42:00,111,850.0,2017-03-06 05:00:00,lunes,20,Normal,Seca y limpia,Plano,Terraplen,Recta,Parcial con reducción de carriles,0,0,3,0,1.0,Choque,no mantener distancia de seguridad,2504_2_111,12.0,12.0
Valle del Cauca,2018-02-01 19:47:00,110,555.0,2017-03-06 05:00:00,lunes,10,Normal,Seca y limpia,Plano,Terraplen,Recta,Parcial con reducción de carriles,0,0,2,0,1.0,Choque,no determinada,2504_2_110,4.0,20.0
Valle del Cauca,2018-02-01 19:51:00,111,910.0,2017-03-08 05:00:00,miercoles,20,Lluvia,Humeda,Plano,Terraplen,Recta,Parcial con reducción de carriles,0,0,0,0,1.0,Choque,no determinada,2504_2_111,14.0,10.0
Valle del Cauca,2018-02-01 19:57:00,116,350.0,2017-03-13 05:00:00,lunes,50,Lluvia,Humeda,Plano,Terraplen,Recta,Parcial con reducción de carriles,0,0,0,0,1.0,Choque,no mantener distancia de seguridad,2504_2_116,12.0,12.0
Valle del Cauca,2018-02-01 20:19:00,115,370.0,2017-03-17 05:00:00,viernes,45,Normal,Seca y limpia,Plano,Terraplen,Recta,Parcial con reducción de carriles,0,0,0,0,1.0,Choque,condiciones de la via y factores ambientales,2504_2_115,11.0,13.0
Valle del Cauca,2018-02-01 20:23:00,114,850.0,2017-03-17 05:00:00,viernes,45,Normal,Seca y limpia,Plano,Terraplen,Recta,Parcial con reducción de carriles,0,0,0,0,1.0,Choque,no mantener distancia de seguridad,2504_2_114,15.0,9.0
Valle del Cauca,2018-02-01 20:26:00,114,700.0,2017-03-18 05:00:00,sabado,0,Normal,Seca y limpia,Plano,Terraplen,Recta,Parcial con reducción de carriles,0,0,3,0,1.0,Choque,desobediencia a normas y senales,2504_2_114,19.0,5.0
Valle del Cauca,2018-02-01 20:31:00,111,200.0,2017-03-20 05:00:00,lunes,30,Normal,Seca y limpia,Plano,Terraplen,Recta,Parcial con reducción de carriles,0,0,0,0,1.0,Choque,no mantener distancia de seguridad,2504_2_111,14.0,10.0
Valle del Cauca,2018-02-01 20:37:00,111,200.0,2017-03-20 05:00:00,lunes,30,Lluvia,Humeda,Plano,Terraplen,Recta,Parcial con reducción de carriles,0,0,0,0,1.0,Choque,no mantener distancia de seguridad,2504_2_111,7.0,17.0
Valle del Cauca,2018-02-01 20:54:00,109,140.0,2017-03-21 05:00:00,martes,5,Normal,Seca y limpia,Plano,Terraplen,Recta,Parcial con reducción de carriles,0,0,3,0,1.0,Choque,maniobras imprudentes,2504_2_109,16.0,8.0
Valle del Cauca,2018-02-01 20:58:00,116,225.0,2017-03-22 05:00:00,miercoles,20,Normal,Seca y limpia,Plano,Terraplen,Recta,Parcial con reducción de carriles,0,0,1,0,1.0,Choque,no mantener distancia de seguridad,2504_2_116,4.0,20.0
Valle del Cauca,2018-02-01 21:05:00,114,30.0,2017-03-23 05:00:00,jueves,30,Normal,Seca y limpia,Plano,Terraplen,Recta,Parcial con reducción de carriles,0,0,0,0,1.0,Choque,no mantener distancia de seguridad,2504_2_114,15.0,9.0
Valle del Cauca,2018-02-15 21:01:00,107,150.0,2017-12-01 05:00:00,viernes,15,Normal,Seca y limpia,Plano,Terraplen,Recta,Parcial con reducción de carriles,0,0,1,0,1.0,Choque,no mantener distancia de seguridad,2504_2_107,8.0,16.0
Valle del Cauca,2018-02-15 21:03:00,109,970.0,2017-12-15 05:00:00,viernes,10,Lluvia,Lodo,Plano,Terraplen,Recta,Parcial con reducción de carriles,0,0,1,0,1.0,Choque,no determinada,2504_2_109,0.0,0.0
Valle del Cauca,2018-02-15 21:07:00,107,776.0,2017-12-04 05:00:00,lunes,45,Normal,Seca y limpia,Plano,Terraplen,Recta,Parcial con reducción de carriles,0,0,1,0,1.0,Volcamiento,maniobras imprudentes,2504_2_107,17.0,7.0
Valle del Cauca,2018-02-15 21:11:00,108,72.0,2017-12-13 05:00:00,miercoles,20,Normal,Seca y limpia,Plano,Terraplen,Recta,Parcial con reducción de carriles,0,0,2,0,1.0,Choque,no mantener distancia de seguridad,2504_2_108,11.0,13.0
Valle del Cauca,2018-03-09 19:52:00,114,15.0,2017-04-01 05:00:00,sabado,0,Normal,Seca y limpia,Plano,Terraplen,Recta,Parcial con reducción de carriles,0,0,0,0,1.0,Choque,desobediencia a normas y senales,2504_2_114,22.0,2.0
Valle del Cauca,2018-03-09 19:54:00,114,782.0,2017-04-03 05:00:00,lunes,0,Normal,Seca y limpia,Plano,Terraplen,Recta,Parcial con reducción de carriles,0,0,0,0,1.0,Choque,no mantener distancia de seguridad,2504_2_114,8.0,16.0
Valle del Cauca,2018-03-09 19:58:00,108,410.0,2017-04-05 05:00:00,miercoles,40,Normal,Seca y limpia,Plano,Terraplen,Recta,Parcial con reducción de carriles,0,0,1,0,1.0,Choque,no determinada,2504_2_108,4.0,20.0
Valle del Cauca,2018-03-09 20:03:00,111,650.0,2017-04-06 05:00:00,jueves,30,Normal,Seca y limpia,Plano,Terraplen,Recta,Parcial con reducción de carriles,0,0,0,0,1.0,Choque,no mantener distancia de seguridad,2504_2_111,8.0,16.0
Valle del Cauca,2018-03-09 20:35:00,111,683.0,2017-04-12 05:00:00,miercoles,16,Normal,Seca y limpia,Plano,Terraplen,Recta,Parcial con reducción de carriles,0,0,1,0,1.0,Salida de la vía sin volcarse,no determinada,2504_2_111,17.0,7.0
Valle del Cauca,2018-03-09 20:46:00,110,918.0,2017-04-16 05:00:00,domingo,30,Normal,Seca y limpia,Plano,Terraplen,Recta,Parcial con reducción de carriles,0,0,1,0,1.0,Choque,no determinada,2504_2_110,14.0,10.0
Valle del Cauca,2018-03-09 21:07:00,114,660.0,2017-04-25 05:00:00,martes,45,Normal,Seca y limpia,Plano,Terraplen,Recta,Parcial con reducción de carriles,0,0,0,0,1.0,Choque,no determinada,2504_2_114,3.0,21.0
Valle del Cauca,2018-03-09 21:19:00,110,280.0,2017-04-28 05:00:00,viernes,30,Normal,Seca y limpia,Plano,Terraplen,Recta,Parcial con reducción de carriles,0,0,14,0,1.0,Volcamiento,fallas mecanicas y del sistema electrico,2504_2_110,22.0,2.0
Valle del Cauca,2018-03-21 21:25:00,112,305.0,2017-05-24 05:00:00,miercoles,0,Normal,Seca y limpia,Plano,Terraplen,Recta,Parcial con reducción de carriles,0,0,0,0,1.0,Choque,exceso en horas de conduccion,2504_2_112,13.0,11.0
Valle del Cauca,2018-03-21 21:41:00,111,124.0,2017-05-29 05:00:00,lunes,30,Normal,Seca y limpia,Plano,Terraplen,Recta,Parcial con reducción de carriles,0,0,0,0,1.0,Choque,no mantener distancia de seguridad,2504_2_111,7.0,17.0