territorial,fecha_registro,pr,distancia_pr,fecha_acc,dia_semana_acc,min_acc,condic_meteor,estado_super,terreno,secc_tip,geometria_acc,tipo_cierre,horas_cierre,min_cierre,n_heridos,n_muertos,n_victimas,clase_accidente,causa_posible,ref_loc,hora_acc,duracion_cierre_horas
Valle del Cauca,2018-04-13 21:04:00,111,600.0,2017-06-02 05:00:00,viernes,40,Normal,Seca y limpia,Plano,Terraplen,Recta,Parcial con reducción de carriles,0,0,0,0,1.0,Choque,no mantener distancia de seguridad,2504_2_111,7.0,17.0
Valle del Cauca,2018-04-13 21:06:00,110,982.0,2017-06-04 05:00:00,domingo,20,Normal,Seca y limpia,Plano,Terraplen,Recta,Parcial con reducción de carriles,0,0,0,0,1.0,Choque,no mantener distancia de seguridad,2504_2_110,20.0,4.0
Valle del Cauca,2018-04-13 21:19:00,111,800.0,2017-06-14 05:00:00,miercoles,20,Normal,Seca y limpia,Plano,Terraplen,Recta,Parcial con reducción de carriles,0,0,1,0,1.0,Choque,no mantener distancia de seguridad,2504_2_111,14.0,10.0
Valle del Cauca,2018-04-13 21:23:00,110,960.0,2017-06-20 05:00:00,martes,10,Normal,Seca y limpia,Plano,Terraplen,Recta,Parcial con reducción de carriles,0,0,3,0,1.0,Volcamiento,embriaguez o sustancias alucinogenas,2504_2_110,17.0,7.0
Valle del Cauca,2018-04-13 21:26:00,115,150.0,2017-06-20 05:00:00,martes,50,Normal,Seca y limpia,Plano,Terraplen,Recta,Parcial con reducción de carriles,0,0,2,0,1.0,Choque,no determinada,2504_2_115,13.0,11.0
Valle del Cauca,2018-04-13 21:41:00,116,750.0,2017-06-29 05:00:00,jueves,1,Normal,Seca y limpia,Plano,Terraplen,Recta,Parcial con reducción de carriles,0,0,0,0,1.0,Choque,no determinada,2504_2_116,21.0,3.0
Valle del Cauca,2017-05-09 16:09:00,106,549.0,2017-03-12 05:00:00,domingo,15,Normal,Seca y limpia,Plano,Terraplen,Curva Derecha,Parcial con reducción de carriles,0,0,0,0,1.0,Choque,adelantamientos indebidos,2504_1_106,12.0,12.0
Valle del Cauca,2017-06-29 18:51:00,106,549.0,2017-04-29 05:00:00,sabado,0,Normal,Seca y limpia,Plano,Terraplen,Curva Derecha,Parcial con paso alternado,0,0,0,0,1.0,Choque,desobediencia a normas y senales,2504_1_106,21.0,3.0
Valle del Cauca,2017-06-29 19:00:00,106,549.0,2017-05-12 05:00:00,viernes,30,Normal,Seca y limpia,Plano,Terraplen,Curva Derecha,Parcial con paso alternado,0,0,0,0,1.0,Choque,desobediencia a normas y senales,2504_1_106,16.0,8.0
Valle del Cauca,2017-12-14 14:45:00,115,60.0,2016-12-21 05:00:00,miercoles,30,Normal,Humeda,Plano,Terraplen,Recta,Parcial con reducción de carriles,0,0,0,0,1.0,Choque,no mantener distancia de seguridad,2504_1_115,18.0,6.0
Valle del Cauca,2017-12-14 14:50:00,115,490.0,2016-12-23 05:00:00,viernes,10,Normal,Seca y limpia,Plano,Terraplen,Recta,Parcial con reducción de carriles,0,0,0,0,1.0,Choque,no mantener distancia de seguridad,2504_1_115,5.0,19.0
Valle del Cauca,2017-12-14 15:22:00,114,460.0,2016-12-25 05:00:00,domingo,35,Normal,Seca y limpia,Plano,Terraplen,Recta,Parcial con reducción de carriles,0,0,1,0,1.0,Choque,embriaguez o sustancias alucinogenas,2504_1_114,11.0,13.0
Valle del Cauca,2017-12-14 15:32:00,116,425.0,2016-12-27 05:00:00,martes,0,Normal,Seca y limpia,Plano,Terraplen,Recta,Parcial con reducción de carriles,0,0,0,0,1.0,Choque,no determinada,2504_1_116,8.0,16.0
Valle del Cauca,2017-12-14 15:36:00,113,983.0,2016-12-31 05:00:00,sabado,0,Normal,Seca y limpia,Plano,Terraplen,Recta,Parcial con reducción de carriles,0,0,0,0,1.0,Choque,no mantener distancia de seguridad,2504_1_113,19.0,5.0
Valle del Cauca,2017-05-06 02:24:00,29,650.0,2017-01-13 05:00:00,viernes,50,Lluvia,Humeda,Plano,Terraplen,Curva Izquierda,Transito normal con precaución,0,0,0,0,1.0,Volcamiento,condiciones de la via y factores ambientales,2302_2_29,16.0,8.0
Valle del Cauca,2017-05-06 02:27:00,58,150.0,2017-01-14 05:00:00,sabado,0,Normal,Seca y limpia,Plano,Terraplen,Recta,Transito normal con precaución,0,0,0,0,1.0,Choque,no determinada,2302_2_58,22.0,2.0
Valle del Cauca,2017-05-06 02:47:00,61,400.0,2017-04-24 05:00:00,lunes,40,Normal,Seca y limpia,Ondulado,Media Ladera Derecha,Recta,Transito normal con precaución,0,0,1,0,1.0,Choque,no mantener distancia de seguridad,2302_2_61,17.0,7.0
Valle del Cauca,2017-05-06 02:53:00,48,750.0,2017-04-10 05:00:00,lunes,50,Normal,Seca y limpia,Plano,Terraplen,Curva Derecha,Transito normal con precaución,0,0,0,0,1.0,Choque,exceso en horas de conduccion,2302_2_48,1.0,23.0
Valle del Cauca,2017-06-20 19:40:00,28,700.0,2017-05-08 05:00:00,lunes,10,Lluvia,Humeda,Plano,Media Ladera Derecha,Curva Derecha,Transito normal con precaución,0,0,0,0,1.0,Choque,no determinada,2302_2_28,11.0,13.0
Valle del Cauca,2017-07-15 00:48:00,102,600.0,2017-06-17 05:00:00,sabado,15,Seca,Seca y limpia,Plano,Terraplen,Recta,Transito normal con precaución,0,0,1,0,1.0,Choque,no determinada,2302_2_102,19.0,5.0
Valle del Cauca,2017-07-15 00:54:00,84,350.0,2017-06-17 05:00:00,sabado,17,Seca,Seca y limpia,Plano,Terraplen,Recta,Transito normal con precaución,0,0,0,0,1.0,Choque,fallas mecanicas y del sistema electrico,2302_2_84,6.0,18.0
Valle del Cauca,2017-07-25 01:56:00,34,650.0,2017-06-28 05:00:00,miercoles,50,Seca,Seca y limpia,Plano,Terraplen,Recta,Transito normal con precaución,0,0,0,1,1.0,Atropello,no determinada,2302_2_34,12.0,12.0
Valle del Cauca,2017-07-25 02:00:00,82,450.0,2017-06-29 05:00:00,jueves,50,Seca,Seca y limpia,Plano,Terraplen,Recta,Transito normal con precaución,0,0,0,1,1.0,Choque,impericia en el manejo,2302_2_82,22.0,2.0
Valle del Cauca,2017-08-14 23:24:00,28,0.0,2017-07-01 05:00:00,sabado,40,Seca,Seca y limpia,Plano,Media ladera Izquierda,Recta,Transito normal con precaución,0,0,0,0,1.0,Choque,exceso en horas de conduccion,2302_2_28,1.0,23.0
Valle del Cauca,2017-08-14 23:27:00,77,950.0,2017-07-19 05:00:00,miercoles,40,Seca,Seca y limpia,Plano,Terraplen,Recta,Transito normal con precaución,0,0,2,0,1.0,Choque,no mantener distancia de seguridad,2302_2_77,8.0,16.0
Valle del Cauca,2017-08-14 23:33:00,45,700.0,2017-07-24 05:00:00,lunes,30,Seca,Seca y limpia,Plano,Cajón,Recta,Transito normal con precaución,0,0,0,0,1.0,Choque,no determinada,2302_2_45,0.0,0.0
Valle del Cauca,2017-08-14 23:39:00,50,700.0,2017-07-30 05:00:00,domingo,10,Seca,Seca y limpia,Plano,Terraplen,Recta,Transito normal con precaución,0,0,1,0,1.0,Choque,no mantener distancia de seguridad,2302_2_50,17.0,7.0
Valle del Cauca,2017-09-12 01:25:00,53,750.0,2017-08-06 05:00:00,domingo,40,Normal,Seca y limpia,Plano,Terraplen,Curva Derecha,Transito normal con precaución,0,0,0,0,1.0,Choque,exceso en horas de conduccion,2302_2_53,19.0,5.0
Valle del Cauca,2017-09-12 01:31:00,81,950.0,2017-08-12 05:00:00,sabado,0,Normal,Seca y limpia,Plano,Terraplen,Recta,Transito normal con precaución,0,0,1,0,1.0,Choque,no mantener distancia de seguridad,2302_2_81,15.0,9.0
Valle del Cauca,2017-09-12 01:37:00,53,680.0,2017-08-13 05:00:00,domingo,10,Normal,Seca y limpia,Plano,Terraplen,Recta,Transito normal con precaución,0,0,2,0,1.0,Choque,no determinada,2302_2_53,15.0,9.0
Valle del Cauca,2017-09-12 01:42:00,27,230.0,2017-08-29 05:00:00,martes,40,Normal,Seca y limpia,Plano,Media Ladera Derecha,Recta,Transito normal con precaución,0,0,0,2,1.0,Choque,no determinada,2302_2_27,19.0,5.0
Risaralda,2017-09-13 16:22:00,133,240.0,2017-07-06 05:00:00,jueves,0,Normal,Seca y limpia,Plano,Terraplen,Recta,Transito normal con precaución,0,0,0,1,1.0,Choque,no determinada,2302_2_133,14.0,10.0
Valle del Cauca,2017-10-18 15:38:00,90,340.0,2017-09-14 05:00:00,jueves,30,Sol,Seca y limpia,Plano,Terraplen,Recta,Transito normal con precaución,0,0,0,1,1.0,Choque,maniobras imprudentes,2302_2_90,15.0,9.0
Valle del Cauca,2017-10-18 15:51:00,95,400.0,2017-09-14 05:00:00,jueves,0,Seca,Seca y limpia,Plano,Media ladera Izquierda,Recta,Transito normal con precaución,0,0,0,1,1.0,Choque,no determinada,2302_2_95,12.0,12.0
Valle del Cauca,2017-10-18 15:57:00,74,620.0,2017-09-18 05:00:00,lunes,30,Lluvia,Humeda,Plano,Terraplen,Recta,Transito normal con precaución,0,0,0,1,1.0,Choque,adelantamientos indebidos,2302_2_74,10.0,14.0
Valle del Cauca,2017-11-21 02:44:00,59,230.0,2017-10-01 05:00:00,domingo,20,Lluvia,Humeda,Plano,Terraplen,Recta,Transito normal con precaución,0,0,0,0,1.0,Choque,exceso en horas de conduccion,2302_2_59,11.0,13.0
Valle del Cauca,2017-11-21 02:47:00,100,100.0,2017-10-13 05:00:00,viernes,0,Seca,Seca y limpia,Plano,Cajón,Recta,Transito normal con precaución,0,0,0,1,1.0,Choque,estacionamiento y senalizacion imprudente,2302_2_100,5.0,19.0
Valle del Cauca,2017-11-21 02:50:00,59,650.0,2017-10-16 05:00:00,lunes,0,Seca,Seca y limpia,Ondulado,Cajón,Curva Izquierda,Transito normal con precaución,0,0,0,0,1.0,Choque,embriaguez o sustancias alucinogenas,2302_2_59,16.0,8.0
Valle del Cauca,2017-11-21 02:54:00,50,520.0,2017-10-25 05:00:00,miercoles,45,Sol,Seca y limpia,Plano,Terraplen,Recta,Transito normal con precaución,0,0,2,0,1.0,Choque,adelantamientos indebidos,2302_2_50,16.0,8.0
Valle del Cauca,2017-12-29 03:19:00,31,810.0,2017-11-18 05:00:00,sabado,30,Sol,Seca y limpia,Plano,Media ladera Izquierda,Recta,Transito normal con precaución,0,0,0,0,1.0,Choque,no determinada,2302_2_31,7.0,17.0
Valle del Cauca,2017-12-29 03:22:00,96,0.0,2017-11-25 05:00:00,sabado,20,Sol,Seca y limpia,Plano,Media ladera Izquierda,Recta,Transito normal con precaución,0,0,1,0,1.0,Choque,maniobras imprudentes,2302_2_96,19.0,5.0
Valle del Cauca,2018-01-19 04:21:00,93,800.0,2017-12-11 05:00:00,lunes,30,Lluvia,Humeda,Plano,Media ladera Izquierda,Recta,Transito normal con precaución,0,0,0,0,1.0,Atropello,no determinada,2302_2_93,17.0,7.0
Valle del Cauca,2018-01-19 04:26:00,74,1000.0,2017-12-12 05:00:00,martes,0,Seca,Seca y limpia,Plano,Terraplen,Recta,Transito normal con precaución,0,0,0,0,1.0,Choque,no determinada,2302_2_74,4.0,20.0
Valle del Cauca,2018-01-19 04:29:00,119,600.0,2017-12-22 05:00:00,viernes,0,Sol,Seca y limpia,Ondulado,Cajón,Recta,Transito normal con precaución,0,0,1,0,1.0,Choque,no determinada,2302_2_119,10.0,14.0
Valle del Cauca,2018-01-19 04:31:00,86,100.0,2017-12-25 05:00:00,lunes,25,Seca,Seca y limpia,Plano,Media ladera Izquierda,Recta,Transito normal con precaución,0,0,1,0,1.0,Choque,embriaguez o sustancias alucinogenas,2302_2_86,5.0,19.0
Valle del Cauca,2018-01-19 04:34:00,75,30.0,2017-12-31 05:00:00,domingo,40,Sol,Seca y limpia,Plano,Terraplen,Recta,Transito normal con precaución,0,0,0,0,1.0,Choque,adelantamientos indebidos,2302_2_75,10.0,14.0
Risaralda,2018-02-15 14:55:00,133,130.0,2018-01-09 05:00:00,martes,30,Normal,Humeda,Plano,Terraplen,Curva Derecha,Transito normal con precaución,0,0,1,3,1.0,Choque,no determinada,2302_2_133,13.0,11.0
Valle del Cauca,2018-02-26 17:23:00,13,400.0,2018-01-04 05:00:00,jueves,40,Seca,Seca y limpia,Plano,Terraplen,Recta,Transito normal con precaución,0,0,0,0,1.0,Choque,fallas mecanicas y del sistema electrico,2302_2_13,8.0,16.0
Valle del Cauca,2018-02-26 17:27:00,93,40.0,2018-01-06 05:00:00,sabado,50,Seca,Seca y limpia,Plano,Media ladera Izquierda,Curva Derecha,Transito normal con precaución,0,0,0,2,1.0,Choque,embriaguez o sustancias alucinogenas,2302_2_93,17.0,7.0
Valle del Cauca,2018-02-26 17:31:00,45,0.0,2018-01-24 05:00:00,miercoles,40,Sol,Seca y limpia,Plano,Media ladera Izquierda,Recta,Transito normal con precaución,0,0,0,0,1.0,Choque,fallas mecanicas y del sistema electrico,2302_2_45,12.0,12.0
Valle del Cauca,2018-02-26 20:08:00,71,800.0,2017-03-26 05:00:00,domingo,5,Lluvia,Humeda,Plano,Cajón,Curva Derecha,Transito normal con precaución,0,0,0,0,1.0,Choque,no determinada,2302_2_71,12.0,12.0
Valle del Cauca,2018-02-26 20:13:00,96,900.0,2017-03-22 05:00:00,miercoles,0,Lluvia,Humeda,Plano,Terraplen,Recta,Transito normal con precaución,0,0,0,1,1.0,Choque,no determinada,2302_2_96,1.0,23.0
Valle del Cauca,2018-04-13 13:10:00,102,720.0,2018-03-01 05:00:00,jueves,40,Seca,Seca y limpia,Plano,Cajón,Recta,Transito normal con precaución,0,0,0,1,1.0,Choque,no determinada,2302_2_102,12.0,12.0
Valle del Cauca,2018-04-13 13:13:00,81,850.0,2018-03-09 05:00:00,viernes,40,Seca,Seca y limpia,Plano,Media ladera Izquierda,Recta,Transito normal con precaución,0,0,0,0,1.0,Choque,no mantener distancia de seguridad,2302_2_81,5.0,19.0
Valle del Cauca,2018-04-13 13:17:00,46,843.0,2018-03-10 05:00:00,sabado,20,Seca,Seca y limpia,Plano,Terraplen,Recta,Transito normal con precaución,0,0,0,0,1.0,Volcamiento,no determinada,2302_2_46,11.0,13.0
Valle del Cauca,2018-04-13 13:21:00,81,625.0,2018-03-24 05:00:00,sabado,50,Seca,Seca y limpia,Plano,Terraplen,Recta,Transito normal con precaución,0,0,2,0,1.0,Choque,desobediencia a normas y senales,2302_2_81,9.0,15.0
Valle del Cauca,2018-04-13 13:24:00,0,250.0,2018-03-26 05:00:00,lunes,30,Seca,Seca y limpia,Plano,Media Ladera Derecha,Curva Izquierda,Transito normal con precaución,0,0,0,0,1.0,Choque,no determinada,2302_2_0,0.0,0.0
Valle del Cauca,2018-04-13 13:28:00,58,600.0,2018-03-30 05:00:00,viernes,30,Seca,Seca y limpia,Plano,Terraplen,Recta,Transito normal con precaución,0,0,1,0,1.0,Choque,maniobras imprudentes,2302_2_58,11.0,13.0
Valle del Cauca,2017-06-29 19:57:00,9,450.0,2017-01-23 05:00:00,lunes,40,Viento,Seca y limpia,Plano,Terraplen,Recta,Parcial con reducción de carriles,0,0,0,0,1.0,Choque,adelantamientos indebidos,2301_2_9,5.0,19.0
Valle del Cauca,2017-07-05 17:33:00,9,470.0,2017-03-06 05:00:00,lunes,50,Lluvia,Humeda,Plano,Terraplen,Recta,Parcial con reducción de carriles,0,0,9,0,1.0,Volcamiento,no determinada,2301_2_9,3.0,21.0
Valle del Cauca,2017-07-05 17:40:00,9,470.0,2017-04-09 05:00:00,domingo,40,Normal,Seca y limpia,Plano,Terraplen,Recta,Parcial con reducción de carriles,0,0,2,0,1.0,Choque,condiciones de la via y factores ambientales,2301_2_9,7.0,17.0
Valle del Cauca,2018-03-09 19:05:00,9,310.0,2017-04-09 05:00:00,domingo,30,Normal,Seca y limpia,Plano,Terraplen,Recta,Parcial con reducción de carriles,0,0,2,0,1.0,Choque,no determinada,2301_2_9,6.0,18.0
Valle del Cauca,2018-03-26 18:49:00,9,700.0,2017-05-11 05:00:00,jueves,30,Seca,Seca y limpia,Plano,Terraplen,Recta,Parcial con reducción de carriles,0,0,1,0,1.0,Volcamiento,no determinada,2301_2_9,1.0,23.0
Valle del Cauca,2017-05-09 14:23:00,0,600.0,2016-12-14 05:00:00,miercoles,45,Normal,Seca y limpia,Plano,Terraplen,Recta,Parcial con reducción de carriles,0,0,0,0,1.0,Choque,no determinada,2301_2_0,10.0,14.0
Valle del Cauca,2017-05-09 14:27:00,0,500.0,2016-12-14 05:00:00,miercoles,0,Normal,Seca y limpia,Plano,Terraplen,Recta,Parcial con reducción de carriles,0,0,0,0,1.0,Choque,condiciones de la via y factores ambientales,2301_2_0,13.0,11.0
Valle del Cauca,2017-06-29 19:35:00,0,430.0,2017-01-24 05:00:00,martes,40,Normal,Seca y limpia,Plano,Terraplen,Recta,Parcial con reducción de carriles,0,0,0,0,1.0,Choque,adelantamientos indebidos,2301_2_0,20.0,4.0
Valle del Cauca,2017-06-29 20:28:00,1,950.0,2017-01-08 05:00:00,domingo,30,Normal,Seca y limpia,Plano,Terraplen,Recta,Parcial con reducción de carriles,0,0,0,0,1.0,Choque,no mantener distancia de seguridad,2301_2_1,1.0,23.0
Valle del Cauca,2017-06-29 20:49:00,6,950.0,2017-02-16 05:00:00,jueves,32,Normal,Seca y limpia,Plano,Terraplen,Curva Derecha,Parcial con reducción de carriles,0,0,2,0,1.0,Choque,no determinada,2301_2_6,9.0,15.0
Valle del Cauca,2017-06-29 21:10:00,0,430.0,2017-02-15 05:00:00,miercoles,40,Normal,Seca y limpia,Plano,Terraplen,Recta,Parcial con reducción de carriles,0,0,2,0,1.0,Choque,adelantamientos indebidos,2301_2_0,4.0,20.0
Valle del Cauca,2017-06-29 21:46:00,11,370.0,2017-02-14 05:00:00,martes,30,Normal,Seca y limpia,Plano,Terraplen,Recta,Parcial con reducción de carriles,0,0,0,0,1.0,Choque,no mantener distancia de seguridad,2301_2_11,10.0,14.0
Valle del Cauca,2017-07-05 15:47:00,1,200.0,2017-02-01 05:00:00,miercoles,10,Normal,Seca y limpia,Plano,Terraplen,Recta,Parcial con reducción de carriles,0,0,0,0,1.0,Choque,no mantener distancia de seguridad,2301_2_1,16.0,8.0
Valle del Cauca,2017-07-06 16:04:00,0,430.0,2017-03-09 05:00:00,jueves,20,Normal,Seca y limpia,Plano,Terraplen,Recta,Parcial con reducción de carriles,0,0,0,0,1.0,Choque,no mantener distancia de seguridad,2301_2_0,22.0,2.0
Valle del Cauca,2017-07-06 16:11:00,7,900.0,2017-01-07 05:00:00,sabado,30,Normal,Seca y limpia,Plano,Terraplen,Recta,Parcial con reducción de carriles,0,0,0,0,1.0,Choque,no mantener distancia de seguridad,2301_2_7,4.0,20.0
Valle del Cauca,2017-07-05 16:54:00,2,920.0,2017-02-02 05:00:00,jueves,30,Normal,Seca y limpia,Plano,Terraplen,Recta,Parcial con reducción de carriles,0,0,2,0,1.0,Choque,no determinada,2301_2_2,4.0,20.0
Valle del Cauca,2017-07-05 17:15:00,5,500.0,2017-02-01 05:00:00,miercoles,40,Normal,Seca y limpia,Plano,Terraplen,Recta,Parcial con reducción de carriles,0,0,0,0,1.0,Choque,no determinada,2301_2_5,14.0,10.0
Valle del Cauca,2017-07-05 17:21:00,3,0.0,2017-03-24 05:00:00,viernes,30,Normal,Seca y limpia,Plano,Terraplen,Recta,Parcial con reducción de carriles,0,0,0,0,1.0,Volcamiento,exceso de velocidad,2301_2_3,13.0,11.0
Valle del Cauca,2017-07-05 17:26:00,3,870.0,2017-03-20 05:00:00,lunes,20,Normal,Seca y limpia,Plano,Terraplen,Recta,Parcial con reducción de carriles,0,0,0,0,1.0,Choque,maniobras imprudentes,2301_2_3,7.0,17.0
Valle del Cauca,2017-07-05 17:29:00,11,400.0,2017-03-14 05:00:00,martes,20,Normal,Seca y limpia,Plano,Terraplen,Recta,Parcial con reducción de carriles,0,0,0,0,1.0,Choque,no mantener distancia de seguridad,2301_2_11,17.0,7.0
Valle del Cauca,2017-07-05 18:31:00,5,820.0,2017-03-14 05:00:00,martes,0,Normal,Seca y limpia,Plano,Terraplen,Recta,Parcial con reducción de carriles,0,0,1,0,1.0,Choque,maniobras imprudentes,2301_2_5,10.0,14.0
Valle del Cauca,2017-07-05 18:47:00,5,590.0,2017-04-20 05:00:00,jueves,15,Normal,Seca y limpia,Plano,Terraplen,Recta,Parcial con reducción de carriles,0,0,2,0,1.0,Volcamiento,fallas mecanicas y del sistema electrico,2301_2_5,18.0,6.0
Valle del Cauca,2017-07-05 19:11:00,5,280.0,2017-02-03 05:00:00,viernes,0,Normal,Seca y limpia,Plano,Terraplen,Recta,Parcial con reducción de carriles,0,0,0,0,1.0,Choque,no mantener distancia de seguridad,2301_2_5,8.0,16.0
Valle del Cauca,2017-07-05 19:22:00,4,500.0,2017-04-06 05:00:00,jueves,30,Normal,Seca y limpia,Plano,Terraplen,Recta,Parcial con reducción de carriles,0,0,0,0,1.0,Choque,no determinada,2301_2_4,3.0,21.0
Valle del Cauca,2017-07-05 19:37:00,4,500.0,2017-03-03 05:00:00,viernes,55,Normal,Seca y limpia,Plano,Terraplen,Recta,Parcial con reducción de carriles,0,0,0,0,1.0,Choque,no mantener distancia de seguridad,2301_2_4,20.0,4.0
Valle del Cauca,2017-07-05 20:00:00,3,15.0,2017-03-14 05:00:00,martes,0,Normal,Seca y limpia,Plano,Terraplen,Recta,Parcial con reducción de carriles,0,0,1,0,1.0,Choque,no determinada,2301_2_3,17.0,7.0
Valle del Cauca,2017-07-05 20:04:00,3,15.0,2017-04-04 05:00:00,martes,30,Normal,Seca y limpia,Plano,Terraplen,Recta,Parcial con reducción de carriles,0,0,0,0,1.0,Choque,no determinada,2301_2_3,6.0,18.0
Valle del Cauca,2017-07-05 20:11:00,1,600.0,2017-04-17 05:00:00,lunes,45,Normal,Seca y limpia,Plano,Terraplen,Recta,Parcial con reducción de carriles,0,0,0,0,1.0,Choque,adelantamientos indebidos,2301_2_1,19.0,5.0
Valle del Cauca,2017-07-05 20:14:00,1,600.0,2017-03-14 05:00:00,martes,0,Normal,Seca y limpia,Plano,Terraplen,Recta,Parcial con reducción de carriles,0,0,0,0,1.0,Choque,no determinada,2301_2_1,18.0,6.0
Valle del Cauca,2017-07-05 20:17:00,1,600.0,2017-04-04 05:00:00,martes,45,Normal,Seca y limpia,Plano,Terraplen,Recta,Parcial con reducción de carriles,0,0,1,0,1.0,Choque,desobediencia a normas y senales,2301_2_1,6.0,18.0
Valle del Cauca,2017-07-05 21:45:00,1,200.0,2017-03-02 05:00:00,jueves,20,Normal,Seca y limpia,Plano,Terraplen,Recta,Parcial con reducción de carriles,0,0,0,0,1.0,Choque,no determinada,2301_2_1,1.0,23.0
Valle del Cauca,2017-07-05 21:47:00,0,540.0,2017-03-15 05:00:00,miercoles,5,Normal,Seca y limpia,Plano,Terraplen,Recta,Parcial con reducción de carriles,0,0,0,0,1.0,Choque,no mantener distancia de seguridad,2301_2_0,2.0,22.0
Valle del Cauca,2018-03-09 18:47:00,1,510.0,2017-04-04 05:00:00,martes,45,Normal,Seca y limpia,Plano,Terraplen,Recta,Parcial con reducción de carriles,0,0,1,0,1.0,Choque,desobediencia a normas y senales,2301_2_1,8.0,16.0
Valle del Cauca,2018-03-09 18:55:00,4,480.0,2017-04-05 05:00:00,miercoles,20,Lluvia,Humeda,Plano,Terraplen,Recta,Parcial con reducción de carriles,0,0,0,0,1.0,Choque,no determinada,2301_2_4,6.0,18.0
Valle del Cauca,2018-03-09 18:59:00,4,480.0,2017-04-06 05:00:00,jueves,30,Lluvia,Humeda,Plano,Terraplen,Recta,Parcial con reducción de carriles,0,0,0,0,1.0,Choque,maniobras imprudentes,2301_2_4,1.0,23.0
Valle del Cauca,2018-03-09 19:13:00,1,510.0,2017-04-17 05:00:00,lunes,45,Normal,Seca y limpia,Plano,Terraplen,Recta,Parcial con reducción de carriles,0,0,1,0,1.0,Choque,desobediencia a normas y senales,2301_2_1,7.0,17.0
Valle del Cauca,2018-03-09 19:16:00,8,635.0,2017-04-18 05:00:00,martes,20,Normal,Seca y limpia,Plano,Terraplen,Recta,Parcial con reducción de carriles,0,0,3,0,1.0,Choque,no mantener distancia de seguridad,2301_2_8,16.0,8.0
Valle del Cauca,2018-03-09 19:21:00,8,1090.0,2017-04-20 05:00:00,jueves,20,Lluvia,Humeda,Plano,Terraplen,Curva Derecha,Parcial con reducción de carriles,0,0,0,0,1.0,Choque,desobediencia a normas y senales,2301_2_8,13.0,11.0
Valle del Cauca,2018-03-09 19:36:00,2,903.0,2017-04-24 05:00:00,lunes,30,Normal,Humeda,Plano,Terraplen,Recta,Parcial con reducción de carriles,0,0,0,0,1.0,Volcamiento,exceso de velocidad,2301_2_2,17.0,7.0
Valle del Cauca,2018-03-26 18:02:00,2,240.0,2017-05-04 05:00:00,jueves,10,Normal,Seca y limpia,Plano,Terraplen,Recta,Parcial con reducción de carriles,0,0,0,0,1.0,Choque,no determinada,2301_2_2,7.0,17.0
Valle del Cauca,2018-03-26 19:24:00,7,40.0,2017-05-15 05:00:00,lunes,36,Normal,Seca y limpia,Plano,Terraplen,Curva Izquierda,Parcial con reducción de carriles,0,0,0,0,1.0,Choque,no determinada,2301_2_7,16.0,8.0
Valle del Cauca,2018-03-26 19:34:00,3,870.0,2017-05-17 05:00:00,miercoles,0,Normal,Seca y limpia,Plano,Terraplen,Recta,Parcial con reducción de carriles,0,0,0,0,1.0,Choque,no mantener distancia de seguridad,2301_2_3,18.0,6.0
Valle del Cauca,2018-03-26 19:37:00,2,0.0,2017-05-17 05:00:00,miercoles,30,Normal,Seca y limpia,Plano,Terraplen,Recta,Parcial con reducción de carriles,0,0,1,0,1.0,Choque,no determinada,2301_2_2,13.0,11.0
Valle del Cauca,2018-03-26 19:59:00,4,500.0,2017-05-30 05:00:00,martes,56,Normal,Seca y limpia,Plano,Terraplen,Recta,Parcial con reducción de carriles,0,0,3,0,1.0,Choque,desobediencia a normas y senales,2301_2_4,1.0,23.0
Valle del Cauca,2018-03-26 20:03:00,6,198.0,2017-05-31 05:00:00,miercoles,23,Normal,Seca y limpia,Plano,Terraplen,Recta,Parcial con reducción de carriles,0,0,0,0,1.0,Choque,no mantener distancia de seguridad,2301_2_6,9.0,15.0
Valle del Cauca,2018-04-16 13:52:00,4,270.0,2017-06-06 05:00:00,martes,0,Normal,Seca y limpia,Plano,Terraplen,Recta,Parcial con reducción de carriles,0,0,1,0,1.0,Choque,no determinada,2301_2_4,6.0,18.0
Valle del Cauca,2018-04-16 17:01:00,4,45.0,1969-12-31 23:49:00,domingo,50,Normal,Seca y limpia,Plano,Terraplen,Recta,Parcial con reducción de carriles,0,0,0,0,1.0,Choque,no mantener distancia de seguridad,2301_2_4,16.0,8.0
Valle del Cauca,2018-04-16 18:01:00,11,650.0,2017-06-15 05:00:00,jueves,10,Normal,Seca y limpia,Plano,Terraplen,Recta,Parcial con reducción de carriles,0,0,2,0,1.0,Atropello,conducta de peatones,2301_2_11,14.0,10.0
Valle del Cauca,2018-04-16 18:09:00,1,735.0,2017-06-16 05:00:00,viernes,30,Normal,Seca y limpia,Plano,Terraplen,Recta,Parcial con reducción de carriles,0,0,1,0,1.0,Choque,impericia en el manejo,2301_2_1,12.0,12.0
Valle del Cauca,2018-04-16 18:36:00,0,480.0,2017-06-20 05:00:00,martes,50,Normal,Seca y limpia,Plano,Terraplen,Recta,Parcial con reducción de carriles,0,0,0,0,1.0,Choque,maniobras imprudentes,2301_2_0,18.0,6.0
Valle del Cauca,2018-04-16 18:39:00,7,585.0,2017-06-20 05:00:00,martes,40,Lluvia,Humeda,Plano,Terraplen,Recta,Parcial con reducción de carriles,0,0,2,0,1.0,Atropello,no mantener distancia de seguridad,2301_2_7,8.0,16.0