territorial,fecha_registro,pr,distancia_pr,fecha_acc,dia_semana_acc,min_acc,condic_meteor,estado_super,terreno,secc_tip,geometria_acc,tipo_cierre,horas_cierre,min_cierre,n_heridos,n_muertos,n_victimas,clase_accidente,causa_posible,ref_loc,hora_acc,duracion_cierre_horas
Valle del Cauca,2018-04-16 19:04:00,0,480.0,2017-06-24 05:00:00,sabado,20,Normal,Seca y limpia,Plano,Terraplen,Recta,Parcial con reducción de carriles,0,0,0,0,1.0,Choque,no determinada,2301_2_0,19.0,5.0
Valle del Cauca,2017-05-09 15:27:00,9,0.0,2016-12-14 05:00:00,miercoles,20,Normal,Seca y limpia,Plano,Terraplen,Curva Derecha,Parcial con reducción de carriles,0,0,1,0,1.0,Volcamiento,fallas mecanicas y del sistema electrico,2301_1_9,1.0,23.0
Valle del Cauca,2017-07-05 15:45:00,9,600.0,2017-02-12 05:00:00,domingo,10,Normal,Seca y limpia,Plano,Terraplen,Recta,Parcial con reducción de carriles,0,0,1,0,1.0,Volcamiento,no determinada,2301_1_9,14.0,10.0
Valle del Cauca,2018-04-19 19:14:00,9,350.0,2018-03-01 05:00:00,jueves,30,Normal,Seca y limpia,Plano,Terraplen,Recta,Parcial con reducción de carriles,0,0,2,1,1.0,Choque,adelantamientos indebidos,2301_1_9,5.0,19.0
Valle del Cauca,2017-07-05 19:49:00,3,190.0,2017-04-05 05:00:00,miercoles,0,Normal,Seca y limpia,Plano,Terraplen,Recta,Parcial con reducción de carriles,0,0,0,0,1.0,Choque,no determinada,2301_1_3,16.0,8.0
Valle del Cauca,2017-07-05 19:56:00,3,15.0,2017-03-14 05:00:00,martes,40,Normal,Seca y limpia,Plano,Terraplen,Recta,Parcial con reducción de carriles,0,0,0,0,1.0,Choque,embriaguez o sustancias alucinogenas,2301_1_3,0.0,0.0
Valle del Cauca,2017-07-05 21:38:00,1,220.0,2017-03-13 05:00:00,lunes,45,Normal,Seca y limpia,Plano,Terraplen,Recta,Parcial con reducción de carriles,0,0,0,0,1.0,Choque,maniobras imprudentes,2301_1_1,14.0,10.0
Valle del Cauca,2017-07-05 21:41:00,2,0.0,2017-03-09 05:00:00,jueves,0,Normal,Seca y limpia,Plano,Terraplen,Recta,Parcial con reducción de carriles,0,0,0,0,1.0,Choque,no mantener distancia de seguridad,2301_1_2,7.0,17.0
Valle del Cauca,2017-07-05 21:53:00,0,445.0,2017-03-18 05:00:00,sabado,50,Normal,Seca y limpia,Plano,Terraplen,Recta,Parcial con reducción de carriles,0,0,1,0,1.0,Choque,desobediencia a normas y senales,2301_1_0,23.0,1.0
Valle del Cauca,2018-03-09 18:50:00,2,657.0,2017-04-24 05:00:00,lunes,55,Normal,Seca y limpia,Plano,Terraplen,Recta,Parcial con reducción de carriles,0,0,0,0,1.0,Choque,no determinada,2301_1_2,6.0,18.0
Valle del Cauca,2018-03-09 19:02:00,6,325.0,2017-04-08 05:00:00,sabado,50,Normal,Seca y limpia,Plano,Terraplen,Recta,Parcial con reducción de carriles,0,0,0,0,1.0,Choque,no mantener distancia de seguridad,2301_1_6,23.0,1.0
Valle del Cauca,2018-03-09 19:19:00,5,730.0,2017-04-20 05:00:00,jueves,15,Normal,Seca y limpia,Plano,Terraplen,Recta,Parcial con reducción de carriles,0,0,2,0,1.0,Volcamiento,fallas mecanicas y del sistema electrico,2301_1_5,0.0,0.0
Valle del Cauca,2018-03-09 19:31:00,4,584.0,2017-04-23 05:00:00,domingo,45,Normal,Seca y limpia,Plano,Terraplen,Recta,Parcial con reducción de carriles,0,0,1,0,1.0,Choque,desobediencia a normas y senales,2301_1_4,9.0,15.0
Valle del Cauca,2018-03-26 18:12:00,5,507.0,2017-05-10 05:00:00,miercoles,20,Normal,Humeda,Plano,Terraplen,Recta,Parcial con reducción de carriles,0,0,1,0,1.0,Choque,no determinada,2301_1_5,19.0,5.0
Valle del Cauca,2018-03-26 18:21:00,5,454.0,2017-05-10 05:00:00,miercoles,20,Normal,Humeda,Plano,Terraplen,Recta,Parcial con reducción de carriles,0,0,0,0,1.0,Choque,no determinada,2301_1_5,17.0,7.0
Valle del Cauca,2018-03-26 18:24:00,1,519.0,2017-05-10 05:00:00,miercoles,30,Normal,Seca y limpia,Plano,Terraplen,Recta,Parcial con reducción de carriles,0,0,0,0,1.0,Choque,no determinada,2301_1_1,16.0,8.0
Valle del Cauca,2018-03-26 18:53:00,5,380.0,2017-05-12 05:00:00,viernes,50,Normal,Seca y limpia,Plano,Terraplen,Recta,Parcial con reducción de carriles,0,0,0,0,1.0,Choque,no determinada,2301_1_5,8.0,16.0
Valle del Cauca,2018-03-26 18:59:00,10,200.0,2017-05-15 05:00:00,lunes,30,Normal,Seca y limpia,Plano,Terraplen,Curva Izquierda,Parcial con reducción de carriles,0,0,1,0,1.0,Volcamiento,no determinada,2301_1_10,2.0,22.0
Valle del Cauca,2018-03-26 19:03:00,1,39.0,2017-05-14 05:00:00,domingo,40,Lluvia,Humeda,Plano,Terraplen,Recta,Parcial con reducción de carriles,0,0,3,0,1.0,Choque,maniobras imprudentes,2301_1_1,11.0,13.0
Valle del Cauca,2018-03-26 19:28:00,8,958.0,2017-05-16 05:00:00,martes,15,Normal,Seca y limpia,Plano,Terraplen,Curva Izquierda,Parcial con reducción de carriles,0,0,2,0,1.0,Choque,desobediencia a normas y senales,2301_1_8,0.0,0.0
Valle del Cauca,2018-03-26 19:44:00,6,65.0,2017-05-19 05:00:00,viernes,15,Normal,Seca y limpia,Plano,Terraplen,Recta,Parcial con reducción de carriles,0,0,0,0,1.0,Choque,no mantener distancia de seguridad,2301_1_6,17.0,7.0
Valle del Cauca,2018-03-26 19:46:00,6,930.0,2017-05-24 05:00:00,miercoles,30,Normal,Seca y limpia,Plano,Terraplen,Curva Izquierda,Parcial con reducción de carriles,0,0,0,0,1.0,Choque,desobediencia a normas y senales,2301_1_6,19.0,5.0
Valle del Cauca,2018-03-26 20:06:00,7,60.0,2017-05-31 05:00:00,miercoles,35,Normal,Seca y limpia,Plano,Terraplen,Curva Izquierda,Parcial con reducción de carriles,0,0,1,0,1.0,Choque,desobediencia a normas y senales,2301_1_7,19.0,5.0
Valle del Cauca,2018-04-09 21:20:00,7,250.0,2017-05-03 05:00:00,miercoles,50,Normal,Seca y limpia,Plano,Terraplen,Recta,Parcial con reducción de carriles,0,0,1,0,1.0,Choque,maniobras imprudentes,2301_1_7,13.0,11.0
Valle del Cauca,2018-04-09 21:24:00,7,250.0,2017-05-09 05:00:00,martes,40,Normal,Seca y limpia,Plano,Terraplen,Recta,Parcial con reducción de carriles,0,0,2,0,1.0,Choque,maniobras imprudentes,2301_1_7,13.0,11.0
Valle del Cauca,2018-04-09 21:27:00,7,630.0,2017-05-10 05:00:00,miercoles,45,Lluvia,Humeda,Plano,Terraplen,Recta,Parcial con reducción de carriles,0,0,1,0,1.0,Choque,no determinada,2301_1_7,1.0,23.0
Valle del Cauca,2018-04-09 21:30:00,7,380.0,2017-05-19 05:00:00,viernes,10,Normal,Seca y limpia,Plano,Terraplen,Recta,Parcial con reducción de carriles,0,0,0,0,1.0,Choque,no mantener distancia de seguridad,2301_1_7,10.0,14.0
Valle del Cauca,2018-04-09 21:33:00,7,630.0,2017-05-27 05:00:00,sabado,40,Normal,Seca y limpia,Plano,Terraplen,Recta,Parcial con reducción de carriles,0,0,2,0,1.0,Choque,condiciones de la via y factores ambientales,2301_1_7,16.0,8.0
Valle del Cauca,2018-04-16 13:38:00,7,0.0,2017-06-01 05:00:00,jueves,43,Normal,Seca y limpia,Plano,Terraplen,Curva Izquierda,Parcial con reducción de carriles,0,0,0,0,1.0,Choque,adelantamientos indebidos,2301_1_7,0.0,0.0
Valle del Cauca,2018-04-16 13:45:00,4,735.0,2017-06-02 05:00:00,viernes,45,Normal,Seca y limpia,Plano,Terraplen,Recta,Parcial con reducción de carriles,0,0,13,0,1.0,Choque,fallas mecanicas y del sistema electrico,2301_1_4,15.0,9.0
Valle del Cauca,2018-04-16 13:48:00,7,200.0,2017-06-06 05:00:00,martes,40,Normal,Seca y limpia,Plano,Terraplen,Recta,Parcial con reducción de carriles,0,0,1,0,1.0,Choque,no mantener distancia de seguridad,2301_1_7,3.0,21.0
Valle del Cauca,2018-04-16 13:58:00,5,507.0,2017-06-07 05:00:00,miercoles,20,Lluvia,Humeda,Plano,Terraplen,Recta,Parcial con reducción de carriles,0,0,1,0,1.0,Choque,no determinada,2301_1_5,11.0,13.0
Valle del Cauca,2018-04-16 14:42:00,2,150.0,2017-06-08 05:00:00,jueves,30,Normal,Seca y limpia,Plano,Terraplen,Recta,Parcial con reducción de carriles,0,0,1,0,1.0,Choque,no determinada,2301_1_2,2.0,22.0
Valle del Cauca,2017-05-09 15:05:00,4,570.0,2016-12-12 05:00:00,lunes,20,Normal,Seca y limpia,Plano,Terraplen,Curva Izquierda,Parcial con reducción de carriles,0,0,0,0,1.0,Choque,desobediencia a normas y senales,2301_1_4,6.0,18.0
Valle del Cauca,2017-05-09 15:13:00,6,800.0,2016-12-23 05:00:00,viernes,30,Normal,Seca y limpia,Plano,Terraplen,Recta,Parcial con reducción de carriles,0,0,0,0,1.0,Choque,no mantener distancia de seguridad,2301_1_6,10.0,14.0
Valle del Cauca,2017-05-09 15:16:00,6,900.0,2016-12-04 05:00:00,domingo,40,Normal,Seca y limpia,Plano,Terraplen,Recta,Parcial con reducción de carriles,0,0,1,0,1.0,Choque,imprudencia del conductor,2301_1_6,20.0,4.0
Valle del Cauca,2017-05-09 15:20:00,8,750.0,2016-12-01 05:00:00,jueves,0,Normal,Seca y limpia,Plano,Terraplen,Recta,Parcial con reducción de carriles,0,0,1,0,1.0,Choque,fallas mecanicas y del sistema electrico,2301_1_8,18.0,6.0
Valle del Cauca,2017-05-09 15:23:00,8,836.0,2016-12-09 05:00:00,viernes,15,Lluvia,Humeda,Plano,Terraplen,Curva Izquierda,Parcial con reducción de carriles,0,0,1,0,1.0,Atropello,conducta de peatones,2301_1_8,17.0,7.0
Valle del Cauca,2017-05-09 15:28:00,11,100.0,2016-12-28 05:00:00,miercoles,50,Normal,Seca y limpia,Plano,Terraplen,Recta,Parcial con reducción de carriles,0,0,0,0,1.0,Choque,exceso en horas de conduccion,2301_1_11,22.0,2.0
Valle del Cauca,2017-05-09 15:30:00,11,300.0,2016-12-22 05:00:00,jueves,40,Normal,Seca y limpia,Plano,Terraplen,Recta,Parcial con reducción de carriles,0,0,0,0,1.0,Choque,no mantener distancia de seguridad,2301_1_11,15.0,9.0
Valle del Cauca,2017-06-29 19:43:00,12,0.0,2017-01-28 05:00:00,sabado,15,Normal,Seca y limpia,Plano,Terraplen,Recta,Parcial con reducción de carriles,0,0,0,0,1.0,Choque,maniobras imprudentes,2301_1_12,18.0,6.0
Valle del Cauca,2017-06-29 19:53:00,12,0.0,2017-01-25 05:00:00,miercoles,50,Normal,Seca y limpia,Plano,Terraplen,Recta,Parcial con reducción de carriles,0,0,0,0,1.0,Choque,maniobras imprudentes,2301_1_12,11.0,13.0
Valle del Cauca,2017-06-29 20:06:00,12,0.0,2017-01-20 05:00:00,viernes,30,Normal,Seca y limpia,Plano,Terraplen,Recta,Parcial con reducción de carriles,0,0,0,0,1.0,Choque,no mantener distancia de seguridad,2301_1_12,12.0,12.0
Valle del Cauca,2017-06-29 20:20:00,7,200.0,2017-01-11 05:00:00,miercoles,30,Normal,Seca y limpia,Plano,Terraplen,Recta,Parcial con reducción de carriles,0,0,0,0,1.0,Choque,no mantener distancia de seguridad,2301_1_7,6.0,18.0
Valle del Cauca,2017-06-29 20:33:00,2,720.0,2017-01-06 05:00:00,viernes,20,Normal,Seca y limpia,Plano,Terraplen,Recta,Parcial con reducción de carriles,0,0,0,0,1.0,Choque,no mantener distancia de seguridad,2301_1_2,13.0,11.0
Valle del Cauca,2017-06-29 20:37:00,11,370.0,2017-02-25 05:00:00,sabado,0,Normal,Seca y limpia,Plano,Terraplen,Recta,Parcial con reducción de carriles,0,0,2,0,1.0,Choque,no determinada,2301_1_11,8.0,16.0
Valle del Cauca,2017-06-29 20:45:00,7,820.0,2017-02-17 05:00:00,viernes,10,Normal,Seca y limpia,Plano,Terraplen,Recta,Parcial con reducción de carriles,0,0,0,0,1.0,Choque,maniobras imprudentes,2301_1_7,15.0,9.0
Valle del Cauca,2017-06-29 21:05:00,2,600.0,2017-02-16 05:00:00,jueves,10,Normal,Seca y limpia,Plano,Terraplen,Recta,Parcial con reducción de carriles,0,0,0,0,1.0,Choque,no determinada,2301_1_2,10.0,14.0
Valle del Cauca,2017-07-05 15:39:00,3,870.0,2017-02-14 05:00:00,martes,0,Normal,Seca y limpia,Plano,Terraplen,Recta,Parcial con reducción de carriles,0,0,0,0,1.0,Choque,exceso en horas de conduccion,2301_1_3,20.0,4.0
Valle del Cauca,2017-07-05 15:50:00,6,950.0,2017-02-10 05:00:00,viernes,30,Normal,Seca y limpia,Plano,Terraplen,Curva Izquierda,Parcial con reducción de carriles,0,0,0,0,1.0,Choque,no determinada,2301_1_6,16.0,8.0
Valle del Cauca,2017-07-05 15:53:00,12,0.0,2017-02-10 05:00:00,viernes,0,Normal,Seca y limpia,Plano,Terraplen,Recta,Parcial con reducción de carriles,0,0,0,0,1.0,Choque,no determinada,2301_1_12,17.0,7.0
Valle del Cauca,2017-07-05 15:56:00,3,580.0,2017-02-07 05:00:00,martes,0,Normal,Seca y limpia,Plano,Terraplen,Recta,Parcial con reducción de carriles,0,0,0,0,1.0,Choque,no determinada,2301_1_3,15.0,9.0
Valle del Cauca,2017-07-05 15:59:00,0,650.0,2017-02-07 05:00:00,martes,15,Normal,Seca y limpia,Plano,Terraplen,Recta,Parcial con reducción de carriles,0,0,0,0,1.0,Choque,no mantener distancia de seguridad,2301_1_0,11.0,13.0
Valle del Cauca,2017-07-06 16:06:00,0,250.0,2017-04-02 05:00:00,domingo,0,Normal,Seca y limpia,Plano,Terraplen,Recta,Parcial con reducción de carriles,0,0,0,0,1.0,Choque,adelantamientos indebidos,2301_1_0,10.0,14.0
Valle del Cauca,2017-07-06 16:09:00,8,1000.0,2017-04-20 05:00:00,jueves,20,Lluvia,Humeda,Plano,Terraplen,Recta,Parcial con reducción de carriles,0,0,0,0,1.0,Choque,desobediencia a normas y senales,2301_1_8,0.0,0.0
Valle del Cauca,2017-07-06 16:13:00,1,600.0,2017-01-06 05:00:00,viernes,0,Normal,Seca y limpia,Plano,Terraplen,Recta,Parcial con reducción de carriles,0,0,0,0,1.0,Choque,no mantener distancia de seguridad,2301_1_1,21.0,3.0
Valle del Cauca,2017-07-05 16:41:00,8,600.0,2017-02-03 05:00:00,viernes,20,Normal,Seca y limpia,Plano,Terraplen,Recta,Parcial con reducción de carriles,0,0,1,0,1.0,Choque,no determinada,2301_1_8,23.0,1.0
Valle del Cauca,2017-07-05 16:46:00,2,920.0,2017-02-03 05:00:00,viernes,45,Normal,Seca y limpia,Plano,Terraplen,Recta,Parcial con reducción de carriles,0,0,0,0,1.0,Choque,maniobras imprudentes,2301_1_2,15.0,9.0
Valle del Cauca,2017-07-05 16:53:00,2,0.0,2017-02-28 05:00:00,martes,45,Normal,Seca y limpia,Plano,Terraplen,Recta,Parcial con reducción de carriles,0,0,0,0,1.0,Choque,desobediencia a normas y senales,2301_1_2,19.0,5.0
Valle del Cauca,2017-07-05 16:57:00,8,1000.0,2017-02-02 05:00:00,jueves,40,Normal,Seca y limpia,Plano,Terraplen,Curva Izquierda,Parcial con reducción de carriles,0,0,1,0,1.0,Choque,desobediencia a normas y senales,2301_1_8,5.0,19.0
Valle del Cauca,2017-07-05 17:07:00,6,200.0,2017-02-02 05:00:00,jueves,30,Normal,Seca y limpia,Plano,Terraplen,Recta,Parcial con reducción de carriles,0,0,0,0,1.0,Choque,no determinada,2301_1_6,9.0,15.0
Valle del Cauca,2017-07-05 17:10:00,2,720.0,2017-02-01 05:00:00,miercoles,0,Normal,Seca y limpia,Plano,Terraplen,Recta,Parcial con reducción de carriles,0,0,0,0,1.0,Choque,no mantener distancia de seguridad,2301_1_2,6.0,18.0
Valle del Cauca,2017-07-05 17:18:00,12,0.0,2017-03-27 05:00:00,lunes,15,Normal,Seca y limpia,Plano,Terraplen,Recta,Parcial con reducción de carriles,0,0,0,0,1.0,Choque,no determinada,2301_1_12,4.0,20.0
Valle del Cauca,2017-07-05 17:43:00,8,620.0,2017-04-18 05:00:00,martes,20,Normal,Seca y limpia,Plano,Terraplen,Recta,Parcial con reducción de carriles,0,0,3,0,1.0,Choque,no mantener distancia de seguridad,2301_1_8,21.0,3.0
Valle del Cauca,2017-07-05 17:45:00,7,550.0,2017-03-15 05:00:00,miercoles,40,Normal,Seca y limpia,Plano,Terraplen,Recta,Parcial con reducción de carriles,0,0,2,0,1.0,Atropello,no determinada,2301_1_7,19.0,5.0
Valle del Cauca,2017-07-05 17:55:00,7,250.0,2017-03-16 05:00:00,jueves,10,Normal,Seca y limpia,Plano,Terraplen,Recta,Parcial con reducción de carriles,0,0,0,0,1.0,Choque,no mantener distancia de seguridad,2301_1_7,13.0,11.0
Valle del Cauca,2017-07-05 18:00:00,6,950.0,2017-03-17 05:00:00,viernes,45,Normal,Seca y limpia,Plano,Terraplen,Curva Derecha,Parcial con reducción de carriles,0,0,3,0,1.0,Choque,no determinada,2301_1_6,20.0,4.0
Cauca,2018-04-13 14:27:00,54,500.0,2018-03-26 05:00:00,lunes,0,Normal,Seca y limpia,Montañoso,Media Ladera Derecha,Curva Derecha,Transito normal con precaución,0,0,1,0,1.0,Volcamiento,exceso de velocidad,2503_0_54,23.0,1.0
Valle del Cauca,2017-07-05 18:27:00,6,600.0,2017-04-08 05:00:00,sabado,50,Normal,Seca y limpia,Plano,Terraplen,Recta,Parcial con reducción de carriles,0,0,0,0,1.0,Choque,no mantener distancia de seguridad,2301_1_6,4.0,20.0
Valle del Cauca,2017-07-05 19:18:00,4,500.0,2017-03-03 05:00:00,viernes,20,Normal,Seca y limpia,Plano,Terraplen,Curva Izquierda,Parcial con reducción de carriles,0,0,1,0,1.0,Choque,no determinada,2301_1_4,11.0,13.0
Valle del Cauca,2017-07-05 19:33:00,4,500.0,2017-04-23 05:00:00,domingo,45,Normal,Seca y limpia,Plano,Terraplen,Recta,Parcial con reducción de carriles,0,0,0,0,1.0,Choque,no determinada,2301_1_4,7.0,17.0
Valle del Cauca,2017-07-05 19:41:00,4,500.0,2017-04-05 05:00:00,miercoles,20,Normal,Seca y limpia,Plano,Terraplen,Curva Izquierda,Parcial con reducción de carriles,0,0,1,0,1.0,Choque,impericia en el manejo,2301_1_4,8.0,16.0
Valle del Cauca,2017-07-05 19:46:00,3,870.0,2017-02-06 05:00:00,lunes,25,Normal,Seca y limpia,Plano,Terraplen,Recta,Parcial con reducción de carriles,0,0,0,0,1.0,Choque,adelantamientos indebidos,2301_1_3,9.0,15.0
Córdoba,2018-04-01 15:26:00,49,850.0,2018-02-01 05:00:00,jueves,40,Normal,Seca y limpia,Plano,Terraplen,Recta,Transito normal con precaución,0,0,0,0,1.0,Choque,no determinada,2103_2_49,12.0,12.0
Córdoba,2018-04-17 17:02:00,49,1100.0,2018-03-29 05:00:00,jueves,40,Normal,Seca y limpia,Plano,Terraplen,Recta,Transito normal con precaución,0,0,0,0,1.0,Choque,adelantamientos indebidos,2103_2_49,21.0,3.0
Córdoba,2017-06-29 11:19:00,48,500.0,2017-03-21 05:00:00,martes,30,Normal,Seca y limpia,Plano,Terraplen,Recta,Transito normal con precaución,0,0,2,0,1.0,Atropello,conducta de peatones,2103_1_48,9.0,15.0
Córdoba,2017-10-04 16:46:00,49,1300.0,2017-08-06 05:00:00,domingo,30,Normal,Seca y limpia,Plano,Terraplen,Recta,Transito normal con precaución,0,0,2,0,1.0,Choque,desobediencia a normas y senales,2103_1_49,20.0,4.0
Córdoba,2017-10-04 16:50:00,49,100.0,2017-08-07 05:00:00,lunes,10,Normal,Seca y limpia,Plano,Terraplen,Recta,Transito normal con precaución,0,0,2,0,1.0,Choque,impericia en el manejo,2103_1_49,12.0,12.0
Córdoba,2017-10-04 16:53:00,49,1050.0,2017-08-24 05:00:00,jueves,10,Normal,Seca y limpia,Plano,Terraplen,Recta,Transito normal con precaución,0,0,1,0,1.0,Choque,desobediencia a normas y senales,2103_1_49,12.0,12.0
Córdoba,2017-10-27 00:37:00,49,100.0,2017-09-01 05:00:00,viernes,40,Normal,Seca y limpia,Plano,Terraplen,Recta,Transito normal con precaución,0,0,1,0,1.0,Choque,no determinada,2103_1_49,22.0,2.0
Córdoba,2017-10-27 00:39:00,49,1310.0,2017-09-27 05:00:00,miercoles,20,Normal,Seca y limpia,Plano,Terraplen,Recta,Transito normal con precaución,0,0,0,0,1.0,Choque,impericia en el manejo,2103_1_49,11.0,13.0
Córdoba,2017-10-27 00:41:00,49,1000.0,2017-09-17 05:00:00,domingo,0,Normal,Seca y limpia,Plano,Terraplen,Recta,Transito normal con precaución,0,0,2,0,1.0,Choque,adelantamientos indebidos,2103_1_49,17.0,7.0
Córdoba,2017-11-21 10:30:00,49,580.0,2017-10-05 05:00:00,jueves,20,Normal,Seca y limpia,Plano,Terraplen,Recta,Transito normal con precaución,0,0,0,0,1.0,Choque,maniobras imprudentes,2103_1_49,19.0,5.0
Córdoba,2017-12-19 12:11:00,49,560.0,2017-11-23 05:00:00,jueves,30,Normal,Seca y limpia,Plano,Terraplen,Recta,Transito normal con precaución,0,0,1,0,1.0,Atropello,conducta de peatones,2103_1_49,7.0,17.0
Córdoba,2018-01-24 13:57:00,49,150.0,2017-12-21 05:00:00,jueves,40,Normal,Seca y limpia,Plano,Terraplen,Recta,Transito normal con precaución,0,0,2,0,1.0,Choque,no determinada,2103_1_49,10.0,14.0
Córdoba,2018-01-24 14:00:00,10,460.0,2017-12-10 05:00:00,domingo,20,Normal,Seca y limpia,Plano,Terraplen,Recta,Transito normal con precaución,0,0,0,1,1.0,Choque,no determinada,2103_1_10,20.0,4.0
Córdoba,2018-02-08 13:23:00,49,750.0,2018-01-16 05:00:00,martes,40,Normal,Seca y limpia,Plano,Terraplen,Recta,Transito normal con precaución,0,0,1,0,1.0,Choque,no determinada,2103_1_49,13.0,11.0
Córdoba,2018-02-08 13:28:00,49,100.0,2018-01-09 05:00:00,martes,40,Normal,Seca y limpia,Plano,Terraplen,Recta,Transito normal con precaución,0,0,0,0,1.0,Choque,no determinada,2103_1_49,17.0,7.0
Córdoba,2018-02-27 17:53:00,48,700.0,2018-01-06 05:00:00,sabado,0,Normal,Seca y limpia,Plano,Terraplen,Recta,Transito normal con precaución,0,0,0,0,1.0,Choque,no mantener distancia de seguridad,2103_1_48,9.0,15.0
Huila,2017-05-05 20:53:00,4,60.0,2017-04-02 05:00:00,domingo,0,Normal,Seca y limpia,Ondulado,Media Ladera Derecha,Curva Izquierda,Transito normal con precaución,0,0,2,0,1.0,Choque,no determinada,2003A_0_4,7.0,17.0
Huila,2017-05-05 21:19:00,0,300.0,2017-04-20 05:00:00,jueves,10,Normal,Seca y limpia,Plano,Terraplen,Recta,Transito normal con precaución,0,0,1,0,1.0,Choque,no mantener distancia de seguridad,2003A_0_0,17.0,7.0
Huila,2017-05-05 21:37:00,40,0.0,2017-04-24 05:00:00,lunes,10,Normal,Seca y limpia,Montañoso,Cajón,Recta,Transito normal con precaución,0,0,0,0,1.0,Volcamiento,exceso en horas de conduccion,2003A_0_40,1.0,23.0
Caquetá,2017-05-11 21:15:00,47,990.0,2017-04-02 05:00:00,domingo,15,Seca,Seca y limpia,Montañoso,Cajón,Curva Derecha,Parcial con reducción de carriles,0,0,4,0,1.0,Choque,imprudencia del conductor,2003A_0_47,14.0,10.0
Caquetá,2017-05-17 12:26:00,74,730.0,2017-04-12 05:00:00,miercoles,30,Sol,Seca y limpia,Ondulado,Media Ladera Derecha,Curva Derecha,Cierre total,2,40,0,1,1.0,Choque,exceso de velocidad,2003A_0_74,11.0,15.0
Caquetá,2017-05-17 12:31:00,78,680.0,2017-04-13 05:00:00,jueves,30,Seca,Seca y limpia,Plano,Media Ladera Derecha,Recta,Cierre total,0,45,0,1,1.0,Choque,fallas mecanicas y del sistema electrico,2003A_0_78,15.0,9.0
Caquetá,2017-05-18 20:20:00,45,100.0,2017-04-16 05:00:00,domingo,30,Lluvia,Humeda,Montañoso,Media Ladera Derecha,Curva Izquierda,Transito normal con precaución,0,0,1,0,1.0,Choque,condiciones de la via y factores ambientales,2003A_0_45,6.0,18.0
Caquetá,2017-05-18 20:26:00,49,10.0,2017-04-25 05:00:00,martes,30,Seca,Seca y limpia,Montañoso,Media ladera Izquierda,Curva Derecha,Transito normal con precaución,0,0,2,0,1.0,Salida de la vía sin volcarse,defectos fisicos y psiquicos,2003A_0_49,5.0,19.0
Caquetá,2017-05-18 20:29:00,46,840.0,2017-04-25 05:00:00,martes,0,Sol,Seca y limpia,Montañoso,Cajón,Recta,Transito normal con precaución,0,0,2,0,1.0,Choque,imprudencia del conductor,2003A_0_46,13.0,11.0
Caquetá,2017-05-18 20:33:00,67,0.0,2017-04-29 05:00:00,sabado,0,Lluvia,Humeda,Montañoso,Cajón,Curva Izquierda,Transito normal con precaución,0,0,0,0,1.0,Choque,condiciones de la via y factores ambientales,2003A_0_67,23.0,1.0
Caquetá,2017-05-18 20:35:00,50,140.0,2017-04-30 05:00:00,domingo,45,Lluvia,Humeda,Montañoso,Cajón,Curva Izquierda,Transito normal con precaución,0,0,0,0,1.0,Choque,imprudencia del conductor,2003A_0_50,7.0,17.0
Caquetá,2017-06-21 21:53:00,63,800.0,2017-06-01 05:00:00,jueves,30,Seca,Seca y limpia,Ondulado,Cajón,Curva Izquierda,Transito normal con precaución,0,0,1,0,1.0,Volcamiento,condiciones de la via y factores ambientales,2003A_0_63,21.0,3.0
Caquetá,2017-06-21 22:05:00,55,930.0,2017-06-06 05:00:00,martes,0,Niebla,Humeda,Montañoso,Media ladera Izquierda,Recta,Transito normal con precaución,0,0,0,0,1.0,Salida de la vía sin volcarse,fallas mecanicas y del sistema electrico,2003A_0_55,14.0,10.0
Caquetá,2017-06-22 12:34:00,49,400.0,2017-06-07 05:00:00,miercoles,30,Lluvia,Humeda,Montañoso,Cajón,Curva Izquierda,Transito normal con precaución,0,0,2,0,1.0,Choque,fallas mecanicas y del sistema electrico,2003A_0_49,17.0,7.0
Caquetá,2017-06-22 12:55:00,44,50.0,2017-05-24 05:00:00,miercoles,54,Lluvia,Humeda,Montañoso,Cajón,Recta,Transito normal con precaución,0,0,0,1,1.0,Choque,condiciones de la via y factores ambientales,2003A_0_44,18.0,6.0
Caquetá,2017-06-22 16:45:00,45,100.0,2017-04-16 05:00:00,domingo,30,Lluvia,Humeda,Montañoso,Media Ladera Derecha,Curva Izquierda,Transito normal con precaución,0,0,0,0,1.0,Choque,condiciones de la via y factores ambientales,2003A_0_45,5.0,19.0
Huila,2017-07-17 14:08:00,24,500.0,2017-05-05 05:00:00,viernes,0,Normal,Humeda,Ondulado,Terraplen,Curva Izquierda,Transito normal con precaución,0,0,1,0,1.0,Choque,impericia en el manejo,2003A_0_24,8.0,16.0
Huila,2017-07-17 14:18:00,4,100.0,2017-05-06 05:00:00,sabado,30,Normal,Seca y limpia,Ondulado,Media Ladera Derecha,Curva Izquierda,Transito normal con precaución,0,0,0,0,1.0,Volcamiento,exceso en horas de conduccion,2003A_0_4,17.0,7.0
Huila,2017-07-17 15:01:00,15,400.0,2017-05-14 05:00:00,domingo,40,Normal,Humeda,Ondulado,Terraplen,Recta,Transito normal con precaución,0,0,1,1,1.0,Choque,embriaguez o sustancias alucinogenas,2003A_0_15,5.0,19.0
Huila,2017-07-17 15:16:00,31,500.0,2017-05-19 05:00:00,viernes,30,Normal,Seca y limpia,Montañoso,Cajón,Curva Derecha,Transito normal con precaución,0,0,3,0,1.0,Choque,desobediencia a normas y senales,2003A_0_31,6.0,18.0
Huila,2017-07-17 15:35:00,5,50.0,2017-05-28 05:00:00,domingo,40,Normal,Seca y limpia,Ondulado,Terraplen,Recta,Transito normal con precaución,0,0,0,2,1.0,Choque,no determinada,2003A_0_5,8.0,16.0