territorial,fecha_registro,pr,distancia_pr,fecha_acc,dia_semana_acc,min_acc,condic_meteor,estado_super,terreno,secc_tip,geometria_acc,tipo_cierre,horas_cierre,min_cierre,n_heridos,n_muertos,n_victimas,clase_accidente,causa_posible,ref_loc,hora_acc,duracion_cierre_horas
Huila,2017-07-17 15:39:00,7,500.0,2017-06-04 05:00:00,domingo,20,Lluvia,Humeda,Plano,Terraplen,Curva Izquierda,Transito normal con precaución,0,0,2,1,1.0,Choque,embriaguez o sustancias alucinogenas,2003A_0_7,7.0,17.0
Huila,2017-08-03 20:41:00,31,680.0,2017-07-18 05:00:00,martes,0,Lluvia,Humeda,Montañoso,Media ladera Izquierda,Curva Izquierda,Parcial con reducción de carriles,1,0,0,0,1.0,Choque,no determinada,2003A_0_31,11.0,14.0
Huila,2017-09-05 20:46:00,8,860.0,2017-08-06 05:00:00,domingo,0,Normal,Seca y limpia,Plano,Terraplen,Recta,Transito normal con precaución,0,0,0,1,1.0,Choque,impericia en el manejo,2003A_0_8,4.0,20.0
Huila,2017-09-05 20:55:00,38,250.0,2017-08-19 05:00:00,sabado,0,Normal,Seca y limpia,Montañoso,Media ladera Izquierda,Curva Derecha,Transito normal con precaución,0,0,0,0,1.0,Choque,impericia en el manejo,2003A_0_38,13.0,11.0
Huila,2017-10-06 20:53:00,27,225.0,2017-09-04 05:00:00,lunes,10,Normal,Seca y limpia,Montañoso,Cajón,Curva Izquierda,Parcial con reducción de carriles,1,40,6,0,1.0,Choque,no determinada,2003A_0_27,14.0,11.0
Caquetá,2017-10-30 20:14:00,48,0.0,2017-10-30 05:00:00,lunes,30,Sol,Seca y limpia,Montañoso,Media Ladera Derecha,Curva Derecha,Cierre total,2,0,1,0,1.0,Choque,maniobras imprudentes,2003A_0_48,11.0,15.0
Huila,2017-11-10 01:53:00,13,800.0,2017-10-08 05:00:00,domingo,0,Normal,Seca y limpia,Plano,Terraplen,Recta,Transito normal con precaución,0,0,1,0,1.0,Choque,maniobras imprudentes,2003A_0_13,11.0,13.0
Huila,2017-11-10 02:51:00,11,400.0,2017-10-19 05:00:00,jueves,30,Normal,Seca y limpia,Plano,Cajón,Curva Derecha,Transito normal con precaución,0,0,0,0,1.0,Choque,fallas mecanicas y del sistema electrico,2003A_0_11,13.0,11.0
Huila,2017-11-10 03:27:00,37,500.0,2017-10-28 05:00:00,sabado,0,Normal,Seca y limpia,Montañoso,Cajón,Curva Derecha,Transito normal con precaución,0,0,0,0,1.0,Choque,fallas mecanicas y del sistema electrico,2003A_0_37,15.0,9.0
Huila,2017-11-10 03:49:00,18,60.0,2017-10-29 05:00:00,domingo,0,Normal,Seca y limpia,Plano,Terraplen,Recta,Transito normal con precaución,0,0,1,0,1.0,Choque,no determinada,2003A_0_18,18.0,6.0
Huila,2017-11-10 04:14:00,39,600.0,2017-10-29 05:00:00,domingo,0,Niebla,Humeda,Montañoso,Media ladera Izquierda,Curva Derecha,Transito normal con precaución,0,0,0,0,1.0,Choque,condiciones de la via y factores ambientales,2003A_0_39,15.0,9.0
Huila,2017-11-10 04:41:00,7,200.0,2017-10-30 05:00:00,lunes,30,Lluvia,Humeda,Plano,Terraplen,Curva Derecha,Transito normal con precaución,0,0,0,1,1.0,Choque,embriaguez o sustancias alucinogenas,2003A_0_7,22.0,2.0
Cauca,2018-04-13 14:07:00,106,0.0,2018-03-24 05:00:00,sabado,30,Lluvia,Aceite,Montañoso,Cajón,Curva Izquierda,Transito normal con precaución,0,0,0,0,1.0,Choque,no determinada,2503_0_106,10.0,14.0
Cauca,2018-04-13 14:09:00,106,850.0,2018-03-24 05:00:00,sabado,0,Lluvia,Humeda,Montañoso,Cajón,Curva Derecha,Transito normal con precaución,0,0,0,0,1.0,Choque,condiciones de la via y factores ambientales,2503_0_106,6.0,18.0
Cauca,2018-04-13 14:11:00,110,0.0,2018-03-24 05:00:00,sabado,0,Normal,Seca y limpia,Montañoso,Media ladera Izquierda,Recta,Transito normal con precaución,0,0,1,0,1.0,Choque,no mantener distancia de seguridad,2503_0_110,10.0,14.0
Cauca,2018-04-13 14:16:00,6,100.0,2018-03-25 05:00:00,domingo,0,Normal,Seca y limpia,Montañoso,Terraplen,Curva Izquierda,Transito normal con precaución,0,0,0,1,1.0,Choque,no determinada,2503_0_6,0.0,0.0
Cauca,2018-04-13 14:22:00,119,500.0,2018-03-25 05:00:00,domingo,50,Normal,Seca y limpia,Montañoso,Media Ladera Derecha,Curva Derecha,Transito normal con precaución,0,0,2,0,1.0,Choque,no determinada,2503_0_119,9.0,15.0
Cauca,2018-04-13 14:25:00,96,800.0,2018-03-26 05:00:00,lunes,30,Normal,Seca y limpia,Montañoso,Media ladera Izquierda,Curva Derecha,Transito normal con precaución,0,0,0,0,1.0,Volcamiento,no determinada,2503_0_96,17.0,7.0
Nariño,2017-07-13 14:04:00,16,600.0,2017-05-06 05:00:00,sabado,50,Lluvia,Humeda,Montañoso,Media Ladera Derecha,Curva Izquierda,Transito normal con precaución,0,0,0,0,1.0,Choque,condiciones de la via y factores ambientales,2502_2_16,9.0,15.0
Nariño,2017-07-13 14:12:00,16,550.0,2017-05-06 05:00:00,sabado,40,Lluvia,Humeda,Montañoso,Cajón,Curva Izquierda,Transito normal con precaución,0,0,0,0,1.0,Choque,condiciones de la via y factores ambientales,2502_2_16,19.0,5.0
Nariño,2017-10-10 22:37:00,19,750.0,2017-09-17 05:00:00,domingo,30,Normal,Seca y limpia,Montañoso,Media ladera Izquierda,Recta,Transito normal con precaución,0,0,2,0,1.0,Volcamiento,embriaguez o sustancias alucinogenas,2502_2_19,18.0,6.0
Nariño,2018-03-09 17:07:00,111,180.0,2018-02-03 05:00:00,sabado,30,Seca,Seca y limpia,Montañoso,Media ladera Izquierda,Curva Izquierda,Transito normal con precaución,0,0,4,0,1.0,Choque,imprudencia del conductor,2502_2_111,10.0,14.0
Nariño,2018-03-09 17:14:00,33,500.0,2018-02-05 05:00:00,lunes,0,Lluvia,Humeda,Plano,Terraplen,Recta,Transito normal con precaución,0,0,0,0,1.0,Atropello,exceso de velocidad,2502_2_33,15.0,9.0
Nariño,2018-03-09 17:22:00,111,820.0,2018-02-07 05:00:00,miercoles,0,Seca,Seca y limpia,Plano,Terraplen,Recta,Transito normal con precaución,0,0,1,1,1.0,Choque,estacionamiento y senalizacion imprudente,2502_2_111,6.0,18.0
Nariño,2018-03-09 17:25:00,118,300.0,2018-02-11 05:00:00,domingo,20,Sol,Seca y limpia,Ondulado,Cajón,Recta,Transito normal con precaución,0,0,1,0,1.0,Volcamiento,embriaguez o sustancias alucinogenas,2502_2_118,5.0,19.0
Nariño,2018-03-09 17:27:00,95,500.0,2018-02-14 05:00:00,miercoles,0,Seca,Seca y limpia,Ondulado,Media Ladera Derecha,Curva Derecha,Transito normal con precaución,0,0,0,0,1.0,Volcamiento,exceso de velocidad,2502_2_95,8.0,16.0
Nariño,2018-03-09 17:52:00,12,650.0,2018-02-24 05:00:00,sabado,30,Lluvia,Humeda,Montañoso,Media ladera Izquierda,Curva Derecha,Transito normal con precaución,0,0,2,2,1.0,Choque,exceso de velocidad,2502_2_12,9.0,15.0
Nariño,2018-04-09 22:42:00,29,650.0,2018-03-04 05:00:00,domingo,10,Sol,Seca y limpia,Escarpado,Media ladera Izquierda,Recta,Transito normal con precaución,0,0,2,0,1.0,Atropello,conducta de peatones,2502_2_29,0.0,0.0
Nariño,2018-04-09 22:46:00,33,400.0,2018-03-05 05:00:00,lunes,50,Sol,Seca y limpia,Escarpado,Media Ladera Derecha,Recta,Transito normal con precaución,0,0,1,0,1.0,Choque,exceso de velocidad,2502_2_33,10.0,14.0
Nariño,2018-04-09 22:46:00,33,400.0,2018-03-05 05:00:00,lunes,50,Sol,Seca y limpia,Escarpado,Media Ladera Derecha,Recta,Transito normal con precaución,0,0,1,0,1.0,Choque,exceso de velocidad,2502_2_33,12.0,12.0
Nariño,2018-04-09 22:48:00,12,150.0,2018-03-06 05:00:00,martes,45,Sol,Seca y limpia,Montañoso,Media Ladera Derecha,Curva Izquierda,Transito normal con precaución,0,0,0,0,1.0,Salida de la vía sin volcarse,defectos fisicos y psiquicos,2502_2_12,12.0,12.0
Nariño,2018-04-09 22:57:00,16,450.0,2018-03-17 05:00:00,sabado,0,Sol,Seca y limpia,Montañoso,Media ladera Izquierda,Curva Derecha,Transito normal con precaución,0,0,0,0,1.0,Choque,exceso de velocidad,2502_2_16,8.0,16.0
Nariño,2017-12-12 21:46:00,51,200.0,2017-11-16 05:00:00,jueves,15,Sol,Seca y limpia,Escarpado,Cajón,Recta,Transito normal con precaución,0,0,1,0,1.0,Choque,fallas mecanicas y del sistema electrico,2502_0_51,15.0,9.0
Nariño,2017-12-12 21:50:00,31,0.0,2017-11-19 05:00:00,domingo,0,Normal,Seca y limpia,Plano,Terraplen,Recta,Transito normal con precaución,0,0,0,1,1.0,Atropello,conducta de peatones,2502_0_31,21.0,3.0
Nariño,2017-12-12 21:53:00,18,700.0,2017-11-23 05:00:00,jueves,17,Niebla,Humeda,Montañoso,Media Ladera Derecha,Recta,Transito normal con precaución,0,0,0,0,1.0,Choque,condiciones de la via y factores ambientales,2502_0_18,12.0,12.0
Nariño,2017-12-12 21:56:00,30,190.0,2017-11-27 05:00:00,lunes,0,Normal,Seca y limpia,Ondulado,Terraplen,Curva Derecha,Transito normal con precaución,0,0,0,0,1.0,Volcamiento,embriaguez o sustancias alucinogenas,2502_0_30,20.0,4.0
Nariño,2017-12-29 16:10:00,18,200.0,2017-12-02 05:00:00,sabado,30,Lluvia,Humeda,Montañoso,Cajón,Curva Derecha,Transito normal con precaución,0,0,0,0,1.0,Volcamiento,embriaguez o sustancias alucinogenas,2502_0_18,5.0,19.0
Nariño,2017-08-14 13:38:00,22,830.0,2017-08-07 05:00:00,lunes,29,Normal,Seca y limpia,Plano,Terraplen,Recta,Transito normal con precaución,0,0,1,0,1.0,Choque,embriaguez o sustancias alucinogenas,1003_0_22,19.0,5.0
Nariño,2017-12-29 16:15:00,10,700.0,2017-12-04 05:00:00,lunes,30,Sol,Seca y limpia,Escarpado,Terraplen,Recta,Transito normal con precaución,0,0,0,0,1.0,Choque,no mantener distancia de seguridad,2502_0_10,6.0,18.0
Nariño,2017-12-29 16:18:00,27,100.0,2017-12-07 05:00:00,jueves,50,Sol,Seca y limpia,Ondulado,Media ladera Izquierda,Curva Izquierda,Transito normal con precaución,0,0,0,0,1.0,Salida de la vía sin volcarse,exceso de velocidad,2502_0_27,5.0,19.0
Nariño,2017-12-29 16:28:00,85,350.0,2017-12-08 05:00:00,viernes,0,Normal,Seca y limpia,Montañoso,Media Ladera Derecha,Curva Izquierda,Transito normal con precaución,0,0,0,0,1.0,Choque,no mantener distancia de seguridad,2502_0_85,5.0,19.0
Nariño,2017-12-29 16:33:00,38,350.0,2017-12-09 05:00:00,sabado,30,Lluvia,Humeda,Montañoso,Media Ladera Derecha,Recta,Transito normal con precaución,0,0,0,0,1.0,Choque,adelantamientos indebidos,2502_0_38,12.0,12.0
Nariño,2017-12-29 16:38:00,113,100.0,2017-12-10 05:00:00,domingo,0,Normal,Seca y limpia,Ondulado,Cajón,Curva Derecha,Transito normal con precaución,0,0,0,0,1.0,Salida de la vía sin volcarse,fallas mecanicas y del sistema electrico,2502_0_113,8.0,16.0
Nariño,2017-12-29 16:42:00,14,180.0,2017-12-17 05:00:00,domingo,30,Seca,Seca y limpia,Montañoso,Cajón,Curva Derecha,Transito normal con precaución,0,0,0,0,1.0,Volcamiento,exceso de velocidad,2502_0_14,2.0,22.0
Nariño,2017-12-29 16:46:00,24,750.0,2017-12-17 05:00:00,domingo,0,Sol,Seca y limpia,Montañoso,Media ladera Izquierda,Curva Izquierda,Transito normal con precaución,0,0,0,0,1.0,Choque,embriaguez o sustancias alucinogenas,2502_0_24,18.0,6.0
Nariño,2017-12-29 16:50:00,29,20.0,2017-12-18 05:00:00,lunes,40,Normal,Seca y limpia,Escarpado,Media ladera Izquierda,Curva Derecha,Transito normal con precaución,0,0,7,0,1.0,Volcamiento,fallas mecanicas y del sistema electrico,2502_0_29,12.0,12.0
Nariño,2018-02-08 19:59:00,19,900.0,2018-01-04 05:00:00,jueves,30,Normal,Seca y limpia,Escarpado,Media Ladera Derecha,Curva Derecha,Transito normal con precaución,0,0,0,0,1.0,Salida de la vía sin volcarse,fallas mecanicas y del sistema electrico,2502_0_19,13.0,11.0
Nariño,2018-02-08 20:03:00,58,850.0,2018-01-16 05:00:00,martes,0,Normal,Seca y limpia,Escarpado,Media Ladera Derecha,Curva Derecha,Transito normal con precaución,0,0,0,0,1.0,Choque,exceso de velocidad,2502_0_58,17.0,7.0
Nariño,2018-02-08 20:09:00,56,930.0,2018-01-19 05:00:00,viernes,40,Normal,Seca y limpia,Escarpado,Cajón,Curva Izquierda,Transito normal con precaución,0,0,1,0,1.0,Choque,defectos fisicos y psiquicos,2502_0_56,13.0,11.0
Nariño,2018-02-08 20:12:00,37,350.0,2018-01-20 05:00:00,sabado,0,Normal,Seca y limpia,Plano,Terraplen,Curva Izquierda,Transito normal con precaución,0,0,0,0,1.0,Choque,defectos fisicos y psiquicos,2502_0_37,10.0,14.0
Nariño,2018-02-08 20:15:00,28,700.0,2018-01-28 05:00:00,domingo,30,Normal,Seca y limpia,Escarpado,Media ladera Izquierda,Curva Izquierda,Transito normal con precaución,0,0,0,0,1.0,Volcamiento,defectos fisicos y psiquicos,2502_0_28,23.0,1.0
Nariño,2017-05-08 21:23:00,108,450.0,2017-04-06 05:00:00,jueves,30,Normal,Seca y limpia,Ondulado,Cajón,Recta,Transito normal con precaución,0,0,0,0,1.0,Volcamiento,fallas mecanicas y del sistema electrico,2502_1_108,4.0,20.0
Nariño,2017-05-08 21:38:00,45,900.0,2017-04-17 05:00:00,lunes,30,Normal,Seca y limpia,Montañoso,Media Ladera Derecha,Curva Derecha,Transito normal con precaución,0,0,0,0,1.0,Choque,fallas mecanicas y del sistema electrico,2502_1_45,18.0,6.0
Nariño,2017-07-13 13:56:00,23,70.0,2017-05-01 05:00:00,lunes,30,Normal,Seca y limpia,Montañoso,Cajón,Curva Izquierda,Transito normal con precaución,0,0,0,0,1.0,Choque,no mantener distancia de seguridad,2502_1_23,19.0,5.0
Nariño,2017-07-13 14:27:00,62,100.0,2017-05-16 05:00:00,martes,0,Normal,Seca y limpia,Escarpado,Cajón,Curva Izquierda,Transito normal con precaución,0,0,0,0,1.0,Volcamiento,fallas mecanicas y del sistema electrico,2502_1_62,5.0,19.0
Nariño,2017-07-13 14:33:00,123,400.0,2017-06-02 05:00:00,viernes,0,Normal,Seca y limpia,Ondulado,Media Ladera Derecha,Curva Izquierda,Transito normal con precaución,0,0,0,0,1.0,Volcamiento,defectos fisicos y psiquicos,2502_1_123,15.0,9.0
Nariño,2017-07-13 15:06:00,94,100.0,2017-06-10 05:00:00,sabado,30,Normal,Seca y limpia,Ondulado,Media Ladera Derecha,Curva Izquierda,Transito normal con precaución,0,0,0,0,1.0,Choque,defectos fisicos y psiquicos,2502_1_94,8.0,16.0
Nariño,2017-07-13 15:13:00,66,210.0,2017-06-12 05:00:00,lunes,0,Lluvia,Humeda,Montañoso,Media Ladera Derecha,Curva Izquierda,Transito normal con precaución,0,0,0,0,1.0,Choque,exceso de velocidad,2502_1_66,23.0,1.0
Nariño,2017-07-13 15:29:00,28,275.0,2017-06-17 05:00:00,sabado,50,Normal,Seca y limpia,Ondulado,Media Ladera Derecha,Recta,Transito normal con precaución,0,0,0,0,1.0,Atropello,exceso de velocidad,2502_1_28,10.0,14.0
Nariño,2017-07-13 15:33:00,28,400.0,2017-06-18 05:00:00,domingo,0,Normal,Seca y limpia,Ondulado,Media Ladera Derecha,Curva Derecha,Transito normal con precaución,0,0,0,0,1.0,Choque,embriaguez o sustancias alucinogenas,2502_1_28,3.0,21.0
Nariño,2017-07-13 15:38:00,20,570.0,2017-06-21 05:00:00,miercoles,0,Normal,Seca y limpia,Montañoso,Media Ladera Derecha,Curva Izquierda,Transito normal con precaución,0,0,0,0,1.0,Choque,no mantener distancia de seguridad,2502_1_20,9.0,15.0
Nariño,2017-07-13 15:41:00,110,870.0,2017-06-29 05:00:00,jueves,0,Normal,Seca y limpia,Ondulado,Terraplen,Recta,Transito normal con precaución,0,0,0,0,1.0,Choque,imprudencia del conductor,2502_1_110,18.0,6.0
Nariño,2017-08-11 19:37:00,46,800.0,2017-06-01 05:00:00,jueves,0,Normal,Seca y limpia,Ondulado,Media Ladera Derecha,Curva Derecha,Transito normal con precaución,0,0,0,0,1.0,Choque,adelantamientos indebidos,2502_1_46,16.0,8.0
Nariño,2017-08-11 19:42:00,28,400.0,2017-06-04 05:00:00,domingo,10,Normal,Seca y limpia,Montañoso,Media Ladera Derecha,Curva Derecha,Transito normal con precaución,0,0,0,0,1.0,Choque,embriaguez o sustancias alucinogenas,2502_1_28,9.0,15.0
Nariño,2017-08-11 19:47:00,23,0.0,2017-06-06 05:00:00,martes,10,Normal,Seca y limpia,Montañoso,Media Ladera Derecha,Curva Izquierda,Transito normal con precaución,0,0,35,0,1.0,Volcamiento,exceso de velocidad,2502_1_23,15.0,9.0
Nariño,2017-08-11 19:52:00,40,260.0,2017-06-16 05:00:00,viernes,30,Normal,Seca y limpia,Montañoso,Media ladera Izquierda,Curva Derecha,Transito normal con precaución,0,0,0,0,1.0,Choque,no determinada,2502_1_40,19.0,5.0
Nariño,2017-08-11 19:56:00,11,800.0,2017-06-21 05:00:00,miercoles,0,Normal,Seca y limpia,Montañoso,Media Ladera Derecha,Curva Izquierda,Transito normal con precaución,0,0,0,0,1.0,Choque,no determinada,2502_1_11,19.0,5.0
Nariño,2017-08-11 19:59:00,112,250.0,2017-07-14 05:00:00,viernes,50,Normal,Seca y limpia,Montañoso,Cajón,Recta,Transito normal con precaución,0,0,0,0,1.0,Volcamiento,fallas mecanicas y del sistema electrico,2502_1_112,13.0,11.0
Nariño,2017-08-11 20:03:00,81,900.0,2017-07-21 05:00:00,viernes,0,Normal,Seca y limpia,Montañoso,Media ladera Izquierda,Recta,Transito normal con precaución,0,0,0,0,1.0,Choque,defectos fisicos y psiquicos,2502_1_81,16.0,8.0
Nariño,2017-08-11 20:07:00,105,80.0,2017-07-25 05:00:00,martes,30,Normal,Seca y limpia,Montañoso,Cajón,Recta,Transito normal con precaución,0,0,0,0,1.0,Incendio,fallas mecanicas y del sistema electrico,2502_1_105,23.0,1.0
Nariño,2017-10-05 14:28:00,75,200.0,2017-08-02 05:00:00,miercoles,0,Normal,Seca y limpia,Montañoso,Cajón,Curva Derecha,Transito normal con precaución,0,0,0,0,1.0,Volcamiento,imprudencia del conductor,2502_1_75,20.0,4.0
Nariño,2017-10-05 14:34:00,45,905.0,2017-08-02 05:00:00,miercoles,20,Normal,Seca y limpia,Escarpado,Media Ladera Derecha,Recta,Transito normal con precaución,0,0,0,0,1.0,Volcamiento,defectos fisicos y psiquicos,2502_1_45,14.0,10.0
Nariño,2017-10-05 14:42:00,51,258.0,2017-08-06 05:00:00,domingo,0,Normal,Seca y limpia,Escarpado,Cajón,Curva Derecha,Transito normal con precaución,0,0,1,0,1.0,Volcamiento,fallas mecanicas y del sistema electrico,2502_1_51,12.0,12.0
Nariño,2017-10-05 14:46:00,53,570.0,2017-08-08 05:00:00,martes,30,Normal,Seca y limpia,Escarpado,Media Ladera Derecha,Curva Izquierda,Transito normal con precaución,0,0,0,0,1.0,Volcamiento,fallas mecanicas y del sistema electrico,2502_1_53,10.0,14.0
Nariño,2017-10-05 14:53:00,55,400.0,2017-08-08 05:00:00,martes,0,Normal,Seca y limpia,Escarpado,Media Ladera Derecha,Curva Derecha,Transito normal con precaución,0,0,0,0,1.0,Volcamiento,imprudencia del conductor,2502_1_55,18.0,6.0
Nariño,2017-10-05 14:59:00,27,500.0,2017-08-16 05:00:00,miercoles,45,Normal,Seca y limpia,Ondulado,Media Ladera Derecha,Curva Izquierda,Transito normal con precaución,0,0,0,0,1.0,Volcamiento,defectos fisicos y psiquicos,2502_1_27,23.0,1.0
Nariño,2017-10-10 22:24:00,63,200.0,2017-09-01 05:00:00,viernes,0,Normal,Seca y limpia,Montañoso,Media Ladera Derecha,Curva Izquierda,Transito normal con precaución,0,0,0,0,1.0,Volcamiento,exceso de velocidad,2502_1_63,12.0,12.0
Nariño,2017-10-10 22:28:00,30,160.0,2017-09-04 05:00:00,lunes,30,Normal,Seca y limpia,Escarpado,Media ladera Izquierda,Curva Derecha,Transito normal con precaución,0,0,0,0,1.0,Volcamiento,imprudencia del conductor,2502_1_30,14.0,10.0
Nariño,2017-10-10 22:34:00,17,840.0,2017-09-15 05:00:00,viernes,0,Niebla,Humeda,Montañoso,Media ladera Izquierda,Curva Izquierda,Transito normal con precaución,0,0,2,0,1.0,Choque,condiciones de la via y factores ambientales,2502_1_17,13.0,11.0
Nariño,2017-10-10 22:41:00,79,260.0,2017-09-22 05:00:00,viernes,50,Normal,Seca y limpia,Ondulado,Media Ladera Derecha,Curva Izquierda,Transito normal con precaución,0,0,2,0,1.0,Volcamiento,exceso de velocidad,2502_1_79,5.0,19.0
Nariño,2017-11-10 17:54:00,44,20.0,2017-10-05 05:00:00,jueves,30,Sol,Seca y limpia,Escarpado,Cajón,Curva Izquierda,Transito normal con precaución,0,0,0,0,1.0,Choque,no determinada,2502_1_44,8.0,16.0
Nariño,2017-11-10 17:58:00,64,700.0,2017-10-07 05:00:00,sabado,30,Sol,Seca y limpia,Escarpado,Media Ladera Derecha,Curva Derecha,Transito normal con precaución,0,0,1,0,1.0,Volcamiento,exceso de velocidad,2502_1_64,10.0,14.0
Nariño,2017-11-10 18:02:00,83,900.0,2017-10-08 05:00:00,domingo,0,Normal,Seca y limpia,Montañoso,Media Ladera Derecha,Curva Derecha,Transito normal con precaución,0,0,0,1,1.0,Choque,no determinada,2502_1_83,16.0,8.0
Nariño,2017-11-10 18:07:00,51,920.0,2017-10-12 05:00:00,jueves,30,Sol,Seca y limpia,Escarpado,Cajón,Curva Izquierda,Transito normal con precaución,0,0,0,0,1.0,Volcamiento,fallas mecanicas y del sistema electrico,2502_1_51,15.0,9.0
Nariño,2017-11-10 18:12:00,85,750.0,2017-10-27 05:00:00,viernes,0,Normal,Seca y limpia,Escarpado,Cajón,Curva Izquierda,Transito normal con precaución,0,0,1,0,1.0,Choque,exceso de velocidad,2502_1_85,16.0,8.0
Nariño,2017-11-10 18:18:00,5,380.0,2017-10-22 05:00:00,domingo,30,Sol,Seca y limpia,Plano,Terraplen,Curva Izquierda,Transito normal con precaución,0,0,1,0,1.0,Choque,defectos fisicos y psiquicos,2502_1_5,17.0,7.0
Nariño,2018-03-09 17:11:00,57,600.0,2018-02-03 05:00:00,sabado,0,Sol,Seca y limpia,Escarpado,Media Ladera Derecha,Curva Derecha,Transito normal con precaución,0,0,1,1,1.0,Choque,defectos fisicos y psiquicos,2502_1_57,4.0,20.0
Nariño,2018-03-09 17:30:00,42,350.0,2018-02-20 05:00:00,martes,0,Sol,Seca y limpia,Escarpado,Media Ladera Derecha,Curva Derecha,Transito normal con precaución,0,0,2,0,1.0,Choque,exceso de velocidad,2502_1_42,10.0,14.0
Nariño,2018-03-09 17:33:00,18,900.0,2018-02-21 05:00:00,miercoles,0,Sol,Seca y limpia,Montañoso,Media ladera Izquierda,Curva Derecha,Transito normal con precaución,0,0,0,0,1.0,Salida de la vía sin volcarse,defectos fisicos y psiquicos,2502_1_18,13.0,11.0
Nariño,2018-03-09 17:37:00,18,670.0,2018-02-22 05:00:00,jueves,20,Lluvia,Humeda,Montañoso,Media ladera Izquierda,Curva Derecha,Transito normal con precaución,0,0,1,0,1.0,Choque,exceso de velocidad,2502_1_18,8.0,16.0
Nariño,2018-03-09 17:41:00,24,1000.0,2018-02-22 05:00:00,jueves,35,Lluvia,Humeda,Montañoso,Media Ladera Derecha,Recta,Transito normal con precaución,0,0,0,0,1.0,Choque,no mantener distancia de seguridad,2502_1_24,11.0,13.0
Nariño,2018-03-09 17:46:00,30,150.0,2018-02-22 05:00:00,jueves,20,Lluvia,Humeda,Ondulado,Cajón,Curva Derecha,Transito normal con precaución,0,0,3,0,1.0,Choque,condiciones de la via y factores ambientales,2502_1_30,22.0,2.0
Nariño,2018-03-09 17:50:00,41,300.0,2018-02-23 05:00:00,viernes,20,Niebla,Seca y limpia,Escarpado,Media ladera Izquierda,Curva Izquierda,Transito normal con precaución,0,0,0,0,1.0,Choque,defectos fisicos y psiquicos,2502_1_41,16.0,8.0
Nariño,2018-04-09 22:36:00,5,280.0,2018-03-01 05:00:00,jueves,30,Sol,Seca y limpia,Escarpado,Media Ladera Derecha,Recta,Transito normal con precaución,0,0,0,0,1.0,Choque,fallas mecanicas y del sistema electrico,2502_1_5,6.0,18.0
Nariño,2018-04-09 22:39:00,25,450.0,2018-03-04 05:00:00,domingo,50,Niebla,Seca y limpia,Montañoso,Terraplen,Curva Izquierda,Transito normal con precaución,0,0,0,1,1.0,Choque,embriaguez o sustancias alucinogenas,2502_1_25,3.0,21.0
Nariño,2018-04-09 22:51:00,18,850.0,2018-03-06 05:00:00,martes,45,Sol,Seca y limpia,Montañoso,Media Ladera Derecha,Curva Izquierda,Transito normal con precaución,0,0,0,0,1.0,Choque,imprudencia del conductor,2502_1_18,0.0,0.0
Nariño,2018-04-09 22:54:00,8,180.0,2018-03-08 05:00:00,jueves,45,Sol,Seca y limpia,Montañoso,Media ladera Izquierda,Curva Izquierda,Transito normal con precaución,0,0,0,0,1.0,Choque,imprudencia del conductor,2502_1_8,15.0,9.0
Nariño,2018-04-09 22:59:00,14,870.0,2018-03-21 05:00:00,miercoles,25,Sol,Seca y limpia,Montañoso,Cajón,Curva Derecha,Transito normal con precaución,0,0,0,0,1.0,Choque,exceso de velocidad,2502_1_14,11.0,13.0
Nariño,2018-04-09 23:05:00,25,100.0,2018-03-29 05:00:00,jueves,15,Lluvia,Humeda,Montañoso,Media ladera Izquierda,Curva Derecha,Transito normal con precaución,0,0,0,0,1.0,Choque,imprudencia del conductor,2502_1_25,6.0,18.0
Nariño,2017-06-06 13:46:00,43,300.0,2017-05-07 05:00:00,domingo,0,Lluvia,Humeda,Montañoso,Media ladera Izquierda,Curva Izquierda,Transito normal con precaución,0,0,0,1,1.0,Volcamiento,embriaguez o sustancias alucinogenas,2501B_1_43,20.0,4.0
Nariño,2017-06-06 14:13:00,47,770.0,2017-05-14 05:00:00,domingo,0,Sol,Seca y limpia,Montañoso,Media ladera Izquierda,Recta,Transito normal con precaución,0,0,1,0,1.0,Choque,imprudencia del conductor,2501B_1_47,7.0,17.0
Nariño,2017-08-09 13:50:00,3,865.0,2017-07-02 05:00:00,domingo,30,Normal,Seca y limpia,Montañoso,Media Ladera Derecha,Recta,Transito normal con precaución,0,0,0,1,1.0,Choque,embriaguez o sustancias alucinogenas,2501B_1_3,17.0,7.0
Nariño,2017-08-09 14:04:00,49,290.0,2017-07-19 05:00:00,miercoles,30,Sol,Seca y limpia,Montañoso,Media ladera Izquierda,Recta,Transito normal con precaución,0,0,1,1,1.0,Choque,imprudencia del conductor,2501B_1_49,18.0,6.0
Nariño,2017-11-04 16:25:00,57,900.0,2017-10-07 05:00:00,sabado,0,Sol,Seca y limpia,Montañoso,Media ladera Izquierda,Curva Derecha,Transito normal con precaución,0,0,3,0,1.0,Volcamiento,imprudencia del conductor,2501B_1_57,10.0,14.0
Nariño,2017-11-04 16:32:00,52,627.0,2017-10-09 05:00:00,lunes,0,Sol,Seca y limpia,Montañoso,Media ladera Izquierda,Curva Derecha,Transito normal con precaución,0,0,0,0,1.0,Salida de la vía sin volcarse,condiciones de la via y factores ambientales,2501B_1_52,11.0,13.0
Nariño,2017-11-04 16:44:00,18,510.0,2017-10-12 05:00:00,jueves,0,Sol,Seca y limpia,Ondulado,Terraplen,Curva Derecha,Transito normal con precaución,0,0,0,0,1.0,Salida de la vía sin volcarse,exceso de velocidad,2501B_1_18,6.0,18.0