territorial,fecha_registro,pr,distancia_pr,fecha_acc,dia_semana_acc,min_acc,condic_meteor,estado_super,terreno,secc_tip,geometria_acc,tipo_cierre,horas_cierre,min_cierre,n_heridos,n_muertos,n_victimas,clase_accidente,causa_posible,ref_loc,hora_acc,duracion_cierre_horas
Nariño,2017-11-04 17:17:00,58,770.0,2017-10-17 05:00:00,martes,30,Sol,Seca y limpia,Montañoso,Terraplen,Curva Izquierda,Transito normal con precaución,0,0,0,0,1.0,Choque,imprudencia del conductor,2501B_1_58,16.0,8.0
Nariño,2017-11-10 17:47:00,85,950.0,2017-10-04 05:00:00,miercoles,0,Sol,Seca y limpia,Escarpado,Cajón,Curva Derecha,Transito normal con precaución,0,0,0,0,1.0,Volcamiento,defectos fisicos y psiquicos,2501B_1_85,18.0,6.0
Nariño,2017-12-12 22:01:00,85,150.0,2017-11-13 05:00:00,lunes,12,Normal,Seca y limpia,Montañoso,Media Ladera Derecha,Curva Izquierda,Transito normal con precaución,0,0,0,0,1.0,Choque,no determinada,2501B_1_85,7.0,17.0
Nariño,2017-12-12 22:06:00,51,850.0,2017-11-07 05:00:00,martes,50,Sol,Seca y limpia,Ondulado,Media ladera Izquierda,Curva Derecha,Transito normal con precaución,0,0,0,0,1.0,Choque,embriaguez o sustancias alucinogenas,2501B_1_51,7.0,17.0
Nariño,2018-01-03 16:18:00,20,826.0,2017-12-24 05:00:00,domingo,30,Normal,Seca y limpia,Ondulado,Media ladera Izquierda,Curva Izquierda,Transito normal con precaución,0,0,0,1,1.0,Choque,embriaguez o sustancias alucinogenas,2501B_1_20,22.0,2.0
Nariño,2018-02-08 20:20:00,82,200.0,2018-01-12 05:00:00,viernes,0,Normal,Seca y limpia,Ondulado,Media Ladera Derecha,Curva Izquierda,Transito normal con precaución,0,0,2,0,1.0,Choque,exceso de velocidad,2501B_1_82,15.0,9.0
Nariño,2018-02-27 22:52:00,5,340.0,2018-01-21 05:00:00,domingo,0,Sol,Seca y limpia,Montañoso,Media ladera Izquierda,Curva Izquierda,Transito normal con precaución,0,0,1,0,1.0,Choque,embriaguez o sustancias alucinogenas,2501B_1_5,8.0,16.0
Nariño,2017-05-09 16:09:00,36,890.0,2017-04-29 05:00:00,sabado,30,Normal,Seca y limpia,Plano,Terraplen,Recta,Transito normal con precaución,0,0,0,1,1.0,Choque,no determinada,2501A_0_36,11.0,13.0
Nariño,2017-05-09 16:24:00,32,800.0,2017-05-05 05:00:00,viernes,15,Sol,Seca y limpia,Plano,Media ladera Izquierda,Curva Izquierda,Transito normal con precaución,0,0,2,0,1.0,Choque,no determinada,2501A_0_32,16.0,8.0
Nariño,2017-05-31 15:25:00,34,910.0,2017-05-13 05:00:00,sabado,30,Sol,Seca y limpia,Plano,Media ladera Izquierda,Recta,Transito normal con precaución,0,0,0,0,1.0,Volcamiento,condiciones de la via y factores ambientales,2501A_0_34,18.0,6.0
Nariño,2017-05-31 19:50:00,59,360.0,2017-05-16 05:00:00,martes,50,Seca,Seca y limpia,Montañoso,Media ladera Izquierda,Curva Izquierda,Transito normal con precaución,0,0,0,0,1.0,Choque,imprudencia del conductor,2501A_0_59,17.0,7.0
Nariño,2017-05-31 19:55:00,28,320.0,2017-05-26 05:00:00,viernes,0,Sol,Seca y limpia,Plano,Cajón,Curva Derecha,Transito normal con precaución,0,0,1,0,1.0,Choque,exceso de velocidad,2501A_0_28,16.0,8.0
Nariño,2017-07-07 14:49:00,92,705.0,2017-06-16 05:00:00,viernes,0,Sol,Seca y limpia,Plano,Media Ladera Derecha,Recta,Transito normal con precaución,0,0,1,0,1.0,Volcamiento,embriaguez o sustancias alucinogenas,2501A_0_92,10.0,14.0
Nariño,2017-07-07 15:01:00,16,735.0,2017-06-30 05:00:00,viernes,10,Sol,Seca y limpia,Plano,Media ladera Izquierda,Curva Derecha,Transito normal con precaución,0,0,1,0,1.0,Choque,exceso de velocidad,2501A_0_16,23.0,1.0
Nariño,2017-07-28 16:21:00,2,400.0,2017-07-11 05:00:00,martes,10,Sol,Seca y limpia,Plano,Media ladera Izquierda,Curva Izquierda,Transito normal con precaución,0,0,1,0,1.0,Volcamiento,exceso de velocidad,2501A_0_2,16.0,8.0
Nariño,2017-07-28 16:24:00,35,810.0,2017-07-21 05:00:00,viernes,0,Sol,Seca y limpia,Plano,Media ladera Izquierda,Curva Izquierda,Transito normal con precaución,0,0,4,0,1.0,Salida de la vía sin volcarse,fallas mecanicas y del sistema electrico,2501A_0_35,16.0,8.0
Nariño,2017-08-09 14:48:00,37,930.0,2017-07-27 05:00:00,jueves,30,Normal,Seca y limpia,Plano,Terraplen,Recta,Transito normal con precaución,0,0,3,3,1.0,Choque,exceso de velocidad,2501A_0_37,21.0,3.0
Nariño,2017-09-06 20:59:00,51,220.0,2017-08-19 05:00:00,sabado,40,Seca,Seca y limpia,Montañoso,Media Ladera Derecha,Curva Derecha,Transito normal con precaución,0,0,0,0,1.0,Choque,exceso en horas de conduccion,2501A_0_51,15.0,9.0
Nariño,2017-09-06 21:04:00,41,300.0,2017-08-27 05:00:00,domingo,0,Seca,Seca y limpia,Montañoso,Media Ladera Derecha,Curva Izquierda,Transito normal con precaución,0,0,2,0,1.0,Choque,exceso de velocidad,2501A_0_41,3.0,21.0
Nariño,2017-09-06 21:08:00,56,670.0,2017-08-29 05:00:00,martes,50,Seca,Seca y limpia,Montañoso,Cajón,Curva Izquierda,Transito normal con precaución,0,0,0,0,1.0,Choque,exceso en horas de conduccion,2501A_0_56,12.0,12.0
Nariño,2017-09-06 21:14:00,30,600.0,2017-08-31 05:00:00,jueves,15,Lluvia,Humeda,Montañoso,Media ladera Izquierda,Curva Izquierda,Transito normal con precaución,0,0,0,0,1.0,Choque,exceso de velocidad,2501A_0_30,14.0,10.0
Nariño,2017-09-08 16:19:00,92,203.0,2017-08-19 05:00:00,sabado,0,Lluvia,Humeda,Plano,Media ladera Izquierda,Curva Izquierda,Transito normal con precaución,0,0,0,0,1.0,Salida de la vía sin volcarse,fallas mecanicas y del sistema electrico,2501A_0_92,9.0,15.0
Nariño,2017-09-11 15:19:00,82,886.0,2017-09-04 05:00:00,lunes,0,Normal,Seca y limpia,Plano,Terraplen,Recta,Transito normal con precaución,0,0,2,0,1.0,Caída ocupante,condiciones de la via y factores ambientales,2501A_0_82,0.0,0.0
Nariño,2017-09-25 19:59:00,64,460.0,2017-09-14 05:00:00,jueves,55,Sol,Seca y limpia,Escarpado,Media Ladera Derecha,Curva Derecha,Transito normal con precaución,0,0,0,0,1.0,Volcamiento,fallas mecanicas y del sistema electrico,2501A_0_64,20.0,4.0
Nariño,2017-09-25 20:37:00,49,900.0,2017-09-18 05:00:00,lunes,0,Sol,Seca y limpia,Escarpado,Media Ladera Derecha,Curva Derecha,Transito normal con precaución,0,0,0,0,1.0,Choque,exceso en horas de conduccion,2501A_0_49,17.0,7.0
Nariño,2017-10-02 14:52:00,30,430.0,2017-09-17 05:00:00,domingo,30,Sol,Seca y limpia,Plano,Media ladera Izquierda,Curva Izquierda,Transito normal con precaución,0,0,1,0,1.0,Choque,exceso de velocidad,2501A_0_30,7.0,17.0
Nariño,2017-10-02 14:55:00,33,190.0,2017-09-20 05:00:00,miercoles,50,Sol,Seca y limpia,Plano,Media ladera Izquierda,Recta,Transito normal con precaución,0,0,3,0,1.0,Choque,imprudencia del conductor,2501A_0_33,19.0,5.0
Nariño,2017-10-02 15:02:00,14,206.0,2017-09-25 05:00:00,lunes,10,Sol,Seca y limpia,Plano,Media Ladera Derecha,Curva Izquierda,Transito normal con precaución,0,0,1,0,1.0,Volcamiento,fallas mecanicas y del sistema electrico,2501A_0_14,8.0,16.0
Cauca,2017-10-04 19:37:00,115,850.0,2017-07-27 05:00:00,jueves,0,Normal,Seca y limpia,Plano,Terraplen,Recta,Transito normal con precaución,0,0,2,0,1.0,Choque,condiciones de la via y factores ambientales,2501A_0_115,10.0,14.0
Caquetá,2018-01-10 14:08:00,82,240.0,2017-12-12 05:00:00,martes,45,Lluvia,Humeda,Ondulado,Media Ladera Derecha,Recta,Transito normal con precaución,0,0,0,0,1.0,Volcamiento,condiciones de la via y factores ambientales,2003A_0_82,9.0,15.0
Huila,2018-01-10 20:23:00,2,600.0,2017-12-03 05:00:00,domingo,30,Normal,Seca y limpia,Plano,Terraplen,Curva Izquierda,Parcial con reducción de carriles,1,0,0,0,1.0,Choque,no determinada,2003A_0_2,21.0,4.0
Huila,2018-01-12 22:39:00,27,0.0,2017-12-13 05:00:00,miercoles,30,Normal,Seca y limpia,Montañoso,Media ladera Izquierda,Recta,Parcial con reducción de carriles,1,30,0,0,1.0,Volcamiento,condiciones de la via y factores ambientales,2003A_0_27,3.0,22.0
Huila,2018-01-12 22:45:00,30,400.0,2017-12-25 05:00:00,lunes,45,Lluvia,Humeda,Montañoso,Media ladera Izquierda,Curva Izquierda,Transito normal con precaución,1,0,0,0,1.0,Volcamiento,desobediencia a normas y senales,2003A_0_30,5.0,20.0
Huila,2018-01-12 22:51:00,3,0.0,2017-12-22 05:00:00,viernes,0,Normal,Seca y limpia,Plano,Media Ladera Derecha,Curva Derecha,Transito normal con precaución,0,0,0,0,1.0,Choque,no mantener distancia de seguridad,2003A_0_3,0.0,0.0
Huila,2018-01-12 22:55:00,21,500.0,2017-12-26 05:00:00,martes,10,Normal,Seca y limpia,Ondulado,Media ladera Izquierda,Curva Derecha,Transito normal con precaución,0,0,1,0,1.0,Choque,adelantamientos indebidos,2003A_0_21,11.0,13.0
Huila,2018-01-12 23:21:00,14,400.0,2017-12-30 05:00:00,sabado,0,Normal,Seca y limpia,Plano,Terraplen,Curva Izquierda,Transito normal con precaución,0,0,1,0,1.0,Choque,maniobras imprudentes,2003A_0_14,17.0,7.0
Caquetá,2018-01-16 14:44:00,47,900.0,2017-12-17 05:00:00,domingo,40,Seca,Seca y limpia,Ondulado,Cajón,Curva Izquierda,Parcial con reducción de carriles,0,0,0,1,1.0,Choque,maniobras imprudentes,2003A_0_47,17.0,7.0
Caquetá,2018-01-16 14:50:00,77,100.0,2017-12-31 05:00:00,domingo,30,Lluvia,Humeda,Ondulado,Cajón,Curva Derecha,Parcial con reducción de carriles,0,0,3,0,1.0,Volcamiento,no determinada,2003A_0_77,11.0,13.0
Huila,2018-02-08 19:59:00,15,400.0,2018-01-09 05:00:00,martes,0,Normal,Seca y limpia,Ondulado,Terraplen,Recta,Transito normal con precaución,0,0,0,0,1.0,Choque,no determinada,2003A_0_15,1.0,23.0
Caquetá,2018-02-13 21:36:00,49,460.0,2018-01-16 05:00:00,martes,50,Lluvia,Humeda,Montañoso,Media ladera Izquierda,Curva Izquierda,Transito normal con precaución,0,0,0,0,1.0,Salida de la vía sin volcarse,fallas mecanicas y del sistema electrico,2003A_0_49,8.0,16.0
Caquetá,2018-02-13 21:42:00,59,240.0,2018-01-18 05:00:00,jueves,0,Seca,Seca y limpia,Montañoso,Media ladera Izquierda,Recta,Transito normal con precaución,0,0,0,0,1.0,Salida de la vía sin volcarse,desobediencia a normas y senales,2003A_0_59,12.0,12.0
Caquetá,2018-02-13 21:45:00,70,256.0,2018-01-20 05:00:00,sabado,30,Seca,Seca y limpia,Ondulado,Cajón,Curva Derecha,Transito normal con precaución,0,0,0,0,1.0,Choque,maniobras imprudentes,2003A_0_70,22.0,2.0
Caquetá,2018-02-20 14:45:00,53,700.0,2018-02-01 05:00:00,jueves,0,Seca,Seca y limpia,Montañoso,Cajón,Curva Izquierda,Transito normal con precaución,0,0,0,0,1.0,Caída de carga,adelantamientos indebidos,2003A_0_53,6.0,18.0
Caquetá,2018-02-20 14:51:00,59,420.0,2018-02-04 05:00:00,domingo,35,Lluvia,Humeda,Montañoso,Media ladera Izquierda,Curva Derecha,Transito normal con precaución,0,0,2,0,1.0,Volcamiento,condiciones de la via y factores ambientales,2003A_0_59,15.0,9.0
Caquetá,2018-02-20 15:10:00,64,700.0,2018-02-10 05:00:00,sabado,20,Niebla,Humeda,Montañoso,Media ladera Izquierda,Recta,Transito normal con precaución,0,0,3,0,1.0,Choque,condiciones de la via y factores ambientales,2003A_0_64,13.0,11.0
Huila,2018-03-05 20:17:00,13,100.0,2018-02-10 05:00:00,sabado,30,Normal,Seca y limpia,Ondulado,Terraplen,Recta,Parcial con reducción de carriles,0,0,1,0,1.0,Atropello,desobediencia a normas y senales,2003A_0_13,16.0,8.0
Huila,2018-03-05 20:21:00,21,300.0,2018-02-17 05:00:00,sabado,40,Normal,Seca y limpia,Ondulado,Media ladera Izquierda,Curva Izquierda,Parcial con reducción de carriles,0,0,0,1,1.0,Choque,exceso de velocidad,2003A_0_21,8.0,16.0
Huila,2018-04-09 03:14:00,18,250.0,2018-03-11 05:00:00,domingo,0,Normal,Seca y limpia,Ondulado,Terraplen,Recta,Transito normal con precaución,0,0,0,0,1.0,Choque,condiciones de la via y factores ambientales,2003A_0_18,15.0,9.0
Huila,2018-04-09 03:18:00,3,800.0,2018-03-18 05:00:00,domingo,30,Normal,Seca y limpia,Ondulado,Terraplen,Curva Izquierda,Transito normal con precaución,0,0,2,0,1.0,Choque,embriaguez o sustancias alucinogenas,2003A_0_3,19.0,5.0
Huila,2018-04-09 03:22:00,31,800.0,2018-03-21 05:00:00,miercoles,50,Normal,Seca y limpia,Montañoso,Media ladera Izquierda,Curva Izquierda,Transito normal con precaución,0,0,0,0,1.0,Volcamiento,no determinada,2003A_0_31,9.0,15.0
Caquetá,2018-04-18 21:11:00,45,100.0,2018-03-04 05:00:00,domingo,0,Niebla,Humeda,Montañoso,Media ladera Izquierda,Curva Derecha,Transito normal con precaución,0,0,1,0,1.0,Choque,no determinada,2003A_0_45,5.0,19.0
Caquetá,2018-04-18 21:14:00,44,440.0,2018-03-06 05:00:00,martes,0,Lluvia,Humeda,Montañoso,Media ladera Izquierda,Recta,Transito normal con precaución,0,0,2,0,1.0,Choque,condiciones de la via y factores ambientales,2003A_0_44,11.0,13.0
Caquetá,2018-04-18 21:20:00,66,973.0,2018-03-18 05:00:00,domingo,0,Lluvia,Humeda,Montañoso,Media Ladera Derecha,Curva Izquierda,Transito normal con precaución,0,0,0,0,1.0,Choque,condiciones de la via y factores ambientales,2003A_0_66,12.0,12.0
Caquetá,2018-04-20 13:11:00,78,440.0,2018-03-25 05:00:00,domingo,0,Lluvia,Humeda,Ondulado,Cajón,Curva Derecha,Transito normal con precaución,0,0,2,0,1.0,Choque,condiciones de la via y factores ambientales,2003A_0_78,9.0,15.0
Caquetá,2018-04-20 13:15:00,62,370.0,2018-03-27 05:00:00,martes,0,Lluvia,Humeda,Montañoso,Media ladera Izquierda,Recta,Transito normal con precaución,0,0,0,0,1.0,Choque,condiciones de la via y factores ambientales,2003A_0_62,12.0,12.0
Huila,2017-09-05 20:50:00,3,900.0,2017-08-20 05:00:00,domingo,30,Normal,Humeda,Plano,Media ladera Izquierda,Recta,Transito normal con precaución,0,0,0,1,1.0,Choque,exceso de velocidad,2003_0_3,4.0,20.0
Huila,2018-01-12 22:58:00,2,500.0,2017-12-27 05:00:00,miercoles,40,Normal,Seca y limpia,Plano,Media ladera Izquierda,Curva Izquierda,Parcial con reducción de carriles,0,0,1,0,1.0,Choque,no mantener distancia de seguridad,2003_0_2,3.0,21.0
Huila,2018-03-05 20:25:00,0,300.0,2018-02-17 05:00:00,sabado,10,Normal,Seca y limpia,Ondulado,Terraplen,Recta,Transito normal con precaución,0,0,1,0,1.0,Choque,desobediencia a normas y senales,2003_0_0,6.0,18.0
Huila,2017-05-05 21:04:00,124,800.0,2017-04-08 05:00:00,sabado,15,Normal,Seca y limpia,Montañoso,Media Ladera Derecha,Recta,Transito normal con precaución,0,0,1,1,1.0,Choque,no determinada,2002_1_124,20.0,4.0
Cauca,2017-05-22 13:15:00,51,700.0,2017-05-20 05:00:00,sabado,0,Normal,Humeda,Montañoso,Media ladera Izquierda,Curva Derecha,Cierre total,3,0,0,0,1.0,Volcamiento,no determinada,2002_1_51,9.0,18.0
Huila,2017-07-17 15:56:00,122,700.0,2017-06-22 05:00:00,jueves,30,Normal,Seca y limpia,Montañoso,Media Ladera Derecha,Curva Derecha,Transito normal con precaución,0,0,1,0,1.0,Choque,no determinada,2002_1_122,19.0,5.0
Cauca,2017-07-27 21:15:00,11,470.0,2017-07-27 05:00:00,jueves,30,Normal,Seca y limpia,Montañoso,Media ladera Izquierda,Curva Izquierda,Parcial con paso alternado,3,0,1,0,1.0,Volcamiento,defectos fisicos y psiquicos,2002_1_11,20.0,7.0
Cauca,2017-09-04 15:31:00,34,275.0,2017-08-17 05:00:00,jueves,0,Normal,Seca y limpia,Montañoso,Media Ladera Derecha,Curva Izquierda,Transito normal con precaución,0,0,0,0,1.0,Volcamiento,fallas mecanicas y del sistema electrico,2002_1_34,22.0,2.0
Cauca,2017-09-26 15:18:00,11,340.0,2017-09-14 05:00:00,jueves,0,Normal,Seca y limpia,Montañoso,Media Ladera Derecha,Recta,Parcial con paso alternado,0,0,0,0,1.0,Volcamiento,no determinada,2002_1_11,19.0,5.0
Huila,2017-10-06 20:57:00,105,920.0,2017-09-29 05:00:00,viernes,0,Lluvia,Humeda,Ondulado,Media ladera Izquierda,Recta,Transito normal con precaución,0,0,0,0,1.0,Choque,condiciones de la via y factores ambientales,2002_1_105,16.0,8.0
Cauca,2017-10-09 15:04:00,36,220.0,2017-10-02 05:00:00,lunes,0,Sol,Seca y limpia,Montañoso,Media ladera Izquierda,Curva Izquierda,Parcial con paso alternado,0,0,0,0,1.0,Volcamiento,fallas mecanicas y del sistema electrico,2002_1_36,15.0,9.0
Cauca,2017-10-19 16:12:00,36,500.0,2017-10-15 05:00:00,domingo,30,Normal,Seca y limpia,Montañoso,Media Ladera Derecha,Curva Izquierda,Parcial con paso alternado,0,0,0,1,1.0,Choque,embriaguez o sustancias alucinogenas,2002_1_36,7.0,17.0
Cauca,2017-10-30 14:54:00,34,275.0,2017-10-26 05:00:00,jueves,0,Normal,Seca y limpia,Montañoso,Media Ladera Derecha,Curva Izquierda,Transito normal con precaución,0,0,21,4,1.0,Salida de la vía sin volcarse,exceso de velocidad,2002_1_34,8.0,16.0
Cauca,2017-11-09 13:33:00,31,750.0,2017-11-03 05:00:00,viernes,30,Normal,Seca y limpia,Montañoso,Media ladera Izquierda,Curva Derecha,Parcial con paso alternado,0,0,0,0,1.0,Choque,condiciones de la via y factores ambientales,2002_1_31,11.0,13.0
Cauca,2017-12-20 14:25:00,15,400.0,2017-12-05 05:00:00,martes,0,Normal,Seca y limpia,Montañoso,Media Ladera Derecha,Recta,Transito normal con precaución,0,0,0,0,1.0,Salida de la vía sin volcarse,defectos fisicos y psiquicos,2002_1_15,23.0,1.0
Cauca,2018-01-16 20:56:00,60,700.0,2018-01-12 05:00:00,viernes,30,Sol,Seca y limpia,Montañoso,Media ladera Izquierda,Curva Derecha,Parcial con paso alternado,0,0,0,0,1.0,Volcamiento,no determinada,2002_1_60,17.0,7.0
Cauca,2018-01-31 23:25:00,0,1000.0,2018-01-26 05:00:00,viernes,30,Normal,Seca y limpia,Montañoso,Media ladera Izquierda,Curva Izquierda,Parcial con paso alternado,0,0,0,1,1.0,Choque,imprudencia del conductor,2002_1_0,9.0,15.0
Cauca,2018-02-07 22:27:00,7,800.0,2018-01-31 05:00:00,miercoles,45,Sol,Seca y limpia,Montañoso,Media Ladera Derecha,Curva Derecha,Parcial con paso alternado,0,0,1,0,1.0,Choque,exceso de velocidad,2002_1_7,11.0,13.0
Cauca,2018-02-07 22:37:00,38,250.0,2018-02-04 05:00:00,domingo,0,Normal,Seca y limpia,Montañoso,Terraplen,Curva Derecha,Transito normal con precaución,0,0,0,2,1.0,Choque,embriaguez o sustancias alucinogenas,2002_1_38,20.0,4.0
Huila,2018-02-08 19:54:00,113,500.0,2018-01-06 05:00:00,sabado,40,Normal,Seca y limpia,Ondulado,Media ladera Izquierda,Curva Derecha,Transito normal con precaución,0,0,1,0,1.0,Choque,no determinada,2002_1_113,19.0,5.0
Cauca,2018-02-26 13:30:00,8,900.0,2018-02-21 05:00:00,miercoles,0,Lluvia,Humeda,Montañoso,Media ladera Izquierda,Curva Izquierda,Transito normal con precaución,0,0,0,0,1.0,Salida de la vía sin volcarse,defectos fisicos y psiquicos,2002_1_8,5.0,19.0
Cauca,2018-03-28 14:11:00,40,150.0,2018-03-23 05:00:00,viernes,20,Granizo,Helada,Montañoso,Media Ladera Derecha,Recta,Parcial con reducción de carriles,0,0,6,0,1.0,Volcamiento,condiciones de la via y factores ambientales,2002_1_40,15.0,9.0
Cauca,2018-04-03 16:04:00,4,920.0,2018-04-01 05:00:00,domingo,0,Sol,Seca y limpia,Montañoso,Media Ladera Derecha,Curva Derecha,Transito normal con precaución,0,0,1,0,1.0,Salida de la vía sin volcarse,exceso de velocidad,2002_1_4,9.0,15.0
Cauca,2018-04-06 16:15:00,8,530.0,2018-04-04 05:00:00,miercoles,30,Lluvia,Otra,Montañoso,Media ladera Izquierda,Curva Derecha,Transito normal con precaución,0,0,0,0,1.0,Volcamiento,fallas mecanicas y del sistema electrico,2002_1_8,16.0,8.0
Cauca,2018-04-18 16:37:00,21,120.0,2018-04-10 05:00:00,martes,45,Normal,Humeda,Montañoso,Media Ladera Derecha,Recta,Transito normal con precaución,0,0,1,0,1.0,Atropello,defectos fisicos y psiquicos,2002_1_21,20.0,4.0
Cauca,2018-04-18 16:10:00,55,370.0,2018-04-15 05:00:00,domingo,30,Normal,Seca y limpia,Montañoso,Media ladera Izquierda,Recta,Parcial con reducción de carriles,0,0,0,0,1.0,Choque,exceso de velocidad,2001_2_55,3.0,21.0
Cauca,2017-05-05 21:06:00,30,500.0,2017-04-09 05:00:00,domingo,0,Sol,Seca y limpia,Montañoso,Media ladera Izquierda,Curva Derecha,Parcial restringido a vehiculos pesados,0,0,0,0,1.0,Volcamiento,fallas mecanicas y del sistema electrico,2001_1_30,14.0,10.0
Cauca,2017-05-05 21:13:00,53,300.0,2017-04-27 05:00:00,jueves,0,Sol,Seca y limpia,Montañoso,Terraplen,Recta,Parcial con reducción de carriles,0,0,1,0,1.0,Choque,imprudencia del conductor,2001_1_53,20.0,4.0
Cauca,2017-06-07 16:35:00,27,150.0,2017-05-04 05:00:00,jueves,0,Sol,Seca y limpia,Ondulado,Terraplen,Recta,Parcial con paso alternado,0,15,1,0,1.0,Choque,exceso de velocidad,2001_1_27,9.0,15.0
Cauca,2017-07-27 14:47:00,55,785.0,2017-07-22 05:00:00,sabado,10,Seca,Seca y limpia,Ondulado,Terraplen,Curva Derecha,Parcial con reducción de carriles,1,0,3,0,1.0,Choque,maniobras imprudentes,2001_1_55,8.0,17.0
Cauca,2017-08-09 22:31:00,31,200.0,2017-08-04 05:00:00,viernes,35,Sol,Seca y limpia,Montañoso,Media ladera Izquierda,Curva Derecha,Parcial con paso alternado,0,0,0,0,1.0,Choque,maniobras imprudentes,2001_1_31,10.0,14.0
Cauca,2017-08-11 20:54:00,44,200.0,2017-08-10 05:00:00,jueves,0,Lluvia,Humeda,Montañoso,Cajón,Curva Derecha,Transito normal con precaución,0,0,0,0,1.0,Volcamiento,fallas mecanicas y del sistema electrico,2001_1_44,6.0,18.0
Cauca,2017-08-24 14:02:00,40,800.0,2017-08-19 05:00:00,sabado,30,Sol,Seca y limpia,Montañoso,Media ladera Izquierda,Recta,Transito normal con precaución,0,0,2,0,1.0,Choque,maniobras imprudentes,2001_1_40,17.0,7.0
Cauca,2017-09-07 14:54:00,34,820.0,2017-08-26 05:00:00,sabado,30,Sol,Seca y limpia,Montañoso,Media ladera Izquierda,Recta,Parcial con paso alternado,0,0,0,1,1.0,Atropello,no determinada,2001_1_34,21.0,3.0
Cauca,2017-10-25 15:54:00,40,50.0,2017-10-15 05:00:00,domingo,50,Normal,Seca y limpia,Montañoso,Media ladera Izquierda,Curva Derecha,Transito normal con precaución,0,0,0,1,1.0,Choque,adelantamientos indebidos,2001_1_40,7.0,17.0
Cauca,2017-12-11 16:19:00,27,680.0,2017-11-23 05:00:00,jueves,20,Normal,Seca y limpia,Plano,Terraplen,Recta,Transito normal con precaución,0,0,0,0,1.0,Atropello,no determinada,2001_1_27,16.0,8.0
Cauca,2018-01-11 16:27:00,30,653.0,2017-12-07 05:00:00,jueves,55,Normal,Seca y limpia,Montañoso,Media ladera Izquierda,Recta,Transito normal con precaución,0,0,1,0,1.0,Atropello,exceso de velocidad,2001_1_30,5.0,19.0
Cauca,2018-02-13 22:02:00,47,374.0,2018-02-08 05:00:00,jueves,0,Normal,Seca y limpia,Montañoso,Media ladera Izquierda,Curva Derecha,Transito normal con precaución,0,0,2,0,1.0,Salida de la vía sin volcarse,exceso de velocidad,2001_1_47,4.0,20.0
Cauca,2018-02-14 13:30:00,26,280.0,2018-02-08 05:00:00,jueves,0,Sol,Seca y limpia,Montañoso,Terraplen,Recta,Parcial con paso alternado,0,0,0,0,1.0,Choque,no determinada,2001_1_26,8.0,16.0
Cauca,2018-02-26 13:20:00,53,710.0,2018-02-16 05:00:00,viernes,0,Normal,Seca y limpia,Montañoso,Terraplen,Recta,Parcial con paso alternado,0,0,0,0,1.0,Choque,exceso de velocidad,2001_1_53,4.0,20.0
Cauca,2018-02-26 13:28:00,29,20.0,2018-02-19 05:00:00,lunes,30,Normal,Lodo,Montañoso,Media Ladera Derecha,Curva Derecha,Parcial con paso alternado,0,0,2,0,1.0,Choque,exceso de velocidad,2001_1_29,9.0,15.0
Cauca,2018-02-26 13:44:00,53,850.0,2018-02-22 05:00:00,jueves,20,Normal,Seca y limpia,Montañoso,Terraplen,Recta,Parcial con paso alternado,0,0,2,0,1.0,Atropello,conducta de peatones,2001_1_53,14.0,10.0
Cauca,2018-02-27 22:37:00,37,796.0,2018-02-27 05:00:00,martes,0,Normal,Seca y limpia,Montañoso,Media ladera Izquierda,Curva Izquierda,Parcial con reducción de carriles,0,0,1,0,1.0,Choque,exceso de velocidad,2001_1_37,10.0,14.0
Cauca,2018-04-12 16:52:00,32,520.0,2018-03-11 05:00:00,domingo,0,Normal,Seca y limpia,Montañoso,Cajón,Curva Derecha,Transito normal con precaución,0,0,2,0,1.0,Choque,maniobras imprudentes,2001_1_32,16.0,8.0
Cauca,2018-04-17 20:42:00,32,700.0,2018-03-11 05:00:00,domingo,0,Normal,Seca y limpia,Montañoso,Cajón,Recta,Transito normal con precaución,0,0,2,0,1.0,Choque,maniobras imprudentes,2001_1_32,7.0,17.0
Cauca,2018-04-17 20:42:00,32,700.0,2018-03-11 05:00:00,domingo,0,Normal,Seca y limpia,Montañoso,Cajón,Recta,Transito normal con precaución,0,0,2,0,1.0,Choque,maniobras imprudentes,2001_1_32,12.0,12.0
Cauca,2018-04-17 22:04:00,57,40.0,2018-04-16 05:00:00,lunes,0,Normal,Seca y limpia,Montañoso,Media Ladera Derecha,Recta,Parcial con reducción de carriles,0,0,0,0,1.0,Volcamiento,fallas mecanicas y del sistema electrico,2001_1_57,5.0,19.0
Cauca,2018-04-18 16:27:00,39,700.0,2018-04-13 05:00:00,viernes,30,Normal,Seca y limpia,Montañoso,Media ladera Izquierda,Curva Izquierda,Parcial con reducción de carriles,0,0,1,0,1.0,Choque,exceso de velocidad,2001_1_39,12.0,12.0
Valle del Cauca,2017-05-06 12:58:00,25,320.0,2017-02-19 05:00:00,domingo,20,Normal,Seca y limpia,Plano,Media Ladera Derecha,Curva Derecha,Transito normal con precaución,19,45,2,0,1.0,Choque,no determinada,1901_0_25,9.0,10.0
Valle del Cauca,2017-05-06 13:10:00,59,600.0,2017-02-19 05:00:00,domingo,30,Normal,Seca y limpia,Plano,Media ladera Izquierda,Recta,Transito normal con precaución,21,50,1,0,1.0,Atropello,no determinada,1901_0_59,21.0,0.0
Valle del Cauca,2017-05-06 13:19:00,43,800.0,2017-02-27 05:00:00,lunes,0,Normal,Seca y limpia,Plano,Media ladera Izquierda,Recta,Transito normal con precaución,19,5,1,0,1.0,Choque,exceso de velocidad,1901_0_43,8.0,11.0