territorial,fecha_registro,pr,distancia_pr,fecha_acc,dia_semana_acc,min_acc,condic_meteor,estado_super,terreno,secc_tip,geometria_acc,tipo_cierre,horas_cierre,min_cierre,n_heridos,n_muertos,n_victimas,clase_accidente,causa_posible,ref_loc,hora_acc,duracion_cierre_horas
Valle del Cauca,2017-05-06 13:28:00,21,0.0,2017-03-13 05:00:00,lunes,40,Lluvia,Humeda,Plano,Media Ladera Derecha,Recta,Transito normal con precaución,16,10,0,0,1.0,Choque,no determinada,1901_0_21,11.0,5.0
Valle del Cauca,2017-05-06 13:32:00,37,400.0,2017-03-18 05:00:00,sabado,55,Normal,Seca y limpia,Plano,Media Ladera Derecha,Curva Derecha,Transito normal con precaución,6,15,0,0,1.0,Volcamiento,no determinada,1901_0_37,4.0,2.0
Valle del Cauca,2017-05-06 13:42:00,43,900.0,2017-04-07 05:00:00,viernes,10,Normal,Seca y limpia,Plano,Media ladera Izquierda,Curva Derecha,Transito normal con precaución,16,20,3,0,1.0,Choque,no determinada,1901_0_43,12.0,4.0
Valle del Cauca,2017-05-06 14:17:00,42,0.0,2017-04-08 05:00:00,sabado,30,Normal,Seca y limpia,Plano,Media ladera Izquierda,Curva Derecha,Transito normal con precaución,13,0,1,0,1.0,Choque,condiciones de la via y factores ambientales,1901_0_42,6.0,7.0
Valle del Cauca,2017-05-06 14:28:00,29,200.0,2017-04-14 05:00:00,viernes,0,Lluvia,Humeda,Plano,Media ladera Izquierda,Curva Derecha,Transito normal con precaución,13,20,0,0,1.0,Volcamiento,no determinada,1901_0_29,3.0,10.0
Valle del Cauca,2017-05-06 14:40:00,23,800.0,2017-04-16 05:00:00,domingo,30,Normal,Seca y limpia,Montañoso,Media ladera Izquierda,Curva Derecha,Transito normal con precaución,16,45,2,0,1.0,Choque,no determinada,1901_0_23,14.0,2.0
Valle del Cauca,2017-05-06 14:52:00,19,980.0,2017-04-21 05:00:00,viernes,45,Normal,Seca y limpia,Montañoso,Media ladera Izquierda,Curva Izquierda,Transito normal con precaución,12,15,0,0,1.0,Choque,exceso de velocidad,1901_0_19,5.0,7.0
Valle del Cauca,2017-05-24 18:57:00,37,980.0,2016-12-21 05:00:00,miercoles,45,Lluvia,Humeda,Montañoso,Media ladera Izquierda,Curva Izquierda,Transito normal con precaución,18,10,0,0,1.0,Choque,no determinada,1901_0_37,17.0,1.0
Valle del Cauca,2017-05-24 19:12:00,49,700.0,2016-12-21 05:00:00,miercoles,45,Lluvia,Humeda,Montañoso,Media Ladera Derecha,Recta,Transito normal con precaución,10,5,2,0,1.0,Volcamiento,desobediencia a normas y senales,1901_0_49,14.0,20.0
Valle del Cauca,2017-05-24 19:32:00,38,380.0,2016-12-22 05:00:00,jueves,0,Normal,Seca y limpia,Montañoso,Media Ladera Derecha,Recta,Transito normal con precaución,15,15,2,0,1.0,Choque,no determinada,1901_0_38,9.0,6.0
Valle del Cauca,2017-05-24 19:41:00,28,480.0,2016-12-31 05:00:00,sabado,0,Normal,Seca y limpia,Montañoso,Media Ladera Derecha,Curva Izquierda,Transito normal con precaución,10,40,0,0,1.0,Volcamiento,no determinada,1901_0_28,17.0,17.0
Valle del Cauca,2017-05-24 20:32:00,59,560.0,2017-01-08 05:00:00,domingo,0,Normal,Seca y limpia,Montañoso,Media Ladera Derecha,Recta,Transito normal con precaución,14,30,0,0,1.0,Incendio,fallas mecanicas y del sistema electrico,1901_0_59,2.0,12.0
Valle del Cauca,2017-05-25 18:43:00,37,960.0,2017-01-11 05:00:00,miercoles,0,Normal,Seca y limpia,Montañoso,Media Ladera Derecha,Curva Izquierda,Transito normal con precaución,6,40,0,0,1.0,Volcamiento,fallas mecanicas y del sistema electrico,1901_0_37,7.0,23.0
Valle del Cauca,2017-05-25 19:44:00,53,700.0,2017-01-27 05:00:00,viernes,35,Normal,Seca y limpia,Montañoso,Media Ladera Derecha,Recta,Transito normal con precaución,12,50,1,1,1.0,Choque,exceso en horas de conduccion,1901_0_53,16.0,20.0
Valle del Cauca,2017-05-25 19:58:00,37,850.0,2017-01-28 05:00:00,sabado,50,Normal,Seca y limpia,Montañoso,Media Ladera Derecha,Recta,Transito normal con precaución,20,30,1,0,1.0,Volcamiento,maniobras imprudentes,1901_0_37,1.0,19.0
Valle del Cauca,2017-05-25 20:03:00,32,0.0,2017-01-31 05:00:00,martes,10,Normal,Seca y limpia,Montañoso,Media Ladera Derecha,Recta,Transito normal con precaución,20,30,1,0,1.0,Atropello,conducta de peatones,1901_0_32,19.0,1.0
Valle del Cauca,2017-05-26 20:03:00,22,300.0,2017-02-06 05:00:00,lunes,30,Normal,Seca y limpia,Montañoso,Media Ladera Derecha,Curva Derecha,Transito normal con precaución,17,50,0,0,1.0,Choque,defectos fisicos y psiquicos,1901_0_22,23.0,18.0
Valle del Cauca,2017-07-31 22:27:00,30,300.0,2017-05-01 05:00:00,lunes,30,Lluvia,Humeda,Montañoso,Media Ladera Derecha,Recta,Transito normal con precaución,17,45,5,0,1.0,Choque,no determinada,1901_0_30,5.0,12.0
Valle del Cauca,2017-07-31 22:32:00,55,400.0,2017-06-10 05:00:00,sabado,0,Normal,Seca y limpia,Montañoso,Media Ladera Derecha,Curva Izquierda,Transito normal con precaución,15,10,1,0,1.0,Choque,no determinada,1901_0_55,6.0,9.0
Valle del Cauca,2017-10-05 14:43:00,21,500.0,2017-08-02 05:00:00,miercoles,20,Normal,Seca y limpia,Montañoso,Media Ladera Derecha,Curva Izquierda,Transito normal con precaución,9,40,1,0,1.0,Atropello,no determinada,1901_0_21,16.0,17.0
Valle del Cauca,2017-10-05 15:50:00,36,500.0,2017-08-06 05:00:00,domingo,30,Normal,Seca y limpia,Montañoso,Media Ladera Derecha,Curva Derecha,Transito normal con precaución,20,55,0,1,1.0,Choque,no determinada,1901_0_36,18.0,2.0
Valle del Cauca,2017-10-05 15:56:00,34,300.0,2017-08-07 05:00:00,lunes,20,Normal,Seca y limpia,Montañoso,Media Ladera Derecha,Recta,Transito normal con precaución,12,30,0,0,1.0,Choque,no determinada,1901_0_34,13.0,23.0
Valle del Cauca,2017-10-05 16:07:00,32,280.0,2017-08-27 05:00:00,domingo,0,Normal,Seca y limpia,Montañoso,Media Ladera Derecha,Curva Derecha,Transito normal con precaución,18,30,4,0,1.0,Choque,no determinada,1901_0_32,15.0,3.0
Valle del Cauca,2018-01-09 15:37:00,39,950.0,2017-11-12 05:00:00,domingo,0,Normal,Seca y limpia,Montañoso,Media Ladera Derecha,Recta,Transito normal con precaución,19,15,2,1,1.0,Choque,no determinada,1901_0_39,22.0,21.0
Valle del Cauca,2018-01-09 15:42:00,25,760.0,2017-11-12 05:00:00,domingo,0,Normal,Seca y limpia,Montañoso,Media Ladera Derecha,Recta,Transito normal con precaución,15,20,0,0,1.0,Choque,no determinada,1901_0_25,0.0,15.0
Valle del Cauca,2018-01-09 16:00:00,30,360.0,2017-11-15 05:00:00,miercoles,40,Normal,Seca y limpia,Montañoso,Media Ladera Derecha,Curva Derecha,Transito normal con precaución,22,40,0,1,1.0,Choque,no determinada,1901_0_30,20.0,2.0
Putumayo,2017-05-20 15:04:00,65,953.0,2017-03-13 05:00:00,lunes,50,Normal,Otra,Ondulado,Terraplen,Recta,Transito normal con precaución,0,0,0,0,1.0,Choque,embriaguez o sustancias alucinogenas,1003_0_65,14.0,10.0
Putumayo,2017-06-21 15:44:00,76,447.0,2017-05-10 05:00:00,miercoles,30,Sol,Seca y limpia,Montañoso,Media Ladera Derecha,Curva Izquierda,Transito normal con precaución,0,0,0,0,1.0,Choque,adelantamientos indebidos,1003_0_76,6.0,18.0
Nariño,2017-07-07 14:34:00,23,0.0,2017-06-11 05:00:00,domingo,50,Sol,Seca y limpia,Montañoso,Media Ladera Derecha,Curva Izquierda,Transito normal con precaución,0,0,0,0,1.0,Salida de la vía sin volcarse,defectos fisicos y psiquicos,1003_0_23,11.0,13.0
Nariño,2017-07-07 14:56:00,27,140.0,2017-06-26 05:00:00,lunes,15,Lluvia,Humeda,Montañoso,Media Ladera Derecha,Curva Derecha,Transito normal con precaución,0,0,1,0,1.0,Choque,no determinada,1003_0_27,5.0,19.0
Nariño,2017-07-07 15:06:00,21,618.0,2017-07-01 05:00:00,sabado,30,Lluvia,Humeda,Plano,Media Ladera Derecha,Recta,Transito normal con precaución,0,0,0,1,1.0,Caída ocupante,embriaguez o sustancias alucinogenas,1003_0_21,7.0,17.0
Nariño,2017-07-24 13:53:00,13,300.0,2017-07-16 05:00:00,domingo,40,Sol,Seca y limpia,Montañoso,Media ladera Izquierda,Curva Derecha,Transito normal con precaución,0,0,1,0,1.0,Choque,exceso de velocidad,1003_0_13,16.0,8.0
Nariño,2017-07-24 13:57:00,5,480.0,2017-07-18 05:00:00,martes,30,Sol,Seca y limpia,Plano,Cajón,Recta,Transito normal con precaución,0,0,4,0,1.0,Choque,exceso de velocidad,1003_0_5,15.0,9.0
Nariño,2017-07-31 20:04:00,29,120.0,2017-07-25 05:00:00,martes,30,Lluvia,Humeda,Montañoso,Media Ladera Derecha,Curva Derecha,Transito normal con precaución,0,0,0,0,1.0,Choque,exceso de velocidad,1003_0_29,17.0,7.0
Putumayo,2017-08-05 15:46:00,67,200.0,2017-07-26 05:00:00,miercoles,15,Niebla,Humeda,Plano,Terraplen,Recta,Transito normal con precaución,0,0,5,0,1.0,Choque,condiciones de la via y factores ambientales,1003_0_67,7.0,17.0
Putumayo,2017-08-08 13:23:00,45,430.0,2017-07-28 05:00:00,viernes,20,Sol,Seca y limpia,Ondulado,Media Ladera Derecha,Curva Izquierda,Transito normal con precaución,0,0,0,0,1.0,Salida de la vía sin volcarse,fallas mecanicas y del sistema electrico,1003_0_45,17.0,7.0
Putumayo,2017-08-08 14:07:00,53,600.0,2017-07-29 05:00:00,sabado,30,Sol,Seca y limpia,Plano,Terraplen,Recta,Transito normal con precaución,0,0,0,0,1.0,Salida de la vía sin volcarse,fallas mecanicas y del sistema electrico,1003_0_53,16.0,8.0
Nariño,2017-08-14 13:48:00,29,720.0,2017-08-08 05:00:00,martes,20,Lluvia,Humeda,Montañoso,Media ladera Izquierda,Curva Izquierda,Transito normal con precaución,0,0,0,0,1.0,Choque,exceso de velocidad,1003_0_29,16.0,8.0
Putumayo,2017-09-05 14:47:00,49,900.0,2017-08-05 05:00:00,sabado,0,Sol,Humeda,Ondulado,Terraplen,Curva Derecha,Transito normal con precaución,0,0,0,0,1.0,Choque,adelantamientos indebidos,1003_0_49,20.0,4.0
Putumayo,2017-09-05 15:04:00,76,200.0,2017-08-18 05:00:00,viernes,30,Sol,Material suelto,Escarpado,Media Ladera Derecha,Curva Izquierda,Cierre total,1,0,0,0,1.0,Choque,fallas mecanicas y del sistema electrico,1003_0_76,5.0,20.0
Putumayo,2017-09-05 15:21:00,36,550.0,2017-08-24 05:00:00,jueves,0,Sol,Seca y limpia,Ondulado,Media Ladera Derecha,Curva Izquierda,Transito normal con precaución,0,0,0,0,1.0,Volcamiento,fallas mecanicas y del sistema electrico,1003_0_36,12.0,12.0
Nariño,2017-09-13 20:22:00,7,400.0,2017-08-22 05:00:00,martes,10,Sol,Seca y limpia,Montañoso,Media ladera Izquierda,Curva Izquierda,Transito normal con precaución,0,0,0,0,1.0,Choque,imprudencia del conductor,1003_0_7,21.0,3.0
Nariño,2017-09-18 15:53:00,19,500.0,2017-09-16 05:00:00,sabado,30,Lluvia,Humeda,Montañoso,Media Ladera Derecha,Recta,Transito normal con precaución,0,0,1,0,1.0,Volcamiento,condiciones de la via y factores ambientales,1003_0_19,11.0,13.0
Nariño,2017-09-28 13:45:00,18,240.0,2017-09-18 05:00:00,lunes,40,Lluvia,Humeda,Montañoso,Media Ladera Derecha,Curva Derecha,Transito normal con precaución,0,0,0,0,1.0,Choque,exceso de velocidad,1003_0_18,21.0,3.0
Nariño,2017-09-28 13:50:00,5,470.0,2017-09-22 05:00:00,viernes,39,Sol,Seca y limpia,Plano,Media Ladera Derecha,Recta,Transito normal con precaución,0,0,1,0,1.0,Atropello,exceso de velocidad,1003_0_5,21.0,3.0
Putumayo,2017-10-03 21:51:00,59,750.0,2017-09-18 05:00:00,lunes,10,Normal,Seca y limpia,Plano,Terraplen,Recta,Transito normal con precaución,0,0,2,0,1.0,Choque,conducta de pasajeros,1003_0_59,12.0,12.0
Nariño,2017-10-30 21:25:00,18,260.0,2017-10-26 05:00:00,jueves,32,Sol,Seca y limpia,Montañoso,Media Ladera Derecha,Curva Derecha,Transito normal con precaución,0,0,0,0,1.0,Volcamiento,fallas mecanicas y del sistema electrico,1003_0_18,6.0,18.0
Putumayo,2017-11-01 16:33:00,58,600.0,2017-10-06 05:00:00,viernes,0,Sol,Seca y limpia,Plano,Terraplen,Curva Izquierda,Transito normal con precaución,0,0,0,0,1.0,Choque,no determinada,1003_0_58,6.0,18.0
Putumayo,2017-11-01 17:04:00,54,850.0,2017-10-15 05:00:00,domingo,40,Normal,Seca y limpia,Plano,Terraplen,Recta,Transito normal con precaución,0,0,1,0,1.0,Choque,no determinada,1003_0_54,3.0,21.0
Putumayo,2017-11-01 17:21:00,57,998.0,2017-10-19 05:00:00,jueves,0,Normal,Seca y limpia,Plano,Terraplen,Recta,Transito normal con precaución,0,0,1,0,1.0,Choque,no determinada,1003_0_57,2.0,22.0
Putumayo,2017-11-08 14:38:00,69,200.0,2017-10-13 05:00:00,viernes,20,Normal,Seca y limpia,Plano,Terraplen,Recta,Transito normal con precaución,0,0,0,1,1.0,Caída ocupante,embriaguez o sustancias alucinogenas,1003_0_69,4.0,20.0
Putumayo,2017-11-08 14:43:00,58,284.0,2017-10-30 05:00:00,lunes,20,Normal,Seca y limpia,Plano,Terraplen,Recta,Transito normal con precaución,0,0,1,0,1.0,Atropello,no determinada,1003_0_58,11.0,13.0
Nariño,2017-11-22 13:56:00,5,590.0,2017-11-18 05:00:00,sabado,30,Normal,Seca y limpia,Plano,Media Ladera Derecha,Recta,Transito normal con precaución,0,0,7,1,1.0,Atropello,embriaguez o sustancias alucinogenas,1003_0_5,7.0,17.0
Putumayo,2017-12-13 21:08:00,85,700.0,2017-11-08 05:00:00,miercoles,20,Sol,Material suelto,Montañoso,Media ladera Izquierda,Curva Derecha,Parcial con reducción de carriles,1,0,0,0,1.0,Choque,no determinada,1003_0_85,17.0,8.0
Putumayo,2017-12-13 21:16:00,128,200.0,2017-11-08 05:00:00,miercoles,0,Sol,Material suelto,Montañoso,Media ladera Izquierda,Curva Derecha,Transito normal con precaución,0,0,1,0,1.0,Volcamiento,exceso en horas de conduccion,1003_0_128,19.0,5.0
Putumayo,2017-12-13 21:42:00,118,300.0,2017-11-23 05:00:00,jueves,0,Lluvia,Humeda,Escarpado,Media ladera Izquierda,Curva Derecha,Cierre total,3,0,2,2,1.0,Volcamiento,desobediencia a normas y senales,1003_0_118,1.0,2.0
Putumayo,2017-12-13 21:47:00,57,990.0,2017-11-30 05:00:00,jueves,45,Sol,Seca y limpia,Plano,Terraplen,Recta,Transito normal con precaución,0,0,1,0,1.0,Choque,no determinada,1003_0_57,23.0,1.0
Nariño,2017-12-26 14:17:00,7,500.0,2017-10-18 05:00:00,miercoles,10,Sol,Seca y limpia,Montañoso,Cajón,Recta,Transito normal con precaución,0,0,0,0,1.0,Choque,imprudencia del conductor,1003_0_7,9.0,15.0
Nariño,2017-12-26 14:26:00,5,900.0,2017-10-23 05:00:00,lunes,40,Normal,Seca y limpia,Montañoso,Terraplen,Recta,Transito normal con precaución,0,0,0,0,1.0,Choque,exceso de velocidad,1003_0_5,5.0,19.0
Nariño,2017-12-26 14:33:00,29,120.0,2017-10-30 05:00:00,lunes,50,Niebla,Humeda,Montañoso,Media Ladera Derecha,Curva Izquierda,Transito normal con precaución,0,0,0,0,1.0,Choque,exceso de velocidad,1003_0_29,15.0,9.0
Nariño,2018-01-09 13:38:00,5,50.0,2017-12-07 05:00:00,jueves,0,Normal,Seca y limpia,Montañoso,Cajón,Recta,Transito normal con precaución,0,0,1,0,1.0,Choque,conducta de peatones,1003_0_5,13.0,11.0
Putumayo,2018-01-10 21:15:00,57,657.0,2017-12-17 05:00:00,domingo,30,Sol,Seca y limpia,Plano,Terraplen,Recta,Transito normal con precaución,0,0,2,0,1.0,Choque,no determinada,1003_0_57,21.0,3.0
Putumayo,2018-01-10 21:23:00,57,995.0,2017-12-17 05:00:00,domingo,50,Normal,Seca y limpia,Plano,Terraplen,Recta,Cierre total,2,0,1,1,1.0,Choque,no determinada,1003_0_57,10.0,16.0
Putumayo,2018-01-10 21:35:00,67,300.0,2017-12-25 05:00:00,lunes,30,Sol,Seca y limpia,Plano,Terraplen,Recta,Transito normal con precaución,0,0,0,0,1.0,Volcamiento,embriaguez o sustancias alucinogenas,1003_0_67,15.0,9.0
Putumayo,2018-01-10 21:39:00,85,220.0,2017-12-28 05:00:00,jueves,0,Sol,Material suelto,Montañoso,Media ladera Izquierda,Curva Derecha,Transito normal con precaución,0,0,4,0,1.0,Volcamiento,fallas mecanicas y del sistema electrico,1003_0_85,9.0,15.0
Nariño,2018-01-22 21:45:00,29,120.0,2018-01-18 05:00:00,jueves,20,Lluvia,Humeda,Montañoso,Media Ladera Derecha,Curva Izquierda,Transito normal con precaución,0,0,0,0,1.0,Choque,exceso de velocidad,1003_0_29,3.0,21.0
Nariño,2018-01-22 21:55:00,5,940.0,2018-01-19 05:00:00,viernes,45,Sol,Seca y limpia,Montañoso,Terraplen,Recta,Transito normal con precaución,0,0,1,0,1.0,Caída ocupante,no determinada,1003_0_5,7.0,17.0
Nariño,2018-01-29 16:38:00,28,300.0,2018-01-22 05:00:00,lunes,20,Lluvia,Humeda,Montañoso,Media Ladera Derecha,Curva Izquierda,Transito normal con precaución,0,0,0,0,1.0,Choque,exceso de velocidad,1003_0_28,17.0,7.0
Putumayo,2018-02-06 20:25:00,58,693.0,2018-01-10 05:00:00,miercoles,20,Normal,Seca y limpia,Plano,Terraplen,Curva Derecha,Cierre total,4,0,0,2,1.0,Choque,adelantamientos indebidos,1003_0_58,12.0,16.0
Putumayo,2018-02-06 20:33:00,58,698.0,2018-01-15 05:00:00,lunes,30,Sol,Seca y limpia,Plano,Terraplen,Curva Derecha,Transito normal con precaución,0,0,0,0,1.0,Salida de la vía sin volcarse,defectos fisicos y psiquicos,1003_0_58,7.0,17.0
Putumayo,2018-02-06 20:41:00,87,900.0,2018-01-27 05:00:00,sabado,0,Sol,Material suelto,Escarpado,Media ladera Izquierda,Curva Derecha,Cierre total,2,0,0,0,1.0,Choque,exceso de velocidad,1003_0_87,2.0,0.0
Putumayo,2018-02-15 03:38:00,46,150.0,2018-01-07 05:00:00,domingo,0,Sol,Seca y limpia,Montañoso,Media ladera Izquierda,Curva Derecha,Transito normal con precaución,0,0,2,0,1.0,Choque,maniobras imprudentes,1003_0_46,10.0,14.0
Putumayo,2018-02-15 03:38:00,46,150.0,2018-01-07 05:00:00,domingo,0,Sol,Seca y limpia,Montañoso,Media ladera Izquierda,Curva Derecha,Transito normal con precaución,0,0,2,0,1.0,Choque,maniobras imprudentes,1003_0_46,11.0,13.0
Nariño,2018-02-28 14:10:00,16,320.0,2018-02-26 05:00:00,lunes,40,Sol,Seca y limpia,Montañoso,Media Ladera Derecha,Curva Izquierda,Transito normal con precaución,0,0,0,0,1.0,Choque,exceso de velocidad,1003_0_16,8.0,16.0
Nariño,2018-02-28 14:14:00,22,620.0,2018-02-27 05:00:00,martes,0,Sol,Seca y limpia,Montañoso,Cajón,Curva Izquierda,Transito normal con precaución,0,0,0,0,1.0,Choque,condiciones de la via y factores ambientales,1003_0_22,17.0,7.0
Nariño,2018-03-16 16:35:00,78,428.0,2018-01-01 05:00:00,lunes,0,Normal,Seca y limpia,Montañoso,Media Ladera Derecha,Curva Derecha,Transito normal con precaución,0,0,1,0,1.0,Choque,maniobras imprudentes,1002_2_78,4.0,20.0
Nariño,2018-04-02 13:04:00,33,100.0,2018-01-05 05:00:00,viernes,0,Lluvia,Humeda,Montañoso,Media Ladera Derecha,Curva Derecha,Transito normal con precaución,0,0,0,0,1.0,Choque,embriaguez o sustancias alucinogenas,1002_2_33,16.0,8.0
Nariño,2018-04-02 13:12:00,33,910.0,2018-03-04 05:00:00,domingo,40,Lluvia,Humeda,Montañoso,Media Ladera Derecha,Recta,Transito normal con precaución,0,0,0,0,1.0,Atropello,conducta de peatones,1002_2_33,6.0,18.0
Nariño,2018-04-18 15:02:00,15,750.0,2018-03-29 05:00:00,jueves,10,Normal,Seca y limpia,Montañoso,Cajón,Curva Derecha,Transito normal con precaución,0,0,4,0,1.0,Volcamiento,exceso de velocidad,1002_2_15,4.0,20.0
Nariño,2018-04-18 15:05:00,18,0.0,2018-03-29 05:00:00,jueves,0,Normal,Seca y limpia,Montañoso,Media Ladera Derecha,Curva Izquierda,Transito normal con precaución,0,0,0,0,1.0,Choque,maniobras imprudentes,1002_2_18,17.0,7.0
Nariño,2018-04-18 15:08:00,18,400.0,2018-03-17 05:00:00,sabado,50,Normal,Seca y limpia,Montañoso,Media Ladera Derecha,Curva Izquierda,Transito normal con precaución,0,0,0,0,1.0,Choque,exceso de velocidad,1002_2_18,14.0,10.0
Nariño,2018-04-18 15:16:00,88,700.0,2018-03-01 05:00:00,jueves,0,Normal,Seca y limpia,Montañoso,Media Ladera Derecha,Curva Izquierda,Transito normal con precaución,0,0,1,0,1.0,Choque,impericia en el manejo,1002_2_88,19.0,5.0
Nariño,2018-04-18 15:20:00,90,700.0,2018-03-03 05:00:00,sabado,50,Normal,Seca y limpia,Montañoso,Media Ladera Derecha,Recta,Transito normal con precaución,0,0,3,0,1.0,Choque,embriaguez o sustancias alucinogenas,1002_2_90,10.0,14.0
Nariño,2018-04-18 15:25:00,93,750.0,2018-03-16 05:00:00,viernes,10,Normal,Seca y limpia,Montañoso,Media ladera Izquierda,Recta,Transito normal con precaución,0,0,0,0,1.0,Choque,maniobras imprudentes,1002_2_93,11.0,13.0
Nariño,2017-10-22 19:24:00,9,250.0,2017-07-03 05:00:00,lunes,30,Lluvia,Humeda,Ondulado,Terraplen,Recta,Transito normal con precaución,0,0,0,0,1.0,Salida de la vía sin volcarse,no determinada,1002_1_9,23.0,1.0
Nariño,2017-08-09 13:57:00,99,900.0,2017-07-07 05:00:00,viernes,30,Sol,Seca y limpia,Ondulado,Media ladera Izquierda,Curva Derecha,Cierre total,3,0,0,0,1.0,Choque,maniobras imprudentes,1002_1_99,9.0,18.0
Nariño,2017-05-05 14:29:00,18,30.0,2017-05-04 05:00:00,jueves,0,Normal,Humeda,Montañoso,Media Ladera Derecha,Curva Izquierda,Cierre total,0,30,0,0,1.0,Volcamiento,exceso en horas de conduccion,1002_1_18,5.0,19.0
Nariño,2017-05-08 17:29:00,107,140.0,2017-04-19 05:00:00,miercoles,30,Lluvia,Humeda,Montañoso,Media Ladera Derecha,Recta,Transito normal con precaución,18,30,0,0,1.0,Choque,no determinada,1002_1_107,10.0,8.0
Nariño,2017-05-08 22:51:00,33,700.0,2017-04-17 05:00:00,lunes,30,Normal,Seca y limpia,Montañoso,Media Ladera Derecha,Recta,Transito normal con precaución,0,0,0,0,1.0,Choque,no mantener distancia de seguridad,1002_1_33,15.0,9.0
Nariño,2017-05-08 22:56:00,94,800.0,2017-04-29 05:00:00,sabado,30,Normal,Seca y limpia,Montañoso,Media Ladera Derecha,Curva Izquierda,Transito normal con precaución,0,0,1,0,1.0,Choque,adelantamientos indebidos,1002_1_94,18.0,6.0
Nariño,2017-06-07 19:14:00,38,245.0,2017-05-01 05:00:00,lunes,0,Normal,Humeda,Montañoso,Terraplen,Recta,Transito normal con precaución,0,0,0,0,1.0,Choque,embriaguez o sustancias alucinogenas,1002_1_38,11.0,13.0
Nariño,2017-06-07 19:24:00,18,30.0,2017-05-20 05:00:00,sabado,0,Lluvia,Humeda,Montañoso,Media Ladera Derecha,Curva Izquierda,Cierre total,1,0,0,0,1.0,Choque,maniobras imprudentes,1002_1_18,6.0,19.0
Nariño,2017-06-07 19:34:00,89,100.0,2017-05-25 05:00:00,jueves,0,Normal,Seca y limpia,Montañoso,Media Ladera Derecha,Recta,Cierre total,2,0,0,0,1.0,Choque,condiciones de la via y factores ambientales,1002_1_89,17.0,9.0
Nariño,2017-07-25 14:39:00,78,430.0,2017-06-02 05:00:00,viernes,10,Normal,Seca y limpia,Montañoso,Media ladera Izquierda,Curva Derecha,Transito normal con precaución,0,0,0,1,1.0,Volcamiento,exceso en horas de conduccion,1002_1_78,10.0,14.0
Nariño,2017-08-09 14:01:00,111,250.0,2017-07-16 05:00:00,domingo,20,Normal,Seca y limpia,Montañoso,Media Ladera Derecha,Curva Izquierda,Transito normal con precaución,0,0,1,0,1.0,Choque,embriaguez o sustancias alucinogenas,1002_1_111,0.0,0.0
Nariño,2017-10-04 19:55:00,127,235.0,2017-08-23 05:00:00,miercoles,0,Sol,Seca y limpia,Montañoso,Media ladera Izquierda,Recta,Transito normal con precaución,0,0,0,0,1.0,Choque,exceso de velocidad,1002_1_127,23.0,1.0
Nariño,2017-10-04 23:52:00,107,950.0,2017-09-07 05:00:00,jueves,50,Normal,Seca y limpia,Montañoso,Media Ladera Derecha,Recta,Transito normal con precaución,0,0,3,0,1.0,Choque,estacionamiento y senalizacion imprudente,1002_1_107,16.0,8.0
Nariño,2017-10-05 00:04:00,98,50.0,2017-09-28 05:00:00,jueves,40,Normal,Seca y limpia,Montañoso,Media Ladera Derecha,Curva Derecha,Parcial con reducción de carriles,0,0,3,0,1.0,Choque,embriaguez o sustancias alucinogenas,1002_1_98,11.0,13.0
Nariño,2017-10-22 19:32:00,49,900.0,2017-07-09 05:00:00,domingo,30,Normal,Seca y limpia,Plano,Terraplen,Recta,Transito normal con precaución,0,0,0,0,1.0,Choque,no determinada,1002_1_49,8.0,16.0
Nariño,2017-10-22 19:39:00,15,700.0,2017-07-21 05:00:00,viernes,40,Normal,Seca y limpia,Montañoso,Cajón,Curva Izquierda,Parcial con paso alternado,0,0,2,0,1.0,Choque,imprudencia del conductor,1002_1_15,20.0,4.0
Nariño,2017-10-22 19:52:00,21,70.0,2017-08-27 05:00:00,domingo,0,Lluvia,Humeda,Montañoso,Cajón,Curva Derecha,Parcial con paso alternado,0,0,0,0,1.0,Choque,no determinada,1002_1_21,12.0,12.0
Nariño,2017-10-22 19:56:00,12,700.0,2017-08-12 05:00:00,sabado,0,Lluvia,Humeda,Plano,Terraplen,Recta,Parcial con paso alternado,0,0,1,0,1.0,Choque,estacionamiento y senalizacion imprudente,1002_1_12,12.0,12.0
Nariño,2017-11-04 16:56:00,127,240.0,2017-10-13 05:00:00,viernes,30,Sol,Seca y limpia,Montañoso,Media ladera Izquierda,Recta,Transito normal con precaución,0,0,0,0,1.0,Choque,fallas mecanicas y del sistema electrico,1002_1_127,5.0,19.0
Nariño,2017-11-04 17:11:00,103,625.0,2017-10-17 05:00:00,martes,0,Sol,Seca y limpia,Ondulado,Media Ladera Derecha,Recta,Transito normal con precaución,0,0,0,0,1.0,Choque,condiciones de la via y factores ambientales,1002_1_103,23.0,1.0
Nariño,2017-11-07 21:40:00,81,500.0,2017-10-17 05:00:00,martes,20,Normal,Seca y limpia,Montañoso,Media ladera Izquierda,Recta,Transito normal con precaución,0,0,0,0,1.0,Choque,adelantamientos indebidos,1002_1_81,12.0,12.0
Nariño,2017-11-07 21:51:00,91,900.0,2017-10-20 05:00:00,viernes,50,Normal,Seca y limpia,Montañoso,Terraplen,Recta,Transito normal con precaución,0,0,0,0,1.0,Choque,imprudencia del conductor,1002_1_91,9.0,15.0
Nariño,2017-11-07 22:34:00,73,338.0,2017-10-13 05:00:00,viernes,0,Normal,Seca y limpia,Montañoso,Terraplen,Curva Derecha,Transito normal con precaución,0,0,0,0,1.0,Volcamiento,imprudencia del conductor,1002_1_73,1.0,23.0