territorial,fecha_registro,pr,distancia_pr,fecha_acc,dia_semana_acc,min_acc,condic_meteor,estado_super,terreno,secc_tip,geometria_acc,tipo_cierre,horas_cierre,min_cierre,n_heridos,n_muertos,n_victimas,clase_accidente,causa_posible,ref_loc,hora_acc,duracion_cierre_horas
Nariño,2017-11-07 22:43:00,38,140.0,2017-09-04 05:00:00,lunes,30,Normal,Seca y limpia,Ondulado,Media ladera Izquierda,Recta,Transito normal con precaución,0,0,1,0,1.0,Atropello,no determinada,1002_1_38,13.0,11.0
Nariño,2017-11-29 13:38:00,42,20.0,2017-11-04 05:00:00,sabado,30,Normal,Humeda,Montañoso,Terraplen,Recta,Transito normal con precaución,0,0,0,0,1.0,Volcamiento,embriaguez o sustancias alucinogenas,1002_1_42,12.0,12.0
Nariño,2017-12-07 14:37:00,33,900.0,2017-11-26 05:00:00,domingo,0,Lluvia,Humeda,Montañoso,Media ladera Izquierda,Recta,Transito normal con precaución,0,0,0,0,1.0,Choque,imprudencia del conductor,1002_1_33,17.0,7.0
Nariño,2017-12-12 15:51:00,35,0.0,2017-12-04 05:00:00,lunes,0,Normal,Seca y limpia,Montañoso,Media Ladera Derecha,Recta,Parcial con reducción de carriles,0,0,0,1,1.0,Choque,condiciones de la via y factores ambientales,1002_1_35,18.0,6.0
Nariño,2017-12-12 16:00:00,61,800.0,2017-12-04 05:00:00,lunes,0,Normal,Seca y limpia,Montañoso,Media Ladera Derecha,Curva Izquierda,Parcial con reducción de carriles,0,0,2,0,1.0,Choque,fallas mecanicas y del sistema electrico,1002_1_61,13.0,11.0
Nariño,2017-12-22 15:28:00,61,950.0,2017-12-18 05:00:00,lunes,0,Normal,Seca y limpia,Ondulado,Media ladera Izquierda,Curva Izquierda,Transito normal con precaución,0,0,0,1,1.0,Volcamiento,fallas mecanicas y del sistema electrico,1002_1_61,13.0,11.0
Nariño,2018-02-27 22:41:00,108,774.0,2018-01-02 05:00:00,martes,50,Sol,Seca y limpia,Montañoso,Media Ladera Derecha,Curva Derecha,Transito normal con precaución,0,0,0,0,1.0,Volcamiento,exceso de velocidad,1002_1_108,15.0,9.0
Nariño,2018-02-27 22:46:00,103,600.0,2018-01-17 05:00:00,miercoles,40,Sol,Seca y limpia,Montañoso,Media Ladera Derecha,Recta,Transito normal con precaución,0,0,1,0,1.0,Choque,exceso de velocidad,1002_1_103,16.0,8.0
Nariño,2018-03-07 15:39:00,115,600.0,2018-02-01 05:00:00,jueves,15,Sol,Seca y limpia,Montañoso,Media ladera Izquierda,Curva Izquierda,Transito normal con precaución,0,0,1,0,1.0,Choque,exceso de velocidad,1002_1_115,16.0,8.0
Nariño,2018-03-16 16:38:00,92,380.0,2018-01-20 05:00:00,sabado,30,Normal,Seca y limpia,Montañoso,Media Ladera Derecha,Curva Izquierda,Transito normal con precaución,0,0,0,0,1.0,Choque,embriaguez o sustancias alucinogenas,1002_1_92,15.0,9.0
Nariño,2018-04-02 13:08:00,32,400.0,2018-03-02 05:00:00,viernes,0,Lluvia,Humeda,Montañoso,Media Ladera Derecha,Recta,Transito normal con precaución,0,0,0,0,1.0,Choque,exceso de velocidad,1002_1_32,7.0,17.0
Nariño,2018-04-18 15:12:00,50,270.0,2018-03-28 05:00:00,miercoles,20,Sol,Seca y limpia,Montañoso,Media Ladera Derecha,Recta,Transito normal con precaución,0,0,0,0,1.0,Choque,desobediencia a normas y senales,1002_1_50,12.0,12.0
Nariño,2017-06-25 22:38:00,9,350.0,2017-04-07 05:00:00,viernes,30,Seca,Seca y limpia,Plano,Terraplen,Recta,Transito normal con precaución,0,0,0,0,1.0,Choque,condiciones de la via y factores ambientales,1001_0_9,5.0,19.0
Nariño,2017-06-25 23:48:00,9,400.0,2017-05-06 05:00:00,sabado,15,Seca,Seca y limpia,Plano,Terraplen,Recta,Transito normal con precaución,0,0,0,1,1.0,Choque,maniobras imprudentes,1001_0_9,20.0,4.0
Nariño,2017-06-17 01:59:00,28,750.0,2017-02-05 05:00:00,domingo,0,Seca,Seca y limpia,Plano,Terraplen,Recta,Transito normal con precaución,0,0,0,1,1.0,Choque,exceso de velocidad,1001_0_28,2.0,22.0
Nariño,2017-06-17 02:09:00,37,900.0,2017-02-05 05:00:00,domingo,0,Seca,Seca y limpia,Plano,Terraplen,Recta,Transito normal con precaución,0,0,0,0,1.0,Choque,desobediencia a normas y senales,1001_0_37,6.0,18.0
Nariño,2017-06-17 02:23:00,62,100.0,2017-02-13 05:00:00,lunes,30,Seca,Seca y limpia,Plano,Terraplen,Recta,Transito normal con precaución,0,0,0,0,1.0,Choque,maniobras imprudentes,1001_0_62,19.0,5.0
Nariño,2017-06-17 02:31:00,23,800.0,2017-02-17 05:00:00,viernes,30,Seca,Seca y limpia,Plano,Terraplen,Recta,Transito normal con precaución,0,0,0,2,1.0,Choque,exceso de velocidad,1001_0_23,0.0,0.0
Nariño,2017-06-17 02:38:00,8,650.0,2017-02-19 05:00:00,domingo,20,Seca,Seca y limpia,Plano,Terraplen,Recta,Transito normal con precaución,0,0,0,0,1.0,Choque,adelantamientos indebidos,1001_0_8,9.0,15.0
Nariño,2017-06-17 02:42:00,19,0.0,2017-02-19 05:00:00,domingo,20,Seca,Seca y limpia,Plano,Terraplen,Recta,Transito normal con precaución,0,0,0,2,1.0,Atropello,conducta de peatones,1001_0_19,8.0,16.0
Nariño,2017-06-17 02:47:00,6,220.0,2017-02-19 05:00:00,domingo,0,Seca,Seca y limpia,Plano,Terraplen,Recta,Transito normal con precaución,0,0,0,1,1.0,Caída ocupante,exceso de velocidad,1001_0_6,10.0,14.0
Nariño,2017-06-17 02:54:00,57,600.0,2017-02-23 05:00:00,jueves,30,Seca,Seca y limpia,Plano,Terraplen,Recta,Transito normal con precaución,0,0,0,0,1.0,Choque,exceso de velocidad,1001_0_57,7.0,17.0
Nariño,2017-06-17 03:00:00,58,200.0,2017-02-24 05:00:00,viernes,30,Seca,Seca y limpia,Plano,Terraplen,Recta,Transito normal con precaución,0,0,0,1,1.0,Choque,no determinada,1001_0_58,5.0,19.0
Nariño,2017-06-17 03:12:00,0,700.0,2017-02-26 05:00:00,domingo,0,Seca,Seca y limpia,Plano,Terraplen,Recta,Transito normal con precaución,0,0,0,1,1.0,Choque,adelantamientos indebidos,1001_0_0,18.0,6.0
Nariño,2017-06-25 21:27:00,8,600.0,2017-03-01 05:00:00,miercoles,0,Seca,Seca y limpia,Plano,Terraplen,Recta,Transito normal con precaución,0,0,0,0,1.0,Choque,impericia en el manejo,1001_0_8,9.0,15.0
Nariño,2017-06-25 21:30:00,4,315.0,2017-03-05 05:00:00,domingo,30,Lluvia,Humeda,Plano,Terraplen,Recta,Transito normal con precaución,0,0,0,0,1.0,Choque,condiciones de la via y factores ambientales,1001_0_4,12.0,12.0
Nariño,2017-06-25 21:34:00,66,200.0,2017-03-01 05:00:00,miercoles,0,Seca,Seca y limpia,Plano,Terraplen,Recta,Transito normal con precaución,0,0,0,1,1.0,Choque,desobediencia a normas y senales,1001_0_66,17.0,7.0
Nariño,2017-06-25 21:39:00,8,200.0,2017-03-12 05:00:00,domingo,15,Lluvia,Humeda,Plano,Terraplen,Curva Derecha,Transito normal con precaución,0,0,0,0,1.0,Choque,impericia en el manejo,1001_0_8,12.0,12.0
Nariño,2017-06-25 21:43:00,6,0.0,2017-03-12 05:00:00,domingo,15,Seca,Seca y limpia,Plano,Terraplen,Recta,Transito normal con precaución,0,0,0,0,1.0,Choque,conducta de pasajeros,1001_0_6,16.0,8.0
Nariño,2017-06-25 21:47:00,1,500.0,2017-03-12 05:00:00,domingo,38,Seca,Seca y limpia,Plano,Terraplen,Curva Derecha,Transito normal con precaución,0,0,0,0,1.0,Choque,impericia en el manejo,1001_0_1,15.0,9.0
Valle del Cauca,2018-04-16 16:59:00,3,250.0,2017-06-08 05:00:00,jueves,50,Normal,Seca y limpia,Plano,Terraplen,Recta,Parcial con reducción de carriles,0,0,1,0,1.0,Choque,exceso de velocidad,2301_1_3,0.0,0.0
Valle del Cauca,2018-04-16 17:44:00,1,233.0,2017-06-09 05:00:00,viernes,10,Normal,Seca y limpia,Plano,Terraplen,Recta,Parcial con reducción de carriles,0,0,1,0,1.0,Choque,impericia en el manejo,2301_1_1,8.0,16.0
Valle del Cauca,2018-04-16 17:48:00,12,0.0,2017-06-11 05:00:00,domingo,10,Normal,Seca y limpia,Plano,Terraplen,Curva Derecha,Parcial con reducción de carriles,0,0,3,0,1.0,Choque,no mantener distancia de seguridad,2301_1_12,8.0,16.0
Valle del Cauca,2018-04-16 17:56:00,6,647.0,2017-06-12 05:00:00,lunes,0,Normal,Seca y limpia,Plano,Terraplen,Recta,Parcial con reducción de carriles,0,0,1,0,1.0,Choque,no mantener distancia de seguridad,2301_1_6,12.0,12.0
Valle del Cauca,2018-04-16 18:05:00,10,745.0,2017-06-15 05:00:00,jueves,0,Normal,Seca y limpia,Plano,Terraplen,Recta,Parcial con reducción de carriles,0,0,0,1,1.0,Atropello,no determinada,2301_1_10,0.0,0.0
Valle del Cauca,2018-04-16 18:24:00,7,0.0,2017-06-20 05:00:00,martes,45,Normal,Seca y limpia,Plano,Terraplen,Curva Izquierda,Parcial con reducción de carriles,0,0,0,0,1.0,Choque,no mantener distancia de seguridad,2301_1_7,0.0,0.0
Valle del Cauca,2018-04-16 18:44:00,12,0.0,2017-06-24 05:00:00,sabado,0,Normal,Seca y limpia,Plano,Terraplen,Recta,Parcial con reducción de carriles,0,0,0,0,1.0,Volcamiento,no determinada,2301_1_12,23.0,1.0
Valle del Cauca,2018-04-16 19:08:00,10,270.0,2017-06-25 05:00:00,domingo,30,Normal,Seca y limpia,Plano,Terraplen,Curva Izquierda,Parcial con reducción de carriles,0,0,0,0,1.0,Choque,no determinada,2301_1_10,17.0,7.0
Valle del Cauca,2017-05-09 14:37:00,0,400.0,2016-12-12 05:00:00,lunes,20,Normal,Seca y limpia,Plano,Terraplen,Curva Izquierda,Parcial con reducción de carriles,0,0,0,0,1.0,Choque,desobediencia a normas y senales,2301_1_0,7.0,17.0
Valle del Cauca,2017-05-09 14:42:00,1,100.0,2016-12-16 05:00:00,viernes,15,Normal,Seca y limpia,Plano,Terraplen,Recta,Parcial con reducción de carriles,0,0,0,0,1.0,Choque,no mantener distancia de seguridad,2301_1_1,16.0,8.0
Valle del Cauca,2017-05-09 14:46:00,1,470.0,2016-12-08 05:00:00,jueves,10,Normal,Seca y limpia,Plano,Terraplen,Recta,Parcial con reducción de carriles,0,0,2,0,1.0,Choque,imprudencia del conductor,2301_1_1,16.0,8.0
Valle del Cauca,2017-05-09 14:51:00,3,830.0,2016-12-03 05:00:00,sabado,45,Normal,Humeda,Plano,Terraplen,Recta,Parcial con reducción de carriles,0,0,0,0,1.0,Choque,exceso en horas de conduccion,2301_1_3,14.0,10.0
Valle del Cauca,2018-01-09 16:06:00,38,300.0,2017-11-29 05:00:00,miercoles,0,Lluvia,Humeda,Montañoso,Media Ladera Derecha,Curva Izquierda,Transito normal con precaución,14,10,0,0,1.0,Choque,no determinada,1901_0_38,10.0,4.0
Valle del Cauca,2018-01-29 21:32:00,59,970.0,2017-12-23 05:00:00,sabado,10,Normal,Seca y limpia,Montañoso,Media Ladera Derecha,Recta,Transito normal con precaución,13,20,0,0,1.0,Volcamiento,no determinada,1901_0_59,3.0,10.0
Valle del Cauca,2018-01-29 21:35:00,34,330.0,2017-12-15 05:00:00,viernes,10,Normal,Seca y limpia,Montañoso,Media Ladera Derecha,Recta,Transito normal con precaución,16,30,2,0,1.0,Choque,no determinada,1901_0_34,21.0,19.0
Valle del Cauca,2018-01-29 21:46:00,31,680.0,2017-12-20 05:00:00,miercoles,50,Normal,Seca y limpia,Montañoso,Media Ladera Derecha,Recta,Transito normal con precaución,9,15,2,1,1.0,Choque,no determinada,1901_0_31,0.0,9.0
Valle del Cauca,2018-01-29 21:53:00,40,850.0,2017-12-22 05:00:00,viernes,0,Normal,Seca y limpia,Montañoso,Media Ladera Derecha,Curva Izquierda,Transito normal con precaución,7,20,0,0,1.0,Choque,no determinada,1901_0_40,13.0,18.0
Valle del Cauca,2018-01-29 21:57:00,24,790.0,2017-12-25 05:00:00,lunes,0,Lluvia,Humeda,Montañoso,Media Ladera Derecha,Curva Derecha,Transito normal con precaución,14,30,1,0,1.0,Choque,no determinada,1901_0_24,20.0,18.0
Valle del Cauca,2018-03-07 16:46:00,37,940.0,2018-01-28 05:00:00,domingo,0,Normal,Seca y limpia,Montañoso,Media ladera Izquierda,Curva Izquierda,Transito normal con precaución,19,20,6,0,1.0,Volcamiento,no determinada,1901_0_37,7.0,12.0
Valle del Cauca,2018-03-07 16:51:00,52,120.0,2018-01-19 05:00:00,viernes,15,Normal,Seca y limpia,Montañoso,Media Ladera Derecha,Recta,Transito normal con precaución,23,10,0,1,1.0,Choque,no determinada,1901_0_52,16.0,7.0
Valle del Cauca,2018-04-23 15:15:00,34,0.0,2018-02-05 05:00:00,lunes,30,Normal,Seca y limpia,Montañoso,Media Ladera Derecha,Recta,Transito normal con precaución,22,45,3,0,1.0,Choque,no determinada,1901_0_34,9.0,13.0
Valle del Cauca,2018-04-25 14:36:00,33,800.0,2018-02-01 05:00:00,jueves,30,Lluvia,Humeda,Montañoso,Media ladera Izquierda,Recta,Transito normal con precaución,17,0,0,0,1.0,Volcamiento,no determinada,1901_0_33,10.0,7.0
Valle del Cauca,2018-04-25 14:36:00,33,800.0,2018-02-01 05:00:00,jueves,30,Lluvia,Humeda,Montañoso,Media ladera Izquierda,Recta,Transito normal con precaución,17,0,0,0,1.0,Volcamiento,no determinada,1901_0_33,17.0,0.0
Valle del Cauca,2018-04-25 16:10:00,35,980.0,2018-03-02 05:00:00,viernes,0,Normal,Seca y limpia,Montañoso,Media Ladera Derecha,Recta,Transito normal con precaución,17,30,2,0,1.0,Choque,no determinada,1901_0_35,22.0,19.0
Nariño,2017-05-08 17:52:00,43,244.0,2017-04-30 05:00:00,domingo,30,Lluvia,Humeda,Montañoso,Media ladera Izquierda,Curva Derecha,Transito normal con precaución,0,0,1,0,1.0,Choque,embriaguez o sustancias alucinogenas,1702_0_43,13.0,11.0
Nariño,2017-10-04 19:48:00,42,100.0,2017-08-20 05:00:00,domingo,0,Normal,Seca y limpia,Ondulado,Media Ladera Derecha,Curva Derecha,Transito normal con precaución,0,0,1,1,1.0,Choque,no determinada,1702_0_42,10.0,14.0
Nariño,2018-03-07 15:51:00,2,600.0,2018-02-21 05:00:00,miercoles,40,Normal,Seca y limpia,Montañoso,Media Ladera Derecha,Curva Derecha,Transito normal con precaución,0,0,0,1,1.0,Choque,conducta de pasajeros,1702_0_2,9.0,15.0
Nariño,2017-06-07 19:28:00,35,200.0,2017-05-20 05:00:00,sabado,30,Normal,Seca y limpia,Ondulado,Terraplen,Curva Derecha,Transito normal con precaución,0,0,0,0,1.0,Choque,embriaguez o sustancias alucinogenas,1701_0_35,14.0,10.0
Nariño,2017-06-07 19:38:00,36,1000.0,2017-05-29 05:00:00,lunes,0,Normal,Seca y limpia,Ondulado,Terraplen,Curva Izquierda,Cierre total,2,0,0,2,1.0,Choque,embriaguez o sustancias alucinogenas,1701_0_36,3.0,23.0
Nariño,2017-12-07 14:20:00,35,180.0,2017-11-10 05:00:00,viernes,40,Niebla,Seca y limpia,Ondulado,Media Ladera Derecha,Curva Derecha,Transito normal con precaución,0,0,0,0,1.0,Choque,no determinada,1701_0_35,16.0,8.0
Chocó,2017-05-10 15:50:00,99,80.0,2017-04-05 05:00:00,miercoles,30,Sol,Seca y limpia,Plano,Terraplen,Recta,Parcial con paso alternado,0,5,0,0,1.0,Salida de la vía sin volcarse,exceso en horas de conduccion,1307_0_99,14.0,10.0
Chocó,2017-05-10 15:21:00,60,250.0,2017-04-02 05:00:00,domingo,30,Sol,Seca y limpia,Plano,Terraplen,Recta,Transito normal con precaución,0,10,1,0,1.0,Volcamiento,exceso de velocidad,1307_0_60,3.0,21.0
Chocó,2017-05-10 15:27:00,57,300.0,2017-04-03 05:00:00,lunes,15,Lluvia,Humeda,Ondulado,Terraplen,Recta,Parcial con reducción de carriles,0,10,1,0,1.0,Choque,no determinada,1307_0_57,7.0,17.0
Chocó,2017-05-10 16:22:00,78,300.0,2017-04-28 05:00:00,viernes,45,Normal,Seca y limpia,Ondulado,Terraplen,Recta,Transito normal con precaución,1,0,1,0,1.0,Volcamiento,defectos fisicos y psiquicos,1307_0_78,6.0,19.0
Chocó,2017-05-10 19:25:00,98,170.0,2017-01-23 05:00:00,lunes,45,Sol,Seca y limpia,Plano,Terraplen,Curva Izquierda,Parcial con reducción de carriles,1,0,0,0,1.0,Choque,exceso de velocidad,1307_0_98,14.0,11.0
Chocó,2017-05-10 19:32:00,98,170.0,2017-03-04 05:00:00,sabado,0,Sol,Seca y limpia,Ondulado,Media ladera Izquierda,Recta,Transito normal con precaución,2,0,1,0,1.0,Volcamiento,defectos fisicos y psiquicos,1307_0_98,7.0,19.0
Chocó,2017-05-10 20:01:00,89,800.0,2017-03-30 05:00:00,jueves,0,Normal,Seca y limpia,Plano,Cajón,Recta,Transito normal con precaución,2,0,0,0,1.0,Choque,embriaguez o sustancias alucinogenas,1307_0_89,10.0,16.0
Chocó,2017-05-10 20:23:00,98,170.0,2017-01-23 05:00:00,lunes,45,Sol,Seca y limpia,Plano,Terraplen,Curva Izquierda,Parcial con reducción de carriles,1,0,0,0,1.0,Choque,exceso de velocidad,1307_0_98,14.0,11.0
Chocó,2017-06-05 14:29:00,69,300.0,2017-05-28 05:00:00,domingo,40,Sol,Seca y limpia,Plano,Terraplen,Curva Derecha,Parcial con reducción de carriles,0,30,0,0,1.0,Choque,embriaguez o sustancias alucinogenas,1307_0_69,12.0,12.0
Chocó,2017-06-20 20:07:00,74,250.0,2017-06-18 05:00:00,domingo,0,Lluvia,Humeda,Plano,Terraplen,Curva Derecha,Transito normal con precaución,0,0,1,0,1.0,Volcamiento,fallas mecanicas y del sistema electrico,1307_0_74,6.0,18.0
Chocó,2017-07-05 13:51:00,57,300.0,2017-06-11 05:00:00,domingo,35,Normal,Seca y limpia,Ondulado,Terraplen,Curva Derecha,Transito normal con precaución,2,0,1,1,1.0,Volcamiento,imprudencia del conductor,1307_0_57,8.0,18.0
Chocó,2017-07-31 15:56:00,59,400.0,2017-07-26 05:00:00,miercoles,30,Sol,Seca y limpia,Plano,Media ladera Izquierda,Recta,Transito normal con precaución,1,0,1,0,1.0,Volcamiento,defectos fisicos y psiquicos,1307_0_59,11.0,14.0
Chocó,2017-08-09 19:32:00,80,500.0,2017-08-04 05:00:00,viernes,30,Lluvia,Humeda,Plano,Terraplen,Curva Izquierda,Transito normal con precaución,2,0,3,0,1.0,Salida de la vía sin volcarse,desobediencia a normas y senales,1307_0_80,20.0,6.0
Chocó,2017-08-29 20:35:00,61,400.0,2017-08-22 05:00:00,martes,30,Sol,Seca y limpia,Plano,Terraplen,Recta,Transito normal con precaución,2,0,1,0,1.0,Choque,condiciones de la via y factores ambientales,1307_0_61,3.0,23.0
Chocó,2017-09-28 23:26:00,51,900.0,2017-02-06 05:00:00,lunes,0,Niebla,Seca y limpia,Ondulado,Terraplen,Curva Derecha,Transito normal con precaución,0,0,2,0,1.0,Choque,estacionamiento y senalizacion imprudente,1307_0_51,16.0,8.0
Chocó,2017-09-29 17:04:00,50,0.0,2017-03-17 05:00:00,viernes,40,Niebla,Seca y limpia,Ondulado,Media Ladera Derecha,Recta,Transito normal con precaución,0,0,2,0,1.0,Salida de la vía sin volcarse,fallas mecanicas y del sistema electrico,1307_0_50,19.0,5.0
Chocó,2017-09-29 17:10:00,48,0.0,2017-03-22 05:00:00,miercoles,10,Sol,Seca y limpia,Ondulado,Terraplen,Recta,Transito normal con precaución,0,0,0,0,1.0,Salida de la vía sin volcarse,exceso de velocidad,1307_0_48,18.0,6.0
Chocó,2017-09-29 17:22:00,53,900.0,2017-05-04 05:00:00,jueves,30,Lluvia,Humeda,Ondulado,Terraplen,Curva Derecha,Transito normal con precaución,0,0,0,0,1.0,Choque,exceso de velocidad,1307_0_53,11.0,13.0
Chocó,2017-10-02 20:18:00,89,150.0,2017-09-23 05:00:00,sabado,30,Sol,Seca y limpia,Plano,Media Ladera Derecha,Curva Derecha,Transito normal con precaución,3,0,9,0,1.0,Volcamiento,exceso de velocidad,1307_0_89,16.0,11.0
Chocó,2017-10-10 20:32:00,96,100.0,2017-10-09 05:00:00,lunes,56,Normal,Seca y limpia,Plano,Terraplen,Recta,Cierre total,0,30,1,1,1.0,Choque,condiciones de la via y factores ambientales,1307_0_96,17.0,7.0
Chocó,2017-10-26 16:48:00,70,800.0,2017-10-17 05:00:00,martes,30,Sol,Seca y limpia,Plano,Terraplen,Curva Derecha,Parcial con reducción de carriles,0,0,3,0,1.0,Choque,condiciones de la via y factores ambientales,1307_0_70,10.0,14.0
Chocó,2017-10-31 16:00:00,43,400.0,2017-09-02 05:00:00,sabado,30,Normal,Seca y limpia,Plano,Cajón,Recta,Transito normal con precaución,0,0,0,0,1.0,Choque,exceso de velocidad,1307_0_43,8.0,16.0
Chocó,2017-10-31 16:14:00,52,0.0,2017-08-07 05:00:00,lunes,0,Normal,Humeda,Plano,Media ladera Izquierda,Curva Izquierda,Transito normal con precaución,0,0,1,0,1.0,Salida de la vía sin volcarse,defectos fisicos y psiquicos,1307_0_52,15.0,9.0
Chocó,2017-12-27 22:47:00,53,850.0,2017-11-12 05:00:00,domingo,50,Sol,Seca y limpia,Montañoso,Media Ladera Derecha,Curva Derecha,Transito normal con precaución,0,0,5,0,1.0,Volcamiento,fallas mecanicas y del sistema electrico,1307_0_53,10.0,14.0
Chocó,2018-01-04 22:41:00,47,300.0,2017-12-25 05:00:00,lunes,0,Normal,Seca y limpia,Plano,Cajón,Recta,Transito normal con precaución,0,0,1,0,1.0,Choque,fallas mecanicas y del sistema electrico,1307_0_47,7.0,17.0
Chocó,2018-01-10 00:47:00,92,400.0,2017-01-23 05:00:00,lunes,45,Sol,Seca y limpia,Plano,Terraplen,Curva Izquierda,Parcial con paso alternado,1,45,0,0,1.0,Choque,exceso de velocidad,1307_0_92,6.0,19.0
Chocó,2018-01-10 00:55:00,98,170.0,2017-03-04 05:00:00,sabado,0,Sol,Seca y limpia,Ondulado,Media ladera Izquierda,Recta,Transito normal con precaución,1,0,1,0,1.0,Volcamiento,defectos fisicos y psiquicos,1307_0_98,20.0,5.0
Chocó,2018-01-10 01:20:00,74,700.0,2017-11-06 05:00:00,lunes,40,Sol,Seca y limpia,Plano,Terraplen,Recta,Transito normal con precaución,0,45,1,0,1.0,Choque,exceso de velocidad,1307_0_74,4.0,20.0
Nariño,2017-05-08 19:55:00,29,125.0,2017-04-12 05:00:00,miercoles,50,Lluvia,Humeda,Plano,Media Ladera Derecha,Curva Derecha,Transito normal con precaución,0,0,0,0,1.0,Choque,exceso de velocidad,1003_0_29,13.0,11.0
Chocó,2018-02-01 17:05:00,59,0.0,2017-12-30 05:00:00,sabado,30,Seca,Seca y limpia,Plano,Terraplen,Recta,Transito normal con precaución,0,0,1,0,1.0,Choque,maniobras imprudentes,1307_0_59,11.0,13.0
Chocó,2018-02-01 17:11:00,80,605.0,2018-01-07 05:00:00,domingo,30,Seca,Seca y limpia,Plano,Terraplen,Curva Izquierda,Transito normal con precaución,0,0,1,1,1.0,Choque,maniobras imprudentes,1307_0_80,7.0,17.0
Chocó,2018-02-04 17:59:00,57,200.0,2018-01-15 05:00:00,lunes,30,Seca,Material suelto,Plano,Terraplen,Curva Derecha,Transito normal con precaución,0,0,1,0,1.0,Choque,condiciones de la via y factores ambientales,1307_0_57,0.0,0.0
Chocó,2018-02-27 14:06:00,88,700.0,2018-02-22 05:00:00,jueves,10,Lluvia,Humeda,Plano,Cajón,Curva Izquierda,Transito normal con precaución,0,0,0,1,1.0,Choque,adelantamientos indebidos,1307_0_88,16.0,8.0
Chocó,2018-04-20 13:39:00,82,700.0,2018-04-18 05:00:00,miercoles,30,Sol,Seca y limpia,Plano,Terraplen,Recta,Transito normal con precaución,0,0,1,0,1.0,Salida de la vía sin volcarse,exceso de velocidad,1307_0_82,12.0,12.0
Chocó,2018-04-26 16:50:00,60,900.0,2018-04-23 05:00:00,lunes,20,Sol,Seca y limpia,Plano,Terraplen,Curva Derecha,Transito normal con precaución,0,0,1,0,1.0,Salida de la vía sin volcarse,exceso de velocidad,1307_0_60,11.0,13.0
Cauca,2017-05-26 21:12:00,3,200.0,2017-05-09 05:00:00,martes,14,Niebla,Helada,Ondulado,Terraplen,Curva Derecha,Parcial con reducción de carriles,3,0,0,0,1.0,Choque,no determinada,1203_0_3,14.0,13.0
Cauca,2018-02-12 22:25:00,26,872.0,2018-01-11 05:00:00,jueves,30,Sol,Seca y limpia,Montañoso,Media ladera Izquierda,Curva Derecha,Transito normal con precaución,0,0,7,0,1.0,Volcamiento,fallas mecanicas y del sistema electrico,1203_0_26,16.0,8.0
Cauca,2018-02-12 22:35:00,30,850.0,2017-12-12 05:00:00,martes,20,Normal,Otra,Montañoso,Media ladera Izquierda,Curva Derecha,Transito normal con precaución,0,0,1,0,1.0,Atropello,adelantamientos indebidos,1203_0_30,6.0,18.0
Cauca,2018-04-09 16:37:00,36,884.0,2018-03-16 05:00:00,viernes,10,Normal,Otra,Montañoso,Media ladera Izquierda,Curva Izquierda,Transito normal con precaución,0,0,0,0,1.0,Choque,fallas mecanicas y del sistema electrico,1203_0_36,14.0,10.0
Putumayo,2018-03-12 14:39:00,120,80.0,2018-02-04 05:00:00,domingo,20,Niebla,Material suelto,Escarpado,Media Ladera Derecha,Recta,Parcial con reducción de carriles,3,0,0,3,1.0,Volcamiento,desobediencia a normas y senales,1003_2_120,6.0,21.0
Putumayo,2018-03-12 14:46:00,69,1150.0,2018-02-05 05:00:00,lunes,40,Sol,Seca y limpia,Plano,Terraplen,Recta,Transito normal con precaución,0,0,1,0,1.0,Choque,maniobras imprudentes,1003_2_69,19.0,5.0
Putumayo,2018-03-12 14:51:00,77,330.0,2018-02-15 05:00:00,jueves,40,Sol,Material suelto,Montañoso,Media ladera Izquierda,Recta,Transito normal con precaución,0,0,0,0,1.0,Volcamiento,fallas mecanicas y del sistema electrico,1003_2_77,13.0,11.0
Putumayo,2018-03-12 15:03:00,68,500.0,2018-02-04 05:00:00,domingo,30,Normal,Seca y limpia,Plano,Terraplen,Recta,Transito normal con precaución,0,0,3,0,1.0,Choque,adelantamientos indebidos,1003_2_68,10.0,14.0
Putumayo,2018-03-12 15:06:00,57,655.0,2018-02-21 05:00:00,miercoles,15,Normal,Seca y limpia,Plano,Terraplen,Recta,Transito normal con precaución,0,0,1,0,1.0,Choque,no determinada,1003_2_57,8.0,16.0
Putumayo,2018-03-12 15:09:00,58,500.0,2018-02-23 05:00:00,viernes,30,Normal,Seca y limpia,Plano,Terraplen,Recta,Transito normal con precaución,0,0,1,0,1.0,Choque,no determinada,1003_2_58,8.0,16.0
Nariño,2018-03-14 19:37:00,18,0.0,2018-03-02 05:00:00,viernes,40,Lluvia,Humeda,Montañoso,Media Ladera Derecha,Curva Izquierda,Transito normal con precaución,0,0,0,0,1.0,Volcamiento,exceso de velocidad,1003_2_18,18.0,6.0
Nariño,2018-03-28 16:36:00,8,298.0,2018-02-16 05:00:00,viernes,30,Lluvia,Humeda,Montañoso,Media ladera Izquierda,Curva Derecha,Transito normal con precaución,0,0,0,0,1.0,Choque,exceso de velocidad,1003_2_8,22.0,2.0
Nariño,2018-03-28 16:45:00,26,200.0,2018-03-21 05:00:00,miercoles,30,Lluvia,Humeda,Montañoso,Terraplen,Curva Derecha,Transito normal con precaución,0,0,1,0,1.0,Choque,imprudencia del conductor,1003_2_26,9.0,15.0
Nariño,2018-04-02 14:04:00,12,720.0,2018-03-24 05:00:00,sabado,30,Lluvia,Humeda,Montañoso,Media ladera Izquierda,Curva Derecha,Transito normal con precaución,0,0,0,0,1.0,Salida de la vía sin volcarse,desobediencia a normas y senales,1003_2_12,19.0,5.0
Nariño,2018-04-02 14:09:00,30,540.0,2018-03-24 05:00:00,sabado,30,Niebla,Humeda,Montañoso,Media Ladera Derecha,Curva Derecha,Transito normal con precaución,0,0,0,0,1.0,Salida de la vía sin volcarse,defectos fisicos y psiquicos,1003_2_30,9.0,15.0