territorial,fecha_registro,pr,distancia_pr,fecha_acc,dia_semana_acc,min_acc,condic_meteor,estado_super,terreno,secc_tip,geometria_acc,tipo_cierre,horas_cierre,min_cierre,n_heridos,n_muertos,n_victimas,clase_accidente,causa_posible,ref_loc,hora_acc,duracion_cierre_horas
Nariño,2018-04-02 14:13:00,29,120.0,2018-03-29 05:00:00,jueves,30,Lluvia,Humeda,Montañoso,Media Ladera Derecha,Curva Izquierda,Transito normal con precaución,0,0,0,0,1.0,Salida de la vía sin volcarse,exceso de velocidad,1003_2_29,18.0,6.0
Nariño,2018-04-12 14:20:00,11,680.0,2018-04-07 05:00:00,sabado,30,Normal,Humeda,Montañoso,Media ladera Izquierda,Curva Derecha,Transito normal con precaución,0,0,1,0,1.0,Atropello,imprudencia del conductor,1003_2_11,2.0,22.0
Nariño,2018-04-12 14:24:00,12,720.0,2018-04-07 05:00:00,sabado,45,Normal,Humeda,Montañoso,Media ladera Izquierda,Curva Derecha,Transito normal con precaución,0,0,0,0,1.0,Salida de la vía sin volcarse,exceso de velocidad,1003_2_12,18.0,6.0
Putumayo,2018-04-16 01:57:00,56,700.0,2018-03-11 05:00:00,domingo,30,Normal,Seca y limpia,Plano,Terraplen,Recta,Transito normal con precaución,0,0,1,0,1.0,Atropello,no determinada,1003_2_56,19.0,5.0
Putumayo,2018-04-16 02:03:00,59,600.0,2018-03-17 05:00:00,sabado,30,Normal,Seca y limpia,Plano,Terraplen,Recta,Transito normal con precaución,0,0,2,0,1.0,Atropello,embriaguez o sustancias alucinogenas,1003_2_59,19.0,5.0
Putumayo,2018-04-16 02:09:00,66,390.0,2018-03-18 05:00:00,domingo,40,Normal,Seca y limpia,Plano,Terraplen,Recta,Transito normal con precaución,0,0,1,1,1.0,Atropello,conducta de peatones,1003_2_66,8.0,16.0
Putumayo,2018-04-16 02:13:00,39,950.0,2018-03-19 05:00:00,lunes,30,Niebla,Seca y limpia,Escarpado,Media ladera Izquierda,Curva Derecha,Transito normal con precaución,0,0,0,0,1.0,Volcamiento,desobediencia a normas y senales,1003_2_39,17.0,7.0
Putumayo,2018-04-16 02:17:00,36,150.0,2018-03-27 05:00:00,martes,40,Normal,Seca y limpia,Escarpado,Media ladera Izquierda,Curva Izquierda,Transito normal con precaución,0,0,0,0,1.0,Volcamiento,fallas mecanicas y del sistema electrico,1003_2_36,20.0,4.0
Putumayo,2018-04-16 02:21:00,100,342.0,2018-03-29 05:00:00,jueves,30,Normal,Material suelto,Escarpado,Media ladera Izquierda,Curva Derecha,Transito normal con precaución,0,0,0,0,1.0,Choque,exceso de velocidad,1003_2_100,5.0,19.0
Putumayo,2018-04-16 02:26:00,115,700.0,2018-03-30 05:00:00,viernes,30,Niebla,Material suelto,Escarpado,Media Ladera Derecha,Curva Derecha,Transito normal con precaución,0,0,0,0,1.0,Volcamiento,desobediencia a normas y senales,1003_2_115,6.0,18.0
Putumayo,2017-05-20 15:33:00,60,133.0,2017-04-18 05:00:00,martes,30,Normal,Seca y limpia,Plano,Terraplen,Recta,Transito normal con precaución,0,0,1,0,1.0,Choque,exceso de velocidad,1003_0_60,7.0,17.0
Putumayo,2017-06-21 15:17:00,57,361.0,2017-05-16 05:00:00,martes,40,Sol,Seca y limpia,Plano,Media Ladera Derecha,Recta,Transito normal con precaución,0,0,1,0,1.0,Choque,imprudencia del conductor,1003_0_57,21.0,3.0
Putumayo,2017-06-21 15:30:00,57,655.0,2017-05-01 05:00:00,lunes,0,Normal,Seca y limpia,Plano,Media Ladera Derecha,Recta,Transito normal con precaución,19,0,1,0,1.0,Choque,exceso de velocidad,1003_0_57,12.0,7.0
Putumayo,2017-06-21 15:34:00,57,998.0,2017-05-03 05:00:00,miercoles,30,Sol,Seca y limpia,Plano,Media Ladera Derecha,Recta,Transito normal con precaución,0,0,1,0,1.0,Choque,exceso de velocidad,1003_0_57,7.0,17.0
Putumayo,2017-05-05 21:28:00,33,48.0,2017-03-16 05:00:00,jueves,10,Sol,Humeda,Montañoso,Media Ladera Derecha,Curva Izquierda,Transito normal con precaución,0,0,0,0,1.0,Volcamiento,fallas mecanicas y del sistema electrico,1003_0_33,6.0,18.0
Putumayo,2017-05-06 17:46:00,33,60.0,2017-04-18 05:00:00,martes,10,Seca,Seca y limpia,Plano,Media Ladera Derecha,Recta,Transito normal con precaución,0,0,2,0,1.0,Choque,no determinada,1003_0_33,6.0,18.0
Putumayo,2017-05-08 13:57:00,33,59.0,2017-01-26 05:00:00,jueves,50,Lluvia,Humeda,Plano,Terraplen,Recta,Transito normal con precaución,0,0,0,0,1.0,Atropello,desobediencia a normas y senales,1003_0_33,10.0,14.0
Putumayo,2017-05-09 21:59:00,33,61.0,2017-01-30 05:00:00,lunes,0,Sol,Seca y limpia,Plano,Terraplen,Recta,Transito normal con precaución,0,0,0,0,1.0,Choque,exceso de velocidad,1003_0_33,0.0,0.0
Putumayo,2017-05-17 20:52:00,38,650.0,2017-05-14 05:00:00,domingo,0,Sol,Seca y limpia,Ondulado,Terraplen,Curva Derecha,Transito normal con precaución,0,0,0,0,1.0,Salida de la vía sin volcarse,fallas mecanicas y del sistema electrico,1003_0_38,1.0,23.0
Putumayo,2017-05-18 14:16:00,59,700.0,2017-01-26 05:00:00,jueves,50,Lluvia,Humeda,Plano,Terraplen,Curva Derecha,Transito normal con precaución,0,0,0,0,1.0,Atropello,fallas mecanicas y del sistema electrico,1003_0_59,17.0,7.0
Putumayo,2017-05-18 14:38:00,61,500.0,2017-01-30 05:00:00,lunes,0,Sol,Seca y limpia,Plano,Terraplen,Recta,Transito normal con precaución,0,0,0,0,1.0,Choque,exceso de velocidad,1003_0_61,6.0,18.0
Putumayo,2017-05-18 14:55:00,87,700.0,2017-01-02 05:00:00,lunes,0,Lluvia,Humeda,Montañoso,Media Ladera Derecha,Recta,Transito normal con precaución,0,0,0,0,1.0,Salida de la vía sin volcarse,embriaguez o sustancias alucinogenas,1003_0_87,19.0,5.0
Putumayo,2017-05-19 14:04:00,56,420.0,2017-03-02 05:00:00,jueves,30,Sol,Seca y limpia,Ondulado,Media ladera Izquierda,Curva Derecha,Transito normal con precaución,0,0,0,0,1.0,Caída ocupante,embriaguez o sustancias alucinogenas,1003_0_56,4.0,20.0
Putumayo,2017-05-19 14:08:00,63,800.0,2017-03-03 05:00:00,viernes,50,Normal,Seca y limpia,Plano,Terraplen,Recta,Transito normal con precaución,0,0,0,0,1.0,Salida de la vía sin volcarse,embriaguez o sustancias alucinogenas,1003_0_63,4.0,20.0
Putumayo,2017-05-19 14:11:00,54,800.0,2017-02-13 05:00:00,lunes,30,Sol,Seca y limpia,Plano,Terraplen,Recta,Transito normal con precaución,0,0,0,0,1.0,Choque,exceso de velocidad,1003_0_54,11.0,13.0
Putumayo,2017-05-19 14:24:00,48,817.0,2017-03-16 05:00:00,jueves,10,Sol,Seca y limpia,Montañoso,Media Ladera Derecha,Curva Izquierda,Transito normal con precaución,0,0,0,0,1.0,Salida de la vía sin volcarse,fallas mecanicas y del sistema electrico,1003_0_48,5.0,19.0
Putumayo,2017-05-19 14:28:00,57,300.0,2017-03-19 05:00:00,domingo,50,Sol,Seca y limpia,Plano,Terraplen,Recta,Transito normal con precaución,0,0,0,0,1.0,Choque,embriaguez o sustancias alucinogenas,1003_0_57,8.0,16.0
Putumayo,2017-05-19 14:42:00,61,290.0,2017-03-19 05:00:00,domingo,30,Viento,Seca y limpia,Plano,Terraplen,Recta,Transito normal con precaución,0,0,0,0,1.0,Volcamiento,exceso de velocidad,1003_0_61,15.0,9.0
Putumayo,2017-05-20 14:57:00,106,785.0,2017-03-01 05:00:00,miercoles,40,Sol,Seca y limpia,Montañoso,Media ladera Izquierda,Curva Derecha,Cierre total,16,10,0,0,1.0,Choque,maniobras imprudentes,1003_0_106,9.0,7.0
Nariño,2017-06-25 21:52:00,8,100.0,2017-03-16 05:00:00,jueves,0,Seca,Seca y limpia,Plano,Terraplen,Curva Izquierda,Transito normal con precaución,0,0,0,0,1.0,Choque,adelantamientos indebidos,1001_0_8,19.0,5.0
Nariño,2017-06-25 21:56:00,54,0.0,2017-03-17 05:00:00,viernes,40,Seca,Seca y limpia,Plano,Terraplen,Recta,Transito normal con precaución,0,0,0,0,1.0,Atropello,no determinada,1001_0_54,15.0,9.0
Nariño,2017-06-25 22:00:00,15,400.0,2017-03-18 05:00:00,sabado,20,Seca,Seca y limpia,Plano,Terraplen,Recta,Transito normal con precaución,0,0,0,1,1.0,Choque,fallas mecanicas y del sistema electrico,1001_0_15,1.0,23.0
Nariño,2017-06-25 22:06:00,65,0.0,2017-03-25 05:00:00,sabado,30,Seca,Seca y limpia,Plano,Terraplen,Recta,Transito normal con precaución,0,0,0,0,1.0,Choque,desobediencia a normas y senales,1001_0_65,6.0,18.0
Nariño,2017-06-25 22:17:00,67,0.0,2017-03-30 05:00:00,jueves,30,Lluvia,Humeda,Plano,Terraplen,Recta,Cierre total,0,0,0,0,1.0,Incendio,orden publico],1001_0_67,21.0,3.0
Nariño,2017-06-25 22:22:00,63,0.0,2017-04-05 05:00:00,miercoles,30,Seca,Seca y limpia,Plano,Terraplen,Recta,Transito normal con precaución,0,0,0,0,1.0,Volcamiento,desobediencia a normas y senales,1001_0_63,13.0,11.0
Nariño,2017-06-25 22:42:00,62,100.0,2017-04-09 05:00:00,domingo,30,Seca,Seca y limpia,Plano,Terraplen,Recta,Transito normal con precaución,0,0,0,0,1.0,Choque,desobediencia a normas y senales,1001_0_62,11.0,13.0
Nariño,2017-06-25 22:46:00,41,100.0,2017-04-09 05:00:00,domingo,0,Lluvia,Humeda,Plano,Terraplen,Recta,Transito normal con precaución,0,0,0,1,1.0,Atropello,no determinada,1001_0_41,12.0,12.0
Nariño,2017-06-25 22:49:00,13,100.0,2017-04-12 05:00:00,miercoles,30,Seca,Seca y limpia,Plano,Terraplen,Recta,Transito normal con precaución,0,0,0,0,1.0,Choque,no determinada,1001_0_13,7.0,17.0
Nariño,2017-06-25 22:54:00,24,650.0,2017-04-13 05:00:00,jueves,30,Lluvia,Humeda,Plano,Terraplen,Recta,Transito normal con precaución,0,0,0,2,1.0,Choque,exceso de velocidad,1001_0_24,23.0,1.0
Nariño,2017-06-25 22:57:00,7,0.0,2017-04-25 05:00:00,martes,15,Seca,Seca y limpia,Plano,Terraplen,Curva Izquierda,Transito normal con precaución,0,0,0,0,1.0,Choque,adelantamientos indebidos,1001_0_7,6.0,18.0
Nariño,2017-06-25 23:40:00,8,400.0,2017-05-04 05:00:00,jueves,45,Lluvia,Humeda,Plano,Terraplen,Curva Izquierda,Transito normal con precaución,0,0,0,0,1.0,Choque,no determinada,1001_0_8,17.0,7.0
Nariño,2017-06-25 23:43:00,36,100.0,2017-05-05 05:00:00,viernes,30,Lluvia,Humeda,Plano,Terraplen,Recta,Transito normal con precaución,0,0,0,0,1.0,Choque,exceso de velocidad,1001_0_36,18.0,6.0
Nariño,2017-06-25 23:52:00,64,800.0,2017-05-07 05:00:00,domingo,30,Lluvia,Humeda,Plano,Terraplen,Recta,Transito normal con precaución,0,0,0,0,1.0,Choque,exceso de velocidad,1001_0_64,1.0,23.0
Nariño,2017-06-25 23:56:00,14,630.0,2017-05-07 05:00:00,domingo,0,Seca,Seca y limpia,Plano,Terraplen,Recta,Transito normal con precaución,0,0,0,1,1.0,Choque,exceso de velocidad,1001_0_14,12.0,12.0
Nariño,2017-06-26 00:02:00,14,200.0,2017-05-14 05:00:00,domingo,30,Lluvia,Humeda,Plano,Terraplen,Recta,Transito normal con precaución,0,0,0,0,1.0,Choque,desobediencia a normas y senales,1001_0_14,9.0,15.0
Nariño,2017-06-26 00:05:00,10,100.0,2017-05-14 05:00:00,domingo,20,Seca,Seca y limpia,Plano,Terraplen,Recta,Transito normal con precaución,0,0,0,1,1.0,Choque,adelantamientos indebidos,1001_0_10,15.0,9.0
Nariño,2017-06-26 00:10:00,37,0.0,2017-05-21 05:00:00,domingo,20,Lluvia,Humeda,Plano,Terraplen,Recta,Transito normal con precaución,0,0,0,1,1.0,Choque,estacionamiento y senalizacion imprudente,1001_0_37,4.0,20.0
Nariño,2017-06-26 00:17:00,33,530.0,2017-05-26 05:00:00,viernes,30,Seca,Seca y limpia,Plano,Terraplen,Recta,Transito normal con precaución,0,0,0,0,1.0,Choque,no mantener distancia de seguridad,1001_0_33,13.0,11.0
Nariño,2017-06-26 00:21:00,27,340.0,2017-05-27 05:00:00,sabado,30,Lluvia,Humeda,Plano,Terraplen,Recta,Transito normal con precaución,0,0,0,0,1.0,Volcamiento,condiciones de la via y factores ambientales,1001_0_27,5.0,19.0
Nariño,2017-06-26 00:25:00,10,800.0,2017-05-31 05:00:00,miercoles,0,Seca,Seca y limpia,Plano,Terraplen,Recta,Transito normal con precaución,0,0,0,1,1.0,Atropello,exceso de velocidad,1001_0_10,10.0,14.0
Nariño,2017-07-17 15:35:00,22,330.0,2017-06-01 05:00:00,jueves,20,Lluvia,Humeda,Plano,Terraplen,Recta,Transito normal con precaución,0,0,0,0,1.0,Choque,no determinada,1001_0_22,10.0,14.0
Nariño,2017-07-17 15:38:00,56,400.0,2017-06-07 05:00:00,miercoles,40,Seca,Seca y limpia,Plano,Terraplen,Recta,Transito normal con precaución,0,0,0,0,1.0,Choque,fallas mecanicas y del sistema electrico,1001_0_56,19.0,5.0
Nariño,2017-07-21 20:12:00,81,600.0,2017-06-11 05:00:00,domingo,10,Lluvia,Humeda,Plano,Terraplen,Recta,Transito normal con precaución,0,0,0,2,1.0,Choque,exceso de velocidad,1001_0_81,18.0,6.0
Nariño,2017-07-21 20:17:00,91,800.0,2017-06-20 05:00:00,martes,30,Lluvia,Humeda,Plano,Cajón,Curva Izquierda,Transito normal con precaución,0,0,0,1,1.0,Atropello,exceso de velocidad,1001_0_91,12.0,12.0
Nariño,2017-07-21 20:25:00,36,800.0,2017-06-23 05:00:00,viernes,30,Seca,Seca y limpia,Plano,Terraplen,Recta,Transito normal con precaución,0,0,0,1,1.0,Atropello,desobediencia a normas y senales,1001_0_36,7.0,17.0
Nariño,2017-07-21 20:31:00,83,0.0,2017-06-25 05:00:00,domingo,30,Lluvia,Humeda,Plano,Cajón,Curva Derecha,Transito normal con precaución,0,0,0,0,1.0,Atropello,fallas mecanicas y del sistema electrico,1001_0_83,23.0,1.0
Nariño,2017-09-21 23:00:00,4,795.0,2017-07-02 05:00:00,domingo,0,Seca,Seca y limpia,Plano,Terraplen,Recta,Transito normal con precaución,0,0,0,1,1.0,Choque,exceso de velocidad,1001_0_4,11.0,13.0
Nariño,2017-09-21 23:03:00,31,600.0,2017-08-09 05:00:00,miercoles,0,Seca,Seca y limpia,Plano,Terraplen,Recta,Transito normal con precaución,0,0,0,0,1.0,Choque,exceso en horas de conduccion,1001_0_31,12.0,12.0
Nariño,2017-09-21 23:08:00,10,400.0,2017-08-10 05:00:00,jueves,40,Seca,Seca y limpia,Plano,Terraplen,Recta,Transito normal con precaución,0,0,0,0,1.0,Atropello,no determinada,1001_0_10,7.0,17.0
Nariño,2017-09-21 23:12:00,77,300.0,2017-08-12 05:00:00,sabado,0,Lluvia,Humeda,Plano,Terraplen,Recta,Transito normal con precaución,0,0,0,0,1.0,Choque,maniobras imprudentes,1001_0_77,6.0,18.0
Nariño,2017-09-21 23:28:00,24,950.0,2017-08-16 05:00:00,miercoles,15,Seca,Seca y limpia,Plano,Terraplen,Recta,Transito normal con precaución,0,0,0,0,1.0,Choque,adelantamientos indebidos,1001_0_24,19.0,5.0
Nariño,2017-09-21 23:31:00,6,660.0,2017-08-16 05:00:00,miercoles,40,Seca,Seca y limpia,Plano,Terraplen,Recta,Transito normal con precaución,0,0,0,0,1.0,Choque,no determinada,1001_0_6,6.0,18.0
Nariño,2017-09-21 23:38:00,8,623.0,2017-08-21 05:00:00,lunes,10,Seca,Seca y limpia,Plano,Terraplen,Recta,Transito normal con precaución,0,0,0,1,1.0,Choque,desobediencia a normas y senales,1001_0_8,6.0,18.0
Nariño,2017-09-21 23:40:00,1,337.0,2017-08-27 05:00:00,domingo,30,Lluvia,Humeda,Plano,Cajón,Recta,Transito normal con precaución,0,0,0,0,1.0,Choque,condiciones de la via y factores ambientales,1001_0_1,7.0,17.0
Nariño,2017-10-31 17:03:00,2,766.0,2017-09-15 05:00:00,viernes,0,Seca,Seca y limpia,Plano,Cajón,Recta,Transito normal con precaución,0,0,0,0,1.0,Choque,no determinada,1001_0_2,22.0,2.0
Nariño,2017-10-31 17:05:00,11,200.0,2017-09-17 05:00:00,domingo,30,Seca,Seca y limpia,Plano,Terraplen,Recta,Transito normal con precaución,0,0,0,3,1.0,Choque,exceso de velocidad,1001_0_11,6.0,18.0
Nariño,2017-10-31 17:08:00,87,50.0,2017-09-22 05:00:00,viernes,10,Lluvia,Humeda,Plano,Terraplen,Recta,Transito normal con precaución,0,0,0,0,1.0,Choque,exceso de velocidad,1001_0_87,9.0,15.0
Nariño,2017-11-10 15:23:00,98,750.0,2017-10-14 05:00:00,sabado,30,Seca,Seca y limpia,Plano,Terraplen,Recta,Transito normal con precaución,0,0,0,0,1.0,Atropello,no determinada,1001_0_98,19.0,5.0
Nariño,2017-11-10 16:28:00,11,200.0,2017-10-14 05:00:00,sabado,0,Seca,Seca y limpia,Plano,Terraplen,Recta,Transito normal con precaución,0,0,0,1,1.0,Choque,exceso de velocidad,1001_0_11,17.0,7.0
Nariño,2017-11-10 16:31:00,7,700.0,2017-10-19 05:00:00,jueves,50,Seca,Seca y limpia,Plano,Terraplen,Curva Derecha,Transito normal con precaución,0,0,0,1,1.0,Choque,adelantamientos indebidos,1001_0_7,7.0,17.0
Nariño,2017-11-10 16:36:00,15,600.0,2017-10-21 05:00:00,sabado,30,Seca,Seca y limpia,Plano,Terraplen,Recta,Transito normal con precaución,0,0,0,1,1.0,Caída ocupante,no determinada,1001_0_15,20.0,4.0
Nariño,2017-12-26 13:59:00,66,150.0,2017-11-27 05:00:00,lunes,0,Seca,Seca y limpia,Plano,Terraplen,Recta,Transito normal con precaución,0,0,0,1,1.0,Choque,exceso de velocidad,1001_0_66,15.0,9.0
Nariño,2018-01-23 14:52:00,60,50.0,2017-12-15 05:00:00,viernes,50,Seca,Seca y limpia,Plano,Terraplen,Recta,Transito normal con precaución,0,0,0,1,1.0,Atropello,desobediencia a normas y senales,1001_0_60,9.0,15.0
Nariño,2018-01-23 15:43:00,8,300.0,2017-12-23 05:00:00,sabado,30,Seca,Seca y limpia,Plano,Terraplen,Curva Izquierda,Transito normal con precaución,0,0,0,1,1.0,Atropello,no determinada,1001_0_8,16.0,8.0
Nariño,2018-01-23 15:47:00,69,950.0,2017-12-25 05:00:00,lunes,30,Seca,Seca y limpia,Plano,Terraplen,Curva Derecha,Transito normal con precaución,0,0,0,1,1.0,Choque,adelantamientos indebidos,1001_0_69,23.0,1.0
Nariño,2018-01-23 15:50:00,51,750.0,2017-12-25 05:00:00,lunes,15,Niebla,Seca y limpia,Plano,Terraplen,Recta,Transito normal con precaución,0,0,0,1,1.0,Atropello,exceso de velocidad,1001_0_51,14.0,10.0
Nariño,2018-02-08 15:40:00,82,820.0,2018-01-30 05:00:00,martes,0,Lluvia,Humeda,Plano,Terraplen,Recta,Transito normal con precaución,0,0,0,1,1.0,Choque,adelantamientos indebidos,1001_0_82,16.0,8.0
Nariño,2018-03-02 15:07:00,38,850.0,2018-02-08 05:00:00,jueves,0,Lluvia,Humeda,Plano,Terraplen,Recta,Transito normal con precaución,0,0,0,1,1.0,Choque,adelantamientos indebidos,1001_0_38,17.0,7.0
Nariño,2018-03-02 15:11:00,22,70.0,2018-02-12 05:00:00,lunes,0,Seca,Seca y limpia,Plano,Terraplen,Recta,Transito normal con precaución,0,0,0,1,1.0,Atropello,conducta de peatones,1001_0_22,13.0,11.0
Nariño,2018-03-02 15:16:00,90,800.0,2018-02-18 05:00:00,domingo,30,Lluvia,Humeda,Plano,Terraplen,Recta,Transito normal con precaución,0,0,0,1,1.0,Atropello,exceso de velocidad,1001_0_90,6.0,18.0
Nariño,2018-03-02 15:19:00,55,800.0,2018-02-22 05:00:00,jueves,10,Lluvia,Humeda,Plano,Terraplen,Recta,Transito normal con precaución,0,0,0,0,1.0,Choque,impericia en el manejo,1001_0_55,11.0,13.0
Nariño,2018-03-02 16:28:00,5,200.0,2017-11-20 05:00:00,lunes,0,Seca,Seca y limpia,Plano,Terraplen,Recta,Transito normal con precaución,0,0,0,1,1.0,Atropello,desobediencia a normas y senales,1001_0_5,5.0,19.0
Nariño,2018-03-02 16:28:00,5,200.0,2017-11-20 05:00:00,lunes,0,Seca,Seca y limpia,Plano,Terraplen,Recta,Transito normal con precaución,0,0,0,1,1.0,Atropello,desobediencia a normas y senales,1001_0_5,14.0,10.0
Nariño,2018-04-12 14:10:00,38,200.0,2018-02-25 05:00:00,domingo,30,Seca,Seca y limpia,Plano,Terraplen,Recta,Transito normal con precaución,0,0,0,0,1.0,Choque,adelantamientos indebidos,1001_0_38,5.0,19.0
Nariño,2018-04-12 14:13:00,58,0.0,2018-02-28 05:00:00,miercoles,20,Seca,Seca y limpia,Plano,Terraplen,Recta,Transito normal con precaución,0,0,0,1,1.0,Caída ocupante,exceso en horas de conduccion,1001_0_58,1.0,23.0
Nariño,2018-04-12 14:17:00,5,800.0,2018-02-09 05:00:00,viernes,15,Seca,Seca y limpia,Plano,Terraplen,Recta,Transito normal con precaución,0,0,0,0,1.0,Choque,no determinada,1001_0_5,15.0,9.0
Nariño,2017-06-07 19:18:00,9,800.0,2017-05-06 05:00:00,sabado,30,Normal,Seca y limpia,Montañoso,Media ladera Izquierda,Curva Derecha,Transito normal con precaución,0,0,0,0,1.0,Choque,adelantamientos indebidos,0801_1_9,19.0,5.0
Nariño,2018-03-16 16:43:00,9,200.0,2018-02-28 05:00:00,miercoles,0,Normal,Seca y limpia,Montañoso,Media Ladera Derecha,Recta,Transito normal con precaución,0,0,0,0,1.0,Salida de la vía sin volcarse,exceso de velocidad,0801_1_9,12.0,12.0
Nariño,2017-10-22 19:08:00,18,900.0,2017-07-02 05:00:00,domingo,0,Normal,Seca y limpia,Plano,Terraplen,Recta,Parcial con paso alternado,0,0,2,0,1.0,Choque,estacionamiento y senalizacion imprudente,0801_1_18,13.0,11.0
Nariño,2017-10-22 19:47:00,18,500.0,2017-08-13 05:00:00,domingo,0,Normal,Seca y limpia,Plano,Terraplen,Recta,Parcial con paso alternado,0,0,1,0,1.0,Atropello,no determinada,0801_1_18,19.0,5.0
Nariño,2017-10-22 20:01:00,12,400.0,2017-08-08 05:00:00,martes,45,Normal,Humeda,Montañoso,Cajón,Curva Izquierda,Parcial con paso alternado,0,0,2,0,1.0,Choque,no determinada,0801_1_12,19.0,5.0
Nariño,2017-11-07 21:58:00,15,350.0,2017-10-07 05:00:00,sabado,0,Normal,Seca y limpia,Plano,Terraplen,Recta,Transito normal con precaución,0,0,1,0,1.0,Choque,no determinada,0801_1_15,2.0,22.0
Nariño,2017-11-07 23:00:00,11,300.0,2017-10-13 05:00:00,viernes,50,Normal,Seca y limpia,Plano,Terraplen,Recta,Transito normal con precaución,0,0,0,0,1.0,Choque,no determinada,0801_1_11,15.0,9.0
Nariño,2018-04-18 14:57:00,8,600.0,2018-03-30 05:00:00,viernes,0,Normal,Seca y limpia,Montañoso,Media ladera Izquierda,Curva Derecha,Transito normal con precaución,0,0,0,0,1.0,Volcamiento,embriaguez o sustancias alucinogenas,0801_1_8,8.0,16.0
San Andres y Providencia,2018-01-19 15:15:00,9,700.0,2017-12-01 05:00:00,viernes,30,Seca,Seca y limpia,Plano,Terraplen,Recta,Transito normal con precaución,0,0,1,0,1.0,Choque,no determinada,0301_0_9,5.0,19.0
San Andres y Providencia,2017-05-04 22:54:00,2,435.0,2017-05-01 05:00:00,lunes,0,Lluvia,Humeda,Plano,Terraplen,Curva Izquierda,Transito normal con precaución,1,14,1,0,1.0,Choque,conducta de peatones,0301_0_2,9.0,16.0
San Andres y Providencia,2018-03-06 16:48:00,9,0.0,2018-02-08 05:00:00,jueves,0,Seca,Seca y limpia,Plano,Terraplen,Recta,Transito normal con precaución,0,0,5,0,1.0,Choque,maniobras imprudentes,0101_0_9,17.0,7.0
San Andres y Providencia,2018-03-06 16:48:00,9,0.0,2018-02-08 05:00:00,jueves,0,Seca,Seca y limpia,Plano,Terraplen,Recta,Transito normal con precaución,0,0,5,0,1.0,Choque,maniobras imprudentes,0101_0_9,8.0,16.0
San Andres y Providencia,2017-05-22 04:05:00,3,69.0,2016-12-20 05:00:00,martes,45,Seca,Seca y limpia,Plano,Terraplen,Recta,Transito normal con precaución,0,0,1,0,1.0,Atropello,maniobras imprudentes,0101_0_3,14.0,10.0
San Andres y Providencia,2017-05-22 04:35:00,10,800.0,2017-01-27 05:00:00,viernes,36,Seca,Seca y limpia,Plano,Terraplen,Recta,Transito normal con precaución,0,0,1,0,1.0,Choque,adelantamientos indebidos,0101_0_10,5.0,19.0
San Andres y Providencia,2017-08-23 15:34:00,10,800.0,2017-03-11 05:00:00,sabado,35,Seca,Seca y limpia,Plano,Terraplen,Recta,Transito normal con precaución,0,0,1,0,1.0,Atropello,maniobras imprudentes,0101_0_10,16.0,8.0
San Andres y Providencia,2017-08-23 15:41:00,1,5.0,2017-03-19 05:00:00,domingo,30,Normal,Seca y limpia,Plano,Terraplen,Recta,Transito normal con precaución,0,0,1,0,1.0,Atropello,imprudencia del conductor,0101_0_1,19.0,5.0
San Andres y Providencia,2017-08-23 15:52:00,3,20.0,2017-04-30 05:00:00,domingo,35,Seca,Seca y limpia,Plano,Terraplen,Recta,Transito normal con precaución,0,0,1,0,1.0,Choque,maniobras imprudentes,0101_0_3,18.0,6.0
San Andres y Providencia,2017-08-23 16:01:00,4,300.0,2017-04-10 05:00:00,lunes,35,Seca,Seca y limpia,Plano,Terraplen,Recta,Transito normal con precaución,4,35,1,0,1.0,Atropello,condiciones de la via y factores ambientales,0101_0_4,6.0,22.0
San Andres y Providencia,2017-08-23 16:37:00,20,950.0,2017-06-11 05:00:00,domingo,40,Seca,Seca y limpia,Plano,Terraplen,Recta,Transito normal con precaución,0,0,2,0,1.0,Choque,desobediencia a normas y senales,0101_0_20,3.0,21.0
San Andres y Providencia,2017-08-23 16:48:00,21,0.0,2017-06-12 05:00:00,lunes,40,Seca,Seca y limpia,Plano,Terraplen,Recta,Transito normal con precaución,0,0,2,0,1.0,Choque,maniobras imprudentes,0101_0_21,14.0,10.0
San Andres y Providencia,2017-08-23 16:59:00,20,220.0,2017-07-31 05:00:00,lunes,26,Seca,Seca y limpia,Plano,Terraplen,Recta,Transito normal con precaución,0,0,2,0,1.0,Volcamiento,fallas mecanicas y del sistema electrico,0101_0_20,5.0,19.0
San Andres y Providencia,2017-09-12 17:59:00,22,900.0,2017-05-25 05:00:00,jueves,30,Seca,Seca y limpia,Plano,Terraplen,Recta,Transito normal con precaución,0,0,2,0,1.0,Choque,maniobras imprudentes,0101_0_22,7.0,17.0
San Andres y Providencia,2017-10-04 15:01:00,21,300.0,2017-09-23 05:00:00,sabado,45,Sol,Seca y limpia,Plano,Terraplen,Recta,Transito normal con precaución,0,0,1,0,1.0,Choque,desobediencia a normas y senales,0101_0_21,13.0,11.0
San Andres y Providencia,2017-10-06 16:46:00,22,900.0,2017-08-22 05:00:00,martes,58,Seca,Seca y limpia,Plano,Terraplen,Recta,Transito normal con precaución,0,0,1,0,1.0,Choque,maniobras imprudentes,0101_0_22,16.0,8.0
San Andres y Providencia,2017-10-06 16:53:00,20,0.0,2017-08-28 05:00:00,lunes,50,Seca,Seca y limpia,Plano,Terraplen,Recta,Transito normal con precaución,0,0,2,0,1.0,Volcamiento,maniobras imprudentes,0101_0_20,8.0,16.0
San Andres y Providencia,2017-11-07 16:34:00,25,100.0,2017-10-13 05:00:00,viernes,30,Lluvia,Humeda,Plano,Terraplen,Recta,Transito normal con precaución,0,0,1,0,1.0,Choque,maniobras imprudentes,0101_0_25,20.0,4.0