territorial,fecha_registro,pr,distancia_pr,fecha_acc,dia_semana_acc,min_acc,condic_meteor,estado_super,terreno,secc_tip,geometria_acc,tipo_cierre,horas_cierre,min_cierre,n_heridos,n_muertos,n_victimas,clase_accidente,causa_posible,ref_loc,hora_acc,duracion_cierre_horas
San Andres y Providencia,2017-11-07 16:41:00,22,700.0,2017-10-14 05:00:00,sabado,40,Sol,Seca y limpia,Plano,Terraplen,Recta,Transito normal con precaución,0,0,1,0,1.0,Choque,maniobras imprudentes,0101_0_22,3.0,21.0
San Andres y Providencia,2017-11-07 16:45:00,2,200.0,2017-10-21 05:00:00,sabado,30,Sol,Seca y limpia,Plano,Terraplen,Recta,Transito normal con precaución,0,0,0,0,1.0,Choque,estacionamiento y senalizacion imprudente,0101_0_2,16.0,8.0
San Andres y Providencia,2017-11-21 16:03:00,0,600.0,2017-10-29 05:00:00,domingo,30,Seca,Seca y limpia,Plano,Terraplen,Curva Derecha,Transito normal con precaución,0,0,2,2,1.0,Choque,maniobras imprudentes,0101_0_0,12.0,12.0
San Andres y Providencia,2017-12-04 14:01:00,1,900.0,2017-11-03 05:00:00,viernes,53,Seca,Seca y limpia,Plano,Terraplen,Curva Izquierda,Transito normal con precaución,0,0,2,2,1.0,Choque,maniobras imprudentes,0101_0_1,17.0,7.0
San Andres y Providencia,2018-01-09 16:44:00,26,700.0,2017-11-09 05:00:00,jueves,40,Seca,Seca y limpia,Plano,Terraplen,Recta,Transito normal con precaución,0,0,2,2,1.0,Choque,maniobras imprudentes,0101_0_26,20.0,4.0
San Andres y Providencia,2018-01-16 13:03:00,26,500.0,2017-12-12 05:00:00,martes,30,Seca,Seca y limpia,Plano,Terraplen,Recta,Transito normal con precaución,0,0,1,0,1.0,Volcamiento,embriaguez o sustancias alucinogenas,0101_0_26,20.0,4.0
San Andres y Providencia,2018-01-16 13:16:00,1,800.0,2017-12-02 05:00:00,sabado,55,Seca,Seca y limpia,Plano,Terraplen,Recta,Transito normal con precaución,0,0,0,0,1.0,Volcamiento,maniobras imprudentes,0101_0_1,18.0,6.0
San Andres y Providencia,2018-01-16 13:21:00,10,800.0,2017-12-03 05:00:00,domingo,55,Seca,Seca y limpia,Plano,Terraplen,Recta,Transito normal con precaución,0,0,1,0,1.0,Choque,adelantamientos indebidos,0101_0_10,21.0,3.0
San Andres y Providencia,2018-01-16 13:24:00,24,0.0,2017-12-18 05:00:00,lunes,0,Seca,Seca y limpia,Plano,Terraplen,Recta,Transito normal con precaución,0,0,2,0,1.0,Choque,adelantamientos indebidos,0101_0_24,1.0,23.0
San Andres y Providencia,2018-01-19 15:20:00,2,200.0,2017-12-04 05:00:00,lunes,0,Seca,Seca y limpia,Plano,Terraplen,Curva Izquierda,Transito normal con precaución,0,0,1,0,1.0,Choque,estacionamiento y senalizacion imprudente,0101_0_2,13.0,11.0
San Andres y Providencia,2018-03-06 16:34:00,23,800.0,2018-01-04 05:00:00,jueves,30,Lluvia,Humeda,Plano,Terraplen,Recta,Transito normal con precaución,0,0,3,1,1.0,Choque,desobediencia a normas y senales,0101_0_23,7.0,17.0
San Andres y Providencia,2018-03-06 16:34:00,23,800.0,2018-01-04 05:00:00,jueves,30,Lluvia,Humeda,Plano,Terraplen,Recta,Transito normal con precaución,0,0,3,1,1.0,Choque,desobediencia a normas y senales,0101_0_23,10.0,14.0
San Andres y Providencia,2018-03-06 16:34:00,23,800.0,2018-01-04 05:00:00,jueves,30,Lluvia,Humeda,Plano,Terraplen,Recta,Transito normal con precaución,0,0,3,1,1.0,Choque,desobediencia a normas y senales,0101_0_23,7.0,17.0
San Andres y Providencia,2018-03-06 16:40:00,20,150.0,2018-01-21 05:00:00,domingo,18,Seca,Seca y limpia,Plano,Terraplen,Recta,Transito normal con precaución,0,0,1,0,1.0,Choque,embriaguez o sustancias alucinogenas,0101_0_20,12.0,12.0
San Andres y Providencia,2018-03-06 16:42:00,16,300.0,2018-01-24 05:00:00,miercoles,40,Seca,Seca y limpia,Plano,Terraplen,Recta,Transito normal con precaución,0,0,2,0,1.0,Choque,maniobras imprudentes,0101_0_16,8.0,16.0
San Andres y Providencia,2018-03-06 16:44:00,26,800.0,2018-01-27 05:00:00,sabado,0,Seca,Seca y limpia,Plano,Terraplen,Curva Derecha,Transito normal con precaución,0,0,3,0,1.0,Choque,maniobras imprudentes,0101_0_26,12.0,12.0
San Andres y Providencia,2018-03-06 16:46:00,1,500.0,2018-02-03 05:00:00,sabado,0,Seca,Seca y limpia,Plano,Terraplen,Recta,Transito normal con precaución,0,0,2,0,1.0,Choque,maniobras imprudentes,0101_0_1,7.0,17.0
San Andres y Providencia,2018-03-06 16:51:00,21,940.0,2018-02-17 05:00:00,sabado,36,Seca,Seca y limpia,Plano,Terraplen,Recta,Transito normal con precaución,0,0,3,0,1.0,Choque,embriaguez o sustancias alucinogenas,0101_0_21,12.0,12.0
San Andres y Providencia,2018-03-06 16:52:00,22,900.0,2018-02-25 05:00:00,domingo,3,Seca,Seca y limpia,Plano,Terraplen,Recta,Transito normal con precaución,0,0,2,0,1.0,Choque,maniobras imprudentes,0101_0_22,3.0,21.0
Nariño,2018-01-22 21:12:00,28,500.0,2018-01-16 05:00:00,martes,30,Lluvia,Humeda,Montañoso,Media Ladera Derecha,Curva Izquierda,Transito normal con precaución,0,0,0,0,0.0,Choque,exceso de velocidad,1003_1_28,0.0,0.0
Nariño,2018-04-12 14:19:00,0,350.0,2018-03-18 05:00:00,domingo,30,Seca,Seca y limpia,Plano,Terraplen,Recta,Transito normal con precaución,0,0,0,0,0.0,Choque,no mantener distancia de seguridad,1001_0_0,5.0,19.0
Boyacá,2018-06-15 16:44:00,0,700.0,2018-06-14 05:00:00,jueves,20,Niebla,Lodo,Montañoso,Terraplen,Curva Izquierda,Parcial con reducción de carriles,6,45,0,0,0.0,Volcamiento,adelantamientos indebidos,45BY01_1_0,4.0,2.0
Nariño,2018-06-15 18:54:00,5,640.0,2018-06-15 05:00:00,viernes,1,Niebla,Humeda,Plano,Terraplen,Curva Derecha,Parcial con reducción de carriles,1,1,0,0,0.0,Caída de piedra,fallas mecanicas y del sistema electrico,1003_1_5,1.0,0.0
Nariño,2018-06-15 18:54:00,5,640.0,2018-06-15 05:00:00,viernes,1,Niebla,Humeda,Plano,Terraplen,Curva Derecha,Parcial con reducción de carriles,1,1,0,0,0.0,Caída de piedra,fallas mecanicas y del sistema electrico,1003_1_5,1.0,0.0
Boyacá,2018-06-19 03:44:00,0,400.0,2018-06-11 05:00:00,lunes,30,Niebla,Helada,Plano,Media Ladera Derecha,Curva Derecha,Parcial con reducción de carriles,2,40,0,0,0.0,Caída de carga,adelantamientos indebidos,45BY01_1_0,5.0,21.0
Boyacá,2018-07-10 21:55:00,14,500.0,2018-04-01 05:00:00,domingo,50,Normal,Seca y limpia,Plano,Media ladera Izquierda,Recta,Transito normal con precaución,11,50,0,0,0.0,Choque,no mantener distancia de seguridad,45A05_1_14,11.0,0.0
Boyacá,2018-07-11 14:55:00,33,200.0,2018-04-07 05:00:00,sabado,0,Normal,Seca y limpia,Plano,Terraplen,Recta,Transito normal con precaución,15,0,1,0,1.0,Choque,maniobras imprudentes,45A05_1_33,15.0,0.0
Boyacá,2018-07-11 15:04:00,2,950.0,2018-04-07 05:00:00,sabado,0,Normal,Seca y limpia,Plano,Terraplen,Recta,Transito normal con precaución,6,0,0,1,1.0,Choque,exceso de velocidad,45A05_1_2,6.0,0.0
Boyacá,2018-07-12 13:45:00,4,400.0,2018-04-07 05:00:00,sabado,30,Normal,Seca y limpia,Plano,Terraplen,Recta,Transito normal con precaución,21,30,1,1,2.0,Choque,no determinada,45A05_1_4,21.0,0.0
Boyacá,2018-07-12 13:53:00,5,500.0,2018-04-08 05:00:00,domingo,0,Normal,Seca y limpia,Plano,Media ladera Izquierda,Recta,Transito normal con precaución,9,0,0,0,0.0,Choque,no determinada,45A05_1_5,9.0,0.0
Boyacá,2018-07-12 13:59:00,1,500.0,2018-04-09 05:00:00,lunes,0,Normal,Seca y limpia,Plano,Terraplen,Recta,Transito normal con precaución,9,0,2,0,2.0,Choque,maniobras imprudentes,45A05_1_1,9.0,0.0
Boyacá,2018-07-12 14:57:00,16,700.0,2018-04-19 05:00:00,jueves,0,Lluvia,Humeda,Plano,Media ladera Izquierda,Curva Derecha,Transito normal con precaución,19,0,0,0,0.0,Choque,adelantamientos indebidos,45A05_1_16,19.0,0.0
Quindío,2018-07-12 13:56:00,17,100.0,2018-06-01 05:00:00,viernes,0,Normal,Seca y limpia,Montañoso,Media Ladera Derecha,Curva Derecha,Transito normal con precaución,0,0,0,0,0.0,Choque,maniobras imprudentes,4003_1_17,5.0,19.0
Boyacá,2018-07-12 15:00:00,36,100.0,2018-04-19 05:00:00,jueves,0,Normal,Seca y limpia,Plano,Terraplen,Curva Derecha,Transito normal con precaución,2,0,0,0,0.0,Volcamiento,no determinada,45A05_1_36,2.0,0.0
Boyacá,2018-07-12 15:19:00,12,400.0,2018-04-22 05:00:00,domingo,0,Lluvia,Humeda,Plano,Media ladera Izquierda,Curva Derecha,Transito normal con precaución,15,0,0,0,0.0,Choque,adelantamientos indebidos,45A05_1_12,15.0,0.0
Quindío,2018-07-12 15:35:00,14,250.0,2018-06-02 05:00:00,sabado,20,Normal,Seca y limpia,Plano,Cajón,Curva Derecha,Parcial con reducción de carriles,0,30,0,0,0.0,Caída de carga,no determinada,2901B_1_14,15.0,9.0
Boyacá,2018-07-12 15:44:00,7,300.0,2018-04-22 05:00:00,domingo,0,Lluvia,Humeda,Plano,Media ladera Izquierda,Recta,Transito normal con precaución,18,0,0,0,0.0,Choque,exceso en horas de conduccion,45A05_1_7,18.0,0.0
Quindío,2018-07-12 15:50:00,14,500.0,2018-06-06 05:00:00,miercoles,50,Normal,Seca y limpia,Montañoso,Media ladera Izquierda,Curva Izquierda,Cierre total,1,0,2,0,2.0,Choque,adelantamientos indebidos,4003_1_14,8.0,17.0
Boyacá,2018-07-12 15:49:00,58,800.0,2018-05-05 05:00:00,sabado,20,Lluvia,Humeda,Plano,Media ladera Izquierda,Recta,Transito normal con precaución,17,20,0,0,0.0,Choque,maniobras imprudentes,45A05_1_58,17.0,0.0
Boyacá,2018-07-12 16:12:00,4,900.0,2018-05-05 05:00:00,sabado,0,Normal,Seca y limpia,Plano,Terraplen,Recta,Transito normal con precaución,13,0,0,0,0.0,Choque,no mantener distancia de seguridad,45A05_1_4,13.0,0.0
Quindío,2018-07-12 16:12:00,10,600.0,2018-06-08 05:00:00,viernes,0,Normal,Seca y limpia,Montañoso,Media ladera Izquierda,Curva Izquierda,Transito normal con precaución,0,0,0,0,0.0,Choque,no mantener distancia de seguridad,4003_1_10,16.0,8.0
Boyacá,2018-07-12 16:23:00,59,500.0,2018-05-09 05:00:00,miercoles,20,Normal,Seca y limpia,Plano,Terraplen,Recta,Transito normal con precaución,10,20,1,0,1.0,Choque,embriaguez o sustancias alucinogenas,45A05_1_59,10.0,0.0
Boyacá,2018-07-12 16:07:00,6,50.0,2018-05-05 05:00:00,sabado,10,Normal,Seca y limpia,Ondulado,Media ladera Izquierda,Curva Izquierda,Transito normal con precaución,22,10,0,0,0.0,Volcamiento,fallas mecanicas y del sistema electrico,45ABYB_0_6,22.0,0.0
Quindío,2018-07-12 16:28:00,17,150.0,2018-06-09 05:00:00,sabado,10,Normal,Seca y limpia,Montañoso,Media Ladera Derecha,Curva Izquierda,Transito normal con precaución,0,0,0,0,0.0,Choque,no mantener distancia de seguridad,4003_1_17,10.0,14.0
Boyacá,2018-07-12 16:37:00,42,400.0,2018-05-12 05:00:00,sabado,20,Normal,Seca y limpia,Ondulado,Media ladera Izquierda,Recta,Transito normal con precaución,7,20,0,0,0.0,Choque,no mantener distancia de seguridad,45A05_1_42,7.0,0.0
Quindío,2018-07-12 16:41:00,23,400.0,2018-06-09 05:00:00,sabado,0,Normal,Seca y limpia,Montañoso,Media Ladera Derecha,Curva Izquierda,Transito normal con precaución,0,0,0,0,0.0,Volcamiento,no determinada,4003_1_23,7.0,17.0
Boyacá,2018-07-12 16:45:00,39,700.0,2018-05-12 05:00:00,sabado,10,Normal,Seca y limpia,Plano,Terraplen,Recta,Transito normal con precaución,1,10,1,0,1.0,Choque,adelantamientos indebidos,45A05_1_39,1.0,0.0
Quindío,2018-07-12 16:46:00,23,900.0,2018-06-10 05:00:00,domingo,35,Normal,Seca y limpia,Montañoso,Media ladera Izquierda,Curva Izquierda,Transito normal con precaución,0,0,0,0,0.0,Volcamiento,no determinada,4003_1_23,18.0,6.0
Boyacá,2018-07-12 16:53:00,11,750.0,2018-05-15 05:00:00,martes,0,Lluvia,Humeda,Plano,Media ladera Izquierda,Recta,Transito normal con precaución,15,0,0,0,0.0,Choque,desobediencia a normas y senales,45A05_1_11,15.0,0.0
Quindío,2018-07-12 16:55:00,6,40.0,2018-06-11 05:00:00,lunes,10,Normal,Seca y limpia,Ondulado,Media ladera Izquierda,Recta,Parcial con reducción de carriles,0,30,1,0,1.0,Volcamiento,no determinada,2901B_1_6,17.0,7.0
Quindío,2018-07-12 17:01:00,0,0.0,2018-06-13 05:00:00,miercoles,40,Seca,Seca y limpia,Ondulado,Media ladera Izquierda,Recta,Parcial con reducción de carriles,2,0,2,0,2.0,Choque,defectos fisicos y psiquicos,4003_1_0,5.0,21.0
Boyacá,2018-07-12 19:39:00,1,500.0,2018-05-18 05:00:00,viernes,27,Lluvia,Humeda,Plano,Media ladera Izquierda,Recta,Transito normal con precaución,19,27,0,0,0.0,Choque,condiciones de la via y factores ambientales,45ABYB_0_1,19.0,0.0
Boyacá,2018-07-12 19:44:00,6,50.0,2018-05-18 05:00:00,viernes,40,Normal,Seca y limpia,Ondulado,Media ladera Izquierda,Curva Izquierda,Transito normal con precaución,4,40,0,0,0.0,Volcamiento,maniobras imprudentes,45ABYB_0_6,4.0,0.0
Caquetá,2018-07-12 19:54:00,67,780.0,2018-06-02 05:00:00,sabado,30,Lluvia,Humeda,Montañoso,Media Ladera Derecha,Curva Derecha,Transito normal con precaución,0,0,1,0,1.0,Choque,no determinada,2003A_0_67,13.0,11.0
Boyacá,2018-07-12 19:54:00,20,950.0,2018-05-21 05:00:00,lunes,20,Normal,Seca y limpia,Plano,Media ladera Izquierda,Recta,Transito normal con precaución,8,20,0,0,0.0,Choque,no determinada,45A05_1_20,8.0,0.0
Quindío,2018-07-12 19:56:00,48,300.0,2018-06-13 05:00:00,miercoles,30,Normal,Seca y limpia,Plano,Terraplen,Curva Derecha,Transito normal con precaución,0,0,0,0,1.0,Choque,no mantener distancia de seguridad,4002_1_48,18.0,6.0
Boyacá,2018-07-12 21:21:00,59,400.0,2018-06-15 05:00:00,viernes,30,Normal,Seca y limpia,Plano,Terraplen,Recta,Transito normal con precaución,12,30,2,0,2.0,Choque,adelantamientos indebidos,45A05_1_59,12.0,0.0
Quindío,2018-07-12 20:02:00,46,200.0,2018-06-13 05:00:00,miercoles,30,Normal,Seca y limpia,Plano,Terraplen,Recta,Parcial con reducción de carriles,0,30,2,0,2.0,Choque,no mantener distancia de seguridad,4002_1_46,11.0,13.0
Boyacá,2018-07-12 20:17:00,29,600.0,2018-05-22 05:00:00,martes,0,Normal,Seca y limpia,Plano,Terraplen,Curva Derecha,Transito normal con precaución,5,0,0,1,1.0,Choque,adelantamientos indebidos,45A05_1_29,5.0,0.0
Boyacá,2018-07-12 20:26:00,40,500.0,2018-05-31 05:00:00,jueves,0,Normal,Seca y limpia,Plano,Terraplen,Curva Derecha,Transito normal con precaución,17,0,0,0,0.0,Choque,maniobras imprudentes,45A05_1_40,17.0,0.0
Quindío,2018-07-12 20:07:00,8,450.0,2018-06-15 05:00:00,viernes,30,Normal,Seca y limpia,Montañoso,Media ladera Izquierda,Curva Izquierda,Cierre total,0,40,0,0,0.0,Choque,no determinada,4003_1_8,22.0,2.0
Quindío,2018-07-12 20:35:00,6,620.0,2018-06-16 05:00:00,sabado,20,Lluvia,Humeda,Plano,Media Ladera Derecha,Curva Derecha,Transito normal con precaución,0,0,1,0,1.0,Choque,condiciones de la via y factores ambientales,40QN05_0_6,13.0,11.0
Boyacá,2018-07-12 20:32:00,33,700.0,2018-06-05 05:00:00,martes,40,Normal,Seca y limpia,Plano,Terraplen,Recta,Transito normal con precaución,19,40,0,0,0.0,Choque,maniobras imprudentes,45A05_1_33,19.0,0.0
Boyacá,2018-07-12 20:48:00,54,0.0,2018-06-06 05:00:00,miercoles,40,Normal,Seca y limpia,Plano,Terraplen,Recta,Transito normal con precaución,20,40,0,0,0.0,Choque,no determinada,45A05_1_54,20.0,0.0
Quindío,2018-07-12 20:49:00,21,500.0,2018-06-16 05:00:00,sabado,45,Normal,Seca y limpia,Montañoso,Media ladera Izquierda,Curva Derecha,Cierre total,0,30,2,0,2.0,Choque,no determinada,4003_1_21,13.0,11.0
Boyacá,2018-07-12 20:53:00,4,900.0,2018-06-07 05:00:00,jueves,0,Normal,Seca y limpia,Plano,Terraplen,Recta,Transito normal con precaución,15,0,0,0,0.0,Choque,adelantamientos indebidos,45A05_1_4,15.0,0.0
Quindío,2018-07-12 20:55:00,24,500.0,2018-06-18 05:00:00,lunes,0,Normal,Seca y limpia,Montañoso,Media Ladera Derecha,Curva Derecha,Transito normal con precaución,0,0,0,0,0.0,Choque,no determinada,4003_1_24,20.0,4.0
Boyacá,2018-07-12 20:58:00,55,200.0,2018-06-08 05:00:00,viernes,10,Normal,Seca y limpia,Plano,Cajón,Recta,Transito normal con precaución,19,10,2,0,2.0,Choque,adelantamientos indebidos,45A05_1_55,19.0,0.0
Boyacá,2018-10-22 17:53:00,1,300.0,2018-09-13 05:00:00,jueves,50,Lluvia,Humeda,Plano,Terraplen,Curva Izquierda,Transito normal con precaución,5,50,1,0,1.0,Volcamiento,exceso de velocidad,45A05_1_1,5.0,0.0
Quindío,2018-07-12 21:00:00,17,350.0,2018-06-20 05:00:00,miercoles,12,Normal,Seca y limpia,Montañoso,Media Ladera Derecha,Curva Izquierda,Parcial con reducción de carriles,0,30,0,0,0.0,Choque,no mantener distancia de seguridad,4003_1_17,14.0,10.0
Boyacá,2018-07-12 21:03:00,30,200.0,2018-06-09 05:00:00,sabado,45,Normal,Seca y limpia,Plano,Terraplen,Recta,Transito normal con precaución,16,45,0,0,0.0,Choque,no mantener distancia de seguridad,45A05_1_30,16.0,0.0
Quindío,2018-07-12 21:05:00,26,100.0,2018-06-20 05:00:00,miercoles,0,Normal,Seca y limpia,Montañoso,Media Ladera Derecha,Curva Izquierda,Parcial con reducción de carriles,0,30,0,0,0.0,Choque,no determinada,4003_1_26,0.0,0.0
Quindío,2018-07-12 21:10:00,2,200.0,2018-06-21 05:00:00,jueves,45,Normal,Seca y limpia,Plano,Terraplen,Curva Derecha,Parcial con reducción de carriles,2,0,0,1,1.0,Choque,no determinada,2901B_1_2,19.0,7.0
Boyacá,2018-07-12 21:10:00,11,0.0,2018-06-15 05:00:00,viernes,40,Normal,Seca y limpia,Plano,Media ladera Izquierda,Curva Derecha,Transito normal con precaución,7,40,0,0,0.0,Salida de la vía sin volcarse,maniobras imprudentes,45A05_1_11,7.0,0.0
Quindío,2018-07-12 21:18:00,16,600.0,2018-06-23 05:00:00,sabado,10,Normal,Seca y limpia,Montañoso,Media ladera Izquierda,Curva Derecha,Transito normal con precaución,0,0,0,0,0.0,Choque,no determinada,4003_1_16,0.0,0.0
Quindío,2018-07-12 21:21:00,18,500.0,2018-06-26 05:00:00,martes,0,Normal,Seca y limpia,Montañoso,Media Ladera Derecha,Curva Derecha,Transito normal con precaución,0,0,0,0,0.0,Volcamiento,no determinada,4003_1_18,13.0,11.0
Boyacá,2018-07-12 21:26:00,12,300.0,2018-06-15 05:00:00,viernes,15,Normal,Seca y limpia,Plano,Media ladera Izquierda,Curva Izquierda,Transito normal con precaución,8,15,0,0,0.0,Choque,maniobras imprudentes,45A05_1_12,8.0,0.0
Quindío,2018-07-12 21:29:00,25,50.0,2018-06-29 05:00:00,viernes,10,Lluvia,Humeda,Montañoso,Media Ladera Derecha,Curva Derecha,Transito normal con precaución,0,0,0,0,0.0,Choque,adelantamientos indebidos,4003_1_25,17.0,7.0
Quindío,2018-07-12 21:32:00,15,500.0,2018-06-30 05:00:00,sabado,15,Normal,Seca y limpia,Montañoso,Media ladera Izquierda,Curva Derecha,Transito normal con precaución,0,0,0,0,0.0,Choque,no determinada,4003_1_15,4.0,20.0
Boyacá,2018-07-12 21:32:00,14,800.0,2018-06-20 05:00:00,miercoles,0,Normal,Seca y limpia,Plano,Media ladera Izquierda,Curva Derecha,Transito normal con precaución,16,0,0,0,0.0,Choque,imprudencia del conductor,45A05_1_14,16.0,0.0
Quindío,2018-07-12 21:35:00,12,200.0,2018-06-30 05:00:00,sabado,45,Normal,Seca y limpia,Montañoso,Media ladera Izquierda,Curva Izquierda,Transito normal con precaución,0,0,0,0,0.0,Choque,no determinada,4003_1_12,6.0,18.0
Boyacá,2018-07-12 21:38:00,13,400.0,2018-06-22 05:00:00,viernes,10,Normal,Seca y limpia,Plano,Media ladera Izquierda,Recta,Transito normal con precaución,21,10,0,0,0.0,Choque,adelantamientos indebidos,45A05_1_13,21.0,0.0
Boyacá,2018-07-12 22:28:00,5,449.0,2018-06-23 05:00:00,sabado,20,Lluvia,Humeda,Plano,Media ladera Izquierda,Recta,Transito normal con precaución,23,20,0,0,0.0,Choque,condiciones de la via y factores ambientales,45A05_1_5,23.0,0.0
Boyacá,2018-07-12 22:34:00,19,200.0,2018-06-26 05:00:00,martes,30,Normal,Seca y limpia,Plano,Terraplen,Recta,Transito normal con precaución,14,30,0,0,0.0,Salida de la vía sin volcarse,exceso de velocidad,45A05_1_19,14.0,0.0
Boyacá,2018-07-12 22:43:00,3,277.0,2018-06-28 05:00:00,jueves,0,Normal,Seca y limpia,Plano,Terraplen,Recta,Transito normal con precaución,16,0,0,0,0.0,Salida de la vía sin volcarse,no mantener distancia de seguridad,45A05_1_3,16.0,0.0
Santander,2018-07-12 22:44:00,25,491.0,2018-06-22 05:00:00,viernes,15,Normal,Seca y limpia,Ondulado,Terraplen,Recta,Transito normal con precaución,0,0,1,0,1.0,Choque,fallas mecanicas y del sistema electrico,45A08_1_25,14.0,10.0
Boyacá,2018-07-12 22:49:00,12,255.0,2018-06-28 05:00:00,jueves,0,Lluvia,Humeda,Plano,Media ladera Izquierda,Curva Izquierda,Transito normal con precaución,14,0,0,0,0.0,Choque,desobediencia a normas y senales,45A05_1_12,14.0,0.0
Santander,2018-07-12 22:51:00,68,871.0,2018-06-27 05:00:00,miercoles,30,Normal,Seca y limpia,Ondulado,Terraplen,Curva Izquierda,Transito normal con precaución,0,0,0,0,0.0,Salida de la vía sin volcarse,maniobras imprudentes,45A08_1_68,15.0,9.0
Caquetá,2018-07-13 13:58:00,86,0.0,2018-06-03 05:00:00,domingo,0,Seca,Seca y limpia,Plano,Terraplen,Curva Derecha,Parcial con reducción de carriles,0,0,0,0,0.0,Choque,no determinada,6503_1_86,19.0,5.0
Nariño,2018-07-13 16:04:00,61,990.0,2018-06-25 05:00:00,lunes,50,Normal,Seca y limpia,Escarpado,Media Ladera Derecha,Curva Derecha,Transito normal con precaución,6,50,1,0,2.0,Volcamiento,fallas mecanicas y del sistema electrico,1002_1_61,6.0,0.0
Antioquia,2018-07-13 19:13:00,11,500.0,2014-04-20 05:00:00,domingo,30,Lluvia,Humeda,Montañoso,Media Ladera Derecha,Curva Derecha,Parcial con reducción de carriles,20,55,2,0,2.0,Choque,no determinada,2511_0_11,20.0,0.0
Antioquia,2018-06-26 05:00:00,15,600.0,2018-05-08 05:00:00,martes,50,Lluvia,Humeda,Ondulado,Media Ladera Derecha,Recta,Transito normal con precaución,10,20,0,0,2.0,Choque,desobediencia a normas y senales,2511_0_15,9.0,1.0
Nariño,2018-07-13 19:51:00,21,700.0,2018-06-20 05:00:00,miercoles,15,Sol,Seca y limpia,Ondulado,Media Ladera Derecha,Curva Derecha,Transito normal con precaución,0,0,0,0,2.0,Volcamiento,exceso de velocidad,1002_1_21,15.0,9.0
Antioquia,2018-07-13 20:01:00,48,700.0,2018-04-18 05:00:00,miercoles,0,Normal,Seca y limpia,Montañoso,Media Ladera Derecha,Curva Derecha,Transito normal con precaución,23,0,0,0,0.0,Choque,no determinada,2511_0_48,23.0,0.0
Antioquia,2018-07-13 20:16:00,50,800.0,2018-05-07 05:00:00,lunes,30,Normal,Seca y limpia,Plano,Terraplen,Recta,Transito normal con precaución,16,30,0,0,0.0,Choque,no mantener distancia de seguridad,2511_0_50,13.0,3.0
Caquetá,2018-07-13 23:00:00,12,830.0,2018-06-20 05:00:00,miercoles,30,Sol,Seca y limpia,Ondulado,Media Ladera Derecha,Recta,Transito normal con precaución,0,0,0,0,1.0,Salida de la vía sin volcarse,fallas mecanicas y del sistema electrico,6504_0_12,7.0,17.0
Caquetá,2018-07-13 23:23:00,65,680.0,2018-06-30 05:00:00,sabado,0,Sol,Seca y limpia,Plano,Terraplen,Recta,Transito normal con precaución,0,0,0,0,0.0,Volcamiento,imprudencia del conductor,6504_0_65,16.0,8.0
Santander,2018-10-12 23:18:00,105,936.0,2018-09-11 05:00:00,martes,30,Normal,Seca y limpia,Montañoso,Media ladera Izquierda,Curva Izquierda,Transito normal con precaución,11,26,0,0,2.0,Choque,desobediencia a normas y senales,45A06_0_105,11.0,0.0
Antioquia,2018-07-16 19:33:00,50,800.0,2018-05-07 05:00:00,lunes,30,Normal,Seca y limpia,Plano,Terraplen,Recta,Parcial con reducción de carriles,16,30,0,0,0.0,Choque,no mantener distancia de seguridad,2511_0_50,13.0,3.0
Antioquia,2018-07-16 19:57:00,51,0.0,2018-05-27 05:00:00,domingo,40,Normal,Seca y limpia,Montañoso,Media Ladera Derecha,Curva Derecha,Transito normal con precaución,8,20,0,0,0.0,Choque,adelantamientos indebidos,2511_0_51,7.0,1.0
Antioquia,2018-07-16 20:17:00,52,700.0,2018-05-11 05:00:00,viernes,40,Normal,Seca y limpia,Plano,Terraplen,Recta,Transito normal con precaución,12,0,0,0,0.0,Choque,adelantamientos indebidos,2511_0_52,10.0,2.0
Antioquia,2018-07-16 20:22:00,56,970.0,2018-05-24 05:00:00,jueves,50,Lluvia,Humeda,Montañoso,Media ladera Izquierda,Curva Derecha,Parcial con reducción de carriles,19,0,1,0,1.0,Choque,no determinada,2511_0_56,18.0,1.0
Antioquia,2018-07-16 20:26:00,57,900.0,2018-05-30 05:00:00,miercoles,0,Normal,Seca y limpia,Montañoso,Media ladera Izquierda,Curva Izquierda,Transito normal con precaución,9,0,0,0,0.0,Volcamiento,no determinada,2511_0_57,8.0,1.0
Antioquia,2018-07-16 20:29:00,69,490.0,2018-05-27 05:00:00,domingo,40,Normal,Seca y limpia,Plano,Terraplen,Recta,Transito normal con precaución,8,0,0,0,0.0,Choque,no determinada,2511_0_69,7.0,1.0
Antioquia,2018-07-16 20:39:00,70,20.0,2018-04-21 05:00:00,sabado,10,Lluvia,Humeda,Plano,Terraplen,Recta,Transito normal con precaución,8,35,0,0,0.0,Choque,condiciones de la via y factores ambientales,2511_0_70,6.0,2.0
Magdalena,2018-07-18 18:59:00,9,0.0,2018-07-01 05:00:00,domingo,50,Seca,Humeda,Ondulado,Media Ladera Derecha,Curva Izquierda,Transito normal con precaución,2,54,0,0,0.0,Salida de la vía sin volcarse,adelantamientos indebidos,4313_0_9,2.0,0.0
Caquetá,2018-07-16 21:10:00,49,780.0,2018-06-04 05:00:00,lunes,0,Lluvia,Humeda,Ondulado,Media ladera Izquierda,Curva Izquierda,Transito normal con precaución,0,0,0,0,0.0,Salida de la vía sin volcarse,fallas mecanicas y del sistema electrico,6503_1_49,8.0,16.0
Caquetá,2018-07-16 21:17:00,44,600.0,2018-06-07 05:00:00,jueves,30,Seca,Seca y limpia,Plano,Terraplen,Recta,Transito normal con precaución,0,0,1,0,1.0,Volcamiento,no determinada,6503_1_44,20.0,4.0