territorial,fecha_registro,pr,distancia_pr,fecha_acc,dia_semana_acc,min_acc,condic_meteor,estado_super,terreno,secc_tip,geometria_acc,tipo_cierre,horas_cierre,min_cierre,n_heridos,n_muertos,n_victimas,clase_accidente,causa_posible,ref_loc,hora_acc,duracion_cierre_horas
Caquetá,2018-07-16 21:20:00,49,860.0,2018-06-07 05:00:00,jueves,15,Lluvia,Humeda,Ondulado,Media ladera Izquierda,Recta,Transito normal con precaución,0,0,0,0,0.0,Salida de la vía sin volcarse,condiciones de la via y factores ambientales,6503_1_49,19.0,5.0
Norte de Santander,2018-07-16 21:22:00,6,105.0,2018-05-22 05:00:00,martes,0,Normal,Seca y limpia,Plano,Terraplen,Recta,Transito normal con precaución,0,0,0,0,0.0,Volcamiento,no determinada,55NS09_0_6,15.0,9.0
Caquetá,2018-07-16 21:23:00,63,300.0,2018-06-11 05:00:00,lunes,30,Lluvia,Humeda,Ondulado,Cajón,Recta,Transito normal con precaución,0,0,0,1,1.0,Volcamiento,condiciones de la via y factores ambientales,2003A_0_63,20.0,4.0
Antioquia,2018-07-16 20:47:00,71,950.0,2018-05-05 05:00:00,sabado,0,Normal,Seca y limpia,Ondulado,Media Ladera Derecha,Curva Derecha,Transito normal con precaución,19,30,0,0,0.0,Choque,no determinada,2511_0_71,19.0,0.0
Caquetá,2018-07-17 13:34:00,70,530.0,2018-06-11 05:00:00,lunes,45,Lluvia,Humeda,Ondulado,Media Ladera Derecha,Recta,Transito normal con precaución,0,0,2,0,2.0,Choque,condiciones de la via y factores ambientales,2003A_0_70,14.0,10.0
Caquetá,2018-07-17 13:38:00,54,720.0,2018-06-11 05:00:00,lunes,0,Seca,Seca y limpia,Ondulado,Media ladera Izquierda,Curva Izquierda,Transito normal con precaución,0,0,2,0,2.0,Choque,desobediencia a normas y senales,6503_1_54,12.0,12.0
Caquetá,2018-07-17 13:44:00,68,660.0,2018-06-10 05:00:00,domingo,0,Lluvia,Humeda,Plano,Terraplen,Recta,Transito normal con precaución,0,0,0,0,0.0,Salida de la vía sin volcarse,no determinada,6503_1_68,23.0,1.0
Caquetá,2018-07-17 13:48:00,81,300.0,2018-06-13 05:00:00,miercoles,0,Lluvia,Humeda,Plano,Terraplen,Curva Izquierda,Transito normal con precaución,10,0,1,0,1.0,Volcamiento,condiciones de la via y factores ambientales,6503_1_81,0.0,10.0
Caquetá,2018-07-17 14:06:00,5,200.0,2018-06-15 05:00:00,viernes,55,Lluvia,Humeda,Ondulado,Terraplen,Curva Izquierda,Transito normal con precaución,0,0,0,0,0.0,Choque,condiciones de la via y factores ambientales,6503_1_5,8.0,16.0
Caquetá,2018-07-17 14:10:00,5,320.0,2018-06-20 05:00:00,miercoles,0,Seca,Seca y limpia,Plano,Terraplen,Curva Izquierda,Transito normal con precaución,0,0,0,0,0.0,Choque,fallas mecanicas y del sistema electrico,6503_1_5,7.0,17.0
Caquetá,2018-07-17 14:48:00,56,470.0,2018-06-20 05:00:00,miercoles,30,Seca,Seca y limpia,Plano,Terraplen,Recta,Transito normal con precaución,0,0,1,0,1.0,Salida de la vía sin volcarse,no determinada,6503_1_56,14.0,10.0
Caquetá,2018-07-17 14:54:00,10,840.0,2018-06-22 05:00:00,viernes,0,Seca,Seca y limpia,Plano,Terraplen,Curva Izquierda,Transito normal con precaución,0,0,0,0,0.0,Choque,no determinada,6503_1_10,12.0,12.0
Caquetá,2018-07-17 15:02:00,13,80.0,2018-06-24 05:00:00,domingo,30,Seca,Seca y limpia,Ondulado,Cajón,Curva Izquierda,Transito normal con precaución,0,0,1,0,1.0,Choque,imprudencia del conductor,6503_1_13,15.0,9.0
Caquetá,2018-07-17 15:04:00,26,420.0,2018-06-24 05:00:00,domingo,30,Seca,Humeda,Plano,Terraplen,Recta,Transito normal con precaución,0,0,1,0,1.0,Choque,no determinada,6503_1_26,15.0,9.0
Caquetá,2018-07-17 15:09:00,67,500.0,2018-06-26 05:00:00,martes,20,Lluvia,Humeda,Ondulado,Media Ladera Derecha,Curva Derecha,Parcial con reducción de carriles,0,0,0,0,0.0,Choque,no determinada,6503_1_67,12.0,12.0
Casanare,2018-07-18 12:53:00,72,800.0,2018-07-02 05:00:00,lunes,0,Lluvia,Humeda,Plano,Terraplen,Recta,Transito normal con precaución,0,0,1,0,1.0,Choque,no determinada,6513_0_72,13.0,11.0
Caquetá,2018-07-17 15:11:00,20,40.0,2018-06-28 05:00:00,jueves,30,Lluvia,Humeda,Ondulado,Media Ladera Derecha,Curva Derecha,Transito normal con precaución,0,0,0,0,0.0,Choque,no determinada,6503_1_20,7.0,17.0
Caquetá,2018-07-17 15:13:00,49,670.0,2018-06-30 05:00:00,sabado,20,Lluvia,Humeda,Ondulado,Media Ladera Derecha,Curva Derecha,Parcial con reducción de carriles,0,0,0,0,0.0,Salida de la vía sin volcarse,no determinada,6503_1_49,0.0,0.0
Casanare,2018-07-17 15:15:00,37,640.0,2018-06-02 05:00:00,sabado,40,Lluvia,Humeda,Montañoso,Cajón,Recta,Transito normal con precaución,0,0,0,0,0.0,Incendio,fallas mecanicas y del sistema electrico,6211_1_37,23.0,1.0
Casanare,2018-07-17 15:49:00,22,230.0,2018-06-03 05:00:00,domingo,0,Lluvia,Humeda,Montañoso,Media ladera Izquierda,Curva Derecha,Transito normal con precaución,0,0,0,0,0.0,Salida de la vía sin volcarse,no determinada,6211_1_22,9.0,15.0
Casanare,2018-07-17 16:16:00,22,100.0,2018-06-10 05:00:00,domingo,0,Lluvia,Helada,Montañoso,Media ladera Izquierda,Curva Izquierda,Transito normal con precaución,0,0,5,0,5.0,Choque,no determinada,6211_1_22,6.0,18.0
Casanare,2018-07-17 16:26:00,83,650.0,2018-06-10 05:00:00,domingo,0,Lluvia,Humeda,Montañoso,Media Ladera Derecha,Curva Izquierda,Transito normal con precaución,0,0,1,0,1.0,Salida de la vía sin volcarse,no determinada,6211_1_83,11.0,13.0
Casanare,2018-07-17 16:46:00,83,920.0,2018-06-14 05:00:00,jueves,30,Lluvia,Humeda,Montañoso,Media Ladera Derecha,Recta,Transito normal con precaución,0,0,0,0,0.0,Volcamiento,no determinada,6211_1_83,6.0,18.0
Casanare,2018-07-17 21:49:00,103,570.0,2018-06-15 05:00:00,viernes,30,Lluvia,Humeda,Plano,Terraplen,Recta,Transito normal con precaución,0,0,0,0,0.0,Choque,no determinada,6512_1_103,7.0,17.0
Casanare,2018-07-17 21:55:00,101,480.0,2018-06-29 05:00:00,viernes,0,Sol,Seca y limpia,Montañoso,Media ladera Izquierda,Curva Derecha,Parcial con reducción de carriles,0,0,0,0,0.0,Caída de carga,no determinada,6211_1_101,10.0,14.0
Casanare,2018-07-17 22:03:00,50,0.0,2018-06-29 05:00:00,viernes,30,Normal,Humeda,Montañoso,Media Ladera Derecha,Curva Derecha,Transito normal con precaución,0,0,0,0,0.0,Salida de la vía sin volcarse,no determinada,6211_1_50,22.0,2.0
Casanare,2018-07-17 22:34:00,76,0.0,2018-06-30 05:00:00,sabado,0,Normal,Seca y limpia,Montañoso,Terraplen,Recta,Transito normal con precaución,0,0,0,0,0.0,Incendio,fallas mecanicas y del sistema electrico,6211_1_76,4.0,20.0
Putumayo,2018-07-18 12:00:00,3,500.0,2018-06-23 05:00:00,sabado,0,Lluvia,Humeda,Plano,Terraplen,Curva Derecha,Transito normal con precaución,0,0,0,0,0.0,Salida de la vía sin volcarse,no determinada,6501_0_3,5.0,19.0
Santander,2018-10-12 23:18:00,19,890.0,2018-09-03 05:00:00,lunes,20,Normal,Seca y limpia,Montañoso,Media Ladera Derecha,Curva Derecha,Parcial con reducción de carriles,18,20,1,0,1.0,Choque,impericia en el manejo,45A06_0_19,18.0,0.0
Casanare,2018-07-18 12:59:00,78,800.0,2018-07-07 05:00:00,sabado,15,Lluvia,Humeda,Plano,Terraplen,Recta,Transito normal con precaución,0,0,1,0,1.0,Choque,no determinada,6513_0_78,15.0,9.0
Casanare,2018-07-18 13:02:00,75,750.0,2018-07-13 05:00:00,viernes,30,Normal,Seca y limpia,Plano,Terraplen,Recta,Transito normal con precaución,0,0,0,0,0.0,Volcamiento,no determinada,6513_0_75,14.0,10.0
Casanare,2018-07-18 13:05:00,8,900.0,2018-07-14 05:00:00,sabado,0,Lluvia,Humeda,Plano,Terraplen,Recta,Transito normal con precaución,0,0,1,0,1.0,Volcamiento,no determinada,6513_0_8,17.0,7.0
Magdalena,2018-07-18 17:15:00,9,800.0,2018-05-25 05:00:00,viernes,30,Seca,Seca y limpia,Plano,Terraplen,Recta,Transito normal con precaución,0,0,1,0,1.0,Choque,exceso de velocidad,4313_0_9,17.0,7.0
Quindío,2018-07-18 20:15:00,6,620.0,2018-06-15 05:00:00,viernes,20,Lluvia,Humeda,Plano,Media Ladera Derecha,Curva Derecha,Transito normal con precaución,0,0,1,0,1.0,Choque,condiciones de la via y factores ambientales,40QN05_0_6,13.0,11.0
Ocaña,2018-07-18 20:26:00,10,200.0,2018-04-07 05:00:00,sabado,10,Sol,Seca y limpia,Montañoso,Media Ladera Derecha,Recta,Transito normal con precaución,0,0,1,0,1.0,Choque,adelantamientos indebidos,7008_1_10,12.0,12.0
Ocaña,2018-05-26 05:00:00,38,29.0,2018-04-07 05:00:00,sabado,30,Lluvia,Humeda,Montañoso,Media Ladera Derecha,Curva Izquierda,Transito normal con precaución,0,0,0,0,1.0,Choque,condiciones de la via y factores ambientales,7008_1_38,13.0,11.0
Ocaña,2018-05-30 05:00:00,7,830.0,2018-04-11 05:00:00,miercoles,12,Lluvia,Humeda,Montañoso,Media Ladera Derecha,Recta,Transito normal con precaución,0,0,1,0,4.0,Choque,condiciones de la via y factores ambientales,7008_1_7,11.0,13.0
Ocaña,2018-07-18 20:51:00,48,345.0,2018-04-26 05:00:00,jueves,0,Sol,Seca y limpia,Ondulado,Terraplen,Recta,Transito normal con precaución,0,0,0,0,0.0,Choque,no determinada,7007_1_48,15.0,9.0
Ocaña,2018-07-18 20:53:00,49,526.0,2018-04-28 05:00:00,sabado,0,Sol,Seca y limpia,Plano,Terraplen,Recta,Transito normal con precaución,0,0,0,0,0.0,Choque,no determinada,7007_1_49,12.0,12.0
Ocaña,2018-07-18 21:02:00,52,999.0,2018-05-02 05:00:00,miercoles,30,Sol,Seca y limpia,Plano,Terraplen,Recta,Transito normal con precaución,0,0,2,0,2.0,Choque,maniobras imprudentes,7007_1_52,16.0,8.0
Ocaña,2018-07-18 21:05:00,51,598.0,2018-05-12 05:00:00,sabado,30,Lluvia,Humeda,Ondulado,Media Ladera Derecha,Curva Izquierda,Transito normal con precaución,0,0,0,2,3.0,Choque,embriaguez o sustancias alucinogenas,7007_1_51,20.0,4.0
Ocaña,2018-07-18 21:08:00,51,380.0,2018-05-15 05:00:00,martes,0,Sol,Seca y limpia,Ondulado,Terraplen,Curva Derecha,Transito normal con precaución,0,0,1,0,1.0,Choque,exceso de velocidad,7007_1_51,11.0,13.0
Ocaña,2018-07-18 21:10:00,24,500.0,2018-05-24 05:00:00,jueves,20,Sol,Seca y limpia,Plano,Terraplen,Recta,Transito normal con precaución,0,0,1,0,1.0,Atropello,no determinada,7008_2_24,13.0,11.0
Ocaña,2018-05-28 05:00:00,22,900.0,2018-04-09 05:00:00,lunes,30,Normal,Seca y limpia,Montañoso,Media Ladera Derecha,Curva Izquierda,Transito normal con precaución,0,0,1,1,2.0,Choque,embriaguez o sustancias alucinogenas,7008_1_22,20.0,4.0
Ocaña,2018-07-18 20:48:00,52,190.0,2018-04-11 05:00:00,miercoles,30,Sol,Seca y limpia,Ondulado,Terraplen,Curva Derecha,Transito normal con precaución,0,0,1,0,1.0,Choque,embriaguez o sustancias alucinogenas,7007_1_52,11.0,13.0
Casanare,2018-07-18 21:26:00,39,500.0,2018-06-30 05:00:00,sabado,30,Lluvia,Humeda,Montañoso,Media Ladera Derecha,Curva Derecha,Transito normal con precaución,0,0,0,0,0.0,Volcamiento,no determinada,6211_1_39,8.0,16.0
Casanare,2018-07-18 21:35:00,105,550.0,2018-06-15 05:00:00,viernes,0,Sol,Seca y limpia,Montañoso,Media ladera Izquierda,Curva Derecha,Transito normal con precaución,0,0,0,0,0.0,Caída de carga,no determinada,6211_1_105,16.0,8.0
Valle del Cauca,2017-11-26 05:00:00,58,390.0,2017-10-08 05:00:00,domingo,30,Normal,Seca y limpia,Plano,Terraplen,Recta,Parcial con reducción de carriles,1,0,0,0,0.0,Choque,adelantamientos indebidos,3105_1_58,14.0,11.0
Casanare,2018-07-19 15:20:00,103,560.0,2018-03-18 05:00:00,domingo,30,Sol,Seca y limpia,Plano,Terraplen,Recta,Transito normal con precaución,0,0,1,0,1.0,Choque,no determinada,6512_1_103,15.0,9.0
Valle del Cauca,2018-07-19 15:24:00,63,419.0,2017-10-19 05:00:00,jueves,20,Normal,Seca y limpia,Plano,Terraplen,Curva Derecha,Parcial con reducción de carriles,1,0,0,0,0.0,Choque,exceso en horas de conduccion,3105_1_63,7.0,18.0
Valle del Cauca,2018-07-19 15:31:00,69,990.0,2017-10-29 05:00:00,domingo,0,Lluvia,Humeda,Plano,Terraplen,Recta,Parcial con reducción de carriles,1,0,2,0,2.0,Volcamiento,no determinada,3105_1_69,1.0,0.0
Valle del Cauca,2018-07-19 15:37:00,87,593.0,2017-10-07 05:00:00,sabado,50,Normal,Seca y limpia,Plano,Terraplen,Recta,Parcial con reducción de carriles,1,0,3,0,3.0,Choque,no determinada,3105_1_87,15.0,10.0
Valle del Cauca,2018-07-19 15:44:00,87,165.0,2017-10-08 05:00:00,domingo,0,Normal,Seca y limpia,Plano,Terraplen,Recta,Parcial con reducción de carriles,1,0,0,0,0.0,Choque,fallas mecanicas y del sistema electrico,3105_1_87,11.0,14.0
Valle del Cauca,2018-07-19 15:47:00,81,420.0,2017-10-10 05:00:00,martes,10,Normal,Seca y limpia,Plano,Terraplen,Recta,Parcial con reducción de carriles,1,0,1,0,1.0,Choque,desobediencia a normas y senales,3105_1_81,15.0,10.0
Valle del Cauca,2018-07-19 15:51:00,86,810.0,2017-10-11 05:00:00,miercoles,50,Normal,Seca y limpia,Plano,Terraplen,Recta,Parcial con reducción de carriles,1,0,2,0,2.0,Choque,no mantener distancia de seguridad,3105_1_86,6.0,19.0
Valle del Cauca,2018-07-19 15:54:00,87,160.0,2017-10-16 05:00:00,lunes,15,Normal,Seca y limpia,Plano,Terraplen,Recta,Parcial con reducción de carriles,1,0,2,0,2.0,Atropello,desobediencia a normas y senales,3105_2_87,21.0,4.0
Casanare,2017-02-18 05:00:00,27,100.0,2016-12-31 05:00:00,sabado,0,Seca,Seca y limpia,Plano,Terraplen,Recta,Transito normal con precaución,23,0,2,0,2.0,Volcamiento,imprudencia del conductor,6515_1_27,23.0,0.0
Valle del Cauca,2018-07-19 15:58:00,85,115.0,2017-10-26 05:00:00,jueves,30,Normal,Seca y limpia,Plano,Terraplen,Recta,Parcial con reducción de carriles,1,0,3,0,3.0,Choque,desobediencia a normas y senales,3105_1_85,22.0,3.0
Casanare,2017-01-30 05:00:00,59,750.0,2016-12-12 05:00:00,lunes,0,Seca,Seca y limpia,Plano,Terraplen,Curva Derecha,Transito normal con precaución,9,0,0,1,1.0,Choque,desobediencia a normas y senales,6515_1_59,9.0,0.0
Casanare,2017-02-12 05:00:00,23,600.0,2016-12-25 05:00:00,domingo,0,Seca,Seca y limpia,Plano,Terraplen,Curva Izquierda,Transito normal con precaución,10,0,0,1,1.0,Choque,no determinada,6515_1_23,10.0,0.0
Casanare,2017-02-16 05:00:00,63,800.0,2016-12-29 05:00:00,jueves,20,Seca,Seca y limpia,Plano,Terraplen,Recta,Transito normal con precaución,1,20,0,1,1.0,Choque,exceso de velocidad,6515_1_63,1.0,0.0
Valle del Cauca,2018-07-19 16:02:00,87,175.0,2017-10-27 05:00:00,viernes,20,Normal,Seca y limpia,Plano,Terraplen,Recta,Parcial con reducción de carriles,1,0,3,0,3.0,Choque,desobediencia a normas y senales,3105_1_87,20.0,5.0
Casanare,2018-07-19 15:26:00,104,304.0,2018-05-28 05:00:00,lunes,0,Lluvia,Humeda,Plano,Terraplen,Recta,Transito normal con precaución,0,0,2,0,2.0,Choque,no determinada,6512_1_104,14.0,10.0
Casanare,2018-07-19 15:27:00,52,500.0,2016-12-31 05:00:00,sabado,30,Seca,Seca y limpia,Plano,Terraplen,Recta,Transito normal con precaución,19,30,2,0,2.0,Choque,no determinada,6515_1_52,19.0,0.0
Valle del Cauca,2018-07-19 16:43:00,2,260.0,2017-10-23 05:00:00,lunes,10,Normal,Seca y limpia,Plano,Terraplen,Recta,Transito normal con precaución,1,0,2,0,2.0,Choque,adelantamientos indebidos,2301_2_2,7.0,18.0
Valle del Cauca,2018-07-19 16:57:00,7,795.0,2017-10-23 05:00:00,lunes,0,Normal,Seca y limpia,Plano,Terraplen,Recta,Transito normal con precaución,1,0,1,0,1.0,Choque,maniobras imprudentes,2301_1_7,13.0,12.0
Valle del Cauca,2018-07-19 17:02:00,0,495.0,2017-10-30 05:00:00,lunes,30,Normal,Seca y limpia,Plano,Terraplen,Recta,Transito normal con precaución,1,0,0,0,0.0,Choque,desobediencia a normas y senales,2301_2_0,17.0,8.0
Valle del Cauca,2018-07-19 17:07:00,0,450.0,2017-10-31 05:00:00,martes,40,Normal,Seca y limpia,Plano,Terraplen,Recta,Transito normal con precaución,1,0,0,0,0.0,Choque,no mantener distancia de seguridad,2301_2_0,17.0,8.0
Valle del Cauca,2018-07-19 19:00:00,107,550.0,2017-10-24 05:00:00,martes,30,Normal,Seca y limpia,Plano,Terraplen,Curva Izquierda,Transito normal con precaución,1,0,1,0,1.0,Volcamiento,no determinada,2504_2_107,19.0,6.0
Valle del Cauca,2018-07-19 19:10:00,8,950.0,2017-10-07 05:00:00,sabado,0,Normal,Seca y limpia,Plano,Terraplen,Curva Derecha,Transito normal con precaución,1,0,0,0,0.0,Choque,adelantamientos indebidos,2301_1_8,17.0,8.0
Valle del Cauca,2018-07-19 19:18:00,111,145.0,2017-10-05 05:00:00,jueves,48,Normal,Seca y limpia,Plano,Terraplen,Recta,Transito normal con precaución,1,0,1,0,1.0,Choque,no mantener distancia de seguridad,2504_2_111,7.0,18.0
Valle del Cauca,2018-07-19 19:24:00,116,409.0,2017-10-06 05:00:00,viernes,40,Normal,Seca y limpia,Plano,Terraplen,Recta,Transito normal con precaución,1,0,1,0,1.0,Choque,no mantener distancia de seguridad,2504_1_116,13.0,12.0
Valle del Cauca,2018-07-19 19:33:00,111,140.0,2017-10-07 05:00:00,sabado,58,Normal,Seca y limpia,Plano,Terraplen,Recta,Transito normal con precaución,2,0,2,0,2.0,Choque,imprudencia del conductor,2504_1_111,7.0,19.0
Valle del Cauca,2018-07-19 20:39:00,115,380.0,2017-10-13 05:00:00,viernes,35,Normal,Seca y limpia,Plano,Terraplen,Recta,Transito normal con precaución,1,0,1,0,1.0,Choque,maniobras imprudentes,2504_1_115,8.0,17.0
Valle del Cauca,2018-07-19 20:58:00,111,616.0,2017-10-13 05:00:00,viernes,50,Normal,Seca y limpia,Plano,Terraplen,Recta,Transito normal con precaución,1,0,2,0,2.0,Choque,no mantener distancia de seguridad,2504_2_111,8.0,17.0
Valle del Cauca,2018-07-19 21:13:00,113,142.0,2017-10-20 05:00:00,viernes,20,Normal,Seca y limpia,Plano,Terraplen,Recta,Transito normal con precaución,1,0,2,0,2.0,Choque,imprudencia del conductor,2504_1_113,16.0,9.0
Valle del Cauca,2018-07-19 21:20:00,114,30.0,2017-10-30 05:00:00,lunes,50,Normal,Seca y limpia,Plano,Terraplen,Recta,Transito normal con precaución,1,0,1,0,1.0,Atropello,desobediencia a normas y senales,2504_1_114,7.0,18.0
Valle del Cauca,2018-07-19 21:27:00,116,445.0,2017-10-30 05:00:00,lunes,30,Normal,Seca y limpia,Plano,Terraplen,Recta,Transito normal con precaución,1,0,1,0,1.0,Choque,no mantener distancia de seguridad,2504_1_116,11.0,14.0
Valle del Cauca,2018-07-19 21:29:00,114,893.0,2017-10-31 05:00:00,martes,30,Normal,Seca y limpia,Plano,Terraplen,Recta,Transito normal con precaución,1,0,2,0,2.0,Atropello,conducta de peatones,2504_2_114,8.0,17.0
Antioquia,2018-07-19 20:13:00,7,550.0,2018-06-01 05:00:00,viernes,0,Normal,Humeda,Montañoso,Media ladera Izquierda,Recta,Parcial restringido a vehiculos pesados,1,0,0,0,1.0,Volcamiento,imprudencia del conductor,6003_1_7,10.0,15.0
Valle del Cauca,2018-07-19 21:43:00,24,80.0,2017-10-01 05:00:00,domingo,0,Normal,Seca y limpia,Plano,Terraplen,Recta,Transito normal con precaución,1,0,1,0,1.0,Choque,maniobras imprudentes,2505_2_24,14.0,11.0
Valle del Cauca,2018-07-19 21:47:00,22,430.0,2017-10-06 05:00:00,viernes,35,Normal,Seca y limpia,Plano,Terraplen,Recta,Transito normal con precaución,1,0,2,0,2.0,Choque,desobediencia a normas y senales,2505_1_22,4.0,21.0
Valle del Cauca,2018-07-19 21:50:00,24,405.0,2017-10-07 05:00:00,sabado,0,Normal,Seca y limpia,Plano,Terraplen,Recta,Transito normal con precaución,1,0,1,0,1.0,Choque,exceso en horas de conduccion,2505_2_24,18.0,7.0
Valle del Cauca,2018-07-19 21:53:00,22,745.0,2017-10-12 05:00:00,jueves,0,Normal,Seca y limpia,Plano,Terraplen,Recta,Transito normal con precaución,1,0,1,0,1.0,Choque,adelantamientos indebidos,2505_1_22,18.0,7.0
Valle del Cauca,2018-07-19 21:56:00,20,885.0,2017-10-15 05:00:00,domingo,30,Normal,Seca y limpia,Plano,Terraplen,Recta,Transito normal con precaución,1,0,2,0,2.0,Choque,desobediencia a normas y senales,2505_1_20,16.0,9.0
Valle del Cauca,2018-07-19 21:58:00,22,325.0,2017-10-18 05:00:00,miercoles,0,Normal,Seca y limpia,Plano,Terraplen,Recta,Transito normal con precaución,1,0,1,0,1.0,Choque,desobediencia a normas y senales,2505_1_22,16.0,9.0
Valle del Cauca,2018-07-19 22:02:00,20,840.0,2017-10-20 05:00:00,viernes,0,Normal,Seca y limpia,Plano,Terraplen,Recta,Transito normal con precaución,1,0,0,0,0.0,Choque,maniobras imprudentes,2505_2_20,9.0,16.0
Valle del Cauca,2018-07-19 22:05:00,19,440.0,2017-10-21 05:00:00,sabado,45,Normal,Seca y limpia,Plano,Terraplen,Recta,Transito normal con precaución,1,0,0,0,0.0,Choque,exceso en horas de conduccion,2505_1_19,12.0,13.0
Santander,2018-10-12 23:18:00,68,260.0,2018-09-06 05:00:00,jueves,30,Normal,Seca y limpia,Ondulado,Terraplen,Recta,Parcial con reducción de carriles,13,30,1,0,2.0,Choque,embriaguez o sustancias alucinogenas,45A06_0_68,13.0,0.0
Nariño,2018-10-11 20:23:00,36,700.0,2018-09-22 05:00:00,sabado,0,Normal,Seca y limpia,Montañoso,Cajón,Recta,Transito normal con precaución,0,0,0,0,0.0,Choque,defectos fisicos y psiquicos,1002_1_36,3.0,21.0
Nariño,2018-10-11 20:34:00,62,680.0,2018-09-21 05:00:00,viernes,0,Sol,Seca y limpia,Ondulado,Media ladera Izquierda,Curva Derecha,Transito normal con precaución,0,0,0,0,1.0,Volcamiento,fallas mecanicas y del sistema electrico,1002_1_62,6.0,18.0
Huila,2018-10-12 20:34:00,8,100.0,2018-09-19 05:00:00,miercoles,55,Normal,Seca y limpia,Plano,Terraplen,Recta,Parcial con reducción de carriles,6,14,1,0,1.0,Choque,exceso de velocidad,3001_0_8,4.0,2.0
Santander,2018-10-12 20:47:00,24,980.0,2018-09-20 05:00:00,jueves,0,Normal,Seca y limpia,Ondulado,Media Ladera Derecha,Recta,Transito normal con precaución,15,0,0,0,0.0,Caída de carga,fallas mecanicas y del sistema electrico,45A08_1_24,15.0,0.0
Santander,2018-10-12 20:58:00,28,280.0,2018-09-11 05:00:00,martes,25,Normal,Seca y limpia,Plano,Media Ladera Derecha,Recta,Transito normal con precaución,15,30,1,0,1.0,Caída ocupante,imprudencia del conductor,45A08_1_28,15.0,0.0
Santander,2018-10-12 21:01:00,50,784.0,2018-09-08 05:00:00,sabado,30,Lluvia,Humeda,Plano,Terraplen,Curva Derecha,Transito normal con precaución,16,30,0,0,0.0,Choque,desobediencia a normas y senales,45A08_1_50,16.0,0.0
Santander,2018-10-12 21:20:00,59,800.0,2018-09-22 05:00:00,sabado,0,Normal,Seca y limpia,Montañoso,Media Ladera Derecha,Curva Izquierda,Transito normal con precaución,15,0,0,0,0.0,Choque,imprudencia del conductor,45A08_1_59,15.0,0.0
Santander,2018-10-12 21:30:00,64,232.0,2018-09-29 05:00:00,sabado,20,Normal,Seca y limpia,Plano,Terraplen,Curva Derecha,Transito normal con precaución,7,20,0,1,1.0,Choque,adelantamientos indebidos,45A08_1_64,7.0,0.0
Santander,2018-10-12 21:36:00,71,398.0,2018-09-30 05:00:00,domingo,35,Normal,Seca y limpia,Ondulado,Media ladera Izquierda,Recta,Transito normal con precaución,11,35,0,0,0.0,Volcamiento,fallas mecanicas y del sistema electrico,45A08_1_71,11.0,0.0
Santander,2018-10-12 21:40:00,77,0.0,2018-09-27 05:00:00,jueves,0,Normal,Seca y limpia,Ondulado,Terraplen,Recta,Transito normal con precaución,16,0,0,0,0.0,Volcamiento,fallas mecanicas y del sistema electrico,45A08_1_77,16.0,0.0
Santander,2018-10-12 23:18:00,16,250.0,2018-09-02 05:00:00,domingo,30,Lluvia,Humeda,Montañoso,Media Ladera Derecha,Recta,Transito normal con precaución,17,30,0,0,0.0,Choque,no mantener distancia de seguridad,45A06_0_16,17.0,0.0
Risaralda,2018-11-29 15:07:00,2,840.0,2018-10-18 05:00:00,jueves,30,Normal,Seca y limpia,Plano,Terraplen,Recta,Transito normal con precaución,0,0,0,0,0.0,Choque,no determinada,2902_1_2,15.0,9.0
Santander,2018-10-12 23:18:00,45,800.0,2018-09-15 05:00:00,sabado,30,Normal,Seca y limpia,Montañoso,Media Ladera Derecha,Curva Derecha,Parcial con reducción de carriles,15,30,1,0,3.0,Atropello,embriaguez o sustancias alucinogenas,45A06_0_45,15.0,0.0
Santander,2018-10-12 23:18:00,91,600.0,2018-09-16 05:00:00,domingo,50,Lluvia,Humeda,Montañoso,Media ladera Izquierda,Curva Izquierda,Transito normal con precaución,4,50,0,0,3.0,Choque,desobediencia a normas y senales,45A06_0_91,4.0,0.0
Santander,2018-10-12 23:18:00,89,600.0,2018-09-21 05:00:00,viernes,13,Normal,Seca y limpia,Montañoso,Media ladera Izquierda,Curva Izquierda,Transito normal con precaución,18,15,0,0,3.0,Choque,no mantener distancia de seguridad,45A06_0_89,18.0,0.0
Santander,2018-10-12 23:18:00,16,775.0,2018-09-29 05:00:00,sabado,30,Normal,Seca y limpia,Ondulado,Terraplen,Curva Izquierda,Parcial con reducción de carriles,12,30,1,0,4.0,Choque,maniobras imprudentes,45A06_0_16,12.0,0.0
Santander,2018-10-12 23:18:00,76,400.0,2018-09-29 05:00:00,sabado,40,Normal,Seca y limpia,Montañoso,Media Ladera Derecha,Recta,Transito normal con precaución,20,38,0,0,4.0,Choque,maniobras imprudentes,45A06_0_76,20.0,0.0
Santander,2018-10-12 23:18:00,122,400.0,2018-09-30 05:00:00,domingo,20,Lluvia,Humeda,Montañoso,Media ladera Izquierda,Recta,Parcial con reducción de carriles,20,20,0,0,4.0,Choque,embriaguez o sustancias alucinogenas,45A06_0_122,20.0,0.0
Santander,2018-10-12 23:18:00,41,600.0,2018-09-06 05:00:00,jueves,0,Normal,Seca y limpia,Montañoso,Media Ladera Derecha,Curva Izquierda,Transito normal con precaución,7,0,0,0,4.0,Choque,adelantamientos indebidos,45A07_1_41,7.0,0.0