territorial,fecha_registro,pr,distancia_pr,fecha_acc,dia_semana_acc,min_acc,condic_meteor,estado_super,terreno,secc_tip,geometria_acc,tipo_cierre,horas_cierre,min_cierre,n_heridos,n_muertos,n_victimas,clase_accidente,causa_posible,ref_loc,hora_acc,duracion_cierre_horas
Santander,2018-10-12 23:18:00,22,300.0,2018-09-07 05:00:00,viernes,0,Normal,Seca y limpia,Montañoso,Media Ladera Derecha,Curva Derecha,Transito normal con precaución,8,0,0,0,4.0,Volcamiento,fallas mecanicas y del sistema electrico,45A07_1_22,8.0,0.0
Santander,2018-10-12 23:18:00,33,121.0,2018-09-10 05:00:00,lunes,40,Normal,Seca y limpia,Montañoso,Media Ladera Derecha,Curva Derecha,Transito normal con precaución,10,40,0,0,4.0,Choque,adelantamientos indebidos,45A07_1_33,10.0,0.0
Santander,2018-10-12 23:18:00,25,350.0,2018-09-17 05:00:00,lunes,20,Normal,Seca y limpia,Montañoso,Media Ladera Derecha,Curva Derecha,Transito normal con precaución,11,20,0,0,4.0,Choque,adelantamientos indebidos,45A07_1_25,11.0,0.0
Santander,2018-10-12 23:18:00,33,310.0,2018-09-19 05:00:00,miercoles,50,Lluvia,Humeda,Montañoso,Media Ladera Derecha,Curva Izquierda,Transito normal con precaución,18,47,0,0,4.0,Choque,no mantener distancia de seguridad,45A07_1_33,18.0,0.0
Santander,2018-10-12 23:18:00,35,330.0,2018-09-22 05:00:00,sabado,50,Normal,Seca y limpia,Montañoso,Media Ladera Derecha,Curva Derecha,Transito normal con precaución,21,48,0,0,4.0,Choque,adelantamientos indebidos,45A07_1_35,21.0,0.0
Santander,2018-10-12 23:18:00,11,100.0,2018-09-27 05:00:00,jueves,10,Lluvia,Humeda,Plano,Terraplen,Recta,Transito normal con precaución,17,10,0,0,4.0,Choque,maniobras imprudentes,45A07_1_11,17.0,0.0
Santander,2018-10-12 23:18:00,25,50.0,2018-09-28 05:00:00,viernes,0,Normal,Seca y limpia,Montañoso,Media ladera Izquierda,Curva Izquierda,Transito normal con precaución,19,0,0,0,4.0,Choque,adelantamientos indebidos,45A07_1_25,19.0,0.0
Boyacá,2018-10-15 20:27:00,10,230.0,2018-09-03 05:00:00,lunes,15,Normal,Seca y limpia,Montañoso,Media ladera Izquierda,Recta,Transito normal con precaución,0,0,0,0,0.0,Choque,no mantener distancia de seguridad,6209_0_10,9.0,15.0
Boyacá,2018-10-22 17:50:00,64,300.0,2018-09-11 05:00:00,martes,15,Normal,Seca y limpia,Plano,Media ladera Izquierda,Recta,Transito normal con precaución,7,15,0,0,0.0,Volcamiento,maniobras imprudentes,45A05_1_64,7.0,0.0
Boyacá,2018-10-15 20:35:00,41,100.0,2018-09-04 05:00:00,martes,50,Lluvia,Humeda,Plano,Media Ladera Derecha,Recta,Parcial con paso alternado,1,15,0,0,2.0,Choque,adelantamientos indebidos,6209_0_41,7.0,18.0
Boyacá,2018-10-15 20:41:00,25,740.0,2018-09-06 05:00:00,jueves,15,Lluvia,Humeda,Plano,Media Ladera Derecha,Recta,Transito normal con precaución,0,30,0,0,0.0,Choque,fallas mecanicas y del sistema electrico,6209_0_25,15.0,9.0
Boyacá,2018-10-15 20:46:00,44,600.0,2018-09-13 05:00:00,jueves,15,Lluvia,Humeda,Plano,Terraplen,Curva Derecha,Transito normal con precaución,0,30,0,0,0.0,Choque,condiciones de la via y factores ambientales,6209_0_44,0.0,0.0
Boyacá,2018-10-15 20:52:00,51,800.0,2018-09-22 05:00:00,sabado,10,Normal,Seca y limpia,Plano,Media ladera Izquierda,Recta,Transito normal con precaución,0,20,0,0,0.0,Choque,fallas mecanicas y del sistema electrico,6209_0_51,7.0,17.0
Boyacá,2018-10-15 20:56:00,34,800.0,2018-10-23 05:00:00,martes,10,Normal,Seca y limpia,Plano,Terraplen,Recta,Transito normal con precaución,0,40,1,0,1.0,Atropello,conducta de peatones,6209_0_34,18.0,6.0
Meta,2018-10-16 13:24:00,80,794.0,2018-09-16 05:00:00,domingo,45,Normal,Seca y limpia,Montañoso,Terraplen,Curva Izquierda,Transito normal con precaución,0,0,1,0,1.0,Choque,embriaguez o sustancias alucinogenas,40MTA_0_80,22.0,2.0
Sucre,2018-10-16 19:56:00,7,980.0,2018-09-03 05:00:00,lunes,0,Normal,Seca y limpia,Plano,Terraplen,Curva Izquierda,Parcial con reducción de carriles,8,40,1,2,3.0,Choque,no determinada,90SC02_0_7,1.0,7.0
Cauca,2018-10-16 13:47:00,35,700.0,2018-10-12 05:00:00,viernes,0,Normal,Seca y limpia,Montañoso,Media ladera Izquierda,Curva Izquierda,Transito normal con precaución,0,0,0,0,0.0,Salida de la vía sin volcarse,fallas mecanicas y del sistema electrico,2002_1_35,7.0,17.0
Nariño,2018-10-17 13:31:00,47,715.0,2018-10-03 05:00:00,miercoles,30,Sol,Seca y limpia,Escarpado,Cajón,Recta,Transito normal con precaución,15,38,0,0,0.0,Choque,exceso de velocidad,2502_1_47,15.0,0.0
Nariño,2018-10-17 13:34:00,120,200.0,2018-10-05 05:00:00,viernes,0,Normal,Seca y limpia,Ondulado,Cajón,Curva Izquierda,Transito normal con precaución,5,0,0,0,0.0,Volcamiento,exceso de velocidad,2502_1_120,5.0,0.0
Nariño,2018-10-17 13:37:00,20,170.0,2018-10-01 05:00:00,lunes,27,Granizo,Humeda,Montañoso,Cajón,Recta,Transito normal con precaución,15,26,0,0,0.0,Choque,desobediencia a normas y senales,25NRD_1_20,15.0,0.0
Nariño,2018-10-17 13:40:00,34,550.0,2018-10-14 05:00:00,domingo,30,Normal,Seca y limpia,Montañoso,Media Ladera Derecha,Recta,Transito normal con precaución,22,27,0,1,1.0,Choque,exceso de velocidad,2502_1_34,22.0,0.0
Guajira,2018-10-17 21:55:00,64,10.0,2018-09-03 05:00:00,lunes,45,Sol,Seca y limpia,Plano,Terraplen,Recta,Transito normal con precaución,0,0,4,0,4.0,Choque,adelantamientos indebidos,4902_1_64,9.0,15.0
Nariño,2018-10-18 14:31:00,91,268.0,2018-10-06 05:00:00,sabado,0,Lluvia,Humeda,Ondulado,Media ladera Izquierda,Curva Derecha,Transito normal con precaución,6,0,1,0,1.0,Choque,exceso de velocidad,2501A_0_91,6.0,0.0
Tolima,2018-10-18 14:33:00,126,900.0,2018-09-04 05:00:00,martes,10,Normal,Seca y limpia,Plano,Terraplen,Recta,Transito normal con precaución,12,10,0,0,0.0,Choque,no determinada,4510_1_126,12.0,0.0
Nariño,2018-10-18 14:39:00,25,780.0,2018-10-06 05:00:00,sabado,30,Sol,Seca y limpia,Montañoso,Media Ladera Derecha,Curva Izquierda,Transito normal con precaución,12,30,1,0,1.0,Volcamiento,fallas mecanicas y del sistema electrico,1003_1_25,12.0,0.0
Tolima,2018-10-18 14:40:00,74,0.0,2018-09-04 05:00:00,martes,0,Normal,Seca y limpia,Plano,Terraplen,Recta,Transito normal con precaución,14,0,0,0,0.0,Choque,no determinada,4510_2_74,14.0,0.0
Nariño,2018-10-18 14:45:00,71,300.0,2018-10-08 05:00:00,lunes,30,Lluvia,Humeda,Plano,Media Ladera Derecha,Curva Derecha,Transito normal con precaución,5,30,1,1,2.0,Choque,adelantamientos indebidos,2501A_0_71,5.0,0.0
Tolima,2018-10-18 14:46:00,41,200.0,2018-09-05 05:00:00,miercoles,45,Normal,Seca y limpia,Plano,Terraplen,Recta,Transito normal con precaución,18,45,0,0,0.0,Choque,no mantener distancia de seguridad,4510_1_41,18.0,0.0
Nariño,2018-10-18 14:56:00,81,900.0,2018-10-09 05:00:00,martes,40,Sol,Seca y limpia,Plano,Media ladera Izquierda,Curva Derecha,Transito normal con precaución,9,40,1,0,1.0,Choque,estacionamiento y senalizacion imprudente,2501A_0_81,9.0,0.0
Tolima,2018-10-18 14:59:00,47,717.0,2018-09-11 05:00:00,martes,30,Normal,Seca y limpia,Plano,Terraplen,Recta,Transito normal con precaución,3,30,0,0,0.0,Volcamiento,imprudencia del conductor,4510_1_47,3.0,0.0
Nariño,2018-10-18 15:02:00,76,900.0,2018-10-11 05:00:00,jueves,0,Sol,Seca y limpia,Montañoso,Media ladera Izquierda,Curva Izquierda,Transito normal con precaución,10,0,1,0,1.0,Choque,imprudencia del conductor,2501A_0_76,10.0,0.0
Tolima,2018-10-18 15:07:00,38,400.0,2018-09-14 05:00:00,viernes,0,Normal,Seca y limpia,Plano,Terraplen,Curva Derecha,Transito normal con precaución,15,0,0,0,0.0,Volcamiento,exceso en horas de conduccion,4510_1_38,15.0,0.0
Tolima,2018-10-18 15:19:00,103,500.0,2018-09-19 05:00:00,miercoles,50,Normal,Seca y limpia,Plano,Terraplen,Recta,Transito normal con precaución,15,50,1,0,1.0,Choque,no determinada,4510_2_103,15.0,0.0
Nariño,2018-10-18 14:50:00,16,860.0,2018-10-08 05:00:00,lunes,0,Sol,Seca y limpia,Montañoso,Cajón,Curva Izquierda,Transito normal con precaución,13,0,0,0,0.0,Volcamiento,imprudencia del conductor,1003_1_16,13.0,0.0
Nariño,2018-10-18 15:07:00,5,400.0,2018-10-12 05:00:00,viernes,0,Sol,Seca y limpia,Plano,Media Ladera Derecha,Recta,Transito normal con precaución,14,0,1,0,1.0,Atropello,imprudencia del conductor,1003_1_5,14.0,0.0
Tolima,2018-10-18 15:25:00,87,0.0,2018-09-20 05:00:00,jueves,50,Normal,Seca y limpia,Plano,Terraplen,Recta,Transito normal con precaución,15,50,0,0,0.0,Choque,no mantener distancia de seguridad,4510_1_87,15.0,0.0
Valle del Cauca,2018-10-19 03:06:00,123,0.0,2018-09-02 05:00:00,domingo,20,Seca,Seca y limpia,Plano,Media ladera Izquierda,Recta,Transito normal con precaución,0,0,0,0,0.0,Choque,fallas mecanicas y del sistema electrico,2302_1_123,3.0,21.0
Valle del Cauca,2018-10-19 03:22:00,58,50.0,2018-09-03 05:00:00,lunes,0,Seca,Seca y limpia,Ondulado,Terraplen,Recta,Transito normal con precaución,0,0,0,0,0.0,Choque,no determinada,2302_1_58,4.0,20.0
Valle del Cauca,2018-10-19 03:45:00,115,180.0,2018-09-16 05:00:00,domingo,12,Seca,Seca y limpia,Plano,Media ladera Izquierda,Recta,Transito normal con precaución,0,0,0,0,1.0,Choque,adelantamientos indebidos,2302_1_115,19.0,5.0
Valle del Cauca,2018-10-19 03:49:00,86,320.0,2018-09-27 05:00:00,jueves,40,Seca,Seca y limpia,Plano,Media ladera Izquierda,Recta,Transito normal con precaución,0,0,1,0,1.0,Choque,adelantamientos indebidos,2302_1_86,9.0,15.0
Cauca,2018-10-18 20:39:00,56,360.0,2018-10-12 05:00:00,viernes,0,Normal,Seca y limpia,Montañoso,Terraplen,Curva Izquierda,Cierre total,15,10,0,1,1.0,Choque,adelantamientos indebidos,2001_1_56,15.0,0.0
Antioquia,2018-10-22 13:41:00,67,920.0,2018-08-19 05:00:00,domingo,50,Normal,Seca y limpia,Montañoso,Media ladera Izquierda,Recta,Parcial con reducción de carriles,0,30,1,0,1.0,Choque,no determinada,2509_1_67,7.0,17.0
Antioquia,2018-10-22 13:45:00,67,800.0,2018-08-26 05:00:00,domingo,55,Normal,Seca y limpia,Montañoso,Media ladera Izquierda,Recta,Parcial con reducción de carriles,0,30,1,0,1.0,Choque,desobediencia a normas y senales,2509_2_67,4.0,20.0
Antioquia,2018-10-22 13:51:00,67,380.0,2018-08-27 05:00:00,lunes,50,Normal,Seca y limpia,Montañoso,Media ladera Izquierda,Recta,Parcial con reducción de carriles,0,30,2,0,2.0,Caída ocupante,no determinada,2509_2_67,17.0,7.0
Antioquia,2018-10-22 13:55:00,68,300.0,2018-08-28 05:00:00,martes,20,Normal,Seca y limpia,Montañoso,Media ladera Izquierda,Recta,Parcial con reducción de carriles,0,50,1,0,1.0,Choque,no determinada,2509_1_68,10.0,14.0
Antioquia,2018-10-22 14:04:00,70,780.0,2018-09-01 05:00:00,sabado,40,Normal,Seca y limpia,Montañoso,Media ladera Izquierda,Recta,Parcial con reducción de carriles,0,30,1,0,1.0,Choque,no determinada,2509_1_70,13.0,11.0
Antioquia,2018-10-22 14:08:00,30,10.0,2018-09-02 05:00:00,domingo,30,Normal,Seca y limpia,Montañoso,Media ladera Izquierda,Curva Izquierda,Parcial con paso alternado,1,0,3,0,3.0,Atropello,no determinada,6003_1_30,19.0,6.0
Antioquia,2018-10-22 14:23:00,69,420.0,2018-09-02 05:00:00,domingo,45,Normal,Seca y limpia,Montañoso,Media ladera Izquierda,Recta,Parcial con reducción de carriles,0,30,3,0,3.0,Choque,no determinada,2509_2_69,10.0,14.0
Antioquia,2018-10-22 14:27:00,69,400.0,2018-09-02 05:00:00,domingo,30,Normal,Seca y limpia,Montañoso,Media ladera Izquierda,Recta,Cierre total,0,40,2,0,2.0,Choque,no determinada,2509_2_69,7.0,17.0
Boyacá,2018-10-22 16:52:00,20,580.0,2018-09-03 05:00:00,lunes,30,Normal,Seca y limpia,Ondulado,Media ladera Izquierda,Curva Derecha,Transito normal con precaución,16,30,0,0,0.0,Volcamiento,exceso de velocidad,45A05_1_20,16.0,0.0
Boyacá,2018-10-22 17:01:00,55,980.0,2018-09-04 05:00:00,martes,30,Normal,Seca y limpia,Ondulado,Media ladera Izquierda,Recta,Transito normal con precaución,16,30,0,0,0.0,Choque,imprudencia del conductor,45A05_1_55,16.0,0.0
Boyacá,2018-10-22 17:07:00,17,0.0,2018-09-06 05:00:00,jueves,30,Normal,Seca y limpia,Ondulado,Media ladera Izquierda,Curva Derecha,Transito normal con precaución,8,30,1,0,1.0,Volcamiento,maniobras imprudentes,45A05_1_17,8.0,0.0
Boyacá,2018-10-22 17:11:00,76,500.0,2018-09-07 05:00:00,viernes,0,Normal,Seca y limpia,Ondulado,Media ladera Izquierda,Curva Derecha,Transito normal con precaución,5,0,2,0,2.0,Volcamiento,fallas mecanicas y del sistema electrico,45A05_1_76,5.0,0.0
Boyacá,2018-10-22 17:44:00,67,680.0,2018-09-07 05:00:00,viernes,30,Normal,Seca y limpia,Plano,Terraplen,Curva Derecha,Transito normal con precaución,15,30,0,1,1.0,Choque,defectos fisicos y psiquicos,45A05_1_67,15.0,0.0
Boyacá,2018-10-22 17:58:00,76,500.0,2018-09-15 05:00:00,sabado,30,Normal,Seca y limpia,Ondulado,Media ladera Izquierda,Curva Derecha,Transito normal con precaución,8,30,0,0,0.0,Choque,adelantamientos indebidos,45A05_1_76,8.0,0.0
Boyacá,2018-10-22 18:01:00,8,900.0,2018-09-16 05:00:00,domingo,0,Normal,Seca y limpia,Plano,Terraplen,Recta,Transito normal con precaución,17,0,0,0,0.0,Choque,maniobras imprudentes,45A05_1_8,17.0,0.0
Boyacá,2018-10-22 18:05:00,53,400.0,2018-09-22 05:00:00,sabado,25,Normal,Seca y limpia,Plano,Terraplen,Recta,Cierre total,16,25,0,2,2.0,Choque,adelantamientos indebidos,45A05_1_53,16.0,0.0
Antioquia,2018-10-22 18:43:00,68,70.0,2018-09-02 05:00:00,domingo,30,Normal,Seca y limpia,Montañoso,Media ladera Izquierda,Recta,Parcial con reducción de carriles,0,30,2,0,2.0,Choque,no determinada,2509_2_68,14.0,10.0
Antioquia,2018-10-22 18:55:00,68,150.0,2018-09-03 05:00:00,lunes,50,Normal,Seca y limpia,Montañoso,Media ladera Izquierda,Recta,Parcial con reducción de carriles,0,45,1,0,1.0,Choque,no determinada,2509_2_68,7.0,17.0
Antioquia,2018-10-22 19:01:00,65,320.0,2018-09-03 05:00:00,lunes,0,Lluvia,Humeda,Montañoso,Media ladera Izquierda,Recta,Parcial con reducción de carriles,0,30,2,0,2.0,Choque,no determinada,2509_2_65,15.0,9.0
Antioquia,2018-10-22 19:08:00,71,600.0,2018-09-04 05:00:00,martes,25,Normal,Seca y limpia,Montañoso,Media ladera Izquierda,Recta,Parcial con reducción de carriles,1,0,1,0,1.0,Atropello,no determinada,2509_2_71,17.0,8.0
Antioquia,2018-10-22 19:16:00,68,100.0,2018-09-05 05:00:00,miercoles,10,Lluvia,Humeda,Montañoso,Media ladera Izquierda,Recta,Parcial con reducción de carriles,1,40,1,0,1.0,Choque,no determinada,2509_1_68,19.0,6.0
Boyacá,2018-10-22 19:24:00,8,300.0,2018-09-24 05:00:00,lunes,20,Normal,Seca y limpia,Plano,Terraplen,Recta,Transito normal con precaución,16,20,0,0,0.0,Choque,adelantamientos indebidos,45A05_1_8,16.0,0.0
Antioquia,2018-10-22 19:22:00,64,750.0,2018-09-06 05:00:00,jueves,40,Normal,Seca y limpia,Montañoso,Media ladera Izquierda,Recta,Parcial con reducción de carriles,0,30,2,0,2.0,Choque,no determinada,2509_2_64,16.0,8.0
Boyacá,2018-10-22 19:54:00,50,500.0,2018-09-24 05:00:00,lunes,30,Normal,Seca y limpia,Plano,Terraplen,Recta,Transito normal con precaución,12,30,2,0,2.0,Choque,desobediencia a normas y senales,45A05_2_50,12.0,0.0
Antioquia,2018-10-23 15:44:00,53,100.0,2018-09-26 05:00:00,miercoles,30,Normal,Seca y limpia,Ondulado,Media ladera Izquierda,Curva Izquierda,Transito normal con precaución,6,50,0,0,0.0,Volcamiento,no determinada,2510_1_53,6.0,0.0
Antioquia,2018-10-23 15:44:00,53,500.0,2018-09-15 05:00:00,sabado,0,Lluvia,Humeda,Ondulado,Media ladera Izquierda,Curva Izquierda,Parcial con reducción de carriles,17,30,2,0,2.0,Volcamiento,no determinada,2510_1_53,17.0,0.0
Antioquia,2018-10-23 15:49:00,61,200.0,2018-09-20 05:00:00,jueves,0,Lluvia,Humeda,Ondulado,Media ladera Izquierda,Curva Derecha,Transito normal con precaución,8,30,0,0,0.0,Choque,condiciones de la via y factores ambientales,2510_1_61,8.0,0.0
Antioquia,2018-10-23 15:51:00,66,970.0,2018-09-08 05:00:00,sabado,0,Normal,Humeda,Montañoso,Media ladera Izquierda,Recta,Parcial con reducción de carriles,0,45,1,0,1.0,Choque,no determinada,2509_1_66,6.0,18.0
Antioquia,2018-10-23 15:54:00,65,400.0,2018-09-16 05:00:00,domingo,0,Normal,Seca y limpia,Montañoso,Media ladera Izquierda,Curva Derecha,Transito normal con precaución,7,10,0,0,0.0,Choque,desobediencia a normas y senales,2510_1_65,7.0,0.0
Antioquia,2018-10-23 15:56:00,71,601.0,2018-09-08 05:00:00,sabado,55,Normal,Seca y limpia,Montañoso,Media ladera Izquierda,Recta,Parcial con reducción de carriles,0,30,1,0,1.0,Choque,no determinada,2509_2_71,13.0,11.0
Antioquia,2018-10-23 15:58:00,70,100.0,2018-09-11 05:00:00,martes,20,Normal,Seca y limpia,Montañoso,Media ladera Izquierda,Recta,Parcial con reducción de carriles,0,40,2,0,2.0,Choque,no determinada,2509_1_70,16.0,8.0
Antioquia,2018-10-23 15:59:00,58,400.0,2018-09-19 05:00:00,miercoles,50,Normal,Seca y limpia,Ondulado,Media ladera Izquierda,Curva Derecha,Transito normal con precaución,9,0,0,0,0.0,Choque,impericia en el manejo,2510_1_58,7.0,2.0
Antioquia,2018-10-23 16:01:00,69,650.0,2018-09-12 05:00:00,miercoles,0,Lluvia,Humeda,Montañoso,Media ladera Izquierda,Recta,Parcial con reducción de carriles,0,40,1,0,1.0,Choque,no determinada,2509_2_69,10.0,14.0
Antioquia,2018-10-23 16:03:00,71,590.0,2018-09-13 05:00:00,jueves,20,Normal,Seca y limpia,Montañoso,Media ladera Izquierda,Recta,Parcial con reducción de carriles,0,30,1,0,1.0,Choque,no determinada,2509_2_71,21.0,3.0
Risaralda,2018-10-23 15:59:00,4,600.0,2018-09-01 05:00:00,sabado,25,Normal,Seca y limpia,Ondulado,Terraplen,Recta,Transito normal con precaución,0,0,0,0,0.0,Choque,adelantamientos indebidos,2507_1_4,15.0,9.0
Antioquia,2018-10-23 16:07:00,71,602.0,2018-09-13 05:00:00,jueves,30,Normal,Seca y limpia,Montañoso,Media ladera Izquierda,Recta,Parcial con reducción de carriles,1,0,1,0,1.0,Choque,no determinada,2509_2_71,10.0,15.0
Antioquia,2018-10-23 16:08:00,66,100.0,2018-09-14 05:00:00,viernes,35,Normal,Seca y limpia,Ondulado,Media ladera Izquierda,Curva Izquierda,Parcial con reducción de carriles,5,50,1,0,1.0,Choque,no mantener distancia de seguridad,2510_1_66,5.0,0.0
Antioquia,2018-10-23 16:10:00,70,300.0,2018-09-14 05:00:00,viernes,30,Lluvia,Humeda,Montañoso,Media ladera Izquierda,Recta,Parcial con reducción de carriles,0,50,1,0,1.0,Choque,no determinada,2509_1_70,5.0,19.0
Antioquia,2018-10-23 16:13:00,81,200.0,2018-09-27 05:00:00,jueves,0,Normal,Seca y limpia,Ondulado,Terraplen,Curva Derecha,Parcial con reducción de carriles,17,10,1,0,1.0,Choque,fallas mecanicas y del sistema electrico,2510_1_81,17.0,0.0
Antioquia,2018-10-23 16:18:00,69,421.0,2018-09-15 05:00:00,sabado,10,Normal,Seca y limpia,Montañoso,Media ladera Izquierda,Recta,Parcial con reducción de carriles,0,40,2,0,2.0,Choque,no determinada,2509_1_69,16.0,8.0
Antioquia,2018-10-23 16:19:00,0,0.0,2018-09-14 05:00:00,viernes,40,Normal,Seca y limpia,Ondulado,Terraplen,Recta,Parcial con reducción de carriles,13,40,1,0,1.0,Choque,adelantamientos indebidos,2511_0_0,13.0,0.0
Antioquia,2018-10-23 16:21:00,67,930.0,2018-09-15 05:00:00,sabado,40,Normal,Seca y limpia,Montañoso,Media ladera Izquierda,Recta,Parcial con reducción de carriles,1,0,1,0,1.0,Choque,no determinada,2509_2_67,8.0,17.0
Risaralda,2018-10-23 16:11:00,9,300.0,2018-09-01 05:00:00,sabado,10,Normal,Seca y limpia,Ondulado,Terraplen,Recta,Transito normal con precaución,0,0,6,0,6.0,Choque,no determinada,29RSC_1_9,16.0,8.0
Antioquia,2018-10-23 16:21:00,2,800.0,2018-09-04 05:00:00,martes,10,Lluvia,Humeda,Ondulado,Terraplen,Recta,Parcial con reducción de carriles,14,35,3,0,3.0,Choque,fallas mecanicas y del sistema electrico,2511_0_2,14.0,0.0
Antioquia,2018-10-23 16:24:00,71,150.0,2018-09-17 05:00:00,lunes,0,Normal,Material suelto,Montañoso,Media ladera Izquierda,Recta,Parcial con reducción de carriles,1,0,1,0,1.0,Choque,no determinada,2509_2_71,8.0,17.0
Antioquia,2018-10-23 16:32:00,69,600.0,2018-09-17 05:00:00,lunes,20,Normal,Seca y limpia,Montañoso,Media ladera Izquierda,Recta,Parcial con reducción de carriles,0,30,1,0,1.0,Choque,no determinada,2509_2_69,18.0,6.0
Antioquia,2018-10-23 16:35:00,67,780.0,2018-09-17 05:00:00,lunes,10,Normal,Seca y limpia,Montañoso,Media ladera Izquierda,Recta,Parcial con reducción de carriles,0,30,1,0,1.0,Caída ocupante,no determinada,2509_1_67,22.0,2.0
Antioquia,2018-10-23 16:37:00,64,390.0,2018-09-19 05:00:00,miercoles,10,Normal,Seca y limpia,Montañoso,Media ladera Izquierda,Curva Izquierda,Parcial con reducción de carriles,0,30,0,0,0.0,Choque,no determinada,2509_1_64,6.0,18.0
Antioquia,2018-10-23 16:38:00,3,70.0,2018-09-05 05:00:00,miercoles,30,Lluvia,Humeda,Ondulado,Media ladera Izquierda,Recta,Parcial con reducción de carriles,15,27,2,0,2.0,Choque,exceso de velocidad,2511_0_3,11.0,4.0
Risaralda,2018-10-23 16:37:00,8,100.0,2018-09-01 05:00:00,sabado,30,Normal,Seca y limpia,Ondulado,Media Ladera Derecha,Curva Derecha,Transito normal con precaución,0,0,1,0,1.0,Choque,no determinada,29RSC_1_8,19.0,5.0
Antioquia,2018-10-23 16:40:00,67,360.0,2018-09-19 05:00:00,miercoles,0,Normal,Seca y limpia,Montañoso,Media ladera Izquierda,Recta,Parcial con reducción de carriles,1,0,1,0,1.0,Choque,no determinada,2509_2_67,7.0,18.0
Antioquia,2018-10-23 16:42:00,15,600.0,2018-09-06 05:00:00,jueves,50,Normal,Seca y limpia,Ondulado,Media ladera Izquierda,Curva Derecha,Parcial con reducción de carriles,23,20,4,0,4.0,Choque,fallas mecanicas y del sistema electrico,2511_0_15,22.0,1.0
Antioquia,2018-10-23 16:45:00,28,800.0,2018-09-29 05:00:00,sabado,20,Normal,Seca y limpia,Montañoso,Media ladera Izquierda,Curva Derecha,Parcial con reducción de carriles,19,0,3,0,3.0,Choque,fallas mecanicas y del sistema electrico,2511_0_28,18.0,1.0
Antioquia,2018-10-23 16:48:00,71,420.0,2018-09-20 05:00:00,jueves,40,Lluvia,Humeda,Montañoso,Media ladera Izquierda,Recta,Parcial con reducción de carriles,0,45,2,0,2.0,Volcamiento,no determinada,2509_2_71,4.0,20.0
Tolima,2018-10-23 16:47:00,30,670.0,2018-09-07 05:00:00,viernes,0,Normal,Seca y limpia,Montañoso,Media Ladera Derecha,Curva Izquierda,Transito normal con precaución,18,0,1,0,1.0,Choque,adelantamientos indebidos,4003_1_30,18.0,0.0
Risaralda,2018-10-23 16:46:00,51,500.0,2018-09-02 05:00:00,domingo,20,Normal,Seca y limpia,Montañoso,Media ladera Izquierda,Curva Derecha,Transito normal con precaución,0,0,0,0,0.0,Choque,no mantener distancia de seguridad,2507_1_51,12.0,12.0
Antioquia,2018-10-23 16:50:00,33,480.0,2018-09-26 05:00:00,miercoles,15,Lluvia,Humeda,Ondulado,Media ladera Izquierda,Curva Derecha,Parcial con reducción de carriles,7,25,1,0,1.0,Choque,fallas mecanicas y del sistema electrico,2511_0_33,7.0,0.0
Antioquia,2018-10-23 16:51:00,69,300.0,2018-09-21 05:00:00,viernes,20,Normal,Seca y limpia,Montañoso,Media ladera Izquierda,Recta,Parcial con reducción de carriles,0,30,1,0,1.0,Choque,no determinada,2509_2_69,8.0,16.0
Tolima,2018-10-23 16:52:00,36,200.0,2018-09-09 05:00:00,domingo,30,Normal,Seca y limpia,Montañoso,Media Ladera Derecha,Recta,Transito normal con precaución,15,30,0,0,0.0,Choque,adelantamientos indebidos,4003_1_36,15.0,0.0
Antioquia,2018-10-23 16:54:00,68,600.0,2018-09-21 05:00:00,viernes,30,Normal,Seca y limpia,Montañoso,Media ladera Izquierda,Recta,Parcial con reducción de carriles,0,50,3,0,3.0,Choque,no determinada,2509_1_68,14.0,10.0
Antioquia,2018-10-23 16:56:00,67,400.0,2018-09-21 05:00:00,viernes,30,Normal,Seca y limpia,Montañoso,Media ladera Izquierda,Recta,Parcial con reducción de carriles,0,45,2,0,2.0,Atropello,no determinada,2509_1_67,16.0,8.0
Antioquia,2018-10-23 16:58:00,55,100.0,2018-09-27 05:00:00,jueves,50,Normal,Seca y limpia,Montañoso,Media ladera Izquierda,Curva Derecha,Transito normal con precaución,18,40,0,0,0.0,Choque,no determinada,2511_0_55,17.0,1.0
Antioquia,2018-10-23 16:59:00,71,599.0,2018-09-22 05:00:00,sabado,0,Normal,Seca y limpia,Montañoso,Media ladera Izquierda,Recta,Parcial con reducción de carriles,0,40,1,0,1.0,Choque,no determinada,2509_2_71,12.0,12.0
Antioquia,2018-10-23 17:01:00,55,200.0,2018-09-11 05:00:00,martes,30,Lluvia,Humeda,Montañoso,Media ladera Izquierda,Curva Izquierda,Transito normal con precaución,21,30,0,0,0.0,Choque,fallas mecanicas y del sistema electrico,2511_0_55,20.0,1.0
Tolima,2018-10-23 16:57:00,37,590.0,2018-09-15 05:00:00,sabado,40,Lluvia,Humeda,Montañoso,Media Ladera Derecha,Curva Derecha,Transito normal con precaución,3,40,1,0,1.0,Choque,imprudencia del conductor,4003_1_37,3.0,0.0
Risaralda,2018-10-23 16:53:00,27,400.0,2018-09-02 05:00:00,domingo,30,Normal,Seca y limpia,Plano,Terraplen,Recta,Transito normal con precaución,0,0,2,0,2.0,Choque,embriaguez o sustancias alucinogenas,50RS01_1_27,18.0,6.0
Risaralda,2018-10-23 18:35:00,0,0.0,2018-09-02 05:00:00,domingo,30,Normal,Seca y limpia,Plano,Terraplen,Recta,Transito normal con precaución,0,0,1,0,1.0,Atropello,no determinada,25RSA_1_0,17.0,7.0