territorial,fecha_registro,pr,distancia_pr,fecha_acc,dia_semana_acc,min_acc,condic_meteor,estado_super,terreno,secc_tip,geometria_acc,tipo_cierre,horas_cierre,min_cierre,n_heridos,n_muertos,n_victimas,clase_accidente,causa_posible,ref_loc,hora_acc,duracion_cierre_horas
Risaralda,2018-10-23 19:18:00,50,400.0,2018-09-03 05:00:00,lunes,10,Normal,Seca y limpia,Montañoso,Media ladera Izquierda,Curva Derecha,Transito normal con precaución,0,0,2,0,2.0,Choque,no determinada,2507_1_50,19.0,5.0
Antioquia,2018-10-23 19:19:00,94,0.0,2018-09-23 05:00:00,domingo,50,Normal,Seca y limpia,Montañoso,Media Ladera Derecha,Recta,Parcial con paso alternado,1,0,1,0,1.0,Choque,adelantamientos indebidos,6003_1_94,15.0,10.0
Risaralda,2018-10-23 19:24:00,0,0.0,2018-09-03 05:00:00,lunes,56,Normal,Seca y limpia,Ondulado,Terraplen,Recta,Transito normal con precaución,0,0,0,0,0.0,Choque,no determinada,29RSC_1_0,22.0,2.0
Antioquia,2018-10-23 19:30:00,65,870.0,2018-09-23 05:00:00,domingo,50,Normal,Seca y limpia,Montañoso,Media ladera Izquierda,Recta,Parcial con reducción de carriles,0,30,1,0,1.0,Choque,no determinada,2509_2_65,20.0,4.0
Antioquia,2018-10-23 19:33:00,71,50.0,2018-09-25 05:00:00,martes,20,Normal,Seca y limpia,Montañoso,Media ladera Izquierda,Recta,Parcial con reducción de carriles,1,0,1,0,1.0,Choque,no determinada,2509_2_71,16.0,9.0
Risaralda,2018-10-23 19:33:00,3,100.0,2018-09-04 05:00:00,martes,30,Normal,Seca y limpia,Plano,Terraplen,Recta,Transito normal con precaución,0,0,1,0,1.0,Atropello,conducta de peatones,2507_1_3,17.0,7.0
Tolima,2018-10-23 19:32:00,31,400.0,2018-09-20 05:00:00,jueves,0,Lluvia,Humeda,Montañoso,Media ladera Izquierda,Curva Derecha,Transito normal con precaución,3,0,0,0,0.0,Choque,condiciones de la via y factores ambientales,4003_1_31,3.0,0.0
Antioquia,2018-10-23 19:35:00,70,200.0,2018-09-25 05:00:00,martes,30,Normal,Seca y limpia,Montañoso,Media ladera Izquierda,Recta,Parcial con reducción de carriles,0,30,2,0,2.0,Atropello,no determinada,2509_2_70,8.0,16.0
Risaralda,2018-10-23 19:39:00,2,0.0,2018-09-04 05:00:00,martes,10,Normal,Seca y limpia,Plano,Terraplen,Recta,Transito normal con precaución,0,0,0,0,0.0,Choque,no mantener distancia de seguridad,2902_2_2,18.0,6.0
Antioquia,2018-10-23 19:39:00,66,700.0,2018-09-25 05:00:00,martes,10,Normal,Seca y limpia,Montañoso,Media ladera Izquierda,Recta,Transito normal con precaución,0,30,1,0,1.0,Caída ocupante,no determinada,2509_2_66,19.0,5.0
Antioquia,2018-10-23 19:39:00,74,400.0,2018-09-04 05:00:00,martes,20,Normal,Seca y limpia,Montañoso,Media ladera Izquierda,Curva Derecha,Parcial con reducción de carriles,13,0,1,0,1.0,Atropello,no mantener distancia de seguridad,2511_0_74,12.0,1.0
Tolima,2018-10-23 19:39:00,31,450.0,2018-09-25 05:00:00,martes,30,Normal,Seca y limpia,Montañoso,Media Ladera Derecha,Recta,Transito normal con precaución,23,30,0,0,0.0,Choque,condiciones de la via y factores ambientales,4003_1_31,23.0,0.0
Antioquia,2018-10-23 19:42:00,69,599.0,2018-09-27 05:00:00,jueves,50,Lluvia,Humeda,Montañoso,Media ladera Izquierda,Recta,Parcial con reducción de carriles,1,0,1,0,1.0,Choque,no determinada,2509_2_69,18.0,7.0
Antioquia,2018-10-23 19:45:00,64,740.0,2018-09-29 05:00:00,sabado,30,Normal,Seca y limpia,Montañoso,Media ladera Izquierda,Recta,Parcial con reducción de carriles,1,0,0,0,0.0,Choque,no determinada,2509_2_64,10.0,15.0
Valle del Cauca,2018-10-23 19:34:00,49,200.0,2018-09-09 05:00:00,domingo,30,Normal,Seca y limpia,Montañoso,Media ladera Izquierda,Curva Izquierda,Transito normal con precaución,19,30,1,0,1.0,Choque,no determinada,4001_1_49,19.0,0.0
Tolima,2018-10-23 19:53:00,20,100.0,2018-09-18 05:00:00,martes,40,Normal,Seca y limpia,Escarpado,Media Ladera Derecha,Curva Izquierda,Transito normal con precaución,13,40,0,0,0.0,Choque,impericia en el manejo,5007_1_20,13.0,0.0
Nariño,2018-10-23 19:57:00,19,960.0,2018-10-10 05:00:00,miercoles,0,Niebla,Seca y limpia,Plano,Terraplen,Recta,Transito normal con precaución,0,0,0,1,1.0,Choque,imprudencia del conductor,0801_1_19,6.0,18.0
Antioquia,2018-10-23 19:55:00,76,200.0,2018-09-19 05:00:00,miercoles,20,Normal,Seca y limpia,Montañoso,Media ladera Izquierda,Curva Derecha,Transito normal con precaución,15,0,0,0,0.0,Choque,no determinada,2511_0_76,14.0,1.0
Tolima,2018-10-23 20:01:00,24,450.0,2018-09-18 05:00:00,martes,50,Normal,Seca y limpia,Escarpado,Media Ladera Derecha,Curva Izquierda,Transito normal con precaución,11,50,0,0,0.0,Choque,no determinada,5007_1_24,11.0,0.0
Tolima,2018-10-23 20:09:00,24,370.0,2018-09-20 05:00:00,jueves,30,Normal,Seca y limpia,Escarpado,Media ladera Izquierda,Curva Izquierda,Transito normal con precaución,14,30,0,0,0.0,Choque,no mantener distancia de seguridad,5007_1_24,14.0,0.0
Antioquia,2018-10-23 20:03:00,103,200.0,2018-09-09 05:00:00,domingo,45,Normal,Seca y limpia,Plano,Terraplen,Recta,Parcial con reducción de carriles,9,30,1,0,1.0,Volcamiento,no mantener distancia de seguridad,2511_0_103,8.0,1.0
Valle del Cauca,2018-10-23 20:16:00,56,962.0,2018-09-09 05:00:00,domingo,5,Normal,Seca y limpia,Montañoso,Media ladera Izquierda,Curva Izquierda,Transito normal con precaución,13,50,1,0,1.0,Choque,no determinada,4001_1_56,13.0,0.0
Antioquia,2018-10-23 20:18:00,1,100.0,2018-09-12 05:00:00,miercoles,0,Normal,Seca y limpia,Plano,Terraplen,Recta,Transito normal con precaución,16,0,0,0,0.0,Choque,no determinada,2512_1_1,15.0,1.0
Antioquia,2018-10-23 20:27:00,17,0.0,2018-09-19 05:00:00,miercoles,20,Normal,Seca y limpia,Plano,Terraplen,Recta,Parcial con reducción de carriles,20,10,3,0,3.0,Choque,defectos fisicos y psiquicos,2512_1_17,19.0,1.0
Risaralda,2018-10-23 19:45:00,0,0.0,2018-09-04 05:00:00,martes,30,Normal,Seca y limpia,Montañoso,Media ladera Izquierda,Recta,Transito normal con precaución,0,0,1,0,1.0,Caída ocupante,no determinada,2902_1_0,16.0,8.0
Risaralda,2018-10-23 20:36:00,2,200.0,2018-09-04 05:00:00,martes,25,Normal,Seca y limpia,Plano,Terraplen,Recta,Transito normal con precaución,0,0,0,0,0.0,Choque,no determinada,2902_2_2,7.0,17.0
Risaralda,2018-10-23 20:39:00,0,810.0,2018-09-05 05:00:00,miercoles,0,Normal,Seca y limpia,Plano,Cajón,Recta,Transito normal con precaución,0,0,0,0,0.0,Choque,maniobras imprudentes,29RSA_1_0,6.0,18.0
Antioquia,2018-10-23 20:30:00,25,450.0,2018-09-27 05:00:00,jueves,30,Normal,Seca y limpia,Plano,Terraplen,Recta,Parcial con reducción de carriles,13,10,0,1,1.0,Choque,no determinada,2512_1_25,12.0,1.0
Antioquia,2018-10-23 20:46:00,55,150.0,2018-09-15 05:00:00,sabado,40,Normal,Seca y limpia,Plano,Terraplen,Recta,Transito normal con precaución,19,36,0,0,0.0,Choque,no determinada,2512_1_55,18.0,1.0
Antioquia,2018-10-23 16:45:00,94,750.0,2018-09-20 05:00:00,jueves,10,Normal,Seca y limpia,Montañoso,Media Ladera Derecha,Recta,Parcial con paso alternado,0,30,2,0,2.0,Choque,desobediencia a normas y senales,6003_1_94,17.0,7.0
Risaralda,2018-10-25 20:27:00,42,950.0,2018-09-18 05:00:00,martes,45,Normal,Seca y limpia,Ondulado,Media ladera Izquierda,Recta,Transito normal con precaución,0,0,0,0,0.0,Choque,no determinada,2507_1_42,19.0,5.0
Antioquia,2018-10-23 16:54:00,39,800.0,2018-09-02 05:00:00,domingo,50,Normal,Seca y limpia,Montañoso,Media ladera Izquierda,Curva Derecha,Transito normal con precaución,21,20,0,0,0.0,Choque,no mantener distancia de seguridad,2511_0_39,20.0,1.0
Antioquia,2018-10-23 19:26:00,67,115.0,2018-09-23 05:00:00,domingo,0,Normal,Seca y limpia,Montañoso,Media ladera Izquierda,Recta,Parcial con reducción de carriles,0,30,2,0,2.0,Choque,no determinada,2509_2_67,2.0,22.0
Antioquia,2018-10-23 19:23:00,70,816.0,2018-09-12 05:00:00,miercoles,39,Lluvia,Humeda,Montañoso,Media ladera Izquierda,Curva Izquierda,Transito normal con precaución,22,39,0,0,0.0,Choque,adelantamientos indebidos,2511_0_70,22.0,0.0
Tolima,2018-10-23 19:27:00,38,700.0,2018-09-19 05:00:00,miercoles,30,Normal,Seca y limpia,Montañoso,Media Ladera Derecha,Recta,Transito normal con precaución,2,30,0,0,0.0,Choque,no mantener distancia de seguridad,4003_1_38,2.0,0.0
Tolima,2018-10-23 19:47:00,43,300.0,2018-09-27 05:00:00,jueves,0,Normal,Seca y limpia,Montañoso,Media Ladera Derecha,Recta,Transito normal con precaución,4,0,0,1,1.0,Choque,no determinada,4003_1_43,4.0,0.0
Valle del Cauca,2018-10-24 13:40:00,22,0.0,2018-09-14 05:00:00,viernes,0,Normal,Seca y limpia,Montañoso,Media ladera Izquierda,Curva Derecha,Transito normal con precaución,19,20,0,0,0.0,Choque,no determinada,4001_2_22,19.0,0.0
Valle del Cauca,2018-10-24 13:52:00,52,0.0,2018-09-23 05:00:00,domingo,10,Normal,Seca y limpia,Montañoso,Media ladera Izquierda,Curva Derecha,Transito normal con precaución,13,15,0,0,0.0,Choque,no determinada,4001_1_52,13.0,0.0
Valle del Cauca,2018-10-24 13:55:00,24,200.0,2018-09-25 05:00:00,martes,15,Lluvia,Humeda,Montañoso,Media ladera Izquierda,Recta,Transito normal con precaución,17,40,0,0,0.0,Choque,no determinada,4001_2_24,17.0,0.0
Valle del Cauca,2018-10-24 13:58:00,48,600.0,2018-09-26 05:00:00,miercoles,40,Lluvia,Humeda,Montañoso,Media ladera Izquierda,Curva Izquierda,Transito normal con precaución,18,50,0,1,1.0,Volcamiento,no determinada,4001_1_48,18.0,0.0
Valle del Cauca,2018-10-24 14:02:00,37,960.0,2018-09-07 05:00:00,viernes,30,Lluvia,Humeda,Montañoso,Media Ladera Derecha,Curva Derecha,Transito normal con precaución,11,45,0,0,0.0,Choque,no determinada,1901_0_37,11.0,0.0
Valle del Cauca,2018-10-24 14:09:00,50,660.0,2018-09-11 05:00:00,martes,0,Normal,Seca y limpia,Montañoso,Media Ladera Derecha,Curva Derecha,Transito normal con precaución,13,30,0,1,1.0,Volcamiento,no determinada,1901_0_50,13.0,0.0
Boyacá,2018-10-24 15:31:00,35,900.0,2018-10-09 05:00:00,martes,0,Lluvia,Humeda,Montañoso,Media ladera Izquierda,Curva Derecha,Parcial con reducción de carriles,3,0,1,0,1.0,Choque,no determinada,6404_0_35,17.0,10.0
Valle del Cauca,2018-10-24 13:46:00,49,950.0,2018-09-19 05:00:00,miercoles,0,Normal,Seca y limpia,Montañoso,Media ladera Izquierda,Recta,Transito normal con precaución,16,10,1,0,1.0,Choque,no determinada,4001_1_49,16.0,0.0
Valle del Cauca,2018-10-24 16:24:00,34,0.0,2018-02-05 05:00:00,lunes,30,Normal,Seca y limpia,Montañoso,Media Ladera Derecha,Recta,Transito normal con precaución,22,45,3,0,3.0,Choque,no determinada,1901_0_34,22.0,0.0
Boyacá,2018-10-24 15:31:00,16,546.0,2018-10-09 05:00:00,martes,25,Seca,Seca y limpia,Montañoso,Media ladera Izquierda,Curva Izquierda,Parcial con reducción de carriles,9,25,0,0,2.0,Choque,no determinada,6404_0_16,9.0,0.0
Boyacá,2018-10-24 19:07:00,16,742.0,2018-09-27 05:00:00,jueves,55,Lluvia,Humeda,Montañoso,Media Ladera Derecha,Curva Derecha,Parcial con reducción de carriles,2,0,0,0,0.0,Choque,maniobras imprudentes,6404_0_16,15.0,11.0
Boyacá,2018-10-24 19:07:00,36,930.0,2018-09-24 05:00:00,lunes,20,Seca,Seca y limpia,Montañoso,Media ladera Izquierda,Curva Derecha,Parcial con reducción de carriles,1,30,1,0,1.0,Choque,no determinada,6404_0_36,17.0,8.0
Valle del Cauca,2018-10-24 16:24:00,33,800.0,2018-04-14 05:00:00,sabado,30,Normal,Seca y limpia,Montañoso,Media Ladera Derecha,Curva Derecha,Transito normal con precaución,14,30,3,0,6.0,Choque,no determinada,1901_0_33,14.0,0.0
Valle del Cauca,2018-10-24 19:27:00,26,900.0,2018-04-18 05:00:00,miercoles,0,Normal,Seca y limpia,Montañoso,Media Ladera Derecha,Curva Derecha,Transito normal con precaución,8,30,4,1,5.0,Choque,no determinada,1901_0_26,8.0,0.0
Valle del Cauca,2018-10-24 19:33:00,40,900.0,2018-04-20 05:00:00,viernes,0,Normal,Seca y limpia,Montañoso,Media Ladera Derecha,Curva Derecha,Transito normal con precaución,7,30,1,0,1.0,Choque,no determinada,1901_0_40,6.0,1.0
Valle del Cauca,2018-10-24 19:37:00,37,900.0,2018-04-21 05:00:00,sabado,40,Normal,Seca y limpia,Ondulado,Media Ladera Derecha,Curva Derecha,Transito normal con precaución,6,0,0,0,0.0,Choque,no determinada,1901_0_37,5.0,1.0
Valle del Cauca,2018-10-24 19:39:00,21,400.0,2018-04-22 05:00:00,domingo,30,Normal,Seca y limpia,Montañoso,Media Ladera Derecha,Curva Izquierda,Transito normal con precaución,17,0,2,0,2.0,Choque,no determinada,1901_0_21,16.0,1.0
Valle del Cauca,2018-10-24 19:44:00,39,500.0,2018-04-06 05:00:00,viernes,0,Lluvia,Humeda,Montañoso,Media Ladera Derecha,Curva Izquierda,Transito normal con precaución,15,30,0,0,0.0,Choque,no determinada,4001_1_39,15.0,0.0
Valle del Cauca,2018-10-24 19:50:00,60,0.0,2018-04-06 05:00:00,viernes,35,Normal,Seca y limpia,Montañoso,Media ladera Izquierda,Curva Derecha,Transito normal con precaución,23,50,0,0,0.0,Choque,no determinada,4001_1_60,23.0,0.0
Valle del Cauca,2018-10-24 19:54:00,53,500.0,2018-04-15 05:00:00,domingo,0,Normal,Seca y limpia,Montañoso,Media ladera Izquierda,Recta,Transito normal con precaución,7,40,0,0,0.0,Choque,no determinada,4001_1_53,9.0,22.0
Risaralda,2018-10-24 19:42:00,3,720.0,2018-09-06 05:00:00,jueves,54,Normal,Seca y limpia,Plano,Terraplen,Recta,Transito normal con precaución,0,0,0,0,0.0,Choque,no mantener distancia de seguridad,29RSC_1_3,7.0,17.0
Valle del Cauca,2018-10-24 19:57:00,43,700.0,2018-04-19 05:00:00,jueves,35,Normal,Seca y limpia,Montañoso,Media Ladera Derecha,Recta,Transito normal con precaución,6,50,0,0,0.0,Choque,no determinada,4001_1_43,6.0,0.0
Valle del Cauca,2018-10-25 13:39:00,24,500.0,2018-04-19 05:00:00,jueves,0,Lluvia,Humeda,Montañoso,Media Ladera Derecha,Recta,Transito normal con precaución,16,30,0,0,0.0,Choque,no determinada,4001_2_24,16.0,0.0
Valle del Cauca,2018-10-25 13:43:00,23,380.0,2018-04-22 05:00:00,domingo,0,Lluvia,Humeda,Montañoso,Media Ladera Derecha,Curva Derecha,Transito normal con precaución,13,20,0,0,0.0,Choque,no determinada,4001_2_23,13.0,0.0
Valle del Cauca,2018-10-25 13:46:00,32,250.0,2018-04-24 05:00:00,martes,15,Normal,Seca y limpia,Montañoso,Media ladera Izquierda,Recta,Transito normal con precaución,22,40,0,0,0.0,Choque,no determinada,4001_2_32,22.0,0.0
Cesar,2018-10-25 13:44:00,9,100.0,2018-09-04 05:00:00,martes,40,Normal,Seca y limpia,Plano,Terraplen,Recta,Transito normal con precaución,14,40,0,0,0.0,Caída de carga,condiciones de la via y factores ambientales,8004_1_9,14.0,0.0
Valle del Cauca,2018-10-25 13:48:00,35,900.0,2018-04-27 05:00:00,viernes,30,Lluvia,Humeda,Montañoso,Media Ladera Derecha,Curva Derecha,Transito normal con precaución,17,50,0,0,0.0,Choque,no determinada,4001_2_35,17.0,0.0
Cesar,2018-10-25 13:51:00,100,60.0,2018-09-07 05:00:00,viernes,0,Normal,Seca y limpia,Plano,Terraplen,Recta,Transito normal con precaución,6,0,2,0,2.0,Choque,adelantamientos indebidos,4901_1_100,6.0,0.0
Cesar,2018-10-25 13:51:00,9,200.0,2018-09-07 05:00:00,viernes,30,Normal,Seca y limpia,Plano,Terraplen,Recta,Transito normal con precaución,15,30,0,0,2.0,Choque,no mantener distancia de seguridad,8004_1_9,15.0,0.0
Risaralda,2018-10-25 14:28:00,0,0.0,2018-09-07 05:00:00,viernes,30,Normal,Seca y limpia,Plano,Terraplen,Recta,Transito normal con precaución,0,0,0,0,0.0,Choque,no mantener distancia de seguridad,29RSA_2_0,7.0,17.0
Risaralda,2018-10-25 14:49:00,1,0.0,2018-09-07 05:00:00,viernes,0,Normal,Seca y limpia,Ondulado,Media ladera Izquierda,Recta,Transito normal con precaución,0,0,0,0,0.0,Choque,no mantener distancia de seguridad,29RSC_1_1,11.0,13.0
Risaralda,2018-10-25 14:53:00,1,71.0,2018-09-07 05:00:00,viernes,0,Lluvia,Humeda,Plano,Terraplen,Recta,Transito normal con precaución,0,0,0,0,0.0,Choque,adelantamientos indebidos,2902_2_1,12.0,12.0
Risaralda,2018-10-25 15:03:00,0,0.0,2018-09-09 05:00:00,domingo,30,Normal,Seca y limpia,Plano,Terraplen,Recta,Transito normal con precaución,0,0,0,0,0.0,Choque,embriaguez o sustancias alucinogenas,29RSC_1_0,4.0,20.0
Risaralda,2018-10-25 15:12:00,42,700.0,2018-09-09 05:00:00,domingo,24,Normal,Seca y limpia,Ondulado,Media ladera Izquierda,Recta,Transito normal con precaución,0,0,1,0,1.0,Choque,no determinada,2507_1_42,17.0,7.0
Valle del Cauca,2018-10-25 15:45:00,37,350.0,2018-05-09 05:00:00,miercoles,0,Normal,Seca y limpia,Montañoso,Media Ladera Derecha,Curva Derecha,Transito normal con precaución,16,30,0,0,0.0,Volcamiento,no determinada,1901_0_37,16.0,0.0
Valle del Cauca,2018-10-25 15:46:00,37,950.0,2018-05-23 05:00:00,miercoles,0,Normal,Seca y limpia,Montañoso,Media Ladera Derecha,Curva Izquierda,Transito normal con precaución,6,20,0,0,0.0,Volcamiento,no determinada,1901_0_37,6.0,0.0
Risaralda,2018-10-25 18:57:00,31,663.0,2018-09-12 05:00:00,miercoles,20,Normal,Seca y limpia,Plano,Terraplen,Curva Izquierda,Transito normal con precaución,0,0,1,0,1.0,Caída ocupante,no determinada,50RS01_1_31,11.0,13.0
Risaralda,2018-10-25 15:20:00,0,500.0,2018-09-09 05:00:00,domingo,30,Normal,Seca y limpia,Plano,Terraplen,Recta,Transito normal con precaución,0,0,1,0,1.0,Choque,adelantamientos indebidos,25RSA_1_0,17.0,7.0
Risaralda,2018-10-25 15:28:00,2,840.0,2018-09-10 05:00:00,lunes,30,Normal,Seca y limpia,Plano,Terraplen,Recta,Transito normal con precaución,0,0,2,0,2.0,Choque,desobediencia a normas y senales,2902_1_2,19.0,5.0
Valle del Cauca,2018-10-25 15:36:00,37,120.0,2018-05-04 05:00:00,viernes,40,Normal,Seca y limpia,Montañoso,Media Ladera Derecha,Recta,Transito normal con precaución,20,0,1,0,1.0,Choque,no determinada,1901_0_37,19.0,1.0
Valle del Cauca,2018-10-25 15:42:00,39,200.0,2018-05-05 05:00:00,sabado,30,Normal,Seca y limpia,Montañoso,Media Ladera Derecha,Curva Derecha,Transito normal con precaución,22,45,0,0,0.0,Choque,no determinada,1901_0_39,22.0,0.0
Risaralda,2018-10-25 15:32:00,5,200.0,2018-09-10 05:00:00,lunes,20,Normal,Seca y limpia,Ondulado,Cajón,Recta,Transito normal con precaución,0,0,1,0,1.0,Choque,adelantamientos indebidos,29RSC_1_5,11.0,13.0
Risaralda,2018-10-25 15:53:00,0,700.0,2018-09-11 05:00:00,martes,30,Normal,Humeda,Plano,Terraplen,Recta,Transito normal con precaución,0,0,0,0,0.0,Choque,maniobras imprudentes,29RSA_1_0,12.0,12.0
Risaralda,2018-10-25 20:33:00,9,950.0,2018-09-18 05:00:00,martes,5,Normal,Seca y limpia,Plano,Media Ladera Derecha,Recta,Transito normal con precaución,0,0,1,0,1.0,Choque,exceso de velocidad,29RSC_1_9,6.0,18.0
Risaralda,2018-10-25 16:03:00,0,580.0,2018-09-11 05:00:00,martes,0,Normal,Seca y limpia,Plano,Terraplen,Curva Derecha,Transito normal con precaución,0,0,2,0,2.0,Atropello,desobediencia a normas y senales,25RSA_1_0,12.0,12.0
Valle del Cauca,2018-10-25 15:49:00,29,0.0,2018-05-04 05:00:00,viernes,20,Normal,Seca y limpia,Montañoso,Media ladera Izquierda,Recta,Transito normal con precaución,15,50,0,0,0.0,Choque,no determinada,4001_1_29,15.0,0.0
Risaralda,2018-10-25 16:10:00,0,939.0,2018-09-11 05:00:00,martes,0,Normal,Seca y limpia,Plano,Terraplen,Recta,Transito normal con precaución,0,0,1,0,1.0,Choque,desobediencia a normas y senales,2902_1_0,15.0,9.0
Valle del Cauca,2018-10-25 16:12:00,29,300.0,2018-05-06 05:00:00,domingo,0,Lluvia,Humeda,Montañoso,Media ladera Izquierda,Curva Derecha,Transito normal con precaución,14,25,0,0,0.0,Choque,no determinada,4001_1_29,14.0,0.0
Valle del Cauca,2018-10-25 16:16:00,25,300.0,2018-05-17 05:00:00,jueves,30,Lluvia,Humeda,Montañoso,Media ladera Izquierda,Curva Izquierda,Transito normal con precaución,18,50,3,0,3.0,Choque,no determinada,4001_2_25,18.0,0.0
Risaralda,2018-10-25 19:00:00,1,650.0,2018-09-12 05:00:00,miercoles,50,Normal,Seca y limpia,Plano,Terraplen,Recta,Transito normal con precaución,0,0,0,0,0.0,Choque,maniobras imprudentes,25RSA_2_1,11.0,13.0
Risaralda,2018-10-25 19:06:00,4,890.0,2018-09-13 05:00:00,jueves,0,Lluvia,Humeda,Ondulado,Terraplen,Recta,Transito normal con precaución,0,0,3,0,3.0,Choque,desobediencia a normas y senales,2902_2_4,22.0,2.0
Risaralda,2018-10-25 19:14:00,0,700.0,2018-09-14 05:00:00,viernes,30,Normal,Seca y limpia,Plano,Terraplen,Curva Derecha,Transito normal con precaución,0,0,0,0,0.0,Choque,no mantener distancia de seguridad,2902_1_0,19.0,5.0
Risaralda,2018-10-25 19:23:00,0,750.0,2018-09-15 05:00:00,sabado,25,Normal,Seca y limpia,Plano,Cajón,Recta,Transito normal con precaución,0,0,1,0,1.0,Atropello,conducta de peatones,29RSA_2_0,10.0,14.0
Risaralda,2018-10-25 19:46:00,5,230.0,2018-09-15 05:00:00,sabado,30,Lluvia,Humeda,Plano,Terraplen,Recta,Transito normal con precaución,0,0,0,0,0.0,Choque,no mantener distancia de seguridad,2902_1_5,21.0,3.0
Risaralda,2018-10-25 19:57:00,8,965.0,2018-09-16 05:00:00,domingo,40,Normal,Seca y limpia,Plano,Media Ladera Derecha,Recta,Transito normal con precaución,0,0,0,0,0.0,Choque,no determinada,29RSC_1_8,14.0,10.0
Risaralda,2018-10-25 20:04:00,5,300.0,2018-09-16 05:00:00,domingo,5,Normal,Seca y limpia,Ondulado,Cajón,Recta,Transito normal con precaución,0,0,2,0,2.0,Choque,desobediencia a normas y senales,29RSC_1_5,18.0,6.0
Risaralda,2018-10-25 20:15:00,1,72.0,2018-09-17 05:00:00,lunes,0,Normal,Seca y limpia,Plano,Terraplen,Recta,Transito normal con precaución,0,0,0,0,0.0,Choque,no determinada,2902_1_1,19.0,5.0
Norte de Santander,2018-10-25 20:12:00,63,20.0,2018-08-30 05:00:00,jueves,0,Normal,Seca y limpia,Montañoso,Media Ladera Derecha,Curva Izquierda,Transito normal con precaución,6,0,4,0,4.0,Salida de la vía sin volcarse,no determinada,6604_0_63,3.0,3.0
Risaralda,2018-10-25 20:19:00,9,350.0,2018-09-17 05:00:00,lunes,30,Normal,Seca y limpia,Ondulado,Terraplen,Recta,Transito normal con precaución,0,0,0,0,0.0,Choque,maniobras imprudentes,29RSC_1_9,13.0,11.0
Norte de Santander,2018-10-25 20:20:00,148,492.0,2018-09-30 05:00:00,domingo,0,Normal,Seca y limpia,Plano,Terraplen,Recta,Transito normal con precaución,0,0,2,0,3.0,Choque,no determinada,6604_0_148,0.0,0.0
Risaralda,2018-10-25 20:41:00,0,630.0,2018-09-19 05:00:00,miercoles,10,Lluvia,Humeda,Ondulado,Media Ladera Derecha,Curva Izquierda,Transito normal con precaución,0,0,0,0,0.0,Choque,no mantener distancia de seguridad,29RSA_2_0,15.0,9.0
Valle del Cauca,2018-10-26 13:29:00,26,100.0,2018-05-17 05:00:00,jueves,20,Lluvia,Humeda,Montañoso,Media ladera Izquierda,Curva Derecha,Transito normal con precaución,18,45,0,0,0.0,Choque,no determinada,4001_2_26,17.0,1.0
Guajira,2018-10-26 22:11:00,2,650.0,2018-09-23 05:00:00,domingo,10,Sol,Seca y limpia,Plano,Terraplen,Curva Izquierda,Transito normal con precaución,0,0,0,0,0.0,Choque,fallas mecanicas y del sistema electrico,8801_1_2,23.0,1.0
Cauca,2018-10-26 14:23:00,8,643.0,2018-10-25 05:00:00,jueves,0,Sol,Seca y limpia,Montañoso,Media ladera Izquierda,Curva Izquierda,Parcial con paso alternado,0,0,0,0,0.0,Salida de la vía sin volcarse,fallas mecanicas y del sistema electrico,2002_1_8,14.0,10.0
Valle del Cauca,2018-10-26 13:39:00,42,700.0,2018-05-20 05:00:00,domingo,20,Lluvia,Humeda,Montañoso,Media ladera Izquierda,Recta,Transito normal con precaución,17,45,0,0,0.0,Choque,no determinada,4001_1_42,17.0,0.0
Risaralda,2018-10-26 14:50:00,0,770.0,2018-09-19 05:00:00,miercoles,10,Normal,Seca y limpia,Plano,Cajón,Curva Izquierda,Transito normal con precaución,0,0,0,0,0.0,Choque,no mantener distancia de seguridad,29RSA_2_0,9.0,15.0
Risaralda,2018-10-26 15:02:00,7,550.0,2018-09-20 05:00:00,jueves,30,Normal,Seca y limpia,Ondulado,Cajón,Recta,Transito normal con precaución,0,0,0,0,0.0,Choque,fallas mecanicas y del sistema electrico,29RSC_1_7,5.0,19.0
Risaralda,2018-10-26 15:10:00,1,710.0,2018-09-20 05:00:00,jueves,0,Normal,Seca y limpia,Plano,Terraplen,Recta,Transito normal con precaución,0,0,0,0,0.0,Choque,maniobras imprudentes,25RSA_2_1,11.0,13.0
Valle del Cauca,2018-10-26 14:42:00,33,300.0,2018-05-29 05:00:00,martes,0,Normal,Seca y limpia,Montañoso,Media ladera Izquierda,Recta,Transito normal con precaución,5,30,0,1,1.0,Atropello,no determinada,4001_1_33,5.0,0.0
Valle del Cauca,2018-10-26 15:28:00,58,285.0,2018-05-31 05:00:00,jueves,45,Normal,Seca y limpia,Montañoso,Media ladera Izquierda,Recta,Transito normal con precaución,9,0,0,0,0.0,Volcamiento,no determinada,4001_1_58,8.0,1.0
Risaralda,2018-10-26 15:32:00,5,800.0,2018-09-20 05:00:00,jueves,30,Normal,Seca y limpia,Ondulado,Media Ladera Derecha,Recta,Transito normal con precaución,0,0,0,0,0.0,Choque,adelantamientos indebidos,29RSC_1_5,9.0,15.0
Risaralda,2018-10-26 15:40:00,4,280.0,2018-09-20 05:00:00,jueves,0,Normal,Seca y limpia,Plano,Terraplen,Recta,Transito normal con precaución,0,0,1,0,1.0,Choque,no determinada,2902_2_4,15.0,9.0