territorial,fecha_registro,pr,distancia_pr,fecha_acc,dia_semana_acc,min_acc,condic_meteor,estado_super,terreno,secc_tip,geometria_acc,tipo_cierre,horas_cierre,min_cierre,n_heridos,n_muertos,n_victimas,clase_accidente,causa_posible,ref_loc,hora_acc,duracion_cierre_horas
Risaralda,2018-10-26 15:48:00,3,540.0,2018-09-20 05:00:00,jueves,20,Normal,Seca y limpia,Plano,Terraplen,Recta,Transito normal con precaución,0,0,0,0,0.0,Choque,no mantener distancia de seguridad,2902_1_3,17.0,7.0
Valle del Cauca,2018-10-26 15:31:00,52,100.0,2018-05-31 05:00:00,jueves,45,Normal,Seca y limpia,Montañoso,Media ladera Izquierda,Curva Izquierda,Transito normal con precaución,6,0,0,0,0.0,Choque,no determinada,4001_2_52,5.0,1.0
Risaralda,2018-10-26 15:56:00,4,450.0,2018-09-21 05:00:00,viernes,35,Normal,Seca y limpia,Ondulado,Terraplen,Recta,Transito normal con precaución,0,0,2,0,2.0,Choque,no determinada,2507_1_4,6.0,18.0
Risaralda,2018-10-26 16:06:00,6,0.0,2018-09-22 05:00:00,sabado,15,Normal,Seca y limpia,Ondulado,Media Ladera Derecha,Recta,Transito normal con precaución,0,0,0,0,0.0,Choque,no mantener distancia de seguridad,29RSC_1_6,22.0,2.0
Risaralda,2018-10-26 16:17:00,4,0.0,2018-09-26 05:00:00,miercoles,55,Normal,Seca y limpia,Ondulado,Media Ladera Derecha,Curva Derecha,Transito normal con precaución,0,0,0,0,0.0,Choque,no determinada,29RSC_1_4,6.0,18.0
Valle del Cauca,2018-10-26 16:38:00,60,820.0,2018-06-05 05:00:00,martes,25,Normal,Seca y limpia,Montañoso,Media Ladera Derecha,Recta,Transito normal con precaución,8,15,1,0,1.0,Choque,no determinada,1901_0_60,7.0,1.0
Valle del Cauca,2018-10-26 16:40:00,52,680.0,2018-06-27 05:00:00,miercoles,40,Normal,Seca y limpia,Montañoso,Media Ladera Derecha,Recta,Transito normal con precaución,8,30,4,0,4.0,Choque,no determinada,1901_0_52,7.0,1.0
Risaralda,2018-10-26 16:44:00,8,500.0,2018-09-26 05:00:00,miercoles,0,Normal,Seca y limpia,Plano,Media Ladera Derecha,Recta,Transito normal con precaución,0,0,0,0,0.0,Choque,maniobras imprudentes,29RSC_1_8,13.0,11.0
Risaralda,2018-10-26 16:47:00,0,0.0,2018-09-27 05:00:00,jueves,2,Lluvia,Humeda,Plano,Terraplen,Recta,Transito normal con precaución,0,0,1,0,1.0,No determinado,no determinada,29RSA_2_0,18.0,6.0
Risaralda,2018-10-26 16:51:00,0,0.0,2018-09-28 05:00:00,viernes,20,Normal,Seca y limpia,Plano,Terraplen,Recta,Transito normal con precaución,0,0,0,0,0.0,Choque,no mantener distancia de seguridad,29RSA_1_0,18.0,6.0
Risaralda,2018-10-26 16:54:00,0,0.0,2018-09-28 05:00:00,viernes,50,Normal,Seca y limpia,Plano,Terraplen,Recta,Transito normal con precaución,0,0,0,0,0.0,Choque,maniobras imprudentes,29RSA_2_0,18.0,6.0
Risaralda,2018-10-26 16:59:00,4,890.0,2018-09-28 05:00:00,viernes,30,Normal,Humeda,Plano,Terraplen,Recta,Transito normal con precaución,0,0,1,0,1.0,Choque,maniobras imprudentes,2902_2_4,15.0,9.0
Risaralda,2018-10-26 17:02:00,3,490.0,2018-09-30 05:00:00,domingo,10,Normal,Seca y limpia,Plano,Terraplen,Recta,Transito normal con precaución,0,0,1,0,1.0,Atropello,conducta de peatones,2902_2_3,23.0,1.0
Risaralda,2018-10-26 17:05:00,0,0.0,2018-09-30 05:00:00,domingo,20,Normal,Seca y limpia,Plano,Terraplen,Recta,Transito normal con precaución,0,0,1,0,1.0,Choque,no mantener distancia de seguridad,2902_1_0,5.0,19.0
Caquetá,2018-10-26 19:20:00,14,710.0,2018-09-02 05:00:00,domingo,10,Lluvia,Humeda,Ondulado,Media ladera Izquierda,Curva Derecha,Cierre total,0,30,9,3,12.0,Choque,condiciones de la via y factores ambientales,6503_1_14,16.0,8.0
Caquetá,2018-10-26 19:30:00,48,450.0,2018-09-07 05:00:00,viernes,30,Seca,Seca y limpia,Montañoso,Cajón,Recta,Transito normal con precaución,0,0,0,0,0.0,Salida de la vía sin volcarse,no determinada,2003A_0_48,15.0,9.0
Valle del Cauca,2018-10-26 16:44:00,52,100.0,2018-06-01 05:00:00,viernes,30,Normal,Seca y limpia,Montañoso,Media ladera Izquierda,Curva Derecha,Transito normal con precaución,6,45,0,0,0.0,Choque,no determinada,4001_2_52,6.0,0.0
Valle del Cauca,2018-10-26 20:03:00,50,0.0,2018-06-02 05:00:00,sabado,30,Normal,Seca y limpia,Ondulado,Media ladera Izquierda,Curva Izquierda,Transito normal con precaución,15,40,0,0,0.0,Choque,no determinada,4001_1_50,15.0,0.0
Valle del Cauca,2018-10-26 20:06:00,24,100.0,2018-06-06 05:00:00,miercoles,30,Normal,Seca y limpia,Montañoso,Media ladera Izquierda,Curva Derecha,Transito normal con precaución,8,20,0,0,0.0,Choque,no determinada,4001_2_24,7.0,1.0
Valle del Cauca,2018-10-26 20:09:00,32,700.0,2018-06-04 05:00:00,lunes,0,Lluvia,Humeda,Montañoso,Media ladera Izquierda,Recta,Transito normal con precaución,12,30,0,0,0.0,Choque,no determinada,4001_1_32,12.0,0.0
Valle del Cauca,2018-10-26 20:11:00,52,0.0,2018-06-09 05:00:00,sabado,0,Normal,Seca y limpia,Montañoso,Media ladera Izquierda,Recta,Transito normal con precaución,9,30,0,0,0.0,Choque,no determinada,4001_2_52,9.0,0.0
Valle del Cauca,2018-10-26 20:14:00,24,600.0,2018-06-09 05:00:00,sabado,15,Lluvia,Humeda,Montañoso,Media ladera Izquierda,Curva Derecha,Transito normal con precaución,19,15,7,0,7.0,Volcamiento,no determinada,4001_2_24,18.0,1.0
Valle del Cauca,2018-10-26 20:16:00,48,800.0,2018-06-10 05:00:00,domingo,10,Normal,Seca y limpia,Montañoso,Media ladera Izquierda,Curva Derecha,Transito normal con precaución,6,20,0,0,0.0,Choque,no determinada,4001_1_48,6.0,0.0
Valle del Cauca,2018-10-26 20:19:00,40,200.0,2018-06-12 05:00:00,martes,0,Normal,Seca y limpia,Montañoso,Media ladera Izquierda,Curva Izquierda,Transito normal con precaución,9,30,0,0,0.0,Choque,no determinada,4001_1_40,9.0,0.0
Valle del Cauca,2018-10-26 20:22:00,52,100.0,2018-06-15 05:00:00,viernes,10,Normal,Seca y limpia,Montañoso,Media ladera Izquierda,Curva Izquierda,Transito normal con precaución,5,30,0,0,0.0,Choque,no determinada,4001_2_52,5.0,0.0
Valle del Cauca,2018-10-26 20:25:00,37,700.0,2018-06-23 05:00:00,sabado,0,Normal,Seca y limpia,Montañoso,Media ladera Izquierda,Recta,Transito normal con precaución,22,30,0,0,0.0,Volcamiento,no determinada,4001_1_37,22.0,0.0
Valle del Cauca,2018-10-26 20:27:00,58,0.0,2018-06-29 05:00:00,viernes,0,Normal,Seca y limpia,Montañoso,Media ladera Izquierda,Recta,Transito normal con precaución,13,16,0,0,0.0,Choque,no determinada,4001_1_58,13.0,0.0
Guajira,2018-10-26 22:07:00,69,800.0,2018-09-30 05:00:00,domingo,0,Sol,Seca y limpia,Plano,Terraplen,Recta,Transito normal con precaución,0,0,2,0,2.0,Choque,embriaguez o sustancias alucinogenas,4902_1_69,5.0,19.0
Guajira,2018-10-26 22:14:00,37,925.0,2018-09-29 05:00:00,sabado,30,Sol,Seca y limpia,Plano,Cajón,Recta,Transito normal con precaución,0,0,1,0,1.0,Choque,fallas mecanicas y del sistema electrico,8801_1_37,11.0,13.0
Guajira,2018-10-26 22:18:00,17,200.0,2018-09-29 05:00:00,sabado,40,Sol,Seca y limpia,Plano,Terraplen,Recta,Transito normal con precaución,0,0,0,0,0.0,Choque,exceso de velocidad,4902_1_17,14.0,10.0
Boyacá,2018-10-29 17:36:00,7,160.0,2018-09-05 05:00:00,miercoles,0,Lluvia,Humeda,Montañoso,Media Ladera Derecha,Curva Derecha,Transito normal con precaución,11,0,0,0,0.0,Volcamiento,desobediencia a normas y senales,6211_1_7,11.0,0.0
Boyacá,2018-10-29 17:39:00,15,691.0,2018-09-07 05:00:00,viernes,30,Lluvia,Humeda,Ondulado,Media Ladera Derecha,Curva Izquierda,Transito normal con precaución,20,30,0,0,0.0,Choque,desobediencia a normas y senales,5503_1_15,20.0,0.0
Boyacá,2018-10-29 17:47:00,14,0.0,2018-09-01 05:00:00,sabado,20,Normal,Seca y limpia,Ondulado,Media Ladera Derecha,Recta,Transito normal con precaución,2,20,1,0,1.0,Choque,embriaguez o sustancias alucinogenas,5503_1_14,2.0,0.0
Boyacá,2018-10-29 18:34:00,41,487.0,2018-09-09 05:00:00,domingo,30,Normal,Seca y limpia,Ondulado,Media ladera Izquierda,Curva Izquierda,Transito normal con precaución,5,30,0,0,0.0,Volcamiento,exceso de velocidad,5503_1_41,5.0,0.0
Boyacá,2018-10-29 18:37:00,18,370.0,2018-09-11 05:00:00,martes,10,Normal,Seca y limpia,Ondulado,Media ladera Izquierda,Recta,Transito normal con precaución,19,10,0,0,0.0,Choque,condiciones de la via y factores ambientales,5503_1_18,19.0,0.0
Boyacá,2018-10-29 18:40:00,16,53.0,2018-09-12 05:00:00,miercoles,45,Lluvia,Humeda,Ondulado,Media Ladera Derecha,Curva Izquierda,Transito normal con precaución,12,45,1,1,2.0,Atropello,desobediencia a normas y senales,5503_1_16,12.0,0.0
Boyacá,2018-10-29 18:43:00,17,840.0,2018-09-12 05:00:00,miercoles,0,Lluvia,Humeda,Ondulado,Media ladera Izquierda,Curva Derecha,Transito normal con precaución,0,0,0,0,0.0,Choque,desobediencia a normas y senales,5503_1_17,0.0,0.0
Boyacá,2018-10-29 18:45:00,9,360.0,2018-09-15 05:00:00,sabado,0,Normal,Seca y limpia,Ondulado,Media ladera Izquierda,Curva Izquierda,Transito normal con precaución,20,0,0,0,0.0,Volcamiento,no determinada,6211_1_9,20.0,0.0
Boyacá,2018-10-29 18:50:00,89,0.0,2018-09-18 05:00:00,martes,0,Normal,Seca y limpia,Plano,Media ladera Izquierda,Recta,Transito normal con precaución,9,0,1,0,1.0,Salida de la vía sin volcarse,exceso de velocidad,5503_1_89,9.0,0.0
Boyacá,2018-10-29 18:52:00,112,880.0,2018-09-20 05:00:00,jueves,50,Normal,Seca y limpia,Ondulado,Media Ladera Derecha,Curva Derecha,Transito normal con precaución,3,50,0,0,0.0,Choque,no determinada,5503_1_112,3.0,0.0
Boyacá,2018-10-29 18:55:00,82,520.0,2018-09-21 05:00:00,viernes,0,Normal,Seca y limpia,Plano,Media Ladera Derecha,Curva Derecha,Transito normal con precaución,2,0,0,0,0.0,Salida de la vía sin volcarse,defectos fisicos y psiquicos,5503_1_82,2.0,0.0
Boyacá,2018-10-29 18:58:00,73,770.0,2018-09-21 05:00:00,viernes,0,Normal,Seca y limpia,Plano,Media Ladera Derecha,Curva Derecha,Transito normal con precaución,7,0,0,0,0.0,Salida de la vía sin volcarse,desobediencia a normas y senales,5503_1_73,7.0,0.0
Boyacá,2018-10-29 19:01:00,38,380.0,2018-09-22 05:00:00,sabado,45,Lluvia,Humeda,Ondulado,Media Ladera Derecha,Curva Derecha,Transito normal con precaución,5,45,0,0,0.0,Choque,imprudencia del conductor,5503_1_38,5.0,0.0
Boyacá,2018-10-29 19:03:00,7,620.0,2018-09-22 05:00:00,sabado,30,Normal,Seca y limpia,Ondulado,Media ladera Izquierda,Curva Izquierda,Transito normal con precaución,9,30,2,0,2.0,Choque,exceso de velocidad,6211_1_7,9.0,0.0
Boyacá,2018-10-29 19:06:00,57,590.0,2018-09-27 05:00:00,jueves,30,Lluvia,Humeda,Ondulado,Media Ladera Derecha,Curva Izquierda,Transito normal con precaución,14,30,0,0,0.0,Choque,exceso de velocidad,5503_1_57,14.0,0.0
Boyacá,2018-10-29 19:10:00,67,620.0,2018-09-28 05:00:00,viernes,0,Normal,Seca y limpia,Plano,Cajón,Recta,Transito normal con precaución,12,0,0,0,0.0,Salida de la vía sin volcarse,imprudencia del conductor,5503_1_67,12.0,0.0
Boyacá,2018-10-29 19:12:00,15,450.0,2018-09-30 05:00:00,domingo,0,Normal,Seca y limpia,Ondulado,Media Ladera Derecha,Curva Derecha,Transito normal con precaución,9,0,0,0,0.0,Choque,exceso de velocidad,6211_1_15,9.0,0.0
Valle del Cauca,2018-10-29 19:44:00,8,60.0,2017-09-02 05:00:00,sabado,30,Lluvia,Humeda,Ondulado,Terraplen,Recta,Transito normal con precaución,11,0,0,0,0.0,Choque,no determinada,4001_1_8,10.0,1.0
Cesar,2018-10-29 20:46:00,42,800.0,2018-06-27 05:00:00,miercoles,0,Seca,Seca y limpia,Plano,Terraplen,Recta,Transito normal con precaución,4,0,1,0,1.0,Choque,imprudencia del conductor,4515_1_42,4.0,0.0
Valle del Cauca,2018-11-06 15:41:00,5,400.0,2017-09-19 05:00:00,martes,50,Normal,Seca y limpia,Ondulado,Terraplen,Curva Izquierda,Transito normal con precaución,17,35,1,0,1.0,Choque,no determinada,4001_1_5,16.0,1.0
Cesar,2018-10-29 20:46:00,53,600.0,2018-05-30 05:00:00,miercoles,0,Seca,Seca y limpia,Plano,Terraplen,Recta,Transito normal con precaución,14,0,1,0,2.0,Choque,imprudencia del conductor,4515_1_53,14.0,0.0
Cesar,2018-10-29 21:11:00,6,200.0,2018-06-07 05:00:00,jueves,20,Seca,Seca y limpia,Plano,Terraplen,Recta,Transito normal con precaución,0,20,0,0,0.0,Choque,condiciones de la via y factores ambientales,4515_1_6,0.0,0.0
Cesar,2018-10-29 21:11:00,38,600.0,2018-06-05 05:00:00,martes,0,Seca,Seca y limpia,Plano,Terraplen,Recta,Transito normal con precaución,18,0,1,0,1.0,Volcamiento,imprudencia del conductor,4515_1_38,18.0,0.0
Cesar,2018-10-29 21:11:00,54,860.0,2018-06-08 05:00:00,viernes,20,Seca,Seca y limpia,Plano,Terraplen,Recta,Transito normal con precaución,22,20,0,0,1.0,Choque,no mantener distancia de seguridad,4515_1_54,22.0,0.0
Cesar,2018-10-29 21:23:00,59,840.0,2018-06-23 05:00:00,sabado,30,Seca,Seca y limpia,Plano,Terraplen,Recta,Transito normal con precaución,2,30,0,0,0.0,Salida de la vía sin volcarse,fallas mecanicas y del sistema electrico,4515_1_59,2.0,0.0
Cesar,2018-10-29 21:23:00,65,200.0,2018-06-14 05:00:00,jueves,50,Seca,Seca y limpia,Plano,Terraplen,Curva Derecha,Transito normal con precaución,20,0,0,0,0.0,Choque,imprudencia del conductor,4515_1_65,19.0,1.0
Cesar,2018-10-29 21:23:00,69,120.0,2018-06-21 05:00:00,jueves,0,Seca,Seca y limpia,Plano,Terraplen,Recta,Transito normal con precaución,1,0,0,0,0.0,Salida de la vía sin volcarse,defectos fisicos y psiquicos,4515_1_69,1.0,0.0
Cesar,2018-10-29 21:23:00,71,500.0,2018-06-13 05:00:00,miercoles,10,Seca,Seca y limpia,Plano,Terraplen,Recta,Transito normal con precaución,13,10,0,0,0.0,Choque,adelantamientos indebidos,4515_1_71,13.0,0.0
Cesar,2018-10-29 21:23:00,72,200.0,2018-06-03 05:00:00,domingo,35,Seca,Seca y limpia,Plano,Terraplen,Recta,Transito normal con precaución,13,35,0,0,0.0,Choque,no mantener distancia de seguridad,4515_1_72,13.0,0.0
Cesar,2018-10-29 21:23:00,74,760.0,2018-06-16 05:00:00,sabado,5,Seca,Seca y limpia,Plano,Terraplen,Recta,Transito normal con precaución,13,5,0,0,0.0,Choque,adelantamientos indebidos,4515_1_74,13.0,0.0
Cesar,2018-10-29 21:23:00,82,440.0,2018-06-16 05:00:00,sabado,0,Seca,Seca y limpia,Plano,Terraplen,Recta,Transito normal con precaución,20,0,0,0,0.0,Choque,adelantamientos indebidos,4515_1_82,20.0,0.0
Cesar,2018-10-29 22:04:00,42,430.0,2018-06-28 05:00:00,jueves,0,Seca,Seca y limpia,Plano,Terraplen,Recta,Transito normal con precaución,14,0,0,0,0.0,Choque,adelantamientos indebidos,4515_1_42,14.0,0.0
Cesar,2018-10-29 22:21:00,0,30.0,2018-07-26 05:00:00,jueves,30,Seca,Seca y limpia,Plano,Terraplen,Recta,Transito normal con precaución,16,30,1,0,1.0,Choque,imprudencia del conductor,4515_1_0,16.0,0.0
Cesar,2018-10-29 22:21:00,48,0.0,2018-07-18 05:00:00,miercoles,30,Seca,Seca y limpia,Plano,Terraplen,Recta,Transito normal con precaución,14,30,0,0,1.0,Volcamiento,fallas mecanicas y del sistema electrico,4515_1_48,14.0,0.0
Cesar,2018-10-29 22:21:00,48,200.0,2018-07-18 05:00:00,miercoles,30,Seca,Seca y limpia,Plano,Terraplen,Recta,Transito normal con precaución,14,30,0,0,1.0,Choque,no mantener distancia de seguridad,4515_1_48,14.0,0.0
Cesar,2018-10-29 22:21:00,62,600.0,2018-07-27 05:00:00,viernes,30,Seca,Seca y limpia,Plano,Terraplen,Recta,Transito normal con precaución,3,30,1,0,2.0,Choque,adelantamientos indebidos,4515_1_62,3.0,0.0
Cesar,2018-10-29 22:21:00,69,450.0,2018-07-23 05:00:00,lunes,20,Seca,Seca y limpia,Plano,Terraplen,Recta,Transito normal con precaución,9,20,1,0,3.0,Volcamiento,fallas mecanicas y del sistema electrico,4515_1_69,9.0,0.0
Cesar,2018-10-29 22:42:00,71,500.0,2018-07-23 05:00:00,lunes,0,Seca,Seca y limpia,Plano,Terraplen,Recta,Transito normal con precaución,18,0,2,0,2.0,Choque,desobediencia a normas y senales,4515_1_71,18.0,0.0
Cesar,2018-10-29 22:42:00,72,30.0,2018-07-29 05:00:00,domingo,0,Seca,Seca y limpia,Plano,Terraplen,Recta,Transito normal con precaución,14,0,0,0,2.0,Choque,maniobras imprudentes,4515_1_72,14.0,0.0
Cesar,2018-10-29 22:42:00,78,670.0,2018-07-15 05:00:00,domingo,20,Seca,Seca y limpia,Plano,Terraplen,Recta,Transito normal con precaución,0,20,0,1,3.0,Choque,adelantamientos indebidos,4515_1_78,0.0,0.0
Cesar,2018-10-29 22:42:00,80,400.0,2018-07-21 05:00:00,sabado,20,Seca,Seca y limpia,Plano,Terraplen,Recta,Transito normal con precaución,7,20,0,0,3.0,Choque,adelantamientos indebidos,4515_1_80,7.0,0.0
Cesar,2018-10-30 00:27:00,73,323.0,2018-08-29 05:00:00,miercoles,30,Lluvia,Humeda,Plano,Terraplen,Recta,Transito normal con precaución,6,30,0,0,0.0,Choque,estacionamiento y senalizacion imprudente,4515_1_73,6.0,0.0
Ocaña,2018-10-31 16:49:00,47,950.0,2018-09-09 05:00:00,domingo,0,Sol,Seca y limpia,Ondulado,Terraplen,Recta,Transito normal con precaución,0,0,1,0,4.0,Choque,impericia en el manejo,7007_1_47,6.0,18.0
Cesar,2018-10-30 00:27:00,60,900.0,2018-08-20 05:00:00,lunes,0,Viento,Seca y limpia,Plano,Terraplen,Recta,Transito normal con precaución,15,0,0,3,4.0,Choque,defectos fisicos y psiquicos,4515_1_60,15.0,0.0
Cesar,2018-10-30 00:27:00,84,780.0,2018-08-16 05:00:00,jueves,30,Seca,Seca y limpia,Plano,Terraplen,Recta,Transito normal con precaución,17,30,0,1,6.0,Choque,adelantamientos indebidos,4515_1_84,17.0,0.0
Cesar,2018-10-30 00:43:00,68,957.0,2018-09-13 05:00:00,jueves,55,Seca,Seca y limpia,Plano,Terraplen,Recta,Transito normal con precaución,13,55,0,1,1.0,Choque,no mantener distancia de seguridad,4515_1_68,13.0,0.0
Cesar,2018-10-30 00:43:00,84,386.0,2018-09-16 05:00:00,domingo,20,Seca,Seca y limpia,Plano,Terraplen,Recta,Transito normal con precaución,11,20,0,0,1.0,Choque,imprudencia del conductor,4515_1_84,11.0,0.0
Cesar,2018-10-30 00:50:00,80,860.0,2018-10-15 05:00:00,lunes,30,Seca,Seca y limpia,Plano,Terraplen,Recta,Transito normal con precaución,8,30,0,0,0.0,Choque,defectos fisicos y psiquicos,4515_1_80,8.0,0.0
Nariño,2018-10-30 13:59:00,35,52.0,2018-10-14 05:00:00,domingo,0,Normal,Seca y limpia,Montañoso,Media Ladera Derecha,Curva Derecha,Transito normal con precaución,0,0,0,1,2.0,Choque,embriaguez o sustancias alucinogenas,1002_1_35,3.0,21.0
Norte de Santander,2018-10-30 18:47:00,11,356.0,2018-10-06 05:00:00,sabado,0,Normal,Seca y limpia,Montañoso,Media ladera Izquierda,Curva Derecha,Parcial con paso alternado,0,0,0,1,1.0,Volcamiento,no determinada,6604_0_11,0.0,0.0
Norte de Santander,2018-10-30 18:53:00,15,730.0,2018-10-20 05:00:00,sabado,29,Normal,Humeda,Montañoso,Media Ladera Derecha,Recta,Transito normal con precaución,6,0,2,0,2.0,Volcamiento,no determinada,6604_0_15,0.0,6.0
Valle del Cauca,2018-10-30 16:02:00,9,100.0,2017-09-06 05:00:00,miercoles,10,Lluvia,Humeda,Ondulado,Terraplen,Recta,Transito normal con precaución,7,35,1,0,1.0,Caída ocupante,no determinada,4001_2_9,7.0,0.0
Caquetá,2018-10-30 20:49:00,61,275.0,2018-09-12 05:00:00,miercoles,0,Lluvia,Humeda,Montañoso,Media ladera Izquierda,Recta,Transito normal con precaución,0,0,0,0,0.0,Choque,defectos fisicos y psiquicos,2003A_0_61,1.0,23.0
Caquetá,2018-10-30 20:53:00,63,100.0,2018-09-15 05:00:00,sabado,10,Seca,Seca y limpia,Montañoso,Media ladera Izquierda,Recta,Transito normal con precaución,0,0,0,0,0.0,Choque,fallas mecanicas y del sistema electrico,2003A_0_63,10.0,14.0
Valle del Cauca,2018-11-06 14:45:00,7,0.0,2017-09-12 05:00:00,martes,10,Normal,Seca y limpia,Ondulado,Terraplen,Recta,Transito normal con precaución,15,30,0,0,0.0,Choque,no determinada,4001_2_7,15.0,0.0
Caquetá,2018-10-30 20:56:00,73,920.0,2018-09-17 05:00:00,lunes,40,Seca,Seca y limpia,Ondulado,Cajón,Curva Izquierda,Transito normal con precaución,0,0,2,0,2.0,Choque,maniobras imprudentes,2003A_0_73,9.0,15.0
Caquetá,2018-10-30 20:59:00,23,230.0,2018-09-25 05:00:00,martes,0,Seca,Seca y limpia,Plano,Terraplen,Curva Derecha,Transito normal con precaución,0,0,0,0,0.0,Choque,exceso de velocidad,6503_1_23,12.0,12.0
Caquetá,2018-10-30 21:01:00,54,740.0,2018-09-29 05:00:00,sabado,5,Seca,Seca y limpia,Ondulado,Cajón,Curva Izquierda,Cierre total,0,30,0,1,1.0,Choque,imprudencia del conductor,6503_1_54,16.0,8.0
Valle del Cauca,2018-10-31 14:19:00,7,800.0,2017-09-08 05:00:00,viernes,40,Lluvia,Humeda,Ondulado,Terraplen,Recta,Transito normal con precaución,8,30,3,0,3.0,Atropello,no determinada,4001_2_7,7.0,1.0
Ocaña,2018-10-31 16:57:00,52,650.0,2018-09-14 05:00:00,viernes,0,Sol,Seca y limpia,Ondulado,Terraplen,Curva Izquierda,Transito normal con precaución,0,0,1,0,1.0,Choque,no determinada,7007_1_52,8.0,16.0
Casanare,2018-10-31 22:41:00,42,400.0,2018-10-08 05:00:00,lunes,0,Normal,Seca y limpia,Plano,Terraplen,Recta,Transito normal con precaución,0,0,0,0,0.0,Salida de la vía sin volcarse,no determinada,6211_1_42,5.0,19.0
Casanare,2018-10-31 22:46:00,87,40.0,2018-10-12 05:00:00,viernes,20,Normal,Seca y limpia,Montañoso,Media Ladera Derecha,Curva Derecha,Transito normal con precaución,0,0,0,0,0.0,Salida de la vía sin volcarse,no determinada,6211_1_87,7.0,17.0
Casanare,2018-10-31 22:50:00,104,400.0,2018-10-21 05:00:00,domingo,30,Normal,Seca y limpia,Plano,Terraplen,Recta,Transito normal con precaución,0,0,1,0,1.0,Otro,no determinada,6512_1_104,2.0,22.0
Valle del Cauca,2018-10-31 14:24:00,6,900.0,2017-09-09 05:00:00,sabado,35,Normal,Seca y limpia,Ondulado,Terraplen,Recta,Transito normal con precaución,9,45,0,0,0.0,Choque,no determinada,4001_1_6,9.0,0.0
Ocaña,2018-10-31 16:37:00,24,500.0,2018-09-07 05:00:00,viernes,40,Normal,Seca y limpia,Plano,Terraplen,Recta,Transito normal con precaución,0,0,0,0,0.0,Choque,no determinada,7008_1_24,16.0,8.0
Ocaña,2018-10-31 16:42:00,25,200.0,2018-09-23 05:00:00,domingo,50,Normal,Seca y limpia,Plano,Terraplen,Recta,Transito normal con precaución,0,0,1,0,1.0,Choque,no determinada,7008_1_25,21.0,3.0
Ocaña,2018-10-31 16:49:00,25,800.0,2018-09-20 05:00:00,jueves,57,Normal,Seca y limpia,Plano,Terraplen,Recta,Transito normal con precaución,0,0,0,0,0.0,Choque,no determinada,7008_2_25,16.0,8.0
Ocaña,2018-10-31 16:49:00,27,700.0,2018-08-28 05:00:00,martes,38,Normal,Seca y limpia,Plano,Terraplen,Recta,Transito normal con precaución,0,0,1,0,1.0,Choque,no determinada,7008_1_27,21.0,3.0
Ocaña,2018-10-31 16:49:00,3,900.0,2018-07-11 05:00:00,miercoles,30,Normal,Seca y limpia,Ondulado,Media ladera Izquierda,Curva Derecha,Transito normal con precaución,0,0,2,0,3.0,Choque,no determinada,7008_1_3,19.0,5.0
Valle del Cauca,2018-11-06 15:17:00,1,0.0,2017-09-12 05:00:00,martes,30,Normal,Seca y limpia,Ondulado,Terraplen,Recta,Transito normal con precaución,13,10,0,0,0.0,Choque,no determinada,4001_1_1,12.0,1.0
Ocaña,2018-10-31 17:00:00,48,650.0,2018-09-29 05:00:00,sabado,0,Normal,Seca y limpia,Ondulado,Terraplen,Curva Izquierda,Transito normal con precaución,0,0,1,0,1.0,Choque,embriaguez o sustancias alucinogenas,7007_1_48,5.0,19.0
Casanare,2018-10-31 22:55:00,78,100.0,2018-10-21 05:00:00,domingo,30,Normal,Seca y limpia,Montañoso,Media Ladera Derecha,Curva Derecha,Cierre total,1,0,0,1,1.0,Choque,no determinada,6211_1_78,15.0,10.0
Casanare,2018-10-31 23:00:00,82,120.0,2018-10-23 05:00:00,martes,50,Lluvia,Humeda,Montañoso,Media Ladera Derecha,Curva Derecha,Transito normal con precaución,0,0,0,0,0.0,Volcamiento,no determinada,6211_1_82,11.0,13.0
Casanare,2018-10-31 23:04:00,38,90.0,2018-10-24 05:00:00,miercoles,0,Sol,Seca y limpia,Montañoso,Cajón,Curva Izquierda,Transito normal con precaución,0,0,0,0,0.0,Choque,no determinada,6211_1_38,5.0,19.0
Casanare,2018-10-31 23:09:00,56,800.0,2018-10-25 05:00:00,jueves,31,Normal,Humeda,Montañoso,Media Ladera Derecha,Curva Izquierda,Transito normal con precaución,0,0,0,0,0.0,Salida de la vía sin volcarse,no determinada,6211_1_56,6.0,18.0
Casanare,2018-10-31 23:12:00,50,750.0,2018-10-28 05:00:00,domingo,30,Normal,Seca y limpia,Montañoso,Media Ladera Derecha,Curva Izquierda,Transito normal con precaución,0,0,0,0,0.0,Choque,no determinada,6211_1_50,13.0,11.0
Cauca,2018-11-02 13:39:00,1,0.0,2018-09-23 05:00:00,domingo,18,Normal,Seca y limpia,Montañoso,Media ladera Izquierda,Curva Derecha,Transito normal con precaución,0,0,0,0,0.0,Volcamiento,fallas mecanicas y del sistema electrico,2002_1_1,4.0,20.0
Nariño,2018-11-02 14:12:00,48,910.0,2018-10-26 05:00:00,viernes,30,Normal,Seca y limpia,Montañoso,Media Ladera Derecha,Recta,Transito normal con precaución,0,0,2,0,2.0,Choque,maniobras imprudentes,1002_1_48,6.0,18.0
Nariño,2018-11-02 16:02:00,77,640.0,2018-10-11 05:00:00,jueves,30,Sol,Seca y limpia,Montañoso,Media Ladera Derecha,Curva Derecha,Transito normal con precaución,15,30,0,0,0.0,Choque,imprudencia del conductor,2501A_0_77,15.0,0.0
Casanare,2018-11-02 23:01:00,101,500.0,2018-10-01 05:00:00,lunes,30,Seca,Humeda,Plano,Terraplen,Recta,Transito normal con precaución,1,0,0,1,1.0,Choque,estacionamiento y senalizacion imprudente,6515_1_101,13.0,12.0
Casanare,2018-11-02 23:01:00,125,975.0,2018-10-04 05:00:00,jueves,0,Seca,Seca y limpia,Plano,Terraplen,Recta,Transito normal con precaución,1,0,0,0,3.0,Choque,imprudencia del conductor,6515_1_125,19.0,6.0