territorial,fecha_registro,pr,distancia_pr,fecha_acc,dia_semana_acc,min_acc,condic_meteor,estado_super,terreno,secc_tip,geometria_acc,tipo_cierre,horas_cierre,min_cierre,n_heridos,n_muertos,n_victimas,clase_accidente,causa_posible,ref_loc,hora_acc,duracion_cierre_horas
Casanare,2018-11-02 23:01:00,69,500.0,2018-10-07 05:00:00,domingo,30,Seca,Seca y limpia,Plano,Terraplen,Recta,Parcial con reducción de carriles,2,0,0,1,4.0,Choque,no determinada,6515_1_69,9.0,17.0
Casanare,2018-11-02 23:01:00,128,990.0,2018-10-01 05:00:00,lunes,45,Normal,Humeda,Plano,Terraplen,Curva Derecha,Parcial con paso alternado,1,0,1,0,5.0,Choque,no determinada,6515_1_128,17.0,8.0
Cauca,2018-11-06 13:48:00,11,400.0,2018-10-30 05:00:00,martes,0,Normal,Seca y limpia,Montañoso,Terraplen,Recta,Parcial con paso alternado,0,0,1,0,1.0,Volcamiento,fallas mecanicas y del sistema electrico,2401_0_11,7.0,17.0
Cauca,2018-11-06 14:13:00,35,900.0,2018-11-04 05:00:00,domingo,30,Lluvia,Humeda,Ondulado,Terraplen,Recta,Transito normal con precaución,0,0,1,0,1.0,Volcamiento,defectos fisicos y psiquicos,2001_1_35,4.0,20.0
Valle del Cauca,2018-11-06 15:53:00,3,150.0,2017-09-23 05:00:00,sabado,30,Lluvia,Humeda,Ondulado,Terraplen,Recta,Transito normal con precaución,20,10,1,0,1.0,Choque,no determinada,4001_2_3,18.0,2.0
Valle del Cauca,2018-11-06 16:12:00,6,900.0,2017-09-23 05:00:00,sabado,0,Normal,Seca y limpia,Ondulado,Terraplen,Recta,Transito normal con precaución,11,20,0,0,0.0,No determinado,no determinada,4001_1_6,11.0,0.0
Nariño,2018-11-06 16:20:00,52,0.0,2018-10-24 05:00:00,miercoles,30,Normal,Seca y limpia,Montañoso,Media Ladera Derecha,Curva Derecha,Transito normal con precaución,0,0,0,0,0.0,Salida de la vía sin volcarse,defectos fisicos y psiquicos,1002_1_52,5.0,19.0
Valle del Cauca,2018-11-06 16:19:00,5,600.0,2017-09-25 05:00:00,lunes,10,Lluvia,Humeda,Ondulado,Terraplen,Recta,Transito normal con precaución,7,30,0,0,0.0,Choque,no determinada,4001_2_5,7.0,0.0
Valle del Cauca,2018-11-06 16:34:00,5,150.0,2017-09-26 05:00:00,martes,40,Normal,Seca y limpia,Ondulado,Terraplen,Recta,Transito normal con precaución,16,10,0,0,0.0,Choque,no determinada,4001_1_5,15.0,1.0
Valle del Cauca,2018-11-06 16:46:00,8,950.0,2017-09-26 05:00:00,martes,20,Normal,Seca y limpia,Ondulado,Terraplen,Recta,Transito normal con precaución,13,33,1,0,1.0,Choque,no determinada,4001_2_8,12.0,1.0
Valle del Cauca,2018-11-06 16:53:00,8,850.0,2017-09-27 05:00:00,miercoles,40,Normal,Seca y limpia,Ondulado,Terraplen,Recta,Transito normal con precaución,7,0,0,0,0.0,Choque,no determinada,4001_1_8,6.0,1.0
Boyacá,2018-11-06 19:50:00,127,470.0,2018-10-02 05:00:00,martes,30,Normal,Seca y limpia,Ondulado,Media ladera Izquierda,Curva Derecha,Transito normal con precaución,19,30,0,0,0.0,Choque,exceso de velocidad,5503_1_127,19.0,0.0
Santander,2018-11-06 20:22:00,37,620.0,2018-10-06 05:00:00,sabado,5,Normal,Seca y limpia,Montañoso,Media Ladera Derecha,Curva Izquierda,Transito normal con precaución,16,5,0,1,1.0,Choque,no determinada,45A08_1_37,16.0,0.0
Boyacá,2018-11-06 19:45:00,31,510.0,2018-10-01 05:00:00,lunes,0,Normal,Seca y limpia,Ondulado,Media ladera Izquierda,Curva Izquierda,Transito normal con precaución,15,0,0,0,0.0,Volcamiento,exceso de velocidad,5503_1_31,15.0,0.0
Boyacá,2018-11-06 19:55:00,15,400.0,2018-10-12 05:00:00,viernes,0,Lluvia,Humeda,Plano,Media ladera Izquierda,Curva Izquierda,Transito normal con precaución,10,0,1,0,1.0,Choque,exceso de velocidad,6211_1_15,10.0,0.0
Valle del Cauca,2018-11-06 19:44:00,9,400.0,2017-10-01 05:00:00,domingo,20,Normal,Seca y limpia,Ondulado,Terraplen,Recta,Transito normal con precaución,15,35,0,0,0.0,Choque,no determinada,4001_2_9,15.0,0.0
Boyacá,2018-11-06 20:25:00,25,500.0,2018-10-13 05:00:00,sabado,0,Normal,Seca y limpia,Plano,Terraplen,Recta,Transito normal con precaución,17,0,0,0,0.0,Salida de la vía sin volcarse,exceso de velocidad,5503_1_25,17.0,0.0
Valle del Cauca,2018-11-06 20:24:00,6,50.0,2017-10-01 05:00:00,domingo,0,Normal,Seca y limpia,Ondulado,Terraplen,Recta,Transito normal con precaución,10,40,0,0,0.0,Choque,no determinada,4001_1_6,9.0,1.0
Boyacá,2018-11-06 20:30:00,39,730.0,2018-10-14 05:00:00,domingo,0,Normal,Seca y limpia,Ondulado,Media Ladera Derecha,Curva Derecha,Transito normal con precaución,12,0,0,0,0.0,Salida de la vía sin volcarse,imprudencia del conductor,5503_1_39,12.0,0.0
Boyacá,2018-11-06 20:33:00,83,790.0,2018-10-17 05:00:00,miercoles,30,Normal,Seca y limpia,Ondulado,Media Ladera Derecha,Curva Izquierda,Transito normal con precaución,4,30,0,0,0.0,Volcamiento,exceso de velocidad,5503_1_83,4.0,0.0
Valle del Cauca,2018-11-06 20:31:00,7,700.0,2017-10-02 05:00:00,lunes,25,Lluvia,Humeda,Ondulado,Terraplen,Recta,Transito normal con precaución,8,50,1,0,1.0,Choque,no determinada,4001_2_7,8.0,0.0
Boyacá,2018-11-06 20:35:00,60,555.0,2018-10-19 05:00:00,viernes,0,Lluvia,Humeda,Plano,Media ladera Izquierda,Curva Derecha,Transito normal con precaución,9,0,0,0,0.0,Salida de la vía sin volcarse,desobediencia a normas y senales,5503_1_60,9.0,0.0
Boyacá,2018-11-06 20:37:00,31,630.0,2018-10-20 05:00:00,sabado,30,Lluvia,Humeda,Ondulado,Media ladera Izquierda,Curva Izquierda,Transito normal con precaución,18,30,0,0,0.0,Choque,desobediencia a normas y senales,5503_1_31,18.0,0.0
Santander,2018-11-06 20:40:00,78,437.0,2018-10-27 05:00:00,sabado,30,Normal,Seca y limpia,Plano,Terraplen,Recta,Transito normal con precaución,19,30,0,0,0.0,Volcamiento,imprudencia del conductor,45A08_1_78,19.0,0.0
Boyacá,2018-11-06 20:41:00,16,40.0,2018-10-23 05:00:00,martes,0,Lluvia,Humeda,Ondulado,Media Ladera Derecha,Curva Izquierda,Transito normal con precaución,5,0,0,0,0.0,Salida de la vía sin volcarse,desobediencia a normas y senales,5503_1_16,5.0,0.0
Santander,2018-11-06 20:44:00,80,58.0,2018-10-09 05:00:00,martes,15,Lluvia,Humeda,Montañoso,Media ladera Izquierda,Curva Izquierda,Transito normal con precaución,5,15,0,0,0.0,Choque,desobediencia a normas y senales,45A08_1_80,5.0,0.0
Santander,2018-11-06 20:47:00,64,938.0,2018-10-02 05:00:00,martes,30,Normal,Seca y limpia,Plano,Terraplen,Recta,Transito normal con precaución,15,30,0,0,0.0,Salida de la vía sin volcarse,exceso en horas de conduccion,45A08_1_64,15.0,0.0
Valle del Cauca,2018-11-06 20:38:00,1,750.0,2017-10-03 05:00:00,martes,50,Normal,Seca y limpia,Ondulado,Terraplen,Recta,Transito normal con precaución,18,20,1,0,1.0,Atropello,no determinada,4001_2_1,16.0,2.0
Valle del Cauca,2018-11-06 20:57:00,6,450.0,2017-10-04 05:00:00,miercoles,15,Lluvia,Humeda,Ondulado,Terraplen,Recta,Transito normal con precaución,0,25,0,0,0.0,Choque,no determinada,4001_1_6,10.0,14.0
Valle del Cauca,2018-11-06 21:00:00,4,100.0,2017-10-06 05:00:00,viernes,0,Normal,Seca y limpia,Ondulado,Terraplen,Recta,Transito normal con precaución,8,30,0,0,0.0,Choque,no determinada,4001_2_4,8.0,0.0
Valle del Cauca,2018-11-06 21:09:00,0,800.0,2017-10-12 05:00:00,jueves,40,Normal,Seca y limpia,Ondulado,Terraplen,Recta,Transito normal con precaución,19,23,0,0,0.0,Choque,no determinada,4001_1_0,18.0,1.0
Valle del Cauca,2018-11-06 21:12:00,9,250.0,2017-10-13 05:00:00,viernes,50,Lluvia,Humeda,Ondulado,Terraplen,Recta,Transito normal con precaución,14,20,0,0,0.0,Choque,no determinada,4001_2_9,13.0,1.0
Valle del Cauca,2018-11-06 21:16:00,8,170.0,2017-10-16 05:00:00,lunes,0,Normal,Seca y limpia,Ondulado,Terraplen,Recta,Transito normal con precaución,6,48,2,0,2.0,Choque,no determinada,4001_1_8,6.0,0.0
Putumayo,2018-11-07 12:30:00,61,30.0,2018-09-29 05:00:00,sabado,30,Normal,Seca y limpia,Plano,Terraplen,Recta,Transito normal con precaución,7,30,2,0,2.0,Atropello,condiciones de la via y factores ambientales,1003_1_61,7.0,0.0
Putumayo,2018-11-07 12:36:00,61,590.0,2018-10-04 05:00:00,jueves,30,Normal,Seca y limpia,Plano,Terraplen,Recta,Transito normal con precaución,0,0,1,0,1.0,Caída ocupante,estacionamiento y senalizacion imprudente,1003_1_61,16.0,8.0
Putumayo,2018-11-07 12:43:00,57,960.0,2018-10-27 05:00:00,sabado,30,Normal,Seca y limpia,Plano,Terraplen,Recta,Transito normal con precaución,0,0,1,0,1.0,Choque,no mantener distancia de seguridad,1003_1_57,20.0,4.0
Cesar,2018-11-08 13:18:00,136,950.0,2018-09-18 05:00:00,martes,10,Normal,Seca y limpia,Plano,Terraplen,Recta,Transito normal con precaución,14,10,0,0,0.0,Volcamiento,desobediencia a normas y senales,4901_1_136,14.0,0.0
Córdoba,2018-11-08 13:42:00,28,500.0,2018-07-13 05:00:00,viernes,30,Seca,Seca y limpia,Plano,Terraplen,Recta,Transito normal con precaución,0,0,0,0,0.0,Choque,imprudencia del conductor,7801_1_28,16.0,8.0
Cesar,2018-11-08 13:34:00,123,100.0,2018-09-20 05:00:00,jueves,40,Normal,Seca y limpia,Plano,Terraplen,Recta,Transito normal con precaución,5,40,3,2,5.0,Choque,adelantamientos indebidos,4901_1_123,5.0,0.0
Cundinamarca,2018-11-08 13:58:00,50,800.0,2018-10-24 05:00:00,miercoles,30,Lluvia,Humeda,Montañoso,Media ladera Izquierda,Curva Izquierda,Transito normal con precaución,1,1,0,0,0.0,Choque,maniobras imprudentes,5008_1_50,23.0,2.0
Cundinamarca,2018-11-08 14:03:00,54,300.0,2018-10-26 05:00:00,viernes,20,Lluvia,Humeda,Montañoso,Media ladera Izquierda,Curva Izquierda,Transito normal con precaución,1,0,0,0,0.0,Choque,maniobras imprudentes,5008_1_54,9.0,16.0
Cundinamarca,2018-11-08 14:14:00,57,100.0,2018-10-24 05:00:00,miercoles,30,Lluvia,Humeda,Montañoso,Media ladera Izquierda,Curva Izquierda,Transito normal con precaución,1,0,0,0,0.0,Choque,condiciones de la via y factores ambientales,5008_1_57,7.0,18.0
Cundinamarca,2018-11-08 14:07:00,35,470.0,2018-10-13 05:00:00,sabado,0,Normal,Seca y limpia,Montañoso,Media Ladera Derecha,Curva Derecha,Transito normal con precaución,1,0,0,0,0.0,Choque,maniobras imprudentes,5008_1_35,19.0,6.0
Cundinamarca,2018-11-08 14:18:00,22,100.0,2018-10-10 05:00:00,miercoles,30,Niebla,Humeda,Montañoso,Media ladera Izquierda,Curva Izquierda,Cierre total,0,20,0,1,1.0,Caída ocupante,conducta de pasajeros,5008_1_22,2.0,22.0
Cesar,2018-11-08 14:03:00,106,20.0,2018-09-26 05:00:00,miercoles,10,Normal,Seca y limpia,Plano,Terraplen,Recta,Transito normal con precaución,12,10,2,0,2.0,Choque,defectos fisicos y psiquicos,4901_1_106,12.0,0.0
Quindío,2018-11-08 14:10:00,10,400.0,2018-10-03 05:00:00,miercoles,20,Lluvia,Humeda,Montañoso,Media ladera Izquierda,Curva Izquierda,Transito normal con precaución,0,0,1,0,1.0,Choque,no determinada,4003_1_10,12.0,12.0
Quindío,2018-11-08 14:40:00,10,250.0,2018-10-05 05:00:00,viernes,50,Normal,Seca y limpia,Plano,Cajón,Recta,Parcial con reducción de carriles,1,0,2,0,2.0,Volcamiento,no determinada,2901B_1_10,21.0,4.0
Quindío,2018-11-08 16:22:00,18,700.0,2018-10-08 05:00:00,lunes,35,Normal,Humeda,Montañoso,Media Ladera Derecha,Recta,Transito normal con precaución,0,0,0,0,0.0,Choque,no determinada,4003_1_18,8.0,16.0
Cesar,2018-11-08 16:34:00,2,300.0,2018-10-01 05:00:00,lunes,10,Normal,Seca y limpia,Plano,Terraplen,Recta,Transito normal con precaución,14,10,0,0,0.0,Choque,no mantener distancia de seguridad,8004_1_2,14.0,0.0
Quindío,2018-11-08 16:35:00,3,400.0,2018-10-08 05:00:00,lunes,20,Normal,Seca y limpia,Ondulado,Media ladera Izquierda,Recta,Parcial con reducción de carriles,1,0,2,0,2.0,Choque,no determinada,2901B_1_3,16.0,9.0
Cesar,2018-11-08 16:43:00,7,0.0,2018-10-01 05:00:00,lunes,0,Normal,Seca y limpia,Plano,Terraplen,Curva Derecha,Transito normal con precaución,17,30,0,0,0.0,Volcamiento,maniobras imprudentes,4901_1_7,17.0,0.0
Quindío,2018-11-08 16:40:00,16,320.0,2018-10-09 05:00:00,martes,20,Seca,Seca y limpia,Plano,Terraplen,Curva Izquierda,Transito normal con precaución,0,0,0,0,2.0,Choque,no determinada,2901B_1_16,15.0,9.0
Quindío,2018-11-08 18:47:00,14,0.0,2018-10-10 05:00:00,miercoles,50,Lluvia,Humeda,Montañoso,Media ladera Izquierda,Recta,Transito normal con precaución,0,0,0,0,0.0,Choque,maniobras imprudentes,4003_1_14,12.0,12.0
Quindío,2018-11-08 18:49:00,9,300.0,2018-10-16 05:00:00,martes,15,Normal,Seca y limpia,Montañoso,Media ladera Izquierda,Recta,Transito normal con precaución,0,0,0,0,0.0,Choque,no determinada,4003_1_9,15.0,9.0
Quindío,2018-11-08 18:52:00,10,550.0,2018-10-16 05:00:00,martes,20,Lluvia,Humeda,Montañoso,Media ladera Izquierda,Curva Derecha,Parcial con reducción de carriles,1,0,0,0,0.0,Choque,no determinada,4003_1_10,16.0,9.0
Quindío,2018-11-08 18:56:00,16,400.0,2018-10-16 05:00:00,martes,0,Normal,Seca y limpia,Montañoso,Media Ladera Derecha,Curva Izquierda,Parcial con reducción de carriles,1,0,0,0,0.0,Choque,adelantamientos indebidos,4003_1_16,8.0,17.0
Quindío,2018-11-08 18:59:00,23,140.0,2018-10-17 05:00:00,miercoles,30,Normal,Seca y limpia,Montañoso,Media Ladera Derecha,Curva Izquierda,Transito normal con precaución,0,0,0,0,0.0,Volcamiento,no determinada,4003_1_23,13.0,11.0
Quindío,2018-11-08 19:28:00,9,950.0,2018-10-22 05:00:00,lunes,30,Normal,Seca y limpia,Plano,Terraplen,Recta,Transito normal con precaución,0,0,2,0,2.0,Choque,no determinada,2901B_1_9,5.0,19.0
Quindío,2018-11-08 19:32:00,4,500.0,2018-10-25 05:00:00,jueves,45,Normal,Seca y limpia,Ondulado,Media ladera Izquierda,Recta,Parcial con reducción de carriles,1,0,2,0,2.0,Choque,no mantener distancia de seguridad,2901B_1_4,21.0,4.0
Quindío,2018-11-08 19:34:00,18,800.0,2018-10-21 05:00:00,domingo,0,Normal,Seca y limpia,Montañoso,Media Ladera Derecha,Curva Derecha,Transito normal con precaución,0,0,0,0,0.0,Choque,maniobras imprudentes,4003_1_18,20.0,4.0
Quindío,2018-11-08 19:38:00,17,50.0,2018-10-24 05:00:00,miercoles,40,Lluvia,Humeda,Montañoso,Media Ladera Derecha,Curva Derecha,Parcial con reducción de carriles,1,0,0,0,0.0,Choque,condiciones de la via y factores ambientales,4003_1_17,1.0,0.0
Quindío,2018-11-08 19:42:00,17,900.0,2018-10-24 05:00:00,miercoles,10,Normal,Seca y limpia,Montañoso,Media Ladera Derecha,Curva Izquierda,Cierre total,1,0,0,0,0.0,Choque,no determinada,4003_1_17,11.0,14.0
Quindío,2018-11-08 19:45:00,20,460.0,2018-10-27 05:00:00,sabado,30,Normal,Seca y limpia,Montañoso,Media Ladera Derecha,Curva Derecha,Transito normal con precaución,0,0,0,0,0.0,Choque,no determinada,4003_1_20,16.0,8.0
Cesar,2018-11-08 19:48:00,8,250.0,2018-10-05 05:00:00,viernes,10,Normal,Seca y limpia,Plano,Terraplen,Recta,Transito normal con precaución,15,0,0,0,0.0,Choque,no mantener distancia de seguridad,8004_1_8,14.0,1.0
Cesar,2018-11-08 19:52:00,56,400.0,2018-10-13 05:00:00,sabado,30,Normal,Seca y limpia,Plano,Terraplen,Recta,Transito normal con precaución,9,50,0,1,1.0,Caída ocupante,fallas mecanicas y del sistema electrico,4901_1_56,9.0,0.0
Cesar,2018-11-08 19:57:00,6,700.0,2018-10-26 05:00:00,viernes,20,Normal,Seca y limpia,Plano,Terraplen,Recta,Transito normal con precaución,15,45,0,0,0.0,Choque,no mantener distancia de seguridad,8004_1_6,15.0,0.0
Valle del Cauca,2018-11-08 20:28:00,1,800.0,2017-10-25 05:00:00,miercoles,50,Lluvia,Humeda,Ondulado,Terraplen,Recta,Transito normal con precaución,19,10,0,0,0.0,Choque,no determinada,4001_1_1,18.0,1.0
Valle del Cauca,2018-11-08 20:39:00,0,800.0,2017-10-28 05:00:00,sabado,0,Viento,Seca y limpia,Ondulado,Terraplen,Recta,Transito normal con precaución,17,15,0,0,0.0,Choque,no determinada,4001_1_0,17.0,0.0
Quindío,2018-11-08 19:16:00,16,810.0,2018-10-19 05:00:00,viernes,30,Seca,Seca y limpia,Montañoso,Terraplen,Recta,Transito normal con precaución,0,0,0,0,0.0,Volcamiento,fallas mecanicas y del sistema electrico,4003_1_16,10.0,14.0
Quindío,2018-11-08 19:20:00,9,500.0,2018-10-20 05:00:00,sabado,40,Lluvia,Humeda,Montañoso,Media ladera Izquierda,Curva Derecha,Cierre total,1,20,0,0,0.0,Choque,no determinada,4003_1_9,1.0,0.0
Quindío,2018-11-08 19:24:00,11,450.0,2018-10-20 05:00:00,sabado,20,Lluvia,Humeda,Montañoso,Media ladera Izquierda,Curva Izquierda,Parcial con reducción de carriles,0,30,0,0,0.0,Choque,no mantener distancia de seguridad,4003_1_11,19.0,5.0
Cesar,2018-11-08 20:15:00,92,0.0,2018-10-27 05:00:00,sabado,10,Lluvia,Humeda,Plano,Terraplen,Recta,Transito normal con precaución,7,10,0,0,0.0,Choque,condiciones de la via y factores ambientales,4901_1_92,6.0,1.0
Nariño,2018-11-08 20:29:00,105,450.0,2018-10-16 05:00:00,martes,0,Sol,Seca y limpia,Ondulado,Media Ladera Derecha,Recta,Parcial con paso alternado,8,0,0,0,0.0,Volcamiento,fallas mecanicas y del sistema electrico,1002_1_105,8.0,0.0
Valle del Cauca,2018-11-08 20:33:00,1,900.0,2017-10-27 05:00:00,viernes,30,Lluvia,Humeda,Ondulado,Terraplen,Recta,Transito normal con precaución,21,40,0,0,0.0,Choque,no determinada,4001_2_1,21.0,0.0
Nariño,2018-11-08 20:35:00,99,400.0,2018-10-18 05:00:00,jueves,20,Normal,Humeda,Ondulado,Media Ladera Derecha,Recta,Transito normal con precaución,11,20,0,0,0.0,Choque,embriaguez o sustancias alucinogenas,1002_1_99,11.0,0.0
Nariño,2018-11-08 20:41:00,4,850.0,2018-10-23 05:00:00,martes,30,Sol,Seca y limpia,Montañoso,Media Ladera Derecha,Curva Izquierda,Parcial con reducción de carriles,11,30,1,0,1.0,Volcamiento,no determinada,1702_0_4,11.0,0.0
Quindío,2018-11-08 21:49:00,3,700.0,2018-10-24 05:00:00,miercoles,30,Lluvia,Humeda,Plano,Terraplen,Recta,Transito normal con precaución,0,0,0,0,0.0,Atropello,condiciones de la via y factores ambientales,40QN04_0_3,21.0,3.0
Quindío,2018-11-08 21:56:00,7,800.0,2018-10-27 05:00:00,sabado,40,Normal,Seca y limpia,Montañoso,Media ladera Izquierda,Curva Izquierda,Transito normal con precaución,0,0,0,0,0.0,Volcamiento,no determinada,4003_1_7,19.0,5.0
Quindío,2018-11-08 22:00:00,15,900.0,2018-10-28 05:00:00,domingo,0,Normal,Seca y limpia,Montañoso,Terraplen,Recta,Transito normal con precaución,0,0,0,0,0.0,Choque,maniobras imprudentes,4003_1_15,22.0,2.0
Cundinamarca,2018-11-09 00:12:00,54,300.0,2018-10-01 05:00:00,lunes,50,Normal,Seca y limpia,Montañoso,Media ladera Izquierda,Curva Izquierda,Transito normal con precaución,1,0,0,0,0.0,Choque,maniobras imprudentes,5008_1_54,7.0,18.0
Cundinamarca,2018-11-09 00:16:00,59,300.0,2018-10-01 05:00:00,lunes,30,Normal,Seca y limpia,Montañoso,Media ladera Izquierda,Recta,Transito normal con precaución,1,0,0,0,0.0,Choque,maniobras imprudentes,5008_1_59,9.0,16.0
Huila,2018-11-09 14:50:00,21,0.0,2018-10-20 05:00:00,sabado,30,Normal,Seca y limpia,Plano,Terraplen,Recta,Cierre total,21,30,14,0,14.0,Volcamiento,fallas mecanicas y del sistema electrico,2003A_0_21,21.0,0.0
Norte de Santander,2018-11-09 19:36:00,0,25.0,2018-01-24 05:00:00,miercoles,0,Normal,Seca y limpia,Plano,Terraplen,Curva Derecha,Transito normal con precaución,0,0,0,0,0.0,Choque,no determinada,55NSA_2_0,22.0,2.0
Norte de Santander,2018-11-09 19:41:00,0,20.0,2018-05-22 05:00:00,martes,0,Normal,Seca y limpia,Plano,Terraplen,Curva Derecha,Transito normal con precaución,0,0,0,0,0.0,Choque,maniobras imprudentes,55NSA_2_0,19.0,5.0
Norte de Santander,2018-11-09 19:44:00,2,0.0,2018-06-27 05:00:00,miercoles,40,Normal,Seca y limpia,Plano,Terraplen,Recta,Transito normal con precaución,0,0,0,0,0.0,Choque,adelantamientos indebidos,55NSA_2_2,10.0,14.0
Norte de Santander,2018-11-09 19:47:00,4,250.0,2018-08-16 05:00:00,jueves,20,Normal,Seca y limpia,Plano,Terraplen,Curva Izquierda,Transito normal con precaución,0,0,0,1,1.0,Choque,exceso de velocidad,55NSA_1_4,23.0,1.0
Norte de Santander,2018-11-09 19:49:00,3,320.0,2018-08-22 05:00:00,miercoles,35,Normal,Seca y limpia,Plano,Terraplen,Recta,Transito normal con precaución,0,0,1,0,1.0,Choque,desobediencia a normas y senales,55NSA_1_3,14.0,10.0
Norte de Santander,2018-11-09 19:53:00,0,300.0,2018-08-24 05:00:00,viernes,40,Normal,Seca y limpia,Plano,Terraplen,Recta,Transito normal con precaución,0,0,0,0,1.0,Choque,no determinada,55NSA_2_0,7.0,17.0
Norte de Santander,2018-11-09 19:55:00,3,600.0,2018-08-25 05:00:00,sabado,30,Normal,Seca y limpia,Plano,Terraplen,Recta,Transito normal con precaución,0,0,0,0,0.0,Atropello,no mantener distancia de seguridad,55NSA_1_3,7.0,17.0
Norte de Santander,2018-11-09 19:58:00,27,200.0,2018-09-26 05:00:00,miercoles,0,Normal,Seca y limpia,Plano,Terraplen,Recta,Transito normal con precaución,0,0,0,0,2.0,Atropello,desobediencia a normas y senales,5507_0_27,19.0,5.0
Norte de Santander,2018-11-09 20:00:00,16,60.0,2018-10-17 05:00:00,miercoles,50,Normal,Seca y limpia,Plano,Terraplen,Curva Izquierda,Transito normal con precaución,0,0,0,0,0.0,Choque,no determinada,55NSA_1_16,13.0,11.0
Putumayo,2018-11-09 21:13:00,46,900.0,2018-10-15 05:00:00,lunes,15,Normal,Seca y limpia,Escarpado,Media Ladera Derecha,Curva Izquierda,Transito normal con precaución,0,0,0,0,0.0,Choque,desobediencia a normas y senales,1003_1_46,18.0,6.0
Cesar,2018-11-10 16:48:00,49,460.0,2018-10-09 05:00:00,martes,10,Normal,Seca y limpia,Plano,Terraplen,Recta,Transito normal con precaución,6,30,0,0,0.0,Volcamiento,fallas mecanicas y del sistema electrico,4901_1_49,6.0,0.0
Cesar,2018-11-10 16:53:00,26,150.0,2018-10-29 05:00:00,lunes,45,Normal,Seca y limpia,Plano,Terraplen,Recta,Transito normal con precaución,11,30,3,1,4.0,Choque,fallas mecanicas y del sistema electrico,8004A_1_26,10.0,1.0
Cesar,2018-11-10 18:04:00,70,800.0,2018-10-29 05:00:00,lunes,10,Normal,Seca y limpia,Plano,Terraplen,Recta,Transito normal con precaución,14,50,1,1,2.0,Choque,desobediencia a normas y senales,4901_1_70,14.0,0.0
Santander,2018-11-12 20:50:00,148,400.0,2018-06-01 05:00:00,viernes,50,Normal,Seca y limpia,Ondulado,Terraplen,Recta,Parcial con reducción de carriles,0,15,0,0,0.0,Choque,no mantener distancia de seguridad,4511_1_148,5.0,19.0
Santander,2018-11-12 20:50:00,97,0.0,2018-06-01 05:00:00,viernes,30,Normal,Seca y limpia,Ondulado,Terraplen,Recta,Parcial con reducción de carriles,0,15,0,0,0.0,Choque,condiciones de la via y factores ambientales,4511_1_97,11.0,13.0
Santander,2018-11-12 21:04:00,3,800.0,2018-06-04 05:00:00,lunes,20,Normal,Seca y limpia,Plano,Terraplen,Recta,Parcial con reducción de carriles,0,15,0,0,0.0,Choque,condiciones de la via y factores ambientales,4511_1_3,5.0,19.0
Santander,2018-11-12 21:09:00,43,400.0,2018-06-04 05:00:00,lunes,15,Normal,Seca y limpia,Ondulado,Terraplen,Recta,Parcial con reducción de carriles,0,15,0,0,0.0,Choque,condiciones de la via y factores ambientales,4511_1_43,12.0,12.0
Santander,2018-11-12 21:12:00,33,100.0,2018-06-05 05:00:00,martes,5,Normal,Seca y limpia,Plano,Terraplen,Recta,Parcial con reducción de carriles,0,20,0,0,0.0,Choque,condiciones de la via y factores ambientales,4511_2_33,21.0,3.0
Santander,2018-11-12 21:15:00,142,550.0,2018-06-07 05:00:00,jueves,0,Normal,Seca y limpia,Ondulado,Cajón,Curva Izquierda,Transito normal con precaución,0,25,0,0,0.0,Choque,no mantener distancia de seguridad,4511_1_142,17.0,7.0
Santander,2018-11-12 21:17:00,103,850.0,2018-06-08 05:00:00,viernes,30,Normal,Seca y limpia,Ondulado,Cajón,Curva Derecha,Transito normal con precaución,0,25,0,0,0.0,Choque,no determinada,4511_1_103,2.0,22.0
Santander,2018-11-12 21:21:00,27,500.0,2018-06-08 05:00:00,viernes,45,Normal,Seca y limpia,Ondulado,Terraplen,Recta,Transito normal con precaución,0,15,0,0,0.0,Volcamiento,exceso de velocidad,4511_2_27,2.0,22.0
Santander,2018-11-12 21:24:00,108,400.0,2018-06-10 05:00:00,domingo,30,Normal,Seca y limpia,Ondulado,Cajón,Recta,Transito normal con precaución,0,30,0,0,0.0,Choque,no determinada,4511_1_108,14.0,10.0
Santander,2018-11-12 21:36:00,61,550.0,2018-06-09 05:00:00,sabado,50,Normal,Seca y limpia,Ondulado,Terraplen,Recta,Transito normal con precaución,0,30,0,0,0.0,Choque,estacionamiento y senalizacion imprudente,4513_1_61,3.0,21.0
Santander,2018-11-12 21:59:00,58,800.0,2018-06-10 05:00:00,domingo,25,Normal,Seca y limpia,Ondulado,Terraplen,Recta,Transito normal con precaución,0,15,0,0,0.0,Choque,estacionamiento y senalizacion imprudente,4511_1_58,23.0,1.0
Santander,2018-11-12 22:06:00,134,220.0,2018-06-11 05:00:00,lunes,40,Normal,Seca y limpia,Ondulado,Terraplen,Recta,Transito normal con precaución,0,20,0,0,0.0,Choque,no determinada,4511_1_134,7.0,17.0
Santander,2018-11-12 22:08:00,115,500.0,2018-06-11 05:00:00,lunes,0,Normal,Seca y limpia,Ondulado,Terraplen,Curva Izquierda,Parcial con reducción de carriles,0,30,1,0,1.0,Volcamiento,fallas mecanicas y del sistema electrico,4511_2_115,16.0,8.0
Santander,2018-11-12 22:13:00,35,340.0,2018-06-12 05:00:00,martes,30,Normal,Seca y limpia,Ondulado,Terraplen,Curva Izquierda,Transito normal con precaución,0,30,1,0,1.0,Volcamiento,exceso de velocidad,4511_2_35,6.0,18.0