territorial,fecha_registro,pr,distancia_pr,fecha_acc,dia_semana_acc,min_acc,condic_meteor,estado_super,terreno,secc_tip,geometria_acc,tipo_cierre,horas_cierre,min_cierre,n_heridos,n_muertos,n_victimas,clase_accidente,causa_posible,ref_loc,hora_acc,duracion_cierre_horas
Santander,2018-11-12 22:16:00,142,480.0,2018-06-14 05:00:00,jueves,0,Normal,Seca y limpia,Ondulado,Terraplen,Curva Izquierda,Transito normal con precaución,0,20,0,0,0.0,Choque,no mantener distancia de seguridad,4511_1_142,8.0,16.0
Santander,2018-11-12 22:18:00,1,400.0,2018-06-14 05:00:00,jueves,20,Normal,Seca y limpia,Ondulado,Cajón,Recta,Transito normal con precaución,0,20,0,0,0.0,Volcamiento,condiciones de la via y factores ambientales,4511_1_1,8.0,16.0
Santander,2018-11-12 22:21:00,116,550.0,2018-06-16 05:00:00,sabado,20,Normal,Seca y limpia,Plano,Cajón,Recta,Transito normal con precaución,0,30,0,0,0.0,Choque,no mantener distancia de seguridad,4511_1_116,15.0,9.0
Santander,2018-11-12 22:24:00,136,600.0,2018-06-20 05:00:00,miercoles,45,Normal,Seca y limpia,Ondulado,Terraplen,Recta,Transito normal con precaución,0,15,0,0,0.0,Choque,defectos fisicos y psiquicos,4511_1_136,2.0,22.0
Santander,2018-11-12 22:24:00,27,200.0,2018-06-28 05:00:00,jueves,10,Normal,Seca y limpia,Ondulado,Terraplen,Recta,Transito normal con precaución,0,30,1,0,1.0,Choque,condiciones de la via y factores ambientales,4511_2_27,22.0,2.0
Santander,2018-11-12 22:32:00,58,0.0,2018-06-13 05:00:00,miercoles,50,Normal,Seca y limpia,Ondulado,Terraplen,Recta,Parcial con reducción de carriles,0,20,1,0,1.0,Choque,estacionamiento y senalizacion imprudente,4513_2_58,3.0,21.0
Santander,2018-11-12 22:38:00,29,200.0,2018-06-22 05:00:00,viernes,0,Normal,Seca y limpia,Ondulado,Cajón,Recta,Parcial con reducción de carriles,0,20,0,0,0.0,Choque,adelantamientos indebidos,4513_1_29,22.0,2.0
Santander,2018-11-12 22:42:00,71,850.0,2018-07-02 05:00:00,lunes,30,Viento,Seca y limpia,Ondulado,Terraplen,Curva Derecha,Parcial con reducción de carriles,0,30,0,0,0.0,Choque,exceso de velocidad,4513_1_71,7.0,17.0
Santander,2018-11-12 22:47:00,70,300.0,2018-11-12 05:00:00,lunes,30,Normal,Seca y limpia,Ondulado,Terraplen,Recta,Parcial con reducción de carriles,0,30,0,0,0.0,Choque,adelantamientos indebidos,4513_1_70,7.0,17.0
Santander,2018-11-12 23:00:00,21,300.0,2018-07-13 05:00:00,viernes,0,Normal,Seca y limpia,Plano,Terraplen,Recta,Parcial con reducción de carriles,0,30,1,0,1.0,Choque,adelantamientos indebidos,4513_1_21,17.0,7.0
Boyacá,2018-11-13 04:18:00,45,100.0,2018-10-02 05:00:00,martes,40,Lluvia,Humeda,Plano,Media Ladera Derecha,Recta,Transito normal con precaución,0,0,0,0,0.0,Volcamiento,condiciones de la via y factores ambientales,6209_0_45,19.0,5.0
Boyacá,2018-11-13 04:18:00,26,400.0,2018-10-07 05:00:00,domingo,40,Lluvia,Humeda,Plano,Media Ladera Derecha,Recta,Transito normal con precaución,0,0,0,0,0.0,Choque,no mantener distancia de seguridad,6209_0_26,17.0,7.0
Boyacá,2018-11-13 04:18:00,5,0.0,2018-10-18 05:00:00,jueves,0,Lluvia,Humeda,Plano,Media Ladera Derecha,Recta,Transito normal con precaución,0,10,0,0,0.0,Volcamiento,condiciones de la via y factores ambientales,6209_0_5,23.0,1.0
Boyacá,2018-11-13 04:18:00,50,180.0,2018-10-18 05:00:00,jueves,30,Normal,Seca y limpia,Plano,Media ladera Izquierda,Recta,Transito normal con precaución,0,30,0,0,0.0,Choque,adelantamientos indebidos,6209_0_50,7.0,17.0
Boyacá,2018-11-13 04:37:00,62,900.0,2018-10-20 05:00:00,sabado,30,Normal,Seca y limpia,Plano,Terraplen,Recta,Parcial con paso alternado,0,15,1,0,1.0,Choque,impericia en el manejo,6209_0_62,9.0,15.0
Boyacá,2018-11-13 04:46:00,21,300.0,2018-10-21 05:00:00,domingo,10,Normal,Seca y limpia,Plano,Cajón,Curva Derecha,Parcial con reducción de carriles,0,45,0,2,2.0,Choque,adelantamientos indebidos,6209_0_21,19.0,5.0
Boyacá,2018-11-13 04:53:00,35,750.0,2018-10-04 05:00:00,jueves,30,Normal,Seca y limpia,Plano,Terraplen,Recta,Parcial con reducción de carriles,0,30,1,0,1.0,Choque,maniobras imprudentes,6008_0_35,12.0,12.0
Boyacá,2018-11-13 04:56:00,3,800.0,2018-10-18 05:00:00,jueves,40,Lluvia,Humeda,Ondulado,Media Ladera Derecha,Recta,Transito normal con precaución,0,20,0,0,0.0,Volcamiento,imprudencia del conductor,6008_0_3,22.0,2.0
Tolima,2018-11-13 22:51:00,40,600.0,2018-10-27 05:00:00,sabado,0,Normal,Seca y limpia,Plano,Terraplen,Recta,Transito normal con precaución,10,0,0,0,0.0,Choque,no mantener distancia de seguridad,4510_2_40,10.0,0.0
Cundinamarca,2018-11-13 20:32:00,63,400.0,2018-06-06 05:00:00,miercoles,0,Seca,Seca y limpia,Plano,Terraplen,Recta,Transito normal con precaución,8,0,1,0,1.0,Volcamiento,exceso de velocidad,45A04_1_63,8.0,0.0
Cundinamarca,2018-11-13 20:32:00,29,750.0,2018-06-02 05:00:00,sabado,30,Seca,Seca y limpia,Plano,Terraplen,Recta,Parcial con paso alternado,14,0,0,0,1.0,Atropello,exceso de velocidad,45A04_1_29,14.0,0.0
Cundinamarca,2018-11-13 20:32:00,56,200.0,2018-06-06 05:00:00,miercoles,50,Seca,Seca y limpia,Ondulado,Media ladera Izquierda,Recta,Parcial restringido a vehiculos pesados,5,50,0,0,1.0,Choque,exceso de velocidad,45A04_1_56,5.0,0.0
Cundinamarca,2018-11-13 20:32:00,35,500.0,2018-06-08 05:00:00,viernes,40,Seca,Seca y limpia,Plano,Terraplen,Recta,Parcial con paso alternado,9,40,2,1,4.0,Choque,fallas mecanicas y del sistema electrico,45A04_2_35,9.0,0.0
Tolima,2018-11-13 21:01:00,110,800.0,2018-10-04 05:00:00,jueves,40,Normal,Seca y limpia,Plano,Terraplen,Recta,Transito normal con precaución,18,40,0,1,1.0,Volcamiento,condiciones de la via y factores ambientales,4510_2_110,18.0,0.0
Cundinamarca,2018-11-13 20:32:00,49,100.0,2018-06-08 05:00:00,viernes,40,Seca,Seca y limpia,Montañoso,Cajón,Recta,Parcial con paso alternado,9,40,0,0,4.0,Choque,exceso de velocidad,45A04_1_49,9.0,0.0
Tolima,2018-11-13 21:12:00,94,200.0,2018-10-05 05:00:00,viernes,50,Normal,Seca y limpia,Plano,Terraplen,Recta,Transito normal con precaución,8,50,0,0,0.0,Choque,no determinada,4510_1_94,8.0,0.0
Cundinamarca,2018-11-13 20:32:00,42,200.0,2018-06-11 05:00:00,lunes,30,Seca,Seca y limpia,Plano,Terraplen,Recta,Parcial restringido a vehiculos pesados,18,0,0,0,4.0,Choque,exceso de velocidad,45A04_1_42,17.0,1.0
Cundinamarca,2018-11-13 20:32:00,52,700.0,2018-08-06 05:00:00,lunes,0,Seca,Seca y limpia,Plano,Media Ladera Derecha,Curva Izquierda,Parcial con paso alternado,11,0,1,0,6.0,Choque,imprudencia del conductor,45A04_1_52,11.0,0.0
Cundinamarca,2018-11-13 20:32:00,41,0.0,2018-08-25 05:00:00,sabado,35,Seca,Seca y limpia,Montañoso,Media ladera Izquierda,Curva Derecha,Parcial con paso alternado,6,40,0,0,6.0,Choque,exceso de velocidad,45A04_1_41,6.0,0.0
Cundinamarca,2018-11-13 20:32:00,58,500.0,2018-08-06 05:00:00,lunes,50,Seca,Seca y limpia,Ondulado,Media ladera Izquierda,Curva Izquierda,Parcial con paso alternado,17,50,0,0,6.0,Choque,exceso de velocidad,45A04_1_58,17.0,0.0
Tolima,2018-11-13 21:23:00,80,200.0,2018-10-06 05:00:00,sabado,30,Normal,Seca y limpia,Plano,Terraplen,Recta,Transito normal con precaución,17,30,0,0,0.0,No determinado,exceso de velocidad,4510_1_80,17.0,0.0
Tolima,2018-11-13 21:58:00,94,0.0,2018-10-13 05:00:00,sabado,50,Normal,Seca y limpia,Plano,Terraplen,Recta,Transito normal con precaución,19,50,0,0,0.0,Choque,no mantener distancia de seguridad,4510_1_94,19.0,0.0
Nariño,2018-11-13 22:04:00,11,340.0,2018-10-30 05:00:00,martes,30,Sol,Seca y limpia,Ondulado,Terraplen,Curva Izquierda,Transito normal con precaución,0,0,0,0,0.0,Choque,embriaguez o sustancias alucinogenas,0801_1_11,6.0,18.0
Valle del Cauca,2020-09-04 14:19:00,32,80.0,2020-05-30 05:00:00,sabado,20,Lluvia,Humeda,Plano,Media ladera Izquierda,Recta,Cierre total,22,20,0,0,0.0,Choque,condiciones de la via y factores ambientales,1901_0_32,22.0,0.0
Cundinamarca,2018-11-13 20:32:00,47,350.0,2018-09-04 05:00:00,martes,0,Seca,Seca y limpia,Plano,Terraplen,Curva Izquierda,Parcial con paso alternado,6,0,0,0,6.0,Choque,exceso de velocidad,45A04_1_47,10.0,20.0
Tolima,2018-11-13 22:05:00,82,500.0,2018-10-13 05:00:00,sabado,50,Normal,Seca y limpia,Plano,Terraplen,Recta,Transito normal con precaución,18,50,3,0,3.0,Choque,no determinada,4510_1_82,18.0,0.0
Tolima,2018-11-13 22:14:00,35,200.0,2018-10-15 05:00:00,lunes,50,Normal,Seca y limpia,Plano,Terraplen,Recta,Transito normal con precaución,17,50,3,0,3.0,Choque,desobediencia a normas y senales,4510_1_35,17.0,0.0
Tolima,2018-11-13 22:30:00,41,800.0,2018-10-20 05:00:00,sabado,30,Normal,Seca y limpia,Plano,Terraplen,Recta,Transito normal con precaución,2,30,0,0,0.0,Choque,no mantener distancia de seguridad,4510_2_41,2.0,0.0
Tolima,2018-11-13 22:39:00,92,860.0,2018-10-20 05:00:00,sabado,40,Normal,Seca y limpia,Plano,Terraplen,Recta,Transito normal con precaución,17,40,1,0,1.0,Caída ocupante,no determinada,4510_1_92,17.0,0.0
Cundinamarca,2018-11-14 15:09:00,57,200.0,2018-10-05 05:00:00,viernes,0,Seca,Seca y limpia,Montañoso,Media ladera Izquierda,Curva Derecha,Parcial con paso alternado,4,0,2,0,2.0,Choque,exceso de velocidad,45A04_1_57,4.0,0.0
Antioquia,2018-11-14 16:45:00,67,800.0,2018-10-26 05:00:00,viernes,20,Normal,Seca y limpia,Montañoso,Media ladera Izquierda,Recta,Parcial con reducción de carriles,0,10,1,0,1.0,Choque,no determinada,2509_2_67,17.0,7.0
Antioquia,2018-11-14 16:52:00,65,850.0,2018-10-28 05:00:00,domingo,30,Normal,Seca y limpia,Montañoso,Media ladera Izquierda,Recta,Parcial con reducción de carriles,0,30,1,0,1.0,Choque,no determinada,2509_2_65,0.0,0.0
Antioquia,2018-11-14 16:56:00,69,860.0,2018-10-08 05:00:00,lunes,15,Normal,Seca y limpia,Montañoso,Media ladera Izquierda,Recta,Parcial con reducción de carriles,1,0,1,0,1.0,Choque,no determinada,2509_1_69,13.0,12.0
Antioquia,2018-11-14 16:59:00,94,230.0,2018-10-11 05:00:00,jueves,45,Normal,Seca y limpia,Montañoso,Media Ladera Derecha,Recta,Cierre total,1,30,2,1,3.0,Choque,embriaguez o sustancias alucinogenas,6003_1_94,12.0,13.0
Antioquia,2018-11-14 16:59:00,23,940.0,2018-11-01 05:00:00,jueves,10,Normal,Seca y limpia,Montañoso,Media ladera Izquierda,Curva Derecha,Parcial con reducción de carriles,0,40,0,0,0.0,Choque,fallas mecanicas y del sistema electrico,6003_1_23,7.0,17.0
Antioquia,2018-11-14 18:33:00,94,280.0,2018-10-16 05:00:00,martes,0,Normal,Seca y limpia,Montañoso,Media Ladera Derecha,Recta,Parcial con paso alternado,1,0,0,0,0.0,Choque,no mantener distancia de seguridad,6003_1_94,16.0,9.0
Boyacá,2018-11-14 20:37:00,8,700.0,2018-10-04 05:00:00,jueves,50,Lluvia,Humeda,Plano,Terraplen,Recta,Transito normal con precaución,18,50,0,0,0.0,Choque,adelantamientos indebidos,45A05_1_8,18.0,0.0
Boyacá,2018-11-14 21:28:00,64,0.0,2018-10-06 05:00:00,sabado,10,Niebla,Seca y limpia,Plano,Terraplen,Curva Derecha,Transito normal con precaución,19,10,0,0,0.0,Choque,condiciones de la via y factores ambientales,45A05_1_64,19.0,0.0
Boyacá,2018-11-14 21:32:00,43,400.0,2018-10-08 05:00:00,lunes,20,Normal,Seca y limpia,Ondulado,Terraplen,Recta,Transito normal con precaución,23,20,1,0,1.0,Choque,fallas mecanicas y del sistema electrico,45A05_1_43,23.0,0.0
Cundinamarca,2018-11-14 21:26:00,62,250.0,2018-10-05 05:00:00,viernes,0,Seca,Seca y limpia,Plano,Terraplen,Recta,Parcial con paso alternado,7,0,1,1,2.0,Choque,exceso de velocidad,45A04_1_62,7.0,0.0
Cundinamarca,2018-11-14 21:26:00,32,400.0,2018-10-06 05:00:00,sabado,0,Normal,Seca y limpia,Plano,Terraplen,Recta,Parcial con paso alternado,15,10,0,0,2.0,Choque,exceso de velocidad,45A04_1_32,15.0,0.0
Cundinamarca,2018-11-14 21:26:00,53,500.0,2018-10-10 05:00:00,miercoles,20,Seca,Seca y limpia,Montañoso,Media ladera Izquierda,Curva Izquierda,Parcial con paso alternado,10,20,1,0,3.0,Choque,exceso de velocidad,45A04_1_53,15.0,19.0
Boyacá,2018-11-14 21:58:00,30,350.0,2018-10-12 05:00:00,viernes,0,Normal,Seca y limpia,Plano,Terraplen,Recta,Transito normal con precaución,14,0,0,0,0.0,Choque,desobediencia a normas y senales,45A05_1_30,14.0,0.0
Cundinamarca,2018-11-14 21:26:00,61,110.0,2018-10-10 05:00:00,miercoles,0,Seca,Seca y limpia,Montañoso,Media ladera Izquierda,Curva Izquierda,Parcial con paso alternado,11,10,0,0,3.0,Choque,exceso de velocidad,45A04_1_61,11.0,0.0
Cundinamarca,2018-11-14 21:26:00,49,0.0,2018-10-15 05:00:00,lunes,0,Seca,Seca y limpia,Plano,Terraplen,Recta,Parcial con paso alternado,20,15,0,0,3.0,Choque,exceso de velocidad,45A04_1_49,20.0,0.0
Boyacá,2018-11-14 22:54:00,47,200.0,2018-10-13 05:00:00,sabado,10,Normal,Seca y limpia,Plano,Terraplen,Recta,Transito normal con precaución,1,10,1,0,1.0,Atropello,embriaguez o sustancias alucinogenas,45A05_1_47,1.0,0.0
Boyacá,2018-11-14 22:57:00,13,800.0,2018-10-24 05:00:00,miercoles,0,Normal,Seca y limpia,Plano,Media ladera Izquierda,Recta,Transito normal con precaución,19,0,0,0,0.0,Choque,maniobras imprudentes,45A05_1_13,19.0,0.0
Boyacá,2018-11-14 23:09:00,28,500.0,2018-10-29 05:00:00,lunes,0,Normal,Seca y limpia,Plano,Terraplen,Curva Izquierda,Transito normal con precaución,6,0,0,0,0.0,Choque,exceso en horas de conduccion,45A05_1_28,6.0,0.0
Tolima,2018-11-14 15:16:00,122,800.0,2018-10-13 05:00:00,sabado,20,Normal,Seca y limpia,Plano,Terraplen,Recta,Transito normal con precaución,14,20,0,3,3.0,Choque,fallas mecanicas y del sistema electrico,4510_1_122,14.0,0.0
Antioquia,2018-11-14 16:30:00,65,300.0,2018-10-23 05:00:00,martes,30,Normal,Seca y limpia,Montañoso,Media ladera Izquierda,Recta,Parcial con reducción de carriles,0,30,0,0,0.0,Choque,no determinada,2509_2_65,9.0,15.0
Antioquia,2018-11-14 16:41:00,67,700.0,2018-10-01 05:00:00,lunes,35,Normal,Seca y limpia,Montañoso,Media ladera Izquierda,Recta,Parcial con reducción de carriles,0,30,1,0,1.0,Choque,no determinada,2509_2_67,12.0,12.0
Antioquia,2018-11-14 16:39:00,68,950.0,2018-10-26 05:00:00,viernes,0,Normal,Seca y limpia,Montañoso,Media ladera Izquierda,Recta,Parcial con reducción de carriles,0,20,2,0,2.0,Choque,no determinada,2509_2_68,6.0,18.0
Antioquia,2018-11-14 16:46:00,35,900.0,2018-10-02 05:00:00,martes,1,Normal,Material suelto,Montañoso,Media ladera Izquierda,Recta,Parcial con paso alternado,1,0,0,0,0.0,Choque,no mantener distancia de seguridad,6003_1_35,13.0,12.0
Antioquia,2018-11-14 16:49:00,69,850.0,2018-10-05 05:00:00,viernes,25,Normal,Seca y limpia,Montañoso,Media ladera Izquierda,Recta,Parcial con reducción de carriles,0,30,1,0,1.0,Choque,no determinada,2509_1_69,9.0,15.0
Antioquia,2018-11-14 16:48:00,70,901.0,2018-10-27 05:00:00,sabado,50,Normal,Seca y limpia,Montañoso,Media ladera Izquierda,Recta,Parcial con reducción de carriles,0,30,1,0,1.0,Choque,no determinada,2509_2_70,14.0,10.0
Antioquia,2018-11-14 16:52:00,94,750.0,2018-10-07 05:00:00,domingo,50,Normal,Seca y limpia,Montañoso,Media Ladera Derecha,Recta,Parcial con paso alternado,0,40,1,0,1.0,Choque,desobediencia a normas y senales,6003_1_94,8.0,16.0
Antioquia,2018-11-14 16:54:00,68,325.0,2018-10-07 05:00:00,domingo,30,Normal,Seca y limpia,Montañoso,Media ladera Izquierda,Recta,Transito normal con precaución,0,30,1,0,1.0,Choque,no determinada,2509_2_68,10.0,14.0
Antioquia,2018-11-14 16:56:00,67,650.0,2018-10-29 05:00:00,lunes,50,Normal,Seca y limpia,Montañoso,Media ladera Izquierda,Recta,Parcial con reducción de carriles,0,20,1,0,2.0,Choque,no determinada,2509_2_67,7.0,17.0
Antioquia,2018-11-14 17:03:00,64,700.0,2018-11-03 05:00:00,sabado,30,Lluvia,Humeda,Montañoso,Media ladera Izquierda,Recta,Parcial con reducción de carriles,0,30,1,0,1.0,Choque,no determinada,2509_2_64,14.0,10.0
Antioquia,2018-11-14 17:07:00,69,400.0,2018-10-23 05:00:00,martes,20,Lluvia,Humeda,Montañoso,Media ladera Izquierda,Recta,Parcial con reducción de carriles,0,38,1,0,1.0,Choque,no determinada,2509_1_69,15.0,9.0
Antioquia,2018-11-14 17:10:00,67,450.0,2018-10-13 05:00:00,sabado,0,Normal,Seca y limpia,Montañoso,Media ladera Izquierda,Recta,Parcial con reducción de carriles,0,20,1,0,1.0,Atropello,no determinada,2509_1_67,19.0,5.0
Boyacá,2018-11-14 16:55:00,45,500.0,2018-10-03 05:00:00,miercoles,45,Normal,Seca y limpia,Plano,Terraplen,Recta,Transito normal con precaución,12,45,0,0,0.0,Volcamiento,adelantamientos indebidos,45A05_1_45,12.0,0.0
Antioquia,2018-11-14 17:19:00,71,600.0,2018-10-12 05:00:00,viernes,50,Normal,Seca y limpia,Montañoso,Media ladera Izquierda,Recta,Parcial con reducción de carriles,0,30,1,0,1.0,Choque,no determinada,2509_1_71,6.0,18.0
Antioquia,2018-11-14 17:22:00,66,800.0,2018-10-12 05:00:00,viernes,10,Normal,Seca y limpia,Montañoso,Media ladera Izquierda,Recta,Parcial con reducción de carriles,0,20,5,0,7.0,Choque,no determinada,2509_2_66,1.0,23.0
Antioquia,2018-11-14 17:27:00,94,760.0,2018-10-13 05:00:00,sabado,0,Normal,Seca y limpia,Montañoso,Media Ladera Derecha,Recta,Parcial con reducción de carriles,0,20,1,0,1.0,Choque,desobediencia a normas y senales,6003_1_94,10.0,14.0
Antioquia,2018-11-14 17:31:00,69,750.0,2018-10-14 05:00:00,domingo,50,Lluvia,Humeda,Montañoso,Media ladera Izquierda,Recta,Parcial con reducción de carriles,0,30,3,0,3.0,Choque,no determinada,2509_1_69,16.0,8.0
Antioquia,2018-11-14 17:34:00,89,120.0,2018-10-15 05:00:00,lunes,0,Normal,Seca y limpia,Montañoso,Media Ladera Derecha,Curva Derecha,Parcial con reducción de carriles,0,40,0,0,0.0,Choque,no mantener distancia de seguridad,6003_1_89,15.0,9.0
Boyacá,2018-11-14 17:21:00,45,750.0,2018-10-03 05:00:00,miercoles,10,Normal,Seca y limpia,Plano,Terraplen,Recta,Transito normal con precaución,15,10,0,0,0.0,Choque,adelantamientos indebidos,45A05_1_45,15.0,0.0
Antioquia,2018-11-14 17:39:00,94,280.0,2018-10-15 05:00:00,lunes,30,Normal,Seca y limpia,Montañoso,Media Ladera Derecha,Recta,Parcial con reducción de carriles,0,10,0,0,0.0,Choque,no mantener distancia de seguridad,6003_1_94,20.0,4.0
Antioquia,2018-11-14 17:42:00,68,320.0,2018-10-15 05:00:00,lunes,50,Normal,Seca y limpia,Montañoso,Media ladera Izquierda,Recta,Parcial con reducción de carriles,0,40,10,0,10.0,Choque,no determinada,2509_2_68,11.0,13.0
Antioquia,2018-11-14 18:36:00,68,420.0,2018-10-17 05:00:00,miercoles,0,Lluvia,Humeda,Montañoso,Media ladera Izquierda,Recta,Parcial con reducción de carriles,0,40,3,0,3.0,Choque,no determinada,2509_1_68,1.0,23.0
Antioquia,2018-11-14 18:38:00,70,200.0,2018-10-17 05:00:00,miercoles,20,Normal,Seca y limpia,Montañoso,Media ladera Izquierda,Recta,Parcial con reducción de carriles,1,0,1,0,1.0,Volcamiento,no determinada,2509_1_70,11.0,14.0
Antioquia,2018-11-14 18:42:00,70,0.0,2018-10-19 05:00:00,viernes,30,Normal,Seca y limpia,Montañoso,Media ladera Izquierda,Recta,Parcial con reducción de carriles,0,30,1,0,1.0,Choque,no determinada,2509_1_70,6.0,18.0
Antioquia,2018-11-14 18:44:00,71,420.0,2018-10-19 05:00:00,viernes,40,Normal,Humeda,Montañoso,Media ladera Izquierda,Recta,Parcial con reducción de carriles,0,40,1,0,1.0,Choque,no determinada,2509_2_71,20.0,4.0
Antioquia,2018-11-14 18:46:00,46,90.0,2018-10-19 05:00:00,viernes,0,Normal,Seca y limpia,Montañoso,Media ladera Izquierda,Curva Derecha,Parcial restringido a vehiculos pesados,0,40,0,0,0.0,Choque,adelantamientos indebidos,6003_1_46,19.0,5.0
Antioquia,2018-11-14 18:49:00,68,850.0,2018-10-20 05:00:00,sabado,50,Lluvia,Humeda,Montañoso,Media ladera Izquierda,Recta,Parcial con reducción de carriles,0,40,2,0,2.0,Choque,no determinada,2509_1_68,6.0,18.0
Antioquia,2018-11-14 18:52:00,71,700.0,2018-10-20 05:00:00,sabado,7,Normal,Seca y limpia,Montañoso,Media ladera Izquierda,Recta,Parcial con reducción de carriles,1,0,1,0,1.0,Choque,no determinada,2509_2_71,9.0,16.0
Antioquia,2018-11-14 18:55:00,64,410.0,2018-10-20 05:00:00,sabado,20,Lluvia,Humeda,Montañoso,Media ladera Izquierda,Curva Izquierda,Transito normal con precaución,0,40,0,0,0.0,Choque,no determinada,2509_1_64,6.0,18.0
Boyacá,2018-11-14 21:38:00,60,870.0,2018-10-09 05:00:00,martes,45,Normal,Seca y limpia,Plano,Media ladera Izquierda,Curva Izquierda,Transito normal con precaución,2,45,0,0,0.0,Choque,adelantamientos indebidos,45A05_1_60,2.0,0.0
Nariño,2018-11-15 14:37:00,62,10.0,2018-10-16 05:00:00,martes,0,Normal,Seca y limpia,Montañoso,Terraplen,Curva Izquierda,Transito normal con precaución,0,0,0,0,0.0,Caída de carga,fallas mecanicas y del sistema electrico,1002_1_62,6.0,18.0
Sucre,2018-11-15 14:39:00,92,550.0,2018-10-08 05:00:00,lunes,0,Normal,Seca y limpia,Plano,Terraplen,Recta,Transito normal con precaución,19,10,0,1,2.0,Caída ocupante,imprudencia del conductor,9004_1_92,19.0,0.0
Sucre,2018-11-15 14:51:00,4,230.0,2018-10-17 05:00:00,miercoles,20,Normal,Seca y limpia,Ondulado,Terraplen,Curva Derecha,Transito normal con precaución,8,40,1,0,1.0,Caída ocupante,no determinada,90SC02_0_4,8.0,0.0
Sucre,2018-11-15 14:51:00,78,950.0,2018-10-19 05:00:00,viernes,40,Normal,Humeda,Plano,Terraplen,Recta,Transito normal con precaución,19,0,0,0,0.0,Choque,condiciones de la via y factores ambientales,9004_1_78,18.0,1.0
Sucre,2018-11-15 14:51:00,93,500.0,2018-10-14 05:00:00,miercoles,25,Normal,Seca y limpia,Plano,Terraplen,Recta,Transito normal con precaución,14,50,0,0,0.0,Choque,maniobras imprudentes,9004_1_93,14.0,0.0
Tolima,2018-11-16 19:31:00,30,890.0,2018-10-07 05:00:00,domingo,30,Normal,Seca y limpia,Montañoso,Media ladera Izquierda,Curva Izquierda,Transito normal con precaución,20,40,0,0,0.0,Choque,adelantamientos indebidos,4003_1_30,20.0,0.0
Tolima,2018-11-16 19:38:00,30,750.0,2018-10-07 05:00:00,domingo,30,Normal,Seca y limpia,Montañoso,Media ladera Izquierda,Recta,Transito normal con precaución,11,35,0,0,0.0,Choque,estacionamiento y senalizacion imprudente,4003_1_30,11.0,0.0
Tolima,2018-11-16 19:45:00,45,700.0,2018-10-10 05:00:00,miercoles,0,Lluvia,Humeda,Montañoso,Media Ladera Derecha,Curva Derecha,Transito normal con precaución,21,15,0,0,0.0,Choque,fallas mecanicas y del sistema electrico,4003_1_45,21.0,0.0
Tolima,2018-11-16 19:49:00,39,80.0,2018-10-11 05:00:00,jueves,50,Normal,Seca y limpia,Montañoso,Media Ladera Derecha,Recta,Transito normal con precaución,21,10,0,0,0.0,Choque,no mantener distancia de seguridad,4003_1_39,20.0,1.0
Tolima,2018-11-16 19:52:00,45,700.0,2018-10-19 05:00:00,viernes,38,Normal,Seca y limpia,Montañoso,Media Ladera Derecha,Curva Izquierda,Transito normal con precaución,7,15,1,0,1.0,Choque,adelantamientos indebidos,4003_1_45,6.0,1.0
Tolima,2018-11-16 19:57:00,29,590.0,2018-10-25 05:00:00,jueves,0,Normal,Seca y limpia,Montañoso,Media Ladera Derecha,Curva Derecha,Transito normal con precaución,1,0,0,0,0.0,Choque,no mantener distancia de seguridad,4003_1_29,1.0,0.0
Tolima,2018-11-16 20:03:00,5,850.0,2018-10-06 05:00:00,sabado,20,Normal,Seca y limpia,Escarpado,Media ladera Izquierda,Curva Derecha,Transito normal con precaución,14,20,0,0,0.0,Volcamiento,maniobras imprudentes,5007_1_5,14.0,0.0
Valle del Cauca,2018-11-19 02:59:00,54,400.0,2018-10-02 05:00:00,martes,30,Seca,Seca y limpia,Plano,Terraplen,Recta,Transito normal con precaución,0,0,0,0,0.0,Choque,no mantener distancia de seguridad,2302_1_54,0.0,0.0
Valle del Cauca,2018-11-19 03:03:00,77,200.0,2018-10-05 05:00:00,viernes,30,Seca,Seca y limpia,Plano,Terraplen,Recta,Transito normal con precaución,0,0,1,0,1.0,Choque,condiciones de la via y factores ambientales,2302_1_77,18.0,6.0
Valle del Cauca,2018-11-19 03:06:00,59,800.0,2018-10-07 05:00:00,domingo,10,Seca,Seca y limpia,Plano,Media Ladera Derecha,Recta,Transito normal con precaución,0,0,1,0,1.0,Choque,maniobras imprudentes,2302_1_59,8.0,16.0
Valle del Cauca,2018-11-19 03:09:00,70,900.0,2018-10-10 05:00:00,miercoles,40,Seca,Seca y limpia,Plano,Terraplen,Recta,Transito normal con precaución,0,0,1,0,1.0,Choque,maniobras imprudentes,2302_1_70,12.0,12.0
Casanare,2018-11-20 12:04:00,35,980.0,2018-11-06 05:00:00,martes,30,Normal,Seca y limpia,Montañoso,Media Ladera Derecha,Curva Izquierda,Transito normal con precaución,0,0,0,0,0.0,Volcamiento,no determinada,6211_1_35,10.0,14.0
Nariño,2018-11-20 13:44:00,6,210.0,2018-11-01 05:00:00,jueves,0,Lluvia,Humeda,Montañoso,Media ladera Izquierda,Recta,Transito normal con precaución,10,0,0,0,2.0,Choque,imprudencia del conductor,1003_1_6,10.0,0.0
Nariño,2018-11-20 13:47:00,22,5.0,2018-11-06 05:00:00,martes,30,Sol,Seca y limpia,Plano,Media ladera Izquierda,Curva Derecha,Transito normal con precaución,15,30,0,0,0.0,Choque,fallas mecanicas y del sistema electrico,1003_1_22,15.0,0.0