territorial,fecha_registro,pr,distancia_pr,fecha_acc,dia_semana_acc,min_acc,condic_meteor,estado_super,terreno,secc_tip,geometria_acc,tipo_cierre,horas_cierre,min_cierre,n_heridos,n_muertos,n_victimas,clase_accidente,causa_posible,ref_loc,hora_acc,duracion_cierre_horas
Caldas,2018-11-22 13:11:00,0,750.0,2018-10-11 05:00:00,jueves,30,Normal,Seca y limpia,Montañoso,Media Ladera Derecha,Curva Derecha,Transito normal con precaución,19,40,4,0,4.0,Choque,adelantamientos indebidos,2508_1_0,19.0,0.0
Caldas,2018-11-22 13:18:00,30,50.0,2018-10-18 05:00:00,jueves,0,Lluvia,Humeda,Montañoso,Media ladera Izquierda,Curva Izquierda,Transito normal con precaución,18,15,1,0,1.0,Choque,impericia en el manejo,2508_1_30,18.0,0.0
Caldas,2018-11-22 13:21:00,33,350.0,2018-10-18 05:00:00,jueves,30,Normal,Seca y limpia,Montañoso,Media ladera Izquierda,Curva Izquierda,Transito normal con precaución,19,10,0,0,0.0,Choque,no determinada,2508_1_33,18.0,1.0
Caldas,2018-11-22 13:24:00,48,900.0,2018-10-19 05:00:00,viernes,10,Normal,Seca y limpia,Montañoso,Media ladera Izquierda,Curva Izquierda,Transito normal con precaución,18,30,2,0,2.0,Choque,adelantamientos indebidos,2508_1_48,18.0,0.0
Nariño,2021-09-10 15:26:00,9,150.0,2021-06-28 05:00:00,lunes,10,Lluvia,Humeda,Plano,Terraplen,Recta,Transito normal con precaución,0,5,0,1,1.0,Atropello,conducta de peatones,1001_0_9,0.0,0.0
Caldas,2018-11-22 13:28:00,57,550.0,2018-10-25 05:00:00,jueves,30,Normal,Seca y limpia,Montañoso,Media ladera Izquierda,Curva Derecha,Transito normal con precaución,9,30,0,0,0.0,Volcamiento,no determinada,2508_1_57,8.0,1.0
Caldas,2018-11-22 13:31:00,38,20.0,2018-10-01 05:00:00,lunes,50,Normal,Seca y limpia,Montañoso,Media ladera Izquierda,Recta,Transito normal con precaución,11,55,0,0,0.0,Choque,no mantener distancia de seguridad,2902_1_38,11.0,0.0
Antioquia,2018-11-22 20:06:00,62,950.0,2018-10-11 05:00:00,jueves,50,Normal,Seca y limpia,Ondulado,Media ladera Izquierda,Recta,Transito normal con precaución,14,15,0,0,0.0,Choque,no determinada,2511_0_62,13.0,1.0
Risaralda,2018-11-22 20:13:00,0,939.0,2018-10-02 05:00:00,martes,30,Normal,Seca y limpia,Plano,Terraplen,Recta,Transito normal con precaución,0,0,0,0,0.0,Choque,desobediencia a normas y senales,2902_1_0,14.0,10.0
Caldas,2018-11-22 13:34:00,43,0.0,2018-10-08 05:00:00,lunes,40,Normal,Seca y limpia,Montañoso,Media ladera Izquierda,Recta,Transito normal con precaución,13,30,0,0,0.0,Choque,no determinada,2902_1_43,12.0,1.0
Caldas,2018-11-22 13:37:00,24,500.0,2018-10-24 05:00:00,miercoles,45,Lluvia,Humeda,Montañoso,Media ladera Izquierda,Recta,Transito normal con precaución,6,10,1,0,1.0,Choque,no determinada,5005_1_24,5.0,1.0
Caldas,2018-11-22 13:44:00,25,600.0,2018-10-16 05:00:00,martes,0,Normal,Seca y limpia,Montañoso,Media ladera Izquierda,Recta,Transito normal con precaución,8,5,1,0,1.0,Choque,no determinada,5005_1_25,8.0,0.0
Caldas,2018-11-22 13:46:00,25,700.0,2018-10-10 05:00:00,miercoles,0,Lluvia,Humeda,Montañoso,Media ladera Izquierda,Recta,Transito normal con precaución,18,30,1,0,1.0,Atropello,no determinada,5005_1_25,18.0,0.0
Caldas,2018-11-22 13:49:00,27,0.0,2018-10-14 05:00:00,domingo,10,Normal,Seca y limpia,Montañoso,Media ladera Izquierda,Recta,Transito normal con precaución,18,30,1,0,1.0,Atropello,desobediencia a normas y senales,5005_1_27,17.0,1.0
Caldas,2018-11-22 13:52:00,28,230.0,2018-10-13 05:00:00,sabado,0,Normal,Seca y limpia,Montañoso,Media ladera Izquierda,Recta,Transito normal con precaución,22,30,0,0,0.0,Choque,maniobras imprudentes,5005_2_28,22.0,0.0
Caldas,2018-11-22 14:09:00,28,240.0,2018-10-25 05:00:00,jueves,10,Normal,Seca y limpia,Montañoso,Media ladera Izquierda,Curva Izquierda,Transito normal con precaución,18,0,0,0,0.0,Choque,no determinada,5005_2_28,17.0,1.0
Caldas,2018-11-22 14:20:00,1,200.0,2018-10-22 05:00:00,lunes,45,Normal,Seca y limpia,Montañoso,Media ladera Izquierda,Recta,Transito normal con precaución,22,50,0,0,0.0,Choque,no mantener distancia de seguridad,5006_0_1,22.0,0.0
Caldas,2018-11-22 14:23:00,1,250.0,2018-10-19 05:00:00,viernes,50,Normal,Seca y limpia,Montañoso,Media ladera Izquierda,Recta,Transito normal con precaución,8,0,2,0,2.0,Choque,adelantamientos indebidos,5006_0_1,7.0,1.0
Caldas,2018-11-22 14:26:00,8,640.0,2018-10-12 05:00:00,viernes,40,Lluvia,Humeda,Montañoso,Media ladera Izquierda,Curva Izquierda,Transito normal con precaución,14,50,0,0,0.0,Choque,conducta de pasajeros,5006_0_8,14.0,0.0
Caldas,2018-11-22 14:28:00,10,280.0,2018-10-01 05:00:00,lunes,15,Normal,Seca y limpia,Montañoso,Media ladera Izquierda,Curva Izquierda,Transito normal con precaución,7,50,2,0,2.0,Choque,no determinada,5006_0_10,6.0,1.0
Caldas,2018-11-22 14:36:00,10,800.0,2018-10-17 05:00:00,miercoles,10,Normal,Seca y limpia,Montañoso,Media ladera Izquierda,Curva Derecha,Transito normal con precaución,17,20,0,0,0.0,Choque,maniobras imprudentes,5006_0_10,17.0,0.0
Caldas,2018-11-22 14:38:00,12,250.0,2018-10-09 05:00:00,martes,50,Lluvia,Humeda,Montañoso,Media ladera Izquierda,Curva Izquierda,Transito normal con precaución,18,0,0,0,0.0,Choque,no determinada,5006_0_12,17.0,1.0
Caldas,2018-11-22 14:40:00,14,950.0,2018-10-12 05:00:00,viernes,50,Lluvia,Humeda,Montañoso,Media ladera Izquierda,Curva Izquierda,Transito normal con precaución,16,0,0,0,0.0,Choque,no determinada,5006_0_14,15.0,1.0
Nariño,2018-11-22 14:58:00,31,555.0,2018-11-14 05:00:00,miercoles,15,Lluvia,Humeda,Montañoso,Media Ladera Derecha,Recta,Transito normal con precaución,0,0,0,0,1.0,Choque,imprudencia del conductor,1002_1_31,21.0,3.0
Nariño,2018-11-22 15:52:00,33,640.0,2018-11-13 05:00:00,martes,30,Lluvia,Humeda,Plano,Terraplen,Curva Izquierda,Transito normal con precaución,0,0,0,0,0.0,Choque,exceso de velocidad,1002_1_33,14.0,10.0
Antioquia,2018-11-22 16:15:00,68,550.0,2018-10-21 05:00:00,domingo,5,Normal,Seca y limpia,Ondulado,Media ladera Izquierda,Curva Izquierda,Transito normal con precaución,8,10,1,0,1.0,Choque,defectos fisicos y psiquicos,2510_1_68,8.0,0.0
Antioquia,2018-11-22 16:20:00,75,800.0,2018-10-24 05:00:00,miercoles,30,Lluvia,Humeda,Ondulado,Media ladera Izquierda,Curva Izquierda,Transito normal con precaución,10,20,0,0,0.0,Volcamiento,no determinada,2510_1_75,9.0,1.0
Antioquia,2018-11-22 16:24:00,78,80.0,2018-10-15 05:00:00,lunes,55,Normal,Seca y limpia,Ondulado,Media ladera Izquierda,Curva Derecha,Parcial con reducción de carriles,15,20,1,0,1.0,Choque,desobediencia a normas y senales,2510_1_78,14.0,1.0
Antioquia,2018-11-22 16:31:00,83,100.0,2018-10-02 05:00:00,martes,50,Lluvia,Humeda,Ondulado,Media ladera Izquierda,Curva Derecha,Transito normal con precaución,8,25,0,0,0.0,Choque,imprudencia del conductor,2510_1_83,7.0,1.0
Antioquia,2018-11-22 16:38:00,85,100.0,2018-10-16 05:00:00,martes,0,Normal,Seca y limpia,Ondulado,Terraplen,Recta,Cierre total,10,30,1,1,2.0,Choque,no determinada,2510_1_85,10.0,0.0
Antioquia,2018-11-22 19:03:00,12,0.0,2018-10-26 05:00:00,viernes,10,Normal,Seca y limpia,Ondulado,Media Ladera Derecha,Curva Derecha,Transito normal con precaución,21,50,0,0,0.0,Choque,condiciones de la via y factores ambientales,2511_0_12,21.0,0.0
Antioquia,2018-11-22 19:08:00,12,200.0,2018-10-09 05:00:00,martes,15,Normal,Seca y limpia,Ondulado,Media Ladera Derecha,Recta,Transito normal con precaución,7,15,0,0,0.0,Choque,fallas mecanicas y del sistema electrico,2511_0_12,7.0,0.0
Antioquia,2018-11-22 19:08:00,13,0.0,2018-10-02 05:00:00,martes,30,Lluvia,Humeda,Montañoso,Media ladera Izquierda,Curva Izquierda,Transito normal con precaución,18,20,1,0,1.0,Choque,condiciones de la via y factores ambientales,2511_0_13,15.0,3.0
Antioquia,2018-11-22 19:14:00,16,100.0,2018-10-02 05:00:00,martes,20,Normal,Seca y limpia,Montañoso,Media ladera Izquierda,Curva Izquierda,Transito normal con precaución,1,30,0,0,0.0,Choque,adelantamientos indebidos,2511_0_16,18.0,7.0
Antioquia,2018-11-22 19:19:00,16,300.0,2018-10-19 05:00:00,viernes,20,Normal,Seca y limpia,Montañoso,Media ladera Izquierda,Curva Derecha,Transito normal con precaución,16,35,0,0,0.0,Choque,defectos fisicos y psiquicos,2511_0_16,16.0,0.0
Antioquia,2018-11-22 19:23:00,33,600.0,2018-10-07 05:00:00,domingo,0,Lluvia,Humeda,Montañoso,Media ladera Izquierda,Curva Derecha,Parcial con reducción de carriles,17,20,1,0,1.0,Choque,no mantener distancia de seguridad,2511_0_33,17.0,0.0
Antioquia,2018-11-22 19:26:00,45,600.0,2018-10-02 05:00:00,martes,20,Normal,Seca y limpia,Montañoso,Media ladera Izquierda,Curva Izquierda,Transito normal con precaución,20,0,0,0,0.0,Choque,adelantamientos indebidos,2511_0_45,18.0,2.0
Antioquia,2018-11-22 19:35:00,49,600.0,2018-10-12 05:00:00,viernes,35,Normal,Seca y limpia,Montañoso,Media ladera Izquierda,Curva Derecha,Transito normal con precaución,7,30,0,0,0.0,Choque,adelantamientos indebidos,2511_0_49,6.0,1.0
Antioquia,2018-11-22 19:39:00,50,700.0,2018-10-04 05:00:00,jueves,0,Normal,Seca y limpia,Montañoso,Media ladera Izquierda,Curva Izquierda,Transito normal con precaución,7,30,0,0,0.0,Choque,fallas mecanicas y del sistema electrico,2511_0_50,7.0,0.0
Risaralda,2018-11-22 19:22:00,0,140.0,2018-10-01 05:00:00,lunes,42,Normal,Seca y limpia,Plano,Terraplen,Recta,Transito normal con precaución,0,0,1,1,2.0,Choque,adelantamientos indebidos,29RSA_2_0,5.0,19.0
Antioquia,2018-11-22 19:39:00,52,100.0,2018-10-05 05:00:00,viernes,40,Lluvia,Humeda,Ondulado,Terraplen,Recta,Transito normal con precaución,21,0,0,0,0.0,Choque,no mantener distancia de seguridad,2511_0_52,19.0,2.0
Antioquia,2018-11-22 19:50:00,55,0.0,2018-10-23 05:00:00,martes,30,Lluvia,Humeda,Montañoso,Media ladera Izquierda,Curva Derecha,Parcial con reducción de carriles,12,0,1,0,1.0,Choque,fallas mecanicas y del sistema electrico,2511_0_55,11.0,1.0
Risaralda,2018-11-22 19:51:00,3,290.0,2018-10-01 05:00:00,lunes,30,Normal,Seca y limpia,Plano,Terraplen,Recta,Transito normal con precaución,0,0,3,0,3.0,Choque,no determinada,2902_2_3,20.0,4.0
Antioquia,2018-11-22 19:56:00,55,300.0,2018-10-13 05:00:00,sabado,30,Normal,Seca y limpia,Montañoso,Media ladera Izquierda,Curva Derecha,Transito normal con precaución,9,30,0,0,0.0,Choque,no mantener distancia de seguridad,2511_0_55,8.0,1.0
Risaralda,2018-11-22 19:57:00,0,785.0,2018-10-02 05:00:00,martes,30,Normal,Seca y limpia,Ondulado,Cajón,Curva Derecha,Transito normal con precaución,0,0,0,0,0.0,Choque,no mantener distancia de seguridad,29RSA_2_0,12.0,12.0
Antioquia,2018-11-22 20:00:00,55,470.0,2018-10-08 05:00:00,lunes,0,Lluvia,Seca y limpia,Montañoso,Media ladera Izquierda,Curva Derecha,Transito normal con precaución,8,30,0,0,0.0,Choque,no determinada,2511_0_55,8.0,0.0
Antioquia,2018-11-22 20:03:00,61,0.0,2018-10-07 05:00:00,domingo,15,Lluvia,Humeda,Ondulado,Media ladera Izquierda,Curva Derecha,Parcial con reducción de carriles,18,50,1,0,1.0,Choque,desobediencia a normas y senales,2511_0_61,7.0,11.0
Risaralda,2018-11-22 20:02:00,11,250.0,2018-10-02 05:00:00,martes,25,Normal,Seca y limpia,Plano,Terraplen,Recta,Transito normal con precaución,0,0,1,0,1.0,Choque,desobediencia a normas y senales,29RSC_1_11,10.0,14.0
Antioquia,2018-11-22 20:19:00,65,950.0,2018-11-22 05:00:00,jueves,50,Normal,Seca y limpia,Montañoso,Media ladera Izquierda,Curva Izquierda,Transito normal con precaución,14,15,0,0,0.0,Choque,no mantener distancia de seguridad,2511_0_65,13.0,1.0
Risaralda,2018-11-22 20:19:00,1,0.0,2018-10-02 05:00:00,martes,30,Normal,Seca y limpia,Plano,Terraplen,Recta,Transito normal con precaución,0,0,1,0,1.0,Choque,estacionamiento y senalizacion imprudente,2902_2_1,15.0,9.0
Antioquia,2018-11-22 20:26:00,69,50.0,2018-10-23 05:00:00,martes,35,Normal,Seca y limpia,Montañoso,Media ladera Izquierda,Curva Derecha,Transito normal con precaución,15,0,0,0,0.0,Choque,no mantener distancia de seguridad,2511_0_69,14.0,1.0
Antioquia,2018-11-22 20:32:00,73,300.0,2018-10-27 05:00:00,sabado,10,Lluvia,Humeda,Montañoso,Media ladera Izquierda,Curva Derecha,Transito normal con precaución,21,10,0,0,0.0,Volcamiento,desobediencia a normas y senales,2511_0_73,21.0,0.0
Antioquia,2018-11-22 21:29:00,74,600.0,2018-10-15 05:00:00,lunes,30,Normal,Seca y limpia,Montañoso,Media ladera Izquierda,Curva Derecha,Transito normal con precaución,13,20,0,0,0.0,Choque,no determinada,2511_0_74,12.0,1.0
Antioquia,2018-11-22 21:33:00,76,500.0,2018-10-29 05:00:00,lunes,30,Normal,Seca y limpia,Montañoso,Media ladera Izquierda,Curva Derecha,Transito normal con precaución,1,0,0,0,0.0,Choque,no mantener distancia de seguridad,2511_0_76,12.0,13.0
Risaralda,2018-11-23 14:43:00,11,890.0,2018-10-03 05:00:00,miercoles,40,Normal,Seca y limpia,Plano,Media Ladera Derecha,Recta,Transito normal con precaución,0,0,1,0,1.0,Choque,desobediencia a normas y senales,29RSC_1_11,16.0,8.0
Risaralda,2018-11-23 14:47:00,0,30.0,2018-10-05 05:00:00,viernes,5,Normal,Seca y limpia,Plano,Terraplen,Recta,Transito normal con precaución,0,0,0,1,1.0,Choque,no mantener distancia de seguridad,29RSA_2_0,3.0,21.0
Risaralda,2018-11-23 14:56:00,0,120.0,2018-10-05 05:00:00,viernes,20,Lluvia,Humeda,Plano,Terraplen,Recta,Transito normal con precaución,0,0,0,0,0.0,Choque,desobediencia a normas y senales,29RSA_2_0,5.0,19.0
Risaralda,2018-11-23 15:03:00,0,750.0,2018-10-08 05:00:00,lunes,30,Normal,Seca y limpia,Plano,Terraplen,Recta,Transito normal con precaución,0,0,1,0,1.0,Choque,maniobras imprudentes,2902_1_0,11.0,13.0
Cesar,2018-11-23 15:27:00,0,400.0,2018-10-05 05:00:00,viernes,0,Normal,Seca y limpia,Plano,Terraplen,Recta,Transito normal con precaución,10,0,0,0,0.0,Choque,no mantener distancia de seguridad,4515_1_0,10.0,0.0
Risaralda,2018-11-23 15:29:00,4,880.0,2018-10-09 05:00:00,martes,25,Lluvia,Humeda,Ondulado,Media ladera Izquierda,Recta,Transito normal con precaución,0,0,1,1,2.0,Choque,no determinada,2507_1_4,21.0,3.0
Risaralda,2018-11-23 15:54:00,0,290.0,2018-10-09 05:00:00,martes,30,Normal,Seca y limpia,Montañoso,Media ladera Izquierda,Recta,Transito normal con precaución,0,0,1,0,1.0,Choque,no mantener distancia de seguridad,2902_1_0,10.0,14.0
Risaralda,2018-11-23 15:58:00,8,580.0,2018-10-10 05:00:00,miercoles,10,Lluvia,Humeda,Plano,Media Ladera Derecha,Recta,Transito normal con precaución,0,0,1,0,1.0,Choque,desobediencia a normas y senales,29RSC_1_8,6.0,18.0
Risaralda,2018-11-23 16:05:00,0,0.0,2018-10-10 05:00:00,miercoles,20,Normal,Seca y limpia,Plano,Terraplen,Recta,Transito normal con precaución,0,0,0,0,0.0,Choque,no mantener distancia de seguridad,29RSA_2_0,17.0,7.0
Risaralda,2018-11-23 16:31:00,1,72.0,2018-10-10 05:00:00,miercoles,6,Normal,Seca y limpia,Plano,Terraplen,Recta,Transito normal con precaución,0,0,0,0,0.0,Choque,no mantener distancia de seguridad,2902_1_1,18.0,6.0
Risaralda,2018-11-23 16:36:00,54,440.0,2018-10-11 05:00:00,jueves,30,Normal,Seca y limpia,Ondulado,Media ladera Izquierda,Recta,Transito normal con precaución,0,0,1,0,1.0,Choque,estacionamiento y senalizacion imprudente,5003_0_54,19.0,5.0
Risaralda,2018-11-23 17:02:00,4,0.0,2018-10-11 05:00:00,jueves,0,Normal,Seca y limpia,Ondulado,Media Ladera Derecha,Curva Izquierda,Transito normal con precaución,0,0,2,0,2.0,Choque,maniobras imprudentes,29RSC_1_4,6.0,18.0
Risaralda,2018-11-23 15:15:00,1,0.0,2018-10-08 05:00:00,lunes,0,Normal,Seca y limpia,Plano,Terraplen,Recta,Transito normal con precaución,0,0,0,0,0.0,Choque,no mantener distancia de seguridad,2902_2_1,12.0,12.0
Risaralda,2018-11-23 18:29:00,2,220.0,2018-10-11 05:00:00,jueves,30,Normal,Seca y limpia,Plano,Terraplen,Recta,Transito normal con precaución,0,0,0,0,0.0,Choque,no mantener distancia de seguridad,2902_1_2,9.0,15.0
Risaralda,2018-11-23 18:32:00,5,300.0,2018-10-12 05:00:00,viernes,4,Normal,Seca y limpia,Ondulado,Media ladera Izquierda,Recta,Transito normal con precaución,0,0,2,0,2.0,Choque,desobediencia a normas y senales,29RSC_1_5,14.0,10.0
Antioquia,2018-11-23 19:16:00,77,800.0,2018-10-22 05:00:00,lunes,0,Lluvia,Humeda,Plano,Terraplen,Recta,Transito normal con precaución,8,30,0,0,0.0,Choque,no determinada,2511_0_77,8.0,0.0
Antioquia,2018-11-23 19:19:00,79,50.0,2018-10-02 05:00:00,martes,0,Normal,Seca y limpia,Montañoso,Media ladera Izquierda,Curva Derecha,Transito normal con precaución,9,30,0,0,0.0,Choque,no mantener distancia de seguridad,2511_0_79,9.0,0.0
Antioquia,2018-11-23 19:23:00,82,104.0,2018-10-15 05:00:00,lunes,30,Normal,Seca y limpia,Plano,Terraplen,Recta,Transito normal con precaución,12,40,0,0,0.0,Choque,no mantener distancia de seguridad,2511_0_82,12.0,0.0
Risaralda,2018-11-23 19:24:00,5,200.0,2018-10-12 05:00:00,viernes,30,Normal,Seca y limpia,Ondulado,Terraplen,Recta,Transito normal con precaución,0,0,0,0,0.0,Choque,adelantamientos indebidos,2507_1_5,17.0,7.0
Antioquia,2018-11-23 19:29:00,85,300.0,2018-10-20 05:00:00,sabado,35,Normal,Seca y limpia,Plano,Terraplen,Recta,Transito normal con precaución,2,30,0,0,0.0,Atropello,no mantener distancia de seguridad,2511_0_85,1.0,1.0
Antioquia,2018-11-23 19:32:00,88,500.0,2018-10-15 05:00:00,lunes,30,Normal,Seca y limpia,Plano,Terraplen,Recta,Parcial con reducción de carriles,5,30,1,0,1.0,Volcamiento,maniobras imprudentes,2511_0_88,5.0,0.0
Antioquia,2018-11-23 19:36:00,112,350.0,2018-10-05 05:00:00,viernes,30,Lluvia,Humeda,Plano,Terraplen,Curva Derecha,Transito normal con precaución,6,30,0,0,0.0,Choque,no determinada,2511_0_112,4.0,2.0
Risaralda,2018-11-23 19:40:00,0,750.0,2018-10-13 05:00:00,sabado,50,Normal,Seca y limpia,Plano,Terraplen,Recta,Transito normal con precaución,0,0,0,0,0.0,Choque,no determinada,2902_1_0,8.0,16.0
Antioquia,2018-11-23 19:36:00,30,800.0,2018-10-21 05:00:00,domingo,30,Lluvia,Humeda,Plano,Terraplen,Recta,Transito normal con precaución,6,10,0,0,0.0,Volcamiento,no determinada,2512_1_30,5.0,1.0
Antioquia,2018-11-23 19:36:00,57,955.0,2018-10-14 05:00:00,domingo,30,Normal,Seca y limpia,Plano,Terraplen,Recta,Parcial con reducción de carriles,6,5,1,0,1.0,Choque,embriaguez o sustancias alucinogenas,2512_1_57,4.0,2.0
Antioquia,2018-11-23 19:36:00,58,250.0,2018-10-08 05:00:00,lunes,30,Normal,Seca y limpia,Plano,Terraplen,Recta,Parcial con reducción de carriles,18,20,2,0,3.0,Choque,no determinada,2512_1_58,17.0,1.0
Risaralda,2018-11-23 19:45:00,0,300.0,2018-10-14 05:00:00,domingo,12,Normal,Seca y limpia,Ondulado,Media ladera Izquierda,Curva Derecha,Transito normal con precaución,0,0,2,0,2.0,Choque,no mantener distancia de seguridad,29RSC_1_0,23.0,1.0
Risaralda,2018-11-23 19:57:00,5,300.0,2018-10-14 05:00:00,domingo,40,Normal,Seca y limpia,Ondulado,Media ladera Izquierda,Recta,Transito normal con precaución,0,0,2,0,2.0,Choque,desobediencia a normas y senales,29RSC_1_5,14.0,10.0
Cesar,2018-11-23 21:51:00,51,800.0,2018-10-25 05:00:00,jueves,30,Seca,Seca y limpia,Plano,Terraplen,Recta,Transito normal con precaución,19,30,0,0,0.0,Choque,no mantener distancia de seguridad,4515_2_51,19.0,0.0
Santander,2018-11-24 14:39:00,20,200.0,2018-07-31 05:00:00,martes,30,Normal,Seca y limpia,Ondulado,Terraplen,Recta,Parcial con paso alternado,15,0,0,0,0.0,Choque,adelantamientos indebidos,4513_1_20,5.0,10.0
Cesar,2018-11-23 22:27:00,53,320.0,2018-10-24 05:00:00,miercoles,15,Normal,Seca y limpia,Plano,Terraplen,Recta,Transito normal con precaución,10,30,1,0,1.0,Choque,maniobras imprudentes,4515_1_53,10.0,0.0
Cesar,2018-11-23 22:34:00,54,850.0,2018-10-17 05:00:00,miercoles,0,Normal,Seca y limpia,Plano,Terraplen,Recta,Parcial con reducción de carriles,6,0,0,0,0.0,Choque,no mantener distancia de seguridad,4515_1_54,6.0,0.0
Cesar,2018-11-23 22:34:00,55,500.0,2018-10-11 05:00:00,jueves,40,Normal,Seca y limpia,Plano,Terraplen,Recta,Transito normal con precaución,15,50,0,0,0.0,Choque,no mantener distancia de seguridad,4515_1_55,15.0,0.0
Cesar,2018-11-23 22:42:00,55,600.0,2018-10-14 05:00:00,domingo,15,Normal,Seca y limpia,Plano,Terraplen,Recta,Transito normal con precaución,1,20,0,0,0.0,Choque,no mantener distancia de seguridad,4515_1_55,1.0,0.0
Cesar,2018-11-23 22:42:00,72,900.0,2018-10-03 05:00:00,miercoles,15,Seca,Seca y limpia,Plano,Terraplen,Recta,Transito normal con precaución,17,20,3,0,3.0,Choque,no mantener distancia de seguridad,4515_1_72,17.0,0.0
Cesar,2018-11-23 22:52:00,78,870.0,2018-10-27 05:00:00,sabado,0,Normal,Seca y limpia,Plano,Terraplen,Recta,Transito normal con precaución,5,0,0,0,0.0,Choque,no mantener distancia de seguridad,4515_1_78,5.0,0.0
Cesar,2018-11-23 22:52:00,80,900.0,2018-10-03 05:00:00,miercoles,40,Normal,Seca y limpia,Plano,Terraplen,Recta,Transito normal con precaución,17,0,0,0,0.0,Choque,maniobras imprudentes,4515_1_80,16.0,1.0
Cesar,2018-11-23 22:52:00,82,800.0,2018-10-21 05:00:00,domingo,40,Seca,Seca y limpia,Plano,Terraplen,Recta,Transito normal con precaución,14,40,1,0,1.0,Choque,no mantener distancia de seguridad,4515_1_82,14.0,0.0
Santander,2018-11-24 14:26:00,66,36.0,2018-07-22 05:00:00,domingo,0,Normal,Seca y limpia,Ondulado,Terraplen,Recta,Parcial con reducción de carriles,15,0,0,1,1.0,Choque,defectos fisicos y psiquicos,4513_1_66,16.0,23.0
Santander,2018-11-24 14:39:00,27,100.0,2018-07-26 05:00:00,jueves,0,Normal,Seca y limpia,Ondulado,Terraplen,Recta,Parcial con paso alternado,15,0,0,0,0.0,Choque,adelantamientos indebidos,4513_1_27,5.0,10.0
Santander,2018-11-24 14:52:00,20,500.0,2018-07-31 05:00:00,martes,0,Normal,Seca y limpia,Ondulado,Terraplen,Recta,Parcial con reducción de carriles,15,0,2,0,2.0,Choque,adelantamientos indebidos,4513_1_20,14.0,1.0
Norte de Santander,2018-11-24 15:05:00,14,400.0,2018-11-06 05:00:00,martes,18,Viento,Seca y limpia,Plano,Terraplen,Recta,Transito normal con precaución,0,0,0,0,1.0,Choque,maniobras imprudentes,55NSA_2_14,11.0,13.0
Norte de Santander,2018-11-24 15:10:00,8,100.0,2018-11-07 05:00:00,miercoles,30,Normal,Seca y limpia,Plano,Terraplen,Curva Derecha,Transito normal con precaución,0,0,0,0,1.0,Choque,maniobras imprudentes,55NSA_2_8,7.0,17.0
Norte de Santander,2018-11-24 15:14:00,9,250.0,2018-11-12 05:00:00,lunes,0,Normal,Seca y limpia,Plano,Terraplen,Recta,Transito normal con precaución,0,0,0,0,0.0,Choque,no mantener distancia de seguridad,55NSA_2_9,0.0,0.0
Norte de Santander,2018-11-24 15:17:00,3,190.0,2018-10-09 05:00:00,martes,0,Normal,Seca y limpia,Plano,Terraplen,Recta,Transito normal con precaución,0,0,0,0,0.0,Choque,no determinada,55NSA_2_3,0.0,0.0
Norte de Santander,2018-11-24 15:21:00,3,235.0,2018-10-10 05:00:00,miercoles,0,Normal,Seca y limpia,Plano,Terraplen,Recta,Transito normal con precaución,0,0,0,0,1.0,Choque,maniobras imprudentes,55NSA_2_3,0.0,0.0
Norte de Santander,2018-11-24 15:23:00,2,520.0,2018-10-18 05:00:00,jueves,0,Normal,Seca y limpia,Plano,Terraplen,Recta,Transito normal con precaución,0,0,0,0,1.0,Choque,no mantener distancia de seguridad,55NSA_1_2,0.0,0.0
Norte de Santander,2018-11-24 15:25:00,0,20.0,2018-08-18 05:00:00,sabado,20,Normal,Seca y limpia,Plano,Terraplen,Curva Izquierda,Transito normal con precaución,0,0,0,0,1.0,Choque,no determinada,55NSA_2_0,23.0,1.0
Santander,2018-11-24 14:55:00,27,0.0,2018-08-01 05:00:00,miercoles,40,Normal,Seca y limpia,Ondulado,Terraplen,Recta,Parcial con reducción de carriles,20,0,1,0,1.0,Choque,maniobras imprudentes,4513_1_27,11.0,9.0
Santander,2018-11-24 15:57:00,37,600.0,2018-08-03 05:00:00,viernes,10,Normal,Seca y limpia,Ondulado,Terraplen,Recta,Transito normal con precaución,17,10,0,0,0.0,Choque,no mantener distancia de seguridad,4513_1_37,17.0,0.0
Santander,2018-11-24 16:13:00,35,693.0,2018-08-05 05:00:00,domingo,15,Normal,Seca y limpia,Ondulado,Terraplen,Recta,Transito normal con precaución,15,0,0,0,0.0,Choque,maniobras imprudentes,4513_1_35,17.0,22.0
Santander,2018-11-24 16:18:00,97,650.0,2018-08-05 05:00:00,domingo,40,Normal,Seca y limpia,Ondulado,Cajón,Recta,Parcial con reducción de carriles,20,0,0,1,1.0,Choque,no determinada,4511_1_97,21.0,23.0
Santander,2018-11-24 17:14:00,20,800.0,2018-08-11 05:00:00,sabado,10,Normal,Seca y limpia,Ondulado,Terraplen,Curva Derecha,Parcial con reducción de carriles,20,0,0,0,0.0,Choque,no mantener distancia de seguridad,4513_1_20,10.0,10.0
Santander,2018-11-24 17:14:00,38,47.0,2018-08-11 05:00:00,sabado,30,Normal,Seca y limpia,Ondulado,Terraplen,Recta,Transito normal con precaución,15,0,0,0,0.0,Choque,maniobras imprudentes,4513_1_38,19.0,20.0