territorial,fecha_registro,pr,distancia_pr,fecha_acc,dia_semana_acc,min_acc,condic_meteor,estado_super,terreno,secc_tip,geometria_acc,tipo_cierre,horas_cierre,min_cierre,n_heridos,n_muertos,n_victimas,clase_accidente,causa_posible,ref_loc,hora_acc,duracion_cierre_horas
Santander,2018-11-25 17:52:00,9,580.0,2018-06-26 05:00:00,martes,45,Viento,Seca y limpia,Ondulado,Terraplen,Recta,Transito normal con precaución,15,0,0,0,0.0,Choque,no determinada,4511_1_9,12.0,3.0
Santander,2018-11-25 17:57:00,82,900.0,2018-06-27 05:00:00,miercoles,30,Viento,Seca y limpia,Ondulado,Terraplen,Curva Izquierda,Parcial con reducción de carriles,15,0,0,0,0.0,Choque,no determinada,4511_1_82,12.0,3.0
Santander,2018-11-25 17:57:00,83,700.0,2018-07-06 05:00:00,viernes,40,Normal,Seca y limpia,Ondulado,Terraplen,Recta,Transito normal con precaución,20,0,0,0,0.0,Choque,no determinada,4511_1_83,9.0,11.0
Santander,2018-11-25 18:04:00,97,800.0,2018-07-14 05:00:00,sabado,5,Normal,Seca y limpia,Ondulado,Terraplen,Recta,Parcial con paso alternado,15,0,0,0,0.0,Choque,no determinada,4511_1_97,8.0,7.0
Santander,2018-11-25 18:04:00,77,610.0,2018-07-15 05:00:00,domingo,50,Normal,Seca y limpia,Ondulado,Terraplen,Recta,Parcial con reducción de carriles,20,0,0,0,0.0,Volcamiento,no determinada,4511_1_77,6.0,14.0
Santander,2018-11-25 18:04:00,97,671.0,2018-07-20 05:00:00,viernes,30,Normal,Seca y limpia,Ondulado,Terraplen,Recta,Parcial con reducción de carriles,15,0,0,0,0.0,Choque,no determinada,4511_1_97,17.0,22.0
Santander,2018-11-25 18:04:00,102,650.0,2018-07-21 05:00:00,sabado,30,Normal,Seca y limpia,Ondulado,Terraplen,Recta,Parcial con reducción de carriles,15,0,0,0,0.0,Choque,no determinada,4511_1_102,1.0,14.0
Santander,2018-11-25 18:04:00,7,300.0,2018-07-24 05:00:00,martes,50,Viento,Seca y limpia,Ondulado,Terraplen,Curva Izquierda,Transito normal con precaución,15,0,0,0,0.0,Choque,no determinada,4511_1_7,5.0,10.0
Santander,2018-11-25 18:21:00,102,840.0,2018-07-28 05:00:00,sabado,0,Viento,Seca y limpia,Ondulado,Terraplen,Recta,Transito normal con precaución,15,0,0,0,0.0,Choque,no determinada,4511_1_102,14.0,1.0
Santander,2018-11-25 18:21:00,142,600.0,2018-07-29 05:00:00,domingo,45,Viento,Seca y limpia,Ondulado,Terraplen,Recta,Parcial con paso alternado,10,0,0,0,0.0,Volcamiento,no determinada,4511_1_142,8.0,2.0
Santander,2018-11-25 18:21:00,27,100.0,2018-07-26 05:00:00,jueves,0,Viento,Seca y limpia,Ondulado,Terraplen,Recta,Parcial con paso alternado,10,0,0,0,0.0,Choque,adelantamientos indebidos,4513_1_27,5.0,5.0
Santander,2018-11-25 18:21:00,20,200.0,2018-07-31 05:00:00,martes,0,Normal,Seca y limpia,Plano,Terraplen,Recta,Parcial con paso alternado,15,0,0,0,0.0,Choque,adelantamientos indebidos,4513_1_20,14.0,1.0
Santander,2018-11-25 18:33:00,111,200.0,2018-08-01 05:00:00,miercoles,30,Normal,Seca y limpia,Ondulado,Cajón,Recta,Transito normal con precaución,10,0,0,0,0.0,Choque,no determinada,4511_1_111,9.0,1.0
Santander,2018-11-25 18:33:00,142,720.0,2018-08-01 05:00:00,miercoles,20,Normal,Seca y limpia,Ondulado,Terraplen,Recta,Transito normal con precaución,10,0,0,0,0.0,Choque,no determinada,4511_1_142,14.0,20.0
Santander,2018-11-25 18:33:00,61,900.0,2018-08-04 05:00:00,sabado,0,Viento,Seca y limpia,Ondulado,Cajón,Curva Derecha,Transito normal con precaución,10,0,0,0,0.0,Choque,no determinada,4511_1_61,19.0,15.0
Santander,2018-11-25 18:33:00,7,200.0,2018-08-09 05:00:00,jueves,30,Normal,Seca y limpia,Ondulado,Terraplen,Curva Izquierda,Transito normal con precaución,10,0,0,0,0.0,Choque,no determinada,4511_2_7,5.0,5.0
Santander,2018-11-25 18:33:00,0,110.0,2018-08-10 05:00:00,viernes,20,Normal,Seca y limpia,Ondulado,Terraplen,Recta,Transito normal con precaución,10,0,0,0,0.0,Choque,no determinada,4511_2_0,12.0,22.0
Santander,2018-11-25 18:33:00,63,800.0,2018-08-14 05:00:00,martes,30,Normal,Seca y limpia,Ondulado,Terraplen,Recta,Transito normal con precaución,10,0,0,0,0.0,Choque,no determinada,4511_1_63,1.0,9.0
Santander,2018-11-25 18:33:00,11,300.0,2018-08-16 05:00:00,jueves,0,Normal,Seca y limpia,Ondulado,Terraplen,Curva Derecha,Transito normal con precaución,10,0,0,0,0.0,Choque,no mantener distancia de seguridad,4511_1_11,11.0,23.0
Santander,2018-11-25 18:33:00,63,800.0,2018-08-18 05:00:00,sabado,30,Normal,Seca y limpia,Ondulado,Terraplen,Recta,Transito normal con precaución,10,0,0,0,0.0,Choque,no determinada,4511_1_63,1.0,9.0
Santander,2018-11-25 18:33:00,41,800.0,2018-08-18 05:00:00,sabado,0,Normal,Seca y limpia,Ondulado,Terraplen,Recta,Cierre total,15,0,0,0,0.0,Incendio,no determinada,4511_2_41,3.0,12.0
Santander,2018-11-25 18:33:00,66,400.0,2018-08-19 05:00:00,domingo,30,Normal,Seca y limpia,Ondulado,Terraplen,Recta,Parcial con reducción de carriles,15,0,0,0,0.0,Choque,condiciones de la via y factores ambientales,4511_1_66,21.0,18.0
Santander,2018-11-25 18:33:00,21,500.0,2018-08-21 05:00:00,martes,50,Viento,Seca y limpia,Ondulado,Terraplen,Curva Derecha,Parcial con reducción de carriles,15,0,0,0,0.0,Volcamiento,condiciones de la via y factores ambientales,4511_2_21,1.0,14.0
Santander,2018-11-25 18:33:00,118,600.0,2018-08-25 05:00:00,sabado,30,Normal,Seca y limpia,Ondulado,Terraplen,Recta,Parcial con paso alternado,15,0,0,0,0.0,Choque,no determinada,4511_1_118,14.0,1.0
Santander,2018-11-25 18:33:00,27,800.0,2018-08-26 05:00:00,domingo,35,Normal,Seca y limpia,Ondulado,Terraplen,Recta,Transito normal con precaución,15,0,0,0,0.0,Choque,condiciones de la via y factores ambientales,4511_2_27,18.0,21.0
Santander,2018-11-25 18:33:00,29,109.0,2018-08-31 05:00:00,viernes,50,Normal,Seca y limpia,Ondulado,Terraplen,Recta,Parcial con paso alternado,15,0,0,0,0.0,Choque,condiciones de la via y factores ambientales,4511_2_29,16.0,23.0
Santander,2018-11-25 18:33:00,97,600.0,2018-08-31 05:00:00,viernes,40,Normal,Seca y limpia,Ondulado,Terraplen,Recta,Parcial con reducción de carriles,15,0,0,0,0.0,Choque,condiciones de la via y factores ambientales,4511_1_97,9.0,6.0
Santander,2018-11-25 18:33:00,53,0.0,2018-09-01 05:00:00,sabado,0,Normal,Seca y limpia,Ondulado,Cajón,Recta,Parcial con paso alternado,15,0,0,0,0.0,Choque,no determinada,4511_1_53,3.0,12.0
Santander,2018-11-25 18:33:00,47,230.0,2018-09-02 05:00:00,domingo,30,Normal,Seca y limpia,Ondulado,Cajón,Recta,Parcial con paso alternado,15,0,0,0,0.0,Choque,no mantener distancia de seguridad,4511_1_47,4.0,11.0
Santander,2018-11-25 18:33:00,135,875.0,2018-09-05 05:00:00,miercoles,15,Viento,Seca y limpia,Ondulado,Terraplen,Recta,Parcial con paso alternado,15,0,1,0,1.0,Atropello,adelantamientos indebidos,4511_1_135,0.0,15.0
Casanare,2018-11-26 04:00:00,23,600.0,2018-11-13 05:00:00,martes,0,Seca,Otra,Ondulado,Media Ladera Derecha,Curva Izquierda,Cierre total,0,45,0,0,0.0,Volcamiento,no determinada,6405_0_23,6.0,18.0
Casanare,2018-11-26 04:00:00,124,600.0,2018-11-14 05:00:00,miercoles,0,Seca,Seca y limpia,Plano,Terraplen,Recta,Transito normal con precaución,0,0,0,0,1.0,Choque,condiciones de la via y factores ambientales,6515_1_124,17.0,7.0
Santander,2018-11-26 21:25:00,46,440.97,2018-10-15 05:00:00,lunes,14,Normal,Seca y limpia,Montañoso,Media Ladera Derecha,Curva Izquierda,Parcial restringido a vehiculos pesados,6,14,0,0,0.0,Choque,no mantener distancia de seguridad,45A07_1_46,6.0,0.0
Casanare,2018-11-26 12:36:00,61,200.0,2018-11-21 05:00:00,miercoles,0,Normal,Seca y limpia,Montañoso,Media Ladera Derecha,Recta,Transito normal con precaución,0,0,0,0,0.0,Salida de la vía sin volcarse,no determinada,6211_1_61,8.0,16.0
Casanare,2018-11-26 12:40:00,68,450.0,2018-11-24 05:00:00,sabado,30,Normal,Seca y limpia,Montañoso,Media Ladera Derecha,Recta,Transito normal con precaución,0,0,0,0,0.0,Volcamiento,no determinada,6211_1_68,8.0,16.0
Cauca,2018-11-26 13:21:00,24,400.0,2018-10-06 05:00:00,sabado,30,Normal,Humeda,Ondulado,Media ladera Izquierda,Recta,Cierre total,1,0,0,0,1.0,Choque,embriaguez o sustancias alucinogenas,2602_0_24,17.0,8.0
Cauca,2018-11-26 13:21:00,4,707.0,2018-10-21 05:00:00,domingo,0,Normal,Material suelto,Montañoso,Terraplen,Curva Derecha,Transito normal con precaución,2,40,0,0,1.0,Salida de la vía sin volcarse,embriaguez o sustancias alucinogenas,26CC07_0_4,4.0,22.0
Cauca,2018-11-26 13:21:00,62,750.0,2018-10-21 05:00:00,domingo,30,Normal,Seca y limpia,Montañoso,Media ladera Izquierda,Curva Derecha,Parcial con reducción de carriles,1,20,1,0,2.0,Volcamiento,fallas mecanicas y del sistema electrico,2602_0_62,7.0,18.0
Cauca,2018-11-26 13:21:00,72,593.0,2018-10-28 05:00:00,domingo,30,Niebla,Humeda,Montañoso,Media ladera Izquierda,Recta,Transito normal con precaución,1,0,1,0,4.0,Choque,embriaguez o sustancias alucinogenas,2602_0_72,4.0,21.0
Santander,2018-11-26 16:44:00,60,480.0,2018-10-05 05:00:00,viernes,30,Normal,Seca y limpia,Plano,Terraplen,Recta,Parcial con paso alternado,11,30,1,1,2.0,Atropello,conducta de peatones,45A06_0_60,11.0,0.0
Santander,2018-11-26 18:32:00,140,200.0,2018-09-07 05:00:00,viernes,20,Lluvia,Humeda,Ondulado,Terraplen,Curva Derecha,Transito normal con precaución,0,15,1,0,1.0,Volcamiento,defectos fisicos y psiquicos,4511_1_140,5.0,19.0
Santander,2018-11-26 18:36:00,91,600.0,2018-09-08 05:00:00,sabado,0,Normal,Seca y limpia,Ondulado,Cajón,Curva Izquierda,Parcial con reducción de carriles,0,15,1,0,1.0,Atropello,no mantener distancia de seguridad,4511_1_91,20.0,4.0
Santander,2018-11-26 16:16:00,67,700.0,2018-09-06 05:00:00,jueves,20,Seca,Seca y limpia,Ondulado,Terraplen,Recta,Parcial con reducción de carriles,0,15,2,0,2.0,Choque,fallas mecanicas y del sistema electrico,4511_1_67,9.0,15.0
Santander,2018-11-26 16:44:00,86,400.0,2018-10-01 05:00:00,lunes,40,Normal,Seca y limpia,Montañoso,Media Ladera Derecha,Curva Izquierda,Parcial restringido a vehiculos pesados,11,30,0,0,0.0,Volcamiento,exceso de velocidad,45A06_0_86,13.0,22.0
Santander,2018-11-26 16:37:00,111,300.0,2018-09-07 05:00:00,viernes,0,Lluvia,Humeda,Ondulado,Terraplen,Curva Derecha,Transito normal con precaución,0,15,1,0,1.0,Volcamiento,defectos fisicos y psiquicos,4511_1_111,8.0,16.0
Santander,2018-11-26 16:44:00,117,589.0,2018-10-05 05:00:00,viernes,50,Seca,Seca y limpia,Montañoso,Media ladera Izquierda,Curva Izquierda,Parcial con paso alternado,18,50,0,0,2.0,Choque,defectos fisicos y psiquicos,45A06_0_117,18.0,0.0
Santander,2018-11-26 16:44:00,57,200.0,2018-10-11 05:00:00,jueves,20,Lluvia,Humeda,Montañoso,Cajón,Recta,Parcial con paso alternado,3,20,0,0,2.0,Choque,condiciones de la via y factores ambientales,45A06_0_57,3.0,0.0
Risaralda,2018-11-29 14:55:00,8,965.0,2018-10-17 05:00:00,miercoles,55,Normal,Seca y limpia,Plano,Terraplen,Recta,Transito normal con precaución,0,0,0,0,0.0,Choque,no determinada,29RSC_1_8,15.0,9.0
Santander,2018-11-26 17:11:00,80,950.0,2018-10-11 05:00:00,jueves,20,Niebla,Seca y limpia,Montañoso,Media Ladera Derecha,Curva Izquierda,Parcial con paso alternado,3,20,0,0,0.0,Choque,desobediencia a normas y senales,45A06_0_80,3.0,0.0
Santander,2018-11-26 17:11:00,87,500.0,2018-10-13 05:00:00,sabado,40,Lluvia,Humeda,Montañoso,Media Ladera Derecha,Curva Derecha,Parcial con paso alternado,3,40,0,0,0.0,Choque,adelantamientos indebidos,45A06_0_87,3.0,0.0
Santander,2018-11-26 20:08:00,51,450.0,2018-10-13 05:00:00,sabado,30,Normal,Seca y limpia,Montañoso,Media Ladera Derecha,Recta,Cierre total,9,0,1,1,2.0,Choque,adelantamientos indebidos,45A06_0_51,5.0,4.0
Santander,2018-11-26 20:08:00,19,100.0,2018-10-13 05:00:00,sabado,55,Normal,Seca y limpia,Montañoso,Media ladera Izquierda,Recta,Parcial con paso alternado,10,55,0,0,2.0,Choque,maniobras imprudentes,45A06_0_19,10.0,0.0
Santander,2018-11-26 20:15:00,107,480.0,2018-10-13 05:00:00,sabado,0,Normal,Seca y limpia,Montañoso,Media Ladera Derecha,Curva Izquierda,Cierre total,23,0,1,1,2.0,Choque,adelantamientos indebidos,45A06_0_107,20.0,3.0
Santander,2018-11-26 20:17:00,77,700.0,2018-09-08 05:00:00,sabado,30,Normal,Seca y limpia,Ondulado,Terraplen,Recta,Parcial con reducción de carriles,0,15,1,0,1.0,Volcamiento,embriaguez o sustancias alucinogenas,4513_1_77,11.0,13.0
Santander,2018-11-26 20:15:00,14,520.0,2018-10-16 05:00:00,martes,40,Normal,Seca y limpia,Montañoso,Media Ladera Derecha,Recta,Parcial con paso alternado,12,40,0,0,2.0,Choque,defectos fisicos y psiquicos,45A06_0_14,12.0,0.0
Santander,2018-11-26 20:15:00,97,899.99,2018-10-16 05:00:00,martes,0,Normal,Seca y limpia,Montañoso,Media Ladera Derecha,Curva Izquierda,Parcial con paso alternado,14,0,1,0,3.0,Caída ocupante,conducta de pasajeros,45A06_0_97,14.0,0.0
Santander,2018-11-26 20:15:00,46,500.0,2018-10-20 05:00:00,sabado,6,Normal,Seca y limpia,Montañoso,Media ladera Izquierda,Recta,Cierre total,4,0,0,1,4.0,Choque,adelantamientos indebidos,45A06_0_46,1.0,3.0
Santander,2018-11-26 20:15:00,77,950.0,2018-10-20 05:00:00,sabado,0,Normal,Seca y limpia,Montañoso,Media Ladera Derecha,Recta,Parcial con paso alternado,12,0,0,0,0.0,Choque,condiciones de la via y factores ambientales,45A06_0_77,12.0,0.0
Santander,2018-11-26 20:15:00,117,700.0,2018-10-21 05:00:00,domingo,10,Lluvia,Humeda,Montañoso,Media ladera Izquierda,Recta,Cierre total,7,0,1,1,6.0,Choque,exceso de velocidad,45A06_0_117,4.0,3.0
Santander,2018-11-26 20:33:00,14,300.0,2018-11-28 05:00:00,miercoles,40,Lluvia,Humeda,Montañoso,Media Ladera Derecha,Recta,Parcial con paso alternado,18,40,0,0,0.0,Choque,condiciones de la via y factores ambientales,45A06_0_14,18.0,0.0
Santander,2018-11-26 21:12:00,26,239.0,2018-10-10 05:00:00,miercoles,0,Normal,Seca y limpia,Montañoso,Media ladera Izquierda,Curva Izquierda,Parcial restringido a vehiculos pesados,9,0,0,0,0.0,Choque,adelantamientos indebidos,45A07_1_26,9.0,0.0
Santander,2018-11-26 21:12:00,36,760.0,2018-10-07 05:00:00,domingo,20,Normal,Seca y limpia,Montañoso,Media ladera Izquierda,Recta,Parcial restringido a vehiculos pesados,5,20,0,0,0.0,Choque,adelantamientos indebidos,45A07_1_36,5.0,0.0
Santander,2018-11-26 21:12:00,44,795.0,2018-10-09 05:00:00,martes,15,Normal,Seca y limpia,Montañoso,Media Ladera Derecha,Curva Derecha,Parcial restringido a vehiculos pesados,5,15,0,0,0.0,Volcamiento,imprudencia del conductor,45A07_1_44,5.0,0.0
Santander,2018-11-26 21:25:00,30,256.0,2018-10-10 05:00:00,miercoles,15,Normal,Seca y limpia,Montañoso,Media Ladera Derecha,Curva Izquierda,Parcial restringido a vehiculos pesados,14,15,0,0,0.0,Choque,adelantamientos indebidos,45A07_1_30,14.0,0.0
Santander,2018-11-26 21:25:00,52,848.0,2018-10-21 05:00:00,domingo,25,Normal,Seca y limpia,Montañoso,Media ladera Izquierda,Curva Izquierda,Parcial restringido a vehiculos pesados,14,25,0,0,0.0,Choque,adelantamientos indebidos,45A07_1_52,14.0,0.0
Santander,2018-11-26 21:25:00,6,300.0,2018-10-22 05:00:00,lunes,15,Normal,Seca y limpia,Montañoso,Media ladera Izquierda,Recta,Cierre total,17,0,0,1,1.0,Choque,adelantamientos indebidos,45A07_1_6,16.0,1.0
Santander,2018-11-26 21:25:00,32,282.0,2018-10-28 05:00:00,domingo,10,Normal,Seca y limpia,Montañoso,Media Ladera Derecha,Curva Derecha,Parcial restringido a vehiculos pesados,18,10,1,0,2.0,Choque,adelantamientos indebidos,45A07_1_32,18.0,0.0
Santander,2018-11-26 20:33:00,110,50.0,2018-11-23 05:00:00,viernes,40,Normal,Seca y limpia,Montañoso,Media ladera Izquierda,Recta,Parcial restringido a vehiculos pesados,17,40,0,0,0.0,Choque,adelantamientos indebidos,45A06_0_110,17.0,0.0
Santander,2018-11-26 20:33:00,82,199.98,2018-11-30 05:00:00,viernes,40,Normal,Seca y limpia,Montañoso,Media ladera Izquierda,Curva Izquierda,Parcial restringido a vehiculos pesados,17,40,1,0,1.0,Atropello,defectos fisicos y psiquicos,45A06_0_82,17.0,0.0
Santander,2018-11-26 20:33:00,56,850.0,2018-10-31 05:00:00,miercoles,10,Normal,Seca y limpia,Montañoso,Cajón,Recta,Parcial con paso alternado,18,10,0,0,1.0,Choque,no mantener distancia de seguridad,45A06_0_56,18.0,0.0
Santander,2018-11-26 20:33:00,24,50.0,2018-10-05 05:00:00,viernes,10,Normal,Seca y limpia,Montañoso,Media ladera Izquierda,Curva Izquierda,Parcial con paso alternado,0,10,0,0,1.0,Choque,condiciones de la via y factores ambientales,45A07_1_24,0.0,0.0
Santander,2018-11-26 21:25:00,35,231.0,2018-10-24 05:00:00,miercoles,30,Normal,Seca y limpia,Montañoso,Media Ladera Derecha,Curva Izquierda,Parcial restringido a vehiculos pesados,6,30,0,0,1.0,Choque,no mantener distancia de seguridad,45A07_1_35,6.0,0.0
Santander,2018-11-27 12:12:00,62,10.0,2018-09-15 05:00:00,sabado,0,Lluvia,Humeda,Ondulado,Terraplen,Recta,Parcial con reducción de carriles,0,15,0,0,0.0,Choque,no determinada,4511_1_62,10.0,14.0
Santander,2018-11-27 12:49:00,49,830.0,2018-09-17 05:00:00,lunes,20,Normal,Seca y limpia,Ondulado,Terraplen,Recta,Parcial con reducción de carriles,0,15,0,0,0.0,Choque,no determinada,4511_1_49,10.0,14.0
Santander,2018-11-27 12:56:00,124,0.0,2018-09-18 05:00:00,martes,0,Normal,Seca y limpia,Ondulado,Terraplen,Recta,Parcial con reducción de carriles,0,15,1,0,1.0,Volcamiento,estacionamiento y senalizacion imprudente,4511_1_124,12.0,12.0
Santander,2018-11-27 13:00:00,98,600.0,2018-09-19 05:00:00,miercoles,10,Normal,Seca y limpia,Ondulado,Terraplen,Recta,Parcial con reducción de carriles,0,15,1,0,1.0,Choque,no determinada,4511_1_98,5.0,19.0
Santander,2018-11-27 13:05:00,19,900.0,2018-09-20 05:00:00,jueves,41,Normal,Seca y limpia,Ondulado,Terraplen,Recta,Parcial con reducción de carriles,0,15,1,0,1.0,Volcamiento,fallas mecanicas y del sistema electrico,4511_2_19,12.0,12.0
Santander,2018-11-27 19:55:00,30,550.0,2018-10-18 05:00:00,jueves,50,Normal,Seca y limpia,Ondulado,Terraplen,Recta,Parcial con reducción de carriles,0,15,1,0,1.0,Choque,exceso de velocidad,4513_1_30,7.0,17.0
Santander,2018-11-27 13:31:00,118,0.0,2018-09-22 05:00:00,sabado,40,Normal,Seca y limpia,Ondulado,Terraplen,Recta,Parcial con reducción de carriles,0,15,1,0,1.0,Choque,condiciones de la via y factores ambientales,4511_1_118,14.0,10.0
Santander,2018-11-27 13:35:00,20,700.0,2018-09-25 05:00:00,martes,44,Lluvia,Humeda,Ondulado,Terraplen,Recta,Parcial con reducción de carriles,0,15,1,0,1.0,Caída ocupante,condiciones de la via y factores ambientales,4513_1_20,16.0,8.0
Santander,2018-11-27 13:52:00,97,0.0,2018-09-25 05:00:00,martes,0,Sol,Seca y limpia,Ondulado,Terraplen,Recta,Parcial con reducción de carriles,0,15,1,0,1.0,Choque,no determinada,4511_1_97,9.0,15.0
Santander,2018-11-27 13:58:00,40,0.0,2018-09-28 05:00:00,viernes,0,Normal,Seca y limpia,Ondulado,Terraplen,Curva Izquierda,Parcial con reducción de carriles,0,15,1,0,1.0,Volcamiento,adelantamientos indebidos,4511_2_40,5.0,19.0
Santander,2018-11-27 14:07:00,112,910.0,2018-10-03 05:00:00,miercoles,30,Normal,Seca y limpia,Ondulado,Terraplen,Curva Derecha,Parcial con reducción de carriles,0,15,0,0,0.0,Choque,no determinada,4511_1_112,9.0,15.0
Santander,2018-11-27 14:10:00,91,800.0,2018-10-09 05:00:00,martes,50,Normal,Seca y limpia,Ondulado,Terraplen,Curva Izquierda,Parcial con reducción de carriles,0,15,0,0,0.0,Choque,no determinada,4511_1_91,4.0,20.0
Santander,2018-11-27 14:12:00,48,500.0,2018-10-12 05:00:00,viernes,30,Normal,Seca y limpia,Ondulado,Terraplen,Curva Izquierda,Parcial con reducción de carriles,0,15,0,0,0.0,Choque,adelantamientos indebidos,4513_1_48,21.0,3.0
Santander,2018-11-27 14:36:00,116,400.0,2018-10-13 05:00:00,sabado,50,Normal,Seca y limpia,Ondulado,Terraplen,Curva Derecha,Parcial con reducción de carriles,0,15,1,0,1.0,Choque,no determinada,4511_1_116,19.0,5.0
Santander,2018-11-27 14:40:00,148,150.0,2018-10-14 05:00:00,domingo,45,Normal,Seca y limpia,Ondulado,Terraplen,Recta,Parcial con reducción de carriles,0,15,0,0,0.0,Choque,no determinada,4511_1_148,14.0,10.0
Santander,2018-11-27 14:45:00,36,400.0,2018-10-14 05:00:00,domingo,40,Normal,Seca y limpia,Ondulado,Terraplen,Recta,Parcial con reducción de carriles,0,15,1,0,1.0,Atropello,embriaguez o sustancias alucinogenas,4513_1_36,17.0,7.0
Santander,2018-11-27 14:48:00,75,0.0,2018-10-14 05:00:00,domingo,20,Normal,Seca y limpia,Ondulado,Terraplen,Curva Izquierda,Parcial con reducción de carriles,0,15,0,0,0.0,Choque,no determinada,4511_1_75,18.0,6.0
Santander,2018-11-27 14:51:00,30,615.0,2018-10-18 05:00:00,jueves,30,Lluvia,Humeda,Ondulado,Terraplen,Recta,Parcial con reducción de carriles,0,15,0,0,0.0,Volcamiento,desobediencia a normas y senales,4513_1_30,3.0,21.0
Santander,2018-11-27 14:57:00,30,700.0,2018-10-18 05:00:00,jueves,50,Normal,Seca y limpia,Ondulado,Terraplen,Recta,Parcial con reducción de carriles,0,15,0,0,0.0,Choque,no mantener distancia de seguridad,4513_1_30,7.0,17.0
Santander,2018-11-27 14:59:00,30,0.0,2018-10-18 05:00:00,jueves,45,Normal,Seca y limpia,Ondulado,Terraplen,Recta,Parcial con reducción de carriles,0,15,1,0,1.0,Choque,no mantener distancia de seguridad,4513_1_30,18.0,6.0
Santander,2018-11-27 15:01:00,147,0.0,2018-10-19 05:00:00,viernes,20,Lluvia,Humeda,Ondulado,Terraplen,Curva Izquierda,Parcial con reducción de carriles,0,15,1,0,1.0,Choque,no determinada,4511_1_147,6.0,18.0
Santander,2018-11-27 15:18:00,84,0.0,2018-10-19 05:00:00,viernes,20,Normal,Seca y limpia,Ondulado,Terraplen,Recta,Parcial con reducción de carriles,0,15,0,0,0.0,Choque,no determinada,4511_1_84,8.0,16.0
Santander,2018-11-27 15:23:00,84,200.0,2018-10-19 05:00:00,viernes,0,Viento,Seca y limpia,Ondulado,Terraplen,Recta,Parcial con reducción de carriles,0,15,0,0,0.0,Choque,no determinada,4511_1_84,6.0,18.0
Santander,2018-11-27 15:29:00,121,200.0,2018-10-22 05:00:00,lunes,10,Normal,Seca y limpia,Ondulado,Terraplen,Curva Derecha,Parcial con reducción de carriles,0,15,1,0,1.0,Choque,estacionamiento y senalizacion imprudente,4511_1_121,5.0,19.0
Santander,2018-11-27 15:33:00,13,121.0,2018-10-22 05:00:00,lunes,35,Normal,Seca y limpia,Ondulado,Terraplen,Curva Izquierda,Parcial con reducción de carriles,0,15,0,0,0.0,Choque,maniobras imprudentes,4513_1_13,7.0,17.0
Santander,2018-11-27 15:35:00,133,0.0,2018-10-21 05:00:00,domingo,0,Normal,Seca y limpia,Ondulado,Terraplen,Curva Derecha,Parcial con reducción de carriles,0,15,0,0,0.0,Choque,no determinada,4511_1_133,6.0,18.0
Santander,2018-11-27 15:38:00,117,500.0,2018-10-26 05:00:00,viernes,0,Normal,Seca y limpia,Ondulado,Terraplen,Curva Izquierda,Parcial con reducción de carriles,0,15,0,0,0.0,Choque,no determinada,4511_1_117,3.0,21.0
Santander,2018-11-27 15:41:00,118,200.0,2018-10-27 05:00:00,sabado,0,Normal,Seca y limpia,Ondulado,Terraplen,Recta,Parcial con reducción de carriles,0,15,0,0,0.0,Choque,no determinada,4511_1_118,14.0,10.0
Santander,2018-11-27 15:44:00,148,500.0,2018-10-29 05:00:00,lunes,0,Normal,Seca y limpia,Ondulado,Terraplen,Recta,Parcial con reducción de carriles,0,15,0,0,0.0,Volcamiento,no determinada,4511_1_148,12.0,12.0
Santander,2018-11-27 15:52:00,106,200.0,2018-10-31 05:00:00,miercoles,50,Normal,Seca y limpia,Ondulado,Terraplen,Recta,Parcial con reducción de carriles,0,15,0,0,0.0,Choque,no determinada,4511_1_106,13.0,11.0
Santander,2018-11-27 20:36:00,132,800.0,2018-10-24 05:00:00,miercoles,30,Normal,Seca y limpia,Ondulado,Terraplen,Recta,Parcial con reducción de carriles,0,15,0,0,0.0,Choque,adelantamientos indebidos,4511_1_132,6.0,18.0
Santander,2018-11-27 20:42:00,6,750.0,2018-10-25 05:00:00,jueves,0,Lluvia,Humeda,Ondulado,Terraplen,Curva Izquierda,Cierre total,0,15,0,0,0.0,Volcamiento,condiciones de la via y factores ambientales,4513_1_6,5.0,19.0
Santander,2018-11-27 20:46:00,123,400.0,2018-10-26 05:00:00,viernes,30,Normal,Seca y limpia,Ondulado,Terraplen,Curva Derecha,Parcial con reducción de carriles,0,15,0,0,0.0,Caída de carga,no determinada,4511_1_123,11.0,13.0
Santander,2018-11-27 20:55:00,85,700.0,2018-11-25 05:00:00,domingo,0,Normal,Seca y limpia,Ondulado,Terraplen,Recta,Parcial con reducción de carriles,0,15,1,0,1.0,Caída ocupante,condiciones de la via y factores ambientales,4511_1_85,6.0,18.0
Risaralda,2018-11-29 14:15:00,0,510.0,2018-10-14 05:00:00,domingo,0,Normal,Seca y limpia,Montañoso,Media ladera Izquierda,Recta,Transito normal con precaución,0,0,2,0,2.0,Choque,desobediencia a normas y senales,2902_1_0,9.0,15.0
Risaralda,2018-11-29 14:20:00,0,700.0,2018-10-15 05:00:00,lunes,30,Normal,Seca y limpia,Plano,Cajón,Recta,Transito normal con precaución,0,0,0,0,0.0,Choque,no mantener distancia de seguridad,2507_1_0,17.0,7.0