territorial,fecha_registro,pr,distancia_pr,fecha_acc,dia_semana_acc,min_acc,condic_meteor,estado_super,terreno,secc_tip,geometria_acc,tipo_cierre,horas_cierre,min_cierre,n_heridos,n_muertos,n_victimas,clase_accidente,causa_posible,ref_loc,hora_acc,duracion_cierre_horas
Risaralda,2018-11-29 14:26:00,8,350.0,2018-10-15 05:00:00,lunes,30,Normal,Seca y limpia,Plano,Terraplen,Recta,Transito normal con precaución,0,0,1,0,1.0,Choque,embriaguez o sustancias alucinogenas,29RSC_1_8,3.0,21.0
Risaralda,2018-11-29 14:32:00,1,0.0,2018-10-15 05:00:00,lunes,50,Normal,Seca y limpia,Plano,Terraplen,Recta,Transito normal con precaución,0,0,0,0,0.0,Choque,no determinada,2902_2_1,18.0,6.0
Risaralda,2018-11-29 14:42:00,5,300.0,2018-10-16 05:00:00,martes,59,Normal,Seca y limpia,Ondulado,Media ladera Izquierda,Recta,Transito normal con precaución,0,0,1,0,1.0,Choque,exceso de velocidad,29RSC_1_5,5.0,19.0
Risaralda,2018-11-29 14:48:00,8,130.0,2018-10-17 05:00:00,miercoles,30,Normal,Humeda,Ondulado,Media Ladera Derecha,Recta,Transito normal con precaución,0,0,1,0,1.0,Choque,desobediencia a normas y senales,29RSC_1_8,16.0,8.0
Risaralda,2018-11-29 15:19:00,0,150.0,2018-10-18 05:00:00,jueves,10,Normal,Seca y limpia,Plano,Terraplen,Recta,Transito normal con precaución,0,0,0,0,0.0,Choque,maniobras imprudentes,29RSA_1_0,17.0,7.0
Risaralda,2018-11-29 18:33:00,0,40.0,2018-10-23 05:00:00,martes,40,Normal,Seca y limpia,Plano,Terraplen,Recta,Transito normal con precaución,0,0,0,0,0.0,Choque,no mantener distancia de seguridad,2902_1_0,6.0,18.0
Risaralda,2018-11-29 19:11:00,3,750.0,2018-10-23 05:00:00,martes,20,Normal,Seca y limpia,Plano,Terraplen,Recta,Transito normal con precaución,0,0,0,0,0.0,Choque,maniobras imprudentes,2902_2_3,16.0,8.0
Risaralda,2018-11-29 19:16:00,3,160.0,2018-10-23 05:00:00,martes,0,Normal,Seca y limpia,Plano,Terraplen,Recta,Transito normal con precaución,0,0,0,0,0.0,Choque,maniobras imprudentes,2902_2_3,19.0,5.0
Risaralda,2018-11-29 19:20:00,0,785.0,2018-10-24 05:00:00,miercoles,36,Lluvia,Humeda,Plano,Cajón,Recta,Transito normal con precaución,0,0,2,0,2.0,Choque,no mantener distancia de seguridad,29RSA_2_0,6.0,18.0
Risaralda,2018-11-29 19:33:00,3,710.0,2018-10-24 05:00:00,miercoles,20,Normal,Seca y limpia,Plano,Terraplen,Recta,Transito normal con precaución,0,0,0,0,0.0,Choque,no mantener distancia de seguridad,2902_2_3,14.0,10.0
Risaralda,2018-11-29 19:35:00,9,500.0,2018-10-25 05:00:00,jueves,30,Normal,Seca y limpia,Plano,Terraplen,Recta,Transito normal con precaución,0,0,2,0,2.0,Atropello,adelantamientos indebidos,29RSC_1_9,17.0,7.0
Risaralda,2018-11-29 19:38:00,0,0.0,2018-10-25 05:00:00,jueves,40,Normal,Seca y limpia,Plano,Terraplen,Recta,Transito normal con precaución,0,0,0,0,0.0,Choque,no mantener distancia de seguridad,29RSA_2_0,16.0,8.0
Risaralda,2018-11-29 19:40:00,0,820.0,2018-10-25 05:00:00,jueves,0,Lluvia,Humeda,Ondulado,Cajón,Recta,Transito normal con precaución,0,0,0,0,0.0,Choque,no determinada,29RSA_1_0,16.0,8.0
Risaralda,2018-11-29 19:52:00,0,620.0,2018-10-25 05:00:00,jueves,30,Lluvia,Humeda,Plano,Media Ladera Derecha,Recta,Transito normal con precaución,0,0,2,0,2.0,Choque,desobediencia a normas y senales,29RSA_2_0,21.0,3.0
Risaralda,2018-11-29 19:54:00,0,182.0,2018-10-25 05:00:00,jueves,0,Normal,Seca y limpia,Plano,Terraplen,Recta,Transito normal con precaución,0,0,0,0,0.0,Choque,desobediencia a normas y senales,29RSA_2_0,8.0,16.0
Risaralda,2018-11-29 19:56:00,1,71.0,2018-10-26 05:00:00,viernes,40,Normal,Seca y limpia,Plano,Terraplen,Recta,Transito normal con precaución,0,0,0,0,0.0,Choque,no mantener distancia de seguridad,2902_2_1,11.0,13.0
Risaralda,2018-11-29 19:59:00,2,880.0,2018-10-26 05:00:00,viernes,20,Normal,Seca y limpia,Plano,Terraplen,Recta,Transito normal con precaución,0,0,1,0,1.0,Choque,no mantener distancia de seguridad,2902_2_2,15.0,9.0
Risaralda,2018-11-29 20:01:00,40,924.0,2018-10-27 05:00:00,sabado,30,Normal,Seca y limpia,Ondulado,Media ladera Izquierda,Recta,Transito normal con precaución,0,0,1,0,1.0,Choque,no mantener distancia de seguridad,2507_1_40,18.0,6.0
Risaralda,2018-11-29 20:12:00,0,750.0,2018-10-27 05:00:00,sabado,0,Normal,Seca y limpia,Plano,Terraplen,Recta,Parcial con paso alternado,0,0,0,0,0.0,Choque,estacionamiento y senalizacion imprudente,2902_1_0,10.0,14.0
Risaralda,2018-11-29 20:15:00,4,400.0,2018-10-27 05:00:00,sabado,50,Normal,Seca y limpia,Plano,Terraplen,Recta,Transito normal con precaución,0,0,0,0,0.0,Choque,no determinada,2902_1_4,17.0,7.0
Risaralda,2018-11-29 20:16:00,0,750.0,2018-10-27 05:00:00,sabado,50,Normal,Seca y limpia,Plano,Terraplen,Recta,Transito normal con precaución,0,0,0,0,0.0,Choque,no mantener distancia de seguridad,2902_1_0,15.0,9.0
Risaralda,2018-11-29 20:18:00,4,470.0,2018-10-27 05:00:00,sabado,50,Normal,Seca y limpia,Plano,Terraplen,Recta,Transito normal con precaución,0,0,0,0,0.0,Choque,embriaguez o sustancias alucinogenas,2902_1_4,14.0,10.0
Risaralda,2018-11-29 20:20:00,69,720.0,2018-10-28 05:00:00,domingo,10,Lluvia,Humeda,Ondulado,Cajón,Curva Derecha,Transito normal con precaución,0,0,3,1,4.0,Volcamiento,condiciones de la via y factores ambientales,5002_1_69,11.0,13.0
Risaralda,2018-11-29 20:32:00,0,615.0,2018-10-28 05:00:00,domingo,0,Normal,Seca y limpia,Plano,Media Ladera Derecha,Recta,Transito normal con precaución,0,0,0,0,0.0,Choque,maniobras imprudentes,29RSA_2_0,6.0,18.0
Risaralda,2018-11-29 20:35:00,1,71.0,2018-10-29 05:00:00,lunes,35,Normal,Seca y limpia,Plano,Terraplen,Recta,Transito normal con precaución,0,0,1,0,1.0,Choque,no mantener distancia de seguridad,2902_2_1,7.0,17.0
Risaralda,2018-11-29 20:38:00,7,800.0,2018-10-29 05:00:00,lunes,30,Lluvia,Humeda,Ondulado,Media ladera Izquierda,Curva Izquierda,Transito normal con precaución,0,0,0,0,0.0,Choque,no mantener distancia de seguridad,29RSC_1_7,18.0,6.0
Casanare,2018-11-30 00:28:00,54,340.0,2018-11-29 05:00:00,jueves,0,Sol,Seca y limpia,Plano,Terraplen,Recta,Cierre total,0,30,2,0,3.0,Choque,no determinada,6515_1_54,16.0,8.0
Casanare,2018-11-30 00:36:00,63,930.0,2018-11-25 05:00:00,domingo,0,Seca,Seca y limpia,Plano,Terraplen,Recta,Cierre total,1,0,0,1,1.0,Choque,no determinada,6515_1_63,23.0,2.0
Risaralda,2018-11-29 15:25:00,0,760.0,2018-10-19 05:00:00,viernes,8,Normal,Seca y limpia,Plano,Cajón,Recta,Transito normal con precaución,0,0,1,0,1.0,Atropello,imprudencia del conductor,29RSA_2_0,14.0,10.0
Risaralda,2018-11-29 16:20:00,4,850.0,2018-10-19 05:00:00,viernes,50,Normal,Seca y limpia,Plano,Terraplen,Recta,Transito normal con precaución,0,0,2,0,2.0,Choque,no mantener distancia de seguridad,2902_1_4,14.0,10.0
Risaralda,2018-11-29 16:23:00,5,300.0,2018-10-20 05:00:00,sabado,30,Normal,Seca y limpia,Ondulado,Media ladera Izquierda,Recta,Transito normal con precaución,0,0,2,0,2.0,Choque,maniobras imprudentes,29RSC_1_5,14.0,10.0
Risaralda,2018-11-29 16:35:00,4,400.0,2018-10-21 05:00:00,domingo,40,Normal,Seca y limpia,Plano,Terraplen,Recta,Transito normal con precaución,0,0,1,0,1.0,Caída ocupante,maniobras imprudentes,2902_1_4,19.0,5.0
Risaralda,2018-11-29 16:39:00,0,750.0,2018-10-21 05:00:00,domingo,50,Normal,Seca y limpia,Plano,Terraplen,Recta,Transito normal con precaución,0,0,0,0,0.0,Choque,no mantener distancia de seguridad,2902_1_0,15.0,9.0
Risaralda,2018-11-29 16:43:00,4,160.0,2018-10-22 05:00:00,lunes,15,Normal,Seca y limpia,Plano,Terraplen,Recta,Transito normal con precaución,0,0,0,0,0.0,Choque,maniobras imprudentes,2902_2_4,22.0,2.0
Risaralda,2018-11-29 17:15:00,3,315.0,2018-10-22 05:00:00,lunes,50,Normal,Seca y limpia,Plano,Terraplen,Recta,Transito normal con precaución,0,0,0,0,0.0,Choque,adelantamientos indebidos,2902_1_3,13.0,11.0
Risaralda,2018-11-29 17:18:00,1,71.0,2018-10-22 05:00:00,lunes,25,Normal,Seca y limpia,Plano,Terraplen,Recta,Transito normal con precaución,0,0,0,0,0.0,Choque,no mantener distancia de seguridad,2902_2_1,16.0,8.0
Risaralda,2018-11-29 17:22:00,9,280.0,2018-10-22 05:00:00,lunes,40,Normal,Seca y limpia,Ondulado,Media Ladera Derecha,Recta,Transito normal con precaución,0,0,0,0,0.0,Choque,no determinada,29RSC_1_9,22.0,2.0
Risaralda,2018-11-29 17:24:00,0,800.0,2018-10-22 05:00:00,lunes,15,Normal,Seca y limpia,Plano,Terraplen,Recta,Transito normal con precaución,0,0,0,0,0.0,No determinado,no determinada,25RSA_1_0,0.0,0.0
Risaralda,2018-11-29 20:40:00,0,750.0,2018-10-30 05:00:00,martes,20,Lluvia,Humeda,Plano,Terraplen,Recta,Transito normal con precaución,0,0,0,0,0.0,Choque,maniobras imprudentes,2902_1_0,14.0,10.0
Cauca,2018-11-30 13:44:00,112,600.0,2018-08-07 05:00:00,martes,0,Normal,Seca y limpia,Montañoso,Cajón,Recta,Transito normal con precaución,16,0,0,0,0.0,Choque,no mantener distancia de seguridad,2503_0_112,16.0,0.0
Cauca,2018-11-30 15:39:00,12,120.0,2018-08-16 05:00:00,jueves,53,Normal,Seca y limpia,Ondulado,Terraplen,Curva Derecha,Parcial con paso alternado,16,53,1,0,1.0,Choque,desobediencia a normas y senales,25CCB_1_12,16.0,0.0
Cauca,2018-11-30 16:50:00,56,800.0,2018-09-02 05:00:00,domingo,45,Normal,Seca y limpia,Plano,Media ladera Izquierda,Recta,Parcial con paso alternado,21,45,0,0,0.0,Choque,no determinada,2503_0_56,21.0,0.0
Cauca,2018-11-30 16:50:00,56,800.0,2018-09-02 05:00:00,domingo,45,Normal,Seca y limpia,Plano,Media ladera Izquierda,Recta,Parcial con paso alternado,21,45,0,0,0.0,Choque,no determinada,2503_0_56,21.0,0.0
Cauca,2018-11-30 20:58:00,103,900.0,2018-09-13 05:00:00,jueves,35,Lluvia,Humeda,Montañoso,Media Ladera Derecha,Curva Derecha,Transito normal con precaución,18,35,0,0,0.0,Choque,maniobras imprudentes,2503_0_103,18.0,0.0
Cauca,2018-11-30 20:58:00,103,900.0,2018-09-13 05:00:00,jueves,35,Lluvia,Humeda,Montañoso,Media Ladera Derecha,Curva Derecha,Transito normal con precaución,18,35,0,0,0.0,Choque,maniobras imprudentes,2503_0_103,18.0,0.0
Cauca,2018-11-30 21:09:00,62,300.0,2018-09-14 05:00:00,viernes,0,Normal,Humeda,Montañoso,Media ladera Izquierda,Curva Izquierda,Parcial con paso alternado,8,0,1,0,1.0,Volcamiento,no determinada,2503_0_62,8.0,0.0
Cauca,2018-11-30 21:09:00,62,300.0,2018-09-14 05:00:00,viernes,0,Normal,Humeda,Montañoso,Media ladera Izquierda,Curva Izquierda,Parcial con paso alternado,8,0,1,0,1.0,Volcamiento,no determinada,2503_0_62,8.0,0.0
Cauca,2018-11-30 21:17:00,64,550.0,2018-09-14 05:00:00,viernes,0,Normal,Humeda,Montañoso,Media ladera Izquierda,Curva Izquierda,Transito normal con precaución,7,0,0,0,0.0,Salida de la vía sin volcarse,fallas mecanicas y del sistema electrico,2503_0_64,7.0,0.0
Cauca,2018-11-30 21:17:00,64,550.0,2018-09-14 05:00:00,viernes,0,Normal,Humeda,Montañoso,Media ladera Izquierda,Curva Izquierda,Transito normal con precaución,7,0,0,0,0.0,Salida de la vía sin volcarse,fallas mecanicas y del sistema electrico,2503_0_64,7.0,0.0
Cauca,2018-11-30 21:26:00,20,200.0,2018-09-20 05:00:00,jueves,20,Normal,Seca y limpia,Plano,Terraplen,Recta,Parcial con paso alternado,14,20,0,0,0.0,Choque,exceso en horas de conduccion,2503_0_20,14.0,0.0
Cauca,2018-11-30 21:26:00,20,200.0,2018-09-20 05:00:00,jueves,20,Normal,Seca y limpia,Plano,Terraplen,Recta,Parcial con paso alternado,14,20,0,0,0.0,Choque,exceso en horas de conduccion,2503_0_20,14.0,0.0
Cauca,2018-11-30 21:51:00,116,400.0,2018-09-26 05:00:00,miercoles,0,Sol,Seca y limpia,Ondulado,Terraplen,Recta,Parcial con paso alternado,8,0,0,0,0.0,Volcamiento,no determinada,2503_0_116,8.0,0.0
Cauca,2018-11-30 13:44:00,112,600.0,2018-08-07 05:00:00,martes,0,Normal,Seca y limpia,Montañoso,Cajón,Recta,Transito normal con precaución,16,0,0,0,0.0,Choque,no mantener distancia de seguridad,2503_0_112,16.0,0.0
Cauca,2018-11-30 13:44:00,112,600.0,2018-08-12 05:00:00,domingo,10,Normal,Seca y limpia,Montañoso,Cajón,Recta,Parcial con paso alternado,18,10,0,0,0.0,Choque,no mantener distancia de seguridad,2503_0_112,18.0,0.0
Cauca,2018-11-30 15:39:00,12,120.0,2018-08-16 05:00:00,jueves,53,Normal,Seca y limpia,Ondulado,Terraplen,Curva Derecha,Parcial con paso alternado,16,53,1,0,1.0,Choque,desobediencia a normas y senales,25CCB_1_12,16.0,0.0
Cauca,2018-11-30 16:04:00,4,700.0,2018-08-18 05:00:00,sabado,23,Normal,Seca y limpia,Ondulado,Terraplen,Recta,Parcial con paso alternado,14,23,1,0,1.0,Atropello,no determinada,25CCB_1_4,14.0,0.0
Cauca,2018-11-30 16:08:00,9,0.0,2018-08-18 05:00:00,sabado,0,Normal,Seca y limpia,Plano,Cajón,Curva Derecha,Parcial con paso alternado,10,0,2,0,2.0,Choque,adelantamientos indebidos,25CCB_1_9,10.0,0.0
Cauca,2018-11-30 16:13:00,103,500.0,2018-08-20 05:00:00,lunes,0,Normal,Seca y limpia,Plano,Media ladera Izquierda,Recta,Parcial con paso alternado,11,0,0,0,0.0,Choque,adelantamientos indebidos,2503_0_103,11.0,0.0
Cauca,2018-11-30 16:22:00,115,100.0,2018-08-20 05:00:00,lunes,0,Normal,Seca y limpia,Montañoso,Cajón,Recta,Parcial con paso alternado,13,0,0,0,0.0,Choque,maniobras imprudentes,2503_0_115,13.0,0.0
Cauca,2018-11-30 16:35:00,11,0.0,2018-08-20 05:00:00,lunes,45,Normal,Seca y limpia,Montañoso,Terraplen,Curva Izquierda,Parcial con paso alternado,8,45,1,0,1.0,Choque,no determinada,25CCB_1_11,8.0,0.0
Cauca,2018-11-30 16:43:00,10,300.0,2018-08-26 05:00:00,domingo,10,Normal,Seca y limpia,Ondulado,Terraplen,Recta,Parcial con paso alternado,11,10,2,0,2.0,Choque,adelantamientos indebidos,25CCB_1_10,11.0,0.0
Cauca,2018-11-30 20:53:00,54,500.0,2018-09-12 05:00:00,miercoles,0,Normal,Seca y limpia,Montañoso,Media Ladera Derecha,Curva Derecha,Parcial con paso alternado,3,0,0,0,0.0,Choque,maniobras imprudentes,2503_0_54,3.0,0.0
Cauca,2018-11-30 21:04:00,44,150.0,2018-09-14 05:00:00,viernes,30,Normal,Humeda,Ondulado,Media ladera Izquierda,Curva Izquierda,Parcial con paso alternado,7,30,0,0,0.0,Choque,no determinada,2503_0_44,7.0,0.0
Cauca,2018-11-30 21:04:00,44,150.0,2018-09-14 05:00:00,viernes,30,Normal,Humeda,Ondulado,Media ladera Izquierda,Curva Izquierda,Parcial con paso alternado,7,30,0,0,0.0,Choque,no determinada,2503_0_44,7.0,0.0
Cauca,2018-11-30 21:32:00,54,450.0,2018-09-20 05:00:00,jueves,0,Normal,Seca y limpia,Montañoso,Media Ladera Derecha,Curva Derecha,Parcial con paso alternado,1,0,4,0,4.0,Volcamiento,exceso de velocidad,2503_0_54,1.0,0.0
Cauca,2018-11-30 21:39:00,53,750.0,2018-09-21 05:00:00,viernes,30,Normal,Seca y limpia,Plano,Media ladera Izquierda,Recta,Parcial con paso alternado,23,30,0,0,0.0,Volcamiento,defectos fisicos y psiquicos,2503_0_53,23.0,0.0
Cauca,2018-11-30 21:45:00,109,700.0,2018-09-22 05:00:00,sabado,40,Sol,Seca y limpia,Montañoso,Media Ladera Derecha,Recta,Parcial con paso alternado,8,40,2,0,2.0,Volcamiento,embriaguez o sustancias alucinogenas,2503_0_109,8.0,0.0
Cauca,2018-11-30 21:56:00,106,50.0,2018-09-27 05:00:00,jueves,0,Normal,Seca y limpia,Montañoso,Cajón,Recta,Parcial con paso alternado,12,0,0,0,0.0,Salida de la vía sin volcarse,adelantamientos indebidos,2503_0_106,12.0,0.0
Nariño,2021-09-10 15:47:00,14,0.0,2021-06-17 05:00:00,jueves,30,Lluvia,Humeda,Plano,Terraplen,Recta,Transito normal con precaución,0,10,0,0,3.0,Choque,fallas mecanicas y del sistema electrico,1001_0_14,5.0,19.0
Cauca,2018-11-30 22:07:00,2,800.0,2018-10-05 05:00:00,viernes,30,Lluvia,Humeda,Ondulado,Media ladera Izquierda,Recta,Cierre total,19,30,1,1,2.0,Atropello,no determinada,25CCB_1_2,19.0,0.0
Cauca,2018-11-30 22:13:00,54,250.0,2018-10-05 05:00:00,viernes,30,Normal,Humeda,Montañoso,Media ladera Izquierda,Recta,Parcial con paso alternado,7,30,0,0,0.0,Volcamiento,fallas mecanicas y del sistema electrico,2503_0_54,7.0,0.0
Tolima,2018-11-30 22:16:00,103,891.0,2018-11-02 05:00:00,viernes,0,Normal,Seca y limpia,Plano,Terraplen,Recta,Transito normal con precaución,9,0,0,0,0.0,Choque,no determinada,4510_1_103,9.0,0.0
Tolima,2018-11-30 22:25:00,92,921.0,2018-11-13 05:00:00,martes,10,Normal,Seca y limpia,Plano,Terraplen,Recta,Transito normal con precaución,2,10,0,0,0.0,Choque,no determinada,4510_1_92,2.0,0.0
Tolima,2018-11-30 22:28:00,76,400.0,2018-11-14 05:00:00,miercoles,45,Normal,Seca y limpia,Ondulado,Terraplen,Recta,Transito normal con precaución,6,45,0,1,2.0,Volcamiento,exceso de velocidad,4510_1_76,6.0,0.0
Cauca,2018-11-30 22:29:00,75,350.0,2018-10-05 05:00:00,viernes,20,Sol,Seca y limpia,Montañoso,Media ladera Izquierda,Curva Izquierda,Parcial con paso alternado,12,20,2,0,2.0,Choque,adelantamientos indebidos,2503_0_75,12.0,0.0
Cauca,2018-11-30 22:35:00,2,80.0,2018-10-06 05:00:00,sabado,50,Lluvia,Humeda,Ondulado,Media ladera Izquierda,Recta,Parcial con paso alternado,15,50,0,0,0.0,Choque,estacionamiento y senalizacion imprudente,25CCB_1_2,15.0,0.0
Tolima,2018-11-30 22:32:00,58,500.0,2018-11-14 05:00:00,miercoles,20,Normal,Seca y limpia,Ondulado,Terraplen,Recta,Transito normal con precaución,23,20,0,0,0.0,Choque,condiciones de la via y factores ambientales,4510_2_58,23.0,0.0
Tolima,2018-11-30 22:47:00,58,400.0,2018-11-20 05:00:00,martes,45,Normal,Seca y limpia,Plano,Terraplen,Recta,Transito normal con precaución,1,45,0,0,0.0,Choque,condiciones de la via y factores ambientales,4510_2_58,1.0,0.0
Casanare,2018-12-01 14:49:00,94,330.0,2018-11-29 05:00:00,jueves,30,Normal,Seca y limpia,Montañoso,Media Ladera Derecha,Curva Derecha,Transito normal con precaución,0,0,0,0,0.0,Choque,no determinada,6211_1_94,12.0,12.0
Putumayo,2018-12-04 05:16:00,57,300.0,2018-11-03 05:00:00,sabado,0,Normal,Seca y limpia,Plano,Terraplen,Recta,Transito normal con precaución,0,0,0,0,0.0,Choque,no mantener distancia de seguridad,1003_1_57,19.0,5.0
Putumayo,2018-12-04 05:16:00,59,10.0,2018-11-05 05:00:00,lunes,35,Sol,Seca y limpia,Plano,Terraplen,Recta,Transito normal con precaución,0,0,0,0,0.0,Volcamiento,no determinada,1003_1_59,11.0,13.0
Putumayo,2018-12-04 05:16:00,92,400.0,2018-11-12 05:00:00,lunes,0,Normal,Material suelto,Escarpado,Media Ladera Derecha,Curva Derecha,Transito normal con precaución,0,0,0,0,0.0,Volcamiento,no determinada,1003_1_92,4.0,20.0
Putumayo,2018-12-04 05:16:00,62,650.0,2018-11-22 05:00:00,jueves,20,Normal,Seca y limpia,Plano,Terraplen,Recta,Transito normal con precaución,0,0,1,1,2.0,Choque,defectos fisicos y psiquicos,1003_1_62,3.0,21.0
Sucre,2018-12-05 14:36:00,1,350.0,2018-11-24 05:00:00,sabado,0,Seca,Seca y limpia,Ondulado,Media Ladera Derecha,Curva Izquierda,Transito normal con precaución,23,0,0,1,1.0,Choque,embriaguez o sustancias alucinogenas,90SC02_0_1,23.0,0.0
Sucre,2018-12-05 14:36:00,35,50.0,2018-11-11 05:00:00,domingo,15,Seca,Seca y limpia,Plano,Terraplen,Recta,Transito normal con precaución,12,12,2,0,3.0,Choque,desobediencia a normas y senales,9004_1_35,12.0,0.0
Boyacá,2018-12-05 14:45:00,5,657.0,2018-11-14 05:00:00,miercoles,30,Normal,Seca y limpia,Ondulado,Media ladera Izquierda,Recta,Transito normal con precaución,9,30,0,0,0.0,Choque,no mantener distancia de seguridad,5503_1_5,9.0,0.0
Boyacá,2018-12-05 14:48:00,5,230.0,2018-11-16 05:00:00,viernes,30,Normal,Seca y limpia,Ondulado,Media ladera Izquierda,Recta,Transito normal con precaución,8,30,1,0,1.0,Choque,maniobras imprudentes,5503_1_5,8.0,0.0
Boyacá,2018-12-05 14:51:00,31,900.0,2018-11-17 05:00:00,sabado,30,Lluvia,Humeda,Ondulado,Media Ladera Derecha,Curva Izquierda,Transito normal con precaución,16,30,0,0,0.0,Choque,desobediencia a normas y senales,5503_1_31,16.0,0.0
Boyacá,2018-12-05 14:53:00,17,800.0,2018-11-22 05:00:00,jueves,30,Lluvia,Humeda,Ondulado,Media ladera Izquierda,Curva Izquierda,Transito normal con precaución,18,30,0,0,0.0,Salida de la vía sin volcarse,desobediencia a normas y senales,5503_1_17,18.0,0.0
Boyacá,2018-12-05 14:56:00,16,55.0,2018-11-23 05:00:00,viernes,15,Lluvia,Humeda,Ondulado,Media Ladera Derecha,Curva Izquierda,Transito normal con precaución,13,15,0,0,0.0,Salida de la vía sin volcarse,desobediencia a normas y senales,5503_1_16,13.0,0.0
Boyacá,2018-12-05 14:59:00,25,11.0,2018-12-03 05:00:00,lunes,0,Normal,Seca y limpia,Plano,Terraplen,Recta,Transito normal con precaución,23,0,0,0,0.0,Salida de la vía sin volcarse,fallas mecanicas y del sistema electrico,5503_1_25,23.0,0.0
Guajira,2018-12-04 22:34:00,5,450.0,2018-10-11 05:00:00,jueves,0,Lluvia,Humeda,Plano,Cajón,Recta,Cierre total,0,0,0,0,0.0,Volcamiento,condiciones de la via y factores ambientales,8801_2_5,0.0,0.0
Guajira,2018-12-04 22:40:00,38,116.97,2018-10-28 05:00:00,domingo,20,Sol,Seca y limpia,Ondulado,Terraplen,Recta,Parcial con reducción de carriles,0,0,0,2,4.0,Choque,fallas mecanicas y del sistema electrico,8801_1_38,15.0,9.0
Nariño,2018-12-04 23:10:00,63,750.0,2018-11-27 05:00:00,martes,30,Lluvia,Humeda,Plano,Media Ladera Derecha,Curva Derecha,Transito normal con precaución,0,0,0,0,0.0,Volcamiento,exceso de velocidad,1002_1_63,16.0,8.0
Nariño,2018-12-04 23:28:00,55,800.0,2018-12-04 05:00:00,martes,24,Seca,Seca y limpia,Montañoso,Media Ladera Derecha,Recta,Transito normal con precaución,0,0,0,0,1.0,Choque,exceso en horas de conduccion,1002_1_55,6.0,18.0
Boyacá,2018-12-05 21:33:00,40,20.0,2018-11-29 05:00:00,jueves,45,Normal,Seca y limpia,Ondulado,Media Ladera Derecha,Curva Izquierda,Transito normal con precaución,16,45,0,0,0.0,Salida de la vía sin volcarse,desobediencia a normas y senales,5503_1_40,16.0,0.0
Caldas,2018-12-05 22:30:00,24,200.0,2018-11-17 05:00:00,sabado,30,Lluvia,Humeda,Montañoso,Media ladera Izquierda,Recta,Transito normal con precaución,16,50,4,0,4.0,Choque,no determinada,2508_1_24,16.0,0.0
Quindío,2018-12-06 20:27:00,42,440.0,2018-11-13 05:00:00,martes,0,Normal,Seca y limpia,Plano,Terraplen,Recta,Transito normal con precaución,0,0,1,0,1.0,Volcamiento,no determinada,4002_1_42,23.0,1.0
Quindío,2018-12-06 20:40:00,2,500.0,2018-11-09 05:00:00,viernes,30,Normal,Seca y limpia,Plano,Terraplen,Recta,Transito normal con precaución,0,0,1,0,1.0,Choque,no determinada,40QN04_0_2,12.0,12.0
Quindío,2018-12-06 20:49:00,13,950.0,2018-11-02 05:00:00,viernes,0,Normal,Seca y limpia,Montañoso,Media ladera Izquierda,Recta,Parcial con reducción de carriles,1,0,0,0,0.0,Choque,no determinada,4003_1_13,2.0,23.0
Quindío,2018-12-06 21:04:00,12,800.0,2018-11-03 05:00:00,sabado,30,Normal,Seca y limpia,Montañoso,Media ladera Izquierda,Curva Izquierda,Cierre total,2,0,0,0,0.0,Choque,no determinada,4003_1_12,5.0,21.0
Quindío,2018-12-06 21:09:00,19,440.0,2018-11-11 05:00:00,domingo,30,Normal,Seca y limpia,Montañoso,Media Ladera Derecha,Curva Izquierda,Transito normal con precaución,0,0,0,0,0.0,Choque,no determinada,4003_1_19,11.0,13.0
Quindío,2018-12-06 21:13:00,8,500.0,2018-11-11 05:00:00,domingo,0,Lluvia,Humeda,Montañoso,Media ladera Izquierda,Curva Derecha,Cierre total,1,30,0,2,2.0,Choque,adelantamientos indebidos,4003_1_8,14.0,11.0
Quindío,2018-12-06 21:21:00,8,300.0,2018-11-15 05:00:00,jueves,20,Normal,Seca y limpia,Montañoso,Media ladera Izquierda,Curva Izquierda,Cierre total,0,40,0,0,0.0,Volcamiento,maniobras imprudentes,4003_1_8,14.0,10.0
Quindío,2018-12-06 21:24:00,12,300.0,2018-11-21 05:00:00,miercoles,50,Lluvia,Humeda,Montañoso,Media ladera Izquierda,Curva Derecha,Cierre total,1,0,0,0,0.0,Choque,adelantamientos indebidos,4003_1_12,3.0,22.0
Quindío,2018-12-06 21:32:00,19,100.0,2018-11-21 05:00:00,miercoles,50,Normal,Seca y limpia,Montañoso,Media Ladera Derecha,Curva Derecha,Transito normal con precaución,0,0,0,0,0.0,Choque,no determinada,4003_1_19,19.0,5.0
Quindío,2018-12-06 21:38:00,21,950.0,2018-11-27 05:00:00,martes,25,Lluvia,Humeda,Montañoso,Media Ladera Derecha,Curva Derecha,Transito normal con precaución,0,0,0,0,0.0,Choque,maniobras imprudentes,4003_1_21,13.0,11.0
Quindío,2018-12-06 21:42:00,47,800.0,2018-11-19 05:00:00,lunes,18,Normal,Seca y limpia,Plano,Terraplen,Recta,Transito normal con precaución,0,0,1,0,1.0,Volcamiento,no determinada,4002_1_47,9.0,15.0
Quindío,2018-12-06 21:48:00,47,400.0,2018-11-28 05:00:00,miercoles,0,Normal,Seca y limpia,Plano,Terraplen,Recta,Transito normal con precaución,0,0,0,0,0.0,Incendio,fallas mecanicas y del sistema electrico,4002_1_47,10.0,14.0
Quindío,2018-12-06 21:54:00,45,700.0,2018-11-28 05:00:00,miercoles,30,Normal,Seca y limpia,Plano,Terraplen,Recta,Transito normal con precaución,0,0,0,0,0.0,Choque,no mantener distancia de seguridad,4002_1_45,18.0,6.0
Caldas,2018-12-06 22:03:00,32,450.0,2018-11-09 05:00:00,viernes,30,Lluvia,Humeda,Montañoso,Media ladera Izquierda,Recta,Cierre total,2,32,0,0,0.0,Choque,no mantener distancia de seguridad,2508_1_32,2.0,0.0
Quindío,2018-12-06 21:58:00,14,100.0,2018-11-12 05:00:00,lunes,50,Normal,Seca y limpia,Ondulado,Cajón,Recta,Parcial con reducción de carriles,1,30,0,0,0.0,Choque,no mantener distancia de seguridad,2901B_1_14,5.0,20.0