territorial,fecha_registro,pr,distancia_pr,fecha_acc,dia_semana_acc,min_acc,condic_meteor,estado_super,terreno,secc_tip,geometria_acc,tipo_cierre,horas_cierre,min_cierre,n_heridos,n_muertos,n_victimas,clase_accidente,causa_posible,ref_loc,hora_acc,duracion_cierre_horas
Caldas,2018-12-06 22:07:00,47,0.0,2018-11-02 05:00:00,viernes,0,Normal,Seca y limpia,Montañoso,Media ladera Izquierda,Curva Derecha,Transito normal con precaución,15,30,1,0,1.0,Choque,impericia en el manejo,2508_1_47,15.0,0.0
Quindío,2018-12-06 22:07:00,3,800.0,2018-11-23 05:00:00,viernes,15,Normal,Seca y limpia,Plano,Media Ladera Derecha,Recta,Transito normal con precaución,0,0,1,0,1.0,Choque,adelantamientos indebidos,2901B_1_3,9.0,15.0
Caldas,2018-12-06 22:11:00,33,0.0,2018-11-04 05:00:00,domingo,34,Lluvia,Humeda,Montañoso,Media ladera Izquierda,Recta,Transito normal con precaución,17,37,0,0,0.0,Choque,no mantener distancia de seguridad,2902_1_33,17.0,0.0
Caldas,2018-12-06 22:13:00,39,500.0,2018-11-17 05:00:00,sabado,0,Normal,Seca y limpia,Montañoso,Media ladera Izquierda,Curva Izquierda,Transito normal con precaución,15,30,0,0,0.0,Choque,desobediencia a normas y senales,2902_1_39,15.0,0.0
Nariño,2018-12-06 22:15:00,118,250.0,2018-11-20 05:00:00,martes,0,Normal,Seca y limpia,Ondulado,Media Ladera Derecha,Curva Izquierda,Parcial con reducción de carriles,18,0,0,0,0.0,Volcamiento,no determinada,1002_1_118,18.0,0.0
Quindío,2018-12-06 22:12:00,12,0.0,2018-11-26 05:00:00,lunes,20,Normal,Seca y limpia,Plano,Terraplen,Recta,Transito normal con precaución,0,0,1,0,1.0,Atropello,conducta de peatones,2901B_1_12,12.0,12.0
Caldas,2018-12-06 22:24:00,40,940.0,2018-11-16 05:00:00,viernes,30,Normal,Seca y limpia,Montañoso,Media ladera Izquierda,Recta,Transito normal con precaución,3,40,0,0,0.0,Volcamiento,no determinada,2902_1_40,3.0,0.0
Caldas,2018-12-06 22:26:00,42,0.0,2018-11-10 05:00:00,sabado,15,Normal,Seca y limpia,Montañoso,Media ladera Izquierda,Recta,Transito normal con precaución,0,40,0,0,0.0,Salida de la vía sin volcarse,no determinada,2902_1_42,0.0,0.0
Caldas,2018-12-06 22:29:00,28,200.0,2018-11-21 05:00:00,miercoles,0,Normal,Seca y limpia,Montañoso,Media ladera Izquierda,Recta,Transito normal con precaución,17,10,0,0,0.0,Choque,no mantener distancia de seguridad,5005_2_28,17.0,0.0
Caldas,2018-12-06 22:34:00,28,250.0,2018-11-20 05:00:00,martes,15,Normal,Seca y limpia,Montañoso,Media ladera Izquierda,Curva Izquierda,Transito normal con precaución,21,25,0,0,0.0,Choque,no determinada,5005_2_28,21.0,0.0
Caldas,2018-12-06 22:36:00,28,240.0,2018-11-01 05:00:00,jueves,0,Normal,Seca y limpia,Montañoso,Media ladera Izquierda,Curva Izquierda,Transito normal con precaución,7,30,0,0,0.0,Choque,no mantener distancia de seguridad,5005_2_28,7.0,0.0
Caldas,2018-12-06 22:39:00,28,245.0,2018-11-08 05:00:00,jueves,45,Normal,Seca y limpia,Montañoso,Media ladera Izquierda,Curva Derecha,Transito normal con precaución,17,55,0,0,0.0,Choque,no mantener distancia de seguridad,5005_2_28,17.0,0.0
Quindío,2018-12-06 22:47:00,15,550.0,2018-11-27 05:00:00,martes,50,Normal,Seca y limpia,Plano,Media ladera Izquierda,Recta,Transito normal con precaución,0,0,0,0,0.0,Choque,no determinada,2901B_1_15,23.0,1.0
Quindío,2018-12-06 22:53:00,1,850.0,2018-11-28 05:00:00,miercoles,30,Normal,Seca y limpia,Ondulado,Terraplen,Recta,Parcial con reducción de carriles,0,40,0,0,0.0,Choque,maniobras imprudentes,2901B_1_1,19.0,5.0
Quindío,2018-12-06 22:59:00,19,640.0,2018-11-30 05:00:00,viernes,30,Normal,Seca y limpia,Montañoso,Media Ladera Derecha,Curva Derecha,Parcial con reducción de carriles,1,0,0,0,0.0,Volcamiento,no determinada,4003_1_19,8.0,17.0
Quindío,2018-12-06 23:05:00,15,900.0,2018-11-30 05:00:00,viernes,30,Normal,Seca y limpia,Montañoso,Media ladera Izquierda,Curva Derecha,Transito normal con precaución,0,0,0,0,0.0,Choque,no determinada,4003_1_15,4.0,20.0
Caldas,2018-12-07 15:59:00,0,900.0,2018-11-19 05:00:00,lunes,40,Lluvia,Humeda,Montañoso,Media ladera Izquierda,Recta,Transito normal con precaución,17,50,0,0,0.0,Choque,no mantener distancia de seguridad,5006_0_0,17.0,0.0
Huila,2018-12-11 14:28:00,0,0.0,2018-11-21 05:00:00,miercoles,30,Normal,Seca y limpia,Plano,Terraplen,Curva Izquierda,Parcial restringido a vehiculos pesados,11,30,0,0,0.0,Choque,exceso de velocidad,4505_1_0,11.0,0.0
Huila,2018-12-11 14:35:00,15,300.0,2018-11-11 05:00:00,domingo,30,Normal,Seca y limpia,Plano,Terraplen,Recta,Transito normal con precaución,9,30,3,0,3.0,Choque,exceso de velocidad,2003A_0_15,9.0,0.0
Huila,2018-12-11 14:41:00,31,900.0,2018-11-29 05:00:00,jueves,15,Normal,Seca y limpia,Plano,Terraplen,Recta,Transito normal con precaución,15,15,0,0,0.0,Choque,exceso de velocidad,2003A_0_31,15.0,0.0
Guajira,2018-12-13 14:00:00,52,580.0,2018-11-28 05:00:00,miercoles,10,Sol,Seca y limpia,Montañoso,Cajón,Curva Derecha,Parcial con reducción de carriles,0,0,3,0,3.0,Choque,fallas mecanicas y del sistema electrico,8801_1_52,6.0,18.0
Guajira,2018-12-13 14:04:00,50,650.0,2018-11-30 05:00:00,viernes,30,Sol,Seca y limpia,Plano,Terraplen,Curva Izquierda,Parcial con reducción de carriles,0,0,0,0,2.0,Choque,maniobras imprudentes,4902_1_50,6.0,18.0
Boyacá,2018-12-13 14:48:00,35,500.0,2018-10-13 05:00:00,sabado,0,Lluvia,Humeda,Montañoso,Media ladera Izquierda,Curva Izquierda,Transito normal con precaución,0,0,1,0,1.0,Choque,no determinada,6404_0_35,17.0,7.0
Sucre,2018-12-13 14:57:00,49,400.0,2018-11-15 05:00:00,jueves,0,Normal,Seca y limpia,Plano,Terraplen,Recta,Transito normal con precaución,19,0,1,0,1.0,Volcamiento,condiciones de la via y factores ambientales,7404_0_49,18.0,1.0
Boyacá,2018-12-13 15:20:00,35,950.0,2018-10-30 05:00:00,martes,10,Seca,Seca y limpia,Montañoso,Media ladera Izquierda,Curva Izquierda,Parcial con reducción de carriles,2,0,0,0,1.0,Choque,no determinada,6404_0_35,17.0,9.0
Boyacá,2018-12-13 14:10:00,38,250.0,2018-12-10 05:00:00,lunes,50,Seca,Seca y limpia,Montañoso,Media Ladera Derecha,Curva Derecha,Cierre total,3,20,0,0,0.0,Choque,no determinada,6404_0_38,12.0,15.0
Caldas,2018-12-13 22:07:00,1,900.0,2018-11-08 05:00:00,jueves,40,Normal,Seca y limpia,Montañoso,Media ladera Izquierda,Recta,Transito normal con precaución,5,45,1,0,1.0,Choque,no determinada,5006_0_1,5.0,0.0
Caldas,2018-12-13 22:10:00,8,600.0,2018-11-04 05:00:00,domingo,0,Lluvia,Humeda,Ondulado,Media ladera Izquierda,Curva Izquierda,Transito normal con precaución,14,15,0,0,0.0,Choque,condiciones de la via y factores ambientales,5006_0_8,14.0,0.0
Caldas,2018-12-13 22:12:00,15,150.0,2018-11-27 05:00:00,martes,20,Normal,Seca y limpia,Montañoso,Media ladera Izquierda,Recta,Transito normal con precaución,6,30,0,0,0.0,Volcamiento,exceso en horas de conduccion,5006_0_15,6.0,0.0
Caldas,2018-12-13 22:14:00,16,850.0,2018-11-02 05:00:00,viernes,55,Lluvia,Humeda,Montañoso,Media ladera Izquierda,Curva Izquierda,Transito normal con precaución,14,30,2,0,2.0,Choque,condiciones de la via y factores ambientales,5006_0_16,13.0,1.0
Caldas,2018-12-13 22:16:00,19,0.0,2018-11-27 05:00:00,martes,0,Normal,Seca y limpia,Montañoso,Media ladera Izquierda,Curva Izquierda,Transito normal con precaución,16,45,0,0,0.0,Choque,no determinada,5006_0_19,16.0,0.0
Caldas,2018-12-13 22:18:00,0,450.0,2018-11-27 05:00:00,martes,10,Normal,Seca y limpia,Montañoso,Media ladera Izquierda,Recta,Transito normal con precaución,18,17,0,1,1.0,Volcamiento,adelantamientos indebidos,5006_0_0,17.0,1.0
Caldas,2018-12-13 22:19:00,0,850.0,2018-11-19 05:00:00,lunes,30,Normal,Seca y limpia,Montañoso,Media ladera Izquierda,Recta,Transito normal con precaución,13,40,0,0,0.0,Choque,adelantamientos indebidos,5006_0_0,13.0,0.0
Caldas,2018-12-13 22:21:00,15,0.0,2018-11-02 05:00:00,viernes,50,Lluvia,Humeda,Montañoso,Media ladera Izquierda,Curva Izquierda,Transito normal con precaución,14,15,0,0,0.0,Choque,condiciones de la via y factores ambientales,5006_0_15,13.0,1.0
Caldas,2018-12-13 22:22:00,37,800.0,2018-12-07 05:00:00,viernes,5,Normal,Seca y limpia,Montañoso,Media ladera Izquierda,Curva Izquierda,Transito normal con precaución,17,10,0,0,0.0,Choque,no mantener distancia de seguridad,2902_1_37,17.0,0.0
Caldas,2018-12-13 22:24:00,29,200.0,2018-12-01 05:00:00,sabado,5,Normal,Seca y limpia,Montañoso,Media Ladera Derecha,Recta,Transito normal con precaución,6,15,1,0,1.0,Choque,embriaguez o sustancias alucinogenas,5005_2_29,6.0,0.0
Caldas,2018-12-13 22:26:00,17,900.0,2018-12-08 05:00:00,sabado,30,Normal,Seca y limpia,Montañoso,Media ladera Izquierda,Curva Izquierda,Transito normal con precaución,9,40,0,0,0.0,Choque,no determinada,5006_0_17,9.0,0.0
Boyacá,2018-12-14 18:58:00,24,150.0,2018-11-08 05:00:00,jueves,30,Normal,Seca y limpia,Ondulado,Media ladera Izquierda,Curva Izquierda,Transito normal con precaución,6,30,0,0,0.0,Choque,adelantamientos indebidos,45A05_1_24,6.0,0.0
Boyacá,2018-12-14 19:07:00,39,900.0,2018-11-09 05:00:00,viernes,30,Lluvia,Humeda,Plano,Terraplen,Recta,Transito normal con precaución,18,30,1,0,1.0,Choque,estacionamiento y senalizacion imprudente,45A05_1_39,18.0,0.0
Boyacá,2018-12-14 19:16:00,76,0.0,2018-11-09 05:00:00,viernes,30,Lluvia,Humeda,Ondulado,Media ladera Izquierda,Curva Izquierda,Transito normal con precaución,7,30,0,0,0.0,Salida de la vía sin volcarse,desobediencia a normas y senales,45A05_1_76,7.0,0.0
Boyacá,2018-12-14 19:29:00,26,600.0,2018-11-11 05:00:00,domingo,30,Lluvia,Humeda,Plano,Terraplen,Recta,Transito normal con precaución,17,30,0,0,0.0,Volcamiento,maniobras imprudentes,45A05_1_26,17.0,0.0
Boyacá,2018-12-14 19:36:00,56,0.0,2018-11-15 05:00:00,jueves,20,Normal,Seca y limpia,Plano,Cajón,Curva Derecha,Transito normal con precaución,0,20,0,0,0.0,Choque,maniobras imprudentes,45A05_1_56,0.0,0.0
Cesar,2018-12-17 20:26:00,98,620.0,2018-11-02 05:00:00,viernes,20,Normal,Seca y limpia,Plano,Terraplen,Recta,Transito normal con precaución,23,20,0,0,0.0,Choque,maniobras imprudentes,4901_1_98,23.0,0.0
Cesar,2018-12-17 22:07:00,2,930.0,2018-11-10 05:00:00,sabado,30,Normal,Seca y limpia,Plano,Terraplen,Recta,Transito normal con precaución,23,0,2,0,2.0,Choque,no mantener distancia de seguridad,4902_1_2,22.0,1.0
Cesar,2018-12-17 22:23:00,91,100.0,2018-11-10 05:00:00,sabado,30,Normal,Seca y limpia,Plano,Terraplen,Recta,Transito normal con precaución,23,59,1,1,2.0,Volcamiento,conducta de pasajeros,4901_1_91,23.0,0.0
Cesar,2018-12-17 22:51:00,9,730.0,2018-11-19 05:00:00,lunes,0,Normal,Seca y limpia,Plano,Terraplen,Recta,Transito normal con precaución,15,30,0,0,0.0,Choque,no determinada,8004_1_9,15.0,0.0
Cesar,2018-12-18 12:50:00,111,300.0,2018-11-21 05:00:00,miercoles,30,Normal,Seca y limpia,Plano,Terraplen,Curva Derecha,Transito normal con precaución,8,40,0,0,0.0,Choque,desobediencia a normas y senales,4901_1_111,3.0,5.0
Cesar,2018-12-18 13:06:00,124,150.0,2018-11-23 05:00:00,viernes,0,Normal,Seca y limpia,Plano,Terraplen,Recta,Transito normal con precaución,21,35,0,0,0.0,Choque,no determinada,4901_1_124,21.0,0.0
Cesar,2018-12-18 13:21:00,124,150.0,2018-11-23 05:00:00,viernes,20,Normal,Seca y limpia,Plano,Terraplen,Recta,Transito normal con precaución,21,35,0,0,0.0,Choque,no determinada,4901_1_124,21.0,0.0
Cesar,2018-12-18 13:42:00,82,120.0,2018-11-24 05:00:00,sabado,30,Normal,Seca y limpia,Plano,Terraplen,Recta,Transito normal con precaución,8,40,0,0,0.0,Choque,fallas mecanicas y del sistema electrico,4901_1_82,13.0,19.0
Cesar,2018-12-18 13:48:00,71,60.0,2018-11-27 05:00:00,martes,45,Normal,Seca y limpia,Plano,Terraplen,Recta,Transito normal con precaución,20,0,2,0,2.0,Atropello,no determinada,4901_1_71,19.0,1.0
Cesar,2018-12-18 13:58:00,2,850.0,2018-11-29 05:00:00,jueves,35,Normal,Seca y limpia,Plano,Terraplen,Recta,Transito normal con precaución,19,35,3,2,5.0,Choque,no determinada,8004_1_2,16.0,3.0
Boyacá,2018-12-18 15:50:00,67,600.0,2018-11-17 05:00:00,sabado,40,Normal,Seca y limpia,Ondulado,Terraplen,Recta,Transito normal con precaución,12,40,1,0,1.0,Choque,adelantamientos indebidos,45A05_1_67,12.0,0.0
Boyacá,2018-12-22 23:08:00,11,950.0,2018-11-21 05:00:00,miercoles,45,Lluvia,Humeda,Ondulado,Media Ladera Derecha,Curva Derecha,Parcial con paso alternado,0,30,0,0,6.0,Volcamiento,fallas mecanicas y del sistema electrico,6209_0_11,21.0,3.0
Boyacá,2018-12-22 23:15:00,2,800.0,2018-11-04 05:00:00,domingo,30,Normal,Seca y limpia,Plano,Media Ladera Derecha,Recta,Parcial con paso alternado,0,30,0,0,0.0,Choque,no mantener distancia de seguridad,6209_0_2,12.0,12.0
Boyacá,2018-12-22 23:15:00,59,200.0,2018-11-23 05:00:00,viernes,45,Normal,Seca y limpia,Plano,Media Ladera Derecha,Curva Derecha,Parcial con paso alternado,0,15,1,0,1.0,Choque,no mantener distancia de seguridad,6209_0_59,9.0,15.0
Boyacá,2018-12-22 23:23:00,33,800.0,2018-11-15 05:00:00,jueves,30,Normal,Seca y limpia,Plano,Terraplen,Recta,Transito normal con precaución,0,0,0,0,0.0,Choque,no mantener distancia de seguridad,6209_0_33,17.0,7.0
Boyacá,2018-12-22 23:23:00,35,500.0,2018-11-09 05:00:00,viernes,0,Normal,Seca y limpia,Plano,Terraplen,Curva Izquierda,Parcial con paso alternado,0,30,0,1,1.0,Choque,impericia en el manejo,6008_0_35,0.0,0.0
Boyacá,2018-12-22 23:39:00,61,400.0,2018-11-24 05:00:00,sabado,20,Normal,Seca y limpia,Plano,Media Ladera Derecha,Recta,Transito normal con precaución,0,20,0,0,0.0,Choque,no determinada,6209_0_61,22.0,2.0
Boyacá,2018-12-18 16:33:00,14,200.0,2018-11-23 05:00:00,viernes,20,Normal,Seca y limpia,Plano,Media ladera Izquierda,Curva Derecha,Transito normal con precaución,19,20,0,0,0.0,Choque,adelantamientos indebidos,45A05_1_14,19.0,0.0
Boyacá,2018-12-18 16:39:00,59,800.0,2018-11-23 05:00:00,viernes,0,Normal,Seca y limpia,Plano,Terraplen,Recta,Transito normal con precaución,7,0,0,0,0.0,Choque,no mantener distancia de seguridad,45A05_1_59,7.0,0.0
Boyacá,2018-12-18 16:53:00,15,40.0,2018-11-24 05:00:00,sabado,10,Lluvia,Humeda,Plano,Media ladera Izquierda,Recta,Transito normal con precaución,19,10,0,0,0.0,Choque,impericia en el manejo,45A05_1_15,19.0,0.0
Santander,2019-02-25 00:29:00,63,800.0,2019-01-07 05:00:00,lunes,0,Lluvia,Humeda,Montañoso,Media Ladera Derecha,Curva Derecha,Parcial con paso alternado,16,0,2,0,10.0,Choque,exceso de velocidad,45A07_1_63,16.0,0.0
Boyacá,2018-12-18 17:03:00,6,100.0,2018-11-25 05:00:00,domingo,10,Normal,Seca y limpia,Plano,Terraplen,Recta,Transito normal con precaución,18,10,0,0,0.0,Choque,adelantamientos indebidos,45A05_1_6,18.0,0.0
Boyacá,2018-12-18 18:26:00,18,300.0,2018-11-26 05:00:00,lunes,40,Normal,Seca y limpia,Plano,Terraplen,Recta,Transito normal con precaución,6,40,0,0,0.0,Choque,desobediencia a normas y senales,45A05_1_18,6.0,0.0
Boyacá,2018-12-18 18:41:00,9,900.0,2018-11-27 05:00:00,martes,0,Normal,Seca y limpia,Plano,Terraplen,Curva Izquierda,Transito normal con precaución,15,0,0,0,0.0,Choque,maniobras imprudentes,45A05_1_9,15.0,0.0
Boyacá,2018-12-18 18:44:00,5,0.0,2018-11-28 05:00:00,miercoles,20,Normal,Seca y limpia,Plano,Terraplen,Recta,Transito normal con precaución,16,20,2,0,2.0,Choque,no mantener distancia de seguridad,45A05_1_5,16.0,0.0
Sucre,2019-01-08 14:53:00,70,280.0,2018-12-05 05:00:00,miercoles,0,Seca,Seca y limpia,Plano,Terraplen,Recta,Parcial con paso alternado,13,20,0,0,0.0,Volcamiento,fallas mecanicas y del sistema electrico,9004_1_70,13.0,0.0
Sucre,2019-01-08 14:53:00,68,400.0,2018-12-18 05:00:00,martes,5,Seca,Seca y limpia,Plano,Terraplen,Recta,Transito normal con precaución,14,20,0,0,2.0,Choque,desobediencia a normas y senales,9004_1_68,14.0,0.0
Sucre,2019-01-08 14:53:00,92,500.0,2018-12-17 05:00:00,lunes,50,Seca,Seca y limpia,Plano,Terraplen,Recta,Transito normal con precaución,7,0,0,0,2.0,Choque,no mantener distancia de seguridad,9004_1_92,6.0,1.0
Sucre,2019-01-08 15:11:00,35,620.0,2018-12-05 05:00:00,miercoles,0,Seca,Seca y limpia,Plano,Terraplen,Recta,Transito normal con precaución,13,20,2,0,2.0,Choque,imprudencia del conductor,9004_1_35,13.0,0.0
Sucre,2019-01-09 21:36:00,75,400.0,2018-12-17 05:00:00,lunes,30,Normal,Seca y limpia,Plano,Terraplen,Curva Izquierda,Transito normal con precaución,1,1,0,0,0.0,Choque,no mantener distancia de seguridad,9004_1_75,11.0,14.0
Sucre,2019-01-09 21:42:00,0,5.0,2018-12-17 05:00:00,lunes,20,Normal,Seca y limpia,Plano,Terraplen,Recta,Transito normal con precaución,0,0,0,0,0.0,Atropello,conducta de peatones,90SC02_0_0,11.0,13.0
Boyacá,2019-01-11 15:58:00,18,600.0,2018-12-04 05:00:00,martes,30,Normal,Seca y limpia,Plano,Terraplen,Recta,Transito normal con precaución,14,30,0,0,0.0,Choque,adelantamientos indebidos,45A05_1_18,14.0,0.0
Boyacá,2019-01-11 19:16:00,53,400.0,2018-12-25 05:00:00,martes,15,Normal,Seca y limpia,Plano,Terraplen,Recta,Transito normal con precaución,17,15,1,0,1.0,Choque,embriaguez o sustancias alucinogenas,45A05_1_53,17.0,0.0
Boyacá,2019-01-11 19:32:00,12,800.0,2018-12-26 05:00:00,miercoles,40,Normal,Seca y limpia,Plano,Terraplen,Curva Derecha,Transito normal con precaución,5,40,0,1,1.0,Choque,adelantamientos indebidos,45A05_1_12,5.0,0.0
Boyacá,2019-01-11 19:45:00,53,400.0,2018-12-28 05:00:00,viernes,30,Normal,Seca y limpia,Plano,Terraplen,Recta,Transito normal con precaución,1,30,0,0,0.0,Choque,condiciones de la via y factores ambientales,45A05_1_53,1.0,0.0
Boyacá,2019-01-11 19:59:00,9,400.0,2018-12-30 05:00:00,domingo,0,Normal,Seca y limpia,Plano,Terraplen,Recta,Transito normal con precaución,5,0,0,0,0.0,Volcamiento,maniobras imprudentes,45A05_1_9,5.0,0.0
Ocaña,2019-01-12 01:58:00,25,300.0,2018-11-03 05:00:00,sabado,20,Normal,Seca y limpia,Plano,Terraplen,Recta,Transito normal con precaución,0,0,0,1,1.0,Choque,no determinada,7008_1_25,2.0,22.0
Ocaña,2019-01-12 02:06:00,53,800.0,2018-11-05 05:00:00,lunes,0,Normal,Seca y limpia,Ondulado,Cajón,Curva Derecha,Transito normal con precaución,0,0,0,1,1.0,Choque,exceso de velocidad,7007_1_53,0.0,0.0
Ocaña,2019-01-12 02:07:00,49,650.0,2018-11-09 05:00:00,viernes,15,Sol,Seca y limpia,Ondulado,Terraplen,Recta,Transito normal con precaución,0,0,1,0,1.0,Atropello,impericia en el manejo,7007_1_49,13.0,11.0
Ocaña,2019-01-12 02:07:00,52,200.0,2018-11-23 05:00:00,viernes,0,Sol,Seca y limpia,Ondulado,Media Ladera Derecha,Curva Derecha,Transito normal con precaución,0,0,1,0,2.0,Choque,no mantener distancia de seguridad,7007_1_52,8.0,16.0
Ocaña,2019-01-12 02:13:00,25,700.0,2018-11-24 05:00:00,sabado,20,Sol,Seca y limpia,Plano,Terraplen,Recta,Transito normal con precaución,0,0,1,0,1.0,Choque,no determinada,7008_1_25,16.0,8.0
Ocaña,2019-01-12 02:13:00,25,800.0,2018-11-24 05:00:00,sabado,30,Normal,Seca y limpia,Plano,Terraplen,Recta,Transito normal con precaución,0,0,0,0,1.0,Choque,no determinada,7008_1_25,22.0,2.0
Boyacá,2019-01-11 16:11:00,51,800.0,2018-12-06 05:00:00,jueves,15,Sol,Seca y limpia,Plano,Terraplen,Curva Izquierda,Transito normal con precaución,11,15,0,0,0.0,Salida de la vía sin volcarse,maniobras imprudentes,45A05_1_51,11.0,0.0
Boyacá,2019-01-11 16:22:00,20,50.0,2018-12-07 05:00:00,viernes,20,Normal,Seca y limpia,Plano,Media ladera Izquierda,Curva Izquierda,Transito normal con precaución,5,20,4,0,4.0,Choque,adelantamientos indebidos,45A05_1_20,5.0,0.0
Boyacá,2019-01-11 16:29:00,20,450.0,2018-12-09 05:00:00,domingo,0,Normal,Seca y limpia,Ondulado,Media ladera Izquierda,Curva Derecha,Transito normal con precaución,16,0,1,0,1.0,Choque,maniobras imprudentes,45A05_1_20,16.0,0.0
Boyacá,2019-01-11 16:55:00,7,200.0,2018-12-21 05:00:00,viernes,20,Normal,Seca y limpia,Plano,Media ladera Izquierda,Recta,Transito normal con precaución,14,20,1,0,1.0,Choque,adelantamientos indebidos,45A05_1_7,14.0,0.0
Cundinamarca,2019-01-13 02:32:00,46,495.0,2018-12-03 05:00:00,lunes,50,Sol,Humeda,Montañoso,Media Ladera Derecha,Recta,Transito normal con precaución,3,50,0,0,0.0,Volcamiento,condiciones de la via y factores ambientales,5008_1_46,3.0,0.0
Cundinamarca,2019-01-13 02:32:00,59,100.0,2018-12-11 05:00:00,martes,0,Sol,Seca y limpia,Montañoso,Media ladera Izquierda,Recta,Transito normal con precaución,20,10,0,0,0.0,Choque,no mantener distancia de seguridad,5008_1_59,20.0,0.0
Cundinamarca,2019-01-13 02:32:00,52,800.0,2018-12-21 05:00:00,viernes,10,Sol,Seca y limpia,Montañoso,Media Ladera Derecha,Curva Derecha,Transito normal con precaución,16,20,0,0,0.0,Choque,fallas mecanicas y del sistema electrico,5008_1_52,16.0,0.0
Cundinamarca,2019-01-13 02:32:00,42,750.0,2018-12-24 05:00:00,lunes,30,Sol,Seca y limpia,Montañoso,Media Ladera Derecha,Recta,Transito normal con precaución,5,30,0,0,0.0,Volcamiento,exceso en horas de conduccion,5008_1_42,5.0,0.0
Cundinamarca,2019-01-13 02:32:00,47,0.0,2018-12-25 05:00:00,martes,50,Sol,Otra,Montañoso,Media ladera Izquierda,Curva Izquierda,Transito normal con precaución,20,50,0,0,0.0,Choque,no mantener distancia de seguridad,5008_1_47,20.0,0.0
Cundinamarca,2019-01-13 02:32:00,35,970.0,2018-12-26 05:00:00,miercoles,0,Sol,Seca y limpia,Montañoso,Media ladera Izquierda,Curva Derecha,Transito normal con precaución,20,0,0,0,0.0,Choque,no determinada,5008_1_35,20.0,0.0
Cundinamarca,2019-01-13 02:32:00,56,818.0,2018-12-26 05:00:00,miercoles,50,Sol,Seca y limpia,Montañoso,Media ladera Izquierda,Recta,Transito normal con precaución,9,50,0,0,0.0,Choque,no mantener distancia de seguridad,5008_1_56,9.0,0.0
Cundinamarca,2019-01-13 02:32:00,53,955.0,2018-12-26 05:00:00,miercoles,30,Sol,Seca y limpia,Montañoso,Media ladera Izquierda,Recta,Transito normal con precaución,17,30,0,0,0.0,Choque,no mantener distancia de seguridad,5008_1_53,17.0,0.0
Cundinamarca,2019-01-13 02:32:00,51,930.0,2018-12-28 05:00:00,viernes,30,Sol,Seca y limpia,Montañoso,Media ladera Izquierda,Recta,Transito normal con precaución,15,30,0,0,0.0,Choque,no mantener distancia de seguridad,5008_1_51,15.0,0.0
Cundinamarca,2019-01-13 02:32:00,60,400.0,2018-12-28 05:00:00,viernes,10,Sol,Seca y limpia,Montañoso,Media Ladera Derecha,Curva Derecha,Transito normal con precaución,16,10,0,0,0.0,Choque,no mantener distancia de seguridad,5008_1_60,16.0,0.0
Cundinamarca,2019-01-13 02:32:00,51,930.0,2018-12-29 05:00:00,sabado,50,Sol,Seca y limpia,Montañoso,Media ladera Izquierda,Recta,Transito normal con precaución,7,50,0,0,0.0,Incendio,fallas mecanicas y del sistema electrico,5008_1_51,7.0,0.0
Cesar,2019-01-14 12:53:00,4,100.0,2019-12-01 05:00:00,domingo,30,Normal,Seca y limpia,Plano,Terraplen,Recta,Transito normal con precaución,10,10,2,0,2.0,Atropello,embriaguez o sustancias alucinogenas,4902_1_4,9.0,1.0
Cesar,2019-01-14 12:58:00,107,500.0,2018-12-04 05:00:00,martes,30,Normal,Seca y limpia,Plano,Terraplen,Recta,Transito normal con precaución,19,45,0,0,0.0,Volcamiento,desobediencia a normas y senales,4901_1_107,19.0,0.0
Cesar,2019-01-14 13:05:00,42,900.0,2018-12-05 05:00:00,miercoles,40,Normal,Seca y limpia,Plano,Terraplen,Recta,Transito normal con precaución,18,30,0,0,0.0,Choque,maniobras imprudentes,4901_1_42,15.0,3.0
Cesar,2019-01-14 13:17:00,8,500.0,2018-12-06 05:00:00,jueves,40,Normal,Seca y limpia,Plano,Terraplen,Recta,Transito normal con precaución,19,30,0,0,0.0,Choque,no mantener distancia de seguridad,8004_1_8,18.0,1.0
Cesar,2019-01-14 13:17:00,128,70.0,2018-12-10 05:00:00,lunes,30,Normal,Seca y limpia,Plano,Terraplen,Recta,Transito normal con precaución,10,30,0,1,1.0,Choque,embriaguez o sustancias alucinogenas,4901_1_128,8.0,2.0
Cesar,2019-01-14 13:29:00,105,0.0,2018-12-11 05:00:00,martes,15,Normal,Seca y limpia,Plano,Terraplen,Recta,Transito normal con precaución,10,20,0,0,0.0,Choque,adelantamientos indebidos,4901_1_105,9.0,1.0
Cesar,2019-01-14 13:29:00,9,800.0,2018-12-14 05:00:00,viernes,30,Normal,Seca y limpia,Plano,Terraplen,Recta,Transito normal con precaución,12,10,0,0,0.0,Choque,no mantener distancia de seguridad,8004_1_9,11.0,1.0
Cesar,2019-01-14 13:29:00,8,700.0,2018-12-15 05:00:00,sabado,0,Normal,Seca y limpia,Plano,Terraplen,Recta,Transito normal con precaución,20,15,0,0,0.0,Choque,no determinada,8004_1_8,20.0,0.0
Antioquia,2019-02-27 16:34:00,61,0.0,2018-12-21 05:00:00,viernes,40,Normal,Seca y limpia,Plano,Media ladera Izquierda,Curva Izquierda,Transito normal con precaución,10,5,0,0,0.0,Choque,no determinada,2510_1_61,9.0,1.0