territorial,fecha_registro,pr,distancia_pr,fecha_acc,dia_semana_acc,min_acc,condic_meteor,estado_super,terreno,secc_tip,geometria_acc,tipo_cierre,horas_cierre,min_cierre,n_heridos,n_muertos,n_victimas,clase_accidente,causa_posible,ref_loc,hora_acc,duracion_cierre_horas
Cesar,2019-01-14 13:46:00,11,200.0,2018-12-18 05:00:00,martes,30,Normal,Seca y limpia,Plano,Terraplen,Recta,Transito normal con precaución,18,0,0,0,0.0,Choque,desobediencia a normas y senales,8004A_1_11,17.0,1.0
Cesar,2019-01-14 13:46:00,11,300.0,2018-12-22 05:00:00,sabado,40,Normal,Seca y limpia,Plano,Terraplen,Recta,Transito normal con precaución,19,50,3,0,3.0,Choque,embriaguez o sustancias alucinogenas,8004_1_11,19.0,0.0
Cesar,2019-01-14 13:46:00,1,320.0,2018-12-24 05:00:00,lunes,30,Normal,Seca y limpia,Plano,Terraplen,Recta,Transito normal con precaución,10,10,1,1,5.0,Choque,no mantener distancia de seguridad,8004A_1_1,9.0,1.0
Huila,2019-01-14 14:36:00,1,500.0,2018-12-06 05:00:00,jueves,40,Normal,Seca y limpia,Plano,Terraplen,Curva Derecha,Transito normal con precaución,19,40,0,1,1.0,Choque,exceso de velocidad,2003_0_1,19.0,0.0
Huila,2019-01-14 14:40:00,5,300.0,2018-12-01 05:00:00,sabado,45,Normal,Seca y limpia,Plano,Terraplen,Recta,Parcial con reducción de carriles,10,50,2,0,2.0,Choque,exceso de velocidad,2003A_0_5,10.0,0.0
Huila,2019-01-14 14:45:00,6,800.0,2018-12-30 05:00:00,domingo,0,Normal,Seca y limpia,Plano,Terraplen,Curva Derecha,Parcial con paso alternado,22,10,0,1,1.0,Choque,adelantamientos indebidos,2003A_0_6,22.0,0.0
Huila,2019-01-14 14:52:00,23,200.0,2018-12-02 05:00:00,domingo,40,Normal,Seca y limpia,Plano,Terraplen,Recta,Transito normal con precaución,3,45,1,0,1.0,Choque,exceso de velocidad,2003A_0_23,3.0,0.0
Meta,2019-01-15 20:55:00,94,150.0,2018-11-02 05:00:00,viernes,30,Normal,Seca y limpia,Montañoso,Cajón,Curva Izquierda,Cierre total,15,30,0,2,2.0,Caída ocupante,conducta de pasajeros,40MTA_0_94,15.0,0.0
Meta,2019-01-15 21:00:00,85,300.0,2018-12-06 05:00:00,jueves,0,Normal,Seca y limpia,Montañoso,Cajón,Curva Izquierda,Transito normal con precaución,0,0,1,0,1.0,Choque,maniobras imprudentes,40MTA_0_85,13.0,11.0
Meta,2019-01-15 21:04:00,91,500.0,2018-12-19 05:00:00,miercoles,30,Normal,Seca y limpia,Montañoso,Cajón,Curva Derecha,Transito normal con precaución,0,0,1,0,1.0,Choque,imprudencia del conductor,40MTA_0_91,17.0,7.0
Boyacá,2019-01-15 22:46:00,49,200.0,2018-12-01 05:00:00,sabado,40,Normal,Seca y limpia,Ondulado,Media Ladera Derecha,Curva Izquierda,Transito normal con precaución,0,0,0,0,0.0,Choque,impericia en el manejo,6209_0_49,23.0,1.0
Boyacá,2019-01-15 22:46:00,11,800.0,2018-12-02 05:00:00,domingo,25,Lluvia,Humeda,Ondulado,Media ladera Izquierda,Curva Derecha,Transito normal con precaución,0,0,0,0,0.0,Choque,no mantener distancia de seguridad,6209_0_11,2.0,22.0
Boyacá,2019-01-15 22:46:00,30,100.0,2018-12-07 05:00:00,viernes,0,Normal,Seca y limpia,Plano,Terraplen,Recta,Transito normal con precaución,0,0,0,0,0.0,Choque,condiciones de la via y factores ambientales,6209_0_30,0.0,0.0
Boyacá,2019-01-15 22:46:00,15,850.0,2018-12-08 05:00:00,sabado,10,Lluvia,Humeda,Montañoso,Cajón,Curva Derecha,Parcial con paso alternado,0,45,1,1,2.0,Choque,adelantamientos indebidos,6209_0_15,19.0,5.0
Boyacá,2019-01-15 22:46:00,30,100.0,2018-12-23 05:00:00,domingo,30,Normal,Seca y limpia,Plano,Terraplen,Recta,Transito normal con precaución,1,30,6,0,8.0,Choque,condiciones de la via y factores ambientales,6209_0_30,18.0,7.0
Antioquia,2019-02-27 16:36:00,66,500.0,2019-01-11 05:00:00,viernes,50,Normal,Seca y limpia,Plano,Terraplen,Curva Izquierda,Transito normal con precaución,0,50,2,0,2.0,Volcamiento,no determinada,2510_1_66,23.0,1.0
Boyacá,2019-01-15 22:46:00,11,700.0,2018-12-23 05:00:00,domingo,30,Seca,Seca y limpia,Ondulado,Media ladera Izquierda,Recta,Transito normal con precaución,0,0,0,0,8.0,Choque,no mantener distancia de seguridad,6209_0_11,12.0,12.0
Boyacá,2019-01-15 23:15:00,17,800.0,2019-01-26 05:00:00,sabado,50,Normal,Seca y limpia,Montañoso,Media Ladera Derecha,Curva Derecha,Transito normal con precaución,0,0,0,0,0.0,Choque,fallas mecanicas y del sistema electrico,6209_0_17,6.0,18.0
Boyacá,2019-01-15 23:15:00,24,300.0,2018-12-18 05:00:00,martes,20,Normal,Seca y limpia,Plano,Media ladera Izquierda,Recta,Transito normal con precaución,0,0,1,0,1.0,Choque,maniobras imprudentes,6008_0_24,18.0,6.0
Boyacá,2019-01-15 23:15:00,12,950.0,2018-12-22 05:00:00,sabado,30,Normal,Seca y limpia,Plano,Media ladera Izquierda,Recta,Transito normal con precaución,0,0,1,0,2.0,Choque,adelantamientos indebidos,6008_0_12,9.0,15.0
Boyacá,2019-01-16 14:30:00,10,500.0,2018-12-22 05:00:00,sabado,30,Normal,Seca y limpia,Plano,Terraplen,Curva Derecha,Transito normal con precaución,0,1,1,0,1.0,Choque,condiciones de la via y factores ambientales,6008_0_10,18.0,6.0
Boyacá,2019-01-16 14:30:00,22,100.0,2018-12-23 05:00:00,domingo,0,Normal,Seca y limpia,Montañoso,Cajón,Recta,Parcial con paso alternado,0,30,3,0,4.0,Choque,adelantamientos indebidos,6008_0_22,13.0,11.0
Boyacá,2019-01-16 14:30:00,13,700.0,2018-12-26 05:00:00,miercoles,35,Normal,Seca y limpia,Plano,Cajón,Recta,Parcial con paso alternado,0,30,0,0,4.0,Choque,adelantamientos indebidos,6008_0_13,10.0,14.0
Boyacá,2019-01-16 20:55:00,22,913.0,2018-09-13 05:00:00,jueves,35,Normal,Seca y limpia,Ondulado,Media ladera Izquierda,Curva Izquierda,Parcial con reducción de carriles,1,30,1,0,1.0,Volcamiento,exceso de velocidad,6009_1_22,6.0,19.0
Boyacá,2019-01-16 21:02:00,71,50.0,2018-09-13 05:00:00,jueves,50,Lluvia,Humeda,Ondulado,Media Ladera Derecha,Recta,Parcial con reducción de carriles,0,30,0,0,0.0,Choque,imprudencia del conductor,6008_0_71,16.0,8.0
Boyacá,2019-01-16 21:10:00,12,650.0,2018-10-26 05:00:00,viernes,30,Normal,Seca y limpia,Montañoso,Media Ladera Derecha,Curva Derecha,Parcial con reducción de carriles,0,30,0,0,0.0,Choque,adelantamientos indebidos,6009_1_12,11.0,13.0
Boyacá,2019-01-16 21:27:00,70,0.0,2018-10-10 05:00:00,miercoles,25,Lluvia,Humeda,Ondulado,Media Ladera Derecha,Curva Derecha,Parcial con paso alternado,1,15,0,0,0.0,Choque,desobediencia a normas y senales,6008_0_70,7.0,18.0
Boyacá,2019-01-16 21:36:00,8,762.0,2018-10-11 05:00:00,jueves,40,Normal,Seca y limpia,Montañoso,Media Ladera Derecha,Curva Izquierda,Parcial con reducción de carriles,0,20,1,0,1.0,Choque,exceso en horas de conduccion,6009_1_8,17.0,7.0
Boyacá,2019-01-16 21:41:00,28,60.0,2018-12-03 05:00:00,lunes,0,Normal,Seca y limpia,Montañoso,Media Ladera Derecha,Curva Izquierda,Parcial con paso alternado,1,0,1,0,1.0,Volcamiento,exceso en horas de conduccion,6009_1_28,9.0,16.0
Boyacá,2019-01-21 19:54:00,107,650.0,2018-12-01 05:00:00,sabado,30,Normal,Seca y limpia,Ondulado,Media ladera Izquierda,Curva Izquierda,Transito normal con precaución,13,30,2,0,2.0,Choque,embriaguez o sustancias alucinogenas,5503_1_107,13.0,0.0
Antioquia,2019-01-31 20:00:00,71,400.0,2018-11-28 05:00:00,miercoles,30,Normal,Seca y limpia,Ondulado,Media ladera Izquierda,Curva Izquierda,Transito normal con precaución,12,0,0,0,0.0,Choque,no determinada,2511_0_71,11.0,1.0
Boyacá,2019-01-21 22:00:00,15,880.0,2018-12-20 05:00:00,jueves,0,Normal,Aceite,Escarpado,Media Ladera Derecha,Curva Izquierda,Transito normal con precaución,16,0,0,0,0.0,Choque,condiciones de la via y factores ambientales,6211_1_15,16.0,0.0
Boyacá,2019-01-21 22:05:00,15,880.0,2018-12-20 05:00:00,jueves,15,Normal,Aceite,Escarpado,Media Ladera Derecha,Curva Izquierda,Transito normal con precaución,16,15,0,0,0.0,Choque,condiciones de la via y factores ambientales,6211_1_15,16.0,0.0
Boyacá,2019-01-21 22:16:00,16,50.0,2018-12-22 05:00:00,sabado,12,Normal,Seca y limpia,Ondulado,Media Ladera Derecha,Curva Izquierda,Transito normal con precaución,8,12,6,0,6.0,Salida de la vía sin volcarse,exceso de velocidad,5503_1_16,8.0,0.0
Antioquia,2019-01-21 22:34:00,85,800.0,2018-11-23 05:00:00,viernes,0,Normal,Humeda,Montañoso,Media ladera Izquierda,Curva Derecha,Transito normal con precaución,4,30,0,0,0.0,Choque,no determinada,2510_1_85,4.0,0.0
Boyacá,2019-01-21 19:58:00,12,980.0,2018-12-15 05:00:00,sabado,30,Normal,Seca y limpia,Montañoso,Media Ladera Derecha,Recta,Transito normal con precaución,7,30,0,0,0.0,Choque,no mantener distancia de seguridad,6211_1_12,7.0,0.0
Boyacá,2019-01-21 20:10:00,49,200.0,2018-12-15 05:00:00,sabado,0,Niebla,Seca y limpia,Ondulado,Media ladera Izquierda,Curva Izquierda,Transito normal con precaución,5,0,0,0,0.0,Volcamiento,desobediencia a normas y senales,5503_1_49,5.0,0.0
Guajira,2019-01-28 23:03:00,39,500.0,2018-12-26 05:00:00,miercoles,30,Normal,Seca y limpia,Plano,Terraplen,Recta,Transito normal con precaución,0,0,0,0,6.0,Choque,adelantamientos indebidos,8004A_1_39,3.0,21.0
Boyacá,2019-01-29 13:46:00,53,320.0,2018-12-15 05:00:00,sabado,0,Normal,Seca y limpia,Plano,Terraplen,Recta,Transito normal con precaución,20,0,0,1,1.0,Atropello,no determinada,5503_1_53,20.0,0.0
Boyacá,2019-01-29 13:53:00,118,580.0,2018-12-19 05:00:00,miercoles,0,Normal,Seca y limpia,Plano,Media ladera Izquierda,Recta,Transito normal con precaución,15,0,2,0,2.0,Choque,fallas mecanicas y del sistema electrico,5503_1_118,15.0,0.0
Nariño,2019-01-29 21:38:00,21,310.0,2019-01-14 05:00:00,lunes,0,Normal,Seca y limpia,Montañoso,Media Ladera Derecha,Curva Derecha,Transito normal con precaución,0,0,2,0,2.0,Volcamiento,exceso de velocidad,1002_1_21,15.0,9.0
Antioquia,2019-01-31 19:44:00,12,800.0,2018-11-05 05:00:00,lunes,0,Lluvia,Humeda,Ondulado,Media ladera Izquierda,Recta,Transito normal con precaución,14,30,0,0,0.0,Choque,no determinada,2511_0_12,14.0,0.0
Antioquia,2019-01-31 19:49:00,30,100.0,2018-11-15 05:00:00,jueves,40,Normal,Seca y limpia,Ondulado,Media Ladera Derecha,Curva Izquierda,Transito normal con precaución,22,10,0,0,0.0,Choque,condiciones de la via y factores ambientales,2511_0_30,21.0,1.0
Antioquia,2019-01-31 19:54:00,55,200.0,2018-11-18 05:00:00,domingo,0,Lluvia,Humeda,Montañoso,Media ladera Izquierda,Curva Derecha,Transito normal con precaución,10,30,0,0,0.0,Choque,condiciones de la via y factores ambientales,2511_0_55,9.0,1.0
Antioquia,2019-01-31 19:58:00,63,200.0,2018-11-22 05:00:00,jueves,43,Normal,Seca y limpia,Ondulado,Media ladera Izquierda,Curva Izquierda,Transito normal con precaución,13,0,0,0,0.0,Choque,no determinada,2511_0_63,12.0,1.0
Antioquia,2019-01-31 20:04:00,73,950.0,2018-11-26 05:00:00,lunes,20,Normal,Seca y limpia,Montañoso,Media ladera Izquierda,Curva Derecha,Transito normal con precaución,15,0,0,0,0.0,Choque,no determinada,2511_0_73,13.0,2.0
Antioquia,2019-01-31 20:09:00,74,900.0,2018-11-22 05:00:00,jueves,0,Normal,Seca y limpia,Montañoso,Media ladera Izquierda,Curva Derecha,Transito normal con precaución,18,5,0,0,0.0,Volcamiento,fallas mecanicas y del sistema electrico,2511_0_74,18.0,0.0
Antioquia,2019-01-31 20:15:00,76,200.0,2018-11-21 05:00:00,miercoles,35,Normal,Seca y limpia,Montañoso,Media ladera Izquierda,Curva Derecha,Parcial con reducción de carriles,20,35,0,1,1.0,Atropello,no determinada,2511_0_76,18.0,2.0
Antioquia,2019-01-31 20:20:00,79,50.0,2018-11-18 05:00:00,domingo,30,Normal,Seca y limpia,Montañoso,Media ladera Izquierda,Curva Derecha,Transito normal con precaución,10,0,0,0,0.0,Choque,desobediencia a normas y senales,2511_0_79,9.0,1.0
Antioquia,2019-01-31 20:20:00,101,250.0,2018-11-08 05:00:00,jueves,0,Normal,Seca y limpia,Montañoso,Media ladera Izquierda,Curva Izquierda,Parcial con reducción de carriles,14,0,0,1,1.0,Atropello,no determinada,2511_0_101,13.0,1.0
Antioquia,2019-01-31 20:30:00,7,850.0,2018-11-08 05:00:00,jueves,0,Normal,Seca y limpia,Plano,Terraplen,Recta,Parcial con reducción de carriles,18,20,1,0,1.0,Choque,maniobras imprudentes,2512_1_7,18.0,0.0
Antioquia,2019-01-31 20:37:00,10,500.0,2018-11-06 05:00:00,martes,30,Normal,Seca y limpia,Plano,Terraplen,Recta,Parcial con reducción de carriles,20,0,1,0,1.0,Choque,no determinada,2512_1_10,18.0,2.0
Antioquia,2019-01-31 20:40:00,21,800.0,2018-11-04 05:00:00,domingo,30,Normal,Seca y limpia,Plano,Terraplen,Recta,Transito normal con precaución,7,30,0,0,0.0,Choque,no determinada,2512_1_21,4.0,3.0
Antioquia,2019-01-31 20:44:00,22,223.0,2018-11-23 05:00:00,viernes,30,Normal,Seca y limpia,Plano,Terraplen,Recta,Transito normal con precaución,8,30,0,0,0.0,Choque,no determinada,2512_1_22,4.0,4.0
Antioquia,2019-01-31 20:47:00,36,300.0,2018-11-27 05:00:00,martes,50,Normal,Seca y limpia,Plano,Terraplen,Curva Derecha,Transito normal con precaución,18,55,2,0,2.0,Choque,no determinada,2512_1_36,17.0,1.0
Antioquia,2019-01-31 20:54:00,49,0.0,2019-01-31 05:00:00,jueves,30,Normal,Seca y limpia,Plano,Terraplen,Recta,Parcial con reducción de carriles,11,40,2,0,2.0,Choque,condiciones de la via y factores ambientales,2512_1_49,11.0,0.0
Antioquia,2019-01-31 21:11:00,56,285.0,2018-11-27 05:00:00,martes,30,Normal,Seca y limpia,Plano,Terraplen,Recta,Transito normal con precaución,7,40,0,0,0.0,Choque,no determinada,2512_1_56,6.0,1.0
Antioquia,2019-01-31 21:25:00,49,200.0,2018-11-05 05:00:00,lunes,10,Normal,Seca y limpia,Plano,Terraplen,Recta,Transito normal con precaución,11,30,1,0,1.0,Choque,condiciones de la via y factores ambientales,2512_1_49,10.0,1.0
Santander,2019-01-31 22:59:00,82,200.0,2018-12-11 05:00:00,martes,0,Normal,Seca y limpia,Plano,Media Ladera Derecha,Recta,Transito normal con precaución,0,0,0,0,0.0,No determinado,no determinada,4511_1_82,0.0,0.0
Santander,2019-01-31 23:51:00,85,200.0,2018-12-28 05:00:00,viernes,0,Normal,Seca y limpia,Ondulado,Cajón,Recta,Cierre total,1,15,11,2,13.0,Choque,exceso de velocidad,4511_1_85,0.0,1.0
Santander,2019-02-02 14:34:00,1,800.0,2018-12-16 05:00:00,domingo,30,Lluvia,Humeda,Ondulado,Media Ladera Derecha,Curva Derecha,Transito normal con precaución,0,0,0,0,2.0,Choque,adelantamientos indebidos,45A06_0_1,0.0,0.0
Santander,2019-02-01 04:29:00,87,700.0,2018-12-13 05:00:00,jueves,0,Normal,Seca y limpia,Plano,Media Ladera Derecha,Recta,Transito normal con precaución,0,0,1,0,1.0,No determinado,defectos fisicos y psiquicos,4511_1_87,0.0,0.0
Santander,2019-02-01 04:38:00,107,400.0,2018-12-19 05:00:00,miercoles,0,Normal,Seca y limpia,Plano,Terraplen,Recta,Transito normal con precaución,0,0,0,0,0.0,Choque,imprudencia del conductor,4511_1_107,8.0,16.0
Santander,2019-02-01 04:44:00,117,0.0,2018-12-14 05:00:00,viernes,0,Normal,Seca y limpia,Ondulado,Media Ladera Derecha,Recta,Transito normal con precaución,0,0,0,0,0.0,Volcamiento,exceso de velocidad,4511_1_117,0.0,0.0
Santander,2019-02-01 04:48:00,117,100.0,2018-12-14 05:00:00,viernes,0,Normal,Seca y limpia,Ondulado,Media Ladera Derecha,Recta,Transito normal con precaución,0,0,0,0,0.0,Choque,fallas mecanicas y del sistema electrico,4511_1_117,0.0,0.0
Santander,2019-02-01 04:57:00,97,200.0,2018-12-02 05:00:00,domingo,0,Normal,Seca y limpia,Plano,Media Ladera Derecha,Recta,Transito normal con precaución,0,0,0,0,0.0,No determinado,no mantener distancia de seguridad,4511_1_97,0.0,0.0
Santander,2019-02-01 05:12:00,129,200.0,2019-01-06 05:00:00,domingo,0,Normal,Seca y limpia,Plano,Media Ladera Derecha,Recta,Transito normal con precaución,0,0,0,0,0.0,No determinado,maniobras imprudentes,4511_1_129,0.0,0.0
Santander,2019-02-01 05:19:00,146,0.0,2018-12-02 05:00:00,domingo,0,Normal,Seca y limpia,Plano,Terraplen,Recta,Transito normal con precaución,0,0,0,0,0.0,No determinado,fallas mecanicas y del sistema electrico,4511_1_146,0.0,0.0
Santander,2019-02-01 05:34:00,0,820.0,2018-12-12 05:00:00,miercoles,0,Normal,Seca y limpia,Plano,Terraplen,Recta,Transito normal con precaución,0,0,0,0,0.0,No determinado,defectos fisicos y psiquicos,4513_1_0,0.0,0.0
Santander,2019-02-01 05:39:00,22,0.0,2018-12-06 05:00:00,jueves,0,Normal,Seca y limpia,Plano,Terraplen,Recta,Transito normal con precaución,0,0,0,0,0.0,Choque,no mantener distancia de seguridad,4513_1_22,9.0,15.0
Santander,2019-02-02 14:34:00,12,400.0,2018-12-22 05:00:00,sabado,30,Seca,Seca y limpia,Plano,Terraplen,Recta,Parcial con paso alternado,1,0,1,0,3.0,Atropello,conducta de peatones,45A06_0_12,18.0,7.0
Santander,2019-02-01 05:45:00,29,682.0,2018-12-08 05:00:00,sabado,38,Normal,Seca y limpia,Plano,Terraplen,Recta,Transito normal con precaución,0,0,0,0,0.0,Volcamiento,no mantener distancia de seguridad,4513_1_29,5.0,19.0
Santander,2019-02-01 05:55:00,36,0.0,2018-12-11 05:00:00,martes,0,Normal,Seca y limpia,Plano,Terraplen,Recta,Transito normal con precaución,0,0,0,0,0.0,Choque,defectos fisicos y psiquicos,4513_1_36,12.0,12.0
Santander,2019-02-01 05:58:00,10,400.0,2018-12-12 05:00:00,miercoles,30,Normal,Seca y limpia,Plano,Terraplen,Recta,Parcial con reducción de carriles,1,10,0,0,0.0,Choque,no mantener distancia de seguridad,4513_1_10,1.0,0.0
Santander,2019-02-01 06:03:00,44,85.0,2018-12-20 05:00:00,jueves,30,Normal,Seca y limpia,Plano,Terraplen,Curva Izquierda,Transito normal con precaución,0,0,1,0,1.0,Choque,maniobras imprudentes,4513_1_44,14.0,10.0
Santander,2019-02-01 06:08:00,77,400.0,2018-12-05 05:00:00,miercoles,0,Normal,Seca y limpia,Plano,Terraplen,Recta,Transito normal con precaución,0,0,0,0,0.0,Choque,no mantener distancia de seguridad,4513_1_77,0.0,0.0
Santander,2019-02-01 06:13:00,29,100.0,2018-12-21 05:00:00,viernes,0,Normal,Seca y limpia,Plano,Terraplen,Recta,Transito normal con precaución,0,0,1,0,1.0,Choque,no mantener distancia de seguridad,4513_1_29,4.0,20.0
Santander,2019-02-01 06:16:00,54,0.0,2018-12-26 05:00:00,miercoles,15,Normal,Seca y limpia,Plano,Terraplen,Recta,Parcial con reducción de carriles,0,35,2,2,4.0,Volcamiento,maniobras imprudentes,4513_1_54,10.0,14.0
Santander,2019-02-02 14:34:00,111,960.0,2018-12-01 05:00:00,sabado,30,Seca,Seca y limpia,Montañoso,Media ladera Izquierda,Curva Izquierda,Parcial restringido a vehiculos pesados,0,45,2,0,2.0,Choque,embriaguez o sustancias alucinogenas,45A06_0_111,20.0,4.0
Santander,2019-02-02 14:34:00,72,0.0,2018-12-04 05:00:00,martes,0,Seca,Seca y limpia,Ondulado,Media ladera Izquierda,Recta,Parcial con paso alternado,1,30,0,0,2.0,Choque,no mantener distancia de seguridad,45A06_0_72,8.0,17.0
Santander,2019-02-02 14:34:00,13,500.0,2018-12-05 05:00:00,miercoles,0,Seca,Seca y limpia,Plano,Terraplen,Recta,Parcial restringido a vehiculos pesados,2,30,0,0,2.0,Choque,no mantener distancia de seguridad,45A06_0_13,12.0,14.0
Santander,2019-02-02 14:34:00,60,300.0,2018-12-06 05:00:00,jueves,30,Seca,Seca y limpia,Ondulado,Media ladera Izquierda,Recta,Transito normal con precaución,0,0,0,0,2.0,Choque,no mantener distancia de seguridad,45A06_0_60,1.0,23.0
Santander,2019-02-02 14:34:00,109,115.0,2018-12-14 05:00:00,viernes,0,Seca,Seca y limpia,Montañoso,Media ladera Izquierda,Curva Izquierda,Transito normal con precaución,0,0,0,0,2.0,Choque,no mantener distancia de seguridad,45A06_0_109,5.0,19.0
Santander,2019-02-02 14:34:00,3,400.0,2018-12-12 05:00:00,miercoles,10,Seca,Seca y limpia,Ondulado,Media Ladera Derecha,Curva Derecha,Parcial restringido a vehiculos pesados,1,45,2,0,5.0,Choque,adelantamientos indebidos,45A06_0_3,11.0,14.0
Santander,2019-02-02 14:34:00,56,150.0,2018-12-30 05:00:00,domingo,30,Seca,Seca y limpia,Montañoso,Media ladera Izquierda,Recta,Transito normal con precaución,0,0,0,0,5.0,Choque,maniobras imprudentes,45A06_0_56,4.0,20.0
Santander,2019-02-02 14:34:00,60,0.0,2018-12-30 05:00:00,domingo,45,Lluvia,Humeda,Montañoso,Cajón,Recta,Parcial con paso alternado,2,0,0,0,5.0,Choque,no mantener distancia de seguridad,45A06_0_60,11.0,15.0
Santander,2019-02-02 14:34:00,30,215.0,2018-12-16 05:00:00,domingo,10,Seca,Seca y limpia,Montañoso,Media ladera Izquierda,Curva Izquierda,Parcial con paso alternado,1,45,2,0,7.0,Choque,adelantamientos indebidos,45A07_1_30,7.0,18.0
Santander,2019-02-02 14:34:00,4,510.0,2018-12-23 05:00:00,domingo,20,Normal,Seca y limpia,Ondulado,Terraplen,Recta,Parcial restringido a vehiculos pesados,1,0,0,0,7.0,Caída de piedra,no mantener distancia de seguridad,45A07_1_4,9.0,16.0
Santander,2019-02-02 15:00:00,43,500.0,2019-02-27 05:00:00,miercoles,0,Normal,Seca y limpia,Montañoso,Media Ladera Derecha,Curva Derecha,Parcial restringido a vehiculos pesados,1,30,0,0,0.0,Choque,adelantamientos indebidos,45A07_1_43,9.0,16.0
Santander,2019-02-02 15:00:00,20,823.0,2018-12-28 05:00:00,viernes,20,Normal,Seca y limpia,Ondulado,Media ladera Izquierda,Recta,Transito normal con precaución,0,0,0,0,0.0,Choque,maniobras imprudentes,45A07_1_20,8.0,16.0
Santander,2019-02-02 15:03:00,30,900.0,2018-12-29 05:00:00,sabado,20,Normal,Seca y limpia,Montañoso,Media ladera Izquierda,Recta,Parcial con paso alternado,1,0,0,0,0.0,Choque,no mantener distancia de seguridad,45A07_1_30,16.0,9.0
Santander,2019-02-02 15:04:00,8,660.0,2018-12-30 05:00:00,domingo,20,Normal,Seca y limpia,Ondulado,Media Ladera Derecha,Curva Izquierda,Parcial restringido a vehiculos pesados,1,0,2,0,2.0,Choque,imprudencia del conductor,45A07_1_8,12.0,13.0
Santander,2019-02-02 15:04:00,31,950.0,2018-12-30 05:00:00,domingo,30,Normal,Seca y limpia,Montañoso,Media Ladera Derecha,Curva Izquierda,Parcial restringido a vehiculos pesados,1,30,0,0,2.0,Choque,adelantamientos indebidos,45A07_1_31,17.0,8.0
Santander,2019-02-02 15:04:00,33,800.0,2018-12-01 05:00:00,sabado,0,Seca,Seca y limpia,Montañoso,Media ladera Izquierda,Curva Izquierda,Transito normal con precaución,0,0,1,0,1.0,Choque,maniobras imprudentes,45A06_0_33,16.0,8.0
Santander,2019-02-02 15:12:00,27,100.0,2018-12-03 05:00:00,lunes,15,Seca,Seca y limpia,Montañoso,Media ladera Izquierda,Recta,Parcial con paso alternado,1,0,0,0,0.0,Choque,no mantener distancia de seguridad,45A06_0_27,15.0,10.0
Santander,2019-02-02 15:12:00,43,600.0,2018-12-09 05:00:00,domingo,30,Seca,Seca y limpia,Montañoso,Media Ladera Derecha,Curva Izquierda,Parcial con paso alternado,1,0,0,0,1.0,Choque,defectos fisicos y psiquicos,45A06_0_43,4.0,21.0
Santander,2019-02-02 15:12:00,42,815.0,2018-12-21 05:00:00,viernes,0,Seca,Seca y limpia,Montañoso,Media ladera Izquierda,Curva Izquierda,Parcial con paso alternado,0,30,0,0,1.0,Choque,maniobras imprudentes,45A06_0_42,6.0,18.0
Santander,2019-02-02 15:12:00,33,550.0,2018-12-22 05:00:00,sabado,30,Seca,Seca y limpia,Ondulado,Terraplen,Recta,Transito normal con precaución,0,0,0,0,1.0,Choque,no mantener distancia de seguridad,45A06_0_33,14.0,10.0
Santander,2019-02-02 15:12:00,39,250.0,2018-12-28 05:00:00,viernes,0,Seca,Seca y limpia,Montañoso,Media ladera Izquierda,Curva Izquierda,Parcial restringido a vehiculos pesados,2,30,0,0,1.0,Choque,estacionamiento y senalizacion imprudente,45A06_0_39,10.0,16.0
Santander,2019-02-02 15:12:00,38,900.0,2018-12-30 05:00:00,domingo,0,Seca,Seca y limpia,Montañoso,Media ladera Izquierda,Recta,Cierre total,2,0,4,0,5.0,Choque,adelantamientos indebidos,45A06_0_38,11.0,15.0
Cundinamarca,2019-02-06 14:34:00,39,950.0,2019-01-04 05:00:00,viernes,50,Normal,Seca y limpia,Montañoso,Media Ladera Derecha,Curva Izquierda,Cierre total,11,15,0,1,1.0,Choque,estacionamiento y senalizacion imprudente,5008_1_39,9.0,2.0
Cundinamarca,2019-02-06 14:34:00,46,0.0,2019-01-05 05:00:00,sabado,20,Normal,Seca y limpia,Montañoso,Media Ladera Derecha,Recta,Transito normal con precaución,17,30,0,0,1.0,Choque,no mantener distancia de seguridad,5008_1_46,17.0,0.0
Huila,2019-02-06 22:06:00,27,500.0,2019-01-18 05:00:00,viernes,0,Normal,Seca y limpia,Plano,Terraplen,Curva Derecha,Parcial con paso alternado,21,0,1,0,1.0,Choque,adelantamientos indebidos,2003A_0_27,21.0,0.0
Huila,2019-02-06 22:12:00,34,600.0,2019-01-11 05:00:00,viernes,40,Lluvia,Humeda,Plano,Terraplen,Recta,Transito normal con precaución,1,0,0,0,0.0,Volcamiento,adelantamientos indebidos,2003A_0_34,23.0,2.0
Cundinamarca,2019-02-06 14:34:00,39,350.0,2019-01-07 05:00:00,lunes,0,Normal,Seca y limpia,Montañoso,Media Ladera Derecha,Recta,Parcial con reducción de carriles,16,20,0,0,1.0,Choque,no mantener distancia de seguridad,5008_1_39,16.0,0.0
Cundinamarca,2019-02-06 14:34:00,42,4.07,2019-01-11 05:00:00,viernes,30,Normal,Seca y limpia,Montañoso,Media Ladera Derecha,Recta,Parcial con paso alternado,18,40,0,0,1.0,Choque,adelantamientos indebidos,5008_1_42,18.0,0.0
Cundinamarca,2019-02-06 14:34:00,54,100.0,2019-01-13 05:00:00,domingo,10,Lluvia,Humeda,Montañoso,Media Ladera Derecha,Curva Izquierda,Parcial con paso alternado,3,20,0,0,1.0,Choque,no determinada,5008_1_54,3.0,0.0