territorial,fecha_registro,pr,distancia_pr,fecha_acc,dia_semana_acc,min_acc,condic_meteor,estado_super,terreno,secc_tip,geometria_acc,tipo_cierre,horas_cierre,min_cierre,n_heridos,n_muertos,n_victimas,clase_accidente,causa_posible,ref_loc,hora_acc,duracion_cierre_horas
Cundinamarca,2019-02-06 14:34:00,50,700.0,2019-01-20 05:00:00,domingo,0,Normal,Seca y limpia,Montañoso,Terraplen,Recta,Parcial con paso alternado,16,5,0,0,1.0,Choque,desobediencia a normas y senales,5008_1_50,16.0,0.0
Cundinamarca,2019-02-06 14:34:00,25,800.0,2019-01-24 05:00:00,jueves,20,Normal,Seca y limpia,Montañoso,Media Ladera Derecha,Recta,Parcial con paso alternado,3,25,0,0,1.0,Choque,adelantamientos indebidos,5008_1_25,3.0,0.0
Cundinamarca,2019-02-06 16:05:00,14,950.0,2019-01-08 05:00:00,martes,0,Normal,Seca y limpia,Montañoso,Media Ladera Derecha,Recta,Parcial con paso alternado,0,30,0,0,0.0,Choque,no determinada,5008_1_14,10.0,14.0
Cundinamarca,2019-02-06 16:05:00,59,668.0,2019-01-21 05:00:00,lunes,30,Normal,Seca y limpia,Montañoso,Media Ladera Derecha,Curva Derecha,Parcial con paso alternado,0,10,0,0,0.0,Choque,no determinada,5008_1_59,16.0,8.0
Santander,2019-02-08 19:13:00,63,700.0,2019-01-07 05:00:00,lunes,20,Normal,Seca y limpia,Plano,Terraplen,Curva Derecha,Parcial con reducción de carriles,8,20,0,2,2.0,Choque,imprudencia del conductor,4511_1_63,0.0,8.0
Santander,2019-02-08 19:22:00,77,400.0,2019-01-26 05:00:00,sabado,0,Normal,Seca y limpia,Plano,Terraplen,Recta,Transito normal con precaución,0,0,0,0,0.0,Volcamiento,defectos fisicos y psiquicos,4511_1_77,0.0,0.0
Santander,2019-02-08 22:25:00,88,600.0,2019-01-19 05:00:00,sabado,0,Normal,Seca y limpia,Plano,Media Ladera Derecha,Recta,Transito normal con precaución,0,0,0,0,0.0,Volcamiento,condiciones de la via y factores ambientales,4513_1_88,0.0,0.0
Santander,2019-02-08 19:36:00,76,700.0,2019-01-02 05:00:00,miercoles,30,Normal,Seca y limpia,Plano,Media ladera Izquierda,Recta,Transito normal con precaución,0,5,1,0,1.0,Salida de la vía sin volcarse,maniobras imprudentes,4511_1_76,6.0,18.0
Santander,2019-02-08 19:40:00,128,600.0,2019-01-25 05:00:00,viernes,0,Normal,Seca y limpia,Plano,Terraplen,Recta,Transito normal con precaución,0,0,0,0,0.0,Incendio,fallas mecanicas y del sistema electrico,4511_1_128,0.0,0.0
Santander,2019-02-08 20:12:00,1,600.0,2019-01-02 05:00:00,miercoles,10,Normal,Seca y limpia,Plano,Terraplen,Recta,Transito normal con precaución,0,0,1,0,1.0,Choque,imprudencia del conductor,4513_1_1,0.0,0.0
Santander,2019-02-08 20:17:00,24,600.0,2019-01-13 05:00:00,domingo,55,Normal,Seca y limpia,Plano,Terraplen,Recta,Parcial con reducción de carriles,0,30,4,1,5.0,Volcamiento,desobediencia a normas y senales,4513_1_24,15.0,9.0
Santander,2019-02-08 21:34:00,48,900.0,2019-01-05 05:00:00,sabado,0,Normal,Seca y limpia,Plano,Terraplen,Recta,Transito normal con precaución,0,0,0,0,0.0,Volcamiento,defectos fisicos y psiquicos,4513_1_48,0.0,0.0
Santander,2019-02-08 21:38:00,63,400.0,2019-01-30 05:00:00,miercoles,0,Normal,Seca y limpia,Plano,Terraplen,Recta,Transito normal con precaución,0,0,0,0,0.0,Choque,condiciones de la via y factores ambientales,4513_1_63,20.0,4.0
Santander,2019-02-08 21:42:00,65,0.0,2019-01-08 05:00:00,martes,30,Normal,Seca y limpia,Plano,Terraplen,Recta,Transito normal con precaución,0,0,0,0,0.0,Salida de la vía sin volcarse,fallas mecanicas y del sistema electrico,4513_1_65,8.0,16.0
Santander,2019-02-08 21:47:00,70,0.0,2019-01-25 05:00:00,viernes,55,Normal,Seca y limpia,Plano,Terraplen,Recta,Transito normal con precaución,0,0,0,0,0.0,Choque,no mantener distancia de seguridad,4513_1_70,12.0,12.0
Santander,2019-02-08 21:50:00,74,400.0,2019-01-02 05:00:00,miercoles,30,Normal,Seca y limpia,Plano,Terraplen,Recta,Transito normal con precaución,0,0,0,0,0.0,Volcamiento,fallas mecanicas y del sistema electrico,4513_1_74,4.0,20.0
Santander,2019-02-08 22:17:00,76,0.0,2019-01-14 05:00:00,lunes,30,Normal,Seca y limpia,Plano,Terraplen,Recta,Transito normal con precaución,0,0,0,0,0.0,Volcamiento,defectos fisicos y psiquicos,4513_1_76,15.0,9.0
Santander,2019-02-08 22:22:00,79,0.0,2019-01-19 05:00:00,sabado,10,Normal,Seca y limpia,Plano,Terraplen,Recta,Transito normal con precaución,0,0,1,0,1.0,Choque,no mantener distancia de seguridad,4513_1_79,15.0,9.0
Santander,2019-02-08 22:28:00,89,700.0,2019-01-19 05:00:00,sabado,10,Normal,Seca y limpia,Plano,Media Ladera Derecha,Recta,Transito normal con precaución,0,0,0,0,0.0,Salida de la vía sin volcarse,condiciones de la via y factores ambientales,4513_1_89,19.0,5.0
Sucre,2019-02-10 14:39:00,30,200.0,2019-01-03 05:00:00,jueves,30,Sol,Seca y limpia,Plano,Terraplen,Curva Derecha,Transito normal con precaución,7,40,1,0,1.0,Choque,desobediencia a normas y senales,9004_1_30,7.0,0.0
Sucre,2019-02-10 14:39:00,89,700.0,2019-01-27 05:00:00,domingo,50,Seca,Seca y limpia,Plano,Terraplen,Recta,Transito normal con precaución,19,10,0,0,1.0,Incendio,fallas mecanicas y del sistema electrico,9004_1_89,18.0,1.0
Sucre,2019-02-10 16:13:00,86,250.0,2019-01-04 05:00:00,viernes,10,Sol,Seca y limpia,Plano,Terraplen,Recta,Transito normal con precaución,9,30,0,0,0.0,Choque,defectos fisicos y psiquicos,9004_1_86,9.0,0.0
Nariño,2019-02-12 15:05:00,45,600.0,2019-01-15 05:00:00,martes,0,Normal,Seca y limpia,Montañoso,Media Ladera Derecha,Curva Derecha,Transito normal con precaución,0,0,0,0,0.0,Volcamiento,condiciones de la via y factores ambientales,1002_1_45,2.0,22.0
Boyacá,2019-02-12 16:39:00,80,0.0,2019-01-01 05:00:00,martes,0,Normal,Seca y limpia,Montañoso,Media Ladera Derecha,Curva Izquierda,Transito normal con precaución,17,0,0,0,0.0,Choque,no determinada,5503_1_80,17.0,0.0
Boyacá,2019-02-12 16:42:00,88,120.0,2019-01-05 05:00:00,sabado,30,Normal,Seca y limpia,Montañoso,Media ladera Izquierda,Curva Izquierda,Transito normal con precaución,1,30,0,0,0.0,Choque,no mantener distancia de seguridad,5503_1_88,1.0,0.0
Boyacá,2019-02-13 13:17:00,112,240.0,2019-01-06 05:00:00,domingo,10,Normal,Seca y limpia,Montañoso,Media ladera Izquierda,Curva Derecha,Transito normal con precaución,20,10,0,0,0.0,Choque,no determinada,5503_1_112,20.0,0.0
Boyacá,2019-02-13 13:20:00,9,350.0,2019-01-10 05:00:00,jueves,30,Lluvia,Aceite,Escarpado,Media ladera Izquierda,Curva Izquierda,Cierre total,6,30,0,0,0.0,Choque,no determinada,6211_1_9,6.0,0.0
Boyacá,2019-02-13 14:32:00,10,900.0,2019-01-11 05:00:00,viernes,0,Normal,Seca y limpia,Escarpado,Media Ladera Derecha,Curva Derecha,Transito normal con precaución,11,0,0,0,0.0,Choque,no determinada,6211_1_10,11.0,0.0
Boyacá,2019-02-13 14:36:00,124,470.0,2019-01-13 05:00:00,domingo,0,Normal,Seca y limpia,Escarpado,Media ladera Izquierda,Curva Derecha,Transito normal con precaución,14,0,0,0,0.0,Choque,exceso de velocidad,5503_1_124,14.0,0.0
Boyacá,2019-02-13 14:40:00,132,300.0,2019-01-13 05:00:00,domingo,55,Normal,Seca y limpia,Plano,Media ladera Izquierda,Recta,Transito normal con precaución,4,55,0,0,0.0,Choque,no determinada,5503_1_132,4.0,0.0
Boyacá,2019-02-13 14:44:00,69,480.0,2019-01-15 05:00:00,martes,0,Normal,Seca y limpia,Ondulado,Media ladera Izquierda,Recta,Transito normal con precaución,7,0,0,0,0.0,Volcamiento,imprudencia del conductor,5503_1_69,7.0,0.0
Boyacá,2019-02-13 14:48:00,89,820.0,2019-02-13 05:00:00,miercoles,15,Normal,Seca y limpia,Montañoso,Media ladera Izquierda,Curva Derecha,Transito normal con precaución,14,15,0,0,0.0,Choque,no determinada,5503_1_89,14.0,0.0
Boyacá,2019-02-13 14:51:00,64,340.0,2019-01-18 05:00:00,viernes,30,Normal,Seca y limpia,Ondulado,Terraplen,Recta,Transito normal con precaución,5,30,0,0,0.0,Volcamiento,defectos fisicos y psiquicos,5503_1_64,5.0,0.0
Boyacá,2019-02-13 14:54:00,35,1015.0,2019-01-20 05:00:00,domingo,30,Normal,Seca y limpia,Ondulado,Cajón,Curva Derecha,Transito normal con precaución,11,30,0,0,0.0,Choque,no determinada,5503_1_35,11.0,0.0
Boyacá,2019-02-13 14:57:00,83,840.0,2019-01-25 05:00:00,viernes,10,Normal,Seca y limpia,Montañoso,Media Ladera Derecha,Curva Izquierda,Transito normal con precaución,8,10,0,0,0.0,Choque,no determinada,5503_1_83,8.0,0.0
Boyacá,2019-02-13 15:01:00,9,700.0,2019-01-25 05:00:00,viernes,45,Normal,Seca y limpia,Plano,Terraplen,Curva Derecha,Transito normal con precaución,19,45,0,0,0.0,Choque,condiciones de la via y factores ambientales,5503_1_9,19.0,0.0
Boyacá,2019-02-13 15:04:00,104,125.0,2019-01-28 05:00:00,lunes,0,Normal,Seca y limpia,Plano,Cajón,Recta,Transito normal con precaución,2,0,0,0,0.0,Choque,fallas mecanicas y del sistema electrico,5503_1_104,2.0,0.0
Boyacá,2019-02-13 15:07:00,14,700.0,2019-01-28 05:00:00,lunes,30,Lluvia,Humeda,Escarpado,Media Ladera Derecha,Curva Izquierda,Transito normal con precaución,16,30,0,0,0.0,Choque,desobediencia a normas y senales,6211_1_14,16.0,0.0
Boyacá,2019-02-13 15:20:00,6,600.0,2019-01-01 05:00:00,martes,10,Normal,Seca y limpia,Ondulado,Media Ladera Derecha,Curva Izquierda,Transito normal con precaución,6,10,0,0,0.0,Salida de la vía sin volcarse,desobediencia a normas y senales,5503_1_6,6.0,0.0
Nariño,2019-02-13 16:27:00,14,200.0,2018-12-12 05:00:00,miercoles,50,Normal,Seca y limpia,Montañoso,Media ladera Izquierda,Curva Derecha,Transito normal con precaución,0,30,2,0,4.0,Choque,adelantamientos indebidos,2501A_0_14,2.0,22.0
Nariño,2019-02-14 16:48:00,78,820.0,2018-12-21 05:00:00,viernes,30,Normal,Seca y limpia,Montañoso,Media Ladera Derecha,Curva Derecha,Transito normal con precaución,20,30,1,0,1.0,Volcamiento,exceso de velocidad,2501A_0_78,20.0,0.0
Nariño,2019-02-14 18:14:00,50,100.0,2018-12-31 05:00:00,lunes,30,Normal,Seca y limpia,Montañoso,Media ladera Izquierda,Recta,Cierre total,6,30,2,0,2.0,Choque,exceso de velocidad,2501A_0_50,6.0,0.0
Nariño,2019-02-14 20:05:00,17,400.0,2019-01-20 05:00:00,domingo,30,Lluvia,Humeda,Montañoso,Media ladera Izquierda,Curva Derecha,Cierre total,1,0,0,1,1.0,Volcamiento,fallas mecanicas y del sistema electrico,2501A_0_17,5.0,20.0
Nariño,2019-02-14 21:07:00,37,950.0,2019-02-02 05:00:00,sabado,0,Normal,Seca y limpia,Montañoso,Media Ladera Derecha,Recta,Transito normal con precaución,0,0,0,1,1.0,Choque,exceso de velocidad,1002_1_37,6.0,18.0
Putumayo,2019-02-15 14:16:00,60,720.0,2019-02-03 05:00:00,domingo,28,Seca,Seca y limpia,Plano,Terraplen,Recta,Transito normal con precaución,0,0,0,1,2.0,Choque,embriaguez o sustancias alucinogenas,1003_1_60,3.0,21.0
Boyacá,2019-02-18 16:41:00,0,60.0,2019-01-07 05:00:00,lunes,0,Lluvia,Humeda,Ondulado,Cajón,Curva Izquierda,Transito normal con precaución,0,0,0,0,0.0,Choque,embriaguez o sustancias alucinogenas,6209_0_0,0.0,0.0
Boyacá,2019-02-18 16:41:00,27,900.0,2019-01-07 05:00:00,lunes,15,Normal,Seca y limpia,Plano,Media Ladera Derecha,Recta,Transito normal con precaución,0,0,0,0,0.0,Choque,no mantener distancia de seguridad,6209_0_27,17.0,7.0
Boyacá,2019-02-18 16:41:00,43,0.0,2019-01-07 05:00:00,lunes,30,Normal,Seca y limpia,Plano,Media Ladera Derecha,Recta,Transito normal con precaución,0,0,0,0,0.0,Choque,no mantener distancia de seguridad,6209_0_43,17.0,7.0
Boyacá,2019-02-18 16:41:00,9,600.0,2019-01-08 05:00:00,martes,5,Normal,Seca y limpia,Montañoso,Terraplen,Curva Izquierda,Parcial con paso alternado,0,30,3,0,3.0,Choque,adelantamientos indebidos,6209_0_9,4.0,20.0
Boyacá,2019-02-18 16:41:00,22,750.0,2019-01-17 05:00:00,jueves,20,Lluvia,Humeda,Plano,Media Ladera Derecha,Recta,Transito normal con precaución,0,0,0,0,3.0,Choque,condiciones de la via y factores ambientales,6209_0_22,17.0,7.0
Boyacá,2019-02-18 16:41:00,13,700.0,2019-01-18 05:00:00,viernes,0,Normal,Seca y limpia,Montañoso,Media Ladera Derecha,Recta,Transito normal con precaución,0,0,0,0,3.0,Choque,no mantener distancia de seguridad,6209_0_13,0.0,0.0
Boyacá,2019-02-18 17:54:00,27,700.0,2019-01-27 05:00:00,domingo,30,Lluvia,Humeda,Plano,Media Ladera Derecha,Recta,Transito normal con precaución,0,0,0,0,0.0,Choque,estacionamiento y senalizacion imprudente,6209_0_27,16.0,8.0
Cesar,2019-02-21 14:14:00,115,700.0,2019-01-03 05:00:00,jueves,0,Normal,Seca y limpia,Plano,Terraplen,Recta,Transito normal con precaución,6,40,3,0,3.0,Choque,condiciones de la via y factores ambientales,4901_1_115,6.0,0.0
Cesar,2019-02-21 14:29:00,46,600.0,2019-01-04 05:00:00,viernes,30,Normal,Seca y limpia,Plano,Terraplen,Recta,Transito normal con precaución,2,30,0,0,0.0,Choque,condiciones de la via y factores ambientales,4901_1_46,0.0,2.0
Cesar,2019-02-21 14:39:00,1,300.0,2019-01-06 05:00:00,domingo,30,Normal,Seca y limpia,Plano,Terraplen,Recta,Transito normal con precaución,12,0,0,0,0.0,Choque,no mantener distancia de seguridad,8004_1_1,11.0,1.0
Cesar,2019-02-21 14:41:00,115,950.0,2019-01-22 05:00:00,martes,0,Normal,Seca y limpia,Plano,Terraplen,Recta,Transito normal con precaución,21,30,0,0,0.0,Volcamiento,desobediencia a normas y senales,4901_1_115,20.0,1.0
Cesar,2019-02-21 14:45:00,112,0.0,2019-01-24 05:00:00,jueves,0,Normal,Seca y limpia,Plano,Terraplen,Curva Izquierda,Transito normal con precaución,7,30,0,0,0.0,Volcamiento,fallas mecanicas y del sistema electrico,4901_1_112,6.0,1.0
Cesar,2019-02-21 19:30:00,86,80.0,2019-01-26 05:00:00,sabado,50,Normal,Seca y limpia,Plano,Terraplen,Recta,Transito normal con precaución,19,40,0,1,1.0,Choque,imprudencia del conductor,4901_1_86,18.0,1.0
Guajira,2019-02-21 19:36:00,34,100.0,2019-01-11 05:00:00,viernes,20,Normal,Material organico,Plano,Terraplen,Curva Derecha,Transito normal con precaución,0,0,0,0,0.0,Choque,adelantamientos indebidos,4902_1_34,5.0,19.0
Cesar,2019-02-21 19:37:00,64,600.0,2019-01-31 05:00:00,jueves,45,Viento,Seca y limpia,Plano,Terraplen,Recta,Transito normal con precaución,10,0,2,0,2.0,Choque,no mantener distancia de seguridad,4901_1_64,9.0,1.0
Guajira,2019-02-21 20:01:00,21,400.0,2019-01-18 05:00:00,viernes,50,Normal,Seca y limpia,Plano,Terraplen,Recta,Transito normal con precaución,0,0,0,0,0.0,Choque,desobediencia a normas y senales,4902_1_21,4.0,20.0
Guajira,2019-02-21 20:17:00,43,0.0,2019-01-14 05:00:00,lunes,10,Normal,Seca y limpia,Montañoso,Terraplen,Recta,Transito normal con precaución,0,0,0,0,1.0,Choque,no mantener distancia de seguridad,8801_1_43,14.0,10.0
Boyacá,2019-02-21 21:58:00,32,750.0,2019-01-01 05:00:00,martes,0,Normal,Seca y limpia,Plano,Terraplen,Recta,Transito normal con precaución,14,0,0,0,0.0,Choque,adelantamientos indebidos,45A05_1_32,14.0,0.0
Boyacá,2019-02-21 22:03:00,47,800.0,2019-01-01 05:00:00,martes,20,Normal,Seca y limpia,Plano,Terraplen,Recta,Transito normal con precaución,21,20,0,0,0.0,Choque,maniobras imprudentes,45A05_1_47,21.0,0.0
Boyacá,2019-02-21 22:08:00,56,900.0,2019-01-01 05:00:00,martes,10,Normal,Seca y limpia,Plano,Terraplen,Recta,Transito normal con precaución,18,10,0,0,0.0,Choque,no mantener distancia de seguridad,45A05_1_56,18.0,0.0
Boyacá,2019-02-21 22:12:00,1,0.0,2019-01-03 05:00:00,jueves,45,Normal,Seca y limpia,Plano,Terraplen,Recta,Transito normal con precaución,16,45,0,0,0.0,Choque,defectos fisicos y psiquicos,45A05_1_1,16.0,0.0
Boyacá,2019-02-21 22:18:00,20,600.0,2019-01-03 05:00:00,jueves,30,Normal,Seca y limpia,Ondulado,Media ladera Izquierda,Curva Izquierda,Transito normal con precaución,13,30,0,0,0.0,Volcamiento,desobediencia a normas y senales,45A05_1_20,13.0,0.0
Boyacá,2019-02-21 22:23:00,69,800.0,2019-01-03 05:00:00,jueves,50,Normal,Seca y limpia,Ondulado,Media ladera Izquierda,Recta,Transito normal con precaución,13,50,0,0,0.0,Choque,adelantamientos indebidos,45A05_1_69,13.0,0.0
Boyacá,2019-02-21 22:28:00,57,50.0,2019-01-04 05:00:00,viernes,0,Normal,Seca y limpia,Plano,Terraplen,Recta,Transito normal con precaución,17,0,0,0,0.0,Choque,no mantener distancia de seguridad,45A05_1_57,17.0,0.0
Boyacá,2019-02-21 22:31:00,17,700.0,2019-01-09 05:00:00,miercoles,0,Normal,Seca y limpia,Plano,Media ladera Izquierda,Recta,Transito normal con precaución,14,0,0,0,0.0,Choque,exceso en horas de conduccion,45A05_1_17,14.0,0.0
Boyacá,2019-02-21 22:34:00,68,300.0,2019-01-16 05:00:00,miercoles,0,Normal,Seca y limpia,Plano,Media ladera Izquierda,Curva Izquierda,Transito normal con precaución,3,0,0,0,0.0,Volcamiento,no determinada,45A05_1_68,3.0,0.0
Boyacá,2019-02-21 22:40:00,37,800.0,2019-01-27 05:00:00,domingo,0,Niebla,Seca y limpia,Plano,Terraplen,Recta,Transito normal con precaución,8,0,0,0,0.0,Choque,adelantamientos indebidos,45A05_1_37,8.0,0.0
Boyacá,2019-02-21 22:43:00,75,400.0,2019-01-30 05:00:00,miercoles,0,Normal,Seca y limpia,Ondulado,Media ladera Izquierda,Recta,Transito normal con precaución,7,0,0,0,0.0,Salida de la vía sin volcarse,defectos fisicos y psiquicos,45A05_1_75,7.0,0.0
Santander,2019-02-24 23:44:00,65,88.0,2019-01-02 05:00:00,miercoles,0,Seca,Seca y limpia,Ondulado,Media ladera Izquierda,Recta,Parcial restringido a vehiculos pesados,15,0,0,0,0.0,Choque,maniobras imprudentes,45A06_0_65,15.0,0.0
Santander,2019-02-24 23:44:00,117,750.0,2019-01-03 05:00:00,jueves,40,Seca,Seca y limpia,Montañoso,Media ladera Izquierda,Curva Derecha,Parcial restringido a vehiculos pesados,6,40,0,0,0.0,Choque,maniobras imprudentes,45A06_0_117,6.0,0.0
Santander,2019-02-24 23:44:00,85,180.0,2019-01-03 05:00:00,jueves,30,Seca,Seca y limpia,Montañoso,Media Ladera Derecha,Curva Derecha,Parcial restringido a vehiculos pesados,10,30,0,0,0.0,Choque,no mantener distancia de seguridad,45A06_0_85,10.0,0.0
Santander,2019-02-24 23:44:00,19,50.0,2019-01-03 05:00:00,jueves,20,Seca,Seca y limpia,Montañoso,Media Ladera Derecha,Curva Izquierda,Parcial restringido a vehiculos pesados,12,20,0,0,0.0,Choque,no mantener distancia de seguridad,45A06_0_19,12.0,0.0
Santander,2019-02-24 23:44:00,4,930.0,2019-01-05 05:00:00,sabado,40,Seca,Seca y limpia,Montañoso,Media Ladera Derecha,Recta,Parcial restringido a vehiculos pesados,1,40,0,0,0.0,Choque,estacionamiento y senalizacion imprudente,45A06_0_4,1.0,0.0
Santander,2019-02-24 23:44:00,82,640.0,2019-01-06 05:00:00,domingo,40,Seca,Seca y limpia,Ondulado,Media ladera Izquierda,Recta,Parcial restringido a vehiculos pesados,23,40,0,0,0.0,Choque,condiciones de la via y factores ambientales,45A06_0_82,23.0,0.0
Santander,2019-02-24 23:44:00,85,180.0,2019-01-14 05:00:00,lunes,30,Seca,Seca y limpia,Montañoso,Media Ladera Derecha,Curva Derecha,Parcial con paso alternado,10,30,0,0,0.0,Choque,adelantamientos indebidos,45A06_0_85,10.0,0.0
Santander,2019-02-24 23:44:00,107,420.0,2019-01-15 05:00:00,martes,20,Seca,Seca y limpia,Montañoso,Media ladera Izquierda,Curva Derecha,Parcial con paso alternado,8,20,0,0,0.0,Volcamiento,exceso de velocidad,45A06_0_107,8.0,0.0
Santander,2019-02-24 23:44:00,7,160.0,2019-01-16 05:00:00,miercoles,50,Seca,Seca y limpia,Montañoso,Media Ladera Derecha,Curva Derecha,Parcial restringido a vehiculos pesados,9,50,0,0,1.0,Atropello,maniobras imprudentes,45A06_0_7,9.0,0.0
Santander,2019-02-25 00:16:00,49,900.0,2019-01-17 05:00:00,jueves,30,Seca,Seca y limpia,Montañoso,Media Ladera Derecha,Recta,Parcial con paso alternado,9,30,0,0,1.0,Atropello,maniobras imprudentes,45A06_0_49,9.0,0.0
Santander,2019-02-25 00:16:00,109,20.0,2019-01-17 05:00:00,jueves,0,Seca,Seca y limpia,Montañoso,Media ladera Izquierda,Curva Derecha,Parcial restringido a vehiculos pesados,17,0,0,0,2.0,Atropello,no mantener distancia de seguridad,45A06_0_109,17.0,0.0
Santander,2019-02-25 00:16:00,91,218.0,2019-01-22 05:00:00,martes,0,Seca,Seca y limpia,Montañoso,Cajón,Curva Derecha,Parcial restringido a vehiculos pesados,17,0,0,0,0.0,Volcamiento,exceso de velocidad,45A06_0_91,17.0,0.0
Santander,2019-02-25 00:29:00,114,370.0,2019-02-22 05:00:00,viernes,0,Seca,Seca y limpia,Montañoso,Media ladera Izquierda,Curva Derecha,Parcial restringido a vehiculos pesados,16,0,0,0,2.0,Atropello,estacionamiento y senalizacion imprudente,45A06_0_114,16.0,0.0
Santander,2019-02-25 00:29:00,98,450.0,2019-02-24 05:00:00,domingo,45,Seca,Seca y limpia,Montañoso,Cajón,Curva Izquierda,Cierre total,19,45,3,0,5.0,Atropello,embriaguez o sustancias alucinogenas,45A06_0_98,19.0,0.0
Santander,2019-02-25 00:29:00,62,900.0,2019-02-27 05:00:00,miercoles,0,Seca,Seca y limpia,Ondulado,Media ladera Izquierda,Recta,Parcial restringido a vehiculos pesados,15,0,0,0,5.0,Choque,no mantener distancia de seguridad,45A06_0_62,15.0,0.0
Santander,2019-02-25 00:29:00,73,250.0,2019-01-01 05:00:00,martes,0,Seca,Seca y limpia,Plano,Terraplen,Recta,Parcial restringido a vehiculos pesados,17,0,0,0,5.0,Choque,adelantamientos indebidos,45A07_1_73,17.0,0.0
Santander,2019-02-25 00:29:00,14,700.0,2019-01-06 05:00:00,domingo,10,Seca,Seca y limpia,Ondulado,Media Ladera Derecha,Curva Izquierda,Parcial con paso alternado,6,10,1,0,6.0,Choque,adelantamientos indebidos,45A07_1_14,6.0,0.0
Santander,2019-02-25 00:29:00,37,150.0,2019-01-07 05:00:00,lunes,30,Lluvia,Humeda,Montañoso,Media Ladera Derecha,Curva Izquierda,Parcial restringido a vehiculos pesados,6,30,0,0,8.0,Choque,desobediencia a normas y senales,45A07_1_37,6.0,0.0
Santander,2019-02-25 00:29:00,14,874.0,2019-01-07 05:00:00,lunes,45,Lluvia,Humeda,Ondulado,Terraplen,Curva Izquierda,Parcial restringido a vehiculos pesados,8,45,0,0,8.0,Choque,desobediencia a normas y senales,45A07_1_14,8.0,0.0
Santander,2019-02-25 00:29:00,4,521.0,2019-01-08 05:00:00,martes,45,Seca,Seca y limpia,Escarpado,Media Ladera Derecha,Curva Izquierda,Parcial con paso alternado,13,45,0,0,10.0,Choque,imprudencia del conductor,45A07_1_4,13.0,0.0
Santander,2019-02-25 00:29:00,4,320.0,2019-01-09 05:00:00,miercoles,0,Seca,Seca y limpia,Montañoso,Media Ladera Derecha,Recta,Parcial con paso alternado,14,0,1,0,11.0,Choque,maniobras imprudentes,45A07_1_4,14.0,0.0
Santander,2019-02-25 00:29:00,18,860.0,2019-01-16 05:00:00,miercoles,0,Seca,Seca y limpia,Montañoso,Media Ladera Derecha,Curva Derecha,Parcial con paso alternado,14,0,0,0,11.0,Choque,exceso de velocidad,45A07_1_18,14.0,0.0
Santander,2019-02-25 00:29:00,49,400.0,2019-01-21 05:00:00,lunes,20,Seca,Seca y limpia,Montañoso,Media ladera Izquierda,Curva Derecha,Parcial restringido a vehiculos pesados,15,20,0,1,12.0,Choque,adelantamientos indebidos,45A07_1_49,13.0,2.0
Santander,2019-02-25 00:29:00,70,900.0,2019-01-21 05:00:00,lunes,50,Seca,Seca y limpia,Montañoso,Media ladera Izquierda,Recta,Parcial con paso alternado,13,50,0,0,12.0,Volcamiento,fallas mecanicas y del sistema electrico,45A07_1_70,13.0,0.0
Santander,2019-02-25 00:29:00,85,600.0,2019-01-28 05:00:00,lunes,10,Seca,Seca y limpia,Plano,Media Ladera Derecha,Recta,Cierre total,2,10,0,0,14.0,Choque,embriaguez o sustancias alucinogenas,45A07_1_85,0.0,2.0
Santander,2019-02-25 00:29:00,39,0.0,2019-01-29 05:00:00,martes,50,Seca,Seca y limpia,Montañoso,Media Ladera Derecha,Curva Derecha,Parcial restringido a vehiculos pesados,10,50,0,0,15.0,Choque,adelantamientos indebidos,45A07_1_39,10.0,0.0
Santander,2019-02-25 00:29:00,87,0.0,2019-01-30 05:00:00,miercoles,20,Lluvia,Humeda,Plano,Media Ladera Derecha,Recta,Parcial con paso alternado,6,20,0,0,15.0,Volcamiento,exceso de velocidad,45A07_1_87,6.0,0.0
Santander,2019-02-25 00:29:00,81,650.0,2019-01-30 05:00:00,miercoles,30,Lluvia,Humeda,Plano,Terraplen,Recta,Parcial con paso alternado,7,30,0,0,15.0,Choque,imprudencia del conductor,45A07_2_81,7.0,0.0
Santander,2019-02-25 00:29:00,6,750.0,2019-01-30 05:00:00,miercoles,20,Lluvia,Humeda,Plano,Terraplen,Recta,Cierre total,9,50,0,1,16.0,Choque,imprudencia del conductor,45AST08_2_6,7.0,2.0
Meta,2019-02-25 20:42:00,89,300.0,2019-01-19 05:00:00,sabado,20,Normal,Seca y limpia,Montañoso,Media Ladera Derecha,Curva Derecha,Cierre total,2,0,0,0,0.0,Volcamiento,exceso de velocidad,40MTA_0_89,10.0,16.0
Meta,2019-02-25 20:46:00,92,50.0,2019-01-09 05:00:00,miercoles,30,Normal,Seca y limpia,Montañoso,Media Ladera Derecha,Curva Derecha,Cierre total,2,0,0,1,1.0,Caída ocupante,conducta de pasajeros,40MTA_0_92,16.0,10.0
Antioquia,2019-02-26 19:09:00,63,600.0,2018-12-17 05:00:00,lunes,25,Lluvia,Humeda,Ondulado,Media ladera Izquierda,Curva Izquierda,Transito normal con precaución,16,45,0,0,0.0,Choque,no mantener distancia de seguridad,2510_1_63,16.0,0.0
Antioquia,2019-02-26 19:09:00,73,0.0,2018-12-23 05:00:00,domingo,30,Normal,Seca y limpia,Ondulado,Media ladera Izquierda,Curva Derecha,Transito normal con precaución,7,50,0,0,0.0,Choque,no determinada,2510_1_73,5.0,2.0