territorial,fecha_registro,pr,distancia_pr,fecha_acc,dia_semana_acc,min_acc,condic_meteor,estado_super,terreno,secc_tip,geometria_acc,tipo_cierre,horas_cierre,min_cierre,n_heridos,n_muertos,n_victimas,clase_accidente,causa_posible,ref_loc,hora_acc,duracion_cierre_horas
Antioquia,2019-02-26 19:18:00,73,900.0,2018-12-29 05:00:00,sabado,30,Lluvia,Humeda,Ondulado,Media ladera Izquierda,Curva Izquierda,Transito normal con precaución,7,55,0,0,0.0,Choque,adelantamientos indebidos,2510_1_73,7.0,0.0
Antioquia,2019-02-26 19:21:00,81,0.0,2018-12-09 05:00:00,domingo,0,Normal,Seca y limpia,Plano,Terraplen,Recta,Transito normal con precaución,22,30,0,0,0.0,Choque,no determinada,2510_1_81,22.0,0.0
Antioquia,2019-02-27 18:59:00,73,450.0,2019-01-01 05:00:00,martes,0,Normal,Seca y limpia,Ondulado,Media ladera Izquierda,Curva Izquierda,Transito normal con precaución,14,15,0,1,1.0,Choque,embriaguez o sustancias alucinogenas,2510_1_73,14.0,0.0
Antioquia,2019-02-26 19:24:00,83,500.0,2018-12-29 05:00:00,sabado,30,Normal,Seca y limpia,Ondulado,Media ladera Izquierda,Curva Izquierda,Parcial con reducción de carriles,10,0,1,0,1.0,Atropello,no mantener distancia de seguridad,2510_1_83,9.0,1.0
Antioquia,2019-02-26 19:29:00,84,0.0,2018-12-26 05:00:00,miercoles,30,Lluvia,Humeda,Ondulado,Media ladera Izquierda,Curva Izquierda,Transito normal con precaución,4,35,0,0,0.0,Choque,no mantener distancia de seguridad,2510_1_84,3.0,1.0
Antioquia,2019-02-26 19:33:00,85,100.0,2018-12-02 05:00:00,domingo,10,Normal,Seca y limpia,Ondulado,Terraplen,Recta,Parcial con reducción de carriles,21,1,0,1,1.0,Atropello,no determinada,2510_1_85,20.0,1.0
Antioquia,2019-02-26 19:41:00,85,900.0,2018-12-02 05:00:00,domingo,10,Lluvia,Humeda,Ondulado,Terraplen,Recta,Transito normal con precaución,20,20,0,0,0.0,Choque,no mantener distancia de seguridad,2510_1_85,20.0,0.0
Antioquia,2019-02-26 19:44:00,3,200.0,2019-02-01 05:00:00,viernes,20,Normal,Seca y limpia,Montañoso,Media ladera Izquierda,Curva Derecha,Parcial con reducción de carriles,3,15,0,1,1.0,Caída ocupante,embriaguez o sustancias alucinogenas,2511_0_3,23.0,4.0
Antioquia,2019-02-26 19:52:00,12,50.0,2018-12-20 05:00:00,jueves,0,Normal,Seca y limpia,Ondulado,Media Ladera Derecha,Curva Derecha,Transito normal con precaución,20,35,0,0,0.0,Choque,no determinada,2511_0_12,20.0,0.0
Antioquia,2019-02-26 20:08:00,15,300.0,2018-12-13 05:00:00,jueves,0,Normal,Seca y limpia,Ondulado,Media ladera Izquierda,Curva Derecha,Transito normal con precaución,21,30,0,0,0.0,Choque,adelantamientos indebidos,2511_0_15,21.0,0.0
Antioquia,2019-02-26 20:08:00,27,100.0,2018-12-13 05:00:00,jueves,0,Normal,Seca y limpia,Ondulado,Media ladera Izquierda,Curva Derecha,Transito normal con precaución,11,20,0,0,0.0,Choque,no mantener distancia de seguridad,2511_0_27,11.0,0.0
Antioquia,2019-02-26 20:25:00,28,950.0,2018-12-13 05:00:00,jueves,30,Lluvia,Humeda,Ondulado,Media ladera Izquierda,Curva Derecha,Transito normal con precaución,2,30,0,0,0.0,Choque,no determinada,2511_0_28,1.0,1.0
Antioquia,2019-02-26 20:38:00,29,200.0,2018-12-28 05:00:00,viernes,0,Lluvia,Humeda,Ondulado,Media ladera Izquierda,Curva Derecha,Transito normal con precaución,7,50,1,0,1.0,Choque,no determinada,2511_0_29,7.0,0.0
Antioquia,2019-02-26 20:43:00,29,470.0,2018-12-30 05:00:00,domingo,15,Lluvia,Humeda,Ondulado,Media ladera Izquierda,Curva Izquierda,Transito normal con precaución,13,30,1,0,1.0,Choque,no determinada,2511_0_29,13.0,0.0
Antioquia,2019-02-26 20:47:00,29,900.0,2018-12-05 05:00:00,miercoles,15,Normal,Seca y limpia,Ondulado,Media ladera Izquierda,Curva Derecha,Transito normal con precaución,21,35,0,0,0.0,Choque,no mantener distancia de seguridad,2511_0_29,21.0,0.0
Antioquia,2019-02-26 20:51:00,30,250.0,2018-12-10 05:00:00,lunes,0,Lluvia,Humeda,Ondulado,Media ladera Izquierda,Curva Derecha,Transito normal con precaución,8,30,1,0,1.0,Atropello,no determinada,2511_0_30,8.0,0.0
Antioquia,2019-02-26 20:56:00,35,150.0,2018-12-11 05:00:00,martes,10,Lluvia,Humeda,Ondulado,Media ladera Izquierda,Curva Derecha,Transito normal con precaución,12,45,1,0,1.0,Choque,no mantener distancia de seguridad,2511_0_35,12.0,0.0
Antioquia,2019-02-26 20:59:00,35,950.0,2018-12-11 05:00:00,martes,0,Lluvia,Humeda,Ondulado,Media ladera Izquierda,Curva Derecha,Parcial con reducción de carriles,11,20,2,0,2.0,Choque,maniobras imprudentes,2511_0_35,11.0,0.0
Antioquia,2019-02-26 21:19:00,45,200.0,2018-12-30 05:00:00,domingo,30,Lluvia,Humeda,Montañoso,Media ladera Izquierda,Curva Derecha,Transito normal con precaución,18,5,0,0,0.0,Choque,maniobras imprudentes,2511_0_45,17.0,1.0
Antioquia,2019-02-26 21:26:00,47,300.0,2018-12-25 05:00:00,martes,15,Normal,Seca y limpia,Montañoso,Media ladera Izquierda,Curva Derecha,Parcial con reducción de carriles,14,15,1,0,1.0,Choque,no determinada,2511_0_47,13.0,1.0
Antioquia,2019-02-27 13:22:00,48,0.0,2018-12-10 05:00:00,lunes,5,Lluvia,Humeda,Ondulado,Media ladera Izquierda,Curva Derecha,Transito normal con precaución,23,40,0,0,0.0,Choque,no determinada,2511_0_48,23.0,0.0
Antioquia,2019-02-27 13:28:00,50,100.0,2018-12-13 05:00:00,jueves,30,Normal,Seca y limpia,Montañoso,Media ladera Izquierda,Curva Derecha,Transito normal con precaución,17,50,0,0,0.0,Choque,no mantener distancia de seguridad,2511_0_50,17.0,0.0
Antioquia,2019-02-27 13:33:00,55,100.0,2018-12-12 05:00:00,miercoles,0,Lluvia,Humeda,Montañoso,Media Ladera Derecha,Curva Derecha,Transito normal con precaución,8,0,0,0,0.0,Choque,no determinada,2511_0_55,7.0,1.0
Antioquia,2019-02-27 13:40:00,55,200.0,2018-12-30 05:00:00,domingo,0,Lluvia,Humeda,Montañoso,Media ladera Izquierda,Curva Derecha,Transito normal con precaución,19,20,0,0,0.0,Choque,no determinada,2511_0_55,18.0,1.0
Antioquia,2019-02-27 13:44:00,55,350.0,2018-12-30 05:00:00,domingo,0,Lluvia,Humeda,Montañoso,Media ladera Izquierda,Curva Derecha,Parcial con reducción de carriles,17,30,1,0,1.0,Choque,no mantener distancia de seguridad,2511_0_55,16.0,1.0
Antioquia,2019-02-27 13:50:00,65,200.0,2019-02-27 05:00:00,miercoles,0,Normal,Seca y limpia,Ondulado,Media ladera Izquierda,Curva Izquierda,Parcial con reducción de carriles,14,0,0,0,0.0,Choque,no determinada,2511_0_65,14.0,0.0
Antioquia,2019-02-27 14:40:00,73,300.0,2018-12-11 05:00:00,martes,0,Normal,Seca y limpia,Montañoso,Media ladera Izquierda,Recta,Transito normal con precaución,9,30,0,0,0.0,Choque,no determinada,2511_0_73,9.0,0.0
Antioquia,2019-02-27 14:51:00,81,100.0,2018-12-07 05:00:00,viernes,0,Normal,Seca y limpia,Montañoso,Media Ladera Derecha,Curva Derecha,Transito normal con precaución,11,30,0,0,0.0,Choque,no determinada,2511_0_81,11.0,0.0
Antioquia,2019-02-27 15:21:00,119,170.0,2018-12-11 05:00:00,martes,0,Normal,Seca y limpia,Ondulado,Terraplen,Curva Izquierda,Parcial con reducción de carriles,13,20,1,0,1.0,Choque,no determinada,2511_0_119,13.0,0.0
Antioquia,2019-02-27 15:26:00,122,650.0,2018-12-07 05:00:00,viernes,0,Normal,Seca y limpia,Plano,Terraplen,Recta,Transito normal con precaución,8,40,0,0,0.0,Choque,no determinada,2511_0_122,5.0,3.0
Antioquia,2019-02-27 15:31:00,11,150.0,2018-12-26 05:00:00,miercoles,10,Normal,Seca y limpia,Plano,Terraplen,Recta,Parcial con reducción de carriles,15,30,0,0,0.0,Choque,fallas mecanicas y del sistema electrico,2512_1_11,14.0,1.0
Antioquia,2019-02-27 15:47:00,27,0.0,2018-11-20 05:00:00,martes,40,Normal,Seca y limpia,Plano,Terraplen,Recta,Transito normal con precaución,9,30,0,0,0.0,Choque,no mantener distancia de seguridad,2512_1_27,8.0,1.0
Antioquia,2019-02-27 15:59:00,32,100.0,2018-12-14 05:00:00,viernes,30,Normal,Seca y limpia,Plano,Terraplen,Recta,Parcial con reducción de carriles,7,0,1,0,1.0,Choque,no determinada,2512_1_32,4.0,3.0
Antioquia,2019-02-27 16:04:00,55,350.0,2018-12-20 05:00:00,jueves,20,Normal,Seca y limpia,Plano,Media ladera Izquierda,Curva Derecha,Parcial con reducción de carriles,19,20,1,0,1.0,Choque,condiciones de la via y factores ambientales,2512_1_55,19.0,0.0
Antioquia,2019-02-27 16:08:00,63,800.0,2018-12-29 05:00:00,sabado,0,Normal,Seca y limpia,Plano,Terraplen,Curva Derecha,Parcial con reducción de carriles,18,30,0,1,1.0,Atropello,conducta de peatones,2512_2_63,18.0,0.0
Antioquia,2019-02-27 19:04:00,79,0.0,2019-01-21 05:00:00,lunes,40,Normal,Seca y limpia,Ondulado,Media ladera Izquierda,Curva Izquierda,Transito normal con precaución,10,15,0,0,0.0,Choque,no determinada,2510_1_79,9.0,1.0
Antioquia,2019-02-27 19:07:00,80,300.0,2019-01-08 05:00:00,martes,10,Niebla,Humeda,Montañoso,Media ladera Izquierda,Curva Derecha,Transito normal con precaución,19,30,0,1,1.0,Choque,embriaguez o sustancias alucinogenas,2510_1_80,19.0,0.0
Antioquia,2019-02-27 19:15:00,80,200.0,2019-01-14 05:00:00,lunes,15,Normal,Seca y limpia,Ondulado,Media ladera Izquierda,Curva Izquierda,Transito normal con precaución,19,35,0,0,0.0,Choque,maniobras imprudentes,2510_1_80,19.0,0.0
Antioquia,2019-02-27 19:26:00,3,500.0,2019-01-24 05:00:00,jueves,30,Niebla,Humeda,Ondulado,Media ladera Izquierda,Curva Derecha,Transito normal con precaución,23,40,0,0,0.0,Choque,no determinada,2511_0_3,22.0,1.0
Antioquia,2019-02-27 19:30:00,12,800.0,2019-01-13 05:00:00,domingo,0,Normal,Seca y limpia,Ondulado,Media Ladera Derecha,Curva Izquierda,Parcial con reducción de carriles,13,0,3,1,4.0,Choque,adelantamientos indebidos,2511_0_12,13.0,0.0
Antioquia,2019-02-27 19:40:00,36,200.0,2019-01-29 05:00:00,martes,20,Lluvia,Humeda,Ondulado,Media ladera Izquierda,Curva Derecha,Transito normal con precaución,8,10,0,0,0.0,Choque,desobediencia a normas y senales,2511_0_36,7.0,1.0
Antioquia,2019-02-27 19:43:00,41,400.0,2019-01-14 05:00:00,lunes,20,Lluvia,Humeda,Montañoso,Media ladera Izquierda,Curva Derecha,Transito normal con precaución,14,0,0,0,0.0,Choque,adelantamientos indebidos,2511_0_41,13.0,1.0
Antioquia,2019-02-27 19:48:00,42,500.0,2019-01-05 05:00:00,sabado,40,Lluvia,Humeda,Montañoso,Media ladera Izquierda,Curva Derecha,Transito normal con precaución,19,15,0,0,0.0,Volcamiento,fallas mecanicas y del sistema electrico,2511_0_42,18.0,1.0
Nariño,2019-02-28 16:24:00,17,937.0,2018-11-11 05:00:00,domingo,0,Normal,Otra,Montañoso,Media ladera Izquierda,Curva Derecha,Transito normal con precaución,15,0,0,0,0.0,Choque,embriaguez o sustancias alucinogenas,2502_1_17,15.0,0.0
Nariño,2019-02-28 19:45:00,33,170.0,2018-12-20 05:00:00,jueves,10,Normal,Seca y limpia,Montañoso,Media ladera Izquierda,Recta,Transito normal con precaución,13,10,0,0,0.0,Choque,no mantener distancia de seguridad,2502_1_33,13.0,0.0
Nariño,2019-02-28 19:52:00,33,170.0,2018-12-05 05:00:00,miercoles,30,Lluvia,Humeda,Plano,Cajón,Recta,Transito normal con precaución,6,30,6,0,6.0,Choque,imprudencia del conductor,2502_1_33,6.0,0.0
Nariño,2019-02-28 20:21:00,86,200.0,2018-12-16 05:00:00,domingo,30,Normal,Seca y limpia,Montañoso,Media ladera Izquierda,Curva Derecha,Transito normal con precaución,7,30,1,0,1.0,Choque,adelantamientos indebidos,2501B_1_86,7.0,0.0
Nariño,2019-02-28 20:27:00,82,500.0,2018-12-02 05:00:00,domingo,35,Normal,Seca y limpia,Montañoso,Media Ladera Derecha,Curva Izquierda,Transito normal con precaución,6,35,0,1,1.0,Choque,condiciones de la via y factores ambientales,2501B_1_82,6.0,0.0
Nariño,2019-02-28 20:36:00,87,0.0,2018-12-23 05:00:00,domingo,0,Normal,Seca y limpia,Montañoso,Media ladera Izquierda,Curva Derecha,Transito normal con precaución,11,0,0,0,0.0,Choque,no mantener distancia de seguridad,2501B_1_87,11.0,0.0
Nariño,2019-02-28 20:39:00,87,900.0,2018-12-24 05:00:00,lunes,20,Normal,Seca y limpia,Montañoso,Media ladera Izquierda,Recta,Transito normal con precaución,8,20,0,0,0.0,Choque,no mantener distancia de seguridad,2501B_1_87,8.0,0.0
Nariño,2019-02-28 20:50:00,33,500.0,2019-01-03 05:00:00,jueves,20,Normal,Seca y limpia,Plano,Media Ladera Derecha,Recta,Transito normal con precaución,16,20,4,0,4.0,Choque,no mantener distancia de seguridad,2502_1_33,16.0,0.0
Nariño,2019-02-28 21:40:00,16,200.0,2019-01-08 05:00:00,martes,0,Normal,Seca y limpia,Montañoso,Media ladera Izquierda,Curva Izquierda,Transito normal con precaución,11,0,1,0,1.0,Choque,desobediencia a normas y senales,2502_1_16,11.0,0.0
Nariño,2019-02-28 21:51:00,30,300.0,2019-01-04 05:00:00,viernes,29,Normal,Seca y limpia,Montañoso,Media ladera Izquierda,Curva Derecha,Transito normal con precaución,19,30,0,1,1.0,Atropello,conducta de peatones,2502_1_30,19.0,0.0
Nariño,2019-02-28 21:59:00,13,30.0,2019-01-18 05:00:00,viernes,45,Normal,Seca y limpia,Montañoso,Media ladera Izquierda,Curva Derecha,Transito normal con precaución,14,0,0,0,1.0,Choque,adelantamientos indebidos,2502_1_13,15.0,23.0
Nariño,2019-02-28 22:04:00,16,249.99,2019-01-20 05:00:00,domingo,8,Normal,Seca y limpia,Montañoso,Media ladera Izquierda,Curva Izquierda,Transito normal con precaución,11,8,1,0,1.0,Choque,embriaguez o sustancias alucinogenas,2502_1_16,11.0,0.0
Nariño,2019-02-28 22:08:00,20,700.0,2019-01-28 05:00:00,lunes,0,Lluvia,Humeda,Montañoso,Media ladera Izquierda,Recta,Transito normal con precaución,20,0,0,0,0.0,Choque,desobediencia a normas y senales,2502_1_20,20.0,0.0
Nariño,2019-02-28 22:12:00,14,900.0,2019-01-28 05:00:00,lunes,0,Lluvia,Humeda,Montañoso,Media ladera Izquierda,Curva Derecha,Transito normal con precaución,21,0,0,0,0.0,Choque,condiciones de la via y factores ambientales,2502_1_14,21.0,0.0
Nariño,2019-02-28 22:24:00,14,900.0,2019-01-28 05:00:00,lunes,0,Lluvia,Humeda,Montañoso,Media ladera Izquierda,Curva Derecha,Transito normal con precaución,21,9,0,0,0.0,Choque,condiciones de la via y factores ambientales,2502_1_14,21.0,0.0
Nariño,2019-03-01 13:37:00,41,800.0,2018-11-04 05:00:00,domingo,15,Viento,Seca y limpia,Escarpado,Media Ladera Derecha,Curva Izquierda,Transito normal con precaución,12,15,0,0,0.0,Choque,defectos fisicos y psiquicos,2502_1_41,12.0,0.0
Nariño,2019-03-01 13:42:00,21,950.0,2018-11-03 05:00:00,sabado,32,Lluvia,Humeda,Montañoso,Media ladera Izquierda,Recta,Cierre total,23,32,0,0,0.0,Choque,condiciones de la via y factores ambientales,2502_1_21,23.0,0.0
Nariño,2019-03-01 13:47:00,87,310.0,2018-11-19 05:00:00,lunes,14,Normal,Seca y limpia,Plano,Media ladera Izquierda,Recta,Transito normal con precaución,13,14,1,0,1.0,Choque,no mantener distancia de seguridad,2502_1_87,13.0,0.0
Nariño,2019-03-01 13:50:00,9,700.0,2018-11-18 05:00:00,domingo,30,Normal,Seca y limpia,Montañoso,Media ladera Izquierda,Curva Izquierda,Transito normal con precaución,0,30,0,0,0.0,Choque,maniobras imprudentes,2502_1_9,0.0,0.0
Nariño,2019-03-01 13:54:00,78,200.0,2018-11-21 05:00:00,miercoles,25,Normal,Seca y limpia,Ondulado,Media Ladera Derecha,Recta,Transito normal con precaución,22,27,1,0,1.0,Choque,estacionamiento y senalizacion imprudente,2502_1_78,22.0,0.0
Nariño,2019-03-01 14:00:00,14,500.0,2018-11-23 05:00:00,viernes,15,Normal,Seca y limpia,Montañoso,Media ladera Izquierda,Recta,Transito normal con precaución,11,15,0,0,0.0,Choque,fallas mecanicas y del sistema electrico,2502_1_14,11.0,0.0
Nariño,2019-03-01 14:03:00,65,100.0,2018-11-26 05:00:00,lunes,30,Lluvia,Humeda,Escarpado,Media ladera Izquierda,Curva Derecha,Transito normal con precaución,6,30,2,0,2.0,Choque,condiciones de la via y factores ambientales,2502_1_65,6.0,0.0
Nariño,2019-03-01 14:18:00,17,8.0,2018-11-29 05:00:00,jueves,20,Lluvia,Seca y limpia,Montañoso,Terraplen,Curva Derecha,Transito normal con precaución,21,20,1,0,1.0,Choque,impericia en el manejo,25NRD_1_17,21.0,0.0
Nariño,2019-03-01 19:31:00,8,500.0,2018-12-09 05:00:00,domingo,45,Normal,Seca y limpia,Ondulado,Media ladera Izquierda,Recta,Transito normal con precaución,18,45,0,0,0.0,Choque,no mantener distancia de seguridad,25NRD_1_8,18.0,0.0
Huila,2019-03-06 14:07:00,9,0.0,2019-02-24 05:00:00,domingo,0,Lluvia,Humeda,Plano,Terraplen,Recta,Parcial con reducción de carriles,22,0,1,1,2.0,Choque,embriaguez o sustancias alucinogenas,2003A_0_9,22.0,0.0
Huila,2019-03-06 14:14:00,26,900.0,2019-02-20 05:00:00,miercoles,0,Normal,Seca y limpia,Plano,Terraplen,Recta,Parcial con reducción de carriles,14,30,4,0,4.0,Choque,exceso de velocidad,2003A_0_26,14.0,0.0
Boyacá,2019-03-06 15:23:00,94,200.0,2019-02-01 05:00:00,viernes,30,Normal,Seca y limpia,Ondulado,Terraplen,Curva Derecha,Transito normal con precaución,13,30,0,0,0.0,Choque,desobediencia a normas y senales,5503_1_94,13.0,0.0
Boyacá,2019-03-06 15:27:00,120,360.0,2019-02-03 05:00:00,domingo,0,Normal,Seca y limpia,Ondulado,Media ladera Izquierda,Curva Izquierda,Transito normal con precaución,16,0,0,0,0.0,Choque,no determinada,5503_1_120,16.0,0.0
Boyacá,2019-03-06 15:31:00,45,120.0,2019-02-05 05:00:00,martes,0,Normal,Seca y limpia,Plano,Media Ladera Derecha,Recta,Transito normal con precaución,22,0,0,0,0.0,Salida de la vía sin volcarse,defectos fisicos y psiquicos,5503_1_45,22.0,0.0
Boyacá,2019-03-06 15:39:00,27,140.0,2019-02-07 05:00:00,jueves,20,Normal,Seca y limpia,Plano,Terraplen,Recta,Transito normal con precaución,10,20,0,0,0.0,Choque,maniobras imprudentes,5503_2_27,10.0,0.0
Boyacá,2019-03-06 15:41:00,100,970.0,2019-02-10 05:00:00,domingo,0,Normal,Seca y limpia,Plano,Media ladera Izquierda,Recta,Transito normal con precaución,16,0,0,0,0.0,Choque,maniobras imprudentes,5503_1_100,16.0,0.0
Boyacá,2019-03-06 15:44:00,53,520.0,2019-02-17 05:00:00,domingo,0,Lluvia,Humeda,Montañoso,Media Ladera Derecha,Curva Izquierda,Transito normal con precaución,14,0,0,0,0.0,Volcamiento,exceso de velocidad,5503_1_53,14.0,0.0
Boyacá,2019-03-06 15:47:00,17,400.0,2019-02-19 05:00:00,martes,15,Normal,Seca y limpia,Ondulado,Media ladera Izquierda,Curva Izquierda,Transito normal con precaución,7,15,0,0,0.0,Choque,no determinada,5503_1_17,7.0,0.0
Boyacá,2019-03-06 16:05:00,9,350.0,2019-02-20 05:00:00,miercoles,45,Normal,Seca y limpia,Escarpado,Media Ladera Derecha,Curva Izquierda,Cierre total,7,45,21,1,22.0,Volcamiento,no determinada,6211_1_9,7.0,0.0
Boyacá,2019-03-06 16:08:00,73,970.0,2019-02-21 05:00:00,jueves,0,Normal,Seca y limpia,Montañoso,Media Ladera Derecha,Curva Izquierda,Transito normal con precaución,5,0,0,0,0.0,Salida de la vía sin volcarse,exceso de velocidad,5503_1_73,5.0,0.0
Huila,2019-03-06 16:06:00,118,0.0,2019-02-26 05:00:00,martes,0,Normal,Seca y limpia,Plano,Terraplen,Curva Izquierda,Cierre total,13,0,0,1,1.0,Choque,adelantamientos indebidos,2002_1_118,13.0,0.0
Boyacá,2019-03-06 16:11:00,6,690.0,2019-02-28 05:00:00,jueves,20,Normal,Seca y limpia,Ondulado,Media Ladera Derecha,Curva Izquierda,Transito normal con precaución,8,20,0,0,0.0,Choque,no mantener distancia de seguridad,5503_1_6,8.0,0.0
Cauca,2019-03-06 16:11:00,4,0.0,2019-02-11 05:00:00,lunes,0,Seca,Seca y limpia,Montañoso,Media ladera Izquierda,Recta,Transito normal con precaución,20,0,0,1,1.0,Choque,no determinada,2602A_1_4,20.0,0.0
Caquetá,2019-03-07 14:00:00,51,558.0,2019-02-24 05:00:00,domingo,45,Seca,Seca y limpia,Ondulado,Terraplen,Curva Izquierda,Parcial con reducción de carriles,14,42,2,0,3.0,Choque,no determinada,6502_1_51,14.0,0.0
Nariño,2019-03-07 19:36:00,17,70.0,2019-02-17 05:00:00,domingo,0,Normal,Seca y limpia,Montañoso,Media Ladera Derecha,Curva Derecha,Transito normal con precaución,0,30,3,0,3.0,Salida de la vía sin volcarse,defectos fisicos y psiquicos,1003_1_17,17.0,7.0
Antioquia,2019-03-07 19:44:00,45,990.0,2019-01-04 05:00:00,viernes,51,Normal,Seca y limpia,Plano,Terraplen,Recta,Transito normal con precaución,17,30,0,0,0.0,Choque,no mantener distancia de seguridad,2512_1_45,16.0,1.0
Antioquia,2019-03-07 19:55:00,61,500.0,2019-03-07 05:00:00,jueves,40,Normal,Seca y limpia,Plano,Terraplen,Recta,Transito normal con precaución,18,5,1,0,1.0,Choque,no determinada,2512_1_61,17.0,1.0
Cundinamarca,2019-03-07 20:53:00,56,800.0,2019-02-15 05:00:00,viernes,50,Sol,Seca y limpia,Montañoso,Media ladera Izquierda,Recta,Parcial con paso alternado,0,10,0,0,0.0,Choque,no mantener distancia de seguridad,5008_1_56,9.0,15.0
Cundinamarca,2019-03-07 20:53:00,35,400.0,2019-02-27 05:00:00,miercoles,30,Lluvia,Humeda,Montañoso,Media ladera Izquierda,Curva Izquierda,Parcial con paso alternado,0,10,0,0,0.0,Choque,no determinada,5008_1_35,5.0,19.0
Cundinamarca,2019-03-07 20:53:00,55,700.0,2019-02-28 05:00:00,jueves,40,Normal,Seca y limpia,Montañoso,Media ladera Izquierda,Curva Derecha,Cierre total,0,30,0,0,0.0,Choque,fallas mecanicas y del sistema electrico,5008_1_55,21.0,3.0
Caquetá,2019-03-07 14:12:00,52,930.0,2019-02-20 05:00:00,miercoles,50,Seca,Seca y limpia,Plano,Terraplen,Recta,Parcial con reducción de carriles,1,0,1,0,1.0,Salida de la vía sin volcarse,no determinada,6502_1_52,15.0,10.0
Antioquia,2019-03-07 14:28:00,46,700.0,2019-01-10 05:00:00,jueves,45,Normal,Seca y limpia,Montañoso,Media ladera Izquierda,Curva Izquierda,Transito normal con precaución,11,30,0,0,0.0,Volcamiento,exceso de velocidad,2511_0_46,10.0,1.0
Caquetá,2019-03-07 14:21:00,4,610.0,2019-03-02 05:00:00,sabado,30,Seca,Seca y limpia,Ondulado,Media ladera Izquierda,Curva Derecha,Cierre total,2,30,0,1,2.0,Choque,exceso de velocidad,6502_1_4,13.0,13.0
Antioquia,2019-03-07 14:32:00,52,700.0,2019-01-06 05:00:00,domingo,20,Normal,Seca y limpia,Montañoso,Media ladera Izquierda,Curva Derecha,Parcial con reducción de carriles,20,55,3,0,3.0,Choque,no determinada,2511_0_52,20.0,0.0
Antioquia,2019-03-07 14:40:00,53,200.0,2019-01-20 05:00:00,domingo,0,Normal,Seca y limpia,Montañoso,Media ladera Izquierda,Curva Derecha,Transito normal con precaución,19,0,0,0,0.0,Choque,desobediencia a normas y senales,2511_0_53,16.0,3.0
Caquetá,2019-03-07 14:42:00,29,10.0,2019-03-05 05:00:00,martes,30,Seca,Seca y limpia,Ondulado,Media ladera Izquierda,Curva Izquierda,Transito normal con precaución,0,0,1,0,1.0,Choque,no determinada,6502_1_29,12.0,12.0
Antioquia,2019-03-07 14:46:00,55,250.0,2019-01-20 05:00:00,domingo,0,Normal,Seca y limpia,Montañoso,Media ladera Izquierda,Curva Derecha,Transito normal con precaución,15,0,0,0,0.0,Choque,no determinada,2511_0_55,14.0,1.0
Caquetá,2019-03-07 14:49:00,16,450.0,2019-03-05 05:00:00,martes,20,Lluvia,Humeda,Ondulado,Media Ladera Derecha,Curva Izquierda,Transito normal con precaución,0,0,2,0,2.0,Volcamiento,fallas mecanicas y del sistema electrico,6502_1_16,14.0,10.0
Antioquia,2019-03-07 14:48:00,55,300.0,2019-01-15 05:00:00,martes,15,Normal,Seca y limpia,Montañoso,Media ladera Izquierda,Curva Izquierda,Transito normal con precaución,9,45,0,0,0.0,Choque,no determinada,2511_0_55,9.0,0.0
Antioquia,2019-03-07 15:05:00,55,600.0,2019-03-07 05:00:00,jueves,30,Normal,Seca y limpia,Montañoso,Media ladera Izquierda,Curva Izquierda,Transito normal con precaución,6,0,0,0,0.0,Choque,no determinada,2511_0_55,2.0,4.0
Antioquia,2019-03-07 15:12:00,56,700.0,2019-01-06 05:00:00,domingo,0,Lluvia,Humeda,Montañoso,Media ladera Izquierda,Curva Izquierda,Transito normal con precaución,9,20,0,0,0.0,Choque,no mantener distancia de seguridad,2511_0_56,9.0,0.0
Antioquia,2019-03-07 15:16:00,56,800.0,2019-01-09 05:00:00,miercoles,20,Normal,Seca y limpia,Montañoso,Media ladera Izquierda,Curva Derecha,Transito normal con precaución,13,20,0,0,0.0,Choque,no mantener distancia de seguridad,2511_0_56,12.0,1.0
Antioquia,2019-03-07 15:19:00,60,300.0,2019-01-09 05:00:00,miercoles,0,Normal,Seca y limpia,Montañoso,Media ladera Izquierda,Curva Derecha,Parcial con reducción de carriles,11,30,0,1,1.0,Volcamiento,no determinada,2511_0_60,11.0,0.0
Cundinamarca,2019-03-07 15:00:00,57,800.0,2019-02-02 05:00:00,sabado,50,Sol,Seca y limpia,Montañoso,Media ladera Izquierda,Recta,Parcial con paso alternado,0,15,0,0,0.0,Choque,no mantener distancia de seguridad,5008_1_57,11.0,13.0
Cundinamarca,2019-03-07 15:00:00,34,800.0,2019-02-04 05:00:00,lunes,30,Sol,Seca y limpia,Montañoso,Media Ladera Derecha,Recta,Parcial con paso alternado,0,15,0,0,0.0,Choque,adelantamientos indebidos,5008_1_34,8.0,16.0
Cundinamarca,2019-03-07 15:00:00,62,0.0,2019-02-05 05:00:00,martes,0,Sol,Seca y limpia,Montañoso,Media Ladera Derecha,Curva Izquierda,Parcial con paso alternado,0,15,0,0,0.0,Choque,no determinada,5008_1_62,20.0,4.0
Cundinamarca,2019-03-07 15:00:00,58,750.0,2019-02-07 05:00:00,jueves,0,Lluvia,Humeda,Montañoso,Media ladera Izquierda,Recta,Parcial con paso alternado,0,15,0,0,0.0,Choque,no mantener distancia de seguridad,5008_1_58,1.0,23.0