territorial,fecha_registro,pr,distancia_pr,fecha_acc,dia_semana_acc,min_acc,condic_meteor,estado_super,terreno,secc_tip,geometria_acc,tipo_cierre,horas_cierre,min_cierre,n_heridos,n_muertos,n_victimas,clase_accidente,causa_posible,ref_loc,hora_acc,duracion_cierre_horas
Cundinamarca,2019-03-07 15:00:00,47,700.0,2019-02-08 05:00:00,viernes,13,Sol,Seca y limpia,Montañoso,Media ladera Izquierda,Curva Derecha,Parcial con paso alternado,0,15,0,0,0.0,Volcamiento,no determinada,5008_1_47,0.0,0.0
Cundinamarca,2019-03-07 15:00:00,35,700.0,2019-02-08 05:00:00,viernes,40,Sol,Seca y limpia,Montañoso,Media Ladera Derecha,Curva Derecha,Parcial con paso alternado,0,15,0,0,0.0,Choque,adelantamientos indebidos,5008_1_35,0.0,0.0
Cundinamarca,2019-03-07 15:00:00,39,0.0,2019-02-11 05:00:00,lunes,0,Lluvia,Humeda,Montañoso,Media Ladera Derecha,Recta,Parcial con paso alternado,0,15,0,0,0.0,Choque,adelantamientos indebidos,5008_1_39,23.0,1.0
Cundinamarca,2019-03-07 15:00:00,51,550.0,2019-02-12 05:00:00,martes,0,Sol,Seca y limpia,Montañoso,Media ladera Izquierda,Curva Izquierda,Parcial con paso alternado,0,15,0,0,0.0,Choque,no determinada,5008_1_51,13.0,11.0
Cundinamarca,2019-03-07 15:00:00,23,100.0,2019-02-22 05:00:00,viernes,15,Sol,Seca y limpia,Montañoso,Media ladera Izquierda,Recta,Parcial con paso alternado,0,15,0,0,0.0,Volcamiento,no determinada,5008_1_23,1.0,23.0
Antioquia,2019-03-07 16:11:00,66,930.0,2019-02-16 05:00:00,sabado,30,Normal,Seca y limpia,Ondulado,Media ladera Izquierda,Curva Izquierda,Parcial con reducción de carriles,13,10,1,0,1.0,Choque,no determinada,2511_0_66,12.0,1.0
Cundinamarca,2019-03-07 16:15:00,51,400.0,2019-02-02 05:00:00,sabado,0,Lluvia,Humeda,Montañoso,Media ladera Izquierda,Recta,Parcial con paso alternado,0,15,0,0,0.0,Choque,no mantener distancia de seguridad,5008_1_51,2.0,22.0
Antioquia,2019-03-07 16:17:00,72,0.0,2019-01-04 05:00:00,viernes,30,Normal,Seca y limpia,Montañoso,Media ladera Izquierda,Curva Izquierda,Transito normal con precaución,13,10,1,0,1.0,Choque,no mantener distancia de seguridad,2511_0_72,9.0,4.0
Cundinamarca,2019-03-07 16:15:00,52,100.0,2019-02-03 05:00:00,domingo,0,Sol,Seca y limpia,Montañoso,Media ladera Izquierda,Curva Derecha,Parcial con paso alternado,0,15,0,0,0.0,Choque,no mantener distancia de seguridad,5008_1_52,15.0,9.0
Antioquia,2019-03-07 16:21:00,76,100.0,2019-01-12 05:00:00,sabado,30,Normal,Seca y limpia,Montañoso,Media ladera Izquierda,Curva Izquierda,Transito normal con precaución,10,0,0,0,0.0,Choque,adelantamientos indebidos,2511_0_76,9.0,1.0
Antioquia,2019-03-07 16:23:00,77,350.0,2019-01-27 05:00:00,domingo,20,Normal,Seca y limpia,Montañoso,Media ladera Izquierda,Curva Izquierda,Transito normal con precaución,13,20,0,0,0.0,Choque,no determinada,2511_0_77,12.0,1.0
Antioquia,2019-03-07 16:29:00,80,900.0,2019-01-24 05:00:00,jueves,5,Normal,Seca y limpia,Ondulado,Media ladera Izquierda,Curva Izquierda,Transito normal con precaución,18,7,0,0,0.0,Choque,no determinada,2511_0_80,17.0,1.0
Antioquia,2019-03-07 16:31:00,83,600.0,2019-02-07 05:00:00,jueves,0,Normal,Seca y limpia,Ondulado,Media ladera Izquierda,Curva Izquierda,Parcial con reducción de carriles,6,30,1,0,1.0,Choque,no determinada,2511_0_83,7.0,23.0
Antioquia,2019-03-07 16:41:00,88,500.0,2019-01-07 05:00:00,lunes,30,Normal,Seca y limpia,Ondulado,Media ladera Izquierda,Curva Izquierda,Transito normal con precaución,11,30,0,0,0.0,Choque,no determinada,2511_0_88,11.0,0.0
Antioquia,2019-03-07 16:46:00,118,600.0,2019-03-07 05:00:00,jueves,30,Normal,Seca y limpia,Plano,Terraplen,Curva Izquierda,Transito normal con precaución,5,0,0,0,0.0,Choque,no determinada,2511_0_118,4.0,1.0
Nariño,2019-03-07 17:20:00,59,920.0,2019-02-05 05:00:00,martes,0,Sol,Seca y limpia,Montañoso,Media ladera Izquierda,Curva Derecha,Transito normal con precaución,1,0,0,0,0.0,Volcamiento,exceso de velocidad,2501A_0_59,11.0,14.0
Nariño,2019-03-07 17:46:00,90,512.0,2019-02-15 05:00:00,viernes,30,Sol,Seca y limpia,Ondulado,Cajón,Recta,Parcial con paso alternado,0,0,0,0,1.0,Choque,imprudencia del conductor,2501A_0_90,8.0,16.0
Nariño,2019-03-07 17:54:00,75,20.0,2019-02-16 05:00:00,sabado,30,Normal,Seca y limpia,Montañoso,Media ladera Izquierda,Curva Derecha,Transito normal con precaución,0,30,0,1,1.0,Choque,exceso de velocidad,2501A_0_75,19.0,5.0
Sucre,2019-03-08 13:16:00,33,600.0,2019-02-07 05:00:00,jueves,49,Seca,Seca y limpia,Plano,Terraplen,Recta,Parcial con reducción de carriles,16,0,2,0,2.0,Choque,maniobras imprudentes,9004_1_33,15.0,1.0
Sucre,2019-03-08 13:21:00,70,500.0,2019-02-10 05:00:00,domingo,10,Seca,Seca y limpia,Plano,Terraplen,Recta,Transito normal con precaución,8,19,1,0,1.0,Choque,desobediencia a normas y senales,9004_1_70,8.0,0.0
Sucre,2019-03-08 13:23:00,86,200.0,2019-02-04 05:00:00,lunes,5,Seca,Seca y limpia,Plano,Terraplen,Recta,Transito normal con precaución,14,20,0,0,0.0,Choque,defectos fisicos y psiquicos,9004_1_86,14.0,0.0
Caquetá,2019-03-08 17:18:00,50,527.0,2019-02-05 05:00:00,martes,10,Seca,Seca y limpia,Plano,Media Ladera Derecha,Recta,Transito normal con precaución,0,0,3,0,3.0,Choque,embriaguez o sustancias alucinogenas,6502_1_50,1.0,23.0
Caquetá,2019-03-08 19:57:00,63,400.0,2019-02-07 05:00:00,jueves,19,Lluvia,Humeda,Ondulado,Media ladera Izquierda,Curva Derecha,Transito normal con precaución,0,0,0,0,0.0,Choque,desobediencia a normas y senales,2003A_0_63,20.0,4.0
Caquetá,2019-03-08 20:05:00,20,10.0,2019-02-11 05:00:00,lunes,0,Seca,Seca y limpia,Plano,Media Ladera Derecha,Recta,Transito normal con precaución,0,0,0,0,0.0,Salida de la vía sin volcarse,no determinada,6503_1_20,0.0,0.0
Caquetá,2019-03-08 20:10:00,0,50.0,2019-02-16 05:00:00,sabado,30,Sol,Seca y limpia,Plano,Terraplen,Recta,Parcial con reducción de carriles,0,30,2,1,3.0,Choque,no determinada,6503_1_0,13.0,11.0
Putumayo,2019-03-08 21:18:00,118,900.0,2019-02-21 05:00:00,jueves,0,Lluvia,Humeda,Escarpado,Media Ladera Derecha,Curva Derecha,Transito normal con precaución,0,0,0,0,0.0,Caída de piedra,condiciones de la via y factores ambientales,1003_1_118,11.0,13.0
Planta Central,2019-03-11 15:03:00,69,300.0,2018-11-02 05:00:00,viernes,20,Normal,Seca y limpia,Plano,Media ladera Izquierda,Recta,Transito normal con precaución,4,20,0,0,0.0,Choque,no mantener distancia de seguridad,4514_2_69,4.0,0.0
Santander,2019-03-12 00:26:00,98,640.0,2019-02-03 05:00:00,domingo,40,Normal,Seca y limpia,Plano,Terraplen,Recta,Transito normal con precaución,0,0,0,0,0.0,Choque,no mantener distancia de seguridad,4511_1_98,8.0,16.0
Santander,2019-03-12 00:32:00,110,480.0,2019-02-17 05:00:00,domingo,0,Normal,Seca y limpia,Plano,Terraplen,Recta,Transito normal con precaución,0,0,0,1,1.0,Caída ocupante,imprudencia del conductor,4511_1_110,23.0,1.0
Santander,2019-03-12 00:37:00,115,380.0,2019-02-19 05:00:00,martes,0,Normal,Seca y limpia,Plano,Terraplen,Recta,Transito normal con precaución,0,0,0,0,0.0,Choque,adelantamientos indebidos,4511_1_115,9.0,15.0
Tolima,2019-03-13 14:37:00,44,170.0,2019-02-21 05:00:00,jueves,20,Normal,Seca y limpia,Montañoso,Media Ladera Derecha,Recta,Transito normal con precaución,17,20,0,0,0.0,Choque,no mantener distancia de seguridad,4003_1_44,17.0,0.0
Santander,2019-03-12 00:42:00,117,500.0,2019-02-27 05:00:00,miercoles,0,Normal,Seca y limpia,Plano,Cajón,Recta,Transito normal con precaución,0,15,0,0,0.0,Choque,imprudencia del conductor,4511_1_117,15.0,9.0
Santander,2019-03-12 00:45:00,1,500.0,2019-02-27 05:00:00,miercoles,45,Normal,Seca y limpia,Ondulado,Terraplen,Recta,Transito normal con precaución,0,0,0,0,0.0,Choque,imprudencia del conductor,4513_1_1,8.0,16.0
Santander,2019-03-12 00:48:00,21,800.0,2019-02-21 05:00:00,jueves,10,Normal,Seca y limpia,Ondulado,Terraplen,Recta,Transito normal con precaución,0,0,0,0,0.0,Choque,defectos fisicos y psiquicos,4513_1_21,17.0,7.0
Santander,2019-03-12 00:52:00,47,800.0,2019-02-16 05:00:00,sabado,30,Normal,Seca y limpia,Plano,Terraplen,Recta,Transito normal con precaución,0,45,2,1,3.0,Choque,maniobras imprudentes,4513_1_47,13.0,11.0
Santander,2019-03-12 01:16:00,48,900.0,2019-02-16 05:00:00,sabado,30,Normal,Seca y limpia,Plano,Terraplen,Recta,Transito normal con precaución,0,55,2,1,3.0,Choque,adelantamientos indebidos,4513_1_48,13.0,11.0
Santander,2019-03-12 01:19:00,78,0.0,2019-02-01 05:00:00,viernes,30,Normal,Seca y limpia,Plano,Terraplen,Recta,Transito normal con precaución,0,0,0,0,0.0,Choque,defectos fisicos y psiquicos,4513_1_78,15.0,9.0
Santander,2019-03-12 01:22:00,85,100.0,2019-02-19 05:00:00,martes,0,Normal,Seca y limpia,Plano,Terraplen,Recta,Transito normal con precaución,0,45,0,1,1.0,Choque,estacionamiento y senalizacion imprudente,4513_1_85,21.0,3.0
Santander,2019-03-12 01:26:00,86,0.0,2019-02-20 05:00:00,miercoles,30,Normal,Humeda,Plano,Terraplen,Recta,Transito normal con precaución,0,0,0,0,0.0,Volcamiento,fallas mecanicas y del sistema electrico,4513_1_86,2.0,22.0
Cauca,2019-03-12 20:03:00,88,400.0,2019-02-07 05:00:00,jueves,20,Sol,Seca y limpia,Montañoso,Media Ladera Derecha,Recta,Parcial con paso alternado,0,0,1,0,1.0,Volcamiento,exceso de velocidad,2503_0_88,9.0,15.0
Cauca,2019-03-12 20:11:00,80,700.0,2019-02-08 05:00:00,viernes,15,Sol,Seca y limpia,Montañoso,Media ladera Izquierda,Curva Derecha,Transito normal con precaución,0,0,3,0,3.0,Salida de la vía sin volcarse,fallas mecanicas y del sistema electrico,2503_0_80,12.0,12.0
Tolima,2019-03-13 14:40:00,43,200.0,2019-02-28 05:00:00,jueves,20,Normal,Seca y limpia,Montañoso,Media Ladera Derecha,Curva Derecha,Transito normal con precaución,6,20,0,0,0.0,Choque,maniobras imprudentes,4003_1_43,6.0,0.0
Cauca,2019-03-12 20:18:00,119,100.0,2019-02-14 05:00:00,jueves,0,Normal,Seca y limpia,Ondulado,Media Ladera Derecha,Recta,Parcial con paso alternado,1,30,0,2,2.0,Otro,adelantamientos indebidos,2503_0_119,19.0,6.0
Cauca,2019-03-12 20:24:00,17,320.0,2019-02-15 05:00:00,viernes,0,Normal,Seca y limpia,Plano,Terraplen,Curva Derecha,Transito normal con precaución,0,0,1,0,1.0,Otro,defectos fisicos y psiquicos,2503_0_17,5.0,19.0
Cauca,2019-03-12 20:36:00,4,920.0,2019-02-24 05:00:00,domingo,0,Sol,Seca y limpia,Plano,Terraplen,Curva Derecha,Transito normal con precaución,0,0,0,0,0.0,Otro,exceso de velocidad,2503_0_4,15.0,9.0
Cauca,2019-03-12 20:43:00,40,120.0,2019-02-26 05:00:00,martes,30,Sol,Seca y limpia,Montañoso,Media Ladera Derecha,Curva Izquierda,Parcial con paso alternado,2,30,0,0,0.0,Volcamiento,defectos fisicos y psiquicos,2503_0_40,15.0,11.0
Cauca,2019-03-12 20:51:00,76,480.0,2019-02-27 05:00:00,miercoles,30,Sol,Seca y limpia,Montañoso,Media ladera Izquierda,Curva Izquierda,Parcial con paso alternado,0,45,0,0,0.0,Choque,imprudencia del conductor,2503_0_76,7.0,17.0
Cauca,2019-03-12 20:57:00,2,150.0,2019-02-27 05:00:00,miercoles,15,Sol,Seca y limpia,Ondulado,Media ladera Izquierda,Recta,Parcial con paso alternado,0,50,1,0,1.0,Choque,imprudencia del conductor,25CCB_1_2,10.0,14.0
Tolima,2019-03-13 13:59:00,38,700.0,2019-02-01 05:00:00,viernes,50,Normal,Seca y limpia,Montañoso,Media Ladera Derecha,Curva Izquierda,Transito normal con precaución,11,50,0,0,0.0,Otro,imprudencia del conductor,4003_1_38,11.0,0.0
Tolima,2019-03-13 13:59:00,28,400.0,2019-02-02 05:00:00,sabado,40,Normal,Seca y limpia,Montañoso,Media ladera Izquierda,Curva Derecha,Transito normal con precaución,3,40,0,0,0.0,Choque,desobediencia a normas y senales,4003_1_28,3.0,0.0
Tolima,2019-03-13 14:06:00,39,100.0,2019-02-02 05:00:00,sabado,30,Normal,Seca y limpia,Montañoso,Media Ladera Derecha,Recta,Transito normal con precaución,2,30,0,0,0.0,Choque,maniobras imprudentes,4003_1_39,2.0,0.0
Tolima,2019-03-13 14:10:00,41,260.0,2019-02-03 05:00:00,domingo,0,Normal,Seca y limpia,Montañoso,Media Ladera Derecha,Curva Izquierda,Transito normal con precaución,14,0,0,0,0.0,Choque,no mantener distancia de seguridad,4003_1_41,14.0,0.0
Tolima,2019-03-13 14:13:00,30,300.0,2019-02-08 05:00:00,viernes,40,Lluvia,Humeda,Montañoso,Media ladera Izquierda,Recta,Transito normal con precaución,17,40,0,0,0.0,Choque,no mantener distancia de seguridad,4003_1_30,17.0,0.0
Tolima,2019-03-13 14:16:00,33,900.0,2019-02-15 05:00:00,viernes,10,Normal,Seca y limpia,Montañoso,Terraplen,Recta,Transito normal con precaución,23,10,0,0,0.0,Choque,adelantamientos indebidos,4003_1_33,23.0,0.0
Tolima,2019-03-13 14:20:00,46,500.0,2019-02-17 05:00:00,domingo,10,Normal,Seca y limpia,Montañoso,Media Ladera Derecha,Recta,Transito normal con precaución,0,10,1,0,1.0,Choque,maniobras imprudentes,4003_1_46,0.0,0.0
Tolima,2019-03-13 14:34:00,38,960.0,2019-02-21 05:00:00,jueves,50,Normal,Seca y limpia,Montañoso,Media Ladera Derecha,Curva Derecha,Transito normal con precaución,5,50,0,0,0.0,Choque,no mantener distancia de seguridad,4003_1_38,5.0,0.0
Tolima,2019-03-13 14:43:00,22,650.0,2019-02-19 05:00:00,martes,40,Normal,Seca y limpia,Escarpado,Media Ladera Derecha,Curva Derecha,Transito normal con precaución,19,40,0,0,0.0,Volcamiento,maniobras imprudentes,5007_1_22,19.0,0.0
Tolima,2019-03-13 14:48:00,24,50.0,2019-02-23 05:00:00,sabado,10,Lluvia,Humeda,Escarpado,Media ladera Izquierda,Curva Derecha,Transito normal con precaución,5,10,0,0,0.0,Volcamiento,condiciones de la via y factores ambientales,5007_1_24,5.0,0.0
Tolima,2019-03-13 14:51:00,15,600.0,2019-02-24 05:00:00,domingo,30,Lluvia,Humeda,Escarpado,Media ladera Izquierda,Curva Derecha,Transito normal con precaución,9,30,0,0,0.0,Choque,condiciones de la via y factores ambientales,5007_1_15,9.0,0.0
Caquetá,2019-03-14 14:03:00,17,910.0,2019-03-12 05:00:00,martes,40,Seca,Seca y limpia,Plano,Terraplen,Recta,Transito normal con precaución,0,0,1,0,2.0,Choque,no determinada,6502_1_17,6.0,18.0
Boyacá,2019-03-14 20:53:00,50,200.0,2019-01-26 05:00:00,sabado,45,Seca,Seca y limpia,Montañoso,Media Ladera Derecha,Recta,Transito normal con precaución,1,10,0,0,0.0,Choque,no determinada,6008_0_50,8.0,17.0
Boyacá,2019-03-14 22:22:00,6,370.0,2019-02-11 05:00:00,lunes,45,Normal,Seca y limpia,Ondulado,Media Ladera Derecha,Curva Derecha,Cierre total,1,30,0,1,1.0,Choque,exceso de velocidad,6009_1_6,5.0,20.0
Boyacá,2019-03-14 22:29:00,37,770.0,2019-02-25 05:00:00,lunes,0,Lluvia,Humeda,Ondulado,Terraplen,Curva Izquierda,Transito normal con precaución,0,0,2,0,2.0,Volcamiento,no mantener distancia de seguridad,6008_0_37,16.0,8.0
Boyacá,2019-03-14 22:33:00,38,308.0,2019-02-28 05:00:00,jueves,10,Seca,Seca y limpia,Ondulado,Terraplen,Recta,Transito normal con precaución,0,0,0,0,0.0,Salida de la vía sin volcarse,fallas mecanicas y del sistema electrico,6008_0_38,8.0,16.0
Meta,2019-03-15 13:40:00,85,150.0,2019-02-02 05:00:00,sabado,10,Normal,Seca y limpia,Montañoso,Media Ladera Derecha,Curva Izquierda,Transito normal con precaución,0,0,4,0,4.0,Choque,embriaguez o sustancias alucinogenas,40MTA_0_85,20.0,4.0
Nariño,2019-03-18 19:24:00,48,410.0,2019-02-03 05:00:00,domingo,30,Normal,Seca y limpia,Montañoso,Media ladera Izquierda,Curva Derecha,Transito normal con precaución,4,30,3,0,3.0,Otro,exceso de velocidad,2501B_1_48,4.0,0.0
Guajira,2019-03-18 21:28:00,11,100.0,2019-02-02 05:00:00,sabado,10,Normal,Seca y limpia,Plano,Terraplen,Recta,Transito normal con precaución,0,0,3,0,3.0,Volcamiento,exceso de velocidad,8801_1_11,2.0,22.0
Guajira,2019-03-18 21:32:00,23,300.0,2019-02-10 05:00:00,domingo,35,Normal,Seca y limpia,Plano,Terraplen,Recta,Transito normal con precaución,0,0,0,0,1.0,Choque,maniobras imprudentes,8801_1_23,17.0,7.0
Guajira,2019-03-18 21:34:00,26,180.0,2019-02-21 05:00:00,jueves,10,Normal,Seca y limpia,Plano,Terraplen,Recta,Transito normal con precaución,0,0,0,0,1.0,Choque,maniobras imprudentes,8801_1_26,17.0,7.0
Guajira,2019-03-18 21:37:00,30,0.0,2019-02-24 05:00:00,domingo,30,Normal,Seca y limpia,Plano,Terraplen,Recta,Transito normal con precaución,0,0,0,0,1.0,Choque,conducta de pasajeros,4902_1_30,21.0,3.0
Guajira,2019-03-18 21:39:00,36,900.0,2019-02-10 05:00:00,domingo,45,Normal,Seca y limpia,Plano,Terraplen,Recta,Transito normal con precaución,0,0,0,1,3.0,Choque,embriaguez o sustancias alucinogenas,4902_1_36,5.0,19.0
Boyacá,2019-03-18 21:40:00,37,700.0,2019-03-16 05:00:00,sabado,30,Seca,Seca y limpia,Montañoso,Media ladera Izquierda,Curva Derecha,Transito normal con precaución,3,0,1,0,2.0,Choque,maniobras imprudentes,6404_0_37,6.0,21.0
Caquetá,2019-03-18 19:33:00,19,280.0,2019-03-16 05:00:00,sabado,10,Seca,Seca y limpia,Plano,Media ladera Izquierda,Curva Derecha,Transito normal con precaución,0,0,0,0,1.0,Choque,condiciones de la via y factores ambientales,6502_1_19,20.0,4.0
Nariño,2019-03-18 19:35:00,23,790.0,2019-02-08 05:00:00,viernes,0,Lluvia,Humeda,Montañoso,Media Ladera Derecha,Curva Izquierda,Transito normal con precaución,3,0,0,1,2.0,Choque,imprudencia del conductor,1702_0_23,3.0,0.0
Nariño,2019-03-19 14:29:00,0,0.0,2018-12-18 05:00:00,martes,30,Seca,Seca y limpia,Plano,Terraplen,Recta,Transito normal con precaución,0,0,0,0,0.0,Choque,adelantamientos indebidos,1001_0_0,6.0,18.0
Nariño,2019-03-19 14:35:00,2,800.0,2018-12-07 05:00:00,viernes,10,Seca,Seca y limpia,Plano,Terraplen,Recta,Transito normal con precaución,0,0,0,1,2.0,Choque,exceso de velocidad,1001_0_2,16.0,8.0
Nariño,2019-03-19 14:41:00,8,500.0,2018-12-23 05:00:00,domingo,40,Seca,Seca y limpia,Plano,Terraplen,Recta,Transito normal con precaución,0,0,0,1,1.0,Choque,exceso de velocidad,1001_0_8,3.0,21.0
Nariño,2019-03-19 14:43:00,65,0.0,2018-12-24 05:00:00,lunes,10,Seca,Seca y limpia,Plano,Terraplen,Recta,Transito normal con precaución,0,0,0,0,0.0,Choque,impericia en el manejo,1001_0_65,11.0,13.0
Nariño,2019-03-19 14:47:00,2,150.0,2019-01-08 05:00:00,martes,40,Seca,Seca y limpia,Plano,Terraplen,Recta,Transito normal con precaución,0,0,0,0,0.0,Choque,no mantener distancia de seguridad,1001_0_2,11.0,13.0
Boyacá,2019-03-19 13:44:00,3,0.0,2019-02-01 05:00:00,viernes,50,Normal,Seca y limpia,Ondulado,Cajón,Curva Derecha,Transito normal con precaución,6,50,0,0,0.0,Choque,adelantamientos indebidos,45ABYB_0_3,6.0,0.0
Boyacá,2019-03-19 15:29:00,54,900.0,2019-02-02 05:00:00,sabado,40,Normal,Seca y limpia,Plano,Terraplen,Curva Derecha,Transito normal con precaución,5,40,3,0,3.0,Choque,adelantamientos indebidos,45A05_1_54,5.0,0.0
Antioquia,2019-03-19 19:17:00,62,400.0,2019-02-02 05:00:00,sabado,0,Normal,Seca y limpia,Plano,Media ladera Izquierda,Curva Izquierda,Transito normal con precaución,9,15,0,0,0.0,Choque,adelantamientos indebidos,2510_1_62,21.0,12.0
Nariño,2019-03-19 19:26:00,68,100.0,2019-02-14 05:00:00,jueves,10,Seca,Seca y limpia,Plano,Terraplen,Curva Izquierda,Transito normal con precaución,0,0,0,1,2.0,Choque,exceso de velocidad,1001_0_68,16.0,8.0
Antioquia,2019-03-19 19:27:00,70,50.0,2019-02-02 05:00:00,sabado,40,Normal,Seca y limpia,Ondulado,Media ladera Izquierda,Curva Izquierda,Parcial con reducción de carriles,17,10,0,1,1.0,Choque,adelantamientos indebidos,2510_1_70,16.0,1.0
Nariño,2019-03-19 19:30:00,72,100.0,2019-02-17 05:00:00,domingo,10,Lluvia,Humeda,Plano,Terraplen,Recta,Transito normal con precaución,0,0,0,1,1.0,Choque,exceso de velocidad,1001_0_72,20.0,4.0
Antioquia,2019-03-19 19:33:00,78,800.0,2019-02-28 05:00:00,jueves,10,Lluvia,Humeda,Montañoso,Media ladera Izquierda,Curva Derecha,Transito normal con precaución,15,20,2,0,2.0,Choque,embriaguez o sustancias alucinogenas,2510_1_78,15.0,0.0
Nariño,2019-03-19 19:33:00,8,982.0,2019-02-18 05:00:00,lunes,40,Seca,Seca y limpia,Plano,Terraplen,Recta,Transito normal con precaución,0,0,0,1,1.0,Caída ocupante,no determinada,1001_0_8,1.0,23.0
Boyacá,2019-03-19 16:00:00,17,200.0,2019-02-09 05:00:00,sabado,30,Normal,Seca y limpia,Plano,Terraplen,Recta,Transito normal con precaución,6,30,1,0,1.0,Choque,desobediencia a normas y senales,45A05_1_17,6.0,0.0
Boyacá,2019-03-19 16:04:00,17,500.0,2019-02-10 05:00:00,domingo,30,Normal,Seca y limpia,Plano,Terraplen,Recta,Transito normal con precaución,17,30,0,0,0.0,Choque,desobediencia a normas y senales,45A05_1_17,17.0,0.0
Nariño,2019-03-19 19:36:00,33,51.0,2019-02-18 05:00:00,lunes,0,Seca,Seca y limpia,Plano,Terraplen,Recta,Transito normal con precaución,0,0,0,1,1.0,Choque,no determinada,1001_0_33,16.0,8.0
Antioquia,2019-03-19 19:37:00,80,300.0,2019-02-26 05:00:00,martes,20,Normal,Seca y limpia,Ondulado,Media ladera Izquierda,Curva Izquierda,Parcial con reducción de carriles,22,45,1,0,1.0,Volcamiento,no determinada,2510_1_80,22.0,0.0
Nariño,2019-03-19 19:39:00,71,300.0,2019-02-22 05:00:00,viernes,0,Seca,Seca y limpia,Plano,Terraplen,Recta,Transito normal con precaución,0,0,0,0,2.0,Choque,exceso de velocidad,1001_0_71,19.0,5.0
Antioquia,2019-03-19 19:40:00,82,200.0,2019-02-22 05:00:00,viernes,50,Lluvia,Humeda,Ondulado,Media ladera Izquierda,Curva Izquierda,Transito normal con precaución,11,10,0,0,0.0,Volcamiento,no determinada,2510_1_82,10.0,1.0
Antioquia,2019-03-19 19:43:00,85,650.0,2019-02-19 05:00:00,martes,30,Normal,Seca y limpia,Ondulado,Terraplen,Curva Derecha,Parcial con reducción de carriles,6,0,1,0,1.0,Choque,no mantener distancia de seguridad,2510_1_85,5.0,1.0
Antioquia,2019-03-19 19:47:00,74,250.0,2019-02-27 05:00:00,miercoles,10,Lluvia,Humeda,Ondulado,Media ladera Izquierda,Curva Izquierda,Transito normal con precaución,11,50,0,0,0.0,Choque,desobediencia a normas y senales,2510_1_74,11.0,0.0
Nariño,2019-03-19 19:48:00,5,0.0,2019-02-24 05:00:00,domingo,21,Seca,Seca y limpia,Plano,Terraplen,Recta,Transito normal con precaución,0,0,0,1,1.0,Atropello,exceso de velocidad,1001_0_5,21.0,3.0
Antioquia,2019-03-19 19:50:00,15,600.0,2019-02-10 05:00:00,domingo,35,Lluvia,Humeda,Ondulado,Media ladera Izquierda,Curva Derecha,Transito normal con precaución,18,45,0,0,0.0,Choque,exceso de velocidad,2511_0_15,18.0,0.0
Nariño,2019-03-19 19:51:00,15,150.0,2019-02-26 05:00:00,martes,15,Seca,Seca y limpia,Plano,Terraplen,Recta,Transito normal con precaución,0,0,0,1,2.0,Choque,exceso de velocidad,1001_0_15,13.0,11.0
Antioquia,2019-03-19 19:52:00,17,550.0,2019-02-04 05:00:00,lunes,30,Normal,Seca y limpia,Plano,Terraplen,Recta,Transito normal con precaución,12,10,0,0,0.0,Volcamiento,fallas mecanicas y del sistema electrico,2511_0_17,11.0,1.0
Antioquia,2019-03-19 19:57:00,19,500.0,2019-02-26 05:00:00,martes,40,Normal,Seca y limpia,Montañoso,Media ladera Izquierda,Curva Derecha,Transito normal con precaución,7,10,0,0,0.0,Choque,condiciones de la via y factores ambientales,2511_0_19,6.0,1.0
Antioquia,2019-03-19 20:04:00,25,600.0,2019-02-20 05:00:00,miercoles,0,Normal,Seca y limpia,Ondulado,Media ladera Izquierda,Curva Derecha,Transito normal con precaución,6,28,0,0,0.0,Choque,defectos fisicos y psiquicos,2511_0_25,6.0,0.0
Antioquia,2019-03-19 20:14:00,28,650.0,2019-02-12 05:00:00,martes,30,Lluvia,Humeda,Ondulado,Media ladera Izquierda,Curva Derecha,Parcial con reducción de carriles,12,40,1,0,1.0,Choque,no determinada,2511_0_28,12.0,0.0
Antioquia,2019-03-19 20:19:00,37,700.0,2019-02-17 05:00:00,domingo,30,Lluvia,Humeda,Ondulado,Media ladera Izquierda,Recta,Transito normal con precaución,18,0,1,0,1.0,Choque,adelantamientos indebidos,2511_0_37,17.0,1.0
Antioquia,2019-03-19 20:23:00,50,400.0,2019-02-12 05:00:00,martes,30,Normal,Seca y limpia,Montañoso,Media ladera Izquierda,Curva Derecha,Transito normal con precaución,20,45,0,0,0.0,Choque,no mantener distancia de seguridad,2511_0_50,19.0,1.0
Antioquia,2019-03-19 20:28:00,50,950.0,2019-02-16 05:00:00,sabado,30,Normal,Seca y limpia,Montañoso,Media ladera Izquierda,Curva Izquierda,Transito normal con precaución,2,10,0,0,0.0,Choque,no determinada,2511_0_50,1.0,1.0
Antioquia,2019-03-19 20:33:00,54,300.0,2019-02-05 05:00:00,martes,0,Normal,Seca y limpia,Montañoso,Media ladera Izquierda,Curva Derecha,Transito normal con precaución,10,0,0,0,0.0,Choque,no mantener distancia de seguridad,2511_0_54,10.0,0.0
Antioquia,2019-03-19 20:38:00,55,380.0,2019-02-14 05:00:00,jueves,50,Normal,Seca y limpia,Montañoso,Media ladera Izquierda,Curva Derecha,Transito normal con precaución,7,50,0,0,0.0,Choque,no mantener distancia de seguridad,2511_0_55,6.0,1.0
Antioquia,2019-03-19 20:41:00,59,740.0,2019-02-04 05:00:00,lunes,0,Normal,Seca y limpia,Montañoso,Media ladera Izquierda,Curva Derecha,Transito normal con precaución,8,30,0,0,0.0,Choque,no determinada,2511_0_59,1.0,7.0