territorial,fecha_registro,pr,distancia_pr,fecha_acc,dia_semana_acc,min_acc,condic_meteor,estado_super,terreno,secc_tip,geometria_acc,tipo_cierre,horas_cierre,min_cierre,n_heridos,n_muertos,n_victimas,clase_accidente,causa_posible,ref_loc,hora_acc,duracion_cierre_horas
Antioquia,2019-03-19 20:44:00,65,200.0,2019-02-08 05:00:00,viernes,30,Normal,Seca y limpia,Montañoso,Media ladera Izquierda,Curva Izquierda,Parcial con reducción de carriles,7,0,0,1,1.0,Atropello,no determinada,2511_0_65,5.0,2.0
Antioquia,2019-03-19 20:50:00,76,130.0,2019-02-14 05:00:00,jueves,15,Normal,Seca y limpia,Montañoso,Media ladera Izquierda,Curva Izquierda,Transito normal con precaución,10,40,0,0,0.0,Choque,no determinada,2511_0_76,10.0,0.0
Nariño,2019-03-19 20:55:00,71,800.0,2018-11-16 05:00:00,viernes,20,Seca,Seca y limpia,Plano,Terraplen,Recta,Transito normal con precaución,0,0,0,1,2.0,Atropello,exceso de velocidad,1001_0_71,19.0,5.0
Antioquia,2019-03-19 20:56:00,76,160.0,2019-02-14 05:00:00,jueves,15,Lluvia,Humeda,Montañoso,Media ladera Izquierda,Curva Izquierda,Parcial con reducción de carriles,20,10,0,0,0.0,Volcamiento,fallas mecanicas y del sistema electrico,2511_0_76,19.0,1.0
Nariño,2019-03-19 20:57:00,19,900.0,2018-11-25 05:00:00,domingo,30,Lluvia,Humeda,Plano,Terraplen,Recta,Transito normal con precaución,0,0,0,1,1.0,Atropello,exceso de velocidad,1001_0_19,12.0,12.0
Antioquia,2019-03-19 21:00:00,79,400.0,2019-02-09 05:00:00,sabado,30,Normal,Seca y limpia,Montañoso,Media ladera Izquierda,Curva Derecha,Transito normal con precaución,12,0,0,0,0.0,Otro,no mantener distancia de seguridad,2511_0_79,11.0,1.0
Nariño,2019-03-19 21:02:00,42,250.0,2018-11-27 05:00:00,martes,30,Lluvia,Humeda,Plano,Terraplen,Recta,Transito normal con precaución,0,0,0,1,2.0,No determinado,no determinada,1001_0_42,6.0,18.0
Antioquia,2019-03-19 21:05:00,82,0.0,2019-02-08 05:00:00,viernes,40,Normal,Seca y limpia,Ondulado,Media ladera Izquierda,Curva Derecha,Transito normal con precaución,22,45,0,0,0.0,Volcamiento,no determinada,2511_0_82,9.0,13.0
Antioquia,2019-03-19 21:09:00,101,200.0,2019-02-20 05:00:00,miercoles,0,Normal,Seca y limpia,Montañoso,Media ladera Izquierda,Curva Izquierda,Cierre total,8,0,3,2,5.0,Choque,maniobras imprudentes,2511_0_101,20.0,12.0
Antioquia,2019-03-19 21:13:00,119,900.0,2019-02-13 05:00:00,miercoles,20,Normal,Seca y limpia,Plano,Terraplen,Recta,Transito normal con precaución,15,50,0,0,0.0,Choque,no mantener distancia de seguridad,2511_0_119,15.0,0.0
Antioquia,2019-03-19 21:16:00,120,0.0,2019-02-09 05:00:00,sabado,0,Normal,Seca y limpia,Plano,Terraplen,Recta,Parcial con reducción de carriles,14,17,0,1,1.0,Atropello,no determinada,2511_0_120,13.0,1.0
Antioquia,2019-03-19 21:20:00,120,800.0,2019-02-02 05:00:00,sabado,30,Normal,Seca y limpia,Plano,Terraplen,Curva Izquierda,Transito normal con precaución,7,20,0,0,0.0,Choque,no determinada,2511_0_120,4.0,3.0
Antioquia,2019-03-19 21:23:00,28,850.0,2019-02-26 05:00:00,martes,50,Normal,Seca y limpia,Plano,Terraplen,Recta,Transito normal con precaución,13,10,1,0,1.0,Choque,desobediencia a normas y senales,2512_1_28,12.0,1.0
Nariño,2019-03-19 21:26:00,61,800.0,2019-02-01 05:00:00,viernes,30,Normal,Seca y limpia,Montañoso,Media Ladera Derecha,Recta,Transito normal con precaución,10,30,1,0,1.0,Atropello,conducta de peatones,2502_1_61,10.0,0.0
Antioquia,2019-03-19 21:28:00,28,900.0,2019-02-26 05:00:00,martes,0,Normal,Seca y limpia,Plano,Terraplen,Recta,Parcial con reducción de carriles,11,50,1,0,1.0,Choque,no determinada,2512_1_28,10.0,1.0
Antioquia,2019-03-19 21:33:00,46,400.0,2019-02-15 05:00:00,viernes,0,Normal,Seca y limpia,Plano,Terraplen,Curva Izquierda,Transito normal con precaución,5,0,0,0,0.0,Choque,no mantener distancia de seguridad,2512_1_46,3.0,2.0
Antioquia,2019-03-19 21:36:00,53,300.0,2019-02-17 05:00:00,domingo,50,Normal,Seca y limpia,Plano,Terraplen,Curva Izquierda,Transito normal con precaución,9,50,0,0,0.0,Choque,adelantamientos indebidos,2512_1_53,9.0,0.0
Boyacá,2019-03-19 20:21:00,58,700.0,2019-02-10 05:00:00,domingo,40,Normal,Seca y limpia,Plano,Media ladera Izquierda,Recta,Transito normal con precaución,9,40,2,0,2.0,Choque,desobediencia a normas y senales,45A05_1_58,9.0,0.0
Nariño,2019-03-19 21:39:00,16,550.0,2019-02-13 05:00:00,miercoles,30,Normal,Seca y limpia,Montañoso,Media ladera Izquierda,Curva Izquierda,Cierre total,10,30,0,0,0.0,Choque,exceso de velocidad,2502_1_16,10.0,0.0
Nariño,2019-03-19 21:59:00,67,300.0,2019-02-16 05:00:00,sabado,30,Normal,Seca y limpia,Montañoso,Media ladera Izquierda,Recta,Transito normal con precaución,9,30,0,0,0.0,Choque,adelantamientos indebidos,2502_1_67,9.0,0.0
Boyacá,2019-03-19 21:57:00,19,200.0,2019-02-12 05:00:00,martes,0,Lluvia,Humeda,Plano,Terraplen,Recta,Transito normal con precaución,18,0,0,0,0.0,Salida de la vía sin volcarse,desobediencia a normas y senales,45A05_1_19,18.0,0.0
Nariño,2019-03-19 22:06:00,26,940.0,2019-02-17 05:00:00,domingo,40,Normal,Seca y limpia,Montañoso,Media ladera Izquierda,Curva Izquierda,Transito normal con precaución,20,40,0,0,0.0,Choque,no determinada,2502_1_26,20.0,0.0
Nariño,2019-03-19 22:12:00,10,0.0,2019-02-19 05:00:00,martes,45,Normal,Seca y limpia,Montañoso,Media ladera Izquierda,Curva Derecha,Transito normal con precaución,4,45,0,0,0.0,Choque,no mantener distancia de seguridad,2502_1_10,4.0,0.0
Nariño,2019-03-19 22:32:00,16,910.0,2019-03-20 05:00:00,miercoles,5,Normal,Seca y limpia,Montañoso,Media ladera Izquierda,Recta,Transito normal con precaución,20,5,0,0,0.0,Choque,adelantamientos indebidos,2502_1_16,20.0,0.0
Boyacá,2019-03-19 22:36:00,30,900.0,2019-02-13 05:00:00,miercoles,0,Normal,Seca y limpia,Plano,Terraplen,Recta,Parcial con reducción de carriles,12,0,1,1,2.0,Choque,no determinada,45A05_1_30,12.0,0.0
Nariño,2019-03-19 22:43:00,10,500.0,2019-02-21 05:00:00,jueves,0,Normal,Seca y limpia,Montañoso,Media ladera Izquierda,Recta,Transito normal con precaución,17,0,0,0,0.0,Caída ocupante,condiciones de la via y factores ambientales,2502_1_10,17.0,0.0
Boyacá,2019-03-19 22:45:00,7,500.0,2019-02-16 05:00:00,sabado,40,Normal,Seca y limpia,Plano,Media ladera Izquierda,Curva Izquierda,Transito normal con precaución,17,40,0,0,0.0,Choque,maniobras imprudentes,45A05_1_7,17.0,0.0
Nariño,2019-03-19 22:49:00,88,500.0,2019-02-27 05:00:00,miercoles,15,Lluvia,Humeda,Montañoso,Media ladera Izquierda,Recta,Transito normal con precaución,6,15,0,0,0.0,Choque,no mantener distancia de seguridad,2502_1_88,6.0,0.0
Boyacá,2019-03-19 22:50:00,16,900.0,2019-02-17 05:00:00,domingo,0,Lluvia,Humeda,Plano,Media ladera Izquierda,Recta,Transito normal con precaución,21,0,0,0,0.0,Choque,no mantener distancia de seguridad,45A05_1_16,21.0,0.0
Nariño,2019-03-19 22:54:00,17,30.0,2019-02-28 05:00:00,jueves,0,Normal,Seca y limpia,Montañoso,Media ladera Izquierda,Recta,Transito normal con precaución,7,0,0,0,0.0,Choque,defectos fisicos y psiquicos,2502_1_17,7.0,0.0
Boyacá,2019-03-19 22:55:00,63,900.0,2019-02-18 05:00:00,lunes,50,Normal,Seca y limpia,Plano,Terraplen,Recta,Transito normal con precaución,15,50,0,0,0.0,Volcamiento,maniobras imprudentes,45A05_1_63,15.0,0.0
Boyacá,2019-03-19 22:59:00,76,0.0,2019-02-24 05:00:00,domingo,10,Normal,Seca y limpia,Ondulado,Media ladera Izquierda,Curva Izquierda,Transito normal con precaución,10,10,0,0,0.0,Volcamiento,maniobras imprudentes,45A05_1_76,10.0,0.0
Boyacá,2019-03-19 23:03:00,76,20.0,2019-02-26 05:00:00,martes,30,Normal,Seca y limpia,Ondulado,Media ladera Izquierda,Curva Izquierda,Transito normal con precaución,4,30,2,0,2.0,Choque,no mantener distancia de seguridad,45A05_1_76,4.0,0.0
Cesar,2019-03-21 11:58:00,47,700.0,2019-02-09 05:00:00,sabado,0,Seca,Seca y limpia,Plano,Terraplen,Recta,Transito normal con precaución,17,0,3,0,3.0,Choque,no mantener distancia de seguridad,4901_1_47,17.0,0.0
Cesar,2019-03-21 11:58:00,42,250.0,2019-02-09 05:00:00,sabado,10,Seca,Seca y limpia,Plano,Terraplen,Curva Derecha,Transito normal con precaución,20,10,1,0,4.0,Choque,adelantamientos indebidos,4901_1_42,20.0,0.0
Cesar,2019-03-21 12:18:00,2,250.0,2019-02-14 05:00:00,jueves,40,Seca,Seca y limpia,Plano,Terraplen,Recta,Transito normal con precaución,5,40,0,1,1.0,Choque,desobediencia a normas y senales,4901_1_2,5.0,0.0
Cesar,2019-03-21 12:24:00,137,700.0,2019-02-16 05:00:00,sabado,0,Seca,Seca y limpia,Plano,Terraplen,Curva Izquierda,Transito normal con precaución,4,0,0,1,1.0,Choque,embriaguez o sustancias alucinogenas,4901_1_137,4.0,0.0
Cesar,2019-03-21 12:31:00,4,500.0,2019-02-24 05:00:00,domingo,10,Normal,Seca y limpia,Plano,Terraplen,Recta,Transito normal con precaución,19,10,0,0,0.0,Choque,no mantener distancia de seguridad,4901_1_4,19.0,0.0
Planta Central,2019-03-22 18:42:00,82,600.0,2019-11-15 05:00:00,viernes,0,Seca,Seca y limpia,Plano,Terraplen,Curva Derecha,Transito normal con precaución,15,0,0,0,0.0,Choque,no mantener distancia de seguridad,4515_1_82,15.0,0.0
Planta Central,2019-03-22 18:42:00,7,500.0,2019-11-21 05:00:00,jueves,0,Seca,Seca y limpia,Plano,Terraplen,Recta,Transito normal con precaución,15,0,0,0,0.0,Choque,adelantamientos indebidos,4515_2_7,15.0,0.0
Planta Central,2019-03-22 18:42:00,7,690.0,2018-11-21 05:00:00,miercoles,0,Seca,Seca y limpia,Plano,Terraplen,Curva Derecha,Transito normal con precaución,11,0,0,0,1.0,Choque,maniobras imprudentes,4515_1_7,11.0,0.0
Planta Central,2019-03-22 18:59:00,27,300.0,2018-11-26 05:00:00,lunes,10,Seca,Seca y limpia,Plano,Terraplen,Curva Izquierda,Transito normal con precaución,17,10,1,0,1.0,Choque,no mantener distancia de seguridad,4515_1_27,17.0,0.0
Planta Central,2019-03-22 21:24:00,18,0.0,2018-12-02 05:00:00,domingo,30,Normal,Seca y limpia,Plano,Terraplen,Recta,Transito normal con precaución,2,30,0,0,0.0,Incendio,fallas mecanicas y del sistema electrico,4515_1_18,2.0,0.0
Planta Central,2019-03-22 18:59:00,78,850.0,2018-11-27 05:00:00,martes,40,Normal,Seca y limpia,Plano,Terraplen,Recta,Transito normal con precaución,13,40,0,0,1.0,Choque,impericia en el manejo,4515_1_78,13.0,0.0
Planta Central,2019-03-22 18:59:00,28,600.0,2018-11-28 05:00:00,miercoles,40,Normal,Seca y limpia,Plano,Terraplen,Recta,Transito normal con precaución,13,40,0,0,0.0,Choque,no mantener distancia de seguridad,4515_2_28,13.0,0.0
Planta Central,2019-03-22 21:04:00,81,200.0,2018-11-28 05:00:00,miercoles,30,Normal,Seca y limpia,Plano,Terraplen,Curva Derecha,Transito normal con precaución,6,30,0,0,0.0,Volcamiento,imprudencia del conductor,4515_1_81,6.0,0.0
Santander,2019-03-25 17:42:00,121,235.0,2019-02-14 05:00:00,jueves,50,Normal,Seca y limpia,Montañoso,Media ladera Izquierda,Curva Izquierda,Parcial restringido a vehiculos pesados,2,0,0,1,1.0,Choque,no mantener distancia de seguridad,45A06_0_121,5.0,21.0
Planta Central,2019-03-22 21:04:00,43,500.0,2018-12-01 05:00:00,sabado,0,Normal,Seca y limpia,Plano,Terraplen,Curva Derecha,Transito normal con precaución,16,0,2,0,2.0,Choque,no mantener distancia de seguridad,4515_1_43,16.0,0.0
Planta Central,2019-03-22 21:31:00,82,850.0,2018-12-04 05:00:00,martes,30,Normal,Seca y limpia,Plano,Terraplen,Recta,Transito normal con precaución,16,30,0,0,0.0,Choque,no mantener distancia de seguridad,4515_1_82,16.0,0.0
Planta Central,2019-03-22 21:36:00,83,200.0,2018-12-05 05:00:00,miercoles,0,Normal,Seca y limpia,Plano,Terraplen,Recta,Transito normal con precaución,10,0,0,0,0.0,Choque,no mantener distancia de seguridad,4515_1_83,10.0,0.0
Planta Central,2019-03-22 21:36:00,27,150.0,2018-12-07 05:00:00,viernes,40,Normal,Seca y limpia,Plano,Terraplen,Recta,Transito normal con precaución,4,40,1,1,2.0,Choque,adelantamientos indebidos,4515_1_27,4.0,0.0
Planta Central,2019-03-22 21:36:00,81,300.0,2018-12-13 05:00:00,jueves,30,Normal,Seca y limpia,Plano,Terraplen,Curva Izquierda,Transito normal con precaución,13,30,0,0,2.0,Choque,estacionamiento y senalizacion imprudente,4515_1_81,13.0,0.0
Planta Central,2019-03-22 21:36:00,46,500.0,2018-12-18 05:00:00,martes,30,Normal,Seca y limpia,Plano,Terraplen,Recta,Transito normal con precaución,15,30,0,0,2.0,Volcamiento,defectos fisicos y psiquicos,4515_2_46,15.0,0.0
Planta Central,2019-03-22 21:36:00,53,0.0,2018-12-21 05:00:00,viernes,30,Normal,Seca y limpia,Plano,Terraplen,Recta,Transito normal con precaución,11,30,0,0,2.0,Volcamiento,fallas mecanicas y del sistema electrico,4515_2_53,11.0,0.0
Planta Central,2019-03-22 21:27:00,57,220.0,2018-11-06 05:00:00,martes,0,Normal,Seca y limpia,Ondulado,Cajón,Recta,Transito normal con precaución,9,30,0,0,0.0,Volcamiento,fallas mecanicas y del sistema electrico,4514_1_57,9.0,0.0
Planta Central,2019-03-22 22:05:00,3,100.0,2018-12-22 05:00:00,sabado,45,Normal,Seca y limpia,Plano,Terraplen,Recta,Transito normal con precaución,17,45,1,1,2.0,Choque,impericia en el manejo,4515_2_3,17.0,0.0
Santander,2019-03-25 17:53:00,118,0.0,2019-02-14 05:00:00,jueves,30,Normal,Seca y limpia,Montañoso,Media ladera Izquierda,Curva Derecha,Parcial restringido a vehiculos pesados,2,30,1,0,1.0,Choque,imprudencia del conductor,45A06_0_118,15.0,11.0
Planta Central,2019-03-22 22:05:00,78,0.0,2018-12-22 05:00:00,sabado,20,Normal,Seca y limpia,Plano,Terraplen,Recta,Transito normal con precaución,18,20,0,0,2.0,Choque,no mantener distancia de seguridad,4515_1_78,18.0,0.0
Planta Central,2019-03-22 22:20:00,64,700.0,2018-12-26 05:00:00,miercoles,20,Normal,Seca y limpia,Plano,Terraplen,Recta,Transito normal con precaución,10,20,0,0,0.0,Volcamiento,imprudencia del conductor,4515_1_64,10.0,0.0
Planta Central,2019-03-22 22:20:00,72,0.0,2018-12-29 05:00:00,sabado,58,Normal,Seca y limpia,Plano,Terraplen,Recta,Transito normal con precaución,1,0,0,0,0.0,Choque,no mantener distancia de seguridad,4515_1_72,12.0,13.0
Planta Central,2019-03-22 22:20:00,79,0.0,2018-11-29 05:00:00,jueves,30,Normal,Seca y limpia,Plano,Terraplen,Recta,Transito normal con precaución,11,30,0,0,0.0,Choque,no mantener distancia de seguridad,4515_1_79,11.0,0.0
Planta Central,2019-03-22 22:20:00,82,50.0,2018-11-29 05:00:00,jueves,10,Normal,Seca y limpia,Plano,Terraplen,Recta,Transito normal con precaución,8,10,0,0,0.0,Choque,imprudencia del conductor,4515_1_82,8.0,0.0
Planta Central,2019-03-22 22:20:00,82,850.0,2018-11-29 05:00:00,jueves,30,Normal,Seca y limpia,Plano,Terraplen,Recta,Transito normal con precaución,10,30,0,0,0.0,Choque,no mantener distancia de seguridad,4515_1_82,10.0,0.0
Planta Central,2019-03-22 22:40:00,74,500.0,2019-03-30 05:00:00,sabado,50,Normal,Seca y limpia,Plano,Terraplen,Recta,Transito normal con precaución,1,0,0,0,0.0,Choque,no mantener distancia de seguridad,4515_1_74,12.0,13.0
Planta Central,2019-03-22 22:40:00,82,0.0,2019-01-01 05:00:00,martes,20,Normal,Seca y limpia,Plano,Terraplen,Recta,Cierre total,14,20,0,0,0.0,Choque,maniobras imprudentes,4515_1_82,14.0,0.0
Planta Central,2019-03-22 22:40:00,78,500.0,2019-01-03 05:00:00,jueves,5,Normal,Seca y limpia,Plano,Terraplen,Recta,Transito normal con precaución,14,10,0,0,0.0,Choque,no mantener distancia de seguridad,4515_1_78,14.0,0.0
Santander,2019-03-25 23:01:00,87,628.0,2019-02-14 05:00:00,jueves,30,Seca,Seca y limpia,Montañoso,Cajón,Curva Izquierda,Parcial restringido a vehiculos pesados,2,0,0,0,0.0,Choque,no mantener distancia de seguridad,45A06_0_87,21.0,5.0
Planta Central,2019-03-22 23:23:00,80,850.0,2019-01-03 05:00:00,jueves,30,Normal,Seca y limpia,Plano,Terraplen,Recta,Transito normal con precaución,12,30,0,0,0.0,Choque,no mantener distancia de seguridad,4515_1_80,12.0,0.0
Planta Central,2019-03-22 23:23:00,57,524.0,2019-01-04 05:00:00,viernes,30,Normal,Seca y limpia,Plano,Terraplen,Recta,Transito normal con precaución,5,30,0,1,1.0,Choque,condiciones de la via y factores ambientales,4515_1_57,5.0,0.0
Planta Central,2019-03-22 23:23:00,2,200.0,2019-01-06 05:00:00,domingo,25,Normal,Seca y limpia,Plano,Terraplen,Recta,Transito normal con precaución,16,30,0,0,1.0,Choque,no mantener distancia de seguridad,4515_2_2,16.0,0.0
Planta Central,2019-03-22 23:23:00,26,170.0,2019-01-08 05:00:00,martes,40,Lluvia,Humeda,Plano,Terraplen,Recta,Transito normal con precaución,2,40,0,0,1.0,Choque,condiciones de la via y factores ambientales,4515_1_26,2.0,0.0
Planta Central,2019-03-22 23:23:00,69,450.0,2019-01-13 05:00:00,domingo,35,Normal,Seca y limpia,Plano,Terraplen,Recta,Transito normal con precaución,11,35,0,0,1.0,Choque,no mantener distancia de seguridad,4515_1_69,11.0,0.0
Planta Central,2019-03-22 23:23:00,60,660.0,2019-01-14 05:00:00,lunes,30,Normal,Seca y limpia,Plano,Terraplen,Recta,Transito normal con precaución,18,30,0,0,1.0,Choque,condiciones de la via y factores ambientales,4515_1_60,18.0,0.0
Planta Central,2019-03-22 23:23:00,3,690.0,2019-01-15 05:00:00,martes,0,Normal,Seca y limpia,Plano,Terraplen,Recta,Transito normal con precaución,9,0,0,0,1.0,Choque,adelantamientos indebidos,4515_2_3,9.0,0.0
Planta Central,2019-03-22 23:23:00,29,0.0,2019-01-17 05:00:00,jueves,30,Normal,Seca y limpia,Plano,Terraplen,Recta,Transito normal con precaución,19,30,0,0,1.0,Choque,no mantener distancia de seguridad,4515_2_29,19.0,0.0
Planta Central,2019-03-22 23:23:00,34,540.0,2019-01-18 05:00:00,viernes,30,Normal,Seca y limpia,Plano,Terraplen,Recta,Transito normal con precaución,7,30,0,0,1.0,Choque,condiciones de la via y factores ambientales,4515_1_34,7.0,0.0
Planta Central,2019-03-22 23:23:00,6,0.0,2019-01-20 05:00:00,domingo,0,Normal,Seca y limpia,Plano,Terraplen,Recta,Parcial con paso alternado,15,0,0,0,1.0,Choque,fallas mecanicas y del sistema electrico,4515_2_6,15.0,0.0
Planta Central,2019-03-22 23:23:00,87,300.0,2019-01-22 05:00:00,martes,5,Normal,Seca y limpia,Plano,Terraplen,Recta,Transito normal con precaución,19,5,0,1,2.0,Choque,maniobras imprudentes,4515_1_87,19.0,0.0
Planta Central,2019-03-22 23:23:00,62,450.0,2019-01-23 05:00:00,miercoles,30,Normal,Seca y limpia,Plano,Terraplen,Recta,Transito normal con precaución,22,30,0,1,3.0,Choque,estacionamiento y senalizacion imprudente,4515_1_62,22.0,0.0
Planta Central,2019-03-22 23:23:00,80,600.0,2019-01-27 05:00:00,domingo,0,Normal,Seca y limpia,Plano,Terraplen,Recta,Transito normal con precaución,15,0,0,0,3.0,Choque,no mantener distancia de seguridad,4515_1_80,15.0,0.0
Planta Central,2019-03-22 23:23:00,28,700.0,2019-01-27 05:00:00,domingo,30,Normal,Seca y limpia,Plano,Terraplen,Recta,Transito normal con precaución,9,30,1,0,4.0,Choque,no mantener distancia de seguridad,4515_2_28,9.0,0.0
Planta Central,2019-03-23 00:23:00,6,0.0,2019-01-09 05:00:00,miercoles,40,Normal,Seca y limpia,Plano,Terraplen,Recta,Transito normal con precaución,19,40,0,0,0.0,Choque,no mantener distancia de seguridad,4515_2_6,19.0,0.0
Planta Central,2019-03-23 00:28:00,82,900.0,2019-01-03 05:00:00,jueves,0,Normal,Seca y limpia,Plano,Terraplen,Recta,Transito normal con precaución,10,0,0,0,0.0,Choque,no mantener distancia de seguridad,4515_1_82,10.0,0.0
Planta Central,2019-03-23 00:31:00,26,918.0,2018-12-23 05:00:00,domingo,4,Normal,Seca y limpia,Plano,Terraplen,Recta,Transito normal con precaución,15,10,0,0,0.0,Choque,no mantener distancia de seguridad,4515_1_26,15.0,0.0
Santander,2019-03-25 17:08:00,117,720.0,2019-02-04 05:00:00,lunes,30,Seca,Seca y limpia,Montañoso,Media ladera Izquierda,Curva Izquierda,Parcial con paso alternado,4,0,0,0,0.0,Volcamiento,exceso de velocidad,45A06_0_117,7.0,21.0
Santander,2019-03-25 17:08:00,24,0.0,2019-02-06 05:00:00,miercoles,30,Seca,Seca y limpia,Montañoso,Media ladera Izquierda,Recta,Transito normal con precaución,0,0,0,0,0.0,Choque,exceso de velocidad,45A06_0_24,6.0,18.0
Santander,2019-03-25 17:27:00,7,0.0,2019-02-07 05:00:00,jueves,40,Seca,Seca y limpia,Ondulado,Media Ladera Derecha,Recta,Parcial restringido a vehiculos pesados,2,0,0,0,0.0,Choque,conducta de pasajeros,45A06_0_7,0.0,2.0
Santander,2019-03-25 17:42:00,72,180.0,2019-02-10 05:00:00,domingo,0,Seca,Seca y limpia,Ondulado,Terraplen,Recta,Parcial restringido a vehiculos pesados,2,0,1,0,1.0,Choque,no mantener distancia de seguridad,45A06_0_72,20.0,6.0
Santander,2019-03-25 23:01:00,96,275.0,2019-02-14 05:00:00,jueves,45,Normal,Seca y limpia,Montañoso,Cajón,Curva Derecha,Parcial con paso alternado,3,0,0,1,1.0,Choque,maniobras imprudentes,45A06_0_96,5.0,22.0
Santander,2019-03-25 23:01:00,92,700.0,2019-02-19 05:00:00,martes,0,Seca,Seca y limpia,Ondulado,Terraplen,Curva Derecha,Parcial restringido a vehiculos pesados,2,0,0,0,1.0,Choque,exceso de velocidad,45A06_0_92,8.0,18.0
Santander,2019-03-25 23:01:00,71,480.0,2019-02-02 05:00:00,sabado,0,Seca,Seca y limpia,Montañoso,Media ladera Izquierda,Curva Derecha,Cierre total,4,0,0,0,1.0,Volcamiento,exceso de velocidad,45A07_1_71,6.0,22.0
Santander,2019-03-25 23:01:00,89,400.0,2019-02-06 05:00:00,miercoles,30,Normal,Seca y limpia,Plano,Terraplen,Recta,Cierre total,2,30,0,1,11.0,Choque,embriaguez o sustancias alucinogenas,45A07_1_89,20.0,6.0
Santander,2019-03-25 23:01:00,63,800.0,2019-02-07 05:00:00,jueves,30,Normal,Seca y limpia,Montañoso,Media ladera Izquierda,Curva Izquierda,Parcial restringido a vehiculos pesados,2,0,0,0,11.0,Volcamiento,exceso de velocidad,45A07_1_63,10.0,16.0
Santander,2019-03-25 23:01:00,63,800.0,2019-02-10 05:00:00,domingo,0,Normal,Seca y limpia,Montañoso,Media ladera Izquierda,Curva Izquierda,Parcial restringido a vehiculos pesados,1,0,0,0,11.0,Choque,imprudencia del conductor,45A07_1_63,13.0,12.0
Santander,2019-03-25 23:01:00,42,400.0,2019-02-13 05:00:00,miercoles,25,Normal,Seca y limpia,Montañoso,Media Ladera Derecha,Curva Derecha,Parcial restringido a vehiculos pesados,1,0,0,0,11.0,Choque,adelantamientos indebidos,45A07_1_42,5.0,20.0
Santander,2019-03-25 23:01:00,7,466.0,2019-02-19 05:00:00,martes,0,Normal,Seca y limpia,Montañoso,Media ladera Izquierda,Curva Izquierda,Parcial restringido a vehiculos pesados,1,0,0,0,11.0,Volcamiento,exceso de velocidad,45A07_1_7,6.0,19.0
Santander,2019-03-25 23:01:00,36,700.0,2019-02-19 05:00:00,martes,55,Lluvia,Humeda,Montañoso,Media Ladera Derecha,Curva Izquierda,Parcial restringido a vehiculos pesados,1,30,0,0,11.0,Choque,impericia en el manejo,45A07_1_36,20.0,5.0
Santander,2019-03-25 23:01:00,65,300.0,2019-02-19 05:00:00,martes,30,Lluvia,Humeda,Montañoso,Media ladera Izquierda,Curva Derecha,Parcial restringido a vehiculos pesados,2,0,1,0,12.0,Choque,exceso de velocidad,45A07_1_65,8.0,18.0
Santander,2019-03-25 23:01:00,27,890.0,2019-02-21 05:00:00,jueves,45,Normal,Seca y limpia,Montañoso,Media ladera Izquierda,Curva Izquierda,Parcial restringido a vehiculos pesados,2,0,0,0,12.0,Choque,imprudencia del conductor,45A07_1_27,13.0,13.0
Santander,2019-03-25 23:01:00,76,900.0,2019-02-22 05:00:00,viernes,45,Normal,Seca y limpia,Montañoso,Media ladera Izquierda,Curva Derecha,Parcial restringido a vehiculos pesados,2,0,0,0,12.0,Choque,exceso de velocidad,45A07_1_76,6.0,20.0
Santander,2019-03-25 23:01:00,4,600.0,2019-02-23 05:00:00,sabado,30,Normal,Seca y limpia,Montañoso,Terraplen,Curva Derecha,Parcial restringido a vehiculos pesados,1,0,0,0,12.0,Choque,no mantener distancia de seguridad,45A07_1_4,11.0,14.0
Santander,2019-03-25 23:01:00,1,400.0,2019-02-02 05:00:00,sabado,30,Seca,Seca y limpia,Plano,Terraplen,Recta,Cierre total,2,0,1,1,14.0,Choque,exceso de velocidad,45AST08_2_1,21.0,5.0
Planta Central,2019-03-26 13:02:00,83,920.0,2019-02-01 05:00:00,viernes,0,Normal,Seca y limpia,Plano,Terraplen,Recta,Transito normal con precaución,17,0,0,0,0.0,Volcamiento,maniobras imprudentes,4515_1_83,17.0,0.0
Antioquia,2019-03-26 19:29:00,67,860.0,2019-02-14 05:00:00,jueves,30,Normal,Seca y limpia,Montañoso,Media ladera Izquierda,Recta,Parcial con reducción de carriles,1,0,0,0,0.0,Choque,no determinada,2509_1_67,16.0,9.0
Planta Central,2019-03-26 13:07:00,83,0.0,2019-02-07 05:00:00,jueves,45,Normal,Seca y limpia,Plano,Terraplen,Recta,Transito normal con precaución,17,45,0,0,0.0,Choque,desobediencia a normas y senales,4515_1_83,17.0,0.0
Planta Central,2019-03-26 13:07:00,74,160.0,2019-02-09 05:00:00,sabado,50,Normal,Seca y limpia,Plano,Terraplen,Recta,Transito normal con precaución,12,50,0,1,1.0,Choque,no mantener distancia de seguridad,4515_1_74,12.0,0.0
Planta Central,2019-03-26 13:07:00,73,917.0,2019-02-12 05:00:00,martes,0,Normal,Seca y limpia,Plano,Terraplen,Recta,Transito normal con precaución,10,0,0,0,1.0,Choque,no mantener distancia de seguridad,4515_1_73,10.0,0.0