territorial,fecha_registro,pr,distancia_pr,fecha_acc,dia_semana_acc,min_acc,condic_meteor,estado_super,terreno,secc_tip,geometria_acc,tipo_cierre,horas_cierre,min_cierre,n_heridos,n_muertos,n_victimas,clase_accidente,causa_posible,ref_loc,hora_acc,duracion_cierre_horas
Planta Central,2019-03-26 13:07:00,87,0.0,2019-02-24 05:00:00,domingo,0,Normal,Seca y limpia,Plano,Terraplen,Recta,Transito normal con precaución,23,0,0,1,2.0,Choque,maniobras imprudentes,4515_1_87,23.0,0.0
Planta Central,2019-03-26 13:07:00,69,300.0,2018-11-02 05:00:00,viernes,20,Normal,Seca y limpia,Plano,Terraplen,Recta,Transito normal con precaución,4,20,0,0,2.0,Choque,no mantener distancia de seguridad,4514_2_69,4.0,0.0
Planta Central,2019-03-26 13:07:00,57,220.0,2018-11-06 05:00:00,martes,0,Normal,Seca y limpia,Plano,Terraplen,Recta,Transito normal con precaución,9,0,0,0,2.0,Volcamiento,fallas mecanicas y del sistema electrico,4514_1_57,9.0,0.0
Planta Central,2019-03-26 13:07:00,64,500.0,2018-11-09 05:00:00,viernes,0,Normal,Seca y limpia,Plano,Terraplen,Recta,Transito normal con precaución,6,0,1,0,3.0,Salida de la vía sin volcarse,adelantamientos indebidos,4514_2_64,6.0,0.0
Planta Central,2019-03-26 13:07:00,78,800.0,2018-11-09 05:00:00,viernes,20,Normal,Seca y limpia,Plano,Terraplen,Curva Izquierda,Transito normal con precaución,0,20,0,0,3.0,Choque,desobediencia a normas y senales,4514_1_78,0.0,0.0
Planta Central,2019-03-26 13:07:00,37,800.0,2018-11-12 05:00:00,lunes,0,Normal,Seca y limpia,Plano,Terraplen,Recta,Transito normal con precaución,18,0,3,0,3.0,Choque,maniobras imprudentes,4514_1_37,18.0,0.0
Antioquia,2019-03-26 19:31:00,64,761.0,2019-02-14 05:00:00,jueves,0,Normal,Seca y limpia,Montañoso,Media ladera Izquierda,Recta,Parcial con reducción de carriles,1,0,0,0,0.0,Choque,no determinada,2509_2_64,15.0,10.0
Planta Central,2019-03-26 13:57:00,96,200.0,2018-11-15 05:00:00,jueves,0,Normal,Seca y limpia,Plano,Terraplen,Recta,Transito normal con precaución,11,0,0,0,0.0,Volcamiento,desobediencia a normas y senales,4514_1_96,11.0,0.0
Planta Central,2019-03-26 13:57:00,42,400.0,2018-11-16 05:00:00,viernes,0,Normal,Seca y limpia,Plano,Terraplen,Curva Izquierda,Transito normal con precaución,15,0,0,0,0.0,Choque,no mantener distancia de seguridad,4514_1_42,15.0,0.0
Planta Central,2019-03-26 13:57:00,80,500.0,2018-11-16 05:00:00,viernes,0,Normal,Seca y limpia,Plano,Terraplen,Curva Derecha,Transito normal con precaución,16,0,0,0,0.0,Volcamiento,desobediencia a normas y senales,4514_1_80,16.0,0.0
Planta Central,2019-03-26 13:57:00,18,800.0,2018-11-18 05:00:00,domingo,15,Normal,Seca y limpia,Plano,Terraplen,Recta,Transito normal con precaución,13,15,1,0,1.0,Choque,maniobras imprudentes,4514_2_18,13.0,0.0
Planta Central,2019-03-26 13:57:00,83,400.0,2018-11-23 05:00:00,viernes,10,Normal,Seca y limpia,Plano,Terraplen,Recta,Transito normal con precaución,23,10,0,0,0.0,Choque,imprudencia del conductor,4514_2_83,23.0,0.0
Planta Central,2019-03-26 14:41:00,54,600.0,2018-11-29 05:00:00,jueves,0,Normal,Seca y limpia,Plano,Terraplen,Curva Derecha,Transito normal con precaución,19,0,0,1,1.0,Atropello,conducta de pasajeros,4514_1_54,19.0,0.0
Planta Central,2019-03-26 14:41:00,90,600.0,2018-12-01 05:00:00,sabado,0,Normal,Seca y limpia,Plano,Terraplen,Recta,Transito normal con precaución,19,0,0,0,1.0,Choque,no mantener distancia de seguridad,4514_2_90,19.0,0.0
Planta Central,2019-03-26 14:41:00,80,200.0,2018-12-02 05:00:00,domingo,25,Normal,Seca y limpia,Plano,Terraplen,Curva Derecha,Transito normal con precaución,1,25,0,2,3.0,Volcamiento,fallas mecanicas y del sistema electrico,4514_1_80,1.0,0.0
Planta Central,2019-03-26 14:41:00,55,200.0,2018-12-15 05:00:00,sabado,40,Normal,Seca y limpia,Plano,Terraplen,Curva Izquierda,Transito normal con precaución,6,40,0,0,3.0,Volcamiento,defectos fisicos y psiquicos,4514_1_55,6.0,0.0
Antioquia,2019-03-26 19:33:00,64,740.0,2019-02-14 05:00:00,jueves,50,Normal,Seca y limpia,Montañoso,Media ladera Izquierda,Recta,Parcial con reducción de carriles,1,0,0,0,0.0,Choque,no determinada,2509_1_64,17.0,8.0
Planta Central,2019-03-26 14:41:00,68,550.0,2018-12-15 05:00:00,sabado,0,Normal,Seca y limpia,Plano,Terraplen,Recta,Transito normal con precaución,10,0,0,0,3.0,Choque,desobediencia a normas y senales,4514_1_68,10.0,0.0
Planta Central,2019-03-26 14:41:00,39,900.0,2018-12-21 05:00:00,viernes,10,Normal,Seca y limpia,Plano,Terraplen,Recta,Transito normal con precaución,10,10,0,0,3.0,Choque,fallas mecanicas y del sistema electrico,4514_1_39,10.0,0.0
Planta Central,2019-03-26 14:41:00,50,0.0,2018-12-21 05:00:00,viernes,50,Normal,Seca y limpia,Plano,Terraplen,Curva Izquierda,Transito normal con precaución,16,50,0,0,3.0,Volcamiento,fallas mecanicas y del sistema electrico,4514_2_50,16.0,0.0
Planta Central,2019-03-26 14:41:00,26,850.0,2018-12-22 05:00:00,sabado,0,Normal,Seca y limpia,Plano,Terraplen,Recta,Transito normal con precaución,1,0,0,4,7.0,Choque,defectos fisicos y psiquicos,4514_1_26,1.0,0.0
Planta Central,2019-03-26 14:41:00,57,650.0,2018-12-23 05:00:00,domingo,0,Normal,Seca y limpia,Plano,Terraplen,Recta,Transito normal con precaución,8,0,0,0,7.0,Choque,maniobras imprudentes,4514_2_57,8.0,0.0
Tolima,2019-03-26 14:58:00,19,0.0,2019-01-09 05:00:00,miercoles,0,Normal,Seca y limpia,Plano,Terraplen,Recta,Parcial con reducción de carriles,9,30,0,1,1.0,Volcamiento,no determinada,3602_0_19,9.0,0.0
Planta Central,2019-03-26 15:26:00,58,300.0,2018-12-23 05:00:00,domingo,20,Normal,Seca y limpia,Plano,Terraplen,Recta,Transito normal con precaución,4,20,0,0,0.0,Choque,impericia en el manejo,4514_2_58,4.0,0.0
Tolima,2019-03-26 15:27:00,41,784.0,2018-12-30 05:00:00,domingo,0,Normal,Seca y limpia,Plano,Terraplen,Recta,Parcial con reducción de carriles,21,30,0,2,2.0,Choque,no determinada,3602_0_41,21.0,0.0
Tolima,2019-03-26 15:33:00,8,800.0,2018-12-23 05:00:00,domingo,15,Normal,Seca y limpia,Plano,Cajón,Curva Derecha,Parcial con reducción de carriles,12,45,0,3,3.0,Choque,no determinada,3603_0_8,12.0,0.0
Tolima,2019-03-26 15:37:00,30,10.0,2018-12-17 05:00:00,lunes,30,Normal,Seca y limpia,Plano,Terraplen,Recta,Parcial con reducción de carriles,17,0,1,0,1.0,Caída ocupante,no mantener distancia de seguridad,3603_0_30,16.0,1.0
Planta Central,2019-03-26 15:26:00,3,400.0,2018-12-25 05:00:00,martes,20,Normal,Seca y limpia,Plano,Terraplen,Recta,Transito normal con precaución,19,20,0,1,1.0,Atropello,maniobras imprudentes,4514_1_3,19.0,0.0
Tolima,2019-03-26 15:41:00,43,500.0,2018-12-31 05:00:00,lunes,10,Normal,Seca y limpia,Plano,Terraplen,Recta,Parcial con reducción de carriles,15,20,1,0,1.0,Caída ocupante,no determinada,4507_1_43,15.0,0.0
Planta Central,2019-03-26 15:26:00,70,0.0,2018-12-30 05:00:00,domingo,30,Normal,Seca y limpia,Plano,Terraplen,Recta,Transito normal con precaución,11,30,0,0,1.0,Choque,maniobras imprudentes,4514_1_70,11.0,0.0
Tolima,2019-03-26 15:45:00,43,530.0,2018-12-06 05:00:00,jueves,40,Normal,Seca y limpia,Plano,Terraplen,Recta,Parcial con reducción de carriles,21,50,2,0,2.0,Caída ocupante,no determinada,4507_1_43,21.0,0.0
Planta Central,2019-03-26 15:26:00,69,0.0,2019-01-03 05:00:00,jueves,45,Normal,Seca y limpia,Plano,Terraplen,Recta,Transito normal con precaución,19,45,0,0,1.0,Choque,no mantener distancia de seguridad,4514_2_69,19.0,0.0
Tolima,2019-03-26 15:48:00,43,600.0,2019-02-09 05:00:00,sabado,45,Normal,Seca y limpia,Plano,Terraplen,Recta,Parcial con reducción de carriles,14,55,1,0,1.0,Caída ocupante,no determinada,4507_1_43,14.0,0.0
Antioquia,2019-03-26 18:22:00,39,950.0,2019-01-03 05:00:00,jueves,40,Sol,Seca y limpia,Montañoso,Media ladera Izquierda,Recta,Parcial con reducción de carriles,1,0,4,2,6.0,Choque,maniobras imprudentes,6003_1_39,9.0,16.0
Antioquia,2019-03-26 18:22:00,64,750.0,2019-02-03 05:00:00,domingo,20,Normal,Seca y limpia,Montañoso,Media ladera Izquierda,Recta,Parcial con reducción de carriles,1,0,1,0,7.0,Choque,maniobras imprudentes,2509_1_64,8.0,17.0
Antioquia,2019-03-26 18:40:00,64,760.0,2019-02-03 05:00:00,domingo,10,Normal,Seca y limpia,Montañoso,Media ladera Izquierda,Recta,Parcial con reducción de carriles,1,0,0,0,0.0,Choque,maniobras imprudentes,2509_1_64,12.0,13.0
Antioquia,2019-03-26 18:40:00,67,100.0,2019-02-04 05:00:00,lunes,40,Normal,Seca y limpia,Montañoso,Media ladera Izquierda,Recta,Parcial con reducción de carriles,1,0,0,0,0.0,Choque,no determinada,2509_1_67,18.0,7.0
Antioquia,2019-03-26 18:40:00,65,350.0,2019-02-06 05:00:00,miercoles,10,Normal,Seca y limpia,Montañoso,Media ladera Izquierda,Recta,Parcial con reducción de carriles,1,0,1,0,1.0,Choque,no mantener distancia de seguridad,2509_1_65,13.0,12.0
Antioquia,2019-03-26 19:03:00,94,751.0,2019-02-07 05:00:00,jueves,30,Normal,Seca y limpia,Montañoso,Media ladera Izquierda,Recta,Parcial con reducción de carriles,1,0,0,0,0.0,Choque,maniobras imprudentes,6003_1_94,19.0,6.0
Antioquia,2019-03-26 19:15:00,68,70.0,2019-02-07 05:00:00,jueves,30,Lluvia,Humeda,Montañoso,Media ladera Izquierda,Recta,Parcial con reducción de carriles,1,0,1,0,1.0,Choque,no determinada,2509_2_68,15.0,10.0
Antioquia,2019-03-26 19:17:00,71,240.0,2019-02-08 05:00:00,viernes,0,Normal,Seca y limpia,Montañoso,Media ladera Izquierda,Recta,Parcial con reducción de carriles,1,0,0,0,0.0,Choque,no determinada,2509_1_71,16.0,9.0
Antioquia,2019-03-26 19:19:00,71,600.0,2019-02-08 05:00:00,viernes,30,Normal,Seca y limpia,Montañoso,Media ladera Izquierda,Recta,Parcial con reducción de carriles,1,0,1,0,1.0,Choque,no determinada,2509_2_71,17.0,8.0
Antioquia,2019-03-26 19:22:00,70,300.0,2019-02-11 05:00:00,lunes,40,Normal,Seca y limpia,Montañoso,Media ladera Izquierda,Recta,Parcial con reducción de carriles,1,0,0,0,0.0,Choque,no determinada,2509_1_70,17.0,8.0
Antioquia,2019-03-26 19:24:00,69,100.0,2019-02-11 05:00:00,lunes,40,Normal,Seca y limpia,Montañoso,Media ladera Izquierda,Recta,Parcial con reducción de carriles,1,0,0,0,0.0,Choque,no determinada,2509_2_69,17.0,8.0
Antioquia,2019-03-26 19:26:00,67,750.0,2019-02-11 05:00:00,lunes,15,Normal,Seca y limpia,Montañoso,Media ladera Izquierda,Recta,Parcial con reducción de carriles,1,0,0,0,0.0,Choque,no determinada,2509_2_67,5.0,20.0
Antioquia,2019-03-26 19:35:00,64,701.0,2019-02-15 05:00:00,viernes,20,Normal,Seca y limpia,Montañoso,Media ladera Izquierda,Recta,Parcial con reducción de carriles,1,0,0,0,0.0,Choque,no mantener distancia de seguridad,2509_2_64,17.0,8.0
Antioquia,2019-03-26 19:38:00,68,80.0,2019-02-16 05:00:00,sabado,50,Normal,Seca y limpia,Montañoso,Media ladera Izquierda,Recta,Parcial con reducción de carriles,1,0,0,0,0.0,Choque,no determinada,2509_2_68,11.0,14.0
Antioquia,2019-03-26 19:44:00,67,850.0,2019-02-17 05:00:00,domingo,10,Normal,Seca y limpia,Montañoso,Media ladera Izquierda,Recta,Parcial con reducción de carriles,1,0,1,0,1.0,Choque,no determinada,2509_2_67,16.0,9.0
Antioquia,2019-03-26 19:47:00,71,601.0,2019-02-19 05:00:00,martes,50,Normal,Seca y limpia,Montañoso,Media ladera Izquierda,Recta,Parcial con reducción de carriles,0,30,0,0,0.0,Choque,no determinada,2509_2_71,16.0,8.0
Antioquia,2019-03-26 19:49:00,69,500.0,2019-02-19 05:00:00,martes,0,Normal,Seca y limpia,Montañoso,Media ladera Izquierda,Recta,Parcial con reducción de carriles,0,30,0,0,0.0,Choque,no determinada,2509_1_69,7.0,17.0
Antioquia,2019-03-26 19:52:00,7,490.0,2019-02-20 05:00:00,miercoles,35,Normal,Material suelto,Montañoso,Media ladera Izquierda,Curva Izquierda,Transito normal con precaución,1,0,1,1,2.0,Volcamiento,desobediencia a normas y senales,6003_1_7,10.0,15.0
Antioquia,2019-03-26 19:56:00,94,400.0,2019-02-20 05:00:00,miercoles,40,Normal,Seca y limpia,Montañoso,Media Ladera Derecha,Recta,Parcial con reducción de carriles,1,0,0,0,0.0,Choque,no mantener distancia de seguridad,6003_1_94,12.0,13.0
Antioquia,2019-03-26 19:58:00,64,680.0,2019-02-20 05:00:00,miercoles,50,Normal,Seca y limpia,Montañoso,Media ladera Izquierda,Recta,Parcial con reducción de carriles,1,0,0,0,0.0,Choque,no determinada,2509_2_64,12.0,13.0
Antioquia,2019-03-26 20:00:00,65,340.0,2019-02-22 05:00:00,viernes,45,Normal,Seca y limpia,Montañoso,Media ladera Izquierda,Curva Izquierda,Parcial con reducción de carriles,1,0,1,0,1.0,Atropello,conducta de peatones,2509_1_65,17.0,8.0
Antioquia,2019-03-26 20:04:00,64,700.0,2019-02-22 05:00:00,viernes,30,Normal,Seca y limpia,Montañoso,Media ladera Izquierda,Curva Derecha,Parcial con reducción de carriles,0,30,1,0,1.0,Choque,maniobras imprudentes,2509_1_64,14.0,10.0
Antioquia,2019-03-26 20:07:00,94,750.0,2019-02-24 05:00:00,domingo,30,Normal,Seca y limpia,Montañoso,Media ladera Izquierda,Recta,Parcial con reducción de carriles,0,30,1,0,1.0,Choque,no determinada,6003_1_94,10.0,14.0
Antioquia,2019-03-26 20:10:00,27,0.0,2019-02-25 05:00:00,lunes,30,Normal,Seca y limpia,Montañoso,Media ladera Izquierda,Curva Izquierda,Parcial con reducción de carriles,0,30,2,0,2.0,Caída ocupante,fallas mecanicas y del sistema electrico,6003_1_27,16.0,8.0
Antioquia,2019-03-26 20:16:00,64,380.0,2019-02-27 05:00:00,miercoles,50,Lluvia,Humeda,Montañoso,Media ladera Izquierda,Recta,Parcial con reducción de carriles,0,30,1,0,1.0,Choque,no determinada,2509_2_64,6.0,18.0
Planta Central,2019-03-26 15:26:00,84,900.0,2019-01-03 05:00:00,jueves,20,Normal,Seca y limpia,Plano,Terraplen,Recta,Transito normal con precaución,13,20,0,0,1.0,Choque,maniobras imprudentes,4514_1_84,13.0,0.0
Planta Central,2019-03-26 15:26:00,50,0.0,2019-01-09 05:00:00,miercoles,50,Normal,Seca y limpia,Plano,Terraplen,Recta,Transito normal con precaución,15,50,1,0,2.0,Atropello,conducta de peatones,4514_1_50,15.0,0.0
Sucre,2019-03-28 00:06:00,46,600.0,2019-03-16 05:00:00,sabado,50,Normal,Seca y limpia,Plano,Terraplen,Recta,Transito normal con precaución,22,5,0,0,1.0,Choque,condiciones de la via y factores ambientales,9004_1_46,21.0,1.0
Planta Central,2019-03-26 15:26:00,62,800.0,2019-01-13 05:00:00,domingo,0,Normal,Seca y limpia,Plano,Terraplen,Recta,Transito normal con precaución,19,0,1,0,3.0,Choque,no mantener distancia de seguridad,4514_1_62,19.0,0.0
Planta Central,2019-03-26 16:10:00,39,795.0,2019-02-05 05:00:00,martes,20,Normal,Seca y limpia,Plano,Terraplen,Curva Izquierda,Transito normal con precaución,7,20,0,0,0.0,Choque,maniobras imprudentes,4514_2_39,7.0,0.0
Planta Central,2019-03-26 16:10:00,67,700.0,2019-02-05 05:00:00,martes,0,Normal,Seca y limpia,Plano,Terraplen,Recta,Transito normal con precaución,23,0,0,0,0.0,Choque,no mantener distancia de seguridad,4514_1_67,23.0,0.0
Planta Central,2019-03-26 16:17:00,44,0.0,2019-02-10 05:00:00,domingo,30,Normal,Seca y limpia,Plano,Terraplen,Recta,Transito normal con precaución,19,30,0,0,0.0,Choque,condiciones de la via y factores ambientales,4514_1_44,19.0,0.0
Planta Central,2019-03-26 16:17:00,92,873.0,2019-02-14 05:00:00,jueves,0,Normal,Seca y limpia,Plano,Terraplen,Recta,Transito normal con precaución,6,0,0,0,0.0,Choque,adelantamientos indebidos,4514_1_92,6.0,0.0
Planta Central,2019-03-26 16:17:00,16,0.0,2019-02-18 05:00:00,lunes,0,Normal,Seca y limpia,Plano,Terraplen,Curva Izquierda,Transito normal con precaución,0,0,0,0,0.0,Volcamiento,defectos fisicos y psiquicos,4514_2_16,0.0,0.0
Nariño,2019-03-26 16:26:00,20,800.0,2019-02-23 05:00:00,sabado,10,Normal,Seca y limpia,Montañoso,Media ladera Izquierda,Curva Izquierda,Transito normal con precaución,0,10,0,1,1.0,Volcamiento,desobediencia a normas y senales,25NRD_1_20,0.0,0.0
Nariño,2019-03-26 16:32:00,3,200.0,2019-02-06 05:00:00,miercoles,0,Normal,Seca y limpia,Plano,Terraplen,Recta,Transito normal con precaución,23,0,0,0,0.0,No determinado,no determinada,25NRD_1_3,23.0,0.0
Antioquia,2019-03-26 20:25:00,94,752.0,2019-02-26 05:00:00,martes,20,Lluvia,Humeda,Montañoso,Media ladera Izquierda,Recta,Parcial con paso alternado,1,0,2,0,2.0,Choque,desobediencia a normas y senales,6003_1_94,17.0,8.0
Cauca,2019-03-27 16:11:00,5,340.0,2019-02-14 05:00:00,jueves,0,Normal,Seca y limpia,Ondulado,Media ladera Izquierda,Curva Derecha,Transito normal con precaución,0,0,0,0,0.0,Choque,condiciones de la via y factores ambientales,25CC15_0_5,5.0,19.0
Sucre,2019-03-28 00:01:00,34,700.0,2019-03-16 05:00:00,sabado,45,Normal,Seca y limpia,Plano,Terraplen,Recta,Parcial con paso alternado,8,55,0,0,0.0,Choque,no mantener distancia de seguridad,9004_1_34,8.0,0.0
Antioquia,2019-04-22 19:01:00,70,800.0,2019-03-02 05:00:00,sabado,30,Normal,Seca y limpia,Montañoso,Media ladera Izquierda,Recta,Transito normal con precaución,0,45,1,0,1.0,Caída ocupante,no determinada,2509_2_70,11.0,13.0
Sucre,2019-03-28 00:10:00,89,350.0,2019-03-08 05:00:00,viernes,0,Normal,Seca y limpia,Plano,Terraplen,Recta,Parcial con paso alternado,18,15,0,0,0.0,Choque,no mantener distancia de seguridad,9004_1_89,18.0,0.0
Caquetá,2019-03-28 14:04:00,56,490.0,2019-03-26 05:00:00,martes,15,Sol,Seca y limpia,Ondulado,Media Ladera Derecha,Recta,Transito normal con precaución,2,0,1,0,1.0,Volcamiento,imprudencia del conductor,6502_1_56,9.0,17.0
Santander,2019-03-28 14:46:00,4,161.0,2019-03-14 05:00:00,jueves,25,Normal,Seca y limpia,Ondulado,Media Ladera Derecha,Curva Derecha,Transito normal con precaución,0,0,2,0,2.0,Choque,adelantamientos indebidos,55ST02_1_4,14.0,10.0
Nariño,2019-04-01 14:03:00,11,550.0,2019-03-08 05:00:00,viernes,10,Lluvia,Humeda,Montañoso,Media Ladera Derecha,Recta,Transito normal con precaución,0,0,0,0,0.0,Volcamiento,exceso de velocidad,1002_1_11,7.0,17.0
Nariño,2019-04-01 16:13:00,3,800.0,2019-03-24 05:00:00,domingo,0,Normal,Seca y limpia,Montañoso,Media Ladera Derecha,Curva Derecha,Transito normal con precaución,0,0,0,0,0.0,Volcamiento,adelantamientos indebidos,1002_1_3,15.0,9.0
Huila,2019-04-03 13:06:00,9,200.0,2019-03-16 05:00:00,sabado,20,Normal,Seca y limpia,Plano,Terraplen,Recta,Transito normal con precaución,19,0,2,0,2.0,Choque,adelantamientos indebidos,2003A_0_9,18.0,1.0
Sucre,2019-04-03 16:35:00,57,500.0,2019-02-02 05:00:00,sabado,30,Normal,Seca y limpia,Plano,Terraplen,Recta,Transito normal con precaución,19,30,1,1,2.0,Atropello,maniobras imprudentes,7404_0_57,19.0,0.0
Sucre,2019-04-03 16:40:00,71,300.0,2019-02-19 05:00:00,martes,30,Normal,Seca y limpia,Plano,Terraplen,Recta,Transito normal con precaución,10,30,0,1,1.0,Choque,condiciones de la via y factores ambientales,7404_0_71,10.0,0.0
Caquetá,2019-04-04 21:18:00,27,890.0,2019-03-03 05:00:00,domingo,45,Sol,Seca y limpia,Plano,Terraplen,Recta,Transito normal con precaución,0,0,0,0,1.0,Choque,embriaguez o sustancias alucinogenas,6503_1_27,6.0,18.0
Caquetá,2019-04-04 21:23:00,55,960.0,2019-03-06 05:00:00,miercoles,30,Seca,Seca y limpia,Plano,Terraplen,Recta,Transito normal con precaución,0,0,0,0,0.0,Volcamiento,condiciones de la via y factores ambientales,6503_1_55,16.0,8.0
Caquetá,2019-04-04 21:25:00,49,528.0,2019-03-09 05:00:00,sabado,20,Lluvia,Humeda,Plano,Terraplen,Curva Derecha,Parcial con reducción de carriles,0,30,0,1,1.0,Choque,embriaguez o sustancias alucinogenas,6503_1_49,23.0,1.0
Caquetá,2019-04-04 21:28:00,58,900.0,2019-03-12 05:00:00,martes,55,Seca,Seca y limpia,Escarpado,Media ladera Izquierda,Recta,Transito normal con precaución,0,0,0,0,0.0,Choque,condiciones de la via y factores ambientales,2003A_0_58,18.0,6.0
Cundinamarca,2019-04-09 14:03:00,35,400.0,2019-03-03 05:00:00,domingo,30,Lluvia,Humeda,Montañoso,Media ladera Izquierda,Curva Izquierda,Parcial con paso alternado,0,5,0,0,3.0,Choque,condiciones de la via y factores ambientales,5008_1_35,14.0,10.0
Caquetá,2019-04-04 21:34:00,20,245.0,2019-03-27 05:00:00,miercoles,35,Seca,Seca y limpia,Plano,Terraplen,Curva Izquierda,Transito normal con precaución,0,0,3,0,3.0,Choque,adelantamientos indebidos,6503_1_20,13.0,11.0
Nariño,2019-04-05 23:20:00,25,210.0,2019-03-13 05:00:00,miercoles,0,Normal,Seca y limpia,Montañoso,Media ladera Izquierda,Curva Izquierda,Transito normal con precaución,0,0,1,0,1.0,Atropello,condiciones de la via y factores ambientales,2501B_1_25,5.0,19.0
Boyacá,2019-04-08 17:31:00,6,50.0,2019-02-08 05:00:00,viernes,30,Lluvia,Humeda,Plano,Media Ladera Derecha,Recta,Transito normal con precaución,0,30,2,0,2.0,Choque,desobediencia a normas y senales,6209_0_6,17.0,7.0
Boyacá,2019-04-08 17:45:00,27,550.0,2019-02-08 05:00:00,viernes,48,Lluvia,Humeda,Plano,Media Ladera Derecha,Recta,Parcial con paso alternado,1,0,0,0,0.0,Choque,condiciones de la via y factores ambientales,6209_0_27,16.0,9.0
Boyacá,2019-04-08 17:51:00,34,0.0,2019-02-10 05:00:00,domingo,0,Normal,Seca y limpia,Plano,Terraplen,Curva Izquierda,Transito normal con precaución,0,30,0,0,0.0,Choque,no mantener distancia de seguridad,6209_0_34,20.0,4.0
Boyacá,2019-04-08 17:51:00,21,200.0,2019-02-01 05:00:00,viernes,30,Normal,Seca y limpia,Montañoso,Media Ladera Derecha,Curva Derecha,Transito normal con precaución,0,20,0,0,0.0,Volcamiento,maniobras imprudentes,6209_0_21,15.0,9.0
Boyacá,2019-04-08 17:51:00,9,500.0,2019-02-12 05:00:00,martes,15,Normal,Seca y limpia,Ondulado,Media ladera Izquierda,Curva Izquierda,Transito normal con precaución,0,10,0,0,0.0,Choque,fallas mecanicas y del sistema electrico,6209_0_9,0.0,0.0
Tolima,2019-04-08 20:01:00,38,624.0,2019-03-07 05:00:00,jueves,0,Normal,Seca y limpia,Plano,Terraplen,Curva Izquierda,Transito normal con precaución,20,30,1,1,2.0,Atropello,no determinada,3602_0_38,21.0,23.0
Boyacá,2019-04-08 20:46:00,8,0.0,2019-03-14 05:00:00,jueves,40,Lluvia,Humeda,Plano,Media ladera Izquierda,Recta,Transito normal con precaución,0,10,0,0,1.0,Choque,condiciones de la via y factores ambientales,6209_0_8,18.0,6.0
Boyacá,2019-04-08 20:46:00,22,50.0,2019-03-14 05:00:00,jueves,19,Lluvia,Humeda,Ondulado,Media Ladera Derecha,Curva Izquierda,Transito normal con precaución,0,10,0,0,1.0,Choque,condiciones de la via y factores ambientales,6209_0_22,20.0,4.0
Boyacá,2019-04-08 20:46:00,4,200.0,2019-03-24 05:00:00,domingo,0,Normal,Seca y limpia,Plano,Media Ladera Derecha,Recta,Parcial con paso alternado,0,50,0,1,5.0,Choque,no mantener distancia de seguridad,6008_0_4,15.0,9.0
Cundinamarca,2019-04-09 14:03:00,61,500.0,2019-03-01 05:00:00,viernes,0,Normal,Seca y limpia,Montañoso,Media Ladera Derecha,Recta,Transito normal con precaución,0,30,0,0,0.0,Choque,no determinada,5008_1_61,3.0,21.0
Cundinamarca,2019-04-09 14:03:00,60,100.0,2019-03-01 05:00:00,viernes,30,Normal,Seca y limpia,Montañoso,Media Ladera Derecha,Recta,Transito normal con precaución,0,10,0,0,0.0,Choque,fallas mecanicas y del sistema electrico,5008_1_60,5.0,19.0
Cundinamarca,2019-04-09 14:03:00,55,700.0,2019-03-01 05:00:00,viernes,40,Normal,Seca y limpia,Montañoso,Media ladera Izquierda,Curva Derecha,Transito normal con precaución,0,15,1,0,1.0,Choque,no mantener distancia de seguridad,5008_1_55,11.0,13.0
Cundinamarca,2019-04-09 14:03:00,37,300.0,2019-03-02 05:00:00,sabado,40,Niebla,Seca y limpia,Montañoso,Media Ladera Derecha,Curva Izquierda,Parcial con paso alternado,0,10,0,0,1.0,Choque,condiciones de la via y factores ambientales,5008_1_37,5.0,19.0
Cundinamarca,2019-04-09 14:03:00,37,350.0,2019-03-03 05:00:00,domingo,0,Lluvia,Humeda,Montañoso,Media Ladera Derecha,Curva Izquierda,Parcial con paso alternado,0,15,0,0,3.0,Choque,condiciones de la via y factores ambientales,5008_1_37,15.0,9.0
Cundinamarca,2019-04-09 14:03:00,45,900.0,2019-03-07 05:00:00,jueves,10,Normal,Seca y limpia,Montañoso,Media Ladera Derecha,Recta,Parcial con paso alternado,0,20,0,0,3.0,Choque,adelantamientos indebidos,5008_1_45,8.0,16.0
Santander,2019-04-09 19:46:00,5,500.0,2019-03-12 05:00:00,martes,0,Normal,Seca y limpia,Ondulado,Terraplen,Recta,Transito normal con precaución,0,0,1,0,1.0,Atropello,maniobras imprudentes,4513_1_5,17.0,7.0
Santander,2019-04-09 19:52:00,10,250.0,2019-03-29 05:00:00,viernes,0,Normal,Seca y limpia,Plano,Terraplen,Recta,Transito normal con precaución,0,0,0,0,0.0,Choque,maniobras imprudentes,4513_1_10,13.0,11.0
Santander,2019-04-09 19:56:00,16,500.0,2019-03-11 05:00:00,lunes,0,Normal,Seca y limpia,Ondulado,Terraplen,Curva Izquierda,Transito normal con precaución,0,0,1,0,1.0,Choque,adelantamientos indebidos,4513_1_16,16.0,8.0
Santander,2019-04-09 20:07:00,16,800.0,2019-03-09 05:00:00,sabado,0,Normal,Seca y limpia,Ondulado,Terraplen,Curva Izquierda,Transito normal con precaución,0,0,0,0,0.0,Choque,impericia en el manejo,4513_1_16,6.0,18.0