territorial,fecha_registro,pr,distancia_pr,fecha_acc,dia_semana_acc,min_acc,condic_meteor,estado_super,terreno,secc_tip,geometria_acc,tipo_cierre,horas_cierre,min_cierre,n_heridos,n_muertos,n_victimas,clase_accidente,causa_posible,ref_loc,hora_acc,duracion_cierre_horas
Santander,2019-04-09 20:15:00,23,0.0,2019-03-18 05:00:00,lunes,40,Normal,Seca y limpia,Plano,Terraplen,Recta,Transito normal con precaución,0,0,0,1,1.0,Volcamiento,exceso de velocidad,4513_1_23,17.0,7.0
Santander,2019-04-09 20:20:00,25,0.0,2019-03-13 05:00:00,miercoles,20,Normal,Seca y limpia,Ondulado,Terraplen,Recta,Transito normal con precaución,0,0,0,0,0.0,Choque,defectos fisicos y psiquicos,4513_1_25,5.0,19.0
Cundinamarca,2019-04-09 14:03:00,37,100.0,2019-03-22 05:00:00,viernes,30,Lluvia,Humeda,Montañoso,Media Ladera Derecha,Recta,Parcial con paso alternado,0,5,0,0,3.0,Choque,maniobras imprudentes,5008_1_37,12.0,12.0
Cundinamarca,2019-04-09 14:03:00,52,850.0,2019-03-22 05:00:00,viernes,0,Lluvia,Humeda,Montañoso,Media ladera Izquierda,Recta,Parcial con paso alternado,0,10,0,0,3.0,Choque,condiciones de la via y factores ambientales,5008_1_52,13.0,11.0
Cundinamarca,2019-04-09 14:03:00,34,700.0,2019-03-25 05:00:00,lunes,15,Normal,Seca y limpia,Montañoso,Media Ladera Derecha,Recta,Parcial con paso alternado,0,10,0,0,3.0,Choque,no mantener distancia de seguridad,5008_1_34,17.0,7.0
Cundinamarca,2019-04-09 16:05:00,46,150.0,2019-03-25 05:00:00,lunes,0,Normal,Seca y limpia,Montañoso,Media ladera Izquierda,Recta,Transito normal con precaución,0,30,0,0,0.0,Choque,no determinada,5008_1_46,16.0,8.0
Santander,2019-04-09 16:02:00,110,750.0,2019-03-06 05:00:00,miercoles,20,Normal,Seca y limpia,Ondulado,Terraplen,Recta,Transito normal con precaución,0,0,1,0,1.0,Atropello,maniobras imprudentes,4511_1_110,5.0,19.0
Cundinamarca,2019-04-09 16:05:00,37,450.0,2019-03-03 05:00:00,domingo,30,Normal,Seca y limpia,Montañoso,Media ladera Izquierda,Curva Izquierda,Parcial con paso alternado,0,5,1,0,1.0,Choque,adelantamientos indebidos,5008_1_37,9.0,15.0
Cundinamarca,2019-04-09 16:05:00,58,700.0,2019-03-02 05:00:00,sabado,30,Normal,Seca y limpia,Montañoso,Media Ladera Derecha,Recta,Transito normal con precaución,0,20,0,0,1.0,Choque,no mantener distancia de seguridad,5008_1_58,2.0,22.0
Santander,2019-04-09 16:37:00,5,300.0,2019-03-14 05:00:00,jueves,30,Normal,Seca y limpia,Ondulado,Terraplen,Recta,Transito normal con precaución,0,0,0,0,0.0,Choque,estacionamiento y senalizacion imprudente,4513_1_5,20.0,4.0
Caquetá,2019-04-10 14:07:00,0,540.0,2019-03-07 05:00:00,jueves,0,Seca,Humeda,Plano,Terraplen,Recta,Transito normal con precaución,16,0,0,0,0.0,Volcamiento,no determinada,6504_0_0,16.0,0.0
Planta Central,2019-04-10 14:24:00,47,50.0,2019-03-15 05:00:00,viernes,30,Normal,Seca y limpia,Plano,Terraplen,Recta,Transito normal con precaución,13,30,0,0,0.0,Incendio,fallas mecanicas y del sistema electrico,4515_2_47,13.0,0.0
Planta Central,2019-04-10 14:24:00,52,0.0,2019-03-16 05:00:00,sabado,30,Normal,Seca y limpia,Plano,Terraplen,Recta,Transito normal con precaución,5,30,0,0,0.0,Volcamiento,desobediencia a normas y senales,4515_2_52,5.0,0.0
Santander,2019-04-10 15:18:00,25,800.0,2019-03-18 05:00:00,lunes,15,Normal,Seca y limpia,Plano,Terraplen,Recta,Transito normal con precaución,0,0,0,1,1.0,Choque,adelantamientos indebidos,4513_1_25,1.0,23.0
Santander,2019-04-10 15:27:00,30,400.0,2019-03-21 05:00:00,jueves,40,Normal,Seca y limpia,Plano,Terraplen,Recta,Transito normal con precaución,0,0,0,1,1.0,Choque,adelantamientos indebidos,4513_1_30,10.0,14.0
Santander,2019-04-10 15:39:00,82,850.0,2019-03-24 05:00:00,domingo,30,Normal,Seca y limpia,Plano,Terraplen,Recta,Transito normal con precaución,0,0,0,1,1.0,Choque,condiciones de la via y factores ambientales,4513_1_82,1.0,23.0
Putumayo,2019-04-10 16:46:00,66,350.0,2019-03-01 05:00:00,viernes,17,Seca,Seca y limpia,Ondulado,Terraplen,Recta,Parcial con reducción de carriles,0,40,1,1,2.0,Choque,no determinada,1003_1_66,0.0,0.0
Putumayo,2019-04-10 16:54:00,58,130.0,2019-03-25 05:00:00,lunes,30,Normal,Seca y limpia,Plano,Terraplen,Recta,Transito normal con precaución,0,30,1,0,1.0,Volcamiento,no determinada,1003_1_58,3.0,21.0
Putumayo,2019-04-10 16:59:00,57,600.0,2019-03-19 05:00:00,martes,30,Sol,Seca y limpia,Plano,Terraplen,Recta,Transito normal con precaución,0,10,1,0,1.0,Atropello,conducta de peatones,1003_1_57,11.0,13.0
Putumayo,2019-04-10 17:04:00,39,565.0,2019-03-23 05:00:00,sabado,45,Niebla,Humeda,Montañoso,Media ladera Izquierda,Curva Derecha,Transito normal con precaución,7,0,1,0,1.0,Volcamiento,fallas mecanicas y del sistema electrico,1003_1_39,0.0,7.0
Nariño,2019-04-11 23:04:00,27,320.0,2019-03-07 05:00:00,jueves,0,Normal,Seca y limpia,Montañoso,Media Ladera Derecha,Curva Izquierda,Parcial con paso alternado,1,0,0,0,0.0,Choque,maniobras imprudentes,1003_1_27,16.0,9.0
Nariño,2019-04-11 23:08:00,77,770.0,2019-03-23 05:00:00,sabado,30,Normal,Seca y limpia,Montañoso,Media Ladera Derecha,Recta,Parcial con reducción de carriles,1,0,0,0,0.0,Volcamiento,condiciones de la via y factores ambientales,2501A_0_77,23.0,2.0
Nariño,2019-04-11 23:13:00,82,300.0,2019-04-06 05:00:00,sabado,0,Normal,Seca y limpia,Montañoso,Media Ladera Derecha,Curva Derecha,Cierre total,2,0,1,0,2.0,Choque,embriaguez o sustancias alucinogenas,2501A_0_82,13.0,13.0
Caquetá,2019-04-11 23:59:00,53,140.0,2019-04-08 05:00:00,lunes,40,Lluvia,Humeda,Ondulado,Terraplen,Recta,Cierre total,2,0,0,3,3.0,Choque,exceso de velocidad,6502_1_53,5.0,21.0
Norte de Santander,2019-04-12 16:32:00,121,70.0,2019-01-30 05:00:00,miercoles,0,Normal,Seca y limpia,Plano,Terraplen,Recta,Transito normal con precaución,0,0,0,0,0.0,Volcamiento,condiciones de la via y factores ambientales,6604_0_121,15.0,9.0
Norte de Santander,2019-04-12 16:41:00,121,182.0,2019-02-15 05:00:00,viernes,0,Normal,Seca y limpia,Plano,Terraplen,Recta,Transito normal con precaución,0,0,0,1,1.0,Choque,no determinada,6604_0_121,14.0,10.0
Norte de Santander,2019-04-12 16:49:00,146,600.0,2019-02-15 05:00:00,viernes,30,Normal,Seca y limpia,Plano,Terraplen,Recta,Transito normal con precaución,0,0,3,0,3.0,Choque,adelantamientos indebidos,6604_0_146,13.0,11.0
Norte de Santander,2019-04-12 17:10:00,124,640.0,2019-03-08 05:00:00,viernes,0,Normal,Seca y limpia,Plano,Media Ladera Derecha,Curva Derecha,Transito normal con precaución,0,0,0,1,2.0,Choque,no determinada,6604_0_124,16.0,8.0
Norte de Santander,2019-04-12 17:15:00,144,200.0,2019-03-17 05:00:00,domingo,30,Normal,Seca y limpia,Plano,Terraplen,Recta,Transito normal con precaución,0,0,0,1,2.0,Choque,no determinada,6604_0_144,15.0,9.0
Cauca,2019-04-15 14:52:00,1,550.0,2019-03-04 05:00:00,lunes,38,Sol,Seca y limpia,Montañoso,Media ladera Izquierda,Curva Derecha,Transito normal con precaución,0,0,1,0,2.0,Choque,no determinada,25CC15_0_1,9.0,15.0
Planta Central,2019-04-15 17:05:00,42,182.0,2018-10-30 05:00:00,martes,50,Normal,Seca y limpia,Plano,Terraplen,Recta,Transito normal con precaución,1,0,1,0,1.0,Choque,adelantamientos indebidos,4511_1_42,19.0,6.0
Planta Central,2019-04-15 17:05:00,37,341.0,2018-10-31 05:00:00,miercoles,20,Normal,Seca y limpia,Plano,Terraplen,Recta,Transito normal con precaución,2,0,0,0,1.0,Volcamiento,condiciones de la via y factores ambientales,4511_1_37,21.0,5.0
Nariño,2019-04-15 18:36:00,5,700.0,2019-03-15 05:00:00,viernes,45,Lluvia,Humeda,Montañoso,Media ladera Izquierda,Recta,Transito normal con precaución,2,45,3,0,4.0,Volcamiento,imprudencia del conductor,2502_1_5,2.0,0.0
Nariño,2019-04-15 18:41:00,23,900.0,2019-03-19 05:00:00,martes,50,Lluvia,Humeda,Montañoso,Media ladera Izquierda,Recta,Transito normal con precaución,11,50,0,0,0.0,Choque,imprudencia del conductor,2502_1_23,11.0,0.0
Nariño,2019-04-15 18:48:00,27,1000.0,2019-03-23 05:00:00,sabado,20,Normal,Seca y limpia,Montañoso,Media ladera Izquierda,Recta,Transito normal con precaución,11,20,0,0,0.0,Choque,imprudencia del conductor,2502_1_27,11.0,0.0
Nariño,2019-04-15 18:53:00,87,5.0,2019-03-24 05:00:00,domingo,0,Normal,Seca y limpia,Montañoso,Media ladera Izquierda,Curva Izquierda,Transito normal con precaución,6,0,1,0,1.0,Choque,embriaguez o sustancias alucinogenas,2501B_1_87,6.0,0.0
Nariño,2019-04-15 19:01:00,79,250.0,2019-03-24 05:00:00,domingo,0,Normal,Seca y limpia,Montañoso,Cajón,Curva Izquierda,Transito normal con precaución,6,0,4,0,4.0,Choque,embriaguez o sustancias alucinogenas,2501B_1_79,6.0,0.0
Planta Central,2019-04-15 19:13:00,103,970.0,2018-11-02 05:00:00,viernes,0,Normal,Seca y limpia,Plano,Terraplen,Recta,Transito normal con precaución,1,0,0,0,0.0,Choque,exceso en horas de conduccion,4510_2_103,9.0,16.0
Planta Central,2019-04-15 19:13:00,92,921.0,2018-11-13 05:00:00,martes,10,Lluvia,Humeda,Plano,Media ladera Izquierda,Curva Izquierda,Parcial con paso alternado,2,0,0,0,0.0,Choque,exceso en horas de conduccion,4510_1_92,2.0,0.0
Planta Central,2019-04-15 19:36:00,76,400.0,2018-11-14 05:00:00,miercoles,50,Normal,Seca y limpia,Plano,Media Ladera Derecha,Curva Derecha,Parcial con reducción de carriles,1,0,1,1,2.0,Volcamiento,exceso de velocidad,4510_1_76,6.0,19.0
Planta Central,2019-04-15 20:03:00,58,500.0,2018-11-14 05:00:00,miercoles,20,Normal,Seca y limpia,Plano,Terraplen,Recta,Parcial con reducción de carriles,1,0,0,0,0.0,Choque,condiciones de la via y factores ambientales,4510_2_58,23.0,2.0
Planta Central,2019-04-15 21:39:00,119,200.0,2018-11-17 05:00:00,sabado,30,Normal,Seca y limpia,Plano,Terraplen,Recta,Parcial con reducción de carriles,0,0,0,0,0.0,Volcamiento,exceso en horas de conduccion,4510_1_119,6.0,18.0
Planta Central,2019-04-15 21:39:00,69,470.0,2018-11-18 05:00:00,domingo,0,Normal,Seca y limpia,Plano,Terraplen,Recta,Transito normal con precaución,1,0,0,0,0.0,Choque,adelantamientos indebidos,4510_2_69,11.0,14.0
Caquetá,2019-04-16 14:05:00,43,562.0,2019-04-06 05:00:00,sabado,10,Sol,Seca y limpia,Ondulado,Terraplen,Curva Derecha,Transito normal con precaución,0,0,0,1,1.0,Choque,exceso de velocidad,6502_1_43,11.0,13.0
Tolima,2019-04-16 16:16:00,41,600.0,2019-03-01 05:00:00,viernes,15,Normal,Seca y limpia,Montañoso,Media Ladera Derecha,Curva Izquierda,Transito normal con precaución,9,15,0,0,0.0,Choque,adelantamientos indebidos,4003_1_41,9.0,0.0
Tolima,2019-04-16 20:08:00,44,200.0,2019-03-02 05:00:00,sabado,30,Lluvia,Humeda,Montañoso,Media ladera Izquierda,Curva Derecha,Transito normal con precaución,5,30,0,0,0.0,Choque,condiciones de la via y factores ambientales,4003_1_44,5.0,0.0
Antioquia,2019-04-22 18:46:00,94,400.0,2019-03-01 05:00:00,viernes,0,Normal,Seca y limpia,Montañoso,Media Ladera Derecha,Recta,Parcial con paso alternado,0,45,1,0,1.0,Choque,adelantamientos indebidos,6003_1_94,7.0,17.0
Tolima,2019-04-16 20:13:00,27,300.0,2019-03-08 05:00:00,viernes,55,Lluvia,Humeda,Montañoso,Media ladera Izquierda,Curva Izquierda,Transito normal con precaución,3,55,0,0,0.0,Choque,imprudencia del conductor,4003_1_27,3.0,0.0
Tolima,2019-04-16 20:20:00,34,90.0,2019-03-15 05:00:00,viernes,20,Normal,Seca y limpia,Montañoso,Media ladera Izquierda,Curva Derecha,Transito normal con precaución,10,20,0,0,0.0,Choque,adelantamientos indebidos,4003_1_34,10.0,0.0
Tolima,2019-04-16 20:28:00,37,500.0,2019-03-22 05:00:00,viernes,35,Lluvia,Humeda,Montañoso,Media Ladera Derecha,Curva Izquierda,Transito normal con precaución,22,35,0,0,0.0,Choque,no mantener distancia de seguridad,4003_1_37,22.0,0.0
Tolima,2019-04-16 20:34:00,31,300.0,2019-03-25 05:00:00,lunes,40,Lluvia,Humeda,Montañoso,Media Ladera Derecha,Curva Izquierda,Transito normal con precaución,19,40,0,0,0.0,Choque,condiciones de la via y factores ambientales,4003_1_31,19.0,0.0
Tolima,2019-04-16 20:39:00,14,200.0,2019-03-10 05:00:00,domingo,10,Normal,Seca y limpia,Escarpado,Media ladera Izquierda,Curva Izquierda,Transito normal con precaución,15,10,1,0,1.0,Choque,adelantamientos indebidos,5007_1_14,15.0,0.0
Tolima,2019-04-16 20:41:00,24,200.0,2019-03-20 05:00:00,miercoles,40,Normal,Humeda,Escarpado,Media Ladera Derecha,Curva Izquierda,Transito normal con precaución,14,40,0,0,0.0,Choque,adelantamientos indebidos,5007_1_24,14.0,0.0
Tolima,2019-04-16 20:46:00,11,990.0,2019-03-30 05:00:00,sabado,30,Normal,Seca y limpia,Escarpado,Media Ladera Derecha,Curva Izquierda,Transito normal con precaución,6,30,0,0,0.0,Choque,adelantamientos indebidos,5007_1_11,5.0,1.0
Boyacá,2019-04-22 14:09:00,112,50.0,2019-03-02 05:00:00,sabado,0,Normal,Seca y limpia,Montañoso,Media ladera Izquierda,Recta,Transito normal con precaución,7,0,4,0,4.0,Choque,defectos fisicos y psiquicos,5503_1_112,7.0,0.0
Boyacá,2019-04-22 14:13:00,4,180.0,2019-03-05 05:00:00,martes,50,Normal,Seca y limpia,Ondulado,Media Ladera Derecha,Curva Derecha,Transito normal con precaución,6,50,0,0,0.0,Salida de la vía sin volcarse,maniobras imprudentes,6211_1_4,6.0,0.0
Boyacá,2019-04-22 14:19:00,2,280.0,2019-03-07 05:00:00,jueves,0,Normal,Seca y limpia,Escarpado,Media ladera Izquierda,Curva Izquierda,Transito normal con precaución,3,0,0,0,0.0,Choque,defectos fisicos y psiquicos,6211_1_2,3.0,0.0
Boyacá,2019-04-22 14:25:00,61,820.0,2019-03-08 05:00:00,viernes,0,Normal,Seca y limpia,Plano,Media Ladera Derecha,Curva Derecha,Transito normal con precaución,2,0,0,0,0.0,Volcamiento,defectos fisicos y psiquicos,5503_1_61,2.0,0.0
Boyacá,2019-04-22 14:30:00,39,240.0,2019-03-10 05:00:00,domingo,30,Normal,Seca y limpia,Ondulado,Media Ladera Derecha,Curva Derecha,Transito normal con precaución,1,30,1,0,1.0,Choque,defectos fisicos y psiquicos,5503_1_39,1.0,0.0
Boyacá,2019-04-22 14:33:00,34,700.0,2019-03-10 05:00:00,domingo,30,Normal,Seca y limpia,Ondulado,Media Ladera Derecha,Curva Izquierda,Transito normal con precaución,20,30,3,0,3.0,Choque,no determinada,5503_1_34,20.0,0.0
Boyacá,2019-04-22 14:59:00,13,650.0,2019-03-10 05:00:00,domingo,0,Lluvia,Humeda,Ondulado,Media ladera Izquierda,Curva Izquierda,Transito normal con precaución,11,0,0,0,0.0,Choque,desobediencia a normas y senales,6211_1_13,11.0,0.0
Antioquia,2019-04-22 19:05:00,66,750.0,2019-03-03 05:00:00,domingo,0,Normal,Seca y limpia,Montañoso,Media ladera Izquierda,Recta,Transito normal con precaución,0,45,1,0,1.0,Otro,no determinada,2509_1_66,4.0,20.0
Antioquia,2019-04-22 19:49:00,66,500.0,2019-03-05 05:00:00,martes,48,Normal,Seca y limpia,Montañoso,Media ladera Izquierda,Recta,Parcial con reducción de carriles,1,0,1,0,1.0,Choque,no determinada,2509_1_66,22.0,3.0
Boyacá,2019-04-22 15:02:00,9,350.0,2019-03-10 05:00:00,domingo,30,Lluvia,Humeda,Montañoso,Media ladera Izquierda,Curva Izquierda,Transito normal con precaución,11,30,0,0,0.0,Choque,desobediencia a normas y senales,6211_1_9,11.0,0.0
Quindío,2019-04-22 15:32:00,0,280.0,2019-04-20 05:00:00,sabado,30,Seca,Seca y limpia,Ondulado,Media ladera Izquierda,Recta,Cierre total,4,0,3,2,5.0,Choque,no determinada,4003_1_0,5.0,23.0
Boyacá,2019-04-22 15:40:00,15,970.0,2019-03-11 05:00:00,lunes,50,Lluvia,Humeda,Ondulado,Media Ladera Derecha,Curva Izquierda,Transito normal con precaución,17,50,0,0,0.0,Choque,desobediencia a normas y senales,5503_1_15,17.0,0.0
Boyacá,2019-04-22 15:45:00,6,100.0,2019-03-13 05:00:00,miercoles,40,Normal,Seca y limpia,Ondulado,Media Ladera Derecha,Curva Derecha,Transito normal con precaución,10,40,1,0,1.0,Atropello,conducta de peatones,5503_1_6,10.0,0.0
Cauca,2019-04-22 16:03:00,22,228.0,2019-03-30 05:00:00,sabado,20,Seca,Seca y limpia,Montañoso,Media Ladera Derecha,Curva Derecha,Transito normal con precaución,17,20,0,1,1.0,Choque,exceso de velocidad,2602A_1_22,17.0,0.0
Boyacá,2019-04-22 15:50:00,63,360.0,2019-03-14 05:00:00,jueves,30,Normal,Seca y limpia,Plano,Media Ladera Derecha,Curva Izquierda,Transito normal con precaución,4,30,3,0,3.0,Choque,defectos fisicos y psiquicos,5503_1_63,4.0,0.0
Cauca,2019-04-22 16:03:00,16,376.0,2019-03-21 05:00:00,jueves,0,Seca,Seca y limpia,Plano,Terraplen,Curva Izquierda,Transito normal con precaución,7,0,0,0,1.0,Choque,no mantener distancia de seguridad,2601_0_16,7.0,0.0
Boyacá,2019-04-22 16:15:00,133,720.0,2019-03-21 05:00:00,jueves,0,Normal,Seca y limpia,Montañoso,Media ladera Izquierda,Curva Izquierda,Transito normal con precaución,10,0,0,0,0.0,Choque,defectos fisicos y psiquicos,5503_1_133,10.0,0.0
Boyacá,2019-04-22 16:19:00,33,970.0,2019-03-22 05:00:00,viernes,30,Lluvia,Humeda,Ondulado,Media Ladera Derecha,Curva Derecha,Transito normal con precaución,15,30,0,0,0.0,Volcamiento,desobediencia a normas y senales,5503_1_33,15.0,0.0
Boyacá,2019-04-22 16:23:00,15,950.0,2019-03-22 05:00:00,viernes,15,Normal,Seca y limpia,Escarpado,Terraplen,Recta,Transito normal con precaución,8,15,0,0,0.0,Choque,estacionamiento y senalizacion imprudente,6211_1_15,8.0,0.0
Antioquia,2019-04-22 19:32:00,67,100.0,2019-03-03 05:00:00,domingo,30,Normal,Seca y limpia,Montañoso,Media ladera Izquierda,Recta,Transito normal con precaución,0,45,1,0,1.0,Choque,no determinada,2509_2_67,20.0,4.0
Antioquia,2019-04-22 19:38:00,71,650.0,2019-03-03 05:00:00,domingo,40,Normal,Seca y limpia,Montañoso,Media ladera Izquierda,Recta,Parcial con reducción de carriles,1,0,0,0,0.0,Choque,no determinada,2509_1_71,21.0,4.0
Antioquia,2019-04-22 19:41:00,66,820.0,2019-03-04 05:00:00,lunes,10,Normal,Seca y limpia,Montañoso,Media ladera Izquierda,Recta,Parcial con reducción de carriles,1,0,0,0,0.0,Choque,no determinada,2509_2_66,7.0,18.0
Antioquia,2019-04-22 20:00:00,70,200.0,2019-03-05 05:00:00,martes,0,Normal,Seca y limpia,Montañoso,Media ladera Izquierda,Recta,Parcial con reducción de carriles,1,0,2,0,2.0,Choque,no determinada,2509_1_70,21.0,4.0
Antioquia,2019-04-22 20:04:00,67,920.0,2019-03-06 05:00:00,miercoles,30,Normal,Seca y limpia,Montañoso,Media ladera Izquierda,Recta,Parcial con reducción de carriles,1,0,2,0,2.0,Choque,no determinada,2509_1_67,18.0,7.0
Antioquia,2019-04-22 20:07:00,71,100.0,2019-03-08 05:00:00,viernes,20,Normal,Seca y limpia,Montañoso,Media ladera Izquierda,Recta,Parcial con reducción de carriles,1,0,0,0,0.0,Choque,no determinada,2509_2_71,10.0,15.0
Antioquia,2019-04-22 20:10:00,66,890.0,2019-03-09 05:00:00,sabado,30,Normal,Seca y limpia,Montañoso,Media ladera Izquierda,Recta,Transito normal con precaución,1,0,3,0,3.0,Choque,no determinada,2509_2_66,8.0,17.0
Antioquia,2019-04-22 20:15:00,94,200.0,2019-03-11 05:00:00,lunes,40,Normal,Seca y limpia,Montañoso,Media Ladera Derecha,Recta,Parcial con paso alternado,1,0,2,0,2.0,Choque,adelantamientos indebidos,6003_1_94,5.0,20.0
Antioquia,2019-04-22 20:24:00,67,850.0,2019-03-11 05:00:00,lunes,30,Normal,Seca y limpia,Montañoso,Media ladera Izquierda,Recta,Parcial con reducción de carriles,1,0,2,0,2.0,Choque,no determinada,2509_2_67,13.0,12.0
Antioquia,2019-04-22 20:27:00,71,850.0,2019-03-12 05:00:00,martes,0,Normal,Seca y limpia,Montañoso,Media ladera Izquierda,Recta,Parcial con reducción de carriles,1,30,2,0,2.0,Choque,no determinada,2509_2_71,15.0,10.0
Planta Central,2019-04-22 20:34:00,49,0.0,2018-11-15 05:00:00,jueves,0,Seca,Seca y limpia,Plano,Terraplen,Recta,Transito normal con precaución,2,0,0,0,0.0,Salida de la vía sin volcarse,maniobras imprudentes,4510_2_49,4.0,22.0
Planta Central,2019-04-22 20:39:00,129,210.0,2018-11-25 05:00:00,domingo,30,Normal,Seca y limpia,Plano,Terraplen,Recta,Parcial con paso alternado,2,0,0,0,0.0,Choque,no mantener distancia de seguridad,4510_1_129,4.0,22.0
Planta Central,2019-04-22 20:39:00,46,350.0,2019-01-01 05:00:00,martes,50,Sol,Seca y limpia,Plano,Terraplen,Curva Izquierda,Transito normal con precaución,0,30,0,0,0.0,Volcamiento,condiciones de la via y factores ambientales,4511_1_46,13.0,11.0
Boyacá,2019-04-22 20:53:00,23,740.0,2019-03-28 05:00:00,jueves,0,Normal,Seca y limpia,Plano,Terraplen,Recta,Transito normal con precaución,14,0,1,0,1.0,Atropello,conducta de peatones,5503_1_23,14.0,0.0
Planta Central,2019-04-22 20:39:00,9,500.0,2019-01-02 05:00:00,miercoles,15,Sol,Seca y limpia,Plano,Terraplen,Recta,Parcial con paso alternado,1,0,0,0,0.0,Choque,no mantener distancia de seguridad,4511_2_9,9.0,16.0
Planta Central,2019-04-22 20:39:00,115,0.0,2019-01-02 05:00:00,miercoles,30,Normal,Seca y limpia,Plano,Terraplen,Recta,Parcial con paso alternado,1,0,0,0,0.0,Choque,condiciones de la via y factores ambientales,4510_1_115,6.0,19.0
Planta Central,2019-04-22 20:39:00,48,600.0,2019-01-07 05:00:00,lunes,55,Lluvia,Humeda,Plano,Terraplen,Recta,Transito normal con precaución,1,0,0,0,0.0,Choque,adelantamientos indebidos,4511_1_48,6.0,19.0
Planta Central,2019-04-22 20:39:00,43,300.0,2019-01-07 05:00:00,lunes,50,Sol,Seca y limpia,Plano,Terraplen,Recta,Transito normal con precaución,0,50,0,0,0.0,Choque,maniobras imprudentes,4510_2_43,7.0,17.0
Planta Central,2019-04-22 20:39:00,48,0.0,2019-01-11 05:00:00,viernes,20,Sol,Seca y limpia,Plano,Terraplen,Recta,Transito normal con precaución,0,30,0,0,0.0,Choque,maniobras imprudentes,4510_1_48,15.0,9.0
Planta Central,2019-04-22 20:39:00,54,800.0,2019-01-11 05:00:00,viernes,0,Normal,Seca y limpia,Plano,Terraplen,Recta,Transito normal con precaución,1,0,1,0,1.0,Atropello,condiciones de la via y factores ambientales,4510_1_54,5.0,20.0
Planta Central,2019-04-22 20:39:00,115,200.0,2019-01-11 05:00:00,viernes,30,Normal,Seca y limpia,Plano,Terraplen,Recta,Transito normal con precaución,0,30,0,0,1.0,Choque,no mantener distancia de seguridad,4510_1_115,8.0,16.0
Planta Central,2019-04-22 20:39:00,57,850.0,2019-01-13 05:00:00,domingo,40,Normal,Seca y limpia,Plano,Terraplen,Recta,Transito normal con precaución,1,0,0,0,1.0,Choque,condiciones de la via y factores ambientales,4510_1_57,23.0,2.0
Planta Central,2019-04-22 21:47:00,103,100.0,2019-01-17 05:00:00,jueves,0,Viento,Seca y limpia,Plano,Terraplen,Curva Izquierda,Transito normal con precaución,0,0,0,0,0.0,Volcamiento,exceso de velocidad,4510_2_103,12.0,12.0
Planta Central,2019-04-22 21:47:00,103,200.0,2019-01-18 05:00:00,viernes,0,Normal,Seca y limpia,Plano,Terraplen,Curva Izquierda,Transito normal con precaución,0,0,0,0,0.0,Salida de la vía sin volcarse,exceso de velocidad,4510_2_103,1.0,23.0
Planta Central,2019-04-22 21:47:00,122,0.0,2019-01-22 05:00:00,martes,50,Normal,Seca y limpia,Plano,Terraplen,Curva Izquierda,Transito normal con precaución,0,50,0,0,0.0,Choque,condiciones de la via y factores ambientales,4510_2_122,22.0,2.0
Santander,2019-04-23 12:26:00,121,700.0,2019-03-02 05:00:00,sabado,50,Normal,Seca y limpia,Ondulado,Media ladera Izquierda,Curva Izquierda,Parcial restringido a vehiculos pesados,2,0,0,0,0.0,Choque,estacionamiento y senalizacion imprudente,45A06_0_121,10.0,16.0
Santander,2019-04-23 12:26:00,109,80.0,2019-03-07 05:00:00,jueves,0,Normal,Seca y limpia,Montañoso,Media ladera Izquierda,Curva Derecha,Parcial restringido a vehiculos pesados,2,0,0,0,0.0,Choque,no mantener distancia de seguridad,45A06_0_109,19.0,7.0
Santander,2019-04-23 12:26:00,53,850.0,2019-03-21 05:00:00,jueves,0,Normal,Seca y limpia,Montañoso,Media Ladera Derecha,Curva Derecha,Parcial restringido a vehiculos pesados,2,0,0,0,0.0,Volcamiento,defectos fisicos y psiquicos,45A06_0_53,6.0,20.0
Santander,2019-04-23 12:26:00,59,140.0,2019-03-22 05:00:00,viernes,20,Normal,Seca y limpia,Ondulado,Terraplen,Curva Izquierda,Parcial restringido a vehiculos pesados,1,0,1,0,1.0,Volcamiento,desobediencia a normas y senales,45A06_0_59,11.0,14.0
Santander,2019-04-23 12:26:00,91,698.0,2019-03-28 05:00:00,jueves,45,Normal,Seca y limpia,Montañoso,Media Ladera Derecha,Curva Izquierda,Parcial restringido a vehiculos pesados,2,0,0,0,1.0,Choque,fallas mecanicas y del sistema electrico,45A06_0_91,14.0,12.0
Santander,2019-04-23 12:26:00,19,479.0,2019-03-11 05:00:00,lunes,20,Normal,Seca y limpia,Montañoso,Media Ladera Derecha,Curva Derecha,Parcial restringido a vehiculos pesados,2,0,0,0,1.0,Choque,maniobras imprudentes,45A07_1_19,14.0,12.0
Santander,2019-04-23 12:26:00,1,900.0,2019-03-20 05:00:00,miercoles,45,Normal,Seca y limpia,Montañoso,Media Ladera Derecha,Recta,Parcial restringido a vehiculos pesados,2,0,0,0,2.0,Choque,exceso de velocidad,45A07_1_1,5.0,21.0
Planta Central,2019-04-23 12:44:00,31,195.0,2019-02-06 05:00:00,miercoles,25,Normal,Seca y limpia,Plano,Terraplen,Recta,Transito normal con precaución,1,0,1,0,2.0,Caída ocupante,defectos fisicos y psiquicos,4511_2_31,16.0,9.0