territorial,fecha_registro,pr,distancia_pr,fecha_acc,dia_semana_acc,min_acc,condic_meteor,estado_super,terreno,secc_tip,geometria_acc,tipo_cierre,horas_cierre,min_cierre,n_heridos,n_muertos,n_victimas,clase_accidente,causa_posible,ref_loc,hora_acc,duracion_cierre_horas
Santander,2019-04-23 12:26:00,3,750.0,2019-03-30 05:00:00,sabado,30,Normal,Seca y limpia,Montañoso,Media Ladera Derecha,Curva Derecha,Parcial restringido a vehiculos pesados,1,0,0,0,2.0,Choque,estacionamiento y senalizacion imprudente,45A07_1_3,14.0,11.0
Santander,2019-04-23 12:26:00,30,500.0,2019-03-25 05:00:00,lunes,50,Normal,Seca y limpia,Montañoso,Media Ladera Derecha,Recta,Parcial restringido a vehiculos pesados,2,0,0,0,2.0,Choque,no mantener distancia de seguridad,45A07_1_30,16.0,10.0
Planta Central,2019-04-23 12:44:00,54,450.0,2019-02-11 05:00:00,lunes,30,Normal,Seca y limpia,Plano,Terraplen,Recta,Parcial con paso alternado,0,30,0,0,2.0,Choque,adelantamientos indebidos,4511_1_54,8.0,16.0
Planta Central,2019-04-23 12:44:00,80,500.0,2019-02-12 05:00:00,martes,0,Normal,Seca y limpia,Ondulado,Cajón,Curva Derecha,Transito normal con precaución,3,0,11,0,13.0,Volcamiento,defectos fisicos y psiquicos,4510_1_80,5.0,22.0
Planta Central,2019-04-23 13:12:00,92,0.0,2019-02-17 05:00:00,domingo,0,Normal,Seca y limpia,Plano,Terraplen,Recta,Transito normal con precaución,0,30,0,0,0.0,Choque,no mantener distancia de seguridad,4510_1_92,11.0,13.0
Planta Central,2019-04-23 13:12:00,84,300.0,2019-02-20 05:00:00,miercoles,30,Normal,Seca y limpia,Plano,Terraplen,Recta,Transito normal con precaución,0,30,0,0,0.0,Choque,no mantener distancia de seguridad,4510_1_84,16.0,8.0
Planta Central,2019-04-23 13:12:00,78,800.0,2019-02-25 05:00:00,lunes,0,Normal,Seca y limpia,Plano,Terraplen,Recta,Transito normal con precaución,0,30,0,0,0.0,Choque,estacionamiento y senalizacion imprudente,4510_1_78,0.0,0.0
Planta Central,2019-04-23 13:37:00,42,800.0,2019-03-07 05:00:00,jueves,0,Normal,Seca y limpia,Plano,Terraplen,Recta,Transito normal con precaución,1,0,1,0,1.0,Volcamiento,defectos fisicos y psiquicos,4510_2_42,3.0,22.0
Planta Central,2019-04-23 13:37:00,33,0.0,2019-03-07 05:00:00,jueves,0,Normal,Seca y limpia,Plano,Terraplen,Recta,Transito normal con precaución,0,0,0,0,1.0,Salida de la vía sin volcarse,exceso en horas de conduccion,4511_1_33,5.0,19.0
Valle del Cauca,2019-04-23 14:02:00,20,550.0,2018-12-16 05:00:00,domingo,30,Seca,Seca y limpia,Plano,Terraplen,Recta,Transito normal con precaución,0,0,0,0,0.0,Volcamiento,defectos fisicos y psiquicos,2302_1_20,1.0,23.0
Planta Central,2019-04-23 13:37:00,70,500.0,2019-03-08 05:00:00,viernes,20,Lluvia,Humeda,Plano,Media ladera Izquierda,Recta,Cierre total,2,0,0,1,2.0,Choque,adelantamientos indebidos,4510_2_70,2.0,0.0
Planta Central,2019-04-23 13:37:00,54,0.0,2019-03-09 05:00:00,sabado,40,Normal,Seca y limpia,Plano,Terraplen,Recta,Transito normal con precaución,0,0,2,0,4.0,No determinado,fallas mecanicas y del sistema electrico,4510_1_54,7.0,17.0
Planta Central,2019-04-23 13:37:00,51,450.0,2019-03-09 05:00:00,sabado,0,Normal,Seca y limpia,Plano,Terraplen,Recta,Transito normal con precaución,1,0,0,0,4.0,Volcamiento,defectos fisicos y psiquicos,4510_1_51,9.0,16.0
Valle del Cauca,2019-04-23 14:29:00,96,800.0,2018-12-30 05:00:00,domingo,30,Seca,Seca y limpia,Plano,Terraplen,Recta,Transito normal con precaución,0,0,2,0,2.0,Choque,condiciones de la via y factores ambientales,2302_1_96,9.0,15.0
Planta Central,2019-04-23 13:37:00,81,500.0,2019-03-09 05:00:00,sabado,20,Normal,Seca y limpia,Plano,Cajón,Recta,Transito normal con precaución,0,0,0,0,4.0,Choque,estacionamiento y senalizacion imprudente,4510_1_81,11.0,13.0
Valle del Cauca,2019-04-23 14:33:00,6,700.0,2018-11-13 05:00:00,martes,0,Lluvia,Humeda,Ondulado,Media ladera Izquierda,Recta,Transito normal con precaución,0,0,0,0,0.0,Choque,adelantamientos indebidos,2302_1_6,21.0,3.0
Planta Central,2019-04-23 13:37:00,122,300.0,2019-03-13 05:00:00,miercoles,0,Normal,Seca y limpia,Plano,Terraplen,Recta,Transito normal con precaución,0,0,0,0,4.0,Volcamiento,defectos fisicos y psiquicos,4510_1_122,7.0,17.0
Valle del Cauca,2019-04-23 14:37:00,33,500.0,2018-11-25 05:00:00,domingo,30,Seca,Seca y limpia,Plano,Terraplen,Recta,Transito normal con precaución,0,0,0,0,0.0,Choque,condiciones de la via y factores ambientales,2302_1_33,19.0,5.0
Valle del Cauca,2019-04-23 14:45:00,4,650.0,2018-11-03 05:00:00,sabado,8,Lluvia,Humeda,Ondulado,Terraplen,Recta,Transito normal con precaución,0,0,1,0,1.0,Atropello,conducta de peatones,4803_1_4,20.0,4.0
Valle del Cauca,2019-04-23 14:57:00,24,800.0,2019-01-17 05:00:00,jueves,50,Seca,Seca y limpia,Plano,Terraplen,Recta,Transito normal con precaución,0,0,1,0,1.0,Choque,exceso en horas de conduccion,2302_1_24,21.0,3.0
Valle del Cauca,2019-04-23 15:01:00,89,400.0,2019-01-02 05:00:00,miercoles,38,Seca,Seca y limpia,Plano,Terraplen,Curva Derecha,Transito normal con precaución,0,0,0,1,1.0,Choque,defectos fisicos y psiquicos,2302_1_89,5.0,19.0
Valle del Cauca,2019-04-23 15:05:00,57,450.0,2019-01-26 05:00:00,sabado,30,Seca,Seca y limpia,Plano,Terraplen,Recta,Transito normal con precaución,0,0,0,0,0.0,Choque,desobediencia a normas y senales,2302_1_57,21.0,3.0
Valle del Cauca,2019-04-23 15:15:00,37,800.0,2019-02-04 05:00:00,lunes,30,Seca,Seca y limpia,Plano,Terraplen,Recta,Transito normal con precaución,0,0,0,0,0.0,Choque,adelantamientos indebidos,2302_1_37,6.0,18.0
Valle del Cauca,2019-04-23 15:38:00,51,400.0,2019-02-01 05:00:00,viernes,50,Seca,Seca y limpia,Plano,Media ladera Izquierda,Recta,Transito normal con precaución,0,0,1,0,1.0,Choque,conducta de pasajeros,2302_1_51,5.0,19.0
Antioquia,2019-04-23 15:49:00,70,100.0,2019-03-13 05:00:00,miercoles,50,Normal,Seca y limpia,Montañoso,Media ladera Izquierda,Recta,Parcial con reducción de carriles,1,0,1,0,1.0,Choque,no determinada,2509_2_70,16.0,9.0
Antioquia,2019-04-23 16:03:00,69,400.0,2019-03-14 05:00:00,jueves,50,Normal,Seca y limpia,Montañoso,Media ladera Izquierda,Recta,Transito normal con precaución,1,0,1,0,1.0,Caída ocupante,no determinada,2509_2_69,5.0,20.0
Antioquia,2019-04-23 16:06:00,65,250.0,2019-03-15 05:00:00,viernes,10,Normal,Seca y limpia,Montañoso,Media ladera Izquierda,Recta,Parcial con reducción de carriles,1,0,0,0,0.0,Choque,no determinada,2509_1_65,12.0,13.0
Antioquia,2019-04-23 16:09:00,64,410.0,2019-03-15 05:00:00,viernes,45,Normal,Seca y limpia,Montañoso,Media ladera Izquierda,Curva Izquierda,Parcial con reducción de carriles,1,0,0,0,0.0,Choque,no determinada,2509_1_64,11.0,14.0
Antioquia,2019-04-23 16:13:00,64,440.0,2019-03-19 05:00:00,martes,50,Normal,Humeda,Montañoso,Media ladera Izquierda,Curva Izquierda,Parcial con reducción de carriles,1,15,0,0,0.0,Choque,no determinada,2509_1_64,7.0,18.0
Antioquia,2019-04-23 16:17:00,64,415.0,2019-03-20 05:00:00,miercoles,10,Normal,Seca y limpia,Montañoso,Media ladera Izquierda,Curva Izquierda,Parcial con reducción de carriles,1,0,0,0,0.0,Choque,no determinada,2509_1_64,10.0,15.0
Antioquia,2019-04-23 16:27:00,64,750.0,2019-03-20 05:00:00,miercoles,0,Lluvia,Humeda,Montañoso,Media ladera Izquierda,Recta,Parcial con reducción de carriles,1,0,1,0,1.0,Choque,no determinada,2509_1_64,16.0,9.0
Antioquia,2019-04-23 16:33:00,64,450.0,2019-03-23 05:00:00,sabado,10,Normal,Seca y limpia,Montañoso,Media ladera Izquierda,Curva Izquierda,Parcial con reducción de carriles,1,0,0,0,0.0,Choque,no determinada,2509_1_64,16.0,9.0
Antioquia,2019-04-23 16:36:00,69,402.0,2019-03-23 05:00:00,sabado,40,Normal,Seca y limpia,Montañoso,Media ladera Izquierda,Recta,Parcial con reducción de carriles,13,40,2,0,2.0,Choque,no determinada,2509_1_69,13.0,0.0
Antioquia,2019-04-23 16:49:00,68,410.0,2019-03-26 05:00:00,martes,20,Normal,Seca y limpia,Montañoso,Media ladera Izquierda,Recta,Parcial con reducción de carriles,1,0,1,0,1.0,Choque,no determinada,2509_1_68,10.0,15.0
Boyacá,2019-04-23 16:44:00,14,500.0,2019-03-24 05:00:00,domingo,0,Seca,Seca y limpia,Montañoso,Media Ladera Derecha,Curva Derecha,Transito normal con precaución,0,0,1,0,1.0,Volcamiento,no determinada,6404_0_14,1.0,23.0
Antioquia,2019-04-23 16:57:00,68,650.0,2019-03-26 05:00:00,martes,50,Normal,Seca y limpia,Montañoso,Media ladera Izquierda,Recta,Parcial con reducción de carriles,20,50,2,0,2.0,Choque,no determinada,2509_1_68,20.0,0.0
Boyacá,2019-04-23 16:44:00,2,520.0,2019-03-29 05:00:00,viernes,30,Seca,Seca y limpia,Montañoso,Media ladera Izquierda,Curva Derecha,Parcial con reducción de carriles,2,0,1,0,2.0,Choque,maniobras imprudentes,6404_0_2,17.0,9.0
Antioquia,2019-04-23 17:01:00,69,401.0,2019-03-26 05:00:00,martes,0,Normal,Seca y limpia,Montañoso,Media ladera Izquierda,Recta,Parcial con reducción de carriles,1,0,2,0,2.0,Choque,no determinada,2509_1_69,10.0,15.0
Antioquia,2019-04-23 17:05:00,69,700.0,2019-03-27 05:00:00,miercoles,10,Normal,Seca y limpia,Montañoso,Media ladera Izquierda,Recta,Parcial con reducción de carriles,1,0,1,0,1.0,Choque,no determinada,2509_1_69,10.0,15.0
Antioquia,2019-04-23 17:08:00,68,960.0,2019-03-28 05:00:00,jueves,0,Normal,Seca y limpia,Montañoso,Media ladera Izquierda,Recta,Parcial con reducción de carriles,1,0,1,0,1.0,Choque,no determinada,2509_1_68,10.0,15.0
Antioquia,2019-04-23 17:11:00,69,960.0,2019-03-28 05:00:00,jueves,15,Normal,Seca y limpia,Montañoso,Media ladera Izquierda,Recta,Parcial con reducción de carriles,1,0,1,0,1.0,Choque,no determinada,2509_1_69,11.0,14.0
Antioquia,2019-04-23 17:16:00,64,390.0,2019-03-30 05:00:00,sabado,30,Normal,Seca y limpia,Montañoso,Media ladera Izquierda,Recta,Parcial con reducción de carriles,1,0,2,0,2.0,Choque,no determinada,2509_1_64,6.0,19.0
Antioquia,2019-04-23 17:19:00,69,950.0,2019-03-31 05:00:00,domingo,30,Normal,Seca y limpia,Montañoso,Media ladera Izquierda,Recta,Parcial con reducción de carriles,1,0,1,0,1.0,Choque,no determinada,2509_1_69,4.0,21.0
Antioquia,2019-04-23 17:22:00,71,50.0,2019-03-31 05:00:00,domingo,15,Normal,Seca y limpia,Montañoso,Media ladera Izquierda,Recta,Parcial con reducción de carriles,1,0,2,0,2.0,Choque,no determinada,2509_2_71,11.0,14.0
Planta Central,2019-04-23 19:08:00,97,400.0,2019-03-16 05:00:00,sabado,10,Normal,Seca y limpia,Plano,Terraplen,Recta,Transito normal con precaución,1,0,0,0,0.0,Choque,exceso en horas de conduccion,4510_1_97,0.0,1.0
Planta Central,2019-04-23 19:08:00,90,0.0,2019-03-18 05:00:00,lunes,0,Lluvia,Humeda,Plano,Terraplen,Recta,Transito normal con precaución,1,0,0,0,0.0,Choque,desobediencia a normas y senales,4510_1_90,7.0,18.0
Planta Central,2019-04-23 19:08:00,44,950.0,2019-03-19 05:00:00,martes,35,Lluvia,Humeda,Plano,Terraplen,Recta,Transito normal con precaución,1,0,0,0,0.0,Volcamiento,defectos fisicos y psiquicos,4510_2_44,18.0,7.0
Boyacá,2019-04-23 19:19:00,46,750.0,2019-03-11 05:00:00,lunes,40,Lluvia,Humeda,Plano,Terraplen,Recta,Transito normal con precaución,19,40,0,0,0.0,Choque,no mantener distancia de seguridad,45A05_1_46,19.0,0.0
Planta Central,2019-04-23 19:08:00,47,950.0,2019-03-20 05:00:00,miercoles,0,Lluvia,Humeda,Plano,Terraplen,Recta,Transito normal con precaución,1,30,0,0,0.0,Volcamiento,defectos fisicos y psiquicos,4510_2_47,12.0,13.0
Boyacá,2019-04-23 19:24:00,8,470.0,2019-03-16 05:00:00,sabado,0,Lluvia,Humeda,Plano,Terraplen,Recta,Transito normal con precaución,20,0,1,0,1.0,Choque,embriaguez o sustancias alucinogenas,45A05_1_8,20.0,0.0
Boyacá,2019-04-23 19:30:00,74,880.0,2019-03-17 05:00:00,domingo,20,Normal,Seca y limpia,Ondulado,Media ladera Izquierda,Curva Izquierda,Transito normal con precaución,9,20,0,0,0.0,Volcamiento,fallas mecanicas y del sistema electrico,45A05_1_74,9.0,0.0
Boyacá,2019-04-23 19:37:00,21,400.0,2019-03-19 05:00:00,martes,40,Normal,Seca y limpia,Plano,Media ladera Izquierda,Curva Derecha,Transito normal con precaución,8,40,1,0,1.0,Volcamiento,desobediencia a normas y senales,45A05_1_21,8.0,0.0
Caquetá,2019-04-23 21:53:00,102,768.0,2019-04-21 05:00:00,domingo,30,Lluvia,Humeda,Plano,Terraplen,Recta,Transito normal con precaución,0,0,1,0,1.0,Choque,no determinada,6501_0_102,9.0,15.0
Planta Central,2019-04-23 19:08:00,30,900.0,2019-03-21 05:00:00,jueves,0,Normal,Seca y limpia,Plano,Terraplen,Curva Izquierda,Transito normal con precaución,1,0,0,0,0.0,Caída de carga,imprudencia del conductor,4511_2_30,9.0,16.0
Planta Central,2019-04-23 19:08:00,43,167.0,2019-03-21 05:00:00,jueves,0,Lluvia,Humeda,Plano,Terraplen,Curva Derecha,Transito normal con precaución,1,0,0,0,0.0,Choque,desobediencia a normas y senales,4510_2_43,10.0,15.0
Boyacá,2019-04-23 19:47:00,46,700.0,2019-03-23 05:00:00,sabado,0,Lluvia,Humeda,Plano,Terraplen,Recta,Transito normal con precaución,4,0,0,0,0.0,Choque,impericia en el manejo,45A05_1_46,4.0,0.0
Planta Central,2019-04-23 19:08:00,96,900.0,2019-03-25 05:00:00,lunes,0,Normal,Seca y limpia,Plano,Terraplen,Recta,Transito normal con precaución,2,30,0,1,1.0,Choque,imprudencia del conductor,4510_1_96,3.0,23.0
Boyacá,2019-04-23 20:01:00,22,900.0,2019-03-24 05:00:00,domingo,20,Normal,Seca y limpia,Ondulado,Media ladera Izquierda,Recta,Transito normal con precaución,6,20,1,0,1.0,Choque,adelantamientos indebidos,45A05_1_22,6.0,0.0
Planta Central,2019-04-23 19:08:00,48,400.0,2019-03-28 05:00:00,jueves,30,Normal,Seca y limpia,Plano,Terraplen,Recta,Transito normal con precaución,1,0,1,0,2.0,Choque,desobediencia a normas y senales,4510_1_48,20.0,5.0
Planta Central,2019-04-23 19:08:00,35,800.0,2019-03-29 05:00:00,viernes,55,Lluvia,Humeda,Plano,Terraplen,Recta,Transito normal con precaución,0,30,0,0,2.0,Volcamiento,exceso en horas de conduccion,4511_1_35,3.0,21.0
Caquetá,2019-04-23 21:42:00,50,430.0,2019-04-15 05:00:00,lunes,40,Lluvia,Humeda,Plano,Media Ladera Derecha,Curva Derecha,Parcial con reducción de carriles,0,0,2,0,4.0,Choque,no determinada,6502_1_50,7.0,17.0
Boyacá,2019-04-23 21:57:00,5,150.0,2019-03-25 05:00:00,lunes,30,Normal,Seca y limpia,Plano,Terraplen,Recta,Transito normal con precaución,15,30,0,0,0.0,Choque,no mantener distancia de seguridad,45A05_1_5,15.0,0.0
Boyacá,2019-04-23 22:00:00,40,100.0,2019-03-25 05:00:00,lunes,18,Lluvia,Humeda,Plano,Terraplen,Recta,Transito normal con precaución,19,18,0,0,0.0,Choque,no mantener distancia de seguridad,45A05_1_40,19.0,0.0
Boyacá,2019-04-23 22:04:00,24,900.0,2019-03-26 05:00:00,martes,45,Normal,Seca y limpia,Ondulado,Media ladera Izquierda,Recta,Transito normal con precaución,10,45,2,0,2.0,Choque,adelantamientos indebidos,45A05_1_24,10.0,0.0
Caquetá,2019-04-24 14:35:00,13,400.0,2019-03-20 05:00:00,miercoles,30,Seca,Seca y limpia,Plano,Terraplen,Curva Izquierda,Parcial con reducción de carriles,15,30,1,0,1.0,Choque,fallas mecanicas y del sistema electrico,6504_0_13,15.0,0.0
Caquetá,2019-04-24 19:06:00,1,610.0,2019-04-12 05:00:00,viernes,10,Seca,Seca y limpia,Plano,Terraplen,Recta,Transito normal con precaución,0,0,4,0,4.0,Choque,estacionamiento y senalizacion imprudente,6502_1_1,16.0,8.0
Caquetá,2019-04-26 13:46:00,45,380.0,2019-04-15 05:00:00,lunes,30,Lluvia,Humeda,Plano,Terraplen,Recta,Transito normal con precaución,0,0,0,0,0.0,Volcamiento,fallas mecanicas y del sistema electrico,6503_1_45,13.0,11.0
Cauca,2019-04-26 21:49:00,53,720.0,2019-03-08 05:00:00,viernes,30,Sol,Seca y limpia,Plano,Terraplen,Curva Derecha,Transito normal con precaución,0,0,1,0,1.0,Otro,exceso de velocidad,2503_0_53,15.0,9.0
Cauca,2019-04-26 21:56:00,9,530.0,2019-03-14 05:00:00,jueves,0,Sol,Seca y limpia,Plano,Media ladera Izquierda,Curva Derecha,Cierre total,1,20,2,0,2.0,Choque,exceso de velocidad,2503_0_9,16.0,9.0
Caquetá,2019-04-29 23:10:00,13,750.0,2019-03-31 05:00:00,domingo,59,Seca,Seca y limpia,Plano,Terraplen,Curva Derecha,Transito normal con precaución,12,0,0,0,0.0,Choque,no determinada,8501_0_13,11.0,1.0
Caquetá,2019-04-29 23:10:00,9,800.0,2019-04-26 05:00:00,viernes,30,Seca,Seca y limpia,Plano,Terraplen,Recta,Transito normal con precaución,9,30,0,0,0.0,Volcamiento,no determinada,6504_0_9,9.0,0.0
Valle del Cauca,2019-04-30 13:33:00,48,300.0,2019-03-02 05:00:00,sabado,35,Seca,Seca y limpia,Plano,Terraplen,Recta,Transito normal con precaución,0,0,0,0,0.0,Choque,fallas mecanicas y del sistema electrico,2302_1_48,3.0,21.0
Valle del Cauca,2019-04-30 13:37:00,31,350.0,2019-03-10 05:00:00,domingo,10,Lluvia,Humeda,Plano,Terraplen,Curva Derecha,Transito normal con precaución,0,0,0,0,0.0,Choque,desobediencia a normas y senales,2302_1_31,4.0,20.0
Putumayo,2019-04-30 13:45:00,84,800.0,2019-04-03 05:00:00,miercoles,0,Niebla,Humeda,Montañoso,Media ladera Izquierda,Curva Izquierda,Transito normal con precaución,0,0,1,0,1.0,Volcamiento,desobediencia a normas y senales,1003_1_84,19.0,5.0
Valle del Cauca,2019-04-30 13:41:00,105,800.0,2019-03-16 05:00:00,sabado,30,Seca,Seca y limpia,Plano,Terraplen,Recta,Transito normal con precaución,0,0,0,0,0.0,Choque,no mantener distancia de seguridad,2302_1_105,8.0,16.0
Putumayo,2019-04-30 13:54:00,61,150.0,2019-04-06 05:00:00,sabado,30,Sol,Seca y limpia,Plano,Terraplen,Recta,Transito normal con precaución,0,0,1,0,1.0,Volcamiento,exceso de velocidad,1003_1_61,17.0,7.0
Valle del Cauca,2019-04-30 13:57:00,69,650.0,2019-03-17 05:00:00,domingo,20,Seca,Seca y limpia,Ondulado,Media ladera Izquierda,Recta,Transito normal con precaución,0,0,2,0,2.0,Choque,maniobras imprudentes,2302_1_69,13.0,11.0
Putumayo,2019-04-30 14:00:00,60,930.0,2019-04-09 05:00:00,martes,0,Sol,Seca y limpia,Plano,Terraplen,Curva Izquierda,Transito normal con precaución,0,0,2,0,2.0,Volcamiento,maniobras imprudentes,1003_1_60,12.0,12.0
Valle del Cauca,2019-04-30 14:03:00,106,300.0,2019-03-26 05:00:00,martes,40,Seca,Seca y limpia,Plano,Terraplen,Recta,Parcial con reducción de carriles,0,0,0,0,0.0,Choque,no mantener distancia de seguridad,2302_1_106,11.0,13.0
Valle del Cauca,2019-04-30 14:10:00,33,800.0,2019-03-31 05:00:00,domingo,55,Lluvia,Humeda,Plano,Terraplen,Recta,Transito normal con precaución,0,0,1,0,1.0,Choque,estacionamiento y senalizacion imprudente,2302_1_33,20.0,4.0
Valle del Cauca,2019-04-30 14:13:00,1,570.0,2019-03-09 05:00:00,sabado,26,Seca,Seca y limpia,Plano,Terraplen,Recta,Transito normal con precaución,0,0,1,0,1.0,Choque,maniobras imprudentes,4803_1_1,9.0,15.0
Valle del Cauca,2019-04-30 14:17:00,5,550.0,2019-03-23 05:00:00,sabado,20,Seca,Seca y limpia,Plano,Terraplen,Recta,Parcial con reducción de carriles,0,0,1,0,1.0,Choque,exceso en horas de conduccion,4803_1_5,22.0,2.0
Putumayo,2019-04-30 14:20:00,59,150.0,2019-04-21 05:00:00,domingo,45,Lluvia,Humeda,Plano,Terraplen,Recta,Transito normal con precaución,0,0,0,0,2.0,Choque,estacionamiento y senalizacion imprudente,1003_1_59,12.0,12.0
Putumayo,2019-04-30 14:26:00,89,450.0,2019-04-22 05:00:00,lunes,0,Sol,Material suelto,Escarpado,Media ladera Izquierda,Curva Izquierda,Transito normal con precaución,0,0,0,0,0.0,Choque,fallas mecanicas y del sistema electrico,1003_1_89,13.0,11.0
Putumayo,2019-04-30 14:31:00,69,150.0,2019-04-22 05:00:00,lunes,25,Normal,Seca y limpia,Plano,Terraplen,Recta,Transito normal con precaución,0,0,0,0,2.0,Choque,no mantener distancia de seguridad,1003_1_69,18.0,6.0
Putumayo,2019-04-30 14:39:00,88,350.0,2019-04-25 05:00:00,jueves,0,Sol,Material suelto,Escarpado,Media Ladera Derecha,Curva Derecha,Transito normal con precaución,0,0,2,0,2.0,Choque,exceso de velocidad,1003_1_88,8.0,16.0
Putumayo,2019-04-30 14:44:00,48,800.0,2019-04-25 05:00:00,jueves,0,Normal,Seca y limpia,Montañoso,Media ladera Izquierda,Curva Izquierda,Transito normal con precaución,0,0,3,0,3.0,Volcamiento,fallas mecanicas y del sistema electrico,1003_1_48,5.0,19.0
Nariño,2019-04-30 20:16:00,8,600.0,2019-04-12 05:00:00,viernes,0,Normal,Humeda,Montañoso,Media ladera Izquierda,Recta,Transito normal con precaución,0,0,0,0,0.0,Choque,exceso de velocidad,1002_1_8,8.0,16.0
Nariño,2019-04-30 21:10:00,3,900.0,2019-04-14 05:00:00,domingo,30,Normal,Seca y limpia,Montañoso,Media Ladera Derecha,Recta,Transito normal con precaución,0,0,1,0,1.0,Salida de la vía sin volcarse,adelantamientos indebidos,0801_1_3,14.0,10.0
Nariño,2019-05-02 15:29:00,69,250.0,2019-04-11 05:00:00,jueves,59,Sol,Seca y limpia,Montañoso,Media ladera Izquierda,Recta,Parcial con paso alternado,11,59,0,1,1.0,Atropello,no mantener distancia de seguridad,2502_1_69,11.0,0.0
Sucre,2019-05-02 18:57:00,45,900.0,2019-03-22 05:00:00,viernes,0,Normal,Seca y limpia,Plano,Terraplen,Recta,Transito normal con precaución,13,30,1,0,1.0,Choque,maniobras imprudentes,7404_0_45,13.0,0.0
Sucre,2019-05-02 19:08:00,75,0.0,2019-03-23 05:00:00,sabado,30,Normal,Seca y limpia,Plano,Terraplen,Recta,Transito normal con precaución,11,0,0,0,0.0,Choque,maniobras imprudentes,7404_0_75,10.0,1.0
Putumayo,2019-05-06 15:12:00,16,0.0,2019-02-10 05:00:00,domingo,1,Normal,Seca y limpia,Plano,Terraplen,Recta,Transito normal con precaución,19,10,1,0,1.0,Atropello,exceso de velocidad,4501_1_16,19.0,0.0
Putumayo,2019-05-06 15:19:00,13,230.0,2019-02-11 05:00:00,lunes,52,Normal,Seca y limpia,Ondulado,Terraplen,Recta,Transito normal con precaución,20,3,2,0,2.0,Volcamiento,fallas mecanicas y del sistema electrico,4501_1_13,19.0,1.0
Putumayo,2019-05-06 15:25:00,10,200.0,2019-02-18 05:00:00,lunes,20,Normal,Seca y limpia,Ondulado,Terraplen,Curva Derecha,Transito normal con precaución,16,30,2,0,2.0,Choque,exceso de velocidad,4501_1_10,16.0,0.0
Putumayo,2019-05-06 15:36:00,19,850.0,2019-02-21 05:00:00,jueves,16,Sol,Seca y limpia,Ondulado,Media ladera Izquierda,Curva Izquierda,Transito normal con precaución,7,25,2,0,2.0,Volcamiento,exceso de velocidad,4501_1_19,7.0,0.0
Putumayo,2019-05-06 15:41:00,17,0.0,2019-02-08 05:00:00,viernes,30,Normal,Seca y limpia,Plano,Terraplen,Recta,Transito normal con precaución,13,40,1,0,1.0,Choque,imprudencia del conductor,4501_1_17,13.0,0.0
Sucre,2019-05-06 19:50:00,9,400.0,2019-04-13 05:00:00,sabado,40,Normal,Seca y limpia,Plano,Terraplen,Recta,Transito normal con precaución,11,20,0,1,2.0,Choque,desobediencia a normas y senales,7404_0_9,10.0,1.0
Guajira,2019-05-08 13:59:00,2,700.0,2019-03-02 05:00:00,sabado,30,Normal,Seca y limpia,Plano,Terraplen,Curva Izquierda,Transito normal con precaución,0,0,0,0,0.0,Choque,adelantamientos indebidos,8801_1_2,19.0,5.0
Guajira,2019-05-08 14:02:00,69,230.0,2019-03-09 05:00:00,sabado,20,Normal,Seca y limpia,Plano,Terraplen,Recta,Parcial con reducción de carriles,1,0,0,1,4.0,Choque,condiciones de la via y factores ambientales,4902_1_69,13.0,12.0
Boyacá,2019-05-08 15:09:00,15,450.0,2019-04-17 05:00:00,miercoles,15,Normal,Seca y limpia,Escarpado,Media Ladera Derecha,Curva Derecha,Transito normal con precaución,7,15,1,0,1.0,Choque,maniobras imprudentes,6211_1_15,7.0,0.0
Guajira,2019-05-08 14:08:00,2,130.0,2019-03-10 05:00:00,domingo,30,Normal,Seca y limpia,Plano,Terraplen,Curva Derecha,Parcial con reducción de carriles,0,30,0,0,1.0,Choque,no mantener distancia de seguridad,8801_1_2,17.0,7.0
Guajira,2019-05-08 14:12:00,39,500.0,2019-03-07 05:00:00,jueves,48,Normal,Seca y limpia,Montañoso,Media ladera Izquierda,Curva Derecha,Parcial con reducción de carriles,0,30,2,0,2.0,Choque,adelantamientos indebidos,8801_1_39,20.0,4.0
Guajira,2019-05-08 14:22:00,18,800.0,2019-03-17 05:00:00,domingo,40,Normal,Seca y limpia,Plano,Terraplen,Recta,Parcial con reducción de carriles,1,0,0,0,1.0,Choque,no determinada,8801_1_18,17.0,8.0
Guajira,2019-05-08 14:24:00,44,330.0,2019-04-16 05:00:00,martes,40,Normal,Seca y limpia,Plano,Terraplen,Recta,Transito normal con precaución,0,0,0,0,0.0,Choque,condiciones de la via y factores ambientales,4902_1_44,16.0,8.0
Guajira,2019-05-08 14:32:00,64,100.0,2019-04-17 05:00:00,miercoles,55,Normal,Seca y limpia,Plano,Terraplen,Recta,Parcial con reducción de carriles,1,0,2,0,2.0,Choque,condiciones de la via y factores ambientales,4902_1_64,5.0,20.0
Guajira,2019-05-08 14:34:00,71,850.0,2019-04-23 05:00:00,martes,0,Normal,Seca y limpia,Plano,Terraplen,Recta,Transito normal con precaución,0,0,0,0,0.0,Choque,condiciones de la via y factores ambientales,4902_1_71,4.0,20.0
Boyacá,2019-05-08 14:42:00,4,330.0,2019-04-08 05:00:00,lunes,30,Normal,Seca y limpia,Ondulado,Media Ladera Derecha,Curva Derecha,Transito normal con precaución,12,30,1,0,1.0,Choque,imprudencia del conductor,6211_1_4,12.0,0.0