territorial,fecha_registro,pr,distancia_pr,fecha_acc,dia_semana_acc,min_acc,condic_meteor,estado_super,terreno,secc_tip,geometria_acc,tipo_cierre,horas_cierre,min_cierre,n_heridos,n_muertos,n_victimas,clase_accidente,causa_posible,ref_loc,hora_acc,duracion_cierre_horas
Boyacá,2019-05-08 14:51:00,14,250.0,2019-04-13 05:00:00,sabado,20,Normal,Seca y limpia,Escarpado,Media ladera Izquierda,Curva Izquierda,Transito normal con precaución,16,20,0,0,0.0,Choque,maniobras imprudentes,6211_1_14,16.0,0.0
Boyacá,2019-05-08 14:54:00,81,700.0,2019-04-13 05:00:00,sabado,30,Normal,Seca y limpia,Plano,Media Ladera Derecha,Recta,Transito normal con precaución,6,30,0,0,0.0,Choque,no determinada,5503_1_81,6.0,0.0
Boyacá,2019-05-08 15:03:00,48,540.0,2019-04-14 05:00:00,domingo,0,Lluvia,Humeda,Montañoso,Media ladera Izquierda,Curva Izquierda,Transito normal con precaución,14,0,0,0,0.0,Choque,desobediencia a normas y senales,5503_1_48,14.0,0.0
Boyacá,2019-05-08 15:07:00,49,200.0,2019-04-15 05:00:00,lunes,40,Lluvia,Humeda,Montañoso,Media ladera Izquierda,Curva Izquierda,Transito normal con precaución,17,40,1,0,1.0,Caída ocupante,desobediencia a normas y senales,5503_1_49,17.0,0.0
Boyacá,2019-05-08 15:16:00,31,580.0,2019-04-17 05:00:00,miercoles,20,Lluvia,Humeda,Ondulado,Media Ladera Derecha,Curva Derecha,Transito normal con precaución,19,20,0,0,0.0,Choque,no determinada,5503_1_31,19.0,0.0
Boyacá,2019-05-08 15:19:00,77,800.0,2019-04-17 05:00:00,miercoles,50,Lluvia,Humeda,Plano,Media Ladera Derecha,Curva Izquierda,Transito normal con precaución,20,50,0,0,0.0,Choque,desobediencia a normas y senales,5503_1_77,20.0,0.0
Boyacá,2019-05-08 15:22:00,23,860.0,2019-04-20 05:00:00,sabado,55,Lluvia,Humeda,Plano,Terraplen,Recta,Transito normal con precaución,18,55,3,0,3.0,Volcamiento,desobediencia a normas y senales,5503_1_23,18.0,0.0
Boyacá,2019-05-08 15:26:00,31,400.0,2019-04-21 05:00:00,domingo,15,Lluvia,Humeda,Ondulado,Media Ladera Derecha,Curva Derecha,Transito normal con precaución,8,15,0,0,0.0,Volcamiento,defectos fisicos y psiquicos,5503_1_31,8.0,0.0
Boyacá,2019-05-08 15:28:00,90,520.0,2019-04-21 05:00:00,domingo,40,Lluvia,Humeda,Ondulado,Media ladera Izquierda,Curva Derecha,Transito normal con precaución,22,40,0,0,0.0,Caída de piedra,condiciones de la via y factores ambientales,5503_1_90,22.0,0.0
Boyacá,2019-05-08 15:31:00,52,280.0,2019-04-22 05:00:00,lunes,0,Lluvia,Humeda,Ondulado,Media Ladera Derecha,Curva Derecha,Transito normal con precaución,14,0,0,0,0.0,Volcamiento,desobediencia a normas y senales,5503_1_52,14.0,0.0
Boyacá,2019-05-08 15:34:00,9,780.0,2019-04-23 05:00:00,martes,0,Normal,Seca y limpia,Montañoso,Media Ladera Derecha,Curva Derecha,Transito normal con precaución,17,20,0,0,0.0,Choque,desobediencia a normas y senales,6211_1_9,16.0,1.0
Huila,2019-05-08 17:57:00,3,800.0,2019-04-29 05:00:00,lunes,0,Normal,Seca y limpia,Plano,Terraplen,Recta,Transito normal con precaución,12,0,0,0,0.0,Choque,exceso de velocidad,2003_0_3,12.0,0.0
Huila,2019-05-08 18:44:00,17,790.0,2019-04-14 05:00:00,domingo,20,Normal,Seca y limpia,Plano,Terraplen,Recta,Transito normal con precaución,17,40,4,0,4.0,Choque,exceso de velocidad,2003A_0_17,17.0,0.0
Antioquia,2019-05-08 19:55:00,73,500.0,2019-03-31 05:00:00,domingo,0,Normal,Seca y limpia,Ondulado,Media ladera Izquierda,Curva Izquierda,Transito normal con precaución,16,40,1,0,1.0,Choque,maniobras imprudentes,2510_1_73,0.0,16.0
Antioquia,2019-05-08 20:00:00,0,800.0,2019-03-10 05:00:00,domingo,0,Lluvia,Seca y limpia,Ondulado,Media ladera Izquierda,Curva Derecha,Transito normal con precaución,6,35,0,0,0.0,Choque,adelantamientos indebidos,2511_0_0,6.0,0.0
Antioquia,2019-05-08 20:04:00,1,0.0,2019-03-12 05:00:00,martes,35,Normal,Seca y limpia,Plano,Terraplen,Recta,Transito normal con precaución,19,15,0,0,0.0,Otro,no determinada,2511_0_1,18.0,1.0
Antioquia,2019-05-08 20:28:00,6,250.0,2019-03-01 05:00:00,viernes,15,Normal,Seca y limpia,Ondulado,Media ladera Izquierda,Curva Derecha,Transito normal con precaución,10,0,1,0,1.0,Volcamiento,fallas mecanicas y del sistema electrico,2511_0_6,9.0,1.0
Antioquia,2019-05-08 20:39:00,11,380.0,2019-03-25 05:00:00,lunes,0,Lluvia,Humeda,Ondulado,Media ladera Izquierda,Curva Izquierda,Transito normal con precaución,15,30,1,0,1.0,Volcamiento,fallas mecanicas y del sistema electrico,2511_0_11,15.0,0.0
Boyacá,2019-05-09 13:34:00,24,980.0,2019-04-02 05:00:00,martes,0,Normal,Seca y limpia,Plano,Media ladera Izquierda,Curva Derecha,Transito normal con precaución,6,0,0,0,0.0,Choque,desobediencia a normas y senales,45A05_1_24,6.0,0.0
Boyacá,2019-05-09 13:44:00,58,800.0,2019-04-07 05:00:00,domingo,0,Lluvia,Humeda,Plano,Media ladera Izquierda,Curva Izquierda,Transito normal con precaución,22,0,1,0,1.0,Choque,condiciones de la via y factores ambientales,45A05_1_58,22.0,0.0
Boyacá,2019-05-09 13:49:00,76,500.0,2019-04-08 05:00:00,lunes,30,Normal,Seca y limpia,Ondulado,Media ladera Izquierda,Curva Derecha,Transito normal con precaución,16,30,2,0,2.0,Otro,maniobras imprudentes,45A05_1_76,16.0,0.0
Antioquia,2019-05-09 13:44:00,16,30.0,2019-03-19 05:00:00,martes,20,Lluvia,Humeda,Ondulado,Terraplen,Recta,Transito normal con precaución,10,0,0,0,0.0,Choque,no determinada,2511_0_16,8.0,2.0
Boyacá,2019-05-09 13:54:00,40,800.0,2019-04-18 05:00:00,jueves,40,Normal,Seca y limpia,Plano,Media ladera Izquierda,Recta,Transito normal con precaución,17,40,0,0,0.0,Choque,no mantener distancia de seguridad,45A05_1_40,17.0,0.0
Antioquia,2019-05-09 13:54:00,26,30.0,2019-03-13 05:00:00,miercoles,30,Niebla,Humeda,Ondulado,Media ladera Izquierda,Recta,Transito normal con precaución,21,30,0,0,0.0,Choque,fallas mecanicas y del sistema electrico,2511_0_26,20.0,1.0
Boyacá,2019-05-09 13:59:00,35,500.0,2019-04-19 05:00:00,viernes,40,Lluvia,Humeda,Plano,Terraplen,Recta,Transito normal con precaución,15,40,0,0,0.0,Choque,no mantener distancia de seguridad,45A05_1_35,15.0,0.0
Boyacá,2019-05-09 14:08:00,85,569.0,2019-04-19 05:00:00,viernes,0,Normal,Seca y limpia,Ondulado,Media Ladera Derecha,Curva Derecha,Transito normal con precaución,17,0,1,0,1.0,Choque,no mantener distancia de seguridad,45A05_1_85,17.0,0.0
Cauca,2019-05-09 14:15:00,20,0.0,2019-04-27 05:00:00,sabado,54,Sol,Seca y limpia,Ondulado,Media ladera Izquierda,Curva Izquierda,Transito normal con precaución,0,0,0,2,2.0,Choque,no determinada,25CC15_0_20,12.0,12.0
Cauca,2019-05-09 14:29:00,54,450.0,2019-04-13 05:00:00,sabado,0,Normal,Material suelto,Ondulado,Media ladera Izquierda,Recta,Transito normal con precaución,0,0,1,0,1.0,Choque,exceso de velocidad,25CC15_0_54,3.0,21.0
Cauca,2019-05-09 14:37:00,57,800.0,2019-03-17 05:00:00,domingo,0,Sol,Material suelto,Ondulado,Media ladera Izquierda,Curva Derecha,Transito normal con precaución,0,0,1,0,1.0,Volcamiento,no determinada,25CC15_0_57,5.0,19.0
Cauca,2019-05-09 14:46:00,57,100.0,2019-04-27 05:00:00,sabado,30,Sol,Material suelto,Ondulado,Media ladera Izquierda,Recta,Transito normal con precaución,0,0,1,0,1.0,Choque,no determinada,25CC15_0_57,12.0,12.0
Antioquia,2019-05-09 15:05:00,76,300.0,2019-03-07 05:00:00,jueves,0,Normal,Seca y limpia,Montañoso,Media ladera Izquierda,Curva Izquierda,Transito normal con precaución,17,50,0,0,0.0,Choque,no mantener distancia de seguridad,2511_0_76,17.0,0.0
Antioquia,2019-05-09 15:09:00,79,150.0,2019-03-22 05:00:00,viernes,0,Lluvia,Seca y limpia,Montañoso,Media ladera Izquierda,Curva Izquierda,Transito normal con precaución,17,30,0,0,0.0,Choque,no determinada,2511_0_79,17.0,0.0
Antioquia,2019-05-09 15:12:00,81,100.0,2019-03-02 05:00:00,sabado,30,Normal,Seca y limpia,Ondulado,Media ladera Izquierda,Curva Izquierda,Parcial con reducción de carriles,16,35,2,0,2.0,Choque,fallas mecanicas y del sistema electrico,2511_0_81,16.0,0.0
Antioquia,2019-05-09 15:17:00,84,300.0,2019-03-20 05:00:00,miercoles,50,Normal,Seca y limpia,Montañoso,Media ladera Izquierda,Curva Derecha,Transito normal con precaución,9,8,0,0,0.0,Choque,no determinada,2511_0_84,7.0,2.0
Antioquia,2019-05-09 15:30:00,1,300.0,2019-03-23 05:00:00,sabado,0,Normal,Seca y limpia,Plano,Terraplen,Recta,Transito normal con precaución,7,0,0,0,0.0,Volcamiento,no mantener distancia de seguridad,2512_1_1,6.0,1.0
Antioquia,2019-05-09 15:33:00,6,350.0,2019-03-21 05:00:00,jueves,30,Normal,Seca y limpia,Plano,Terraplen,Recta,Parcial con reducción de carriles,8,0,1,0,1.0,Volcamiento,condiciones de la via y factores ambientales,2512_1_6,7.0,1.0
Antioquia,2019-05-09 15:33:00,7,600.0,2019-03-21 05:00:00,jueves,30,Normal,Seca y limpia,Plano,Terraplen,Recta,Parcial con reducción de carriles,12,50,4,0,5.0,Choque,condiciones de la via y factores ambientales,2512_1_7,12.0,0.0
Antioquia,2019-05-09 15:40:00,7,650.0,2019-03-12 05:00:00,martes,50,Normal,Seca y limpia,Plano,Terraplen,Curva Izquierda,Transito normal con precaución,3,30,0,0,0.0,Volcamiento,no determinada,2512_1_7,2.0,1.0
Antioquia,2019-05-09 15:43:00,21,300.0,2019-03-08 05:00:00,viernes,20,Normal,Seca y limpia,Plano,Terraplen,Recta,Cierre total,13,20,0,1,1.0,Choque,no determinada,2512_1_21,13.0,0.0
Antioquia,2019-05-09 15:49:00,47,500.0,2019-03-05 05:00:00,martes,30,Normal,Seca y limpia,Plano,Terraplen,Recta,Transito normal con precaución,18,0,0,0,0.0,Choque,no determinada,2512_1_47,16.0,2.0
Antioquia,2019-05-09 16:06:00,61,800.0,2019-03-12 05:00:00,martes,50,Normal,Seca y limpia,Plano,Terraplen,Curva Izquierda,Transito normal con precaución,8,10,0,0,0.0,Choque,no mantener distancia de seguridad,2512_1_61,7.0,1.0
Antioquia,2019-05-09 16:11:00,62,890.0,2019-03-04 05:00:00,lunes,30,Normal,Seca y limpia,Plano,Terraplen,Recta,Transito normal con precaución,7,55,0,0,0.0,Choque,no mantener distancia de seguridad,2512_2_62,7.0,0.0
Antioquia,2019-05-09 16:14:00,63,200.0,2019-03-10 05:00:00,domingo,55,Normal,Seca y limpia,Plano,Terraplen,Curva Izquierda,Parcial con reducción de carriles,8,10,1,0,1.0,Choque,no determinada,2512_1_63,7.0,1.0
Boyacá,2019-05-09 14:55:00,36,400.0,2019-04-21 05:00:00,domingo,30,Normal,Seca y limpia,Ondulado,Terraplen,Recta,Transito normal con precaución,9,30,0,1,1.0,Choque,exceso en horas de conduccion,45A05_1_36,9.0,0.0
Boyacá,2019-05-09 19:27:00,1,700.0,2019-04-21 05:00:00,domingo,40,Normal,Seca y limpia,Ondulado,Terraplen,Recta,Transito normal con precaución,11,40,0,0,0.0,Choque,maniobras imprudentes,45ABYB_0_1,11.0,0.0
Boyacá,2019-05-09 19:36:00,20,76.0,2019-04-26 05:00:00,viernes,0,Normal,Seca y limpia,Plano,Media ladera Izquierda,Recta,Transito normal con precaución,23,0,0,0,0.0,Choque,maniobras imprudentes,45A05_1_20,23.0,0.0
Cauca,2019-05-13 16:05:00,12,230.0,2019-04-26 05:00:00,viernes,20,Sol,Seca y limpia,Plano,Media Ladera Derecha,Recta,Transito normal con precaución,15,20,2,0,2.0,Atropello,exceso de velocidad,2601_0_12,15.0,0.0
Planta Central,2019-05-14 20:10:00,61,150.0,2019-04-18 05:00:00,jueves,50,Normal,Seca y limpia,Plano,Terraplen,Curva Izquierda,Transito normal con precaución,0,0,2,0,2.0,Choque,fallas mecanicas y del sistema electrico,4511_1_61,6.0,18.0
Tolima,2019-05-14 20:29:00,48,100.0,2019-04-14 05:00:00,domingo,40,Normal,Seca y limpia,Montañoso,Media Ladera Derecha,Curva Derecha,Transito normal con precaución,11,40,2,0,2.0,Choque,adelantamientos indebidos,4003_1_48,11.0,0.0
Tolima,2019-05-14 20:32:00,45,0.0,2019-04-14 05:00:00,domingo,20,Normal,Seca y limpia,Montañoso,Media ladera Izquierda,Curva Derecha,Transito normal con precaución,6,20,0,0,0.0,Choque,adelantamientos indebidos,4003_1_45,6.0,0.0
Tolima,2019-05-14 20:35:00,15,941.0,2019-04-04 05:00:00,jueves,0,Lluvia,Humeda,Escarpado,Media Ladera Derecha,Curva Izquierda,Transito normal con precaución,7,0,0,0,0.0,Choque,condiciones de la via y factores ambientales,5007_1_15,7.0,0.0
Tolima,2019-05-14 20:40:00,11,990.0,2019-04-11 05:00:00,jueves,0,Normal,Seca y limpia,Escarpado,Media ladera Izquierda,Curva Izquierda,Transito normal con precaución,8,0,0,0,0.0,Choque,adelantamientos indebidos,5007_1_11,8.0,0.0
Tolima,2019-05-14 20:42:00,24,300.0,2019-04-18 05:00:00,jueves,20,Lluvia,Humeda,Escarpado,Media Ladera Derecha,Curva Derecha,Transito normal con precaución,10,20,0,0,0.0,Choque,condiciones de la via y factores ambientales,5007_1_24,10.0,0.0
Tolima,2019-05-14 20:44:00,5,490.0,2019-04-18 05:00:00,jueves,20,Lluvia,Humeda,Escarpado,Media Ladera Derecha,Curva Derecha,Transito normal con precaución,13,20,0,0,0.0,Choque,condiciones de la via y factores ambientales,5007_1_5,13.0,0.0
Planta Central,2019-05-14 21:01:00,67,150.0,2019-04-26 05:00:00,viernes,30,Normal,Seca y limpia,Plano,Terraplen,Recta,Transito normal con precaución,0,0,0,1,1.0,Choque,no determinada,4511_1_67,20.0,4.0
Planta Central,2019-05-14 21:07:00,119,100.0,2019-04-23 05:00:00,martes,45,Normal,Seca y limpia,Plano,Terraplen,Curva Derecha,Transito normal con precaución,0,0,1,0,1.0,Atropello,no determinada,4511_1_119,11.0,13.0
Planta Central,2019-05-14 21:13:00,119,800.0,2019-04-03 05:00:00,miercoles,0,Normal,Seca y limpia,Ondulado,Terraplen,Curva Derecha,Transito normal con precaución,0,0,0,0,0.0,Salida de la vía sin volcarse,defectos fisicos y psiquicos,4511_1_119,12.0,12.0
Planta Central,2019-05-14 21:16:00,128,600.0,2019-04-14 05:00:00,domingo,0,Normal,Seca y limpia,Plano,Terraplen,Recta,Transito normal con precaución,0,0,1,1,2.0,No determinado,no determinada,4511_1_128,21.0,3.0
Planta Central,2019-05-14 21:21:00,146,690.0,2019-04-25 05:00:00,jueves,0,Normal,Seca y limpia,Ondulado,Terraplen,Curva Izquierda,Transito normal con precaución,0,0,0,0,0.0,Salida de la vía sin volcarse,fallas mecanicas y del sistema electrico,4511_1_146,2.0,22.0
Planta Central,2019-05-14 21:25:00,21,30.0,2019-04-02 05:00:00,martes,5,Lluvia,Humeda,Ondulado,Terraplen,Recta,Transito normal con precaución,0,0,0,1,1.0,Choque,adelantamientos indebidos,4513_1_21,6.0,18.0
Planta Central,2019-05-14 21:44:00,26,100.0,2019-04-09 05:00:00,martes,10,Normal,Seca y limpia,Plano,Terraplen,Recta,Transito normal con precaución,0,0,0,0,0.0,Salida de la vía sin volcarse,no mantener distancia de seguridad,4513_1_26,22.0,2.0
Planta Central,2019-05-14 21:47:00,26,700.0,2019-04-14 05:00:00,domingo,5,Normal,Seca y limpia,Plano,Terraplen,Recta,Transito normal con precaución,0,0,0,0,0.0,Choque,no mantener distancia de seguridad,4513_1_26,12.0,12.0
Planta Central,2019-05-14 21:51:00,64,800.0,2019-04-01 05:00:00,lunes,45,Normal,Seca y limpia,Plano,Terraplen,Recta,Transito normal con precaución,0,0,0,0,0.0,Salida de la vía sin volcarse,fallas mecanicas y del sistema electrico,4513_1_64,16.0,8.0
Planta Central,2019-05-14 21:54:00,69,320.0,2019-04-11 05:00:00,jueves,10,Normal,Seca y limpia,Plano,Terraplen,Recta,Transito normal con precaución,0,0,1,0,1.0,Choque,no mantener distancia de seguridad,4513_1_69,15.0,9.0
Planta Central,2019-05-14 21:57:00,82,800.0,2019-04-06 05:00:00,sabado,30,Normal,Seca y limpia,Plano,Terraplen,Recta,Transito normal con precaución,0,0,0,1,1.0,Choque,adelantamientos indebidos,4513_1_82,8.0,16.0
Planta Central,2019-05-14 22:00:00,67,371.0,2019-03-18 05:00:00,lunes,30,Normal,Seca y limpia,Plano,Terraplen,Recta,Transito normal con precaución,0,0,1,0,1.0,Choque,no mantener distancia de seguridad,4511_1_67,20.0,4.0
Antioquia,2019-05-15 19:42:00,70,220.0,2019-04-01 05:00:00,lunes,15,Normal,Seca y limpia,Montañoso,Media ladera Izquierda,Recta,Parcial con reducción de carriles,0,40,2,0,2.0,Choque,no determinada,2509_2_70,15.0,9.0
Antioquia,2019-05-15 19:46:00,69,220.0,2019-04-06 05:00:00,sabado,20,Normal,Seca y limpia,Montañoso,Media ladera Izquierda,Recta,Parcial con reducción de carriles,0,40,1,0,1.0,Choque,no determinada,2509_1_69,14.0,10.0
Antioquia,2019-05-15 20:02:00,67,450.0,2019-04-07 05:00:00,domingo,30,Normal,Seca y limpia,Montañoso,Media ladera Izquierda,Recta,Parcial con reducción de carriles,0,30,1,0,1.0,Choque,no determinada,2509_2_67,22.0,2.0
Antioquia,2019-05-15 20:09:00,69,830.0,2019-04-08 05:00:00,lunes,10,Normal,Seca y limpia,Montañoso,Media ladera Izquierda,Recta,Parcial con reducción de carriles,1,0,4,0,4.0,Choque,no determinada,2509_2_69,1.0,0.0
Antioquia,2019-05-15 20:13:00,67,980.0,2019-04-08 05:00:00,lunes,50,Normal,Seca y limpia,Montañoso,Media ladera Izquierda,Recta,Parcial con reducción de carriles,1,15,0,0,0.0,Choque,no determinada,2509_1_67,10.0,15.0
Antioquia,2019-05-15 20:17:00,64,450.0,2019-04-09 05:00:00,martes,50,Normal,Seca y limpia,Montañoso,Media ladera Izquierda,Curva Izquierda,Parcial con paso alternado,0,40,0,0,0.0,Choque,no determinada,2509_2_64,7.0,17.0
Antioquia,2019-05-15 20:22:00,70,0.0,2019-04-09 05:00:00,martes,50,Normal,Seca y limpia,Montañoso,Media ladera Izquierda,Recta,Parcial con reducción de carriles,0,40,2,0,2.0,Choque,no determinada,2509_2_70,20.0,4.0
Antioquia,2019-05-15 20:25:00,70,800.0,2019-04-09 05:00:00,martes,15,Normal,Seca y limpia,Montañoso,Media ladera Izquierda,Recta,Parcial con reducción de carriles,1,0,1,0,1.0,Choque,no determinada,2509_2_70,9.0,16.0
Antioquia,2019-05-15 20:27:00,67,550.0,2019-04-12 05:00:00,viernes,30,Normal,Seca y limpia,Montañoso,Media ladera Izquierda,Recta,Parcial con reducción de carriles,0,45,1,0,1.0,Choque,no determinada,2509_2_67,12.0,12.0
Antioquia,2019-05-15 20:30:00,71,700.0,2019-04-13 05:00:00,sabado,30,Normal,Seca y limpia,Montañoso,Media ladera Izquierda,Recta,Transito normal con precaución,0,45,1,0,1.0,Otro,no determinada,2509_2_71,13.0,11.0
Antioquia,2019-05-15 20:32:00,89,600.0,2019-04-15 05:00:00,lunes,40,Normal,Seca y limpia,Montañoso,Media Ladera Derecha,Recta,Transito normal con precaución,0,30,0,0,0.0,Choque,no mantener distancia de seguridad,6003_1_89,17.0,7.0
Antioquia,2019-05-15 20:35:00,89,601.0,2019-04-17 05:00:00,miercoles,30,Normal,Seca y limpia,Montañoso,Media Ladera Derecha,Recta,Parcial con paso alternado,0,40,0,0,0.0,Choque,no mantener distancia de seguridad,6003_1_89,11.0,13.0
Antioquia,2019-05-15 20:39:00,64,404.0,2019-04-17 05:00:00,miercoles,0,Normal,Seca y limpia,Montañoso,Media ladera Izquierda,Curva Izquierda,Parcial con reducción de carriles,1,15,0,0,0.0,Choque,no mantener distancia de seguridad,2509_2_64,17.0,8.0
Antioquia,2019-05-15 20:44:00,70,90.0,2019-04-17 05:00:00,miercoles,50,Normal,Material suelto,Montañoso,Media ladera Izquierda,Recta,Parcial con reducción de carriles,1,30,2,0,2.0,Choque,no determinada,2509_2_70,5.0,20.0
Antioquia,2019-05-15 20:47:00,93,180.4,2019-04-22 05:00:00,lunes,10,Normal,Seca y limpia,Montañoso,Media Ladera Derecha,Recta,Parcial con paso alternado,1,0,1,0,1.0,Choque,conducta de peatones,6003_1_93,16.0,9.0
Antioquia,2019-05-15 20:57:00,69,600.0,2019-04-23 05:00:00,martes,30,Normal,Seca y limpia,Montañoso,Media ladera Izquierda,Recta,Parcial con reducción de carriles,1,15,1,0,1.0,Choque,no determinada,2509_2_69,16.0,9.0
Antioquia,2019-05-15 21:00:00,70,300.0,2019-04-24 05:00:00,miercoles,30,Normal,Seca y limpia,Montañoso,Media ladera Izquierda,Recta,Parcial con reducción de carriles,0,45,1,0,1.0,Choque,no determinada,2509_2_70,12.0,12.0
Antioquia,2019-05-15 21:06:00,64,405.0,2019-04-27 05:00:00,sabado,0,Normal,Seca y limpia,Montañoso,Media ladera Izquierda,Curva Izquierda,Parcial con paso alternado,0,40,0,0,0.0,Choque,no determinada,2509_2_64,13.0,11.0
Antioquia,2019-05-15 21:08:00,71,80.0,2019-04-30 05:00:00,martes,30,Normal,Seca y limpia,Montañoso,Media ladera Izquierda,Recta,Parcial con reducción de carriles,1,0,1,0,1.0,Choque,no determinada,2509_1_71,16.0,9.0
Cauca,2019-05-16 01:51:00,84,375.0,2019-04-06 05:00:00,sabado,0,Sol,Seca y limpia,Montañoso,Media Ladera Derecha,Curva Izquierda,Parcial con paso alternado,0,0,2,0,2.0,Choque,imprudencia del conductor,2503_0_84,9.0,15.0
Cauca,2019-05-16 01:58:00,47,820.0,2019-04-10 05:00:00,miercoles,0,Sol,Seca y limpia,Plano,Media ladera Izquierda,Curva Izquierda,Parcial con paso alternado,0,0,0,0,0.0,Choque,impericia en el manejo,2503_0_47,14.0,10.0
Cauca,2019-05-16 13:48:00,70,480.0,2019-04-11 05:00:00,jueves,0,Sol,Seca y limpia,Montañoso,Cajón,Curva Derecha,Parcial con paso alternado,0,0,0,0,0.0,Choque,no mantener distancia de seguridad,2503_0_70,9.0,15.0
Cauca,2019-05-16 13:52:00,118,840.0,2019-04-12 05:00:00,viernes,0,Sol,Seca y limpia,Ondulado,Terraplen,Recta,Parcial con paso alternado,0,0,1,1,2.0,Choque,no determinada,2503_0_118,9.0,15.0
Cauca,2019-05-16 14:03:00,5,360.0,2019-04-12 05:00:00,viernes,30,Sol,Seca y limpia,Ondulado,Cajón,Recta,Transito normal con precaución,0,0,2,0,2.0,Choque,exceso de velocidad,25CCB_1_5,16.0,8.0
Cauca,2019-05-16 14:08:00,10,640.0,2019-04-15 05:00:00,lunes,0,Lluvia,Humeda,Plano,Cajón,Curva Izquierda,Parcial con paso alternado,0,0,0,0,0.0,Choque,no determinada,2503_0_10,10.0,14.0
Cauca,2019-05-16 14:14:00,105,180.0,2019-04-16 05:00:00,martes,0,Normal,Seca y limpia,Ondulado,Terraplen,Curva Derecha,Parcial con paso alternado,0,0,1,0,1.0,Choque,no determinada,2503_0_105,20.0,4.0
Cauca,2019-05-16 14:23:00,27,0.0,2019-04-17 05:00:00,miercoles,0,Sol,Seca y limpia,Plano,Media Ladera Derecha,Recta,Parcial con paso alternado,0,0,2,0,2.0,Volcamiento,no determinada,2503_0_27,16.0,8.0
Cauca,2019-05-16 14:30:00,83,900.0,2019-04-18 05:00:00,jueves,30,Sol,Seca y limpia,Montañoso,Media Ladera Derecha,Recta,Parcial con paso alternado,0,0,1,0,1.0,Choque,no mantener distancia de seguridad,2503_0_83,11.0,13.0
Cauca,2019-05-16 14:32:00,56,675.0,2019-04-20 05:00:00,sabado,30,Sol,Seca y limpia,Ondulado,Media ladera Izquierda,Curva Derecha,Cierre total,1,0,0,0,2.0,Choque,adelantamientos indebidos,2503_0_56,17.0,8.0
Planta Central,2019-05-16 21:49:00,74,100.0,2019-04-02 05:00:00,martes,30,Normal,Humeda,Plano,Terraplen,Recta,Transito normal con precaución,1,0,0,0,0.0,Volcamiento,no determinada,4514_1_74,0.0,1.0
Planta Central,2019-05-20 15:53:00,40,0.0,2019-04-04 05:00:00,jueves,50,Normal,Seca y limpia,Plano,Terraplen,Recta,Transito normal con precaución,13,55,0,0,0.0,Choque,maniobras imprudentes,4514_1_40,13.0,0.0
Planta Central,2019-05-20 15:59:00,92,0.0,2019-04-10 05:00:00,miercoles,20,Normal,Humeda,Plano,Terraplen,Recta,Transito normal con precaución,6,0,3,0,3.0,Volcamiento,condiciones de la via y factores ambientales,4514_1_92,5.0,1.0
Planta Central,2019-05-20 16:14:00,61,400.0,2019-04-16 05:00:00,martes,50,Normal,Seca y limpia,Plano,Media Ladera Derecha,Recta,Transito normal con precaución,5,0,0,0,0.0,Volcamiento,fallas mecanicas y del sistema electrico,4514_2_61,4.0,1.0
Planta Central,2019-05-20 16:22:00,64,0.0,2019-04-17 05:00:00,miercoles,30,Normal,Seca y limpia,Plano,Terraplen,Recta,Transito normal con precaución,1,0,0,0,0.0,Volcamiento,desobediencia a normas y senales,4514_1_64,0.0,1.0
Boyacá,2019-05-20 20:47:00,33,320.0,2019-04-15 05:00:00,lunes,30,Seca,Humeda,Montañoso,Media Ladera Derecha,Curva Derecha,Parcial con reducción de carriles,2,0,0,0,0.0,Choque,no determinada,6404_0_33,18.0,8.0
Boyacá,2019-05-20 20:47:00,30,840.0,2019-04-16 05:00:00,martes,0,Seca,Seca y limpia,Ondulado,Terraplen,Curva Izquierda,Parcial con reducción de carriles,2,30,0,0,2.0,Choque,exceso de velocidad,6404_0_30,10.0,16.0
Boyacá,2019-05-20 20:47:00,20,630.0,2019-04-27 05:00:00,sabado,30,Seca,Seca y limpia,Montañoso,Media ladera Izquierda,Curva Izquierda,Parcial con reducción de carriles,5,0,0,0,2.0,Volcamiento,exceso de velocidad,6404_0_20,6.0,23.0
Boyacá,2019-05-20 20:47:00,25,600.0,2019-05-09 05:00:00,jueves,0,Seca,Seca y limpia,Montañoso,Cajón,Curva Izquierda,Cierre total,4,30,0,0,0.0,Volcamiento,fallas mecanicas y del sistema electrico,6404_0_25,14.0,14.0
Cundinamarca,2019-05-20 21:35:00,37,400.0,2019-04-04 05:00:00,jueves,5,Normal,Seca y limpia,Montañoso,Media ladera Izquierda,Recta,Parcial con paso alternado,0,30,0,0,0.0,Choque,no mantener distancia de seguridad,5008_1_37,15.0,9.0
Cundinamarca,2019-05-20 21:35:00,59,300.0,2019-04-07 05:00:00,domingo,20,Normal,Seca y limpia,Montañoso,Media Ladera Derecha,Curva Izquierda,Parcial con paso alternado,5,20,0,0,0.0,Choque,adelantamientos indebidos,5008_1_59,5.0,0.0
Cundinamarca,2019-05-20 21:35:00,63,898.0,2019-04-09 05:00:00,martes,20,Lluvia,Humeda,Montañoso,Media Ladera Derecha,Recta,Parcial con paso alternado,0,30,0,0,0.0,Choque,condiciones de la via y factores ambientales,5008_1_63,4.0,20.0