territorial,fecha_registro,pr,distancia_pr,fecha_acc,dia_semana_acc,min_acc,condic_meteor,estado_super,terreno,secc_tip,geometria_acc,tipo_cierre,horas_cierre,min_cierre,n_heridos,n_muertos,n_victimas,clase_accidente,causa_posible,ref_loc,hora_acc,duracion_cierre_horas
Cundinamarca,2019-05-21 13:59:00,46,250.0,2019-04-12 05:00:00,viernes,40,Normal,Seca y limpia,Montañoso,Media Ladera Derecha,Recta,Parcial con paso alternado,0,30,0,0,0.0,Choque,adelantamientos indebidos,5008_1_46,0.0,0.0
Cundinamarca,2019-05-21 13:59:00,35,950.0,2019-04-14 05:00:00,domingo,30,Lluvia,Humeda,Montañoso,Media ladera Izquierda,Curva Derecha,Parcial con paso alternado,0,5,1,0,1.0,Choque,condiciones de la via y factores ambientales,5008_1_35,16.0,8.0
Cundinamarca,2019-05-21 13:59:00,55,700.0,2019-04-16 05:00:00,martes,45,Normal,Seca y limpia,Montañoso,Media ladera Izquierda,Recta,Parcial con paso alternado,0,25,0,0,1.0,Choque,no mantener distancia de seguridad,5008_1_55,16.0,8.0
Cundinamarca,2019-05-21 13:59:00,50,600.0,2019-04-17 05:00:00,miercoles,0,Normal,Seca y limpia,Montañoso,Media ladera Izquierda,Recta,Parcial con paso alternado,0,30,0,0,1.0,Choque,adelantamientos indebidos,5008_1_50,14.0,10.0
Cundinamarca,2019-05-21 13:59:00,63,770.0,2019-04-19 05:00:00,viernes,45,Normal,Seca y limpia,Montañoso,Media ladera Izquierda,Recta,Parcial con paso alternado,0,15,1,0,2.0,Choque,no determinada,5008_1_63,9.0,15.0
Cundinamarca,2019-05-21 13:59:00,35,274.0,2019-04-19 05:00:00,viernes,20,Lluvia,Humeda,Montañoso,Media ladera Izquierda,Curva Izquierda,Parcial con paso alternado,0,40,0,0,2.0,Choque,no determinada,5008_1_35,16.0,8.0
Cundinamarca,2019-05-21 16:20:00,35,582.0,2019-04-19 05:00:00,viernes,50,Lluvia,Humeda,Montañoso,Media ladera Izquierda,Recta,Parcial con paso alternado,0,10,0,0,0.0,Choque,adelantamientos indebidos,5008_1_35,17.0,7.0
Cundinamarca,2019-05-21 16:20:00,35,350.0,2019-04-20 05:00:00,sabado,30,Lluvia,Seca y limpia,Montañoso,Media ladera Izquierda,Curva Izquierda,Parcial con paso alternado,0,15,0,0,0.0,Choque,condiciones de la via y factores ambientales,5008_1_35,14.0,10.0
Cundinamarca,2019-05-21 16:20:00,45,650.0,2019-04-21 05:00:00,domingo,40,Normal,Seca y limpia,Montañoso,Media Ladera Derecha,Recta,Parcial con paso alternado,0,10,0,0,0.0,Choque,no mantener distancia de seguridad,5008_1_45,20.0,4.0
Cundinamarca,2019-05-21 16:20:00,37,520.0,2019-04-21 05:00:00,domingo,20,Normal,Seca y limpia,Montañoso,Media ladera Izquierda,Curva Izquierda,Parcial con paso alternado,0,10,0,0,0.0,Choque,no mantener distancia de seguridad,5008_1_37,16.0,8.0
Cundinamarca,2019-05-21 16:20:00,61,180.0,2019-04-21 05:00:00,domingo,45,Normal,Seca y limpia,Montañoso,Media ladera Izquierda,Recta,Parcial con paso alternado,15,45,0,0,0.0,Choque,no mantener distancia de seguridad,5008_1_61,15.0,0.0
Cundinamarca,2019-05-21 16:20:00,52,250.0,2019-04-22 05:00:00,lunes,30,Lluvia,Humeda,Montañoso,Media ladera Izquierda,Curva Derecha,Parcial con paso alternado,0,10,0,0,0.0,Choque,no mantener distancia de seguridad,5008_1_52,1.0,23.0
Cundinamarca,2019-05-21 16:20:00,52,200.0,2019-04-22 05:00:00,lunes,30,Lluvia,Humeda,Montañoso,Media ladera Izquierda,Curva Derecha,Parcial con paso alternado,0,10,3,0,3.0,Choque,adelantamientos indebidos,5008_1_52,14.0,10.0
Cundinamarca,2019-05-21 16:20:00,59,650.0,2019-04-24 05:00:00,miercoles,40,Normal,Seca y limpia,Montañoso,Media ladera Izquierda,Curva Izquierda,Parcial con paso alternado,0,10,0,0,3.0,Choque,no determinada,5008_1_59,20.0,4.0
Cundinamarca,2019-05-21 16:20:00,55,300.0,2019-04-24 05:00:00,miercoles,10,Lluvia,Humeda,Montañoso,Media ladera Izquierda,Recta,Parcial con paso alternado,0,30,0,0,3.0,Choque,no mantener distancia de seguridad,5008_1_55,22.0,2.0
Cundinamarca,2019-05-21 16:20:00,36,400.0,2019-04-26 05:00:00,viernes,50,Lluvia,Humeda,Montañoso,Media Ladera Derecha,Curva Derecha,Parcial con paso alternado,0,20,0,0,3.0,Choque,condiciones de la via y factores ambientales,5008_1_36,14.0,10.0
Cundinamarca,2019-05-21 16:20:00,37,50.0,2019-04-29 05:00:00,lunes,50,Normal,Seca y limpia,Montañoso,Media Ladera Derecha,Curva Izquierda,Parcial con paso alternado,0,10,0,0,3.0,Choque,adelantamientos indebidos,5008_1_37,21.0,3.0
Cundinamarca,2019-05-21 16:20:00,59,400.0,2019-04-26 05:00:00,viernes,30,Normal,Seca y limpia,Montañoso,Media Ladera Derecha,Curva Izquierda,Parcial con paso alternado,0,15,0,0,3.0,Choque,no determinada,5008_1_59,9.0,15.0
Cundinamarca,2019-05-21 16:20:00,26,700.0,2019-04-07 05:00:00,domingo,0,Normal,Seca y limpia,Montañoso,Media Ladera Derecha,Curva Derecha,Parcial con paso alternado,11,0,1,0,4.0,Choque,adelantamientos indebidos,5008_1_26,11.0,0.0
Cundinamarca,2019-05-21 16:20:00,16,800.0,2019-04-27 05:00:00,sabado,40,Normal,Seca y limpia,Montañoso,Media Ladera Derecha,Curva Derecha,Parcial con paso alternado,0,17,0,0,4.0,Choque,no determinada,5008_1_16,3.0,21.0
Cundinamarca,2019-05-21 19:46:00,14,720.0,2019-04-20 05:00:00,sabado,30,Lluvia,Humeda,Montañoso,Media ladera Izquierda,Curva Derecha,Parcial con paso alternado,9,30,0,0,0.0,Choque,no determinada,5008_1_14,9.0,0.0
Boyacá,2019-05-21 21:03:00,31,200.0,2019-04-01 05:00:00,lunes,40,Lluvia,Humeda,Plano,Media Ladera Derecha,Recta,Transito normal con precaución,0,15,0,0,1.0,Atropello,conducta de peatones,6008_0_31,18.0,6.0
Boyacá,2019-05-21 21:03:00,1,850.0,2019-04-12 05:00:00,viernes,40,Niebla,Seca y limpia,Plano,Media Ladera Derecha,Recta,Parcial con paso alternado,1,10,0,1,2.0,Atropello,condiciones de la via y factores ambientales,6008_0_1,23.0,2.0
Boyacá,2019-05-21 21:35:00,60,0.0,2019-04-08 05:00:00,lunes,5,Normal,Seca y limpia,Montañoso,Media Ladera Derecha,Curva Derecha,Transito normal con precaución,0,15,1,0,1.0,Caída ocupante,conducta de pasajeros,6209_0_60,14.0,10.0
Boyacá,2019-05-21 21:40:00,27,450.0,2019-04-20 05:00:00,sabado,50,Normal,Seca y limpia,Plano,Media Ladera Derecha,Recta,Transito normal con precaución,0,10,0,0,0.0,Choque,maniobras imprudentes,6209_0_27,18.0,6.0
Guajira,2019-05-21 23:06:00,52,400.0,2019-05-04 05:00:00,sabado,0,Normal,Seca y limpia,Montañoso,Media ladera Izquierda,Curva Derecha,Parcial restringido a vehiculos pesados,2,30,2,0,2.0,Choque,fallas mecanicas y del sistema electrico,8801_1_52,6.0,20.0
Guajira,2019-05-21 23:20:00,42,500.0,2019-05-20 05:00:00,lunes,30,Normal,Seca y limpia,Montañoso,Cajón,Recta,Transito normal con precaución,0,0,0,0,0.0,Salida de la vía sin volcarse,condiciones de la via y factores ambientales,8801_1_42,4.0,20.0
Caldas,2019-06-17 14:57:00,10,920.0,2019-05-04 05:00:00,sabado,55,Normal,Seca y limpia,Montañoso,Media ladera Izquierda,Curva Izquierda,Parcial con paso alternado,15,15,0,0,0.0,Choque,no determinada,5006_0_10,14.0,1.0
Valle del Cauca,2019-05-23 21:50:00,84,280.0,2019-04-11 05:00:00,jueves,30,Seca,Seca y limpia,Plano,Terraplen,Recta,Transito normal con precaución,0,0,0,1,1.0,Choque,adelantamientos indebidos,2302_1_84,14.0,10.0
Valle del Cauca,2019-05-23 21:54:00,30,200.0,2019-04-15 05:00:00,lunes,0,Lluvia,Humeda,Plano,Media ladera Izquierda,Curva Izquierda,Transito normal con precaución,0,0,1,1,2.0,Volcamiento,desobediencia a normas y senales,2302_1_30,6.0,18.0
Planta Central,2019-05-24 19:18:00,28,37.0,2019-04-04 05:00:00,jueves,30,Normal,Seca y limpia,Plano,Terraplen,Recta,Transito normal con precaución,0,0,0,0,0.0,Choque,no mantener distancia de seguridad,4511_2_28,15.0,9.0
Planta Central,2019-05-24 19:18:00,107,564.0,2019-04-08 05:00:00,lunes,0,Lluvia,Humeda,Plano,Terraplen,Recta,Parcial con reducción de carriles,3,0,0,0,0.0,Volcamiento,condiciones de la via y factores ambientales,4510_2_107,4.0,23.0
Planta Central,2019-05-24 19:18:00,54,100.0,2019-04-11 05:00:00,jueves,30,Normal,Seca y limpia,Plano,Terraplen,Recta,Transito normal con precaución,0,30,0,0,0.0,Choque,condiciones de la via y factores ambientales,4511_1_54,11.0,13.0
Planta Central,2019-05-24 19:18:00,0,320.0,2019-04-13 05:00:00,sabado,30,Normal,Seca y limpia,Plano,Terraplen,Recta,Transito normal con precaución,3,0,1,1,2.0,Volcamiento,maniobras imprudentes,4511_1_0,9.0,18.0
Planta Central,2019-05-24 19:18:00,13,600.0,2019-04-14 05:00:00,domingo,30,Viento,Seca y limpia,Plano,Terraplen,Recta,Transito normal con precaución,1,0,0,0,2.0,Choque,no mantener distancia de seguridad,4511_1_13,2.0,23.0
Planta Central,2019-05-24 19:18:00,13,0.0,2019-04-14 05:00:00,domingo,10,Normal,Seca y limpia,Plano,Terraplen,Recta,Transito normal con precaución,2,0,0,0,2.0,Choque,no mantener distancia de seguridad,4511_1_13,3.0,23.0
Planta Central,2019-05-24 19:18:00,118,360.0,2019-04-17 05:00:00,miercoles,40,Normal,Seca y limpia,Plano,Terraplen,Recta,Transito normal con precaución,2,0,0,0,2.0,Volcamiento,no determinada,4510_1_118,6.0,20.0
Planta Central,2019-05-24 19:18:00,84,279.0,2019-04-17 05:00:00,miercoles,30,Normal,Seca y limpia,Plano,Terraplen,Recta,Transito normal con precaución,2,0,0,0,2.0,Choque,no mantener distancia de seguridad,4510_2_84,14.0,12.0
Planta Central,2019-05-24 19:18:00,7,130.0,2019-04-21 05:00:00,domingo,40,Normal,Seca y limpia,Plano,Terraplen,Curva Izquierda,Transito normal con precaución,1,0,0,0,2.0,Volcamiento,no determinada,4511_1_7,6.0,19.0
Planta Central,2019-05-24 19:18:00,39,970.0,2018-12-08 05:00:00,sabado,0,Normal,Seca y limpia,Plano,Terraplen,Recta,Transito normal con precaución,1,0,0,0,2.0,Choque,no mantener distancia de seguridad,4511_1_39,22.0,3.0
Planta Central,2019-05-24 19:18:00,117,360.0,2018-12-13 05:00:00,jueves,0,Viento,Seca y limpia,Plano,Terraplen,Recta,Transito normal con precaución,1,0,0,0,2.0,Choque,adelantamientos indebidos,4510_1_117,7.0,18.0
Planta Central,2019-05-24 19:18:00,105,640.0,2018-12-15 05:00:00,sabado,20,Normal,Seca y limpia,Plano,Terraplen,Recta,Transito normal con precaución,1,0,0,0,2.0,Incendio,fallas mecanicas y del sistema electrico,4510_1_105,22.0,3.0
Planta Central,2019-05-24 19:18:00,87,200.0,2018-12-18 05:00:00,martes,0,Normal,Seca y limpia,Plano,Terraplen,Recta,Transito normal con precaución,2,20,0,0,2.0,Choque,exceso en horas de conduccion,4510_1_87,9.0,17.0
Planta Central,2019-05-24 19:18:00,119,200.0,2018-12-19 05:00:00,miercoles,30,Normal,Seca y limpia,Plano,Terraplen,Recta,Cierre total,2,0,0,0,2.0,Volcamiento,exceso en horas de conduccion,4510_1_119,6.0,20.0
Planta Central,2019-05-24 19:18:00,14,302.0,2018-12-22 05:00:00,sabado,30,Normal,Seca y limpia,Plano,Terraplen,Recta,Transito normal con precaución,0,0,0,0,2.0,Choque,no mantener distancia de seguridad,4511_1_14,7.0,17.0
Planta Central,2019-05-24 19:18:00,129,920.0,2018-12-23 05:00:00,domingo,30,Normal,Seca y limpia,Plano,Terraplen,Recta,Transito normal con precaución,1,0,0,0,2.0,Choque,no determinada,4510_1_129,19.0,6.0
Planta Central,2019-05-24 19:18:00,84,260.0,2018-12-23 05:00:00,domingo,10,Normal,Seca y limpia,Plano,Terraplen,Recta,Cierre total,0,0,0,0,2.0,Volcamiento,maniobras imprudentes,4510_2_84,23.0,1.0
Planta Central,2019-05-24 19:18:00,79,440.0,2018-12-26 05:00:00,miercoles,0,Normal,Seca y limpia,Plano,Terraplen,Recta,Transito normal con precaución,0,0,0,0,2.0,Choque,no mantener distancia de seguridad,4510_1_79,12.0,12.0
Planta Central,2019-05-24 19:18:00,67,500.0,2018-12-29 05:00:00,sabado,0,Normal,Seca y limpia,Plano,Terraplen,Recta,Transito normal con precaución,0,0,0,0,2.0,Choque,adelantamientos indebidos,4510_2_67,3.0,21.0
Planta Central,2019-05-24 19:18:00,16,500.0,2018-12-24 05:00:00,lunes,0,Normal,Seca y limpia,Plano,Terraplen,Recta,Transito normal con precaución,0,0,0,0,2.0,Choque,no mantener distancia de seguridad,4511_1_16,18.0,6.0
Planta Central,2019-05-24 19:18:00,134,0.0,2018-12-27 05:00:00,jueves,50,Normal,Seca y limpia,Plano,Terraplen,Recta,Transito normal con precaución,1,0,0,0,2.0,Choque,condiciones de la via y factores ambientales,4510_1_134,4.0,21.0
Planta Central,2019-05-24 19:18:00,0,0.0,2018-12-31 05:00:00,lunes,30,Normal,Seca y limpia,Plano,Terraplen,Recta,Parcial con paso alternado,3,0,0,0,2.0,Choque,exceso en horas de conduccion,4511_1_0,6.0,21.0
Planta Central,2019-05-25 15:18:00,28,200.0,2019-04-13 05:00:00,sabado,0,Normal,Seca y limpia,Plano,Terraplen,Recta,Transito normal con precaución,3,15,0,0,0.0,Volcamiento,desobediencia a normas y senales,4514_1_28,3.0,0.0
Planta Central,2019-05-25 15:51:00,13,500.0,2019-04-16 05:00:00,martes,30,Sol,Seca y limpia,Plano,Terraplen,Recta,Transito normal con precaución,8,40,0,0,0.0,Choque,desobediencia a normas y senales,4514_1_13,8.0,0.0
Planta Central,2019-05-25 15:57:00,91,100.0,2019-04-16 05:00:00,martes,20,Normal,Seca y limpia,Plano,Terraplen,Recta,Transito normal con precaución,15,50,0,0,0.0,Volcamiento,desobediencia a normas y senales,4514_2_91,15.0,0.0
Planta Central,2019-05-27 15:36:00,57,600.0,2019-04-22 05:00:00,lunes,50,Normal,Seca y limpia,Plano,Media Ladera Derecha,Recta,Transito normal con precaución,20,0,0,0,0.0,Choque,adelantamientos indebidos,4514_2_57,19.0,1.0
Boyacá,2019-05-28 15:40:00,22,650.0,2019-05-22 05:00:00,miercoles,30,Seca,Seca y limpia,Montañoso,Media ladera Izquierda,Curva Derecha,Parcial con reducción de carriles,4,0,0,0,0.0,Choque,exceso de velocidad,6404_0_22,6.0,22.0
Antioquia,2019-05-29 14:07:00,60,137.0,2019-04-04 05:00:00,jueves,15,Normal,Seca y limpia,Ondulado,Terraplen,Curva Izquierda,Transito normal con precaución,16,55,0,0,0.0,Choque,adelantamientos indebidos,2510_1_60,16.0,0.0
Antioquia,2019-05-29 14:07:00,69,150.0,2019-04-11 05:00:00,jueves,40,Normal,Seca y limpia,Plano,Media Ladera Derecha,Curva Derecha,Transito normal con precaución,20,0,1,0,1.0,Choque,adelantamientos indebidos,2510_1_69,19.0,1.0
Antioquia,2019-05-29 14:22:00,71,800.0,2019-04-03 05:00:00,miercoles,45,Normal,Seca y limpia,Ondulado,Media ladera Izquierda,Curva Derecha,Transito normal con precaución,11,30,0,0,0.0,Choque,no mantener distancia de seguridad,2510_1_71,10.0,1.0
Antioquia,2019-05-29 14:22:00,75,650.0,2019-04-18 05:00:00,jueves,15,Normal,Seca y limpia,Ondulado,Media ladera Izquierda,Curva Izquierda,Transito normal con precaución,16,40,1,0,1.0,Choque,maniobras imprudentes,2510_1_75,16.0,0.0
Antioquia,2019-05-29 14:22:00,79,300.0,2019-04-08 05:00:00,lunes,15,Normal,Seca y limpia,Ondulado,Terraplen,Recta,Parcial con reducción de carriles,7,0,1,0,2.0,Choque,no determinada,2510_1_79,6.0,1.0
Antioquia,2019-05-29 14:46:00,81,0.0,2019-04-22 05:00:00,lunes,30,Normal,Seca y limpia,Ondulado,Terraplen,Recta,Parcial con reducción de carriles,11,30,2,0,2.0,Choque,no determinada,2510_1_81,11.0,0.0
Antioquia,2019-05-29 14:50:00,3,635.0,2019-04-17 05:00:00,miercoles,40,Lluvia,Humeda,Ondulado,Media ladera Izquierda,Curva Derecha,Transito normal con precaución,13,5,0,0,0.0,Choque,fallas mecanicas y del sistema electrico,2511_0_3,12.0,1.0
Antioquia,2019-05-29 14:50:00,9,95.0,2019-04-11 05:00:00,jueves,30,Normal,Seca y limpia,Plano,Terraplen,Recta,Transito normal con precaución,10,45,0,0,0.0,Choque,adelantamientos indebidos,2511_0_9,19.0,15.0
Antioquia,2019-05-29 14:50:00,11,430.0,2019-04-16 05:00:00,martes,30,Normal,Seca y limpia,Ondulado,Media ladera Izquierda,Curva Derecha,Transito normal con precaución,14,50,1,0,1.0,Choque,adelantamientos indebidos,2511_0_11,14.0,0.0
Antioquia,2019-05-29 15:07:00,29,250.0,2019-04-13 05:00:00,sabado,0,Normal,Seca y limpia,Montañoso,Media ladera Izquierda,Curva Derecha,Transito normal con precaución,17,35,0,0,0.0,Choque,no mantener distancia de seguridad,2511_0_29,17.0,0.0
Antioquia,2019-05-29 15:07:00,47,900.0,2019-04-17 05:00:00,miercoles,0,Lluvia,Humeda,Ondulado,Media ladera Izquierda,Curva Derecha,Transito normal con precaución,7,50,5,0,5.0,Choque,no determinada,2511_0_47,7.0,0.0
Antioquia,2019-05-29 15:31:00,48,250.0,2019-04-28 05:00:00,domingo,0,Niebla,Humeda,Ondulado,Media ladera Izquierda,Recta,Transito normal con precaución,22,0,0,0,0.0,Choque,no mantener distancia de seguridad,2511_0_48,21.0,1.0
Antioquia,2019-05-29 15:40:00,49,50.0,2019-04-03 05:00:00,miercoles,0,Niebla,Seca y limpia,Montañoso,Media ladera Izquierda,Curva Derecha,Transito normal con precaución,9,0,1,0,1.0,Volcamiento,no determinada,2511_0_49,7.0,2.0
Antioquia,2019-05-29 15:45:00,51,0.0,2019-04-08 05:00:00,lunes,19,Normal,Seca y limpia,Montañoso,Media ladera Izquierda,Curva Izquierda,Transito normal con precaución,12,35,0,0,0.0,Choque,adelantamientos indebidos,2511_0_51,12.0,0.0
Antioquia,2019-05-29 15:45:00,53,900.0,2019-04-12 05:00:00,viernes,0,Normal,Seca y limpia,Montañoso,Media ladera Izquierda,Curva Izquierda,Transito normal con precaución,8,30,0,0,0.0,Choque,no determinada,2511_0_53,7.0,1.0
Caldas,2019-06-17 15:00:00,5,700.0,2019-05-05 05:00:00,domingo,20,Normal,Seca y limpia,Montañoso,Media ladera Izquierda,Curva Derecha,Parcial con paso alternado,5,45,0,0,0.0,Choque,estacionamiento y senalizacion imprudente,5006_0_5,5.0,0.0
Antioquia,2019-05-29 15:51:00,55,100.0,2019-04-18 05:00:00,jueves,50,Lluvia,Humeda,Montañoso,Media ladera Izquierda,Curva Izquierda,Parcial con reducción de carriles,7,0,2,0,2.0,Choque,no determinada,2511_0_55,5.0,2.0
Antioquia,2019-05-29 15:54:00,55,200.0,2019-04-21 05:00:00,domingo,0,Normal,Seca y limpia,Ondulado,Media ladera Izquierda,Curva Izquierda,Transito normal con precaución,10,0,0,0,0.0,Choque,no determinada,2511_0_55,9.0,1.0
Antioquia,2019-05-29 16:00:00,55,320.0,2019-04-28 05:00:00,domingo,20,Normal,Seca y limpia,Montañoso,Media ladera Izquierda,Curva Izquierda,Transito normal con precaución,8,20,0,0,0.0,Choque,no determinada,2511_0_55,7.0,1.0
Antioquia,2019-05-29 16:06:00,73,400.0,2019-04-20 05:00:00,sabado,0,Normal,Seca y limpia,Montañoso,Media ladera Izquierda,Curva Derecha,Transito normal con precaución,9,30,0,0,0.0,Choque,maniobras imprudentes,2511_0_73,9.0,0.0
Antioquia,2019-05-29 16:10:00,73,900.0,2019-04-04 05:00:00,jueves,0,Normal,Seca y limpia,Ondulado,Media ladera Izquierda,Curva Izquierda,Transito normal con precaución,22,40,0,0,0.0,Volcamiento,fallas mecanicas y del sistema electrico,2511_0_73,22.0,0.0
Antioquia,2019-05-29 16:10:00,75,950.0,2019-04-03 05:00:00,miercoles,35,Normal,Seca y limpia,Montañoso,Media ladera Izquierda,Curva Derecha,Transito normal con precaución,13,40,0,0,0.0,Choque,no mantener distancia de seguridad,2511_0_75,12.0,1.0
Antioquia,2019-05-29 16:28:00,84,250.0,2019-04-20 05:00:00,sabado,15,Normal,Seca y limpia,Montañoso,Media ladera Izquierda,Curva Derecha,Transito normal con precaución,15,35,0,0,0.0,Choque,no determinada,2511_0_84,15.0,0.0
Antioquia,2019-05-29 16:33:00,0,150.0,2019-04-28 05:00:00,domingo,35,Lluvia,Humeda,Plano,Terraplen,Recta,Parcial con reducción de carriles,5,15,0,1,1.0,Choque,exceso de velocidad,2512_1_0,4.0,1.0
Antioquia,2019-05-29 16:35:00,21,195.0,2019-04-24 05:00:00,miercoles,27,Normal,Seca y limpia,Plano,Terraplen,Recta,Transito normal con precaución,2,0,0,0,0.0,Choque,no determinada,2512_1_21,1.0,1.0
Antioquia,2019-05-29 16:44:00,26,750.0,2019-04-16 05:00:00,martes,30,Normal,Seca y limpia,Plano,Terraplen,Curva Izquierda,Parcial con reducción de carriles,11,49,3,1,4.0,Choque,no determinada,2512_1_26,11.0,0.0
Antioquia,2019-05-29 19:04:00,34,400.0,2019-04-23 05:00:00,martes,30,Normal,Seca y limpia,Plano,Terraplen,Recta,Transito normal con precaución,9,10,0,0,0.0,Choque,no determinada,2512_1_34,8.0,1.0
Antioquia,2019-05-29 19:14:00,37,600.0,2019-04-13 05:00:00,sabado,0,Normal,Seca y limpia,Plano,Terraplen,Curva Izquierda,Transito normal con precaución,4,30,0,0,0.0,Choque,no determinada,2512_1_37,4.0,0.0
Antioquia,2019-05-29 19:22:00,37,690.0,2019-04-16 05:00:00,martes,10,Normal,Seca y limpia,Plano,Terraplen,Recta,Transito normal con precaución,11,10,0,1,1.0,Choque,maniobras imprudentes,2512_1_37,11.0,0.0
Antioquia,2019-05-29 19:28:00,49,0.0,2019-04-20 05:00:00,sabado,0,Normal,Seca y limpia,Plano,Terraplen,Curva Izquierda,Transito normal con precaución,0,5,0,0,0.0,Choque,no determinada,2512_1_49,9.0,15.0
Caldas,2019-06-17 14:50:00,25,540.0,2019-05-05 05:00:00,domingo,30,Normal,Seca y limpia,Montañoso,Media ladera Izquierda,Curva Derecha,Parcial con reducción de carriles,21,15,0,0,0.0,Choque,no determinada,2508_1_25,20.0,1.0
Caldas,2019-06-17 14:54:00,2,380.0,2019-05-03 05:00:00,viernes,0,Normal,Seca y limpia,Montañoso,Media Ladera Derecha,Recta,Parcial con paso alternado,7,20,0,0,0.0,Choque,maniobras imprudentes,5006_0_2,7.0,0.0
Caldas,2019-06-17 15:02:00,5,450.0,2019-05-07 05:00:00,martes,30,Normal,Seca y limpia,Montañoso,Media ladera Izquierda,Curva Izquierda,Parcial con paso alternado,11,50,0,0,0.0,Choque,no determinada,5006_0_5,11.0,0.0
Caldas,2019-06-17 15:05:00,1,100.0,2019-05-08 05:00:00,miercoles,5,Lluvia,Humeda,Montañoso,Media ladera Izquierda,Recta,Parcial con paso alternado,7,30,0,0,0.0,Choque,no determinada,5006_0_1,7.0,0.0
Caldas,2019-06-17 15:09:00,1,800.0,2019-05-09 05:00:00,jueves,30,Normal,Seca y limpia,Montañoso,Media ladera Izquierda,Recta,Parcial con paso alternado,9,40,0,0,0.0,Choque,no mantener distancia de seguridad,5006_0_1,9.0,0.0
Caldas,2019-06-17 15:11:00,0,800.0,2019-05-11 05:00:00,sabado,15,Lluvia,Humeda,Montañoso,Media ladera Izquierda,Recta,Parcial con paso alternado,13,30,0,0,0.0,Choque,desobediencia a normas y senales,5006_0_0,15.0,22.0
Caldas,2019-06-17 15:13:00,11,260.0,2019-05-11 05:00:00,sabado,20,Lluvia,Humeda,Montañoso,Media ladera Izquierda,Curva Izquierda,Parcial con paso alternado,14,45,0,0,0.0,Choque,no determinada,5006_0_11,14.0,0.0
Caldas,2019-06-17 15:15:00,16,860.0,2019-05-11 05:00:00,sabado,10,Lluvia,Humeda,Montañoso,Media ladera Izquierda,Curva Izquierda,Parcial con paso alternado,20,40,0,0,0.0,Choque,no determinada,5006_0_16,20.0,0.0
Caldas,2019-06-17 15:20:00,4,60.0,2019-05-11 05:00:00,sabado,20,Lluvia,Humeda,Montañoso,Media Ladera Derecha,Recta,Parcial con paso alternado,21,45,0,0,0.0,Choque,no determinada,5006_0_4,21.0,0.0
Caldas,2019-06-17 15:24:00,40,510.0,2019-05-12 05:00:00,domingo,5,Normal,Seca y limpia,Montañoso,Media ladera Izquierda,Curva Derecha,Parcial con paso alternado,13,30,5,0,5.0,Choque,no determinada,2902_1_40,13.0,0.0
Caldas,2019-06-17 15:27:00,32,100.0,2019-05-12 05:00:00,domingo,49,Normal,Seca y limpia,Montañoso,Media ladera Izquierda,Recta,Parcial con paso alternado,12,0,0,0,0.0,Choque,no mantener distancia de seguridad,2902_1_32,11.0,1.0
Caldas,2019-06-17 15:29:00,32,600.0,2019-05-17 05:00:00,viernes,10,Normal,Seca y limpia,Montañoso,Media ladera Izquierda,Recta,Parcial con paso alternado,17,25,0,0,0.0,Choque,fallas mecanicas y del sistema electrico,2902_1_32,17.0,0.0
Caldas,2019-06-17 15:34:00,10,900.0,2019-05-18 05:00:00,sabado,40,Normal,Seca y limpia,Montañoso,Media ladera Izquierda,Curva Izquierda,Parcial con paso alternado,8,10,0,0,0.0,Choque,no determinada,5006_0_10,7.0,1.0
Caldas,2019-06-17 15:58:00,8,40.0,2019-05-20 05:00:00,lunes,35,Normal,Seca y limpia,Montañoso,Media ladera Izquierda,Curva Derecha,Parcial con reducción de carriles,14,50,0,0,0.0,Choque,no determinada,5006_0_8,14.0,0.0
Caldas,2019-06-17 16:05:00,13,0.0,2019-05-24 05:00:00,viernes,15,Lluvia,Humeda,Montañoso,Media ladera Izquierda,Curva Izquierda,Parcial con reducción de carriles,16,20,0,0,0.0,Choque,impericia en el manejo,5006_0_13,16.0,0.0
Caldas,2019-06-17 16:11:00,37,600.0,2019-05-24 05:00:00,viernes,10,Lluvia,Humeda,Escarpado,Media Ladera Derecha,Curva Izquierda,Parcial con reducción de carriles,14,20,0,0,0.0,Choque,no determinada,2902_1_37,14.0,0.0
Caldas,2019-06-17 16:17:00,58,100.0,2019-05-16 05:00:00,jueves,0,Normal,Seca y limpia,Montañoso,Media ladera Izquierda,Recta,Parcial con reducción de carriles,9,30,1,0,1.0,Choque,no determinada,2508_1_58,9.0,0.0
Caldas,2019-06-17 16:20:00,47,0.0,2019-05-16 05:00:00,jueves,0,Normal,Seca y limpia,Montañoso,Media Ladera Derecha,Recta,Parcial con reducción de carriles,14,0,0,1,1.0,Atropello,no determinada,2508_1_47,8.0,6.0
Caldas,2019-06-17 16:28:00,0,500.0,2019-05-16 05:00:00,jueves,15,Normal,Seca y limpia,Montañoso,Media Ladera Derecha,Recta,Parcial con reducción de carriles,15,45,1,0,1.0,Choque,no determinada,2508_1_0,15.0,0.0
Caldas,2019-06-17 16:32:00,7,220.0,2019-05-29 05:00:00,miercoles,30,Normal,Seca y limpia,Montañoso,Media Ladera Derecha,Curva Izquierda,Parcial con reducción de carriles,8,45,0,0,0.0,Choque,fallas mecanicas y del sistema electrico,2508_1_7,8.0,0.0