territorial,fecha_registro,pr,distancia_pr,fecha_acc,dia_semana_acc,min_acc,condic_meteor,estado_super,terreno,secc_tip,geometria_acc,tipo_cierre,horas_cierre,min_cierre,n_heridos,n_muertos,n_victimas,clase_accidente,causa_posible,ref_loc,hora_acc,duracion_cierre_horas
Caldas,2019-06-17 16:34:00,51,600.0,2019-05-29 05:00:00,miercoles,40,Normal,Seca y limpia,Montañoso,Media ladera Izquierda,Recta,Parcial con reducción de carriles,13,10,1,0,1.0,Choque,adelantamientos indebidos,2508_1_51,12.0,1.0
Caldas,2019-06-17 15:31:00,31,850.0,2019-05-18 05:00:00,sabado,30,Normal,Seca y limpia,Montañoso,Media ladera Izquierda,Curva Derecha,Parcial con paso alternado,10,34,2,0,2.0,Choque,no determinada,2902_1_31,10.0,0.0
Cundinamarca,2019-06-17 15:49:00,55,900.0,2019-05-04 05:00:00,sabado,0,Normal,Seca y limpia,Montañoso,Media ladera Izquierda,Curva Izquierda,Transito normal con precaución,0,10,0,0,0.0,Choque,no mantener distancia de seguridad,5008_1_55,2.0,22.0
Cundinamarca,2019-06-17 15:49:00,53,900.0,2019-05-04 05:00:00,sabado,0,Normal,Seca y limpia,Montañoso,Media ladera Izquierda,Recta,Parcial con paso alternado,0,15,0,0,0.0,Choque,no mantener distancia de seguridad,5008_1_53,2.0,22.0
Cundinamarca,2019-06-17 15:49:00,50,450.0,2019-05-04 05:00:00,sabado,40,Normal,Seca y limpia,Montañoso,Media ladera Izquierda,Recta,Parcial con paso alternado,0,20,0,0,0.0,Choque,maniobras imprudentes,5008_1_50,1.0,23.0
Cundinamarca,2019-06-17 15:49:00,43,750.0,2019-05-06 05:00:00,lunes,30,Normal,Seca y limpia,Montañoso,Media ladera Izquierda,Recta,Parcial con paso alternado,14,30,0,0,0.0,Choque,no determinada,5008_1_43,14.0,0.0
Cundinamarca,2019-06-17 15:49:00,41,555.0,2019-05-12 05:00:00,domingo,0,Normal,Seca y limpia,Montañoso,Media Ladera Derecha,Recta,Parcial con paso alternado,0,30,0,0,0.0,Volcamiento,no determinada,5008_1_41,21.0,3.0
Cundinamarca,2019-06-17 15:49:00,47,50.0,2019-05-12 05:00:00,domingo,40,Normal,Seca y limpia,Montañoso,Media ladera Izquierda,Recta,Parcial con paso alternado,0,20,0,0,0.0,Choque,no mantener distancia de seguridad,5008_1_47,19.0,5.0
Cundinamarca,2019-06-17 15:49:00,54,700.0,2019-05-12 05:00:00,domingo,30,Normal,Seca y limpia,Montañoso,Media ladera Izquierda,Curva Izquierda,Parcial con paso alternado,0,20,0,0,0.0,Volcamiento,no determinada,5008_1_54,13.0,11.0
Cundinamarca,2019-06-17 15:49:00,42,950.0,2019-05-15 05:00:00,miercoles,50,Normal,Seca y limpia,Montañoso,Media ladera Izquierda,Recta,Parcial con paso alternado,0,10,0,0,0.0,Choque,adelantamientos indebidos,5008_1_42,1.0,23.0
Cundinamarca,2019-06-17 15:49:00,60,330.0,2019-05-19 05:00:00,domingo,0,Normal,Seca y limpia,Montañoso,Media ladera Izquierda,Recta,Parcial con paso alternado,0,10,0,0,0.0,Caída de carga,no determinada,5008_1_60,12.0,12.0
Cundinamarca,2019-06-17 15:49:00,35,400.0,2019-05-22 05:00:00,miercoles,30,Normal,Seca y limpia,Montañoso,Media ladera Izquierda,Curva Izquierda,Parcial con paso alternado,0,30,0,1,1.0,Choque,adelantamientos indebidos,5008_1_35,15.0,9.0
Cundinamarca,2019-06-17 15:49:00,45,850.0,2019-05-29 05:00:00,miercoles,0,Lluvia,Humeda,Montañoso,Media Ladera Derecha,Recta,Parcial con paso alternado,0,15,0,0,1.0,Choque,adelantamientos indebidos,5008_1_45,22.0,2.0
Cundinamarca,2019-06-17 15:49:00,52,500.0,2019-05-30 05:00:00,jueves,30,Normal,Seca y limpia,Montañoso,Media ladera Izquierda,Recta,Parcial con paso alternado,0,20,0,0,1.0,Choque,condiciones de la via y factores ambientales,5008_1_52,9.0,15.0
Planta Central,2019-06-18 16:53:00,62,800.0,2019-05-25 05:00:00,sabado,45,Lluvia,Humeda,Plano,Terraplen,Recta,Transito normal con precaución,0,0,0,0,0.0,Volcamiento,condiciones de la via y factores ambientales,4511_1_62,6.0,18.0
Planta Central,2019-06-18 17:05:00,62,950.0,2019-05-28 05:00:00,martes,30,Lluvia,Humeda,Plano,Terraplen,Recta,Transito normal con precaución,0,0,0,0,0.0,Salida de la vía sin volcarse,condiciones de la via y factores ambientales,4511_1_62,3.0,21.0
Planta Central,2019-06-18 17:09:00,78,350.0,2019-05-25 05:00:00,sabado,30,Lluvia,Humeda,Ondulado,Terraplen,Recta,Transito normal con precaución,0,0,0,0,0.0,Choque,no mantener distancia de seguridad,4511_1_78,6.0,18.0
Planta Central,2019-06-18 17:13:00,112,550.0,2019-05-31 05:00:00,viernes,30,Normal,Seca y limpia,Ondulado,Terraplen,Recta,Transito normal con precaución,0,0,0,0,0.0,Volcamiento,fallas mecanicas y del sistema electrico,4511_1_112,10.0,14.0
Planta Central,2019-06-18 19:31:00,116,150.0,2019-05-20 05:00:00,lunes,0,Normal,Seca y limpia,Ondulado,Terraplen,Curva Derecha,Transito normal con precaución,0,0,1,0,1.0,Choque,defectos fisicos y psiquicos,4511_1_116,12.0,12.0
Planta Central,2019-06-18 19:59:00,140,320.0,2019-05-13 05:00:00,lunes,0,Normal,Seca y limpia,Ondulado,Terraplen,Recta,Transito normal con precaución,0,0,0,0,0.0,Choque,impericia en el manejo,4511_1_140,4.0,20.0
Planta Central,2019-06-18 20:32:00,1,15.0,2019-05-16 05:00:00,jueves,30,Normal,Seca y limpia,Plano,Terraplen,Recta,Transito normal con precaución,0,0,0,0,0.0,Salida de la vía sin volcarse,fallas mecanicas y del sistema electrico,4513_1_1,8.0,16.0
Planta Central,2019-06-18 20:41:00,2,500.0,2019-05-18 05:00:00,sabado,0,Normal,Seca y limpia,Ondulado,Terraplen,Recta,Transito normal con precaución,0,0,0,0,0.0,Volcamiento,imprudencia del conductor,4513_1_2,10.0,14.0
Planta Central,2019-06-18 20:45:00,12,0.0,2019-05-11 05:00:00,sabado,50,Normal,Seca y limpia,Plano,Terraplen,Recta,Transito normal con precaución,0,0,0,0,0.0,Choque,fallas mecanicas y del sistema electrico,4513_1_12,13.0,11.0
Planta Central,2019-06-18 20:48:00,19,100.0,2019-05-02 05:00:00,jueves,0,Normal,Seca y limpia,Plano,Terraplen,Recta,Transito normal con precaución,0,0,1,0,1.0,Volcamiento,fallas mecanicas y del sistema electrico,4513_1_19,11.0,13.0
Planta Central,2019-06-18 20:54:00,34,550.0,2019-05-17 05:00:00,viernes,20,Normal,Seca y limpia,Plano,Terraplen,Recta,Transito normal con precaución,0,0,0,1,1.0,Choque,no determinada,4513_1_34,5.0,19.0
Planta Central,2019-06-18 21:00:00,37,750.0,2019-05-29 05:00:00,miercoles,30,Normal,Seca y limpia,Plano,Terraplen,Recta,Transito normal con precaución,0,0,0,0,0.0,Choque,adelantamientos indebidos,4513_1_37,12.0,12.0
Planta Central,2019-06-18 21:06:00,58,600.0,2019-05-30 05:00:00,jueves,50,Normal,Seca y limpia,Plano,Terraplen,Recta,Transito normal con precaución,0,0,0,0,0.0,Choque,imprudencia del conductor,4513_1_58,16.0,8.0
Planta Central,2019-06-18 21:14:00,66,200.0,2019-05-30 05:00:00,jueves,40,Normal,Seca y limpia,Plano,Terraplen,Recta,Transito normal con precaución,0,0,0,0,0.0,Incendio,no determinada,4513_1_66,16.0,8.0
Planta Central,2019-06-18 21:19:00,70,0.0,2019-05-23 05:00:00,jueves,50,Normal,Seca y limpia,Plano,Terraplen,Recta,Transito normal con precaución,0,0,0,0,0.0,Choque,maniobras imprudentes,4513_1_70,13.0,11.0
Planta Central,2019-06-18 21:26:00,79,250.0,2019-05-22 05:00:00,miercoles,0,Normal,Seca y limpia,Plano,Terraplen,Recta,Transito normal con precaución,0,0,0,0,0.0,Choque,no mantener distancia de seguridad,4513_1_79,15.0,9.0
Planta Central,2019-06-18 21:29:00,82,550.0,2019-05-11 05:00:00,sabado,50,Normal,Humeda,Plano,Terraplen,Recta,Transito normal con precaución,0,0,3,0,3.0,Choque,no mantener distancia de seguridad,4513_1_82,13.0,11.0
Cundinamarca,2019-06-18 21:38:00,55,900.0,2019-05-13 05:00:00,lunes,30,Normal,Seca y limpia,Montañoso,Media ladera Izquierda,Curva Izquierda,Parcial con paso alternado,0,10,0,0,0.0,Choque,no mantener distancia de seguridad,5008_1_55,9.0,15.0
Cundinamarca,2019-06-19 14:16:00,52,500.0,2019-05-30 05:00:00,jueves,30,Normal,Seca y limpia,Montañoso,Media ladera Izquierda,Recta,Parcial con paso alternado,0,20,0,0,0.0,Choque,condiciones de la via y factores ambientales,5008_1_52,9.0,15.0
Cundinamarca,2019-06-19 14:16:00,50,905.0,2019-05-27 05:00:00,lunes,30,Normal,Seca y limpia,Montañoso,Media ladera Izquierda,Curva Izquierda,Parcial con paso alternado,0,15,0,0,0.0,Choque,no determinada,5008_1_50,8.0,16.0
Cundinamarca,2019-06-19 14:16:00,39,400.0,2019-05-17 05:00:00,viernes,0,Lluvia,Humeda,Montañoso,Media Ladera Derecha,Curva Izquierda,Parcial con paso alternado,0,20,0,0,0.0,Choque,condiciones de la via y factores ambientales,5008_1_39,17.0,7.0
Cundinamarca,2019-06-19 14:41:00,45,850.0,2019-05-30 05:00:00,jueves,0,Lluvia,Humeda,Montañoso,Media Ladera Derecha,Recta,Parcial con paso alternado,0,20,0,0,0.0,Choque,adelantamientos indebidos,5008_1_45,22.0,2.0
Antioquia,2019-06-21 14:14:00,61,0.0,2019-05-19 05:00:00,domingo,30,Normal,Seca y limpia,Ondulado,Terraplen,Recta,Transito normal con precaución,23,49,0,0,0.0,Choque,no determinada,2510_1_61,23.0,0.0
Antioquia,2019-06-21 14:52:00,78,180.0,2019-05-17 05:00:00,viernes,0,Normal,Seca y limpia,Ondulado,Media ladera Izquierda,Curva Izquierda,Transito normal con precaución,20,30,0,0,0.0,Choque,maniobras imprudentes,2511_0_78,20.0,0.0
Antioquia,2019-06-21 15:13:00,78,500.0,2019-05-18 05:00:00,sabado,50,Normal,Seca y limpia,Ondulado,Terraplen,Recta,Transito normal con precaución,18,10,0,0,0.0,Choque,no determinada,2510_1_78,17.0,1.0
Antioquia,2019-06-21 15:24:00,2,900.0,2019-05-25 05:00:00,sabado,30,Lluvia,Seca y limpia,Ondulado,Media ladera Izquierda,Curva Derecha,Transito normal con precaución,12,0,0,0,0.0,Choque,no determinada,2511_0_2,11.0,1.0
Antioquia,2019-06-25 13:50:00,77,350.0,2019-05-25 05:00:00,sabado,0,Normal,Seca y limpia,Montañoso,Media ladera Izquierda,Curva Derecha,Transito normal con precaución,6,0,0,0,0.0,Choque,no mantener distancia de seguridad,2511_0_77,22.0,8.0
Antioquia,2019-06-25 13:55:00,80,800.0,2019-05-22 05:00:00,miercoles,40,Lluvia,Seca y limpia,Ondulado,Media ladera Izquierda,Curva Derecha,Transito normal con precaución,12,40,1,0,1.0,Choque,adelantamientos indebidos,2511_0_80,11.0,1.0
Antioquia,2019-06-25 14:22:00,81,150.0,2019-05-28 05:00:00,martes,0,Normal,Seca y limpia,Montañoso,Media ladera Izquierda,Curva Izquierda,Transito normal con precaución,11,30,0,0,0.0,Choque,no mantener distancia de seguridad,2511_0_81,11.0,0.0
Antioquia,2019-06-25 14:28:00,84,450.0,2019-05-28 05:00:00,martes,30,Normal,Seca y limpia,Montañoso,Media ladera Izquierda,Curva Derecha,Transito normal con precaución,11,30,0,0,0.0,Choque,no mantener distancia de seguridad,2511_0_84,10.0,1.0
Antioquia,2019-06-25 14:30:00,110,0.0,2019-05-04 05:00:00,sabado,0,Normal,Seca y limpia,Plano,Terraplen,Recta,Transito normal con precaución,7,30,0,0,0.0,Choque,no mantener distancia de seguridad,2511_0_110,7.0,0.0
Antioquia,2019-06-25 14:36:00,120,50.0,2019-05-23 05:00:00,jueves,40,Normal,Seca y limpia,Plano,Terraplen,Recta,Transito normal con precaución,11,30,0,0,0.0,Choque,no mantener distancia de seguridad,2511_0_120,10.0,1.0
Antioquia,2019-06-25 14:41:00,17,850.0,2019-05-26 05:00:00,domingo,5,Normal,Seca y limpia,Plano,Terraplen,Recta,Transito normal con precaución,23,58,0,0,0.0,Choque,no determinada,2512_1_17,23.0,0.0
Antioquia,2019-06-25 14:54:00,22,550.0,2019-05-24 05:00:00,viernes,40,Normal,Seca y limpia,Plano,Terraplen,Recta,Parcial con reducción de carriles,12,40,4,1,5.0,Choque,condiciones de la via y factores ambientales,2512_1_22,11.0,1.0
Antioquia,2019-06-25 15:00:00,33,700.0,2019-05-06 05:00:00,lunes,0,Normal,Seca y limpia,Plano,Terraplen,Curva Izquierda,Transito normal con precaución,7,0,0,0,0.0,Choque,condiciones de la via y factores ambientales,2512_1_33,4.0,3.0
Antioquia,2019-06-25 15:00:00,38,260.0,2019-05-14 05:00:00,martes,55,Normal,Seca y limpia,Plano,Terraplen,Recta,Transito normal con precaución,23,59,0,0,0.0,Choque,no mantener distancia de seguridad,2512_1_38,21.0,2.0
Antioquia,2019-06-25 15:10:00,63,500.0,2019-05-12 05:00:00,domingo,20,Normal,Seca y limpia,Plano,Terraplen,Recta,Transito normal con precaución,20,21,0,0,0.0,Choque,no determinada,2512_2_63,20.0,0.0
Antioquia,2019-06-25 15:14:00,62,400.0,2019-05-23 05:00:00,jueves,50,Normal,Seca y limpia,Plano,Terraplen,Recta,Transito normal con precaución,20,15,0,0,0.0,Choque,no determinada,2512_1_62,19.0,1.0
Antioquia,2019-06-25 15:24:00,62,890.0,2019-05-16 05:00:00,jueves,5,Normal,Seca y limpia,Plano,Terraplen,Curva Izquierda,Transito normal con precaución,12,50,0,0,1.0,Choque,no mantener distancia de seguridad,2512_2_62,12.0,0.0
Boyacá,2019-06-27 16:25:00,10,150.0,2019-05-01 05:00:00,miercoles,40,Normal,Seca y limpia,Plano,Media ladera Izquierda,Recta,Transito normal con precaución,17,40,0,0,0.0,Choque,no mantener distancia de seguridad,45A05_1_10,17.0,0.0
Boyacá,2019-07-03 19:30:00,6,800.0,2019-05-03 05:00:00,viernes,0,Seca,Seca y limpia,Plano,Media ladera Izquierda,Recta,Transito normal con precaución,0,0,0,0,0.0,Choque,condiciones de la via y factores ambientales,6209_0_6,21.0,3.0
Boyacá,2019-07-03 19:30:00,35,500.0,2019-05-10 05:00:00,viernes,20,Lluvia,Humeda,Plano,Terraplen,Recta,Transito normal con precaución,0,10,0,0,0.0,Choque,condiciones de la via y factores ambientales,6209_0_35,12.0,12.0
Boyacá,2019-07-03 19:30:00,16,200.0,2019-05-11 05:00:00,sabado,0,Normal,Seca y limpia,Ondulado,Media ladera Izquierda,Curva Izquierda,Transito normal con precaución,0,10,0,0,0.0,Choque,fallas mecanicas y del sistema electrico,6008_0_16,16.0,8.0
Boyacá,2019-07-03 19:30:00,21,200.0,2019-05-17 05:00:00,viernes,30,Normal,Seca y limpia,Montañoso,Media Ladera Derecha,Curva Derecha,Transito normal con precaución,0,10,0,0,0.0,Choque,fallas mecanicas y del sistema electrico,6008_0_21,17.0,7.0
Boyacá,2019-07-03 19:30:00,0,50.0,2019-05-20 05:00:00,lunes,15,Normal,Seca y limpia,Ondulado,Media ladera Izquierda,Curva Izquierda,Parcial con paso alternado,0,30,0,2,2.0,Choque,adelantamientos indebidos,6209_0_0,22.0,2.0
Boyacá,2019-07-03 19:30:00,11,650.0,2019-05-23 05:00:00,jueves,10,Lluvia,Humeda,Montañoso,Media Ladera Derecha,Recta,Transito normal con precaución,0,10,0,0,2.0,Choque,adelantamientos indebidos,6209_0_11,19.0,5.0
Boyacá,2019-07-03 19:30:00,20,950.0,2019-05-24 05:00:00,viernes,30,Lluvia,Humeda,Plano,Media Ladera Derecha,Curva Izquierda,Transito normal con precaución,0,10,0,0,2.0,Choque,adelantamientos indebidos,6209_0_20,8.0,16.0
Casanare,2019-07-05 23:03:00,42,150.0,2019-06-30 05:00:00,domingo,30,Normal,Humeda,Plano,Terraplen,Recta,Transito normal con precaución,0,0,0,0,0.0,Choque,no determinada,6211_1_42,4.0,20.0
Casanare,2019-07-05 23:55:00,95,500.0,2019-06-29 05:00:00,sabado,50,Normal,Seca y limpia,Montañoso,Media Ladera Derecha,Curva Izquierda,Transito normal con precaución,0,0,0,0,0.0,Salida de la vía sin volcarse,no determinada,6211_1_95,3.0,21.0
Caquetá,2019-07-08 14:08:00,44,287.0,2019-06-24 05:00:00,lunes,35,Lluvia,Humeda,Ondulado,Media ladera Izquierda,Curva Derecha,Transito normal con precaución,0,0,6,0,6.0,Volcamiento,imprudencia del conductor,2003_0_44,11.0,13.0
Caquetá,2019-07-08 14:16:00,57,18.0,2019-06-27 05:00:00,jueves,0,Seca,Seca y limpia,Ondulado,Terraplen,Recta,Transito normal con precaución,0,0,1,0,1.0,Choque,condiciones de la via y factores ambientales,6502_1_57,20.0,4.0
Boyacá,2019-07-08 21:03:00,10,100.0,2019-05-10 05:00:00,viernes,30,Normal,Seca y limpia,Plano,Media ladera Izquierda,Curva Izquierda,Transito normal con precaución,22,30,2,0,2.0,Choque,embriaguez o sustancias alucinogenas,45A05_1_10,22.0,0.0
Boyacá,2019-07-08 22:12:00,54,0.0,2019-05-11 05:00:00,sabado,0,Normal,Seca y limpia,Plano,Terraplen,Recta,Transito normal con precaución,12,0,0,0,0.0,Choque,desobediencia a normas y senales,45A05_1_54,12.0,0.0
Boyacá,2019-07-08 22:15:00,57,200.0,2019-05-11 05:00:00,sabado,30,Normal,Seca y limpia,Plano,Terraplen,Recta,Transito normal con precaución,20,30,0,0,0.0,Choque,maniobras imprudentes,45A05_1_57,20.0,0.0
Boyacá,2019-07-08 22:23:00,45,700.0,2019-05-12 05:00:00,domingo,30,Normal,Seca y limpia,Plano,Terraplen,Recta,Transito normal con precaución,8,30,4,0,4.0,Choque,adelantamientos indebidos,45A05_1_45,8.0,0.0
Caldas,2019-07-09 13:10:00,1,600.0,2019-06-25 05:00:00,martes,0,Normal,Seca y limpia,Montañoso,Media Ladera Derecha,Recta,Parcial con reducción de carriles,19,30,0,0,0.0,Choque,no mantener distancia de seguridad,2508_1_1,19.0,0.0
Caldas,2019-07-09 13:14:00,8,200.0,2019-06-18 05:00:00,martes,45,Normal,Seca y limpia,Montañoso,Media Ladera Derecha,Curva Derecha,Parcial con reducción de carriles,4,15,0,0,0.0,Choque,no determinada,2508_1_8,3.0,1.0
Caldas,2019-07-09 13:22:00,11,900.0,2019-06-15 05:00:00,sabado,30,Normal,Seca y limpia,Montañoso,Media ladera Izquierda,Curva Derecha,Parcial con reducción de carriles,21,0,0,0,0.0,Choque,no mantener distancia de seguridad,2508_1_11,20.0,1.0
Caldas,2019-07-09 13:28:00,21,150.0,2019-06-24 05:00:00,lunes,0,Lluvia,Humeda,Montañoso,Media ladera Izquierda,Curva Derecha,Parcial con reducción de carriles,17,20,0,0,0.0,Choque,no determinada,2508_1_21,17.0,0.0
Caldas,2019-07-09 13:38:00,32,400.0,2019-06-06 05:00:00,jueves,30,Normal,Seca y limpia,Montañoso,Media ladera Izquierda,Recta,Parcial con reducción de carriles,19,50,0,0,0.0,Choque,maniobras imprudentes,2508_1_32,19.0,0.0
Caldas,2019-07-09 13:47:00,32,780.0,2019-06-19 05:00:00,miercoles,0,Normal,Seca y limpia,Montañoso,Media ladera Izquierda,Curva Derecha,Parcial con reducción de carriles,5,40,1,0,1.0,Volcamiento,no determinada,2508_1_32,5.0,0.0
Caldas,2019-07-09 13:57:00,40,0.0,2019-06-06 05:00:00,jueves,20,Normal,Seca y limpia,Montañoso,Media ladera Izquierda,Curva Derecha,Parcial con reducción de carriles,0,20,0,0,0.0,Volcamiento,desobediencia a normas y senales,2508_1_40,0.0,0.0
Caldas,2019-07-09 14:24:00,43,230.0,2019-06-09 05:00:00,domingo,35,Normal,Seca y limpia,Montañoso,Media ladera Izquierda,Recta,Parcial con reducción de carriles,15,55,4,0,4.0,Choque,adelantamientos indebidos,2508_1_43,15.0,0.0
Caldas,2019-07-09 14:27:00,45,370.0,2019-06-16 05:00:00,domingo,30,Lluvia,Humeda,Montañoso,Media ladera Izquierda,Curva Izquierda,Parcial con reducción de carriles,3,50,1,0,1.0,Choque,embriaguez o sustancias alucinogenas,2508_1_45,3.0,0.0
Caldas,2019-07-09 14:56:00,45,500.0,2019-06-11 05:00:00,martes,50,Normal,Seca y limpia,Montañoso,Media ladera Izquierda,Recta,Parcial con reducción de carriles,14,52,0,0,0.0,Choque,no mantener distancia de seguridad,2508_1_45,14.0,0.0
Caldas,2019-07-09 14:59:00,46,250.0,2019-06-14 05:00:00,viernes,30,Normal,Seca y limpia,Montañoso,Media ladera Izquierda,Recta,Parcial con reducción de carriles,0,10,1,0,1.0,Choque,embriaguez o sustancias alucinogenas,2508_1_46,23.0,1.0
Caldas,2019-07-09 15:03:00,60,800.0,2019-06-23 05:00:00,domingo,30,Normal,Seca y limpia,Montañoso,Media ladera Izquierda,Recta,Parcial con reducción de carriles,21,0,0,0,0.0,Choque,no determinada,2508_1_60,20.0,1.0
Caldas,2019-07-09 15:07:00,45,0.0,2019-06-29 05:00:00,sabado,20,Normal,Seca y limpia,Montañoso,Media ladera Izquierda,Recta,Parcial con reducción de carriles,10,25,0,0,0.0,Choque,no determinada,2902_1_45,10.0,0.0
Caldas,2019-07-09 15:12:00,30,60.0,2019-06-04 05:00:00,martes,30,Normal,Seca y limpia,Montañoso,Media ladera Izquierda,Recta,Parcial con reducción de carriles,15,40,0,0,0.0,Volcamiento,no determinada,2902_1_30,15.0,0.0
Caldas,2019-07-09 15:15:00,31,480.0,2019-06-07 05:00:00,viernes,15,Normal,Seca y limpia,Montañoso,Media ladera Izquierda,Curva Izquierda,Parcial con reducción de carriles,7,50,0,0,0.0,Choque,no determinada,2902_1_31,7.0,0.0
Caldas,2019-07-09 15:17:00,35,300.0,2019-06-13 05:00:00,jueves,45,Lluvia,Humeda,Montañoso,Media Ladera Derecha,Recta,Parcial con reducción de carriles,16,50,0,0,0.0,Choque,no determinada,2902_1_35,16.0,0.0
Caldas,2019-07-09 15:50:00,40,590.0,2019-06-24 05:00:00,lunes,50,Lluvia,Humeda,Montañoso,Media ladera Izquierda,Curva Derecha,Parcial con reducción de carriles,20,30,0,0,0.0,Choque,no mantener distancia de seguridad,2902_1_40,19.0,1.0
Caldas,2019-07-09 15:55:00,41,400.0,2019-06-02 05:00:00,domingo,15,Normal,Seca y limpia,Montañoso,Media ladera Izquierda,Recta,Parcial con reducción de carriles,16,25,0,0,0.0,Choque,no mantener distancia de seguridad,2902_1_41,16.0,0.0
Caldas,2019-07-09 15:58:00,45,0.0,2019-06-26 05:00:00,miercoles,30,Normal,Seca y limpia,Montañoso,Media ladera Izquierda,Recta,Parcial con reducción de carriles,6,40,0,0,0.0,Choque,adelantamientos indebidos,2902_1_45,6.0,0.0
Boyacá,2019-07-09 20:15:00,33,850.0,2019-06-22 05:00:00,sabado,30,Normal,Seca y limpia,Plano,Terraplen,Recta,Cierre total,0,30,2,0,2.0,Choque,imprudencia del conductor,6404_0_33,16.0,8.0
Cauca,2019-07-09 20:26:00,87,50.0,2019-06-28 05:00:00,viernes,30,Normal,Seca y limpia,Montañoso,Media Ladera Derecha,Curva Izquierda,Transito normal con precaución,0,0,0,0,0.0,Otro,maniobras imprudentes,2602_0_87,8.0,16.0
Cauca,2019-07-09 19:53:00,57,300.0,2019-06-26 05:00:00,miercoles,0,Normal,Lodo,Montañoso,Media ladera Izquierda,Curva Izquierda,Parcial con reducción de carriles,1,0,0,0,0.0,Caída de piedra,condiciones de la via y factores ambientales,2602_0_57,17.0,8.0
Caldas,2019-07-10 13:15:00,1,700.0,2019-06-07 05:00:00,viernes,20,Lluvia,Humeda,Montañoso,Media ladera Izquierda,Recta,Parcial con reducción de carriles,13,30,1,0,1.0,Choque,maniobras imprudentes,5006_0_1,13.0,0.0
Caldas,2019-07-10 15:21:00,2,360.0,2019-06-20 05:00:00,jueves,25,Normal,Seca y limpia,Montañoso,Media ladera Izquierda,Recta,Parcial con reducción de carriles,13,45,1,0,1.0,Atropello,no determinada,5006_0_2,13.0,0.0
Caldas,2019-07-10 15:24:00,4,830.0,2019-06-05 05:00:00,miercoles,0,Normal,Seca y limpia,Montañoso,Media ladera Izquierda,Recta,Parcial con reducción de carriles,15,5,0,0,0.0,Atropello,no determinada,5006_0_4,15.0,0.0
Caldas,2019-07-10 15:27:00,11,920.0,2019-06-24 05:00:00,lunes,10,Lluvia,Humeda,Montañoso,Media ladera Izquierda,Curva Izquierda,Parcial con reducción de carriles,14,30,0,0,0.0,Choque,no determinada,5006_0_11,14.0,0.0
Caldas,2019-07-10 15:30:00,14,900.0,2019-06-20 05:00:00,jueves,0,Normal,Seca y limpia,Montañoso,Media ladera Izquierda,Curva Derecha,Parcial con reducción de carriles,7,15,0,0,0.0,Choque,no determinada,5006_0_14,7.0,0.0
Caldas,2019-07-10 15:31:00,14,960.0,2019-06-08 05:00:00,sabado,45,Lluvia,Humeda,Montañoso,Media ladera Izquierda,Curva Izquierda,Parcial con reducción de carriles,16,5,0,0,0.0,Choque,no determinada,5006_0_14,15.0,1.0
Caldas,2019-07-10 15:33:00,19,150.0,2019-06-06 05:00:00,jueves,56,Lluvia,Humeda,Montañoso,Media ladera Izquierda,Recta,Parcial con reducción de carriles,20,20,0,0,0.0,Choque,no determinada,5006_0_19,19.0,1.0
Caldas,2019-07-10 15:49:00,16,150.0,2019-06-22 05:00:00,sabado,20,Normal,Seca y limpia,Montañoso,Media ladera Izquierda,Curva Izquierda,Parcial con reducción de carriles,22,40,0,0,0.0,Choque,no determinada,5006_0_16,22.0,0.0
Caldas,2019-07-10 15:54:00,29,0.0,2019-06-16 05:00:00,domingo,30,Normal,Seca y limpia,Montañoso,Media ladera Izquierda,Recta,Parcial con reducción de carriles,6,40,1,0,1.0,Choque,no determinada,5005_2_29,6.0,0.0
Caldas,2019-07-10 16:00:00,26,210.0,2019-06-11 05:00:00,martes,20,Normal,Seca y limpia,Montañoso,Media ladera Izquierda,Recta,Parcial con reducción de carriles,18,25,0,0,0.0,Choque,no determinada,5005_1_26,18.0,0.0
Caldas,2019-07-10 16:10:00,28,250.0,2019-06-01 05:00:00,sabado,0,Normal,Seca y limpia,Montañoso,Media ladera Izquierda,Recta,Parcial con reducción de carriles,21,15,0,0,0.0,Choque,no mantener distancia de seguridad,5005_2_28,21.0,0.0
Caldas,2019-07-10 16:12:00,29,0.0,2019-06-14 05:00:00,viernes,30,Normal,Seca y limpia,Montañoso,Media ladera Izquierda,Recta,Parcial con reducción de carriles,22,35,1,0,1.0,Choque,no determinada,5005_2_29,22.0,0.0
Caldas,2019-07-10 16:14:00,29,0.0,2019-06-04 05:00:00,martes,0,Normal,Seca y limpia,Montañoso,Media ladera Izquierda,Recta,Parcial con reducción de carriles,18,10,0,0,0.0,Choque,no mantener distancia de seguridad,5005_2_29,18.0,0.0
Caldas,2019-07-10 16:18:00,33,500.0,2019-06-17 05:00:00,lunes,30,Normal,Seca y limpia,Montañoso,Media Ladera Derecha,Recta,Parcial con reducción de carriles,8,40,0,0,0.0,Choque,no determinada,5005_2_33,8.0,0.0
Caldas,2019-07-10 16:20:00,26,100.0,2019-06-10 05:00:00,lunes,30,Normal,Seca y limpia,Montañoso,Media ladera Izquierda,Recta,Parcial con reducción de carriles,13,35,0,0,0.0,Choque,no mantener distancia de seguridad,5005_1_26,13.0,0.0