territorial,fecha_registro,pr,distancia_pr,fecha_acc,dia_semana_acc,min_acc,condic_meteor,estado_super,terreno,secc_tip,geometria_acc,tipo_cierre,horas_cierre,min_cierre,n_heridos,n_muertos,n_victimas,clase_accidente,causa_posible,ref_loc,hora_acc,duracion_cierre_horas
Caldas,2019-07-10 16:22:00,25,800.0,2019-06-22 05:00:00,sabado,50,Normal,Seca y limpia,Montañoso,Media ladera Izquierda,Curva Izquierda,Parcial con reducción de carriles,12,0,0,0,0.0,Choque,no mantener distancia de seguridad,5005_1_25,11.0,1.0
Caldas,2019-07-10 16:26:00,28,180.0,2019-06-23 05:00:00,domingo,40,Normal,Seca y limpia,Montañoso,Media ladera Izquierda,Recta,Parcial con reducción de carriles,9,45,0,0,0.0,Choque,adelantamientos indebidos,5005_2_28,9.0,0.0
Caldas,2019-07-10 16:26:00,28,230.0,2019-06-23 05:00:00,domingo,0,Normal,Seca y limpia,Montañoso,Media ladera Izquierda,Curva Izquierda,Parcial con reducción de carriles,22,10,0,0,0.0,Choque,no mantener distancia de seguridad,5005_2_28,22.0,0.0
Caldas,2019-07-10 16:31:00,28,350.0,2019-06-21 05:00:00,viernes,45,Normal,Seca y limpia,Montañoso,Media ladera Izquierda,Recta,Parcial con reducción de carriles,22,5,1,0,1.0,Choque,no mantener distancia de seguridad,5005_2_28,21.0,1.0
Caldas,2019-07-10 16:31:00,30,0.0,2019-06-28 05:00:00,viernes,10,Normal,Seca y limpia,Montañoso,Media Ladera Derecha,Recta,Parcial con reducción de carriles,15,20,0,0,1.0,Choque,estacionamiento y senalizacion imprudente,5005_2_30,15.0,0.0
Caldas,2019-07-10 16:31:00,32,150.0,2019-06-24 05:00:00,lunes,50,Normal,Seca y limpia,Montañoso,Media Ladera Derecha,Recta,Parcial con reducción de carriles,6,10,1,0,2.0,Choque,exceso en horas de conduccion,5005_2_32,5.0,1.0
Boyacá,2019-07-10 20:42:00,16,455.0,2019-06-01 05:00:00,sabado,45,Lluvia,Humeda,Montañoso,Media Ladera Derecha,Curva Izquierda,Transito normal con precaución,0,10,0,0,0.0,Volcamiento,exceso de velocidad,6404_0_16,9.0,15.0
Boyacá,2019-07-10 20:42:00,25,535.0,2019-06-03 05:00:00,lunes,30,Normal,Humeda,Montañoso,Media Ladera Derecha,Curva Derecha,Parcial con reducción de carriles,0,45,0,0,0.0,Choque,maniobras imprudentes,6404_0_25,10.0,14.0
Boyacá,2019-07-10 20:51:00,31,300.0,2019-05-31 05:00:00,viernes,10,Normal,Seca y limpia,Montañoso,Media Ladera Derecha,Curva Derecha,Transito normal con precaución,0,10,1,0,2.0,Volcamiento,embriaguez o sustancias alucinogenas,6404_0_31,0.0,0.0
Quindío,2019-08-15 20:33:00,5,800.0,2019-07-13 05:00:00,sabado,40,Seca,Seca y limpia,Ondulado,Terraplen,Recta,Transito normal con precaución,0,0,1,0,1.0,Choque,maniobras imprudentes,2901B_1_5,14.0,10.0
Planta Central,2019-07-11 12:58:00,41,850.0,2019-05-01 05:00:00,miercoles,20,Lluvia,Humeda,Plano,Cajón,Recta,Transito normal con precaución,2,0,0,0,0.0,Choque,condiciones de la via y factores ambientales,4511_1_41,15.0,11.0
Planta Central,2019-07-11 13:17:00,133,380.0,2019-05-02 05:00:00,jueves,50,Normal,Seca y limpia,Plano,Terraplen,Recta,Transito normal con precaución,8,30,1,1,2.0,Choque,adelantamientos indebidos,4510_1_133,18.0,14.0
Planta Central,2019-07-11 13:17:00,49,200.0,2019-05-04 05:00:00,sabado,10,Normal,Seca y limpia,Plano,Terraplen,Recta,Transito normal con precaución,2,0,1,0,3.0,Volcamiento,maniobras imprudentes,4510_2_49,23.0,3.0
Planta Central,2019-07-11 13:17:00,21,0.0,2019-05-08 05:00:00,miercoles,50,Normal,Seca y limpia,Plano,Terraplen,Recta,Transito normal con precaución,1,30,0,0,3.0,Choque,adelantamientos indebidos,4511_2_21,17.0,8.0
Planta Central,2019-07-11 13:17:00,124,300.0,2019-05-22 05:00:00,miercoles,0,Lluvia,Humeda,Plano,Terraplen,Recta,Transito normal con precaución,2,0,0,0,3.0,Choque,no mantener distancia de seguridad,4510_1_124,23.0,3.0
Planta Central,2019-07-11 14:15:00,5,220.0,2019-07-23 05:00:00,martes,50,Normal,Seca y limpia,Plano,Terraplen,Recta,Transito normal con precaución,2,30,0,0,0.0,Choque,no mantener distancia de seguridad,4511_2_5,19.0,7.0
Planta Central,2019-07-11 14:20:00,68,0.0,2019-05-24 05:00:00,viernes,20,Normal,Seca y limpia,Plano,Media Ladera Derecha,Recta,Transito normal con precaución,1,30,0,0,0.0,Choque,defectos fisicos y psiquicos,4510_2_68,0.0,1.0
Planta Central,2019-07-11 14:20:00,95,500.0,2019-05-30 05:00:00,jueves,0,Normal,Seca y limpia,Plano,Terraplen,Recta,Transito normal con precaución,8,30,0,1,1.0,Choque,exceso de velocidad,4510_1_95,14.0,18.0
Planta Central,2019-07-11 14:20:00,10,0.0,1994-01-01 05:00:00,sabado,55,Normal,Humeda,Plano,Terraplen,Recta,Transito normal con precaución,3,0,0,0,1.0,Choque,condiciones de la via y factores ambientales,4511_2_10,9.0,18.0
Planta Central,2019-07-11 21:05:00,69,350.0,2019-05-31 05:00:00,viernes,10,Normal,Lodo,Plano,Media Ladera Derecha,Recta,Transito normal con precaución,1,30,0,0,0.0,Choque,no determinada,4510_2_69,11.0,14.0
Boyacá,2019-07-12 13:33:00,17,400.0,2019-06-10 05:00:00,lunes,28,Seca,Seca y limpia,Montañoso,Media ladera Izquierda,Curva Derecha,Transito normal con precaución,17,28,0,0,0.0,Choque,estacionamiento y senalizacion imprudente,5503_1_17,17.0,0.0
Boyacá,2019-07-12 13:38:00,12,0.0,2019-06-12 05:00:00,miercoles,44,Seca,Seca y limpia,Montañoso,Media Ladera Derecha,Curva Derecha,Transito normal con precaución,11,44,0,0,0.0,Choque,maniobras imprudentes,6211_1_12,11.0,0.0
Boyacá,2019-07-12 13:46:00,17,0.0,2019-06-12 05:00:00,miercoles,44,Normal,Seca y limpia,Montañoso,Media Ladera Derecha,Recta,Parcial con paso alternado,11,44,2,0,2.0,Choque,maniobras imprudentes,5503_1_17,11.0,0.0
Antioquia,2019-07-15 13:35:00,54,500.0,2019-06-06 05:00:00,jueves,0,Normal,Seca y limpia,Ondulado,Media ladera Izquierda,Curva Derecha,Transito normal con precaución,11,25,0,0,0.0,Choque,adelantamientos indebidos,2510_1_54,11.0,0.0
Antioquia,2019-07-15 13:42:00,69,400.0,2019-06-04 05:00:00,martes,40,Normal,Seca y limpia,Ondulado,Media ladera Izquierda,Curva Izquierda,Transito normal con precaución,12,5,1,0,1.0,Choque,no determinada,2510_1_69,11.0,1.0
Antioquia,2019-08-23 23:55:00,102,250.0,2019-07-15 05:00:00,lunes,10,Normal,Seca y limpia,Plano,Media Ladera Derecha,Recta,Transito normal con precaución,16,16,2,0,2.0,Choque,maniobras imprudentes,5601_2_102,16.0,0.0
Antioquia,2019-07-15 13:46:00,68,700.0,2019-06-17 05:00:00,lunes,10,Lluvia,Humeda,Ondulado,Media Ladera Derecha,Curva Derecha,Transito normal con precaución,15,50,0,0,0.0,Choque,no mantener distancia de seguridad,2510_1_68,15.0,0.0
Antioquia,2019-07-15 13:51:00,69,500.0,2019-06-14 05:00:00,viernes,50,Normal,Seca y limpia,Ondulado,Media ladera Izquierda,Recta,Transito normal con precaución,7,10,0,0,0.0,Choque,adelantamientos indebidos,2510_1_69,6.0,1.0
Antioquia,2019-07-15 13:55:00,75,0.0,2019-06-06 05:00:00,jueves,0,Normal,Seca y limpia,Ondulado,Terraplen,Recta,Transito normal con precaución,17,0,0,0,0.0,Choque,embriaguez o sustancias alucinogenas,2510_1_75,17.0,0.0
Antioquia,2019-07-15 13:59:00,79,800.0,2019-06-10 05:00:00,lunes,0,Normal,Seca y limpia,Ondulado,Media ladera Izquierda,Recta,Transito normal con precaución,18,10,0,1,1.0,Choque,adelantamientos indebidos,2510_1_79,17.0,1.0
Antioquia,2019-07-15 14:05:00,80,200.0,2019-06-26 05:00:00,miercoles,30,Normal,Seca y limpia,Ondulado,Terraplen,Recta,Transito normal con precaución,20,0,2,0,2.0,Caída ocupante,maniobras imprudentes,2510_1_80,19.0,1.0
Antioquia,2019-07-15 14:15:00,86,100.0,2019-06-12 05:00:00,miercoles,45,Normal,Seca y limpia,Plano,Terraplen,Recta,Transito normal con precaución,23,45,0,0,0.0,Choque,no determinada,2510_1_86,23.0,0.0
Antioquia,2019-07-15 14:43:00,0,480.0,2019-06-07 05:00:00,viernes,50,Normal,Seca y limpia,Ondulado,Media ladera Izquierda,Curva Derecha,Transito normal con precaución,12,0,0,0,0.0,Choque,no determinada,2511_0_0,10.0,2.0
Antioquia,2019-07-15 14:49:00,6,880.0,2019-06-04 05:00:00,martes,30,Normal,Seca y limpia,Plano,Terraplen,Recta,Transito normal con precaución,13,50,0,0,0.0,Choque,no determinada,2511_0_6,12.0,1.0
Antioquia,2019-07-15 14:51:00,13,340.0,2019-06-08 05:00:00,sabado,40,Lluvia,Humeda,Montañoso,Media ladera Izquierda,Curva Derecha,Transito normal con precaución,4,30,0,0,0.0,Volcamiento,estacionamiento y senalizacion imprudente,2511_0_13,3.0,1.0
Antioquia,2019-07-15 14:55:00,30,300.0,2019-06-26 05:00:00,miercoles,0,Lluvia,Humeda,Ondulado,Media ladera Izquierda,Recta,Transito normal con precaución,21,5,0,0,0.0,Choque,no determinada,2511_0_30,21.0,0.0
Antioquia,2019-07-15 15:04:00,44,881.0,2019-06-19 05:00:00,miercoles,30,Niebla,Seca y limpia,Montañoso,Media ladera Izquierda,Curva Derecha,Transito normal con precaución,23,45,0,0,0.0,Choque,no determinada,2511_0_44,23.0,0.0
Antioquia,2019-07-15 15:07:00,48,700.0,2019-06-19 05:00:00,miercoles,20,Normal,Seca y limpia,Montañoso,Media ladera Izquierda,Curva Izquierda,Transito normal con precaución,10,0,0,0,0.0,Choque,no mantener distancia de seguridad,2511_0_48,9.0,1.0
Antioquia,2019-07-15 15:16:00,47,50.0,2019-06-13 05:00:00,jueves,45,Lluvia,Humeda,Montañoso,Media ladera Izquierda,Curva Izquierda,Transito normal con precaución,16,46,0,0,0.0,Choque,no determinada,2511_0_47,16.0,0.0
Antioquia,2019-07-15 15:23:00,51,0.0,2019-06-21 05:00:00,viernes,30,Normal,Seca y limpia,Montañoso,Media ladera Izquierda,Curva Izquierda,Transito normal con precaución,23,0,0,0,0.0,Choque,no determinada,2511_0_51,22.0,1.0
Antioquia,2019-07-15 15:27:00,53,610.0,2019-06-27 05:00:00,jueves,50,Normal,Humeda,Ondulado,Media ladera Izquierda,Curva Izquierda,Transito normal con precaución,21,50,0,0,0.0,Choque,no mantener distancia de seguridad,2511_0_53,21.0,0.0
Antioquia,2019-07-15 15:43:00,55,0.0,2019-06-18 05:00:00,martes,30,Normal,Seca y limpia,Montañoso,Media ladera Izquierda,Curva Izquierda,Transito normal con precaución,23,35,0,0,0.0,Choque,adelantamientos indebidos,2511_0_55,21.0,2.0
Antioquia,2019-07-15 15:46:00,56,800.0,2019-06-16 05:00:00,domingo,30,Normal,Seca y limpia,Montañoso,Media ladera Izquierda,Curva Izquierda,Transito normal con precaución,5,20,0,0,0.0,Choque,no determinada,2511_0_56,4.0,1.0
Antioquia,2019-07-15 15:50:00,61,140.0,2019-06-15 05:00:00,sabado,30,Normal,Seca y limpia,Ondulado,Media ladera Izquierda,Curva Izquierda,Transito normal con precaución,7,30,0,0,0.0,Choque,no determinada,2511_0_61,7.0,0.0
Antioquia,2019-07-15 16:03:00,71,400.0,2019-06-30 05:00:00,domingo,30,Lluvia,Humeda,Montañoso,Media ladera Izquierda,Curva Izquierda,Transito normal con precaución,21,30,0,0,0.0,Choque,no mantener distancia de seguridad,2511_0_71,21.0,0.0
Antioquia,2019-07-15 16:07:00,72,250.0,2019-06-23 05:00:00,domingo,0,Normal,Seca y limpia,Ondulado,Media ladera Izquierda,Curva Derecha,Transito normal con precaución,11,0,0,0,0.0,Choque,no mantener distancia de seguridad,2511_0_72,11.0,0.0
Antioquia,2019-07-15 16:10:00,74,600.0,2019-06-12 05:00:00,miercoles,30,Lluvia,Humeda,Montañoso,Media ladera Izquierda,Recta,Transito normal con precaución,7,0,0,0,0.0,Choque,condiciones de la via y factores ambientales,2511_0_74,6.0,1.0
Antioquia,2019-07-15 16:20:00,79,770.0,2019-06-12 05:00:00,miercoles,0,Normal,Seca y limpia,Montañoso,Media ladera Izquierda,Curva Derecha,Transito normal con precaución,6,30,0,0,0.0,Choque,no determinada,2511_0_79,6.0,0.0
Antioquia,2019-07-15 16:24:00,93,470.0,2019-06-27 05:00:00,jueves,10,Normal,Seca y limpia,Plano,Terraplen,Recta,Parcial con reducción de carriles,17,45,0,1,1.0,Atropello,no determinada,2511_0_93,16.0,1.0
Antioquia,2019-07-15 16:26:00,101,530.0,2019-07-15 05:00:00,lunes,35,Normal,Seca y limpia,Plano,Terraplen,Recta,Cierre total,8,0,0,1,1.0,Choque,no mantener distancia de seguridad,2511_0_101,7.0,1.0
Antioquia,2019-07-15 16:29:00,113,650.0,2019-06-01 05:00:00,sabado,30,Normal,Humeda,Plano,Terraplen,Recta,Transito normal con precaución,9,10,0,0,0.0,Choque,condiciones de la via y factores ambientales,2511_0_113,8.0,1.0
Cauca,2019-07-15 17:06:00,85,500.0,2019-07-03 05:00:00,miercoles,30,Normal,Seca y limpia,Montañoso,Media Ladera Derecha,Curva Izquierda,Cierre total,1,30,0,0,0.0,Salida de la vía sin volcarse,embriaguez o sustancias alucinogenas,2602_0_85,6.0,19.0
Planta Central,2019-07-15 20:12:00,50,184.0,2019-06-08 05:00:00,sabado,10,Normal,Seca y limpia,Plano,Terraplen,Recta,Transito normal con precaución,2,15,0,0,0.0,Choque,no mantener distancia de seguridad,4511_1_50,20.0,6.0
Planta Central,2019-07-15 20:12:00,73,800.0,2019-06-12 05:00:00,miercoles,30,Normal,Seca y limpia,Plano,Terraplen,Recta,Transito normal con precaución,2,0,0,0,0.0,Choque,fallas mecanicas y del sistema electrico,4510_1_73,16.0,10.0
Planta Central,2019-07-15 20:12:00,24,250.0,2019-06-07 05:00:00,viernes,30,Lluvia,Humeda,Plano,Terraplen,Recta,Transito normal con precaución,1,30,0,0,0.0,Choque,no determinada,4511_2_24,4.0,21.0
Planta Central,2019-07-15 20:12:00,45,100.0,2019-06-02 05:00:00,domingo,0,Normal,Seca y limpia,Plano,Terraplen,Recta,Transito normal con precaución,1,20,0,0,0.0,Choque,adelantamientos indebidos,4511_1_45,7.0,18.0
Planta Central,2019-07-15 21:10:00,40,590.0,2019-06-02 05:00:00,domingo,40,Normal,Seca y limpia,Plano,Media Ladera Derecha,Recta,Transito normal con precaución,9,50,0,1,1.0,Choque,no mantener distancia de seguridad,4511_1_40,20.0,13.0
Planta Central,2019-07-15 21:10:00,93,750.0,2019-06-01 05:00:00,sabado,10,Lluvia,Humeda,Plano,Terraplen,Recta,Transito normal con precaución,3,0,0,0,1.0,Volcamiento,condiciones de la via y factores ambientales,4510_1_93,7.0,20.0
Planta Central,2019-07-15 21:22:00,69,450.0,2019-06-01 05:00:00,sabado,30,Lluvia,Humeda,Plano,Media ladera Izquierda,Recta,Transito normal con precaución,2,40,0,0,0.0,Choque,condiciones de la via y factores ambientales,4510_1_69,0.0,2.0
Planta Central,2019-07-15 21:22:00,61,970.0,2019-06-26 05:00:00,miercoles,45,Normal,Seca y limpia,Plano,Terraplen,Recta,Transito normal con precaución,1,50,0,0,0.0,Salida de la vía sin volcarse,condiciones de la via y factores ambientales,4510_1_61,20.0,5.0
Planta Central,2019-07-15 21:22:00,58,500.0,2019-06-06 05:00:00,jueves,0,Normal,Seca y limpia,Plano,Terraplen,Recta,Transito normal con precaución,2,0,0,0,0.0,Volcamiento,condiciones de la via y factores ambientales,4510_1_58,9.0,17.0
Planta Central,2019-07-15 20:12:00,17,620.0,2019-06-06 05:00:00,jueves,20,Normal,Seca y limpia,Ondulado,Terraplen,Recta,Transito normal con precaución,2,0,0,0,0.0,Choque,condiciones de la via y factores ambientales,4511_1_17,6.0,20.0
Planta Central,2019-07-16 15:14:00,65,850.0,2019-06-19 05:00:00,miercoles,30,Normal,Otra,Plano,Terraplen,Recta,Transito normal con precaución,0,0,1,0,1.0,Choque,no determinada,4511_1_65,5.0,19.0
Planta Central,2019-07-16 16:52:00,76,100.0,2019-06-21 05:00:00,viernes,0,Normal,Seca y limpia,Plano,Terraplen,Recta,Transito normal con precaución,0,0,0,0,0.0,Volcamiento,defectos fisicos y psiquicos,4511_1_76,5.0,19.0
Planta Central,2019-07-16 17:05:00,105,100.0,2019-06-12 05:00:00,miercoles,30,Normal,Seca y limpia,Ondulado,Terraplen,Curva Derecha,Transito normal con precaución,0,0,1,0,1.0,Choque,fallas mecanicas y del sistema electrico,4511_1_105,7.0,17.0
Planta Central,2019-07-16 17:08:00,112,800.0,2019-06-06 05:00:00,jueves,30,Normal,Seca y limpia,Ondulado,Terraplen,Recta,Transito normal con precaución,0,0,0,0,0.0,Volcamiento,fallas mecanicas y del sistema electrico,4511_1_112,12.0,12.0
Planta Central,2019-07-16 17:15:00,116,900.0,2019-06-11 05:00:00,martes,0,Normal,Seca y limpia,Ondulado,Terraplen,Recta,Transito normal con precaución,0,0,0,0,0.0,Incendio,fallas mecanicas y del sistema electrico,4511_1_116,13.0,11.0
Planta Central,2019-07-16 17:18:00,117,0.0,2019-06-08 05:00:00,sabado,15,Normal,Seca y limpia,Plano,Terraplen,Curva Izquierda,Transito normal con precaución,0,0,0,0,0.0,Volcamiento,imprudencia del conductor,4511_1_117,13.0,11.0
Planta Central,2019-07-16 18:29:00,121,420.0,2019-06-19 05:00:00,miercoles,40,Normal,Seca y limpia,Plano,Terraplen,Recta,Transito normal con precaución,0,0,0,1,1.0,Caída ocupante,conducta de pasajeros,4511_1_121,11.0,13.0
Planta Central,2019-07-16 18:33:00,140,0.0,2019-06-16 05:00:00,domingo,0,Normal,Seca y limpia,Plano,Terraplen,Curva Izquierda,Cierre total,0,0,0,0,0.0,Choque,condiciones de la via y factores ambientales,4511_1_140,20.0,4.0
Planta Central,2019-07-16 18:38:00,0,800.0,2019-06-03 05:00:00,lunes,15,Normal,Seca y limpia,Plano,Terraplen,Recta,Transito normal con precaución,0,0,0,0,0.0,Choque,maniobras imprudentes,4513_1_0,3.0,21.0
Planta Central,2019-07-16 18:42:00,1,0.0,2019-06-14 05:00:00,viernes,0,Normal,Seca y limpia,Plano,Terraplen,Recta,Transito normal con precaución,0,0,0,0,0.0,Choque,no determinada,4513_1_1,12.0,12.0
Planta Central,2019-07-16 18:46:00,3,200.0,2019-06-14 05:00:00,viernes,0,Normal,Seca y limpia,Plano,Terraplen,Recta,Transito normal con precaución,0,0,1,0,1.0,Choque,no determinada,4513_1_3,15.0,9.0
Planta Central,2019-07-16 18:49:00,4,100.0,2019-06-11 05:00:00,martes,30,Normal,Seca y limpia,Plano,Terraplen,Recta,Transito normal con precaución,0,0,0,0,0.0,Caída de carga,no determinada,4513_1_4,13.0,11.0
Planta Central,2019-07-16 18:52:00,4,500.0,2019-06-13 05:00:00,jueves,45,Lluvia,Humeda,Plano,Terraplen,Recta,Transito normal con precaución,0,0,1,1,2.0,Choque,adelantamientos indebidos,4513_1_4,10.0,14.0
Planta Central,2019-07-16 18:58:00,19,400.0,2019-06-20 05:00:00,jueves,40,Normal,Seca y limpia,Montañoso,Media Ladera Derecha,Recta,Transito normal con precaución,0,0,0,0,0.0,Choque,no mantener distancia de seguridad,4513_1_19,13.0,11.0
Planta Central,2019-07-16 19:09:00,21,980.0,2019-06-02 05:00:00,domingo,0,Normal,Seca y limpia,Montañoso,Media Ladera Derecha,Recta,Transito normal con precaución,0,0,0,0,0.0,Caída de carga,fallas mecanicas y del sistema electrico,4513_1_21,3.0,21.0
Planta Central,2019-07-16 19:20:00,24,30.0,2019-06-13 05:00:00,jueves,0,Normal,Seca y limpia,Plano,Terraplen,Recta,Transito normal con precaución,0,0,0,0,0.0,Volcamiento,exceso de velocidad,4513_1_24,9.0,15.0
Planta Central,2019-07-16 19:24:00,24,150.0,2019-06-07 05:00:00,viernes,20,Lluvia,Humeda,Plano,Terraplen,Recta,Transito normal con precaución,0,0,5,0,5.0,Atropello,exceso de velocidad,4513_1_24,5.0,19.0
Planta Central,2019-07-16 23:12:00,58,100.0,2019-06-07 05:00:00,viernes,45,Lluvia,Humeda,Plano,Terraplen,Recta,Transito normal con precaución,0,0,0,0,0.0,Choque,no mantener distancia de seguridad,4513_1_58,6.0,18.0
Planta Central,2019-07-16 23:16:00,70,100.0,2019-06-14 05:00:00,viernes,30,Normal,Seca y limpia,Plano,Terraplen,Recta,Transito normal con precaución,0,0,0,0,0.0,Choque,maniobras imprudentes,4513_1_70,5.0,19.0
Planta Central,2019-07-16 23:20:00,81,200.0,2019-06-05 05:00:00,miercoles,30,Normal,Seca y limpia,Plano,Terraplen,Recta,Transito normal con precaución,0,0,0,0,0.0,Choque,imprudencia del conductor,4513_1_81,16.0,8.0
Santander,2019-07-17 04:11:00,123,600.0,2019-06-22 05:00:00,sabado,30,Normal,Seca y limpia,Plano,Terraplen,Recta,Cierre total,2,30,0,1,1.0,Choque,embriaguez o sustancias alucinogenas,45A06_0_123,4.0,22.0
Santander,2019-07-17 04:11:00,86,0.0,2019-05-31 05:00:00,viernes,0,Normal,Seca y limpia,Plano,Terraplen,Recta,Parcial restringido a vehiculos pesados,1,30,0,0,1.0,Volcamiento,adelantamientos indebidos,45A07_2_86,8.0,17.0
Santander,2019-07-17 04:11:00,83,665.0,2019-06-04 05:00:00,martes,0,Normal,Seca y limpia,Plano,Terraplen,Curva Derecha,Transito normal con precaución,0,0,2,0,3.0,Volcamiento,defectos fisicos y psiquicos,45A07_1_83,16.0,8.0
Planta Central,2019-07-16 19:27:00,37,440.0,2019-06-09 05:00:00,domingo,15,Normal,Seca y limpia,Plano,Terraplen,Recta,Transito normal con precaución,0,0,0,0,0.0,Choque,no mantener distancia de seguridad,4513_1_37,5.0,19.0
Planta Central,2019-07-16 19:30:00,47,200.0,2019-06-27 05:00:00,jueves,0,Normal,Seca y limpia,Plano,Terraplen,Recta,Transito normal con precaución,0,0,0,0,0.0,Choque,defectos fisicos y psiquicos,4513_1_47,8.0,16.0
Planta Central,2019-07-16 19:33:00,47,200.0,2019-06-27 05:00:00,jueves,0,Normal,Seca y limpia,Plano,Terraplen,Recta,Transito normal con precaución,0,0,0,0,0.0,Choque,defectos fisicos y psiquicos,4513_1_47,8.0,16.0
Planta Central,2019-07-16 19:46:00,50,100.0,2019-06-17 05:00:00,lunes,30,Normal,Seca y limpia,Plano,Terraplen,Recta,Transito normal con precaución,0,0,0,0,0.0,Choque,no mantener distancia de seguridad,4513_1_50,9.0,15.0
Caquetá,2019-07-17 14:03:00,4,210.0,2019-06-24 05:00:00,lunes,30,Lluvia,Humeda,Ondulado,Media ladera Izquierda,Recta,Transito normal con precaución,0,0,0,0,0.0,Choque,condiciones de la via y factores ambientales,6503_1_4,4.0,20.0
Caquetá,2019-07-17 14:16:00,84,60.0,2019-06-24 05:00:00,lunes,30,Seca,Seca y limpia,Ondulado,Media ladera Izquierda,Curva Derecha,Transito normal con precaución,0,0,0,0,0.0,Salida de la vía sin volcarse,exceso de velocidad,6503_1_84,6.0,18.0
Antioquia,2019-07-17 15:05:00,49,570.0,2019-06-16 05:00:00,domingo,30,Normal,Otra,Montañoso,Media Ladera Derecha,Recta,Transito normal con precaución,1,30,1,0,1.0,Choque,maniobras imprudentes,5601_1_49,16.0,9.0
Antioquia,2019-07-17 15:08:00,55,401.0,2019-06-10 05:00:00,lunes,15,Normal,Humeda,Montañoso,Media Ladera Derecha,Curva Izquierda,Transito normal con precaución,1,15,1,0,1.0,Choque,embriaguez o sustancias alucinogenas,5601_1_55,6.0,19.0
Caquetá,2019-07-17 20:22:00,30,900.0,2019-07-02 05:00:00,martes,30,Lluvia,Humeda,Montañoso,Media Ladera Derecha,Curva Derecha,Transito normal con precaución,7,30,1,0,1.0,Caída de carga,no determinada,6504_0_30,7.0,0.0
Cauca,2019-07-18 01:57:00,1,200.0,2019-07-11 05:00:00,jueves,0,Sol,Seca y limpia,Ondulado,Media Ladera Derecha,Curva Izquierda,Parcial con paso alternado,2,0,0,0,0.0,Volcamiento,condiciones de la via y factores ambientales,2602_0_1,15.0,11.0
Risaralda,2019-07-19 14:53:00,52,70.0,2018-11-21 05:00:00,miercoles,30,Lluvia,Humeda,Montañoso,Media ladera Izquierda,Curva Derecha,Transito normal con precaución,15,30,0,0,0.0,Choque,condiciones de la via y factores ambientales,5003_0_52,15.0,0.0
Risaralda,2019-07-19 14:53:00,41,930.0,2018-12-07 05:00:00,viernes,50,Normal,Humeda,Montañoso,Media ladera Izquierda,Curva Izquierda,Cierre total,14,50,2,0,2.0,Choque,condiciones de la via y factores ambientales,5003_0_41,14.0,0.0
Cauca,2019-07-19 18:57:00,15,400.0,2019-06-21 05:00:00,viernes,0,Normal,Seca y limpia,Ondulado,Media ladera Izquierda,Recta,Transito normal con precaución,22,0,1,0,1.0,Atropello,conducta de peatones,2602A_1_15,22.0,0.0
Antioquia,2019-07-19 19:08:00,95,10.0,2019-06-29 05:00:00,sabado,30,Normal,Seca y limpia,Montañoso,Media Ladera Derecha,Recta,Parcial con reducción de carriles,9,55,0,0,0.0,Choque,no mantener distancia de seguridad,6003_1_95,9.0,0.0
Cauca,2019-07-19 18:57:00,23,590.0,2019-06-25 05:00:00,martes,20,Normal,Seca y limpia,Montañoso,Media Ladera Derecha,Recta,Parcial con paso alternado,18,20,2,0,2.0,Choque,embriaguez o sustancias alucinogenas,2602A_1_23,18.0,0.0
Antioquia,2019-07-19 19:30:00,94,0.0,2019-06-20 05:00:00,jueves,0,Normal,Seca y limpia,Montañoso,Media Ladera Derecha,Recta,Transito normal con precaución,9,20,1,0,1.0,Choque,desobediencia a normas y senales,6003_1_94,9.0,0.0
Boyacá,2019-07-19 20:43:00,11,525.0,2019-05-13 05:00:00,lunes,40,Lluvia,Humeda,Ondulado,Media ladera Izquierda,Curva Izquierda,Transito normal con precaución,5,40,0,0,0.0,Choque,condiciones de la via y factores ambientales,45A05_1_11,5.0,0.0
Boyacá,2019-07-19 20:48:00,0,800.0,2019-05-16 05:00:00,jueves,15,Normal,Seca y limpia,Plano,Terraplen,Recta,Transito normal con precaución,2,15,0,0,0.0,Choque,condiciones de la via y factores ambientales,45ABYB_0_0,2.0,0.0
Boyacá,2019-07-19 21:02:00,36,50.0,2019-06-17 05:00:00,lunes,45,Normal,Seca y limpia,Plano,Terraplen,Recta,Transito normal con precaución,17,45,0,0,0.0,Choque,adelantamientos indebidos,45A05_1_36,17.0,0.0
Boyacá,2019-07-19 21:05:00,41,0.0,2019-05-18 05:00:00,sabado,0,Lluvia,Humeda,Plano,Media ladera Izquierda,Recta,Transito normal con precaución,23,0,0,0,0.0,Choque,exceso en horas de conduccion,45A05_1_41,23.0,0.0
Boyacá,2019-07-19 21:11:00,49,0.0,2019-05-18 05:00:00,sabado,30,Normal,Seca y limpia,Plano,Terraplen,Recta,Transito normal con precaución,4,30,3,0,3.0,Choque,defectos fisicos y psiquicos,45A05_2_49,4.0,0.0
Boyacá,2019-07-19 21:34:00,28,200.0,2019-05-24 05:00:00,viernes,30,Normal,Seca y limpia,Plano,Terraplen,Recta,Transito normal con precaución,9,30,0,0,0.0,Choque,adelantamientos indebidos,45A05_1_28,9.0,0.0