territorial,fecha_registro,pr,distancia_pr,fecha_acc,dia_semana_acc,min_acc,condic_meteor,estado_super,terreno,secc_tip,geometria_acc,tipo_cierre,horas_cierre,min_cierre,n_heridos,n_muertos,n_victimas,clase_accidente,causa_posible,ref_loc,hora_acc,duracion_cierre_horas
Boyacá,2019-07-19 21:41:00,29,100.0,2019-05-24 05:00:00,viernes,45,Normal,Seca y limpia,Plano,Terraplen,Recta,Transito normal con precaución,17,45,0,0,0.0,Volcamiento,maniobras imprudentes,45A05_1_29,17.0,0.0
Boyacá,2019-07-19 21:51:00,64,250.0,2019-05-27 05:00:00,lunes,0,Normal,Seca y limpia,Ondulado,Cajón,Curva Derecha,Transito normal con precaución,10,0,0,0,0.0,Volcamiento,maniobras imprudentes,45A05_1_64,10.0,0.0
Boyacá,2019-07-19 21:59:00,26,500.0,2019-06-01 05:00:00,sabado,0,Normal,Seca y limpia,Plano,Terraplen,Recta,Transito normal con precaución,6,0,0,0,0.0,Volcamiento,adelantamientos indebidos,45A05_1_26,6.0,0.0
Boyacá,2019-07-19 22:18:00,17,200.0,2019-06-09 05:00:00,domingo,30,Normal,Seca y limpia,Plano,Terraplen,Recta,Transito normal con precaución,13,30,0,0,0.0,Choque,maniobras imprudentes,45A05_1_17,13.0,0.0
Boyacá,2019-07-19 22:33:00,2,100.0,2019-06-14 05:00:00,viernes,20,Normal,Seca y limpia,Plano,Terraplen,Recta,Transito normal con precaución,17,20,1,0,1.0,Choque,maniobras imprudentes,45A05_1_2,17.0,0.0
Casanare,2019-07-20 13:35:00,81,184.0,2019-07-03 05:00:00,miercoles,0,Normal,Seca y limpia,Montañoso,Media Ladera Derecha,Curva Derecha,Parcial con paso alternado,2,0,0,0,0.0,Volcamiento,no determinada,6211_1_81,10.0,16.0
Casanare,2019-07-20 13:42:00,19,480.0,2019-07-07 05:00:00,domingo,0,Normal,Seca y limpia,Montañoso,Media ladera Izquierda,Curva Izquierda,Parcial con paso alternado,0,0,0,0,0.0,Volcamiento,no determinada,6211_1_19,13.0,11.0
Casanare,2019-07-20 13:45:00,28,680.0,2019-07-11 05:00:00,jueves,0,Normal,Seca y limpia,Montañoso,Media Ladera Derecha,Curva Derecha,Transito normal con precaución,0,0,0,0,2.0,Choque,no determinada,6211_1_28,17.0,7.0
Casanare,2019-07-20 13:48:00,31,60.0,2019-07-16 05:00:00,martes,30,Normal,Seca y limpia,Montañoso,Media Ladera Derecha,Curva Izquierda,Transito normal con precaución,0,0,0,0,0.0,Volcamiento,no determinada,6211_1_31,6.0,18.0
Casanare,2019-07-20 13:50:00,30,670.0,2019-07-19 05:00:00,viernes,0,Normal,Humeda,Montañoso,Media Ladera Derecha,Curva Derecha,Transito normal con precaución,0,0,0,0,0.0,Volcamiento,no determinada,6211_1_30,4.0,20.0
Casanare,2019-07-20 14:01:00,94,850.0,2019-07-04 05:00:00,jueves,35,Normal,Seca y limpia,Montañoso,Media ladera Izquierda,Curva Izquierda,Cierre total,1,0,0,0,0.0,Choque,no determinada,6211_1_94,8.0,17.0
Boyacá,2019-07-22 14:42:00,6,0.0,2019-06-19 05:00:00,miercoles,30,Normal,Seca y limpia,Ondulado,Media ladera Izquierda,Recta,Transito normal con precaución,16,30,1,0,1.0,Atropello,conducta de pasajeros,45ABYB_0_6,16.0,0.0
Boyacá,2019-07-22 15:06:00,46,450.0,2019-06-19 05:00:00,miercoles,50,Normal,Seca y limpia,Plano,Terraplen,Recta,Transito normal con precaución,11,50,2,0,2.0,Volcamiento,fallas mecanicas y del sistema electrico,45A05_1_46,11.0,0.0
Cundinamarca,2019-07-22 16:29:00,36,100.0,2019-06-01 05:00:00,sabado,40,Lluvia,Humeda,Montañoso,Media ladera Izquierda,Curva Izquierda,Transito normal con precaución,0,15,0,0,0.0,Choque,no determinada,5008_1_36,8.0,16.0
Boyacá,2019-07-22 20:57:00,16,20.0,2019-06-19 05:00:00,miercoles,51,Lluvia,Humeda,Montañoso,Media Ladera Derecha,Curva Derecha,Transito normal con precaución,10,51,0,0,0.0,Salida de la vía sin volcarse,desobediencia a normas y senales,5503_1_16,10.0,0.0
Boyacá,2019-07-22 21:07:00,9,490.0,2019-06-20 05:00:00,jueves,12,Normal,Seca y limpia,Montañoso,Media ladera Izquierda,Recta,Transito normal con precaución,18,12,1,0,1.0,Choque,maniobras imprudentes,5503_1_9,18.0,0.0
Boyacá,2019-07-22 21:16:00,83,380.0,2019-06-22 05:00:00,sabado,0,Normal,Seca y limpia,Ondulado,Media ladera Izquierda,Curva Derecha,Transito normal con precaución,14,0,1,0,1.0,Choque,estacionamiento y senalizacion imprudente,5503_1_83,14.0,0.0
Boyacá,2019-07-22 21:23:00,109,720.0,2019-06-25 05:00:00,martes,30,Normal,Seca y limpia,Ondulado,Media ladera Izquierda,Curva Izquierda,Transito normal con precaución,21,30,0,0,0.0,Volcamiento,exceso de velocidad,5503_1_109,23.0,22.0
Boyacá,2019-07-22 21:35:00,31,100.0,2019-06-26 05:00:00,miercoles,50,Normal,Seca y limpia,Ondulado,Media Ladera Derecha,Curva Izquierda,Transito normal con precaución,17,50,0,0,0.0,Choque,exceso de velocidad,5503_1_31,17.0,0.0
Boyacá,2019-07-22 21:47:00,29,920.0,2019-06-28 05:00:00,viernes,21,Lluvia,Humeda,Montañoso,Media Ladera Derecha,Recta,Transito normal con precaución,18,21,0,0,0.0,Salida de la vía sin volcarse,exceso de velocidad,5503_1_29,18.0,0.0
Boyacá,2019-07-22 21:52:00,10,350.0,2019-06-28 05:00:00,viernes,19,Normal,Seca y limpia,Montañoso,Media ladera Izquierda,Curva Izquierda,Transito normal con precaución,15,19,2,0,2.0,Choque,maniobras imprudentes,6211_1_10,15.0,0.0
Boyacá,2019-07-22 21:57:00,114,220.0,2019-06-28 05:00:00,viernes,40,Normal,Seca y limpia,Ondulado,Media ladera Izquierda,Curva Derecha,Transito normal con precaución,17,40,0,0,0.0,Volcamiento,fallas mecanicas y del sistema electrico,5503_1_114,17.0,0.0
Boyacá,2019-07-22 22:14:00,42,430.0,2019-06-28 05:00:00,viernes,36,Normal,Seca y limpia,Montañoso,Media Ladera Derecha,Curva Derecha,Transito normal con precaución,17,36,0,0,0.0,Salida de la vía sin volcarse,fallas mecanicas y del sistema electrico,5503_1_42,17.0,0.0
Caquetá,2019-07-23 12:30:00,42,800.0,2019-06-22 05:00:00,sabado,5,Lluvia,Material suelto,Ondulado,Media ladera Izquierda,Recta,Cierre total,23,0,0,2,2.0,Caída de piedra,condiciones de la via y factores ambientales,2003A_0_42,11.0,12.0
Boyacá,2019-07-23 14:12:00,16,200.0,2019-06-16 05:00:00,domingo,0,Normal,Seca y limpia,Plano,Media ladera Izquierda,Curva Izquierda,Transito normal con precaución,6,0,0,0,0.0,Choque,condiciones de la via y factores ambientales,45A05_1_16,6.0,0.0
Boyacá,2019-07-23 14:16:00,7,750.0,2019-06-21 05:00:00,viernes,30,Normal,Humeda,Plano,Media ladera Izquierda,Recta,Transito normal con precaución,10,30,0,0,0.0,Volcamiento,condiciones de la via y factores ambientales,45A05_1_7,10.0,0.0
Boyacá,2019-07-23 14:20:00,0,500.0,2019-06-22 05:00:00,sabado,10,Normal,Seca y limpia,Plano,Terraplen,Recta,Transito normal con precaución,15,10,1,0,1.0,Volcamiento,condiciones de la via y factores ambientales,45ABYB_0_0,15.0,0.0
Boyacá,2019-07-23 14:35:00,60,800.0,2019-06-23 05:00:00,domingo,0,Normal,Seca y limpia,Plano,Media ladera Izquierda,Recta,Transito normal con precaución,18,0,5,0,5.0,Choque,embriaguez o sustancias alucinogenas,45A05_1_60,18.0,0.0
Boyacá,2019-07-23 14:41:00,9,200.0,2019-06-26 05:00:00,miercoles,30,Normal,Seca y limpia,Plano,Terraplen,Recta,Transito normal con precaución,4,30,0,0,0.0,Volcamiento,exceso en horas de conduccion,45A05_1_9,4.0,0.0
Boyacá,2019-07-23 14:46:00,20,900.0,2019-06-26 05:00:00,miercoles,30,Normal,Humeda,Ondulado,Media ladera Izquierda,Curva Izquierda,Transito normal con precaución,16,30,0,0,0.0,Choque,no mantener distancia de seguridad,45A05_1_20,16.0,0.0
Cauca,2019-07-23 14:49:00,1,75.0,2019-06-04 05:00:00,martes,50,Normal,Seca y limpia,Montañoso,Media ladera Izquierda,Curva Izquierda,Transito normal con precaución,0,0,2,0,3.0,Choque,embriaguez o sustancias alucinogenas,25CC02_0_1,18.0,6.0
Boyacá,2019-07-23 14:49:00,52,1400.0,2019-06-28 05:00:00,viernes,0,Normal,Seca y limpia,Plano,Terraplen,Recta,Transito normal con precaución,9,0,1,0,1.0,Choque,maniobras imprudentes,45A05_1_52,9.0,0.0
Boyacá,2019-07-23 14:58:00,76,520.0,2019-06-28 05:00:00,viernes,40,Normal,Seca y limpia,Ondulado,Media ladera Izquierda,Curva Derecha,Transito normal con precaución,19,40,0,0,0.0,Choque,adelantamientos indebidos,45A05_1_76,19.0,0.0
Norte de Santander,2019-07-23 20:30:00,11,300.0,2019-04-09 05:00:00,martes,10,Seca,Seca y limpia,Plano,Terraplen,Curva Izquierda,Transito normal con precaución,0,0,0,0,0.0,Choque,desobediencia a normas y senales,55NSA_2_11,8.0,16.0
Norte de Santander,2019-07-23 21:18:00,9,298.0,2019-04-05 05:00:00,viernes,10,Seca,Seca y limpia,Plano,Terraplen,Curva Izquierda,Transito normal con precaución,0,0,0,1,1.0,Otro,exceso de velocidad,55NSA_1_9,0.0,0.0
Norte de Santander,2019-07-23 21:33:00,6,600.0,2019-05-06 05:00:00,lunes,45,Seca,Seca y limpia,Plano,Terraplen,Curva Derecha,Parcial con paso alternado,1,0,0,0,1.0,Choque,exceso de velocidad,55NSA_2_6,15.0,10.0
Norte de Santander,2019-07-23 21:33:00,9,0.0,2019-05-29 05:00:00,miercoles,35,Seca,Seca y limpia,Plano,Terraplen,Recta,Transito normal con precaución,0,0,2,0,3.0,Choque,desobediencia a normas y senales,55NSA_2_9,6.0,18.0
Boyacá,2019-07-23 21:43:00,43,840.0,2019-06-20 05:00:00,jueves,30,Normal,Seca y limpia,Plano,Terraplen,Recta,Transito normal con precaución,0,0,2,0,2.0,Volcamiento,no determinada,6209_0_43,15.0,9.0
Norte de Santander,2019-07-23 21:52:00,7,750.0,2019-05-27 05:00:00,lunes,33,Seca,Seca y limpia,Plano,Terraplen,Recta,Parcial con paso alternado,1,0,3,0,3.0,Choque,maniobras imprudentes,55NSA_1_7,22.0,3.0
Boyacá,2019-07-23 21:58:00,35,500.0,2019-06-22 05:00:00,sabado,30,Normal,Seca y limpia,Plano,Media ladera Izquierda,Recta,Cierre total,2,30,0,0,0.0,Choque,no determinada,6209_0_35,8.0,18.0
Norte de Santander,2019-07-23 21:52:00,9,110.0,2019-06-09 05:00:00,domingo,10,Seca,Seca y limpia,Plano,Terraplen,Recta,Transito normal con precaución,0,0,1,0,4.0,Atropello,conducta de peatones,55NSA_1_9,13.0,11.0
Boyacá,2019-07-23 22:04:00,21,300.0,2019-06-21 05:00:00,viernes,15,Normal,Seca y limpia,Ondulado,Media Ladera Derecha,Curva Derecha,Transito normal con precaución,0,0,0,0,0.0,Choque,condiciones de la via y factores ambientales,6209_0_21,12.0,12.0
Boyacá,2019-07-23 22:21:00,34,400.0,2019-06-22 05:00:00,sabado,15,Normal,Seca y limpia,Plano,Terraplen,Recta,Transito normal con precaución,0,0,0,0,0.0,Choque,no mantener distancia de seguridad,6209_0_34,3.0,21.0
Boyacá,2019-07-23 22:24:00,13,700.0,2019-06-24 05:00:00,lunes,20,Lluvia,Humeda,Ondulado,Media ladera Izquierda,Curva Izquierda,Transito normal con precaución,0,0,2,0,2.0,Choque,maniobras imprudentes,6209_0_13,15.0,9.0
Boyacá,2019-07-23 22:24:00,51,350.0,2019-06-24 05:00:00,lunes,0,Lluvia,Humeda,Plano,Media ladera Izquierda,Recta,Transito normal con precaución,0,0,0,0,0.0,Choque,no determinada,6209_0_51,14.0,10.0
Boyacá,2019-07-23 22:35:00,3,700.0,2019-06-30 05:00:00,domingo,0,Lluvia,Humeda,Ondulado,Media Ladera Derecha,Recta,Transito normal con precaución,17,0,0,0,0.0,Choque,no mantener distancia de seguridad,6008_0_3,0.0,17.0
Norte de Santander,2019-07-24 15:55:00,1,0.0,2019-04-13 05:00:00,sabado,40,Seca,Seca y limpia,Plano,Terraplen,Recta,Transito normal con precaución,0,0,2,0,2.0,Choque,condiciones de la via y factores ambientales,55NSA_2_1,23.0,1.0
Norte de Santander,2019-07-24 15:55:00,3,300.0,2019-04-11 05:00:00,jueves,40,Normal,Seca y limpia,Plano,Terraplen,Recta,Parcial con reducción de carriles,1,0,0,0,2.0,Choque,desobediencia a normas y senales,55NSA_2_3,12.0,13.0
Norte de Santander,2019-07-24 15:55:00,4,279.0,2019-04-24 05:00:00,miercoles,45,Lluvia,Humeda,Plano,Terraplen,Recta,Parcial con reducción de carriles,1,0,0,0,2.0,Choque,no mantener distancia de seguridad,55NSA_1_4,6.0,19.0
Norte de Santander,2019-07-24 15:55:00,3,300.0,2019-05-18 05:00:00,sabado,30,Seca,Seca y limpia,Plano,Terraplen,Recta,Parcial con reducción de carriles,1,0,1,0,3.0,Choque,desobediencia a normas y senales,55NSA_2_3,18.0,7.0
Norte de Santander,2019-07-24 15:55:00,2,200.0,2019-07-15 05:00:00,lunes,30,Seca,Seca y limpia,Plano,Terraplen,Curva Derecha,Parcial con reducción de carriles,1,0,1,0,4.0,Choque,exceso de velocidad,55NSA_2_2,21.0,4.0
Cauca,2019-07-24 19:40:00,9,990.0,2019-06-25 05:00:00,martes,0,Normal,Seca y limpia,Montañoso,Media ladera Izquierda,Curva Derecha,Transito normal con precaución,0,0,0,0,0.0,Choque,no determinada,25CC15_0_9,13.0,11.0
Casanare,2019-07-26 05:40:00,14,850.0,2019-06-27 05:00:00,jueves,20,Normal,Seca y limpia,Plano,Terraplen,Recta,Transito normal con precaución,0,10,0,0,0.0,Caída de piedra,no mantener distancia de seguridad,6513_0_14,17.0,7.0
Casanare,2019-07-26 05:40:00,11,500.0,2019-06-27 05:00:00,jueves,0,Seca,Seca y limpia,Plano,Terraplen,Recta,Transito normal con precaución,1,0,0,0,0.0,Choque,condiciones de la via y factores ambientales,6513_0_11,4.0,21.0
Ocaña,2019-07-26 13:28:00,48,300.0,2019-06-29 05:00:00,sabado,30,Normal,Seca y limpia,Ondulado,Cajón,Recta,Transito normal con precaución,0,0,1,0,1.0,Atropello,no determinada,7007_1_48,10.0,14.0
Ocaña,2019-07-26 13:33:00,49,612.0,2019-06-30 05:00:00,domingo,5,Normal,Seca y limpia,Plano,Cajón,Curva Izquierda,Transito normal con precaución,0,0,1,0,1.0,Choque,impericia en el manejo,7007_2_49,3.0,21.0
Ocaña,2019-07-26 13:40:00,50,200.0,2019-06-30 05:00:00,domingo,40,Normal,Seca y limpia,Plano,Cajón,Recta,Transito normal con precaución,0,0,0,0,0.0,Choque,adelantamientos indebidos,7007_1_50,8.0,16.0
Ocaña,2019-07-26 13:42:00,14,0.0,2019-06-28 05:00:00,viernes,20,Normal,Seca y limpia,Montañoso,Cajón,Curva Derecha,Transito normal con precaución,0,0,0,0,0.0,Choque,condiciones de la via y factores ambientales,7008_1_14,7.0,17.0
Ocaña,2019-07-26 13:46:00,50,200.0,2019-06-30 05:00:00,domingo,40,Normal,Seca y limpia,Plano,Cajón,Recta,Transito normal con precaución,0,0,0,0,0.0,Choque,adelantamientos indebidos,7007_1_50,8.0,16.0
Cauca,2019-07-26 19:18:00,5,700.0,2019-07-26 05:00:00,viernes,29,Normal,Seca y limpia,Montañoso,Media ladera Izquierda,Curva Derecha,Transito normal con precaución,0,0,1,0,1.0,Volcamiento,no determinada,25CC15_0_5,6.0,18.0
Boyacá,2019-07-29 20:53:00,12,650.0,2019-06-29 05:00:00,sabado,30,Normal,Seca y limpia,Montañoso,Media Ladera Derecha,Curva Derecha,Transito normal con precaución,0,30,0,0,0.0,Choque,exceso de velocidad,6009_1_12,13.0,11.0
Boyacá,2019-07-29 21:00:00,45,310.0,2019-06-18 05:00:00,martes,50,Normal,Seca y limpia,Montañoso,Media Ladera Derecha,Recta,Transito normal con precaución,0,45,1,0,1.0,Choque,fallas mecanicas y del sistema electrico,6008_0_45,7.0,17.0
Casanare,2019-07-30 18:14:00,7,350.0,2019-07-06 05:00:00,sabado,20,Seca,Otra,Ondulado,Cajón,Recta,Cierre total,1,0,0,1,2.0,Choque,adelantamientos indebidos,6514_0_7,18.0,7.0
Casanare,2019-07-30 18:53:00,0,1073.0,2019-07-30 05:00:00,martes,50,Sol,Seca y limpia,Plano,Terraplen,Recta,Transito normal con precaución,0,0,0,1,1.0,Choque,desobediencia a normas y senales,6514_0_0,10.0,14.0
Casanare,2019-07-30 20:17:00,27,400.0,2019-07-21 05:00:00,domingo,0,Normal,Humeda,Montañoso,Media Ladera Derecha,Curva Derecha,Transito normal con precaución,0,0,0,0,0.0,Volcamiento,no determinada,6211_1_27,4.0,20.0
Casanare,2019-07-30 20:25:00,48,800.0,2019-07-22 05:00:00,lunes,0,Normal,Humeda,Montañoso,Media Ladera Derecha,Curva Derecha,Transito normal con precaución,0,0,0,0,0.0,Salida de la vía sin volcarse,no determinada,6211_1_48,4.0,20.0
Casanare,2019-07-30 20:37:00,26,50.0,2019-07-26 05:00:00,viernes,40,Normal,Humeda,Plano,Terraplen,Recta,Transito normal con precaución,0,0,0,0,0.0,Volcamiento,no determinada,6211_1_26,8.0,16.0
Boyacá,2019-07-31 14:38:00,45,900.0,2019-06-26 05:00:00,miercoles,40,Normal,Seca y limpia,Montañoso,Media Ladera Derecha,Curva Derecha,Parcial con paso alternado,1,20,0,0,0.0,Choque,no determinada,6008_0_45,13.0,12.0
Boyacá,2019-07-31 14:47:00,56,0.0,2019-06-28 05:00:00,viernes,40,Normal,Seca y limpia,Plano,Terraplen,Recta,Transito normal con precaución,0,46,1,0,1.0,Choque,adelantamientos indebidos,6008_0_56,13.0,11.0
Norte de Santander,2019-07-31 15:13:00,13,600.0,2019-04-10 05:00:00,miercoles,0,Seca,Seca y limpia,Plano,Terraplen,Recta,Parcial con reducción de carriles,1,0,2,0,2.0,Choque,no mantener distancia de seguridad,55NSA_1_13,19.0,6.0
Norte de Santander,2019-07-31 15:30:00,0,0.0,2019-04-14 05:00:00,domingo,5,Seca,Otra,Plano,Terraplen,Recta,Parcial con reducción de carriles,1,0,2,0,2.0,Atropello,imprudencia del conductor,55NSA_2_0,21.0,4.0
Norte de Santander,2019-07-31 16:07:00,17,100.0,2019-05-14 05:00:00,martes,0,Seca,Seca y limpia,Plano,Terraplen,Recta,Parcial con reducción de carriles,1,0,2,0,2.0,Choque,conducta de pasajeros,55NSA_2_17,19.0,6.0
Norte de Santander,2019-07-31 16:12:00,42,600.0,2019-05-12 05:00:00,domingo,0,Seca,Otra,Plano,Terraplen,Recta,Parcial con reducción de carriles,1,0,1,0,1.0,Choque,imprudencia del conductor,5507_0_42,0.0,1.0
Norte de Santander,2019-07-31 16:29:00,36,805.0,2019-05-05 05:00:00,domingo,50,Seca,Material suelto,Plano,Terraplen,Recta,Parcial con reducción de carriles,1,0,1,0,1.0,Choque,imprudencia del conductor,5507_0_36,9.0,16.0
Norte de Santander,2019-07-31 16:45:00,13,800.0,2019-05-23 05:00:00,jueves,0,Seca,Seca y limpia,Plano,Terraplen,Recta,Parcial con reducción de carriles,1,0,0,0,0.0,Choque,estacionamiento y senalizacion imprudente,55NSA_1_13,6.0,19.0
Norte de Santander,2019-07-31 16:55:00,13,800.0,2019-05-23 05:00:00,jueves,0,Seca,Seca y limpia,Plano,Terraplen,Recta,Parcial con reducción de carriles,1,0,0,0,0.0,Choque,estacionamiento y senalizacion imprudente,55NSA_1_13,6.0,19.0
Norte de Santander,2019-07-31 19:27:00,10,40.0,2019-06-21 05:00:00,viernes,10,Seca,Seca y limpia,Plano,Terraplen,Curva Izquierda,Parcial con reducción de carriles,1,0,0,0,0.0,Choque,exceso de velocidad,55NSA_1_10,22.0,3.0
Norte de Santander,2019-07-31 19:46:00,17,500.0,2019-06-27 05:00:00,jueves,10,Seca,Seca y limpia,Plano,Terraplen,Recta,Parcial con reducción de carriles,1,0,1,0,1.0,Choque,estacionamiento y senalizacion imprudente,55NSA_1_17,15.0,10.0
Cauca,2019-07-31 20:22:00,1,380.0,2019-07-18 05:00:00,jueves,0,Seca,Seca y limpia,Ondulado,Media ladera Izquierda,Curva Derecha,Parcial con paso alternado,9,30,14,4,18.0,Volcamiento,fallas mecanicas y del sistema electrico,1203_0_1,9.0,0.0
Cauca,2019-08-02 20:14:00,93,550.0,2019-07-22 05:00:00,lunes,40,Normal,Seca y limpia,Montañoso,Media Ladera Derecha,Recta,Transito normal con precaución,1,0,1,0,1.0,Choque,embriaguez o sustancias alucinogenas,2602_0_93,11.0,14.0
Cauca,2019-08-02 23:38:00,4,200.0,2019-06-05 05:00:00,miercoles,45,Normal,Seca y limpia,Plano,Terraplen,Recta,Parcial con paso alternado,1,0,0,0,1.0,Choque,adelantamientos indebidos,3105_1_4,12.0,13.0
Cauca,2019-08-02 23:38:00,49,600.0,2019-06-04 05:00:00,martes,20,Normal,Seca y limpia,Plano,Terraplen,Recta,Transito normal con precaución,0,0,0,0,2.0,Choque,embriaguez o sustancias alucinogenas,3105_2_49,15.0,9.0
Casanare,2019-08-04 11:44:00,60,560.0,2019-08-15 05:00:00,jueves,0,Normal,Seca y limpia,Montañoso,Media Ladera Derecha,Curva Derecha,Cierre total,3,0,0,0,0.0,Volcamiento,no determinada,6211_1_60,12.0,15.0
Casanare,2019-08-04 11:49:00,56,300.0,2019-07-22 05:00:00,lunes,59,Normal,Seca y limpia,Montañoso,Media Ladera Derecha,Curva Derecha,Transito normal con precaución,0,0,0,0,0.0,Choque,no determinada,6211_1_56,23.0,1.0
Casanare,2019-08-04 12:00:00,18,350.0,2019-07-22 05:00:00,lunes,59,Normal,Seca y limpia,Ondulado,Media ladera Izquierda,Curva Derecha,Cierre total,2,0,1,0,1.0,Choque,no determinada,6211_1_18,23.0,3.0
Casanare,2019-08-04 12:04:00,82,300.0,2019-07-27 05:00:00,sabado,0,Normal,Seca y limpia,Montañoso,Media Ladera Derecha,Curva Derecha,Transito normal con precaución,0,0,0,0,0.0,Volcamiento,no determinada,6211_1_82,3.0,21.0
Casanare,2019-08-04 12:09:00,83,200.0,2019-07-28 05:00:00,domingo,40,Normal,Seca y limpia,Montañoso,Media Ladera Derecha,Curva Derecha,Parcial con paso alternado,0,0,2,0,2.0,Choque,no determinada,6211_1_83,15.0,9.0
Casanare,2019-08-04 12:12:00,47,0.0,2019-07-30 05:00:00,martes,30,Normal,Seca y limpia,Montañoso,Media Ladera Derecha,Curva Derecha,Transito normal con precaución,0,0,0,0,0.0,Volcamiento,no determinada,6211_1_47,6.0,18.0
Caquetá,2019-08-05 13:40:00,58,580.0,2019-08-02 05:00:00,viernes,45,Sol,Seca y limpia,Plano,Terraplen,Recta,Transito normal con precaución,5,45,3,0,3.0,Volcamiento,fallas mecanicas y del sistema electrico,6504_0_58,5.0,0.0
Nariño,2019-08-06 14:34:00,50,200.0,2019-04-07 05:00:00,domingo,40,Seca,Seca y limpia,Plano,Terraplen,Recta,Transito normal con precaución,0,0,0,1,1.0,Choque,exceso de velocidad,1001_0_50,11.0,13.0
Nariño,2019-08-06 14:34:00,22,900.0,2019-04-10 05:00:00,miercoles,50,Seca,Seca y limpia,Plano,Terraplen,Recta,Transito normal con precaución,0,0,0,0,2.0,Choque,adelantamientos indebidos,1001_0_22,15.0,9.0
Nariño,2019-08-06 14:48:00,11,850.0,2019-04-14 05:00:00,domingo,50,Seca,Seca y limpia,Plano,Terraplen,Recta,Transito normal con precaución,0,0,0,0,3.0,Volcamiento,condiciones de la via y factores ambientales,1001_0_11,6.0,18.0
Nariño,2019-08-06 15:05:00,7,200.0,2019-04-15 05:00:00,lunes,40,Seca,Seca y limpia,Plano,Terraplen,Recta,Transito normal con precaución,0,0,0,1,2.0,Choque,exceso de velocidad,1001_0_7,18.0,6.0
Nariño,2019-08-06 15:08:00,36,0.0,2019-04-20 05:00:00,sabado,35,Seca,Seca y limpia,Plano,Terraplen,Recta,Transito normal con precaución,0,0,0,1,1.0,Atropello,exceso de velocidad,1001_0_36,11.0,13.0
Cauca,2019-08-06 23:17:00,1,900.0,2019-06-12 05:00:00,miercoles,30,Normal,Seca y limpia,Ondulado,Media Ladera Derecha,Recta,Transito normal con precaución,0,0,0,0,2.0,Choque,no determinada,3105_1_1,22.0,2.0
Norte de Santander,2019-08-08 13:40:00,30,370.0,2019-04-13 05:00:00,sabado,45,Normal,Seca y limpia,Plano,Terraplen,Recta,Transito normal con precaución,9,45,0,0,0.0,Choque,desobediencia a normas y senales,7009_0_30,9.0,0.0
Casanare,2019-08-08 13:45:00,1,500.0,2019-07-14 05:00:00,domingo,30,Seca,Seca y limpia,Plano,Terraplen,Recta,Transito normal con precaución,19,30,2,0,2.0,Atropello,impericia en el manejo,6515_1_1,19.0,0.0
Casanare,2019-08-08 13:52:00,101,100.0,2019-07-13 05:00:00,sabado,0,Seca,Seca y limpia,Plano,Terraplen,Recta,Transito normal con precaución,20,0,0,2,3.0,Atropello,no determinada,6515_1_101,20.0,0.0
Norte de Santander,2019-08-08 14:10:00,47,400.0,2015-04-15 05:00:00,miercoles,0,Normal,Seca y limpia,Plano,Terraplen,Recta,Parcial con reducción de carriles,1,0,0,0,0.0,Choque,adelantamientos indebidos,7009_0_47,17.0,8.0
Norte de Santander,2019-08-08 14:21:00,12,800.0,2019-04-15 05:00:00,lunes,30,Normal,Seca y limpia,Plano,Terraplen,Recta,Parcial con reducción de carriles,1,0,0,0,0.0,Choque,no mantener distancia de seguridad,7009_0_12,15.0,10.0
Norte de Santander,2019-08-08 14:30:00,84,0.0,2019-04-15 05:00:00,lunes,30,Normal,Seca y limpia,Montañoso,Media ladera Izquierda,Curva Izquierda,Parcial con reducción de carriles,4,0,0,1,2.0,Choque,estacionamiento y senalizacion imprudente,7008_1_84,9.0,19.0
Norte de Santander,2019-08-08 14:30:00,47,774.0,2019-04-22 05:00:00,lunes,25,Lluvia,Humeda,Plano,Terraplen,Recta,Parcial con reducción de carriles,1,0,0,0,2.0,Choque,no determinada,7009_0_47,14.0,11.0
Norte de Santander,2019-08-08 14:30:00,50,650.0,2019-04-23 05:00:00,martes,20,Normal,Seca y limpia,Plano,Terraplen,Recta,Parcial con reducción de carriles,0,50,0,0,2.0,Choque,adelantamientos indebidos,7009_0_50,17.0,7.0
Norte de Santander,2019-08-08 14:30:00,41,500.0,2019-04-27 05:00:00,sabado,30,Normal,Seca y limpia,Plano,Terraplen,Recta,Transito normal con precaución,0,50,0,0,0.0,Choque,no mantener distancia de seguridad,7009_0_41,10.0,14.0
Norte de Santander,2019-08-08 15:05:00,35,192.0,2019-05-04 05:00:00,sabado,5,Normal,Seca y limpia,Plano,Terraplen,Recta,Transito normal con precaución,0,0,0,1,1.0,Choque,exceso de velocidad,7009_0_35,23.0,1.0
Norte de Santander,2019-08-08 15:05:00,32,680.0,2019-05-25 05:00:00,sabado,20,Normal,Seca y limpia,Plano,Terraplen,Recta,Transito normal con precaución,1,30,0,0,0.0,Choque,desobediencia a normas y senales,7009_0_32,8.0,17.0
Norte de Santander,2019-08-08 15:30:00,2,0.0,2019-08-24 05:00:00,sabado,40,Normal,Seca y limpia,Plano,Terraplen,Recta,Parcial con reducción de carriles,2,30,0,0,0.0,Choque,desobediencia a normas y senales,7009_0_2,12.0,14.0
Norte de Santander,2019-08-08 15:30:00,16,245.0,2019-06-29 05:00:00,sabado,0,Normal,Seca y limpia,Plano,Terraplen,Recta,Transito normal con precaución,5,0,0,1,2.0,Volcamiento,no determinada,7009_0_16,12.0,17.0