territorial,fecha_registro,pr,distancia_pr,fecha_acc,dia_semana_acc,min_acc,condic_meteor,estado_super,terreno,secc_tip,geometria_acc,tipo_cierre,horas_cierre,min_cierre,n_heridos,n_muertos,n_victimas,clase_accidente,causa_posible,ref_loc,hora_acc,duracion_cierre_horas
Norte de Santander,2019-08-08 16:53:00,49,100.0,2019-06-01 05:00:00,sabado,20,Normal,Seca y limpia,Plano,Terraplen,Curva Izquierda,Transito normal con precaución,0,0,0,0,0.0,Incendio,no determinada,7009_0_49,23.0,1.0
Norte de Santander,2019-08-08 16:53:00,39,200.0,2019-06-15 05:00:00,sabado,35,Normal,Seca y limpia,Plano,Terraplen,Curva Derecha,Parcial con reducción de carriles,1,20,0,0,0.0,Choque,no mantener distancia de seguridad,7009_0_39,13.0,12.0
Norte de Santander,2019-08-08 18:33:00,70,917.0,2019-06-01 05:00:00,sabado,30,Lluvia,Humeda,Plano,Terraplen,Recta,Parcial con reducción de carriles,1,30,0,1,1.0,Choque,no determinada,7009A_0_70,23.0,2.0
Norte de Santander,2019-08-08 18:38:00,42,507.0,2019-07-06 05:00:00,sabado,15,Normal,Seca y limpia,Plano,Terraplen,Recta,Transito normal con precaución,0,0,0,0,2.0,Choque,exceso de velocidad,7009_0_42,19.0,5.0
Norte de Santander,2019-08-08 18:38:00,52,483.0,2019-07-19 05:00:00,viernes,30,Normal,Seca y limpia,Plano,Terraplen,Recta,Parcial con paso alternado,5,30,0,2,5.0,Volcamiento,no determinada,7009_0_52,17.0,12.0
Norte de Santander,2019-08-08 20:01:00,21,800.0,2019-07-04 05:00:00,jueves,0,Normal,Seca y limpia,Plano,Terraplen,Curva Derecha,Parcial con paso alternado,4,0,0,0,0.0,Volcamiento,adelantamientos indebidos,7009_0_21,10.0,18.0
Tolima,2019-08-09 19:50:00,43,100.0,2019-04-06 05:00:00,sabado,0,Seca,Seca y limpia,Plano,Cajón,Recta,Transito normal con precaución,14,0,0,0,0.0,Atropello,imprudencia del conductor,4507_1_43,14.0,0.0
Tolima,2019-08-09 20:14:00,43,100.0,2019-04-04 05:00:00,jueves,0,Seca,Seca y limpia,Plano,Cajón,Recta,Transito normal con precaución,14,15,0,0,0.0,Choque,imprudencia del conductor,4507_1_43,14.0,0.0
Cauca,2019-08-09 20:21:00,26,300.0,2019-07-11 05:00:00,jueves,30,Normal,Material suelto,Montañoso,Media ladera Izquierda,Curva Izquierda,Transito normal con precaución,0,0,1,0,1.0,Caída ocupante,condiciones de la via y factores ambientales,25CC15_0_26,18.0,6.0
Tolima,2019-08-09 20:14:00,2,200.0,2019-07-11 05:00:00,jueves,40,Seca,Seca y limpia,Plano,Cajón,Recta,Parcial restringido a vehiculos pesados,22,15,0,0,0.0,Salida de la vía sin volcarse,exceso de velocidad,40TL05_0_2,21.0,1.0
Cauca,2019-08-09 20:29:00,54,400.0,2019-07-30 05:00:00,martes,30,Normal,Otra,Montañoso,Media ladera Izquierda,Recta,Transito normal con precaución,0,0,1,0,1.0,Caída ocupante,condiciones de la via y factores ambientales,25CC15_0_54,8.0,16.0
Tolima,2019-08-09 20:43:00,43,200.0,2019-05-15 05:00:00,miercoles,14,Seca,Seca y limpia,Plano,Cajón,Recta,Parcial con reducción de carriles,9,14,1,0,2.0,Atropello,maniobras imprudentes,4507_1_43,9.0,0.0
Tolima,2019-08-09 21:08:00,43,1600.0,2019-07-16 05:00:00,martes,40,Seca,Seca y limpia,Plano,Cajón,Recta,Transito normal con precaución,8,10,1,0,1.0,Choque,adelantamientos indebidos,4507_1_43,7.0,1.0
Tolima,2019-08-09 21:27:00,43,1503.2,2019-07-16 05:00:00,martes,40,Seca,Seca y limpia,Plano,Cajón,Recta,Parcial con reducción de carriles,7,50,1,0,1.0,Choque,adelantamientos indebidos,4507_2_43,7.0,0.0
Tolima,2019-08-09 21:36:00,43,1503.21,2019-07-16 05:00:00,martes,40,Seca,Seca y limpia,Plano,Cajón,Recta,Transito normal con precaución,7,40,1,0,1.0,Choque,adelantamientos indebidos,4507_2_43,7.0,0.0
Tolima,2019-08-09 21:45:00,26,500.0,2019-07-18 05:00:00,jueves,0,Seca,Seca y limpia,Plano,Cajón,Curva Izquierda,Transito normal con precaución,11,5,0,0,0.0,Choque,adelantamientos indebidos,4507_1_26,11.0,0.0
Planta Central,2019-08-12 04:16:00,63,950.0,2019-07-20 05:00:00,sabado,0,Normal,Seca y limpia,Plano,Terraplen,Curva Izquierda,Transito normal con precaución,0,0,0,0,0.0,Choque,no determinada,4511_1_63,4.0,20.0
Planta Central,2019-08-12 04:24:00,71,800.0,2019-07-03 05:00:00,miercoles,30,Normal,Seca y limpia,Ondulado,Terraplen,Recta,Transito normal con precaución,0,0,0,0,0.0,Choque,no determinada,4511_1_71,17.0,7.0
Planta Central,2019-08-12 04:32:00,79,0.0,2019-07-10 05:00:00,miercoles,30,Normal,Seca y limpia,Montañoso,Media ladera Izquierda,Recta,Transito normal con precaución,0,0,0,0,0.0,Salida de la vía sin volcarse,fallas mecanicas y del sistema electrico,4511_1_79,6.0,18.0
Planta Central,2019-08-12 04:39:00,84,300.0,2019-07-12 05:00:00,viernes,10,Normal,Seca y limpia,Plano,Terraplen,Recta,Transito normal con precaución,0,0,0,0,0.0,Choque,no determinada,4511_1_84,2.0,22.0
Planta Central,2019-08-12 04:46:00,91,0.0,2019-07-06 05:00:00,sabado,0,Normal,Seca y limpia,Plano,Terraplen,Recta,Transito normal con precaución,0,0,0,1,1.0,Choque,no determinada,4511_1_91,9.0,15.0
Planta Central,2019-08-12 04:57:00,118,0.0,2019-07-13 05:00:00,sabado,40,Normal,Seca y limpia,Montañoso,Media Ladera Derecha,Curva Izquierda,Transito normal con precaución,0,0,0,0,0.0,Choque,no determinada,4511_1_118,22.0,2.0
Planta Central,2019-08-12 05:05:00,133,890.0,2019-07-10 05:00:00,miercoles,30,Normal,Seca y limpia,Plano,Terraplen,Recta,Transito normal con precaución,0,0,2,0,2.0,Choque,no determinada,4511_1_133,14.0,10.0
Norte de Santander,2019-08-12 12:55:00,20,900.0,2019-04-09 05:00:00,martes,20,Sol,Seca y limpia,Montañoso,Media Ladera Derecha,Curva Derecha,Cierre total,0,30,0,0,1.0,Choque,maniobras imprudentes,5505_1_20,12.0,12.0
Norte de Santander,2019-08-12 13:18:00,20,87.0,2019-04-14 05:00:00,domingo,50,Normal,Seca y limpia,Montañoso,Media Ladera Derecha,Curva Izquierda,Cierre total,0,30,1,0,1.0,Choque,adelantamientos indebidos,5505_1_20,19.0,5.0
Norte de Santander,2019-08-12 13:27:00,22,200.0,2019-05-17 05:00:00,viernes,5,Normal,Seca y limpia,Montañoso,Cajón,Recta,Parcial con reducción de carriles,0,30,0,0,0.0,Choque,estacionamiento y senalizacion imprudente,5505_1_22,15.0,9.0
Norte de Santander,2019-08-12 13:27:00,1,400.0,2019-05-30 05:00:00,jueves,0,Sol,Seca y limpia,Montañoso,Media Ladera Derecha,Curva Derecha,Parcial con reducción de carriles,0,30,0,0,0.0,Choque,adelantamientos indebidos,5505_1_1,21.0,3.0
Norte de Santander,2019-08-12 13:27:00,24,110.0,2019-06-15 05:00:00,sabado,0,Normal,Seca y limpia,Montañoso,Media Ladera Derecha,Recta,Parcial con reducción de carriles,0,40,0,1,1.0,Caída ocupante,no determinada,5505_1_24,20.0,4.0
Norte de Santander,2019-08-12 13:27:00,18,350.0,2019-06-20 05:00:00,jueves,0,Lluvia,Humeda,Montañoso,Media Ladera Derecha,Curva Derecha,Cierre total,0,30,0,0,1.0,Choque,desobediencia a normas y senales,5505_1_18,12.0,12.0
Norte de Santander,2019-08-12 13:59:00,19,120.0,2019-06-23 05:00:00,domingo,0,Sol,Seca y limpia,Montañoso,Media Ladera Derecha,Curva Izquierda,Parcial con reducción de carriles,0,30,0,0,2.0,Choque,no determinada,5505_1_19,15.0,9.0
Norte de Santander,2019-08-12 14:04:00,25,550.0,2019-06-30 05:00:00,domingo,30,Lluvia,Humeda,Montañoso,Media Ladera Derecha,Recta,Cierre total,0,30,0,0,1.0,Choque,adelantamientos indebidos,5505_1_25,15.0,9.0
Boyacá,2019-08-12 20:50:00,15,405.0,2019-07-19 05:00:00,viernes,30,Seca,Seca y limpia,Montañoso,Media Ladera Derecha,Curva Derecha,Transito normal con precaución,3,0,0,0,0.0,Choque,fallas mecanicas y del sistema electrico,6404_0_15,16.0,11.0
Boyacá,2019-08-12 20:50:00,6,100.0,2019-08-12 05:00:00,lunes,30,Seca,Seca y limpia,Plano,Media ladera Izquierda,Recta,Parcial con reducción de carriles,0,50,0,0,0.0,Volcamiento,exceso de velocidad,6404_0_6,9.0,15.0
Nariño,2019-08-13 13:31:00,44,530.0,2019-06-12 05:00:00,miercoles,0,Sol,Seca y limpia,Plano,Media ladera Izquierda,Recta,Transito normal con precaución,7,30,1,0,1.0,Otro,exceso de velocidad,2501B_1_44,7.0,0.0
Nariño,2019-08-13 13:40:00,46,360.0,2019-06-12 05:00:00,miercoles,55,Sol,Seca y limpia,Plano,Media ladera Izquierda,Recta,Transito normal con precaución,11,55,0,0,1.0,Choque,exceso de velocidad,2501B_1_46,11.0,0.0
Nariño,2019-08-13 13:44:00,25,80.0,2019-07-08 05:00:00,lunes,30,Normal,Seca y limpia,Montañoso,Media Ladera Derecha,Recta,Transito normal con precaución,4,30,0,0,1.0,Atropello,no determinada,1702_0_25,4.0,0.0
Nariño,2019-08-13 13:48:00,46,520.0,2019-07-23 05:00:00,martes,30,Normal,Seca y limpia,Plano,Media ladera Izquierda,Recta,Cierre total,18,30,2,0,2.0,Choque,desobediencia a normas y senales,2501B_1_46,18.0,0.0
Nariño,2019-08-13 13:51:00,44,650.0,2019-07-28 05:00:00,domingo,0,Sol,Seca y limpia,Plano,Media ladera Izquierda,Recta,Transito normal con precaución,17,0,1,0,1.0,Caída ocupante,embriaguez o sustancias alucinogenas,2501B_1_44,17.0,0.0
Ocaña,2019-08-13 16:04:00,54,475.0,2019-07-27 05:00:00,sabado,40,Sol,Seca y limpia,Ondulado,Media ladera Izquierda,Curva Izquierda,Transito normal con precaución,0,0,3,1,4.0,Choque,adelantamientos indebidos,7007_1_54,19.0,5.0
Ocaña,2019-08-13 16:09:00,26,350.0,2019-06-24 05:00:00,lunes,13,Sol,Seca y limpia,Plano,Cajón,Recta,Transito normal con precaución,0,0,0,0,0.0,Choque,no determinada,7008_1_26,13.0,11.0
Casanare,2019-08-14 01:03:00,17,250.0,2019-07-06 05:00:00,sabado,0,Normal,Seca y limpia,Plano,Terraplen,Curva Derecha,Transito normal con precaución,0,0,0,1,1.0,Choque,exceso de velocidad,6605_0_17,6.0,18.0
Nariño,2019-08-14 14:38:00,19,30.0,2019-07-18 05:00:00,jueves,0,Normal,Seca y limpia,Montañoso,Media ladera Izquierda,Curva Izquierda,Cierre total,2,0,0,1,3.0,Choque,embriaguez o sustancias alucinogenas,2502_1_19,18.0,8.0
Nariño,2019-08-14 14:53:00,18,30.0,2019-07-19 05:00:00,viernes,30,Sol,Seca y limpia,Montañoso,Media ladera Izquierda,Curva Izquierda,Transito normal con precaución,0,0,0,0,0.0,Volcamiento,fallas mecanicas y del sistema electrico,2502_1_18,9.0,15.0
Nariño,2019-08-14 15:03:00,21,520.0,2019-07-19 05:00:00,viernes,30,Sol,Seca y limpia,Montañoso,Media ladera Izquierda,Curva Izquierda,Transito normal con precaución,0,0,1,0,1.0,Volcamiento,fallas mecanicas y del sistema electrico,2502_1_21,10.0,14.0
Nariño,2019-08-14 15:07:00,32,300.0,2019-07-21 05:00:00,domingo,30,Sol,Seca y limpia,Montañoso,Terraplen,Recta,Transito normal con precaución,0,0,1,0,1.0,Choque,maniobras imprudentes,2502_2_32,16.0,8.0
Norte de Santander,2019-08-14 20:08:00,6,515.0,2019-07-14 05:00:00,domingo,20,Normal,Seca y limpia,Plano,Terraplen,Recta,Parcial con reducción de carriles,1,0,0,2,2.0,Choque,desobediencia a normas y senales,55NSA_1_6,12.0,13.0
Norte de Santander,2019-08-14 20:20:00,8,650.0,2019-07-05 05:00:00,viernes,30,Normal,Seca y limpia,Plano,Terraplen,Recta,Parcial con reducción de carriles,1,0,0,0,0.0,Choque,no mantener distancia de seguridad,55NSA_1_8,8.0,17.0
Planta Central,2019-08-15 14:43:00,10,700.0,2019-07-22 05:00:00,lunes,0,Normal,Seca y limpia,Plano,Terraplen,Recta,Transito normal con precaución,0,0,0,1,1.0,Choque,no determinada,4513_1_10,15.0,9.0
Planta Central,2019-08-15 15:00:00,13,123.0,2019-07-15 05:00:00,lunes,50,Normal,Seca y limpia,Plano,Terraplen,Recta,Transito normal con precaución,0,0,0,2,2.0,Choque,adelantamientos indebidos,4513_1_13,16.0,8.0
Boyacá,2019-08-15 14:59:00,20,300.0,2019-07-01 05:00:00,lunes,10,Lluvia,Humeda,Plano,Terraplen,Curva Izquierda,Transito normal con precaución,16,10,0,1,1.0,Choque,exceso en horas de conduccion,45A05_1_20,16.0,0.0
Tolima,2019-08-15 20:38:00,24,300.0,2019-05-13 05:00:00,lunes,0,Normal,Seca y limpia,Escarpado,Media Ladera Derecha,Curva Derecha,Transito normal con precaución,12,0,0,0,0.0,Choque,adelantamientos indebidos,5007_1_24,12.0,0.0
Planta Central,2019-08-15 15:13:00,38,800.0,2019-07-22 05:00:00,lunes,0,Normal,Seca y limpia,Plano,Terraplen,Curva Derecha,Transito normal con precaución,0,0,0,0,0.0,Choque,adelantamientos indebidos,4513_1_38,7.0,17.0
Planta Central,2019-08-15 15:16:00,40,400.0,2019-07-14 05:00:00,domingo,0,Normal,Seca y limpia,Ondulado,Terraplen,Recta,Transito normal con precaución,0,0,0,1,1.0,Volcamiento,defectos fisicos y psiquicos,4513_1_40,6.0,18.0
Planta Central,2019-08-15 15:20:00,41,900.0,2019-07-16 05:00:00,martes,30,Normal,Seca y limpia,Ondulado,Media ladera Izquierda,Recta,Transito normal con precaución,0,0,0,0,0.0,Volcamiento,maniobras imprudentes,4513_1_41,22.0,2.0
Boyacá,2019-08-15 15:15:00,75,500.0,2019-07-07 05:00:00,domingo,0,Normal,Seca y limpia,Ondulado,Media ladera Izquierda,Curva Derecha,Transito normal con precaución,21,0,0,0,0.0,Volcamiento,maniobras imprudentes,45A05_1_75,21.0,0.0
Tolima,2019-08-15 19:29:00,10,100.0,2019-05-02 05:00:00,jueves,10,Normal,Seca y limpia,Escarpado,Media Ladera Derecha,Curva Derecha,Transito normal con precaución,11,10,2,0,2.0,Choque,no mantener distancia de seguridad,5007_1_10,11.0,0.0
Tolima,2019-08-15 19:35:00,24,250.0,2019-05-03 05:00:00,viernes,15,Normal,Seca y limpia,Escarpado,Media Ladera Derecha,Curva Derecha,Transito normal con precaución,10,15,6,0,6.0,Volcamiento,fallas mecanicas y del sistema electrico,5007_1_24,10.0,0.0
Tolima,2019-08-15 19:38:00,24,250.0,2019-05-08 05:00:00,miercoles,45,Normal,Humeda,Escarpado,Media Ladera Derecha,Curva Derecha,Transito normal con precaución,16,45,0,0,0.0,Choque,adelantamientos indebidos,5007_1_24,16.0,0.0
Tolima,2019-08-15 19:43:00,24,350.0,2019-05-08 05:00:00,miercoles,15,Lluvia,Humeda,Escarpado,Media Ladera Derecha,Curva Izquierda,Transito normal con precaución,7,15,0,0,0.0,Choque,adelantamientos indebidos,5007_1_24,7.0,0.0
Quindío,2019-08-15 18:34:00,43,260.0,2019-06-24 05:00:00,lunes,0,Seca,Seca y limpia,Plano,Terraplen,Recta,Parcial con reducción de carriles,1,0,3,0,3.0,Atropello,desobediencia a normas y senales,4002_1_43,11.0,14.0
Tolima,2019-08-15 19:49:00,4,100.0,2019-05-11 05:00:00,sabado,25,Normal,Seca y limpia,Escarpado,Media ladera Izquierda,Curva Derecha,Transito normal con precaución,20,25,0,0,0.0,Choque,condiciones de la via y factores ambientales,5007_1_4,20.0,0.0
Quindío,2019-08-15 19:53:00,42,0.0,2019-06-25 05:00:00,martes,10,Seca,Seca y limpia,Plano,Terraplen,Recta,Transito normal con precaución,0,0,1,0,1.0,Choque,no determinada,4002_1_42,16.0,8.0
Quindío,2019-08-15 20:07:00,1,850.0,2019-06-28 05:00:00,viernes,15,Seca,Seca y limpia,Plano,Terraplen,Curva Derecha,Parcial con reducción de carriles,0,30,1,0,1.0,Choque,no determinada,2901B_1_1,18.0,6.0
Quindío,2019-08-15 20:16:00,47,600.0,2019-06-29 05:00:00,sabado,40,Seca,Seca y limpia,Plano,Terraplen,Recta,Transito normal con precaución,0,0,0,0,0.0,Choque,no determinada,4002_1_47,16.0,8.0
Quindío,2019-08-15 20:26:00,13,400.0,2019-07-07 05:00:00,domingo,20,Seca,Seca y limpia,Ondulado,Cajón,Recta,Parcial con reducción de carriles,1,0,2,0,2.0,Choque,no mantener distancia de seguridad,2901B_1_13,10.0,15.0
Tolima,2019-08-15 20:43:00,3,697.0,2019-05-15 05:00:00,miercoles,30,Normal,Seca y limpia,Escarpado,Media ladera Izquierda,Curva Izquierda,Transito normal con precaución,13,30,1,1,2.0,Choque,adelantamientos indebidos,5007_1_3,13.0,0.0
Tolima,2019-08-15 21:01:00,24,200.0,2019-05-16 05:00:00,jueves,15,Normal,Seca y limpia,Escarpado,Media ladera Izquierda,Curva Derecha,Transito normal con precaución,9,15,8,0,8.0,Choque,fallas mecanicas y del sistema electrico,5007_1_24,9.0,0.0
Caquetá,2019-08-15 20:57:00,67,760.0,2019-08-09 05:00:00,viernes,0,Sol,Seca y limpia,Plano,Terraplen,Recta,Transito normal con precaución,14,0,1,0,1.0,Volcamiento,exceso de velocidad,6504_0_67,14.0,0.0
Tolima,2019-08-15 21:10:00,10,250.0,2019-05-20 05:00:00,lunes,45,Normal,Seca y limpia,Escarpado,Media Ladera Derecha,Curva Derecha,Transito normal con precaución,17,45,0,0,0.0,Choque,no mantener distancia de seguridad,5007_1_10,17.0,0.0
Tolima,2019-08-15 21:16:00,16,700.0,2019-05-20 05:00:00,lunes,0,Normal,Seca y limpia,Escarpado,Media Ladera Derecha,Curva Derecha,Transito normal con precaución,20,0,0,0,0.0,Choque,adelantamientos indebidos,5007_1_16,20.0,0.0
Tolima,2019-08-15 21:21:00,17,320.0,2019-05-28 05:00:00,martes,0,Lluvia,Humeda,Escarpado,Media ladera Izquierda,Curva Izquierda,Transito normal con precaución,14,0,0,0,0.0,Choque,condiciones de la via y factores ambientales,5007_1_17,14.0,0.0
Tolima,2019-08-15 21:28:00,22,750.0,2019-06-04 05:00:00,martes,5,Normal,Seca y limpia,Escarpado,Media ladera Izquierda,Curva Derecha,Transito normal con precaución,10,5,0,0,0.0,Choque,no determinada,5007_1_22,10.0,0.0
Tolima,2019-08-15 21:44:00,7,400.0,2019-06-04 05:00:00,martes,0,Normal,Seca y limpia,Escarpado,Media Ladera Derecha,Curva Derecha,Transito normal con precaución,7,59,0,0,0.0,Choque,adelantamientos indebidos,5007_1_7,7.0,0.0
Tolima,2019-08-15 21:48:00,17,250.0,2019-06-10 05:00:00,lunes,0,Lluvia,Humeda,Escarpado,Media ladera Izquierda,Curva Izquierda,Transito normal con precaución,0,0,0,0,0.0,Choque,condiciones de la via y factores ambientales,5007_1_17,0.0,0.0
Tolima,2019-08-15 21:56:00,20,800.0,2019-06-12 05:00:00,miercoles,0,Normal,Seca y limpia,Escarpado,Media ladera Izquierda,Curva Izquierda,Transito normal con precaución,0,0,2,0,2.0,Choque,adelantamientos indebidos,5007_1_20,0.0,0.0
Planta Central,2019-08-15 15:24:00,86,150.0,2019-07-13 05:00:00,sabado,30,Normal,Seca y limpia,Plano,Terraplen,Recta,Transito normal con precaución,0,0,0,0,0.0,Choque,maniobras imprudentes,4513_1_86,2.0,22.0
Boyacá,2019-08-15 15:23:00,57,800.0,2019-07-12 05:00:00,viernes,30,Normal,Seca y limpia,Plano,Media ladera Izquierda,Recta,Transito normal con precaución,12,30,1,0,1.0,Caída ocupante,maniobras imprudentes,45A05_1_57,12.0,0.0
Boyacá,2019-08-15 15:37:00,44,300.0,2019-07-13 05:00:00,sabado,40,Normal,Seca y limpia,Plano,Terraplen,Recta,Transito normal con precaución,8,40,0,0,0.0,Choque,adelantamientos indebidos,45A05_1_44,8.0,0.0
Boyacá,2019-08-15 16:12:00,32,800.0,2019-07-22 05:00:00,lunes,30,Normal,Seca y limpia,Plano,Terraplen,Curva Izquierda,Cierre total,9,30,0,2,2.0,Choque,adelantamientos indebidos,45A05_1_32,9.0,0.0
Quindío,2019-08-15 16:24:00,1,700.0,2019-06-02 05:00:00,domingo,50,Seca,Seca y limpia,Plano,Terraplen,Recta,Transito normal con precaución,0,0,0,0,0.0,Choque,no mantener distancia de seguridad,2901B_1_1,0.0,0.0
Quindío,2019-08-15 16:32:00,1,600.0,2019-06-09 05:00:00,domingo,40,Seca,Seca y limpia,Plano,Terraplen,Recta,Transito normal con precaución,0,0,0,0,0.0,Choque,maniobras imprudentes,2901B_1_1,13.0,11.0
Boyacá,2019-08-15 16:23:00,68,300.0,2019-07-29 05:00:00,lunes,0,Normal,Seca y limpia,Plano,Media ladera Izquierda,Recta,Transito normal con precaución,9,0,0,0,0.0,Volcamiento,desobediencia a normas y senales,45A05_1_68,9.0,0.0
Quindío,2019-08-15 16:41:00,5,350.0,2019-06-22 05:00:00,sabado,50,Seca,Seca y limpia,Ondulado,Cajón,Recta,Parcial con reducción de carriles,0,30,0,0,0.0,Choque,maniobras imprudentes,2901B_1_5,17.0,7.0
Boyacá,2019-08-20 15:53:00,9,200.0,2019-07-01 05:00:00,lunes,0,Lluvia,Humeda,Ondulado,Media ladera Izquierda,Curva Izquierda,Transito normal con precaución,15,0,8,0,8.0,Choque,adelantamientos indebidos,6211_1_9,15.0,0.0
Boyacá,2019-08-20 15:53:00,31,100.0,2019-07-01 05:00:00,lunes,15,Lluvia,Humeda,Montañoso,Media ladera Izquierda,Curva Izquierda,Transito normal con precaución,17,15,0,0,8.0,Choque,no mantener distancia de seguridad,5503_1_31,17.0,0.0
Boyacá,2019-08-20 16:13:00,14,800.0,2019-07-07 05:00:00,domingo,15,Normal,Seca y limpia,Montañoso,Media ladera Izquierda,Curva Izquierda,Transito normal con precaución,10,15,0,0,0.0,Choque,maniobras imprudentes,62BY05_1_14,10.0,0.0
Boyacá,2019-08-20 16:20:00,35,400.0,2019-07-09 05:00:00,martes,45,Normal,Seca y limpia,Montañoso,Media ladera Izquierda,Curva Derecha,Transito normal con precaución,7,45,0,0,0.0,Salida de la vía sin volcarse,exceso de velocidad,5503_1_35,7.0,0.0
Boyacá,2019-08-20 16:25:00,74,900.0,2019-07-09 05:00:00,martes,15,Normal,Seca y limpia,Montañoso,Media Ladera Derecha,Curva Izquierda,Transito normal con precaución,9,15,0,0,0.0,Volcamiento,fallas mecanicas y del sistema electrico,5503_1_74,9.0,0.0
Quindío,2019-08-20 16:21:00,1,450.0,2019-07-23 05:00:00,martes,20,Seca,Seca y limpia,Plano,Terraplen,Recta,Cierre total,0,15,1,0,1.0,Choque,maniobras imprudentes,2901B_1_1,13.0,11.0
Boyacá,2019-08-20 16:31:00,3,550.0,2019-07-09 05:00:00,martes,30,Normal,Seca y limpia,Montañoso,Terraplen,Recta,Transito normal con precaución,8,30,0,0,0.0,Choque,adelantamientos indebidos,6211_1_3,8.0,0.0
Boyacá,2019-08-20 17:00:00,7,350.0,2019-07-10 05:00:00,miercoles,16,Normal,Seca y limpia,Montañoso,Media Ladera Derecha,Curva Derecha,Transito normal con precaución,9,16,0,0,0.0,Choque,adelantamientos indebidos,6211_1_7,9.0,0.0
Boyacá,2019-08-20 17:06:00,19,200.0,2019-07-10 05:00:00,miercoles,30,Normal,Seca y limpia,Montañoso,Terraplen,Recta,Transito normal con precaución,12,30,0,0,0.0,Choque,no mantener distancia de seguridad,5503_1_19,12.0,0.0
Boyacá,2019-08-20 17:14:00,3,900.0,2019-07-11 05:00:00,jueves,15,Lluvia,Humeda,Montañoso,Media Ladera Derecha,Recta,Transito normal con precaución,3,15,0,0,0.0,Choque,desobediencia a normas y senales,6211_1_3,3.0,0.0
Boyacá,2019-08-20 17:21:00,12,100.0,2019-07-12 05:00:00,viernes,0,Normal,Seca y limpia,Montañoso,Media Ladera Derecha,Curva Izquierda,Transito normal con precaución,14,0,0,0,0.0,Volcamiento,exceso de velocidad,6211_1_12,14.0,0.0
Caldas,2019-08-21 13:12:00,52,800.0,2019-07-20 05:00:00,sabado,30,Normal,Seca y limpia,Montañoso,Media ladera Izquierda,Recta,Parcial con reducción de carriles,11,0,1,0,1.0,Atropello,impericia en el manejo,2508_1_52,10.0,1.0
Boyacá,2019-08-20 17:27:00,11,9.81,2019-07-13 05:00:00,sabado,30,Lluvia,Humeda,Montañoso,Media Ladera Derecha,Curva Izquierda,Transito normal con precaución,14,30,0,0,0.0,Choque,desobediencia a normas y senales,6211_1_11,14.0,0.0
Boyacá,2019-08-20 20:04:00,58,8.41,2019-07-13 05:00:00,sabado,30,Lluvia,Humeda,Montañoso,Media ladera Izquierda,Curva Derecha,Transito normal con precaución,11,30,0,0,0.0,Choque,desobediencia a normas y senales,5503_1_58,11.0,0.0
Boyacá,2019-08-20 20:11:00,32,630.0,2019-07-15 05:00:00,lunes,26,Normal,Seca y limpia,Montañoso,Media Ladera Derecha,Curva Izquierda,Transito normal con precaución,7,26,0,0,0.0,Choque,fallas mecanicas y del sistema electrico,5503_1_32,7.0,0.0
Boyacá,2019-08-20 20:18:00,101,800.0,2019-07-17 05:00:00,miercoles,36,Normal,Seca y limpia,Montañoso,Media ladera Izquierda,Curva Derecha,Transito normal con precaución,11,36,0,0,0.0,Choque,imprudencia del conductor,5503_1_101,11.0,0.0
Boyacá,2019-08-20 20:25:00,36,900.0,2019-07-18 05:00:00,jueves,11,Normal,Seca y limpia,Montañoso,Media Ladera Derecha,Curva Izquierda,Transito normal con precaución,15,11,0,0,0.0,Volcamiento,fallas mecanicas y del sistema electrico,5503_1_36,3.0,12.0
Boyacá,2019-08-20 20:30:00,9,380.0,2019-07-19 05:00:00,viernes,15,Normal,Seca y limpia,Montañoso,Media Ladera Derecha,Curva Izquierda,Transito normal con precaución,9,15,0,0,0.0,Choque,exceso de velocidad,6211_1_9,9.0,0.0
Boyacá,2019-08-20 20:40:00,8,700.0,2019-07-20 05:00:00,sabado,10,Lluvia,Humeda,Montañoso,Media Ladera Derecha,Curva Derecha,Transito normal con precaución,20,10,0,0,0.0,Choque,desobediencia a normas y senales,6211_1_8,20.0,0.0
Boyacá,2019-08-20 20:59:00,116,650.0,2019-07-20 05:00:00,sabado,40,Normal,Seca y limpia,Montañoso,Media Ladera Derecha,Curva Derecha,Transito normal con precaución,15,40,0,0,0.0,Choque,desobediencia a normas y senales,5503_1_116,15.0,0.0
Boyacá,2019-08-20 21:05:00,48,530.0,2019-07-22 05:00:00,lunes,0,Lluvia,Humeda,Montañoso,Media ladera Izquierda,Curva Derecha,Transito normal con precaución,11,0,0,0,0.0,Choque,imprudencia del conductor,5503_1_48,11.0,0.0
Boyacá,2019-08-20 21:13:00,116,650.0,2019-07-20 05:00:00,sabado,40,Normal,Seca y limpia,Montañoso,Media ladera Izquierda,Curva Derecha,Transito normal con precaución,15,40,0,0,0.0,Salida de la vía sin volcarse,exceso de velocidad,5503_1_116,15.0,0.0
Boyacá,2019-08-20 21:59:00,14,800.0,2019-07-07 05:00:00,domingo,15,Normal,Seca y limpia,Montañoso,Media ladera Izquierda,Curva Izquierda,Transito normal con precaución,10,15,0,0,0.0,Choque,maniobras imprudentes,6211_1_14,10.0,0.0
Caldas,2019-08-21 13:02:00,12,800.0,2019-07-20 05:00:00,sabado,40,Normal,Seca y limpia,Montañoso,Media Ladera Derecha,Curva Izquierda,Parcial con reducción de carriles,14,0,0,0,0.0,Choque,no determinada,2508_1_12,13.0,1.0