territorial,fecha_registro,pr,distancia_pr,fecha_acc,dia_semana_acc,min_acc,condic_meteor,estado_super,terreno,secc_tip,geometria_acc,tipo_cierre,horas_cierre,min_cierre,n_heridos,n_muertos,n_victimas,clase_accidente,causa_posible,ref_loc,hora_acc,duracion_cierre_horas
Caldas,2019-08-21 13:04:00,25,800.0,2019-07-22 05:00:00,lunes,40,Normal,Seca y limpia,Montañoso,Media ladera Izquierda,Recta,Parcial con reducción de carriles,21,10,0,0,0.0,Choque,no determinada,2508_1_25,20.0,1.0
Caldas,2019-08-21 13:07:00,40,800.0,2019-07-11 05:00:00,jueves,30,Normal,Seca y limpia,Montañoso,Media ladera Izquierda,Curva Izquierda,Parcial con reducción de carriles,11,0,1,0,1.0,Choque,adelantamientos indebidos,2508_1_40,10.0,1.0
Caldas,2019-08-21 13:10:00,52,50.0,2019-07-23 05:00:00,martes,0,Normal,Seca y limpia,Montañoso,Media ladera Izquierda,Recta,Parcial con reducción de carriles,14,50,0,1,1.0,Choque,adelantamientos indebidos,2508_1_52,14.0,0.0
Caldas,2019-08-21 13:16:00,56,800.0,2019-07-07 05:00:00,domingo,30,Normal,Seca y limpia,Montañoso,Media ladera Izquierda,Curva Izquierda,Parcial con reducción de carriles,6,40,0,0,0.0,Incendio,fallas mecanicas y del sistema electrico,2508_1_56,5.0,1.0
Caldas,2019-08-21 13:19:00,60,0.0,2019-07-12 05:00:00,viernes,30,Normal,Seca y limpia,Montañoso,Media ladera Izquierda,Curva Derecha,Parcial con reducción de carriles,12,0,0,0,0.0,Choque,no determinada,2508_1_60,11.0,1.0
Caldas,2019-08-21 13:21:00,44,100.0,2019-07-04 05:00:00,jueves,30,Normal,Seca y limpia,Montañoso,Media ladera Izquierda,Curva Izquierda,Parcial con reducción de carriles,6,30,1,1,2.0,No determinado,no determinada,2902_1_44,5.0,1.0
Caldas,2019-08-21 13:26:00,30,650.0,2019-07-10 05:00:00,miercoles,55,Lluvia,Humeda,Montañoso,Media ladera Izquierda,Curva Izquierda,Parcial con reducción de carriles,9,15,0,0,0.0,Choque,estacionamiento y senalizacion imprudente,2902_1_30,8.0,1.0
Caquetá,2019-08-21 00:53:00,52,157.0,2019-08-02 05:00:00,viernes,43,Sol,Seca y limpia,Ondulado,Terraplen,Curva Izquierda,Transito normal con precaución,14,43,0,0,1.0,Choque,no determinada,6502_1_52,14.0,0.0
Caldas,2019-08-21 13:33:00,31,900.0,2019-07-25 05:00:00,jueves,30,Normal,Seca y limpia,Montañoso,Media ladera Izquierda,Curva Derecha,Parcial con reducción de carriles,7,45,0,0,0.0,Choque,no mantener distancia de seguridad,2902_1_31,7.0,0.0
Caldas,2019-08-21 13:50:00,37,700.0,2019-07-14 05:00:00,domingo,40,Normal,Seca y limpia,Montañoso,Media ladera Izquierda,Curva Izquierda,Parcial con reducción de carriles,18,55,0,0,0.0,Choque,no determinada,2902_1_37,18.0,0.0
Caldas,2019-08-21 14:05:00,38,650.0,2019-07-11 05:00:00,jueves,50,Normal,Seca y limpia,Montañoso,Media ladera Izquierda,Curva Derecha,Parcial con reducción de carriles,17,15,0,0,0.0,Choque,no determinada,2902_1_38,16.0,1.0
Caldas,2019-08-21 19:39:00,38,700.0,2019-07-25 05:00:00,jueves,20,Normal,Seca y limpia,Montañoso,Media ladera Izquierda,Recta,Parcial con reducción de carriles,9,40,0,0,0.0,Choque,no mantener distancia de seguridad,2902_1_38,9.0,0.0
Caldas,2019-08-21 19:46:00,39,400.0,2019-07-25 05:00:00,jueves,10,Normal,Seca y limpia,Montañoso,Media ladera Izquierda,Curva Derecha,Parcial con reducción de carriles,15,30,0,0,0.0,Choque,no determinada,2902_1_39,15.0,0.0
Caldas,2019-08-21 20:00:00,41,0.0,2019-07-12 05:00:00,viernes,30,Normal,Seca y limpia,Montañoso,Media ladera Izquierda,Curva Izquierda,Parcial con reducción de carriles,16,45,0,0,0.0,Choque,no determinada,2902_1_41,16.0,0.0
Caldas,2019-08-21 20:02:00,41,930.0,2019-07-27 05:00:00,sabado,25,Normal,Seca y limpia,Montañoso,Media ladera Izquierda,Recta,Parcial con reducción de carriles,17,45,0,0,0.0,Volcamiento,no determinada,2902_1_41,17.0,0.0
Caldas,2019-08-21 20:05:00,0,800.0,2019-07-12 05:00:00,viernes,0,Normal,Seca y limpia,Montañoso,Media ladera Izquierda,Recta,Parcial con reducción de carriles,18,10,1,0,1.0,Choque,adelantamientos indebidos,5006_0_0,18.0,0.0
Caldas,2019-08-21 20:09:00,1,400.0,2019-07-18 05:00:00,jueves,30,Normal,Seca y limpia,Montañoso,Media ladera Izquierda,Recta,Parcial con reducción de carriles,21,40,0,0,0.0,Choque,maniobras imprudentes,5006_0_1,21.0,0.0
Caldas,2019-08-21 20:16:00,9,750.0,2019-07-11 05:00:00,jueves,20,Normal,Seca y limpia,Montañoso,Media ladera Izquierda,Recta,Parcial con reducción de carriles,17,30,1,0,1.0,Choque,no mantener distancia de seguridad,5006_0_9,17.0,0.0
Caldas,2019-08-21 20:18:00,11,250.0,2019-07-22 05:00:00,lunes,20,Lluvia,Humeda,Montañoso,Media ladera Izquierda,Curva Izquierda,Parcial con reducción de carriles,21,30,0,0,0.0,Choque,no determinada,5006_0_11,21.0,0.0
Caldas,2019-08-21 21:32:00,15,0.0,2019-07-13 05:00:00,sabado,40,Lluvia,Humeda,Montañoso,Media ladera Izquierda,Curva Izquierda,Parcial con reducción de carriles,10,0,0,0,0.0,Choque,no determinada,5006_0_15,9.0,1.0
Caldas,2019-08-21 21:34:00,16,900.0,2019-07-01 05:00:00,lunes,15,Lluvia,Humeda,Montañoso,Media ladera Izquierda,Curva Izquierda,Parcial con reducción de carriles,16,20,0,0,0.0,Choque,no determinada,5006_0_16,16.0,0.0
Caldas,2019-08-21 22:06:00,17,950.0,2019-07-01 05:00:00,lunes,0,Normal,Seca y limpia,Montañoso,Media ladera Izquierda,Curva Izquierda,Parcial con reducción de carriles,13,10,1,0,1.0,Choque,no determinada,5006_0_17,13.0,0.0
Caldas,2019-08-21 22:16:00,25,70.0,2019-07-31 05:00:00,miercoles,40,Normal,Seca y limpia,Montañoso,Media ladera Izquierda,Recta,Parcial con reducción de carriles,11,50,1,0,1.0,Atropello,no determinada,5005_1_25,11.0,0.0
Caldas,2019-08-21 22:31:00,28,60.0,2019-07-26 05:00:00,viernes,30,Normal,Seca y limpia,Montañoso,Media ladera Izquierda,Curva Izquierda,Parcial con reducción de carriles,5,40,0,0,0.0,Choque,no determinada,5005_2_28,5.0,0.0
Caldas,2019-08-21 22:32:00,28,200.0,2019-07-15 05:00:00,lunes,20,Normal,Seca y limpia,Montañoso,Media ladera Izquierda,Recta,Parcial con reducción de carriles,8,30,0,0,0.0,Choque,no determinada,5005_2_28,8.0,0.0
Caldas,2019-08-21 22:35:00,28,570.0,2019-07-30 05:00:00,martes,10,Normal,Seca y limpia,Montañoso,Media ladera Izquierda,Curva Izquierda,Parcial con reducción de carriles,19,25,0,0,0.0,Choque,desobediencia a normas y senales,5005_2_28,19.0,0.0
Caldas,2019-08-21 22:37:00,32,520.0,2019-07-30 05:00:00,martes,30,Normal,Seca y limpia,Montañoso,Media ladera Izquierda,Curva Izquierda,Parcial con reducción de carriles,16,50,0,0,0.0,Choque,no mantener distancia de seguridad,5005_2_32,16.0,0.0
Caldas,2019-08-21 22:39:00,28,180.0,2019-07-11 05:00:00,jueves,21,Normal,Seca y limpia,Montañoso,Media ladera Izquierda,Recta,Parcial con reducción de carriles,17,30,0,0,0.0,Choque,no determinada,5005_2_28,17.0,0.0
Caquetá,2019-08-21 12:50:00,6,70.0,2019-08-17 05:00:00,sabado,40,Sol,Seca y limpia,Ondulado,Media ladera Izquierda,Recta,Transito normal con precaución,12,40,3,1,4.0,Salida de la vía sin volcarse,defectos fisicos y psiquicos,6502_1_6,12.0,0.0
Caquetá,2019-08-23 15:42:00,42,670.0,2019-07-10 05:00:00,miercoles,25,Niebla,Seca y limpia,Montañoso,Cajón,Curva Izquierda,Parcial con reducción de carriles,0,0,0,0,0.0,Volcamiento,fallas mecanicas y del sistema electrico,2003A_0_42,7.0,17.0
Caquetá,2019-08-23 15:49:00,48,180.0,2019-07-10 05:00:00,miercoles,40,Sol,Seca y limpia,Montañoso,Cajón,Recta,Parcial con reducción de carriles,0,0,0,0,0.0,Choque,fallas mecanicas y del sistema electrico,2003A_0_48,7.0,17.0
Antioquia,2019-08-23 23:47:00,49,540.0,2019-07-02 05:00:00,martes,0,Normal,Seca y limpia,Plano,Media Ladera Derecha,Recta,Transito normal con precaución,19,0,2,0,2.0,Choque,adelantamientos indebidos,5601_1_49,8.0,11.0
Antioquia,2019-08-23 23:51:00,56,890.0,2019-07-03 05:00:00,miercoles,10,Normal,Seca y limpia,Plano,Media Ladera Derecha,Curva Derecha,Transito normal con precaución,17,0,1,0,1.0,Choque,desobediencia a normas y senales,5601_1_56,11.0,6.0
Antioquia,2019-08-23 23:53:00,69,160.0,2019-07-06 05:00:00,sabado,30,Normal,Seca y limpia,Plano,Media Ladera Derecha,Curva Derecha,Transito normal con precaución,20,0,1,0,1.0,Choque,exceso en horas de conduccion,5601_1_69,16.0,4.0
Caquetá,2019-08-26 15:04:00,54,500.0,2019-08-13 05:00:00,martes,8,Sol,Seca y limpia,Plano,Terraplen,Recta,Transito normal con precaución,17,8,1,0,1.0,Caída ocupante,exceso de velocidad,6504_0_54,17.0,0.0
Atlántico,2019-08-26 21:28:00,54,410.0,2019-07-30 05:00:00,martes,20,Normal,Seca y limpia,Plano,Terraplen,Recta,Transito normal con precaución,0,0,1,0,2.0,Volcamiento,fallas mecanicas y del sistema electrico,2702_0_54,20.0,4.0
Cesar,2019-08-27 12:47:00,0,600.0,2019-07-06 05:00:00,sabado,20,Seca,Seca y limpia,Ondulado,Media ladera Izquierda,Curva Derecha,Parcial con paso alternado,1,30,0,1,2.0,Choque,adelantamientos indebidos,8004A_1_0,8.0,17.0
Cesar,2019-08-27 15:29:00,24,0.0,2019-07-09 05:00:00,martes,30,Lluvia,Humeda,Plano,Terraplen,Curva Izquierda,Transito normal con precaución,0,0,0,0,0.0,Volcamiento,desobediencia a normas y senales,8004A_1_24,9.0,15.0
Cesar,2019-08-27 15:39:00,106,500.0,2019-07-25 05:00:00,jueves,0,Normal,Seca y limpia,Plano,Terraplen,Recta,Transito normal con precaución,0,0,1,0,1.0,Choque,desobediencia a normas y senales,4901_1_106,19.0,5.0
Cesar,2019-08-27 15:48:00,3,500.0,2019-07-31 05:00:00,miercoles,40,Normal,Seca y limpia,Plano,Terraplen,Recta,Transito normal con precaución,0,0,0,0,0.0,Choque,no mantener distancia de seguridad,8004A_1_3,6.0,18.0
Meta,2019-08-28 12:34:00,62,100.0,2019-07-13 05:00:00,sabado,30,Normal,Seca y limpia,Plano,Terraplen,Recta,Cierre total,1,0,0,1,1.0,Choque,maniobras imprudentes,6508_1_62,11.0,14.0
Meta,2019-08-28 12:39:00,38,400.0,2019-07-23 05:00:00,martes,10,Normal,Seca y limpia,Plano,Terraplen,Curva Izquierda,Parcial con paso alternado,1,0,1,0,1.0,Choque,adelantamientos indebidos,6508_1_38,15.0,10.0
Meta,2019-08-28 12:42:00,82,900.0,2019-07-24 05:00:00,miercoles,0,Normal,Seca y limpia,Plano,Terraplen,Curva Derecha,Transito normal con precaución,0,0,0,0,0.0,Choque,no mantener distancia de seguridad,6508_1_82,4.0,20.0
Meta,2019-08-28 12:46:00,76,700.0,2019-07-21 05:00:00,domingo,30,Normal,Seca y limpia,Plano,Terraplen,Recta,Transito normal con precaución,0,0,0,0,0.0,Choque,maniobras imprudentes,65A02_1_76,20.0,4.0
Meta,2019-08-28 12:49:00,89,950.0,2019-07-23 05:00:00,martes,0,Normal,Seca y limpia,Plano,Terraplen,Recta,Parcial con paso alternado,1,0,0,0,1.0,Choque,no determinada,65A02_1_89,21.0,4.0
Putumayo,2019-08-28 16:28:00,76,870.0,2019-07-05 05:00:00,viernes,15,Lluvia,Humeda,Plano,Terraplen,Recta,Transito normal con precaución,0,0,2,0,2.0,Choque,desobediencia a normas y senales,4502_0_76,16.0,8.0
Putumayo,2019-08-28 16:38:00,75,100.0,2019-07-08 05:00:00,lunes,0,Normal,Seca y limpia,Montañoso,Media Ladera Derecha,Curva Izquierda,Transito normal con precaución,0,0,1,0,1.0,Salida de la vía sin volcarse,no determinada,4502_0_75,17.0,7.0
Córdoba,2019-08-29 23:50:00,42,450.0,2019-06-23 05:00:00,domingo,50,Normal,Seca y limpia,Plano,Terraplen,Recta,Parcial con reducción de carriles,2,0,0,1,1.0,Choque,maniobras imprudentes,7403_1_42,4.0,22.0
Putumayo,2019-08-28 16:43:00,76,906.0,2019-07-16 05:00:00,martes,18,Normal,Seca y limpia,Plano,Terraplen,Curva Izquierda,Transito normal con precaución,0,0,1,0,1.0,Choque,adelantamientos indebidos,4502_0_76,10.0,14.0
Putumayo,2019-08-28 16:48:00,16,600.0,2019-07-21 05:00:00,domingo,0,Sol,Material suelto,Montañoso,Media ladera Izquierda,Curva Derecha,Transito normal con precaución,0,0,0,1,3.0,Otro,no determinada,6501_0_16,16.0,8.0
Cesar,2019-08-28 20:33:00,18,400.0,2019-06-01 05:00:00,sabado,40,Normal,Seca y limpia,Plano,Terraplen,Recta,Transito normal con precaución,0,0,0,1,1.0,Choque,condiciones de la via y factores ambientales,8004A_1_18,18.0,6.0
Córdoba,2019-08-29 22:40:00,16,800.0,2019-05-02 05:00:00,jueves,15,Normal,Seca y limpia,Plano,Terraplen,Recta,Transito normal con precaución,0,5,0,0,0.0,Choque,no determinada,2514_1_16,15.0,9.0
Córdoba,2019-08-29 22:47:00,16,800.0,2019-05-02 05:00:00,jueves,15,Normal,Seca y limpia,Plano,Terraplen,Recta,Transito normal con precaución,0,10,0,0,0.0,Choque,no determinada,2514_1_16,15.0,9.0
Córdoba,2019-08-29 22:50:00,16,800.0,2019-05-02 05:00:00,jueves,15,Normal,Seca y limpia,Plano,Terraplen,Recta,Transito normal con precaución,0,35,0,0,0.0,Choque,no determinada,2514_1_16,15.0,9.0
Córdoba,2019-08-29 22:53:00,16,800.0,2019-05-02 05:00:00,jueves,15,Normal,Seca y limpia,Plano,Terraplen,Recta,Transito normal con precaución,0,17,0,0,0.0,Choque,no determinada,2514_1_16,15.0,9.0
Córdoba,2019-08-29 22:57:00,16,800.0,2019-05-02 05:00:00,jueves,15,Normal,Seca y limpia,Plano,Terraplen,Recta,Transito normal con precaución,0,0,0,0,0.0,Choque,no determinada,2514_1_16,15.0,9.0
Córdoba,2019-08-29 23:17:00,34,900.0,2019-05-03 05:00:00,viernes,30,Normal,Seca y limpia,Plano,Terraplen,Recta,Transito normal con precaución,0,0,2,0,2.0,Choque,no determinada,7403_1_34,17.0,7.0
Córdoba,2019-08-29 23:21:00,41,500.0,2019-05-21 05:00:00,martes,10,Normal,Seca y limpia,Plano,Terraplen,Recta,Transito normal con precaución,0,0,0,0,1.0,Choque,adelantamientos indebidos,7403_1_41,16.0,8.0
Córdoba,2019-08-29 23:25:00,49,570.0,2019-05-14 05:00:00,martes,0,Normal,Seca y limpia,Ondulado,Terraplen,Curva Derecha,Transito normal con precaución,0,0,3,0,3.0,Atropello,desobediencia a normas y senales,2514_1_49,16.0,8.0
Córdoba,2019-08-29 23:29:00,51,800.0,2019-05-27 05:00:00,lunes,20,Normal,Seca y limpia,Plano,Terraplen,Recta,Parcial con reducción de carriles,0,0,0,0,0.0,Choque,maniobras imprudentes,2514_1_51,11.0,13.0
Córdoba,2019-08-29 23:39:00,10,200.0,2019-06-28 05:00:00,viernes,20,Normal,Seca y limpia,Ondulado,Terraplen,Recta,Transito normal con precaución,0,0,0,0,1.0,Atropello,desobediencia a normas y senales,2514_1_10,15.0,9.0
Cesar,2019-09-25 02:03:00,136,100.0,2019-08-27 05:00:00,martes,30,Normal,Seca y limpia,Plano,Terraplen,Recta,Transito normal con precaución,0,0,2,0,2.0,Choque,maniobras imprudentes,4901_1_136,19.0,5.0
Córdoba,2019-08-29 23:54:00,49,560.0,2019-06-21 05:00:00,viernes,40,Normal,Seca y limpia,Ondulado,Terraplen,Curva Derecha,Transito normal con precaución,0,0,0,0,0.0,Choque,maniobras imprudentes,2514_1_49,15.0,9.0
Córdoba,2019-08-29 23:58:00,51,999.0,2019-06-25 05:00:00,martes,30,Normal,Seca y limpia,Plano,Terraplen,Recta,Transito normal con precaución,0,0,0,0,0.0,Choque,desobediencia a normas y senales,2514_1_51,7.0,17.0
Córdoba,2019-08-30 00:02:00,63,750.0,2019-06-14 05:00:00,viernes,0,Normal,Seca y limpia,Plano,Terraplen,Recta,Transito normal con precaución,0,31,1,0,1.0,Choque,no mantener distancia de seguridad,2513_0_63,20.0,4.0
Córdoba,2019-08-30 00:08:00,0,430.0,2019-07-14 05:00:00,domingo,0,Lluvia,Humeda,Ondulado,Cajón,Curva Derecha,Parcial con reducción de carriles,1,0,2,0,2.0,Choque,embriaguez o sustancias alucinogenas,7403_1_0,2.0,23.0
Córdoba,2019-08-30 00:12:00,1,0.0,2019-07-10 05:00:00,miercoles,0,Normal,Seca y limpia,Ondulado,Terraplen,Recta,Transito normal con precaución,0,0,0,0,0.0,Volcamiento,fallas mecanicas y del sistema electrico,2514_1_1,10.0,14.0
Córdoba,2019-08-30 00:15:00,7,300.0,2019-07-11 05:00:00,jueves,50,Normal,Seca y limpia,Plano,Terraplen,Curva Izquierda,Transito normal con precaución,2,0,0,0,2.0,Choque,imprudencia del conductor,2514_1_7,11.0,15.0
Córdoba,2019-08-30 01:13:00,19,600.0,2019-07-18 05:00:00,jueves,30,Normal,Seca y limpia,Plano,Terraplen,Recta,Transito normal con precaución,0,0,0,0,0.0,Volcamiento,desobediencia a normas y senales,2514_1_19,11.0,13.0
Córdoba,2019-08-30 01:16:00,24,150.0,2019-07-30 05:00:00,martes,30,Normal,Seca y limpia,Plano,Terraplen,Curva Izquierda,Transito normal con precaución,1,0,1,0,2.0,Choque,maniobras imprudentes,2514_1_24,12.0,13.0
Córdoba,2019-08-30 01:19:00,26,500.0,2019-07-17 05:00:00,miercoles,1,Normal,Seca y limpia,Plano,Terraplen,Recta,Transito normal con precaución,0,0,0,0,0.0,Choque,no mantener distancia de seguridad,2514_1_26,14.0,10.0
Córdoba,2019-08-30 01:22:00,45,800.0,2019-07-07 05:00:00,domingo,0,Normal,Seca y limpia,Plano,Terraplen,Recta,Transito normal con precaución,0,0,0,0,0.0,Salida de la vía sin volcarse,desobediencia a normas y senales,2514_1_45,5.0,19.0
Córdoba,2019-08-30 01:25:00,51,300.0,2019-07-05 05:00:00,viernes,10,Normal,Seca y limpia,Plano,Terraplen,Recta,Parcial con reducción de carriles,3,0,0,0,0.0,Volcamiento,desobediencia a normas y senales,2514_1_51,5.0,22.0
Nariño,2019-08-30 14:31:00,2,360.0,2019-07-28 05:00:00,domingo,30,Normal,Seca y limpia,Ondulado,Media ladera Izquierda,Curva Derecha,Transito normal con precaución,5,30,0,0,2.0,Choque,exceso de velocidad,2501B_1_2,5.0,0.0
Antioquia,2019-08-30 15:18:00,95,600.0,2019-06-15 05:00:00,sabado,15,Normal,Seca y limpia,Plano,Terraplen,Recta,Transito normal con precaución,13,15,3,0,3.0,Choque,exceso de velocidad,6206_1_95,13.0,0.0
Antioquia,2019-08-30 15:26:00,96,400.0,2019-06-29 05:00:00,sabado,20,Normal,Seca y limpia,Plano,Media Ladera Derecha,Recta,Parcial restringido a vehiculos pesados,18,20,0,1,1.0,Choque,estacionamiento y senalizacion imprudente,6206_1_96,18.0,0.0
Antioquia,2019-08-30 15:32:00,97,1015.0,2019-07-21 05:00:00,domingo,45,Normal,Seca y limpia,Plano,Terraplen,Recta,Cierre total,21,45,3,0,3.0,Choque,no determinada,6206_1_97,21.0,0.0
Caquetá,2019-08-30 15:43:00,52,380.0,2019-08-18 05:00:00,domingo,30,Seca,Seca y limpia,Plano,Terraplen,Recta,Transito normal con precaución,15,30,1,0,1.0,Choque,condiciones de la via y factores ambientales,6502_1_52,15.0,0.0
Cauca,2019-08-30 15:52:00,4,20.0,2019-07-09 05:00:00,martes,0,Normal,Seca y limpia,Plano,Terraplen,Recta,Transito normal con precaución,1,0,0,0,0.0,Choque,adelantamientos indebidos,3105_1_4,23.0,2.0
Valle del Cauca,2019-08-30 16:24:00,36,20.0,2019-07-01 05:00:00,lunes,50,Sol,Seca y limpia,Plano,Media Ladera Derecha,Recta,Transito normal con precaución,18,10,2,0,2.0,Choque,desobediencia a normas y senales,1901_0_36,17.0,1.0
Valle del Cauca,2019-08-30 16:53:00,38,290.0,2019-07-04 05:00:00,jueves,50,Sol,Seca y limpia,Montañoso,Media Ladera Derecha,Curva Izquierda,Transito normal con precaución,21,30,3,0,3.0,Choque,no determinada,1901_0_38,20.0,1.0
Valle del Cauca,2019-08-30 19:49:00,42,310.0,2019-07-20 05:00:00,sabado,50,Sol,Seca y limpia,Montañoso,Media ladera Izquierda,Recta,Transito normal con precaución,11,20,2,0,2.0,Volcamiento,no determinada,1901_0_42,10.0,1.0
Valle del Cauca,2019-08-30 20:00:00,31,800.0,2019-07-21 05:00:00,domingo,50,Sol,Seca y limpia,Plano,Terraplen,Curva Izquierda,Transito normal con precaución,17,27,1,0,1.0,Choque,no determinada,1901_0_31,16.0,1.0
Nariño,2019-08-31 21:37:00,36,950.0,2019-06-09 05:00:00,domingo,40,Normal,Seca y limpia,Plano,Terraplen,Curva Izquierda,Parcial con paso alternado,18,40,0,1,1.0,Choque,fallas mecanicas y del sistema electrico,1701_0_36,18.0,0.0
Nariño,2019-09-01 13:22:00,38,680.0,2019-06-30 05:00:00,domingo,0,Normal,Seca y limpia,Montañoso,Cajón,Recta,Transito normal con precaución,6,0,0,1,2.0,Choque,embriaguez o sustancias alucinogenas,1002_1_38,6.0,0.0
Nariño,2019-09-01 13:28:00,46,830.0,2019-06-30 05:00:00,domingo,0,Sol,Seca y limpia,Montañoso,Media Ladera Derecha,Curva Izquierda,Transito normal con precaución,8,0,0,0,1.0,Choque,embriaguez o sustancias alucinogenas,1002_1_46,8.0,0.0
Nariño,2019-09-01 13:33:00,34,930.0,2019-07-13 05:00:00,sabado,7,Normal,Seca y limpia,Montañoso,Media Ladera Derecha,Curva Izquierda,Transito normal con precaución,19,0,0,1,2.0,Choque,otra - conductor en general,1002_1_34,13.0,6.0
Caquetá,2019-09-02 19:13:00,56,506.0,2019-08-28 05:00:00,miercoles,0,Sol,Seca y limpia,Plano,Terraplen,Recta,Transito normal con precaución,10,0,2,0,2.0,Choque,conducta de peatones,6504_0_56,10.0,0.0
Caquetá,2019-09-02 19:13:00,56,506.0,2019-08-28 05:00:00,miercoles,0,Sol,Seca y limpia,Plano,Terraplen,Recta,Transito normal con precaución,10,0,2,0,2.0,Choque,conducta de peatones,6504_0_56,10.0,0.0
Risaralda,2019-09-02 20:58:00,0,45.0,2019-07-09 05:00:00,martes,40,Normal,Seca y limpia,Ondulado,Terraplen,Curva Izquierda,Transito normal con precaución,9,40,1,0,1.0,Atropello,impericia en el manejo,50RS01_1_0,9.0,0.0
Risaralda,2019-09-02 21:03:00,24,700.0,2019-07-18 05:00:00,jueves,0,Normal,Humeda,Montañoso,Media ladera Izquierda,Curva Izquierda,Parcial restringido a vehiculos pesados,7,0,0,0,0.0,Volcamiento,condiciones de la via y factores ambientales,5003_0_24,7.0,0.0
Cauca,2019-09-02 21:56:00,41,900.0,2019-07-29 05:00:00,lunes,0,Seca,Seca y limpia,Montañoso,Media ladera Izquierda,Curva Izquierda,Parcial con reducción de carriles,13,20,2,0,2.0,Choque,adelantamientos indebidos,2001_1_41,13.0,0.0
Cauca,2019-09-02 22:14:00,15,146.0,2019-07-19 05:00:00,viernes,0,Seca,Seca y limpia,Ondulado,Media Ladera Derecha,Recta,Transito normal con precaución,0,0,0,0,0.0,Volcamiento,otra - conductor en general,2002_1_15,14.0,10.0
Cauca,2019-09-02 22:25:00,6,160.0,2019-07-22 05:00:00,lunes,20,Seca,Seca y limpia,Ondulado,Media Ladera Derecha,Curva Izquierda,Transito normal con precaución,0,0,0,0,0.0,Caída ocupante,adelantamientos indebidos,2401_0_6,17.0,7.0
Córdoba,2019-09-03 15:10:00,18,600.0,2019-06-29 05:00:00,sabado,30,Seca,Seca y limpia,Plano,Terraplen,Recta,Parcial con reducción de carriles,22,25,0,9,10.0,Choque,embriaguez o sustancias alucinogenas,7801_1_18,22.0,0.0
Córdoba,2019-09-03 20:01:00,3,900.0,2019-07-01 05:00:00,lunes,5,Seca,Seca y limpia,Plano,Terraplen,Recta,Transito normal con precaución,0,0,1,0,1.0,Choque,no mantener distancia de seguridad,9004_1_3,0.0,0.0
Córdoba,2019-09-03 20:05:00,85,200.0,2019-07-08 05:00:00,lunes,10,Normal,Seca y limpia,Plano,Terraplen,Recta,Transito normal con precaución,0,0,0,0,0.0,Choque,no mantener distancia de seguridad,9002_0_85,21.0,3.0
Córdoba,2019-09-03 20:05:00,34,600.0,2019-07-02 05:00:00,martes,5,Normal,Seca y limpia,Plano,Terraplen,Recta,Transito normal con precaución,0,0,0,0,2.0,Choque,condiciones de la via y factores ambientales,9003_0_34,12.0,12.0
Córdoba,2019-09-03 20:05:00,49,300.0,2019-07-31 05:00:00,miercoles,45,Normal,Seca y limpia,Plano,Terraplen,Recta,Transito normal con precaución,0,0,0,0,2.0,Choque,impericia en el manejo,2103_1_49,9.0,15.0
Santander,2019-09-04 22:36:00,27,900.0,2019-07-07 05:00:00,domingo,0,Lluvia,Humeda,Ondulado,Media Ladera Derecha,Curva Izquierda,Transito normal con precaución,1,0,2,0,2.0,Choque,condiciones de la via y factores ambientales,6207_1_27,21.0,4.0
Santander,2019-09-04 22:36:00,64,488.0,2019-07-14 05:00:00,domingo,30,Normal,Seca y limpia,Montañoso,Media Ladera Derecha,Curva Derecha,Transito normal con precaución,12,30,0,0,2.0,Choque,adelantamientos indebidos,6208_1_64,12.0,0.0
Santander,2019-09-04 23:18:00,70,300.0,2019-07-21 05:00:00,domingo,0,Normal,Seca y limpia,Montañoso,Terraplen,Curva Derecha,Transito normal con precaución,0,10,1,0,1.0,Volcamiento,condiciones de la via y factores ambientales,6208_1_70,10.0,14.0
Putumayo,2019-09-05 14:33:00,56,164.0,2019-07-20 05:00:00,sabado,0,Lluvia,Humeda,Ondulado,Media ladera Izquierda,Curva Izquierda,Transito normal con precaución,0,0,0,0,0.0,Salida de la vía sin volcarse,exceso de velocidad,1003_1_56,3.0,21.0
Putumayo,2019-09-05 14:46:00,91,10.0,2019-07-30 05:00:00,martes,0,Lluvia,Material suelto,Ondulado,Media ladera Izquierda,Curva Derecha,Transito normal con precaución,0,0,0,0,0.0,Volcamiento,exceso de velocidad,1003_1_91,13.0,11.0
Norte de Santander,2019-09-05 16:51:00,16,750.0,2019-07-12 05:00:00,viernes,28,Normal,Material suelto,Plano,Terraplen,Recta,Parcial con reducción de carriles,1,0,1,0,1.0,Atropello,embriaguez o sustancias alucinogenas,55NSA_1_16,8.0,17.0
Norte de Santander,2019-09-05 16:56:00,8,650.0,2019-07-05 05:00:00,viernes,30,Normal,Seca y limpia,Plano,Terraplen,Recta,Parcial con reducción de carriles,1,0,0,0,0.0,Choque,no mantener distancia de seguridad,55NSA_1_8,8.0,17.0
Norte de Santander,2019-09-05 17:00:00,6,515.0,2019-07-14 05:00:00,domingo,20,Normal,Material suelto,Plano,Terraplen,Curva Izquierda,Parcial con reducción de carriles,1,0,2,0,2.0,Choque,desobediencia a normas y senales,55NSA_1_6,12.0,13.0
Norte de Santander,2019-09-05 17:07:00,2,200.0,2019-07-15 05:00:00,lunes,20,Normal,Seca y limpia,Plano,Terraplen,Recta,Parcial con reducción de carriles,1,0,0,0,0.0,Choque,fallas mecanicas y del sistema electrico,55NSA_1_2,21.0,4.0