territorial,fecha_registro,pr,distancia_pr,fecha_acc,dia_semana_acc,min_acc,condic_meteor,estado_super,terreno,secc_tip,geometria_acc,tipo_cierre,horas_cierre,min_cierre,n_heridos,n_muertos,n_victimas,clase_accidente,causa_posible,ref_loc,hora_acc,duracion_cierre_horas
Guajira,2019-09-05 21:36:00,16,950.0,2019-06-06 05:00:00,jueves,25,Normal,Seca y limpia,Plano,Terraplen,Curva Izquierda,Transito normal con precaución,0,0,0,0,0.0,Choque,condiciones de la via y factores ambientales,4902_1_16,11.0,13.0
Guajira,2019-09-05 21:47:00,16,950.0,2019-06-06 05:00:00,jueves,25,Normal,Seca y limpia,Plano,Terraplen,Curva Izquierda,Transito normal con precaución,0,0,0,0,0.0,Choque,condiciones de la via y factores ambientales,4902_1_16,11.0,13.0
Caquetá,2019-09-09 18:42:00,27,490.0,2019-07-16 05:00:00,martes,20,Seca,Seca y limpia,Ondulado,Terraplen,Recta,Transito normal con precaución,0,0,1,0,1.0,Volcamiento,exceso en horas de conduccion,6503_1_27,6.0,18.0
Caquetá,2019-09-09 18:48:00,18,600.0,2019-07-25 05:00:00,jueves,30,Seca,Seca y limpia,Ondulado,Cajón,Recta,Transito normal con precaución,0,0,0,0,0.0,Choque,no mantener distancia de seguridad,6503_1_18,20.0,4.0
Caquetá,2019-09-09 18:52:00,25,410.0,2019-07-26 05:00:00,viernes,0,Seca,Seca y limpia,Ondulado,Terraplen,Recta,Parcial con reducción de carriles,0,0,0,0,0.0,Salida de la vía sin volcarse,adelantamientos indebidos,6503_1_25,7.0,17.0
Putumayo,2019-09-09 19:47:00,15,0.0,2019-05-27 05:00:00,lunes,40,Normal,Seca y limpia,Plano,Terraplen,Recta,Transito normal con precaución,16,40,0,0,0.0,Choque,impericia en el manejo,4501_1_15,16.0,0.0
Putumayo,2019-09-09 20:49:00,15,950.0,2019-05-20 05:00:00,lunes,30,Normal,Seca y limpia,Plano,Terraplen,Recta,Transito normal con precaución,6,30,0,0,2.0,Atropello,fallas mecanicas y del sistema electrico,4501_1_15,6.0,0.0
Putumayo,2019-09-09 21:18:00,19,700.0,2019-06-10 05:00:00,lunes,0,Normal,Seca y limpia,Ondulado,Media Ladera Derecha,Curva Derecha,Transito normal con precaución,4,0,0,0,1.0,Caída ocupante,impericia en el manejo,4501_1_19,4.0,0.0
Valle del Cauca,2019-09-09 21:44:00,21,570.0,2019-07-25 05:00:00,jueves,40,Niebla,Humeda,Montañoso,Media ladera Izquierda,Curva Derecha,Transito normal con precaución,2,20,0,0,0.0,Choque,condiciones de la via y factores ambientales,1901_0_21,1.0,1.0
Valle del Cauca,2019-09-09 21:44:00,56,360.0,2019-07-28 05:00:00,domingo,30,Sol,Seca y limpia,Montañoso,Media Ladera Derecha,Curva Derecha,Transito normal con precaución,10,30,2,0,2.0,Choque,fallas mecanicas y del sistema electrico,1901_0_56,10.0,0.0
Putumayo,2019-09-10 14:37:00,18,900.0,2019-06-15 05:00:00,sabado,47,Normal,Seca y limpia,Ondulado,Media Ladera Derecha,Recta,Transito normal con precaución,8,47,0,0,0.0,Choque,adelantamientos indebidos,4501_1_18,8.0,0.0
Putumayo,2019-09-10 15:31:00,19,600.0,2019-06-23 05:00:00,domingo,30,Normal,Seca y limpia,Ondulado,Media Ladera Derecha,Curva Derecha,Transito normal con precaución,19,30,1,0,1.0,Caída ocupante,impericia en el manejo,4501_1_19,19.0,0.0
Putumayo,2019-09-10 15:35:00,16,750.0,2019-06-29 05:00:00,sabado,50,Sol,Seca y limpia,Plano,Terraplen,Recta,Transito normal con precaución,13,50,0,0,1.0,Choque,impericia en el manejo,4501_1_16,13.0,0.0
Guajira,2019-09-12 16:29:00,12,720.0,2019-06-01 05:00:00,sabado,20,Normal,Seca y limpia,Plano,Terraplen,Recta,Transito normal con precaución,0,0,0,0,0.0,Choque,condiciones de la via y factores ambientales,8801_1_12,18.0,6.0
Cauca,2019-09-14 20:38:00,5,930.0,2019-08-22 05:00:00,jueves,15,Normal,Seca y limpia,Montañoso,Media Ladera Derecha,Recta,Transito normal con precaución,0,0,1,0,1.0,No determinado,otra - conductor en general,2602_0_5,6.0,18.0
Cauca,2019-09-14 20:38:00,51,500.0,2019-08-31 05:00:00,sabado,30,Niebla,Seca y limpia,Montañoso,Media Ladera Derecha,Curva Izquierda,Transito normal con precaución,0,0,2,0,4.0,Salida de la vía sin volcarse,maniobras imprudentes,2602_0_51,6.0,18.0
Putumayo,2019-09-16 13:58:00,62,450.0,2019-07-22 05:00:00,lunes,0,Sol,Seca y limpia,Ondulado,Media Ladera Derecha,Recta,Parcial con reducción de carriles,13,0,0,0,1.0,Volcamiento,embriaguez o sustancias alucinogenas,4501_1_62,13.0,0.0
Putumayo,2019-09-16 14:18:00,107,600.0,2019-07-29 05:00:00,lunes,30,Sol,Seca y limpia,Plano,Media Ladera Derecha,Curva Izquierda,Parcial con reducción de carriles,6,30,2,0,2.0,Volcamiento,maniobras imprudentes,4501_1_107,6.0,0.0
Putumayo,2019-09-16 14:23:00,71,800.0,2019-07-29 05:00:00,lunes,30,Normal,Seca y limpia,Ondulado,Terraplen,Curva Derecha,Parcial con reducción de carriles,5,30,0,0,0.0,Volcamiento,fallas mecanicas y del sistema electrico,4501_1_71,5.0,0.0
Nariño,2019-09-16 14:36:00,7,200.0,2019-07-01 05:00:00,lunes,0,Normal,Seca y limpia,Montañoso,Terraplen,Curva Derecha,Transito normal con precaución,0,0,2,0,2.0,Choque,adelantamientos indebidos,2502_1_7,16.0,8.0
Nariño,2019-09-16 15:31:00,10,600.0,2019-07-01 05:00:00,lunes,30,Sol,Seca y limpia,Montañoso,Terraplen,Recta,Transito normal con precaución,0,0,1,0,1.0,Choque,maniobras imprudentes,2502_1_10,16.0,8.0
Nariño,2019-09-16 15:41:00,18,30.0,2019-07-19 05:00:00,viernes,30,Sol,Seca y limpia,Montañoso,Media ladera Izquierda,Curva Izquierda,Transito normal con precaución,0,0,0,0,0.0,Volcamiento,exceso de velocidad,2502_1_18,9.0,15.0
Cauca,2019-09-16 16:01:00,15,345.0,2019-07-05 05:00:00,viernes,40,Normal,Seca y limpia,Plano,Media Ladera Derecha,Recta,Transito normal con precaución,12,50,0,0,0.0,Choque,no mantener distancia de seguridad,2601_0_15,12.0,0.0
Cauca,2019-09-16 16:01:00,10,570.0,2019-07-12 05:00:00,viernes,30,Normal,Seca y limpia,Plano,Terraplen,Recta,Transito normal con precaución,10,45,0,0,0.0,Choque,no mantener distancia de seguridad,2601_0_10,10.0,0.0
Nariño,2019-09-16 15:52:00,19,50.0,2019-07-18 05:00:00,jueves,0,Normal,Seca y limpia,Montañoso,Media ladera Izquierda,Curva Izquierda,Cierre total,1,0,0,1,3.0,Choque,adelantamientos indebidos,2502_1_19,18.0,7.0
Cauca,2019-09-16 16:01:00,15,360.0,2019-07-16 05:00:00,martes,0,Normal,Seca y limpia,Plano,Media Ladera Derecha,Recta,Transito normal con precaución,4,15,1,0,1.0,Choque,otra - conductor en general,2601_0_15,4.0,0.0
Nariño,2019-09-16 16:11:00,21,520.0,2019-07-19 05:00:00,viernes,30,Sol,Seca y limpia,Montañoso,Media ladera Izquierda,Curva Izquierda,Transito normal con precaución,0,0,1,0,1.0,Volcamiento,fallas mecanicas y del sistema electrico,2502_1_21,10.0,14.0
Nariño,2019-09-16 16:21:00,32,300.0,2019-07-21 05:00:00,domingo,30,Normal,Seca y limpia,Montañoso,Terraplen,Recta,Transito normal con precaución,0,0,1,0,1.0,Choque,maniobras imprudentes,2502_2_32,16.0,8.0
Cauca,2019-09-16 16:01:00,5,750.0,2019-07-22 05:00:00,lunes,0,Normal,Seca y limpia,Plano,Media Ladera Derecha,Recta,Parcial con paso alternado,3,30,0,1,2.0,Atropello,otra - conductor en general,2601_0_5,3.0,0.0
Cauca,2019-09-16 16:35:00,6,770.0,2019-07-27 05:00:00,sabado,20,Normal,Seca y limpia,Plano,Media Ladera Derecha,Recta,Transito normal con precaución,7,40,1,0,1.0,Atropello,impericia en el manejo,2601_0_6,7.0,0.0
Caquetá,2019-09-07 12:34:00,84,38.0,2019-09-02 05:00:00,lunes,0,Seca,Seca y limpia,Plano,Media ladera Izquierda,Recta,Transito normal con precaución,4,0,0,1,2.0,Choque,embriaguez o sustancias alucinogenas,6501_0_84,4.0,0.0
Huila,2019-09-18 20:33:00,67,200.0,2019-07-30 05:00:00,martes,0,Normal,Seca y limpia,Ondulado,Media Ladera Derecha,Curva Derecha,Parcial con reducción de carriles,9,0,0,0,0.0,Salida de la vía sin volcarse,exceso en horas de conduccion,2402_1_67,1.0,8.0
Nariño,2019-09-16 19:28:00,33,700.0,2019-07-06 05:00:00,sabado,10,Normal,Seca y limpia,Montañoso,Terraplen,Recta,Transito normal con precaución,0,0,1,0,1.0,Choque,desobediencia a normas y senales,2502_1_33,8.0,16.0
Nariño,2019-09-16 19:51:00,35,200.0,2019-07-02 05:00:00,martes,0,Normal,Seca y limpia,Montañoso,Terraplen,Recta,Transito normal con precaución,0,0,2,0,2.0,Choque,adelantamientos indebidos,2502_1_35,1.0,23.0
Casanare,2019-09-16 21:29:00,82,600.0,2019-07-02 05:00:00,martes,20,Seca,Seca y limpia,Plano,Terraplen,Recta,Parcial restringido a vehiculos pesados,0,30,0,0,0.0,Choque,condiciones de la via y factores ambientales,6513_0_82,20.0,4.0
Casanare,2019-09-16 21:29:00,7,350.0,2019-07-06 05:00:00,sabado,10,Seca,Seca y limpia,Ondulado,Cajón,Recta,Cierre total,1,0,0,1,1.0,Choque,adelantamientos indebidos,6514_0_7,18.0,7.0
Caquetá,2019-09-07 18:19:00,2,440.0,2019-09-11 05:00:00,miercoles,50,Lluvia,Humeda,Ondulado,Terraplen,Curva Izquierda,Transito normal con precaución,14,50,3,0,3.0,Choque,fallas mecanicas y del sistema electrico,6502_1_2,14.0,0.0
Guajira,2019-09-17 12:43:00,43,460.0,2019-05-31 05:00:00,viernes,35,Normal,Seca y limpia,Plano,Terraplen,Recta,Transito normal con precaución,0,0,3,0,3.0,Choque,estacionamiento y senalizacion imprudente,8004A_1_43,20.0,4.0
Antioquia,2019-09-18 14:54:00,56,715.0,2019-08-16 05:00:00,viernes,30,Normal,Seca y limpia,Ondulado,Media Ladera Derecha,Recta,Transito normal con precaución,5,30,1,0,1.0,Choque,fallas mecanicas y del sistema electrico,5601_1_56,13.0,16.0
Tolima,2019-09-18 18:36:00,1,0.01,2019-08-26 05:00:00,lunes,54,Seca,Seca y limpia,Plano,Terraplen,Recta,Parcial con paso alternado,5,54,2,0,2.0,Choque,impericia en el manejo,40TL05_0_1,5.0,0.0
Boyacá,2019-09-18 19:21:00,1,230.0,2019-09-12 05:00:00,jueves,55,Lluvia,Humeda,Montañoso,Media Ladera Derecha,Curva Izquierda,Transito normal con precaución,0,0,1,0,1.0,Volcamiento,exceso de velocidad,6007_0_1,15.0,9.0
Tolima,2019-09-18 19:26:00,1,0.01,2019-08-26 05:00:00,lunes,54,Seca,Seca y limpia,Plano,Terraplen,Recta,Parcial con paso alternado,6,10,1,0,2.0,Choque,impericia en el manejo,40TL05_0_1,5.0,1.0
Tolima,2019-09-18 19:34:00,1,0.01,2019-08-26 05:00:00,lunes,54,Normal,Seca y limpia,Plano,Terraplen,Recta,Parcial con paso alternado,6,0,1,0,2.0,Atropello,impericia en el manejo,40TL05_0_1,5.0,1.0
Huila,2019-09-18 19:53:00,70,800.0,2019-07-04 05:00:00,jueves,0,Normal,Humeda,Ondulado,Media ladera Izquierda,Recta,Transito normal con precaución,1,0,0,0,0.0,Choque,otra - conductor en general,2402_1_70,16.0,9.0
Huila,2019-09-18 20:10:00,78,900.0,2019-07-20 05:00:00,sabado,3,Normal,Seca y limpia,Ondulado,Media Ladera Derecha,Curva Izquierda,Transito normal con precaución,2,0,0,0,0.0,Salida de la vía sin volcarse,exceso en horas de conduccion,2402_1_78,8.0,18.0
Huila,2019-09-18 20:29:00,53,500.0,2019-07-26 05:00:00,viernes,30,Normal,Seca y limpia,Ondulado,Media Ladera Derecha,Curva Derecha,Transito normal con precaución,0,20,2,0,2.0,Caída ocupante,fallas mecanicas y del sistema electrico,2402_1_53,14.0,10.0
Huila,2019-09-18 20:54:00,63,800.0,2019-08-08 05:00:00,jueves,20,Seca,Seca y limpia,Ondulado,Media Ladera Derecha,Recta,Parcial con paso alternado,21,20,0,0,0.0,Choque,otra - conductor en general,2402_1_63,21.0,0.0
Huila,2019-09-18 20:57:00,74,100.0,2019-08-08 05:00:00,jueves,50,Seca,Seca y limpia,Plano,Terraplen,Recta,Transito normal con precaución,21,50,0,0,0.0,Choque,condiciones de la via y factores ambientales,2402_1_74,21.0,0.0
Huila,2019-09-18 21:12:00,1,100.0,2019-08-09 05:00:00,viernes,50,Seca,Seca y limpia,Plano,Cajón,Recta,Transito normal con precaución,8,50,1,0,1.0,Caída ocupante,otra - conductor en general,24HL02_0_1,8.0,0.0
Huila,2019-09-18 21:18:00,2,750.0,2019-08-31 05:00:00,sabado,0,Seca,Seca y limpia,Plano,Terraplen,Recta,Transito normal con precaución,9,0,1,0,1.0,Choque,exceso de velocidad,24HL03_0_2,9.0,0.0
Guajira,2019-09-19 12:03:00,8,650.0,2019-05-20 05:00:00,lunes,20,Normal,Otra,Plano,Terraplen,Recta,Transito normal con precaución,0,0,0,0,0.0,Salida de la vía sin volcarse,condiciones de la via y factores ambientales,4902_1_8,18.0,6.0
Guajira,2019-09-19 12:12:00,12,400.0,2019-05-13 05:00:00,lunes,30,Normal,Seca y limpia,Ondulado,Terraplen,Recta,Transito normal con precaución,0,0,5,0,5.0,Volcamiento,otra - conductor en general,8801_1_12,13.0,11.0
Guajira,2019-09-19 12:38:00,47,170.0,2019-05-15 05:00:00,miercoles,15,Normal,Seca y limpia,Ondulado,Media ladera Izquierda,Recta,Transito normal con precaución,0,0,34,0,34.0,Choque,no mantener distancia de seguridad,8801_1_47,18.0,6.0
Guajira,2019-09-19 12:44:00,35,0.0,2019-06-07 05:00:00,viernes,0,Normal,Seca y limpia,Montañoso,Media ladera Izquierda,Curva Izquierda,Transito normal con precaución,0,0,2,0,2.0,Choque,adelantamientos indebidos,8801_1_35,12.0,12.0
Guajira,2019-09-19 12:50:00,12,720.0,2019-06-01 05:00:00,sabado,20,Normal,Otra,Plano,Terraplen,Recta,Transito normal con precaución,0,0,0,0,0.0,Choque,condiciones de la via y factores ambientales,8801_1_12,18.0,6.0
Guajira,2019-09-19 12:53:00,66,150.0,2019-06-15 05:00:00,sabado,20,Normal,Seca y limpia,Plano,Terraplen,Recta,Transito normal con precaución,0,0,0,0,0.0,Choque,no mantener distancia de seguridad,4902_1_66,10.0,14.0
Guajira,2019-09-19 12:56:00,35,250.0,2019-06-17 05:00:00,lunes,0,Normal,Otra,Plano,Terraplen,Recta,Transito normal con precaución,0,0,0,0,0.0,Volcamiento,condiciones de la via y factores ambientales,4902_1_35,10.0,14.0
Guajira,2019-09-19 13:00:00,21,750.0,2019-06-30 05:00:00,domingo,50,Normal,Seca y limpia,Plano,Terraplen,Curva Derecha,Transito normal con precaución,0,0,0,0,0.0,Choque,condiciones de la via y factores ambientales,4902_1_21,7.0,17.0
Guajira,2019-09-19 13:04:00,16,950.0,2019-06-06 05:00:00,jueves,25,Normal,Otra,Plano,Terraplen,Curva Izquierda,Transito normal con precaución,0,0,0,0,0.0,Choque,condiciones de la via y factores ambientales,4902_1_16,11.0,13.0
Guajira,2019-09-19 13:08:00,38,510.0,2019-07-18 05:00:00,jueves,30,Normal,Seca y limpia,Plano,Terraplen,Recta,Transito normal con precaución,0,0,2,0,2.0,Choque,adelantamientos indebidos,8004A_1_38,19.0,5.0
Caquetá,2019-09-18 03:43:00,102,781.0,2019-09-15 05:00:00,domingo,45,Seca,Seca y limpia,Plano,Terraplen,Recta,Transito normal con precaución,5,45,1,0,1.0,Volcamiento,exceso en horas de conduccion,6501_0_102,5.0,0.0
Casanare,2019-09-20 15:03:00,25,500.0,2019-08-03 05:00:00,sabado,0,Lluvia,Humeda,Montañoso,Media Ladera Derecha,Curva Izquierda,Transito normal con precaución,0,0,0,0,0.0,Choque,no mantener distancia de seguridad,6211_1_25,19.0,5.0
Casanare,2019-09-20 15:18:00,113,600.0,2019-08-05 05:00:00,lunes,30,Normal,Seca y limpia,Ondulado,Media ladera Izquierda,Recta,Transito normal con precaución,0,0,1,0,1.0,Choque,embriaguez o sustancias alucinogenas,6211_1_113,20.0,4.0
Casanare,2019-09-20 15:21:00,31,0.0,2019-08-06 05:00:00,martes,30,Lluvia,Humeda,Montañoso,Media Ladera Derecha,Recta,Transito normal con precaución,0,0,0,0,0.0,Choque,impericia en el manejo,6211_1_31,11.0,13.0
Casanare,2019-09-20 21:03:00,86,800.0,2019-08-08 05:00:00,jueves,36,Lluvia,Humeda,Montañoso,Media Ladera Derecha,Recta,Transito normal con precaución,0,0,0,0,0.0,Choque,condiciones de la via y factores ambientales,6211_1_86,14.0,10.0
Casanare,2019-09-20 21:08:00,74,50.0,2019-08-11 05:00:00,domingo,30,Seca,Seca y limpia,Montañoso,Terraplen,Curva Derecha,Transito normal con precaución,0,0,0,1,1.0,Volcamiento,impericia en el manejo,6211_1_74,19.0,5.0
Casanare,2019-09-20 21:15:00,73,340.0,2019-08-16 05:00:00,viernes,30,Lluvia,Humeda,Montañoso,Terraplen,Curva Derecha,Transito normal con precaución,0,0,0,0,0.0,Choque,impericia en el manejo,6211_1_73,23.0,1.0
Casanare,2019-09-20 21:21:00,87,700.0,2019-08-19 05:00:00,lunes,30,Normal,Seca y limpia,Montañoso,Media Ladera Derecha,Recta,Transito normal con precaución,0,0,0,0,0.0,Choque,adelantamientos indebidos,6211_1_87,23.0,1.0
Casanare,2019-09-20 21:24:00,16,500.0,2019-08-22 05:00:00,jueves,45,Normal,Seca y limpia,Montañoso,Media Ladera Derecha,Curva Derecha,Transito normal con precaución,0,0,1,0,1.0,Choque,estacionamiento y senalizacion imprudente,6211_1_16,20.0,4.0
Casanare,2019-09-20 21:27:00,58,800.0,2019-08-23 05:00:00,viernes,40,Normal,Seca y limpia,Montañoso,Media Ladera Derecha,Curva Derecha,Transito normal con precaución,0,0,1,0,1.0,Choque,adelantamientos indebidos,6211_1_58,16.0,8.0
Casanare,2019-09-20 21:31:00,16,400.0,2019-08-25 05:00:00,domingo,45,Normal,Seca y limpia,Montañoso,Media Ladera Derecha,Recta,Transito normal con precaución,0,0,2,0,2.0,Atropello,embriaguez o sustancias alucinogenas,6211_1_16,20.0,4.0
Casanare,2019-09-20 21:39:00,49,50.0,2019-08-27 05:00:00,martes,30,Normal,Seca y limpia,Montañoso,Media Ladera Derecha,Curva Derecha,Transito normal con precaución,0,0,0,0,0.0,Choque,maniobras imprudentes,6211_1_49,4.0,20.0
Casanare,2019-09-20 21:43:00,22,100.0,2019-08-30 05:00:00,viernes,0,Seca,Seca y limpia,Montañoso,Media ladera Izquierda,Curva Derecha,Transito normal con precaución,0,0,0,0,0.0,Choque,maniobras imprudentes,6211_1_22,5.0,19.0
Casanare,2019-09-20 21:57:00,26,150.0,2019-08-30 05:00:00,viernes,30,Normal,Seca y limpia,Montañoso,Media Ladera Derecha,Curva Izquierda,Transito normal con precaución,0,0,0,0,0.0,Volcamiento,adelantamientos indebidos,6211_1_26,14.0,10.0
Caquetá,2019-09-24 13:34:00,54,580.0,2019-09-20 05:00:00,viernes,30,Lluvia,Humeda,Plano,Terraplen,Recta,Transito normal con precaución,9,30,0,0,2.0,Choque,adelantamientos indebidos,6504_0_54,9.0,0.0
Caquetá,2019-09-24 13:34:00,54,580.0,2019-09-20 05:00:00,viernes,30,Lluvia,Humeda,Plano,Terraplen,Recta,Transito normal con precaución,9,30,0,0,2.0,Choque,adelantamientos indebidos,6504_0_54,9.0,0.0
Putumayo,2019-09-24 18:40:00,0,890.0,2019-07-19 05:00:00,viernes,30,Normal,Seca y limpia,Plano,Cajón,Recta,Parcial con reducción de carriles,0,0,0,0,1.0,Atropello,otra - conductor en general,4503_2_0,16.0,8.0
Chocó,2019-09-24 22:06:00,75,750.0,2019-07-03 05:00:00,miercoles,50,Sol,Seca y limpia,Plano,Terraplen,Recta,Transito normal con precaución,0,0,0,0,0.0,Salida de la vía sin volcarse,exceso en horas de conduccion,1307_0_75,16.0,8.0
Chocó,2019-09-24 22:06:00,89,160.0,2019-07-07 05:00:00,domingo,30,Normal,Seca y limpia,Plano,Terraplen,Curva Derecha,Transito normal con precaución,0,0,1,1,2.0,Caída ocupante,exceso de velocidad,1307_0_89,18.0,6.0
Norte de Santander,2019-09-24 22:16:00,37,400.0,2019-08-08 05:00:00,jueves,0,Normal,Seca y limpia,Plano,Terraplen,Recta,Parcial con paso alternado,0,30,3,0,3.0,Atropello,desobediencia a normas y senales,5507_0_37,18.0,6.0
Norte de Santander,2019-09-24 22:28:00,8,950.0,2019-08-07 05:00:00,miercoles,15,Normal,Seca y limpia,Plano,Terraplen,Curva Izquierda,Transito normal con precaución,0,0,0,0,0.0,Choque,no mantener distancia de seguridad,55NSA_2_8,8.0,16.0
Cesar,2019-09-25 00:39:00,66,0.0,2019-08-03 05:00:00,sabado,30,Normal,Seca y limpia,Plano,Terraplen,Recta,Transito normal con precaución,0,0,1,1,2.0,Choque,otra - conductor en general,4901_1_66,16.0,8.0
Cesar,2019-09-25 01:15:00,54,720.0,2019-08-12 05:00:00,lunes,17,Normal,Seca y limpia,Plano,Terraplen,Recta,Transito normal con precaución,0,0,6,0,6.0,Choque,no mantener distancia de seguridad,4901_1_54,23.0,1.0
Cesar,2019-09-25 01:36:00,16,800.0,2019-08-23 05:00:00,viernes,0,Normal,Seca y limpia,Ondulado,Terraplen,Recta,Transito normal con precaución,0,0,0,1,1.0,Choque,desobediencia a normas y senales,4901_1_16,19.0,5.0
Cesar,2019-09-25 01:41:00,92,380.0,2019-08-23 05:00:00,viernes,30,Normal,Seca y limpia,Plano,Terraplen,Curva Izquierda,Transito normal con precaución,0,0,0,0,0.0,Choque,maniobras imprudentes,4901_1_92,15.0,9.0
Cesar,2019-09-25 01:54:00,92,530.0,2019-08-26 05:00:00,lunes,0,Normal,Seca y limpia,Plano,Terraplen,Recta,Transito normal con precaución,0,0,0,2,2.0,Choque,maniobras imprudentes,4901_1_92,6.0,18.0
Cesar,2019-09-25 01:59:00,105,112.0,2019-08-27 05:00:00,martes,0,Normal,Seca y limpia,Plano,Terraplen,Recta,Transito normal con precaución,0,0,0,0,0.0,Choque,no mantener distancia de seguridad,4901_1_105,8.0,16.0
Cesar,2019-09-25 02:07:00,1,500.0,2019-08-15 05:00:00,jueves,50,Normal,Seca y limpia,Plano,Terraplen,Recta,Parcial con reducción de carriles,0,0,0,0,0.0,Choque,no mantener distancia de seguridad,8004_1_1,9.0,15.0
Putumayo,2019-09-24 13:59:00,0,380.0,2019-05-13 05:00:00,lunes,25,Normal,Seca y limpia,Plano,Cajón,Recta,Parcial con reducción de carriles,0,0,0,0,0.0,Choque,maniobras imprudentes,4503_2_0,23.0,1.0
Boyacá,2019-09-24 14:22:00,42,180.0,2019-08-01 05:00:00,jueves,41,Seca,Seca y limpia,Plano,Media Ladera Derecha,Curva Derecha,Transito normal con precaución,4,41,0,0,0.0,Choque,impericia en el manejo,5503_1_42,4.0,0.0
Risaralda,2019-09-24 14:51:00,1,150.0,2019-08-07 05:00:00,miercoles,45,Normal,Seca y limpia,Plano,Terraplen,Recta,Transito normal con precaución,19,45,1,0,1.0,Choque,otra - conductor en general,2902_2_1,19.0,0.0
Meta,2019-09-24 16:16:00,73,400.0,2019-08-04 05:00:00,domingo,10,Normal,Seca y limpia,Plano,Terraplen,Recta,Parcial con paso alternado,1,0,0,1,1.0,Atropello,embriaguez o sustancias alucinogenas,6508_1_73,20.0,5.0
Meta,2019-09-24 16:20:00,97,500.0,2019-08-12 05:00:00,lunes,40,Normal,Seca y limpia,Plano,Terraplen,Curva Izquierda,Transito normal con precaución,1,0,4,0,4.0,Choque,maniobras imprudentes,6508_1_97,14.0,11.0
Meta,2019-09-24 16:21:00,100,500.0,2019-08-03 05:00:00,sabado,30,Normal,Seca y limpia,Plano,Terraplen,Recta,Transito normal con precaución,0,0,0,0,0.0,Choque,no mantener distancia de seguridad,65A02_1_100,4.0,20.0
Meta,2019-09-24 16:23:00,98,800.0,2019-08-17 05:00:00,sabado,0,Normal,Seca y limpia,Plano,Terraplen,Recta,Transito normal con precaución,0,0,1,0,1.0,Choque,no mantener distancia de seguridad,65A02_1_98,17.0,7.0
Meta,2019-09-24 16:25:00,101,800.0,2019-08-28 05:00:00,miercoles,0,Normal,Seca y limpia,Plano,Terraplen,Recta,Transito normal con precaución,0,0,1,0,1.0,Choque,no mantener distancia de seguridad,65A02_1_101,13.0,11.0
Nariño,2019-09-25 15:07:00,98,930.0,2019-08-07 05:00:00,miercoles,50,Normal,Seca y limpia,Ondulado,Media Ladera Derecha,Recta,Transito normal con precaución,5,50,0,1,1.0,Choque,otra - pasajero o acompanante,1002_1_98,5.0,0.0
Nariño,2019-09-25 15:12:00,51,910.0,2019-08-18 05:00:00,domingo,30,Normal,Seca y limpia,Ondulado,Media ladera Izquierda,Curva Derecha,Transito normal con precaución,1,30,0,1,1.0,Volcamiento,exceso de velocidad,2501B_1_51,1.0,0.0
Córdoba,2019-09-25 15:14:00,1,770.0,2019-08-06 05:00:00,martes,30,Normal,Seca y limpia,Ondulado,Terraplen,Recta,Transito normal con precaución,3,0,0,2,2.0,Choque,otra - conductor en general,2513_0_1,22.0,5.0
Nariño,2019-09-25 15:24:00,47,530.0,2019-08-19 05:00:00,lunes,55,Viento,Seca y limpia,Montañoso,Media ladera Izquierda,Recta,Transito normal con precaución,2,55,0,1,1.0,Volcamiento,embriaguez o sustancias alucinogenas,2501B_1_47,2.0,0.0
Boyacá,2019-09-26 16:20:00,12,80.0,2019-08-29 05:00:00,jueves,45,Normal,Seca y limpia,Montañoso,Media Ladera Derecha,Curva Derecha,Transito normal con precaución,10,45,0,0,0.0,Volcamiento,fallas mecanicas y del sistema electrico,6211_1_12,10.0,0.0
Córdoba,2019-09-25 21:11:00,7,600.0,2019-08-14 05:00:00,miercoles,45,Normal,Seca y limpia,Plano,Terraplen,Recta,Transito normal con precaución,0,30,0,0,0.0,Choque,adelantamientos indebidos,2514_1_7,16.0,8.0
Córdoba,2019-09-25 21:31:00,27,0.0,2019-08-22 05:00:00,jueves,45,Normal,Seca y limpia,Ondulado,Terraplen,Curva Izquierda,Parcial con reducción de carriles,3,0,0,0,0.0,Choque,no mantener distancia de seguridad,2514_1_27,8.0,19.0
Córdoba,2019-09-25 21:37:00,39,400.0,2019-08-10 05:00:00,sabado,0,Normal,Seca y limpia,Plano,Terraplen,Recta,Transito normal con precaución,0,30,1,0,1.0,Choque,impericia en el manejo,7403_1_39,22.0,2.0
Córdoba,2019-09-25 21:44:00,50,587.0,2019-08-17 05:00:00,sabado,30,Normal,Seca y limpia,Plano,Terraplen,Curva Izquierda,Cierre total,4,0,0,1,1.0,Choque,embriaguez o sustancias alucinogenas,2514_1_50,22.0,6.0
Córdoba,2019-09-25 21:49:00,63,300.0,2019-08-08 05:00:00,jueves,25,Normal,Seca y limpia,Plano,Terraplen,Curva Derecha,Transito normal con precaución,2,0,0,0,0.0,Atropello,conducta de peatones,2513_0_63,10.0,16.0
Santander,2019-09-26 02:35:00,63,680.0,2019-09-09 05:00:00,lunes,10,Sol,Seca y limpia,Montañoso,Media ladera Izquierda,Curva Derecha,Transito normal con precaución,9,10,0,1,1.0,Otro,fallas mecanicas y del sistema electrico,5504_1_63,9.0,0.0