territorial,fecha_registro,pr,distancia_pr,fecha_acc,dia_semana_acc,min_acc,condic_meteor,estado_super,terreno,secc_tip,geometria_acc,tipo_cierre,horas_cierre,min_cierre,n_heridos,n_muertos,n_victimas,clase_accidente,causa_posible,ref_loc,hora_acc,duracion_cierre_horas
Risaralda,2019-09-26 13:30:00,3,700.0,2019-07-02 05:00:00,martes,45,Normal,Humeda,Plano,Terraplen,Recta,Transito normal con precaución,5,45,1,0,1.0,Choque,no mantener distancia de seguridad,2902_2_3,5.0,0.0
Risaralda,2019-09-26 13:46:00,0,40.0,2019-07-02 05:00:00,martes,50,Normal,Seca y limpia,Plano,Terraplen,Recta,Transito normal con precaución,8,50,0,0,0.0,Choque,adelantamientos indebidos,2902_2_0,8.0,0.0
Risaralda,2019-09-26 13:50:00,138,840.0,2019-07-03 05:00:00,miercoles,30,Normal,Seca y limpia,Plano,Terraplen,Curva Derecha,Transito normal con precaución,20,30,2,0,2.0,Choque,adelantamientos indebidos,2302_1_138,20.0,0.0
Risaralda,2019-09-26 14:02:00,26,800.0,2019-07-04 05:00:00,jueves,30,Normal,Seca y limpia,Plano,Terraplen,Recta,Transito normal con precaución,0,30,2,0,2.0,Choque,otra - conductor en general,50RS01_1_26,0.0,0.0
Boyacá,2019-09-26 14:07:00,9,500.0,2019-08-02 05:00:00,viernes,0,Lluvia,Humeda,Montañoso,Media ladera Izquierda,Curva Derecha,Transito normal con precaución,19,0,0,0,0.0,Choque,exceso de velocidad,6211_1_9,19.0,0.0
Risaralda,2019-09-26 14:52:00,1,650.0,2019-07-06 05:00:00,sabado,0,Normal,Seca y limpia,Plano,Terraplen,Recta,Transito normal con precaución,15,0,1,0,1.0,Choque,no mantener distancia de seguridad,2902_1_1,15.0,0.0
Boyacá,2019-09-26 16:20:00,7,80.0,2019-08-26 05:00:00,lunes,50,Normal,Seca y limpia,Ondulado,Media Ladera Derecha,Curva Izquierda,Transito normal con precaución,5,50,0,0,0.0,Salida de la vía sin volcarse,otra - conductor en general,5503_1_7,5.0,0.0
Risaralda,2019-09-26 19:13:00,1,650.0,2019-07-14 05:00:00,domingo,30,Normal,Seca y limpia,Plano,Terraplen,Recta,Transito normal con precaución,16,30,0,0,0.0,Choque,no mantener distancia de seguridad,2902_2_1,16.0,0.0
Risaralda,2019-09-26 19:18:00,2,20.0,2019-07-14 05:00:00,domingo,25,Normal,Seca y limpia,Plano,Terraplen,Recta,Transito normal con precaución,0,25,0,0,0.0,Choque,desobediencia a normas y senales,2902_1_2,0.0,0.0
Risaralda,2019-09-26 19:21:00,0,930.0,2019-07-14 05:00:00,domingo,33,Normal,Humeda,Plano,Terraplen,Recta,Transito normal con precaución,21,33,0,0,0.0,Choque,no mantener distancia de seguridad,2902_2_0,21.0,0.0
Risaralda,2019-09-26 19:28:00,4,160.0,2019-07-14 05:00:00,domingo,30,Normal,Seca y limpia,Plano,Terraplen,Recta,Transito normal con precaución,18,30,2,0,2.0,Atropello,desobediencia a normas y senales,2902_1_4,18.0,0.0
Risaralda,2019-09-26 19:40:00,0,750.0,2019-07-15 05:00:00,lunes,40,Normal,Seca y limpia,Plano,Terraplen,Recta,Transito normal con precaución,18,40,0,0,0.0,Choque,maniobras imprudentes,2902_2_0,18.0,0.0
Ocaña,2019-09-26 19:47:00,50,112.0,2019-08-12 05:00:00,lunes,5,Normal,Seca y limpia,Plano,Terraplen,Recta,Transito normal con precaución,0,0,1,0,1.0,Atropello,conducta de peatones,7007_1_50,10.0,14.0
Ocaña,2019-09-26 19:59:00,54,766.0,2019-08-29 05:00:00,jueves,15,Normal,Seca y limpia,Ondulado,Terraplen,Recta,Transito normal con precaución,0,0,1,1,2.0,Choque,otra - conductor en general,7007_1_54,21.0,3.0
Ocaña,2019-09-26 20:02:00,44,390.0,2019-08-28 05:00:00,miercoles,42,Normal,Seca y limpia,Ondulado,Terraplen,Curva Derecha,Transito normal con precaución,0,0,2,0,2.0,Choque,adelantamientos indebidos,7007_1_44,18.0,6.0
Caquetá,2019-09-26 20:12:00,48,220.0,2019-09-16 05:00:00,lunes,15,Sol,Seca y limpia,Plano,Terraplen,Curva Derecha,Transito normal con precaución,12,15,0,1,2.0,Choque,conducta de peatones,6502_1_48,12.0,0.0
Caquetá,2019-09-26 20:28:00,33,120.0,2019-09-20 05:00:00,viernes,40,Seca,Seca y limpia,Ondulado,Media ladera Izquierda,Recta,Transito normal con precaución,5,40,1,0,1.0,Choque,condiciones de la via y factores ambientales,6502_1_33,5.0,0.0
Risaralda,2019-09-26 20:31:00,0,750.0,2019-07-15 05:00:00,lunes,50,Normal,Seca y limpia,Plano,Cajón,Recta,Transito normal con precaución,17,50,0,0,0.0,Choque,no mantener distancia de seguridad,29RSA_1_0,17.0,0.0
Risaralda,2019-09-26 20:37:00,0,40.0,2019-07-17 05:00:00,miercoles,57,Normal,Seca y limpia,Plano,Terraplen,Recta,Transito normal con precaución,7,57,0,0,0.0,Choque,no mantener distancia de seguridad,2902_2_0,7.0,0.0
Risaralda,2019-09-26 20:41:00,4,400.0,2019-07-19 05:00:00,viernes,10,Normal,Seca y limpia,Plano,Terraplen,Recta,Transito normal con precaución,12,10,1,0,1.0,Atropello,conducta de peatones,2902_2_4,12.0,0.0
Risaralda,2019-09-26 20:50:00,2,20.0,2019-07-21 05:00:00,domingo,50,Normal,Seca y limpia,Plano,Terraplen,Recta,Transito normal con precaución,23,50,1,0,1.0,Choque,desobediencia a normas y senales,2902_2_2,23.0,0.0
Santander,2019-09-26 20:49:00,49,480.0,2019-08-11 05:00:00,domingo,30,Seca,Seca y limpia,Montañoso,Media ladera Izquierda,Curva Izquierda,Parcial restringido a vehiculos pesados,4,36,1,0,1.0,Choque,impericia en el manejo,5504_1_49,10.0,18.0
Risaralda,2019-09-26 20:55:00,0,0.0,2019-07-22 05:00:00,lunes,15,Normal,Seca y limpia,Plano,Terraplen,Recta,Transito normal con precaución,13,15,2,0,2.0,Atropello,conducta de peatones,29RSA_1_0,13.0,0.0
Risaralda,2019-09-26 20:59:00,44,700.0,2019-07-23 05:00:00,martes,0,Normal,Humeda,Montañoso,Media Ladera Derecha,Curva Derecha,Transito normal con precaución,6,0,3,0,3.0,Choque,condiciones de la via y factores ambientales,2507_1_44,6.0,0.0
Ocaña,2019-09-26 20:59:00,53,760.0,2019-08-22 05:00:00,jueves,20,Normal,Seca y limpia,Ondulado,Media ladera Izquierda,Curva Izquierda,Transito normal con precaución,0,0,0,0,0.0,Choque,adelantamientos indebidos,7007_1_53,7.0,17.0
Santander,2019-09-26 20:58:00,14,634.0,2019-08-23 05:00:00,viernes,45,Sol,Seca y limpia,Montañoso,Media ladera Izquierda,Curva Izquierda,Parcial con paso alternado,11,36,0,0,0.0,Volcamiento,fallas mecanicas y del sistema electrico,55ST02_1_14,9.0,2.0
Ocaña,2019-09-26 21:04:00,49,5.0,2019-08-06 05:00:00,martes,30,Normal,Seca y limpia,Ondulado,Media ladera Izquierda,Curva Izquierda,Transito normal con precaución,0,0,2,0,2.0,Choque,maniobras imprudentes,7007_1_49,7.0,17.0
Risaralda,2019-09-26 21:10:00,31,880.0,2019-07-23 05:00:00,martes,25,Lluvia,Humeda,Plano,Terraplen,Recta,Transito normal con precaución,16,25,2,0,2.0,Choque,desobediencia a normas y senales,50RS01_2_31,16.0,0.0
Risaralda,2019-09-26 21:13:00,2,200.0,2019-07-25 05:00:00,jueves,45,Normal,Seca y limpia,Plano,Terraplen,Recta,Transito normal con precaución,17,45,0,0,0.0,Choque,no mantener distancia de seguridad,2507_1_2,17.0,0.0
Risaralda,2019-09-26 21:15:00,4,550.0,2019-07-25 05:00:00,jueves,15,Normal,Seca y limpia,Plano,Terraplen,Recta,Transito normal con precaución,18,15,0,0,0.0,Choque,estacionamiento y senalizacion imprudente,2902_2_4,18.0,0.0
Risaralda,2019-09-26 21:21:00,5,400.0,2019-07-26 05:00:00,viernes,20,Normal,Seca y limpia,Plano,Terraplen,Recta,Transito normal con precaución,17,20,4,0,4.0,Choque,estacionamiento y senalizacion imprudente,2902_1_5,17.0,0.0
Risaralda,2019-09-26 21:24:00,5,400.0,2019-07-26 05:00:00,viernes,15,Normal,Humeda,Plano,Terraplen,Recta,Transito normal con precaución,16,15,2,0,2.0,Choque,otra - conductor en general,2902_1_5,16.0,0.0
Risaralda,2019-09-26 21:27:00,1,300.0,2019-07-28 05:00:00,domingo,20,Normal,Seca y limpia,Plano,Terraplen,Recta,Transito normal con precaución,6,20,0,0,0.0,Choque,otra - conductor en general,2507_1_1,6.0,0.0
Boyacá,2019-09-26 21:31:00,51,160.0,2019-08-06 05:00:00,martes,0,Normal,Seca y limpia,Plano,Cajón,Curva Izquierda,Transito normal con precaución,20,0,0,0,0.0,Choque,exceso de velocidad,5503_1_51,20.0,0.0
Risaralda,2019-09-26 21:30:00,0,634.0,2019-07-29 05:00:00,lunes,0,Normal,Seca y limpia,Montañoso,Terraplen,Recta,Transito normal con precaución,14,0,0,0,0.0,Choque,otra - conductor en general,29RSA_1_0,14.0,0.0
Risaralda,2019-09-26 21:36:00,1,470.0,2019-07-31 05:00:00,miercoles,20,Normal,Seca y limpia,Plano,Terraplen,Recta,Transito normal con precaución,19,20,0,0,0.0,Choque,no mantener distancia de seguridad,2902_1_1,19.0,0.0
Risaralda,2019-09-26 14:21:00,0,130.0,2019-07-04 05:00:00,jueves,0,Normal,Seca y limpia,Plano,Terraplen,Recta,Transito normal con precaución,16,0,0,0,0.0,Choque,no mantener distancia de seguridad,2902_2_0,16.0,0.0
Boyacá,2019-09-26 14:07:00,106,730.0,2019-08-03 05:00:00,sabado,20,Seca,Seca y limpia,Ondulado,Media Ladera Derecha,Curva Derecha,Transito normal con precaución,13,30,0,0,0.0,Choque,exceso en horas de conduccion,5503_1_106,13.0,0.0
Risaralda,2019-09-26 14:25:00,37,200.0,2019-07-05 05:00:00,viernes,30,Normal,Seca y limpia,Montañoso,Terraplen,Recta,Transito normal con precaución,12,30,0,0,0.0,Volcamiento,otra - conductor en general,2507_1_37,12.0,0.0
Boyacá,2019-09-26 14:07:00,9,480.0,2019-08-03 05:00:00,sabado,20,Lluvia,Humeda,Montañoso,Media ladera Izquierda,Curva Izquierda,Transito normal con precaución,11,20,1,0,1.0,Choque,impericia en el manejo,6211_1_9,11.0,0.0
Risaralda,2019-09-26 14:47:00,1,400.0,2019-07-05 05:00:00,viernes,40,Normal,Seca y limpia,Plano,Terraplen,Recta,Transito normal con precaución,21,40,0,0,0.0,Choque,adelantamientos indebidos,2507_1_1,21.0,0.0
Boyacá,2019-09-26 14:07:00,9,480.0,2019-08-03 05:00:00,sabado,30,Lluvia,Humeda,Montañoso,Media ladera Izquierda,Curva Izquierda,Transito normal con precaución,12,30,0,0,0.0,Volcamiento,condiciones de la via y factores ambientales,6211_1_9,12.0,0.0
Boyacá,2019-09-26 14:57:00,4,160.0,2019-08-08 05:00:00,jueves,40,Lluvia,Humeda,Plano,Media Ladera Derecha,Curva Izquierda,Transito normal con precaución,15,40,0,0,0.0,Choque,condiciones de la via y factores ambientales,6211_1_4,15.0,0.0
Boyacá,2019-09-26 14:57:00,13,660.0,2019-08-14 05:00:00,miercoles,20,Lluvia,Humeda,Ondulado,Media Ladera Derecha,Curva Derecha,Transito normal con precaución,11,20,0,0,0.0,Choque,impericia en el manejo,6211_1_13,11.0,0.0
Boyacá,2019-09-26 14:57:00,3,0.0,2019-08-14 05:00:00,miercoles,0,Normal,Seca y limpia,Ondulado,Media ladera Izquierda,Curva Izquierda,Transito normal con precaución,21,0,1,1,2.0,Choque,exceso de velocidad,6211_1_3,21.0,0.0
Risaralda,2019-09-26 15:06:00,5,350.0,2019-07-08 05:00:00,lunes,30,Normal,Seca y limpia,Plano,Terraplen,Recta,Transito normal con precaución,23,30,1,0,1.0,Choque,otra - conductor en general,2902_1_5,23.0,0.0
Risaralda,2019-09-26 15:35:00,12,100.0,2019-07-08 05:00:00,lunes,15,Normal,Seca y limpia,Plano,Terraplen,Recta,Transito normal con precaución,9,15,1,0,1.0,Atropello,otra - conductor en general,29RSC_1_12,9.0,0.0
Risaralda,2019-09-26 15:41:00,5,200.0,2019-07-09 05:00:00,martes,54,Normal,Seca y limpia,Plano,Terraplen,Recta,Transito normal con precaución,8,54,3,0,3.0,Choque,adelantamientos indebidos,29RSC_1_5,8.0,0.0
Risaralda,2019-09-26 15:44:00,5,350.0,2019-07-09 05:00:00,martes,5,Normal,Seca y limpia,Plano,Terraplen,Recta,Transito normal con precaución,5,5,2,0,2.0,Choque,otra - conductor en general,2902_2_5,5.0,0.0
Boyacá,2019-09-26 14:57:00,30,210.0,2019-08-16 05:00:00,viernes,0,Niebla,Seca y limpia,Ondulado,Media ladera Izquierda,Curva Izquierda,Transito normal con precaución,3,0,0,0,2.0,Choque,fallas mecanicas y del sistema electrico,5503_1_30,3.0,0.0
Boyacá,2019-09-26 14:57:00,57,610.0,2019-08-17 05:00:00,sabado,0,Lluvia,Humeda,Ondulado,Media ladera Izquierda,Curva Izquierda,Transito normal con precaución,8,0,0,0,2.0,Volcamiento,impericia en el manejo,5503_1_57,8.0,0.0
Risaralda,2019-09-26 16:20:00,0,180.0,2019-07-10 05:00:00,miercoles,50,Normal,Seca y limpia,Plano,Terraplen,Recta,Transito normal con precaución,11,50,0,0,0.0,Choque,adelantamientos indebidos,2902_2_0,11.0,0.0
Boyacá,2019-09-26 16:20:00,53,565.0,2019-08-20 05:00:00,martes,0,Normal,Seca y limpia,Plano,Media Ladera Derecha,Curva Izquierda,Transito normal con precaución,18,0,0,0,0.0,Choque,maniobras imprudentes,5503_1_53,18.0,0.0
Risaralda,2019-09-26 22:06:00,41,200.0,2019-08-02 05:00:00,viernes,0,Normal,Seca y limpia,Montañoso,Media ladera Izquierda,Curva Derecha,Transito normal con precaución,16,0,0,0,0.0,Choque,maniobras imprudentes,2507_1_41,16.0,0.0
Boyacá,2019-09-26 16:20:00,32,800.0,2019-08-21 05:00:00,miercoles,30,Normal,Seca y limpia,Plano,Media Ladera Derecha,Curva Izquierda,Transito normal con precaución,7,30,0,0,0.0,Choque,adelantamientos indebidos,5503_1_32,7.0,0.0
Risaralda,2019-09-26 16:25:00,1,650.0,2019-07-11 05:00:00,jueves,10,Normal,Seca y limpia,Plano,Terraplen,Recta,Transito normal con precaución,12,10,0,0,0.0,Choque,estacionamiento y senalizacion imprudente,2902_2_1,12.0,0.0
Boyacá,2019-09-26 16:20:00,51,205.0,2019-08-21 05:00:00,miercoles,20,Normal,Seca y limpia,Ondulado,Media Ladera Derecha,Curva Izquierda,Transito normal con precaución,16,20,0,0,0.0,Volcamiento,fallas mecanicas y del sistema electrico,5503_1_51,16.0,0.0
Risaralda,2019-09-26 16:30:00,1,590.0,2019-07-11 05:00:00,jueves,20,Normal,Seca y limpia,Plano,Terraplen,Recta,Transito normal con precaución,12,20,1,0,1.0,Choque,adelantamientos indebidos,25RSA_1_1,12.0,0.0
Boyacá,2019-09-26 16:20:00,121,85.0,2019-08-22 05:00:00,jueves,0,Normal,Seca y limpia,Plano,Media ladera Izquierda,Curva Izquierda,Transito normal con precaución,22,0,0,0,0.0,Choque,adelantamientos indebidos,5503_1_121,22.0,0.0
Risaralda,2019-09-26 16:34:00,8,900.0,2019-07-12 05:00:00,viernes,20,Normal,Seca y limpia,Plano,Terraplen,Recta,Transito normal con precaución,18,20,0,0,0.0,Choque,no mantener distancia de seguridad,29RSC_1_8,18.0,0.0
Boyacá,2019-09-26 16:20:00,5,550.0,2019-08-24 05:00:00,sabado,40,Normal,Seca y limpia,Plano,Media Ladera Derecha,Curva Derecha,Transito normal con precaución,4,40,0,0,0.0,Caída de carga,impericia en el manejo,6211_1_5,4.0,0.0
Risaralda,2019-09-26 16:38:00,4,575.0,2019-07-12 05:00:00,viernes,30,Normal,Seca y limpia,Plano,Terraplen,Recta,Transito normal con precaución,16,30,0,0,0.0,Choque,desobediencia a normas y senales,2902_1_4,16.0,0.0
Boyacá,2019-09-26 16:20:00,3,800.0,2019-08-25 05:00:00,domingo,40,Normal,Seca y limpia,Plano,Media ladera Izquierda,Recta,Transito normal con precaución,7,40,0,0,0.0,Choque,otra - conductor en general,5503_1_3,7.0,0.0
Risaralda,2019-09-26 16:42:00,3,850.0,2019-07-12 05:00:00,viernes,30,Normal,Humeda,Plano,Terraplen,Recta,Transito normal con precaución,12,30,0,0,0.0,Choque,no mantener distancia de seguridad,2902_2_3,12.0,0.0
Risaralda,2019-09-26 16:53:00,0,750.0,2019-07-12 05:00:00,viernes,50,Normal,Seca y limpia,Montañoso,Media ladera Izquierda,Recta,Transito normal con precaución,18,50,0,0,0.0,Choque,maniobras imprudentes,2902_2_0,18.0,0.0
Boyacá,2019-09-26 16:20:00,6,110.0,2019-08-29 05:00:00,jueves,15,Seca,Seca y limpia,Plano,Media ladera Izquierda,Curva Izquierda,Transito normal con precaución,15,15,1,0,1.0,Volcamiento,impericia en el manejo,6211_1_6,15.0,0.0
Boyacá,2019-09-26 16:20:00,70,120.0,2019-08-29 05:00:00,jueves,0,Normal,Seca y limpia,Plano,Media ladera Izquierda,Curva Derecha,Transito normal con precaución,3,0,0,0,1.0,Volcamiento,exceso de velocidad,5503_1_70,3.0,0.0
Risaralda,2019-09-26 21:47:00,1,470.0,2019-08-01 05:00:00,jueves,50,Normal,Seca y limpia,Plano,Terraplen,Recta,Transito normal con precaución,9,50,5,0,5.0,No determinado,otra - conductor en general,2902_2_1,9.0,0.0
Risaralda,2019-09-26 21:50:00,2,625.0,2019-08-01 05:00:00,jueves,20,Normal,Seca y limpia,Plano,Terraplen,Recta,Transito normal con precaución,12,20,0,0,0.0,Choque,no mantener distancia de seguridad,2902_1_2,12.0,0.0
Risaralda,2019-09-26 22:09:00,0,320.0,2019-08-02 05:00:00,viernes,0,Lluvia,Humeda,Plano,Terraplen,Recta,Transito normal con precaución,12,0,0,0,0.0,Choque,no mantener distancia de seguridad,29RSA_2_0,12.0,0.0
Caquetá,2019-09-26 20:34:00,47,440.0,2019-09-24 05:00:00,martes,10,Seca,Seca y limpia,Plano,Terraplen,Recta,Transito normal con precaución,4,10,4,0,5.0,Volcamiento,conducta de peatones,6502_1_47,4.0,0.0
Risaralda,2019-09-26 22:16:00,9,0.0,2019-08-03 05:00:00,sabado,50,Lluvia,Humeda,Plano,Media Ladera Derecha,Recta,Transito normal con precaución,12,50,2,0,2.0,Choque,otra - conductor en general,29RSC_1_9,12.0,0.0
Risaralda,2019-09-26 22:22:00,3,900.0,2019-08-03 05:00:00,sabado,35,Normal,Humeda,Plano,Terraplen,Recta,Transito normal con precaución,11,35,1,0,1.0,Caída ocupante,otra - conductor en general,2902_2_3,11.0,0.0
Risaralda,2019-09-26 22:29:00,2,650.0,2019-08-04 05:00:00,domingo,35,Normal,Seca y limpia,Plano,Terraplen,Recta,Transito normal con precaución,13,35,0,0,0.0,Choque,no mantener distancia de seguridad,2902_2_2,13.0,0.0
Risaralda,2019-09-26 22:31:00,51,400.0,2019-08-05 05:00:00,lunes,0,Normal,Seca y limpia,Montañoso,Media ladera Izquierda,Curva Derecha,Transito normal con precaución,22,0,0,0,0.0,Choque,otra - conductor en general,2507_1_51,22.0,0.0
Risaralda,2019-09-26 22:35:00,4,575.0,2019-08-06 05:00:00,martes,7,Lluvia,Humeda,Plano,Terraplen,Recta,Transito normal con precaución,15,7,0,0,0.0,Choque,condiciones de la via y factores ambientales,2902_2_4,15.0,0.0
Risaralda,2019-09-26 22:38:00,1,150.0,2019-08-07 05:00:00,miercoles,45,Normal,Seca y limpia,Plano,Terraplen,Recta,Transito normal con precaución,19,45,1,0,1.0,Choque,otra - conductor en general,2902_2_1,19.0,0.0
Risaralda,2019-09-27 13:26:00,7,0.0,2019-08-07 05:00:00,miercoles,30,Normal,Seca y limpia,Montañoso,Terraplen,Curva Izquierda,Transito normal con precaución,12,30,2,0,2.0,Choque,adelantamientos indebidos,29RSC_1_7,12.0,0.0
Risaralda,2019-09-27 13:39:00,29,800.0,2019-08-09 05:00:00,viernes,0,Normal,Seca y limpia,Plano,Terraplen,Recta,Transito normal con precaución,19,0,2,0,2.0,Choque,desobediencia a normas y senales,50RS01_1_29,19.0,0.0
Risaralda,2019-09-27 13:43:00,8,0.0,2019-08-11 05:00:00,domingo,50,Normal,Humeda,Montañoso,Terraplen,Recta,Transito normal con precaución,14,50,4,0,4.0,Choque,no mantener distancia de seguridad,29RSC_1_8,14.0,0.0
Putumayo,2019-09-27 13:44:00,11,300.0,2019-08-13 05:00:00,martes,30,Sol,Material suelto,Plano,Cajón,Recta,Parcial con reducción de carriles,0,0,0,0,0.0,Otro,otra - conductor en general,6501_0_11,10.0,14.0
Risaralda,2019-09-27 13:46:00,5,790.0,2019-08-12 05:00:00,lunes,5,Normal,Seca y limpia,Plano,Terraplen,Recta,Transito normal con precaución,19,5,0,0,0.0,Choque,maniobras imprudentes,2902_1_5,19.0,0.0
Risaralda,2019-09-27 13:53:00,3,700.0,2019-08-12 05:00:00,lunes,20,Normal,Seca y limpia,Plano,Terraplen,Recta,Transito normal con precaución,13,20,1,0,1.0,Choque,maniobras imprudentes,2902_1_3,13.0,0.0
Risaralda,2019-09-27 13:59:00,1,920.0,2019-08-13 05:00:00,martes,10,Normal,Seca y limpia,Plano,Terraplen,Recta,Transito normal con precaución,13,10,0,0,0.0,Choque,no mantener distancia de seguridad,2902_1_1,13.0,0.0
Risaralda,2019-09-27 14:02:00,0,200.0,2019-08-14 05:00:00,miercoles,50,Normal,Seca y limpia,Plano,Terraplen,Recta,Transito normal con precaución,16,50,0,0,0.0,Choque,otra - conductor en general,2902_2_0,16.0,0.0
Risaralda,2019-09-27 14:04:00,2,850.0,2019-08-15 05:00:00,jueves,15,Normal,Seca y limpia,Plano,Terraplen,Recta,Transito normal con precaución,15,15,0,0,0.0,Choque,otra - conductor en general,2902_1_2,15.0,0.0
Risaralda,2019-09-27 14:11:00,0,930.0,2019-08-15 05:00:00,jueves,45,Normal,Seca y limpia,Plano,Terraplen,Recta,Transito normal con precaución,15,45,0,0,0.0,Choque,no mantener distancia de seguridad,2902_2_0,15.0,0.0
Risaralda,2019-09-27 14:20:00,0,700.0,2019-08-16 05:00:00,viernes,0,Normal,Seca y limpia,Plano,Media ladera Izquierda,Recta,Transito normal con precaución,9,0,0,0,0.0,Choque,no mantener distancia de seguridad,29RSA_2_0,9.0,0.0
Risaralda,2019-09-27 14:23:00,1,150.0,2019-08-16 05:00:00,viernes,35,Normal,Seca y limpia,Plano,Terraplen,Recta,Transito normal con precaución,16,35,0,0,0.0,Choque,no mantener distancia de seguridad,2902_2_1,16.0,0.0
Risaralda,2019-09-27 14:27:00,8,0.0,2019-08-16 05:00:00,viernes,0,Lluvia,Humeda,Montañoso,Terraplen,Curva Izquierda,Transito normal con precaución,19,0,0,0,0.0,Choque,no mantener distancia de seguridad,29RSC_1_8,19.0,0.0
Risaralda,2019-09-27 14:31:00,0,100.0,2019-08-17 05:00:00,sabado,0,Normal,Seca y limpia,Plano,Terraplen,Recta,Transito normal con precaución,15,0,0,0,0.0,Choque,no mantener distancia de seguridad,29RSA_2_0,15.0,0.0
Risaralda,2019-09-27 14:41:00,5,350.0,2019-08-18 05:00:00,domingo,30,Normal,Seca y limpia,Plano,Terraplen,Recta,Transito normal con precaución,13,30,1,0,1.0,Choque,otra - conductor en general,2902_2_5,13.0,0.0
Risaralda,2019-09-27 14:44:00,8,700.0,2019-08-20 05:00:00,martes,0,Normal,Seca y limpia,Plano,Media Ladera Derecha,Recta,Transito normal con precaución,11,0,0,0,0.0,Choque,no mantener distancia de seguridad,29RSC_1_8,11.0,0.0
Risaralda,2019-09-27 14:47:00,2,700.0,2019-08-20 05:00:00,martes,0,Normal,Seca y limpia,Plano,Terraplen,Recta,Transito normal con precaución,20,0,1,0,1.0,Choque,adelantamientos indebidos,2902_2_2,20.0,0.0
Risaralda,2019-09-27 14:49:00,0,930.0,2019-08-22 05:00:00,jueves,45,Normal,Seca y limpia,Plano,Terraplen,Recta,Transito normal con precaución,7,45,0,0,0.0,Choque,no mantener distancia de seguridad,2902_2_0,7.0,0.0
Risaralda,2019-09-27 14:52:00,53,480.0,2019-08-23 05:00:00,viernes,20,Normal,Seca y limpia,Montañoso,Media ladera Izquierda,Curva Derecha,Transito normal con precaución,7,20,0,0,0.0,Choque,otra - conductor en general,2507_1_53,7.0,0.0
Risaralda,2019-09-27 14:56:00,3,310.0,2019-08-24 05:00:00,sabado,47,Normal,Seca y limpia,Plano,Terraplen,Recta,Transito normal con precaución,18,47,1,0,1.0,Atropello,conducta de peatones,2902_2_3,18.0,0.0
Risaralda,2019-09-27 15:13:00,8,700.0,2019-08-24 05:00:00,sabado,5,Normal,Seca y limpia,Plano,Terraplen,Curva Izquierda,Transito normal con precaución,8,5,26,0,26.0,Choque,desobediencia a normas y senales,29RSC_1_8,8.0,0.0
Risaralda,2019-09-27 15:17:00,7,0.0,2019-08-27 05:00:00,martes,40,Normal,Seca y limpia,Montañoso,Media Ladera Derecha,Curva Izquierda,Transito normal con precaución,7,40,1,0,1.0,Choque,no mantener distancia de seguridad,29RSC_1_7,7.0,0.0
Risaralda,2019-09-27 15:20:00,4,680.0,2019-08-28 05:00:00,miercoles,0,Normal,Seca y limpia,Plano,Terraplen,Recta,Transito normal con precaución,12,0,1,0,1.0,Atropello,conducta de peatones,2902_1_4,12.0,0.0
Risaralda,2019-09-27 15:24:00,4,200.0,2019-08-30 05:00:00,viernes,30,Normal,Seca y limpia,Plano,Terraplen,Recta,Transito normal con precaución,16,30,3,0,3.0,Atropello,otra - conductor en general,2902_2_4,16.0,0.0
Risaralda,2019-09-27 15:27:00,4,200.0,2019-08-30 05:00:00,viernes,0,Normal,Seca y limpia,Plano,Terraplen,Recta,Transito normal con precaución,17,0,0,0,0.0,Choque,otra - conductor en general,2902_2_4,17.0,0.0
Cauca,2019-09-27 18:33:00,10,584.0,2019-08-17 05:00:00,sabado,0,Normal,Seca y limpia,Plano,Terraplen,Recta,Parcial con paso alternado,20,15,0,1,2.0,Atropello,otra - conductor en general,2601_0_10,20.0,0.0
Cauca,2019-09-27 18:33:00,0,512.0,2019-08-26 05:00:00,lunes,0,Normal,Seca y limpia,Montañoso,Media Ladera Derecha,Curva Derecha,Parcial con reducción de carriles,10,20,0,2,4.0,Volcamiento,fallas mecanicas y del sistema electrico,2602A_1_0,10.0,0.0
Guajira,2019-09-27 22:25:00,19,900.0,2019-08-03 05:00:00,sabado,10,Normal,Seca y limpia,Ondulado,Terraplen,Recta,Transito normal con precaución,0,0,0,0,0.0,Choque,no mantener distancia de seguridad,8801_1_19,19.0,5.0
Guajira,2019-09-27 22:37:00,62,0.0,2019-08-18 05:00:00,domingo,30,Normal,Seca y limpia,Plano,Terraplen,Recta,Transito normal con precaución,0,0,0,0,0.0,Volcamiento,otra - conductor en general,4902_1_62,5.0,19.0
Guajira,2019-09-27 22:47:00,31,400.0,2019-08-26 05:00:00,lunes,0,Normal,Seca y limpia,Plano,Terraplen,Recta,Transito normal con precaución,0,0,0,0,0.0,Choque,no mantener distancia de seguridad,4902_1_31,10.0,14.0
Guajira,2019-09-27 23:14:00,41,300.0,2019-08-27 05:00:00,martes,30,Normal,Seca y limpia,Montañoso,Media ladera Izquierda,Recta,Transito normal con precaución,0,0,0,0,0.0,Choque,condiciones de la via y factores ambientales,8801_1_41,13.0,11.0
Santander,2019-09-27 16:30:00,38,506.0,2019-07-18 05:00:00,jueves,35,Normal,Seca y limpia,Montañoso,Media ladera Izquierda,Curva Derecha,Transito normal con precaución,1,0,2,0,2.0,Choque,adelantamientos indebidos,6208_1_38,16.0,9.0