territorial,fecha_registro,pr,distancia_pr,fecha_acc,dia_semana_acc,min_acc,condic_meteor,estado_super,terreno,secc_tip,geometria_acc,tipo_cierre,horas_cierre,min_cierre,n_heridos,n_muertos,n_victimas,clase_accidente,causa_posible,ref_loc,hora_acc,duracion_cierre_horas
Cauca,2019-09-27 18:33:00,4,655.0,2019-08-26 05:00:00,lunes,20,Normal,Seca y limpia,Montañoso,Media Ladera Derecha,Recta,Transito normal con precaución,13,50,0,0,5.0,Choque,maniobras imprudentes,3702_0_4,13.0,0.0
Cauca,2019-09-27 19:25:00,11,865.0,2019-08-25 05:00:00,domingo,0,Normal,Seca y limpia,Montañoso,Media Ladera Derecha,Recta,Transito normal con precaución,19,30,1,0,1.0,Atropello,exceso de velocidad,3702_0_11,19.0,0.0
Caquetá,2019-09-27 19:53:00,42,365.0,2019-09-24 05:00:00,martes,0,Seca,Seca y limpia,Ondulado,Terraplen,Curva Derecha,Transito normal con precaución,23,0,4,0,4.0,Choque,exceso de velocidad,6502_1_42,4.0,19.0
Planta Central,2019-09-28 13:58:00,71,70.0,2019-05-11 05:00:00,sabado,30,Normal,Seca y limpia,Ondulado,Media Ladera Derecha,Recta,Transito normal con precaución,7,30,0,0,0.0,Choque,maniobras imprudentes,4514_1_71,6.0,1.0
Planta Central,2019-09-28 14:24:00,91,887.0,2019-05-16 05:00:00,jueves,5,Normal,Seca y limpia,Plano,Terraplen,Recta,Transito normal con precaución,6,0,0,0,0.0,Choque,no mantener distancia de seguridad,4514_1_91,0.0,6.0
Planta Central,2019-09-28 14:57:00,99,287.0,2019-05-17 05:00:00,viernes,0,Lluvia,Humeda,Plano,Terraplen,Recta,Transito normal con precaución,5,30,0,0,0.0,Volcamiento,maniobras imprudentes,4514_1_99,5.0,0.0
Planta Central,2019-09-28 15:02:00,99,182.0,2019-05-18 05:00:00,sabado,20,Normal,Seca y limpia,Plano,Terraplen,Recta,Transito normal con precaución,2,5,0,0,0.0,Volcamiento,exceso en horas de conduccion,4514_1_99,1.0,1.0
Planta Central,2019-09-28 15:17:00,43,150.0,2019-05-21 05:00:00,martes,10,Normal,Seca y limpia,Plano,Terraplen,Recta,Transito normal con precaución,22,25,0,0,0.0,Volcamiento,maniobras imprudentes,4514_2_43,22.0,0.0
Planta Central,2019-09-28 15:25:00,58,500.0,2019-06-08 05:00:00,sabado,0,Normal,Seca y limpia,Ondulado,Terraplen,Recta,Transito normal con precaución,6,10,0,0,0.0,Volcamiento,exceso en horas de conduccion,4514_1_58,6.0,0.0
Planta Central,2019-09-28 15:32:00,30,700.0,2019-06-11 05:00:00,martes,10,Normal,Seca y limpia,Plano,Terraplen,Recta,Transito normal con precaución,9,25,0,0,0.0,Volcamiento,desobediencia a normas y senales,4514_2_30,9.0,0.0
Planta Central,2019-09-28 15:40:00,62,300.0,2019-06-28 05:00:00,viernes,0,Normal,Seca y limpia,Plano,Terraplen,Recta,Transito normal con precaución,7,30,0,1,1.0,Choque,adelantamientos indebidos,4514_2_62,7.0,0.0
Putumayo,2019-09-29 03:29:00,0,490.0,2019-05-15 05:00:00,miercoles,25,Lluvia,Humeda,Plano,Cajón,Recta,Parcial con reducción de carriles,0,0,0,0,1.0,Choque,embriaguez o sustancias alucinogenas,4503_2_0,23.0,1.0
Planta Central,2019-09-30 12:31:00,71,0.0,2019-07-06 05:00:00,sabado,30,Normal,Seca y limpia,Ondulado,Media ladera Izquierda,Recta,Transito normal con precaución,3,20,0,0,0.0,Volcamiento,maniobras imprudentes,4514_2_71,2.0,1.0
Nariño,2019-09-30 14:22:00,50,200.0,2019-04-07 05:00:00,domingo,40,Seca,Seca y limpia,Plano,Terraplen,Recta,Transito normal con precaución,0,5,0,1,1.0,Choque,exceso de velocidad,1001_0_50,10.0,14.0
Cauca,2019-09-30 14:22:00,43,900.0,2019-08-11 05:00:00,domingo,20,Normal,Seca y limpia,Plano,Terraplen,Recta,Parcial con reducción de carriles,1,30,0,0,0.0,Choque,otra - conductor en general,3105_1_43,20.0,5.0
Nariño,2019-09-30 14:26:00,22,900.0,2019-04-10 05:00:00,miercoles,50,Seca,Seca y limpia,Plano,Terraplen,Recta,Transito normal con precaución,0,10,0,0,1.0,Choque,adelantamientos indebidos,1001_0_22,15.0,9.0
Nariño,2019-09-30 14:29:00,11,850.0,2019-04-14 05:00:00,domingo,50,Seca,Seca y limpia,Plano,Terraplen,Recta,Transito normal con precaución,0,10,0,0,3.0,Volcamiento,condiciones de la via y factores ambientales,1001_0_11,6.0,18.0
Nariño,2019-09-30 14:39:00,7,650.0,2019-04-20 05:00:00,sabado,20,Seca,Seca y limpia,Plano,Terraplen,Recta,Transito normal con precaución,0,15,0,1,2.0,Choque,exceso de velocidad,1001_0_7,17.0,7.0
Nariño,2019-09-30 16:25:00,64,0.0,2019-05-02 05:00:00,jueves,30,Seca,Seca y limpia,Plano,Terraplen,Recta,Transito normal con precaución,0,10,0,1,1.0,Choque,otra - pasajero o acompanante,1001_0_64,15.0,9.0
Nariño,2019-09-30 16:29:00,7,580.0,2019-05-08 05:00:00,miercoles,15,Seca,Seca y limpia,Plano,Terraplen,Recta,Transito normal con precaución,0,15,0,1,1.0,Atropello,exceso de velocidad,1001_0_7,1.0,23.0
Nariño,2019-09-30 16:37:00,0,146.0,2019-05-12 05:00:00,domingo,36,Lluvia,Humeda,Plano,Terraplen,Recta,Transito normal con precaución,0,5,0,0,0.0,Caída de carga,condiciones de la via y factores ambientales,1001_0_0,7.0,17.0
Nariño,2019-09-30 16:41:00,26,860.0,2019-05-23 05:00:00,jueves,10,Seca,Seca y limpia,Plano,Terraplen,Recta,Transito normal con precaución,0,15,0,3,4.0,Choque,exceso de velocidad,1001_0_26,13.0,11.0
Nariño,2019-09-30 16:49:00,24,800.0,2019-05-27 05:00:00,lunes,40,Seca,Seca y limpia,Plano,Terraplen,Recta,Transito normal con precaución,0,18,0,0,1.0,Choque,exceso de velocidad,1001_0_24,18.0,6.0
Nariño,2019-09-30 16:51:00,36,200.0,2019-06-16 05:00:00,domingo,32,Seca,Seca y limpia,Plano,Terraplen,Recta,Transito normal con precaución,0,20,0,1,2.0,Caída ocupante,exceso de velocidad,1001_0_36,8.0,16.0
Nariño,2019-09-30 16:53:00,9,300.0,2019-06-16 05:00:00,domingo,20,Seca,Seca y limpia,Plano,Terraplen,Recta,Transito normal con precaución,0,15,0,2,2.0,Choque,exceso de velocidad,1001_0_9,21.0,3.0
Nariño,2019-09-30 16:56:00,9,550.0,2019-06-22 05:00:00,sabado,20,Lluvia,Humeda,Plano,Terraplen,Recta,Transito normal con precaución,0,10,0,1,2.0,Caída ocupante,maniobras imprudentes,1001_0_9,21.0,3.0
Nariño,2019-09-30 17:03:00,7,300.0,2019-07-07 05:00:00,domingo,20,Seca,Seca y limpia,Plano,Terraplen,Recta,Transito normal con precaución,0,10,0,1,2.0,Choque,exceso de velocidad,1001_0_7,0.0,0.0
Nariño,2019-09-30 17:06:00,42,860.0,2019-07-07 05:00:00,domingo,30,Seca,Seca y limpia,Plano,Terraplen,Recta,Transito normal con precaución,0,10,0,1,6.0,Choque,maniobras imprudentes,1001_0_42,13.0,11.0
Nariño,2019-09-30 17:10:00,17,100.0,2019-07-13 05:00:00,sabado,0,Seca,Seca y limpia,Plano,Terraplen,Recta,Transito normal con precaución,0,10,0,0,1.0,Choque,adelantamientos indebidos,1001_0_17,9.0,15.0
Nariño,2019-09-30 17:17:00,52,950.0,2019-07-18 05:00:00,jueves,50,Seca,Seca y limpia,Plano,Terraplen,Recta,Transito normal con precaución,0,10,0,0,0.0,Choque,fallas mecanicas y del sistema electrico,1001_0_52,6.0,18.0
Nariño,2019-09-30 17:20:00,13,280.0,2019-07-22 05:00:00,lunes,50,Seca,Seca y limpia,Plano,Terraplen,Recta,Transito normal con precaución,0,10,0,1,2.0,Choque,exceso de velocidad,1001_0_13,19.0,5.0
Nariño,2019-09-30 17:22:00,31,90.0,2019-07-22 05:00:00,lunes,40,Seca,Seca y limpia,Plano,Terraplen,Recta,Transito normal con precaución,0,10,0,1,3.0,Choque,exceso de velocidad,1001_0_31,20.0,4.0
Caquetá,2019-09-30 20:07:00,14,950.0,2019-08-08 05:00:00,jueves,0,Seca,Seca y limpia,Ondulado,Media Ladera Derecha,Recta,Parcial con reducción de carriles,1,0,0,0,0.0,Choque,condiciones de la via y factores ambientales,6503_1_14,4.0,21.0
Caquetá,2019-09-30 20:10:00,24,830.0,2019-08-11 05:00:00,domingo,5,Seca,Seca y limpia,Ondulado,Cajón,Recta,Transito normal con precaución,0,0,2,0,2.0,Choque,adelantamientos indebidos,6503_1_24,9.0,15.0
Planta Central,2019-10-11 15:17:00,135,400.0,2019-08-01 05:00:00,jueves,45,Normal,Seca y limpia,Ondulado,Terraplen,Recta,Transito normal con precaución,0,0,0,0,0.0,Choque,no mantener distancia de seguridad,4511_1_135,11.0,13.0
Caquetá,2019-09-30 20:14:00,0,250.0,2019-08-17 05:00:00,sabado,0,Seca,Seca y limpia,Plano,Terraplen,Recta,Parcial con reducción de carriles,0,30,0,1,2.0,Choque,adelantamientos indebidos,6503_1_0,19.0,5.0
Caquetá,2019-09-30 20:19:00,15,240.0,2019-08-23 05:00:00,viernes,20,Seca,Seca y limpia,Ondulado,Media Ladera Derecha,Recta,Transito normal con precaución,0,0,0,0,0.0,Choque,desobediencia a normas y senales,6503_1_15,14.0,10.0
Caquetá,2019-09-30 20:28:00,31,610.0,2019-08-26 05:00:00,lunes,0,Seca,Seca y limpia,Ondulado,Media ladera Izquierda,Curva Izquierda,Transito normal con precaución,0,0,0,0,0.0,Choque,embriaguez o sustancias alucinogenas,6503_1_31,12.0,12.0
Cauca,2019-09-30 14:30:00,49,882.0,2019-08-06 05:00:00,martes,23,Normal,Seca y limpia,Plano,Terraplen,Recta,Transito normal con precaución,0,0,2,0,2.0,Choque,desobediencia a normas y senales,3105_1_49,19.0,5.0
Antioquia,2019-10-01 13:39:00,14,167.0,2019-06-28 05:00:00,viernes,0,Normal,Seca y limpia,Ondulado,Terraplen,Recta,Transito normal con precaución,12,10,1,0,1.0,Choque,otra - pasajero o acompanante,6003_1_14,12.0,0.0
Nariño,2019-10-01 13:49:00,34,180.0,2019-08-12 05:00:00,lunes,0,Seca,Seca y limpia,Plano,Terraplen,Recta,Transito normal con precaución,0,10,0,1,1.0,Atropello,exceso de velocidad,1001_0_34,6.0,18.0
Nariño,2019-10-01 13:51:00,42,210.0,2019-08-13 05:00:00,martes,30,Seca,Seca y limpia,Plano,Terraplen,Recta,Transito normal con precaución,0,20,0,1,8.0,Atropello,exceso de velocidad,1001_0_42,20.0,4.0
Nariño,2019-10-01 13:53:00,55,0.0,2019-08-14 05:00:00,miercoles,15,Seca,Seca y limpia,Plano,Terraplen,Recta,Transito normal con precaución,0,10,0,0,0.0,Choque,fallas mecanicas y del sistema electrico,1001_0_55,11.0,13.0
Antioquia,2019-10-01 13:59:00,12,200.0,2019-07-29 05:00:00,lunes,10,Normal,Seca y limpia,Ondulado,Terraplen,Recta,Transito normal con precaución,21,25,3,0,3.0,Atropello,conducta de peatones,6003_1_12,21.0,0.0
Antioquia,2019-10-01 14:02:00,54,994.0,2019-08-25 05:00:00,domingo,30,Normal,Seca y limpia,Ondulado,Terraplen,Curva Derecha,Transito normal con precaución,17,35,0,0,0.0,Choque,impericia en el manejo,6205_1_54,17.0,0.0
Antioquia,2019-10-01 14:08:00,54,20.0,2019-08-15 05:00:00,jueves,45,Normal,Seca y limpia,Ondulado,Media ladera Izquierda,Curva Derecha,Cierre total,18,10,1,0,1.0,Choque,adelantamientos indebidos,6205_1_54,17.0,1.0
Antioquia,2019-10-01 14:12:00,88,400.0,2019-08-28 05:00:00,miercoles,0,Normal,Seca y limpia,Ondulado,Media Ladera Derecha,Recta,Transito normal con precaución,21,20,2,0,2.0,Atropello,conducta de peatones,6003_1_88,21.0,0.0
Antioquia,2019-10-01 14:20:00,94,800.0,2019-08-24 05:00:00,sabado,10,Normal,Seca y limpia,Plano,Media ladera Izquierda,Curva Izquierda,Transito normal con precaución,11,15,0,0,0.0,Choque,desobediencia a normas y senales,6003_1_94,11.0,0.0
Antioquia,2019-10-01 14:25:00,25,750.0,2019-06-30 05:00:00,domingo,10,Normal,Seca y limpia,Plano,Media ladera Izquierda,Curva Derecha,Transito normal con precaución,2,20,2,0,2.0,Choque,estacionamiento y senalizacion imprudente,6003_1_25,2.0,0.0
Antioquia,2019-10-01 14:31:00,94,100.0,2019-08-16 05:00:00,viernes,30,Lluvia,Humeda,Ondulado,Media Ladera Derecha,Curva Derecha,Cierre total,8,45,0,2,4.0,Choque,adelantamientos indebidos,6003_1_94,8.0,0.0
Boyacá,2019-10-01 19:16:00,67,180.0,2019-08-31 05:00:00,sabado,0,Seca,Seca y limpia,Plano,Media Ladera Derecha,Recta,Transito normal con precaución,1,0,0,0,0.0,Volcamiento,exceso en horas de conduccion,5503_1_67,1.0,0.0
Boyacá,2019-10-01 19:16:00,128,240.0,2019-08-31 05:00:00,sabado,0,Normal,Seca y limpia,Plano,Media Ladera Derecha,Curva Derecha,Transito normal con precaución,9,0,0,0,0.0,Choque,impericia en el manejo,5503_1_128,9.0,0.0
Cauca,2019-10-02 13:46:00,63,160.0,2019-08-03 05:00:00,sabado,30,Normal,Seca y limpia,Montañoso,Media ladera Izquierda,Curva Derecha,Parcial restringido a vehiculos pesados,17,30,1,0,1.0,Caída ocupante,condiciones de la via y factores ambientales,25CC15_0_63,17.0,0.0
Cauca,2019-10-02 13:46:00,69,750.0,2019-08-04 05:00:00,domingo,30,Lluvia,Otra,Montañoso,Media Ladera Derecha,Curva Izquierda,Parcial restringido a vehiculos pesados,18,30,1,0,2.0,Caída ocupante,condiciones de la via y factores ambientales,25CC15_0_69,18.0,0.0
Cauca,2019-10-02 14:12:00,65,600.0,2019-08-27 05:00:00,martes,40,Normal,Seca y limpia,Montañoso,Media Ladera Derecha,Recta,Parcial restringido a vehiculos pesados,0,0,1,0,1.0,Atropello,conducta de peatones,25CC15_0_65,10.0,14.0
Planta Central,2019-10-02 16:45:00,64,900.0,2019-08-21 05:00:00,miercoles,20,Normal,Seca y limpia,Ondulado,Terraplen,Recta,Transito normal con precaución,0,0,0,0,0.0,Choque,no mantener distancia de seguridad,4511_1_64,13.0,11.0
Nariño,2019-10-04 16:21:00,53,380.0,2019-07-17 05:00:00,miercoles,25,Seca,Seca y limpia,Montañoso,Media Ladera Derecha,Curva Izquierda,Cierre total,1,0,0,1,1.0,Choque,maniobras imprudentes,2501A_0_53,6.0,19.0
Nariño,2019-10-04 16:21:00,71,677.0,2019-07-08 05:00:00,lunes,0,Seca,Seca y limpia,Montañoso,Media Ladera Derecha,Curva Derecha,Cierre total,1,0,0,1,2.0,Choque,adelantamientos indebidos,2501A_0_71,6.0,19.0
Nariño,2019-10-04 16:21:00,37,0.0,2019-07-21 05:00:00,domingo,0,Seca,Seca y limpia,Plano,Cajón,Recta,Transito normal con precaución,0,0,0,0,3.0,Choque,no mantener distancia de seguridad,2501A_0_37,19.0,5.0
Quindío,2019-10-04 20:51:00,4,500.0,2019-08-01 05:00:00,jueves,21,Normal,Seca y limpia,Plano,Media ladera Izquierda,Recta,Parcial con reducción de carriles,1,0,0,0,0.0,Choque,no mantener distancia de seguridad,40QN05_0_4,16.0,9.0
Planta Central,2019-10-07 12:47:00,64,0.0,2019-07-12 05:00:00,viernes,30,Normal,Seca y limpia,Plano,Terraplen,Recta,Transito normal con precaución,22,0,0,1,1.0,Choque,maniobras imprudentes,4514_2_64,21.0,1.0
Planta Central,2019-10-07 12:52:00,97,300.0,2019-07-14 05:00:00,domingo,0,Normal,Seca y limpia,Plano,Terraplen,Recta,Transito normal con precaución,10,20,0,0,0.0,Choque,fallas mecanicas y del sistema electrico,4514_1_97,10.0,0.0
Planta Central,2019-10-07 12:56:00,76,100.0,2019-07-15 05:00:00,lunes,5,Normal,Seca y limpia,Plano,Terraplen,Recta,Transito normal con precaución,0,30,0,0,0.0,Choque,exceso en horas de conduccion,4514_2_76,0.0,0.0
Planta Central,2019-10-07 13:05:00,71,0.0,2019-07-16 05:00:00,martes,0,Normal,Seca y limpia,Plano,Cajón,Recta,Transito normal con precaución,23,20,0,0,0.0,Choque,no mantener distancia de seguridad,4514_1_71,23.0,0.0
Planta Central,2019-10-07 13:12:00,2,600.0,2019-05-12 05:00:00,domingo,45,Normal,Seca y limpia,Plano,Terraplen,Curva Derecha,Transito normal con precaución,20,0,1,1,2.0,Choque,maniobras imprudentes,45CSF_1_2,19.0,1.0
Planta Central,2019-10-07 15:48:00,0,450.0,2019-06-05 05:00:00,miercoles,0,Normal,Seca y limpia,Plano,Terraplen,Recta,Transito normal con precaución,6,30,0,0,0.0,Choque,exceso en horas de conduccion,45CSJ_1_0,6.0,0.0
Planta Central,2019-10-07 16:22:00,55,890.0,2019-04-05 05:00:00,viernes,30,Normal,Seca y limpia,Plano,Terraplen,Recta,Transito normal con precaución,15,30,0,0,0.0,Choque,no mantener distancia de seguridad,4515_1_55,15.0,0.0
Planta Central,2019-10-07 16:22:00,73,500.0,2019-04-05 05:00:00,viernes,30,Normal,Seca y limpia,Plano,Terraplen,Recta,Parcial con paso alternado,13,40,0,0,0.0,Choque,no mantener distancia de seguridad,4515_1_73,13.0,0.0
Planta Central,2019-10-07 16:22:00,6,500.0,2019-04-09 05:00:00,martes,20,Normal,Seca y limpia,Plano,Terraplen,Recta,Transito normal con precaución,13,20,0,0,0.0,Choque,condiciones de la via y factores ambientales,4515_2_6,13.0,0.0
Planta Central,2019-10-07 16:22:00,74,0.0,2019-05-01 05:00:00,miercoles,30,Normal,Seca y limpia,Plano,Terraplen,Recta,Parcial con paso alternado,12,40,0,0,0.0,Choque,no mantener distancia de seguridad,4515_1_74,12.0,0.0
Planta Central,2019-10-07 18:26:00,34,400.0,2019-05-14 05:00:00,martes,30,Normal,Seca y limpia,Plano,Terraplen,Recta,Parcial con paso alternado,21,0,0,0,0.0,Choque,adelantamientos indebidos,4515_1_34,20.0,1.0
Planta Central,2019-10-07 18:26:00,82,800.0,2019-05-15 05:00:00,miercoles,40,Normal,Seca y limpia,Plano,Terraplen,Recta,Transito normal con precaución,15,30,0,0,0.0,Choque,maniobras imprudentes,4515_1_82,14.0,1.0
Planta Central,2019-10-07 21:35:00,28,600.0,2018-11-28 05:00:00,miercoles,40,Normal,Seca y limpia,Plano,Terraplen,Recta,Parcial con paso alternado,13,40,0,0,2.0,Choque,no mantener distancia de seguridad,4515_2_28,13.0,0.0
Planta Central,2019-10-07 18:26:00,72,100.0,2019-05-17 05:00:00,viernes,15,Normal,Seca y limpia,Plano,Terraplen,Recta,Transito normal con precaución,20,30,0,0,0.0,Choque,maniobras imprudentes,4515_1_72,20.0,0.0
Planta Central,2019-10-07 18:26:00,29,300.0,2019-05-29 05:00:00,miercoles,30,Lluvia,Humeda,Ondulado,Terraplen,Curva Derecha,Transito normal con precaución,1,10,0,0,0.0,Choque,no mantener distancia de seguridad,4515_1_29,0.0,1.0
Planta Central,2019-10-07 19:27:00,73,400.0,2019-06-06 05:00:00,jueves,0,Normal,Seca y limpia,Plano,Terraplen,Recta,Parcial con paso alternado,1,20,0,0,1.0,Choque,adelantamientos indebidos,4515_1_73,1.0,0.0
Planta Central,2019-10-07 19:27:00,78,500.0,2019-06-10 05:00:00,lunes,30,Normal,Seca y limpia,Plano,Terraplen,Recta,Transito normal con precaución,21,50,0,0,1.0,Choque,maniobras imprudentes,4515_1_78,21.0,0.0
Planta Central,2019-10-07 19:27:00,28,600.0,2019-06-11 05:00:00,martes,40,Normal,Seca y limpia,Plano,Terraplen,Recta,Transito normal con precaución,22,40,0,0,1.0,Choque,no mantener distancia de seguridad,4515_2_28,22.0,0.0
Planta Central,2019-10-07 19:27:00,27,600.0,2019-06-12 05:00:00,miercoles,50,Normal,Seca y limpia,Plano,Terraplen,Recta,Parcial con paso alternado,18,20,6,0,7.0,Choque,otra - conductor en general,4515_1_27,17.0,1.0
Planta Central,2019-10-07 19:27:00,80,600.0,2019-06-12 05:00:00,miercoles,50,Normal,Seca y limpia,Plano,Terraplen,Recta,Parcial con paso alternado,12,50,0,0,7.0,Choque,no mantener distancia de seguridad,4515_1_80,11.0,1.0
Planta Central,2019-10-07 19:27:00,62,560.0,2019-06-13 05:00:00,jueves,0,Normal,Seca y limpia,Plano,Terraplen,Recta,Transito normal con precaución,8,0,0,0,7.0,Choque,maniobras imprudentes,4515_1_62,8.0,0.0
Planta Central,2019-10-07 19:27:00,12,170.0,2019-06-17 05:00:00,lunes,0,Normal,Seca y limpia,Plano,Terraplen,Recta,Transito normal con precaución,21,0,0,0,7.0,Choque,condiciones de la via y factores ambientales,4515_1_12,21.0,0.0
Planta Central,2019-10-07 19:27:00,4,0.0,2019-06-18 05:00:00,martes,50,Normal,Seca y limpia,Plano,Terraplen,Recta,Parcial con paso alternado,16,10,1,0,9.0,Choque,adelantamientos indebidos,4515_2_4,15.0,1.0
Planta Central,2019-10-07 19:27:00,80,850.0,2019-06-21 05:00:00,viernes,30,Normal,Seca y limpia,Plano,Terraplen,Recta,Transito normal con precaución,5,30,0,0,9.0,Choque,condiciones de la via y factores ambientales,4515_1_80,5.0,0.0
Planta Central,2019-10-07 19:27:00,43,400.0,2019-06-28 05:00:00,viernes,30,Normal,Seca y limpia,Plano,Terraplen,Recta,Transito normal con precaución,17,30,0,0,10.0,Atropello,fallas mecanicas y del sistema electrico,4515_1_43,17.0,0.0
Planta Central,2019-10-07 19:47:00,2,700.0,2019-05-21 05:00:00,martes,5,Normal,Seca y limpia,Plano,Terraplen,Recta,Transito normal con precaución,22,45,1,1,2.0,Choque,conducta de peatones,45CSI_2_2,22.0,0.0
Planta Central,2019-10-07 19:27:00,39,0.0,2019-05-31 05:00:00,viernes,0,Lluvia,Humeda,Plano,Terraplen,Recta,Parcial con paso alternado,23,0,0,0,10.0,Choque,condiciones de la via y factores ambientales,4515_1_39,22.0,1.0
Planta Central,2019-10-07 19:27:00,59,0.0,2019-07-03 05:00:00,miercoles,30,Normal,Seca y limpia,Plano,Terraplen,Recta,Transito normal con precaución,15,30,0,0,11.0,Choque,adelantamientos indebidos,4515_1_59,15.0,0.0
Planta Central,2019-10-07 20:30:00,61,250.0,2019-08-04 05:00:00,domingo,15,Normal,Seca y limpia,Plano,Terraplen,Recta,Transito normal con precaución,8,45,0,0,0.0,Salida de la vía sin volcarse,estacionamiento y senalizacion imprudente,4514_2_61,8.0,0.0
Planta Central,2019-10-07 19:27:00,69,500.0,2019-07-12 05:00:00,viernes,10,Normal,Seca y limpia,Plano,Terraplen,Recta,Parcial con paso alternado,23,10,0,0,11.0,Choque,no mantener distancia de seguridad,4515_1_69,23.0,0.0
Planta Central,2019-10-07 19:27:00,78,0.0,2019-07-13 05:00:00,sabado,40,Normal,Seca y limpia,Plano,Terraplen,Recta,Parcial con paso alternado,10,40,0,0,11.0,Choque,no mantener distancia de seguridad,4515_1_78,10.0,0.0
Planta Central,2019-10-07 20:43:00,32,800.0,2019-08-09 05:00:00,viernes,0,Normal,Seca y limpia,Plano,Terraplen,Recta,Transito normal con precaución,22,30,0,0,0.0,Volcamiento,condiciones de la via y factores ambientales,4514_1_32,22.0,0.0
Planta Central,2019-10-07 19:27:00,27,200.0,2019-07-15 05:00:00,lunes,0,Viento,Seca y limpia,Plano,Terraplen,Curva Derecha,Parcial con paso alternado,20,0,0,0,11.0,Choque,maniobras imprudentes,4515_1_27,20.0,0.0
Planta Central,2019-10-07 16:22:00,47,50.0,2019-03-15 05:00:00,viernes,30,Seca,Seca y limpia,Plano,Terraplen,Recta,Transito normal con precaución,13,45,0,0,0.0,Incendio,fallas mecanicas y del sistema electrico,4515_2_47,13.0,0.0
Planta Central,2019-10-07 20:52:00,71,500.0,2019-10-17 05:00:00,jueves,30,Normal,Seca y limpia,Plano,Terraplen,Recta,Parcial con paso alternado,11,30,1,0,3.0,Choque,desobediencia a normas y senales,4515_1_71,11.0,0.0
Planta Central,2019-10-07 20:52:00,84,0.0,2019-07-20 05:00:00,sabado,10,Normal,Seca y limpia,Ondulado,Terraplen,Curva Derecha,Parcial con paso alternado,17,10,1,1,5.0,Choque,estacionamiento y senalizacion imprudente,4515_1_84,17.0,0.0
Planta Central,2019-10-07 21:03:00,73,0.0,2019-07-25 05:00:00,jueves,10,Normal,Seca y limpia,Plano,Terraplen,Recta,Parcial con paso alternado,12,10,0,0,0.0,Choque,no mantener distancia de seguridad,4515_1_73,12.0,0.0
Planta Central,2019-10-07 21:03:00,64,850.0,2019-08-17 05:00:00,sabado,30,Normal,Seca y limpia,Plano,Terraplen,Recta,Transito normal con precaución,12,0,0,1,1.0,Atropello,conducta de peatones,4514_2_64,11.0,1.0
Planta Central,2019-10-07 21:03:00,6,300.0,2019-08-10 05:00:00,sabado,0,Normal,Seca y limpia,Plano,Terraplen,Recta,Transito normal con precaución,19,0,0,0,1.0,Choque,condiciones de la via y factores ambientales,4515_2_6,19.0,0.0
Planta Central,2019-10-07 21:03:00,5,190.0,2019-08-11 05:00:00,domingo,45,Normal,Seca y limpia,Plano,Terraplen,Recta,Parcial con paso alternado,18,45,1,1,3.0,Choque,adelantamientos indebidos,4515_2_5,18.0,0.0
Planta Central,2019-10-07 21:03:00,5,600.0,2019-08-15 05:00:00,jueves,30,Lluvia,Humeda,Plano,Terraplen,Recta,Parcial con paso alternado,20,30,0,0,3.0,Choque,no mantener distancia de seguridad,4515_2_5,20.0,0.0
Planta Central,2019-10-07 21:35:00,82,600.0,2018-11-21 05:00:00,miercoles,0,Lluvia,Humeda,Plano,Terraplen,Recta,Parcial con paso alternado,15,0,0,0,0.0,Choque,adelantamientos indebidos,4515_1_82,15.0,0.0
Planta Central,2019-10-07 21:07:00,50,800.0,2019-08-22 05:00:00,jueves,0,Normal,Seca y limpia,Plano,Terraplen,Curva Izquierda,Transito normal con precaución,1,30,0,1,1.0,Caída ocupante,conducta de pasajeros,4514_1_50,1.0,0.0
Planta Central,2019-10-07 21:35:00,78,850.0,2018-11-27 05:00:00,martes,40,Normal,Seca y limpia,Plano,Terraplen,Recta,Parcial con paso alternado,13,40,0,0,2.0,Choque,estacionamiento y senalizacion imprudente,4515_1_78,13.0,0.0
Planta Central,2019-10-07 16:22:00,52,0.0,2019-03-16 05:00:00,sabado,30,Seca,Seca y limpia,Plano,Terraplen,Recta,Transito normal con precaución,5,30,0,0,0.0,Volcamiento,maniobras imprudentes,4515_2_52,5.0,0.0
Valle del Cauca,2019-10-08 19:05:00,28,140.0,2019-08-09 05:00:00,viernes,0,Sol,Seca y limpia,Montañoso,Media ladera Izquierda,Curva Derecha,Transito normal con precaución,8,30,0,1,1.0,Choque,adelantamientos indebidos,1901_0_28,8.0,0.0
Valle del Cauca,2019-10-08 19:19:00,25,700.0,2019-08-25 05:00:00,domingo,30,Sol,Seca y limpia,Montañoso,Media Ladera Derecha,Recta,Transito normal con precaución,15,35,1,0,1.0,Choque,no mantener distancia de seguridad,1901_0_25,15.0,0.0
Valle del Cauca,2019-10-08 19:19:00,58,900.0,2019-08-28 05:00:00,miercoles,20,Normal,Seca y limpia,Plano,Media Ladera Derecha,Curva Izquierda,Transito normal con precaución,19,50,1,0,2.0,Choque,condiciones de la via y factores ambientales,1901_0_58,19.0,0.0
Valle del Cauca,2019-10-08 19:52:00,26,900.0,2019-08-04 05:00:00,domingo,5,Lluvia,Humeda,Ondulado,Media ladera Izquierda,Curva Derecha,Transito normal con precaución,13,25,0,0,0.0,Choque,condiciones de la via y factores ambientales,4001_2_26,8.0,5.0