territorial,fecha_registro,pr,distancia_pr,fecha_acc,dia_semana_acc,min_acc,condic_meteor,estado_super,terreno,secc_tip,geometria_acc,tipo_cierre,horas_cierre,min_cierre,n_heridos,n_muertos,n_victimas,clase_accidente,causa_posible,ref_loc,hora_acc,duracion_cierre_horas
Valle del Cauca,2019-10-08 19:52:00,52,200.0,2019-08-13 05:00:00,martes,10,Sol,Seca y limpia,Ondulado,Media ladera Izquierda,Recta,Transito normal con precaución,5,30,0,0,0.0,Choque,exceso en horas de conduccion,4001_2_52,5.0,0.0
Valle del Cauca,2019-10-08 19:52:00,52,200.0,2019-08-18 05:00:00,domingo,20,Sol,Seca y limpia,Ondulado,Media ladera Izquierda,Recta,Transito normal con precaución,10,40,0,0,0.0,Choque,no mantener distancia de seguridad,4001_2_52,10.0,0.0
Valle del Cauca,2019-10-08 19:52:00,22,0.0,2019-08-22 05:00:00,jueves,5,Lluvia,Humeda,Ondulado,Media ladera Izquierda,Recta,Transito normal con precaución,1,0,0,0,0.0,Volcamiento,fallas mecanicas y del sistema electrico,4001_2_22,0.0,1.0
Valle del Cauca,2019-10-08 19:52:00,54,500.0,2019-08-30 05:00:00,viernes,50,Sol,Seca y limpia,Ondulado,Media ladera Izquierda,Recta,Transito normal con precaución,8,30,0,0,0.0,Choque,otra - conductor en general,4001_1_54,7.0,1.0
Valle del Cauca,2019-10-08 20:38:00,61,500.0,2019-08-03 05:00:00,sabado,50,Sol,Seca y limpia,Ondulado,Media ladera Izquierda,Curva Izquierda,Transito normal con precaución,23,5,0,0,0.0,Choque,otra - conductor en general,4001_1_61,22.0,1.0
Valle del Cauca,2019-10-08 20:38:00,28,400.0,2019-08-12 05:00:00,lunes,10,Sol,Humeda,Ondulado,Media ladera Izquierda,Curva Derecha,Transito normal con precaución,13,40,0,0,0.0,Choque,otra - conductor en general,4001_2_28,13.0,0.0
Risaralda,2019-10-08 23:06:00,1,700.0,2019-08-18 05:00:00,domingo,50,Normal,Seca y limpia,Ondulado,Media Ladera Derecha,Curva Derecha,Transito normal con precaución,18,50,2,0,2.0,Choque,maniobras imprudentes,50RS01_1_1,18.0,0.0
Risaralda,2019-10-08 23:12:00,58,755.0,2019-08-03 05:00:00,sabado,20,Normal,Seca y limpia,Ondulado,Terraplen,Recta,Parcial con paso alternado,17,20,1,0,1.0,Choque,impericia en el manejo,5003_0_58,17.0,0.0
Risaralda,2019-10-08 23:17:00,46,290.0,2019-08-08 05:00:00,jueves,30,Normal,Seca y limpia,Montañoso,Media ladera Izquierda,Recta,Parcial con paso alternado,20,30,0,0,0.0,Incendio,fallas mecanicas y del sistema electrico,5003_0_46,20.0,0.0
Santander,2019-10-09 19:15:00,64,295.0,2019-07-02 05:00:00,martes,30,Seca,Seca y limpia,Plano,Terraplen,Recta,Transito normal con precaución,0,0,0,0,0.0,Choque,condiciones de la via y factores ambientales,6402_0_64,19.0,5.0
Santander,2019-10-09 19:29:00,4,950.0,2019-07-06 05:00:00,sabado,10,Seca,Seca y limpia,Ondulado,Cajón,Curva Izquierda,Transito normal con precaución,0,10,0,0,1.0,Choque,adelantamientos indebidos,6403_0_4,16.0,8.0
Santander,2019-10-09 20:04:00,56,0.0,2019-07-16 05:00:00,martes,0,Seca,Seca y limpia,Plano,Terraplen,Recta,Transito normal con precaución,0,0,1,0,1.0,Volcamiento,fallas mecanicas y del sistema electrico,6402_0_56,8.0,16.0
Santander,2019-10-09 20:07:00,63,310.0,2019-08-08 05:00:00,jueves,51,Normal,Seca y limpia,Ondulado,Media ladera Izquierda,Curva Izquierda,Transito normal con precaución,0,0,2,0,2.0,Atropello,conducta de peatones,6402_0_63,21.0,3.0
Norte de Santander,2019-10-10 22:47:00,41,286.0,2019-08-13 05:00:00,martes,40,Sol,Material suelto,Montañoso,Media Ladera Derecha,Curva Izquierda,Transito normal con precaución,0,20,1,0,1.0,Choque,impericia en el manejo,5505_1_41,9.0,15.0
Planta Central,2019-10-10 23:13:00,65,650.0,2019-08-25 05:00:00,domingo,20,Normal,Seca y limpia,Ondulado,Terraplen,Recta,Transito normal con precaución,0,0,0,0,0.0,Choque,no mantener distancia de seguridad,4511_1_65,15.0,9.0
Planta Central,2019-10-10 23:33:00,77,640.0,2019-08-24 05:00:00,sabado,0,Normal,Seca y limpia,Ondulado,Terraplen,Recta,Transito normal con precaución,0,0,0,0,0.0,Salida de la vía sin volcarse,fallas mecanicas y del sistema electrico,4511_1_77,14.0,10.0
Planta Central,2019-10-10 23:50:00,86,20.0,2019-08-30 05:00:00,viernes,30,Normal,Seca y limpia,Plano,Terraplen,Recta,Transito normal con precaución,0,0,1,0,1.0,Volcamiento,exceso en horas de conduccion,4511_1_86,7.0,17.0
Norte de Santander,2019-10-11 12:49:00,24,393.0,2019-08-09 05:00:00,viernes,20,Sol,Seca y limpia,Montañoso,Media Ladera Derecha,Recta,Transito normal con precaución,0,15,0,0,0.0,Choque,estacionamiento y senalizacion imprudente,5505_1_24,12.0,12.0
Norte de Santander,2019-10-11 13:01:00,30,330.0,2019-08-10 05:00:00,sabado,0,Normal,Seca y limpia,Montañoso,Media Ladera Derecha,Curva Derecha,Transito normal con precaución,0,15,0,0,0.0,Choque,impericia en el manejo,5505_1_30,1.0,23.0
Norte de Santander,2019-10-11 13:07:00,26,850.0,2019-08-18 05:00:00,domingo,0,Normal,Seca y limpia,Montañoso,Media Ladera Derecha,Curva Izquierda,Cierre total,6,30,0,0,0.0,Choque,embriaguez o sustancias alucinogenas,5505_1_26,5.0,1.0
Norte de Santander,2019-10-11 14:06:00,26,492.0,2019-08-19 05:00:00,lunes,0,Normal,Seca y limpia,Montañoso,Media Ladera Derecha,Curva Izquierda,Transito normal con precaución,0,15,0,1,2.0,Choque,embriaguez o sustancias alucinogenas,5505_1_26,19.0,5.0
Planta Central,2019-10-11 14:21:00,89,300.0,2019-08-21 05:00:00,miercoles,50,Normal,Seca y limpia,Plano,Terraplen,Recta,Transito normal con precaución,0,0,0,0,0.0,Choque,no mantener distancia de seguridad,4511_1_89,4.0,20.0
Planta Central,2019-10-11 15:13:00,119,300.0,2019-08-05 05:00:00,lunes,0,Normal,Seca y limpia,Ondulado,Terraplen,Recta,Transito normal con precaución,0,0,0,0,0.0,Choque,maniobras imprudentes,4511_1_119,8.0,16.0
Planta Central,2019-10-11 15:19:00,5,500.0,2019-08-10 05:00:00,sabado,40,Normal,Seca y limpia,Ondulado,Terraplen,Recta,Transito normal con precaución,0,0,0,0,0.0,Choque,exceso en horas de conduccion,4513_1_5,20.0,4.0
Planta Central,2019-10-11 15:26:00,5,500.0,2019-08-12 05:00:00,lunes,10,Normal,Seca y limpia,Ondulado,Terraplen,Recta,Transito normal con precaución,0,0,0,0,0.0,Choque,estacionamiento y senalizacion imprudente,4513_1_5,22.0,2.0
Planta Central,2019-10-11 15:52:00,6,700.0,2019-08-07 05:00:00,miercoles,30,Normal,Seca y limpia,Plano,Terraplen,Curva Derecha,Transito normal con precaución,0,0,1,0,1.0,Choque,condiciones de la via y factores ambientales,4513_2_6,16.0,8.0
Planta Central,2019-10-11 15:59:00,11,750.0,2019-08-03 05:00:00,sabado,30,Lluvia,Humeda,Plano,Terraplen,Recta,Transito normal con precaución,0,0,0,1,1.0,Choque,otra - conductor en general,4513_1_11,17.0,7.0
Planta Central,2019-10-11 16:08:00,28,0.0,2019-08-11 05:00:00,domingo,30,Lluvia,Humeda,Plano,Terraplen,Recta,Transito normal con precaución,0,0,0,0,0.0,Choque,estacionamiento y senalizacion imprudente,4513_1_28,19.0,5.0
Planta Central,2019-10-11 16:11:00,32,200.0,2019-08-03 05:00:00,sabado,0,Lluvia,Humeda,Plano,Terraplen,Recta,Transito normal con precaución,0,0,0,0,0.0,Choque,condiciones de la via y factores ambientales,4513_1_32,1.0,23.0
Planta Central,2019-10-11 16:14:00,33,310.0,2019-08-17 05:00:00,sabado,30,Lluvia,Humeda,Plano,Terraplen,Recta,Transito normal con precaución,0,0,0,0,0.0,Choque,fallas mecanicas y del sistema electrico,4513_1_33,0.0,0.0
Planta Central,2019-10-11 16:30:00,45,830.0,2019-08-30 05:00:00,viernes,0,Normal,Seca y limpia,Plano,Terraplen,Curva Derecha,Transito normal con precaución,0,0,1,0,1.0,Volcamiento,exceso de velocidad,4513_1_45,10.0,14.0
Planta Central,2019-10-11 16:35:00,51,0.0,2019-08-04 05:00:00,domingo,0,Normal,Seca y limpia,Plano,Terraplen,Curva Derecha,Transito normal con precaución,0,0,0,0,0.0,Choque,maniobras imprudentes,4513_1_51,11.0,13.0
Planta Central,2019-10-11 16:42:00,59,50.0,2019-08-28 05:00:00,miercoles,15,Normal,Seca y limpia,Plano,Terraplen,Recta,Transito normal con precaución,0,0,1,0,1.0,Atropello,conducta de peatones,4513_1_59,12.0,12.0
Planta Central,2019-10-11 16:54:00,65,550.0,2019-08-25 05:00:00,domingo,45,Lluvia,Humeda,Plano,Terraplen,Recta,Transito normal con precaución,0,0,0,0,0.0,Choque,condiciones de la via y factores ambientales,4513_1_65,1.0,23.0
Planta Central,2019-10-11 16:57:00,69,0.0,2019-08-13 05:00:00,martes,10,Normal,Seca y limpia,Plano,Terraplen,Recta,Transito normal con precaución,0,0,0,3,3.0,Volcamiento,maniobras imprudentes,4513_1_69,10.0,14.0
Planta Central,2019-10-11 17:01:00,76,300.0,2019-08-22 05:00:00,jueves,15,Normal,Seca y limpia,Plano,Terraplen,Recta,Transito normal con precaución,0,0,1,0,1.0,Choque,no mantener distancia de seguridad,4513_1_76,8.0,16.0
Planta Central,2019-10-11 17:08:00,80,700.0,2019-08-03 05:00:00,sabado,30,Normal,Seca y limpia,Plano,Terraplen,Recta,Transito normal con precaución,0,0,0,0,0.0,Choque,condiciones de la via y factores ambientales,4513_1_80,20.0,4.0
Planta Central,2019-10-11 17:10:00,85,350.0,2019-08-13 05:00:00,martes,20,Lluvia,Humeda,Plano,Terraplen,Recta,Transito normal con precaución,0,0,0,0,0.0,Choque,no mantener distancia de seguridad,4513_1_85,16.0,8.0
Risaralda,2019-10-30 17:28:00,1,370.0,2019-09-21 05:00:00,sabado,38,Normal,Seca y limpia,Plano,Terraplen,Recta,Transito normal con precaución,12,38,0,0,0.0,Choque,adelantamientos indebidos,2902_1_1,12.0,0.0
Planta Central,2019-10-11 17:12:00,85,800.0,2019-08-13 05:00:00,martes,30,Lluvia,Humeda,Plano,Terraplen,Recta,Transito normal con precaución,0,0,0,0,0.0,Choque,no mantener distancia de seguridad,4513_1_85,16.0,8.0
Planta Central,2019-10-11 17:17:00,87,419.0,2019-08-12 05:00:00,lunes,15,Normal,Seca y limpia,Plano,Terraplen,Curva Derecha,Transito normal con precaución,0,0,0,1,1.0,Choque,otra - conductor en general,4513_1_87,14.0,10.0
Caldas,2019-10-11 21:29:00,7,300.0,2019-08-07 05:00:00,miercoles,0,Normal,Seca y limpia,Montañoso,Media Ladera Derecha,Curva Derecha,Parcial con reducción de carriles,10,40,1,0,1.0,Caída ocupante,otra - pasajero o acompanante,2508_1_7,10.0,0.0
Caldas,2019-10-11 21:33:00,27,700.0,2019-08-16 05:00:00,viernes,0,Lluvia,Humeda,Montañoso,Media ladera Izquierda,Curva Izquierda,Parcial con reducción de carriles,22,30,0,0,0.0,Choque,otra - pasajero o acompanante,2508_1_27,22.0,0.0
Caldas,2019-10-11 21:46:00,10,900.0,2019-08-22 05:00:00,jueves,0,Normal,Seca y limpia,Montañoso,Media Ladera Derecha,Curva Izquierda,Transito normal con precaución,20,30,0,0,0.0,Choque,otra - pasajero o acompanante,2508_1_10,20.0,0.0
Caldas,2019-10-11 21:46:00,10,900.0,2019-08-22 05:00:00,jueves,0,Normal,Seca y limpia,Montañoso,Media Ladera Derecha,Curva Izquierda,Transito normal con precaución,20,30,0,0,0.0,Choque,otra - pasajero o acompanante,2508_1_10,20.0,0.0
Caldas,2019-10-11 21:43:00,17,370.0,2019-08-22 05:00:00,jueves,0,Normal,Seca y limpia,Montañoso,Media Ladera Derecha,Recta,Parcial con reducción de carriles,19,30,0,0,0.0,Choque,otra - pasajero o acompanante,2508_1_17,19.0,0.0
Caldas,2019-10-11 21:54:00,3,640.0,2019-08-08 05:00:00,jueves,30,Normal,Seca y limpia,Montañoso,Media ladera Izquierda,Curva Izquierda,Transito normal con precaución,22,30,1,0,1.0,Choque,otra - pasajero o acompanante,2508_1_3,22.0,0.0
Caldas,2019-10-11 22:00:00,4,450.0,2019-08-06 05:00:00,martes,10,Normal,Seca y limpia,Montañoso,Media ladera Izquierda,Recta,Transito normal con precaución,19,10,2,0,2.0,Choque,otra - pasajero o acompanante,2508_1_4,19.0,0.0
Caldas,2019-10-11 22:12:00,43,250.0,2019-08-17 05:00:00,sabado,20,Normal,Seca y limpia,Montañoso,Media ladera Izquierda,Curva Izquierda,Parcial con reducción de carriles,9,30,1,0,1.0,Choque,desobediencia a normas y senales,2902_1_43,9.0,0.0
Caldas,2019-10-11 22:16:00,30,30.0,2019-08-16 05:00:00,viernes,40,Normal,Seca y limpia,Montañoso,Media ladera Izquierda,Recta,Parcial con reducción de carriles,13,49,1,0,1.0,Choque,fallas mecanicas y del sistema electrico,2902_1_30,13.0,0.0
Caldas,2019-10-11 22:19:00,30,650.0,2019-08-17 05:00:00,sabado,30,Normal,Seca y limpia,Montañoso,Media ladera Izquierda,Curva Izquierda,Parcial con reducción de carriles,13,0,0,0,0.0,Choque,otra - pasajero o acompanante,2902_1_30,12.0,1.0
Caldas,2019-10-11 22:26:00,30,800.0,2019-08-16 05:00:00,viernes,20,Lluvia,Humeda,Montañoso,Media ladera Izquierda,Curva Izquierda,Parcial con reducción de carriles,22,58,0,0,0.0,Choque,otra - pasajero o acompanante,2902_1_30,22.0,0.0
Caldas,2019-10-11 22:38:00,40,0.0,2019-08-31 05:00:00,sabado,55,Normal,Seca y limpia,Montañoso,Media ladera Izquierda,Recta,Parcial con reducción de carriles,13,15,0,0,0.0,Choque,no mantener distancia de seguridad,2902_1_40,12.0,1.0
Caldas,2019-10-11 22:42:00,40,980.0,2019-08-05 05:00:00,lunes,40,Normal,Seca y limpia,Montañoso,Media ladera Izquierda,Recta,Parcial con reducción de carriles,8,10,1,1,3.0,Choque,desobediencia a normas y senales,2902_1_40,7.0,1.0
Caldas,2019-10-11 22:47:00,43,0.0,2019-08-27 05:00:00,martes,15,Normal,Seca y limpia,Montañoso,Media ladera Izquierda,Recta,Parcial con reducción de carriles,16,20,0,0,0.0,Choque,no mantener distancia de seguridad,2902_1_43,15.0,1.0
Caldas,2019-10-11 22:51:00,43,800.0,2019-08-31 05:00:00,sabado,45,Normal,Seca y limpia,Montañoso,Media ladera Izquierda,Curva Derecha,Parcial con reducción de carriles,22,55,1,0,1.0,Caída ocupante,otra - pasajero o acompanante,2902_1_43,22.0,0.0
Caldas,2019-10-11 22:54:00,43,750.0,2019-08-28 05:00:00,miercoles,10,Normal,Seca y limpia,Montañoso,Media ladera Izquierda,Curva Izquierda,Parcial con reducción de carriles,19,50,0,0,0.0,Choque,no mantener distancia de seguridad,2902_1_43,19.0,0.0
Quindío,2019-10-12 13:06:00,5,890.0,2019-09-28 05:00:00,sabado,40,Lluvia,Humeda,Plano,Terraplen,Recta,Transito normal con precaución,2,40,0,1,1.0,Choque,exceso de velocidad,40QN05_0_5,2.0,0.0
Quindío,2019-10-12 13:06:00,42,276.0,2019-09-05 05:00:00,jueves,50,Seca,Seca y limpia,Plano,Terraplen,Recta,Cierre total,4,50,1,0,1.0,Choque,condiciones de la via y factores ambientales,4002_1_42,4.0,0.0
Quindío,2019-10-12 13:06:00,12,240.0,2019-09-03 05:00:00,martes,0,Lluvia,Humeda,Plano,Terraplen,Recta,Parcial con reducción de carriles,20,0,3,0,5.0,Volcamiento,condiciones de la via y factores ambientales,2901B_1_12,20.0,0.0
Quindío,2019-10-12 14:05:00,1,305.0,2019-08-19 05:00:00,lunes,30,Seca,Aceite,Plano,Terraplen,Recta,Parcial con reducción de carriles,10,30,1,0,1.0,Volcamiento,condiciones de la via y factores ambientales,4003_1_1,10.0,0.0
Quindío,2019-10-12 14:20:00,3,730.0,2019-10-08 05:00:00,martes,0,Seca,Seca y limpia,Plano,Terraplen,Curva Izquierda,Transito normal con precaución,10,0,1,0,1.0,Choque,adelantamientos indebidos,2901B_1_3,10.0,0.0
Cauca,2019-10-12 16:18:00,0,385.0,2019-10-10 05:00:00,jueves,30,Normal,Humeda,Ondulado,Media Ladera Derecha,Curva Derecha,Transito normal con precaución,15,35,3,0,3.0,Salida de la vía sin volcarse,fallas mecanicas y del sistema electrico,1203_0_0,15.0,0.0
Putumayo,2019-10-14 22:58:00,69,800.0,2019-08-14 05:00:00,miercoles,30,Lluvia,Humeda,Plano,Terraplen,Curva Izquierda,Transito normal con precaución,16,30,1,0,1.0,Choque,condiciones de la via y factores ambientales,1003_1_69,16.0,0.0
Putumayo,2019-10-14 23:10:00,90,600.0,2019-08-29 05:00:00,jueves,0,Lluvia,Humeda,Ondulado,Media ladera Izquierda,Recta,Parcial restringido a vehiculos pesados,7,30,0,0,0.0,No determinado,condiciones de la via y factores ambientales,1003_1_90,2.0,5.0
Putumayo,2019-10-14 23:15:00,58,23.0,2019-08-10 05:00:00,sabado,40,Lluvia,Humeda,Plano,Terraplen,Recta,Parcial con paso alternado,3,10,0,1,1.0,Atropello,maniobras imprudentes,1003_1_58,2.0,1.0
Putumayo,2019-10-14 23:34:00,65,300.0,2019-08-30 05:00:00,viernes,3,Sol,Seca y limpia,Plano,Terraplen,Recta,Parcial con paso alternado,16,50,1,0,1.0,Choque,exceso de velocidad,1003_1_65,16.0,0.0
Caquetá,2019-10-15 20:55:00,32,940.0,2019-10-09 05:00:00,miercoles,30,Sol,Seca y limpia,Ondulado,Media ladera Izquierda,Curva Derecha,Transito normal con precaución,12,30,17,0,17.0,Choque,fallas mecanicas y del sistema electrico,6502_1_32,12.0,0.0
Caquetá,2019-10-15 21:01:00,56,400.0,2019-10-01 05:00:00,martes,30,Sol,Seca y limpia,Ondulado,Terraplen,Recta,Transito normal con precaución,10,30,5,0,5.0,Choque,impericia en el manejo,6502_1_56,10.0,0.0
Sucre,2019-10-15 22:15:00,60,270.0,2019-08-21 05:00:00,miercoles,0,Lluvia,Humeda,Plano,Terraplen,Curva Izquierda,Transito normal con precaución,0,0,0,0,0.0,Choque,condiciones de la via y factores ambientales,7404_0_60,4.0,20.0
Putumayo,2019-10-16 16:12:00,79,140.0,2019-05-05 05:00:00,domingo,50,Normal,Seca y limpia,Ondulado,Terraplen,Recta,Transito normal con precaución,17,50,0,0,3.0,Choque,embriaguez o sustancias alucinogenas,4501_1_79,17.0,0.0
Putumayo,2019-10-16 16:39:00,102,500.0,2019-08-02 05:00:00,viernes,0,Sol,Seca y limpia,Plano,Terraplen,Curva Izquierda,Transito normal con precaución,17,0,2,2,4.0,Choque,exceso de velocidad,4501_1_102,17.0,0.0
Quindío,2019-10-16 18:48:00,5,900.0,2019-09-16 05:00:00,lunes,45,Normal,Seca y limpia,Plano,Terraplen,Recta,Parcial con paso alternado,18,45,0,0,0.0,Choque,no mantener distancia de seguridad,40QN05_0_5,18.0,0.0
Putumayo,2019-10-16 19:50:00,96,700.0,2019-08-14 05:00:00,miercoles,10,Sol,Seca y limpia,Ondulado,Cajón,Recta,Transito normal con precaución,7,10,16,0,20.0,Choque,exceso en horas de conduccion,4501_1_96,7.0,0.0
Quindío,2019-10-16 19:55:00,12,250.0,2019-09-03 05:00:00,martes,0,Normal,Seca y limpia,Plano,Terraplen,Recta,Parcial con paso alternado,20,0,0,0,0.0,Volcamiento,condiciones de la via y factores ambientales,2901B_1_12,20.0,0.0
Putumayo,2019-10-16 20:03:00,19,0.0,2019-08-14 05:00:00,miercoles,0,Sol,Seca y limpia,Ondulado,Media Ladera Derecha,Recta,Transito normal con precaución,7,0,1,0,1.0,Salida de la vía sin volcarse,fallas mecanicas y del sistema electrico,4501_1_19,7.0,0.0
Putumayo,2019-10-16 20:28:00,63,0.0,2019-08-14 05:00:00,miercoles,30,Sol,Material suelto,Ondulado,Terraplen,Recta,Transito normal con precaución,9,30,1,0,1.0,Atropello,no mantener distancia de seguridad,4501_1_63,9.0,0.0
Putumayo,2019-10-16 20:43:00,14,350.0,2019-08-14 05:00:00,miercoles,31,Sol,Seca y limpia,Plano,Terraplen,Curva Derecha,Transito normal con precaución,17,31,0,0,2.0,Choque,impericia en el manejo,4501_1_14,17.0,0.0
Putumayo,2019-10-16 21:02:00,76,800.0,2019-08-18 05:00:00,domingo,45,Normal,Seca y limpia,Plano,Terraplen,Recta,Transito normal con precaución,7,45,0,0,2.0,Choque,embriaguez o sustancias alucinogenas,4501_1_76,7.0,0.0
Putumayo,2019-10-16 21:09:00,7,200.0,2019-08-24 05:00:00,sabado,0,Lluvia,Humeda,Plano,Terraplen,Curva Derecha,Transito normal con precaución,7,0,1,0,1.0,Salida de la vía sin volcarse,fallas mecanicas y del sistema electrico,4501_1_7,7.0,0.0
Tolima,2019-10-22 13:27:00,43,9.45,2019-09-17 05:00:00,martes,30,Seca,Seca y limpia,Plano,Terraplen,Recta,Transito normal con precaución,21,55,1,0,1.0,Choque,embriaguez o sustancias alucinogenas,4507_1_43,21.0,0.0
Putumayo,2019-10-16 21:30:00,25,200.0,2019-08-26 05:00:00,lunes,40,Sol,Seca y limpia,Ondulado,Terraplen,Curva Izquierda,Transito normal con precaución,13,40,1,0,3.0,Choque,exceso de velocidad,4501_1_25,13.0,0.0
Putumayo,2019-10-16 21:50:00,14,300.0,2019-08-31 05:00:00,sabado,0,Sol,Seca y limpia,Plano,Terraplen,Curva Derecha,Transito normal con precaución,15,0,0,1,2.0,Choque,exceso de velocidad,4501_1_14,15.0,0.0
Norte de Santander,2019-10-16 22:56:00,112,520.0,2019-08-15 05:00:00,jueves,5,Normal,Seca y limpia,Escarpado,Media Ladera Derecha,Curva Izquierda,Transito normal con precaución,0,0,0,0,0.0,Choque,adelantamientos indebidos,7008_1_112,16.0,8.0
Norte de Santander,2019-10-16 23:03:00,40,153.0,2019-08-22 05:00:00,jueves,30,Normal,Seca y limpia,Montañoso,Media Ladera Derecha,Curva Derecha,Cierre total,3,0,0,0,0.0,Choque,fallas mecanicas y del sistema electrico,7009_0_40,13.0,14.0
Norte de Santander,2019-10-16 23:17:00,16,190.0,2019-08-24 05:00:00,sabado,30,Normal,Seca y limpia,Montañoso,Media Ladera Derecha,Recta,Transito normal con precaución,0,30,0,0,0.0,Choque,maniobras imprudentes,7009_0_16,18.0,6.0
Norte de Santander,2019-10-16 23:21:00,1,490.0,2019-08-26 05:00:00,lunes,20,Normal,Seca y limpia,Ondulado,Media Ladera Derecha,Curva Derecha,Transito normal con precaución,0,0,1,0,1.0,Choque,estacionamiento y senalizacion imprudente,7009_0_1,18.0,6.0
Norte de Santander,2019-10-16 23:29:00,55,550.0,2019-08-28 05:00:00,miercoles,0,Normal,Seca y limpia,Montañoso,Media ladera Izquierda,Curva Izquierda,Parcial con reducción de carriles,1,0,1,0,1.0,Choque,adelantamientos indebidos,7009_0_55,10.0,15.0
Caquetá,2019-10-21 19:35:00,57,920.0,2019-10-07 05:00:00,lunes,45,Seca,Seca y limpia,Ondulado,Media ladera Izquierda,Curva Izquierda,Transito normal con precaución,10,45,3,0,3.0,Choque,maniobras imprudentes,6502_1_57,10.0,0.0
Cauca,2019-10-21 20:28:00,70,600.0,2019-09-01 05:00:00,domingo,20,Normal,Seca y limpia,Montañoso,Media Ladera Derecha,Curva Izquierda,Cierre total,2,0,0,0,0.0,Volcamiento,condiciones de la via y factores ambientales,2602_0_70,6.0,20.0
Cauca,2019-10-21 20:28:00,0,300.0,2019-09-01 05:00:00,domingo,0,Normal,Seca y limpia,Montañoso,Terraplen,Recta,Cierre total,2,0,3,0,3.0,Choque,embriaguez o sustancias alucinogenas,2602_0_0,9.0,17.0
Cauca,2019-10-21 20:55:00,99,60.0,2019-09-14 05:00:00,sabado,10,Normal,Humeda,Montañoso,Media ladera Izquierda,Recta,Transito normal con precaución,3,0,0,0,0.0,Choque,embriaguez o sustancias alucinogenas,2602_0_99,8.0,19.0
Cauca,2019-10-21 20:55:00,4,600.0,2019-09-29 05:00:00,domingo,30,Normal,Seca y limpia,Montañoso,Terraplen,Curva Izquierda,Transito normal con precaución,2,0,0,0,0.0,Salida de la vía sin volcarse,maniobras imprudentes,26CC07_0_4,8.0,18.0
Tolima,2019-10-21 22:32:00,43,1507.67,2019-09-22 05:00:00,domingo,30,Seca,Seca y limpia,Plano,Terraplen,Recta,Transito normal con precaución,21,30,1,0,1.0,Choque,embriaguez o sustancias alucinogenas,4507_2_43,21.0,0.0
Tolima,2019-10-22 14:55:00,43,880.0,2019-09-22 05:00:00,domingo,50,Seca,Seca y limpia,Plano,Terraplen,Recta,Transito normal con precaución,21,0,0,0,0.0,Choque,fallas mecanicas y del sistema electrico,4507_1_43,20.0,1.0
Risaralda,2019-10-22 18:39:00,1,400.0,2019-08-13 05:00:00,martes,15,Normal,Seca y limpia,Plano,Terraplen,Curva Izquierda,Transito normal con precaución,12,15,0,0,0.0,Choque,no mantener distancia de seguridad,2507_1_1,12.0,0.0
Risaralda,2019-10-22 18:46:00,4,120.0,2019-08-15 05:00:00,jueves,10,Normal,Seca y limpia,Montañoso,Media ladera Izquierda,Recta,Transito normal con precaución,1,10,0,0,0.0,Choque,otra - conductor en general,29RSC_1_4,1.0,0.0
Risaralda,2019-10-22 19:08:00,5,150.0,2019-08-16 05:00:00,viernes,10,Normal,Seca y limpia,Plano,Terraplen,Recta,Transito normal con precaución,21,10,0,0,0.0,Choque,no mantener distancia de seguridad,2507_1_5,21.0,0.0
Risaralda,2019-10-22 19:36:00,6,650.0,2019-08-28 05:00:00,miercoles,15,Normal,Seca y limpia,Montañoso,Terraplen,Recta,Transito normal con precaución,16,15,0,0,0.0,Choque,otra - conductor en general,2507_1_6,16.0,0.0
Risaralda,2019-10-22 19:13:00,3,400.0,2019-08-19 05:00:00,lunes,30,Normal,Seca y limpia,Plano,Terraplen,Recta,Transito normal con precaución,19,30,0,0,0.0,Choque,no mantener distancia de seguridad,2507_1_3,19.0,0.0
Risaralda,2019-10-22 19:19:00,0,0.0,2019-08-24 05:00:00,sabado,56,Normal,Seca y limpia,Plano,Terraplen,Recta,Transito normal con precaución,10,56,0,0,0.0,Choque,no mantener distancia de seguridad,29RSA_2_0,10.0,0.0
Caquetá,2019-10-22 19:17:00,16,420.0,2019-10-19 05:00:00,sabado,30,Sol,Seca y limpia,Ondulado,Media Ladera Derecha,Curva Izquierda,Transito normal con precaución,14,30,0,0,1.0,Choque,exceso de velocidad,6502_1_16,14.0,0.0
Risaralda,2019-10-22 19:25:00,1,441.0,2019-08-27 05:00:00,martes,50,Normal,Seca y limpia,Plano,Terraplen,Recta,Transito normal con precaución,12,50,0,0,0.0,Choque,no mantener distancia de seguridad,29RSC_1_1,12.0,0.0
Antioquia,2019-10-22 19:40:00,49,500.0,2019-09-17 05:00:00,martes,9,Normal,Seca y limpia,Plano,Media Ladera Derecha,Recta,Transito normal con precaución,0,30,0,0,0.0,Choque,otra - conductor en general,5601_1_49,17.0,7.0
Antioquia,2019-10-22 19:45:00,50,260.0,2019-09-07 05:00:00,sabado,30,Normal,Seca y limpia,Ondulado,Media Ladera Derecha,Curva Derecha,Transito normal con precaución,0,20,1,0,1.0,Choque,maniobras imprudentes,5601_1_50,20.0,4.0