territorial,fecha_registro,pr,distancia_pr,fecha_acc,dia_semana_acc,min_acc,condic_meteor,estado_super,terreno,secc_tip,geometria_acc,tipo_cierre,horas_cierre,min_cierre,n_heridos,n_muertos,n_victimas,clase_accidente,causa_posible,ref_loc,hora_acc,duracion_cierre_horas
Antioquia,2019-10-22 19:51:00,100,901.0,2019-09-26 05:00:00,jueves,15,Normal,Seca y limpia,Montañoso,Media Ladera Derecha,Curva Derecha,Transito normal con precaución,0,20,1,0,1.0,Choque,maniobras imprudentes,5601_1_100,18.0,6.0
Risaralda,2019-10-23 13:57:00,0,0.0,2019-08-31 05:00:00,sabado,0,Normal,Seca y limpia,Plano,Terraplen,Recta,Transito normal con precaución,18,0,0,0,0.0,Choque,no mantener distancia de seguridad,29RSA_1_0,18.0,0.0
Cesar,2019-10-23 14:08:00,82,0.0,2019-09-03 05:00:00,martes,20,Normal,Seca y limpia,Plano,Terraplen,Recta,Transito normal con precaución,0,0,0,0,0.0,Choque,condiciones de la via y factores ambientales,4901_1_82,2.0,22.0
Cesar,2019-10-23 14:13:00,126,600.0,2019-09-04 05:00:00,miercoles,40,Normal,Seca y limpia,Plano,Terraplen,Recta,Transito normal con precaución,0,0,0,1,1.0,Choque,maniobras imprudentes,4901_1_126,16.0,8.0
Casanare,2019-10-23 14:12:00,26,100.0,2019-09-04 05:00:00,miercoles,0,Normal,Seca y limpia,Ondulado,Media Ladera Derecha,Curva Izquierda,Transito normal con precaución,0,0,0,0,0.0,Volcamiento,otra - conductor en general,6211_1_26,4.0,20.0
Cesar,2019-10-23 14:20:00,2,200.0,2019-09-25 05:00:00,miercoles,0,Normal,Seca y limpia,Plano,Terraplen,Recta,Transito normal con precaución,0,0,0,0,0.0,Choque,no mantener distancia de seguridad,8004_1_2,16.0,8.0
Cesar,2019-10-23 14:24:00,10,0.0,2019-09-25 05:00:00,miercoles,40,Normal,Seca y limpia,Plano,Terraplen,Recta,Transito normal con precaución,0,0,0,0,2.0,Choque,no mantener distancia de seguridad,8004_1_10,19.0,5.0
Casanare,2019-10-23 14:26:00,30,600.0,2019-09-07 05:00:00,sabado,0,Normal,Seca y limpia,Montañoso,Media Ladera Derecha,Curva Derecha,Transito normal con precaución,0,0,0,0,0.0,Volcamiento,otra - conductor en general,6211_1_30,18.0,6.0
Cesar,2019-10-23 14:28:00,36,0.0,2019-09-28 05:00:00,sabado,0,Normal,Seca y limpia,Plano,Terraplen,Recta,Transito normal con precaución,0,0,0,0,0.0,Choque,condiciones de la via y factores ambientales,4901_1_36,1.0,23.0
Casanare,2019-10-23 14:29:00,23,800.0,2019-09-11 05:00:00,miercoles,0,Normal,Seca y limpia,Montañoso,Media ladera Izquierda,Curva Izquierda,Transito normal con precaución,0,0,0,0,0.0,Choque,otra - conductor en general,6211_1_23,17.0,7.0
Casanare,2019-10-23 14:46:00,25,720.0,2019-09-21 05:00:00,sabado,10,Lluvia,Humeda,Ondulado,Media Ladera Derecha,Recta,Transito normal con precaución,0,0,0,0,0.0,Volcamiento,condiciones de la via y factores ambientales,6211_1_25,3.0,21.0
Meta,2019-10-23 14:49:00,66,700.0,2019-08-11 05:00:00,domingo,0,Normal,Seca y limpia,Plano,Terraplen,Recta,Transito normal con precaución,0,0,1,0,1.0,Volcamiento,otra - conductor en general,6507_0_66,11.0,13.0
Casanare,2019-10-23 14:59:00,74,980.0,2019-09-20 05:00:00,viernes,20,Lluvia,Humeda,Montañoso,Media ladera Izquierda,Curva Izquierda,Transito normal con precaución,0,0,4,0,4.0,Salida de la vía sin volcarse,otra - conductor en general,6211_1_74,15.0,9.0
Casanare,2019-10-23 15:02:00,56,600.0,2019-09-11 05:00:00,miercoles,15,Normal,Seca y limpia,Montañoso,Media Ladera Derecha,Curva Derecha,Transito normal con precaución,0,0,1,0,1.0,Choque,otra - conductor en general,6211_1_56,14.0,10.0
Casanare,2019-10-23 15:04:00,26,600.0,2019-09-23 05:00:00,lunes,30,Normal,Humeda,Ondulado,Media Ladera Derecha,Recta,Transito normal con precaución,0,0,0,0,0.0,Choque,adelantamientos indebidos,6211_1_26,10.0,14.0
Meta,2019-10-23 15:01:00,2,0.0,2019-08-16 05:00:00,viernes,35,Normal,Seca y limpia,Plano,Terraplen,Curva Izquierda,Transito normal con precaución,0,0,2,0,2.0,Choque,maniobras imprudentes,6507_0_2,16.0,8.0
Meta,2019-10-23 15:01:00,30,500.0,2019-02-02 05:00:00,sabado,30,Normal,Humeda,Plano,Terraplen,Recta,Transito normal con precaución,0,0,0,0,2.0,Atropello,condiciones de la via y factores ambientales,6507_0_30,5.0,19.0
Meta,2019-10-23 15:15:00,67,700.0,2019-08-23 05:00:00,viernes,30,Normal,Seca y limpia,Plano,Terraplen,Recta,Transito normal con precaución,0,0,1,0,1.0,Caída ocupante,condiciones de la via y factores ambientales,7506_1_67,11.0,13.0
Meta,2019-10-23 15:21:00,84,700.0,2019-08-23 05:00:00,viernes,30,Normal,Seca y limpia,Plano,Terraplen,Curva Derecha,Transito normal con precaución,0,0,0,0,0.0,Volcamiento,estacionamiento y senalizacion imprudente,6507_0_84,11.0,13.0
Cesar,2019-10-23 13:58:00,4,700.0,2019-09-01 05:00:00,domingo,0,Normal,Seca y limpia,Plano,Terraplen,Recta,Transito normal con precaución,0,0,0,0,0.0,Choque,condiciones de la via y factores ambientales,8004_1_4,1.0,23.0
Casanare,2019-10-23 14:38:00,65,980.0,2019-09-11 05:00:00,miercoles,30,Normal,Seca y limpia,Montañoso,Media Ladera Derecha,Curva Derecha,Transito normal con precaución,0,0,0,0,0.0,Volcamiento,otra - conductor en general,6211_1_65,6.0,18.0
Casanare,2019-10-23 19:04:00,22,200.0,2019-08-27 05:00:00,martes,30,Normal,Seca y limpia,Plano,Terraplen,Curva Izquierda,Parcial con reducción de carriles,15,30,0,0,0.0,Choque,maniobras imprudentes,6513_0_22,15.0,0.0
Casanare,2019-10-23 21:12:00,81,750.0,2019-07-22 05:00:00,lunes,45,Normal,Seca y limpia,Plano,Terraplen,Recta,Transito normal con precaución,0,50,0,0,0.0,Choque,fallas mecanicas y del sistema electrico,6513_0_81,10.0,14.0
Casanare,2019-10-23 21:48:00,40,900.0,2019-07-22 05:00:00,lunes,20,Lluvia,Humeda,Plano,Terraplen,Recta,Transito normal con precaución,0,0,0,0,0.0,Volcamiento,fallas mecanicas y del sistema electrico,6513_0_40,14.0,10.0
Casanare,2019-10-23 22:16:00,71,720.0,2019-07-26 05:00:00,viernes,40,Normal,Seca y limpia,Plano,Terraplen,Recta,Transito normal con precaución,0,0,0,0,0.0,Choque,no mantener distancia de seguridad,6513_0_71,9.0,15.0
Casanare,2019-10-23 22:35:00,57,520.0,2019-07-29 05:00:00,lunes,30,Normal,Seca y limpia,Plano,Terraplen,Recta,Transito normal con precaución,0,0,2,0,2.0,Choque,desobediencia a normas y senales,6513_0_57,16.0,8.0
Casanare,2019-10-23 22:48:00,45,800.0,2019-08-20 05:00:00,martes,0,Lluvia,Humeda,Plano,Terraplen,Recta,Parcial con reducción de carriles,17,0,0,0,0.0,Choque,condiciones de la via y factores ambientales,6513_0_45,17.0,0.0
Casanare,2019-10-23 22:56:00,70,0.0,2019-08-14 05:00:00,miercoles,40,Normal,Seca y limpia,Plano,Terraplen,Recta,Parcial con reducción de carriles,19,40,0,0,0.0,Choque,condiciones de la via y factores ambientales,6513_0_70,19.0,0.0
Casanare,2019-10-23 23:06:00,80,620.0,2019-08-14 05:00:00,miercoles,0,Normal,Seca y limpia,Plano,Terraplen,Recta,Parcial con reducción de carriles,7,0,0,0,0.0,Choque,condiciones de la via y factores ambientales,6513_0_80,7.0,0.0
Santander,2019-10-23 23:44:00,28,357.0,2019-09-09 05:00:00,lunes,20,Normal,Seca y limpia,Montañoso,Media Ladera Derecha,Curva Derecha,Parcial con reducción de carriles,8,50,0,1,1.0,Choque,adelantamientos indebidos,6208_1_28,7.0,1.0
Santander,2019-10-23 23:48:00,4,800.0,2019-09-26 05:00:00,jueves,0,Niebla,Humeda,Montañoso,Media ladera Izquierda,Curva Izquierda,Transito normal con precaución,1,0,1,0,1.0,Volcamiento,maniobras imprudentes,6208_1_4,5.0,20.0
Santander,2019-10-24 00:03:00,29,100.0,2019-09-29 05:00:00,domingo,30,Normal,Seca y limpia,Ondulado,Terraplen,Curva Izquierda,Transito normal con precaución,0,0,1,0,1.0,Volcamiento,embriaguez o sustancias alucinogenas,6207_1_29,19.0,5.0
Santander,2019-10-24 00:09:00,65,800.0,2019-09-02 05:00:00,lunes,10,Normal,Humeda,Montañoso,Media ladera Izquierda,Recta,Transito normal con precaución,0,0,1,0,1.0,Salida de la vía sin volcarse,maniobras imprudentes,6208_1_65,14.0,10.0
Santander,2019-10-24 00:13:00,0,600.0,2019-09-22 05:00:00,domingo,30,Normal,Seca y limpia,Plano,Terraplen,Recta,Transito normal con precaución,0,0,0,0,0.0,Choque,maniobras imprudentes,62STA_1_0,7.0,17.0
Santander,2019-10-24 00:22:00,1,250.0,2019-09-24 05:00:00,martes,40,Normal,Seca y limpia,Plano,Terraplen,Recta,Transito normal con precaución,0,0,1,0,1.0,Choque,conducta de peatones,62STA_1_1,13.0,11.0
Santander,2019-10-24 00:31:00,70,500.0,2019-09-29 05:00:00,domingo,50,Normal,Seca y limpia,Ondulado,Media Ladera Derecha,Curva Izquierda,Transito normal con precaución,1,0,1,0,1.0,Choque,conducta de peatones,6208_1_70,20.0,5.0
Casanare,2019-10-24 19:43:00,37,800.0,2019-08-01 05:00:00,jueves,0,Normal,Seca y limpia,Plano,Terraplen,Curva Izquierda,Parcial con reducción de carriles,3,0,0,0,0.0,Choque,condiciones de la via y factores ambientales,6513_0_37,3.0,0.0
Norte de Santander,2019-10-24 20:10:00,25,0.0,2019-09-14 05:00:00,sabado,20,Normal,Seca y limpia,Ondulado,Media ladera Izquierda,Curva Izquierda,Parcial con paso alternado,0,30,0,0,1.0,Choque,desobediencia a normas y senales,5507_0_25,18.0,6.0
Norte de Santander,2019-10-24 20:12:00,3,21.0,2019-09-12 05:00:00,jueves,9,Normal,Seca y limpia,Plano,Terraplen,Recta,Transito normal con precaución,0,0,2,0,2.0,Atropello,conducta de peatones,5507_0_3,17.0,7.0
Norte de Santander,2019-10-24 20:21:00,17,300.0,2019-09-04 05:00:00,miercoles,5,Normal,Seca y limpia,Plano,Terraplen,Recta,Transito normal con precaución,0,0,3,0,3.0,Choque,adelantamientos indebidos,5507_0_17,21.0,3.0
Norte de Santander,2019-10-24 20:26:00,3,270.0,2019-09-17 05:00:00,martes,45,Normal,Seca y limpia,Plano,Terraplen,Recta,Parcial con reducción de carriles,0,30,0,0,0.0,Choque,maniobras imprudentes,55NSA_1_3,13.0,11.0
Casanare,2019-10-24 19:55:00,22,300.0,2019-08-01 05:00:00,jueves,10,Lluvia,Humeda,Plano,Terraplen,Curva Izquierda,Cierre total por resolución,11,10,0,0,1.0,Choque,desobediencia a normas y senales,6513_0_22,11.0,0.0
Planta Central,2019-10-25 20:20:00,76,670.0,2019-09-06 05:00:00,viernes,5,Lluvia,Humeda,Plano,Terraplen,Recta,Transito normal con precaución,0,0,0,0,0.0,Choque,condiciones de la via y factores ambientales,4511_1_76,3.0,21.0
Planta Central,2019-10-25 20:24:00,80,120.0,2019-09-19 05:00:00,jueves,30,Normal,Seca y limpia,Plano,Terraplen,Recta,Transito normal con precaución,0,0,0,0,0.0,Choque,adelantamientos indebidos,4511_1_80,7.0,17.0
Planta Central,2019-10-25 20:29:00,86,0.0,2019-09-18 05:00:00,miercoles,30,Normal,Seca y limpia,Plano,Terraplen,Recta,Transito normal con precaución,0,0,0,0,0.0,Choque,estacionamiento y senalizacion imprudente,4511_1_86,14.0,10.0
Planta Central,2019-10-25 20:32:00,98,557.0,2019-09-11 05:00:00,miercoles,30,Normal,Seca y limpia,Plano,Terraplen,Recta,Transito normal con precaución,0,20,1,1,2.0,Choque,adelantamientos indebidos,4511_1_98,7.0,17.0
Planta Central,2019-10-25 20:35:00,102,450.0,2019-09-13 05:00:00,viernes,0,Normal,Seca y limpia,Plano,Terraplen,Recta,Transito normal con precaución,0,0,0,0,0.0,Choque,condiciones de la via y factores ambientales,4511_1_102,21.0,3.0
Planta Central,2019-10-25 20:42:00,128,400.0,2019-09-23 05:00:00,lunes,17,Normal,Seca y limpia,Plano,Terraplen,Recta,Transito normal con precaución,0,0,0,0,0.0,Choque,no mantener distancia de seguridad,4511_1_128,14.0,10.0
Planta Central,2019-10-25 20:45:00,130,650.0,2019-09-11 05:00:00,miercoles,35,Normal,Seca y limpia,Ondulado,Terraplen,Recta,Transito normal con precaución,0,0,0,0,0.0,Choque,condiciones de la via y factores ambientales,4511_1_130,3.0,21.0
Risaralda,2019-10-28 22:07:00,9,750.0,2019-09-11 05:00:00,miercoles,30,Normal,Seca y limpia,Ondulado,Media ladera Izquierda,Curva Derecha,Transito normal con precaución,14,30,0,0,0.0,Volcamiento,exceso de velocidad,50RS01_1_9,14.0,0.0
Norte de Santander,2019-10-28 22:35:00,22,560.0,2019-09-05 05:00:00,jueves,20,Sol,Seca y limpia,Montañoso,Cajón,Recta,Parcial con paso alternado,0,25,1,0,1.0,Choque,desobediencia a normas y senales,5505_1_22,12.0,12.0
Norte de Santander,2019-10-28 22:51:00,13,919.0,2019-09-15 05:00:00,domingo,41,Normal,Seca y limpia,Montañoso,Media ladera Izquierda,Recta,Transito normal con precaución,0,19,0,0,0.0,Choque,condiciones de la via y factores ambientales,5505_1_13,3.0,21.0
Caquetá,2019-10-28 22:52:00,57,540.0,2019-10-27 05:00:00,domingo,45,Seca,Seca y limpia,Plano,Terraplen,Recta,Transito normal con precaución,6,45,1,0,1.0,Choque,fallas mecanicas y del sistema electrico,6502_1_57,6.0,0.0
Planta Central,2019-10-29 15:40:00,5,800.0,2019-09-21 05:00:00,sabado,50,Normal,Seca y limpia,Ondulado,Terraplen,Recta,Transito normal con precaución,0,15,1,0,1.0,Choque,estacionamiento y senalizacion imprudente,4513_1_5,20.0,4.0
Planta Central,2019-10-29 15:58:00,59,0.0,2019-09-10 05:00:00,martes,15,Normal,Seca y limpia,Plano,Terraplen,Recta,Transito normal con precaución,0,5,0,0,0.0,Choque,condiciones de la via y factores ambientales,4513_1_59,3.0,21.0
Planta Central,2019-10-29 16:01:00,61,400.0,2019-09-28 05:00:00,sabado,0,Normal,Seca y limpia,Plano,Terraplen,Recta,Transito normal con precaución,0,25,0,1,1.0,Atropello,otra - conductor en general,4513_1_61,5.0,19.0
Planta Central,2019-10-29 16:07:00,87,300.0,2019-09-19 05:00:00,jueves,20,Normal,Seca y limpia,Plano,Terraplen,Recta,Transito normal con precaución,0,22,0,1,1.0,Choque,impericia en el manejo,4513_1_87,13.0,11.0
Planta Central,2019-10-29 16:10:00,89,70.0,2019-09-03 05:00:00,martes,45,Normal,Seca y limpia,Plano,Terraplen,Recta,Transito normal con precaución,0,0,1,0,1.0,Choque,no mantener distancia de seguridad,4513_1_89,6.0,18.0
Córdoba,2019-10-29 19:29:00,2,200.0,2019-09-18 05:00:00,miercoles,30,Normal,Seca y limpia,Ondulado,Terraplen,Recta,Parcial con reducción de carriles,3,30,0,1,1.0,Atropello,otra - conductor en general,2513_0_2,19.0,8.0
Córdoba,2019-10-29 19:36:00,5,700.0,2019-09-14 05:00:00,sabado,50,Normal,Seca y limpia,Ondulado,Terraplen,Curva Izquierda,Transito normal con precaución,0,0,0,0,0.0,Volcamiento,maniobras imprudentes,2514_1_5,6.0,18.0
Planta Central,2019-10-29 15:47:00,14,865.0,2019-09-26 05:00:00,jueves,30,Lluvia,Humeda,Ondulado,Terraplen,Curva Derecha,Transito normal con precaución,0,0,0,0,0.0,Volcamiento,condiciones de la via y factores ambientales,4513_1_14,3.0,21.0
Planta Central,2019-10-29 15:50:00,51,50.0,2019-09-11 05:00:00,miercoles,30,Normal,Seca y limpia,Plano,Terraplen,Curva Derecha,Transito normal con precaución,0,0,0,0,0.0,Caída de carga,no mantener distancia de seguridad,4513_2_51,10.0,14.0
Planta Central,2019-10-29 16:04:00,71,0.0,2019-09-15 05:00:00,domingo,0,Normal,Seca y limpia,Plano,Terraplen,Recta,Transito normal con precaución,0,15,0,1,1.0,Choque,no mantener distancia de seguridad,4513_1_71,19.0,5.0
Córdoba,2019-10-29 19:40:00,28,200.0,2019-09-12 05:00:00,jueves,30,Normal,Seca y limpia,Plano,Terraplen,Recta,Transito normal con precaución,0,0,0,0,0.0,Volcamiento,otra - conductor en general,2514_1_28,12.0,12.0
Córdoba,2019-10-29 19:44:00,49,575.0,2019-09-29 05:00:00,domingo,30,Normal,Seca y limpia,Ondulado,Terraplen,Curva Derecha,Transito normal con precaución,0,0,2,0,2.0,Volcamiento,maniobras imprudentes,2514_1_49,8.0,16.0
Córdoba,2019-10-29 19:48:00,51,850.0,2019-09-21 05:00:00,sabado,10,Normal,Seca y limpia,Plano,Terraplen,Recta,Transito normal con precaución,0,0,0,0,0.0,Choque,maniobras imprudentes,2514_1_51,0.0,0.0
Risaralda,2019-10-29 19:51:00,4,370.0,2019-09-01 05:00:00,domingo,20,Normal,Seca y limpia,Plano,Terraplen,Recta,Transito normal con precaución,12,20,0,0,0.0,Choque,no mantener distancia de seguridad,2902_2_4,12.0,0.0
Risaralda,2019-10-29 19:55:00,10,200.0,2019-09-02 05:00:00,lunes,40,Normal,Seca y limpia,Plano,Terraplen,Recta,Transito normal con precaución,22,40,0,0,0.0,Choque,maniobras imprudentes,2507_1_10,22.0,0.0
Risaralda,2019-10-29 20:22:00,3,530.0,2019-09-03 05:00:00,martes,30,Normal,Seca y limpia,Plano,Terraplen,Recta,Transito normal con precaución,5,30,0,0,0.0,Choque,desobediencia a normas y senales,2902_2_3,5.0,0.0
Risaralda,2019-10-29 20:26:00,2,730.0,2019-09-03 05:00:00,martes,0,Normal,Seca y limpia,Plano,Terraplen,Recta,Parcial con reducción de carriles,10,0,0,0,0.0,Choque,no mantener distancia de seguridad,2902_1_2,10.0,0.0
Risaralda,2019-10-29 20:39:00,49,300.0,2019-09-05 05:00:00,jueves,15,Normal,Seca y limpia,Montañoso,Media Ladera Derecha,Curva Derecha,Transito normal con precaución,13,15,0,0,0.0,Choque,otra - conductor en general,2507_1_49,13.0,0.0
Risaralda,2019-10-29 20:55:00,0,300.0,2019-09-07 05:00:00,sabado,0,Normal,Seca y limpia,Montañoso,Media Ladera Derecha,Curva Derecha,Transito normal con precaución,3,0,0,0,0.0,Choque,otra - conductor en general,2902_1_0,3.0,0.0
Risaralda,2019-10-29 21:03:00,53,480.0,2019-09-09 05:00:00,lunes,50,Normal,Seca y limpia,Montañoso,Media Ladera Derecha,Curva Derecha,Transito normal con precaución,9,50,0,0,0.0,Choque,no mantener distancia de seguridad,2507_1_53,9.0,0.0
Risaralda,2019-10-29 21:10:00,0,0.0,2019-09-05 05:00:00,jueves,48,Normal,Seca y limpia,Plano,Terraplen,Curva Izquierda,Transito normal con precaución,5,48,3,0,3.0,Choque,no mantener distancia de seguridad,29RSC_1_0,5.0,0.0
Risaralda,2019-10-30 13:32:00,4,480.0,2019-09-09 05:00:00,lunes,0,Normal,Seca y limpia,Plano,Terraplen,Recta,Transito normal con precaución,10,0,0,0,0.0,Choque,no mantener distancia de seguridad,2902_1_4,10.0,0.0
Boyacá,2019-10-30 17:07:00,74,320.0,2019-09-02 05:00:00,lunes,0,Seca,Seca y limpia,Plano,Media Ladera Derecha,Curva Derecha,Transito normal con precaución,12,0,1,0,3.0,Salida de la vía sin volcarse,exceso en horas de conduccion,5503_1_74,12.0,0.0
Nariño,2019-10-30 21:44:00,12,80.0,2019-09-08 05:00:00,domingo,30,Normal,Seca y limpia,Montañoso,Media ladera Izquierda,Curva Izquierda,Transito normal con precaución,8,30,0,1,1.0,Choque,exceso de velocidad,2501B_1_12,8.0,0.0
Nariño,2019-10-30 21:48:00,49,890.0,2019-09-27 05:00:00,viernes,40,Normal,Seca y limpia,Montañoso,Media ladera Izquierda,Curva Derecha,Transito normal con precaución,16,40,2,0,2.0,Choque,exceso de velocidad,2501B_1_49,16.0,0.0
Risaralda,2019-10-30 14:04:00,44,500.0,2019-09-10 05:00:00,martes,15,Normal,Seca y limpia,Montañoso,Media Ladera Derecha,Curva Derecha,Transito normal con precaución,12,15,0,0,0.0,Choque,no mantener distancia de seguridad,2507_1_44,12.0,0.0
Risaralda,2019-10-30 14:15:00,3,10.0,2019-09-10 05:00:00,martes,10,Normal,Seca y limpia,Plano,Terraplen,Recta,Transito normal con precaución,17,10,0,1,1.0,Atropello,conducta de peatones,2902_1_3,17.0,0.0
Risaralda,2019-10-30 14:41:00,0,730.0,2019-09-16 05:00:00,lunes,0,Normal,Seca y limpia,Plano,Terraplen,Recta,Transito normal con precaución,17,0,0,0,0.0,Choque,maniobras imprudentes,2902_2_0,17.0,0.0
Risaralda,2019-10-30 14:56:00,4,538.0,2019-09-16 05:00:00,lunes,10,Normal,Seca y limpia,Plano,Terraplen,Recta,Transito normal con precaución,14,10,0,0,0.0,Choque,maniobras imprudentes,2902_2_4,14.0,0.0
Risaralda,2019-10-30 15:00:00,4,180.0,2019-09-16 05:00:00,lunes,0,Normal,Seca y limpia,Plano,Terraplen,Recta,Transito normal con precaución,19,0,0,1,1.0,Atropello,conducta de peatones,2902_2_4,19.0,0.0
Risaralda,2019-10-30 15:07:00,3,165.0,2019-09-17 05:00:00,martes,50,Normal,Seca y limpia,Plano,Terraplen,Recta,Transito normal con precaución,11,50,1,0,1.0,Choque,desobediencia a normas y senales,2902_2_3,11.0,0.0
Risaralda,2019-10-30 15:13:00,0,300.0,2019-09-18 05:00:00,miercoles,0,Lluvia,Humeda,Plano,Terraplen,Recta,Transito normal con precaución,18,0,0,0,0.0,Choque,no mantener distancia de seguridad,29RSA_2_0,18.0,0.0
Risaralda,2019-10-30 16:13:00,0,100.0,2019-09-19 05:00:00,jueves,20,Lluvia,Humeda,Plano,Terraplen,Recta,Transito normal con precaución,9,20,0,0,0.0,Choque,no mantener distancia de seguridad,29RSA_2_0,9.0,0.0
Risaralda,2019-10-30 16:54:00,0,250.0,2019-09-19 05:00:00,jueves,15,Normal,Seca y limpia,Montañoso,Media Ladera Derecha,Recta,Transito normal con precaución,11,15,0,0,0.0,Choque,otra - conductor en general,2902_2_0,11.0,0.0
Risaralda,2019-10-30 17:03:00,2,300.0,2019-09-20 05:00:00,viernes,15,Normal,Seca y limpia,Plano,Terraplen,Recta,Transito normal con precaución,11,15,0,0,0.0,Choque,no mantener distancia de seguridad,2902_1_2,11.0,0.0
Boyacá,2019-10-30 17:07:00,1,260.0,2019-09-01 05:00:00,domingo,0,Seca,Seca y limpia,Escarpado,Media ladera Izquierda,Recta,Transito normal con precaución,20,0,0,1,1.0,Atropello,maniobras imprudentes,6211_1_1,20.0,0.0
Boyacá,2019-10-30 17:07:00,14,800.0,2019-09-02 05:00:00,lunes,15,Seca,Seca y limpia,Plano,Media ladera Izquierda,Recta,Transito normal con precaución,11,15,1,0,2.0,Atropello,conducta de peatones,6211_1_14,11.0,0.0
Risaralda,2019-10-30 17:21:00,0,200.0,2019-09-20 05:00:00,viernes,20,Normal,Seca y limpia,Plano,Terraplen,Recta,Transito normal con precaución,14,20,0,0,0.0,Choque,no mantener distancia de seguridad,29RSA_2_0,14.0,0.0
Risaralda,2019-10-30 17:35:00,1,800.0,2019-09-22 05:00:00,domingo,15,Normal,Seca y limpia,Plano,Terraplen,Recta,Transito normal con precaución,15,15,0,0,0.0,Choque,adelantamientos indebidos,2507_1_1,15.0,0.0
Boyacá,2019-10-30 17:34:00,44,400.0,2019-09-09 05:00:00,lunes,30,Normal,Seca y limpia,Plano,Cajón,Curva Izquierda,Transito normal con precaución,16,30,0,0,0.0,Choque,exceso en horas de conduccion,5503_1_44,16.0,0.0
Risaralda,2019-10-30 17:38:00,3,295.0,2019-09-23 05:00:00,lunes,10,Normal,Seca y limpia,Plano,Terraplen,Recta,Transito normal con precaución,10,10,0,0,0.0,Choque,adelantamientos indebidos,2902_2_3,10.0,0.0
Boyacá,2019-10-30 17:34:00,4,140.0,2019-09-09 05:00:00,lunes,0,Normal,Seca y limpia,Montañoso,Media ladera Izquierda,Curva Izquierda,Transito normal con precaución,1,0,0,1,1.0,Volcamiento,embriaguez o sustancias alucinogenas,6211_1_4,1.0,0.0
Boyacá,2019-10-30 17:34:00,15,420.0,2019-09-14 05:00:00,sabado,0,Lluvia,Humeda,Ondulado,Media Ladera Derecha,Curva Derecha,Parcial con paso alternado,0,10,0,0,1.0,Salida de la vía sin volcarse,condiciones de la via y factores ambientales,6211_1_15,10.0,14.0
Boyacá,2019-10-30 17:34:00,10,80.0,2019-09-14 05:00:00,sabado,10,Lluvia,Humeda,Ondulado,Media Ladera Derecha,Curva Derecha,Transito normal con precaución,0,10,0,0,1.0,Choque,adelantamientos indebidos,6211_1_10,0.0,0.0
Boyacá,2019-10-30 19:11:00,13,400.0,2019-09-18 05:00:00,miercoles,0,Normal,Seca y limpia,Plano,Media Ladera Derecha,Recta,Transito normal con precaución,22,0,1,0,1.0,Choque,otra - conductor en general,62BY05_2_13,22.0,0.0
Boyacá,2019-10-30 19:11:00,53,110.0,2019-09-18 05:00:00,miercoles,30,Normal,Seca y limpia,Plano,Cajón,Recta,Transito normal con precaución,5,30,1,0,2.0,Volcamiento,fallas mecanicas y del sistema electrico,5503_1_53,5.0,0.0
Boyacá,2019-10-30 19:11:00,9,200.0,2019-09-19 05:00:00,jueves,0,Lluvia,Humeda,Montañoso,Media Ladera Derecha,Curva Derecha,Transito normal con precaución,11,0,0,0,2.0,Choque,impericia en el manejo,6211_1_9,11.0,0.0
Boyacá,2019-10-30 19:11:00,8,57.0,2019-09-20 05:00:00,viernes,45,Lluvia,Humeda,Ondulado,Media Ladera Derecha,Curva Derecha,Transito normal con precaución,16,45,0,0,2.0,Salida de la vía sin volcarse,impericia en el manejo,5503_1_8,16.0,0.0
Boyacá,2019-10-30 19:11:00,9,740.0,2019-09-21 05:00:00,sabado,30,Niebla,Humeda,Plano,Terraplen,Curva Izquierda,Transito normal con precaución,7,30,0,0,2.0,Volcamiento,fallas mecanicas y del sistema electrico,5503_1_9,7.0,0.0
Risaralda,2019-10-30 19:34:00,2,650.0,2019-09-23 05:00:00,lunes,50,Normal,Seca y limpia,Plano,Terraplen,Recta,Transito normal con precaución,14,50,4,0,4.0,Choque,no mantener distancia de seguridad,2902_2_2,14.0,0.0
Risaralda,2019-10-30 19:42:00,4,180.0,2019-09-23 05:00:00,lunes,0,Normal,Seca y limpia,Plano,Terraplen,Recta,Transito normal con precaución,22,0,0,0,0.0,Choque,maniobras imprudentes,2902_1_4,22.0,0.0
Boyacá,2019-10-30 19:11:00,11,950.0,2019-09-22 05:00:00,domingo,0,Lluvia,Humeda,Escarpado,Media ladera Izquierda,Curva Izquierda,Transito normal con precaución,14,0,0,0,2.0,Choque,condiciones de la via y factores ambientales,6211_1_11,14.0,0.0
Risaralda,2019-10-30 19:50:00,1,150.0,2019-09-27 05:00:00,viernes,25,Normal,Seca y limpia,Plano,Terraplen,Recta,Transito normal con precaución,16,25,0,0,0.0,Choque,no mantener distancia de seguridad,2902_2_1,16.0,0.0
Risaralda,2019-10-30 19:57:00,46,700.0,2019-09-29 05:00:00,domingo,0,Normal,Seca y limpia,Montañoso,Media Ladera Derecha,Curva Derecha,Transito normal con precaución,15,0,0,0,0.0,Choque,adelantamientos indebidos,2507_1_46,15.0,0.0