territorial,fecha_registro,pr,distancia_pr,fecha_acc,dia_semana_acc,min_acc,condic_meteor,estado_super,terreno,secc_tip,geometria_acc,tipo_cierre,horas_cierre,min_cierre,n_heridos,n_muertos,n_victimas,clase_accidente,causa_posible,ref_loc,hora_acc,duracion_cierre_horas
Boyacá,2019-10-30 19:11:00,13,310.0,2019-09-30 05:00:00,lunes,30,Normal,Seca y limpia,Plano,Terraplen,Recta,Transito normal con precaución,18,30,0,0,5.0,Atropello,no mantener distancia de seguridad,5503_1_13,18.0,0.0
Risaralda,2019-10-30 20:10:00,27,200.0,2019-09-29 05:00:00,domingo,10,Normal,Seca y limpia,Plano,Terraplen,Recta,Transito normal con precaución,19,10,3,0,3.0,Choque,otra - conductor en general,50RS01_1_27,19.0,0.0
Boyacá,2019-10-30 20:08:00,0,950.0,2019-09-25 05:00:00,miercoles,50,Normal,Seca y limpia,Plano,Media Ladera Derecha,Curva Derecha,Transito normal con precaución,21,50,3,0,3.0,Choque,fallas mecanicas y del sistema electrico,6211_1_0,21.0,0.0
Sucre,2019-10-31 00:25:00,45,366.0,2019-09-25 05:00:00,miercoles,0,Sol,Seca y limpia,Plano,Terraplen,Recta,Transito normal con precaución,0,0,1,0,1.0,Atropello,otra - conductor en general,7404_0_45,10.0,14.0
Caquetá,2019-10-31 13:07:00,42,0.0,2019-09-02 05:00:00,lunes,5,Seca,Seca y limpia,Plano,Cajón,Curva Derecha,Transito normal con precaución,0,0,0,0,2.0,Choque,embriaguez o sustancias alucinogenas,6503_1_42,22.0,2.0
Caquetá,2019-10-31 13:32:00,66,960.0,2019-09-12 05:00:00,jueves,30,Sol,Seca y limpia,Montañoso,Cajón,Curva Izquierda,Transito normal con precaución,0,0,2,0,2.0,Choque,fallas mecanicas y del sistema electrico,2003A_0_66,13.0,11.0
Risaralda,2019-10-31 16:51:00,5,300.0,2019-09-03 05:00:00,martes,0,Normal,Seca y limpia,Plano,Terraplen,Recta,Transito normal con precaución,8,0,0,0,0.0,Choque,no mantener distancia de seguridad,29RSC_1_5,8.0,0.0
Risaralda,2019-10-31 16:55:00,0,0.0,2019-09-11 05:00:00,miercoles,50,Normal,Seca y limpia,Montañoso,Terraplen,Recta,Transito normal con precaución,15,50,3,1,4.0,Choque,desobediencia a normas y senales,29RSC_1_0,15.0,0.0
Risaralda,2019-10-31 17:01:00,7,0.0,2019-09-12 05:00:00,jueves,20,Normal,Seca y limpia,Montañoso,Terraplen,Recta,Transito normal con precaución,13,20,0,0,0.0,Choque,no mantener distancia de seguridad,29RSC_1_7,13.0,0.0
Risaralda,2019-10-31 17:08:00,9,930.0,2019-09-17 05:00:00,martes,35,Normal,Seca y limpia,Plano,Terraplen,Recta,Transito normal con precaución,14,35,0,0,0.0,Choque,no mantener distancia de seguridad,29RSC_1_9,14.0,0.0
Risaralda,2019-10-31 17:11:00,0,0.0,2019-09-18 05:00:00,miercoles,0,Lluvia,Humeda,Plano,Terraplen,Recta,Transito normal con precaución,14,0,0,0,0.0,Choque,no mantener distancia de seguridad,29RSA_2_0,14.0,0.0
Risaralda,2019-10-31 17:23:00,0,300.0,2019-09-30 05:00:00,lunes,30,Lluvia,Humeda,Plano,Terraplen,Recta,Transito normal con precaución,19,30,0,0,0.0,Choque,no mantener distancia de seguridad,29RSA_1_0,19.0,0.0
Cauca,2019-10-31 19:34:00,60,0.0,2019-09-06 05:00:00,viernes,30,Normal,Material suelto,Montañoso,Media ladera Izquierda,Recta,Parcial restringido a vehiculos pesados,0,0,1,0,1.0,Caída ocupante,condiciones de la via y factores ambientales,25CC15_0_60,11.0,13.0
Cauca,2019-10-31 19:55:00,63,480.0,2019-09-09 05:00:00,lunes,30,Normal,Material suelto,Montañoso,Media Ladera Derecha,Recta,Parcial restringido a vehiculos pesados,0,0,1,0,1.0,Caída ocupante,condiciones de la via y factores ambientales,25CC15_0_63,14.0,10.0
Cauca,2019-10-31 19:58:00,63,480.0,2019-09-09 05:00:00,lunes,30,Normal,Material suelto,Montañoso,Media ladera Izquierda,Recta,Parcial restringido a vehiculos pesados,0,0,1,0,1.0,Caída ocupante,condiciones de la via y factores ambientales,25CC15_0_63,14.0,10.0
Caquetá,2019-11-01 12:12:00,4,10.0,2019-09-14 05:00:00,sabado,30,Lluvia,Humeda,Plano,Terraplen,Recta,Transito normal con precaución,0,0,1,0,1.0,Volcamiento,condiciones de la via y factores ambientales,6503_1_4,7.0,17.0
Caquetá,2019-11-01 12:45:00,8,660.0,2019-09-19 05:00:00,jueves,30,Seca,Seca y limpia,Ondulado,Terraplen,Recta,Transito normal con precaución,0,0,2,0,3.0,Choque,otra - conductor en general,6503_1_8,2.0,22.0
Caldas,2019-11-01 12:59:00,28,300.0,2019-08-22 05:00:00,jueves,45,Normal,Seca y limpia,Montañoso,Media ladera Izquierda,Recta,Parcial con reducción de carriles,16,15,0,0,0.0,Choque,otra - pasajero o acompanante,5005_2_28,15.0,1.0
Caquetá,2019-11-01 12:50:00,47,700.0,2019-09-26 05:00:00,jueves,55,Seca,Seca y limpia,Montañoso,Cajón,Recta,Transito normal con precaución,0,0,0,0,0.0,Volcamiento,condiciones de la via y factores ambientales,2003A_0_47,18.0,6.0
Caldas,2019-11-01 13:04:00,28,330.0,2019-08-12 05:00:00,lunes,40,Normal,Seca y limpia,Montañoso,Media ladera Izquierda,Curva Izquierda,Parcial con reducción de carriles,16,50,0,0,0.0,Choque,maniobras imprudentes,5005_2_28,16.0,0.0
Caldas,2019-11-01 13:07:00,24,415.0,2019-08-13 05:00:00,martes,50,Normal,Seca y limpia,Montañoso,Media ladera Izquierda,Recta,Parcial con reducción de carriles,12,20,0,0,0.0,Choque,otra - pasajero o acompanante,5005_1_24,11.0,1.0
Caquetá,2019-11-01 13:05:00,15,650.0,2019-09-27 05:00:00,viernes,30,Seca,Seca y limpia,Ondulado,Media ladera Izquierda,Curva Derecha,Parcial con reducción de carriles,0,0,0,0,0.0,Volcamiento,condiciones de la via y factores ambientales,6503_1_15,12.0,12.0
Caldas,2019-11-01 13:10:00,25,0.0,2019-08-08 05:00:00,jueves,10,Normal,Seca y limpia,Montañoso,Media ladera Izquierda,Recta,Parcial con reducción de carriles,7,20,0,0,0.0,Choque,no mantener distancia de seguridad,5005_1_25,7.0,0.0
Caldas,2019-11-01 13:14:00,26,150.0,2019-08-08 05:00:00,jueves,19,Normal,Seca y limpia,Montañoso,Media ladera Izquierda,Recta,Parcial con reducción de carriles,20,20,1,0,1.0,Choque,maniobras imprudentes,5005_1_26,20.0,0.0
Caquetá,2019-11-01 13:10:00,16,360.0,2019-09-29 05:00:00,domingo,50,Seca,Seca y limpia,Ondulado,Terraplen,Curva Izquierda,Parcial con reducción de carriles,0,35,6,0,6.0,Choque,otra - conductor en general,6503_1_16,11.0,13.0
Caquetá,2019-11-12 15:48:00,77,631.0,2019-11-08 05:00:00,viernes,0,Normal,Seca y limpia,Plano,Terraplen,Recta,Transito normal con precaución,1,0,0,1,1.0,Choque,exceso de velocidad,6504_0_77,1.0,0.0
Caldas,2019-11-01 13:16:00,26,750.0,2019-08-30 05:00:00,viernes,15,Normal,Seca y limpia,Montañoso,Media ladera Izquierda,Curva Derecha,Parcial con reducción de carriles,12,30,2,0,2.0,Choque,adelantamientos indebidos,5005_1_26,12.0,0.0
Caldas,2019-11-01 13:22:00,27,200.0,2019-08-03 05:00:00,sabado,15,Normal,Seca y limpia,Montañoso,Media ladera Izquierda,Curva Izquierda,Parcial con reducción de carriles,10,20,0,0,0.0,Choque,no mantener distancia de seguridad,5005_1_27,10.0,0.0
Caldas,2019-11-01 13:26:00,33,490.0,2019-08-13 05:00:00,martes,30,Normal,Seca y limpia,Montañoso,Terraplen,Recta,Parcial con reducción de carriles,17,0,0,0,0.0,Choque,otra - pasajero o acompanante,5005_2_33,16.0,1.0
Caldas,2019-11-01 13:28:00,33,500.0,2019-08-13 05:00:00,martes,30,Normal,Seca y limpia,Montañoso,Terraplen,Recta,Parcial con reducción de carriles,15,0,0,0,0.0,Choque,otra - pasajero o acompanante,5005_2_33,14.0,1.0
Caldas,2019-11-01 13:37:00,3,100.0,2019-08-12 05:00:00,lunes,40,Normal,Seca y limpia,Montañoso,Media ladera Izquierda,Recta,Parcial con reducción de carriles,12,45,0,0,0.0,Choque,otra - pasajero o acompanante,5006_0_3,12.0,0.0
Caldas,2019-11-01 13:39:00,5,500.0,2019-08-24 05:00:00,sabado,40,Normal,Seca y limpia,Montañoso,Media ladera Izquierda,Curva Derecha,Parcial con reducción de carriles,0,20,0,0,0.0,Choque,otra - pasajero o acompanante,5006_0_5,22.0,2.0
Caldas,2019-11-01 13:41:00,7,340.0,2019-08-08 05:00:00,jueves,10,Lluvia,Humeda,Montañoso,Media ladera Izquierda,Curva Izquierda,Parcial con reducción de carriles,12,30,2,0,2.0,Choque,otra - pasajero o acompanante,5006_0_7,12.0,0.0
Caldas,2019-11-01 13:44:00,8,500.0,2019-08-02 05:00:00,viernes,11,Lluvia,Humeda,Montañoso,Media ladera Izquierda,Recta,Parcial con reducción de carriles,15,11,0,0,0.0,Choque,otra - pasajero o acompanante,5006_0_8,15.0,0.0
Caldas,2019-11-01 13:58:00,8,850.0,2019-08-13 05:00:00,martes,50,Lluvia,Humeda,Montañoso,Media ladera Izquierda,Curva Izquierda,Parcial con reducción de carriles,15,0,0,0,0.0,Choque,otra - pasajero o acompanante,5006_0_8,14.0,1.0
Caldas,2019-11-01 14:12:00,11,900.0,2019-08-18 05:00:00,domingo,40,Lluvia,Humeda,Montañoso,Media ladera Izquierda,Curva Izquierda,Parcial con reducción de carriles,14,50,0,0,0.0,Choque,otra - pasajero o acompanante,5006_0_11,14.0,0.0
Caldas,2019-11-01 14:21:00,15,130.0,2019-08-11 05:00:00,domingo,30,Lluvia,Humeda,Montañoso,Media ladera Izquierda,Curva Izquierda,Parcial con reducción de carriles,13,40,0,0,0.0,Choque,otra - pasajero o acompanante,5006_0_15,13.0,0.0
Caldas,2019-11-01 14:27:00,17,900.0,2019-08-17 05:00:00,sabado,25,Lluvia,Humeda,Montañoso,Media ladera Izquierda,Curva Izquierda,Parcial con reducción de carriles,3,35,0,0,0.0,Choque,otra - pasajero o acompanante,5006_0_17,3.0,0.0
Caldas,2019-11-01 14:30:00,19,0.0,2019-08-18 05:00:00,domingo,20,Normal,Seca y limpia,Montañoso,Media ladera Izquierda,Curva Izquierda,Parcial con reducción de carriles,4,50,0,0,0.0,Choque,otra - pasajero o acompanante,5006_0_19,4.0,0.0
Caldas,2019-11-01 15:03:00,32,200.0,2019-09-06 05:00:00,viernes,20,Normal,Seca y limpia,Montañoso,Media ladera Izquierda,Recta,Parcial con reducción de carriles,17,35,0,0,0.0,Choque,adelantamientos indebidos,2508_1_32,17.0,0.0
Quindío,2019-11-01 16:41:00,3,730.0,2019-10-08 05:00:00,martes,0,Seca,Seca y limpia,Plano,Terraplen,Recta,Transito normal con precaución,0,0,1,0,1.0,Choque,adelantamientos indebidos,2901B_1_3,10.0,14.0
Caldas,2019-11-01 19:23:00,32,650.0,2019-09-23 05:00:00,lunes,10,Lluvia,Humeda,Montañoso,Media ladera Izquierda,Curva Derecha,Parcial con reducción de carriles,4,30,0,0,0.0,Choque,otra - pasajero o acompanante,2508_1_32,4.0,0.0
Caldas,2019-11-01 20:19:00,29,200.0,2019-09-27 05:00:00,viernes,50,Lluvia,Humeda,Montañoso,Media ladera Izquierda,Curva Derecha,Parcial con reducción de carriles,17,30,0,0,0.0,Choque,otra - pasajero o acompanante,2508_1_29,16.0,1.0
Caldas,2019-11-01 20:22:00,25,750.0,2019-09-29 05:00:00,domingo,30,Normal,Seca y limpia,Montañoso,Media ladera Izquierda,Curva Izquierda,Parcial con reducción de carriles,3,0,0,0,0.0,Volcamiento,otra - pasajero o acompanante,2508_1_25,2.0,1.0
Caldas,2019-11-01 20:24:00,39,520.0,2019-09-07 05:00:00,sabado,40,Normal,Seca y limpia,Montañoso,Media ladera Izquierda,Curva Izquierda,Parcial con reducción de carriles,17,49,2,0,2.0,Choque,otra - pasajero o acompanante,2902_1_39,17.0,0.0
Caldas,2019-11-01 20:27:00,30,680.0,2019-09-21 05:00:00,sabado,0,Normal,Seca y limpia,Montañoso,Media ladera Izquierda,Curva Izquierda,Parcial con reducción de carriles,10,35,0,0,0.0,Choque,otra - pasajero o acompanante,2902_1_30,10.0,0.0
Caldas,2019-11-01 20:28:00,39,700.0,2019-09-21 05:00:00,sabado,30,Normal,Seca y limpia,Montañoso,Media ladera Izquierda,Recta,Parcial con reducción de carriles,12,30,0,0,0.0,Choque,adelantamientos indebidos,2902_1_39,11.0,1.0
Caldas,2019-11-01 20:32:00,3,650.0,2019-09-07 05:00:00,sabado,30,Normal,Seca y limpia,Montañoso,Media ladera Izquierda,Curva Derecha,Parcial con reducción de carriles,9,40,0,0,0.0,Choque,impericia en el manejo,5006_0_3,9.0,0.0
Caldas,2019-11-01 20:35:00,0,50.0,2019-09-08 05:00:00,domingo,25,Normal,Seca y limpia,Montañoso,Media ladera Izquierda,Recta,Parcial con reducción de carriles,14,33,0,0,0.0,Choque,impericia en el manejo,5006_0_0,14.0,0.0
Caldas,2019-11-01 20:37:00,27,190.0,2019-09-14 05:00:00,sabado,25,Lluvia,Humeda,Montañoso,Media ladera Izquierda,Curva Derecha,Parcial con reducción de carriles,15,30,0,0,0.0,Choque,otra - pasajero o acompanante,5006_0_27,15.0,0.0
Caldas,2019-11-01 20:40:00,17,950.0,2019-09-19 05:00:00,jueves,10,Lluvia,Humeda,Montañoso,Media ladera Izquierda,Curva Izquierda,Parcial con reducción de carriles,16,40,0,0,0.0,Choque,otra - pasajero o acompanante,5006_0_17,16.0,0.0
Caldas,2019-11-01 20:42:00,16,800.0,2019-09-22 05:00:00,domingo,30,Lluvia,Humeda,Montañoso,Media ladera Izquierda,Curva Izquierda,Parcial con reducción de carriles,16,40,0,0,0.0,Choque,otra - pasajero o acompanante,5006_0_16,16.0,0.0
Caldas,2019-11-01 20:44:00,1,800.0,2019-09-24 05:00:00,martes,40,Normal,Seca y limpia,Montañoso,Media ladera Izquierda,Recta,Parcial con reducción de carriles,17,50,1,0,1.0,Choque,otra - pasajero o acompanante,5006_0_1,17.0,0.0
Caldas,2019-11-01 20:48:00,0,600.0,2019-09-25 05:00:00,miercoles,30,Lluvia,Humeda,Montañoso,Media ladera Izquierda,Recta,Parcial con reducción de carriles,9,45,0,0,0.0,Choque,no mantener distancia de seguridad,5006_0_0,9.0,0.0
Caldas,2019-11-01 20:51:00,0,300.0,2019-09-26 05:00:00,jueves,0,Lluvia,Humeda,Montañoso,Media ladera Izquierda,Recta,Parcial con reducción de carriles,14,10,2,0,2.0,Choque,estacionamiento y senalizacion imprudente,5006_0_0,14.0,0.0
Caldas,2019-11-01 21:53:00,16,850.0,2019-09-30 05:00:00,lunes,10,Lluvia,Humeda,Montañoso,Media ladera Izquierda,Curva Izquierda,Parcial con reducción de carriles,16,25,1,0,1.0,Choque,fallas mecanicas y del sistema electrico,5006_0_16,16.0,0.0
Caldas,2019-11-01 22:11:00,24,100.0,2019-09-01 05:00:00,domingo,15,Normal,Seca y limpia,Montañoso,Media ladera Izquierda,Recta,Parcial con reducción de carriles,11,0,0,0,0.0,Choque,otra - pasajero o acompanante,5005_1_24,10.0,1.0
Caldas,2019-11-01 22:13:00,26,900.0,2019-09-10 05:00:00,martes,10,Normal,Seca y limpia,Montañoso,Media ladera Izquierda,Recta,Parcial con reducción de carriles,9,20,0,0,0.0,Choque,otra - pasajero o acompanante,5005_1_26,9.0,0.0
Cauca,2019-11-04 03:53:00,0,580.0,2019-09-19 05:00:00,jueves,30,Normal,Seca y limpia,Plano,Terraplen,Recta,Transito normal con precaución,0,0,3,0,3.0,Choque,maniobras imprudentes,3105_1_0,18.0,6.0
Quindío,2019-11-07 14:13:00,3,820.0,2019-08-04 05:00:00,domingo,0,Seca,Seca y limpia,Plano,Terraplen,Recta,Parcial con reducción de carriles,16,0,2,0,3.0,Volcamiento,exceso de velocidad,2901B_1_3,16.0,0.0
Nariño,2019-11-04 16:44:00,17,500.0,2019-09-02 05:00:00,lunes,50,Seca,Seca y limpia,Plano,Terraplen,Recta,Transito normal con precaución,8,50,0,0,0.0,Choque,adelantamientos indebidos,0801_1_17,8.0,0.0
Nariño,2019-11-04 16:53:00,18,950.0,2019-09-13 05:00:00,viernes,30,Seca,Seca y limpia,Plano,Terraplen,Recta,Parcial con paso alternado,7,30,1,0,1.0,Choque,adelantamientos indebidos,0801_1_18,7.0,0.0
Nariño,2019-11-04 17:02:00,49,300.0,2019-09-14 05:00:00,sabado,40,Normal,Seca y limpia,Plano,Terraplen,Recta,Parcial con paso alternado,18,40,5,0,0.0,Choque,desobediencia a normas y senales,1002_1_49,18.0,0.0
Nariño,2019-11-04 17:11:00,28,900.0,2019-09-15 05:00:00,domingo,30,Normal,Seca y limpia,Plano,Terraplen,Recta,Parcial con paso alternado,8,30,0,0,0.0,Choque,otra - conductor en general,1002_1_28,8.0,0.0
Nariño,2019-11-04 17:16:00,40,350.0,2019-09-22 05:00:00,domingo,45,Lluvia,Humeda,Montañoso,Media Ladera Derecha,Curva Izquierda,Parcial con paso alternado,21,45,0,1,2.0,Choque,impericia en el manejo,1002_1_40,21.0,0.0
Antioquia,2019-11-04 19:59:00,97,141.0,2019-09-01 05:00:00,domingo,0,Normal,Seca y limpia,Plano,Terraplen,Recta,Cierre total,16,10,0,1,2.0,Choque,desobediencia a normas y senales,6206_1_97,16.0,0.0
Antioquia,2019-11-04 20:07:00,54,364.0,2019-09-06 05:00:00,viernes,0,Normal,Humeda,Montañoso,Terraplen,Recta,Cierre total,21,40,0,0,0.0,Choque,adelantamientos indebidos,6205_1_54,21.0,0.0
Antioquia,2019-11-04 20:13:00,54,569.0,2019-09-05 05:00:00,jueves,10,Normal,Seca y limpia,Plano,Terraplen,Curva Izquierda,Transito normal con precaución,7,15,1,0,1.0,Atropello,conducta de peatones,6205_2_54,7.0,0.0
Antioquia,2019-11-04 20:18:00,89,450.0,2019-09-04 05:00:00,miercoles,40,Normal,Seca y limpia,Plano,Media ladera Izquierda,Recta,Parcial con reducción de carriles,16,45,0,0,1.0,Choque,maniobras imprudentes,6003_1_89,16.0,0.0
Putumayo,2019-11-04 21:00:00,75,400.0,2019-09-23 05:00:00,lunes,0,Normal,Seca y limpia,Montañoso,Media Ladera Derecha,Curva Izquierda,Transito normal con precaución,0,0,2,0,2.0,Otro,embriaguez o sustancias alucinogenas,4502_0_75,5.0,19.0
Putumayo,2019-11-04 21:42:00,72,420.0,2019-09-14 05:00:00,sabado,30,Sol,Seca y limpia,Ondulado,Media ladera Izquierda,Curva Izquierda,Transito normal con precaución,0,0,1,0,1.0,Choque,no mantener distancia de seguridad,4502_0_72,14.0,10.0
Putumayo,2019-11-04 21:48:00,77,280.0,2019-09-03 05:00:00,martes,30,Normal,Seca y limpia,Plano,Cajón,Recta,Transito normal con precaución,0,0,1,0,2.0,Choque,desobediencia a normas y senales,4502_0_77,19.0,5.0
Quindío,2019-11-07 14:30:00,1,450.0,2019-11-23 05:00:00,sabado,18,Seca,Seca y limpia,Plano,Terraplen,Recta,Cierre total,0,15,1,0,1.0,Choque,adelantamientos indebidos,2901B_1_1,13.0,11.0
Putumayo,2019-11-04 21:53:00,3,570.0,2019-09-14 05:00:00,sabado,0,Normal,Material suelto,Plano,Terraplen,Curva Derecha,Transito normal con precaución,0,0,1,0,1.0,Choque,embriaguez o sustancias alucinogenas,6501_0_3,5.0,19.0
Guajira,2019-11-06 15:11:00,69,300.0,2019-09-13 05:00:00,viernes,10,Lluvia,Humeda,Plano,Terraplen,Recta,Transito normal con precaución,0,0,0,0,0.0,Choque,no mantener distancia de seguridad,4902_1_69,15.0,9.0
Guajira,2019-11-06 15:15:00,19,900.0,2019-09-13 05:00:00,viernes,50,Lluvia,Humeda,Plano,Terraplen,Recta,Transito normal con precaución,0,0,0,0,0.0,Choque,no mantener distancia de seguridad,8801_1_19,19.0,5.0
Guajira,2019-11-06 15:21:00,22,300.0,2019-09-21 05:00:00,sabado,25,Normal,Seca y limpia,Plano,Cajón,Curva Izquierda,Transito normal con precaución,0,0,0,0,0.0,Choque,condiciones de la via y factores ambientales,8801_1_22,15.0,9.0
Guajira,2019-11-06 15:25:00,37,500.0,2019-09-25 05:00:00,miercoles,0,Normal,Seca y limpia,Plano,Terraplen,Recta,Transito normal con precaución,0,0,0,1,2.0,Choque,estacionamiento y senalizacion imprudente,8004A_1_37,6.0,18.0
Caquetá,2019-11-06 16:36:00,56,410.0,2019-10-18 05:00:00,viernes,30,Normal,Seca y limpia,Ondulado,Terraplen,Recta,Transito normal con precaución,19,30,3,0,4.0,Choque,desobediencia a normas y senales,6502_1_56,19.0,0.0
Caquetá,2019-11-06 23:33:00,56,860.0,2019-10-23 05:00:00,miercoles,10,Lluvia,Humeda,Ondulado,Terraplen,Recta,Transito normal con precaución,15,10,1,0,2.0,Choque,otra - conductor en general,6502_1_56,15.0,0.0
Caquetá,2019-11-06 20:29:00,11,400.0,2019-10-20 05:00:00,domingo,30,Seca,Seca y limpia,Ondulado,Terraplen,Recta,Transito normal con precaución,18,30,3,0,3.0,Choque,embriaguez o sustancias alucinogenas,6502_1_11,18.0,0.0
Quindío,2019-11-07 13:41:00,1,70.0,2019-10-31 05:00:00,jueves,20,Seca,Seca y limpia,Plano,Terraplen,Recta,Parcial con paso alternado,7,19,1,0,1.0,Choque,adelantamientos indebidos,4003_1_1,7.0,0.0
Planta Central,2019-11-07 18:47:00,59,500.0,2019-09-22 05:00:00,domingo,20,Normal,Seca y limpia,Plano,Terraplen,Recta,Transito normal con precaución,1,50,0,0,0.0,Choque,otra - conductor en general,4510_2_59,8.0,17.0
Planta Central,2019-11-07 18:47:00,39,960.0,2019-09-23 05:00:00,lunes,50,Lluvia,Humeda,Plano,Terraplen,Recta,Transito normal con precaución,1,40,0,0,0.0,Volcamiento,otra - conductor en general,4511_2_39,1.0,0.0
Planta Central,2019-11-07 19:25:00,43,300.0,2019-08-01 05:00:00,jueves,0,Normal,Seca y limpia,Plano,Media Ladera Derecha,Recta,Transito normal con precaución,1,50,0,0,0.0,Choque,fallas mecanicas y del sistema electrico,4510_1_43,15.0,10.0
Quindío,2019-11-07 14:08:00,5,930.0,2019-10-29 05:00:00,martes,50,Seca,Seca y limpia,Plano,Terraplen,Recta,Transito normal con precaución,6,50,1,0,1.0,Choque,adelantamientos indebidos,2901B_1_5,6.0,0.0
Quindío,2019-11-07 14:13:00,2,655.0,2019-08-08 05:00:00,jueves,40,Seca,Aceite,Plano,Terraplen,Recta,Parcial con reducción de carriles,8,40,1,0,1.0,Volcamiento,condiciones de la via y factores ambientales,4003_1_2,8.0,0.0
Quindío,2019-11-07 14:38:00,5,540.0,2019-07-23 05:00:00,martes,15,Lluvia,Otra,Plano,Media Ladera Derecha,Recta,Transito normal con precaución,0,0,1,0,1.0,Choque,estacionamiento y senalizacion imprudente,2901B_1_5,5.0,19.0
Planta Central,2019-11-07 14:58:00,125,660.0,2019-08-18 05:00:00,domingo,30,Normal,Seca y limpia,Plano,Terraplen,Recta,Transito normal con precaución,2,0,1,0,1.0,Choque,adelantamientos indebidos,4510_1_125,15.0,11.0
Planta Central,2019-11-07 14:58:00,85,500.0,2019-08-22 05:00:00,jueves,15,Normal,Seca y limpia,Plano,Terraplen,Recta,Transito normal con precaución,1,30,0,0,1.0,Choque,no mantener distancia de seguridad,4510_1_85,10.0,15.0
Planta Central,2019-11-07 14:58:00,43,300.0,2019-09-03 05:00:00,martes,50,Normal,Seca y limpia,Plano,Media Ladera Derecha,Curva Izquierda,Transito normal con precaución,1,20,1,0,2.0,Choque,no mantener distancia de seguridad,4510_1_43,5.0,20.0
Planta Central,2019-11-07 15:34:00,44,600.0,2019-09-08 05:00:00,domingo,15,Normal,Seca y limpia,Plano,Terraplen,Recta,Transito normal con precaución,5,30,0,1,1.0,Choque,otra - pasajero o acompanante,4510_1_44,2.0,3.0
Planta Central,2019-11-07 15:34:00,130,0.0,2019-09-11 05:00:00,miercoles,40,Lluvia,Humeda,Plano,Terraplen,Recta,Parcial con paso alternado,6,20,9,0,10.0,Choque,otra - conductor en general,4510_1_130,5.0,1.0
Planta Central,2019-11-07 15:34:00,58,400.0,2019-09-12 05:00:00,jueves,40,Normal,Humeda,Plano,Terraplen,Recta,Transito normal con precaución,1,30,0,0,10.0,Choque,otra - conductor en general,4511_1_58,2.0,23.0
Planta Central,2019-11-07 15:34:00,13,800.0,2019-09-13 05:00:00,viernes,0,Lluvia,Humeda,Plano,Terraplen,Recta,Transito normal con precaución,1,40,0,0,10.0,Choque,otra - conductor en general,4511_1_13,1.0,0.0
Planta Central,2019-11-07 15:34:00,35,0.0,2019-09-16 05:00:00,lunes,30,Normal,Seca y limpia,Plano,Terraplen,Recta,Transito normal con precaución,1,40,0,0,0.0,Choque,otra - conductor en general,4511_2_35,1.0,0.0
Planta Central,2019-11-07 16:25:00,124,460.0,2019-09-14 05:00:00,sabado,15,Normal,Seca y limpia,Plano,Terraplen,Recta,Transito normal con precaución,1,40,0,0,0.0,Choque,maniobras imprudentes,4510_1_124,8.0,17.0
Planta Central,2019-11-07 16:29:00,17,538.0,2019-09-16 05:00:00,lunes,38,Normal,Seca y limpia,Plano,Terraplen,Recta,Transito normal con precaución,2,15,1,0,1.0,Volcamiento,condiciones de la via y factores ambientales,4511_1_17,17.0,9.0
Planta Central,2019-11-07 16:29:00,43,160.0,2019-09-19 05:00:00,jueves,40,Normal,Seca y limpia,Plano,Terraplen,Recta,Transito normal con precaución,1,10,0,0,1.0,Choque,maniobras imprudentes,4511_1_43,18.0,7.0
Planta Central,2019-11-07 16:29:00,55,420.0,2019-09-20 05:00:00,viernes,40,Normal,Seca y limpia,Plano,Terraplen,Recta,Transito normal con precaución,1,50,0,0,1.0,Choque,otra - conductor en general,4511_1_55,5.0,20.0
Planta Central,2019-11-07 19:46:00,85,700.0,2019-08-01 05:00:00,jueves,50,Normal,Seca y limpia,Plano,Terraplen,Recta,Transito normal con precaución,1,20,0,0,0.0,Choque,desobediencia a normas y senales,4510_1_85,8.0,17.0
Quindío,2019-11-08 13:52:00,8,150.0,2019-09-07 05:00:00,sabado,40,Normal,Seca y limpia,Montañoso,Media ladera Izquierda,Curva Derecha,Parcial con reducción de carriles,1,0,0,0,0.0,Choque,maniobras imprudentes,4003_1_8,19.0,6.0
Quindío,2019-11-08 14:23:00,14,650.0,2019-09-09 05:00:00,lunes,15,Normal,Seca y limpia,Montañoso,Media ladera Izquierda,Curva Izquierda,Transito normal con precaución,0,0,1,0,1.0,Choque,fallas mecanicas y del sistema electrico,4003_1_14,17.0,7.0
Quindío,2019-11-08 14:44:00,21,150.0,2019-09-10 05:00:00,martes,0,Normal,Seca y limpia,Montañoso,Media Ladera Derecha,Curva Derecha,Parcial con reducción de carriles,1,0,0,0,0.0,Choque,otra - conductor en general,4003_1_21,3.0,22.0
Caquetá,2019-11-08 14:58:00,17,35.0,2019-10-28 05:00:00,lunes,50,Seca,Seca y limpia,Ondulado,Media Ladera Derecha,Curva Izquierda,Transito normal con precaución,16,50,2,0,3.0,Choque,desobediencia a normas y senales,6502_1_17,16.0,0.0
Quindío,2019-11-08 14:56:00,17,910.0,2019-09-22 05:00:00,domingo,30,Normal,Seca y limpia,Montañoso,Media ladera Izquierda,Curva Derecha,Transito normal con precaución,0,0,0,0,0.0,Choque,otra - conductor en general,4003_1_17,3.0,21.0