territorial,fecha_registro,pr,distancia_pr,fecha_acc,dia_semana_acc,min_acc,condic_meteor,estado_super,terreno,secc_tip,geometria_acc,tipo_cierre,horas_cierre,min_cierre,n_heridos,n_muertos,n_victimas,clase_accidente,causa_posible,ref_loc,hora_acc,duracion_cierre_horas
Quindío,2019-11-08 15:07:00,5,670.0,2019-09-25 05:00:00,miercoles,0,Lluvia,Humeda,Montañoso,Media ladera Izquierda,Curva Izquierda,Parcial con reducción de carriles,8,0,0,0,0.0,Choque,fallas mecanicas y del sistema electrico,4003_1_5,3.0,5.0
Quindío,2019-11-08 15:26:00,23,300.0,2019-09-26 05:00:00,jueves,30,Lluvia,Humeda,Montañoso,Media Ladera Derecha,Curva Izquierda,Transito normal con precaución,0,0,0,0,0.0,Choque,maniobras imprudentes,4003_1_23,1.0,23.0
Quindío,2019-11-08 18:27:00,21,800.0,2019-09-26 05:00:00,jueves,55,Normal,Seca y limpia,Montañoso,Media Ladera Derecha,Curva Izquierda,Parcial con reducción de carriles,0,30,0,0,0.0,Choque,adelantamientos indebidos,4003_1_21,21.0,3.0
Quindío,2019-11-08 18:33:00,9,200.0,2019-09-29 05:00:00,domingo,15,Normal,Seca y limpia,Montañoso,Media ladera Izquierda,Curva Izquierda,Transito normal con precaución,10,15,0,0,0.0,Choque,adelantamientos indebidos,4003_1_9,10.0,0.0
Quindío,2019-11-08 18:40:00,25,500.0,2019-09-29 05:00:00,domingo,45,Normal,Seca y limpia,Montañoso,Media Ladera Derecha,Curva Izquierda,Transito normal con precaución,0,0,1,0,1.0,Choque,adelantamientos indebidos,4003_1_25,15.0,9.0
Quindío,2019-11-08 21:12:00,0,530.0,2019-11-07 05:00:00,jueves,50,Seca,Seca y limpia,Plano,Media ladera Izquierda,Recta,Parcial con reducción de carriles,0,30,0,0,0.0,Choque,no mantener distancia de seguridad,4003_1_0,6.0,18.0
Planta Central,2019-11-09 13:38:00,3,0.0,2019-08-01 05:00:00,jueves,25,Normal,Seca y limpia,Plano,Terraplen,Recta,Transito normal con precaución,2,40,0,0,0.0,Choque,otra - conductor en general,4511_1_3,23.0,3.0
Planta Central,2019-11-09 13:38:00,37,600.0,2019-08-03 05:00:00,sabado,25,Normal,Seca y limpia,Plano,Terraplen,Recta,Transito normal con precaución,6,30,0,1,1.0,Choque,otra - conductor en general,4510_1_37,19.0,11.0
Putumayo,2019-11-12 14:44:00,9,120.0,2019-09-03 05:00:00,martes,30,Sol,Seca y limpia,Ondulado,Terraplen,Curva Derecha,Transito normal con precaución,14,30,1,0,1.0,Caída ocupante,impericia en el manejo,4501_1_9,14.0,0.0
Caquetá,2019-11-12 15:33:00,60,440.0,2019-11-07 05:00:00,jueves,0,Sol,Seca y limpia,Plano,Terraplen,Recta,Transito normal con precaución,15,0,1,0,1.0,Volcamiento,fallas mecanicas y del sistema electrico,6504_0_60,15.0,0.0
Putumayo,2019-11-12 15:21:00,84,800.0,2019-09-05 05:00:00,jueves,30,Normal,Material suelto,Plano,Terraplen,Recta,Transito normal con precaución,21,30,2,0,2.0,Caída ocupante,impericia en el manejo,4501_1_84,21.0,0.0
Putumayo,2019-11-12 20:07:00,8,305.0,2019-09-08 05:00:00,domingo,0,Normal,Seca y limpia,Ondulado,Terraplen,Curva Izquierda,Transito normal con precaución,1,0,0,0,1.0,Caída ocupante,impericia en el manejo,4501_1_8,1.0,0.0
Casanare,2019-11-13 12:44:00,41,212.0,2019-09-18 05:00:00,miercoles,45,Seca,Seca y limpia,Ondulado,Terraplen,Curva Derecha,Transito normal con precaución,19,45,0,1,3.0,Volcamiento,exceso de velocidad,6515_1_41,19.0,0.0
Casanare,2019-11-13 12:53:00,54,980.0,2019-09-20 05:00:00,viernes,20,Seca,Seca y limpia,Plano,Terraplen,Recta,Transito normal con precaución,9,20,0,1,1.0,Choque,maniobras imprudentes,6515_1_54,9.0,0.0
Casanare,2019-11-13 14:02:00,94,600.0,2019-10-26 05:00:00,sabado,0,Seca,Seca y limpia,Plano,Terraplen,Recta,Transito normal con precaución,19,30,0,2,3.0,Choque,embriaguez o sustancias alucinogenas,6515_1_94,18.0,1.0
Casanare,2019-11-13 14:08:00,100,900.0,2019-10-20 05:00:00,domingo,50,Seca,Seca y limpia,Plano,Terraplen,Recta,Transito normal con precaución,19,40,0,1,2.0,Choque,embriaguez o sustancias alucinogenas,6515_1_100,17.0,2.0
Casanare,2019-11-13 14:14:00,52,500.0,2019-10-21 05:00:00,lunes,30,Seca,Seca y limpia,Plano,Terraplen,Recta,Parcial con paso alternado,12,45,0,0,0.0,Choque,condiciones de la via y factores ambientales,6515_1_52,12.0,0.0
Casanare,2019-11-13 16:53:00,59,780.0,2019-10-10 05:00:00,jueves,30,Normal,Seca y limpia,Plano,Terraplen,Recta,Parcial restringido a vehiculos pesados,2,30,3,1,5.0,Choque,adelantamientos indebidos,6605_0_59,4.0,22.0
Casanare,2019-11-13 17:03:00,36,870.0,2019-10-24 05:00:00,jueves,30,Sol,Seca y limpia,Plano,Terraplen,Curva Izquierda,Transito normal con precaución,0,0,0,1,2.0,Choque,adelantamientos indebidos,6605_0_36,14.0,10.0
Putumayo,2019-11-14 12:27:00,30,0.0,2019-09-08 05:00:00,domingo,0,Sol,Seca y limpia,Ondulado,Terraplen,Curva Izquierda,Transito normal con precaución,14,0,6,0,6.0,Volcamiento,exceso de velocidad,4501_1_30,14.0,0.0
Putumayo,2019-11-14 12:36:00,18,400.0,2019-09-10 05:00:00,martes,0,Sol,Seca y limpia,Ondulado,Terraplen,Recta,Transito normal con precaución,17,0,1,0,2.0,Caída ocupante,impericia en el manejo,4501_1_18,17.0,0.0
Putumayo,2019-11-14 12:53:00,80,435.0,2019-09-16 05:00:00,lunes,0,Sol,Seca y limpia,Ondulado,Cajón,Recta,Transito normal con precaución,6,0,1,0,2.0,Choque,exceso de velocidad,4501_1_80,6.0,0.0
Putumayo,2019-11-14 15:40:00,38,100.0,2019-09-12 05:00:00,jueves,0,Lluvia,Humeda,Montañoso,Media ladera Izquierda,Curva Derecha,Transito normal con precaución,4,50,0,0,0.0,Salida de la vía sin volcarse,exceso de velocidad,1003_1_38,4.0,0.0
Putumayo,2019-11-14 15:33:00,40,360.0,2019-09-11 05:00:00,miercoles,0,Lluvia,Humeda,Montañoso,Media Ladera Derecha,Curva Izquierda,Transito normal con precaución,7,40,2,0,2.0,Volcamiento,exceso de velocidad,1003_1_40,7.0,0.0
Putumayo,2019-11-14 15:44:00,38,142.0,2019-09-19 05:00:00,jueves,30,Sol,Seca y limpia,Montañoso,Media ladera Izquierda,Curva Izquierda,Transito normal con precaución,16,0,2,0,2.0,Volcamiento,fallas mecanicas y del sistema electrico,1003_1_38,15.0,1.0
Putumayo,2019-11-14 15:48:00,88,350.0,2019-09-25 05:00:00,miercoles,30,Lluvia,Humeda,Montañoso,Media ladera Izquierda,Recta,Parcial restringido a vehiculos pesados,2,30,0,1,3.0,Volcamiento,exceso de velocidad,1003_1_88,12.0,14.0
Putumayo,2019-11-14 15:55:00,121,100.0,2019-09-25 05:00:00,miercoles,30,Normal,Humeda,Escarpado,Media Ladera Derecha,Recta,Cierre total,21,59,0,1,2.0,Volcamiento,fallas mecanicas y del sistema electrico,1003_1_121,20.0,1.0
Putumayo,2019-11-14 16:02:00,67,400.0,2019-09-29 05:00:00,domingo,30,Seca,Seca y limpia,Plano,Terraplen,Recta,Cierre total,2,30,0,1,1.0,Choque,impericia en el manejo,1003_1_67,2.0,0.0
Putumayo,2019-11-14 16:07:00,57,800.0,2019-09-15 05:00:00,domingo,40,Seca,Seca y limpia,Plano,Terraplen,Recta,Transito normal con precaución,8,40,2,0,2.0,Otro,condiciones de la via y factores ambientales,1003_1_57,8.0,0.0
Cauca,2019-11-14 16:58:00,16,526.0,2019-09-10 05:00:00,martes,0,Normal,Seca y limpia,Plano,Media Ladera Derecha,Recta,Transito normal con precaución,21,10,2,0,2.0,Atropello,impericia en el manejo,2601_0_16,21.0,0.0
Cauca,2019-11-14 16:58:00,0,140.0,2019-09-22 05:00:00,domingo,40,Normal,Seca y limpia,Plano,Media Ladera Derecha,Curva Derecha,Parcial con paso alternado,17,50,0,0,2.0,Choque,estacionamiento y senalizacion imprudente,2602A_1_0,17.0,0.0
Quindío,2019-11-15 16:07:00,2,505.0,2019-11-10 05:00:00,domingo,10,Seca,Seca y limpia,Plano,Media Ladera Derecha,Recta,Parcial con paso alternado,0,50,1,0,2.0,Choque,no mantener distancia de seguridad,2901B_1_2,10.0,14.0
Norte de Santander,2019-11-15 23:05:00,103,602.0,2019-09-24 05:00:00,martes,30,Sol,Seca y limpia,Escarpado,Media Ladera Derecha,Curva Derecha,Transito normal con precaución,4,0,0,0,0.0,Volcamiento,exceso de velocidad,7008_1_103,13.0,15.0
Caquetá,2019-11-18 14:43:00,25,580.0,2019-11-18 05:00:00,lunes,30,Lluvia,Humeda,Ondulado,Terraplen,Curva Derecha,Transito normal con precaución,4,30,2,0,2.0,Choque,condiciones de la via y factores ambientales,6502_1_25,4.0,0.0
Caquetá,2019-11-18 19:46:00,29,240.0,2019-11-17 05:00:00,domingo,0,Lluvia,Humeda,Ondulado,Media ladera Izquierda,Recta,Transito normal con precaución,23,0,1,0,1.0,Volcamiento,impericia en el manejo,6502_1_29,23.0,0.0
Putumayo,2019-11-20 12:34:00,75,450.0,2019-10-13 05:00:00,domingo,0,Normal,Seca y limpia,Montañoso,Media Ladera Derecha,Curva Izquierda,Transito normal con precaución,0,0,2,0,2.0,Otro,embriaguez o sustancias alucinogenas,4502_0_75,1.0,23.0
Antioquia,2019-11-20 17:46:00,98,210.0,2019-10-15 05:00:00,martes,30,Normal,Humeda,Montañoso,Media Ladera Derecha,Recta,Transito normal con precaución,3,30,0,0,0.0,Volcamiento,fallas mecanicas y del sistema electrico,5601_1_98,2.0,1.0
Putumayo,2019-11-22 01:17:00,75,240.0,2019-10-21 05:00:00,lunes,30,Normal,Seca y limpia,Montañoso,Media Ladera Derecha,Curva Derecha,Transito normal con precaución,0,0,0,0,1.0,Otro,otra - conductor en general,4502_0_75,5.0,19.0
Casanare,2019-11-22 20:23:00,34,700.0,2019-10-14 05:00:00,lunes,0,Sol,Seca y limpia,Plano,Terraplen,Curva Derecha,Parcial con reducción de carriles,18,0,0,0,2.0,Choque,otra - conductor en general,6514_0_34,18.0,0.0
Casanare,2019-11-22 21:00:00,3,450.0,2019-10-14 05:00:00,lunes,10,Normal,Seca y limpia,Ondulado,Terraplen,Recta,Parcial con reducción de carriles,21,10,0,0,0.0,Volcamiento,maniobras imprudentes,6513_0_3,21.0,0.0
Casanare,2019-11-22 21:20:00,49,500.0,2019-10-24 05:00:00,jueves,0,Normal,Seca y limpia,Plano,Terraplen,Recta,Parcial con reducción de carriles,20,0,0,0,0.0,Choque,condiciones de la via y factores ambientales,6513_0_49,20.0,0.0
Boyacá,2019-11-25 20:22:00,50,50.0,2019-10-08 05:00:00,martes,0,Seca,Seca y limpia,Plano,Media Ladera Derecha,Curva Izquierda,Transito normal con precaución,6,0,0,0,0.0,Caída de carga,fallas mecanicas y del sistema electrico,5503_1_50,6.0,0.0
Boyacá,2019-11-25 20:22:00,4,360.0,2019-10-08 05:00:00,martes,0,Lluvia,Humeda,Montañoso,Media ladera Izquierda,Curva Izquierda,Transito normal con precaución,15,0,21,0,21.0,Choque,estacionamiento y senalizacion imprudente,6211_1_4,15.0,0.0
Boyacá,2019-11-25 20:22:00,1,40.0,2019-10-13 05:00:00,domingo,0,Seca,Seca y limpia,Plano,Media ladera Izquierda,Curva Izquierda,Transito normal con precaución,3,0,0,0,21.0,Choque,exceso de velocidad,6211_1_1,3.0,0.0
Boyacá,2019-11-25 21:59:00,7,850.0,2019-11-27 05:00:00,miercoles,45,Normal,Seca y limpia,Plano,Media Ladera Derecha,Recta,Transito normal con precaución,13,50,1,0,1.0,Choque,adelantamientos indebidos,5503_1_7,13.0,0.0
Boyacá,2019-11-25 22:22:00,0,750.0,2019-10-29 05:00:00,martes,10,Normal,Seca y limpia,Plano,Media Ladera Derecha,Curva Derecha,Transito normal con precaución,18,20,1,0,1.0,Atropello,otra - conductor en general,6211_1_0,18.0,0.0
Boyacá,2019-11-25 22:22:00,3,300.0,2019-10-30 05:00:00,miercoles,45,Normal,Seca y limpia,Plano,Terraplen,Recta,Transito normal con precaución,8,45,0,0,1.0,Choque,impericia en el manejo,5503_1_3,8.0,0.0
Boyacá,2019-11-25 20:22:00,26,200.0,2019-10-11 05:00:00,viernes,30,Lluvia,Humeda,Montañoso,Media ladera Izquierda,Recta,Transito normal con precaución,13,30,0,0,21.0,Choque,impericia en el manejo,5503_1_26,13.0,0.0
Boyacá,2019-11-25 20:22:00,120,150.0,2019-10-15 05:00:00,martes,30,Seca,Seca y limpia,Escarpado,Media ladera Izquierda,Curva Izquierda,Transito normal con precaución,9,30,1,0,22.0,Volcamiento,impericia en el manejo,5503_1_120,9.0,0.0
Boyacá,2019-11-25 20:22:00,8,0.0,2019-10-19 05:00:00,sabado,0,Normal,Seca y limpia,Plano,Media Ladera Derecha,Curva Derecha,Transito normal con precaución,23,0,1,0,23.0,Choque,adelantamientos indebidos,6211_1_8,23.0,0.0
Meta,2019-11-26 12:50:00,47,700.0,2019-10-22 05:00:00,martes,50,Lluvia,Material suelto,Montañoso,Media ladera Izquierda,Curva Izquierda,Transito normal con precaución,0,0,0,0,0.0,Volcamiento,condiciones de la via y factores ambientales,65A02_1_47,11.0,13.0
Cauca,2019-11-26 14:00:00,90,496.0,2019-10-02 05:00:00,miercoles,0,Niebla,Seca y limpia,Montañoso,Media ladera Izquierda,Curva Izquierda,Transito normal con precaución,0,0,0,2,6.0,Volcamiento,exceso de velocidad,25CC15_0_90,1.0,23.0
Caldas,2019-11-26 22:33:00,26,0.0,2019-09-18 05:00:00,miercoles,10,Lluvia,Humeda,Montañoso,Media ladera Izquierda,Recta,Parcial con paso alternado,16,40,1,0,1.0,Choque,maniobras imprudentes,5005_1_26,16.0,0.0
Caldas,2019-11-26 22:35:00,29,200.0,2019-09-19 05:00:00,jueves,25,Normal,Seca y limpia,Montañoso,Media ladera Izquierda,Recta,Parcial con paso alternado,21,20,0,0,0.0,Choque,otra - pasajero o acompanante,5005_2_29,20.0,1.0
Caldas,2019-11-26 22:37:00,25,0.0,2019-09-19 05:00:00,jueves,0,Normal,Seca y limpia,Montañoso,Media ladera Izquierda,Recta,Parcial con paso alternado,15,20,0,0,0.0,Choque,adelantamientos indebidos,5005_1_25,15.0,0.0
Caldas,2019-11-26 22:16:00,29,100.0,2019-09-11 05:00:00,miercoles,20,Normal,Seca y limpia,Montañoso,Media ladera Izquierda,Recta,Parcial con paso alternado,13,59,0,0,0.0,Choque,desobediencia a normas y senales,5005_2_29,13.0,0.0
Caldas,2019-11-26 22:19:00,28,0.0,2019-09-11 05:00:00,miercoles,40,Normal,Seca y limpia,Montañoso,Media ladera Izquierda,Recta,Parcial con paso alternado,19,50,3,0,3.0,Atropello,otra - pasajero o acompanante,5005_2_28,19.0,0.0
Caldas,2019-11-26 22:24:00,26,0.0,2019-09-12 05:00:00,jueves,15,Normal,Seca y limpia,Montañoso,Media ladera Izquierda,Recta,Parcial con paso alternado,7,30,0,0,0.0,Choque,no mantener distancia de seguridad,5005_1_26,7.0,0.0
Caldas,2019-11-26 22:27:00,28,260.0,2019-09-12 05:00:00,jueves,50,Normal,Seca y limpia,Montañoso,Media ladera Izquierda,Curva Izquierda,Parcial con paso alternado,15,20,0,0,0.0,Choque,otra - pasajero o acompanante,5005_2_28,14.0,1.0
Caldas,2019-11-26 22:29:00,26,800.0,2019-09-13 05:00:00,viernes,10,Normal,Seca y limpia,Montañoso,Media ladera Izquierda,Recta,Parcial con paso alternado,14,20,0,0,0.0,Volcamiento,otra - pasajero o acompanante,5005_1_26,14.0,0.0
Caldas,2019-11-26 22:31:00,29,150.0,2019-09-13 05:00:00,viernes,21,Normal,Seca y limpia,Montañoso,Media ladera Izquierda,Recta,Parcial con paso alternado,19,30,0,0,0.0,Choque,no mantener distancia de seguridad,5005_2_29,19.0,0.0
Caldas,2019-11-26 22:40:00,24,900.0,2019-09-19 05:00:00,jueves,0,Normal,Seca y limpia,Montañoso,Media ladera Izquierda,Recta,Parcial con paso alternado,18,15,0,0,0.0,Choque,maniobras imprudentes,5005_1_24,15.0,3.0
Caldas,2019-11-27 13:05:00,27,0.0,2019-09-22 05:00:00,domingo,20,Normal,Seca y limpia,Montañoso,Media ladera Izquierda,Recta,Parcial con paso alternado,8,35,0,0,0.0,Choque,no mantener distancia de seguridad,5005_1_27,8.0,0.0
Caldas,2019-11-27 13:17:00,25,0.0,2019-09-27 05:00:00,viernes,40,Lluvia,Humeda,Montañoso,Media ladera Izquierda,Recta,Parcial con paso alternado,14,50,0,0,0.0,Choque,no mantener distancia de seguridad,5005_1_25,14.0,0.0
Caldas,2019-11-27 13:57:00,39,510.0,2019-10-19 05:00:00,sabado,0,Lluvia,Humeda,Montañoso,Media ladera Izquierda,Curva Izquierda,Parcial con paso alternado,14,10,0,0,0.0,Choque,otra - pasajero o acompanante,2902_1_39,14.0,0.0
Cauca,2019-11-27 14:16:00,98,700.0,2019-10-08 05:00:00,martes,40,Lluvia,Humeda,Montañoso,Media ladera Izquierda,Curva Derecha,Cierre total,3,0,2,0,2.0,Choque,impericia en el manejo,2602_0_98,6.0,21.0
Caldas,2019-11-27 14:41:00,27,700.0,2019-10-01 05:00:00,martes,3,Normal,Seca y limpia,Montañoso,Media ladera Izquierda,Recta,Parcial con paso alternado,19,35,0,0,0.0,Choque,no mantener distancia de seguridad,5005_2_27,19.0,0.0
Caldas,2019-11-27 15:03:00,28,180.0,2019-10-07 05:00:00,lunes,30,Normal,Seca y limpia,Montañoso,Media ladera Izquierda,Curva Izquierda,Parcial con paso alternado,18,35,0,0,0.0,Choque,otra - pasajero o acompanante,5005_2_28,18.0,0.0
Caldas,2019-11-27 15:05:00,28,235.0,2019-10-08 05:00:00,martes,47,Normal,Seca y limpia,Montañoso,Media ladera Izquierda,Curva Derecha,Parcial con paso alternado,16,58,0,0,0.0,Choque,desobediencia a normas y senales,5005_2_28,16.0,0.0
Caldas,2019-11-27 13:08:00,28,230.0,2019-09-22 05:00:00,domingo,0,Normal,Seca y limpia,Montañoso,Media ladera Izquierda,Curva Izquierda,Parcial con paso alternado,15,20,0,0,0.0,Choque,maniobras imprudentes,5005_1_28,15.0,0.0
Caldas,2019-11-27 13:10:00,23,880.0,2019-09-22 05:00:00,domingo,50,Lluvia,Humeda,Montañoso,Media ladera Izquierda,Curva Izquierda,Parcial con paso alternado,23,0,0,0,0.0,Choque,otra - pasajero o acompanante,5005_1_23,22.0,1.0
Caldas,2019-11-27 13:13:00,27,100.0,2019-09-23 05:00:00,lunes,0,Normal,Seca y limpia,Montañoso,Media ladera Izquierda,Recta,Parcial con paso alternado,16,10,0,0,0.0,Choque,no mantener distancia de seguridad,5005_1_27,16.0,0.0
Caldas,2019-11-27 13:15:00,29,0.0,2019-09-27 05:00:00,viernes,30,Normal,Seca y limpia,Montañoso,Media ladera Izquierda,Recta,Parcial con paso alternado,18,40,0,0,0.0,Choque,no mantener distancia de seguridad,5005_2_29,16.0,2.0
Caldas,2019-11-27 13:20:00,29,0.0,2019-09-30 05:00:00,lunes,10,Normal,Seca y limpia,Montañoso,Media ladera Izquierda,Recta,Parcial con paso alternado,18,35,0,0,0.0,Choque,no mantener distancia de seguridad,5005_2_29,18.0,0.0
Caldas,2019-11-27 13:22:00,0,455.0,2019-10-04 05:00:00,viernes,30,Normal,Seca y limpia,Montañoso,Media ladera Izquierda,Recta,Parcial con paso alternado,16,0,0,0,0.0,Choque,no mantener distancia de seguridad,2508_1_0,15.0,1.0
Caldas,2019-11-27 13:25:00,57,600.0,2019-10-08 05:00:00,martes,30,Normal,Seca y limpia,Montañoso,Media ladera Izquierda,Recta,Parcial con paso alternado,11,55,0,0,0.0,Choque,no mantener distancia de seguridad,2508_1_57,11.0,0.0
Caldas,2019-11-27 13:29:00,22,500.0,2019-10-14 05:00:00,lunes,10,Normal,Seca y limpia,Montañoso,Media ladera Izquierda,Curva Izquierda,Parcial con paso alternado,17,30,0,0,0.0,Choque,no mantener distancia de seguridad,2508_1_22,17.0,0.0
Caldas,2019-11-27 13:32:00,1,780.0,2019-10-18 05:00:00,viernes,30,Normal,Seca y limpia,Montañoso,Media ladera Izquierda,Recta,Parcial con paso alternado,18,30,0,0,0.0,Choque,otra - pasajero o acompanante,2508_1_1,18.0,0.0
Caldas,2019-11-27 13:34:00,23,180.0,2019-10-29 05:00:00,martes,45,Normal,Seca y limpia,Montañoso,Media ladera Izquierda,Curva Izquierda,Parcial con paso alternado,7,45,0,0,0.0,Choque,otra - pasajero o acompanante,2508_1_23,6.0,1.0
Caldas,2019-11-27 13:43:00,39,520.0,2019-10-01 05:00:00,martes,30,Normal,Seca y limpia,Montañoso,Media ladera Izquierda,Curva Izquierda,Parcial con paso alternado,8,43,4,0,4.0,Choque,otra - pasajero o acompanante,2902_1_39,8.0,0.0
Caldas,2019-11-27 13:47:00,40,300.0,2019-10-06 05:00:00,domingo,35,Normal,Seca y limpia,Montañoso,Media ladera Izquierda,Recta,Parcial con paso alternado,12,50,0,0,0.0,Choque,no mantener distancia de seguridad,2902_1_40,12.0,0.0
Caldas,2019-11-27 13:49:00,39,820.0,2019-10-07 05:00:00,lunes,30,Normal,Seca y limpia,Montañoso,Media ladera Izquierda,Recta,Parcial con paso alternado,12,45,0,0,0.0,Choque,no mantener distancia de seguridad,2902_1_39,12.0,0.0
Caldas,2019-11-27 13:51:00,42,700.0,2019-10-09 05:00:00,miercoles,10,Normal,Seca y limpia,Montañoso,Media ladera Izquierda,Recta,Parcial con paso alternado,11,20,1,0,1.0,Choque,no mantener distancia de seguridad,2902_1_42,11.0,0.0
Caldas,2019-11-27 13:53:00,30,670.0,2019-10-11 05:00:00,viernes,35,Normal,Seca y limpia,Montañoso,Media ladera Izquierda,Curva Izquierda,Parcial con paso alternado,14,45,0,0,0.0,Choque,otra - pasajero o acompanante,2902_1_30,14.0,0.0
Caldas,2019-11-27 13:55:00,45,0.0,2019-10-11 05:00:00,viernes,10,Normal,Seca y limpia,Montañoso,Media ladera Izquierda,Curva Derecha,Parcial con paso alternado,15,10,1,0,1.0,Choque,otra - pasajero o acompanante,2902_1_45,15.0,0.0
Caldas,2019-11-27 13:59:00,44,800.0,2019-10-19 05:00:00,sabado,20,Normal,Seca y limpia,Montañoso,Media ladera Izquierda,Curva Derecha,Parcial con paso alternado,21,30,0,1,1.0,Atropello,otra - pasajero o acompanante,2902_1_44,21.0,0.0
Caldas,2019-11-27 14:07:00,29,640.0,2019-10-21 05:00:00,lunes,30,Normal,Seca y limpia,Montañoso,Media ladera Izquierda,Recta,Parcial con paso alternado,9,47,0,0,0.0,Choque,otra - pasajero o acompanante,2902_1_29,9.0,0.0
Caldas,2019-11-27 14:10:00,31,510.0,2019-10-23 05:00:00,miercoles,30,Lluvia,Humeda,Montañoso,Media ladera Izquierda,Recta,Parcial con paso alternado,17,40,1,0,1.0,Otro,otra - pasajero o acompanante,2902_1_31,17.0,0.0
Caldas,2019-11-27 14:15:00,39,800.0,2019-10-24 05:00:00,jueves,20,Lluvia,Humeda,Montañoso,Media ladera Izquierda,Recta,Parcial con paso alternado,18,45,0,0,0.0,Choque,otra - pasajero o acompanante,2902_1_39,18.0,0.0
Caldas,2019-11-27 14:19:00,31,800.0,2019-10-27 05:00:00,domingo,30,Normal,Seca y limpia,Montañoso,Media ladera Izquierda,Curva Izquierda,Parcial con paso alternado,16,40,1,0,1.0,Choque,otra - pasajero o acompanante,2902_1_31,16.0,0.0
Caldas,2019-11-27 14:23:00,40,22.0,2019-10-28 05:00:00,lunes,45,Normal,Seca y limpia,Montañoso,Media ladera Izquierda,Recta,Parcial con paso alternado,18,52,3,0,3.0,Atropello,otra - pasajero o acompanante,2902_1_40,18.0,0.0
Caldas,2019-11-27 14:30:00,42,500.0,2019-10-28 05:00:00,lunes,0,Normal,Seca y limpia,Montañoso,Media ladera Izquierda,Curva Izquierda,Parcial con paso alternado,8,40,0,0,0.0,Choque,no mantener distancia de seguridad,2902_1_42,8.0,0.0
Caldas,2019-11-27 14:34:00,30,800.0,2019-10-31 05:00:00,jueves,30,Normal,Seca y limpia,Montañoso,Media ladera Izquierda,Recta,Parcial con paso alternado,13,45,0,0,0.0,Choque,adelantamientos indebidos,2902_1_30,13.0,0.0
Cauca,2019-11-27 14:27:00,2,600.0,2019-10-28 05:00:00,lunes,0,Normal,Seca y limpia,Montañoso,Media Ladera Derecha,Curva Derecha,Transito normal con precaución,3,0,0,0,0.0,Salida de la vía sin volcarse,embriaguez o sustancias alucinogenas,2602_0_2,8.0,19.0
Caldas,2019-11-27 14:38:00,32,440.0,2019-10-12 05:00:00,sabado,45,Normal,Seca y limpia,Montañoso,Media ladera Izquierda,Recta,Parcial con paso alternado,11,15,0,0,0.0,Choque,no mantener distancia de seguridad,2902_1_32,10.0,1.0
Caldas,2019-11-27 14:46:00,28,175.0,2019-10-04 05:00:00,viernes,10,Normal,Seca y limpia,Montañoso,Media ladera Izquierda,Recta,Parcial con paso alternado,23,40,0,0,0.0,Choque,otra - pasajero o acompanante,5005_2_28,23.0,0.0
Caldas,2019-11-27 14:48:00,27,330.0,2019-10-05 05:00:00,sabado,0,Normal,Seca y limpia,Montañoso,Media ladera Izquierda,Recta,Parcial con paso alternado,8,30,1,0,1.0,Choque,otra - pasajero o acompanante,5005_2_27,6.0,2.0
Caldas,2019-11-27 14:51:00,27,100.0,2019-10-06 05:00:00,domingo,30,Normal,Seca y limpia,Montañoso,Media ladera Izquierda,Curva Izquierda,Parcial con paso alternado,16,40,0,0,0.0,Choque,otra - pasajero o acompanante,5005_1_27,16.0,0.0
Caldas,2019-11-27 14:53:00,28,730.0,2019-10-06 05:00:00,domingo,45,Normal,Seca y limpia,Montañoso,Media ladera Izquierda,Recta,Parcial con paso alternado,18,5,0,0,0.0,Choque,no mantener distancia de seguridad,5005_2_28,17.0,1.0
Caldas,2019-11-27 14:56:00,28,900.0,2019-10-06 05:00:00,domingo,0,Normal,Seca y limpia,Montañoso,Media ladera Izquierda,Recta,Parcial con paso alternado,18,10,0,0,0.0,Choque,impericia en el manejo,5005_2_28,18.0,0.0
Caldas,2019-11-27 15:01:00,32,530.0,2019-10-07 05:00:00,lunes,50,Normal,Seca y limpia,Montañoso,Media ladera Izquierda,Curva Izquierda,Parcial con paso alternado,15,0,0,0,0.0,Choque,desobediencia a normas y senales,5005_2_32,14.0,1.0
Putumayo,2019-11-27 16:46:00,47,700.0,2019-10-01 05:00:00,martes,30,Sol,Seca y limpia,Escarpado,Media Ladera Derecha,Curva Izquierda,Transito normal con precaución,0,0,3,0,3.0,Volcamiento,fallas mecanicas y del sistema electrico,1003_1_47,8.0,16.0
Risaralda,2019-11-27 19:56:00,4,312.0,2019-10-02 05:00:00,miercoles,30,Normal,Seca y limpia,Plano,Terraplen,Recta,Transito normal con precaución,7,30,1,0,1.0,Choque,no mantener distancia de seguridad,2902_1_4,7.0,0.0
Risaralda,2019-11-27 20:00:00,0,20.0,2019-10-02 05:00:00,miercoles,20,Normal,Seca y limpia,Plano,Terraplen,Recta,Transito normal con precaución,12,20,0,0,0.0,Choque,otra - conductor en general,2902_2_0,12.0,0.0
Risaralda,2019-11-27 20:04:00,0,730.0,2019-10-03 05:00:00,jueves,10,Normal,Seca y limpia,Plano,Terraplen,Recta,Transito normal con precaución,12,10,0,0,0.0,Choque,no mantener distancia de seguridad,29RSA_2_0,12.0,0.0
Risaralda,2019-11-27 20:08:00,3,900.0,2019-10-04 05:00:00,viernes,30,Normal,Seca y limpia,Montañoso,Cajón,Curva Derecha,Transito normal con precaución,17,30,0,0,0.0,Choque,no mantener distancia de seguridad,29RSC_1_3,17.0,0.0