territorial,fecha_registro,pr,distancia_pr,fecha_acc,dia_semana_acc,min_acc,condic_meteor,estado_super,terreno,secc_tip,geometria_acc,tipo_cierre,horas_cierre,min_cierre,n_heridos,n_muertos,n_victimas,clase_accidente,causa_posible,ref_loc,hora_acc,duracion_cierre_horas
Risaralda,2019-11-27 20:12:00,3,630.0,2019-10-04 05:00:00,viernes,0,Normal,Seca y limpia,Plano,Terraplen,Curva Derecha,Transito normal con precaución,17,0,0,0,0.0,Choque,no mantener distancia de seguridad,29RSC_1_3,17.0,0.0
Risaralda,2019-11-27 20:20:00,0,40.0,2019-10-05 05:00:00,sabado,10,Normal,Seca y limpia,Plano,Terraplen,Recta,Transito normal con precaución,22,10,2,0,2.0,Choque,desobediencia a normas y senales,2902_2_0,22.0,0.0
Risaralda,2019-11-27 20:25:00,0,872.0,2019-10-08 05:00:00,martes,10,Normal,Seca y limpia,Ondulado,Cajón,Recta,Transito normal con precaución,14,10,0,0,0.0,Choque,otra - conductor en general,29RSA_1_0,14.0,0.0
Risaralda,2019-11-27 20:29:00,0,800.0,2019-10-08 05:00:00,martes,16,Normal,Seca y limpia,Plano,Terraplen,Recta,Transito normal con precaución,12,16,0,0,0.0,Choque,no mantener distancia de seguridad,29RSC_1_0,12.0,0.0
Risaralda,2019-11-27 20:41:00,6,800.0,2019-10-09 05:00:00,miercoles,0,Normal,Seca y limpia,Montañoso,Terraplen,Recta,Transito normal con precaución,10,0,1,0,1.0,Choque,adelantamientos indebidos,29RSC_1_6,10.0,0.0
Risaralda,2019-11-27 20:46:00,8,750.0,2019-10-10 05:00:00,jueves,40,Normal,Seca y limpia,Plano,Terraplen,Recta,Transito normal con precaución,7,40,0,0,0.0,Choque,otra - conductor en general,29RSC_1_8,7.0,0.0
Risaralda,2019-11-27 20:54:00,0,500.0,2019-10-11 05:00:00,viernes,17,Normal,Seca y limpia,Montañoso,Media Ladera Derecha,Curva Derecha,Transito normal con precaución,7,17,2,0,2.0,Choque,otra - conductor en general,2902_2_0,7.0,0.0
Risaralda,2019-11-27 20:59:00,1,780.0,2019-10-12 05:00:00,sabado,30,Normal,Seca y limpia,Plano,Terraplen,Recta,Transito normal con precaución,17,30,0,0,0.0,Choque,estacionamiento y senalizacion imprudente,2902_2_1,17.0,0.0
Risaralda,2019-11-27 21:07:00,0,130.0,2019-10-13 05:00:00,domingo,8,Normal,Seca y limpia,Plano,Terraplen,Recta,Transito normal con precaución,22,8,0,0,0.0,Choque,no mantener distancia de seguridad,29RSA_1_0,22.0,0.0
Risaralda,2019-11-27 21:18:00,1,650.0,2019-10-15 05:00:00,martes,50,Normal,Seca y limpia,Plano,Terraplen,Recta,Transito normal con precaución,4,50,0,0,0.0,Choque,desobediencia a normas y senales,2507_1_1,4.0,0.0
Risaralda,2019-11-27 21:23:00,5,200.0,2019-10-15 05:00:00,martes,40,Normal,Seca y limpia,Plano,Terraplen,Recta,Transito normal con precaución,16,40,0,0,0.0,Choque,desobediencia a normas y senales,29RSC_1_5,16.0,0.0
Risaralda,2019-11-27 21:27:00,0,180.0,2019-10-15 05:00:00,martes,0,Lluvia,Humeda,Plano,Media Ladera Derecha,Recta,Transito normal con precaución,19,0,0,0,0.0,Choque,maniobras imprudentes,2902_2_0,19.0,0.0
Caldas,2019-11-27 21:42:00,29,150.0,2019-10-08 05:00:00,martes,2,Normal,Seca y limpia,Montañoso,Media ladera Izquierda,Recta,Parcial con paso alternado,19,10,3,0,3.0,Choque,otra - pasajero o acompanante,5005_2_29,19.0,0.0
Caldas,2019-11-27 21:45:00,27,350.0,2019-10-15 05:00:00,martes,10,Normal,Seca y limpia,Montañoso,Media ladera Izquierda,Recta,Parcial con paso alternado,20,15,2,0,2.0,Atropello,otra - pasajero o acompanante,5005_2_27,20.0,0.0
Caldas,2019-11-27 21:46:00,28,50.0,2019-10-19 05:00:00,sabado,50,Normal,Seca y limpia,Montañoso,Media ladera Izquierda,Curva Derecha,Parcial con paso alternado,21,20,1,0,1.0,Choque,otra - pasajero o acompanante,5005_2_28,20.0,1.0
Caldas,2019-11-27 21:49:00,31,550.0,2019-10-19 05:00:00,sabado,35,Normal,Seca y limpia,Montañoso,Media ladera Izquierda,Recta,Parcial con paso alternado,15,45,0,0,0.0,Choque,desobediencia a normas y senales,5005_2_31,15.0,0.0
Caldas,2019-11-27 21:58:00,27,800.0,2019-10-22 05:00:00,martes,10,Normal,Seca y limpia,Montañoso,Media ladera Izquierda,Curva Izquierda,Parcial con paso alternado,14,30,0,0,0.0,Choque,estacionamiento y senalizacion imprudente,5005_1_27,14.0,0.0
Caldas,2019-11-27 22:03:00,29,640.0,2019-10-24 05:00:00,jueves,40,Normal,Seca y limpia,Montañoso,Media ladera Izquierda,Curva Izquierda,Parcial con paso alternado,18,45,1,0,1.0,Choque,no mantener distancia de seguridad,5005_2_29,18.0,0.0
Caldas,2019-11-27 22:09:00,27,300.0,2019-10-25 05:00:00,viernes,40,Normal,Seca y limpia,Montañoso,Media ladera Izquierda,Curva Derecha,Parcial con paso alternado,19,41,0,0,0.0,Choque,maniobras imprudentes,5005_2_27,19.0,0.0
Caldas,2019-11-27 22:11:00,28,280.0,2019-10-25 05:00:00,viernes,55,Normal,Seca y limpia,Montañoso,Media ladera Izquierda,Curva Derecha,Parcial con paso alternado,9,25,0,0,0.0,Choque,otra - pasajero o acompanante,5005_2_28,8.0,1.0
Caldas,2019-11-27 22:12:00,28,200.0,2019-10-26 05:00:00,sabado,10,Lluvia,Humeda,Montañoso,Media ladera Izquierda,Curva Derecha,Parcial con paso alternado,16,20,0,0,0.0,Choque,otra - pasajero o acompanante,5005_2_28,16.0,0.0
Caldas,2019-11-27 22:14:00,28,210.0,2019-10-28 05:00:00,lunes,45,Normal,Seca y limpia,Montañoso,Media ladera Izquierda,Curva Izquierda,Parcial con paso alternado,18,50,0,0,0.0,Choque,no mantener distancia de seguridad,5005_2_28,18.0,0.0
Caldas,2019-11-27 22:16:00,28,160.0,2019-10-30 05:00:00,miercoles,0,Normal,Seca y limpia,Montañoso,Media ladera Izquierda,Recta,Parcial con paso alternado,13,20,0,0,0.0,Choque,otra - pasajero o acompanante,5005_2_28,13.0,0.0
Caldas,2019-11-27 22:18:00,14,900.0,2019-10-09 05:00:00,miercoles,40,Lluvia,Humeda,Montañoso,Media ladera Izquierda,Curva Izquierda,Parcial con paso alternado,13,50,0,0,0.0,Choque,otra - pasajero o acompanante,5006_0_14,13.0,0.0
Caldas,2019-11-27 22:21:00,15,0.0,2019-10-09 05:00:00,miercoles,30,Lluvia,Humeda,Montañoso,Media ladera Izquierda,Curva Izquierda,Parcial con paso alternado,18,40,0,0,0.0,Choque,otra - pasajero o acompanante,5006_0_15,18.0,0.0
Caldas,2019-11-27 22:22:00,16,850.0,2019-10-11 05:00:00,viernes,10,Lluvia,Humeda,Montañoso,Media ladera Izquierda,Curva Izquierda,Parcial con paso alternado,18,20,0,0,0.0,Choque,condiciones de la via y factores ambientales,5006_0_16,18.0,0.0
Caldas,2019-11-27 22:25:00,19,850.0,2019-10-17 05:00:00,jueves,5,Lluvia,Humeda,Montañoso,Media ladera Izquierda,Curva Izquierda,Parcial con paso alternado,15,20,2,0,2.0,Choque,condiciones de la via y factores ambientales,5006_0_19,15.0,0.0
Caldas,2019-11-27 22:27:00,10,550.0,2019-10-18 05:00:00,viernes,35,Lluvia,Humeda,Montañoso,Media ladera Izquierda,Recta,Parcial con paso alternado,16,40,1,0,1.0,Choque,otra - pasajero o acompanante,5006_0_10,16.0,0.0
Norte de Santander,2019-11-27 22:48:00,14,700.0,2019-10-31 05:00:00,jueves,5,Normal,Seca y limpia,Plano,Terraplen,Recta,Transito normal con precaución,0,0,0,0,0.0,Choque,no mantener distancia de seguridad,55NSA_1_14,20.0,4.0
Norte de Santander,2019-11-27 22:52:00,16,580.0,2019-10-22 05:00:00,martes,15,Normal,Seca y limpia,Plano,Terraplen,Recta,Transito normal con precaución,0,0,0,0,0.0,Choque,no mantener distancia de seguridad,55NSA_2_16,10.0,14.0
Norte de Santander,2019-11-27 22:55:00,11,350.0,2019-10-17 05:00:00,jueves,0,Normal,Seca y limpia,Plano,Terraplen,Curva Izquierda,Transito normal con precaución,0,0,1,0,1.0,Atropello,desobediencia a normas y senales,55NSA_2_11,11.0,13.0
Norte de Santander,2019-11-27 23:03:00,10,450.0,2019-10-17 05:00:00,jueves,20,Normal,Seca y limpia,Plano,Terraplen,Recta,Transito normal con precaución,0,0,0,0,0.0,Choque,maniobras imprudentes,55NSA_2_10,18.0,6.0
Norte de Santander,2019-11-27 23:10:00,2,320.0,2019-10-02 05:00:00,miercoles,30,Normal,Seca y limpia,Ondulado,Terraplen,Recta,Transito normal con precaución,0,0,0,0,0.0,Choque,desobediencia a normas y senales,55NSA_2_2,14.0,10.0
Casanare,2019-11-28 13:55:00,15,760.0,2019-10-26 05:00:00,sabado,15,Normal,Seca y limpia,Plano,Terraplen,Recta,Parcial con reducción de carriles,16,15,1,0,1.0,Choque,no mantener distancia de seguridad,6513_0_15,16.0,0.0
Casanare,2019-11-28 15:37:00,37,570.0,2019-10-29 05:00:00,martes,40,Normal,Seca y limpia,Plano,Terraplen,Recta,Parcial con reducción de carriles,8,40,0,0,0.0,Choque,desobediencia a normas y senales,6513_0_37,8.0,0.0
Quindío,2019-11-28 18:47:00,8,535.0,2019-11-26 05:00:00,martes,50,Seca,Seca y limpia,Ondulado,Cajón,Curva Derecha,Parcial con reducción de carriles,0,30,0,2,2.0,Choque,exceso de velocidad,2901B_1_8,9.0,15.0
Planta Central,2019-11-28 20:35:00,84,200.0,2019-10-11 05:00:00,viernes,0,Lluvia,Humeda,Plano,Terraplen,Recta,Transito normal con precaución,0,0,0,0,0.0,Choque,otra - conductor en general,4511_1_84,20.0,4.0
Planta Central,2019-11-28 20:39:00,85,290.0,2019-10-11 05:00:00,viernes,0,Normal,Seca y limpia,Ondulado,Terraplen,Recta,Transito normal con precaución,0,0,0,0,0.0,Choque,no mantener distancia de seguridad,4511_1_85,15.0,9.0
Planta Central,2019-11-28 20:42:00,117,350.0,2019-10-19 05:00:00,sabado,10,Normal,Seca y limpia,Montañoso,Cajón,Recta,Transito normal con precaución,0,20,0,1,1.0,Choque,estacionamiento y senalizacion imprudente,4511_1_117,0.0,0.0
Planta Central,2019-11-28 20:51:00,127,950.0,2019-10-29 05:00:00,martes,40,Normal,Seca y limpia,Plano,Terraplen,Recta,Transito normal con precaución,0,32,3,0,3.0,Choque,no mantener distancia de seguridad,4511_1_127,10.0,14.0
Planta Central,2019-11-28 20:55:00,133,800.0,2019-10-04 05:00:00,viernes,30,Normal,Seca y limpia,Plano,Terraplen,Recta,Transito normal con precaución,0,0,0,0,0.0,Choque,no mantener distancia de seguridad,4511_1_133,11.0,13.0
Planta Central,2019-11-28 20:57:00,134,30.0,2019-10-23 05:00:00,miercoles,0,Normal,Seca y limpia,Plano,Terraplen,Recta,Transito normal con precaución,0,0,0,0,0.0,Volcamiento,fallas mecanicas y del sistema electrico,4511_1_134,11.0,13.0
Planta Central,2019-11-28 21:00:00,146,700.0,2019-10-05 05:00:00,sabado,10,Normal,Seca y limpia,Plano,Terraplen,Curva Derecha,Transito normal con precaución,0,13,2,0,2.0,Choque,otra - conductor en general,4511_1_146,17.0,7.0
Planta Central,2019-11-28 21:03:00,1,0.0,2019-10-03 05:00:00,jueves,10,Normal,Seca y limpia,Plano,Terraplen,Curva Derecha,Transito normal con precaución,0,0,0,0,0.0,Choque,no mantener distancia de seguridad,4513_1_1,10.0,14.0
Planta Central,2019-11-28 21:06:00,2,350.0,2019-10-08 05:00:00,martes,30,Normal,Seca y limpia,Plano,Terraplen,Recta,Transito normal con precaución,0,0,0,0,0.0,Choque,adelantamientos indebidos,4513_1_2,7.0,17.0
Planta Central,2019-11-28 21:30:00,37,400.0,2019-10-03 05:00:00,jueves,50,Normal,Humeda,Plano,Terraplen,Recta,Transito normal con precaución,0,0,0,0,0.0,Choque,fallas mecanicas y del sistema electrico,4513_1_37,19.0,5.0
Planta Central,2019-11-28 21:38:00,51,400.0,2019-10-29 05:00:00,martes,10,Normal,Seca y limpia,Plano,Terraplen,Recta,Transito normal con precaución,0,0,0,0,0.0,Volcamiento,condiciones de la via y factores ambientales,4513_2_51,0.0,0.0
Planta Central,2019-11-28 21:10:00,5,700.0,2019-10-09 05:00:00,miercoles,10,Normal,Seca y limpia,Plano,Terraplen,Recta,Transito normal con precaución,0,0,0,0,0.0,Caída de piedra,condiciones de la via y factores ambientales,4513_1_5,12.0,12.0
Planta Central,2019-11-28 21:14:00,12,250.0,2019-10-01 05:00:00,martes,0,Normal,Seca y limpia,Ondulado,Terraplen,Recta,Transito normal con precaución,0,0,0,0,0.0,Choque,no mantener distancia de seguridad,4513_1_12,15.0,9.0
Planta Central,2019-11-28 21:17:00,12,350.0,2019-10-02 05:00:00,miercoles,30,Lluvia,Humeda,Plano,Terraplen,Recta,Transito normal con precaución,0,0,0,0,0.0,Choque,condiciones de la via y factores ambientales,4513_1_12,9.0,15.0
Planta Central,2019-11-28 21:20:00,24,50.0,2019-10-17 05:00:00,jueves,0,Normal,Seca y limpia,Plano,Terraplen,Recta,Transito normal con precaución,0,15,1,0,1.0,Volcamiento,maniobras imprudentes,4513_1_24,7.0,17.0
Planta Central,2019-11-28 21:22:00,25,0.0,2019-10-22 05:00:00,martes,10,Normal,Seca y limpia,Plano,Terraplen,Recta,Transito normal con precaución,0,0,0,0,0.0,Choque,adelantamientos indebidos,4513_1_25,15.0,9.0
Planta Central,2019-11-28 21:27:00,33,540.0,2019-10-06 05:00:00,domingo,30,Normal,Seca y limpia,Plano,Terraplen,Recta,Transito normal con precaución,0,10,1,0,1.0,Choque,adelantamientos indebidos,4513_1_33,20.0,4.0
Planta Central,2019-11-28 21:34:00,37,450.0,2019-10-04 05:00:00,viernes,30,Normal,Seca y limpia,Plano,Terraplen,Recta,Transito normal con precaución,0,0,0,0,0.0,Choque,no mantener distancia de seguridad,4513_1_37,5.0,19.0
Nariño,2019-11-29 13:43:00,127,100.0,2019-10-11 05:00:00,viernes,50,Normal,Seca y limpia,Escarpado,Media ladera Izquierda,Curva Izquierda,Transito normal con precaución,17,50,1,0,1.0,Caída ocupante,adelantamientos indebidos,1002_1_127,17.0,0.0
Putumayo,2019-11-29 13:31:00,43,899.0,2019-10-14 05:00:00,lunes,10,Sol,Seca y limpia,Montañoso,Media ladera Izquierda,Curva Derecha,Transito normal con precaución,1,10,1,0,1.0,Volcamiento,exceso de velocidad,1003_1_43,5.0,20.0
Nariño,2019-11-29 13:46:00,30,200.0,2019-10-14 05:00:00,lunes,30,Normal,Seca y limpia,Plano,Media Ladera Derecha,Recta,Transito normal con precaución,2,30,0,1,1.0,Choque,embriaguez o sustancias alucinogenas,1702_0_30,2.0,0.0
Putumayo,2019-11-29 13:55:00,39,850.0,2019-10-18 05:00:00,viernes,0,Sol,Seca y limpia,Montañoso,Terraplen,Curva Izquierda,Transito normal con precaución,1,0,2,0,2.0,Volcamiento,fallas mecanicas y del sistema electrico,1003_1_39,13.0,12.0
Cesar,2019-11-29 14:08:00,134,700.0,2019-10-02 05:00:00,miercoles,30,Normal,Seca y limpia,Plano,Terraplen,Curva Derecha,Transito normal con precaución,0,0,1,0,1.0,Choque,estacionamiento y senalizacion imprudente,4901_1_134,21.0,3.0
Cesar,2019-11-29 14:11:00,71,200.0,2019-10-04 05:00:00,viernes,30,Normal,Seca y limpia,Plano,Terraplen,Recta,Transito normal con precaución,0,0,0,0,0.0,Volcamiento,maniobras imprudentes,4901_1_71,1.0,23.0
Cesar,2019-11-29 14:15:00,3,200.0,2019-10-04 05:00:00,viernes,50,Lluvia,Humeda,Plano,Terraplen,Recta,Transito normal con precaución,0,0,2,0,2.0,Choque,no mantener distancia de seguridad,8004_1_3,22.0,2.0
Cesar,2019-11-29 14:19:00,49,900.0,2019-10-05 05:00:00,sabado,0,Normal,Material organico,Plano,Terraplen,Recta,Transito normal con precaución,0,0,0,0,0.0,Choque,otra - pasajero o acompanante,4901_1_49,5.0,19.0
Cesar,2019-11-29 14:24:00,124,800.0,2019-10-07 05:00:00,lunes,40,Normal,Seca y limpia,Plano,Terraplen,Recta,Transito normal con precaución,0,0,0,0,1.0,Choque,adelantamientos indebidos,4901_1_124,7.0,17.0
Cesar,2019-11-29 14:28:00,111,450.0,2019-10-11 05:00:00,viernes,0,Normal,Humeda,Plano,Terraplen,Curva Derecha,Transito normal con precaución,0,0,0,0,0.0,Choque,adelantamientos indebidos,4901_1_111,19.0,5.0
Cesar,2019-11-29 14:31:00,2,49.0,2019-10-11 05:00:00,viernes,0,Lluvia,Humeda,Plano,Terraplen,Recta,Transito normal con precaución,0,0,0,0,0.0,Choque,no mantener distancia de seguridad,8004_1_2,20.0,4.0
Cesar,2019-11-29 14:35:00,81,400.0,2019-10-12 05:00:00,sabado,30,Normal,Humeda,Plano,Terraplen,Recta,Parcial con paso alternado,4,30,0,0,0.0,Choque,condiciones de la via y factores ambientales,4901_1_81,5.0,23.0
Cesar,2019-11-29 14:59:00,81,400.0,2019-10-12 05:00:00,sabado,40,Normal,Humeda,Plano,Terraplen,Recta,Parcial con paso alternado,4,30,5,0,5.0,Choque,exceso de velocidad,4901_1_81,5.0,23.0
Córdoba,2019-11-29 15:09:00,36,200.0,2019-10-12 05:00:00,sabado,15,Normal,Seca y limpia,Plano,Terraplen,Recta,Cierre total,2,30,0,1,3.0,Choque,maniobras imprudentes,2514_1_36,3.0,23.0
Córdoba,2019-11-29 15:15:00,46,950.0,2019-10-04 05:00:00,viernes,20,Normal,Seca y limpia,Plano,Terraplen,Recta,Transito normal con precaución,0,0,0,0,0.0,Volcamiento,maniobras imprudentes,2514_1_46,4.0,20.0
Córdoba,2019-11-29 19:39:00,2,125.0,2019-10-21 05:00:00,lunes,0,Normal,Seca y limpia,Plano,Terraplen,Recta,Transito normal con precaución,0,0,1,0,1.0,Volcamiento,otra - conductor en general,7403_1_2,8.0,16.0
Córdoba,2019-11-29 21:18:00,3,60.0,2019-10-26 05:00:00,sabado,0,Normal,Seca y limpia,Ondulado,Terraplen,Recta,Transito normal con precaución,0,0,1,0,1.0,Volcamiento,otra - conductor en general,7403_1_3,3.0,21.0
Córdoba,2019-11-29 21:24:00,18,800.0,2019-10-22 05:00:00,martes,0,Normal,Seca y limpia,Plano,Terraplen,Recta,Transito normal con precaución,0,0,0,0,2.0,Choque,condiciones de la via y factores ambientales,7403_1_18,6.0,18.0
Boyacá,2019-11-29 22:29:00,93,150.0,2019-09-21 05:00:00,sabado,30,Normal,Seca y limpia,Montañoso,Media ladera Izquierda,Recta,Transito normal con precaución,0,0,0,0,0.0,Choque,desobediencia a normas y senales,6006_0_93,9.0,15.0
Boyacá,2019-11-29 22:29:00,1,220.0,2019-10-29 05:00:00,martes,45,Lluvia,Humeda,Plano,Terraplen,Recta,Transito normal con precaución,0,0,0,0,0.0,Choque,maniobras imprudentes,45BY01_1_1,22.0,2.0
Cesar,2019-11-30 01:55:00,8,0.0,2019-10-17 05:00:00,jueves,50,Seca,Seca y limpia,Plano,Terraplen,Recta,Transito normal con precaución,0,0,0,0,0.0,Choque,condiciones de la via y factores ambientales,4901_1_8,0.0,0.0
Cesar,2019-11-30 01:59:00,78,0.0,2019-10-25 05:00:00,viernes,0,Normal,Seca y limpia,Plano,Terraplen,Recta,Transito normal con precaución,0,0,0,0,0.0,Choque,no mantener distancia de seguridad,4901_1_78,18.0,6.0
Cesar,2019-11-30 02:03:00,47,980.0,2019-10-30 05:00:00,miercoles,30,Normal,Seca y limpia,Plano,Terraplen,Recta,Transito normal con precaución,0,0,0,0,0.0,Choque,condiciones de la via y factores ambientales,4901_1_47,23.0,1.0
Planta Central,2019-12-02 15:14:00,74,500.0,2019-09-08 05:00:00,domingo,0,Normal,Seca y limpia,Plano,Terraplen,Recta,Transito normal con precaución,1,0,4,0,4.0,Choque,adelantamientos indebidos,4515_1_74,1.0,0.0
Planta Central,2019-12-02 15:14:00,74,600.0,2019-09-12 05:00:00,jueves,0,Normal,Seca y limpia,Plano,Terraplen,Recta,Transito normal con precaución,18,0,0,0,4.0,Choque,adelantamientos indebidos,4515_1_74,18.0,0.0
Planta Central,2019-12-02 15:14:00,80,0.0,2019-09-14 05:00:00,sabado,0,Normal,Seca y limpia,Plano,Terraplen,Recta,Transito normal con precaución,14,0,0,0,4.0,Choque,estacionamiento y senalizacion imprudente,4515_1_80,14.0,0.0
Planta Central,2019-12-02 15:14:00,43,800.0,2019-09-16 05:00:00,lunes,50,Lluvia,Humeda,Plano,Terraplen,Curva Derecha,Transito normal con precaución,6,50,0,0,0.0,Choque,no mantener distancia de seguridad,4515_1_43,6.0,0.0
Planta Central,2019-12-02 15:14:00,70,950.0,2019-09-19 05:00:00,jueves,30,Lluvia,Humeda,Plano,Terraplen,Recta,Transito normal con precaución,4,30,0,0,4.0,Choque,maniobras imprudentes,4515_1_70,4.0,0.0
Planta Central,2019-12-02 15:47:00,44,800.0,2019-09-20 05:00:00,viernes,0,Normal,Seca y limpia,Plano,Terraplen,Curva Derecha,Transito normal con precaución,20,0,0,0,0.0,Choque,maniobras imprudentes,4515_2_44,20.0,0.0
Cauca,2019-12-03 11:36:00,1,290.0,2019-10-07 05:00:00,lunes,0,Seca,Seca y limpia,Plano,Terraplen,Recta,Transito normal con precaución,0,0,0,0,0.0,Choque,maniobras imprudentes,3105_1_1,0.0,0.0
Cauca,2019-12-03 11:46:00,33,750.0,2019-10-07 05:00:00,lunes,0,Seca,Seca y limpia,Plano,Terraplen,Recta,Transito normal con precaución,0,0,0,1,1.0,No determinado,maniobras imprudentes,3105_1_33,0.0,0.0
Cauca,2019-12-03 11:53:00,3,420.0,2019-10-17 05:00:00,jueves,45,Seca,Seca y limpia,Ondulado,Media ladera Izquierda,Curva Derecha,Transito normal con precaución,0,0,0,1,1.0,Choque,adelantamientos indebidos,3105_1_3,5.0,19.0
Norte de Santander,2019-12-03 13:22:00,75,400.0,2019-10-11 05:00:00,viernes,0,Sol,Seca y limpia,Escarpado,Media Ladera Derecha,Curva Izquierda,Parcial con paso alternado,1,0,0,0,0.0,Choque,impericia en el manejo,7008_1_75,7.0,18.0
Norte de Santander,2019-12-03 13:28:00,104,370.0,2019-10-12 05:00:00,sabado,30,Lluvia,Humeda,Escarpado,Media Ladera Derecha,Curva Derecha,Parcial con reducción de carriles,3,0,0,0,0.0,Choque,condiciones de la via y factores ambientales,7008_1_104,17.0,10.0
Guajira,2019-12-03 14:37:00,16,50.0,2019-10-14 05:00:00,lunes,0,Normal,Seca y limpia,Plano,Terraplen,Recta,Transito normal con precaución,0,0,0,0,0.0,Choque,maniobras imprudentes,4902_1_16,7.0,17.0
Guajira,2019-12-03 14:51:00,44,100.0,2019-10-17 05:00:00,jueves,0,Normal,Seca y limpia,Plano,Terraplen,Recta,Transito normal con precaución,0,0,0,0,0.0,Choque,adelantamientos indebidos,8801_1_44,19.0,5.0
Guajira,2019-12-03 14:55:00,23,770.0,2019-10-19 05:00:00,sabado,45,Normal,Seca y limpia,Plano,Terraplen,Recta,Transito normal con precaución,0,0,5,0,5.0,Choque,condiciones de la via y factores ambientales,4902_1_23,14.0,10.0
Guajira,2019-12-03 14:57:00,33,750.0,2019-10-24 05:00:00,jueves,45,Normal,Seca y limpia,Plano,Terraplen,Recta,Transito normal con precaución,0,0,1,0,1.0,Choque,adelantamientos indebidos,4902_1_33,12.0,12.0
Guajira,2019-12-03 15:00:00,48,500.0,2019-10-25 05:00:00,viernes,3,Normal,Seca y limpia,Plano,Terraplen,Recta,Transito normal con precaución,0,0,2,0,2.0,Choque,impericia en el manejo,4902_1_48,0.0,0.0
Guajira,2019-12-03 15:03:00,24,500.0,2019-10-29 05:00:00,martes,50,Normal,Seca y limpia,Plano,Terraplen,Recta,Transito normal con precaución,0,0,0,0,0.0,Choque,adelantamientos indebidos,4902_1_24,5.0,19.0
Guajira,2019-12-03 15:05:00,23,780.0,2019-10-31 05:00:00,jueves,0,Normal,Seca y limpia,Plano,Terraplen,Recta,Transito normal con precaución,0,0,0,0,0.0,Choque,condiciones de la via y factores ambientales,4902_1_23,16.0,8.0
Chocó,2019-12-03 15:11:00,38,200.0,2019-12-03 05:00:00,martes,20,Normal,Seca y limpia,Ondulado,Cajón,Recta,Cierre total,12,20,0,1,1.0,Atropello,maniobras imprudentes,5002_1_38,12.0,0.0
Valle del Cauca,2019-12-04 13:33:00,55,150.0,2019-09-02 05:00:00,lunes,10,Sol,Seca y limpia,Montañoso,Media ladera Izquierda,Curva Izquierda,Transito normal con precaución,9,10,0,1,1.0,Volcamiento,otra - conductor en general,1901_0_55,9.0,0.0
Valle del Cauca,2019-12-04 13:33:00,54,930.0,2019-09-11 05:00:00,miercoles,20,Sol,Seca y limpia,Montañoso,Media Ladera Derecha,Curva Izquierda,Transito normal con precaución,15,35,0,0,2.0,Choque,otra - conductor en general,1901_0_54,15.0,0.0
Valle del Cauca,2019-12-04 14:09:00,28,90.0,2019-09-08 05:00:00,domingo,30,Lluvia,Humeda,Plano,Media ladera Izquierda,Curva Izquierda,Transito normal con precaución,17,0,0,0,0.0,Choque,condiciones de la via y factores ambientales,4001_1_28,15.0,2.0
Valle del Cauca,2019-12-04 14:09:00,51,50.0,2019-09-11 05:00:00,miercoles,50,Sol,Seca y limpia,Montañoso,Media ladera Izquierda,Recta,Transito normal con precaución,12,0,0,0,0.0,Choque,no mantener distancia de seguridad,4001_2_51,11.0,1.0
Valle del Cauca,2019-12-04 14:09:00,52,50.0,2019-09-13 05:00:00,viernes,40,Sol,Seca y limpia,Montañoso,Media ladera Izquierda,Curva Izquierda,Transito normal con precaución,21,0,0,0,0.0,Choque,desobediencia a normas y senales,4001_2_52,20.0,1.0
Valle del Cauca,2019-12-04 14:09:00,52,200.0,2019-09-14 05:00:00,sabado,20,Sol,Seca y limpia,Ondulado,Media ladera Izquierda,Recta,Transito normal con precaución,9,44,0,0,0.0,Choque,no mantener distancia de seguridad,4001_2_52,9.0,0.0
Caquetá,2019-12-04 14:51:00,22,200.0,2019-11-18 05:00:00,lunes,41,Sol,Seca y limpia,Plano,Terraplen,Recta,Transito normal con precaución,4,41,1,0,1.0,Salida de la vía sin volcarse,maniobras imprudentes,6504_0_22,4.0,0.0
Caquetá,2019-12-04 15:01:00,80,100.0,2019-11-23 05:00:00,sabado,0,Niebla,Seca y limpia,Plano,Terraplen,Curva Derecha,Transito normal con precaución,12,0,1,0,1.0,Choque,exceso de velocidad,3002_1_80,12.0,0.0
Caquetá,2019-12-04 15:01:00,80,100.0,2019-11-23 05:00:00,sabado,0,Niebla,Seca y limpia,Plano,Terraplen,Curva Derecha,Transito normal con precaución,12,0,1,0,1.0,Choque,exceso de velocidad,3002_1_80,12.0,0.0
Valle del Cauca,2019-12-04 16:32:00,58,0.0,2019-10-10 05:00:00,jueves,40,Sol,Seca y limpia,Montañoso,Media ladera Izquierda,Recta,Transito normal con precaución,7,30,2,1,4.0,Choque,no mantener distancia de seguridad,4001_1_58,6.0,1.0
Valle del Cauca,2019-12-04 19:52:00,52,100.0,2019-10-10 05:00:00,jueves,40,Sol,Seca y limpia,Montañoso,Media ladera Izquierda,Curva Derecha,Transito normal con precaución,23,43,0,0,0.0,Choque,no mantener distancia de seguridad,4001_1_52,22.0,1.0
Valle del Cauca,2019-12-04 19:52:00,31,900.0,2019-10-11 05:00:00,viernes,10,Lluvia,Humeda,Montañoso,Media ladera Izquierda,Curva Izquierda,Transito normal con precaución,16,40,0,0,0.0,Choque,otra - conductor en general,4001_1_31,16.0,0.0