territorial,fecha_registro,pr,distancia_pr,fecha_acc,dia_semana_acc,min_acc,condic_meteor,estado_super,terreno,secc_tip,geometria_acc,tipo_cierre,horas_cierre,min_cierre,n_heridos,n_muertos,n_victimas,clase_accidente,causa_posible,ref_loc,hora_acc,duracion_cierre_horas
Valle del Cauca,2019-12-04 19:52:00,32,115.0,2019-10-11 05:00:00,viernes,10,Lluvia,Humeda,Montañoso,Media ladera Izquierda,Curva Izquierda,Transito normal con precaución,17,35,0,0,0.0,Volcamiento,otra - conductor en general,4001_2_32,17.0,0.0
Valle del Cauca,2019-12-04 19:52:00,39,400.0,2019-10-12 05:00:00,sabado,30,Lluvia,Humeda,Montañoso,Media ladera Izquierda,Recta,Transito normal con precaución,23,20,0,0,0.0,Volcamiento,condiciones de la via y factores ambientales,4001_2_39,19.0,4.0
Valle del Cauca,2019-12-04 19:52:00,34,720.0,2019-10-19 05:00:00,sabado,45,Lluvia,Humeda,Montañoso,Media ladera Izquierda,Recta,Transito normal con precaución,18,30,1,0,1.0,Choque,condiciones de la via y factores ambientales,4001_2_34,16.0,2.0
Valle del Cauca,2019-12-04 19:52:00,38,500.0,2019-10-28 05:00:00,lunes,0,Lluvia,Humeda,Montañoso,Media ladera Izquierda,Recta,Transito normal con precaución,22,30,0,0,1.0,Choque,condiciones de la via y factores ambientales,4001_2_38,22.0,0.0
Planta Central,2019-12-04 20:27:00,80,600.0,2019-10-04 05:00:00,viernes,0,Normal,Seca y limpia,Plano,Terraplen,Recta,Transito normal con precaución,0,0,0,0,0.0,Choque,condiciones de la via y factores ambientales,4513_1_80,20.0,4.0
Planta Central,2019-12-04 20:32:00,81,0.0,2019-10-19 05:00:00,sabado,0,Normal,Seca y limpia,Plano,Terraplen,Recta,Transito normal con precaución,0,0,0,0,0.0,Choque,condiciones de la via y factores ambientales,4513_1_81,3.0,21.0
Planta Central,2019-12-04 20:41:00,81,900.0,2019-10-14 05:00:00,lunes,30,Normal,Seca y limpia,Plano,Terraplen,Recta,Transito normal con precaución,0,0,0,0,0.0,Volcamiento,fallas mecanicas y del sistema electrico,4513_1_81,7.0,17.0
Caquetá,2019-12-04 14:51:00,22,200.0,2019-11-18 05:00:00,lunes,41,Sol,Seca y limpia,Plano,Terraplen,Recta,Transito normal con precaución,4,41,1,0,1.0,Salida de la vía sin volcarse,maniobras imprudentes,6504_0_22,4.0,0.0
Caquetá,2019-12-04 15:11:00,54,500.0,2019-11-27 05:00:00,miercoles,59,Normal,Seca y limpia,Plano,Terraplen,Recta,Transito normal con precaución,20,59,2,0,2.0,Atropello,exceso de velocidad,6504_0_54,20.0,0.0
Valle del Cauca,2019-12-04 14:09:00,33,300.0,2019-09-17 05:00:00,martes,30,Sol,Seca y limpia,Ondulado,Media ladera Izquierda,Recta,Transito normal con precaución,15,30,0,0,0.0,Choque,fallas mecanicas y del sistema electrico,4001_2_33,14.0,1.0
Valle del Cauca,2019-12-04 14:09:00,43,786.0,2019-09-18 05:00:00,miercoles,1,Lluvia,Humeda,Plano,Media ladera Izquierda,Curva Derecha,Transito normal con precaución,7,20,0,0,0.0,Choque,condiciones de la via y factores ambientales,4001_2_43,7.0,0.0
Valle del Cauca,2019-12-04 14:09:00,53,840.0,2019-09-21 05:00:00,sabado,30,Lluvia,Humeda,Montañoso,Media ladera Izquierda,Curva Izquierda,Transito normal con precaución,8,50,0,0,0.0,Volcamiento,exceso de velocidad,4001_1_53,8.0,0.0
Valle del Cauca,2019-12-04 14:09:00,53,500.0,2019-09-23 05:00:00,lunes,40,Sol,Seca y limpia,Montañoso,Media ladera Izquierda,Recta,Transito normal con precaución,22,0,0,0,0.0,Choque,condiciones de la via y factores ambientales,4001_1_53,21.0,1.0
Valle del Cauca,2019-12-04 16:17:00,21,100.0,2019-10-17 05:00:00,jueves,0,Sol,Seca y limpia,Montañoso,Cajón,Recta,Transito normal con precaución,10,30,0,0,0.0,Choque,adelantamientos indebidos,1901_0_21,10.0,0.0
Valle del Cauca,2019-12-04 16:17:00,58,950.0,2019-10-17 05:00:00,jueves,40,Sol,Seca y limpia,Montañoso,Media Ladera Derecha,Curva Izquierda,Transito normal con precaución,20,10,0,0,1.0,Choque,otra - conductor en general,1901_0_58,19.0,1.0
Valle del Cauca,2019-12-04 16:17:00,40,940.0,2019-10-19 05:00:00,sabado,5,Sol,Seca y limpia,Montañoso,Media Ladera Derecha,Curva Derecha,Transito normal con precaución,19,40,0,0,2.0,Choque,otra - conductor en general,1901_0_40,19.0,0.0
Valle del Cauca,2019-12-04 16:17:00,29,680.0,2019-10-24 05:00:00,jueves,19,Lluvia,Humeda,Montañoso,Cajón,Curva Izquierda,Transito normal con precaución,16,5,4,1,7.0,Choque,otra - conductor en general,1901_0_29,10.0,6.0
Valle del Cauca,2019-12-04 16:32:00,39,700.0,2019-10-03 05:00:00,jueves,15,Lluvia,Humeda,Plano,Media ladera Izquierda,Curva Derecha,Transito normal con precaución,3,15,0,0,1.0,Choque,condiciones de la via y factores ambientales,4001_2_39,3.0,0.0
Planta Central,2019-12-04 16:59:00,70,0.0,2019-10-22 05:00:00,martes,20,Normal,Seca y limpia,Plano,Terraplen,Recta,Transito normal con precaución,0,0,0,0,0.0,Choque,maniobras imprudentes,4513_1_70,6.0,18.0
Planta Central,2019-12-04 17:03:00,58,420.0,2019-11-22 05:00:00,viernes,30,Lluvia,Humeda,Plano,Terraplen,Recta,Transito normal con precaución,0,0,0,0,0.0,Volcamiento,condiciones de la via y factores ambientales,4513_1_58,22.0,2.0
Planta Central,2019-12-04 17:05:00,60,500.0,2019-10-24 05:00:00,jueves,15,Lluvia,Humeda,Plano,Terraplen,Recta,Transito normal con precaución,0,0,0,0,0.0,Salida de la vía sin volcarse,condiciones de la via y factores ambientales,4513_1_60,6.0,18.0
Planta Central,2019-12-04 20:45:00,82,350.0,2019-10-13 05:00:00,domingo,40,Lluvia,Humeda,Plano,Terraplen,Recta,Transito normal con precaución,0,20,1,0,1.0,Choque,adelantamientos indebidos,4513_1_82,6.0,18.0
Planta Central,2019-12-04 20:48:00,83,500.0,2019-10-09 05:00:00,miercoles,10,Normal,Seca y limpia,Plano,Terraplen,Recta,Transito normal con precaución,0,0,0,0,0.0,Choque,no mantener distancia de seguridad,4513_1_83,19.0,5.0
Huila,2019-12-07 15:21:00,5,400.0,2019-07-01 05:00:00,lunes,10,Normal,Seca y limpia,Plano,Media ladera Izquierda,Recta,Parcial con reducción de carriles,1,10,1,1,2.0,Choque,exceso de velocidad,2003A_0_5,1.0,0.0
Huila,2019-12-07 15:21:00,39,500.0,2019-07-14 05:00:00,domingo,50,Normal,Seca y limpia,Montañoso,Cajón,Curva Izquierda,Parcial con paso alternado,11,50,2,0,4.0,Choque,fallas mecanicas y del sistema electrico,2003A_0_39,11.0,0.0
Huila,2019-12-07 15:21:00,2,400.0,2019-07-19 05:00:00,viernes,30,Normal,Seca y limpia,Ondulado,Media Ladera Derecha,Recta,Parcial con paso alternado,9,30,0,0,4.0,Choque,exceso de velocidad,2003_0_2,9.0,0.0
Huila,2019-12-07 15:21:00,124,700.0,2019-07-20 05:00:00,sabado,0,Normal,Seca y limpia,Ondulado,Media ladera Izquierda,Curva Izquierda,Parcial con paso alternado,21,0,0,0,4.0,Choque,otra - conductor en general,2002_1_124,21.0,0.0
Huila,2019-12-07 15:42:00,24,300.0,2019-12-21 05:00:00,sabado,30,Normal,Seca y limpia,Plano,Terraplen,Recta,Parcial con reducción de carriles,0,30,1,0,1.0,Choque,condiciones de la via y factores ambientales,2003A_0_24,0.0,0.0
Huila,2019-12-07 15:42:00,17,700.0,2019-08-25 05:00:00,domingo,50,Normal,Seca y limpia,Plano,Media Ladera Derecha,Recta,Parcial con paso alternado,21,50,1,0,2.0,Atropello,maniobras imprudentes,2003A_0_17,21.0,0.0
Nariño,2019-12-07 22:00:00,13,900.0,2019-10-02 05:00:00,miercoles,10,Normal,Seca y limpia,Plano,Terraplen,Recta,Transito normal con precaución,10,10,0,0,0.0,Choque,desobediencia a normas y senales,0801_1_13,10.0,0.0
Nariño,2019-12-07 22:14:00,34,600.0,2019-10-06 05:00:00,domingo,0,Lluvia,Humeda,Montañoso,Media Ladera Derecha,Recta,Transito normal con precaución,19,0,0,0,0.0,Choque,embriaguez o sustancias alucinogenas,1002_1_34,19.0,0.0
Risaralda,2019-12-09 20:24:00,3,255.0,2019-10-07 05:00:00,lunes,0,Normal,Seca y limpia,Plano,Media Ladera Derecha,Curva Derecha,Transito normal con precaución,21,0,1,0,1.0,Volcamiento,exceso de velocidad,5003_0_3,21.0,0.0
Risaralda,2019-12-09 20:28:00,0,3.0,2019-10-09 05:00:00,miercoles,15,Normal,Seca y limpia,Plano,Terraplen,Recta,Transito normal con precaución,16,15,2,0,2.0,Choque,desobediencia a normas y senales,5003_0_0,16.0,0.0
Huila,2019-12-10 16:49:00,115,300.0,2019-08-25 05:00:00,domingo,0,Normal,Seca y limpia,Ondulado,Media ladera Izquierda,Curva Izquierda,Parcial con reducción de carriles,22,0,0,0,0.0,Choque,adelantamientos indebidos,2002_1_115,22.0,0.0
Huila,2019-12-10 16:53:00,70,580.0,2019-08-03 05:00:00,sabado,40,Normal,Seca y limpia,Plano,Terraplen,Recta,Parcial con reducción de carriles,21,40,1,0,1.0,Atropello,embriaguez o sustancias alucinogenas,4504_1_70,21.0,0.0
Huila,2019-12-10 17:02:00,133,30.0,2019-09-22 05:00:00,domingo,0,Normal,Seca y limpia,Plano,Terraplen,Recta,Parcial con reducción de carriles,5,0,1,0,2.0,Choque,maniobras imprudentes,4503_1_133,5.0,0.0
Huila,2019-12-10 17:09:00,16,600.0,2019-09-22 05:00:00,domingo,50,Normal,Seca y limpia,Plano,Cajón,Recta,Transito normal con precaución,18,50,5,0,5.0,Choque,otra - conductor en general,2003A_0_16,18.0,0.0
Huila,2019-12-10 17:14:00,12,400.0,2019-09-30 05:00:00,lunes,0,Normal,Seca y limpia,Plano,Terraplen,Recta,Cierre total,16,0,5,1,6.0,Choque,exceso de velocidad,2003_0_12,16.0,0.0
Huila,2019-12-10 17:19:00,133,430.0,2019-12-05 05:00:00,jueves,0,Normal,Seca y limpia,Plano,Terraplen,Recta,Parcial con reducción de carriles,5,0,0,0,1.0,Caída ocupante,impericia en el manejo,4503_1_133,5.0,0.0
Huila,2019-12-10 17:42:00,122,700.0,2019-10-04 05:00:00,viernes,15,Normal,Seca y limpia,Montañoso,Media ladera Izquierda,Curva Derecha,Cierre total,2,15,1,1,2.0,Volcamiento,desobediencia a normas y senales,2002_1_122,2.0,0.0
Huila,2019-12-10 17:47:00,2,400.0,2019-10-07 05:00:00,lunes,0,Normal,Seca y limpia,Plano,Media Ladera Derecha,Curva Izquierda,Parcial con reducción de carriles,7,0,0,0,0.0,Choque,otra - conductor en general,2003_0_2,7.0,0.0
Huila,2019-12-10 17:53:00,118,0.0,2019-10-07 05:00:00,lunes,50,Normal,Seca y limpia,Escarpado,Media ladera Izquierda,Curva Izquierda,Parcial con reducción de carriles,17,50,0,1,1.0,Choque,adelantamientos indebidos,2002_1_118,17.0,0.0
Huila,2019-12-10 17:58:00,132,650.0,2019-10-08 05:00:00,martes,30,Normal,Seca y limpia,Plano,Terraplen,Recta,Parcial con reducción de carriles,20,30,0,0,0.0,Choque,desobediencia a normas y senales,4503_1_132,20.0,0.0
Planta Central,2019-12-10 18:54:00,52,300.0,2019-07-01 05:00:00,lunes,21,Lluvia,Humeda,Plano,Terraplen,Curva Izquierda,Transito normal con precaución,3,50,0,1,1.0,Atropello,conducta de peatones,4511_1_52,1.0,2.0
Planta Central,2019-12-10 18:58:00,41,100.0,2019-07-03 05:00:00,miercoles,30,Normal,Seca y limpia,Plano,Terraplen,Recta,Transito normal con precaución,1,14,0,0,0.0,Choque,no mantener distancia de seguridad,4511_1_41,22.0,3.0
Planta Central,2019-12-10 19:05:00,52,0.0,2019-07-04 05:00:00,jueves,15,Normal,Seca y limpia,Plano,Terraplen,Recta,Transito normal con precaución,1,15,0,0,0.0,Choque,maniobras imprudentes,4511_1_52,6.0,19.0
Huila,2019-12-10 19:11:00,134,240.0,2019-10-12 05:00:00,sabado,20,Normal,Seca y limpia,Plano,Terraplen,Recta,Cierre total,4,20,0,1,1.0,Choque,estacionamiento y senalizacion imprudente,4503_1_134,4.0,0.0
Huila,2019-12-10 19:18:00,24,500.0,2019-10-24 05:00:00,jueves,30,Normal,Seca y limpia,Ondulado,Terraplen,Curva Izquierda,Cierre total,17,30,1,1,2.0,Choque,otra - conductor en general,2003A_0_24,17.0,0.0
Huila,2019-12-10 19:22:00,133,120.0,2019-10-27 05:00:00,domingo,0,Normal,Seca y limpia,Plano,Terraplen,Recta,Parcial con reducción de carriles,1,0,0,0,0.0,Choque,adelantamientos indebidos,4503_1_133,1.0,0.0
Huila,2019-12-10 19:30:00,133,20.0,2019-11-14 05:00:00,jueves,0,Normal,Seca y limpia,Plano,Terraplen,Recta,Parcial con reducción de carriles,10,0,1,0,1.0,Choque,desobediencia a normas y senales,4503_2_133,10.0,0.0
Risaralda,2019-12-10 20:07:00,3,295.0,2019-10-15 05:00:00,martes,50,Normal,Seca y limpia,Plano,Terraplen,Recta,Transito normal con precaución,17,50,2,0,2.0,Atropello,maniobras imprudentes,2902_2_3,17.0,0.0
Risaralda,2019-12-10 20:14:00,0,955.0,2019-10-16 05:00:00,miercoles,0,Normal,Humeda,Ondulado,Terraplen,Recta,Transito normal con precaución,17,0,0,0,0.0,Choque,no mantener distancia de seguridad,29RSA_1_0,17.0,0.0
Risaralda,2019-12-10 20:17:00,13,80.0,2019-10-16 05:00:00,miercoles,30,Normal,Seca y limpia,Plano,Terraplen,Recta,Transito normal con precaución,22,30,0,0,0.0,Choque,desobediencia a normas y senales,29RSC_1_13,22.0,0.0
Planta Central,2019-12-10 20:23:00,74,200.0,2019-07-05 05:00:00,viernes,27,Normal,Seca y limpia,Plano,Terraplen,Recta,Transito normal con precaución,1,13,0,0,0.0,Choque,estacionamiento y senalizacion imprudente,4510_1_74,23.0,2.0
Risaralda,2019-12-10 20:22:00,0,300.0,2019-10-19 05:00:00,sabado,40,Normal,Seca y limpia,Plano,Terraplen,Recta,Transito normal con precaución,13,40,2,0,2.0,Choque,adelantamientos indebidos,29RSA_1_0,13.0,0.0
Planta Central,2019-12-10 21:18:00,40,550.0,2019-07-10 05:00:00,miercoles,10,Normal,Seca y limpia,Plano,Terraplen,Recta,Transito normal con precaución,1,40,0,0,0.0,Incendio,fallas mecanicas y del sistema electrico,4511_1_40,7.0,18.0
Risaralda,2019-12-10 23:46:00,2,270.0,2019-08-13 05:00:00,martes,55,Normal,Seca y limpia,Montañoso,Terraplen,Recta,Transito normal con precaución,9,55,0,1,1.0,Choque,exceso de velocidad,29RSC_1_2,21.0,12.0
Norte de Santander,2019-12-11 13:23:00,22,280.0,2019-10-19 05:00:00,sabado,10,Normal,Seca y limpia,Montañoso,Cajón,Curva Derecha,Transito normal con precaución,0,20,1,0,2.0,Choque,embriaguez o sustancias alucinogenas,5505_1_22,20.0,4.0
Norte de Santander,2019-12-11 13:26:00,26,90.0,2019-10-20 05:00:00,domingo,10,Normal,Seca y limpia,Montañoso,Media Ladera Derecha,Recta,Transito normal con precaución,0,40,0,0,1.0,Choque,embriaguez o sustancias alucinogenas,5505_1_26,20.0,4.0
Casanare,2019-12-11 13:56:00,57,400.0,2019-11-08 05:00:00,viernes,30,Normal,Seca y limpia,Montañoso,Media Ladera Derecha,Curva Derecha,Transito normal con precaución,0,0,0,2,2.0,Choque,desobediencia a normas y senales,6211_1_57,9.0,15.0
Chocó,2019-12-11 16:16:00,66,500.0,2019-09-05 05:00:00,jueves,30,Sol,Seca y limpia,Plano,Terraplen,Recta,Transito normal con precaución,0,15,0,0,5.0,Atropello,conducta de peatones,1307_0_66,12.0,12.0
Risaralda,2019-12-11 19:03:00,0,500.0,2019-10-20 05:00:00,domingo,30,Normal,Seca y limpia,Montañoso,Media Ladera Derecha,Recta,Transito normal con precaución,13,30,2,0,2.0,Choque,desobediencia a normas y senales,2902_2_0,13.0,0.0
Risaralda,2019-12-11 19:07:00,2,20.0,2019-10-21 05:00:00,lunes,15,Lluvia,Humeda,Plano,Terraplen,Recta,Transito normal con precaución,8,15,0,0,0.0,Choque,desobediencia a normas y senales,2902_2_2,8.0,0.0
Risaralda,2019-12-11 19:09:00,0,750.0,2019-10-21 05:00:00,lunes,58,Normal,Seca y limpia,Plano,Terraplen,Recta,Transito normal con precaución,9,58,0,0,0.0,Choque,maniobras imprudentes,2902_2_0,9.0,0.0
Risaralda,2019-12-11 19:12:00,2,20.0,2019-10-21 05:00:00,lunes,20,Normal,Seca y limpia,Plano,Terraplen,Recta,Transito normal con precaución,0,20,0,0,0.0,Choque,desobediencia a normas y senales,2902_1_2,0.0,0.0
Risaralda,2019-12-11 19:26:00,0,730.0,2019-10-21 05:00:00,lunes,10,Normal,Seca y limpia,Plano,Media Ladera Derecha,Curva Derecha,Transito normal con precaución,9,10,0,0,0.0,Choque,no mantener distancia de seguridad,29RSA_1_0,9.0,0.0
Risaralda,2019-12-11 19:31:00,9,20.0,2019-10-22 05:00:00,martes,10,Normal,Seca y limpia,Plano,Terraplen,Recta,Transito normal con precaución,18,10,0,0,0.0,Choque,no mantener distancia de seguridad,29RSC_1_9,18.0,0.0
Risaralda,2019-12-11 19:45:00,27,900.0,2019-10-22 05:00:00,martes,20,Normal,Seca y limpia,Plano,Terraplen,Recta,Transito normal con precaución,10,20,2,1,3.0,Choque,desobediencia a normas y senales,50RS01_1_27,10.0,0.0
Risaralda,2019-12-11 19:54:00,0,0.0,2019-10-23 05:00:00,miercoles,42,Normal,Seca y limpia,Plano,Terraplen,Recta,Transito normal con precaución,11,42,0,0,0.0,Choque,no mantener distancia de seguridad,29RSC_1_0,11.0,0.0
Risaralda,2019-12-11 20:01:00,0,730.0,2019-10-23 05:00:00,miercoles,40,Normal,Seca y limpia,Ondulado,Media Ladera Derecha,Recta,Transito normal con precaución,18,40,0,0,0.0,Choque,adelantamientos indebidos,2902_2_0,18.0,0.0
Risaralda,2019-12-11 20:04:00,1,80.0,2019-10-23 05:00:00,miercoles,50,Normal,Seca y limpia,Plano,Terraplen,Recta,Transito normal con precaución,22,50,1,0,1.0,Choque,no mantener distancia de seguridad,2902_2_1,22.0,0.0
Risaralda,2019-12-11 20:09:00,8,0.0,2019-10-25 05:00:00,viernes,50,Normal,Seca y limpia,Plano,Terraplen,Recta,Transito normal con precaución,9,50,0,0,0.0,Choque,no mantener distancia de seguridad,29RSC_1_8,9.0,0.0
Risaralda,2019-12-11 20:15:00,0,400.0,2019-10-25 05:00:00,viernes,10,Normal,Seca y limpia,Plano,Terraplen,Recta,Transito normal con precaución,11,10,1,0,1.0,Choque,estacionamiento y senalizacion imprudente,29RSA_1_0,11.0,0.0
Risaralda,2019-12-11 20:26:00,9,958.0,2019-10-25 05:00:00,viernes,50,Normal,Seca y limpia,Plano,Terraplen,Recta,Transito normal con precaución,21,50,1,0,1.0,Choque,desobediencia a normas y senales,29RSC_1_9,21.0,0.0
Risaralda,2019-12-11 20:30:00,3,875.0,2019-10-25 05:00:00,viernes,40,Normal,Seca y limpia,Plano,Terraplen,Recta,Transito normal con precaución,22,40,1,0,1.0,Atropello,conducta de peatones,2902_1_3,22.0,0.0
Risaralda,2019-12-11 20:42:00,3,295.0,2019-10-26 05:00:00,sabado,20,Normal,Seca y limpia,Plano,Terraplen,Recta,Transito normal con precaución,23,20,0,0,0.0,Choque,otra - conductor en general,2902_1_3,23.0,0.0
Risaralda,2019-12-11 21:28:00,0,180.0,2019-10-31 05:00:00,jueves,10,Normal,Humeda,Plano,Terraplen,Curva Izquierda,Transito normal con precaución,7,10,0,0,0.0,Choque,otra - conductor en general,2902_2_0,7.0,0.0
Casanare,2019-12-11 13:59:00,75,0.0,2019-11-11 05:00:00,lunes,20,Normal,Seca y limpia,Montañoso,Media ladera Izquierda,Curva Izquierda,Transito normal con precaución,0,0,0,0,0.0,Salida de la vía sin volcarse,maniobras imprudentes,6211_1_75,15.0,9.0
Casanare,2019-12-11 14:09:00,56,650.0,2019-11-20 05:00:00,miercoles,30,Normal,Seca y limpia,Montañoso,Media Ladera Derecha,Curva Derecha,Transito normal con precaución,0,0,2,0,2.0,Volcamiento,otra - conductor en general,6211_1_56,6.0,18.0
Casanare,2019-12-11 14:14:00,115,200.0,2019-11-21 05:00:00,jueves,0,Normal,Humeda,Montañoso,Media ladera Izquierda,Curva Izquierda,Transito normal con precaución,0,0,1,0,1.0,Atropello,adelantamientos indebidos,6211_1_115,17.0,7.0
Casanare,2019-12-11 14:17:00,112,300.0,2019-11-28 05:00:00,jueves,0,Normal,Seca y limpia,Montañoso,Media Ladera Derecha,Curva Izquierda,Transito normal con precaución,0,0,2,0,2.0,Salida de la vía sin volcarse,otra - conductor en general,6211_1_112,20.0,4.0
Chocó,2019-12-11 15:33:00,68,120.0,2019-08-15 05:00:00,jueves,30,Sol,Seca y limpia,Plano,Terraplen,Recta,Transito normal con precaución,1,0,0,0,0.0,Salida de la vía sin volcarse,exceso de velocidad,1307_0_68,13.0,12.0
Chocó,2019-12-11 15:33:00,83,140.0,2019-08-25 05:00:00,domingo,30,Normal,Seca y limpia,Plano,Terraplen,Recta,Transito normal con precaución,0,30,0,0,2.0,Volcamiento,exceso de velocidad,1307_0_83,19.0,5.0
Chocó,2019-12-11 15:33:00,62,500.0,2019-08-26 05:00:00,lunes,0,Sol,Seca y limpia,Plano,Terraplen,Curva Derecha,Transito normal con precaución,0,15,1,0,3.0,Atropello,conducta de peatones,1307_0_62,16.0,8.0
Ocaña,2019-12-12 19:55:00,50,126.0,2019-10-08 05:00:00,martes,30,Normal,Seca y limpia,Plano,Terraplen,Recta,Transito normal con precaución,0,0,0,0,3.0,Choque,otra - conductor en general,7007_2_50,5.0,19.0
Chocó,2019-12-11 16:16:00,71,0.0,2019-07-09 05:00:00,martes,30,Sol,Seca y limpia,Plano,Terraplen,Curva Derecha,Parcial con paso alternado,1,0,2,0,4.0,Choque,exceso en horas de conduccion,1307_0_71,13.0,12.0
Chocó,2019-12-11 16:16:00,86,600.0,2019-09-09 05:00:00,lunes,30,Normal,Seca y limpia,Ondulado,Terraplen,Curva Derecha,Transito normal con precaución,0,30,2,0,7.0,Choque,exceso de velocidad,1307_0_86,5.0,19.0
Chocó,2019-12-11 16:16:00,71,600.0,2019-09-15 05:00:00,domingo,0,Lluvia,Humeda,Plano,Terraplen,Recta,Transito normal con precaución,0,0,0,0,7.0,Salida de la vía sin volcarse,exceso de velocidad,1307_0_71,19.0,5.0
Risaralda,2019-12-11 20:36:00,8,370.0,2019-10-26 05:00:00,sabado,20,Normal,Seca y limpia,Plano,Terraplen,Recta,Transito normal con precaución,15,20,0,0,0.0,Choque,no mantener distancia de seguridad,29RSC_1_8,15.0,0.0
Risaralda,2019-12-11 20:51:00,1,370.0,2019-10-27 05:00:00,domingo,32,Normal,Seca y limpia,Plano,Terraplen,Recta,Transito normal con precaución,8,32,3,0,3.0,Choque,no mantener distancia de seguridad,2902_1_1,8.0,0.0
Risaralda,2019-12-11 20:55:00,0,180.0,2019-10-29 05:00:00,martes,25,Normal,Seca y limpia,Plano,Terraplen,Recta,Transito normal con precaución,12,25,0,0,0.0,Choque,no mantener distancia de seguridad,2902_2_0,12.0,0.0
Risaralda,2019-12-11 20:58:00,2,790.0,2019-10-29 05:00:00,martes,50,Normal,Seca y limpia,Plano,Terraplen,Recta,Transito normal con precaución,15,50,3,0,3.0,Choque,desobediencia a normas y senales,2902_2_2,15.0,0.0
Risaralda,2019-12-11 21:01:00,0,773.0,2019-10-30 05:00:00,miercoles,40,Normal,Seca y limpia,Plano,Media ladera Izquierda,Curva Izquierda,Transito normal con precaución,9,40,0,0,0.0,Choque,no mantener distancia de seguridad,29RSA_2_0,9.0,0.0
Risaralda,2019-12-11 21:04:00,0,840.0,2019-10-30 05:00:00,miercoles,0,Normal,Seca y limpia,Plano,Media ladera Izquierda,Curva Izquierda,Transito normal con precaución,17,0,0,0,0.0,Choque,no mantener distancia de seguridad,29RSA_2_0,17.0,0.0
Risaralda,2019-12-11 21:25:00,31,680.0,2019-10-30 05:00:00,miercoles,32,Normal,Seca y limpia,Plano,Terraplen,Recta,Transito normal con precaución,15,32,1,0,1.0,Atropello,adelantamientos indebidos,50RS01_1_31,15.0,0.0
Chocó,2019-12-12 15:15:00,11,650.0,2019-09-23 05:00:00,lunes,0,Sol,Seca y limpia,Plano,Terraplen,Curva Derecha,Transito normal con precaución,1,30,1,0,0.0,Salida de la vía sin volcarse,exceso de velocidad,6002_0_11,14.0,11.0
Chocó,2019-12-12 15:15:00,68,410.0,2019-09-24 05:00:00,martes,50,Normal,Seca y limpia,Plano,Terraplen,Curva Derecha,Transito normal con precaución,0,30,1,0,1.0,Volcamiento,exceso de velocidad,6002_0_68,18.0,6.0
Chocó,2019-12-12 15:15:00,71,0.0,2019-09-29 05:00:00,domingo,40,Sol,Seca y limpia,Plano,Terraplen,Curva Derecha,Transito normal con precaución,1,0,0,0,1.0,Choque,exceso de velocidad,1307_0_71,9.0,16.0
Ocaña,2019-12-12 19:55:00,50,426.0,2019-11-05 05:00:00,martes,40,Normal,Seca y limpia,Plano,Media ladera Izquierda,Recta,Transito normal con precaución,0,0,3,0,3.0,Choque,maniobras imprudentes,7007_2_50,20.0,4.0
Ocaña,2019-12-12 20:03:00,50,110.0,2019-10-08 05:00:00,martes,0,Normal,Seca y limpia,Plano,Terraplen,Recta,Transito normal con precaución,0,0,0,0,0.0,Choque,impericia en el manejo,7007_2_50,16.0,8.0
Ocaña,2019-12-12 20:03:00,0,144.0,2019-10-18 05:00:00,viernes,0,Normal,Seca y limpia,Plano,Media Ladera Derecha,Recta,Transito normal con precaución,0,0,0,0,0.0,Choque,desobediencia a normas y senales,70NS01_0_0,10.0,14.0
Ocaña,2019-12-12 20:03:00,50,340.0,2019-10-28 05:00:00,lunes,10,Normal,Seca y limpia,Plano,Terraplen,Recta,Transito normal con precaución,0,0,0,0,0.0,Choque,no mantener distancia de seguridad,7007_2_50,8.0,16.0
Ocaña,2019-12-12 20:03:00,32,300.0,2019-10-15 05:00:00,martes,30,Normal,Seca y limpia,Montañoso,Terraplen,Curva Derecha,Transito normal con precaución,0,0,0,0,0.0,Choque,fallas mecanicas y del sistema electrico,7008_1_32,17.0,7.0
Ocaña,2019-12-12 20:03:00,51,800.0,2019-10-29 05:00:00,martes,0,Normal,Seca y limpia,Montañoso,Terraplen,Curva Izquierda,Transito normal con precaución,0,0,2,0,2.0,Choque,impericia en el manejo,7007_1_51,22.0,2.0
Risaralda,2019-12-12 21:59:00,72,200.0,2019-10-13 05:00:00,domingo,0,Normal,Seca y limpia,Plano,Media Ladera Derecha,Recta,Transito normal con precaución,14,0,0,0,0.0,Volcamiento,otra - conductor en general,5002_1_72,14.0,0.0
Risaralda,2019-12-12 22:02:00,0,670.0,2019-10-26 05:00:00,sabado,50,Normal,Seca y limpia,Ondulado,Media Ladera Derecha,Curva Izquierda,Transito normal con precaución,18,50,1,0,1.0,Choque,adelantamientos indebidos,50RS01_1_0,18.0,0.0
Risaralda,2019-12-12 22:07:00,0,870.0,2019-11-28 05:00:00,jueves,0,Normal,Seca y limpia,Plano,Terraplen,Recta,Transito normal con precaución,16,0,2,0,2.0,Choque,no mantener distancia de seguridad,5003_0_0,16.0,0.0