territorial,fecha_registro,pr,distancia_pr,fecha_acc,dia_semana_acc,min_acc,condic_meteor,estado_super,terreno,secc_tip,geometria_acc,tipo_cierre,horas_cierre,min_cierre,n_heridos,n_muertos,n_victimas,clase_accidente,causa_posible,ref_loc,hora_acc,duracion_cierre_horas
Boyacá,2020-01-16 21:43:00,20,880.0,2019-11-10 05:00:00,domingo,0,Normal,Seca y limpia,Ondulado,Media ladera Izquierda,Curva Izquierda,Transito normal con precaución,7,0,0,0,0.0,Choque,adelantamientos indebidos,45A05_1_20,7.0,0.0
Boyacá,2020-01-16 21:55:00,60,250.0,2019-11-13 05:00:00,miercoles,10,Normal,Seca y limpia,Plano,Terraplen,Recta,Transito normal con precaución,15,10,1,1,2.0,Choque,fallas mecanicas y del sistema electrico,45A05_1_60,15.0,0.0
Boyacá,2020-01-16 22:19:00,23,900.0,2019-11-11 05:00:00,lunes,30,Normal,Seca y limpia,Ondulado,Media ladera Izquierda,Recta,Transito normal con precaución,8,30,0,0,0.0,Salida de la vía sin volcarse,otra - conductor en general,45A05_1_23,8.0,0.0
Boyacá,2020-01-16 22:27:00,34,750.0,2019-11-03 05:00:00,domingo,0,Normal,Seca y limpia,Plano,Terraplen,Recta,Transito normal con precaución,9,0,3,1,4.0,Volcamiento,fallas mecanicas y del sistema electrico,45A05_1_34,9.0,0.0
Sucre,2020-01-17 22:19:00,38,190.0,2019-11-09 05:00:00,sabado,30,Seca,Seca y limpia,Plano,Terraplen,Recta,Transito normal con precaución,2,0,0,0,0.0,Choque,condiciones de la via y factores ambientales,7404_0_38,19.0,7.0
Cauca,2020-01-20 16:50:00,1,30.0,2020-01-17 05:00:00,viernes,0,Seca,Seca y limpia,Montañoso,Media Ladera Derecha,Recta,Transito normal con precaución,17,0,0,0,2.0,Choque,exceso de velocidad,2602_0_1,17.0,0.0
Planta Central,2020-01-21 15:03:00,69,600.0,2019-08-27 05:00:00,martes,20,Normal,Seca y limpia,Plano,Terraplen,Recta,Transito normal con precaución,11,50,0,0,0.0,Choque,adelantamientos indebidos,4514_1_69,11.0,0.0
Planta Central,2020-01-21 15:28:00,48,0.0,2019-09-03 05:00:00,martes,5,Normal,Seca y limpia,Plano,Terraplen,Recta,Transito normal con precaución,12,45,0,0,0.0,Volcamiento,maniobras imprudentes,4514_1_48,12.0,0.0
Planta Central,2020-01-21 16:16:00,56,50.0,2019-09-06 05:00:00,viernes,30,Normal,Seca y limpia,Plano,Terraplen,Recta,Transito normal con precaución,11,20,0,0,0.0,Choque,maniobras imprudentes,4514_1_56,10.0,1.0
Planta Central,2020-01-21 16:24:00,35,700.0,2019-09-09 05:00:00,lunes,0,Normal,Seca y limpia,Plano,Terraplen,Curva Derecha,Transito normal con precaución,3,20,2,0,2.0,Choque,maniobras imprudentes,4514_2_35,3.0,0.0
Boyacá,2020-01-21 21:50:00,35,1020.0,2019-12-02 05:00:00,lunes,0,Normal,Seca y limpia,Ondulado,Media Ladera Derecha,Curva Derecha,Transito normal con precaución,5,0,0,0,0.0,Choque,impericia en el manejo,5503_1_35,5.0,0.0
Boyacá,2020-01-21 21:50:00,12,980.0,2019-12-03 05:00:00,martes,40,Normal,Seca y limpia,Plano,Media Ladera Derecha,Curva Derecha,Transito normal con precaución,8,40,0,0,0.0,Choque,adelantamientos indebidos,6211_1_12,8.0,0.0
Boyacá,2020-01-21 21:50:00,53,39.0,2019-12-07 05:00:00,sabado,45,Normal,Seca y limpia,Plano,Media Ladera Derecha,Recta,Transito normal con precaución,18,45,0,0,0.0,Choque,condiciones de la via y factores ambientales,5503_1_53,18.0,0.0
Boyacá,2020-01-21 21:50:00,13,460.0,2019-12-07 05:00:00,sabado,40,Normal,Seca y limpia,Plano,Media Ladera Derecha,Curva Derecha,Transito normal con precaución,15,40,0,0,0.0,Choque,estacionamiento y senalizacion imprudente,62BY05_2_13,15.0,0.0
Boyacá,2020-01-21 21:50:00,39,700.0,2019-12-07 05:00:00,sabado,0,Normal,Seca y limpia,Montañoso,Media Ladera Derecha,Curva Derecha,Transito normal con precaución,19,0,0,0,0.0,Volcamiento,impericia en el manejo,5503_1_39,19.0,0.0
Boyacá,2020-01-21 21:50:00,83,740.0,2019-12-12 05:00:00,jueves,30,Normal,Seca y limpia,Plano,Media Ladera Derecha,Curva Derecha,Transito normal con precaución,5,30,4,0,4.0,Choque,impericia en el manejo,5503_1_83,5.0,0.0
Boyacá,2020-01-21 22:33:00,39,650.0,2019-12-14 05:00:00,sabado,1,Normal,Seca y limpia,Plano,Media Ladera Derecha,Curva Derecha,Transito normal con precaución,12,1,0,0,0.0,Choque,impericia en el manejo,5503_1_39,12.0,0.0
Boyacá,2020-01-21 22:33:00,37,408.0,2019-12-14 05:00:00,sabado,0,Normal,Seca y limpia,Ondulado,Media Ladera Derecha,Curva Derecha,Transito normal con precaución,4,0,0,0,0.0,Choque,adelantamientos indebidos,5503_1_37,4.0,0.0
Boyacá,2020-01-21 22:33:00,73,790.0,2019-12-16 05:00:00,lunes,0,Normal,Seca y limpia,Montañoso,Cajón,Curva Izquierda,Transito normal con precaución,7,0,0,0,0.0,Salida de la vía sin volcarse,impericia en el manejo,5503_1_73,7.0,0.0
Boyacá,2020-01-21 22:33:00,56,600.0,2019-12-17 05:00:00,martes,50,Normal,Seca y limpia,Plano,Media Ladera Derecha,Recta,Transito normal con precaución,4,50,0,0,0.0,Choque,exceso en horas de conduccion,5503_1_56,4.0,0.0
Boyacá,2020-01-21 22:33:00,51,100.0,2019-12-17 05:00:00,martes,0,Lluvia,Humeda,Plano,Cajón,Curva Derecha,Transito normal con precaución,17,0,0,0,0.0,Volcamiento,condiciones de la via y factores ambientales,5503_1_51,17.0,0.0
Boyacá,2020-01-21 22:33:00,5,470.0,2019-12-19 05:00:00,jueves,0,Normal,Seca y limpia,Plano,Media Ladera Derecha,Curva Derecha,Transito normal con precaución,12,0,0,0,0.0,Volcamiento,impericia en el manejo,6211_1_5,12.0,0.0
Boyacá,2020-01-21 22:33:00,15,450.0,2019-12-21 05:00:00,sabado,0,Normal,Seca y limpia,Plano,Media Ladera Derecha,Curva Derecha,Transito normal con precaución,14,0,1,0,1.0,Choque,fallas mecanicas y del sistema electrico,6211_1_15,14.0,0.0
Boyacá,2020-01-21 22:33:00,14,500.0,2019-12-22 05:00:00,domingo,0,Normal,Seca y limpia,Plano,Media ladera Izquierda,Curva Izquierda,Transito normal con precaución,14,0,0,0,1.0,Choque,maniobras imprudentes,6211_1_14,14.0,0.0
Boyacá,2020-01-21 22:33:00,17,705.0,2019-12-27 05:00:00,viernes,45,Seca,Seca y limpia,Ondulado,Media ladera Izquierda,Curva Izquierda,Transito normal con precaución,14,45,0,0,1.0,Salida de la vía sin volcarse,exceso de velocidad,5503_1_17,14.0,0.0
Boyacá,2020-01-21 22:33:00,38,400.0,2019-12-29 05:00:00,domingo,45,Normal,Seca y limpia,Ondulado,Media Ladera Derecha,Curva Derecha,Transito normal con precaución,10,45,2,0,3.0,Choque,adelantamientos indebidos,5503_1_38,10.0,0.0
Planta Central,2020-01-22 13:16:00,79,110.0,2019-09-12 05:00:00,jueves,30,Normal,Seca y limpia,Plano,Terraplen,Recta,Transito normal con precaución,6,30,0,0,0.0,Volcamiento,exceso en horas de conduccion,4514_2_79,5.0,1.0
Planta Central,2020-01-22 13:25:00,39,600.0,2019-09-17 05:00:00,martes,0,Normal,Seca y limpia,Plano,Terraplen,Recta,Transito normal con precaución,14,20,0,0,0.0,Volcamiento,fallas mecanicas y del sistema electrico,4514_1_39,14.0,0.0
Planta Central,2020-01-22 13:42:00,95,450.0,2019-09-17 05:00:00,martes,42,Sol,Seca y limpia,Ondulado,Terraplen,Recta,Transito normal con precaución,5,30,0,0,0.0,Volcamiento,otra - conductor en general,4514_1_95,4.0,1.0
Planta Central,2020-01-22 13:55:00,0,300.0,2019-09-18 05:00:00,miercoles,20,Lluvia,Humeda,Ondulado,Media ladera Izquierda,Recta,Transito normal con precaución,6,40,0,0,0.0,Volcamiento,desobediencia a normas y senales,45CSD_1_0,6.0,0.0
Caquetá,2020-01-22 14:15:00,32,780.0,2020-01-13 05:00:00,lunes,0,Seca,Seca y limpia,Ondulado,Media ladera Izquierda,Curva Izquierda,Transito normal con precaución,18,0,1,0,2.0,Choque,maniobras imprudentes,6502_1_32,18.0,0.0
Planta Central,2020-01-22 16:24:00,99,186.0,2019-09-23 05:00:00,lunes,30,Lluvia,Humeda,Plano,Terraplen,Curva Izquierda,Transito normal con precaución,22,15,0,0,0.0,Volcamiento,maniobras imprudentes,4514_1_99,22.0,0.0
Planta Central,2020-01-22 19:10:00,16,0.0,2019-09-24 05:00:00,martes,50,Normal,Seca y limpia,Plano,Terraplen,Curva Izquierda,Transito normal con precaución,2,20,0,0,0.0,Choque,maniobras imprudentes,4514_2_16,1.0,1.0
Planta Central,2020-01-22 19:20:00,93,664.0,2019-09-29 05:00:00,domingo,30,Lluvia,Humeda,Plano,Terraplen,Recta,Transito normal con precaución,5,10,0,0,0.0,Choque,condiciones de la via y factores ambientales,4514_1_93,4.0,1.0
Planta Central,2020-01-22 19:28:00,0,400.0,2019-09-30 05:00:00,lunes,20,Normal,Seca y limpia,Plano,Terraplen,Curva Derecha,Transito normal con precaución,20,40,0,0,0.0,Volcamiento,maniobras imprudentes,45CSJ_1_0,20.0,0.0
Planta Central,2020-01-22 20:08:00,74,400.0,2019-10-07 05:00:00,lunes,30,Normal,Seca y limpia,Ondulado,Terraplen,Recta,Transito normal con precaución,17,0,0,0,0.0,Volcamiento,fallas mecanicas y del sistema electrico,4514_2_74,16.0,1.0
Planta Central,2020-01-22 20:34:00,88,570.0,2019-10-13 05:00:00,domingo,35,Lluvia,Humeda,Plano,Terraplen,Curva Izquierda,Transito normal con precaución,6,10,0,0,0.0,Volcamiento,maniobras imprudentes,4514_1_88,5.0,1.0
Planta Central,2020-01-22 20:42:00,0,300.0,2019-10-18 05:00:00,viernes,0,Normal,Seca y limpia,Plano,Terraplen,Recta,Transito normal con precaución,10,40,0,0,0.0,Choque,desobediencia a normas y senales,45CSH_2_0,10.0,0.0
Caquetá,2020-01-22 22:35:00,32,760.0,2020-01-12 05:00:00,domingo,15,Seca,Seca y limpia,Ondulado,Media ladera Izquierda,Curva Izquierda,Transito normal con precaución,16,50,1,0,2.0,Choque,maniobras imprudentes,6502_1_32,16.0,0.0
Planta Central,2020-01-24 13:08:00,22,0.0,2019-09-12 05:00:00,jueves,30,Normal,Seca y limpia,Plano,Terraplen,Recta,Transito normal con precaución,7,50,0,0,0.0,Volcamiento,maniobras imprudentes,4514_1_22,7.0,0.0
Planta Central,2020-01-24 13:35:00,33,800.0,2019-10-27 05:00:00,domingo,20,Normal,Seca y limpia,Plano,Terraplen,Recta,Transito normal con precaución,21,25,0,0,0.0,Volcamiento,otra - conductor en general,4514_1_33,20.0,1.0
Planta Central,2020-01-24 13:42:00,85,500.0,2019-10-27 05:00:00,domingo,40,Normal,Seca y limpia,Plano,Terraplen,Recta,Transito normal con precaución,1,20,0,0,0.0,Choque,no mantener distancia de seguridad,4514_2_85,0.0,1.0
Planta Central,2020-01-24 21:36:00,26,100.0,2019-11-11 05:00:00,lunes,20,Lluvia,Seca y limpia,Plano,Terraplen,Curva Izquierda,Transito normal con precaución,5,40,0,0,0.0,Choque,no mantener distancia de seguridad,4514_1_26,5.0,0.0
Planta Central,2020-01-24 14:54:00,69,600.0,2019-10-29 05:00:00,martes,20,Normal,Seca y limpia,Ondulado,Terraplen,Recta,Transito normal con precaución,17,45,1,0,2.0,Choque,maniobras imprudentes,4514_2_69,17.0,0.0
Planta Central,2020-01-24 15:14:00,23,0.0,2019-10-01 05:00:00,martes,0,Normal,Seca y limpia,Plano,Terraplen,Curva Derecha,Transito normal con precaución,17,20,0,0,0.0,Choque,adelantamientos indebidos,4515_1_23,17.0,0.0
Planta Central,2020-01-24 15:24:00,74,300.0,2019-10-09 05:00:00,miercoles,50,Normal,Seca y limpia,Plano,Terraplen,Recta,Transito normal con precaución,14,10,0,1,1.0,Choque,no mantener distancia de seguridad,4515_1_74,13.0,1.0
Planta Central,2020-01-24 15:34:00,31,400.0,2019-10-10 05:00:00,jueves,0,Normal,Seca y limpia,Plano,Terraplen,Recta,Transito normal con precaución,11,50,0,0,0.0,Choque,no mantener distancia de seguridad,4515_1_31,11.0,0.0
Planta Central,2020-01-24 15:54:00,27,500.0,2019-10-16 05:00:00,miercoles,50,Normal,Seca y limpia,Plano,Terraplen,Curva Derecha,Transito normal con precaución,19,55,0,0,0.0,Choque,maniobras imprudentes,4515_1_27,19.0,0.0
Planta Central,2020-01-24 16:03:00,83,900.0,2019-10-17 05:00:00,jueves,50,Normal,Seca y limpia,Plano,Terraplen,Curva Derecha,Transito normal con precaución,12,10,0,0,0.0,Choque,no mantener distancia de seguridad,4515_1_83,11.0,1.0
Planta Central,2020-01-24 16:18:00,46,400.0,2019-10-20 05:00:00,domingo,20,Normal,Seca y limpia,Plano,Terraplen,Recta,Transito normal con precaución,18,40,0,1,1.0,Choque,no mantener distancia de seguridad,4515_2_46,18.0,0.0
Planta Central,2020-01-24 19:40:00,26,200.0,2019-10-22 05:00:00,martes,20,Lluvia,Humeda,Plano,Terraplen,Recta,Transito normal con precaución,4,0,0,0,0.0,Otro,desobediencia a normas y senales,4515_1_26,3.0,1.0
Planta Central,2020-01-24 20:04:00,57,520.0,2019-10-24 05:00:00,jueves,0,Normal,Seca y limpia,Plano,Terraplen,Recta,Transito normal con precaución,13,50,0,0,0.0,Choque,no mantener distancia de seguridad,4515_1_57,13.0,0.0
Planta Central,2020-01-24 20:12:00,72,800.0,2019-10-27 05:00:00,domingo,30,Normal,Seca y limpia,Plano,Terraplen,Recta,Transito normal con precaución,20,0,0,0,0.0,Atropello,condiciones de la via y factores ambientales,4515_1_72,19.0,1.0
Planta Central,2020-01-24 20:21:00,81,400.0,2019-10-28 05:00:00,lunes,50,Normal,Seca y limpia,Plano,Terraplen,Recta,Transito normal con precaución,22,50,0,0,0.0,Choque,condiciones de la via y factores ambientales,4515_1_81,21.0,1.0
Planta Central,2020-01-24 20:27:00,57,200.0,2019-10-30 05:00:00,miercoles,0,Viento,Seca y limpia,Plano,Terraplen,Recta,Transito normal con precaución,21,30,0,0,0.0,Choque,no mantener distancia de seguridad,4515_1_57,21.0,0.0
Planta Central,2020-01-24 21:07:00,6,435.0,2019-11-07 05:00:00,jueves,50,Normal,Seca y limpia,Plano,Terraplen,Recta,Transito normal con precaución,20,10,0,0,0.0,Choque,no mantener distancia de seguridad,4515_2_6,19.0,1.0
Planta Central,2020-01-24 21:31:00,62,0.0,2019-11-07 05:00:00,jueves,0,Normal,Seca y limpia,Plano,Terraplen,Curva Derecha,Transito normal con precaución,6,30,0,0,0.0,Choque,estacionamiento y senalizacion imprudente,4515_1_62,6.0,0.0
Planta Central,2020-01-24 21:44:00,69,280.0,2019-11-17 05:00:00,domingo,50,Normal,Seca y limpia,Plano,Terraplen,Recta,Transito normal con precaución,9,15,0,0,0.0,Volcamiento,fallas mecanicas y del sistema electrico,4515_1_69,8.0,1.0
Planta Central,2020-01-25 13:38:00,69,700.0,2019-11-19 05:00:00,martes,40,Normal,Seca y limpia,Plano,Terraplen,Recta,Transito normal con precaución,14,0,0,0,0.0,Choque,no mantener distancia de seguridad,4515_1_69,13.0,1.0
Planta Central,2020-01-25 13:44:00,73,50.0,2019-11-19 05:00:00,martes,30,Normal,Seca y limpia,Plano,Terraplen,Recta,Transito normal con precaución,7,40,0,0,0.0,Choque,fallas mecanicas y del sistema electrico,4515_1_73,7.0,0.0
Planta Central,2020-01-25 13:49:00,67,200.0,2019-11-22 05:00:00,viernes,30,Normal,Seca y limpia,Plano,Terraplen,Recta,Transito normal con precaución,19,45,0,0,0.0,Choque,no mantener distancia de seguridad,4515_1_67,19.0,0.0
Planta Central,2020-01-25 14:02:00,55,740.0,2019-10-24 05:00:00,jueves,30,Normal,Seca y limpia,Plano,Terraplen,Recta,Transito normal con precaución,11,55,0,0,0.0,Choque,no mantener distancia de seguridad,4515_1_55,11.0,0.0
Planta Central,2020-01-25 14:13:00,43,700.0,2019-11-24 05:00:00,domingo,40,Normal,Seca y limpia,Plano,Terraplen,Recta,Transito normal con precaución,17,10,0,2,2.0,Choque,adelantamientos indebidos,4515_1_43,16.0,1.0
Planta Central,2020-01-25 14:25:00,59,500.0,2019-11-30 05:00:00,sabado,20,Normal,Seca y limpia,Plano,Terraplen,Recta,Transito normal con precaución,16,20,0,0,0.0,Choque,no mantener distancia de seguridad,4515_1_59,16.0,0.0
Planta Central,2020-01-25 14:48:00,51,200.0,2019-11-02 05:00:00,sabado,30,Normal,Seca y limpia,Plano,Terraplen,Recta,Transito normal con precaución,14,0,0,0,1.0,Choque,adelantamientos indebidos,4514_2_51,13.0,1.0
Planta Central,2020-01-25 14:55:00,32,100.0,2019-11-03 05:00:00,domingo,40,Normal,Seca y limpia,Plano,Terraplen,Recta,Transito normal con precaución,14,10,0,1,2.0,Choque,otra - conductor en general,4514_1_32,13.0,1.0
Planta Central,2020-01-25 15:23:00,39,500.0,2019-11-03 05:00:00,domingo,21,Normal,Seca y limpia,Plano,Terraplen,Recta,Transito normal con precaución,18,45,0,0,1.0,Choque,estacionamiento y senalizacion imprudente,4514_2_39,18.0,0.0
Planta Central,2020-01-25 15:48:00,8,0.0,2019-11-06 05:00:00,miercoles,0,Normal,Seca y limpia,Plano,Terraplen,Recta,Transito normal con precaución,9,25,0,0,0.0,Choque,otra - conductor en general,4514_1_8,9.0,0.0
Ocaña,2020-01-27 13:31:00,49,100.0,2019-11-15 05:00:00,viernes,40,Normal,Seca y limpia,Plano,Terraplen,Recta,Transito normal con precaución,0,0,1,0,1.0,Choque,impericia en el manejo,7007_1_49,19.0,5.0
Ocaña,2020-01-27 13:34:00,50,110.0,2019-11-29 05:00:00,viernes,30,Normal,Seca y limpia,Plano,Terraplen,Recta,Transito normal con precaución,0,0,1,0,1.0,Atropello,conducta de peatones,7007_2_50,19.0,5.0
Ocaña,2020-01-27 13:38:00,50,233.0,2019-11-19 05:00:00,martes,0,Normal,Seca y limpia,Plano,Terraplen,Recta,Transito normal con precaución,0,0,0,0,0.0,Choque,no mantener distancia de seguridad,7007_2_50,18.0,6.0
Ocaña,2020-01-27 13:40:00,53,630.0,2019-11-06 05:00:00,miercoles,25,Normal,Seca y limpia,Ondulado,Media ladera Izquierda,Curva Izquierda,Transito normal con precaución,0,0,1,0,1.0,Choque,impericia en el manejo,7007_1_53,20.0,4.0
Planta Central,2020-01-27 23:54:00,62,750.0,2019-12-07 05:00:00,sabado,25,Normal,Seca y limpia,Plano,Terraplen,Recta,Transito normal con precaución,0,12,2,0,2.0,Choque,maniobras imprudentes,4511_1_62,20.0,4.0
Planta Central,2020-01-28 00:05:00,70,50.0,2019-12-28 05:00:00,sabado,56,Normal,Seca y limpia,Plano,Terraplen,Recta,Transito normal con precaución,0,35,2,1,3.0,Choque,adelantamientos indebidos,4511_1_70,1.0,23.0
Planta Central,2020-01-28 00:10:00,75,300.0,2019-12-16 05:00:00,lunes,0,Normal,Seca y limpia,Ondulado,Media Ladera Derecha,Recta,Transito normal con precaución,0,0,0,0,0.0,Caída de carga,otra - conductor en general,4511_1_75,20.0,4.0
Planta Central,2020-01-28 00:13:00,75,700.0,2019-12-06 05:00:00,viernes,10,Normal,Seca y limpia,Plano,Media ladera Izquierda,Recta,Transito normal con precaución,0,10,2,0,2.0,Choque,maniobras imprudentes,4511_1_75,14.0,10.0
Planta Central,2020-01-28 00:16:00,77,0.0,2019-12-13 05:00:00,viernes,40,Normal,Seca y limpia,Plano,Terraplen,Recta,Transito normal con precaución,0,0,0,0,0.0,Choque,no mantener distancia de seguridad,4511_1_77,13.0,11.0
Planta Central,2020-01-28 00:19:00,77,0.0,2019-12-13 05:00:00,viernes,40,Normal,Seca y limpia,Plano,Terraplen,Recta,Transito normal con precaución,0,0,0,0,0.0,Choque,no mantener distancia de seguridad,4511_1_77,13.0,11.0
Planta Central,2020-01-28 00:23:00,81,0.0,2019-12-27 05:00:00,viernes,10,Normal,Seca y limpia,Plano,Terraplen,Recta,Transito normal con precaución,0,0,0,0,0.0,Choque,no mantener distancia de seguridad,4511_1_81,14.0,10.0
Planta Central,2020-01-28 00:31:00,83,280.0,2019-12-15 05:00:00,domingo,20,Normal,Seca y limpia,Plano,Terraplen,Recta,Transito normal con precaución,0,0,0,0,0.0,Choque,condiciones de la via y factores ambientales,4511_1_83,13.0,11.0
Planta Central,2020-01-28 00:34:00,84,190.0,2019-12-05 05:00:00,jueves,10,Normal,Seca y limpia,Plano,Terraplen,Recta,Transito normal con precaución,0,0,0,0,0.0,Choque,maniobras imprudentes,4511_1_84,8.0,16.0
Planta Central,2020-01-28 00:39:00,92,870.0,2019-12-16 05:00:00,lunes,0,Lluvia,Humeda,Plano,Terraplen,Recta,Transito normal con precaución,0,0,0,0,0.0,Choque,adelantamientos indebidos,4511_1_92,13.0,11.0
Planta Central,2020-01-28 00:42:00,96,245.0,2019-12-19 05:00:00,jueves,0,Normal,Seca y limpia,Ondulado,Terraplen,Recta,Transito normal con precaución,1,35,15,1,16.0,Choque,maniobras imprudentes,4511_1_96,5.0,20.0
Planta Central,2020-01-28 00:44:00,99,560.0,2019-12-20 05:00:00,viernes,40,Normal,Seca y limpia,Ondulado,Terraplen,Curva Derecha,Transito normal con precaución,0,0,0,0,0.0,Choque,adelantamientos indebidos,4511_1_99,17.0,7.0
Planta Central,2020-01-28 00:48:00,100,900.0,2019-12-19 05:00:00,jueves,20,Normal,Seca y limpia,Ondulado,Terraplen,Recta,Transito normal con precaución,0,0,0,0,0.0,Choque,no mantener distancia de seguridad,4511_1_100,17.0,7.0
Planta Central,2020-01-28 00:50:00,118,200.0,2019-12-13 05:00:00,viernes,0,Normal,Seca y limpia,Montañoso,Terraplen,Recta,Transito normal con precaución,0,0,0,0,0.0,Choque,no mantener distancia de seguridad,4511_1_118,14.0,10.0
Guajira,2020-01-27 20:15:00,19,900.0,2019-11-06 05:00:00,miercoles,50,Normal,Seca y limpia,Plano,Terraplen,Recta,Transito normal con precaución,0,0,0,0,0.0,Choque,no mantener distancia de seguridad,8801_1_19,10.0,14.0
Guajira,2020-01-27 20:23:00,25,0.0,2019-11-08 05:00:00,viernes,0,Normal,Seca y limpia,Ondulado,Terraplen,Recta,Transito normal con precaución,0,0,0,0,0.0,Choque,exceso de velocidad,8801_1_25,13.0,11.0
Guajira,2020-01-27 20:28:00,40,200.0,2019-11-08 05:00:00,viernes,50,Normal,Seca y limpia,Plano,Terraplen,Recta,Transito normal con precaución,0,0,0,0,0.0,Choque,condiciones de la via y factores ambientales,8004A_1_40,18.0,6.0
Guajira,2020-01-27 20:32:00,18,700.0,2019-11-10 05:00:00,domingo,45,Normal,Seca y limpia,Plano,Terraplen,Recta,Transito normal con precaución,0,0,5,0,5.0,Choque,embriaguez o sustancias alucinogenas,8801_1_18,5.0,19.0
Guajira,2020-01-27 20:36:00,59,990.0,2019-11-12 05:00:00,martes,40,Normal,Seca y limpia,Plano,Terraplen,Recta,Transito normal con precaución,0,0,0,0,0.0,Choque,exceso de velocidad,4902_1_59,14.0,10.0
Guajira,2020-01-27 20:39:00,33,600.0,2019-11-18 05:00:00,lunes,30,Normal,Seca y limpia,Plano,Terraplen,Recta,Transito normal con precaución,0,0,1,0,0.0,Choque,otra - conductor en general,8004A_1_33,15.0,9.0
Sucre,2020-01-28 20:49:00,76,649.0,2019-11-22 05:00:00,viernes,40,Seca,Seca y limpia,Plano,Terraplen,Recta,Transito normal con precaución,0,0,0,0,0.0,Volcamiento,otra - conductor en general,7404_0_76,10.0,14.0
Planta Central,2020-01-29 00:30:00,127,0.0,2019-12-05 05:00:00,jueves,20,Normal,Seca y limpia,Ondulado,Terraplen,Recta,Transito normal con precaución,0,0,0,0,0.0,Choque,adelantamientos indebidos,4511_1_127,11.0,13.0
Planta Central,2020-01-29 00:33:00,131,200.0,2019-12-17 05:00:00,martes,0,Normal,Seca y limpia,Plano,Terraplen,Recta,Transito normal con precaución,1,38,18,1,19.0,Choque,condiciones de la via y factores ambientales,4511_1_131,5.0,20.0
Planta Central,2020-01-29 00:36:00,134,900.0,2019-12-03 05:00:00,martes,0,Normal,Seca y limpia,Plano,Terraplen,Recta,Transito normal con precaución,0,0,0,0,0.0,Volcamiento,exceso en horas de conduccion,4511_1_134,4.0,20.0
Planta Central,2020-01-29 00:39:00,1,200.0,2019-12-19 05:00:00,jueves,0,Normal,Seca y limpia,Plano,Terraplen,Recta,Transito normal con precaución,0,0,0,0,0.0,Choque,no mantener distancia de seguridad,4513_1_1,16.0,8.0
Planta Central,2020-01-29 00:43:00,4,0.0,2019-12-08 05:00:00,domingo,0,Normal,Seca y limpia,Ondulado,Terraplen,Recta,Transito normal con precaución,0,0,0,0,0.0,Choque,fallas mecanicas y del sistema electrico,4513_1_4,15.0,9.0
Planta Central,2020-01-29 00:46:00,18,600.0,2019-12-01 05:00:00,domingo,45,Normal,Seca y limpia,Plano,Terraplen,Recta,Transito normal con precaución,0,0,0,0,0.0,Choque,no mantener distancia de seguridad,4513_1_18,5.0,19.0
Planta Central,2020-01-29 00:53:00,19,500.0,2019-12-01 05:00:00,domingo,10,Lluvia,Humeda,Plano,Terraplen,Curva Izquierda,Transito normal con precaución,0,0,0,0,0.0,Incendio,fallas mecanicas y del sistema electrico,4513_1_19,0.0,0.0
Planta Central,2020-01-29 00:57:00,20,600.0,2019-12-25 05:00:00,miercoles,40,Normal,Seca y limpia,Plano,Cajón,Recta,Transito normal con precaución,0,0,0,0,0.0,Volcamiento,exceso en horas de conduccion,4513_1_20,9.0,15.0
Planta Central,2020-01-29 01:00:00,21,600.0,2019-12-03 05:00:00,martes,52,Normal,Seca y limpia,Ondulado,Media Ladera Derecha,Recta,Transito normal con precaución,0,0,0,0,0.0,Choque,no mantener distancia de seguridad,4513_1_21,18.0,6.0
Planta Central,2020-01-29 01:10:00,33,960.0,2019-12-15 05:00:00,domingo,30,Normal,Seca y limpia,Plano,Terraplen,Recta,Transito normal con precaución,0,0,0,0,0.0,Choque,condiciones de la via y factores ambientales,4513_1_33,0.0,0.0
Planta Central,2020-01-29 01:18:00,38,700.0,2019-12-22 05:00:00,domingo,30,Normal,Seca y limpia,Plano,Terraplen,Recta,Transito normal con precaución,0,0,0,0,0.0,Choque,no mantener distancia de seguridad,4513_1_38,11.0,13.0
Planta Central,2020-01-29 01:21:00,53,257.0,2019-12-15 05:00:00,domingo,20,Normal,Seca y limpia,Plano,Terraplen,Recta,Transito normal con precaución,0,0,0,0,0.0,Choque,maniobras imprudentes,4513_2_53,15.0,9.0
Planta Central,2020-01-29 01:23:00,75,400.0,2019-12-19 05:00:00,jueves,0,Normal,Seca y limpia,Plano,Terraplen,Recta,Transito normal con precaución,0,0,0,0,0.0,Choque,fallas mecanicas y del sistema electrico,4513_1_75,6.0,18.0
Córdoba,2020-01-29 20:47:00,0,470.0,2019-12-28 05:00:00,sabado,50,Normal,Seca y limpia,Plano,Terraplen,Recta,Transito normal con precaución,0,0,0,0,1.0,Choque,adelantamientos indebidos,2513_0_0,12.0,12.0