territorial,fecha_registro,pr,distancia_pr,fecha_acc,dia_semana_acc,min_acc,condic_meteor,estado_super,terreno,secc_tip,geometria_acc,tipo_cierre,horas_cierre,min_cierre,n_heridos,n_muertos,n_victimas,clase_accidente,causa_posible,ref_loc,hora_acc,duracion_cierre_horas
Córdoba,2020-01-29 20:54:00,5,800.0,2019-12-07 05:00:00,sabado,0,Normal,Seca y limpia,Ondulado,Terraplen,Curva Izquierda,Transito normal con precaución,2,0,0,1,2.0,Volcamiento,maniobras imprudentes,2514_1_5,22.0,4.0
Córdoba,2020-01-29 20:58:00,14,100.0,2019-12-20 05:00:00,viernes,30,Normal,Seca y limpia,Ondulado,Terraplen,Recta,Transito normal con precaución,0,0,0,0,0.0,Volcamiento,otra - conductor en general,2514_1_14,9.0,15.0
Córdoba,2020-01-29 21:02:00,21,900.0,2019-12-30 05:00:00,lunes,30,Normal,Seca y limpia,Plano,Terraplen,Recta,Parcial con reducción de carriles,3,30,0,1,1.0,Choque,maniobras imprudentes,2514_1_21,6.0,21.0
Córdoba,2020-01-29 21:05:00,22,300.0,2019-12-18 05:00:00,miercoles,0,Normal,Seca y limpia,Ondulado,Terraplen,Curva Izquierda,Transito normal con precaución,2,0,0,0,2.0,Choque,maniobras imprudentes,2514_1_22,9.0,17.0
Córdoba,2020-01-29 21:09:00,26,800.0,2019-12-31 05:00:00,martes,45,Normal,Seca y limpia,Plano,Terraplen,Recta,Transito normal con precaución,0,0,0,0,0.0,Choque,no mantener distancia de seguridad,2514_1_26,18.0,6.0
Córdoba,2020-01-29 21:11:00,41,400.0,2019-12-06 05:00:00,viernes,40,Normal,Seca y limpia,Plano,Terraplen,Recta,Transito normal con precaución,1,0,0,0,0.0,Choque,maniobras imprudentes,2514_1_41,15.0,10.0
Córdoba,2020-01-29 21:22:00,46,800.0,2019-12-29 05:00:00,domingo,30,Normal,Seca y limpia,Plano,Terraplen,Curva Derecha,Transito normal con precaución,0,0,0,0,0.0,Volcamiento,maniobras imprudentes,2514_1_46,1.0,23.0
Córdoba,2020-01-29 21:24:00,2,125.0,2019-12-25 05:00:00,miercoles,30,Normal,Seca y limpia,Plano,Terraplen,Recta,Parcial con reducción de carriles,2,0,0,0,0.0,Choque,otra - conductor en general,7403_1_2,18.0,8.0
Córdoba,2020-01-29 21:27:00,2,290.0,2019-12-23 05:00:00,lunes,0,Normal,Seca y limpia,Plano,Terraplen,Curva Derecha,Transito normal con precaución,0,0,0,0,1.0,Volcamiento,maniobras imprudentes,7403_1_2,5.0,19.0
Córdoba,2020-01-29 21:32:00,19,700.0,2019-12-31 05:00:00,martes,0,Normal,Seca y limpia,Ondulado,Terraplen,Recta,Transito normal con precaución,1,0,1,0,1.0,Choque,maniobras imprudentes,7403_1_19,13.0,12.0
Córdoba,2020-01-29 21:37:00,19,960.0,2019-12-16 05:00:00,lunes,0,Normal,Seca y limpia,Ondulado,Terraplen,Recta,Transito normal con precaución,1,0,1,0,1.0,Volcamiento,fallas mecanicas y del sistema electrico,7403_1_19,11.0,14.0
Cauca,2020-01-29 22:06:00,7,700.0,2020-01-26 05:00:00,domingo,30,Lluvia,Humeda,Montañoso,Media ladera Izquierda,Curva Izquierda,Transito normal con precaución,0,0,0,0,2.0,Choque,exceso de velocidad,2602_0_7,12.0,12.0
Planta Central,2020-01-30 15:56:00,42,800.0,2019-11-08 05:00:00,viernes,0,Normal,Seca y limpia,Plano,Terraplen,Recta,Transito normal con precaución,11,15,0,0,0.0,Volcamiento,maniobras imprudentes,4514_2_42,11.0,0.0
Planta Central,2020-01-30 16:04:00,78,100.0,2019-11-14 05:00:00,jueves,0,Normal,Seca y limpia,Plano,Terraplen,Recta,Transito normal con precaución,15,30,0,0,0.0,Choque,estacionamiento y senalizacion imprudente,4514_2_78,15.0,0.0
Planta Central,2020-01-30 16:10:00,77,722.0,2019-11-15 05:00:00,viernes,45,Normal,Seca y limpia,Ondulado,Terraplen,Recta,Transito normal con precaución,2,10,0,1,9.0,Choque,estacionamiento y senalizacion imprudente,4514_2_77,1.0,1.0
Planta Central,2020-01-30 16:15:00,77,900.0,2019-11-15 05:00:00,viernes,0,Normal,Seca y limpia,Plano,Terraplen,Recta,Transito normal con precaución,3,30,0,0,0.0,Choque,estacionamiento y senalizacion imprudente,4514_2_77,3.0,0.0
Planta Central,2020-01-30 18:45:00,59,0.0,2019-11-16 05:00:00,sabado,0,Normal,Seca y limpia,Montañoso,Terraplen,Recta,Transito normal con precaución,2,20,0,0,0.0,Choque,no mantener distancia de seguridad,4514_2_59,2.0,0.0
Planta Central,2020-01-30 18:50:00,76,0.0,2019-11-16 05:00:00,sabado,30,Normal,Seca y limpia,Plano,Terraplen,Recta,Transito normal con precaución,22,30,0,0,0.0,Volcamiento,otra - conductor en general,4514_1_76,20.0,2.0
Planta Central,2020-01-30 19:03:00,71,100.0,2019-11-19 05:00:00,martes,40,Normal,Seca y limpia,Plano,Terraplen,Recta,Transito normal con precaución,4,40,1,0,1.0,Choque,no mantener distancia de seguridad,4514_1_71,4.0,0.0
Planta Central,2020-01-30 19:14:00,98,700.0,2019-11-20 05:00:00,miercoles,30,Normal,Seca y limpia,Plano,Terraplen,Recta,Transito normal con precaución,9,55,0,0,0.0,Choque,adelantamientos indebidos,4514_2_98,9.0,0.0
Planta Central,2020-01-30 19:19:00,96,550.0,2019-11-24 05:00:00,domingo,0,Normal,Seca y limpia,Plano,Terraplen,Recta,Transito normal con precaución,5,30,0,0,0.0,Volcamiento,maniobras imprudentes,4514_1_96,5.0,0.0
Planta Central,2020-01-30 19:23:00,63,500.0,2019-11-27 05:00:00,miercoles,0,Normal,Seca y limpia,Plano,Terraplen,Recta,Transito normal con precaución,0,40,0,0,0.0,Volcamiento,maniobras imprudentes,4514_1_63,0.0,0.0
Planta Central,2020-01-30 19:34:00,72,200.0,2019-11-30 05:00:00,sabado,15,Normal,Seca y limpia,Montañoso,Media ladera Izquierda,Recta,Transito normal con precaución,20,30,0,0,0.0,Choque,no mantener distancia de seguridad,4514_2_72,20.0,0.0
Planta Central,2020-01-30 19:52:00,48,22.0,2019-12-02 05:00:00,lunes,45,Normal,Seca y limpia,Plano,Terraplen,Recta,Transito normal con precaución,17,5,0,0,0.0,Choque,no mantener distancia de seguridad,4514_2_48,16.0,1.0
Planta Central,2020-01-30 19:59:00,1,800.0,2019-12-10 05:00:00,martes,50,Normal,Seca y limpia,Plano,Terraplen,Curva Izquierda,Transito normal con precaución,1,30,0,0,0.0,Choque,condiciones de la via y factores ambientales,45CSF_2_1,0.0,1.0
Planta Central,2020-01-30 20:18:00,90,500.0,2019-12-10 05:00:00,martes,0,Normal,Seca y limpia,Plano,Terraplen,Recta,Transito normal con precaución,11,20,0,0,0.0,Volcamiento,fallas mecanicas y del sistema electrico,4514_1_90,11.0,0.0
Planta Central,2020-01-30 20:34:00,93,200.0,2019-12-12 05:00:00,jueves,0,Normal,Seca y limpia,Plano,Terraplen,Recta,Transito normal con precaución,6,0,0,0,0.0,Volcamiento,maniobras imprudentes,4514_2_93,5.0,1.0
Planta Central,2020-01-30 20:52:00,83,700.0,2019-12-13 05:00:00,viernes,10,Sol,Seca y limpia,Ondulado,Terraplen,Recta,Transito normal con precaución,5,50,2,0,2.0,Choque,otra - conductor en general,4514_2_83,5.0,0.0
Boyacá,2020-01-31 14:28:00,0,500.0,2019-12-07 05:00:00,sabado,40,Normal,Humeda,Plano,Terraplen,Recta,Transito normal con precaución,0,20,2,0,2.0,Choque,otra - conductor en general,6404_0_0,14.0,10.0
Planta Central,2020-02-03 20:20:00,17,700.0,2019-12-16 05:00:00,lunes,55,Sol,Seca y limpia,Plano,Terraplen,Recta,Transito normal con precaución,2,30,0,1,1.0,Choque,exceso en horas de conduccion,4514_1_17,1.0,1.0
Planta Central,2020-02-03 20:26:00,92,0.0,2019-12-17 05:00:00,martes,20,Sol,Seca y limpia,Plano,Terraplen,Recta,Transito normal con precaución,6,30,1,1,2.0,Choque,fallas mecanicas y del sistema electrico,4514_1_92,5.0,1.0
Planta Central,2020-02-03 20:47:00,24,0.0,2019-12-22 05:00:00,domingo,50,Sol,Seca y limpia,Plano,Terraplen,Recta,Transito normal con precaución,5,10,0,0,0.0,Volcamiento,otra - conductor en general,4514_2_24,4.0,1.0
Planta Central,2020-02-03 21:42:00,17,700.0,2019-12-23 05:00:00,lunes,10,Sol,Seca y limpia,Plano,Terraplen,Recta,Transito normal con precaución,13,30,0,0,1.0,Choque,impericia en el manejo,4514_1_17,13.0,0.0
Planta Central,2020-02-03 21:55:00,98,200.0,2019-12-28 05:00:00,sabado,40,Sol,Seca y limpia,Plano,Terraplen,Recta,Transito normal con precaución,12,0,0,0,0.0,Choque,fallas mecanicas y del sistema electrico,4514_2_98,11.0,1.0
Planta Central,2020-02-04 12:34:00,37,800.0,2019-12-17 05:00:00,martes,0,Sol,Seca y limpia,Plano,Terraplen,Curva Derecha,Transito normal con precaución,5,5,0,0,0.0,Volcamiento,maniobras imprudentes,4514_1_37,5.0,0.0
Planta Central,2020-02-04 12:41:00,86,0.0,2019-12-29 05:00:00,domingo,10,Sol,Seca y limpia,Plano,Terraplen,Recta,Transito normal con precaución,21,30,0,0,0.0,Choque,condiciones de la via y factores ambientales,4514_2_86,20.0,1.0
Planta Central,2020-02-04 12:48:00,83,0.0,2019-12-31 05:00:00,martes,0,Sol,Seca y limpia,Ondulado,Terraplen,Recta,Transito normal con precaución,9,50,0,0,0.0,Choque,exceso en horas de conduccion,4514_2_83,9.0,0.0
Planta Central,2020-02-04 12:52:00,56,910.0,2019-12-01 05:00:00,domingo,20,Sol,Seca y limpia,Plano,Terraplen,Recta,Transito normal con precaución,18,45,0,0,0.0,Choque,maniobras imprudentes,4515_1_56,18.0,0.0
Planta Central,2020-02-04 13:01:00,55,800.0,2019-12-06 05:00:00,viernes,0,Sol,Seca y limpia,Plano,Terraplen,Recta,Transito normal con precaución,14,35,0,0,0.0,Choque,no mantener distancia de seguridad,4515_1_55,14.0,0.0
Planta Central,2020-02-04 13:07:00,66,300.0,2019-12-08 05:00:00,domingo,30,Normal,Seca y limpia,Plano,Terraplen,Recta,Transito normal con precaución,7,20,0,0,0.0,Choque,otra - conductor en general,4515_1_66,5.0,2.0
Planta Central,2020-02-04 13:23:00,74,100.0,2019-12-12 05:00:00,jueves,0,Sol,Seca y limpia,Plano,Terraplen,Recta,Transito normal con precaución,15,30,0,0,2.0,Choque,no mantener distancia de seguridad,4515_1_74,15.0,0.0
Planta Central,2020-02-04 13:26:00,65,500.0,2019-12-13 05:00:00,viernes,20,Sol,Seca y limpia,Plano,Terraplen,Recta,Transito normal con precaución,12,40,0,0,0.0,Choque,maniobras imprudentes,4515_1_65,12.0,0.0
Planta Central,2020-02-04 13:34:00,63,300.0,2019-12-17 05:00:00,martes,0,Normal,Seca y limpia,Plano,Terraplen,Curva Izquierda,Transito normal con precaución,23,0,0,0,0.0,Choque,maniobras imprudentes,4515_1_63,22.0,1.0
Planta Central,2020-02-04 13:40:00,8,0.0,2019-12-22 05:00:00,domingo,0,Normal,Seca y limpia,Plano,Terraplen,Recta,Transito normal con precaución,1,40,0,0,1.0,Choque,maniobras imprudentes,4515_1_8,1.0,0.0
Norte de Santander,2020-02-04 14:55:00,11,400.0,2019-12-14 05:00:00,sabado,0,Normal,Seca y limpia,Plano,Terraplen,Recta,Transito normal con precaución,1,30,1,0,1.0,Choque,desobediencia a normas y senales,55NSA_2_11,6.0,19.0
Norte de Santander,2020-02-04 15:04:00,29,750.0,2019-12-05 05:00:00,jueves,30,Normal,Seca y limpia,Plano,Terraplen,Recta,Transito normal con precaución,1,20,5,0,5.0,Choque,maniobras imprudentes,5507_0_29,18.0,7.0
Norte de Santander,2020-02-04 15:09:00,8,990.0,2019-12-10 05:00:00,martes,15,Seca,Seca y limpia,Plano,Terraplen,Recta,Transito normal con precaución,1,0,1,0,1.0,Choque,no mantener distancia de seguridad,55NSA_2_8,8.0,17.0
Nariño,2020-02-04 15:38:00,0,500.0,2019-10-27 05:00:00,domingo,10,Normal,Seca y limpia,Plano,Terraplen,Recta,Transito normal con precaución,0,5,0,1,2.0,Atropello,exceso de velocidad,1001_0_0,10.0,14.0
Nariño,2020-02-04 15:41:00,41,0.0,2019-11-11 05:00:00,lunes,20,Normal,Seca y limpia,Plano,Terraplen,Recta,Transito normal con precaución,0,10,0,1,1.0,Caída ocupante,otra - pasajero o acompanante,1001_0_41,14.0,10.0
Nariño,2020-02-04 15:45:00,60,400.0,2019-11-14 05:00:00,jueves,48,Normal,Seca y limpia,Plano,Terraplen,Recta,Transito normal con precaución,0,10,0,1,1.0,Atropello,exceso de velocidad,1001_0_60,11.0,13.0
Nariño,2020-02-04 15:47:00,23,850.0,2019-11-23 05:00:00,sabado,30,Normal,Seca y limpia,Plano,Terraplen,Recta,Transito normal con precaución,0,5,0,1,1.0,Atropello,exceso de velocidad,1001_0_23,10.0,14.0
Nariño,2020-02-04 15:49:00,9,500.0,2019-11-23 05:00:00,sabado,20,Normal,Seca y limpia,Plano,Terraplen,Recta,Transito normal con precaución,0,5,0,0,2.0,Choque,exceso de velocidad,1001_0_9,20.0,4.0
Nariño,2020-02-04 15:52:00,8,750.0,2019-11-28 05:00:00,jueves,20,Normal,Seca y limpia,Plano,Terraplen,Recta,Transito normal con precaución,0,5,0,1,2.0,Atropello,exceso de velocidad,1001_0_8,19.0,5.0
Guajira,2020-02-04 20:47:00,14,650.0,2019-12-14 05:00:00,sabado,30,Normal,Seca y limpia,Plano,Terraplen,Recta,Transito normal con precaución,0,0,0,0,0.0,Incendio,fallas mecanicas y del sistema electrico,8801_1_14,14.0,10.0
Guajira,2020-02-04 20:54:00,36,220.0,2019-12-17 05:00:00,martes,0,Normal,Seca y limpia,Ondulado,Cajón,Curva Izquierda,Transito normal con precaución,0,0,0,0,0.0,Choque,no mantener distancia de seguridad,8801_1_36,23.0,1.0
Guajira,2020-02-04 21:14:00,37,600.0,2019-12-22 05:00:00,domingo,40,Normal,Seca y limpia,Plano,Terraplen,Recta,Transito normal con precaución,0,0,0,0,0.0,Choque,condiciones de la via y factores ambientales,8004A_1_37,19.0,5.0
Guajira,2020-02-04 21:21:00,51,20.0,2019-12-23 05:00:00,lunes,50,Normal,Seca y limpia,Plano,Terraplen,Recta,Transito normal con precaución,0,0,0,1,1.0,Choque,maniobras imprudentes,4902_1_51,6.0,18.0
Boyacá,2020-02-04 21:24:00,41,536.0,2019-12-01 05:00:00,domingo,14,Seca,Seca y limpia,Plano,Terraplen,Recta,Parcial con paso alternado,0,30,1,0,1.0,Atropello,conducta de peatones,6008_0_41,15.0,9.0
Guajira,2020-02-04 21:25:00,26,0.0,2019-12-30 05:00:00,lunes,0,Normal,Seca y limpia,Ondulado,Terraplen,Recta,Transito normal con precaución,0,0,0,0,2.0,Choque,adelantamientos indebidos,8801_1_26,12.0,12.0
Guajira,2020-02-04 21:42:00,63,650.0,2019-12-31 05:00:00,martes,0,Normal,Seca y limpia,Plano,Terraplen,Recta,Transito normal con precaución,0,0,0,0,0.0,Choque,condiciones de la via y factores ambientales,4902_1_63,19.0,5.0
Valle del Cauca,2020-04-22 05:58:00,30,700.0,2019-12-30 05:00:00,lunes,30,Lluvia,Humeda,Montañoso,Media ladera Izquierda,Recta,Transito normal con precaución,21,30,0,0,0.0,Volcamiento,condiciones de la via y factores ambientales,4001_1_30,21.0,0.0
Boyacá,2020-02-04 21:54:00,4,770.0,2019-12-03 05:00:00,martes,15,Sol,Seca y limpia,Plano,Terraplen,Recta,Parcial con paso alternado,0,20,1,0,1.0,Choque,conducta de peatones,6009_1_4,14.0,10.0
Boyacá,2020-02-04 22:02:00,25,56.0,2019-12-17 05:00:00,martes,5,Sol,Seca y limpia,Montañoso,Media Ladera Derecha,Curva Derecha,Cierre total,1,15,5,0,6.0,Choque,conducta de peatones,6009_1_25,10.0,15.0
Boyacá,2020-02-04 22:12:00,39,0.0,2019-12-22 05:00:00,domingo,40,Normal,Seca y limpia,Plano,Terraplen,Recta,Parcial con paso alternado,0,30,2,0,2.0,Choque,conducta de peatones,6008_0_39,18.0,6.0
Boyacá,2020-02-04 22:16:00,68,350.0,2019-12-29 05:00:00,domingo,35,Seca,Seca y limpia,Ondulado,Terraplen,Recta,Parcial con paso alternado,0,20,0,0,0.0,Choque,no mantener distancia de seguridad,6008_0_68,13.0,11.0
Boyacá,2020-02-04 22:43:00,64,392.0,2019-12-30 05:00:00,lunes,5,Seca,Seca y limpia,Ondulado,Media Ladera Derecha,Curva Derecha,Parcial con paso alternado,0,15,0,0,0.0,Choque,estacionamiento y senalizacion imprudente,6008_0_64,20.0,4.0
Planta Central,2020-02-06 14:31:00,7,700.0,2019-11-01 05:00:00,viernes,0,Normal,Seca y limpia,Montañoso,Media Ladera Derecha,Recta,Parcial con reducción de carriles,0,15,2,0,2.0,Choque,maniobras imprudentes,4003_1_7,20.0,4.0
Planta Central,2020-02-06 14:40:00,7,400.0,2019-11-03 05:00:00,domingo,0,Normal,Seca y limpia,Montañoso,Media ladera Izquierda,Curva Izquierda,Transito normal con precaución,0,0,0,0,0.0,Choque,no mantener distancia de seguridad,4003_1_7,20.0,4.0
Planta Central,2020-02-06 15:54:00,28,600.0,2019-12-22 05:00:00,domingo,0,Sol,Seca y limpia,Plano,Terraplen,Recta,Transito normal con precaución,15,40,0,0,0.0,Choque,no mantener distancia de seguridad,4515_2_28,15.0,0.0
Planta Central,2020-02-06 16:02:00,65,600.0,2019-12-23 05:00:00,lunes,0,Sol,Seca y limpia,Plano,Terraplen,Recta,Transito normal con precaución,15,35,0,0,0.0,Choque,exceso en horas de conduccion,4515_1_65,15.0,0.0
Planta Central,2020-02-06 16:08:00,21,0.0,2019-12-25 05:00:00,miercoles,0,Lluvia,Humeda,Plano,Terraplen,Recta,Transito normal con precaución,6,30,2,0,2.0,Choque,maniobras imprudentes,4515_2_21,6.0,0.0
Planta Central,2020-02-06 16:13:00,56,500.0,2019-12-26 05:00:00,jueves,40,Sol,Seca y limpia,Plano,Terraplen,Recta,Transito normal con precaución,8,15,0,3,5.0,Choque,exceso en horas de conduccion,4515_1_56,7.0,1.0
Planta Central,2020-02-06 16:20:00,29,0.0,2019-12-27 05:00:00,viernes,0,Sol,Seca y limpia,Plano,Terraplen,Recta,Transito normal con precaución,17,15,0,0,0.0,Choque,no mantener distancia de seguridad,4515_2_29,17.0,0.0
Chocó,2020-02-07 20:04:00,16,500.0,2020-02-06 05:00:00,jueves,30,Lluvia,Humeda,Plano,Terraplen,Curva Derecha,Transito normal con precaución,1,0,0,0,2.0,Choque,condiciones de la via y factores ambientales,5002_1_16,21.0,4.0
Ocaña,2020-04-07 20:08:00,49,924.0,2020-01-19 05:00:00,domingo,20,Normal,Seca y limpia,Plano,Terraplen,Recta,Transito normal con precaución,0,0,0,0,1.0,Choque,embriaguez o sustancias alucinogenas,7007_2_49,0.0,0.0
Chocó,2020-02-07 20:04:00,10,450.0,2020-01-15 05:00:00,miercoles,50,Sol,Seca y limpia,Plano,Media Ladera Derecha,Curva Izquierda,Transito normal con precaución,2,30,0,0,0.0,Volcamiento,otra - conductor en general,5002_1_10,8.0,18.0
Chocó,2020-02-07 20:39:00,2,360.0,2020-01-15 05:00:00,miercoles,40,Sol,Seca y limpia,Plano,Terraplen,Recta,Transito normal con precaución,1,0,3,0,3.0,Choque,impericia en el manejo,5002_1_2,15.0,10.0
Caquetá,2020-02-10 12:24:00,47,200.0,2020-02-02 05:00:00,domingo,13,Seca,Seca y limpia,Plano,Terraplen,Recta,Transito normal con precaución,9,13,0,0,2.0,Choque,otra - conductor en general,6502_1_47,9.0,0.0
Caquetá,2020-02-10 12:29:00,12,95.0,2020-02-02 05:00:00,domingo,0,Seca,Seca y limpia,Ondulado,Media ladera Izquierda,Curva Derecha,Transito normal con precaución,9,0,0,0,1.0,Choque,embriaguez o sustancias alucinogenas,6502_1_12,9.0,0.0
Risaralda,2020-04-06 16:05:00,3,290.0,2019-12-01 05:00:00,domingo,45,Normal,Seca y limpia,Plano,Terraplen,Recta,Transito normal con precaución,16,45,0,0,0.0,Choque,no mantener distancia de seguridad,2902_1_3,16.0,0.0
Norte de Santander,2020-04-07 14:55:00,12,150.0,2020-01-20 05:00:00,lunes,10,Normal,Seca y limpia,Plano,Terraplen,Curva Izquierda,Parcial con reducción de carriles,1,0,1,0,1.0,Choque,desobediencia a normas y senales,55NSA_2_12,12.0,13.0
Norte de Santander,2020-04-07 15:05:00,3,100.0,2020-01-17 05:00:00,viernes,0,Normal,Seca y limpia,Plano,Terraplen,Recta,Parcial con reducción de carriles,1,0,1,0,1.0,Choque,exceso de velocidad,5507_0_3,11.0,14.0
Norte de Santander,2020-04-07 15:12:00,5,850.0,2020-01-04 05:00:00,sabado,20,Seca,Seca y limpia,Ondulado,Terraplen,Recta,Parcial con reducción de carriles,1,0,1,0,1.0,Choque,embriaguez o sustancias alucinogenas,55NSA_1_5,18.0,7.0
Norte de Santander,2020-04-07 15:22:00,3,783.0,2020-01-26 05:00:00,domingo,40,Normal,Seca y limpia,Plano,Terraplen,Recta,Parcial con reducción de carriles,1,0,0,1,1.0,Choque,embriaguez o sustancias alucinogenas,55NSA_2_3,3.0,22.0
Norte de Santander,2020-04-07 15:25:00,15,640.0,2020-02-25 05:00:00,martes,52,Normal,Seca y limpia,Plano,Terraplen,Recta,Parcial con reducción de carriles,1,0,0,0,0.0,Choque,adelantamientos indebidos,55NSA_2_15,20.0,5.0
Ocaña,2020-04-07 19:57:00,50,337.0,2020-01-04 05:00:00,sabado,30,Normal,Seca y limpia,Plano,Terraplen,Recta,Transito normal con precaución,0,0,2,0,2.0,Choque,no mantener distancia de seguridad,7007_1_50,4.0,20.0
Ocaña,2020-04-07 20:08:00,49,300.0,2020-01-04 05:00:00,sabado,0,Normal,Seca y limpia,Plano,Terraplen,Curva Derecha,Transito normal con precaución,0,0,0,0,0.0,Choque,adelantamientos indebidos,7007_2_49,13.0,11.0
Ocaña,2020-04-07 20:08:00,53,786.0,2020-01-06 05:00:00,lunes,30,Normal,Seca y limpia,Ondulado,Terraplen,Curva Izquierda,Transito normal con precaución,0,0,0,1,1.0,Choque,impericia en el manejo,7007_1_53,21.0,3.0
Ocaña,2020-04-07 20:08:00,49,636.0,2020-01-11 05:00:00,sabado,10,Normal,Seca y limpia,Plano,Terraplen,Recta,Transito normal con precaución,0,0,0,0,1.0,Choque,desobediencia a normas y senales,7007_1_49,21.0,3.0
Ocaña,2020-04-07 20:08:00,49,931.0,2020-01-24 05:00:00,viernes,0,Normal,Seca y limpia,Plano,Terraplen,Recta,Transito normal con precaución,0,0,1,1,3.0,Choque,impericia en el manejo,7007_2_49,20.0,4.0
Norte de Santander,2020-04-07 15:31:00,10,260.0,2020-02-08 05:00:00,sabado,20,Normal,Seca y limpia,Plano,Terraplen,Recta,Parcial con reducción de carriles,1,0,1,0,1.0,Volcamiento,exceso de velocidad,55NSA_1_10,2.0,23.0
Norte de Santander,2020-04-07 15:35:00,11,254.0,2020-02-13 05:00:00,jueves,30,Normal,Seca y limpia,Plano,Terraplen,Recta,Parcial con reducción de carriles,1,0,1,0,1.0,Choque,exceso de velocidad,55NSA_1_11,17.0,8.0
Norte de Santander,2020-04-07 15:39:00,3,325.0,2020-02-28 05:00:00,viernes,10,Normal,Seca y limpia,Ondulado,Terraplen,Recta,Parcial con reducción de carriles,1,0,1,0,1.0,Choque,desobediencia a normas y senales,55NSA_2_3,8.0,17.0
Risaralda,2020-04-07 15:39:00,9,290.0,2019-12-01 05:00:00,domingo,55,Normal,Seca y limpia,Plano,Terraplen,Recta,Transito normal con precaución,8,55,1,0,1.0,Choque,no mantener distancia de seguridad,29RSC_1_9,8.0,0.0
Risaralda,2020-04-07 15:45:00,11,500.0,2019-12-03 05:00:00,martes,35,Normal,Seca y limpia,Plano,Terraplen,Curva Derecha,Transito normal con precaución,11,35,1,0,1.0,Atropello,otra - conductor en general,29RSC_1_11,11.0,0.0
Caquetá,2020-04-07 20:23:00,64,818.0,2019-12-30 05:00:00,lunes,0,Normal,Seca y limpia,Montañoso,Media ladera Izquierda,Curva Derecha,Transito normal con precaución,0,0,2,0,2.0,Volcamiento,exceso en horas de conduccion,2003A_0_64,0.0,0.0
Caquetá,2020-04-07 20:59:00,42,140.0,2020-01-01 05:00:00,miercoles,50,Sol,Seca y limpia,Ondulado,Media Ladera Derecha,Curva Izquierda,Transito normal con precaución,0,0,1,1,2.0,Choque,embriaguez o sustancias alucinogenas,6503_1_42,5.0,19.0
Caquetá,2020-04-07 21:05:00,64,18.0,2020-01-05 05:00:00,domingo,0,Normal,Seca y limpia,Montañoso,Cajón,Curva Izquierda,Transito normal con precaución,0,0,2,0,2.0,Volcamiento,exceso en horas de conduccion,2003A_0_64,0.0,0.0
Caquetá,2020-04-07 21:08:00,12,160.0,2020-01-16 05:00:00,jueves,30,Sol,Seca y limpia,Ondulado,Terraplen,Curva Izquierda,Transito normal con precaución,0,0,2,0,2.0,Volcamiento,fallas mecanicas y del sistema electrico,6503_1_12,1.0,23.0
Caquetá,2020-04-07 21:12:00,21,530.0,2020-01-18 05:00:00,sabado,0,Normal,Seca y limpia,Plano,Terraplen,Recta,Transito normal con precaución,0,0,0,1,2.0,Choque,no mantener distancia de seguridad,6503_1_21,20.0,4.0
Caquetá,2020-04-07 21:16:00,85,300.0,2020-01-19 05:00:00,domingo,30,Normal,Seca y limpia,Plano,Terraplen,Recta,Transito normal con precaución,0,0,0,0,0.0,Choque,condiciones de la via y factores ambientales,6503_1_85,5.0,19.0
Meta,2020-04-07 22:23:00,2,0.0,2020-01-01 05:00:00,miercoles,45,Normal,Seca y limpia,Plano,Terraplen,Recta,Transito normal con precaución,10,45,1,0,1.0,Caída ocupante,pasarjero embriagado,6507_0_2,10.0,0.0
Meta,2020-04-07 22:23:00,9,500.0,2020-01-10 05:00:00,viernes,55,Normal,Seca y limpia,Plano,Terraplen,Recta,Transito normal con precaución,10,55,0,0,1.0,Choque,no mantener distancia de seguridad,6507_0_9,10.0,0.0
Meta,2020-04-07 22:23:00,73,100.0,2020-01-15 05:00:00,miercoles,42,Normal,Seca y limpia,Plano,Terraplen,Recta,Transito normal con precaución,18,42,2,0,3.0,Caída ocupante,condiciones de la via y factores ambientales,7506_1_73,18.0,0.0
Cesar,2020-04-07 22:59:00,16,800.0,2020-03-19 05:00:00,jueves,0,Seca,Seca y limpia,Plano,Terraplen,Recta,Transito normal con precaución,0,0,1,0,1.0,Choque,otra - conductor en general,43CS02_0_16,19.0,5.0
Meta,2020-04-07 23:12:00,71,800.0,2020-01-25 05:00:00,sabado,0,Normal,Seca y limpia,Plano,Terraplen,Curva Izquierda,Transito normal con precaución,7,0,1,0,1.0,Caída ocupante,impericia en el manejo,7506_1_71,7.0,0.0
Risaralda,2020-04-07 23:15:00,0,52.0,2019-12-05 05:00:00,jueves,0,Normal,Seca y limpia,Plano,Terraplen,Recta,Transito normal con precaución,9,0,0,0,0.0,Choque,no mantener distancia de seguridad,29RSA_2_0,9.0,0.0
Meta,2020-04-07 23:12:00,71,0.0,2020-01-26 05:00:00,domingo,0,Normal,Seca y limpia,Plano,Terraplen,Recta,Transito normal con precaución,19,0,0,0,1.0,Caída ocupante,embriaguez o sustancias alucinogenas,7506_1_71,19.0,0.0
Risaralda,2020-04-07 23:22:00,0,210.0,2019-12-05 05:00:00,jueves,35,Normal,Seca y limpia,Plano,Terraplen,Curva Izquierda,Transito normal con precaución,14,35,1,0,1.0,Choque,otra - conductor en general,2902_1_0,14.0,0.0
Meta,2020-04-07 23:12:00,18,900.0,2020-02-13 05:00:00,jueves,20,Normal,Seca y limpia,Plano,Terraplen,Curva Derecha,Transito normal con precaución,15,20,0,0,1.0,Choque,maniobras imprudentes,6507_0_18,15.0,0.0