territorial,fecha_registro,pr,distancia_pr,fecha_acc,dia_semana_acc,min_acc,condic_meteor,estado_super,terreno,secc_tip,geometria_acc,tipo_cierre,horas_cierre,min_cierre,n_heridos,n_muertos,n_victimas,clase_accidente,causa_posible,ref_loc,hora_acc,duracion_cierre_horas
Risaralda,2020-04-07 23:28:00,0,190.0,2019-12-05 05:00:00,jueves,53,Normal,Seca y limpia,Plano,Terraplen,Recta,Transito normal con precaución,10,53,0,0,0.0,Choque,no mantener distancia de seguridad,29RSA_1_0,10.0,0.0
Risaralda,2020-04-07 23:51:00,0,768.0,2019-12-06 05:00:00,viernes,40,Normal,Seca y limpia,Plano,Media ladera Izquierda,Recta,Transito normal con precaución,11,40,0,0,0.0,Choque,no mantener distancia de seguridad,29RSA_2_0,11.0,0.0
Risaralda,2020-04-07 23:56:00,0,0.0,2019-12-06 05:00:00,viernes,18,Lluvia,Humeda,Plano,Terraplen,Recta,Transito normal con precaución,19,18,1,0,1.0,Atropello,otra - conductor en general,29RSA_2_0,19.0,0.0
Risaralda,2020-04-08 00:02:00,47,540.0,2019-12-07 05:00:00,sabado,50,Normal,Humeda,Montañoso,Terraplen,Recta,Transito normal con precaución,17,50,1,0,1.0,Choque,no mantener distancia de seguridad,2507_1_47,17.0,0.0
Risaralda,2020-04-08 00:12:00,10,0.0,2019-12-07 05:00:00,sabado,20,Normal,Seca y limpia,Plano,Terraplen,Recta,Transito normal con precaución,13,20,0,0,0.0,Choque,maniobras imprudentes,2507_1_10,13.0,0.0
Boyacá,2020-04-08 00:44:00,16,210.0,2020-01-05 05:00:00,domingo,30,Normal,Seca y limpia,Ondulado,Media Ladera Derecha,Curva Izquierda,Transito normal con precaución,9,30,1,0,1.0,Choque,exceso de velocidad,5503_1_16,9.0,0.0
Boyacá,2020-04-08 00:44:00,95,500.0,2020-01-05 05:00:00,domingo,0,Normal,Seca y limpia,Montañoso,Media Ladera Derecha,Recta,Transito normal con precaución,23,0,0,0,1.0,Choque,impericia en el manejo,5503_1_95,23.0,0.0
Boyacá,2020-04-08 00:44:00,37,900.0,2020-01-06 05:00:00,lunes,30,Normal,Seca y limpia,Ondulado,Media Ladera Derecha,Curva Derecha,Transito normal con precaución,3,30,0,0,1.0,Volcamiento,fallas mecanicas y del sistema electrico,5503_1_37,3.0,0.0
Boyacá,2020-04-08 00:44:00,10,300.0,2020-01-06 05:00:00,lunes,15,Normal,Seca y limpia,Montañoso,Media Ladera Derecha,Curva Derecha,Transito normal con precaución,5,15,0,0,1.0,Choque,impericia en el manejo,6211_1_10,5.0,0.0
Boyacá,2020-04-08 00:44:00,85,150.0,2020-01-07 05:00:00,martes,30,Normal,Seca y limpia,Plano,Media ladera Izquierda,Recta,Transito normal con precaución,9,30,1,0,2.0,Choque,impericia en el manejo,5503_1_85,9.0,0.0
Boyacá,2020-04-08 00:44:00,14,125.0,2020-01-07 05:00:00,martes,45,Normal,Seca y limpia,Plano,Media Ladera Derecha,Recta,Transito normal con precaución,16,45,0,0,2.0,Choque,desobediencia a normas y senales,6211_1_14,16.0,0.0
Boyacá,2020-04-08 00:44:00,121,400.0,2020-01-12 05:00:00,domingo,0,Normal,Seca y limpia,Ondulado,Media ladera Izquierda,Recta,Transito normal con precaución,3,0,0,0,2.0,Volcamiento,fallas mecanicas y del sistema electrico,5503_1_121,3.0,0.0
Boyacá,2020-04-08 00:44:00,10,800.0,2020-01-12 05:00:00,domingo,45,Normal,Seca y limpia,Montañoso,Media Ladera Derecha,Recta,Transito normal con precaución,10,45,0,0,2.0,Choque,impericia en el manejo,6211_1_10,10.0,0.0
Boyacá,2020-04-08 00:44:00,1,680.0,2020-01-17 05:00:00,viernes,30,Normal,Seca y limpia,Plano,Media ladera Izquierda,Recta,Transito normal con precaución,17,30,1,0,3.0,Choque,impericia en el manejo,6211_1_1,17.0,0.0
Boyacá,2020-04-08 00:44:00,5,360.0,2020-01-19 05:00:00,domingo,0,Normal,Seca y limpia,Montañoso,Media ladera Izquierda,Curva Izquierda,Transito normal con precaución,15,0,1,0,4.0,Choque,exceso de velocidad,5503_1_5,15.0,0.0
Boyacá,2020-04-08 00:44:00,102,50.0,2020-01-19 05:00:00,domingo,30,Normal,Seca y limpia,Plano,Media ladera Izquierda,Curva Izquierda,Transito normal con precaución,6,30,0,0,4.0,Salida de la vía sin volcarse,embriaguez o sustancias alucinogenas,5503_1_102,6.0,0.0
Boyacá,2020-04-08 00:44:00,9,400.0,2020-01-21 05:00:00,martes,0,Normal,Humeda,Ondulado,Media ladera Izquierda,Curva Izquierda,Transito normal con precaución,17,0,2,0,6.0,Choque,exceso de velocidad,6211_1_9,17.0,0.0
Boyacá,2020-04-08 00:44:00,11,960.0,2020-01-23 05:00:00,jueves,30,Lluvia,Humeda,Ondulado,Media ladera Izquierda,Curva Izquierda,Transito normal con precaución,17,30,0,0,6.0,Choque,exceso de velocidad,6211_1_11,17.0,0.0
Boyacá,2020-04-08 00:44:00,24,50.0,2020-01-23 05:00:00,jueves,30,Normal,Seca y limpia,Plano,Terraplen,Recta,Transito normal con precaución,14,30,0,0,6.0,Salida de la vía sin volcarse,fallas mecanicas y del sistema electrico,5503_1_24,14.0,0.0
Boyacá,2020-04-08 00:44:00,19,580.0,2020-01-24 05:00:00,viernes,0,Normal,Seca y limpia,Ondulado,Terraplen,Curva Derecha,Transito normal con precaución,6,0,0,0,6.0,Salida de la vía sin volcarse,exceso de velocidad,5503_1_19,6.0,0.0
Boyacá,2020-04-08 00:44:00,16,45.0,2020-01-24 05:00:00,viernes,20,Normal,Humeda,Ondulado,Media Ladera Derecha,Curva Izquierda,Transito normal con precaución,17,20,0,0,6.0,Choque,exceso de velocidad,5503_1_16,17.0,0.0
Boyacá,2020-04-08 00:44:00,79,950.0,2020-01-30 05:00:00,jueves,40,Normal,Seca y limpia,Plano,Media Ladera Derecha,Curva Derecha,Transito normal con precaución,6,40,2,0,8.0,Volcamiento,exceso de velocidad,5503_1_79,6.0,0.0
Boyacá,2020-04-08 00:44:00,13,130.0,2020-01-30 05:00:00,jueves,5,Normal,Seca y limpia,Plano,Media Ladera Derecha,Recta,Transito normal con precaución,8,5,1,0,9.0,Atropello,conducta de pasajeros,6211_1_13,8.0,0.0
Córdoba,2020-04-08 13:24:00,65,780.0,2020-01-13 05:00:00,lunes,30,Normal,Seca y limpia,Plano,Terraplen,Recta,Transito normal con precaución,0,15,1,0,1.0,Choque,otra - conductor en general,2513_0_65,18.0,6.0
Córdoba,2020-04-08 14:56:00,2,500.0,2020-01-14 05:00:00,martes,0,Normal,Seca y limpia,Ondulado,Terraplen,Curva Izquierda,Parcial con reducción de carriles,3,0,6,0,6.0,Choque,maniobras imprudentes,2514_1_2,6.0,21.0
Boyacá,2020-04-08 14:52:00,43,578.0,2020-02-01 05:00:00,sabado,30,Normal,Seca y limpia,Ondulado,Media ladera Izquierda,Recta,Transito normal con precaución,4,30,0,0,0.0,Choque,exceso en horas de conduccion,5503_1_43,4.0,0.0
Boyacá,2020-04-08 14:52:00,12,385.0,2020-02-01 05:00:00,sabado,30,Normal,Seca y limpia,Plano,Terraplen,Curva Derecha,Transito normal con precaución,20,30,1,1,2.0,Choque,impericia en el manejo,5503_1_12,20.0,0.0
Córdoba,2020-04-08 15:01:00,2,800.0,2020-01-04 05:00:00,sabado,15,Normal,Seca y limpia,Plano,Terraplen,Recta,Parcial con reducción de carriles,1,0,0,1,1.0,Choque,no mantener distancia de seguridad,2514_1_2,10.0,15.0
Boyacá,2020-04-08 14:52:00,10,980.0,2020-02-03 05:00:00,lunes,0,Normal,Seca y limpia,Montañoso,Media Ladera Derecha,Curva Derecha,Transito normal con precaución,12,0,0,0,2.0,Volcamiento,embriaguez o sustancias alucinogenas,6211_1_10,12.0,0.0
Boyacá,2020-04-08 14:52:00,83,980.0,2020-02-05 05:00:00,miercoles,30,Normal,Seca y limpia,Plano,Media Ladera Derecha,Curva Derecha,Transito normal con precaución,23,30,0,0,2.0,Salida de la vía sin volcarse,fallas mecanicas y del sistema electrico,5503_1_83,23.0,0.0
Córdoba,2020-04-08 15:16:00,36,200.0,2020-01-11 05:00:00,sabado,30,Normal,Seca y limpia,Ondulado,Terraplen,Recta,Transito normal con precaución,1,0,0,0,0.0,Choque,condiciones de la via y factores ambientales,2514_1_36,19.0,6.0
Tolima,2020-04-08 15:21:00,24,310.0,2019-12-29 05:00:00,domingo,0,Normal,Seca y limpia,Montañoso,Media Ladera Derecha,Curva Izquierda,Transito normal con precaución,22,0,0,0,0.0,Volcamiento,condiciones de la via y factores ambientales,5007_1_24,22.0,0.0
Boyacá,2020-04-08 14:52:00,10,350.0,2020-02-07 05:00:00,viernes,0,Normal,Seca y limpia,Montañoso,Media ladera Izquierda,Curva Izquierda,Transito normal con precaución,5,0,0,2,4.0,Volcamiento,fallas mecanicas y del sistema electrico,6211_1_10,5.0,0.0
Tolima,2020-04-08 15:27:00,24,200.0,2019-12-31 05:00:00,martes,0,Normal,Seca y limpia,Montañoso,Media Ladera Derecha,Curva Izquierda,Transito normal con precaución,14,0,0,0,0.0,Choque,otra - conductor en general,5007_1_24,14.0,0.0
Boyacá,2020-04-08 14:52:00,133,700.0,2020-02-08 05:00:00,sabado,0,Normal,Seca y limpia,Plano,Media ladera Izquierda,Curva Izquierda,Transito normal con precaución,1,0,3,0,7.0,Salida de la vía sin volcarse,fallas mecanicas y del sistema electrico,5503_1_133,1.0,0.0
Córdoba,2020-04-08 15:29:00,38,400.0,2020-01-30 05:00:00,jueves,50,Normal,Seca y limpia,Ondulado,Cajón,Curva Izquierda,Parcial con reducción de carriles,4,0,0,2,2.0,Choque,adelantamientos indebidos,2514_1_38,5.0,23.0
Boyacá,2020-04-08 14:52:00,30,650.0,2020-02-09 05:00:00,domingo,0,Lluvia,Humeda,Ondulado,Media ladera Izquierda,Curva Izquierda,Transito normal con precaución,18,0,0,0,7.0,Choque,impericia en el manejo,5503_1_30,18.0,0.0
Tolima,2020-04-08 15:36:00,24,310.0,2020-01-01 05:00:00,miercoles,0,Normal,Seca y limpia,Montañoso,Media Ladera Derecha,Curva Derecha,Transito normal con precaución,14,0,0,0,0.0,Choque,otra - conductor en general,5007_1_24,14.0,0.0
Córdoba,2020-04-08 15:36:00,41,900.0,2020-01-02 05:00:00,jueves,30,Normal,Seca y limpia,Plano,Terraplen,Recta,Parcial con reducción de carriles,0,0,0,0,0.0,Choque,no mantener distancia de seguridad,2514_1_41,12.0,12.0
Tolima,2020-04-08 15:41:00,17,110.0,2020-01-10 05:00:00,viernes,10,Normal,Seca y limpia,Montañoso,Media ladera Izquierda,Recta,Transito normal con precaución,23,10,0,1,1.0,Choque,otra - conductor en general,5007_1_17,23.0,0.0
Boyacá,2020-04-08 14:52:00,8,900.0,2020-02-09 05:00:00,domingo,0,Lluvia,Humeda,Plano,Terraplen,Recta,Transito normal con precaución,19,0,0,0,7.0,Atropello,condiciones de la via y factores ambientales,5503_1_8,19.0,0.0
Córdoba,2020-04-08 15:43:00,42,0.0,2020-01-17 05:00:00,viernes,0,Normal,Seca y limpia,Ondulado,Cajón,Recta,Parcial con reducción de carriles,0,0,1,0,1.0,Choque,no mantener distancia de seguridad,2514_1_42,9.0,15.0
Cesar,2020-04-08 15:39:00,14,700.0,2020-03-25 05:00:00,miercoles,50,Seca,Seca y limpia,Plano,Terraplen,Recta,Transito normal con precaución,0,0,4,1,5.0,Choque,otra - conductor en general,43CS02_0_14,21.0,3.0
Caquetá,2020-04-08 15:43:00,58,0.0,2020-03-12 05:00:00,jueves,0,Sol,Seca y limpia,Ondulado,Media ladera Izquierda,Recta,Transito normal con precaución,9,0,2,0,2.0,Choque,fallas mecanicas y del sistema electrico,6502_1_58,9.0,0.0
Córdoba,2020-04-08 19:16:00,0,630.0,2020-02-13 05:00:00,jueves,0,Normal,Seca y limpia,Ondulado,Cajón,Recta,Transito normal con precaución,0,0,0,0,0.0,Choque,otra - conductor en general,2514_1_0,18.0,6.0
Córdoba,2020-04-08 19:25:00,0,630.0,2020-02-13 05:00:00,jueves,0,Normal,Seca y limpia,Ondulado,Cajón,Recta,Transito normal con precaución,0,0,0,0,0.0,Choque,otra - conductor en general,2514_1_0,18.0,6.0
Córdoba,2020-04-08 19:30:00,46,450.0,2020-02-12 05:00:00,miercoles,30,Normal,Seca y limpia,Plano,Terraplen,Recta,Transito normal con precaución,0,0,0,0,0.0,Volcamiento,otra - conductor en general,2514_1_46,17.0,7.0
Córdoba,2020-04-08 19:33:00,2,80.0,2020-02-17 05:00:00,lunes,40,Normal,Seca y limpia,Plano,Cajón,Recta,Transito normal con precaución,0,0,1,0,1.0,Choque,otra - conductor en general,7403_1_2,6.0,18.0
Cauca,2020-04-10 00:10:00,81,50.0,2020-02-05 05:00:00,miercoles,0,Sol,Material suelto,Montañoso,Media Ladera Derecha,Recta,Transito normal con precaución,0,0,0,0,2.0,Volcamiento,otra - conductor en general,2602_0_81,13.0,11.0
Córdoba,2020-04-08 19:36:00,22,600.0,2020-02-05 05:00:00,miercoles,0,Normal,Seca y limpia,Plano,Media ladera Izquierda,Recta,Transito normal con precaución,0,0,0,0,2.0,Choque,no mantener distancia de seguridad,7403_1_22,9.0,15.0
Córdoba,2020-04-08 15:48:00,45,50.0,2020-01-09 05:00:00,jueves,0,Normal,Seca y limpia,Plano,Terraplen,Curva Izquierda,Parcial con reducción de carriles,0,0,0,0,0.0,Volcamiento,otra - conductor en general,2514_1_45,20.0,4.0
Cesar,2020-04-08 15:48:00,64,300.0,2020-01-23 05:00:00,jueves,40,Sol,Seca y limpia,Plano,Terraplen,Recta,Transito normal con precaución,0,0,3,0,3.0,Volcamiento,otra - conductor en general,4313_0_64,13.0,11.0
Boyacá,2020-04-08 14:52:00,104,810.0,2020-02-14 05:00:00,viernes,30,Normal,Seca y limpia,Ondulado,Media ladera Izquierda,Recta,Transito normal con precaución,20,30,0,0,7.0,Salida de la vía sin volcarse,embriaguez o sustancias alucinogenas,5503_1_104,20.0,0.0
Córdoba,2020-04-08 15:55:00,2,20.0,2020-01-18 05:00:00,sabado,20,Normal,Seca y limpia,Plano,Cajón,Recta,Cierre total,2,0,0,1,1.0,Choque,otra - conductor en general,7403_1_2,13.0,13.0
Boyacá,2020-04-08 14:52:00,93,950.0,2020-02-17 05:00:00,lunes,20,Normal,Seca y limpia,Ondulado,Media ladera Izquierda,Curva Izquierda,Transito normal con precaución,16,20,0,0,7.0,Choque,impericia en el manejo,5503_1_93,16.0,0.0
Córdoba,2020-04-08 16:01:00,8,350.0,2020-01-20 05:00:00,lunes,0,Normal,Seca y limpia,Ondulado,Terraplen,Curva Derecha,Transito normal con precaución,0,0,0,0,1.0,Choque,otra - conductor en general,7403_1_8,9.0,15.0
Caquetá,2020-04-08 15:51:00,25,60.0,2020-03-08 05:00:00,domingo,30,Sol,Seca y limpia,Plano,Terraplen,Recta,Transito normal con precaución,13,30,4,1,5.0,Atropello,conducta de peatones,6502_1_25,13.0,0.0
Boyacá,2020-04-08 14:52:00,38,400.0,2020-02-23 05:00:00,domingo,30,Lluvia,Humeda,Ondulado,Media Ladera Derecha,Curva Derecha,Transito normal con precaución,17,30,0,0,7.0,Choque,condiciones de la via y factores ambientales,5503_1_38,17.0,0.0
Córdoba,2020-04-08 16:04:00,39,160.0,2020-01-14 05:00:00,martes,15,Normal,Seca y limpia,Plano,Terraplen,Recta,Transito normal con precaución,0,0,3,0,3.0,Choque,no mantener distancia de seguridad,7403_1_39,15.0,9.0
Caquetá,2020-04-08 16:06:00,32,735.0,2020-03-10 05:00:00,martes,15,Sol,Seca y limpia,Ondulado,Media ladera Izquierda,Curva Izquierda,Transito normal con precaución,6,15,1,0,2.0,Choque,exceso de velocidad,6502_1_32,6.0,0.0
Cundinamarca,2020-04-08 23:29:00,30,660.01,2019-11-23 05:00:00,sabado,0,Seca,Seca y limpia,Plano,Media Ladera Derecha,Recta,Transito normal con precaución,11,15,0,0,0.0,Choque,desobediencia a normas y senales,40CNB_1_30,11.0,0.0
Cauca,2020-04-10 00:00:00,5,0.0,2020-02-25 05:00:00,martes,0,Lluvia,Humeda,Montañoso,Media ladera Izquierda,Curva Izquierda,Transito normal con precaución,0,0,0,0,0.0,Volcamiento,condiciones de la via y factores ambientales,2602_0_5,23.0,1.0
Cauca,2020-04-10 00:24:00,92,740.0,2020-02-10 05:00:00,lunes,0,Sol,Seca y limpia,Montañoso,Media Ladera Derecha,Recta,Transito normal con precaución,0,0,0,0,2.0,Choque,desobediencia a normas y senales,2602_0_92,13.0,11.0
Cauca,2020-04-10 00:34:00,61,180.0,2020-03-09 05:00:00,lunes,30,Sol,Seca y limpia,Montañoso,Cajón,Curva Izquierda,Transito normal con precaución,0,0,0,0,0.0,Choque,otra - conductor en general,2602_0_61,13.0,11.0
Cauca,2020-04-10 00:43:00,100,400.0,2020-03-11 05:00:00,miercoles,30,Sol,Material suelto,Montañoso,Media Ladera Derecha,Curva Derecha,Transito normal con precaución,0,0,1,0,1.0,Choque,otra - conductor en general,2602_0_100,17.0,7.0
Casanare,2020-04-10 20:50:00,7,500.0,2020-01-02 05:00:00,jueves,15,Normal,Seca y limpia,Plano,Terraplen,Curva Izquierda,Transito normal con precaución,0,0,0,0,0.0,Choque,otra - conductor en general,6513_0_7,12.0,12.0
Casanare,2020-04-10 20:56:00,7,10.0,2020-01-03 05:00:00,viernes,20,Normal,Seca y limpia,Plano,Terraplen,Recta,Transito normal con precaución,0,0,0,0,0.0,Choque,no mantener distancia de seguridad,6513_0_7,11.0,13.0
Casanare,2020-04-10 21:01:00,14,760.0,2020-01-06 05:00:00,lunes,10,Normal,Seca y limpia,Plano,Terraplen,Recta,Transito normal con precaución,0,0,0,0,0.0,Choque,maniobras imprudentes,6513_0_14,20.0,4.0
Casanare,2020-04-10 21:04:00,19,0.0,2020-01-08 05:00:00,miercoles,30,Normal,Seca y limpia,Plano,Terraplen,Recta,Transito normal con precaución,0,0,0,0,0.0,Choque,no mantener distancia de seguridad,6513_0_19,7.0,17.0
Casanare,2020-04-10 21:08:00,37,700.0,2020-01-12 05:00:00,domingo,20,Normal,Seca y limpia,Plano,Terraplen,Recta,Transito normal con precaución,0,0,1,0,1.0,Choque,maniobras imprudentes,6513_0_37,17.0,7.0
Casanare,2020-04-10 21:13:00,65,500.0,2020-01-23 05:00:00,jueves,15,Normal,Seca y limpia,Plano,Terraplen,Curva Derecha,Transito normal con precaución,0,0,1,0,1.0,Volcamiento,otra - conductor en general,6513_0_65,6.0,18.0
Casanare,2020-04-10 21:15:00,33,100.0,2020-01-26 05:00:00,domingo,0,Normal,Seca y limpia,Plano,Terraplen,Curva Derecha,Transito normal con precaución,0,0,1,0,1.0,Volcamiento,estacionamiento y senalizacion imprudente,6513_0_33,7.0,17.0
Santander,2020-04-14 13:33:00,38,641.0,2020-01-06 05:00:00,lunes,0,Normal,Seca y limpia,Ondulado,Media Ladera Derecha,Curva Izquierda,Transito normal con precaución,16,0,0,0,0.0,Choque,impericia en el manejo,55ST02_1_38,16.0,0.0
Santander,2020-04-14 13:33:00,50,120.0,2020-01-09 05:00:00,jueves,30,Normal,Seca y limpia,Ondulado,Media Ladera Derecha,Curva Derecha,Parcial con paso alternado,10,30,1,0,1.0,Volcamiento,fallas mecanicas y del sistema electrico,5504_1_50,10.0,0.0
Santander,2020-04-14 14:35:00,47,0.0,2020-01-31 05:00:00,viernes,30,Normal,Seca y limpia,Plano,Media Ladera Derecha,Curva Izquierda,Transito normal con precaución,20,30,1,0,1.0,Choque,condiciones de la via y factores ambientales,5504_1_47,20.0,0.0
Tolima,2020-04-14 19:02:00,4,180.0,2020-01-14 05:00:00,martes,30,Normal,Seca y limpia,Montañoso,Media Ladera Derecha,Curva Derecha,Transito normal con precaución,7,30,0,0,0.0,Choque,condiciones de la via y factores ambientales,5007_1_4,7.0,0.0
Tolima,2020-04-14 19:07:00,24,450.0,2020-01-15 05:00:00,miercoles,55,Normal,Seca y limpia,Montañoso,Media ladera Izquierda,Curva Izquierda,Transito normal con precaución,7,55,0,0,0.0,Choque,adelantamientos indebidos,5007_1_24,7.0,0.0
Tolima,2020-04-14 19:21:00,24,300.0,2020-01-15 05:00:00,miercoles,30,Normal,Seca y limpia,Montañoso,Media ladera Izquierda,Curva Derecha,Transito normal con precaución,9,30,0,0,0.0,Choque,otra - conductor en general,5007_1_24,9.0,0.0
Tolima,2020-04-14 19:25:00,24,210.0,2020-01-24 05:00:00,viernes,40,Normal,Seca y limpia,Montañoso,Media ladera Izquierda,Curva Derecha,Transito normal con precaución,18,40,0,0,0.0,Choque,condiciones de la via y factores ambientales,5007_1_24,18.0,0.0
Nariño,2020-04-14 22:42:00,28,500.0,2020-01-18 05:00:00,sabado,0,Lluvia,Humeda,Montañoso,Media ladera Izquierda,Curva Izquierda,Transito normal con precaución,0,30,0,0,0.0,Choque,condiciones de la via y factores ambientales,1003_1_28,14.0,10.0
Tolima,2020-04-14 19:37:00,12,500.0,2020-02-01 05:00:00,sabado,45,Normal,Seca y limpia,Montañoso,Media Ladera Derecha,Curva Derecha,Transito normal con precaución,13,45,0,0,0.0,Choque,otra - conductor en general,5007_1_12,13.0,0.0
Tolima,2020-04-14 19:43:00,22,720.0,2020-02-07 05:00:00,viernes,50,Normal,Seca y limpia,Montañoso,Media Ladera Derecha,Curva Izquierda,Transito normal con precaución,6,50,0,0,0.0,Choque,condiciones de la via y factores ambientales,5007_1_22,6.0,0.0
Tolima,2020-04-14 20:09:00,14,380.0,2020-02-15 05:00:00,sabado,0,Lluvia,Humeda,Montañoso,Media ladera Izquierda,Curva Izquierda,Transito normal con precaución,6,0,0,0,0.0,Volcamiento,condiciones de la via y factores ambientales,5007_1_14,6.0,0.0
Tolima,2020-04-14 20:12:00,24,340.0,2020-02-18 05:00:00,martes,0,Normal,Seca y limpia,Montañoso,Media Ladera Derecha,Curva Izquierda,Transito normal con precaución,6,0,0,0,0.0,Choque,otra - conductor en general,5007_1_24,6.0,0.0
Tolima,2020-04-14 20:15:00,22,600.0,2020-02-21 05:00:00,viernes,15,Lluvia,Humeda,Montañoso,Media ladera Izquierda,Curva Izquierda,Transito normal con precaución,10,15,0,0,0.0,Choque,condiciones de la via y factores ambientales,5007_1_22,10.0,0.0
Tolima,2020-04-14 20:18:00,24,350.0,2020-02-26 05:00:00,miercoles,0,Normal,Seca y limpia,Montañoso,Media Ladera Derecha,Curva Izquierda,Transito normal con precaución,7,0,0,0,0.0,Choque,otra - conductor en general,5007_1_24,7.0,0.0
Santander,2020-04-15 13:20:00,1,0.0,2020-02-03 05:00:00,lunes,0,Normal,Seca y limpia,Plano,Media Ladera Derecha,Recta,Parcial con paso alternado,14,0,1,0,1.0,Caída ocupante,condiciones de la via y factores ambientales,5504_1_1,14.0,0.0
Santander,2020-04-15 13:37:00,89,0.0,2020-02-20 05:00:00,jueves,30,Normal,Seca y limpia,Ondulado,Media Ladera Derecha,Curva Izquierda,Parcial con paso alternado,20,30,1,0,1.0,Salida de la vía sin volcarse,impericia en el manejo,5504_1_89,20.0,0.0
Casanare,2020-04-15 13:59:00,28,300.0,2020-02-14 05:00:00,viernes,30,Normal,Seca y limpia,Plano,Terraplen,Recta,Transito normal con precaución,0,0,0,0,0.0,Volcamiento,maniobras imprudentes,6605_0_28,8.0,16.0
Planta Central,2020-04-16 22:02:00,0,800.0,2020-01-19 05:00:00,domingo,0,Normal,Seca y limpia,Ondulado,Terraplen,Recta,Transito normal con precaución,0,0,0,0,0.0,Choque,maniobras imprudentes,4513_2_0,15.0,9.0
Santander,2020-04-15 13:56:00,69,250.0,2020-02-26 05:00:00,miercoles,30,Normal,Seca y limpia,Ondulado,Media Ladera Derecha,Curva Derecha,Parcial con paso alternado,12,30,1,0,1.0,Atropello,condiciones de la via y factores ambientales,5504_1_69,12.0,0.0
Planta Central,2020-04-15 20:33:00,63,450.0,2020-01-09 05:00:00,jueves,10,Normal,Seca y limpia,Plano,Cajón,Recta,Transito normal con precaución,0,35,1,1,2.0,Choque,otra - conductor en general,4511_1_63,7.0,17.0
Planta Central,2020-04-15 20:38:00,85,0.0,2020-01-10 05:00:00,viernes,30,Normal,Seca y limpia,Plano,Terraplen,Recta,Transito normal con precaución,0,0,0,0,0.0,Choque,no mantener distancia de seguridad,4511_1_85,21.0,3.0
Planta Central,2020-04-15 20:41:00,86,500.0,2020-01-05 05:00:00,domingo,30,Normal,Seca y limpia,Plano,Terraplen,Recta,Transito normal con precaución,0,0,0,0,0.0,Choque,no mantener distancia de seguridad,4511_1_86,20.0,4.0
Planta Central,2020-04-15 20:48:00,103,200.0,2020-01-08 05:00:00,miercoles,30,Normal,Seca y limpia,Plano,Terraplen,Recta,Transito normal con precaución,0,20,1,0,1.0,Atropello,conducta de peatones,4511_1_103,17.0,7.0
Planta Central,2020-04-15 20:56:00,108,670.0,2020-01-04 05:00:00,sabado,0,Normal,Seca y limpia,Plano,Terraplen,Recta,Transito normal con precaución,0,10,0,0,0.0,Choque,maniobras imprudentes,4511_1_108,11.0,13.0
Planta Central,2020-04-15 20:58:00,112,150.0,2020-01-15 05:00:00,miercoles,0,Normal,Seca y limpia,Plano,Terraplen,Recta,Transito normal con precaución,0,0,0,0,0.0,Choque,fallas mecanicas y del sistema electrico,4511_1_112,9.0,15.0
Planta Central,2020-04-15 21:02:00,126,490.0,2020-01-12 05:00:00,domingo,15,Normal,Seca y limpia,Plano,Terraplen,Recta,Transito normal con precaución,0,0,0,0,0.0,Choque,no mantener distancia de seguridad,4511_1_126,12.0,12.0
Planta Central,2020-04-15 21:05:00,128,450.0,2020-01-05 05:00:00,domingo,0,Normal,Seca y limpia,Plano,Terraplen,Recta,Transito normal con precaución,0,0,0,0,0.0,Choque,no mantener distancia de seguridad,4511_1_128,14.0,10.0
Planta Central,2020-04-15 21:22:00,131,460.0,2020-01-03 05:00:00,viernes,30,Normal,Seca y limpia,Plano,Terraplen,Recta,Transito normal con precaución,1,30,7,3,10.0,Choque,otra - conductor en general,4511_1_131,1.0,0.0
Putumayo,2020-04-16 16:30:00,18,100.0,2019-12-29 05:00:00,domingo,50,Seca,Seca y limpia,Plano,Terraplen,Recta,Parcial con reducción de carriles,15,50,1,0,2.0,Caída ocupante,exceso de velocidad,4501_1_18,15.0,0.0
Norte de Santander,2020-04-16 16:44:00,42,300.0,2020-01-26 05:00:00,domingo,30,Sol,Seca y limpia,Plano,Terraplen,Curva Izquierda,Transito normal con precaución,18,0,1,1,2.0,Volcamiento,adelantamientos indebidos,7009_0_42,17.0,1.0
Putumayo,2020-04-16 16:43:00,18,600.0,2019-12-31 05:00:00,martes,30,Seca,Seca y limpia,Ondulado,Terraplen,Recta,Parcial con reducción de carriles,10,30,1,0,2.0,Choque,exceso de velocidad,4501_1_18,10.0,0.0
Planta Central,2020-04-16 22:20:00,3,0.0,2020-01-09 05:00:00,jueves,50,Normal,Seca y limpia,Plano,Terraplen,Recta,Transito normal con precaución,0,0,0,0,0.0,Choque,no mantener distancia de seguridad,4513_1_3,13.0,11.0
Planta Central,2020-04-16 22:23:00,5,500.0,2020-01-14 05:00:00,martes,40,Normal,Seca y limpia,Plano,Terraplen,Recta,Transito normal con precaución,0,14,2,0,2.0,Choque,maniobras imprudentes,4513_1_5,18.0,6.0