territorial,fecha_registro,pr,distancia_pr,fecha_acc,dia_semana_acc,min_acc,condic_meteor,estado_super,terreno,secc_tip,geometria_acc,tipo_cierre,horas_cierre,min_cierre,n_heridos,n_muertos,n_victimas,clase_accidente,causa_posible,ref_loc,hora_acc,duracion_cierre_horas
Planta Central,2020-04-16 22:27:00,12,700.0,2020-01-10 05:00:00,viernes,30,Normal,Seca y limpia,Plano,Terraplen,Recta,Transito normal con precaución,0,0,0,0,0.0,Volcamiento,fallas mecanicas y del sistema electrico,4513_1_12,14.0,10.0
Planta Central,2020-04-16 22:29:00,18,550.0,2020-01-14 05:00:00,martes,30,Normal,Seca y limpia,Plano,Terraplen,Recta,Transito normal con precaución,0,0,0,0,0.0,Choque,no mantener distancia de seguridad,4513_1_18,10.0,14.0
Planta Central,2020-04-16 22:37:00,37,0.0,2020-01-29 05:00:00,miercoles,50,Normal,Seca y limpia,Plano,Terraplen,Recta,Transito normal con precaución,0,0,0,0,0.0,Choque,condiciones de la via y factores ambientales,4513_1_37,0.0,0.0
Planta Central,2020-04-16 22:41:00,39,480.0,2020-01-25 05:00:00,sabado,50,Normal,Seca y limpia,Plano,Terraplen,Recta,Transito normal con precaución,0,30,0,1,1.0,Choque,desobediencia a normas y senales,4513_1_39,6.0,18.0
Planta Central,2020-04-16 22:50:00,53,60.0,2020-01-07 05:00:00,martes,30,Normal,Seca y limpia,Plano,Terraplen,Recta,Transito normal con precaución,0,13,3,0,3.0,Volcamiento,fallas mecanicas y del sistema electrico,4513_2_53,7.0,17.0
Planta Central,2020-04-16 22:54:00,61,240.0,2020-01-26 05:00:00,domingo,0,Normal,Seca y limpia,Plano,Terraplen,Curva Izquierda,Transito normal con precaución,0,40,0,1,1.0,Choque,adelantamientos indebidos,4513_1_61,19.0,5.0
Planta Central,2020-04-16 23:00:00,62,300.0,2020-01-24 05:00:00,viernes,0,Normal,Seca y limpia,Plano,Terraplen,Recta,Transito normal con precaución,0,0,0,0,0.0,Choque,adelantamientos indebidos,4513_1_62,1.0,23.0
Planta Central,2020-04-16 23:10:00,79,300.0,2020-01-05 05:00:00,domingo,30,Normal,Seca y limpia,Plano,Terraplen,Recta,Transito normal con precaución,0,0,0,0,0.0,Choque,condiciones de la via y factores ambientales,4513_1_79,12.0,12.0
Planta Central,2020-04-16 23:14:00,79,800.0,2020-01-07 05:00:00,martes,30,Normal,Seca y limpia,Plano,Terraplen,Recta,Transito normal con precaución,0,0,0,0,0.0,Choque,condiciones de la via y factores ambientales,4513_1_79,12.0,12.0
Norte de Santander,2020-04-17 00:55:00,108,640.0,2020-03-28 05:00:00,sabado,0,Sol,Seca y limpia,Escarpado,Media Ladera Derecha,Curva Derecha,Parcial con paso alternado,16,20,0,0,0.0,Choque,adelantamientos indebidos,7008_1_108,13.0,3.0
Norte de Santander,2020-04-17 13:40:00,76,650.0,2020-02-05 05:00:00,miercoles,0,Normal,Seca y limpia,Escarpado,Media ladera Izquierda,Curva Derecha,Parcial con paso alternado,10,40,0,1,2.0,Choque,adelantamientos indebidos,7008_1_76,6.0,4.0
Cesar,2020-04-17 14:30:00,102,420.0,2020-01-02 05:00:00,jueves,30,Seca,Seca y limpia,Plano,Terraplen,Recta,Transito normal con precaución,20,10,0,0,0.0,Choque,no mantener distancia de seguridad,4901_1_102,19.0,1.0
Cesar,2020-04-17 15:04:00,56,800.0,2020-01-02 05:00:00,jueves,20,Normal,Seca y limpia,Plano,Terraplen,Recta,Transito normal con precaución,5,20,0,0,0.0,Choque,estacionamiento y senalizacion imprudente,4901_1_56,5.0,0.0
Cesar,2020-04-17 15:04:00,87,157.0,2020-01-07 05:00:00,martes,30,Normal,Seca y limpia,Plano,Terraplen,Recta,Transito normal con precaución,4,30,1,0,1.0,Volcamiento,condiciones de la via y factores ambientales,4901_1_87,4.0,0.0
Norte de Santander,2020-04-17 16:08:00,79,900.0,2020-02-24 05:00:00,lunes,30,Lluvia,Humeda,Escarpado,Media ladera Izquierda,Curva Izquierda,Cierre total,9,20,0,0,1.0,Choque,maniobras imprudentes,7008_1_79,6.0,3.0
Planta Central,2020-04-17 17:41:00,82,100.0,2020-01-11 05:00:00,sabado,20,Normal,Seca y limpia,Plano,Terraplen,Recta,Transito normal con precaución,0,0,0,0,0.0,Choque,condiciones de la via y factores ambientales,4513_1_82,2.0,22.0
Planta Central,2020-04-17 17:44:00,82,800.0,2020-01-05 05:00:00,domingo,20,Normal,Seca y limpia,Plano,Terraplen,Recta,Transito normal con precaución,0,45,0,1,1.0,Choque,maniobras imprudentes,4513_1_82,13.0,11.0
Planta Central,2020-04-17 17:48:00,84,800.0,2020-01-06 05:00:00,lunes,30,Normal,Seca y limpia,Plano,Terraplen,Recta,Transito normal con precaución,0,15,0,0,0.0,Choque,condiciones de la via y factores ambientales,4513_1_84,3.0,21.0
Planta Central,2020-04-17 17:51:00,87,0.0,2020-01-31 05:00:00,viernes,0,Normal,Seca y limpia,Plano,Terraplen,Recta,Transito normal con precaución,0,0,0,0,0.0,Choque,exceso en horas de conduccion,4513_1_87,0.0,0.0
Planta Central,2020-04-17 17:54:00,87,970.0,2020-01-09 05:00:00,jueves,40,Normal,Seca y limpia,Plano,Terraplen,Recta,Transito normal con precaución,0,0,0,0,0.0,Choque,no mantener distancia de seguridad,4513_1_87,7.0,17.0
Planta Central,2020-04-17 17:57:00,89,200.0,2020-01-27 05:00:00,lunes,0,Normal,Seca y limpia,Plano,Terraplen,Recta,Transito normal con precaución,0,13,1,0,1.0,Choque,exceso en horas de conduccion,4513_1_89,5.0,19.0
Nariño,2020-04-17 21:14:00,5,300.0,2020-02-17 05:00:00,lunes,30,Normal,Seca y limpia,Ondulado,Media Ladera Derecha,Recta,Parcial con reducción de carriles,0,30,0,0,0.0,Choque,desobediencia a normas y senales,1003_1_5,13.0,11.0
Nariño,2020-04-17 21:36:00,28,0.0,2020-02-19 05:00:00,miercoles,0,Niebla,Humeda,Ondulado,Media Ladera Derecha,Curva Derecha,Parcial con reducción de carriles,1,0,0,0,0.0,Choque,otra - conductor en general,1003_1_28,8.0,17.0
Planta Central,2020-04-17 21:38:00,42,620.0,2020-01-01 05:00:00,miercoles,50,Sol,Seca y limpia,Plano,Terraplen,Curva Derecha,Transito normal con precaución,5,0,0,0,0.0,Volcamiento,maniobras imprudentes,4514_2_42,4.0,1.0
Planta Central,2020-04-17 21:51:00,46,500.0,2020-01-02 05:00:00,jueves,20,Sol,Seca y limpia,Plano,Terraplen,Recta,Transito normal con precaución,19,35,0,0,0.0,Volcamiento,maniobras imprudentes,4514_2_46,19.0,0.0
Planta Central,2020-04-17 21:59:00,76,270.0,2020-01-10 05:00:00,viernes,0,Sol,Seca y limpia,Plano,Terraplen,Recta,Transito normal con precaución,18,50,0,1,2.0,Choque,maniobras imprudentes,4514_2_76,18.0,0.0
Planta Central,2020-04-17 22:07:00,17,900.0,2020-01-12 05:00:00,domingo,45,Sol,Seca y limpia,Plano,Terraplen,Recta,Transito normal con precaución,17,55,0,0,1.0,Choque,maniobras imprudentes,4514_2_17,17.0,0.0
Planta Central,2020-04-17 22:15:00,23,0.0,2020-01-13 05:00:00,lunes,30,Sol,Seca y limpia,Plano,Terraplen,Recta,Transito normal con precaución,16,40,0,0,0.0,Choque,maniobras imprudentes,4514_2_23,16.0,0.0
Planta Central,2020-04-18 16:08:00,63,700.0,2020-02-07 05:00:00,viernes,20,Normal,Seca y limpia,Ondulado,Terraplen,Curva Derecha,Transito normal con precaución,0,0,0,0,0.0,Choque,exceso en horas de conduccion,4511_1_63,11.0,13.0
Planta Central,2020-04-18 16:11:00,86,730.0,2020-02-11 05:00:00,martes,50,Normal,Seca y limpia,Plano,Terraplen,Recta,Transito normal con precaución,0,40,5,0,5.0,Volcamiento,desobediencia a normas y senales,4511_1_86,20.0,4.0
Planta Central,2020-04-18 16:15:00,119,150.0,2020-02-02 05:00:00,domingo,30,Normal,Seca y limpia,Plano,Terraplen,Recta,Transito normal con precaución,0,0,0,0,0.0,Choque,maniobras imprudentes,4511_1_119,7.0,17.0
Cesar,2020-04-18 21:19:00,67,500.0,2020-01-12 05:00:00,domingo,10,Normal,Seca y limpia,Plano,Terraplen,Recta,Transito normal con precaución,12,10,1,0,1.0,Choque,fallas mecanicas y del sistema electrico,4901_1_67,12.0,0.0
Cesar,2020-04-18 21:31:00,125,800.0,2020-01-23 05:00:00,jueves,0,Normal,Seca y limpia,Plano,Terraplen,Recta,Transito normal con precaución,6,0,0,0,0.0,Choque,condiciones de la via y factores ambientales,4901_1_125,6.0,0.0
Cesar,2020-04-18 21:31:00,3,60.0,2020-01-24 05:00:00,viernes,30,Normal,Seca y limpia,Plano,Terraplen,Recta,Transito normal con precaución,19,30,1,2,3.0,Choque,adelantamientos indebidos,8004A_1_3,19.0,0.0
Cesar,2020-04-18 22:06:00,2,250.0,2020-04-24 05:00:00,viernes,40,Normal,Seca y limpia,Plano,Terraplen,Recta,Parcial con paso alternado,22,10,0,1,1.0,Choque,embriaguez o sustancias alucinogenas,8004_1_2,21.0,1.0
Cesar,2020-04-18 22:59:00,32,500.0,2019-02-19 05:00:00,martes,30,Normal,Seca y limpia,Plano,Terraplen,Recta,Transito normal con precaución,9,11,1,0,1.0,Atropello,conducta de peatones,8004A_1_32,8.0,1.0
Cesar,2020-04-18 22:59:00,11,200.0,2019-02-23 05:00:00,sabado,35,Normal,Seca y limpia,Plano,Terraplen,Recta,Transito normal con precaución,21,55,1,2,4.0,Choque,adelantamientos indebidos,8004_1_11,21.0,0.0
Cesar,2020-04-18 23:26:00,4,970.0,2020-04-04 05:00:00,sabado,0,Normal,Seca y limpia,Plano,Terraplen,Recta,Transito normal con precaución,16,5,0,0,0.0,Choque,no mantener distancia de seguridad,8004A_1_4,16.0,0.0
Cesar,2020-04-18 23:26:00,10,900.0,2020-04-29 05:00:00,miercoles,30,Normal,Seca y limpia,Plano,Terraplen,Recta,Transito normal con precaución,14,30,1,0,1.0,Choque,adelantamientos indebidos,8004A_1_10,13.0,1.0
Cesar,2020-04-18 23:44:00,70,500.0,2020-02-13 05:00:00,jueves,10,Normal,Seca y limpia,Plano,Terraplen,Recta,Transito normal con precaución,20,50,1,0,1.0,Choque,condiciones de la via y factores ambientales,4901_1_70,20.0,0.0
Córdoba,2020-04-19 20:57:00,25,600.0,2020-02-07 05:00:00,viernes,30,Normal,Seca y limpia,Plano,Terraplen,Curva Derecha,Transito normal con precaución,0,0,0,0,3.0,Choque,adelantamientos indebidos,9003_0_25,15.0,9.0
Córdoba,2020-04-19 19:55:00,2,850.0,2020-01-04 05:00:00,sabado,0,Normal,Seca y limpia,Plano,Cajón,Recta,Transito normal con precaución,9,40,0,0,0.0,Choque,no mantener distancia de seguridad,9004_1_2,9.0,0.0
Córdoba,2020-04-19 20:08:00,8,750.0,2020-01-05 05:00:00,domingo,20,Normal,Seca y limpia,Plano,Terraplen,Recta,Cierre total,1,0,0,0,0.0,Choque,otra - conductor en general,2103_1_8,19.0,6.0
Córdoba,2020-04-19 20:08:00,49,1350.0,2020-01-13 05:00:00,lunes,0,Normal,Seca y limpia,Plano,Terraplen,Recta,Transito normal con precaución,0,0,0,0,2.0,Atropello,impericia en el manejo,2103_1_49,2.0,22.0
Casanare,2020-04-19 20:25:00,2,300.0,2020-02-11 05:00:00,martes,30,Normal,Seca y limpia,Plano,Terraplen,Recta,Transito normal con precaución,0,0,1,0,1.0,Atropello,desobediencia a normas y senales,6513_0_2,23.0,1.0
Córdoba,2020-04-19 20:25:00,49,1350.0,2020-01-13 05:00:00,lunes,0,Normal,Seca y limpia,Plano,Terraplen,Recta,Transito normal con precaución,0,0,0,0,2.0,Atropello,impericia en el manejo,2103_1_49,2.0,22.0
Casanare,2020-04-19 20:29:00,14,330.0,2020-02-22 05:00:00,sabado,30,Normal,Seca y limpia,Plano,Terraplen,Recta,Transito normal con precaución,0,0,0,0,0.0,Volcamiento,impericia en el manejo,6513_0_14,22.0,2.0
Casanare,2020-04-19 20:33:00,14,350.0,2020-02-22 05:00:00,sabado,0,Normal,Seca y limpia,Plano,Terraplen,Recta,Transito normal con precaución,0,0,0,0,0.0,Choque,no mantener distancia de seguridad,6513_0_14,19.0,5.0
Casanare,2020-04-19 20:36:00,8,500.0,2020-02-23 05:00:00,domingo,0,Normal,Seca y limpia,Plano,Terraplen,Recta,Transito normal con precaución,0,0,0,0,0.0,Volcamiento,maniobras imprudentes,6514_0_8,15.0,9.0
Casanare,2020-04-19 20:39:00,9,300.0,2020-02-23 05:00:00,domingo,30,Normal,Seca y limpia,Plano,Terraplen,Recta,Transito normal con precaución,0,0,1,0,1.0,Choque,fallas mecanicas y del sistema electrico,6514_0_9,21.0,3.0
Casanare,2020-04-19 20:43:00,85,500.0,2020-02-23 05:00:00,domingo,10,Normal,Seca y limpia,Plano,Terraplen,Recta,Transito normal con precaución,0,0,0,0,0.0,Choque,fallas mecanicas y del sistema electrico,6513_0_85,17.0,7.0
Casanare,2020-04-19 20:45:00,29,950.0,2020-02-27 05:00:00,jueves,20,Normal,Seca y limpia,Plano,Terraplen,Recta,Transito normal con precaución,0,0,0,0,0.0,Salida de la vía sin volcarse,otra - conductor en general,6513_0_29,6.0,18.0
Córdoba,2020-04-19 20:38:00,8,600.0,2020-01-15 05:00:00,miercoles,0,Normal,Seca y limpia,Ondulado,Media Ladera Derecha,Recta,Transito normal con precaución,0,0,1,0,1.0,Volcamiento,condiciones de la via y factores ambientales,9003_0_8,13.0,11.0
Casanare,2020-04-19 20:48:00,69,900.0,2020-02-27 05:00:00,jueves,15,Normal,Seca y limpia,Plano,Terraplen,Recta,Transito normal con precaución,0,0,1,0,1.0,Choque,condiciones de la via y factores ambientales,6513_0_69,22.0,2.0
Córdoba,2020-04-19 20:49:00,8,580.0,2020-01-31 05:00:00,viernes,40,Normal,Seca y limpia,Plano,Terraplen,Recta,Transito normal con precaución,0,0,0,0,1.0,Choque,embriaguez o sustancias alucinogenas,2103_1_8,6.0,18.0
Casanare,2020-04-19 20:54:00,74,500.0,2020-02-27 05:00:00,jueves,40,Normal,Seca y limpia,Plano,Terraplen,Recta,Transito normal con precaución,0,0,1,0,1.0,Choque,otra - conductor en general,6513_0_74,19.0,5.0
Caldas,2020-04-28 22:33:00,47,200.0,2019-12-10 05:00:00,martes,10,Normal,Seca y limpia,Montañoso,Media ladera Izquierda,Recta,Parcial con reducción de carriles,17,30,0,0,0.0,Choque,otra - pasajero o acompanante,2508_1_47,17.0,0.0
Córdoba,2020-04-19 20:57:00,28,300.0,2020-01-05 05:00:00,domingo,0,Normal,Seca y limpia,Plano,Terraplen,Recta,Transito normal con precaución,0,0,0,0,3.0,Choque,adelantamientos indebidos,9003_0_28,14.0,10.0
Córdoba,2020-04-19 20:57:00,0,600.0,2020-01-17 05:00:00,viernes,30,Normal,Seca y limpia,Ondulado,Media Ladera Derecha,Recta,Transito normal con precaución,0,0,0,0,6.0,Choque,maniobras imprudentes,7801_1_0,19.0,5.0
Córdoba,2020-04-19 20:57:00,31,650.0,2020-01-24 05:00:00,viernes,26,Normal,Seca y limpia,Plano,Terraplen,Recta,Transito normal con precaución,0,0,0,0,7.0,Choque,no mantener distancia de seguridad,7801_1_31,14.0,10.0
Córdoba,2020-04-19 20:57:00,37,970.0,2020-01-12 05:00:00,domingo,21,Normal,Seca y limpia,Ondulado,Media Ladera Derecha,Recta,Transito normal con precaución,1,0,0,1,8.0,Atropello,exceso de velocidad,7801_1_37,20.0,5.0
Córdoba,2020-04-19 21:41:00,25,770.0,2020-02-23 05:00:00,domingo,0,Normal,Seca y limpia,Plano,Cajón,Recta,Transito normal con precaución,0,0,0,0,0.0,Choque,otra - conductor en general,9003_0_25,15.0,9.0
Córdoba,2020-04-19 21:53:00,63,510.0,2020-02-22 05:00:00,sabado,45,Normal,Seca y limpia,Plano,Terraplen,Recta,Transito normal con precaución,0,15,2,0,4.0,Choque,adelantamientos indebidos,7401_1_63,20.0,4.0
Córdoba,2020-04-19 22:01:00,7,200.0,2020-02-08 05:00:00,sabado,45,Normal,Seca y limpia,Plano,Terraplen,Recta,Transito normal con precaución,0,25,0,0,0.0,Choque,otra - conductor en general,2103_1_7,9.0,15.0
Córdoba,2020-04-19 22:07:00,7,620.0,2020-02-05 05:00:00,miercoles,45,Normal,Seca y limpia,Plano,Terraplen,Recta,Transito normal con precaución,0,15,0,0,1.0,Choque,desobediencia a normas y senales,2103_1_7,10.0,14.0
Córdoba,2020-04-19 22:19:00,8,230.0,2020-02-04 05:00:00,martes,20,Normal,Seca y limpia,Plano,Terraplen,Curva Derecha,Transito normal con precaución,0,0,1,0,2.0,Choque,embriaguez o sustancias alucinogenas,2103_1_8,1.0,23.0
Córdoba,2020-04-19 22:24:00,8,580.0,2020-02-08 05:00:00,sabado,0,Normal,Seca y limpia,Plano,Terraplen,Recta,Transito normal con precaución,0,30,0,0,0.0,Choque,maniobras imprudentes,2103_1_8,19.0,5.0
Planta Central,2020-04-20 14:31:00,14,900.0,2020-02-01 05:00:00,sabado,10,Normal,Seca y limpia,Plano,Terraplen,Recta,Transito normal con precaución,0,0,0,0,0.0,Choque,no mantener distancia de seguridad,4513_1_14,8.0,16.0
Planta Central,2020-04-20 14:35:00,32,140.0,2020-02-02 05:00:00,domingo,30,Normal,Seca y limpia,Plano,Terraplen,Recta,Transito normal con precaución,0,20,1,1,2.0,Choque,adelantamientos indebidos,4513_1_32,20.0,4.0
Planta Central,2020-04-20 14:40:00,36,170.0,2020-02-05 05:00:00,miercoles,30,Normal,Seca y limpia,Plano,Terraplen,Recta,Transito normal con precaución,0,0,0,0,0.0,Choque,otra - conductor en general,4513_1_36,5.0,19.0
Planta Central,2020-04-20 14:45:00,36,300.0,2020-02-21 05:00:00,viernes,35,Normal,Seca y limpia,Plano,Terraplen,Recta,Transito normal con precaución,0,0,0,0,0.0,Choque,desobediencia a normas y senales,4513_1_36,17.0,7.0
Planta Central,2020-04-20 14:51:00,36,942.0,2020-02-20 05:00:00,jueves,30,Normal,Seca y limpia,Plano,Terraplen,Recta,Transito normal con precaución,0,0,0,0,0.0,Choque,no mantener distancia de seguridad,4513_1_36,16.0,8.0
Planta Central,2020-04-20 14:56:00,45,47.0,2020-02-15 05:00:00,sabado,20,Normal,Seca y limpia,Plano,Terraplen,Recta,Transito normal con precaución,0,0,0,0,0.0,Choque,no mantener distancia de seguridad,4513_1_45,11.0,13.0
Planta Central,2020-04-20 14:59:00,46,880.0,2020-02-27 05:00:00,jueves,30,Normal,Seca y limpia,Plano,Terraplen,Recta,Transito normal con precaución,0,0,0,0,0.0,Volcamiento,otra - conductor en general,4513_1_46,15.0,9.0
Planta Central,2020-04-20 15:14:00,49,930.0,2020-02-28 05:00:00,viernes,0,Normal,Seca y limpia,Plano,Terraplen,Recta,Transito normal con precaución,0,0,0,0,0.0,Volcamiento,adelantamientos indebidos,4513_1_49,16.0,8.0
Planta Central,2020-04-20 15:18:00,56,480.0,2020-02-17 05:00:00,lunes,0,Normal,Seca y limpia,Plano,Terraplen,Recta,Transito normal con precaución,0,0,0,0,0.0,Choque,exceso en horas de conduccion,4513_2_56,16.0,8.0
Planta Central,2020-04-20 15:59:00,43,500.0,2020-01-18 05:00:00,sabado,45,Sol,Seca y limpia,Plano,Terraplen,Recta,Transito normal con precaución,15,20,0,0,1.0,Volcamiento,maniobras imprudentes,4514_2_43,14.0,1.0
Planta Central,2020-04-20 16:07:00,85,0.0,2020-01-22 05:00:00,miercoles,0,Sol,Seca y limpia,Ondulado,Terraplen,Recta,Transito normal con precaución,7,30,0,0,0.0,Choque,maniobras imprudentes,4514_2_85,7.0,0.0
Planta Central,2020-04-20 16:22:00,99,500.0,2020-01-23 05:00:00,jueves,5,Sol,Seca y limpia,Plano,Terraplen,Recta,Transito normal con precaución,2,30,0,0,0.0,Volcamiento,maniobras imprudentes,4514_1_99,2.0,0.0
Planta Central,2020-04-20 16:28:00,73,300.0,2020-01-24 05:00:00,viernes,0,Sol,Seca y limpia,Plano,Terraplen,Recta,Transito normal con precaución,12,30,0,0,0.0,Choque,adelantamientos indebidos,4514_1_73,12.0,0.0
Planta Central,2020-04-20 16:38:00,71,800.0,2020-01-26 05:00:00,domingo,30,Sol,Seca y limpia,Montañoso,Media ladera Izquierda,Recta,Transito normal con precaución,7,30,0,0,0.0,Volcamiento,otra - conductor en general,4514_2_71,6.0,1.0
Planta Central,2020-04-20 16:59:00,74,600.0,2020-01-03 05:00:00,viernes,30,Sol,Seca y limpia,Plano,Terraplen,Recta,Transito normal con precaución,11,50,0,0,0.0,Choque,maniobras imprudentes,4515_1_74,11.0,0.0
Valle del Cauca,2020-04-22 02:19:00,24,750.0,2019-12-31 05:00:00,martes,30,Normal,Seca y limpia,Montañoso,Media Ladera Derecha,Curva Derecha,Transito normal con precaución,16,45,0,1,1.0,Choque,adelantamientos indebidos,1901_0_24,15.0,1.0
Planta Central,2020-04-20 17:10:00,28,600.0,2020-01-05 05:00:00,domingo,20,Sol,Seca y limpia,Plano,Terraplen,Recta,Transito normal con precaución,23,40,0,0,0.0,Choque,adelantamientos indebidos,4515_2_28,23.0,0.0
Planta Central,2020-04-20 18:50:00,77,900.0,2020-01-08 05:00:00,miercoles,40,Sol,Seca y limpia,Plano,Terraplen,Recta,Transito normal con precaución,13,50,0,0,0.0,Choque,no mantener distancia de seguridad,4515_1_77,13.0,0.0
Planta Central,2020-04-20 21:07:00,83,0.0,2020-01-08 05:00:00,miercoles,30,Sol,Seca y limpia,Plano,Terraplen,Recta,Transito normal con precaución,12,20,0,0,0.0,Choque,no mantener distancia de seguridad,4515_1_83,11.0,1.0
Planta Central,2020-04-20 21:14:00,28,580.0,2020-01-14 05:00:00,martes,20,Sol,Seca y limpia,Plano,Terraplen,Recta,Transito normal con precaución,12,20,0,0,0.0,Choque,maniobras imprudentes,4515_2_28,11.0,1.0
Planta Central,2020-04-20 21:26:00,86,0.0,2020-01-16 05:00:00,jueves,0,Normal,Seca y limpia,Plano,Terraplen,Recta,Transito normal con precaución,20,40,0,0,0.0,Choque,no mantener distancia de seguridad,4515_1_86,20.0,0.0
Meta,2020-04-20 21:29:00,43,300.0,2020-01-24 05:00:00,viernes,0,Normal,Seca y limpia,Plano,Terraplen,Recta,Transito normal con precaución,0,0,0,1,1.0,Choque,adelantamientos indebidos,6508_1_43,7.0,17.0
Meta,2020-04-20 21:29:00,47,700.0,2020-01-17 05:00:00,viernes,25,Lluvia,Humeda,Plano,Terraplen,Recta,Transito normal con precaución,0,0,1,0,2.0,Choque,no mantener distancia de seguridad,6508_1_47,7.0,17.0
Meta,2020-04-20 21:42:00,95,0.0,2020-01-24 05:00:00,viernes,20,Normal,Seca y limpia,Plano,Terraplen,Recta,Transito normal con precaución,0,0,1,1,2.0,Atropello,conducta de peatones,65A02_1_95,8.0,16.0
Planta Central,2020-04-20 21:38:00,86,450.0,2020-01-19 05:00:00,domingo,15,Sol,Seca y limpia,Plano,Terraplen,Recta,Transito normal con precaución,14,40,0,0,2.0,Choque,no mantener distancia de seguridad,4515_1_86,14.0,0.0
Meta,2020-04-20 21:42:00,101,800.0,2020-02-25 05:00:00,martes,40,Normal,Seca y limpia,Plano,Terraplen,Recta,Transito normal con precaución,0,0,0,0,2.0,Choque,no mantener distancia de seguridad,65A02_1_101,16.0,8.0
Planta Central,2020-04-20 21:53:00,5,850.0,2020-01-21 05:00:00,martes,50,Lluvia,Humeda,Plano,Terraplen,Recta,Transito normal con precaución,2,20,0,0,1.0,Choque,desobediencia a normas y senales,4515_2_5,1.0,1.0
Planta Central,2020-04-20 22:07:00,28,600.0,2020-01-21 05:00:00,martes,0,Sol,Seca y limpia,Plano,Terraplen,Recta,Transito normal con precaución,15,30,0,0,0.0,Choque,no mantener distancia de seguridad,4515_2_28,15.0,0.0
Planta Central,2020-04-20 22:18:00,54,800.0,2020-01-20 05:00:00,lunes,40,Lluvia,Humeda,Plano,Terraplen,Recta,Transito normal con precaución,1,30,0,0,2.0,Choque,otra - conductor en general,4515_1_54,23.0,2.0
Putumayo,2020-04-20 22:13:00,51,700.0,2020-01-10 05:00:00,viernes,0,Seca,Seca y limpia,Plano,Terraplen,Recta,Transito normal con precaución,15,40,2,0,2.0,Choque,exceso de velocidad,1003_1_51,15.0,0.0
Meta,2020-04-20 21:38:00,63,700.0,2020-01-04 05:00:00,sabado,45,Normal,Seca y limpia,Ondulado,Media Ladera Derecha,Curva Derecha,Transito normal con precaución,0,0,2,0,2.0,Choque,exceso de velocidad,65A02_1_63,14.0,10.0
Putumayo,2020-04-21 03:13:00,52,120.0,2020-01-09 05:00:00,jueves,0,Seca,Seca y limpia,Plano,Media ladera Izquierda,Curva Izquierda,Transito normal con precaución,17,30,2,0,2.0,Volcamiento,embriaguez o sustancias alucinogenas,1003_1_52,17.0,0.0
Planta Central,2020-04-21 14:43:00,31,200.0,2020-01-22 05:00:00,miercoles,30,Lluvia,Humeda,Plano,Terraplen,Recta,Transito normal con precaución,14,0,0,0,0.0,Choque,no mantener distancia de seguridad,4515_1_31,13.0,1.0
Planta Central,2020-04-21 15:31:00,44,800.0,2020-01-22 05:00:00,miercoles,20,Lluvia,Humeda,Plano,Terraplen,Recta,Transito normal con precaución,8,20,0,0,0.0,Volcamiento,condiciones de la via y factores ambientales,4515_1_44,7.0,1.0
Planta Central,2020-04-21 15:45:00,26,100.0,2020-01-24 05:00:00,viernes,0,Normal,Seca y limpia,Plano,Terraplen,Curva Izquierda,Transito normal con precaución,3,30,0,0,0.0,Volcamiento,maniobras imprudentes,4515_1_26,3.0,0.0
Planta Central,2020-04-21 16:06:00,47,0.0,2020-01-28 05:00:00,martes,0,Normal,Seca y limpia,Plano,Terraplen,Recta,Transito normal con precaución,15,30,0,0,0.0,Choque,otra - conductor en general,4515_1_47,15.0,0.0
Planta Central,2020-04-21 16:14:00,78,50.0,2020-01-28 05:00:00,martes,50,Normal,Seca y limpia,Plano,Terraplen,Recta,Transito normal con precaución,3,30,0,0,0.0,Choque,condiciones de la via y factores ambientales,4515_1_78,2.0,1.0
Planta Central,2020-04-21 16:22:00,18,400.0,2020-01-29 05:00:00,miercoles,30,Normal,Seca y limpia,Montañoso,Terraplen,Recta,Transito normal con precaución,8,0,0,0,0.0,Choque,estacionamiento y senalizacion imprudente,4515_1_18,7.0,1.0
Planta Central,2020-04-21 16:32:00,67,880.0,2020-01-29 05:00:00,miercoles,30,Normal,Seca y limpia,Plano,Terraplen,Recta,Transito normal con precaución,15,40,0,0,0.0,Choque,no mantener distancia de seguridad,4515_1_67,15.0,0.0
Planta Central,2020-04-21 16:54:00,43,0.0,2020-01-31 05:00:00,viernes,30,Normal,Seca y limpia,Plano,Terraplen,Recta,Transito normal con precaución,0,10,0,0,2.0,Choque,estacionamiento y senalizacion imprudente,4515_1_43,21.0,3.0
Planta Central,2020-04-21 17:01:00,57,500.0,2020-01-31 05:00:00,viernes,30,Normal,Seca y limpia,Plano,Terraplen,Recta,Transito normal con precaución,15,0,0,0,0.0,Choque,condiciones de la via y factores ambientales,4515_1_57,14.0,1.0
Planta Central,2020-04-21 18:36:00,56,800.0,2020-02-01 05:00:00,sabado,0,Normal,Seca y limpia,Plano,Terraplen,Recta,Transito normal con precaución,19,20,0,0,0.0,Choque,no mantener distancia de seguridad,4514_2_56,19.0,0.0