territorial,fecha_registro,pr,distancia_pr,fecha_acc,dia_semana_acc,min_acc,condic_meteor,estado_super,terreno,secc_tip,geometria_acc,tipo_cierre,horas_cierre,min_cierre,n_heridos,n_muertos,n_victimas,clase_accidente,causa_posible,ref_loc,hora_acc,duracion_cierre_horas
Planta Central,2020-04-21 18:47:00,79,0.0,2020-02-02 05:00:00,domingo,30,Sol,Seca y limpia,Plano,Terraplen,Recta,Transito normal con precaución,15,50,0,1,1.0,Choque,no mantener distancia de seguridad,4514_1_79,15.0,0.0
Planta Central,2020-04-21 18:56:00,72,0.0,2020-02-13 05:00:00,jueves,20,Sol,Seca y limpia,Montañoso,Media ladera Izquierda,Recta,Transito normal con precaución,23,0,0,0,1.0,Choque,no mantener distancia de seguridad,4514_2_72,22.0,1.0
Planta Central,2020-04-21 19:06:00,47,200.0,2020-02-18 05:00:00,martes,0,Sol,Seca y limpia,Plano,Terraplen,Recta,Transito normal con precaución,11,20,0,1,1.0,Atropello,conducta de peatones,4514_2_47,11.0,0.0
Planta Central,2020-04-21 19:29:00,55,740.0,2020-02-01 05:00:00,sabado,40,Sol,Seca y limpia,Plano,Terraplen,Recta,Transito normal con precaución,15,10,0,0,0.0,Choque,no mantener distancia de seguridad,4515_1_55,14.0,1.0
Planta Central,2020-04-21 19:42:00,0,300.0,2020-02-07 05:00:00,viernes,0,Sol,Seca y limpia,Plano,Terraplen,Recta,Transito normal con precaución,16,50,0,1,1.0,Choque,maniobras imprudentes,4515_1_0,16.0,0.0
Planta Central,2020-04-21 19:47:00,5,560.0,2020-02-06 05:00:00,jueves,40,Sol,Seca y limpia,Plano,Terraplen,Recta,Transito normal con precaución,15,10,0,0,0.0,Choque,otra - conductor en general,4515_1_5,14.0,1.0
Planta Central,2020-04-21 19:58:00,81,0.0,2020-02-14 05:00:00,viernes,30,Sol,Seca y limpia,Plano,Terraplen,Recta,Transito normal con precaución,6,0,0,0,0.0,Choque,adelantamientos indebidos,4515_1_81,5.0,1.0
Planta Central,2020-04-21 20:04:00,57,900.0,2020-02-09 05:00:00,domingo,50,Normal,Seca y limpia,Plano,Terraplen,Recta,Transito normal con precaución,0,0,0,0,0.0,Choque,no mantener distancia de seguridad,4513_2_57,12.0,12.0
Planta Central,2020-04-21 20:07:00,66,360.0,2020-02-27 05:00:00,jueves,20,Normal,Seca y limpia,Plano,Terraplen,Recta,Transito normal con precaución,0,0,0,0,0.0,Volcamiento,adelantamientos indebidos,4513_1_66,14.0,10.0
Cesar,2020-04-21 23:02:00,65,800.0,2020-03-05 05:00:00,jueves,0,Normal,Seca y limpia,Plano,Terraplen,Recta,Transito normal con precaución,19,0,0,0,0.0,Choque,condiciones de la via y factores ambientales,4901_1_65,19.0,0.0
Planta Central,2020-04-21 20:06:00,47,500.0,2020-02-17 05:00:00,lunes,0,Normal,Seca y limpia,Plano,Terraplen,Recta,Transito normal con precaución,15,20,0,0,0.0,Incendio,fallas mecanicas y del sistema electrico,4515_2_47,15.0,0.0
Planta Central,2020-04-21 20:12:00,71,600.0,2020-02-02 05:00:00,domingo,30,Normal,Seca y limpia,Plano,Terraplen,Curva Izquierda,Transito normal con precaución,0,0,0,0,0.0,Volcamiento,conducta de peatones,4513_1_71,15.0,9.0
Planta Central,2020-04-21 21:07:00,28,0.0,2020-02-25 05:00:00,martes,0,Normal,Seca y limpia,Plano,Terraplen,Recta,Transito normal con precaución,11,30,0,0,0.0,Choque,adelantamientos indebidos,4515_2_28,11.0,0.0
Nariño,2020-04-22 01:26:00,5,900.0,2019-12-05 05:00:00,jueves,0,Normal,Seca y limpia,Plano,Terraplen,Curva Izquierda,Transito normal con precaución,22,0,0,0,0.0,Salida de la vía sin volcarse,fallas mecanicas y del sistema electrico,25NRD_1_5,22.0,0.0
Valle del Cauca,2020-04-22 00:22:00,27,285.0,2019-12-29 05:00:00,domingo,30,Normal,Seca y limpia,Montañoso,Media Ladera Derecha,Recta,Transito normal con precaución,22,45,0,2,2.0,Choque,adelantamientos indebidos,1901_0_27,21.0,1.0
Nariño,2020-04-22 01:33:00,23,100.0,2019-12-11 05:00:00,miercoles,43,Lluvia,Humeda,Montañoso,Media ladera Izquierda,Curva Derecha,Transito normal con precaución,0,43,0,0,0.0,Choque,condiciones de la via y factores ambientales,2502_1_23,0.0,0.0
Nariño,2020-04-22 01:37:00,85,100.0,2019-12-16 05:00:00,lunes,0,Normal,Seca y limpia,Montañoso,Media ladera Izquierda,Recta,Transito normal con precaución,1,0,0,0,0.0,Choque,fallas mecanicas y del sistema electrico,2502_1_85,1.0,0.0
Nariño,2020-04-22 02:00:00,73,550.0,2019-12-18 05:00:00,miercoles,10,Normal,Seca y limpia,Montañoso,Media Ladera Derecha,Curva Izquierda,Transito normal con precaución,13,10,0,3,5.0,Atropello,exceso de velocidad,2502_1_73,13.0,0.0
Nariño,2020-04-22 02:06:00,13,200.0,2019-12-19 05:00:00,jueves,40,Normal,Seca y limpia,Plano,Terraplen,Curva Derecha,Transito normal con precaución,15,40,0,1,1.0,Atropello,conducta de pasajeros,2502_1_13,15.0,0.0
Nariño,2020-04-22 02:06:00,11,600.0,2019-12-22 05:00:00,domingo,0,Normal,Seca y limpia,Montañoso,Media ladera Izquierda,Curva Izquierda,Transito normal con precaución,9,0,0,0,1.0,Choque,otra - pasajero o acompanante,2502_1_11,9.0,0.0
Valle del Cauca,2020-04-22 02:04:00,43,530.0,2019-12-22 05:00:00,domingo,40,Normal,Seca y limpia,Montañoso,Media Ladera Derecha,Curva Derecha,Transito normal con precaución,16,10,0,1,1.0,Choque,adelantamientos indebidos,1901_0_43,3.0,13.0
Nariño,2020-04-22 02:06:00,58,800.0,2019-12-28 05:00:00,sabado,20,Normal,Seca y limpia,Montañoso,Media Ladera Derecha,Curva Derecha,Transito normal con precaución,18,20,1,0,1.0,Choque,otra - pasajero o acompanante,2502_1_58,18.0,0.0
Nariño,2020-04-22 02:06:00,22,0.0,2019-12-29 05:00:00,domingo,0,Normal,Seca y limpia,Montañoso,Media ladera Izquierda,Curva Izquierda,Transito normal con precaución,6,0,0,0,1.0,Choque,otra - pasajero o acompanante,2502_1_22,6.0,0.0
Nariño,2020-04-22 02:29:00,26,450.0,2019-12-29 05:00:00,domingo,30,Normal,Seca y limpia,Montañoso,Media ladera Izquierda,Curva Izquierda,Transito normal con precaución,18,30,0,0,0.0,Choque,no mantener distancia de seguridad,2502_1_26,18.0,0.0
Valle del Cauca,2020-04-22 02:28:00,27,850.0,2020-01-11 05:00:00,sabado,0,Normal,Seca y limpia,Montañoso,Media Ladera Derecha,Recta,Transito normal con precaución,6,45,0,0,0.0,Choque,adelantamientos indebidos,1901_0_27,6.0,0.0
Nariño,2020-04-22 02:39:00,20,700.0,2019-12-30 05:00:00,lunes,20,Lluvia,Humeda,Montañoso,Media ladera Izquierda,Recta,Transito normal con precaución,14,20,8,0,8.0,Choque,otra - pasajero o acompanante,2502_1_20,14.0,0.0
Nariño,2020-04-22 02:47:00,26,900.0,2019-12-30 05:00:00,lunes,50,Normal,Seca y limpia,Montañoso,Media ladera Izquierda,Curva Derecha,Transito normal con precaución,8,50,0,0,0.0,Choque,otra - pasajero o acompanante,2502_1_26,8.0,0.0
Planta Central,2020-04-21 20:15:00,79,0.0,2020-02-03 05:00:00,lunes,15,Normal,Seca y limpia,Plano,Terraplen,Recta,Transito normal con precaución,0,0,0,0,0.0,Choque,condiciones de la via y factores ambientales,4513_1_79,3.0,21.0
Planta Central,2020-04-21 20:31:00,74,300.0,2020-02-17 05:00:00,lunes,10,Normal,Seca y limpia,Plano,Terraplen,Recta,Transito normal con precaución,17,40,0,0,0.0,Choque,no mantener distancia de seguridad,4515_1_74,17.0,0.0
Planta Central,2020-04-21 20:35:00,84,200.0,2020-02-19 05:00:00,miercoles,0,Sol,Seca y limpia,Plano,Terraplen,Recta,Transito normal con precaución,20,0,0,0,0.0,Choque,adelantamientos indebidos,4515_1_84,19.0,1.0
Planta Central,2020-04-21 20:42:00,67,400.0,2020-02-21 05:00:00,viernes,50,Normal,Seca y limpia,Plano,Terraplen,Recta,Transito normal con precaución,12,20,0,0,0.0,Choque,estacionamiento y senalizacion imprudente,4515_1_67,11.0,1.0
Planta Central,2020-04-21 21:01:00,70,0.0,2020-02-22 05:00:00,sabado,0,Normal,Seca y limpia,Plano,Terraplen,Recta,Transito normal con precaución,6,0,0,0,0.0,Choque,no mantener distancia de seguridad,4515_1_70,1.0,5.0
Planta Central,2020-04-21 21:12:00,28,0.0,2020-02-25 05:00:00,martes,0,Normal,Seca y limpia,Plano,Terraplen,Recta,Transito normal con precaución,11,30,0,0,0.0,Choque,adelantamientos indebidos,4515_2_28,11.0,0.0
Planta Central,2020-04-21 22:36:00,71,250.0,2020-02-27 05:00:00,jueves,40,Normal,Seca y limpia,Plano,Terraplen,Recta,Transito normal con precaución,19,30,0,0,0.0,Choque,no mantener distancia de seguridad,4515_1_71,18.0,1.0
Cesar,2020-04-21 22:51:00,52,800.0,2020-03-03 05:00:00,martes,45,Normal,Seca y limpia,Plano,Terraplen,Recta,Transito normal con precaución,6,45,3,0,3.0,Choque,maniobras imprudentes,4901_1_52,6.0,0.0
Cesar,2020-04-21 23:08:00,8,500.0,2020-03-06 05:00:00,viernes,40,Normal,Seca y limpia,Plano,Terraplen,Recta,Transito normal con precaución,4,40,0,0,0.0,Volcamiento,embriaguez o sustancias alucinogenas,4901_1_8,4.0,0.0
Cesar,2020-04-21 23:27:00,136,850.0,2020-03-14 05:00:00,sabado,50,Normal,Seca y limpia,Plano,Terraplen,Recta,Transito normal con precaución,3,50,0,0,0.0,Volcamiento,exceso de velocidad,4901_1_136,3.0,0.0
Cesar,2020-04-21 23:27:00,63,300.0,2020-03-14 05:00:00,sabado,0,Normal,Seca y limpia,Plano,Terraplen,Recta,Transito normal con precaución,5,0,0,0,0.0,Choque,condiciones de la via y factores ambientales,4901_1_63,5.0,0.0
Valle del Cauca,2020-04-22 00:13:00,41,640.0,2019-12-13 05:00:00,viernes,20,Lluvia,Humeda,Montañoso,Media ladera Izquierda,Curva Derecha,Transito normal con precaución,6,10,2,0,2.0,Volcamiento,condiciones de la via y factores ambientales,1901_0_41,5.0,1.0
Nariño,2020-04-22 02:47:00,117,500.0,2019-12-06 05:00:00,viernes,10,Lluvia,Humeda,Montañoso,Media ladera Izquierda,Recta,Transito normal con precaución,3,10,0,0,0.0,Choque,condiciones de la via y factores ambientales,2502_1_117,3.0,0.0
Nariño,2020-04-22 02:47:00,124,0.0,2019-12-09 05:00:00,lunes,30,Normal,Seca y limpia,Ondulado,Terraplen,Recta,Transito normal con precaución,15,30,1,0,1.0,Volcamiento,otra - conductor en general,2502_1_124,15.0,0.0
Valle del Cauca,2020-04-22 03:13:00,60,620.0,2020-01-18 05:00:00,sabado,5,Normal,Seca y limpia,Montañoso,Media Ladera Derecha,Recta,Transito normal con precaución,18,20,0,0,1.0,Atropello,fallas mecanicas y del sistema electrico,1901_0_60,18.0,0.0
Valle del Cauca,2020-04-22 03:24:00,23,500.0,2020-01-26 05:00:00,domingo,15,Normal,Seca y limpia,Montañoso,Media Ladera Derecha,Curva Derecha,Transito normal con precaución,14,0,0,0,0.0,Choque,fallas mecanicas y del sistema electrico,1901_0_23,13.0,1.0
Valle del Cauca,2020-04-22 03:34:00,27,200.0,2020-01-30 05:00:00,jueves,10,Normal,Seca y limpia,Montañoso,Media Ladera Derecha,Recta,Transito normal con precaución,10,25,2,0,2.0,Choque,desobediencia a normas y senales,1901_0_27,4.0,6.0
Valle del Cauca,2020-04-22 03:44:00,38,0.0,2020-02-21 05:00:00,viernes,20,Normal,Seca y limpia,Montañoso,Media Ladera Derecha,Curva Izquierda,Transito normal con precaución,12,20,1,0,1.0,Choque,otra - conductor en general,1901_0_38,12.0,0.0
Valle del Cauca,2020-04-22 03:51:00,41,340.0,2020-02-29 05:00:00,sabado,30,Normal,Seca y limpia,Montañoso,Media Ladera Derecha,Curva Derecha,Transito normal con precaución,20,30,1,0,1.0,Choque,otra - conductor en general,1901_0_41,19.0,1.0
Valle del Cauca,2020-04-22 04:07:00,49,800.0,2020-01-01 05:00:00,miercoles,40,Lluvia,Humeda,Montañoso,Media ladera Izquierda,Recta,Transito normal con precaución,18,0,1,0,1.0,Choque,condiciones de la via y factores ambientales,4001_1_49,17.0,1.0
Valle del Cauca,2020-04-22 04:15:00,46,600.0,2020-01-02 05:00:00,jueves,40,Normal,Seca y limpia,Montañoso,Media ladera Izquierda,Curva Izquierda,Transito normal con precaución,21,0,0,0,0.0,Choque,maniobras imprudentes,4001_2_46,20.0,1.0
Valle del Cauca,2020-04-22 04:34:00,50,200.0,2020-01-06 05:00:00,lunes,0,Normal,Seca y limpia,Montañoso,Media ladera Izquierda,Recta,Transito normal con precaución,12,20,0,0,0.0,Incendio,fallas mecanicas y del sistema electrico,4001_1_50,12.0,0.0
Valle del Cauca,2020-04-22 04:41:00,50,765.0,2020-01-05 05:00:00,domingo,4,Normal,Seca y limpia,Montañoso,Media ladera Izquierda,Recta,Transito normal con precaución,10,20,1,0,1.0,Choque,adelantamientos indebidos,4001_1_50,10.0,0.0
Valle del Cauca,2020-04-22 04:46:00,37,746.0,2020-01-20 05:00:00,lunes,40,Lluvia,Humeda,Montañoso,Media ladera Izquierda,Recta,Transito normal con precaución,7,50,0,0,0.0,Choque,otra - conductor en general,4001_1_37,6.0,1.0
Valle del Cauca,2020-04-22 05:00:00,62,50.0,2020-01-22 05:00:00,miercoles,0,Normal,Seca y limpia,Montañoso,Media ladera Izquierda,Curva Derecha,Transito normal con precaución,13,30,4,0,4.0,Choque,fallas mecanicas y del sistema electrico,4001_1_62,13.0,0.0
Valle del Cauca,2020-04-22 05:07:00,44,0.0,2020-01-25 05:00:00,sabado,0,Lluvia,Humeda,Montañoso,Media ladera Izquierda,Curva Izquierda,Transito normal con precaución,17,30,1,0,1.0,Choque,otra - conductor en general,4001_2_44,17.0,0.0
Valle del Cauca,2020-04-22 05:12:00,54,900.0,2020-01-28 05:00:00,martes,40,Normal,Seca y limpia,Montañoso,Media ladera Izquierda,Recta,Transito normal con precaución,5,41,0,0,0.0,Otro,maniobras imprudentes,4001_1_54,5.0,0.0
Valle del Cauca,2020-04-22 05:17:00,29,200.0,2019-12-02 05:00:00,lunes,0,Lluvia,Humeda,Ondulado,Media ladera Izquierda,Curva Derecha,Transito normal con precaución,7,30,0,0,0.0,Choque,condiciones de la via y factores ambientales,4001_1_29,7.0,0.0
Valle del Cauca,2020-04-22 05:25:00,28,115.0,2019-12-03 05:00:00,martes,0,Normal,Seca y limpia,Ondulado,Media ladera Izquierda,Recta,Transito normal con precaución,17,0,1,0,1.0,Volcamiento,fallas mecanicas y del sistema electrico,4001_2_28,16.0,1.0
Valle del Cauca,2020-04-22 05:23:00,40,800.0,2020-02-01 05:00:00,sabado,30,Normal,Seca y limpia,Montañoso,Media ladera Izquierda,Recta,Transito normal con precaución,15,45,0,0,0.0,Otro,fallas mecanicas y del sistema electrico,4001_2_40,15.0,0.0
Valle del Cauca,2020-04-22 05:32:00,37,645.0,2019-12-05 05:00:00,jueves,15,Lluvia,Humeda,Montañoso,Media ladera Izquierda,Curva Derecha,Transito normal con precaución,18,30,0,1,1.0,Atropello,conducta de peatones,4001_2_37,18.0,0.0
Valle del Cauca,2020-04-22 05:32:00,50,500.0,2020-02-08 05:00:00,sabado,40,Normal,Seca y limpia,Montañoso,Media ladera Izquierda,Curva Derecha,Transito normal con precaución,10,50,0,0,0.0,Choque,no mantener distancia de seguridad,4001_1_50,10.0,0.0
Valle del Cauca,2020-04-22 05:37:00,38,60.0,2019-12-08 05:00:00,domingo,0,Normal,Seca y limpia,Montañoso,Media ladera Izquierda,Recta,Transito normal con precaución,18,0,1,0,1.0,Choque,embriaguez o sustancias alucinogenas,4001_1_38,17.0,1.0
Valle del Cauca,2020-04-22 05:41:00,30,500.0,2019-12-14 05:00:00,sabado,30,Lluvia,Humeda,Montañoso,Media ladera Izquierda,Curva Izquierda,Transito normal con precaución,15,0,0,0,0.0,Choque,fallas mecanicas y del sistema electrico,4001_1_30,14.0,1.0
Valle del Cauca,2020-04-22 05:41:00,54,550.0,2020-02-13 05:00:00,jueves,10,Normal,Seca y limpia,Montañoso,Media ladera Izquierda,Recta,Transito normal con precaución,20,40,0,0,0.0,Choque,embriaguez o sustancias alucinogenas,4001_1_54,20.0,0.0
Valle del Cauca,2020-04-22 05:43:00,23,923.0,2019-12-19 05:00:00,jueves,0,Normal,Seca y limpia,Montañoso,Media ladera Izquierda,Recta,Transito normal con precaución,11,50,0,0,0.0,Choque,no mantener distancia de seguridad,4001_1_23,11.0,0.0
Valle del Cauca,2020-04-22 05:46:00,29,460.0,2020-02-20 05:00:00,jueves,45,Lluvia,Humeda,Montañoso,Media ladera Izquierda,Curva Derecha,Transito normal con precaución,17,30,0,0,0.0,Choque,otra - conductor en general,4001_1_29,16.0,1.0
Valle del Cauca,2020-04-22 05:47:00,48,0.0,2019-12-24 05:00:00,martes,0,Normal,Seca y limpia,Montañoso,Media ladera Izquierda,Recta,Transito normal con precaución,8,15,4,0,4.0,Caída de piedra,otra - conductor en general,4001_1_48,8.0,0.0
Valle del Cauca,2020-04-22 05:51:00,37,300.0,2020-02-20 05:00:00,jueves,15,Lluvia,Humeda,Montañoso,Media ladera Izquierda,Curva Derecha,Transito normal con precaución,14,10,0,0,0.0,Choque,condiciones de la via y factores ambientales,4001_2_37,13.0,1.0
Valle del Cauca,2020-04-22 05:55:00,54,552.0,2019-12-30 05:00:00,lunes,0,Lluvia,Humeda,Montañoso,Media ladera Izquierda,Recta,Transito normal con precaución,15,20,0,0,0.0,Choque,condiciones de la via y factores ambientales,4001_1_54,15.0,0.0
Valle del Cauca,2020-04-22 06:02:00,30,0.0,2019-12-31 05:00:00,martes,20,Viento,Seca y limpia,Montañoso,Media ladera Izquierda,Recta,Transito normal con precaución,20,0,0,0,0.0,Choque,imprudencia del conductor,4001_1_30,7.0,13.0
Valle del Cauca,2020-04-22 06:04:00,24,0.0,2019-12-31 05:00:00,martes,20,Normal,Seca y limpia,Montañoso,Media ladera Izquierda,Curva Izquierda,Transito normal con precaución,8,35,0,0,0.0,Choque,no mantener distancia de seguridad,4001_2_24,8.0,0.0
Cesar,2020-04-22 12:10:00,3,100.0,2020-03-22 05:00:00,domingo,30,Normal,Seca y limpia,Plano,Terraplen,Recta,Transito normal con precaución,5,0,0,0,0.0,Choque,condiciones de la via y factores ambientales,4901_1_3,5.0,0.0
Boyacá,2020-04-22 22:22:00,0,950.0,2020-01-27 05:00:00,lunes,30,Seca,Seca y limpia,Plano,Terraplen,Recta,Parcial con paso alternado,0,40,2,0,2.0,Choque,no mantener distancia de seguridad,6404_0_0,7.0,17.0
Nariño,2020-04-22 14:35:00,114,660.0,2020-01-03 05:00:00,viernes,0,Normal,Seca y limpia,Montañoso,Terraplen,Recta,Transito normal con precaución,4,0,0,0,0.0,Choque,otra - pasajero o acompanante,2502_1_114,4.0,0.0
Nariño,2020-04-22 14:35:00,10,300.0,2020-01-03 05:00:00,viernes,58,Normal,Seca y limpia,Montañoso,Media ladera Izquierda,Recta,Transito normal con precaución,13,58,0,0,0.0,Choque,no mantener distancia de seguridad,2502_1_10,13.0,0.0
Nariño,2020-04-22 14:35:00,103,900.0,2020-01-04 05:00:00,sabado,30,Normal,Seca y limpia,Montañoso,Media ladera Izquierda,Recta,Transito normal con precaución,6,30,0,0,0.0,Choque,otra - pasajero o acompanante,2502_1_103,6.0,0.0
Nariño,2020-04-22 14:35:00,22,530.0,2020-01-06 05:00:00,lunes,30,Normal,Seca y limpia,Montañoso,Media ladera Izquierda,Recta,Transito normal con precaución,8,30,1,0,2.0,Choque,adelantamientos indebidos,2502_1_22,8.0,0.0
Nariño,2020-04-22 14:52:00,75,600.0,2020-01-08 05:00:00,miercoles,10,Normal,Seca y limpia,Montañoso,Cajón,Curva Izquierda,Transito normal con precaución,5,10,0,0,0.0,Choque,exceso de velocidad,2502_1_75,5.0,0.0
Nariño,2020-04-22 14:57:00,23,500.0,2020-01-08 05:00:00,miercoles,40,Normal,Seca y limpia,Montañoso,Media ladera Izquierda,Curva Izquierda,Transito normal con precaución,13,40,0,0,0.0,Choque,maniobras imprudentes,2502_1_23,13.0,0.0
Nariño,2020-04-22 14:57:00,12,750.0,2020-01-12 05:00:00,domingo,20,Normal,Seca y limpia,Escarpado,Media ladera Izquierda,Recta,Transito normal con precaución,19,20,0,0,0.0,Choque,no mantener distancia de seguridad,2502_1_12,19.0,0.0
Nariño,2020-04-22 14:57:00,14,700.0,2020-01-15 05:00:00,miercoles,0,Normal,Seca y limpia,Montañoso,Media ladera Izquierda,Curva Derecha,Transito normal con precaución,10,0,2,0,2.0,Choque,condiciones de la via y factores ambientales,2502_1_14,10.0,0.0
Nariño,2020-04-22 15:21:00,58,100.0,2020-01-25 05:00:00,sabado,5,Normal,Seca y limpia,Ondulado,Media ladera Izquierda,Curva Izquierda,Transito normal con precaución,2,5,0,0,0.0,Choque,exceso en horas de conduccion,2502_1_58,2.0,0.0
Nariño,2020-04-22 15:30:00,22,700.0,2020-02-03 05:00:00,lunes,20,Normal,Seca y limpia,Montañoso,Media ladera Izquierda,Recta,Transito normal con precaución,9,20,0,0,0.0,Choque,maniobras imprudentes,2502_1_22,9.0,0.0
Nariño,2020-04-22 15:30:00,55,850.0,2020-02-04 05:00:00,martes,10,Normal,Seca y limpia,Montañoso,Media ladera Izquierda,Recta,Transito normal con precaución,8,10,0,0,0.0,Choque,exceso en horas de conduccion,2502_1_55,8.0,0.0
Planta Central,2020-04-22 19:40:00,65,200.0,2020-03-25 05:00:00,miercoles,0,Seca,Seca y limpia,Montañoso,Media ladera Izquierda,Curva Izquierda,Parcial con paso alternado,12,31,0,0,0.0,Volcamiento,impericia en el manejo,4001_1_65,11.0,1.0
Planta Central,2020-04-22 20:46:00,18,800.0,2020-03-13 05:00:00,viernes,5,Lluvia,Humeda,Ondulado,Terraplen,Curva Derecha,Parcial con paso alternado,23,20,0,0,0.0,Choque,adelantamientos indebidos,4001_1_18,22.0,1.0
Boyacá,2020-04-22 22:22:00,3,960.0,2020-01-07 05:00:00,martes,20,Sol,Seca y limpia,Plano,Media ladera Izquierda,Curva Izquierda,Parcial con paso alternado,0,30,0,0,0.0,Volcamiento,impericia en el manejo,6404_0_3,11.0,13.0
Boyacá,2020-04-23 15:33:00,3,800.0,2020-01-07 05:00:00,martes,0,Normal,Seca y limpia,Plano,Media Ladera Derecha,Curva Derecha,Transito normal con precaución,15,0,1,0,1.0,Salida de la vía sin volcarse,exceso de velocidad,6211_1_3,15.0,0.0
Boyacá,2020-04-23 20:05:00,43,700.0,2020-02-04 05:00:00,martes,40,Sol,Seca y limpia,Montañoso,Media Ladera Derecha,Curva Izquierda,Cierre total,2,15,1,1,3.0,Choque,exceso de velocidad,6404_0_43,13.0,13.0
Córdoba,2020-04-23 20:06:00,3,80.0,2020-03-11 05:00:00,miercoles,45,Normal,Seca y limpia,Ondulado,Terraplen,Recta,Transito normal con precaución,0,0,0,0,1.0,Volcamiento,otra - conductor en general,7403_1_3,5.0,19.0
Córdoba,2020-04-23 20:14:00,3,150.0,2020-03-05 05:00:00,jueves,0,Normal,Seca y limpia,Ondulado,Cajón,Recta,Transito normal con precaución,0,0,0,0,0.0,Choque,otra - conductor en general,7403_1_3,19.0,5.0
Caquetá,2020-04-24 15:41:00,105,350.0,2020-04-18 05:00:00,sabado,0,Lluvia,Humeda,Ondulado,Terraplen,Recta,Transito normal con precaución,1,0,1,0,1.0,Choque,condiciones de la via y factores ambientales,6501_0_105,1.0,0.0
Nariño,2020-04-24 22:54:00,81,830.0,2020-03-08 05:00:00,domingo,0,Normal,Seca y limpia,Montañoso,Media ladera Izquierda,Curva Derecha,Transito normal con precaución,0,0,0,1,1.0,Volcamiento,otra - conductor en general,2501A_0_81,8.0,16.0
Nariño,2020-04-25 02:43:00,32,800.0,2020-02-08 05:00:00,sabado,5,Normal,Seca y limpia,Plano,Terraplen,Recta,Transito normal con precaución,14,5,0,0,0.0,Choque,maniobras imprudentes,2502_1_32,14.0,0.0
Bolívar,2020-04-24 19:58:00,2,200.0,2020-01-16 05:00:00,jueves,50,Normal,Material suelto,Plano,Terraplen,Recta,Transito normal con precaución,0,0,0,0,0.0,Choque,no mantener distancia de seguridad,7804_0_2,7.0,17.0
Bolívar,2020-04-24 20:21:00,7,230.0,2020-01-31 05:00:00,viernes,30,Normal,Seca y limpia,Plano,Terraplen,Recta,Transito normal con precaución,0,0,1,0,2.0,Choque,embriaguez o sustancias alucinogenas,7804_0_7,8.0,16.0
Bolívar,2020-04-24 20:47:00,36,45.0,2020-02-04 05:00:00,martes,17,Normal,Seca y limpia,Plano,Terraplen,Recta,Parcial con reducción de carriles,2,0,2,0,4.0,Atropello,exceso de velocidad,7803_0_36,19.0,7.0
Bolívar,2020-04-24 21:17:00,0,700.0,2020-02-13 05:00:00,jueves,39,Normal,Seca y limpia,Plano,Terraplen,Recta,Transito normal con precaución,0,0,1,0,1.0,Choque,desobediencia a normas y senales,7804_0_0,17.0,7.0
Chocó,2020-04-26 15:02:00,2,500.0,2020-01-19 05:00:00,domingo,20,Seca,Seca y limpia,Plano,Cajón,Curva Derecha,Parcial con reducción de carriles,5,30,4,0,4.0,Choque,adelantamientos indebidos,6002_0_2,5.0,0.0
Casanare,2020-04-26 19:57:00,28,300.0,2020-02-14 05:00:00,viernes,50,Normal,Seca y limpia,Plano,Terraplen,Recta,Transito normal con precaución,10,0,1,0,1.0,Volcamiento,otra - conductor en general,6605_0_28,8.0,2.0
Casanare,2020-04-26 20:17:00,25,400.0,2020-03-19 05:00:00,jueves,0,Normal,Seca y limpia,Plano,Terraplen,Recta,Transito normal con precaución,23,0,0,1,2.0,Choque,maniobras imprudentes,6605_0_25,22.0,1.0
Putumayo,2020-04-27 03:34:00,52,120.0,2020-01-09 05:00:00,jueves,0,Normal,Seca y limpia,Plano,Media ladera Izquierda,Curva Derecha,Transito normal con precaución,17,30,2,0,2.0,Volcamiento,embriaguez o sustancias alucinogenas,1003_1_52,17.0,0.0
Boyacá,2020-04-27 15:50:00,92,650.0,2020-01-10 05:00:00,viernes,15,Normal,Seca y limpia,Montañoso,Media Ladera Derecha,Curva Derecha,Transito normal con precaución,0,0,1,0,1.0,Choque,estacionamiento y senalizacion imprudente,6006_0_92,19.0,5.0
Boyacá,2020-04-27 16:07:00,18,750.0,2020-02-01 05:00:00,sabado,0,Normal,Seca y limpia,Montañoso,Media ladera Izquierda,Curva Izquierda,Transito normal con precaución,0,0,2,0,2.0,Choque,otra - conductor en general,6007_0_18,19.0,5.0
Boyacá,2020-04-27 16:25:00,24,400.0,2020-02-05 05:00:00,miercoles,40,Normal,Seca y limpia,Ondulado,Terraplen,Recta,Transito normal con precaución,0,0,3,0,3.0,Volcamiento,impericia en el manejo,6006_0_24,6.0,18.0
Boyacá,2020-04-27 16:44:00,23,50.0,2020-02-13 05:00:00,jueves,0,Normal,Seca y limpia,Montañoso,Media Ladera Derecha,Curva Izquierda,Transito normal con precaución,0,0,1,0,1.0,Volcamiento,fallas mecanicas y del sistema electrico,6007_0_23,12.0,12.0
Boyacá,2020-04-27 16:52:00,6,500.0,2020-03-01 05:00:00,domingo,30,Normal,Seca y limpia,Plano,Terraplen,Recta,Transito normal con precaución,0,0,0,0,0.0,Choque,otra - conductor en general,6006_0_6,3.0,21.0