territorial,fecha_registro,pr,distancia_pr,fecha_acc,dia_semana_acc,min_acc,condic_meteor,estado_super,terreno,secc_tip,geometria_acc,tipo_cierre,horas_cierre,min_cierre,n_heridos,n_muertos,n_victimas,clase_accidente,causa_posible,ref_loc,hora_acc,duracion_cierre_horas
Boyacá,2020-04-27 17:00:00,10,50.0,2020-03-16 05:00:00,lunes,0,Normal,Seca y limpia,Ondulado,Terraplen,Recta,Transito normal con precaución,0,0,2,0,2.0,Choque,exceso de velocidad,6006_0_10,15.0,9.0
Huila,2020-04-27 22:06:00,41,50.0,2020-01-02 05:00:00,jueves,0,Lluvia,Humeda,Plano,Terraplen,Recta,Transito normal con precaución,6,0,0,1,1.0,Choque,exceso de velocidad,2402_1_41,6.0,0.0
Huila,2020-04-27 22:17:00,75,14.0,2020-01-14 05:00:00,martes,50,Normal,Seca y limpia,Plano,Terraplen,Recta,Transito normal con precaución,8,50,0,0,0.0,Choque,maniobras imprudentes,2402_1_75,8.0,0.0
Huila,2020-04-27 22:21:00,99,700.0,2020-03-06 05:00:00,viernes,10,Seca,Seca y limpia,Plano,Cajón,Recta,Transito normal con precaución,5,10,0,0,0.0,Volcamiento,desobediencia a normas y senales,2402_1_99,5.0,0.0
Huila,2020-04-27 22:26:00,51,100.0,2020-03-15 05:00:00,domingo,30,Seca,Seca y limpia,Plano,Terraplen,Curva Izquierda,Transito normal con precaución,20,30,0,1,1.0,Choque,embriaguez o sustancias alucinogenas,2402_1_51,20.0,0.0
Huila,2020-04-27 22:34:00,59,950.0,2020-01-02 05:00:00,jueves,30,Normal,Seca y limpia,Ondulado,Terraplen,Recta,Transito normal con precaución,15,30,0,0,0.0,Choque,no mantener distancia de seguridad,2402_1_59,15.0,0.0
Huila,2020-04-28 15:01:00,132,120.0,2019-12-05 05:00:00,jueves,30,Normal,Seca y limpia,Plano,Terraplen,Recta,Parcial con paso alternado,1,5,2,0,2.0,Choque,maniobras imprudentes,4503_1_132,15.0,10.0
Putumayo,2020-04-28 15:08:00,67,600.0,2020-02-02 05:00:00,domingo,30,Lluvia,Humeda,Plano,Terraplen,Recta,Cierre total,5,20,0,1,1.0,Atropello,exceso de velocidad,1003_1_67,4.0,1.0
Huila,2020-04-28 15:01:00,132,120.0,2019-12-07 05:00:00,sabado,0,Normal,Seca y limpia,Plano,Terraplen,Recta,Parcial con paso alternado,1,0,1,0,3.0,Choque,imprudencia del conductor,4503_2_132,21.0,4.0
Huila,2020-04-28 15:01:00,132,530.0,2019-12-16 05:00:00,lunes,0,Normal,Seca y limpia,Plano,Terraplen,Recta,Parcial con paso alternado,1,20,0,0,3.0,Choque,no mantener distancia de seguridad,4503_1_132,5.0,20.0
Huila,2020-04-28 15:01:00,70,220.0,2019-12-22 05:00:00,domingo,30,Normal,Seca y limpia,Plano,Terraplen,Recta,Parcial con paso alternado,1,0,1,0,6.0,Choque,exceso de velocidad,4504_1_70,19.0,6.0
Norte de Santander,2020-04-28 16:14:00,44,708.0,2020-01-07 05:00:00,martes,20,Normal,Seca y limpia,Escarpado,Media ladera Izquierda,Curva Izquierda,Transito normal con precaución,1,0,1,0,1.0,Choque,otra - conductor en general,5505_1_44,6.0,19.0
Huila,2020-04-28 15:01:00,2,600.0,2020-01-05 05:00:00,domingo,45,Normal,Seca y limpia,Plano,Media ladera Izquierda,Recta,Parcial con paso alternado,1,0,0,0,6.0,Choque,adelantamientos indebidos,2003_0_2,11.0,14.0
Norte de Santander,2020-04-28 16:32:00,49,1010.0,2020-03-16 05:00:00,lunes,0,Normal,Seca y limpia,Montañoso,Media ladera Izquierda,Curva Izquierda,Parcial con reducción de carriles,13,0,0,0,0.0,Volcamiento,fallas mecanicas y del sistema electrico,5505_1_49,19.0,18.0
Huila,2020-04-28 15:01:00,21,350.0,2020-01-21 05:00:00,martes,40,Normal,Humeda,Ondulado,Terraplen,Curva Izquierda,Transito normal con precaución,0,0,0,0,8.0,Volcamiento,fallas mecanicas y del sistema electrico,2003A_0_21,7.0,17.0
Huila,2020-04-28 15:01:00,28,260.0,2020-01-27 05:00:00,lunes,45,Normal,Seca y limpia,Escarpado,Cajón,Curva Derecha,Parcial con paso alternado,1,10,0,0,8.0,Volcamiento,fallas mecanicas y del sistema electrico,2003A_0_28,17.0,8.0
Norte de Santander,2020-04-28 16:52:00,56,400.0,2020-03-24 05:00:00,martes,0,Normal,Seca y limpia,Montañoso,Media ladera Izquierda,Curva Izquierda,Parcial restringido a vehiculos pesados,2,30,0,0,0.0,Choque,exceso de velocidad,5505_1_56,8.0,18.0
Putumayo,2020-04-28 20:09:00,83,500.0,2020-01-06 05:00:00,lunes,30,Sol,Seca y limpia,Ondulado,Media Ladera Derecha,Curva Derecha,Parcial con reducción de carriles,6,30,1,1,2.0,Choque,exceso de velocidad,4501_1_83,6.0,0.0
Huila,2020-04-28 20:19:00,117,0.0,2020-02-09 05:00:00,domingo,0,Normal,Seca y limpia,Montañoso,Media Ladera Derecha,Curva Derecha,Cierre total,1,0,0,0,0.0,Choque,adelantamientos indebidos,2002_1_117,6.0,19.0
Huila,2020-04-28 20:19:00,40,400.0,2020-02-19 05:00:00,miercoles,30,Normal,Humeda,Escarpado,Media ladera Izquierda,Curva Derecha,Transito normal con precaución,2,0,1,0,1.0,Salida de la vía sin volcarse,fallas mecanicas y del sistema electrico,2003A_0_40,5.0,21.0
Putumayo,2020-04-28 20:21:00,71,350.0,2020-01-11 05:00:00,sabado,0,Sol,Seca y limpia,Ondulado,Terraplen,Recta,Parcial con reducción de carriles,15,0,0,2,4.0,Choque,exceso de velocidad,4501_1_71,15.0,0.0
Huila,2020-04-28 20:19:00,40,500.0,2020-02-27 05:00:00,jueves,40,Niebla,Humeda,Escarpado,Media Ladera Derecha,Curva Derecha,Transito normal con precaución,0,0,0,0,1.0,Volcamiento,otra - conductor en general,2003A_0_40,23.0,1.0
Huila,2020-04-28 20:19:00,30,720.0,2020-02-28 05:00:00,viernes,0,Normal,Seca y limpia,Montañoso,Media ladera Izquierda,Curva Derecha,Transito normal con precaución,1,0,0,0,1.0,Salida de la vía sin volcarse,fallas mecanicas y del sistema electrico,2003A_0_30,12.0,13.0
Putumayo,2020-04-28 20:39:00,105,0.0,2020-01-14 05:00:00,martes,0,Sol,Seca y limpia,Plano,Terraplen,Curva Derecha,Parcial con reducción de carriles,16,0,1,0,2.0,Salida de la vía sin volcarse,exceso de velocidad,4501_1_105,16.0,0.0
Huila,2020-04-28 21:01:00,6,900.0,2020-03-09 05:00:00,lunes,30,Normal,Seca y limpia,Plano,Terraplen,Recta,Parcial con paso alternado,1,0,1,0,2.0,Volcamiento,embriaguez o sustancias alucinogenas,2003_0_6,5.0,20.0
Putumayo,2020-04-28 21:04:00,30,350.0,2020-01-29 05:00:00,miercoles,0,Lluvia,Humeda,Ondulado,Terraplen,Curva Derecha,Parcial con reducción de carriles,22,0,2,0,2.0,Volcamiento,exceso de velocidad,4501_1_30,22.0,0.0
Boyacá,2020-04-28 22:15:00,59,400.0,2020-03-12 05:00:00,jueves,35,Normal,Seca y limpia,Ondulado,Media Ladera Derecha,Curva Derecha,Transito normal con precaución,0,45,2,0,2.0,Choque,adelantamientos indebidos,6209_0_59,11.0,13.0
Cauca,2020-04-28 22:26:00,5,205.0,2020-01-13 05:00:00,lunes,35,Normal,Seca y limpia,Montañoso,Media Ladera Derecha,Curva Izquierda,Parcial con paso alternado,1,0,0,0,0.0,Choque,adelantamientos indebidos,2602A_1_5,7.0,18.0
Boyacá,2020-04-29 02:23:00,19,250.0,2020-02-02 05:00:00,domingo,5,Normal,Seca y limpia,Ondulado,Media ladera Izquierda,Curva Derecha,Transito normal con precaución,0,30,0,0,1.0,Otro,impericia en el manejo,6008_0_19,14.0,10.0
Boyacá,2020-04-29 02:23:00,39,830.0,2020-02-21 05:00:00,viernes,0,Normal,Seca y limpia,Plano,Terraplen,Recta,Transito normal con precaución,1,0,0,0,1.0,Choque,adelantamientos indebidos,6209_0_39,10.0,15.0
Boyacá,2020-04-29 02:23:00,52,300.0,2020-02-21 05:00:00,viernes,40,Normal,Seca y limpia,Plano,Terraplen,Recta,Transito normal con precaución,0,40,0,0,1.0,Choque,no mantener distancia de seguridad,6209_0_52,19.0,5.0
Huila,2020-04-28 17:03:00,0,230.0,2020-02-02 05:00:00,domingo,5,Normal,Seca y limpia,Plano,Terraplen,Recta,Parcial con paso alternado,1,0,1,0,1.0,Atropello,otra - conductor en general,4504_1_0,22.0,3.0
Huila,2020-04-28 17:25:00,131,680.0,2020-02-03 05:00:00,lunes,40,Normal,Seca y limpia,Plano,Terraplen,Recta,Parcial con paso alternado,1,0,1,0,1.0,Choque,otra - conductor en general,4503_2_131,1.0,0.0
Putumayo,2020-04-28 20:52:00,106,100.0,2020-01-18 05:00:00,sabado,0,Normal,Seca y limpia,Plano,Terraplen,Recta,Parcial con reducción de carriles,3,0,2,0,2.0,Volcamiento,exceso de velocidad,4501_1_106,3.0,0.0
Huila,2020-04-28 20:50:00,119,640.0,2020-03-01 05:00:00,domingo,30,Normal,Seca y limpia,Plano,Terraplen,Recta,Parcial con paso alternado,1,0,1,1,5.0,Choque,desobediencia a normas y senales,2002_1_119,23.0,2.0
Putumayo,2020-04-28 20:59:00,83,500.0,2020-01-29 05:00:00,miercoles,0,Sol,Seca y limpia,Ondulado,Media ladera Izquierda,Curva Derecha,Parcial con reducción de carriles,9,0,0,0,1.0,Choque,exceso de velocidad,4501_1_83,9.0,0.0
Huila,2020-04-28 21:01:00,9,600.0,2020-04-05 05:00:00,domingo,0,Normal,Seca y limpia,Plano,Media Ladera Derecha,Recta,Transito normal con precaución,0,0,1,0,1.0,Volcamiento,fallas mecanicas y del sistema electrico,2003_0_9,15.0,9.0
Huila,2020-04-28 21:01:00,132,680.0,2020-03-10 05:00:00,martes,0,Normal,Seca y limpia,Plano,Terraplen,Recta,Parcial con paso alternado,1,0,0,0,2.0,Choque,otra - conductor en general,4503_1_132,10.0,15.0
Huila,2020-04-28 21:01:00,133,719.0,2020-03-12 05:00:00,jueves,20,Normal,Seca y limpia,Ondulado,Cajón,Curva Izquierda,Transito normal con precaución,0,0,0,0,2.0,Choque,otra - conductor en general,4503_2_133,10.0,14.0
Huila,2020-04-28 21:01:00,11,0.0,2020-03-15 05:00:00,domingo,0,Normal,Seca y limpia,Plano,Media Ladera Derecha,Recta,Parcial con paso alternado,1,10,2,0,4.0,Choque,no mantener distancia de seguridad,2003A_0_11,15.0,10.0
Córdoba,2020-04-28 21:26:00,1,990.0,2020-02-16 05:00:00,domingo,30,Normal,Seca y limpia,Plano,Terraplen,Recta,Transito normal con precaución,0,40,0,0,3.0,Choque,adelantamientos indebidos,9004_1_1,19.0,5.0
Huila,2020-04-28 21:01:00,21,420.0,2020-03-17 05:00:00,martes,0,Normal,Seca y limpia,Ondulado,Terraplen,Curva Izquierda,Transito normal con precaución,1,0,0,0,4.0,Volcamiento,fallas mecanicas y del sistema electrico,2003A_0_21,8.0,17.0
Huila,2020-04-28 21:01:00,27,160.0,2020-03-23 05:00:00,lunes,0,Normal,Seca y limpia,Montañoso,Media ladera Izquierda,Curva Izquierda,Transito normal con precaución,1,10,0,0,4.0,Volcamiento,fallas mecanicas y del sistema electrico,2003A_0_27,7.0,18.0
Boyacá,2020-04-28 21:57:00,14,0.0,2020-03-08 05:00:00,domingo,20,Normal,Seca y limpia,Ondulado,Media ladera Izquierda,Curva Derecha,Transito normal con precaución,0,10,0,0,0.0,Choque,desobediencia a normas y senales,6008_0_14,11.0,13.0
Boyacá,2020-04-28 21:57:00,44,100.0,2020-03-28 05:00:00,sabado,0,Normal,Seca y limpia,Ondulado,Media ladera Izquierda,Curva Izquierda,Transito normal con precaución,1,0,0,0,0.0,Volcamiento,exceso en horas de conduccion,6007_0_44,5.0,20.0
Boyacá,2020-04-28 22:15:00,57,800.0,2020-03-16 05:00:00,lunes,30,Normal,Seca y limpia,Plano,Media Ladera Derecha,Recta,Transito normal con precaución,0,10,1,0,1.0,Choque,adelantamientos indebidos,6209_0_57,17.0,7.0
Córdoba,2020-04-28 22:27:00,2,50.0,2020-02-15 05:00:00,sabado,20,Normal,Seca y limpia,Plano,Terraplen,Recta,Transito normal con precaución,0,50,0,0,0.0,Choque,no mantener distancia de seguridad,9004_1_2,11.0,13.0
Caldas,2020-04-28 22:37:00,48,400.0,2019-12-15 05:00:00,domingo,50,Normal,Seca y limpia,Montañoso,Media ladera Izquierda,Curva Derecha,Parcial con reducción de carriles,17,15,0,0,0.0,Choque,no mantener distancia de seguridad,2508_1_48,16.0,1.0
Córdoba,2020-04-28 22:54:00,2,350.0,2020-02-23 05:00:00,domingo,25,Normal,Seca y limpia,Plano,Terraplen,Recta,Transito normal con precaución,0,45,0,0,2.0,Choque,desobediencia a normas y senales,9004_1_2,18.0,6.0
Boyacá,2020-04-29 12:24:00,26,600.0,2020-02-02 05:00:00,domingo,50,Seca,Seca y limpia,Plano,Media Ladera Derecha,Recta,Transito normal con precaución,0,20,0,0,0.0,Choque,no mantener distancia de seguridad,6209_0_26,15.0,9.0
Boyacá,2020-04-29 12:30:00,47,100.0,2020-02-07 05:00:00,viernes,50,Normal,Seca y limpia,Ondulado,Terraplen,Recta,Transito normal con precaución,0,10,0,0,0.0,Choque,no mantener distancia de seguridad,6209_0_47,6.0,18.0
Santander,2020-04-29 13:00:00,25,879.0,2020-03-07 05:00:00,sabado,20,Normal,Seca y limpia,Ondulado,Media Ladera Derecha,Curva Derecha,Parcial con paso alternado,16,20,1,0,1.0,Choque,estacionamiento y senalizacion imprudente,5504_1_25,16.0,0.0
Santander,2020-04-29 13:00:00,38,728.0,2020-03-08 05:00:00,domingo,15,Normal,Seca y limpia,Ondulado,Media ladera Izquierda,Recta,Parcial con paso alternado,9,15,0,0,1.0,Choque,condiciones de la via y factores ambientales,5504_1_38,9.0,0.0
Boyacá,2020-04-29 18:14:00,36,300.0,2020-01-10 05:00:00,viernes,50,Normal,Seca y limpia,Ondulado,Terraplen,Recta,Transito normal con precaución,0,30,0,0,0.0,Choque,otra - conductor en general,6008_0_36,14.0,10.0
Boyacá,2020-04-29 18:52:00,21,250.0,2020-01-20 05:00:00,lunes,40,Lluvia,Humeda,Ondulado,Media Ladera Derecha,Curva Derecha,Transito normal con precaución,0,20,0,0,0.0,Choque,condiciones de la via y factores ambientales,6209_0_21,17.0,7.0
Boyacá,2020-04-29 20:41:00,42,547.0,2020-02-17 05:00:00,lunes,50,Sol,Seca y limpia,Ondulado,Terraplen,Recta,Parcial con paso alternado,1,15,2,0,2.0,Choque,maniobras imprudentes,6008_0_42,6.0,19.0
Boyacá,2020-04-29 20:48:00,45,200.0,2020-02-17 05:00:00,lunes,45,Sol,Seca y limpia,Montañoso,Media ladera Izquierda,Recta,Cierre total,1,30,0,1,1.0,Choque,otra - conductor en general,6008_0_45,13.0,12.0
Caldas,2020-04-29 22:16:00,27,330.0,2019-12-05 05:00:00,jueves,0,Normal,Seca y limpia,Montañoso,Media ladera Izquierda,Curva Izquierda,Parcial con reducción de carriles,19,10,0,0,0.0,Choque,maniobras imprudentes,5005_2_27,19.0,0.0
Boyacá,2020-04-29 16:24:00,27,500.0,2020-01-05 05:00:00,domingo,0,Normal,Seca y limpia,Plano,Media Ladera Derecha,Recta,Transito normal con precaución,0,30,0,0,0.0,Choque,no mantener distancia de seguridad,6209_0_27,15.0,9.0
Boyacá,2020-04-29 16:30:00,50,50.0,2020-01-19 05:00:00,domingo,50,Normal,Seca y limpia,Plano,Terraplen,Recta,Transito normal con precaución,0,55,3,0,3.0,Choque,otra - conductor en general,6209_0_50,17.0,7.0
Boyacá,2020-04-29 16:40:00,11,0.0,2020-01-03 05:00:00,viernes,10,Normal,Seca y limpia,Ondulado,Cajón,Recta,Transito normal con precaución,0,30,0,0,0.0,Choque,otra - conductor en general,6209_0_11,21.0,3.0
Boyacá,2020-04-29 16:46:00,40,150.0,2020-01-26 05:00:00,domingo,0,Normal,Seca y limpia,Ondulado,Media Ladera Derecha,Recta,Transito normal con precaución,0,10,0,0,0.0,Choque,no mantener distancia de seguridad,6209_0_40,15.0,9.0
Caldas,2020-04-29 21:26:00,24,950.0,2019-12-18 05:00:00,miercoles,30,Lluvia,Humeda,Montañoso,Media ladera Izquierda,Curva Derecha,Parcial con paso alternado,9,30,0,0,0.0,Volcamiento,otra - pasajero o acompanante,2508_1_24,9.0,0.0
Caldas,2020-04-29 21:33:00,60,0.0,2019-12-22 05:00:00,domingo,50,Normal,Seca y limpia,Montañoso,Media ladera Izquierda,Recta,Parcial con reducción de carriles,14,20,0,0,0.0,Choque,otra - pasajero o acompanante,2508_1_60,13.0,1.0
Caldas,2020-04-29 21:45:00,6,500.0,2019-12-25 05:00:00,miercoles,40,Normal,Seca y limpia,Montañoso,Media Ladera Derecha,Recta,Parcial con reducción de carriles,16,55,1,0,1.0,Atropello,conducta de peatones,2508_1_6,16.0,0.0
Caldas,2020-04-29 21:51:00,1,200.0,2019-12-30 05:00:00,lunes,30,Normal,Seca y limpia,Montañoso,Media Ladera Derecha,Recta,Parcial con reducción de carriles,12,0,0,0,0.0,Choque,no mantener distancia de seguridad,2508_1_1,11.0,1.0
Casanare,2020-04-29 21:56:00,62,0.0,2020-03-08 05:00:00,domingo,0,Seca,Seca y limpia,Plano,Terraplen,Recta,Transito normal con precaución,23,0,0,1,3.0,Choque,embriaguez o sustancias alucinogenas,6515_1_62,23.0,0.0
Caldas,2020-04-29 21:54:00,39,830.0,2019-12-15 05:00:00,domingo,0,Normal,Seca y limpia,Montañoso,Media ladera Izquierda,Recta,Parcial con reducción de carriles,16,20,0,0,0.0,Choque,no mantener distancia de seguridad,2902_1_39,16.0,0.0
Casanare,2020-04-29 21:56:00,97,900.0,2020-03-22 05:00:00,domingo,0,Seca,Seca y limpia,Plano,Terraplen,Curva Derecha,Transito normal con precaución,22,0,0,1,4.0,Volcamiento,otra - conductor en general,6515_1_97,22.0,0.0
Caldas,2020-04-29 21:59:00,41,860.0,2019-12-22 05:00:00,domingo,45,Normal,Seca y limpia,Montañoso,Media ladera Izquierda,Recta,Parcial con reducción de carriles,16,10,3,0,3.0,Volcamiento,exceso en horas de conduccion,2902_1_41,15.0,1.0
Caldas,2020-04-29 22:02:00,33,800.0,2019-12-02 05:00:00,lunes,40,Normal,Seca y limpia,Montañoso,Media ladera Izquierda,Recta,Parcial con reducción de carriles,13,0,0,0,0.0,Choque,maniobras imprudentes,5005_2_33,12.0,1.0
Caldas,2020-04-29 22:11:00,25,0.0,2019-12-04 05:00:00,miercoles,0,Normal,Seca y limpia,Montañoso,Media ladera Izquierda,Recta,Parcial con reducción de carriles,16,20,2,0,2.0,Atropello,otra - pasajero o acompanante,5005_1_25,16.0,0.0
Caldas,2020-04-29 22:19:00,28,650.0,2019-12-08 05:00:00,domingo,50,Normal,Seca y limpia,Montañoso,Media Ladera Derecha,Recta,Parcial con reducción de carriles,21,40,0,0,0.0,Choque,no mantener distancia de seguridad,5005_2_28,20.0,1.0
Caldas,2020-04-29 22:23:00,32,300.0,2019-12-08 05:00:00,domingo,26,Normal,Seca y limpia,Montañoso,Media ladera Izquierda,Recta,Parcial con reducción de carriles,5,40,0,0,0.0,Choque,otra - pasajero o acompanante,5005_2_32,5.0,0.0
Caldas,2020-04-29 22:27:00,27,350.0,2019-12-14 05:00:00,sabado,20,Normal,Seca y limpia,Montañoso,Media ladera Izquierda,Recta,Parcial con reducción de carriles,10,50,0,0,0.0,Choque,otra - pasajero o acompanante,5005_2_27,10.0,0.0
Caldas,2020-04-29 22:29:00,28,300.0,2019-12-18 05:00:00,miercoles,45,Normal,Seca y limpia,Montañoso,Media ladera Izquierda,Recta,Parcial con reducción de carriles,15,50,0,0,0.0,Choque,otra - pasajero o acompanante,5005_2_28,15.0,0.0
Caldas,2020-04-29 22:35:00,29,300.0,2019-12-20 05:00:00,viernes,30,Normal,Seca y limpia,Montañoso,Media ladera Izquierda,Recta,Parcial con reducción de carriles,12,50,4,0,4.0,Choque,no mantener distancia de seguridad,5005_1_29,12.0,0.0
Caldas,2020-04-29 22:38:00,29,640.0,2019-12-20 05:00:00,viernes,20,Viento,Seca y limpia,Montañoso,Media ladera Izquierda,Recta,Parcial con reducción de carriles,12,30,0,0,0.0,Choque,no mantener distancia de seguridad,5005_1_29,12.0,0.0
Caldas,2020-04-29 22:41:00,28,310.0,2019-12-21 05:00:00,sabado,20,Normal,Seca y limpia,Montañoso,Media ladera Izquierda,Curva Izquierda,Parcial con reducción de carriles,4,25,0,0,0.0,Choque,desobediencia a normas y senales,5005_2_28,4.0,0.0
Caldas,2020-04-29 22:45:00,25,550.0,2020-04-21 05:00:00,martes,50,Normal,Seca y limpia,Montañoso,Media ladera Izquierda,Recta,Parcial con reducción de carriles,14,0,2,0,2.0,Atropello,otra - pasajero o acompanante,5005_1_25,13.0,1.0
Caldas,2020-04-29 22:49:00,32,400.0,2019-12-31 05:00:00,martes,40,Normal,Seca y limpia,Montañoso,Media ladera Izquierda,Recta,Parcial con reducción de carriles,8,40,4,0,4.0,Choque,otra - pasajero o acompanante,5005_1_32,8.0,0.0
Caldas,2020-04-29 22:53:00,0,900.0,2019-12-02 05:00:00,lunes,55,Normal,Seca y limpia,Montañoso,Media ladera Izquierda,Recta,Parcial con reducción de carriles,18,15,1,0,1.0,Choque,desobediencia a normas y senales,5006_0_0,17.0,1.0
Caldas,2020-04-29 22:59:00,5,450.0,2019-12-07 05:00:00,sabado,0,Normal,Seca y limpia,Montañoso,Media ladera Izquierda,Curva Izquierda,Parcial con reducción de carriles,3,20,0,0,0.0,Choque,otra - pasajero o acompanante,5006_0_5,3.0,0.0
Caldas,2020-04-29 23:02:00,11,250.0,2019-12-07 05:00:00,sabado,30,Lluvia,Humeda,Montañoso,Media ladera Izquierda,Curva Izquierda,Parcial con reducción de carriles,12,50,0,0,0.0,Choque,otra - pasajero o acompanante,5006_0_11,12.0,0.0
Caldas,2020-04-29 23:05:00,11,976.0,2019-12-11 05:00:00,miercoles,0,Lluvia,Humeda,Montañoso,Media ladera Izquierda,Curva Izquierda,Parcial con reducción de carriles,15,20,0,0,0.0,Choque,fallas mecanicas y del sistema electrico,5006_0_11,15.0,0.0
Caldas,2020-04-29 23:09:00,19,0.0,2019-12-12 05:00:00,jueves,5,Lluvia,Humeda,Montañoso,Media ladera Izquierda,Curva Izquierda,Parcial con reducción de carriles,16,25,0,0,0.0,Choque,otra - pasajero o acompanante,5006_0_19,16.0,0.0
Caldas,2020-04-29 23:13:00,11,950.0,2019-12-14 05:00:00,sabado,35,Lluvia,Humeda,Montañoso,Media ladera Izquierda,Curva Izquierda,Parcial con reducción de carriles,15,45,0,0,0.0,Choque,otra - pasajero o acompanante,5006_0_11,15.0,0.0
Caldas,2020-04-29 23:16:00,11,970.0,2019-12-17 05:00:00,martes,45,Viento,Seca y limpia,Montañoso,Media ladera Izquierda,Curva Izquierda,Parcial con reducción de carriles,10,0,0,0,0.0,Choque,otra - pasajero o acompanante,5006_0_11,9.0,1.0
Caldas,2020-04-29 23:23:00,22,400.0,2020-04-20 05:00:00,lunes,20,Normal,Seca y limpia,Montañoso,Media ladera Izquierda,Recta,Parcial con reducción de carriles,16,20,0,1,1.0,Choque,otra - pasajero o acompanante,5006_0_22,16.0,0.0
Nariño,2020-04-29 23:34:00,15,0.0,2020-01-19 05:00:00,domingo,30,Lluvia,Humeda,Ondulado,Cajón,Curva Derecha,Transito normal con precaución,17,30,3,0,3.0,Choque,condiciones de la via y factores ambientales,1002_1_15,17.0,0.0
Caldas,2020-04-29 23:33:00,2,350.0,2019-12-28 05:00:00,sabado,0,Normal,Seca y limpia,Montañoso,Media ladera Izquierda,Recta,Parcial con reducción de carriles,9,5,0,0,0.0,Choque,fallas mecanicas y del sistema electrico,5006_0_2,9.0,0.0
Nariño,2020-04-29 23:47:00,62,840.0,2020-01-26 05:00:00,domingo,40,Normal,Seca y limpia,Ondulado,Media ladera Izquierda,Curva Izquierda,Transito normal con precaución,7,40,1,0,1.0,Volcamiento,fallas mecanicas y del sistema electrico,1002_1_62,7.0,0.0
Nariño,2020-04-29 23:57:00,0,700.0,2020-02-14 05:00:00,viernes,20,Normal,Seca y limpia,Plano,Media ladera Izquierda,Recta,Transito normal con precaución,23,20,1,0,3.0,Choque,embriaguez o sustancias alucinogenas,25NR01_0_0,23.0,0.0
Nariño,2020-04-30 00:00:00,19,200.0,2020-02-08 05:00:00,sabado,16,Normal,Seca y limpia,Ondulado,Cajón,Recta,Transito normal con precaución,6,16,3,0,3.0,Choque,embriaguez o sustancias alucinogenas,0801_1_19,6.0,0.0
Nariño,2020-04-30 00:07:00,23,800.0,2020-02-05 05:00:00,miercoles,20,Normal,Seca y limpia,Plano,Terraplen,Recta,Transito normal con precaución,17,20,0,0,0.0,Choque,no mantener distancia de seguridad,1002_1_23,17.0,0.0
Nariño,2020-04-30 00:26:00,25,800.0,2020-03-16 05:00:00,lunes,0,Lluvia,Humeda,Ondulado,Media ladera Izquierda,Recta,Transito normal con precaución,12,0,0,0,0.0,Volcamiento,condiciones de la via y factores ambientales,1002_1_25,12.0,0.0
Nariño,2020-04-30 00:32:00,64,940.0,2020-03-31 05:00:00,martes,0,Lluvia,Humeda,Ondulado,Terraplen,Curva Derecha,Transito normal con precaución,8,0,0,0,0.0,Choque,condiciones de la via y factores ambientales,1002_1_64,8.0,0.0
Nariño,2020-04-30 00:59:00,72,820.0,2020-03-31 05:00:00,martes,0,Normal,Seca y limpia,Montañoso,Media Ladera Derecha,Curva Derecha,Transito normal con precaución,8,0,0,0,0.0,Choque,fallas mecanicas y del sistema electrico,1002_1_72,8.0,0.0
Nariño,2020-04-30 01:02:00,37,200.0,2020-03-08 05:00:00,domingo,30,Normal,Seca y limpia,Plano,Terraplen,Recta,Transito normal con precaución,17,30,1,0,1.0,Choque,embriaguez o sustancias alucinogenas,1701_0_37,17.0,0.0
Casanare,2020-04-30 13:07:00,125,115.0,2020-01-16 05:00:00,jueves,30,Seca,Seca y limpia,Plano,Terraplen,Recta,Transito normal con precaución,19,30,0,0,3.0,Choque,maniobras imprudentes,6515_1_125,19.0,0.0
Chocó,2020-04-30 14:59:00,97,600.0,2020-02-06 05:00:00,jueves,10,Sol,Seca y limpia,Plano,Media ladera Izquierda,Recta,Parcial con reducción de carriles,11,20,1,0,2.0,Choque,exceso de velocidad,6002_0_97,11.0,0.0
Cauca,2020-05-02 22:35:00,77,360.0,2020-04-07 05:00:00,martes,0,Seca,Seca y limpia,Montañoso,Media ladera Izquierda,Curva Derecha,Transito normal con precaución,0,0,0,0,0.0,Volcamiento,exceso de velocidad,3701_1_77,23.0,1.0
Cauca,2020-05-02 22:44:00,70,400.0,2020-04-22 05:00:00,miercoles,0,Lluvia,Material suelto,Montañoso,Media Ladera Derecha,Curva Izquierda,Cierre total,18,0,0,0,0.0,Volcamiento,condiciones de la via y factores ambientales,2602_0_70,18.0,0.0
Tolima,2020-05-04 01:00:00,43,1015.0,2020-03-02 05:00:00,lunes,40,Normal,Seca y limpia,Plano,Terraplen,Recta,Parcial con paso alternado,14,57,0,0,0.0,Choque,maniobras imprudentes,4507_1_43,14.0,0.0
Risaralda,2020-05-05 16:49:00,0,700.0,2019-12-09 05:00:00,lunes,5,Normal,Seca y limpia,Plano,Terraplen,Recta,Transito normal con precaución,10,5,0,0,0.0,Choque,no mantener distancia de seguridad,2902_1_0,10.0,0.0
Tolima,2020-05-04 01:53:00,1,0.0,2020-01-12 05:00:00,domingo,30,Normal,Seca y limpia,Plano,Terraplen,Recta,Parcial con paso alternado,11,30,0,0,1.0,Choque,embriaguez o sustancias alucinogenas,3603_0_1,10.0,1.0