territorial,fecha_registro,pr,distancia_pr,fecha_acc,dia_semana_acc,min_acc,condic_meteor,estado_super,terreno,secc_tip,geometria_acc,tipo_cierre,horas_cierre,min_cierre,n_heridos,n_muertos,n_victimas,clase_accidente,causa_posible,ref_loc,hora_acc,duracion_cierre_horas
Tolima,2020-05-04 02:28:00,9,800.0,2020-01-23 05:00:00,jueves,20,Normal,Seca y limpia,Plano,Terraplen,Recta,Parcial con paso alternado,5,0,0,0,0.0,Volcamiento,fallas mecanicas y del sistema electrico,3603_0_9,4.0,1.0
Tolima,2020-05-04 18:53:00,11,0.0,2020-01-13 05:00:00,lunes,40,Normal,Seca y limpia,Plano,Terraplen,Curva Derecha,Parcial con paso alternado,7,0,0,0,1.0,Atropello,exceso de velocidad,3603_0_11,17.0,14.0
Tolima,2020-05-04 20:29:00,23,845.0,2020-01-31 05:00:00,viernes,0,Normal,Seca y limpia,Plano,Terraplen,Recta,Parcial con paso alternado,16,0,0,1,1.0,Choque,exceso de velocidad,3602_0_23,16.0,0.0
Tolima,2020-05-04 21:57:00,31,700.0,2020-01-08 05:00:00,miercoles,40,Normal,Seca y limpia,Plano,Terraplen,Curva Izquierda,Parcial con paso alternado,11,50,0,0,0.0,Volcamiento,fallas mecanicas y del sistema electrico,3603_0_31,11.0,0.0
Boyacá,2020-05-04 22:17:00,14,250.0,2020-03-16 05:00:00,lunes,50,Sol,Seca y limpia,Plano,Terraplen,Curva Izquierda,Parcial con reducción de carriles,2,10,0,0,0.0,Volcamiento,impericia en el manejo,6404_0_14,11.0,15.0
Boyacá,2020-05-04 22:17:00,10,850.0,2020-03-30 05:00:00,lunes,0,Seca,Seca y limpia,Plano,Terraplen,Recta,Transito normal con precaución,0,20,0,0,0.0,Volcamiento,impericia en el manejo,6404_0_10,5.0,19.0
Boyacá,2020-05-04 22:54:00,5,400.0,2020-03-14 05:00:00,sabado,40,Normal,Seca y limpia,Plano,Terraplen,Recta,Parcial con paso alternado,1,20,0,0,0.0,Choque,maniobras imprudentes,6404_0_5,11.0,14.0
Tolima,2020-05-04 23:50:00,25,74.0,2020-01-22 05:00:00,miercoles,30,Lluvia,Humeda,Plano,Terraplen,Recta,Parcial con paso alternado,6,0,1,0,1.0,Choque,condiciones de la via y factores ambientales,4507_1_25,5.0,1.0
Tolima,2020-05-05 01:14:00,43,600.0,2020-01-09 05:00:00,jueves,20,Normal,Seca y limpia,Plano,Terraplen,Recta,Parcial con paso alternado,10,1,0,0,0.0,Choque,maniobras imprudentes,4507_1_43,9.0,1.0
Tolima,2020-05-05 01:44:00,42,800.0,2020-01-19 05:00:00,domingo,20,Normal,Seca y limpia,Plano,Terraplen,Recta,Parcial con paso alternado,17,0,0,0,0.0,Choque,maniobras imprudentes,4507_1_42,16.0,1.0
Risaralda,2020-05-05 16:40:00,48,600.0,2019-12-08 05:00:00,domingo,20,Normal,Seca y limpia,Montañoso,Media Ladera Derecha,Curva Derecha,Transito normal con precaución,15,20,0,0,0.0,Choque,otra - conductor en general,2507_1_48,15.0,0.0
Risaralda,2020-05-05 16:44:00,31,969.0,2019-12-08 05:00:00,domingo,40,Normal,Seca y limpia,Plano,Terraplen,Recta,Transito normal con precaución,17,40,3,0,3.0,Choque,exceso de velocidad,50RS01_2_31,17.0,0.0
Risaralda,2020-05-05 16:54:00,5,130.0,2019-12-11 05:00:00,miercoles,10,Normal,Seca y limpia,Plano,Terraplen,Recta,Transito normal con precaución,9,10,1,0,1.0,Choque,otra - conductor en general,2902_1_5,9.0,0.0
Risaralda,2020-05-05 19:44:00,8,0.0,2019-12-11 05:00:00,miercoles,20,Normal,Seca y limpia,Plano,Terraplen,Recta,Transito normal con precaución,9,20,0,0,0.0,Choque,no mantener distancia de seguridad,29RSC_1_8,9.0,0.0
Risaralda,2020-05-05 20:37:00,0,0.0,2019-12-12 05:00:00,jueves,48,Normal,Seca y limpia,Plano,Terraplen,Recta,Transito normal con precaución,20,48,0,0,0.0,Choque,no mantener distancia de seguridad,29RSC_1_0,20.0,0.0
Risaralda,2020-05-05 20:53:00,8,700.0,2019-12-13 05:00:00,viernes,40,Normal,Seca y limpia,Plano,Terraplen,Recta,Transito normal con precaución,16,40,0,0,0.0,Choque,desobediencia a normas y senales,29RSC_1_8,16.0,0.0
Risaralda,2020-05-05 21:15:00,2,900.0,2019-12-13 05:00:00,viernes,16,Normal,Seca y limpia,Plano,Media Ladera Derecha,Recta,Transito normal con precaución,17,16,2,0,2.0,Choque,otra - conductor en general,29RSC_1_2,17.0,0.0
Risaralda,2020-05-05 21:37:00,77,350.0,2019-12-14 05:00:00,sabado,0,Normal,Seca y limpia,Plano,Terraplen,Curva Derecha,Transito normal con precaución,14,0,0,1,1.0,Choque,otra - conductor en general,5003_0_77,14.0,0.0
Risaralda,2020-05-05 21:40:00,3,450.0,2019-12-15 05:00:00,domingo,30,Normal,Seca y limpia,Plano,Terraplen,Recta,Transito normal con precaución,16,30,0,0,0.0,Choque,adelantamientos indebidos,2902_2_3,16.0,0.0
Risaralda,2020-05-05 21:54:00,1,600.0,2019-12-15 05:00:00,domingo,20,Normal,Seca y limpia,Plano,Terraplen,Recta,Transito normal con precaución,10,20,0,0,0.0,Choque,embriaguez o sustancias alucinogenas,2507_1_1,10.0,0.0
Risaralda,2020-05-05 22:11:00,3,290.0,2019-12-16 05:00:00,lunes,50,Normal,Seca y limpia,Plano,Terraplen,Recta,Transito normal con precaución,12,50,1,0,1.0,Choque,desobediencia a normas y senales,2902_2_3,12.0,0.0
Risaralda,2020-05-05 22:17:00,0,0.0,2019-12-16 05:00:00,lunes,1,Normal,Seca y limpia,Plano,Terraplen,Recta,Transito normal con precaución,20,1,0,0,0.0,Choque,no mantener distancia de seguridad,29RSA_1_0,20.0,0.0
Tolima,2020-05-06 01:47:00,28,100.0,2020-02-28 05:00:00,viernes,30,Normal,Seca y limpia,Plano,Terraplen,Recta,Parcial con paso alternado,0,1,0,1,1.0,Atropello,embriaguez o sustancias alucinogenas,3603_0_28,20.0,4.0
Tolima,2020-05-06 03:08:00,28,600.0,2020-02-18 05:00:00,martes,1,Normal,Seca y limpia,Plano,Terraplen,Recta,Parcial con paso alternado,0,50,1,0,1.0,Choque,otra - conductor en general,3603_0_28,0.0,0.0
Risaralda,2020-05-05 19:48:00,3,950.0,2019-12-11 05:00:00,miercoles,0,Lluvia,Humeda,Plano,Terraplen,Recta,Transito normal con precaución,13,0,3,0,3.0,Choque,desobediencia a normas y senales,2902_1_3,13.0,0.0
Risaralda,2020-05-05 19:57:00,0,523.0,2019-12-12 05:00:00,jueves,54,Normal,Seca y limpia,Plano,Media Ladera Derecha,Recta,Transito normal con precaución,6,54,1,0,1.0,Choque,otra - conductor en general,2902_1_0,6.0,0.0
Risaralda,2020-05-05 20:05:00,0,850.0,2019-12-12 05:00:00,jueves,50,Lluvia,Humeda,Plano,Cajón,Recta,Transito normal con precaución,12,50,0,0,0.0,Choque,otra - conductor en general,29RSA_1_0,12.0,0.0
Risaralda,2020-05-06 16:29:00,0,700.0,2019-12-18 05:00:00,miercoles,15,Normal,Seca y limpia,Plano,Terraplen,Recta,Transito normal con precaución,9,15,1,0,1.0,Choque,desobediencia a normas y senales,2902_2_0,9.0,0.0
Risaralda,2020-05-06 16:43:00,3,290.0,2019-12-19 05:00:00,jueves,30,Normal,Seca y limpia,Plano,Terraplen,Recta,Transito normal con precaución,10,30,0,0,0.0,Choque,no mantener distancia de seguridad,2902_2_3,10.0,0.0
Risaralda,2020-05-06 16:47:00,0,0.0,2019-12-20 05:00:00,viernes,15,Normal,Seca y limpia,Plano,Terraplen,Recta,Transito normal con precaución,22,15,0,0,0.0,Choque,no mantener distancia de seguridad,29RSA_1_0,22.0,0.0
Risaralda,2020-05-06 17:06:00,0,140.0,2019-12-21 05:00:00,sabado,2,Normal,Seca y limpia,Plano,Terraplen,Recta,Transito normal con precaución,16,2,0,0,0.0,Choque,no mantener distancia de seguridad,29RSA_2_0,16.0,0.0
Meta,2020-05-06 17:08:00,8,800.0,2020-02-16 05:00:00,domingo,50,Seca,Seca y limpia,Plano,Terraplen,Curva Derecha,Transito normal con precaución,16,10,2,0,2.0,Choque,maniobras imprudentes,6507_0_8,15.0,1.0
Meta,2020-05-06 17:28:00,68,800.0,2020-02-03 05:00:00,lunes,20,Seca,Seca y limpia,Plano,Terraplen,Recta,Transito normal con precaución,8,0,1,0,1.0,Caída ocupante,desobediencia a normas y senales,7506_1_68,7.0,1.0
Meta,2020-05-06 17:49:00,41,300.0,2020-02-19 05:00:00,miercoles,30,Seca,Seca y limpia,Plano,Terraplen,Recta,Parcial con reducción de carriles,20,30,0,1,1.0,Choque,impericia en el manejo,6507_0_41,17.0,3.0
Meta,2020-05-06 17:57:00,65,500.0,2020-02-21 05:00:00,viernes,30,Seca,Seca y limpia,Plano,Terraplen,Recta,Transito normal con precaución,9,30,0,1,1.0,Choque,exceso en horas de conduccion,6507_0_65,0.0,9.0
Meta,2020-05-06 18:24:00,65,500.0,2020-02-21 05:00:00,viernes,30,Sol,Seca y limpia,Plano,Media Ladera Derecha,Recta,Transito normal con precaución,9,30,0,1,1.0,Choque,exceso en horas de conduccion,6507_0_65,0.0,9.0
Risaralda,2020-05-06 19:42:00,2,800.0,2019-12-22 05:00:00,domingo,20,Lluvia,Humeda,Plano,Terraplen,Recta,Transito normal con precaución,17,20,0,0,0.0,Choque,no mantener distancia de seguridad,2902_1_2,17.0,0.0
Risaralda,2020-05-06 19:49:00,1,450.0,2019-12-23 05:00:00,lunes,0,Normal,Seca y limpia,Plano,Terraplen,Recta,Transito normal con precaución,18,0,0,0,0.0,Choque,no mantener distancia de seguridad,2902_1_1,18.0,0.0
Risaralda,2020-05-06 19:54:00,4,150.0,2019-12-26 05:00:00,jueves,29,Normal,Seca y limpia,Montañoso,Media Ladera Derecha,Recta,Transito normal con precaución,18,29,0,0,0.0,Choque,no mantener distancia de seguridad,29RSC_1_4,18.0,0.0
Risaralda,2020-05-06 20:24:00,1,750.0,2019-12-26 05:00:00,jueves,50,Normal,Seca y limpia,Plano,Terraplen,Recta,Transito normal con precaución,14,50,0,0,0.0,Choque,desobediencia a normas y senales,2902_1_1,14.0,0.0
Risaralda,2020-05-08 15:56:00,4,480.0,2020-01-01 05:00:00,miercoles,20,Normal,Seca y limpia,Plano,Terraplen,Recta,Transito normal con precaución,7,20,4,1,5.0,Choque,otra - conductor en general,2902_1_4,7.0,0.0
Risaralda,2020-05-06 20:35:00,0,0.0,2019-12-29 05:00:00,domingo,55,Normal,Seca y limpia,Plano,Terraplen,Recta,Transito normal con precaución,20,55,0,0,0.0,Choque,no mantener distancia de seguridad,29RSA_2_0,20.0,0.0
Risaralda,2020-05-06 20:51:00,1,600.0,2019-12-30 05:00:00,lunes,40,Lluvia,Humeda,Plano,Terraplen,Recta,Transito normal con precaución,22,40,1,0,1.0,Choque,otra - conductor en general,2902_1_1,22.0,0.0
Risaralda,2020-05-06 21:08:00,2,250.0,2019-12-30 05:00:00,lunes,20,Normal,Seca y limpia,Plano,Terraplen,Recta,Transito normal con precaución,12,20,0,0,0.0,Choque,no mantener distancia de seguridad,2507_1_2,12.0,0.0
Risaralda,2020-05-06 21:13:00,5,130.0,2019-12-31 05:00:00,martes,40,Lluvia,Humeda,Plano,Terraplen,Recta,Transito normal con precaución,21,40,0,0,0.0,Choque,adelantamientos indebidos,2902_1_5,21.0,0.0
Risaralda,2020-05-06 21:25:00,2,550.0,2019-12-31 05:00:00,martes,5,Normal,Aceite,Plano,Terraplen,Recta,Transito normal con precaución,22,5,0,0,0.0,Choque,condiciones de la via y factores ambientales,2902_2_2,22.0,0.0
Cesar,2020-05-06 21:52:00,8,100.0,2020-04-20 05:00:00,lunes,10,Normal,Seca y limpia,Plano,Terraplen,Recta,Transito normal con precaución,0,0,1,0,1.0,Volcamiento,maniobras imprudentes,43CS02_0_8,13.0,11.0
Meta,2020-05-06 23:47:00,2,0.0,2020-03-09 05:00:00,lunes,0,Normal,Seca y limpia,Plano,Terraplen,Recta,Parcial con reducción de carriles,0,0,0,0,4.0,Choque,otra - conductor en general,6507_0_2,7.0,17.0
Meta,2020-05-06 23:47:00,0,800.0,2020-03-02 05:00:00,lunes,15,Normal,Seca y limpia,Plano,Terraplen,Recta,Transito normal con precaución,0,0,3,0,3.0,Choque,embriaguez o sustancias alucinogenas,6507_0_0,5.0,19.0
Meta,2020-05-06 23:47:00,13,900.0,2020-03-15 05:00:00,domingo,20,Normal,Otra,Plano,Terraplen,Recta,Parcial con reducción de carriles,0,0,0,0,5.0,Choque,condiciones de la via y factores ambientales,6507_0_13,21.0,3.0
Planta Central,2020-05-07 16:38:00,18,950.0,2020-03-01 05:00:00,domingo,10,Lluvia,Humeda,Ondulado,Terraplen,Curva Izquierda,Parcial con paso alternado,19,20,2,1,3.0,Volcamiento,condiciones de la via y factores ambientales,4001_1_18,19.0,0.0
Cauca,2020-05-07 21:23:00,15,907.0,2020-01-14 05:00:00,martes,36,Normal,Seca y limpia,Montañoso,Media Ladera Derecha,Recta,Transito normal con precaución,1,0,1,0,1.0,Atropello,impericia en el manejo,2601_0_15,8.0,17.0
Cauca,2020-05-07 21:23:00,3,150.0,2020-01-24 05:00:00,viernes,36,Normal,Seca y limpia,Montañoso,Media Ladera Derecha,Recta,Transito normal con precaución,1,0,1,0,2.0,Choque,impericia en el manejo,2602A_1_3,8.0,17.0
Nariño,2020-05-07 22:16:00,82,785.0,2020-02-09 05:00:00,domingo,20,Normal,Seca y limpia,Montañoso,Cajón,Recta,Transito normal con precaución,2,20,0,0,1.0,Choque,otra - pasajero o acompanante,2502_1_82,2.0,0.0
Nariño,2020-05-07 22:27:00,13,200.0,2020-03-07 05:00:00,sabado,30,Normal,Seca y limpia,Plano,Terraplen,Recta,Transito normal con precaución,17,30,0,0,0.0,Choque,no mantener distancia de seguridad,2502_1_13,17.0,0.0
Nariño,2020-05-07 22:27:00,33,100.0,2020-03-14 05:00:00,sabado,0,Normal,Seca y limpia,Plano,Terraplen,Recta,Transito normal con precaución,23,0,0,1,1.0,Choque,adelantamientos indebidos,2502_1_33,23.0,0.0
Nariño,2020-05-07 22:45:00,31,300.0,2020-03-16 05:00:00,lunes,20,Normal,Seca y limpia,Ondulado,Media Ladera Derecha,Curva Derecha,Transito normal con precaución,14,20,0,0,0.0,Choque,adelantamientos indebidos,2502_1_31,14.0,0.0
Nariño,2020-05-07 22:45:00,74,500.0,2020-03-19 05:00:00,jueves,30,Normal,Seca y limpia,Montañoso,Cajón,Curva Izquierda,Transito normal con precaución,2,30,0,0,0.0,Volcamiento,condiciones de la via y factores ambientales,2502_1_74,2.0,0.0
Nariño,2020-05-07 23:16:00,32,600.0,2020-03-22 05:00:00,domingo,0,Normal,Seca y limpia,Ondulado,Media Ladera Derecha,Recta,Transito normal con precaución,16,0,1,0,1.0,Choque,maniobras imprudentes,2502_1_32,16.0,0.0
Nariño,2020-05-07 23:21:00,29,300.0,2020-03-27 05:00:00,viernes,0,Normal,Seca y limpia,Montañoso,Media ladera Izquierda,Curva Derecha,Transito normal con precaución,16,0,1,0,1.0,Volcamiento,otra - pasajero o acompanante,2502_1_29,16.0,0.0
Caquetá,2020-05-08 14:56:00,43,950.0,2020-05-06 05:00:00,miercoles,30,Sol,Seca y limpia,Ondulado,Terraplen,Recta,Transito normal con precaución,10,30,1,0,1.0,Salida de la vía sin volcarse,fallas mecanicas y del sistema electrico,6502_1_43,10.0,0.0
Caldas,2020-05-08 15:39:00,45,370.0,2020-01-06 05:00:00,lunes,20,Normal,Seca y limpia,Montañoso,Media ladera Izquierda,Curva Derecha,Parcial con reducción de carriles,7,40,1,0,1.0,Choque,adelantamientos indebidos,2508_1_45,7.0,0.0
Caldas,2020-05-08 16:00:00,2,700.0,2020-01-12 05:00:00,domingo,50,Normal,Seca y limpia,Montañoso,Media Ladera Derecha,Curva Derecha,Parcial con reducción de carriles,22,10,0,1,1.0,Choque,otra - conductor en general,2508_1_2,21.0,1.0
Caldas,2020-05-08 16:04:00,32,780.0,2020-01-13 05:00:00,lunes,20,Normal,Seca y limpia,Montañoso,Media ladera Izquierda,Curva Izquierda,Parcial con reducción de carriles,22,40,0,0,0.0,Volcamiento,otra - conductor en general,2508_1_32,22.0,0.0
Caldas,2020-05-08 16:07:00,51,600.0,2020-01-18 05:00:00,sabado,0,Normal,Seca y limpia,Montañoso,Media ladera Izquierda,Recta,Parcial con reducción de carriles,16,15,2,0,2.0,Choque,desobediencia a normas y senales,2508_1_51,16.0,0.0
Caldas,2020-05-08 16:11:00,29,0.0,2020-01-02 05:00:00,jueves,30,Normal,Seca y limpia,Montañoso,Media ladera Izquierda,Recta,Parcial con reducción de carriles,21,30,0,0,0.0,Choque,maniobras imprudentes,2902_1_29,21.0,0.0
Caldas,2020-05-08 16:13:00,29,970.0,2020-01-02 05:00:00,jueves,20,Normal,Seca y limpia,Montañoso,Media ladera Izquierda,Curva Derecha,Parcial con reducción de carriles,11,30,2,0,2.0,Choque,otra - conductor en general,2902_1_29,11.0,0.0
Caldas,2020-05-08 16:17:00,38,0.0,2020-01-30 05:00:00,jueves,40,Normal,Seca y limpia,Montañoso,Media ladera Izquierda,Recta,Parcial con reducción de carriles,15,56,0,0,0.0,Choque,no mantener distancia de seguridad,2902_1_38,15.0,0.0
Caldas,2020-05-08 16:21:00,24,800.0,2020-01-08 05:00:00,miercoles,15,Normal,Seca y limpia,Montañoso,Media ladera Izquierda,Recta,Parcial con reducción de carriles,19,27,0,0,0.0,Choque,maniobras imprudentes,5005_1_24,14.0,5.0
Caldas,2020-05-08 16:24:00,33,400.0,2020-01-11 05:00:00,sabado,10,Normal,Seca y limpia,Montañoso,Media ladera Izquierda,Recta,Parcial con reducción de carriles,17,20,0,0,0.0,Choque,no mantener distancia de seguridad,5005_1_33,17.0,0.0
Caldas,2020-05-08 16:26:00,28,280.0,2020-01-13 05:00:00,lunes,0,Normal,Seca y limpia,Montañoso,Media ladera Izquierda,Curva Izquierda,Parcial con reducción de carriles,15,15,0,0,0.0,Choque,no mantener distancia de seguridad,5005_1_28,15.0,0.0
Caldas,2020-05-08 16:31:00,24,500.0,2020-01-24 05:00:00,viernes,0,Normal,Seca y limpia,Montañoso,Media ladera Izquierda,Recta,Parcial con reducción de carriles,9,30,0,0,0.0,Choque,adelantamientos indebidos,5005_1_24,9.0,0.0
Caldas,2020-05-08 16:33:00,0,900.0,2020-01-16 05:00:00,jueves,0,Normal,Seca y limpia,Montañoso,Media ladera Izquierda,Recta,Parcial con reducción de carriles,14,5,0,0,0.0,Choque,no mantener distancia de seguridad,5006_0_0,14.0,0.0
Caldas,2020-05-08 16:36:00,11,900.0,2020-01-18 05:00:00,sabado,35,Normal,Seca y limpia,Montañoso,Media ladera Izquierda,Curva Izquierda,Parcial con reducción de carriles,23,10,0,0,0.0,Choque,no mantener distancia de seguridad,5006_0_11,22.0,1.0
Caldas,2020-05-08 16:56:00,19,0.0,2020-01-20 05:00:00,lunes,55,Lluvia,Humeda,Montañoso,Media ladera Izquierda,Curva Izquierda,Parcial con reducción de carriles,17,55,0,0,0.0,Choque,otra - conductor en general,5006_0_19,16.0,1.0
Caldas,2020-05-08 17:06:00,18,180.0,2020-01-21 05:00:00,martes,50,Lluvia,Humeda,Montañoso,Media ladera Izquierda,Curva Izquierda,Parcial con reducción de carriles,18,10,0,0,0.0,Choque,otra - conductor en general,5006_0_18,17.0,1.0
Caldas,2020-05-08 17:09:00,16,750.0,2020-01-25 05:00:00,sabado,40,Normal,Seca y limpia,Montañoso,Media ladera Izquierda,Recta,Parcial con reducción de carriles,7,50,0,0,0.0,Choque,fallas mecanicas y del sistema electrico,5006_0_16,7.0,0.0
Caldas,2020-05-08 17:15:00,8,70.0,2020-01-27 05:00:00,lunes,20,Lluvia,Humeda,Montañoso,Media ladera Izquierda,Curva Izquierda,Parcial con reducción de carriles,13,35,0,0,0.0,Choque,condiciones de la via y factores ambientales,5006_0_8,13.0,0.0
Caldas,2020-05-08 17:35:00,2,150.0,2020-01-27 05:00:00,lunes,0,Normal,Seca y limpia,Montañoso,Media ladera Izquierda,Curva Derecha,Parcial con reducción de carriles,7,10,0,0,0.0,Choque,no mantener distancia de seguridad,5006_0_2,7.0,0.0
Caldas,2020-05-08 17:40:00,2,800.0,2020-01-29 05:00:00,miercoles,55,Lluvia,Humeda,Montañoso,Media ladera Izquierda,Recta,Parcial con reducción de carriles,20,10,0,0,0.0,Choque,maniobras imprudentes,5006_0_2,19.0,1.0
Caldas,2020-05-08 17:43:00,52,260.0,2020-02-08 05:00:00,sabado,45,Normal,Seca y limpia,Montañoso,Media ladera Izquierda,Recta,Parcial con reducción de carriles,8,0,1,0,1.0,Choque,no mantener distancia de seguridad,2508_1_52,7.0,1.0
Caldas,2020-05-08 17:45:00,47,950.0,2020-02-28 05:00:00,viernes,0,Normal,Seca y limpia,Montañoso,Terraplen,Curva Derecha,Parcial con reducción de carriles,1,55,0,0,0.0,Choque,embriaguez o sustancias alucinogenas,2508_1_47,1.0,0.0
Caldas,2020-05-08 17:47:00,29,850.0,2020-02-01 05:00:00,sabado,50,Normal,Seca y limpia,Montañoso,Media ladera Izquierda,Curva Derecha,Parcial con reducción de carriles,8,30,1,0,1.0,Choque,adelantamientos indebidos,2902_1_29,7.0,1.0
Caldas,2020-05-08 18:03:00,34,180.0,2020-02-05 05:00:00,miercoles,0,Normal,Seca y limpia,Montañoso,Media Ladera Derecha,Recta,Parcial con reducción de carriles,17,15,0,0,0.0,Choque,otra - conductor en general,2902_1_34,17.0,0.0
Caldas,2020-05-08 18:11:00,36,450.0,2020-02-25 05:00:00,martes,45,Normal,Seca y limpia,Montañoso,Media Ladera Derecha,Recta,Parcial con reducción de carriles,17,50,3,0,3.0,Choque,condiciones de la via y factores ambientales,2902_1_36,17.0,0.0
Caldas,2020-05-08 18:13:00,39,730.0,2020-02-25 05:00:00,martes,55,Normal,Seca y limpia,Montañoso,Media ladera Izquierda,Recta,Parcial con reducción de carriles,13,15,0,0,0.0,Choque,no mantener distancia de seguridad,2902_1_39,12.0,1.0
Caldas,2020-05-08 18:16:00,28,200.0,2020-02-06 05:00:00,jueves,40,Normal,Seca y limpia,Montañoso,Media ladera Izquierda,Recta,Parcial con reducción de carriles,20,50,0,0,0.0,Choque,no mantener distancia de seguridad,5005_2_28,20.0,0.0
Caldas,2020-05-08 18:18:00,27,170.0,2020-02-11 05:00:00,martes,5,Normal,Seca y limpia,Montañoso,Media ladera Izquierda,Recta,Parcial con reducción de carriles,17,10,0,0,0.0,Choque,desobediencia a normas y senales,5005_1_27,17.0,0.0
Caldas,2020-05-08 18:20:00,26,80.0,2020-02-12 05:00:00,miercoles,45,Normal,Seca y limpia,Montañoso,Media ladera Izquierda,Curva Izquierda,Parcial con reducción de carriles,16,0,0,0,0.0,Choque,no mantener distancia de seguridad,5005_1_26,15.0,1.0
Caldas,2020-05-08 18:22:00,25,0.0,2020-02-13 05:00:00,jueves,40,Normal,Seca y limpia,Montañoso,Media ladera Izquierda,Recta,Parcial con reducción de carriles,7,10,0,0,0.0,Choque,desobediencia a normas y senales,5005_1_25,6.0,1.0
Caldas,2020-05-08 18:24:00,27,350.0,2020-02-13 05:00:00,jueves,50,Normal,Seca y limpia,Montañoso,Media ladera Izquierda,Curva Izquierda,Parcial con reducción de carriles,17,20,1,0,1.0,Choque,desobediencia a normas y senales,5005_2_27,16.0,1.0
Caldas,2020-05-08 18:26:00,27,360.0,2020-02-17 05:00:00,lunes,20,Normal,Seca y limpia,Montañoso,Media ladera Izquierda,Curva Izquierda,Parcial con reducción de carriles,7,26,2,0,2.0,Choque,maniobras imprudentes,5005_2_27,7.0,0.0
Caldas,2020-05-08 18:28:00,24,990.0,2020-02-24 05:00:00,lunes,0,Normal,Seca y limpia,Montañoso,Media ladera Izquierda,Recta,Parcial con reducción de carriles,7,15,0,0,0.0,Choque,desobediencia a normas y senales,5005_1_24,7.0,0.0
Caldas,2020-05-08 18:30:00,29,750.0,2020-02-24 05:00:00,lunes,0,Normal,Seca y limpia,Montañoso,Media ladera Izquierda,Recta,Parcial con reducción de carriles,16,10,1,0,1.0,Caída ocupante,conducta de pasajeros,5005_2_29,16.0,0.0
Caldas,2020-05-08 18:32:00,29,300.0,2020-02-29 05:00:00,sabado,0,Normal,Seca y limpia,Montañoso,Media ladera Izquierda,Recta,Parcial con reducción de carriles,16,30,0,0,0.0,Choque,otra - conductor en general,5005_2_29,16.0,0.0
Caldas,2020-05-08 18:37:00,11,930.0,2020-02-07 05:00:00,viernes,50,Lluvia,Humeda,Montañoso,Media ladera Izquierda,Curva Izquierda,Parcial con reducción de carriles,18,10,0,0,0.0,Choque,condiciones de la via y factores ambientales,5006_0_11,15.0,3.0
Caldas,2020-05-08 18:51:00,17,900.0,2020-02-20 05:00:00,jueves,5,Lluvia,Humeda,Montañoso,Media ladera Izquierda,Curva Izquierda,Parcial con reducción de carriles,15,25,0,0,0.0,Choque,condiciones de la via y factores ambientales,5006_0_17,15.0,0.0
Caldas,2020-05-08 18:52:00,19,800.0,2020-02-20 05:00:00,jueves,30,Lluvia,Humeda,Montañoso,Media ladera Izquierda,Recta,Parcial con reducción de carriles,8,40,0,0,0.0,Volcamiento,condiciones de la via y factores ambientales,5006_0_19,8.0,0.0
Caldas,2020-05-08 18:56:00,0,800.0,2020-02-22 05:00:00,sabado,0,Normal,Seca y limpia,Montañoso,Media ladera Izquierda,Recta,Parcial con reducción de carriles,14,15,0,0,0.0,Choque,no mantener distancia de seguridad,5006_0_0,14.0,0.0
Caldas,2020-05-08 18:58:00,16,100.0,2020-02-22 05:00:00,sabado,30,Lluvia,Humeda,Montañoso,Media ladera Izquierda,Curva Izquierda,Parcial con reducción de carriles,15,40,0,0,0.0,Choque,condiciones de la via y factores ambientales,5006_0_16,15.0,0.0
Caldas,2020-05-08 19:00:00,17,930.0,2020-02-22 05:00:00,sabado,20,Lluvia,Humeda,Montañoso,Media ladera Izquierda,Curva Derecha,Parcial con reducción de carriles,20,40,0,0,0.0,Choque,condiciones de la via y factores ambientales,5006_0_17,20.0,0.0
Caldas,2020-05-08 19:02:00,19,800.0,2020-02-23 05:00:00,domingo,30,Lluvia,Humeda,Montañoso,Media ladera Izquierda,Curva Izquierda,Parcial con reducción de carriles,15,40,0,0,0.0,Choque,no mantener distancia de seguridad,5006_0_19,15.0,0.0
Caldas,2020-05-08 19:06:00,42,300.0,2020-03-20 05:00:00,viernes,0,Normal,Seca y limpia,Montañoso,Media ladera Izquierda,Curva Derecha,Parcial con reducción de carriles,9,15,1,0,1.0,Choque,adelantamientos indebidos,2508_1_42,9.0,0.0
Caldas,2020-05-08 19:07:00,52,340.0,2020-03-27 05:00:00,viernes,10,Normal,Seca y limpia,Montañoso,Media ladera Izquierda,Curva Derecha,Parcial con reducción de carriles,18,0,1,0,1.0,Choque,desobediencia a normas y senales,2508_1_52,17.0,1.0
Caldas,2020-05-08 19:09:00,34,330.0,2020-03-14 05:00:00,sabado,30,Normal,Seca y limpia,Montañoso,Media ladera Izquierda,Recta,Parcial con reducción de carriles,8,40,0,0,0.0,Choque,otra - pasajero o acompanante,2902_1_34,8.0,0.0
Caldas,2020-05-08 19:11:00,16,100.0,2020-03-02 05:00:00,lunes,15,Lluvia,Humeda,Montañoso,Media ladera Izquierda,Curva Izquierda,Parcial con reducción de carriles,15,50,0,0,0.0,Choque,otra - conductor en general,5006_0_16,15.0,0.0