territorial,fecha_registro,pr,distancia_pr,fecha_acc,dia_semana_acc,min_acc,condic_meteor,estado_super,terreno,secc_tip,geometria_acc,tipo_cierre,horas_cierre,min_cierre,n_heridos,n_muertos,n_victimas,clase_accidente,causa_posible,ref_loc,hora_acc,duracion_cierre_horas
Caldas,2020-05-08 19:12:00,2,200.0,2020-03-12 05:00:00,jueves,55,Normal,Seca y limpia,Montañoso,Media ladera Izquierda,Recta,Parcial con reducción de carriles,18,10,0,0,0.0,Choque,fallas mecanicas y del sistema electrico,5006_0_2,17.0,1.0
Caldas,2020-05-08 19:14:00,15,100.0,2020-03-20 05:00:00,viernes,15,Lluvia,Humeda,Montañoso,Media ladera Izquierda,Curva Izquierda,Parcial con reducción de carriles,11,30,0,0,0.0,Choque,condiciones de la via y factores ambientales,5006_0_15,11.0,0.0
Risaralda,2020-05-08 19:37:00,2,280.0,2020-01-03 05:00:00,viernes,45,Normal,Seca y limpia,Plano,Terraplen,Recta,Transito normal con precaución,8,45,0,0,0.0,Choque,otra - conductor en general,2902_1_2,8.0,0.0
Planta Central,2020-05-08 19:44:00,113,850.0,2020-02-07 05:00:00,viernes,10,Normal,Seca y limpia,Montañoso,Media Ladera Derecha,Curva Derecha,Transito normal con precaución,0,10,0,0,0.0,Choque,fallas mecanicas y del sistema electrico,45A06_0_113,0.0,0.0
Risaralda,2020-05-08 19:46:00,2,842.0,2020-01-03 05:00:00,viernes,0,Normal,Seca y limpia,Plano,Terraplen,Recta,Transito normal con precaución,13,0,0,0,0.0,Choque,desobediencia a normas y senales,2902_2_2,13.0,0.0
Risaralda,2020-05-08 19:47:00,49,470.0,2019-12-03 05:00:00,martes,50,Normal,Humeda,Montañoso,Media ladera Izquierda,Curva Derecha,Transito normal con precaución,15,50,0,0,0.0,Choque,otra - conductor en general,5003_0_49,15.0,0.0
Planta Central,2020-05-08 19:51:00,111,700.0,2020-02-11 05:00:00,martes,0,Normal,Seca y limpia,Plano,Media Ladera Derecha,Recta,Transito normal con precaución,22,0,0,0,0.0,Choque,maniobras imprudentes,45A06_0_111,22.0,0.0
Risaralda,2020-05-08 19:51:00,1,580.0,2020-01-03 05:00:00,viernes,3,Normal,Seca y limpia,Plano,Terraplen,Recta,Transito normal con precaución,19,3,0,0,0.0,Choque,no mantener distancia de seguridad,2902_1_1,19.0,0.0
Risaralda,2020-05-08 19:53:00,48,420.0,2019-12-21 05:00:00,sabado,0,Normal,Seca y limpia,Montañoso,Media ladera Izquierda,Recta,Transito normal con precaución,20,0,0,0,0.0,Salida de la vía sin volcarse,fallas mecanicas y del sistema electrico,5003_0_48,20.0,0.0
Risaralda,2020-05-08 19:57:00,9,920.0,2020-01-04 05:00:00,sabado,20,Normal,Seca y limpia,Plano,Terraplen,Recta,Transito normal con precaución,14,20,0,0,0.0,Choque,no mantener distancia de seguridad,2507_1_9,14.0,0.0
Planta Central,2020-05-08 19:56:00,78,600.0,2020-02-16 05:00:00,domingo,25,Normal,Seca y limpia,Montañoso,Media ladera Izquierda,Curva Derecha,Transito normal con precaución,5,25,1,0,1.0,Choque,condiciones de la via y factores ambientales,45A06_0_78,5.0,0.0
Risaralda,2020-05-08 19:57:00,32,180.0,2019-12-22 05:00:00,domingo,0,Normal,Seca y limpia,Plano,Terraplen,Recta,Transito normal con precaución,22,0,2,0,2.0,Choque,impericia en el manejo,5003_0_32,22.0,0.0
Planta Central,2020-05-08 20:37:00,23,480.0,2020-02-21 05:00:00,viernes,0,Normal,Seca y limpia,Plano,Media ladera Izquierda,Recta,Transito normal con precaución,12,0,0,1,1.0,Atropello,conducta de peatones,45A06_0_23,12.0,0.0
Planta Central,2020-05-08 20:02:00,111,600.0,2020-02-18 05:00:00,martes,30,Sol,Seca y limpia,Plano,Media Ladera Derecha,Recta,Transito normal con precaución,9,30,0,0,0.0,Choque,no mantener distancia de seguridad,45A06_0_111,9.0,0.0
Risaralda,2020-05-08 20:04:00,3,800.0,2020-01-04 05:00:00,sabado,20,Normal,Seca y limpia,Plano,Terraplen,Curva Derecha,Transito normal con precaución,21,20,0,0,0.0,Choque,no mantener distancia de seguridad,29RSC_1_3,21.0,0.0
Risaralda,2020-05-08 20:05:00,33,400.0,2019-12-25 05:00:00,miercoles,15,Normal,Seca y limpia,Ondulado,Media Ladera Derecha,Curva Derecha,Transito normal con precaución,14,15,0,1,1.0,Caída ocupante,pasarjero embriagado,5003_0_33,14.0,0.0
Risaralda,2020-05-08 20:11:00,5,40.0,2020-01-05 05:00:00,domingo,52,Normal,Seca y limpia,Montañoso,Cajón,Recta,Transito normal con precaución,10,52,0,0,0.0,Choque,no mantener distancia de seguridad,29RSC_1_5,10.0,0.0
Planta Central,2020-05-08 20:22:00,121,200.0,2020-02-19 05:00:00,miercoles,30,Normal,Seca y limpia,Plano,Media Ladera Derecha,Recta,Transito normal con precaución,8,30,0,0,0.0,Choque,estacionamiento y senalizacion imprudente,45A06_0_121,8.0,0.0
Risaralda,2020-05-08 20:17:00,9,400.0,2020-01-05 05:00:00,domingo,40,Normal,Seca y limpia,Plano,Media ladera Izquierda,Recta,Transito normal con precaución,5,40,2,0,2.0,Choque,adelantamientos indebidos,29RSC_1_9,5.0,0.0
Risaralda,2020-05-08 20:28:00,0,500.0,2020-01-06 05:00:00,lunes,40,Normal,Seca y limpia,Plano,Terraplen,Recta,Transito normal con precaución,17,40,0,0,0.0,Choque,no mantener distancia de seguridad,2507_1_0,17.0,0.0
Planta Central,2020-05-08 20:33:00,103,500.0,2020-02-20 05:00:00,jueves,10,Normal,Seca y limpia,Ondulado,Terraplen,Recta,Transito normal con precaución,0,11,1,0,3.0,Atropello,desobediencia a normas y senales,45A06_0_103,0.0,0.0
Risaralda,2020-05-08 20:33:00,4,200.0,2020-01-06 05:00:00,lunes,30,Normal,Seca y limpia,Plano,Terraplen,Recta,Transito normal con precaución,20,30,0,0,0.0,Choque,no mantener distancia de seguridad,2507_1_4,20.0,0.0
Planta Central,2020-05-08 20:46:00,23,480.0,2020-02-21 05:00:00,viernes,0,Sol,Seca y limpia,Plano,Media ladera Izquierda,Recta,Transito normal con precaución,12,0,0,1,1.0,Atropello,conducta de peatones,45A06_0_23,12.0,0.0
Cesar,2020-05-09 21:48:00,47,942.0,2020-04-04 05:00:00,sabado,20,Normal,Seca y limpia,Plano,Terraplen,Recta,Transito normal con precaución,18,20,0,1,1.0,Choque,adelantamientos indebidos,4901_1_47,18.0,0.0
Cesar,2020-05-09 22:09:00,36,407.0,2020-04-07 05:00:00,martes,0,Normal,Seca y limpia,Plano,Terraplen,Recta,Transito normal con precaución,13,0,0,0,0.0,Choque,maniobras imprudentes,4901_1_36,13.0,0.0
Cesar,2020-05-09 22:18:00,3,940.0,2020-04-15 05:00:00,miercoles,0,Normal,Seca y limpia,Plano,Terraplen,Recta,Transito normal con precaución,0,0,0,0,0.0,Choque,condiciones de la via y factores ambientales,4901_1_3,0.0,0.0
Planta Central,2020-05-11 14:08:00,125,260.0,2020-02-28 05:00:00,viernes,0,Sol,Seca y limpia,Ondulado,Terraplen,Recta,Transito normal con precaución,12,0,1,0,1.0,Choque,desobediencia a normas y senales,45A06_0_125,12.0,0.0
Planta Central,2020-05-11 14:46:00,103,500.0,2020-03-04 05:00:00,miercoles,20,Normal,Seca y limpia,Ondulado,Terraplen,Recta,Transito normal con precaución,20,20,0,0,2.0,Choque,desobediencia a normas y senales,45A06_0_103,20.0,0.0
Planta Central,2020-05-11 17:55:00,16,900.0,2020-04-29 05:00:00,miercoles,0,Seca,Seca y limpia,Ondulado,Terraplen,Curva Izquierda,Parcial con paso alternado,9,0,0,0,0.0,Volcamiento,exceso de velocidad,4001_1_16,9.0,0.0
Putumayo,2020-05-11 19:38:00,15,510.0,2020-02-28 05:00:00,viernes,0,Normal,Seca y limpia,Plano,Terraplen,Recta,Parcial con reducción de carriles,20,0,0,0,2.0,Choque,fallas mecanicas y del sistema electrico,4501_1_15,20.0,0.0
Planta Central,2020-05-11 18:29:00,123,800.0,2020-03-10 05:00:00,martes,10,Sol,Seca y limpia,Plano,Media Ladera Derecha,Curva Derecha,Transito normal con precaución,13,10,1,0,1.0,Choque,impericia en el manejo,45A06_0_123,13.0,0.0
Planta Central,2020-05-11 18:34:00,57,850.0,2020-03-14 05:00:00,sabado,0,Sol,Seca y limpia,Plano,Media ladera Izquierda,Recta,Transito normal con precaución,6,0,1,0,1.0,Salida de la vía sin volcarse,maniobras imprudentes,45A06_0_57,6.0,0.0
Planta Central,2020-05-11 20:23:00,14,800.0,2019-09-26 05:00:00,jueves,20,Normal,Humeda,Plano,Terraplen,Recta,Transito normal con precaución,0,0,1,0,1.0,Choque,maniobras imprudentes,23VL01_1_14,5.0,19.0
Planta Central,2020-05-11 20:23:00,2,100.0,2019-09-28 05:00:00,sabado,33,Normal,Seca y limpia,Plano,Terraplen,Recta,Transito normal con precaución,0,0,0,0,1.0,Volcamiento,otra - conductor en general,23VL01_2_2,5.0,19.0
Planta Central,2020-05-11 20:23:00,10,450.0,2019-10-06 05:00:00,domingo,50,Normal,Seca y limpia,Plano,Terraplen,Recta,Transito normal con precaución,0,0,2,0,3.0,Choque,fallas mecanicas y del sistema electrico,2505B_1_10,23.0,1.0
Planta Central,2020-05-11 20:23:00,0,200.0,2019-10-22 05:00:00,martes,0,Lluvia,Humeda,Plano,Terraplen,Curva Derecha,Transito normal con precaución,0,0,0,0,3.0,Choque,condiciones de la via y factores ambientales,2505B_2_0,20.0,4.0
Planta Central,2020-05-11 20:23:00,0,200.0,2019-10-25 05:00:00,viernes,35,Lluvia,Humeda,Plano,Terraplen,Curva Izquierda,Transito normal con precaución,0,0,0,0,3.0,Choque,condiciones de la via y factores ambientales,2505B_2_0,5.0,19.0
Cauca,2020-05-12 14:57:00,15,724.0,2020-02-01 05:00:00,sabado,0,Normal,Seca y limpia,Ondulado,Media Ladera Derecha,Curva Izquierda,Transito normal con precaución,21,0,2,0,2.0,Choque,otra - conductor en general,2002_1_15,21.0,0.0
Cauca,2020-05-12 15:09:00,27,230.0,2020-02-03 05:00:00,lunes,30,Sol,Seca y limpia,Montañoso,Media Ladera Derecha,Recta,Transito normal con precaución,12,30,2,0,2.0,Choque,otra - conductor en general,2002_1_27,12.0,0.0
Cauca,2020-05-12 15:19:00,30,420.0,2020-02-07 05:00:00,viernes,0,Normal,Seca y limpia,Montañoso,Media Ladera Derecha,Curva Derecha,Transito normal con precaución,4,0,0,0,0.0,Salida de la vía sin volcarse,fallas mecanicas y del sistema electrico,2002_1_30,4.0,0.0
Cauca,2020-05-12 15:19:00,0,480.0,2020-02-08 05:00:00,sabado,15,Lluvia,Humeda,Ondulado,Cajón,Curva Izquierda,Transito normal con precaución,17,15,2,0,2.0,Choque,otra - conductor en general,2002_1_0,17.0,0.0
Planta Central,2020-05-12 16:29:00,3,950.0,2019-11-07 05:00:00,jueves,50,Normal,Seca y limpia,Plano,Terraplen,Recta,Transito normal con precaución,0,0,1,0,1.0,Choque,otra - conductor en general,2505B_2_3,13.0,11.0
Planta Central,2020-05-12 16:29:00,10,400.0,2019-11-08 05:00:00,viernes,50,Normal,Seca y limpia,Plano,Terraplen,Curva Izquierda,Transito normal con precaución,0,0,3,0,4.0,Choque,otra - conductor en general,23VL01_1_10,21.0,3.0
Planta Central,2020-05-12 16:29:00,0,619.0,2019-11-09 05:00:00,sabado,0,Normal,Seca y limpia,Plano,Terraplen,Recta,Transito normal con precaución,0,0,0,0,4.0,Choque,fallas mecanicas y del sistema electrico,23VL01_2_0,2.0,22.0
Planta Central,2020-05-12 16:29:00,11,130.0,2019-11-11 05:00:00,lunes,30,Normal,Seca y limpia,Plano,Terraplen,Curva Derecha,Transito normal con precaución,0,0,0,0,4.0,Choque,no mantener distancia de seguridad,2505B_1_11,18.0,6.0
Planta Central,2020-05-12 16:29:00,13,800.0,2019-11-20 05:00:00,miercoles,15,Normal,Seca y limpia,Plano,Terraplen,Curva Izquierda,Transito normal con precaución,0,0,2,0,6.0,Choque,adelantamientos indebidos,2505B_1_13,21.0,3.0
Risaralda,2020-05-12 20:08:00,1,0.0,2020-01-06 05:00:00,lunes,58,Normal,Seca y limpia,Plano,Terraplen,Recta,Transito normal con precaución,20,58,0,0,0.0,Choque,no mantener distancia de seguridad,2902_1_1,20.0,0.0
Risaralda,2020-05-12 20:19:00,4,500.0,2020-01-07 05:00:00,martes,10,Normal,Seca y limpia,Plano,Terraplen,Recta,Transito normal con precaución,13,10,0,0,0.0,Choque,desobediencia a normas y senales,2902_2_4,13.0,0.0
Risaralda,2020-05-12 20:38:00,21,550.0,2020-01-07 05:00:00,martes,14,Normal,Seca y limpia,Plano,Terraplen,Recta,Transito normal con precaución,20,14,0,1,1.0,Choque,otra - conductor en general,50RS01_1_21,20.0,0.0
Risaralda,2020-05-12 20:45:00,1,350.0,2020-01-07 05:00:00,martes,50,Normal,Seca y limpia,Plano,Terraplen,Recta,Transito normal con precaución,23,50,0,0,0.0,Choque,no mantener distancia de seguridad,2902_2_1,23.0,0.0
Cauca,2020-05-13 13:39:00,52,600.0,2020-01-16 05:00:00,jueves,45,Sol,Seca y limpia,Ondulado,Terraplen,Recta,Transito normal con precaución,6,45,1,0,1.0,Caída ocupante,otra - conductor en general,2001_1_52,6.0,0.0
Cauca,2020-05-13 14:06:00,32,100.0,2020-01-24 05:00:00,viernes,0,Sol,Seca y limpia,Montañoso,Media ladera Izquierda,Curva Derecha,Transito normal con precaución,16,0,0,0,0.0,Volcamiento,exceso en horas de conduccion,2002_1_32,16.0,0.0
Cauca,2020-05-13 15:29:00,30,350.0,2020-02-09 05:00:00,domingo,10,Normal,Seca y limpia,Ondulado,Media Ladera Derecha,Recta,Cierre total,7,10,4,1,5.0,Volcamiento,otra - conductor en general,2001_1_30,7.0,0.0
Cauca,2020-05-13 15:34:00,34,900.0,2020-01-25 05:00:00,sabado,0,Normal,Seca y limpia,Montañoso,Media Ladera Derecha,Curva Derecha,Parcial con paso alternado,3,0,0,0,0.0,Volcamiento,fallas mecanicas y del sistema electrico,2002_1_34,3.0,0.0
Planta Central,2020-05-13 16:31:00,1,250.0,2019-12-04 05:00:00,miercoles,30,Normal,Seca y limpia,Plano,Terraplen,Recta,Transito normal con precaución,0,2,2,0,2.0,Choque,maniobras imprudentes,23VL02_1_1,10.0,14.0
Planta Central,2020-05-13 16:31:00,11,650.0,2019-12-05 05:00:00,jueves,0,Normal,Seca y limpia,Plano,Terraplen,Recta,Transito normal con precaución,0,0,0,0,2.0,Choque,maniobras imprudentes,23VL02_1_11,21.0,3.0
Planta Central,2020-05-13 16:31:00,10,250.0,2019-12-05 05:00:00,jueves,25,Normal,Seca y limpia,Plano,Terraplen,Recta,Transito normal con precaución,0,0,1,0,3.0,Choque,otra - conductor en general,2505B_1_10,16.0,8.0
Planta Central,2020-05-13 16:31:00,0,250.0,2019-12-09 05:00:00,lunes,0,Lluvia,Humeda,Plano,Terraplen,Curva Derecha,Transito normal con precaución,0,0,0,0,3.0,Choque,condiciones de la via y factores ambientales,2505B_1_0,8.0,16.0
Planta Central,2020-05-13 16:31:00,11,970.0,2019-12-10 05:00:00,martes,15,Normal,Seca y limpia,Plano,Terraplen,Recta,Transito normal con precaución,0,0,0,0,3.0,Choque,otra - conductor en general,23VL02_1_11,22.0,2.0
Planta Central,2020-05-13 16:31:00,5,100.0,2019-12-11 05:00:00,miercoles,55,Normal,Seca y limpia,Plano,Terraplen,Recta,Transito normal con precaución,1,1,1,0,4.0,Choque,otra - conductor en general,23VL01_1_5,16.0,9.0
Risaralda,2020-05-13 19:54:00,8,300.0,2020-01-08 05:00:00,miercoles,30,Normal,Seca y limpia,Plano,Terraplen,Curva Derecha,Transito normal con precaución,15,30,0,0,0.0,Choque,no mantener distancia de seguridad,29RSC_1_8,15.0,0.0
Risaralda,2020-05-13 19:59:00,0,500.0,2020-01-08 05:00:00,miercoles,10,Normal,Seca y limpia,Plano,Terraplen,Recta,Transito normal con precaución,8,10,0,0,0.0,Choque,no mantener distancia de seguridad,29RSA_2_0,8.0,0.0
Planta Central,2020-05-13 16:31:00,14,800.0,2019-12-12 05:00:00,jueves,45,Normal,Seca y limpia,Plano,Terraplen,Curva Derecha,Transito normal con precaución,0,0,1,0,5.0,Choque,otra - conductor en general,23VL01_2_14,16.0,8.0
Risaralda,2020-05-13 20:05:00,5,400.0,2020-01-08 05:00:00,miercoles,0,Normal,Seca y limpia,Plano,Terraplen,Recta,Transito normal con precaución,21,0,1,0,1.0,Choque,otra - conductor en general,2902_1_5,21.0,0.0
Risaralda,2020-05-13 20:13:00,0,650.0,2020-01-09 05:00:00,jueves,0,Normal,Seca y limpia,Plano,Terraplen,Recta,Transito normal con precaución,16,0,0,0,0.0,Choque,no mantener distancia de seguridad,29RSA_2_0,16.0,0.0
Risaralda,2020-05-13 20:24:00,3,716.0,2020-01-12 05:00:00,domingo,0,Normal,Seca y limpia,Plano,Terraplen,Recta,Transito normal con precaución,19,0,1,0,1.0,Choque,desobediencia a normas y senales,2902_1_3,19.0,0.0
Planta Central,2020-05-13 16:31:00,13,900.0,2019-12-22 05:00:00,domingo,45,Normal,Seca y limpia,Plano,Terraplen,Recta,Transito normal con precaución,0,0,0,0,5.0,Choque,no mantener distancia de seguridad,23VL01_1_13,12.0,12.0
Risaralda,2020-05-13 20:29:00,2,950.0,2020-01-13 05:00:00,lunes,0,Normal,Seca y limpia,Plano,Terraplen,Recta,Transito normal con precaución,14,0,0,0,0.0,Choque,otra - conductor en general,2902_2_2,14.0,0.0
Planta Central,2020-05-13 16:31:00,13,800.0,2019-12-28 05:00:00,sabado,20,Normal,Seca y limpia,Plano,Terraplen,Curva Derecha,Transito normal con precaución,0,0,1,1,7.0,Choque,adelantamientos indebidos,2505B_1_13,0.0,0.0
Risaralda,2020-05-13 20:52:00,0,0.0,2020-01-15 05:00:00,miercoles,20,Normal,Seca y limpia,Plano,Terraplen,Recta,Transito normal con precaución,8,20,3,0,3.0,Choque,no mantener distancia de seguridad,2902_1_0,8.0,0.0
Planta Central,2020-05-13 16:31:00,13,800.0,2020-01-01 05:00:00,miercoles,50,Normal,Seca y limpia,Plano,Terraplen,Curva Derecha,Transito normal con precaución,0,0,0,1,8.0,Atropello,conducta de peatones,2505B_1_13,9.0,15.0
Risaralda,2020-05-13 21:01:00,0,0.0,2020-01-15 05:00:00,miercoles,35,Normal,Seca y limpia,Plano,Terraplen,Recta,Transito normal con precaución,16,35,2,0,2.0,Choque,estacionamiento y senalizacion imprudente,29RSA_1_0,16.0,0.0
Planta Central,2020-05-13 16:31:00,22,700.0,2020-01-04 05:00:00,sabado,30,Normal,Seca y limpia,Plano,Terraplen,Curva Izquierda,Transito normal con precaución,0,0,0,1,9.0,Volcamiento,otra - conductor en general,2505B_1_22,17.0,7.0
Risaralda,2020-05-13 21:09:00,2,758.0,2020-01-15 05:00:00,miercoles,40,Normal,Seca y limpia,Plano,Terraplen,Recta,Transito normal con precaución,12,40,2,0,2.0,Choque,otra - conductor en general,2902_2_2,12.0,0.0
Risaralda,2020-05-13 21:12:00,2,840.0,2020-01-17 05:00:00,viernes,40,Normal,Seca y limpia,Plano,Terraplen,Recta,Transito normal con precaución,18,40,0,0,0.0,Choque,desobediencia a normas y senales,2902_1_2,18.0,0.0
Risaralda,2020-05-13 21:25:00,56,900.0,2020-01-07 05:00:00,martes,0,Normal,Seca y limpia,Plano,Media Ladera Derecha,Recta,Transito normal con precaución,13,0,0,0,0.0,Choque,adelantamientos indebidos,5002_1_56,13.0,0.0
Risaralda,2020-05-13 21:29:00,2,700.0,2020-01-15 05:00:00,miercoles,33,Normal,Seca y limpia,Montañoso,Media Ladera Derecha,Recta,Transito normal con precaución,15,33,0,1,5.0,Volcamiento,otra - conductor en general,50RS01_1_2,15.0,0.0
Planta Central,2020-05-13 16:31:00,11,650.0,2020-01-06 05:00:00,lunes,50,Normal,Seca y limpia,Ondulado,Terraplen,Recta,Transito normal con precaución,0,0,0,0,9.0,Choque,desobediencia a normas y senales,23VL02_1_11,22.0,2.0
Risaralda,2020-05-13 21:33:00,52,380.0,2020-02-25 05:00:00,martes,30,Normal,Humeda,Escarpado,Media ladera Izquierda,Curva Derecha,Transito normal con precaución,7,30,0,0,0.0,Volcamiento,otra - conductor en general,5003_0_52,7.0,0.0
Risaralda,2020-05-13 21:38:00,4,269.0,2020-02-28 05:00:00,viernes,0,Normal,Seca y limpia,Montañoso,Media Ladera Derecha,Recta,Transito normal con precaución,13,0,0,0,0.0,Volcamiento,defectos fisicos y psiquicos,50RS01_1_4,13.0,0.0
Planta Central,2020-05-13 16:31:00,15,300.0,2020-01-08 05:00:00,miercoles,0,Normal,Seca y limpia,Plano,Terraplen,Curva Derecha,Transito normal con precaución,0,0,1,1,11.0,Choque,adelantamientos indebidos,2505B_1_15,10.0,14.0
Risaralda,2020-05-13 21:40:00,56,450.0,2020-02-29 05:00:00,sabado,20,Normal,Seca y limpia,Ondulado,Media Ladera Derecha,Curva Derecha,Transito normal con precaución,21,20,1,0,1.0,Choque,embriaguez o sustancias alucinogenas,5003_0_56,21.0,0.0
Planta Central,2020-05-13 16:31:00,14,100.0,2020-01-11 05:00:00,sabado,25,Normal,Seca y limpia,Plano,Terraplen,Recta,Transito normal con precaución,0,0,1,0,12.0,Choque,maniobras imprudentes,23VL01_2_14,16.0,8.0
Planta Central,2020-05-13 16:31:00,11,650.0,2020-01-21 05:00:00,martes,30,Normal,Seca y limpia,Ondulado,Terraplen,Recta,Transito normal con precaución,0,0,0,0,13.0,Choque,otra - conductor en general,23VL02_1_11,20.0,4.0
Planta Central,2020-05-13 16:31:00,0,950.0,2020-01-22 05:00:00,miercoles,30,Normal,Seca y limpia,Plano,Terraplen,Curva Izquierda,Transito normal con precaución,0,0,0,0,13.0,Choque,no mantener distancia de seguridad,23VL01_2_0,14.0,10.0
Planta Central,2020-05-13 16:31:00,4,200.0,2020-01-25 05:00:00,sabado,15,Normal,Seca y limpia,Plano,Terraplen,Curva Izquierda,Transito normal con precaución,0,0,0,0,13.0,Volcamiento,otra - conductor en general,23VL01_2_4,9.0,15.0
Planta Central,2020-05-13 16:31:00,14,100.0,2020-01-26 05:00:00,domingo,30,Normal,Seca y limpia,Plano,Terraplen,Recta,Transito normal con precaución,0,0,1,0,14.0,Choque,maniobras imprudentes,2505B_1_14,17.0,7.0
Planta Central,2020-05-13 16:31:00,0,0.0,2020-01-26 05:00:00,domingo,50,Normal,Seca y limpia,Plano,Terraplen,Recta,Transito normal con precaución,0,0,1,0,15.0,Choque,maniobras imprudentes,23VL02-2_0_0,18.0,6.0
Planta Central,2020-05-14 21:46:00,78,600.0,2020-02-16 05:00:00,domingo,25,Normal,Seca y limpia,Montañoso,Media Ladera Derecha,Curva Izquierda,Transito normal con precaución,5,25,1,0,1.0,Choque,condiciones de la via y factores ambientales,45A05_1_78,5.0,0.0
Risaralda,2020-05-14 22:58:00,10,500.0,2020-01-18 05:00:00,sabado,20,Normal,Seca y limpia,Plano,Terraplen,Recta,Transito normal con precaución,13,20,0,0,0.0,Choque,no mantener distancia de seguridad,2507_1_10,13.0,0.0
Planta Central,2020-05-16 14:37:00,17,100.0,2020-01-04 05:00:00,sabado,30,Normal,Seca y limpia,Montañoso,Media Ladera Derecha,Recta,Parcial con reducción de carriles,1,0,3,0,3.0,Choque,otra - conductor en general,4003_1_17,4.0,21.0
Boyacá,2020-05-15 13:21:00,38,0.0,2020-03-05 05:00:00,jueves,30,Sol,Seca y limpia,Ondulado,Terraplen,Recta,Transito normal con precaución,0,0,1,0,1.0,Choque,otra - conductor en general,6008_0_38,13.0,11.0
Boyacá,2020-05-15 13:32:00,42,547.0,2020-03-06 05:00:00,viernes,50,Normal,Seca y limpia,Ondulado,Terraplen,Recta,Parcial con paso alternado,1,10,0,1,1.0,Choque,desobediencia a normas y senales,6008_0_42,19.0,6.0
Boyacá,2020-05-15 14:11:00,42,548.0,2020-03-18 05:00:00,miercoles,30,Normal,Seca y limpia,Ondulado,Terraplen,Recta,Parcial con paso alternado,0,45,1,0,1.0,Choque,desobediencia a normas y senales,6008_0_42,18.0,6.0
Planta Central,2020-05-15 20:11:00,0,270.0,2020-02-02 05:00:00,domingo,20,Normal,Seca y limpia,Plano,Terraplen,Recta,Transito normal con precaución,0,0,1,1,2.0,Choque,embriaguez o sustancias alucinogenas,2505B_2_0,5.0,19.0
Cauca,2020-05-15 23:52:00,9,210.0,2020-01-03 05:00:00,viernes,42,Normal,Seca y limpia,Ondulado,Media Ladera Derecha,Curva Izquierda,Parcial con paso alternado,14,42,2,1,3.0,Choque,impericia en el manejo,1203_0_9,14.0,0.0
Planta Central,2020-05-15 20:11:00,5,739.9,2020-02-03 05:00:00,lunes,15,Normal,Seca y limpia,Ondulado,Terraplen,Curva Derecha,Transito normal con precaución,0,0,1,0,1.0,Choque,maniobras imprudentes,2505B_2_5,8.0,16.0
Planta Central,2020-05-15 20:11:00,1,870.0,2020-02-09 05:00:00,domingo,34,Normal,Seca y limpia,Plano,Terraplen,Recta,Transito normal con precaución,0,0,0,1,3.0,Choque,otra - conductor en general,23VL02_2_1,14.0,10.0
Planta Central,2020-05-15 20:46:00,1,100.0,2020-05-15 05:00:00,viernes,40,Normal,Seca y limpia,Plano,Terraplen,Curva Izquierda,Transito normal con precaución,0,0,1,1,2.0,Choque,otra - conductor en general,23VL01_2_1,15.0,9.0
Planta Central,2020-05-15 20:46:00,14,720.0,2020-05-22 05:00:00,viernes,10,Normal,Seca y limpia,Plano,Terraplen,Recta,Transito normal con precaución,0,0,4,0,4.0,Choque,maniobras imprudentes,2505B_1_14,18.0,6.0
Planta Central,2020-05-15 20:46:00,3,500.0,2020-02-22 05:00:00,sabado,11,Lluvia,Humeda,Plano,Terraplen,Recta,Transito normal con precaución,0,0,3,0,9.0,Volcamiento,condiciones de la via y factores ambientales,23VL02-2_0_3,8.0,16.0
Risaralda,2020-05-15 21:07:00,0,950.0,2020-01-18 05:00:00,sabado,20,Normal,Seca y limpia,Plano,Terraplen,Recta,Transito normal con precaución,17,20,0,0,0.0,Choque,adelantamientos indebidos,2507_1_0,17.0,0.0
Risaralda,2020-05-15 21:13:00,0,0.0,2020-01-19 05:00:00,domingo,14,Normal,Seca y limpia,Plano,Terraplen,Recta,Transito normal con precaución,19,14,1,0,1.0,Choque,no mantener distancia de seguridad,29RSA_2_0,19.0,0.0
Planta Central,2020-05-16 14:46:00,16,200.0,2020-01-04 05:00:00,sabado,15,Normal,Seca y limpia,Montañoso,Media Ladera Derecha,Curva Izquierda,Transito normal con precaución,0,0,0,0,0.0,Choque,otra - conductor en general,4003_1_16,6.0,18.0
Tolima,2020-05-16 15:08:00,22,840.0,2020-03-03 05:00:00,martes,40,Lluvia,Humeda,Montañoso,Media Ladera Derecha,Curva Izquierda,Transito normal con precaución,3,40,0,0,0.0,Choque,condiciones de la via y factores ambientales,5007_1_22,3.0,0.0
Tolima,2020-05-16 15:36:00,16,120.0,2020-03-08 05:00:00,domingo,0,Normal,Seca y limpia,Montañoso,Media Ladera Derecha,Curva Izquierda,Transito normal con precaución,0,0,2,0,2.0,Choque,otra - conductor en general,5007_1_16,0.0,0.0
Tolima,2020-05-16 15:40:00,6,40.0,2020-03-13 05:00:00,viernes,40,Lluvia,Humeda,Montañoso,Media Ladera Derecha,Curva Derecha,Transito normal con precaución,4,40,0,0,0.0,Choque,otra - conductor en general,5007_1_6,4.0,0.0