territorial,fecha_registro,pr,distancia_pr,fecha_acc,dia_semana_acc,min_acc,condic_meteor,estado_super,terreno,secc_tip,geometria_acc,tipo_cierre,horas_cierre,min_cierre,n_heridos,n_muertos,n_victimas,clase_accidente,causa_posible,ref_loc,hora_acc,duracion_cierre_horas
Santander,2020-05-16 15:33:00,28,814.0,2020-04-16 05:00:00,jueves,10,Normal,Seca y limpia,Montañoso,Media Ladera Derecha,Curva Izquierda,Parcial con paso alternado,19,10,0,1,1.0,Choque,embriaguez o sustancias alucinogenas,5504_1_28,19.0,0.0
Planta Central,2020-05-16 14:49:00,16,0.0,2020-01-04 05:00:00,sabado,15,Normal,Seca y limpia,Montañoso,Media Ladera Derecha,Curva Derecha,Parcial con reducción de carriles,0,40,0,0,0.0,Choque,otra - conductor en general,4003_1_16,20.0,4.0
Planta Central,2020-05-16 17:28:00,5,250.0,2020-01-09 05:00:00,jueves,10,Normal,Seca y limpia,Montañoso,Media ladera Izquierda,Curva Derecha,Transito normal con precaución,0,0,0,0,0.0,Choque,maniobras imprudentes,4003_1_5,16.0,8.0
Planta Central,2020-05-16 17:30:00,18,700.0,2020-01-09 05:00:00,jueves,30,Normal,Seca y limpia,Montañoso,Media Ladera Derecha,Recta,Transito normal con precaución,0,0,0,0,0.0,Choque,no mantener distancia de seguridad,4003_1_18,7.0,17.0
Planta Central,2020-05-16 17:33:00,5,650.0,2020-01-11 05:00:00,sabado,50,Normal,Seca y limpia,Montañoso,Media ladera Izquierda,Recta,Parcial con reducción de carriles,3,30,1,0,1.0,Volcamiento,otra - conductor en general,4003_1_5,7.0,20.0
Planta Central,2020-05-16 17:51:00,21,300.0,2020-01-11 05:00:00,sabado,10,Normal,Seca y limpia,Montañoso,Media Ladera Derecha,Recta,Transito normal con precaución,0,0,0,0,0.0,Choque,otra - conductor en general,4003_1_21,13.0,11.0
Planta Central,2020-05-16 17:57:00,16,800.0,2020-01-13 05:00:00,lunes,0,Normal,Seca y limpia,Montañoso,Media Ladera Derecha,Curva Derecha,Parcial con reducción de carriles,0,30,1,1,2.0,Volcamiento,conducta de peatones,4003_1_16,3.0,21.0
Planta Central,2020-05-16 18:03:00,16,800.0,2020-01-13 05:00:00,lunes,30,Normal,Seca y limpia,Montañoso,Media Ladera Derecha,Curva Derecha,Parcial con reducción de carriles,1,20,0,0,0.0,Choque,no mantener distancia de seguridad,4003_1_16,23.0,2.0
Planta Central,2020-05-16 18:08:00,19,900.0,2020-01-21 05:00:00,martes,50,Lluvia,Humeda,Montañoso,Media Ladera Derecha,Curva Izquierda,Cierre total,0,40,0,0,0.0,Choque,otra - conductor en general,4003_1_19,19.0,5.0
Planta Central,2020-05-16 18:33:00,16,100.0,2020-01-21 05:00:00,martes,20,Normal,Seca y limpia,Escarpado,Media ladera Izquierda,Curva Derecha,Parcial con reducción de carriles,1,30,0,0,0.0,Choque,otra - conductor en general,4003_1_16,21.0,4.0
Planta Central,2020-05-16 18:37:00,20,300.0,2020-01-22 05:00:00,miercoles,0,Normal,Seca y limpia,Montañoso,Media Ladera Derecha,Curva Derecha,Transito normal con precaución,0,0,0,0,0.0,Choque,no mantener distancia de seguridad,4003_1_20,1.0,23.0
Planta Central,2020-05-16 18:42:00,18,630.0,2020-01-22 05:00:00,miercoles,0,Seca,Seca y limpia,Montañoso,Media Ladera Derecha,Curva Derecha,Parcial con reducción de carriles,1,0,3,0,3.0,Choque,otra - conductor en general,4003_1_18,11.0,14.0
Planta Central,2020-05-16 18:57:00,19,90.0,2020-01-22 05:00:00,miercoles,35,Lluvia,Humeda,Montañoso,Media Ladera Derecha,Recta,Transito normal con precaución,0,0,1,0,1.0,Volcamiento,condiciones de la via y factores ambientales,4003_1_19,8.0,16.0
Planta Central,2020-05-16 19:02:00,18,0.0,2020-01-22 05:00:00,miercoles,15,Normal,Humeda,Montañoso,Media Ladera Derecha,Curva Derecha,Cierre total,2,0,0,0,0.0,Volcamiento,adelantamientos indebidos,4003_1_18,12.0,14.0
Planta Central,2020-05-16 19:11:00,8,300.0,2020-01-23 05:00:00,jueves,30,Seca,Seca y limpia,Montañoso,Media ladera Izquierda,Curva Izquierda,Parcial con reducción de carriles,1,0,0,0,0.0,Choque,otra - conductor en general,4003_1_8,6.0,19.0
Planta Central,2020-05-16 19:13:00,23,500.0,2020-01-30 05:00:00,jueves,10,Normal,Seca y limpia,Montañoso,Terraplen,Curva Derecha,Cierre total,0,30,0,0,0.0,Choque,otra - conductor en general,4003_1_23,15.0,9.0
Planta Central,2020-05-16 19:22:00,35,900.0,2020-01-30 05:00:00,jueves,20,Niebla,Seca y limpia,Montañoso,Media Ladera Derecha,Curva Izquierda,Cierre total,2,0,0,0,0.0,Choque,otra - conductor en general,4003_1_35,11.0,15.0
Planta Central,2020-05-16 19:25:00,4,710.0,2020-01-31 05:00:00,viernes,10,Normal,Seca y limpia,Montañoso,Terraplen,Recta,Parcial con reducción de carriles,0,10,0,0,2.0,Volcamiento,otra - conductor en general,4003_1_4,20.0,4.0
Planta Central,2020-05-16 20:21:00,12,600.0,2020-02-02 05:00:00,domingo,50,Normal,Seca y limpia,Montañoso,Media Ladera Derecha,Curva Izquierda,Transito normal con precaución,0,0,2,0,2.0,Choque,adelantamientos indebidos,4003_1_12,6.0,18.0
Planta Central,2020-05-16 20:27:00,25,100.0,2020-02-02 05:00:00,domingo,17,Lluvia,Humeda,Montañoso,Media Ladera Derecha,Curva Izquierda,Parcial con reducción de carriles,0,40,0,0,0.0,Choque,no mantener distancia de seguridad,4003_1_25,17.0,7.0
Santander,2020-05-16 20:41:00,12,867.0,2020-05-15 05:00:00,viernes,0,Lluvia,Humeda,Ondulado,Media Ladera Derecha,Curva Derecha,Transito normal con precaución,19,30,0,0,0.0,Salida de la vía sin volcarse,condiciones de la via y factores ambientales,55ST02_1_12,19.0,0.0
Planta Central,2020-05-16 21:20:00,20,0.0,2020-02-02 05:00:00,domingo,15,Normal,Seca y limpia,Montañoso,Media Ladera Derecha,Curva Derecha,Transito normal con precaución,0,0,0,0,0.0,Choque,adelantamientos indebidos,4003_1_20,11.0,13.0
Planta Central,2020-05-16 21:26:00,37,900.0,2020-02-09 05:00:00,domingo,20,Seca,Seca y limpia,Montañoso,Media Ladera Derecha,Curva Derecha,Cierre total,1,0,0,0,0.0,Volcamiento,otra - conductor en general,4003_1_37,5.0,20.0
Planta Central,2020-05-16 21:47:00,13,800.0,2020-02-12 05:00:00,miercoles,0,Normal,Seca y limpia,Montañoso,Media ladera Izquierda,Recta,Parcial con reducción de carriles,0,40,0,0,0.0,Choque,no mantener distancia de seguridad,4003_1_13,14.0,10.0
Planta Central,2020-05-16 21:52:00,41,570.0,2020-02-16 05:00:00,domingo,0,Normal,Seca y limpia,Montañoso,Media ladera Izquierda,Curva Izquierda,Cierre total,5,30,0,1,1.0,Volcamiento,otra - conductor en general,4003_1_41,8.0,21.0
Planta Central,2020-05-16 21:57:00,23,500.0,2020-02-21 05:00:00,viernes,30,Lluvia,Humeda,Montañoso,Terraplen,Curva Izquierda,Cierre total,1,0,0,0,0.0,Choque,otra - conductor en general,4003_1_23,23.0,2.0
Planta Central,2020-05-16 22:00:00,49,500.0,2020-02-21 05:00:00,viernes,20,Seca,Seca y limpia,Plano,Terraplen,Recta,Parcial con reducción de carriles,1,5,0,0,2.0,Choque,otra - conductor en general,4003_1_49,18.0,7.0
Planta Central,2020-05-16 22:04:00,8,400.0,2020-02-22 05:00:00,sabado,30,Normal,Seca y limpia,Montañoso,Media ladera Izquierda,Curva Izquierda,Transito normal con precaución,0,0,0,0,0.0,Choque,maniobras imprudentes,4003_1_8,22.0,2.0
Planta Central,2020-05-16 22:09:00,8,400.0,2020-02-27 05:00:00,jueves,45,Normal,Seca y limpia,Montañoso,Media ladera Izquierda,Curva Izquierda,Transito normal con precaución,0,0,0,0,0.0,Choque,no mantener distancia de seguridad,4003_1_8,17.0,7.0
Planta Central,2020-05-16 22:14:00,8,900.0,2020-02-29 05:00:00,sabado,20,Normal,Seca y limpia,Montañoso,Media ladera Izquierda,Recta,Transito normal con precaución,0,0,0,0,0.0,Choque,no mantener distancia de seguridad,4003_1_8,10.0,14.0
Boyacá,2020-05-18 13:08:00,43,940.0,2020-03-02 05:00:00,lunes,40,Lluvia,Humeda,Montañoso,Media Ladera Derecha,Curva Izquierda,Transito normal con precaución,16,40,0,0,0.0,Choque,condiciones de la via y factores ambientales,5503_1_43,16.0,0.0
Boyacá,2020-05-18 13:08:00,17,750.0,2020-03-05 05:00:00,jueves,6,Seca,Seca y limpia,Ondulado,Media ladera Izquierda,Curva Izquierda,Transito normal con precaución,6,10,2,0,2.0,Choque,impericia en el manejo,5503_1_17,6.0,0.0
Boyacá,2020-05-18 13:08:00,74,550.0,2020-03-08 05:00:00,domingo,5,Seca,Seca y limpia,Plano,Media Ladera Derecha,Curva Derecha,Transito normal con precaución,6,5,0,0,2.0,Choque,impericia en el manejo,5503_1_74,6.0,0.0
Boyacá,2020-05-18 13:08:00,103,685.65,2020-03-09 05:00:00,lunes,30,Lluvia,Humeda,Plano,Cajón,Recta,Transito normal con precaución,20,40,1,0,3.0,Atropello,conducta de peatones,5503_1_103,20.0,0.0
Boyacá,2020-05-18 13:08:00,85,850.0,2020-03-10 05:00:00,martes,0,Seca,Seca y limpia,Plano,Terraplen,Recta,Transito normal con precaución,7,0,0,0,3.0,Salida de la vía sin volcarse,exceso en horas de conduccion,5503_1_85,7.0,0.0
Boyacá,2020-05-18 13:08:00,28,550.0,2020-03-13 05:00:00,viernes,30,Normal,Seca y limpia,Plano,Terraplen,Recta,Transito normal con precaución,20,0,0,0,3.0,Choque,no mantener distancia de seguridad,5503_1_28,19.0,1.0
Boyacá,2020-05-18 13:08:00,31,850.0,2020-03-13 05:00:00,viernes,35,Lluvia,Humeda,Montañoso,Media ladera Izquierda,Curva Izquierda,Transito normal con precaución,2,50,1,0,4.0,Volcamiento,condiciones de la via y factores ambientales,5503_1_31,2.0,0.0
Boyacá,2020-05-18 13:08:00,15,620.0,2020-03-15 05:00:00,domingo,30,Normal,Seca y limpia,Plano,Media Ladera Derecha,Curva Izquierda,Transito normal con precaución,11,30,0,0,4.0,Salida de la vía sin volcarse,exceso en horas de conduccion,6211_1_15,11.0,0.0
Boyacá,2020-05-18 13:08:00,12,90.0,2020-03-16 05:00:00,lunes,30,Normal,Seca y limpia,Escarpado,Media Ladera Derecha,Curva Izquierda,Transito normal con precaución,11,30,0,0,4.0,Salida de la vía sin volcarse,impericia en el manejo,6211_1_12,11.0,0.0
Boyacá,2020-05-18 13:08:00,70,80.0,2020-03-19 05:00:00,jueves,0,Normal,Seca y limpia,Plano,Media Ladera Derecha,Curva Izquierda,Transito normal con precaución,4,0,1,0,5.0,Choque,exceso en horas de conduccion,5503_1_70,4.0,0.0
Boyacá,2020-05-18 13:08:00,6,660.0,2020-03-24 05:00:00,martes,45,Normal,Seca y limpia,Montañoso,Media Ladera Derecha,Curva Derecha,Transito normal con precaución,14,45,1,0,6.0,Volcamiento,impericia en el manejo,6211_1_6,14.0,0.0
Boyacá,2020-05-18 13:08:00,37,900.0,2020-03-25 05:00:00,miercoles,30,Lluvia,Humeda,Ondulado,Media Ladera Derecha,Curva Derecha,Transito normal con precaución,17,10,0,0,6.0,Choque,impericia en el manejo,5503_1_37,16.0,1.0
Boyacá,2020-05-18 15:14:00,9,890.0,2020-05-15 05:00:00,viernes,10,Normal,Seca y limpia,Montañoso,Media Ladera Derecha,Recta,Transito normal con precaución,2,55,0,0,0.0,Choque,exceso en horas de conduccion,6211_1_9,2.0,0.0
Quindío,2020-05-18 13:37:00,48,500.0,2020-03-05 05:00:00,jueves,30,Normal,Seca y limpia,Plano,Terraplen,Recta,Transito normal con precaución,0,30,1,0,1.0,Volcamiento,impericia en el manejo,4002_1_48,19.0,5.0
Córdoba,2020-05-18 19:16:00,44,360.0,2020-04-24 05:00:00,viernes,0,Normal,Seca y limpia,Plano,Terraplen,Recta,Transito normal con precaución,1,0,0,0,2.0,Choque,adelantamientos indebidos,7403_1_44,10.0,15.0
Quindío,2020-05-18 19:39:00,46,300.0,2020-03-05 05:00:00,jueves,20,Normal,Seca y limpia,Plano,Terraplen,Recta,Transito normal con precaución,0,10,1,0,1.0,Choque,no mantener distancia de seguridad,4002_1_46,16.0,8.0
Quindío,2020-05-18 19:45:00,4,0.0,2020-03-10 05:00:00,martes,30,Normal,Seca y limpia,Ondulado,Media ladera Izquierda,Curva Izquierda,Transito normal con precaución,0,10,2,0,2.0,Choque,adelantamientos indebidos,2901B_1_4,15.0,9.0
Quindío,2020-05-18 20:23:00,45,200.0,2020-03-18 05:00:00,miercoles,46,Normal,Seca y limpia,Plano,Terraplen,Recta,Transito normal con precaución,0,10,1,0,1.0,Choque,no mantener distancia de seguridad,4002_1_45,21.0,3.0
Quindío,2020-05-18 20:27:00,45,200.0,2020-02-12 05:00:00,miercoles,5,Normal,Seca y limpia,Plano,Terraplen,Recta,Transito normal con precaución,0,10,0,0,0.0,Choque,no mantener distancia de seguridad,4002_1_45,18.0,6.0
Planta Central,2020-05-18 20:22:00,32,300.0,2019-09-21 05:00:00,sabado,40,Normal,Seca y limpia,Plano,Terraplen,Recta,Transito normal con precaución,13,45,1,1,2.0,Choque,otra - conductor en general,2302_1_32,12.0,1.0
Quindío,2020-05-18 20:48:00,44,150.0,2020-03-05 05:00:00,jueves,30,Normal,Seca y limpia,Plano,Terraplen,Recta,Transito normal con precaución,0,20,1,0,1.0,Choque,otra - conductor en general,4002_1_44,12.0,12.0
Quindío,2020-05-18 21:39:00,3,420.0,2020-01-06 05:00:00,lunes,45,Normal,Seca y limpia,Montañoso,Media ladera Izquierda,Curva Izquierda,Transito normal con precaución,0,30,0,0,0.0,Choque,no mantener distancia de seguridad,2901B_1_3,17.0,7.0
Quindío,2020-05-18 21:47:00,2,50.0,2020-01-08 05:00:00,miercoles,45,Normal,Seca y limpia,Plano,Terraplen,Curva Izquierda,Transito normal con precaución,0,35,1,0,1.0,Choque,maniobras imprudentes,2901B_1_2,17.0,7.0
Quindío,2020-05-18 22:00:00,19,900.0,2020-01-20 05:00:00,lunes,0,Normal,Seca y limpia,Montañoso,Cajón,Curva Izquierda,Transito normal con precaución,0,35,0,0,1.0,Choque,adelantamientos indebidos,2901B_1_19,6.0,18.0
Quindío,2020-05-18 22:15:00,11,500.0,2020-02-05 05:00:00,miercoles,0,Normal,Seca y limpia,Montañoso,Media ladera Izquierda,Recta,Transito normal con precaución,0,30,0,0,0.0,Choque,no mantener distancia de seguridad,2901B_1_11,11.0,13.0
Planta Central,2020-05-19 20:24:00,19,500.0,2020-03-11 05:00:00,miercoles,30,Lluvia,Humeda,Montañoso,Media Ladera Derecha,Curva Derecha,Transito normal con precaución,0,0,0,0,0.0,Choque,otra - conductor en general,4003_1_19,13.0,11.0
Quindío,2020-05-18 22:29:00,41,800.0,2020-01-07 05:00:00,martes,30,Normal,Seca y limpia,Plano,Terraplen,Curva Derecha,Transito normal con precaución,0,10,0,0,0.0,Choque,maniobras imprudentes,4002_1_41,15.0,9.0
Quindío,2020-05-18 22:48:00,5,600.0,2020-01-06 05:00:00,lunes,0,Normal,Seca y limpia,Montañoso,Cajón,Recta,Transito normal con precaución,0,30,1,0,1.0,Choque,embriaguez o sustancias alucinogenas,2901B_1_5,8.0,16.0
Santander,2020-05-19 15:38:00,57,36.0,2020-05-19 05:00:00,martes,0,Normal,Seca y limpia,Plano,Media ladera Izquierda,Recta,Transito normal con precaución,1,0,0,0,0.0,Salida de la vía sin volcarse,embriaguez o sustancias alucinogenas,5504_1_57,1.0,0.0
Quindío,2020-05-19 16:01:00,42,400.0,2020-01-01 05:00:00,miercoles,30,Lluvia,Humeda,Plano,Terraplen,Recta,Transito normal con precaución,0,20,0,0,0.0,Choque,condiciones de la via y factores ambientales,4002_1_42,21.0,3.0
Planta Central,2020-05-19 16:00:00,15,860.0,2020-03-05 05:00:00,jueves,0,Seca,Seca y limpia,Montañoso,Terraplen,Recta,Transito normal con precaución,0,0,2,0,2.0,Choque,otra - conductor en general,4003_1_15,17.0,7.0
Quindío,2020-05-19 16:05:00,47,220.0,2020-02-01 05:00:00,sabado,10,Normal,Seca y limpia,Plano,Terraplen,Recta,Transito normal con precaución,0,20,0,0,0.0,Choque,no mantener distancia de seguridad,4002_1_47,14.0,10.0
Quindío,2020-05-19 16:56:00,46,800.0,2020-02-03 05:00:00,lunes,26,Normal,Seca y limpia,Plano,Terraplen,Recta,Transito normal con precaución,0,20,0,0,0.0,Choque,estacionamiento y senalizacion imprudente,4002_1_46,13.0,11.0
Quindío,2020-05-19 17:02:00,46,800.0,2020-02-10 05:00:00,lunes,0,Normal,Seca y limpia,Plano,Terraplen,Recta,Transito normal con precaución,0,15,0,0,0.0,Choque,no mantener distancia de seguridad,4002_1_46,16.0,8.0
Cauca,2020-05-19 17:43:00,118,900.0,2020-03-01 05:00:00,domingo,0,Normal,Seca y limpia,Ondulado,Terraplen,Recta,Transito normal con precaución,0,0,2,0,2.0,Choque,maniobras imprudentes,2501A_0_118,17.0,7.0
Cauca,2020-05-19 17:50:00,132,768.0,2020-03-04 05:00:00,miercoles,40,Normal,Seca y limpia,Montañoso,Cajón,Curva Izquierda,Transito normal con precaución,0,0,0,0,0.0,Choque,adelantamientos indebidos,2501A_0_132,12.0,12.0
Planta Central,2020-05-19 18:42:00,17,800.0,2020-03-06 05:00:00,viernes,22,Normal,Seca y limpia,Montañoso,Media ladera Izquierda,Curva Izquierda,Cierre total,1,0,0,0,0.0,Choque,otra - conductor en general,4003_1_17,15.0,10.0
Planta Central,2020-05-19 18:57:00,5,900.0,2020-03-09 05:00:00,lunes,35,Normal,Seca y limpia,Escarpado,Terraplen,Curva Izquierda,Cierre total,3,0,0,0,1.0,Choque,otra - conductor en general,4003_1_5,14.0,13.0
Planta Central,2020-05-19 19:10:00,14,400.0,2020-03-09 05:00:00,lunes,0,Lluvia,Humeda,Montañoso,Media ladera Izquierda,Curva Derecha,Cierre total,1,0,0,0,0.0,Choque,otra - conductor en general,4003_1_14,17.0,8.0
Planta Central,2020-05-19 19:19:00,14,900.0,2020-03-10 05:00:00,martes,0,Normal,Seca y limpia,Montañoso,Terraplen,Curva Izquierda,Parcial con reducción de carriles,0,30,0,0,0.0,Choque,no mantener distancia de seguridad,4003_1_14,17.0,7.0
Planta Central,2020-05-19 20:33:00,8,850.0,2020-03-13 05:00:00,viernes,0,Lluvia,Humeda,Montañoso,Media ladera Izquierda,Curva Derecha,Parcial con reducción de carriles,1,30,0,0,0.0,Choque,adelantamientos indebidos,4003_1_8,7.0,18.0
Planta Central,2020-05-19 20:42:00,9,800.0,2020-03-13 05:00:00,viernes,20,Lluvia,Humeda,Montañoso,Media ladera Izquierda,Curva Izquierda,Cierre total,1,50,0,0,0.0,Choque,otra - conductor en general,4003_1_9,10.0,15.0
Planta Central,2020-05-19 20:50:00,17,470.0,2020-03-13 05:00:00,viernes,15,Lluvia,Humeda,Montañoso,Media Ladera Derecha,Curva Izquierda,Transito normal con precaución,0,0,0,0,0.0,Choque,no mantener distancia de seguridad,4003_1_17,10.0,14.0
Risaralda,2020-05-19 21:31:00,1,63.0,2020-01-20 05:00:00,lunes,0,Normal,Seca y limpia,Plano,Terraplen,Recta,Transito normal con precaución,12,0,0,0,0.0,Choque,otra - conductor en general,2902_1_1,12.0,0.0
Planta Central,2020-05-19 20:54:00,18,630.0,2020-03-15 05:00:00,domingo,0,Normal,Seca y limpia,Montañoso,Media Ladera Derecha,Curva Derecha,Parcial con reducción de carriles,7,0,0,0,0.0,Volcamiento,otra - conductor en general,4003_1_18,21.0,10.0
Planta Central,2020-05-19 21:00:00,8,300.0,2020-03-18 05:00:00,miercoles,20,Normal,Seca y limpia,Montañoso,Media ladera Izquierda,Recta,Cierre total,1,0,0,0,0.0,Choque,otra - conductor en general,4003_1_8,13.0,12.0
Planta Central,2020-05-19 21:13:00,18,660.0,2020-03-19 05:00:00,jueves,30,Seca,Seca y limpia,Montañoso,Media Ladera Derecha,Curva Derecha,Parcial con reducción de carriles,0,40,1,0,3.0,Choque,otra - conductor en general,4003_1_18,23.0,1.0
Planta Central,2020-05-19 21:16:00,29,90.0,2020-03-19 05:00:00,jueves,0,Seca,Seca y limpia,Montañoso,Media ladera Izquierda,Curva Derecha,Transito normal con precaución,0,0,1,0,1.0,Volcamiento,otra - conductor en general,4003_1_29,12.0,12.0
Planta Central,2020-05-19 21:26:00,9,100.0,2020-03-23 05:00:00,lunes,30,Normal,Seca y limpia,Montañoso,Media ladera Izquierda,Curva Derecha,Transito normal con precaución,0,0,0,0,0.0,Choque,otra - conductor en general,4003_1_9,12.0,12.0
Risaralda,2020-05-19 21:26:00,3,800.0,2020-01-20 05:00:00,lunes,10,Normal,Seca y limpia,Plano,Terraplen,Recta,Transito normal con precaución,19,10,0,0,0.0,Choque,no mantener distancia de seguridad,2902_1_3,19.0,0.0
Caquetá,2020-05-19 21:34:00,57,0.0,2020-05-14 05:00:00,jueves,10,Sol,Seca y limpia,Ondulado,Terraplen,Recta,Transito normal con precaución,12,10,2,0,4.0,Choque,maniobras imprudentes,6502_1_57,12.0,0.0
Quindío,2020-05-19 21:44:00,2,60.0,2020-04-29 05:00:00,miercoles,20,Normal,Seca y limpia,Plano,Terraplen,Curva Derecha,Transito normal con precaución,0,0,1,0,1.0,Atropello,impericia en el manejo,2901B_1_2,7.0,17.0
Quindío,2020-05-19 21:55:00,43,330.0,2020-04-28 05:00:00,martes,30,Normal,Seca y limpia,Plano,Terraplen,Recta,Parcial con reducción de carriles,0,45,0,1,1.0,Choque,exceso de velocidad,4002_1_43,5.0,19.0
Planta Central,2020-05-19 21:56:00,19,230.0,2020-02-21 05:00:00,viernes,30,Normal,Seca y limpia,Plano,Terraplen,Recta,Transito normal con precaución,14,30,1,0,1.0,Volcamiento,exceso de velocidad,45A05_1_19,14.0,0.0
Planta Central,2020-05-19 22:00:00,10,100.0,2020-02-24 05:00:00,lunes,15,Normal,Seca y limpia,Ondulado,Media ladera Izquierda,Curva Izquierda,Transito normal con precaución,15,15,0,0,0.0,Choque,exceso de velocidad,45A05_1_10,15.0,0.0
Planta Central,2020-05-19 22:04:00,10,200.0,2020-02-25 05:00:00,martes,20,Normal,Seca y limpia,Ondulado,Media ladera Izquierda,Curva Izquierda,Transito normal con precaución,15,20,0,0,0.0,Caída de carga,exceso de velocidad,45A05_1_10,15.0,0.0
Risaralda,2020-05-19 21:50:00,3,344.0,2020-01-21 05:00:00,martes,10,Lluvia,Humeda,Plano,Terraplen,Recta,Transito normal con precaución,20,10,3,0,3.0,Atropello,conducta de peatones,2902_2_3,20.0,0.0
Planta Central,2020-05-19 22:31:00,23,300.0,2020-04-16 05:00:00,jueves,20,Lluvia,Humeda,Montañoso,Terraplen,Curva Derecha,Cierre total,1,0,0,0,0.0,Choque,condiciones de la via y factores ambientales,4003_1_23,16.0,9.0
Planta Central,2020-05-19 22:36:00,12,280.0,2020-04-18 05:00:00,sabado,50,Seca,Seca y limpia,Montañoso,Media ladera Izquierda,Curva Derecha,Parcial con reducción de carriles,0,40,1,0,1.0,Choque,otra - conductor en general,4003_1_12,7.0,17.0
Planta Central,2020-05-19 22:32:00,52,1300.0,2020-03-09 05:00:00,lunes,15,Normal,Seca y limpia,Ondulado,Terraplen,Recta,Transito normal con precaución,12,15,0,0,0.0,Choque,maniobras imprudentes,45A05_1_52,12.0,0.0
Risaralda,2020-05-19 22:42:00,1,700.0,2020-01-21 05:00:00,martes,0,Lluvia,Humeda,Plano,Terraplen,Recta,Transito normal con precaución,17,0,4,0,4.0,Choque,condiciones de la via y factores ambientales,2902_1_1,17.0,0.0
Planta Central,2020-05-19 22:46:00,8,290.0,2020-04-18 05:00:00,sabado,0,Lluvia,Humeda,Montañoso,Media ladera Izquierda,Curva Izquierda,Transito normal con precaución,0,0,0,0,0.0,Choque,otra - conductor en general,4003_1_8,6.0,18.0
Planta Central,2020-05-19 22:53:00,23,300.0,2020-04-21 05:00:00,martes,15,Normal,Seca y limpia,Montañoso,Terraplen,Curva Derecha,Cierre total,0,30,0,0,0.0,Choque,otra - conductor en general,4003_1_23,6.0,18.0
Planta Central,2020-05-19 22:43:00,66,843.0,2020-03-10 05:00:00,martes,0,Normal,Seca y limpia,Ondulado,Cajón,Recta,Transito normal con precaución,4,0,0,0,0.0,Volcamiento,otra - conductor en general,45A05_1_66,4.0,0.0
Risaralda,2020-05-19 22:53:00,4,210.0,2020-01-21 05:00:00,martes,55,Normal,Seca y limpia,Plano,Terraplen,Recta,Transito normal con precaución,15,55,1,1,2.0,Atropello,conducta de peatones,2902_2_4,15.0,0.0
Planta Central,2020-05-19 22:57:00,18,700.0,2020-04-25 05:00:00,sabado,15,Lluvia,Humeda,Montañoso,Media Ladera Derecha,Curva Izquierda,Cierre total,0,30,0,0,0.0,Choque,otra - conductor en general,4003_1_18,13.0,11.0
Planta Central,2020-05-19 22:56:00,75,230.0,2020-03-18 05:00:00,miercoles,30,Sol,Seca y limpia,Montañoso,Media ladera Izquierda,Recta,Transito normal con precaución,9,30,0,0,0.0,Volcamiento,fallas mecanicas y del sistema electrico,45A05_1_75,9.0,0.0
Risaralda,2020-05-19 23:05:00,11,0.0,2020-01-21 05:00:00,martes,30,Normal,Humeda,Plano,Terraplen,Recta,Transito normal con precaución,19,30,0,0,0.0,Choque,no mantener distancia de seguridad,29RSC_1_11,19.0,0.0
Planta Central,2020-05-19 23:02:00,13,150.0,2020-04-29 05:00:00,miercoles,0,Normal,Seca y limpia,Montañoso,Media ladera Izquierda,Curva Izquierda,Cierre total,1,30,0,1,1.0,Choque,otra - conductor en general,4003_1_13,22.0,3.0
Planta Central,2020-05-19 23:31:00,13,640.0,2020-04-10 05:00:00,viernes,0,Normal,Seca y limpia,Montañoso,Media ladera Izquierda,Curva Izquierda,Transito normal con precaución,0,0,0,0,0.0,Choque,otra - conductor en general,4003_1_13,8.0,16.0
Risaralda,2020-05-20 14:58:00,12,950.0,2020-01-24 05:00:00,viernes,50,Lluvia,Humeda,Plano,Terraplen,Recta,Transito normal con precaución,22,50,0,1,1.0,Choque,otra - conductor en general,29RSC_1_12,22.0,0.0
Planta Central,2020-05-20 19:56:00,73,300.0,2020-03-03 05:00:00,martes,40,Normal,Seca y limpia,Plano,Terraplen,Recta,Transito normal con precaución,0,15,2,0,2.0,Choque,no mantener distancia de seguridad,4513_1_73,10.0,14.0
Quindío,2020-05-20 15:00:00,7,950.0,2020-04-28 05:00:00,martes,40,Normal,Seca y limpia,Montañoso,Media Ladera Derecha,Curva Derecha,Parcial con reducción de carriles,0,20,1,0,1.0,Choque,adelantamientos indebidos,2901B_1_7,5.0,19.0
Risaralda,2020-05-20 15:05:00,1,500.0,2020-01-25 05:00:00,sabado,40,Normal,Seca y limpia,Plano,Terraplen,Recta,Transito normal con precaución,19,40,0,0,0.0,Choque,no mantener distancia de seguridad,2902_1_1,19.0,0.0
Quindío,2020-05-20 15:09:00,4,980.0,2020-04-21 05:00:00,martes,40,Normal,Seca y limpia,Montañoso,Cajón,Recta,Parcial con reducción de carriles,0,20,0,0,0.0,Choque,no mantener distancia de seguridad,2901B_1_4,12.0,12.0