territorial,fecha_registro,pr,distancia_pr,fecha_acc,dia_semana_acc,min_acc,condic_meteor,estado_super,terreno,secc_tip,geometria_acc,tipo_cierre,horas_cierre,min_cierre,n_heridos,n_muertos,n_victimas,clase_accidente,causa_posible,ref_loc,hora_acc,duracion_cierre_horas
Risaralda,2020-05-20 16:53:00,1,850.0,2020-01-25 05:00:00,sabado,15,Normal,Seca y limpia,Plano,Terraplen,Recta,Transito normal con precaución,20,15,0,0,0.0,Choque,no mantener distancia de seguridad,2902_1_1,20.0,0.0
Risaralda,2020-05-20 17:00:00,0,400.0,2020-01-27 05:00:00,lunes,10,Normal,Seca y limpia,Plano,Terraplen,Curva Derecha,Transito normal con precaución,12,10,0,0,0.0,Choque,no mantener distancia de seguridad,2507_1_0,12.0,0.0
Risaralda,2020-05-20 17:04:00,8,850.0,2020-01-28 05:00:00,martes,0,Normal,Seca y limpia,Plano,Terraplen,Recta,Transito normal con precaución,10,0,0,0,0.0,Choque,impericia en el manejo,29RSC_1_8,10.0,0.0
Planta Central,2020-05-20 17:14:00,104,850.0,2020-03-15 05:00:00,domingo,20,Normal,Seca y limpia,Ondulado,Cajón,Recta,Transito normal con precaución,0,0,0,0,0.0,Choque,maniobras imprudentes,4511_1_104,6.0,18.0
Risaralda,2020-05-20 17:16:00,34,242.0,2020-03-01 05:00:00,domingo,0,Normal,Aceite,Plano,Media ladera Izquierda,Curva Izquierda,Transito normal con precaución,22,0,0,0,1.0,Caída ocupante,exceso de velocidad,5003_0_34,22.0,0.0
Planta Central,2020-05-20 17:34:00,31,860.0,2020-03-16 05:00:00,lunes,0,Normal,Seca y limpia,Plano,Terraplen,Recta,Transito normal con precaución,0,0,0,0,0.0,Volcamiento,exceso en horas de conduccion,4513_1_31,11.0,13.0
Planta Central,2020-05-20 17:13:00,16,500.0,2020-04-28 05:00:00,martes,0,Normal,Seca y limpia,Plano,Terraplen,Recta,Transito normal con precaución,0,0,5,2,29.0,Choque,fallas mecanicas y del sistema electrico,2505B_1_16,6.0,18.0
Planta Central,2020-05-20 17:11:00,104,400.0,2020-03-12 05:00:00,jueves,20,Normal,Seca y limpia,Plano,Terraplen,Recta,Transito normal con precaución,0,10,1,0,1.0,Salida de la vía sin volcarse,exceso en horas de conduccion,4511_1_104,9.0,15.0
Risaralda,2020-05-20 17:08:00,0,768.0,2020-01-29 05:00:00,miercoles,36,Normal,Seca y limpia,Plano,Media ladera Izquierda,Curva Izquierda,Transito normal con precaución,13,36,0,0,0.0,Choque,no mantener distancia de seguridad,29RSA_2_0,13.0,0.0
Risaralda,2020-05-20 17:20:00,38,100.0,2020-03-07 05:00:00,sabado,30,Normal,Seca y limpia,Ondulado,Media ladera Izquierda,Curva Derecha,Transito normal con precaución,16,30,0,0,1.0,Choque,otra - conductor en general,5003_0_38,16.0,0.0
Planta Central,2020-05-20 17:20:00,135,0.0,2020-03-31 05:00:00,martes,15,Normal,Seca y limpia,Plano,Terraplen,Recta,Transito normal con precaución,0,28,1,1,2.0,Choque,desobediencia a normas y senales,4511_1_135,20.0,4.0
Planta Central,2020-05-20 17:23:00,4,950.0,2020-03-17 05:00:00,martes,35,Normal,Seca y limpia,Plano,Terraplen,Recta,Transito normal con precaución,0,0,0,0,0.0,Incendio,otra - conductor en general,4513_1_4,12.0,12.0
Planta Central,2020-05-20 17:13:00,7,150.0,2020-02-27 05:00:00,jueves,30,Normal,Seca y limpia,Plano,Terraplen,Recta,Transito normal con precaución,0,0,1,0,1.0,Choque,no mantener distancia de seguridad,2505B_1_7,15.0,9.0
Planta Central,2020-05-20 17:26:00,16,450.0,2020-03-20 05:00:00,viernes,50,Normal,Seca y limpia,Plano,Terraplen,Recta,Transito normal con precaución,0,0,0,0,0.0,Choque,no mantener distancia de seguridad,4513_1_16,10.0,14.0
Planta Central,2020-05-20 17:29:00,30,679.0,2020-03-01 05:00:00,domingo,30,Normal,Seca y limpia,Plano,Terraplen,Recta,Transito normal con precaución,0,5,0,1,1.0,Choque,estacionamiento y senalizacion imprudente,4513_1_30,19.0,5.0
Planta Central,2020-05-20 17:13:00,1,100.0,2020-02-29 05:00:00,sabado,15,Normal,Seca y limpia,Plano,Terraplen,Recta,Transito normal con precaución,0,0,14,2,17.0,Choque,otra - conductor en general,23VL01_2_1,11.0,13.0
Risaralda,2020-05-20 17:31:00,8,850.0,2020-01-29 05:00:00,miercoles,0,Normal,Seca y limpia,Plano,Terraplen,Recta,Transito normal con precaución,7,0,0,0,0.0,Choque,desobediencia a normas y senales,29RSC_1_8,7.0,0.0
Risaralda,2020-05-20 17:35:00,7,0.0,2020-01-30 05:00:00,jueves,20,Normal,Seca y limpia,Plano,Terraplen,Curva Derecha,Transito normal con precaución,16,20,0,0,0.0,Choque,no mantener distancia de seguridad,29RSC_1_7,16.0,0.0
Planta Central,2020-05-20 17:40:00,36,300.0,2020-03-20 05:00:00,viernes,25,Normal,Seca y limpia,Plano,Terraplen,Recta,Transito normal con precaución,0,0,0,1,1.0,Atropello,conducta de peatones,4513_1_36,18.0,6.0
Risaralda,2020-05-20 17:40:00,1,300.0,2020-01-31 05:00:00,viernes,12,Normal,Seca y limpia,Plano,Terraplen,Recta,Transito normal con precaución,11,12,0,0,0.0,Choque,adelantamientos indebidos,2902_2_1,11.0,0.0
Risaralda,2020-05-20 17:47:00,2,18.0,2020-01-31 05:00:00,viernes,0,Normal,Seca y limpia,Plano,Terraplen,Recta,Transito normal con precaución,13,0,1,0,1.0,Choque,maniobras imprudentes,2902_1_2,13.0,0.0
Planta Central,2020-05-20 17:54:00,37,650.0,2020-03-19 05:00:00,jueves,30,Normal,Seca y limpia,Plano,Terraplen,Recta,Transito normal con precaución,0,0,0,0,0.0,Choque,no mantener distancia de seguridad,4513_1_37,6.0,18.0
Risaralda,2020-05-20 17:54:00,27,100.0,2020-01-17 05:00:00,viernes,35,Normal,Seca y limpia,Plano,Terraplen,Recta,Transito normal con precaución,6,35,0,2,2.0,Choque,adelantamientos indebidos,50RS01_1_27,6.0,0.0
Planta Central,2020-05-20 17:13:00,1,900.0,2020-03-01 05:00:00,domingo,30,Normal,Seca y limpia,Plano,Terraplen,Curva Izquierda,Transito normal con precaución,0,0,0,0,17.0,Volcamiento,otra - conductor en general,2505B_2_1,19.0,5.0
Planta Central,2020-05-20 17:13:00,1,300.0,2020-03-09 05:00:00,lunes,0,Normal,Seca y limpia,Plano,Terraplen,Recta,Transito normal con precaución,0,0,2,0,19.0,Choque,maniobras imprudentes,2505B_2_1,19.0,5.0
Quindío,2020-05-20 19:03:00,48,0.0,2020-03-18 05:00:00,miercoles,20,Normal,Seca y limpia,Plano,Terraplen,Recta,Parcial con reducción de carriles,0,0,1,0,1.0,Choque,no mantener distancia de seguridad,4002_1_48,12.0,12.0
Quindío,2020-05-20 19:08:00,45,150.0,2020-03-18 05:00:00,miercoles,0,Normal,Seca y limpia,Plano,Terraplen,Recta,Transito normal con precaución,0,0,1,0,1.0,Choque,otra - conductor en general,4002_1_45,0.0,0.0
Planta Central,2020-05-20 17:13:00,2,50.0,2020-03-14 05:00:00,sabado,40,Lluvia,Humeda,Plano,Terraplen,Recta,Transito normal con precaución,0,0,0,0,0.0,Choque,maniobras imprudentes,23VL02-2_0_2,0.0,0.0
Quindío,2020-05-20 19:15:00,6,665.0,2020-03-17 05:00:00,martes,40,Normal,Seca y limpia,Montañoso,Cajón,Recta,Parcial con reducción de carriles,1,0,1,0,1.0,Choque,maniobras imprudentes,2901B_1_6,12.0,13.0
Planta Central,2020-05-20 17:13:00,6,400.0,2020-03-18 05:00:00,miercoles,30,Normal,Seca y limpia,Plano,Terraplen,Curva Izquierda,Transito normal con precaución,0,0,0,0,19.0,Choque,otra - conductor en general,23VL02_2_6,16.0,8.0
Quindío,2020-05-20 19:23:00,48,570.0,2020-03-15 05:00:00,domingo,10,Normal,Seca y limpia,Plano,Terraplen,Recta,Parcial con reducción de carriles,0,0,2,0,2.0,Salida de la vía sin volcarse,maniobras imprudentes,4002_1_48,7.0,17.0
Planta Central,2020-05-20 17:13:00,13,50.0,2020-03-19 05:00:00,jueves,15,Normal,Seca y limpia,Plano,Terraplen,Recta,Transito normal con precaución,0,0,1,0,20.0,Choque,otra - conductor en general,23VL01_2_13,9.0,15.0
Planta Central,2020-05-20 17:13:00,23,250.0,2020-03-25 05:00:00,miercoles,30,Normal,Seca y limpia,Plano,Terraplen,Recta,Transito normal con precaución,0,0,0,0,20.0,Choque,desobediencia a normas y senales,2505B_2_23,19.0,5.0
Quindío,2020-05-20 19:39:00,6,755.0,2020-03-05 05:00:00,jueves,40,Normal,Seca y limpia,Montañoso,Cajón,Recta,Parcial con reducción de carriles,0,35,1,0,1.0,Choque,desobediencia a normas y senales,2901B_1_6,12.0,12.0
Planta Central,2020-05-20 19:47:00,38,0.0,2020-03-18 05:00:00,miercoles,30,Normal,Seca y limpia,Plano,Terraplen,Recta,Transito normal con precaución,0,0,0,0,0.0,Choque,no mantener distancia de seguridad,4513_1_38,0.0,0.0
Planta Central,2020-05-20 17:13:00,13,100.0,2020-03-25 05:00:00,miercoles,50,Normal,Seca y limpia,Plano,Terraplen,Recta,Transito normal con precaución,0,0,1,0,21.0,Choque,adelantamientos indebidos,23VL01_2_13,10.0,14.0
Planta Central,2020-05-20 19:49:00,45,65.0,2020-03-05 05:00:00,jueves,0,Normal,Seca y limpia,Plano,Terraplen,Recta,Transito normal con precaución,0,0,0,1,1.0,Choque,adelantamientos indebidos,4513_1_45,17.0,7.0
Quindío,2020-05-20 19:47:00,1,375.0,2020-03-10 05:00:00,martes,10,Normal,Seca y limpia,Plano,Terraplen,Recta,Parcial con reducción de carriles,1,0,0,1,1.0,Atropello,conducta de peatones,40QN05_0_1,9.0,16.0
Planta Central,2020-05-20 19:54:00,73,0.0,2020-03-17 05:00:00,martes,20,Normal,Seca y limpia,Plano,Terraplen,Recta,Transito normal con precaución,0,0,1,0,1.0,Atropello,otra - conductor en general,4513_1_73,10.0,14.0
Quindío,2020-05-20 19:53:00,2,300.0,2020-02-26 05:00:00,miercoles,30,Normal,Seca y limpia,Plano,Terraplen,Recta,Parcial con reducción de carriles,0,30,1,0,1.0,Choque,no mantener distancia de seguridad,2901B_1_2,14.0,10.0
Quindío,2020-05-20 19:58:00,1,150.0,2020-02-24 05:00:00,lunes,20,Normal,Seca y limpia,Montañoso,Cajón,Recta,Parcial con reducción de carriles,0,25,0,1,1.0,Choque,exceso de velocidad,4003_1_1,17.0,7.0
Planta Central,2020-05-20 20:01:00,79,300.0,2020-03-15 05:00:00,domingo,0,Normal,Seca y limpia,Plano,Terraplen,Curva Derecha,Transito normal con precaución,0,22,0,1,1.0,Choque,otra - conductor en general,4513_1_79,17.0,7.0
Planta Central,2020-05-20 20:07:00,84,0.0,2020-03-03 05:00:00,martes,40,Normal,Seca y limpia,Plano,Terraplen,Recta,Transito normal con precaución,0,11,2,0,2.0,Choque,no mantener distancia de seguridad,4513_1_84,0.0,0.0
Cauca,2020-05-20 20:57:00,28,520.0,2020-05-19 05:00:00,martes,40,Sol,Seca y limpia,Montañoso,Media Ladera Derecha,Curva Izquierda,Transito normal con precaución,0,0,0,1,1.0,Choque,impericia en el manejo,2602_0_28,6.0,18.0
Quindío,2020-05-20 21:51:00,13,850.0,2020-02-18 05:00:00,martes,40,Normal,Seca y limpia,Ondulado,Media Ladera Derecha,Curva Derecha,Parcial con reducción de carriles,2,0,1,0,1.0,Choque,adelantamientos indebidos,2901B_1_13,11.0,15.0
Quindío,2020-05-21 17:20:00,0,360.0,2020-02-17 05:00:00,lunes,15,Normal,Seca y limpia,Montañoso,Cajón,Recta,Parcial con reducción de carriles,0,35,2,0,2.0,Choque,fallas mecanicas y del sistema electrico,4003_1_0,17.0,7.0
Quindío,2020-05-21 18:42:00,1,540.0,2020-01-05 05:00:00,domingo,20,Normal,Aceite,Montañoso,Media Ladera Derecha,Curva Derecha,Transito normal con precaución,0,0,1,0,1.0,Otro,condiciones de la via y factores ambientales,4003_1_1,12.0,12.0
Quindío,2020-05-21 18:46:00,10,980.0,2020-01-08 05:00:00,miercoles,30,Normal,Seca y limpia,Ondulado,Media Ladera Derecha,Curva Derecha,Parcial con paso alternado,0,0,1,0,1.0,Salida de la vía sin volcarse,fallas mecanicas y del sistema electrico,25VL07_1_10,13.0,11.0
Quindío,2020-05-21 19:00:00,20,970.0,2020-01-12 05:00:00,domingo,0,Normal,Seca y limpia,Ondulado,Media ladera Izquierda,Curva Izquierda,Parcial con reducción de carriles,2,0,2,0,2.0,Volcamiento,fallas mecanicas y del sistema electrico,2901B_1_20,15.0,11.0
Quindío,2020-05-21 19:07:00,0,310.0,2020-01-15 05:00:00,miercoles,40,Normal,Seca y limpia,Montañoso,Media Ladera Derecha,Recta,Parcial con reducción de carriles,0,30,1,0,1.0,Choque,fallas mecanicas y del sistema electrico,4003_1_0,7.0,17.0
Quindío,2020-05-21 19:11:00,1,610.0,2020-01-21 05:00:00,martes,0,Normal,Seca y limpia,Montañoso,Media ladera Izquierda,Recta,Parcial con reducción de carriles,0,50,1,0,1.0,Choque,no mantener distancia de seguridad,4003_1_1,7.0,17.0
Quindío,2020-05-21 19:15:00,19,950.0,2020-01-15 05:00:00,miercoles,0,Normal,Seca y limpia,Plano,Terraplen,Curva Izquierda,Parcial con reducción de carriles,0,0,1,0,2.0,Choque,exceso de velocidad,2901B_1_19,0.0,0.0
Quindío,2020-05-21 19:20:00,3,300.0,2020-05-20 05:00:00,miercoles,50,Normal,Seca y limpia,Plano,Terraplen,Recta,Transito normal con precaución,0,0,0,0,0.0,Volcamiento,exceso de velocidad,40QN04_0_3,8.0,16.0
Planta Central,2020-05-21 19:34:00,25,0.0,2020-03-07 05:00:00,sabado,40,Sol,Seca y limpia,Plano,Terraplen,Recta,Transito normal con precaución,15,50,0,0,0.0,Choque,condiciones de la via y factores ambientales,4514_2_25,15.0,0.0
Planta Central,2020-05-22 16:01:00,1,300.0,2020-03-22 05:00:00,domingo,30,Sol,Seca y limpia,Plano,Terraplen,Curva Izquierda,Transito normal con precaución,11,40,0,0,1.0,Atropello,condiciones de la via y factores ambientales,4515_2_1,10.0,1.0
Planta Central,2020-05-21 19:45:00,38,900.0,2020-03-07 05:00:00,sabado,40,Sol,Seca y limpia,Plano,Terraplen,Curva Derecha,Transito normal con precaución,18,50,0,0,0.0,Choque,impericia en el manejo,4514_1_38,18.0,0.0
Planta Central,2020-05-21 19:53:00,40,0.0,2020-03-05 05:00:00,jueves,30,Sol,Seca y limpia,Plano,Terraplen,Recta,Transito normal con precaución,21,50,2,0,2.0,Choque,no mantener distancia de seguridad,4514_2_40,21.0,0.0
Planta Central,2020-05-21 20:02:00,72,0.0,2020-03-04 05:00:00,miercoles,0,Sol,Seca y limpia,Montañoso,Media ladera Izquierda,Recta,Transito normal con precaución,15,30,0,0,1.0,Atropello,conducta de peatones,4514_2_72,15.0,0.0
Planta Central,2020-05-21 20:31:00,62,450.0,2020-03-01 05:00:00,domingo,10,Sol,Seca y limpia,Plano,Terraplen,Recta,Transito normal con precaución,14,40,0,0,0.0,Choque,no mantener distancia de seguridad,4515_1_62,14.0,0.0
Planta Central,2020-05-21 20:54:00,21,590.0,2019-11-05 05:00:00,martes,20,Normal,Seca y limpia,Plano,Terraplen,Recta,Transito normal con precaución,16,0,2,0,2.0,Choque,otra - conductor en general,2302_1_21,15.0,1.0
Norte de Santander,2020-05-22 00:19:00,15,500.0,2020-03-08 05:00:00,domingo,40,Normal,Seca y limpia,Plano,Terraplen,Recta,Parcial con reducción de carriles,0,30,2,0,2.0,Choque,no mantener distancia de seguridad,55NSA_2_15,10.0,14.0
Norte de Santander,2020-05-22 00:24:00,12,100.0,2020-03-02 05:00:00,lunes,10,Normal,Seca y limpia,Ondulado,Terraplen,Curva Derecha,Parcial con reducción de carriles,0,30,1,0,1.0,Choque,adelantamientos indebidos,55NSA_1_12,19.0,5.0
Planta Central,2020-05-22 12:46:00,64,0.0,2020-03-03 05:00:00,martes,0,Sol,Seca y limpia,Plano,Terraplen,Recta,Transito normal con precaución,17,40,0,0,0.0,Choque,no mantener distancia de seguridad,4515_1_64,17.0,0.0
Planta Central,2020-05-22 12:53:00,30,500.0,2020-03-06 05:00:00,viernes,30,Sol,Seca y limpia,Plano,Terraplen,Recta,Transito normal con precaución,5,10,0,0,0.0,Volcamiento,impericia en el manejo,4515_1_30,4.0,1.0
Planta Central,2020-05-22 12:59:00,83,970.0,2020-03-10 05:00:00,martes,40,Sol,Seca y limpia,Plano,Terraplen,Curva Derecha,Transito normal con precaución,13,0,0,0,0.0,Choque,otra - conductor en general,4515_1_83,12.0,1.0
Planta Central,2020-05-22 13:03:00,71,800.0,2020-03-17 05:00:00,martes,4,Sol,Seca y limpia,Plano,Terraplen,Recta,Transito normal con precaución,3,54,0,0,0.0,Choque,condiciones de la via y factores ambientales,4515_1_71,2.0,1.0
Planta Central,2020-05-22 13:54:00,72,0.0,2020-03-19 05:00:00,jueves,0,Sol,Seca y limpia,Plano,Terraplen,Recta,Transito normal con precaución,21,40,0,0,0.0,Choque,no mantener distancia de seguridad,4515_1_72,21.0,0.0
Planta Central,2020-05-22 13:59:00,32,700.0,2020-03-20 05:00:00,viernes,30,Lluvia,Humeda,Plano,Terraplen,Recta,Transito normal con precaución,21,30,0,0,0.0,Volcamiento,condiciones de la via y factores ambientales,4515_1_32,20.0,1.0
Planta Central,2020-05-22 16:07:00,22,300.0,2020-03-23 05:00:00,lunes,0,Sol,Seca y limpia,Plano,Terraplen,Recta,Transito normal con precaución,17,30,0,0,0.0,Volcamiento,estacionamiento y senalizacion imprudente,4515_2_22,17.0,0.0
Planta Central,2020-05-22 16:12:00,69,0.0,2020-03-24 05:00:00,martes,30,Sol,Seca y limpia,Plano,Terraplen,Recta,Transito normal con precaución,7,0,0,0,0.0,Choque,otra - conductor en general,4515_1_69,2.0,5.0
Planta Central,2020-05-22 16:18:00,69,0.0,2020-03-28 05:00:00,sabado,0,Sol,Seca y limpia,Plano,Terraplen,Recta,Transito normal con precaución,12,40,0,0,0.0,Choque,maniobras imprudentes,4515_1_69,12.0,0.0
Planta Central,2020-05-22 16:34:00,0,800.0,2020-03-21 05:00:00,sabado,30,Sol,Seca y limpia,Plano,Terraplen,Curva Derecha,Transito normal con precaución,0,15,0,0,1.0,Choque,maniobras imprudentes,45CSJ_1_0,22.0,2.0
Boyacá,2020-05-22 05:16:00,51,103.0,2020-04-13 05:00:00,lunes,50,Normal,Seca y limpia,Montañoso,Media Ladera Derecha,Recta,Parcial con paso alternado,2,10,0,0,0.0,Incendio,fallas mecanicas y del sistema electrico,6008_0_51,19.0,7.0
Planta Central,2020-05-22 21:56:00,110,0.0,2020-04-10 05:00:00,viernes,30,Normal,Seca y limpia,Ondulado,Media Ladera Derecha,Curva Derecha,Transito normal con precaución,5,30,0,0,0.0,Volcamiento,exceso en horas de conduccion,45A06_0_110,5.0,0.0
Planta Central,2020-05-22 22:01:00,118,800.0,2020-04-12 05:00:00,domingo,0,Sol,Seca y limpia,Ondulado,Media Ladera Derecha,Curva Izquierda,Transito normal con precaución,10,0,1,0,1.0,Volcamiento,fallas mecanicas y del sistema electrico,45A06_0_118,10.0,0.0
Planta Central,2020-05-23 00:49:00,87,700.0,2020-04-16 05:00:00,jueves,20,Sol,Seca y limpia,Montañoso,Media Ladera Derecha,Curva Izquierda,Transito normal con precaución,12,20,4,0,4.0,Atropello,conducta de peatones,45A06_0_87,12.0,0.0
Planta Central,2020-05-23 00:54:00,124,266.0,2020-04-19 05:00:00,domingo,0,Sol,Seca y limpia,Ondulado,Media Ladera Derecha,Recta,Transito normal con precaución,14,0,0,0,0.0,Choque,adelantamientos indebidos,45A06_0_124,14.0,0.0
Planta Central,2020-05-23 00:58:00,60,760.0,2020-04-22 05:00:00,miercoles,0,Lluvia,Humeda,Ondulado,Terraplen,Curva Izquierda,Transito normal con precaución,14,0,0,0,0.0,Salida de la vía sin volcarse,maniobras imprudentes,45A06_0_60,14.0,0.0
Norte de Santander,2020-05-25 13:56:00,36,140.0,2020-04-17 05:00:00,viernes,10,Normal,Seca y limpia,Montañoso,Media ladera Izquierda,Curva Derecha,Parcial con reducción de carriles,1,30,3,0,6.0,Choque,exceso de velocidad,5505_1_36,10.0,15.0
Boyacá,2020-06-02 22:02:00,51,530.0,2020-04-30 05:00:00,jueves,20,Lluvia,Humeda,Ondulado,Terraplen,Curva Derecha,Transito normal con precaución,17,30,3,0,4.0,Choque,impericia en el manejo,5503_1_51,17.0,0.0
Norte de Santander,2020-05-25 14:07:00,26,24.0,2020-04-23 05:00:00,jueves,43,Normal,Seca y limpia,Montañoso,Media Ladera Derecha,Curva Izquierda,Transito normal con precaución,2,15,0,0,0.0,Choque,impericia en el manejo,5505_1_26,13.0,13.0
Norte de Santander,2020-05-25 14:16:00,25,437.0,2020-04-26 05:00:00,domingo,15,Normal,Seca y limpia,Montañoso,Media Ladera Derecha,Curva Izquierda,Parcial restringido a vehiculos pesados,2,20,0,0,0.0,Choque,otra - conductor en general,5505_1_25,16.0,10.0
Córdoba,2020-05-26 00:22:00,3,30.0,2020-03-04 05:00:00,miercoles,0,Normal,Seca y limpia,Plano,Terraplen,Recta,Transito normal con precaución,0,30,0,1,1.0,Volcamiento,otra - conductor en general,9003_0_3,21.0,3.0
Córdoba,2020-05-26 00:25:00,42,600.0,2020-03-05 05:00:00,jueves,15,Normal,Seca y limpia,Ondulado,Media Ladera Derecha,Curva Izquierda,Parcial con paso alternado,1,15,0,1,1.0,Choque,adelantamientos indebidos,9003_0_42,19.0,6.0
Córdoba,2020-05-26 00:30:00,5,50.0,2020-03-02 05:00:00,lunes,0,Normal,Seca y limpia,Plano,Terraplen,Recta,Transito normal con precaución,0,7,0,0,1.0,Volcamiento,impericia en el manejo,7801_1_5,16.0,8.0
Cauca,2020-05-26 13:33:00,34,290.0,2020-03-08 05:00:00,domingo,0,Sol,Seca y limpia,Montañoso,Media Ladera Derecha,Curva Derecha,Transito normal con precaución,17,0,2,0,2.0,Otro,fallas mecanicas y del sistema electrico,2002_1_34,17.0,0.0
Cauca,2020-05-26 13:49:00,6,275.0,2020-03-12 05:00:00,jueves,30,Normal,Seca y limpia,Montañoso,Media Ladera Derecha,Curva Derecha,Transito normal con precaución,4,30,0,0,0.0,Volcamiento,exceso en horas de conduccion,2002_1_6,4.0,0.0
Cauca,2020-05-26 13:57:00,27,950.0,2020-03-12 05:00:00,jueves,30,Sol,Seca y limpia,Montañoso,Media Ladera Derecha,Curva Derecha,Transito normal con precaución,16,30,0,0,0.0,Otro,exceso de velocidad,2401_0_27,16.0,0.0
Cauca,2020-05-26 14:07:00,39,900.0,2020-03-20 05:00:00,viernes,30,Normal,Seca y limpia,Montañoso,Terraplen,Curva Izquierda,Parcial con paso alternado,2,30,0,0,0.0,Volcamiento,fallas mecanicas y del sistema electrico,2002_1_39,2.0,0.0
Cauca,2020-05-26 14:14:00,8,520.0,2020-03-11 05:00:00,miercoles,0,Sol,Seca y limpia,Montañoso,Media ladera Izquierda,Curva Izquierda,Transito normal con precaución,13,0,2,0,2.0,Volcamiento,exceso de velocidad,2002_1_8,13.0,0.0
Cauca,2020-05-26 14:17:00,35,320.0,2020-03-17 05:00:00,martes,40,Normal,Seca y limpia,Montañoso,Media Ladera Derecha,Curva Derecha,Transito normal con precaución,19,40,2,0,2.0,Otro,fallas mecanicas y del sistema electrico,2002_1_35,19.0,0.0
Tolima,2020-05-26 19:20:00,15,600.0,2020-04-11 05:00:00,sabado,20,Normal,Seca y limpia,Montañoso,Media Ladera Derecha,Curva Izquierda,Transito normal con precaución,17,40,0,0,0.0,Choque,otra - conductor en general,5007_1_15,17.0,0.0
Tolima,2020-05-26 19:26:00,6,320.0,2020-04-21 05:00:00,martes,30,Normal,Seca y limpia,Montañoso,Media Ladera Derecha,Curva Derecha,Transito normal con precaución,15,40,0,0,0.0,Choque,condiciones de la via y factores ambientales,5007_1_6,15.0,0.0
Planta Central,2020-05-26 20:34:00,77,718.0,2020-03-24 05:00:00,martes,20,Seca,Seca y limpia,Plano,Terraplen,Recta,Transito normal con precaución,8,20,0,0,0.0,Choque,fallas mecanicas y del sistema electrico,45A05_1_77,8.0,0.0
Planta Central,2020-05-26 20:39:00,0,0.0,2020-03-29 05:00:00,domingo,40,Seca,Seca y limpia,Plano,Media ladera Izquierda,Curva Izquierda,Transito normal con precaución,17,40,1,0,1.0,Choque,impericia en el manejo,45ABYB_0_0,17.0,0.0
Planta Central,2020-05-26 20:49:00,11,525.0,2020-04-02 05:00:00,jueves,0,Sol,Seca y limpia,Ondulado,Media ladera Izquierda,Curva Izquierda,Transito normal con precaución,14,0,0,0,0.0,Volcamiento,otra - conductor en general,45A05_1_11,14.0,0.0
Planta Central,2020-05-27 00:20:00,60,200.0,2020-02-21 05:00:00,viernes,30,Sol,Seca y limpia,Plano,Terraplen,Recta,Cierre total,13,30,1,1,2.0,Choque,adelantamientos indebidos,45A04_1_60,13.0,0.0
Planta Central,2020-05-27 00:42:00,4,500.0,2020-02-27 05:00:00,jueves,0,Sol,Seca y limpia,Plano,Terraplen,Recta,Transito normal con precaución,7,0,0,0,0.0,Volcamiento,otra - conductor en general,45ACNB_1_4,7.0,0.0
Planta Central,2020-05-26 20:58:00,48,160.0,2020-04-01 05:00:00,miercoles,40,Sol,Seca y limpia,Plano,Terraplen,Recta,Transito normal con precaución,16,40,0,0,0.0,Choque,no mantener distancia de seguridad,45A05_1_48,16.0,0.0
Huila,2020-05-26 21:05:00,70,450.0,2020-04-25 05:00:00,sabado,45,Seca,Seca y limpia,Ondulado,Cajón,Curva Derecha,Transito normal con precaución,17,45,1,0,1.0,Choque,otra - conductor en general,2402_1_70,17.0,0.0
Planta Central,2020-05-26 21:15:00,74,650.0,2020-04-26 05:00:00,domingo,0,Sol,Seca y limpia,Plano,Media ladera Izquierda,Curva Derecha,Transito normal con precaución,9,0,2,0,2.0,Caída ocupante,impericia en el manejo,45A05_1_74,9.0,0.0
Planta Central,2020-05-26 21:23:00,80,636.0,2020-04-13 05:00:00,lunes,0,Niebla,Seca y limpia,Montañoso,Media Ladera Derecha,Recta,Transito normal con precaución,15,0,0,0,0.0,Volcamiento,otra - conductor en general,45A05_1_80,15.0,0.0
Planta Central,2020-05-26 21:54:00,42,400.0,2020-02-13 05:00:00,jueves,30,Sol,Seca y limpia,Montañoso,Media ladera Izquierda,Recta,Cierre total,13,30,0,0,0.0,Choque,fallas mecanicas y del sistema electrico,45A04_1_42,13.0,0.0
Planta Central,2020-05-27 12:59:00,49,800.0,2020-03-09 05:00:00,lunes,40,Sol,Seca y limpia,Plano,Terraplen,Recta,Transito normal con precaución,16,40,0,0,0.0,Choque,impericia en el manejo,45A04_1_49,16.0,0.0
Planta Central,2020-05-27 13:09:00,54,400.0,2020-03-17 05:00:00,martes,20,Sol,Seca y limpia,Montañoso,Media Ladera Derecha,Recta,Transito normal con precaución,15,20,0,0,0.0,Volcamiento,impericia en el manejo,45A04_1_54,15.0,0.0
Planta Central,2020-05-27 13:20:00,57,800.0,2020-03-19 05:00:00,jueves,30,Lluvia,Humeda,Ondulado,Cajón,Curva Derecha,Cierre total,9,30,0,0,0.0,Volcamiento,condiciones de la via y factores ambientales,45A04_1_57,9.0,0.0