territorial,fecha_registro,pr,distancia_pr,fecha_acc,dia_semana_acc,min_acc,condic_meteor,estado_super,terreno,secc_tip,geometria_acc,tipo_cierre,horas_cierre,min_cierre,n_heridos,n_muertos,n_victimas,clase_accidente,causa_posible,ref_loc,hora_acc,duracion_cierre_horas
Boyacá,2020-05-27 14:24:00,51,580.0,2019-08-06 05:00:00,martes,30,Normal,Seca y limpia,Ondulado,Media ladera Izquierda,Recta,Transito normal con precaución,17,15,1,0,1.0,Choque,otra - conductor en general,6209_0_51,17.0,0.0
Boyacá,2020-05-27 14:24:00,51,940.0,2019-08-09 05:00:00,viernes,15,Lluvia,Humeda,Ondulado,Media ladera Izquierda,Recta,Transito normal con precaución,12,20,0,0,1.0,Volcamiento,condiciones de la via y factores ambientales,6209_0_51,12.0,0.0
Meta,2020-05-27 13:40:00,69,0.0,2020-04-15 05:00:00,miercoles,10,Seca,Seca y limpia,Plano,Terraplen,Curva Derecha,Transito normal con precaución,15,30,1,0,1.0,Choque,adelantamientos indebidos,7506_1_69,15.0,0.0
Meta,2020-05-27 13:53:00,87,250.0,2020-04-28 05:00:00,martes,30,Normal,Seca y limpia,Plano,Terraplen,Recta,Transito normal con precaución,16,10,0,0,0.0,Volcamiento,fallas mecanicas y del sistema electrico,6507_0_87,8.0,8.0
Meta,2020-05-27 14:01:00,37,800.0,2020-04-21 05:00:00,martes,40,Lluvia,Humeda,Plano,Terraplen,Recta,Transito normal con precaución,18,30,1,0,1.0,Volcamiento,fallas mecanicas y del sistema electrico,6507_0_37,17.0,1.0
Risaralda,2020-05-27 16:38:00,29,635.0,2020-04-15 05:00:00,miercoles,30,Normal,Seca y limpia,Ondulado,Media ladera Izquierda,Curva Derecha,Transito normal con precaución,18,30,0,0,0.0,Volcamiento,fallas mecanicas y del sistema electrico,5003_0_29,18.0,0.0
Córdoba,2020-06-02 16:05:00,29,770.0,2020-03-12 05:00:00,jueves,11,Normal,Seca y limpia,Plano,Terraplen,Recta,Cierre total,1,0,0,1,2.0,Choque,otra - conductor en general,9004_1_29,17.0,8.0
Cauca,2020-06-02 17:35:00,10,708.0,2020-04-16 05:00:00,jueves,0,Normal,Humeda,Montañoso,Media Ladera Derecha,Recta,Transito normal con precaución,13,0,2,0,2.0,Volcamiento,exceso de velocidad,2002_1_10,13.0,0.0
Cauca,2020-06-02 17:41:00,35,235.0,2020-04-21 05:00:00,martes,10,Seca,Seca y limpia,Montañoso,Media ladera Izquierda,Curva Derecha,Transito normal con precaución,5,10,2,0,2.0,Volcamiento,exceso de velocidad,2001_1_35,5.0,0.0
Planta Central,2020-06-02 18:58:00,3,0.0,2020-04-01 05:00:00,miercoles,30,Sol,Seca y limpia,Plano,Terraplen,Recta,Transito normal con precaución,6,40,0,0,0.0,Volcamiento,exceso en horas de conduccion,45CSI_2_3,6.0,0.0
Planta Central,2020-06-02 19:03:00,99,100.0,2020-04-02 05:00:00,jueves,40,Lluvia,Humeda,Plano,Terraplen,Curva Izquierda,Transito normal con precaución,2,30,0,0,0.0,Volcamiento,condiciones de la via y factores ambientales,4514_1_99,1.0,1.0
Planta Central,2020-06-02 19:10:00,0,700.0,2020-04-04 05:00:00,sabado,40,Sol,Seca y limpia,Plano,Terraplen,Recta,Transito normal con precaución,5,0,0,0,0.0,Volcamiento,otra - conductor en general,45CSH_1_0,4.0,1.0
Planta Central,2020-06-02 19:16:00,83,100.0,2020-04-05 05:00:00,domingo,30,Sol,Seca y limpia,Plano,Terraplen,Recta,Transito normal con precaución,2,0,0,0,0.0,Choque,condiciones de la via y factores ambientales,4514_1_83,1.0,1.0
Planta Central,2020-06-02 19:23:00,92,300.0,2020-04-15 05:00:00,miercoles,0,Sol,Seca y limpia,Plano,Terraplen,Recta,Transito normal con precaución,1,30,0,0,0.0,Choque,condiciones de la via y factores ambientales,4514_1_92,1.0,0.0
Planta Central,2020-06-02 19:42:00,32,40.0,2020-04-16 05:00:00,jueves,10,Sol,Seca y limpia,Plano,Terraplen,Recta,Transito normal con precaución,2,20,0,0,0.0,Volcamiento,otra - conductor en general,4514_1_32,2.0,0.0
Planta Central,2020-06-02 19:47:00,56,0.0,2020-04-04 05:00:00,sabado,0,Sol,Seca y limpia,Plano,Terraplen,Recta,Transito normal con precaución,12,20,0,0,0.0,Choque,desobediencia a normas y senales,4515_1_56,11.0,1.0
Planta Central,2020-06-02 20:01:00,64,850.0,2020-04-16 05:00:00,jueves,30,Lluvia,Humeda,Plano,Terraplen,Recta,Cierre total,16,30,3,1,4.0,Choque,otra - conductor en general,45A04_1_64,16.0,0.0
Planta Central,2020-06-02 20:00:00,79,200.0,2020-04-07 05:00:00,martes,30,Lluvia,Humeda,Plano,Terraplen,Recta,Transito normal con precaución,18,0,0,0,0.0,Volcamiento,otra - conductor en general,4515_1_79,17.0,1.0
Planta Central,2020-06-02 20:05:00,57,250.0,2020-04-20 05:00:00,lunes,0,Sol,Seca y limpia,Ondulado,Cajón,Curva Izquierda,Transito normal con precaución,14,0,1,0,1.0,Choque,exceso de velocidad,45A04_1_57,14.0,0.0
Planta Central,2020-06-02 20:11:00,30,500.0,2020-04-13 05:00:00,lunes,0,Lluvia,Humeda,Ondulado,Terraplen,Recta,Transito normal con precaución,4,0,0,0,0.0,Choque,maniobras imprudentes,4515_1_30,3.0,1.0
Planta Central,2020-06-02 20:13:00,30,750.0,2020-04-23 05:00:00,jueves,30,Lluvia,Humeda,Plano,Terraplen,Recta,Cierre total,6,30,1,1,2.0,Choque,otra - conductor en general,45A04_1_30,6.0,0.0
Planta Central,2020-06-02 20:19:00,70,200.0,2020-04-15 05:00:00,miercoles,30,Normal,Seca y limpia,Plano,Terraplen,Recta,Transito normal con precaución,6,0,0,0,0.0,Volcamiento,condiciones de la via y factores ambientales,4515_1_70,3.0,3.0
Planta Central,2020-06-02 20:33:00,22,600.0,2020-04-18 05:00:00,sabado,0,Sol,Seca y limpia,Plano,Terraplen,Recta,Transito normal con precaución,7,20,1,0,1.0,Choque,no mantener distancia de seguridad,4515_1_22,7.0,0.0
Planta Central,2020-06-02 20:40:00,86,800.0,2020-04-27 05:00:00,lunes,40,Normal,Seca y limpia,Plano,Terraplen,Recta,Transito normal con precaución,22,55,0,0,0.0,Volcamiento,condiciones de la via y factores ambientales,4515_1_86,22.0,0.0
Norte de Santander,2020-06-02 21:07:00,0,696.0,2020-04-22 05:00:00,miercoles,0,Normal,Seca y limpia,Ondulado,Cajón,Recta,Transito normal con precaución,15,35,1,0,1.0,Volcamiento,maniobras imprudentes,70NSA_0_0,10.0,5.0
Norte de Santander,2020-06-02 21:19:00,1,350.0,2020-04-30 05:00:00,jueves,40,Normal,Seca y limpia,Ondulado,Cajón,Recta,Parcial con paso alternado,9,0,0,0,0.0,Volcamiento,fallas mecanicas y del sistema electrico,70NSA_0_1,6.0,3.0
Boyacá,2020-06-02 22:02:00,7,280.0,2020-04-21 05:00:00,martes,0,Normal,Seca y limpia,Ondulado,Media Ladera Derecha,Curva Izquierda,Transito normal con precaución,2,0,0,0,1.0,Salida de la vía sin volcarse,exceso en horas de conduccion,5503_1_7,2.0,0.0
Planta Central,2020-06-04 00:45:00,11,0.0,2020-04-21 05:00:00,martes,23,Normal,Seca y limpia,Ondulado,Cajón,Recta,Transito normal con precaución,0,0,0,0,0.0,Choque,no mantener distancia de seguridad,4513_1_11,20.0,4.0
Risaralda,2020-06-03 20:03:00,0,0.0,2020-02-01 05:00:00,sabado,59,Normal,Seca y limpia,Plano,Terraplen,Recta,Transito normal con precaución,14,59,0,0,0.0,Choque,no mantener distancia de seguridad,29RSA_2_0,14.0,0.0
Risaralda,2020-06-03 20:10:00,9,958.0,2020-02-02 05:00:00,domingo,20,Normal,Seca y limpia,Plano,Terraplen,Recta,Transito normal con precaución,19,20,1,0,1.0,Choque,desobediencia a normas y senales,29RSC_1_9,19.0,0.0
Risaralda,2020-06-03 20:20:00,1,710.0,2020-02-06 05:00:00,jueves,40,Normal,Seca y limpia,Plano,Terraplen,Recta,Transito normal con precaución,11,40,0,0,0.0,Choque,no mantener distancia de seguridad,2902_2_1,11.0,0.0
Risaralda,2020-06-03 20:36:00,1,700.0,2020-02-06 05:00:00,jueves,0,Normal,Seca y limpia,Plano,Terraplen,Recta,Transito normal con precaución,13,0,2,0,2.0,Atropello,otra - conductor en general,2902_1_1,13.0,0.0
Risaralda,2020-06-03 20:41:00,4,900.0,2020-02-07 05:00:00,viernes,0,Normal,Seca y limpia,Plano,Terraplen,Recta,Transito normal con precaución,16,0,1,0,1.0,Choque,maniobras imprudentes,2902_1_4,16.0,0.0
Casanare,2020-06-03 21:46:00,52,400.0,2020-04-22 05:00:00,miercoles,30,Seca,Seca y limpia,Plano,Terraplen,Recta,Transito normal con precaución,5,30,0,1,1.0,Atropello,maniobras imprudentes,6515_1_52,5.0,0.0
Planta Central,2020-06-03 21:42:00,15,250.0,2020-04-02 05:00:00,jueves,10,Sol,Seca y limpia,Ondulado,Terraplen,Recta,Transito normal con precaución,6,10,1,0,1.0,Choque,condiciones de la via y factores ambientales,45A06_0_15,6.0,0.0
Planta Central,2020-06-03 21:52:00,19,600.0,2020-04-13 05:00:00,lunes,10,Normal,Seca y limpia,Ondulado,Media ladera Izquierda,Recta,Transito normal con precaución,23,10,0,0,0.0,Choque,condiciones de la via y factores ambientales,45A06_0_19,23.0,0.0
Planta Central,2020-06-03 22:12:00,77,189.0,2020-04-20 05:00:00,lunes,50,Sol,Seca y limpia,Ondulado,Terraplen,Recta,Transito normal con precaución,9,50,0,0,0.0,Choque,estacionamiento y senalizacion imprudente,45A06_0_77,9.0,0.0
Planta Central,2020-06-04 00:12:00,87,400.0,2020-04-15 05:00:00,miercoles,30,Normal,Seca y limpia,Ondulado,Media Ladera Derecha,Recta,Transito normal con precaución,0,14,0,1,1.0,Choque,adelantamientos indebidos,4511_1_87,19.0,5.0
Planta Central,2020-06-04 00:23:00,100,400.0,2020-04-19 05:00:00,domingo,20,Normal,Seca y limpia,Ondulado,Terraplen,Recta,Transito normal con precaución,0,13,3,0,3.0,Choque,exceso de velocidad,4511_1_100,21.0,3.0
Planta Central,2020-06-04 00:27:00,115,544.0,2020-04-30 05:00:00,jueves,40,Normal,Seca y limpia,Ondulado,Terraplen,Curva Derecha,Transito normal con precaución,0,0,0,0,0.0,Volcamiento,exceso de velocidad,4511_1_115,3.0,21.0
Planta Central,2020-06-04 00:34:00,116,0.0,2020-04-16 05:00:00,jueves,10,Normal,Seca y limpia,Ondulado,Terraplen,Curva Derecha,Transito normal con precaución,0,0,0,0,0.0,Choque,no mantener distancia de seguridad,4511_1_116,21.0,3.0
Planta Central,2020-06-04 00:37:00,141,300.0,2020-04-04 05:00:00,sabado,0,Lluvia,Humeda,Ondulado,Cajón,Recta,Transito normal con precaución,0,0,0,0,0.0,Volcamiento,condiciones de la via y factores ambientales,4511_1_141,6.0,18.0
Planta Central,2020-06-04 00:51:00,11,950.0,2020-04-24 05:00:00,viernes,5,Normal,Seca y limpia,Plano,Terraplen,Recta,Transito normal con precaución,0,0,0,0,0.0,Choque,no mantener distancia de seguridad,4513_1_11,17.0,7.0
Planta Central,2020-06-04 00:55:00,27,150.0,2020-04-14 05:00:00,martes,40,Normal,Seca y limpia,Ondulado,Terraplen,Curva Derecha,Transito normal con precaución,0,0,0,0,0.0,Choque,adelantamientos indebidos,4513_1_27,11.0,13.0
Planta Central,2020-06-04 01:01:00,69,0.0,2020-04-09 05:00:00,jueves,20,Normal,Seca y limpia,Plano,Terraplen,Recta,Transito normal con precaución,0,0,0,0,0.0,Choque,condiciones de la via y factores ambientales,4511_1_69,22.0,2.0
Planta Central,2020-06-04 12:34:00,69,100.0,2020-02-13 05:00:00,jueves,0,Sol,Seca y limpia,Montañoso,Media ladera Izquierda,Curva Derecha,Cierre total,13,0,0,0,0.0,Volcamiento,fallas mecanicas y del sistema electrico,45A08_1_69,13.0,0.0
Huila,2020-06-04 16:25:00,28,840.0,2020-04-15 05:00:00,miercoles,0,Normal,Seca y limpia,Montañoso,Cajón,Curva Izquierda,Transito normal con precaución,0,0,1,0,2.0,Salida de la vía sin volcarse,exceso en horas de conduccion,2003A_0_28,6.0,18.0
Planta Central,2020-06-04 22:47:00,8,400.0,2020-02-02 05:00:00,domingo,30,Seca,Seca y limpia,Plano,Terraplen,Recta,Transito normal con precaución,2,30,2,0,3.0,Choque,exceso de velocidad,45AST08_1_8,2.0,0.0
Huila,2020-06-04 16:25:00,123,100.0,2020-04-14 05:00:00,martes,0,Normal,Seca y limpia,Montañoso,Media Ladera Derecha,Curva Izquierda,Transito normal con precaución,0,0,0,0,0.0,Volcamiento,otra - conductor en general,2002_1_123,3.0,21.0
Cauca,2020-06-05 16:55:00,12,150.0,2020-03-15 05:00:00,domingo,45,Normal,Humeda,Montañoso,Media Ladera Derecha,Recta,Parcial con paso alternado,3,0,1,1,2.0,Choque,otra - conductor en general,3702_0_12,19.0,8.0
Planta Central,2020-06-05 14:01:00,27,250.0,2020-01-06 05:00:00,lunes,10,Seca,Seca y limpia,Montañoso,Media Ladera Derecha,Curva Derecha,Cierre total,2,30,0,0,0.0,Choque,otra - conductor en general,45A07_1_27,12.0,14.0
Cauca,2020-06-05 06:39:00,103,900.0,2020-01-09 05:00:00,jueves,30,Sol,Seca y limpia,Montañoso,Media ladera Izquierda,Curva Derecha,Parcial restringido a vehiculos pesados,1,0,1,0,1.0,Choque,impericia en el manejo,2503_0_103,1.0,0.0
Cauca,2020-06-05 06:39:00,42,800.0,2020-01-09 05:00:00,jueves,30,Sol,Seca y limpia,Plano,Terraplen,Recta,Parcial restringido a vehiculos pesados,1,0,1,0,1.0,Choque,impericia en el manejo,2503_0_42,15.0,10.0
Cauca,2020-06-05 07:30:00,40,600.0,2020-01-27 05:00:00,lunes,30,Sol,Seca y limpia,Ondulado,Cajón,Curva Derecha,Parcial restringido a vehiculos pesados,1,0,2,0,2.0,Choque,exceso de velocidad,2503_0_40,12.0,13.0
Planta Central,2020-06-06 14:23:00,32,975.0,2020-02-06 05:00:00,jueves,10,Seca,Seca y limpia,Montañoso,Media Ladera Derecha,Curva Derecha,Cierre total,2,30,0,0,0.0,Choque,otra - conductor en general,45A07_1_32,12.0,14.0
Planta Central,2020-06-06 14:33:00,16,70.0,2020-02-11 05:00:00,martes,45,Seca,Seca y limpia,Ondulado,Terraplen,Curva Derecha,Parcial con paso alternado,2,0,0,0,0.0,Choque,adelantamientos indebidos,45A07_1_16,18.0,8.0
Planta Central,2020-06-06 15:07:00,6,800.0,2020-02-18 05:00:00,martes,55,Seca,Seca y limpia,Plano,Terraplen,Recta,Transito normal con precaución,2,0,2,0,2.0,Choque,no mantener distancia de seguridad,45AST08_1_6,13.0,13.0
Planta Central,2020-06-06 16:08:00,35,581.0,2020-02-22 05:00:00,sabado,26,Seca,Seca y limpia,Montañoso,Media ladera Izquierda,Curva Derecha,Parcial con paso alternado,2,30,3,0,3.0,Choque,adelantamientos indebidos,45A07_1_35,8.0,18.0
Planta Central,2020-06-06 16:15:00,33,765.0,2020-02-25 05:00:00,martes,0,Seca,Seca y limpia,Montañoso,Media ladera Izquierda,Curva Derecha,Parcial restringido a vehiculos pesados,3,0,0,0,0.0,Choque,no mantener distancia de seguridad,45A07_1_33,7.0,20.0
Planta Central,2020-06-06 16:30:00,34,768.0,2020-02-25 05:00:00,martes,55,Seca,Seca y limpia,Montañoso,Media ladera Izquierda,Curva Derecha,Parcial con paso alternado,2,30,0,0,0.0,Choque,adelantamientos indebidos,45A07_1_34,18.0,8.0
Planta Central,2020-06-06 17:06:00,76,120.0,2020-03-01 05:00:00,domingo,30,Seca,Seca y limpia,Ondulado,Terraplen,Recta,Parcial con paso alternado,2,0,0,0,1.0,Caída ocupante,exceso de velocidad,45A07_1_76,1.0,1.0
Risaralda,2020-06-07 21:16:00,43,30.0,2020-04-01 05:00:00,miercoles,30,Normal,Seca y limpia,Plano,Terraplen,Recta,Transito normal con precaución,0,0,0,0,0.0,Choque,otra - conductor en general,2506_2_43,5.0,19.0
Risaralda,2020-06-07 21:35:00,83,0.0,2020-04-26 05:00:00,domingo,0,Normal,Seca y limpia,Montañoso,Terraplen,Recta,Transito normal con precaución,0,0,1,0,1.0,Atropello,conducta de peatones,2506_2_83,19.0,5.0
Risaralda,2020-06-07 21:53:00,61,220.0,2020-04-27 05:00:00,lunes,10,Normal,Seca y limpia,Plano,Terraplen,Recta,Transito normal con precaución,0,0,0,0,0.0,Incendio,fallas mecanicas y del sistema electrico,2506_1_61,12.0,12.0
Risaralda,2020-06-07 22:00:00,53,0.0,2020-04-28 05:00:00,martes,0,Lluvia,Humeda,Plano,Terraplen,Recta,Transito normal con precaución,0,0,0,0,0.0,Choque,condiciones de la via y factores ambientales,2506_1_53,15.0,9.0
Nariño,2020-06-07 22:22:00,19,0.0,2020-04-07 05:00:00,martes,45,Lluvia,Humeda,Montañoso,Media Ladera Derecha,Curva Derecha,Parcial con paso alternado,7,45,0,0,0.0,Choque,impericia en el manejo,2502_1_19,7.0,0.0
Nariño,2020-06-07 22:29:00,17,50.0,2020-04-14 05:00:00,martes,45,Lluvia,Humeda,Montañoso,Media Ladera Derecha,Curva Derecha,Parcial con paso alternado,8,45,0,0,0.0,Choque,otra - conductor en general,2502_1_17,8.0,0.0
Risaralda,2020-06-07 22:37:00,79,850.0,2020-03-07 05:00:00,sabado,50,Normal,Seca y limpia,Plano,Terraplen,Curva Izquierda,Transito normal con precaución,0,0,1,0,1.0,Choque,estacionamiento y senalizacion imprudente,2506_2_79,20.0,4.0
Risaralda,2020-06-07 22:48:00,4,480.0,2020-03-09 05:00:00,lunes,30,Normal,Seca y limpia,Plano,Terraplen,Recta,Transito normal con precaución,0,0,0,0,0.0,Choque,adelantamientos indebidos,29RS01_2_4,15.0,9.0
Risaralda,2020-06-10 16:05:00,1,750.0,2020-02-09 05:00:00,domingo,5,Normal,Seca y limpia,Plano,Terraplen,Recta,Transito normal con precaución,19,5,0,0,0.0,Choque,otra - conductor en general,25RSA_2_1,19.0,0.0
Risaralda,2020-06-07 22:58:00,54,170.0,2020-03-10 05:00:00,martes,50,Normal,Seca y limpia,Plano,Terraplen,Recta,Transito normal con precaución,0,0,0,1,1.0,Atropello,conducta de peatones,2506_1_54,9.0,15.0
Risaralda,2020-06-08 01:55:00,80,500.0,2020-06-23 05:00:00,martes,50,Normal,Seca y limpia,Plano,Terraplen,Curva Izquierda,Transito normal con precaución,0,0,0,0,0.0,Volcamiento,fallas mecanicas y del sistema electrico,2506_2_80,14.0,10.0
Risaralda,2020-06-08 02:10:00,85,782.0,2020-05-06 05:00:00,miercoles,30,Normal,Seca y limpia,Plano,Terraplen,Recta,Transito normal con precaución,0,0,1,0,1.0,Choque,desobediencia a normas y senales,2506_2_85,6.0,18.0
Cauca,2020-06-08 14:01:00,0,900.0,2020-02-22 05:00:00,sabado,55,Normal,Seca y limpia,Montañoso,Media ladera Izquierda,Curva Izquierda,Parcial con paso alternado,1,0,0,0,0.0,Choque,no mantener distancia de seguridad,2503_0_0,18.0,7.0
Cauca,2020-06-08 14:01:00,6,990.0,2020-02-13 05:00:00,jueves,30,Normal,Seca y limpia,Ondulado,Terraplen,Recta,Parcial con paso alternado,1,0,1,0,1.0,Choque,adelantamientos indebidos,2503_0_6,14.0,11.0
Cauca,2020-06-08 14:01:00,18,700.0,2020-02-21 05:00:00,viernes,0,Normal,Seca y limpia,Ondulado,Terraplen,Recta,Parcial restringido a vehiculos pesados,1,30,0,2,2.0,Choque,otra - pasajero o acompanante,2503_0_18,13.0,12.0
Cauca,2020-06-08 14:15:00,30,50.0,2020-02-29 05:00:00,sabado,50,Normal,Seca y limpia,Montañoso,Media Ladera Derecha,Curva Derecha,Parcial con paso alternado,1,0,0,0,0.0,Choque,no mantener distancia de seguridad,2503_0_30,16.0,9.0
Planta Central,2020-06-08 16:11:00,89,585.0,2020-03-27 05:00:00,viernes,0,Seca,Seca y limpia,Plano,Terraplen,Recta,Transito normal con precaución,2,30,3,0,3.0,Choque,exceso en horas de conduccion,45A07_2_89,12.0,14.0
Casanare,2020-06-08 19:41:00,29,50.0,2020-03-11 05:00:00,miercoles,0,Normal,Seca y limpia,Plano,Terraplen,Recta,Transito normal con precaución,0,0,0,0,0.0,Atropello,estacionamiento y senalizacion imprudente,6513_0_29,4.0,20.0
Cauca,2020-06-08 14:15:00,34,350.0,2020-02-29 05:00:00,sabado,0,Normal,Seca y limpia,Ondulado,Media Ladera Derecha,Curva Derecha,Transito normal con precaución,1,0,0,0,0.0,Volcamiento,otra - pasajero o acompanante,2503_0_34,19.0,6.0
Cauca,2020-06-08 14:15:00,49,0.0,2020-02-02 05:00:00,domingo,0,Normal,Seca y limpia,Plano,Terraplen,Recta,Parcial con paso alternado,1,0,0,0,0.0,Choque,fallas mecanicas y del sistema electrico,2503_0_49,16.0,9.0
Cauca,2020-06-08 14:15:00,54,800.0,2020-02-20 05:00:00,jueves,20,Normal,Seca y limpia,Montañoso,Media Ladera Derecha,Curva Derecha,Parcial con paso alternado,1,0,1,0,1.0,Choque,otra - pasajero o acompanante,2503_0_54,9.0,16.0
Cauca,2020-06-08 14:15:00,69,400.0,2020-02-13 05:00:00,jueves,20,Normal,Seca y limpia,Montañoso,Cajón,Recta,Parcial con reducción de carriles,1,0,0,0,1.0,Choque,adelantamientos indebidos,2503_0_69,9.0,16.0
Cauca,2020-06-08 14:15:00,71,100.0,2020-02-22 05:00:00,sabado,30,Lluvia,Humeda,Montañoso,Media ladera Izquierda,Recta,Parcial con paso alternado,1,0,0,0,1.0,Choque,otra - pasajero o acompanante,2503_0_71,17.0,8.0
Cauca,2020-06-08 14:15:00,72,500.0,2020-02-28 05:00:00,viernes,40,Normal,Seca y limpia,Ondulado,Terraplen,Curva Izquierda,Parcial con paso alternado,1,0,2,0,3.0,Choque,otra - pasajero o acompanante,2503_0_72,17.0,8.0
Cauca,2020-06-08 14:15:00,74,400.0,2020-02-19 05:00:00,miercoles,5,Normal,Seca y limpia,Montañoso,Media ladera Izquierda,Curva Izquierda,Parcial con paso alternado,2,0,0,0,3.0,Volcamiento,condiciones de la via y factores ambientales,2503_0_74,10.0,16.0
Planta Central,2020-06-08 14:45:00,76,120.0,2020-03-01 05:00:00,domingo,30,Seca,Seca y limpia,Ondulado,Terraplen,Recta,Parcial con paso alternado,3,0,0,0,0.0,Caída ocupante,exceso de velocidad,45A07_1_76,1.0,2.0
Cauca,2020-06-08 14:15:00,85,50.0,2020-02-09 05:00:00,domingo,45,Normal,Seca y limpia,Montañoso,Media Ladera Derecha,Curva Derecha,Parcial con paso alternado,1,0,0,0,5.0,Choque,no mantener distancia de seguridad,2503_0_85,19.0,6.0
Cauca,2020-06-08 14:15:00,93,400.0,2020-02-29 05:00:00,sabado,30,Normal,Seca y limpia,Montañoso,Media Ladera Derecha,Curva Derecha,Parcial con paso alternado,1,0,0,0,5.0,Choque,otra - pasajero o acompanante,2503_0_93,8.0,17.0
Planta Central,2020-06-08 15:09:00,0,0.0,2020-03-05 05:00:00,jueves,50,Seca,Seca y limpia,Plano,Terraplen,Curva Izquierda,Parcial con paso alternado,2,0,2,0,2.0,Choque,adelantamientos indebidos,45AST08_1_0,11.0,15.0
Cauca,2020-06-08 15:33:00,4,700.0,2020-03-08 05:00:00,domingo,40,Normal,Seca y limpia,Ondulado,Media ladera Izquierda,Curva Derecha,Parcial con paso alternado,1,0,0,0,0.0,Choque,no mantener distancia de seguridad,2503_0_4,16.0,9.0
Cauca,2020-06-08 15:33:00,73,0.0,2020-03-03 05:00:00,martes,18,Normal,Seca y limpia,Plano,Terraplen,Recta,Parcial con paso alternado,1,0,2,0,2.0,Choque,otra - pasajero o acompanante,2503_0_73,22.0,3.0
Cauca,2020-06-08 15:33:00,81,800.0,2020-03-14 05:00:00,sabado,45,Normal,Seca y limpia,Montañoso,Media ladera Izquierda,Curva Derecha,Parcial con paso alternado,1,0,2,0,2.0,Choque,otra - pasajero o acompanante,2503_0_81,15.0,10.0
Cauca,2020-06-08 15:33:00,86,200.0,2020-03-15 05:00:00,domingo,55,Normal,Seca y limpia,Montañoso,Media Ladera Derecha,Curva Derecha,Parcial con paso alternado,1,0,0,1,7.0,Choque,adelantamientos indebidos,2503_0_86,3.0,22.0
Cauca,2020-06-08 16:03:00,90,600.0,2020-01-17 05:00:00,viernes,0,Sol,Seca y limpia,Montañoso,Cajón,Curva Derecha,Parcial con paso alternado,1,0,0,0,0.0,Choque,adelantamientos indebidos,2503_0_90,11.0,14.0
Planta Central,2020-06-08 16:04:00,9,200.0,2020-03-14 05:00:00,sabado,45,Lluvia,Humeda,Plano,Terraplen,Recta,Cierre total,2,30,2,1,3.0,Choque,exceso de velocidad,45AST08_2_9,22.0,4.0
Cauca,2020-06-08 16:23:00,69,250.0,2020-01-24 05:00:00,viernes,20,Sol,Seca y limpia,Montañoso,Media Ladera Derecha,Curva Derecha,Parcial con paso alternado,1,0,12,9,21.0,Volcamiento,fallas mecanicas y del sistema electrico,2503_0_69,10.0,15.0
Planta Central,2020-06-08 17:38:00,38,0.0,2020-02-29 05:00:00,sabado,0,Sol,Seca y limpia,Ondulado,Cajón,Recta,Parcial con paso alternado,11,0,0,0,0.0,Choque,adelantamientos indebidos,45A08_1_38,11.0,0.0
Planta Central,2020-06-08 17:54:00,71,514.0,2020-03-05 05:00:00,jueves,30,Normal,Seca y limpia,Montañoso,Media ladera Izquierda,Curva Izquierda,Parcial con paso alternado,16,30,0,0,0.0,Choque,adelantamientos indebidos,45A08_1_71,16.0,0.0
Planta Central,2020-06-08 18:04:00,77,790.0,2020-03-10 05:00:00,martes,10,Normal,Seca y limpia,Ondulado,Cajón,Recta,Parcial con paso alternado,7,10,0,0,0.0,Choque,adelantamientos indebidos,45A08_1_77,7.0,0.0
Planta Central,2020-06-08 18:19:00,27,253.0,2020-03-14 05:00:00,sabado,0,Lluvia,Humeda,Montañoso,Media Ladera Derecha,Curva Derecha,Parcial con paso alternado,1,0,0,0,0.0,Choque,desobediencia a normas y senales,45A08_1_27,1.0,0.0
Nariño,2020-06-08 19:24:00,114,700.0,2020-04-30 05:00:00,jueves,10,Normal,Seca y limpia,Montañoso,Terraplen,Curva Izquierda,Transito normal con precaución,14,10,0,0,0.0,Salida de la vía sin volcarse,otra - pasajero o acompanante,2502_1_114,14.0,0.0
Casanare,2020-06-08 19:29:00,88,350.0,2020-03-01 05:00:00,domingo,0,Normal,Seca y limpia,Plano,Terraplen,Recta,Transito normal con precaución,0,0,4,0,4.0,Volcamiento,impericia en el manejo,6513_0_88,5.0,19.0
Casanare,2020-06-08 19:32:00,60,850.0,2020-03-06 05:00:00,viernes,0,Normal,Seca y limpia,Plano,Terraplen,Recta,Transito normal con precaución,0,0,0,0,0.0,Choque,impericia en el manejo,6513_0_60,16.0,8.0
Casanare,2020-06-08 19:37:00,72,400.0,2020-03-06 05:00:00,viernes,30,Normal,Seca y limpia,Plano,Terraplen,Recta,Transito normal con precaución,0,0,0,0,0.0,Volcamiento,exceso en horas de conduccion,6513_0_72,4.0,20.0
Casanare,2020-06-08 19:39:00,11,950.0,2020-03-08 05:00:00,domingo,45,Normal,Seca y limpia,Plano,Terraplen,Recta,Transito normal con precaución,0,0,0,1,1.0,Choque,adelantamientos indebidos,6514_0_11,17.0,7.0
Casanare,2020-06-08 19:47:00,23,200.0,2020-04-04 05:00:00,sabado,0,Normal,Seca y limpia,Plano,Terraplen,Recta,Transito normal con precaución,0,0,0,0,0.0,Choque,estacionamiento y senalizacion imprudente,6514_0_23,6.0,18.0
Casanare,2020-06-08 20:00:00,29,850.0,2020-04-05 05:00:00,domingo,30,Normal,Humeda,Plano,Terraplen,Recta,Transito normal con precaución,0,0,0,0,0.0,Choque,impericia en el manejo,6513_0_29,20.0,4.0