territorial,fecha_registro,pr,distancia_pr,fecha_acc,dia_semana_acc,min_acc,condic_meteor,estado_super,terreno,secc_tip,geometria_acc,tipo_cierre,horas_cierre,min_cierre,n_heridos,n_muertos,n_victimas,clase_accidente,causa_posible,ref_loc,hora_acc,duracion_cierre_horas
Planta Central,2020-06-08 20:21:00,18,212.0,2020-03-20 05:00:00,viernes,45,Normal,Seca y limpia,Montañoso,Media ladera Izquierda,Recta,Parcial con paso alternado,7,45,1,0,1.0,Choque,imprudencia del conductor,45A08_1_18,7.0,0.0
Planta Central,2020-06-08 20:40:00,58,250.0,2020-04-21 05:00:00,martes,30,Lluvia,Humeda,Montañoso,Media Ladera Derecha,Curva Derecha,Cierre total,9,30,0,0,0.0,Volcamiento,exceso de velocidad,45A08_1_58,9.0,0.0
Planta Central,2020-06-09 13:13:00,51,80.0,2020-04-01 05:00:00,miercoles,10,Seca,Seca y limpia,Montañoso,Media Ladera Derecha,Curva Derecha,Parcial con paso alternado,2,0,1,0,1.0,Volcamiento,adelantamientos indebidos,45A07_1_51,13.0,13.0
Planta Central,2020-06-09 13:32:00,8,900.0,2020-04-07 05:00:00,martes,30,Normal,Otra,Plano,Terraplen,Recta,Transito normal con precaución,2,0,1,0,1.0,Choque,no mantener distancia de seguridad,45AST08_1_8,15.0,11.0
Planta Central,2020-06-09 13:49:00,85,0.0,2020-04-10 05:00:00,viernes,15,Normal,Otra,Ondulado,Media ladera Izquierda,Recta,Parcial con paso alternado,1,30,1,0,1.0,Caída ocupante,condiciones de la via y factores ambientales,45A07_1_85,23.0,2.0
Boyacá,2020-06-09 16:32:00,27,650.0,2019-12-01 05:00:00,domingo,15,Lluvia,Humeda,Plano,Media Ladera Derecha,Recta,Transito normal con precaución,17,38,0,0,0.0,Choque,adelantamientos indebidos,6209_0_27,17.0,0.0
Planta Central,2020-06-09 14:27:00,87,200.0,2020-04-22 05:00:00,miercoles,15,Seca,Seca y limpia,Plano,Terraplen,Curva Izquierda,Transito normal con precaución,2,0,1,0,1.0,Choque,exceso de velocidad,45A07_2_87,12.0,14.0
Boyacá,2020-06-09 16:32:00,21,500.0,2019-12-13 05:00:00,viernes,20,Lluvia,Humeda,Ondulado,Cajón,Recta,Transito normal con precaución,17,30,0,0,0.0,Volcamiento,condiciones de la via y factores ambientales,6209_0_21,17.0,0.0
Boyacá,2020-06-09 16:32:00,61,300.0,2019-12-07 05:00:00,sabado,12,Sol,Seca y limpia,Plano,Media Ladera Derecha,Recta,Transito normal con precaución,19,30,0,0,0.0,Choque,impericia en el manejo,6209_0_61,7.0,12.0
Boyacá,2020-06-09 16:32:00,12,600.0,2019-12-13 05:00:00,viernes,30,Lluvia,Humeda,Plano,Media ladera Izquierda,Recta,Transito normal con precaución,21,30,0,0,0.0,Choque,no mantener distancia de seguridad,6209_0_12,21.0,0.0
Boyacá,2020-06-09 16:57:00,6,950.0,2020-06-20 05:00:00,sabado,50,Sol,Seca y limpia,Plano,Terraplen,Recta,Transito normal con precaución,14,45,0,0,0.0,Choque,fallas mecanicas y del sistema electrico,6008_0_6,14.0,0.0
Boyacá,2020-06-09 17:54:00,26,620.0,2019-10-06 05:00:00,domingo,0,Sol,Seca y limpia,Plano,Media Ladera Derecha,Curva Izquierda,Transito normal con precaución,6,15,0,0,1.0,Choque,otra - conductor en general,6209_0_26,6.0,0.0
Putumayo,2020-06-09 22:31:00,10,410.0,2020-06-08 05:00:00,lunes,30,Seca,Seca y limpia,Ondulado,Cajón,Curva Derecha,Cierre total,5,30,0,1,1.0,Choque,exceso de velocidad,4501_1_10,3.0,2.0
Putumayo,2020-06-09 22:31:00,10,400.0,2020-06-08 05:00:00,lunes,9,Seca,Seca y limpia,Ondulado,Terraplen,Curva Derecha,Cierre total,5,30,0,1,1.0,Choque,exceso de velocidad,4501_1_10,3.0,2.0
Putumayo,2020-06-09 22:45:00,31,800.0,2020-06-08 05:00:00,lunes,20,Seca,Seca y limpia,Ondulado,Cajón,Curva Izquierda,Cierre total,11,30,1,0,1.0,Volcamiento,impericia en el manejo,4501_1_31,11.0,0.0
Boyacá,2020-06-09 17:40:00,56,900.0,2019-10-02 05:00:00,miercoles,5,Normal,Seca y limpia,Ondulado,Media Ladera Derecha,Curva Izquierda,Transito normal con precaución,0,20,0,0,0.0,Salida de la vía sin volcarse,impericia en el manejo,6209_0_56,0.0,0.0
Boyacá,2020-06-09 17:54:00,62,350.0,2019-10-13 05:00:00,domingo,45,Normal,Seca y limpia,Ondulado,Terraplen,Curva Izquierda,Transito normal con precaución,19,20,1,0,2.0,Choque,impericia en el manejo,6209_0_62,19.0,0.0
Boyacá,2020-06-09 17:54:00,4,400.0,2019-10-13 05:00:00,domingo,30,Sol,Seca y limpia,Plano,Cajón,Recta,Transito normal con precaución,11,40,0,0,2.0,Choque,condiciones de la via y factores ambientales,6008_0_4,11.0,0.0
Boyacá,2020-06-09 17:54:00,11,1020.0,2019-10-16 05:00:00,miercoles,40,Sol,Seca y limpia,Montañoso,Media ladera Izquierda,Curva Derecha,Transito normal con precaución,14,55,0,0,2.0,Volcamiento,fallas mecanicas y del sistema electrico,6209_0_11,14.0,0.0
Boyacá,2020-06-09 17:54:00,23,600.0,2019-10-16 05:00:00,miercoles,15,Sol,Seca y limpia,Plano,Terraplen,Recta,Transito normal con precaución,10,20,0,0,2.0,Choque,otra - conductor en general,6008_0_23,10.0,0.0
Boyacá,2020-06-09 17:54:00,34,140.0,2019-10-25 05:00:00,viernes,30,Sol,Seca y limpia,Plano,Terraplen,Recta,Transito normal con precaución,15,40,0,0,2.0,Choque,impericia en el manejo,6209_0_34,15.0,0.0
Planta Central,2020-06-09 20:12:00,80,630.0,2020-04-29 05:00:00,miercoles,0,Sol,Seca y limpia,Plano,Terraplen,Recta,Parcial con reducción de carriles,2,0,0,0,0.0,Volcamiento,exceso de velocidad,45A07_2_80,14.0,12.0
Cesar,2020-06-09 20:56:00,35,100.0,2020-05-22 05:00:00,viernes,10,Normal,Seca y limpia,Plano,Terraplen,Recta,Transito normal con precaución,13,10,2,0,2.0,Choque,otra - pasajero o acompanante,4313_0_35,13.0,0.0
Boyacá,2020-06-10 15:23:00,10,600.0,2019-11-04 05:00:00,lunes,30,Sol,Seca y limpia,Plano,Media ladera Izquierda,Recta,Transito normal con precaución,11,50,0,0,0.0,Choque,desobediencia a normas y senales,6209_0_10,11.0,0.0
Boyacá,2020-06-10 15:23:00,20,400.0,2019-11-04 05:00:00,lunes,30,Sol,Seca y limpia,Ondulado,Media Ladera Derecha,Curva Derecha,Transito normal con precaución,11,55,0,0,2.0,Choque,adelantamientos indebidos,6209_0_20,12.0,23.0
Boyacá,2020-06-10 15:23:00,44,100.0,2019-11-10 05:00:00,domingo,30,Sol,Seca y limpia,Plano,Terraplen,Recta,Transito normal con precaución,11,35,0,1,3.0,Volcamiento,impericia en el manejo,6209_0_44,9.0,2.0
Risaralda,2020-06-10 15:55:00,2,30.0,2020-02-08 05:00:00,sabado,45,Normal,Seca y limpia,Plano,Terraplen,Recta,Transito normal con precaución,13,45,0,0,0.0,Choque,otra - conductor en general,2902_1_2,13.0,0.0
Risaralda,2020-06-10 15:59:00,1,560.0,2020-02-09 05:00:00,domingo,20,Normal,Seca y limpia,Plano,Terraplen,Recta,Transito normal con precaución,20,20,0,0,0.0,Choque,maniobras imprudentes,2902_2_1,20.0,0.0
Risaralda,2020-06-10 16:28:00,0,0.0,2020-02-09 05:00:00,domingo,25,Normal,Seca y limpia,Plano,Terraplen,Recta,Transito normal con precaución,0,25,1,0,1.0,Atropello,otra - conductor en general,29RSA_2_0,0.0,0.0
Risaralda,2020-06-10 16:37:00,0,0.0,2020-02-09 05:00:00,domingo,37,Normal,Seca y limpia,Plano,Terraplen,Recta,Transito normal con precaución,20,37,0,0,0.0,Choque,no mantener distancia de seguridad,29RSA_1_0,20.0,0.0
Boyacá,2020-06-10 18:04:00,21,700.0,2019-09-01 05:00:00,domingo,40,Lluvia,Humeda,Montañoso,Media Ladera Derecha,Curva Izquierda,Transito normal con precaución,18,55,0,0,0.0,Choque,condiciones de la via y factores ambientales,6209_0_21,18.0,0.0
Boyacá,2020-06-10 18:04:00,47,100.0,2019-09-08 05:00:00,domingo,30,Sol,Seca y limpia,Ondulado,Terraplen,Curva Derecha,Transito normal con precaución,8,45,0,0,0.0,Choque,adelantamientos indebidos,6209_0_47,8.0,0.0
Boyacá,2020-06-10 18:04:00,28,950.0,2019-09-08 05:00:00,domingo,40,Normal,Seca y limpia,Plano,Terraplen,Recta,Transito normal con precaución,18,55,0,0,0.0,Choque,condiciones de la via y factores ambientales,6008_0_28,18.0,0.0
Risaralda,2020-06-10 18:11:00,1,80.0,2020-02-10 05:00:00,lunes,5,Normal,Seca y limpia,Plano,Terraplen,Recta,Transito normal con precaución,18,5,0,0,0.0,Choque,otra - conductor en general,2902_1_1,18.0,0.0
Planta Central,2020-06-10 21:28:00,77,800.0,2020-03-15 05:00:00,domingo,0,Normal,Seca y limpia,Plano,Terraplen,Recta,Transito normal con precaución,16,20,0,1,1.0,Choque,maniobras imprudentes,3105_1_77,16.0,0.0
Planta Central,2020-06-10 21:05:00,19,80.0,2020-02-01 05:00:00,sabado,0,Normal,Seca y limpia,Plano,Terraplen,Recta,Transito normal con precaución,0,0,0,0,0.0,Choque,otra - conductor en general,2505_1_19,15.0,9.0
Planta Central,2020-06-10 21:05:00,40,500.0,2020-02-01 05:00:00,sabado,15,Normal,Seca y limpia,Plano,Terraplen,Recta,Transito normal con precaución,0,0,0,0,0.0,Choque,otra - conductor en general,2505_2_40,14.0,10.0
Planta Central,2020-06-10 21:51:00,43,750.0,2019-09-21 05:00:00,sabado,0,Sol,Seca y limpia,Plano,Terraplen,Recta,Transito normal con precaución,6,15,0,1,2.0,Choque,adelantamientos indebidos,2504A_1_43,6.0,0.0
Planta Central,2020-06-10 21:54:00,27,100.0,2020-02-01 05:00:00,sabado,30,Normal,Seca y limpia,Plano,Terraplen,Recta,Transito normal con precaución,0,0,2,2,4.0,Choque,otra - conductor en general,2505_1_27,23.0,1.0
Planta Central,2020-06-10 22:02:00,16,550.0,2019-09-28 05:00:00,sabado,30,Sol,Seca y limpia,Plano,Terraplen,Recta,Transito normal con precaución,9,40,0,1,1.0,Atropello,conducta de peatones,2504A_1_16,9.0,0.0
Boyacá,2020-06-11 14:05:00,62,380.0,2019-09-30 05:00:00,lunes,50,Sol,Seca y limpia,Ondulado,Terraplen,Curva Izquierda,Transito normal con precaución,8,9,0,0,0.0,Choque,otra - conductor en general,6209_0_62,8.0,0.0
Planta Central,2020-06-11 19:25:00,30,570.0,2019-09-18 05:00:00,miercoles,50,Sol,Seca y limpia,Plano,Terraplen,Recta,Transito normal con precaución,12,16,0,1,1.0,Choque,otra - conductor en general,2505_1_30,12.0,0.0
Planta Central,2020-06-11 19:35:00,50,100.0,2019-09-18 05:00:00,miercoles,10,Sol,Seca y limpia,Plano,Terraplen,Curva Izquierda,Transito normal con precaución,8,10,0,0,0.0,Choque,otra - conductor en general,2505_1_50,8.0,0.0
Risaralda,2020-06-11 13:59:00,1,63.0,2020-02-10 05:00:00,lunes,40,Normal,Seca y limpia,Plano,Terraplen,Recta,Transito normal con precaución,21,40,0,0,0.0,Choque,otra - conductor en general,2902_1_1,21.0,0.0
Planta Central,2020-06-11 16:30:00,56,200.0,2020-01-01 05:00:00,miercoles,45,Normal,Seca y limpia,Plano,Terraplen,Recta,Transito normal con precaución,15,10,0,0,0.0,Choque,otra - conductor en general,2302_1_56,14.0,1.0
Planta Central,2020-06-11 16:43:00,58,600.0,2020-01-18 05:00:00,sabado,30,Normal,Seca y limpia,Plano,Terraplen,Recta,Transito normal con precaución,19,20,0,0,0.0,Incendio,condiciones de la via y factores ambientales,2302_1_58,18.0,1.0
Planta Central,2020-06-11 16:53:00,29,400.0,2020-01-18 05:00:00,sabado,15,Normal,Seca y limpia,Plano,Terraplen,Curva Derecha,Transito normal con precaución,11,20,0,0,0.0,Volcamiento,otra - conductor en general,2302_1_29,10.0,1.0
Planta Central,2020-06-11 17:49:00,18,50.0,2020-01-20 05:00:00,lunes,0,Normal,Seca y limpia,Plano,Terraplen,Curva Izquierda,Transito normal con precaución,5,30,0,0,0.0,Choque,fallas mecanicas y del sistema electrico,2302_1_18,4.0,1.0
Planta Central,2020-06-11 19:48:00,63,250.0,2019-09-20 05:00:00,viernes,50,Lluvia,Humeda,Plano,Terraplen,Recta,Transito normal con precaución,5,50,0,1,1.0,Otro,condiciones de la via y factores ambientales,2505_1_63,5.0,0.0
Planta Central,2020-06-11 19:59:00,91,200.0,2020-01-24 05:00:00,viernes,0,Normal,Seca y limpia,Plano,Terraplen,Recta,Transito normal con precaución,14,20,1,0,1.0,Choque,desobediencia a normas y senales,2302_1_91,14.0,0.0
Planta Central,2020-06-11 20:04:00,65,500.0,2019-09-20 05:00:00,viernes,40,Lluvia,Humeda,Plano,Terraplen,Curva Izquierda,Transito normal con precaución,6,40,0,0,3.0,Choque,condiciones de la via y factores ambientales,2505_2_65,6.0,0.0
Planta Central,2020-06-11 20:18:00,5,150.0,2019-09-20 05:00:00,viernes,40,Sol,Seca y limpia,Plano,Terraplen,Recta,Transito normal con precaución,16,40,2,0,2.0,Volcamiento,otra - conductor en general,2505_2_5,16.0,0.0
Planta Central,2020-06-11 20:22:00,114,100.0,2020-02-22 05:00:00,sabado,0,Normal,Seca y limpia,Plano,Terraplen,Recta,Transito normal con precaución,19,20,1,1,2.0,Choque,adelantamientos indebidos,2302_1_114,19.0,0.0
Planta Central,2020-06-11 20:27:00,6,550.0,2019-09-21 05:00:00,sabado,5,Sol,Seca y limpia,Plano,Terraplen,Recta,Transito normal con precaución,12,20,0,0,0.0,Volcamiento,maniobras imprudentes,2505_1_6,12.0,0.0
Planta Central,2020-06-11 20:47:00,18,150.0,2019-09-22 05:00:00,domingo,30,Sol,Seca y limpia,Plano,Terraplen,Curva Derecha,Transito normal con precaución,3,45,0,0,0.0,Choque,embriaguez o sustancias alucinogenas,2505_1_18,3.0,0.0
Planta Central,2020-06-11 20:56:00,5,850.0,2019-09-25 05:00:00,miercoles,45,Sol,Seca y limpia,Plano,Terraplen,Recta,Transito normal con precaución,14,10,0,0,0.0,Choque,no mantener distancia de seguridad,2505_2_5,13.0,1.0
Planta Central,2020-06-11 21:10:00,27,600.0,2019-09-26 05:00:00,jueves,0,Seca,Seca y limpia,Plano,Terraplen,Recta,Transito normal con precaución,5,20,1,0,2.0,Choque,no mantener distancia de seguridad,2505_1_27,5.0,0.0
Planta Central,2020-06-12 15:18:00,115,400.0,2020-04-09 05:00:00,jueves,0,Seca,Seca y limpia,Plano,Terraplen,Curva Derecha,Parcial con reducción de carriles,14,0,0,0,0.0,Caída ocupante,embriaguez o sustancias alucinogenas,4001_1_115,12.0,2.0
Planta Central,2020-06-12 15:25:00,80,500.0,2020-04-15 05:00:00,miercoles,50,Lluvia,Humeda,Ondulado,Terraplen,Curva Derecha,Parcial con paso alternado,13,30,0,0,0.0,Choque,otra - conductor en general,4001_1_80,12.0,1.0
Planta Central,2020-06-12 15:32:00,73,500.0,2020-04-17 05:00:00,viernes,0,Seca,Seca y limpia,Montañoso,Media ladera Izquierda,Curva Derecha,Parcial con paso alternado,19,45,0,0,0.0,Volcamiento,otra - conductor en general,4001_1_73,19.0,0.0
Planta Central,2020-06-12 15:50:00,107,600.0,2020-04-22 05:00:00,miercoles,45,Seca,Seca y limpia,Montañoso,Media Ladera Derecha,Recta,Transito normal con precaución,7,10,0,0,0.0,Choque,otra - conductor en general,4001_1_107,6.0,1.0
Planta Central,2020-06-12 15:54:00,65,620.0,2020-04-25 05:00:00,sabado,30,Seca,Seca y limpia,Montañoso,Media ladera Izquierda,Curva Izquierda,Parcial con paso alternado,17,45,0,0,0.0,Choque,otra - conductor en general,4001_1_65,17.0,0.0
Nariño,2020-06-30 22:57:00,21,700.0,2020-05-01 05:00:00,viernes,30,Lluvia,Humeda,Montañoso,Media ladera Izquierda,Curva Derecha,Transito normal con precaución,20,30,0,0,0.0,Choque,condiciones de la via y factores ambientales,1002_1_21,20.0,0.0
Planta Central,2020-06-12 16:01:00,90,700.0,2020-04-30 05:00:00,jueves,0,Seca,Seca y limpia,Ondulado,Terraplen,Recta,Transito normal con precaución,23,55,0,0,0.0,Volcamiento,otra - conductor en general,4001_1_90,23.0,0.0
Risaralda,2020-06-12 19:13:00,31,200.0,2020-05-05 05:00:00,martes,30,Normal,Seca y limpia,Ondulado,Media ladera Izquierda,Recta,Transito normal con precaución,18,30,1,0,1.0,Choque,maniobras imprudentes,5003_0_31,18.0,0.0
Risaralda,2020-06-12 19:15:00,12,460.0,2020-05-20 05:00:00,miercoles,0,Normal,Seca y limpia,Montañoso,Media ladera Izquierda,Curva Derecha,Transito normal con precaución,6,0,0,0,0.0,Volcamiento,otra - conductor en general,50RS01_1_12,6.0,0.0
Risaralda,2020-06-12 19:17:00,53,850.0,2020-05-31 05:00:00,domingo,30,Normal,Seca y limpia,Ondulado,Media ladera Izquierda,Curva Izquierda,Transito normal con precaución,17,30,1,0,1.0,Choque,maniobras imprudentes,5003_0_53,17.0,0.0
Bolívar,2020-06-12 22:14:00,22,0.0,2020-05-08 05:00:00,viernes,30,Normal,Seca y limpia,Plano,Terraplen,Recta,Transito normal con precaución,0,0,0,0,0.0,Otro,condiciones de la via y factores ambientales,7803_0_22,10.0,14.0
Córdoba,2020-06-13 19:20:00,0,950.0,2020-03-08 05:00:00,domingo,15,Normal,Seca y limpia,Plano,Terraplen,Recta,Parcial con paso alternado,0,45,0,1,4.0,Choque,otra - conductor en general,9004_1_0,23.0,1.0
Córdoba,2020-06-13 21:53:00,63,390.0,2020-04-12 05:00:00,domingo,0,Lluvia,Humeda,Plano,Terraplen,Curva Izquierda,Transito normal con precaución,1,0,0,0,0.0,Choque,condiciones de la via y factores ambientales,7401_1_63,15.0,10.0
Córdoba,2020-06-13 22:14:00,29,420.0,2020-04-23 05:00:00,jueves,20,Normal,Seca y limpia,Plano,Terraplen,Recta,Cierre total,0,5,0,0,1.0,Atropello,desobediencia a normas y senales,9003_0_29,9.0,15.0
Córdoba,2020-06-14 17:26:00,2,360.0,2020-04-24 05:00:00,viernes,0,Normal,Seca y limpia,Plano,Terraplen,Curva Derecha,Transito normal con precaución,1,0,0,0,0.0,Volcamiento,maniobras imprudentes,9003_0_2,7.0,18.0
Boyacá,2020-06-16 15:14:00,5,400.0,2020-05-25 05:00:00,lunes,0,Normal,Seca y limpia,Plano,Media Ladera Derecha,Curva Izquierda,Transito normal con precaución,10,15,0,0,0.0,Choque,no mantener distancia de seguridad,6209_0_5,10.0,0.0
Boyacá,2020-06-16 20:07:00,0,30.0,2019-08-19 05:00:00,lunes,30,Sol,Seca y limpia,Plano,Media Ladera Derecha,Curva Izquierda,Transito normal con precaución,11,35,1,0,1.0,Choque,fallas mecanicas y del sistema electrico,6209_0_0,13.0,22.0
Planta Central,2020-06-16 20:23:00,11,525.0,2020-04-02 05:00:00,jueves,0,Sol,Seca y limpia,Ondulado,Media ladera Izquierda,Curva Izquierda,Transito normal con precaución,14,0,0,0,0.0,Volcamiento,otra - conductor en general,45A05_1_11,14.0,0.0
Cauca,2020-07-08 17:31:00,55,750.0,2020-05-21 05:00:00,jueves,50,Sol,Seca y limpia,Montañoso,Terraplen,Curva Derecha,Transito normal con precaución,0,0,3,0,3.0,Otro,otra - conductor en general,2001_1_55,11.0,13.0
Planta Central,2020-06-16 20:34:00,74,650.0,2020-04-26 05:00:00,domingo,0,Sol,Seca y limpia,Plano,Media ladera Izquierda,Curva Derecha,Transito normal con precaución,9,0,2,0,2.0,Caída ocupante,impericia en el manejo,45A05_1_74,9.0,0.0
Boyacá,2020-06-16 15:21:00,37,100.0,2019-09-14 05:00:00,sabado,30,Normal,Seca y limpia,Ondulado,Terraplen,Recta,Transito normal con precaución,10,15,1,0,1.0,Choque,impericia en el manejo,6209_0_37,18.0,16.0
Boyacá,2020-06-16 15:32:00,28,50.0,2019-09-15 05:00:00,domingo,40,Normal,Seca y limpia,Ondulado,Terraplen,Recta,Transito normal con precaución,17,20,0,0,0.0,Choque,maniobras imprudentes,6209_0_28,17.0,0.0
Boyacá,2020-06-16 16:04:00,42,300.0,2019-08-16 05:00:00,viernes,10,Lluvia,Humeda,Ondulado,Media Ladera Derecha,Curva Izquierda,Transito normal con precaución,15,20,0,0,0.0,Choque,condiciones de la via y factores ambientales,6209_0_42,15.0,0.0
Boyacá,2020-06-16 17:04:00,21,100.0,2019-08-17 05:00:00,sabado,30,Lluvia,Humeda,Montañoso,Media Ladera Derecha,Curva Izquierda,Transito normal con precaución,11,40,0,0,0.0,Choque,condiciones de la via y factores ambientales,6209_0_21,11.0,0.0
Planta Central,2020-06-16 20:25:00,48,160.0,2020-04-01 05:00:00,miercoles,40,Sol,Seca y limpia,Plano,Terraplen,Recta,Transito normal con precaución,16,40,0,0,0.0,Choque,no mantener distancia de seguridad,45A05_2_48,16.0,0.0
Planta Central,2020-06-16 20:39:00,74,650.0,2020-04-26 05:00:00,domingo,0,Sol,Seca y limpia,Plano,Media ladera Izquierda,Curva Derecha,Transito normal con precaución,9,0,2,0,2.0,Caída ocupante,impericia en el manejo,45A05_1_74,9.0,0.0
Planta Central,2020-06-16 20:46:00,80,636.0,2020-04-13 05:00:00,lunes,0,Niebla,Seca y limpia,Montañoso,Media Ladera Derecha,Recta,Transito normal con precaución,15,0,0,0,0.0,Volcamiento,otra - conductor en general,45A05_1_80,15.0,0.0
Quindío,2020-06-17 13:57:00,42,900.0,2020-05-21 05:00:00,jueves,30,Normal,Seca y limpia,Plano,Terraplen,Recta,Transito normal con precaución,0,5,0,0,0.0,Choque,adelantamientos indebidos,4002_1_42,19.0,5.0
Quindío,2020-06-17 14:12:00,2,850.0,2020-05-22 05:00:00,viernes,0,Normal,Seca y limpia,Montañoso,Media Ladera Derecha,Curva Derecha,Transito normal con precaución,0,10,0,0,0.0,Choque,adelantamientos indebidos,40QN04_0_2,7.0,17.0
Quindío,2020-06-17 14:37:00,11,950.0,2020-05-25 05:00:00,lunes,0,Normal,Seca y limpia,Montañoso,Cajón,Recta,Parcial con paso alternado,0,20,0,1,1.0,Atropello,otra - conductor en general,2901B_1_11,17.0,7.0
Quindío,2020-06-17 18:18:00,3,100.0,2020-05-25 05:00:00,lunes,0,Normal,Seca y limpia,Montañoso,Media Ladera Derecha,Recta,Transito normal con precaución,0,20,1,0,1.0,Atropello,conducta de peatones,40QN04_0_3,20.0,4.0
Quindío,2020-06-17 20:14:00,10,470.0,2020-05-17 05:00:00,domingo,0,Normal,Seca y limpia,Montañoso,Media ladera Izquierda,Recta,Transito normal con precaución,10,0,1,0,1.0,Salida de la vía sin volcarse,maniobras imprudentes,25VL07_1_10,12.0,22.0
Planta Central,2020-06-17 22:26:00,47,980.0,2020-01-02 05:00:00,jueves,0,Normal,Seca y limpia,Plano,Terraplen,Curva Derecha,Parcial con paso alternado,15,15,2,0,4.0,Choque,fallas mecanicas y del sistema electrico,2504A_1_47,15.0,0.0
Planta Central,2020-06-17 23:09:00,41,810.0,2020-01-11 05:00:00,sabado,50,Sol,Seca y limpia,Plano,Terraplen,Recta,Parcial con paso alternado,5,15,0,0,0.0,Choque,no mantener distancia de seguridad,2504A_1_41,4.0,1.0
Planta Central,2020-06-17 23:09:00,43,400.0,2020-01-26 05:00:00,domingo,10,Normal,Seca y limpia,Plano,Terraplen,Recta,Parcial con paso alternado,13,20,0,0,0.0,Choque,no mantener distancia de seguridad,2504A_1_43,13.0,0.0
Boyacá,2020-06-18 14:01:00,52,200.0,2019-08-09 05:00:00,viernes,15,Normal,Seca y limpia,Ondulado,Cajón,Recta,Transito normal con precaución,17,40,0,0,0.0,Choque,otra - conductor en general,6209_0_52,17.0,0.0
Cesar,2020-06-18 13:55:00,8,600.0,2020-05-16 05:00:00,sabado,0,Normal,Seca y limpia,Plano,Terraplen,Recta,Parcial con paso alternado,22,25,3,0,3.0,Choque,maniobras imprudentes,4901_1_8,22.0,0.0
Cesar,2020-06-18 14:04:00,7,200.0,2020-05-12 05:00:00,martes,30,Normal,Seca y limpia,Plano,Terraplen,Curva Izquierda,Parcial con paso alternado,7,30,0,0,0.0,Volcamiento,maniobras imprudentes,4901_1_7,6.0,1.0
Cesar,2020-06-18 14:22:00,113,400.0,2020-05-16 05:00:00,sabado,0,Normal,Seca y limpia,Plano,Terraplen,Recta,Parcial con paso alternado,10,50,1,0,1.0,Choque,adelantamientos indebidos,4901_1_113,10.0,0.0
Planta Central,2020-06-18 14:40:00,40,1024.0,2020-06-06 05:00:00,sabado,45,Lluvia,Humeda,Ondulado,Media ladera Izquierda,Recta,Transito normal con precaución,20,45,0,0,0.0,Volcamiento,exceso de velocidad,45A04_1_40,20.0,0.0
Córdoba,2020-06-18 16:16:00,29,550.0,2020-05-26 05:00:00,martes,0,Normal,Seca y limpia,Ondulado,Terraplen,Curva Izquierda,Parcial con reducción de carriles,3,0,0,0,0.0,Volcamiento,otra - conductor en general,2514_1_29,1.0,2.0
Córdoba,2020-06-18 16:19:00,31,150.0,2020-05-05 05:00:00,martes,0,Normal,Seca y limpia,Ondulado,Terraplen,Curva Derecha,Transito normal con precaución,0,0,0,0,0.0,Volcamiento,otra - conductor en general,2514_1_31,12.0,12.0
Córdoba,2020-06-18 16:22:00,49,650.0,2020-05-19 05:00:00,martes,20,Normal,Seca y limpia,Ondulado,Terraplen,Curva Derecha,Parcial con reducción de carriles,2,0,0,0,0.0,Volcamiento,maniobras imprudentes,2514_1_49,23.0,3.0
Córdoba,2020-06-18 16:27:00,4,0.0,2020-05-30 05:00:00,sabado,0,Lluvia,Humeda,Ondulado,Media ladera Izquierda,Recta,Parcial con reducción de carriles,1,0,0,0,0.0,Salida de la vía sin volcarse,maniobras imprudentes,7403_1_4,8.0,17.0
Córdoba,2020-06-18 16:31:00,33,450.0,2020-05-03 05:00:00,domingo,50,Normal,Seca y limpia,Plano,Terraplen,Recta,Transito normal con precaución,0,0,0,0,0.0,Choque,maniobras imprudentes,7403_1_33,17.0,7.0
Córdoba,2020-06-18 16:35:00,42,300.0,2020-05-22 05:00:00,viernes,40,Normal,Seca y limpia,Plano,Terraplen,Recta,Parcial con reducción de carriles,3,0,0,1,2.0,Atropello,impericia en el manejo,7403_1_42,18.0,9.0
Planta Central,2020-06-18 20:13:00,41,640.0,2020-05-06 05:00:00,miercoles,20,Lluvia,Humeda,Montañoso,Media Ladera Derecha,Curva Derecha,Transito normal con precaución,18,20,0,1,2.0,Choque,desobediencia a normas y senales,45A06_0_41,18.0,0.0
Planta Central,2020-06-18 20:19:00,125,780.0,2020-05-06 05:00:00,miercoles,36,Sol,Seca y limpia,Ondulado,Media Ladera Derecha,Recta,Transito normal con precaución,13,36,0,0,0.0,Choque,impericia en el manejo,45A06_0_125,13.0,0.0
Planta Central,2020-06-18 20:27:00,94,400.0,2020-05-11 05:00:00,lunes,30,Normal,Seca y limpia,Montañoso,Media Ladera Derecha,Curva Izquierda,Transito normal con precaución,22,30,0,1,2.0,Choque,impericia en el manejo,45A06_0_94,22.0,0.0
Planta Central,2020-06-18 20:29:00,111,700.0,2020-05-15 05:00:00,viernes,40,Sol,Seca y limpia,Plano,Media Ladera Derecha,Recta,Transito normal con precaución,8,40,0,0,2.0,Atropello,conducta de peatones,45A06_0_111,8.0,0.0