territorial,fecha_registro,pr,distancia_pr,fecha_acc,dia_semana_acc,min_acc,condic_meteor,estado_super,terreno,secc_tip,geometria_acc,tipo_cierre,horas_cierre,min_cierre,n_heridos,n_muertos,n_victimas,clase_accidente,causa_posible,ref_loc,hora_acc,duracion_cierre_horas
Planta Central,2020-06-19 14:42:00,103,0.0,2020-05-16 05:00:00,sabado,0,Sol,Seca y limpia,Montañoso,Media Ladera Derecha,Curva Derecha,Transito normal con precaución,16,0,1,0,1.0,Choque,impericia en el manejo,45A06_0_103,16.0,0.0
Planta Central,2020-06-19 14:49:00,125,0.0,2020-05-18 05:00:00,lunes,0,Sol,Seca y limpia,Ondulado,Media Ladera Derecha,Recta,Transito normal con precaución,10,0,2,0,2.0,Choque,desobediencia a normas y senales,45A06_0_125,10.0,0.0
Planta Central,2020-06-19 14:56:00,78,150.0,2020-05-24 05:00:00,domingo,0,Seca,Seca y limpia,Montañoso,Media ladera Izquierda,Recta,Transito normal con precaución,12,0,2,0,3.0,Volcamiento,desobediencia a normas y senales,45A06_0_78,12.0,0.0
Cesar,2020-06-19 15:59:00,36,900.0,2020-05-16 05:00:00,sabado,5,Normal,Seca y limpia,Plano,Terraplen,Recta,Transito normal con precaución,0,0,0,0,0.0,Volcamiento,desobediencia a normas y senales,7806_0_36,10.0,14.0
Risaralda,2020-06-19 16:18:00,1,63.0,2020-02-12 05:00:00,miercoles,55,Normal,Seca y limpia,Plano,Terraplen,Recta,Transito normal con precaución,13,55,0,0,0.0,Choque,otra - conductor en general,2902_1_1,13.0,0.0
Boyacá,2020-06-19 17:19:00,51,600.0,2019-08-24 05:00:00,sabado,40,Lluvia,Humeda,Ondulado,Media Ladera Derecha,Recta,Transito normal con precaución,9,55,0,0,0.0,Choque,condiciones de la via y factores ambientales,6209_0_51,9.0,0.0
Risaralda,2020-06-19 16:30:00,3,290.0,2020-02-12 05:00:00,miercoles,0,Normal,Seca y limpia,Plano,Terraplen,Recta,Transito normal con precaución,19,0,1,0,1.0,Atropello,otra - conductor en general,2902_2_3,19.0,0.0
Risaralda,2020-06-19 16:35:00,0,0.0,2020-02-14 05:00:00,viernes,0,Normal,Seca y limpia,Plano,Terraplen,Curva Izquierda,Transito normal con precaución,19,0,0,0,0.0,Choque,no mantener distancia de seguridad,29RSC_1_0,19.0,0.0
Boyacá,2020-06-19 17:44:00,14,250.0,2019-09-17 05:00:00,martes,30,Normal,Seca y limpia,Ondulado,Media ladera Izquierda,Curva Derecha,Transito normal con precaución,6,45,0,0,0.0,Volcamiento,impericia en el manejo,6008_0_14,6.0,0.0
Boyacá,2020-06-19 18:02:00,21,300.0,2019-10-03 05:00:00,jueves,45,Lluvia,Humeda,Montañoso,Cajón,Curva Derecha,Transito normal con precaución,7,55,1,0,1.0,Choque,impericia en el manejo,6209_0_21,7.0,0.0
Boyacá,2020-06-19 20:15:00,30,850.0,2019-10-10 05:00:00,jueves,15,Lluvia,Humeda,Plano,Terraplen,Recta,Transito normal con precaución,15,25,0,0,0.0,Choque,no mantener distancia de seguridad,6209_0_30,15.0,0.0
Boyacá,2020-06-19 20:23:00,21,350.0,2019-10-12 05:00:00,sabado,0,Lluvia,Humeda,Montañoso,Cajón,Curva Derecha,Transito normal con precaución,14,15,0,0,0.0,Volcamiento,impericia en el manejo,6209_0_21,14.0,0.0
Boyacá,2020-06-19 20:36:00,30,100.0,2019-11-17 05:00:00,domingo,30,Sol,Seca y limpia,Plano,Terraplen,Recta,Transito normal con precaución,9,45,0,0,0.0,Choque,desobediencia a normas y senales,6209_0_30,9.0,0.0
Boyacá,2020-06-19 20:43:00,3,0.0,2019-11-30 05:00:00,sabado,30,Normal,Seca y limpia,Plano,Media Ladera Derecha,Recta,Transito normal con precaución,19,45,0,0,0.0,Choque,adelantamientos indebidos,6008_0_3,19.0,0.0
Boyacá,2020-06-19 20:50:00,32,400.0,2019-11-11 05:00:00,lunes,30,Lluvia,Humeda,Plano,Terraplen,Recta,Transito normal con precaución,18,35,1,0,1.0,Atropello,conducta de peatones,6008_0_32,18.0,0.0
Boyacá,2020-06-19 21:02:00,19,50.0,2019-12-26 05:00:00,jueves,50,Lluvia,Humeda,Plano,Cajón,Recta,Transito normal con precaución,16,55,0,0,0.0,Choque,no mantener distancia de seguridad,6209_0_19,16.0,0.0
Boyacá,2020-06-19 21:12:00,21,150.0,2019-12-28 05:00:00,sabado,0,Lluvia,Humeda,Ondulado,Media Ladera Derecha,Curva Derecha,Transito normal con precaución,17,10,0,0,0.0,Salida de la vía sin volcarse,condiciones de la via y factores ambientales,6209_0_21,17.0,0.0
Córdoba,2020-06-19 22:13:00,2,860.0,2020-05-03 05:00:00,domingo,20,Normal,Seca y limpia,Plano,Terraplen,Curva Izquierda,Transito normal con precaución,0,30,1,0,1.0,Volcamiento,exceso de velocidad,9003_0_2,0.0,0.0
Córdoba,2020-06-19 22:41:00,32,700.0,2020-05-14 05:00:00,jueves,56,Normal,Seca y limpia,Plano,Terraplen,Recta,Transito normal con precaución,0,0,0,0,0.0,Volcamiento,maniobras imprudentes,74CR02_0_32,16.0,8.0
Córdoba,2020-06-19 22:51:00,6,700.0,2020-05-22 05:00:00,viernes,0,Normal,Humeda,Ondulado,Cajón,Recta,Transito normal con precaución,1,0,0,0,0.0,Volcamiento,condiciones de la via y factores ambientales,74CR02_0_6,9.0,16.0
Risaralda,2020-06-22 22:45:00,47,950.0,2020-05-23 05:00:00,sabado,10,Normal,Seca y limpia,Plano,Terraplen,Recta,Transito normal con precaución,0,0,1,0,1.0,Choque,otra - conductor en general,2506_2_47,14.0,10.0
Risaralda,2020-06-22 22:52:00,63,800.0,2020-05-25 05:00:00,lunes,40,Normal,Seca y limpia,Plano,Terraplen,Recta,Transito normal con precaución,0,0,0,0,0.0,Incendio,fallas mecanicas y del sistema electrico,2506_2_63,18.0,6.0
Boyacá,2020-06-23 14:30:00,29,850.0,2019-10-29 05:00:00,martes,30,Sol,Seca y limpia,Plano,Terraplen,Recta,Transito normal con precaución,18,45,0,0,0.0,Choque,impericia en el manejo,6209_0_29,8.0,10.0
Boyacá,2020-06-23 15:19:00,10,350.0,2019-09-25 05:00:00,miercoles,30,Sol,Seca y limpia,Ondulado,Media ladera Izquierda,Curva Izquierda,Transito normal con precaución,13,45,0,1,1.0,Choque,conducta de peatones,6209_0_10,13.0,0.0
Boyacá,2020-06-23 15:27:00,0,400.0,2019-08-23 05:00:00,viernes,40,Normal,Seca y limpia,Ondulado,Media Ladera Derecha,Curva Derecha,Transito normal con precaución,16,55,1,0,1.0,Choque,otra - conductor en general,6209_0_0,16.0,0.0
Boyacá,2020-06-23 15:57:00,18,300.0,2019-12-29 05:00:00,domingo,55,Lluvia,Humeda,Ondulado,Terraplen,Curva Derecha,Transito normal con precaución,22,0,0,0,0.0,Choque,no mantener distancia de seguridad,6008_0_18,21.0,1.0
Boyacá,2020-06-23 16:00:00,59,500.0,2019-12-25 05:00:00,miercoles,0,Normal,Seca y limpia,Ondulado,Terraplen,Curva Izquierda,Transito normal con precaución,6,10,0,0,0.0,Choque,exceso en horas de conduccion,6209_0_59,6.0,0.0
Planta Central,2020-06-23 18:47:00,53,800.0,2019-09-30 05:00:00,lunes,0,Sol,Seca y limpia,Plano,Terraplen,Curva Derecha,Transito normal con precaución,10,40,0,1,2.0,Choque,otra - conductor en general,2505_2_53,10.0,0.0
Planta Central,2020-06-23 19:01:00,0,400.0,2019-09-30 05:00:00,lunes,5,Normal,Seca y limpia,Plano,Media ladera Izquierda,Curva Izquierda,Transito normal con precaución,23,50,0,0,0.0,Volcamiento,otra - conductor en general,2505_1_0,14.0,9.0
Planta Central,2020-06-23 19:36:00,6,220.0,2019-10-06 05:00:00,domingo,0,Normal,Seca y limpia,Plano,Terraplen,Recta,Transito normal con precaución,7,30,0,0,0.0,Choque,no mantener distancia de seguridad,2505_2_6,7.0,0.0
Planta Central,2020-06-23 20:02:00,2,600.0,2020-05-04 05:00:00,lunes,0,Sol,Seca y limpia,Plano,Terraplen,Recta,Transito normal con precaución,13,35,0,0,1.0,Choque,otra - conductor en general,45CSI_1_2,13.0,0.0
Planta Central,2020-06-23 20:14:00,84,850.0,2020-05-08 05:00:00,viernes,20,Sol,Seca y limpia,Montañoso,Terraplen,Recta,Transito normal con precaución,21,30,0,0,0.0,Choque,otra - conductor en general,4514_2_84,21.0,0.0
Planta Central,2020-06-23 20:27:00,25,500.0,2020-05-09 05:00:00,sabado,30,Normal,Seca y limpia,Plano,Terraplen,Recta,Transito normal con precaución,1,40,0,0,0.0,Choque,condiciones de la via y factores ambientales,4515_2_25,0.0,1.0
Planta Central,2020-06-23 20:31:00,87,0.0,2020-05-15 05:00:00,viernes,0,Normal,Seca y limpia,Plano,Terraplen,Recta,Transito normal con precaución,9,20,0,0,0.0,Choque,no mantener distancia de seguridad,4515_1_87,9.0,0.0
Planta Central,2020-06-23 20:50:00,70,500.0,2020-05-22 05:00:00,viernes,50,Normal,Seca y limpia,Plano,Terraplen,Recta,Transito normal con precaución,19,0,0,0,0.0,Volcamiento,condiciones de la via y factores ambientales,4515_1_70,18.0,1.0
Planta Central,2020-06-23 20:52:00,85,950.0,2020-05-28 05:00:00,jueves,30,Lluvia,Humeda,Plano,Terraplen,Recta,Transito normal con precaución,23,20,0,0,0.0,Volcamiento,condiciones de la via y factores ambientales,4515_1_85,22.0,1.0
Planta Central,2020-06-23 21:03:00,5,100.0,2020-05-30 05:00:00,sabado,50,Normal,Seca y limpia,Plano,Terraplen,Recta,Transito normal con precaución,19,5,0,0,0.0,Choque,adelantamientos indebidos,4515_1_5,18.0,1.0
Planta Central,2020-06-23 21:07:00,26,172.0,2020-05-31 05:00:00,domingo,0,Lluvia,Humeda,Plano,Terraplen,Recta,Transito normal con precaución,7,50,2,0,2.0,Choque,desobediencia a normas y senales,4515_1_26,7.0,0.0
Boyacá,2020-06-23 22:18:00,65,520.0,2020-05-23 05:00:00,sabado,47,Normal,Seca y limpia,Ondulado,Media Ladera Derecha,Curva Izquierda,Transito normal con precaución,18,0,1,0,1.0,No determinado,otra - conductor en general,6008_0_65,17.0,1.0
Boyacá,2020-06-23 22:32:00,37,730.0,2020-05-28 05:00:00,jueves,45,Lluvia,Humeda,Ondulado,Media Ladera Derecha,Curva Izquierda,Transito normal con precaución,17,0,0,0,0.0,Volcamiento,maniobras imprudentes,6008_0_37,14.0,3.0
Caldas,2020-06-24 13:57:00,25,270.0,2020-04-21 05:00:00,martes,30,Normal,Seca y limpia,Montañoso,Media ladera Izquierda,Curva Derecha,Parcial con reducción de carriles,15,40,1,0,1.0,Atropello,otra - conductor en general,5005_1_25,15.0,0.0
Caldas,2020-06-24 14:00:00,24,400.0,2020-04-27 05:00:00,lunes,10,Normal,Seca y limpia,Montañoso,Media ladera Izquierda,Recta,Parcial con reducción de carriles,15,30,0,0,0.0,Choque,fallas mecanicas y del sistema electrico,5005_1_24,15.0,0.0
Norte de Santander,2020-06-24 14:49:00,108,369.0,2020-05-02 05:00:00,sabado,0,Sol,Seca y limpia,Escarpado,Media Ladera Derecha,Curva Derecha,Parcial con reducción de carriles,16,10,0,1,2.0,Choque,maniobras imprudentes,7008_1_108,11.0,5.0
Planta Central,2020-06-24 17:13:00,31,800.0,2019-10-06 05:00:00,domingo,30,Normal,Seca y limpia,Plano,Terraplen,Curva Izquierda,Transito normal con precaución,11,50,0,0,1.0,Atropello,embriaguez o sustancias alucinogenas,2505_1_31,11.0,0.0
Planta Central,2020-06-24 17:18:00,49,500.0,2020-03-02 05:00:00,lunes,0,Normal,Seca y limpia,Plano,Terraplen,Recta,Transito normal con precaución,19,30,2,0,2.0,Choque,no mantener distancia de seguridad,2302_1_49,19.0,0.0
Nariño,2020-06-24 20:02:00,88,100.0,2020-05-10 05:00:00,domingo,20,Normal,Seca y limpia,Montañoso,Media ladera Izquierda,Recta,Transito normal con precaución,0,0,0,0,1.0,Choque,otra - conductor en general,2501A_0_88,3.0,21.0
Norte de Santander,2020-06-24 20:40:00,78,100.0,2020-05-31 05:00:00,domingo,10,Sol,Seca y limpia,Escarpado,Media ladera Izquierda,Curva Izquierda,Parcial con reducción de carriles,18,30,0,0,1.0,Choque,maniobras imprudentes,7008_1_78,14.0,4.0
Tolima,2020-06-25 12:53:00,22,740.0,2020-05-27 05:00:00,miercoles,0,Normal,Seca y limpia,Montañoso,Media ladera Izquierda,Curva Izquierda,Parcial con paso alternado,5,0,0,0,0.0,Volcamiento,fallas mecanicas y del sistema electrico,5007_1_22,5.0,0.0
Planta Central,2020-06-25 16:08:00,50,0.0,2020-03-02 05:00:00,lunes,30,Normal,Seca y limpia,Plano,Terraplen,Recta,Transito normal con precaución,15,10,0,0,1.0,Choque,maniobras imprudentes,2302_1_50,14.0,1.0
Caldas,2020-06-25 17:07:00,41,550.0,2020-05-19 05:00:00,martes,40,Normal,Seca y limpia,Montañoso,Media ladera Izquierda,Recta,Parcial con reducción de carriles,13,0,0,0,0.0,Choque,otra - conductor en general,2902_1_41,12.0,1.0
Caldas,2020-06-25 17:09:00,28,180.0,2020-05-16 05:00:00,sabado,10,Normal,Seca y limpia,Montañoso,Media ladera Izquierda,Recta,Parcial con reducción de carriles,13,25,0,0,0.0,Choque,otra - conductor en general,5005_2_28,13.0,0.0
Caldas,2020-06-25 17:11:00,26,0.0,2020-05-21 05:00:00,jueves,50,Normal,Seca y limpia,Montañoso,Media ladera Izquierda,Recta,Parcial con reducción de carriles,12,5,1,0,1.0,Choque,no mantener distancia de seguridad,5005_1_26,11.0,1.0
Caldas,2020-06-25 17:13:00,28,300.0,2020-05-26 05:00:00,martes,55,Normal,Seca y limpia,Montañoso,Media ladera Izquierda,Curva Izquierda,Parcial con reducción de carriles,17,0,0,0,0.0,Choque,otra - conductor en general,5005_2_28,16.0,1.0
Caldas,2020-06-25 17:16:00,1,850.0,2020-05-05 05:00:00,martes,5,Normal,Seca y limpia,Montañoso,Media ladera Izquierda,Curva Derecha,Parcial con reducción de carriles,6,15,1,0,1.0,Choque,no mantener distancia de seguridad,5006_0_1,6.0,0.0
Caldas,2020-06-25 17:22:00,16,700.0,2020-05-27 05:00:00,miercoles,50,Lluvia,Humeda,Montañoso,Media ladera Izquierda,Curva Derecha,Parcial con reducción de carriles,16,0,0,0,0.0,Choque,condiciones de la via y factores ambientales,5006_0_16,15.0,1.0
Tolima,2020-06-25 22:31:00,45,550.0,2020-05-30 05:00:00,sabado,40,Lluvia,Humeda,Plano,Terraplen,Curva Izquierda,Cierre total,17,40,2,1,3.0,Volcamiento,impericia en el manejo,3602_0_45,17.0,0.0
Cauca,2020-06-25 23:49:00,58,300.0,2020-04-01 05:00:00,miercoles,15,Normal,Seca y limpia,Montañoso,Media ladera Izquierda,Curva Derecha,Parcial con paso alternado,1,0,0,0,0.0,Volcamiento,otra - pasajero o acompanante,2503_0_58,10.0,15.0
Cauca,2020-06-25 23:49:00,59,800.0,2020-04-12 05:00:00,domingo,30,Normal,Seca y limpia,Ondulado,Media ladera Izquierda,Curva Izquierda,Parcial con paso alternado,2,0,1,0,1.0,Choque,otra - pasajero o acompanante,2503_0_59,6.0,20.0
Cauca,2020-06-25 23:49:00,30,0.0,2020-04-15 05:00:00,miercoles,0,Normal,Seca y limpia,Plano,Media Ladera Derecha,Curva Derecha,Parcial con paso alternado,2,0,0,0,1.0,Choque,otra - pasajero o acompanante,2503_0_30,14.0,12.0
Planta Central,2020-06-25 14:11:00,53,850.0,2019-10-06 05:00:00,domingo,30,Normal,Seca y limpia,Plano,Terraplen,Recta,Transito normal con precaución,12,50,0,0,0.0,Volcamiento,otra - conductor en general,2505_2_53,12.0,0.0
Cauca,2020-06-25 19:01:00,38,260.0,2020-06-23 05:00:00,martes,0,Sol,Seca y limpia,Montañoso,Media ladera Izquierda,Curva Derecha,Transito normal con precaución,0,0,1,0,1.0,Choque,exceso de velocidad,2602_0_38,7.0,17.0
Cauca,2020-06-25 23:49:00,90,500.0,2020-04-29 05:00:00,miercoles,30,Normal,Seca y limpia,Montañoso,Media Ladera Derecha,Curva Derecha,Parcial con paso alternado,2,0,4,0,5.0,Volcamiento,fallas mecanicas y del sistema electrico,2503_0_90,23.0,3.0
Norte de Santander,2020-06-25 23:56:00,29,855.0,2020-05-09 05:00:00,sabado,20,Normal,Seca y limpia,Plano,Media Ladera Derecha,Curva Izquierda,Parcial con reducción de carriles,18,20,1,0,1.0,Choque,impericia en el manejo,5505_1_29,14.0,4.0
Cauca,2020-06-26 00:08:00,37,500.0,2020-06-15 05:00:00,lunes,0,Lluvia,Humeda,Montañoso,Media ladera Izquierda,Curva Derecha,Parcial con paso alternado,1,0,0,0,0.0,Choque,otra - pasajero o acompanante,2503_0_37,8.0,17.0
Planta Central,2020-06-26 14:44:00,35,250.0,2020-03-22 05:00:00,domingo,50,Normal,Seca y limpia,Plano,Terraplen,Recta,Transito normal con precaución,22,30,0,0,2.0,Choque,desobediencia a normas y senales,2302_1_35,21.0,1.0
Norte de Santander,2020-06-26 15:04:00,8,550.0,2020-05-26 05:00:00,martes,0,Normal,Seca y limpia,Plano,Terraplen,Recta,Parcial con reducción de carriles,0,30,0,0,1.0,Choque,exceso de velocidad,55NSA_2_8,20.0,4.0
Norte de Santander,2020-06-26 15:10:00,6,500.0,2020-05-16 05:00:00,sabado,15,Normal,Seca y limpia,Ondulado,Terraplen,Curva Derecha,Parcial con reducción de carriles,0,30,2,0,2.0,Atropello,embriaguez o sustancias alucinogenas,55NSA_2_6,22.0,2.0
Planta Central,2020-06-26 20:05:00,73,850.0,2019-10-23 05:00:00,miercoles,5,Seca,Seca y limpia,Montañoso,Media ladera Izquierda,Curva Izquierda,Parcial con paso alternado,12,30,0,0,0.0,Choque,otra - conductor en general,4001_1_73,12.0,0.0
Boyacá,2020-06-26 22:19:00,92,180.0,2020-05-27 05:00:00,miercoles,40,Normal,Seca y limpia,Ondulado,Media Ladera Derecha,Curva Izquierda,Transito normal con precaución,5,40,1,0,1.0,Atropello,otra - conductor en general,6006_0_92,5.0,0.0
Norte de Santander,2020-06-26 15:37:00,0,1.0,2020-03-05 05:00:00,jueves,10,Normal,Seca y limpia,Plano,Terraplen,Curva Derecha,Parcial con reducción de carriles,0,30,0,0,1.0,Choque,desobediencia a normas y senales,55NSA_2_0,8.0,16.0
Norte de Santander,2020-06-26 15:55:00,1,20.0,2020-05-18 05:00:00,lunes,30,Normal,Seca y limpia,Plano,Terraplen,Curva Derecha,Transito normal con precaución,0,30,0,0,0.0,Choque,exceso de velocidad,55NSA_1_1,14.0,10.0
Planta Central,2020-06-26 16:04:00,98,0.0,2019-09-26 05:00:00,jueves,0,Sol,Seca y limpia,Ondulado,Terraplen,Recta,Parcial con reducción de carriles,17,10,0,0,0.0,Choque,fallas mecanicas y del sistema electrico,2504_1_98,17.0,0.0
Planta Central,2020-06-26 16:09:00,5,100.0,2019-09-27 05:00:00,viernes,0,Sol,Seca y limpia,Plano,Terraplen,Recta,Transito normal con precaución,14,20,0,0,0.0,Volcamiento,otra - conductor en general,2504A_1_5,14.0,0.0
Planta Central,2020-06-26 16:14:00,44,0.0,2019-09-20 05:00:00,viernes,30,Sol,Seca y limpia,Plano,Terraplen,Recta,Transito normal con precaución,10,40,0,0,1.0,Choque,otra - conductor en general,2504A_1_44,10.0,0.0
Planta Central,2020-06-26 16:29:00,76,500.0,2019-09-29 05:00:00,domingo,30,Sol,Seca y limpia,Plano,Terraplen,Recta,Parcial con reducción de carriles,19,30,0,0,1.0,Choque,condiciones de la via y factores ambientales,3105_1_76,18.0,1.0
Planta Central,2020-06-26 16:40:00,80,0.0,2019-10-02 05:00:00,miercoles,30,Sol,Seca y limpia,Plano,Terraplen,Recta,Transito normal con precaución,11,40,0,0,0.0,Choque,no mantener distancia de seguridad,2504_1_80,11.0,0.0
Planta Central,2020-06-26 20:05:00,82,0.0,2019-10-19 05:00:00,sabado,15,Seca,Seca y limpia,Ondulado,Terraplen,Recta,Parcial con paso alternado,6,15,0,0,0.0,Choque,estacionamiento y senalizacion imprudente,4001_1_82,5.0,1.0
Planta Central,2020-06-26 20:05:00,118,335.0,2018-10-19 05:00:00,viernes,0,Lluvia,Humeda,Plano,Terraplen,Recta,Parcial con paso alternado,6,50,0,1,2.0,Choque,embriaguez o sustancias alucinogenas,4001_1_118,4.0,2.0
Planta Central,2020-06-26 20:27:00,116,200.0,2020-02-16 05:00:00,domingo,45,Seca,Seca y limpia,Plano,Terraplen,Recta,Parcial con paso alternado,6,10,1,0,2.0,Choque,no mantener distancia de seguridad,4001_1_116,5.0,1.0
Planta Central,2020-06-26 20:29:00,109,700.0,2020-02-28 05:00:00,viernes,35,Normal,Seca y limpia,Montañoso,Media Ladera Derecha,Recta,Parcial con paso alternado,20,45,0,0,1.0,Choque,fallas mecanicas y del sistema electrico,4001_1_109,20.0,0.0
Planta Central,2020-06-26 20:33:00,18,600.0,2020-02-02 05:00:00,domingo,30,Lluvia,Humeda,Ondulado,Terraplen,Recta,Parcial con paso alternado,17,45,4,0,4.0,Choque,embriaguez o sustancias alucinogenas,4001_1_18,17.0,0.0
Planta Central,2020-06-26 20:59:00,81,700.0,2020-03-30 05:00:00,lunes,30,Lluvia,Humeda,Plano,Terraplen,Curva Derecha,Transito normal con precaución,16,0,0,0,0.0,Choque,condiciones de la via y factores ambientales,2302_1_81,15.0,1.0
Risaralda,2020-06-26 21:34:00,5,280.0,2020-02-16 05:00:00,domingo,50,Normal,Seca y limpia,Plano,Terraplen,Recta,Transito normal con precaución,2,50,0,0,0.0,Volcamiento,otra - conductor en general,29RSC_1_5,2.0,0.0
Planta Central,2020-06-28 13:41:00,69,100.0,2020-05-05 05:00:00,martes,0,Sol,Seca y limpia,Ondulado,Media ladera Izquierda,Recta,Transito normal con precaución,16,0,0,0,0.0,Volcamiento,otra - conductor en general,45A05_1_69,16.0,0.0
Planta Central,2020-06-28 14:01:00,74,750.0,2020-05-06 05:00:00,miercoles,15,Niebla,Seca y limpia,Montañoso,Media Ladera Derecha,Curva Derecha,Transito normal con precaución,16,15,0,0,0.0,Volcamiento,exceso de velocidad,45A05_1_74,16.0,0.0
Planta Central,2020-06-28 14:25:00,39,850.0,2020-05-13 05:00:00,miercoles,15,Lluvia,Humeda,Ondulado,Media ladera Izquierda,Curva Izquierda,Transito normal con precaución,12,15,0,0,0.0,Choque,otra - conductor en general,45A05_1_39,12.0,0.0
Planta Central,2020-06-28 22:55:00,77,500.0,2020-05-16 05:00:00,sabado,0,Sol,Seca y limpia,Montañoso,Media Ladera Derecha,Curva Derecha,Transito normal con precaución,9,0,0,0,0.0,Choque,otra - conductor en general,45A05_1_77,9.0,0.0
Planta Central,2020-06-28 23:20:00,49,150.0,2020-05-17 05:00:00,domingo,0,Sol,Seca y limpia,Plano,Terraplen,Recta,Transito normal con precaución,16,0,1,0,1.0,Choque,desobediencia a normas y senales,45A05_2_49,16.0,0.0
Planta Central,2020-06-28 23:25:00,46,200.0,2020-05-18 05:00:00,lunes,30,Normal,Seca y limpia,Plano,Terraplen,Recta,Transito normal con precaución,21,30,2,0,2.0,Atropello,exceso de velocidad,45A05_1_46,21.0,0.0
Planta Central,2020-06-28 23:34:00,2,60.0,2020-05-26 05:00:00,martes,0,Niebla,Seca y limpia,Plano,Terraplen,Recta,Transito normal con precaución,12,0,1,0,1.0,Choque,otra - conductor en general,45A05_1_2,12.0,0.0
Planta Central,2020-06-28 23:42:00,36,400.0,2020-05-31 05:00:00,domingo,15,Normal,Humeda,Plano,Terraplen,Recta,Transito normal con precaución,18,15,0,0,0.0,Volcamiento,otra - conductor en general,45A05_1_36,18.0,0.0
Huila,2020-06-30 15:12:00,59,400.0,2020-05-15 05:00:00,viernes,0,Normal,Seca y limpia,Ondulado,Media Ladera Derecha,Curva Derecha,Cierre total,6,0,0,1,1.0,Choque,exceso de velocidad,2402_1_59,6.0,0.0
Planta Central,2020-07-01 04:12:00,8,399.0,2020-05-07 05:00:00,domingo,50,Sol,Seca y limpia,Plano,Terraplen,Recta,Transito normal con precaución,1,0,1,0,1.0,Atropello,exceso de velocidad,45AST08_1_8,15.0,10.0
Planta Central,2020-07-01 04:20:00,58,200.0,2020-05-09 05:00:00,sabado,0,Normal,Seca y limpia,Montañoso,Media ladera Izquierda,Curva Izquierda,Transito normal con precaución,2,0,0,0,0.0,Choque,estacionamiento y senalizacion imprudente,45A07_1_58,7.0,19.0
Planta Central,2020-07-01 04:24:00,6,0.0,2020-05-19 05:00:00,martes,0,Sol,Seca y limpia,Plano,Terraplen,Recta,Parcial con paso alternado,1,0,0,1,1.0,Atropello,conducta de pasajeros,45AST08_1_6,16.0,9.0
Planta Central,2020-07-01 04:29:00,87,500.0,2020-05-23 05:00:00,sabado,15,Lluvia,Humeda,Plano,Terraplen,Recta,Parcial con reducción de carriles,1,30,1,0,1.0,Volcamiento,exceso de velocidad,45A07_1_87,16.0,9.0
Planta Central,2020-06-30 17:31:00,68,0.0,2020-05-10 05:00:00,domingo,30,Normal,Seca y limpia,Plano,Terraplen,Curva Derecha,Transito normal con precaución,0,0,0,0,0.0,Volcamiento,fallas mecanicas y del sistema electrico,4511_1_68,16.0,8.0
Planta Central,2020-06-30 17:32:00,80,450.0,2020-05-14 05:00:00,jueves,30,Normal,Seca y limpia,Ondulado,Terraplen,Recta,Transito normal con precaución,0,14,1,0,1.0,Choque,adelantamientos indebidos,4511_1_80,18.0,6.0
Planta Central,2020-06-30 17:37:00,97,600.0,2020-05-27 05:00:00,miercoles,20,Lluvia,Humeda,Ondulado,Media Ladera Derecha,Recta,Transito normal con precaución,0,0,0,0,0.0,Choque,no mantener distancia de seguridad,4511_1_97,0.0,0.0
Planta Central,2020-06-30 17:39:00,97,800.0,2020-05-10 05:00:00,domingo,0,Normal,Seca y limpia,Ondulado,Media Ladera Derecha,Recta,Transito normal con precaución,0,0,0,0,0.0,Choque,no mantener distancia de seguridad,4511_1_97,11.0,13.0
Planta Central,2020-06-30 17:46:00,100,540.0,2020-05-08 05:00:00,viernes,30,Normal,Seca y limpia,Ondulado,Media Ladera Derecha,Curva Izquierda,Transito normal con precaución,0,0,2,0,2.0,Choque,adelantamientos indebidos,4511_1_100,22.0,2.0
Planta Central,2020-06-30 17:50:00,103,200.0,2020-05-26 05:00:00,martes,20,Lluvia,Humeda,Ondulado,Cajón,Recta,Transito normal con precaución,0,0,0,0,0.0,Volcamiento,condiciones de la via y factores ambientales,4511_1_103,22.0,2.0
Planta Central,2020-06-30 17:54:00,6,400.0,2020-05-17 05:00:00,domingo,30,Normal,Seca y limpia,Plano,Terraplen,Recta,Transito normal con precaución,0,14,2,0,2.0,Volcamiento,fallas mecanicas y del sistema electrico,4513_2_6,19.0,5.0
Planta Central,2020-06-30 17:56:00,11,900.0,2020-05-28 05:00:00,jueves,30,Lluvia,Humeda,Plano,Media ladera Izquierda,Recta,Transito normal con precaución,0,0,0,0,0.0,Choque,condiciones de la via y factores ambientales,4513_1_11,7.0,17.0
Planta Central,2020-06-30 17:59:00,50,129.0,2020-05-16 05:00:00,sabado,0,Normal,Seca y limpia,Plano,Terraplen,Recta,Transito normal con precaución,0,22,0,1,1.0,Choque,otra - conductor en general,4513_1_50,17.0,7.0
Planta Central,2020-06-30 18:03:00,77,600.0,2020-05-28 05:00:00,jueves,20,Lluvia,Humeda,Plano,Terraplen,Recta,Transito normal con precaución,0,0,0,0,0.0,Volcamiento,condiciones de la via y factores ambientales,4513_1_77,5.0,19.0