territorial,fecha_registro,pr,distancia_pr,fecha_acc,dia_semana_acc,min_acc,condic_meteor,estado_super,terreno,secc_tip,geometria_acc,tipo_cierre,horas_cierre,min_cierre,n_heridos,n_muertos,n_victimas,clase_accidente,causa_posible,ref_loc,hora_acc,duracion_cierre_horas
Planta Central,2020-06-30 21:33:00,38,55.0,2020-05-04 05:00:00,lunes,40,Lluvia,Humeda,Ondulado,Cajón,Curva Izquierda,Cierre total,13,40,0,0,0.0,Choque,imprudencia del conductor,45A08_1_38,13.0,0.0
Planta Central,2020-06-30 22:32:00,79,395.0,2020-05-15 05:00:00,viernes,0,Lluvia,Humeda,Montañoso,Terraplen,Curva Derecha,Transito normal con precaución,9,0,0,0,0.0,Salida de la vía sin volcarse,exceso de velocidad,45A08_1_79,9.0,0.0
Planta Central,2020-06-30 22:41:00,47,800.0,2020-05-27 05:00:00,miercoles,15,Lluvia,Humeda,Ondulado,Media ladera Izquierda,Recta,Transito normal con precaución,0,15,0,0,0.0,Choque,maniobras imprudentes,45A08_1_47,0.0,0.0
Planta Central,2020-06-30 22:46:00,56,204.0,2020-05-29 05:00:00,viernes,0,Normal,Seca y limpia,Montañoso,Cajón,Curva Derecha,Transito normal con precaución,0,0,0,0,1.0,Choque,exceso de velocidad,45A08_1_56,0.0,0.0
Planta Central,2020-06-30 23:00:00,57,760.0,2020-05-29 05:00:00,viernes,45,Lluvia,Humeda,Montañoso,Media Ladera Derecha,Curva Derecha,Parcial restringido a vehiculos pesados,20,45,0,0,0.0,Choque,condiciones de la via y factores ambientales,45A08_1_57,20.0,0.0
Nariño,2020-06-30 23:01:00,1,770.0,2020-05-03 05:00:00,domingo,0,Normal,Seca y limpia,Montañoso,Media ladera Izquierda,Curva Izquierda,Transito normal con precaución,16,0,0,0,2.0,Choque,impericia en el manejo,25NR01_0_1,16.0,0.0
Nariño,2020-06-30 23:13:00,37,800.0,2020-05-20 05:00:00,miercoles,50,Normal,Seca y limpia,Plano,Media ladera Izquierda,Curva Izquierda,Transito normal con precaución,11,50,0,1,1.0,Choque,impericia en el manejo,1002_1_37,11.0,0.0
Nariño,2020-06-30 23:25:00,4,150.0,2020-05-24 05:00:00,domingo,30,Normal,Seca y limpia,Montañoso,Media ladera Izquierda,Curva Derecha,Transito normal con precaución,15,30,1,0,1.0,Choque,embriaguez o sustancias alucinogenas,25NR01_0_4,15.0,0.0
Planta Central,2020-07-01 11:47:00,59,766.0,2020-05-05 05:00:00,martes,50,Sol,Seca y limpia,Montañoso,Media Ladera Derecha,Curva Derecha,Parcial restringido a vehiculos pesados,11,50,0,0,0.0,Choque,exceso de velocidad,45A08_1_59,11.0,0.0
Planta Central,2020-07-01 11:59:00,72,180.0,2020-05-08 05:00:00,viernes,0,Sol,Seca y limpia,Montañoso,Media ladera Izquierda,Curva Derecha,Transito normal con precaución,11,0,0,1,2.0,Atropello,impericia en el manejo,45A08_1_72,11.0,0.0
Planta Central,2020-07-01 21:07:00,50,740.0,2020-05-15 05:00:00,viernes,15,Sol,Seca y limpia,Ondulado,Media ladera Izquierda,Curva Derecha,Transito normal con precaución,8,15,2,0,2.0,Volcamiento,exceso de velocidad,45A08_1_50,8.0,0.0
Planta Central,2020-07-01 22:31:00,10,800.0,2019-11-16 05:00:00,sabado,30,Normal,Seca y limpia,Plano,Terraplen,Curva Derecha,Transito normal con precaución,0,0,0,0,0.0,Volcamiento,otra - conductor en general,23VL01_2_10,22.0,2.0
Planta Central,2020-07-01 22:48:00,18,300.0,2019-12-18 05:00:00,miercoles,40,Normal,Seca y limpia,Plano,Terraplen,Recta,Transito normal con precaución,0,0,0,0,0.0,Volcamiento,otra - conductor en general,2505B_2_18,15.0,9.0
Planta Central,2020-07-01 23:12:00,7,250.0,2020-01-12 05:00:00,domingo,30,Normal,Seca y limpia,Plano,Terraplen,Recta,Transito normal con precaución,0,0,0,1,1.0,Choque,maniobras imprudentes,2505B_1_7,17.0,7.0
Planta Central,2020-07-01 23:46:00,14,500.0,2020-02-24 05:00:00,lunes,0,Normal,Seca y limpia,Plano,Terraplen,Recta,Transito normal con precaución,0,0,0,0,0.0,Choque,fallas mecanicas y del sistema electrico,23VL01_1_14,14.0,10.0
Planta Central,2020-07-01 23:46:00,24,500.0,2020-02-29 05:00:00,sabado,40,Normal,Seca y limpia,Plano,Terraplen,Curva Izquierda,Transito normal con precaución,0,0,0,0,0.0,Choque,no mantener distancia de seguridad,2505B_1_24,13.0,11.0
Planta Central,2020-07-01 23:46:00,2,460.0,2020-04-11 05:00:00,sabado,40,Normal,Seca y limpia,Plano,Terraplen,Recta,Transito normal con precaución,0,0,0,1,1.0,Choque,no mantener distancia de seguridad,2505B_1_2,5.0,19.0
Planta Central,2020-07-02 00:04:00,1,700.0,2020-04-25 05:00:00,sabado,0,Normal,Seca y limpia,Plano,Terraplen,Recta,Transito normal con precaución,0,0,0,1,2.0,Salida de la vía sin volcarse,otra - conductor en general,2505B_1_1,9.0,15.0
Planta Central,2020-07-01 14:09:00,3,980.0,2020-05-14 05:00:00,jueves,40,Normal,Seca y limpia,Montañoso,Media ladera Izquierda,Recta,Parcial con paso alternado,1,0,0,0,0.0,Choque,maniobras imprudentes,45A07_1_3,18.0,7.0
Santander,2020-07-01 14:19:00,86,500.0,2020-06-19 05:00:00,viernes,0,Niebla,Humeda,Plano,Media ladera Izquierda,Recta,Transito normal con precaución,5,0,0,0,0.0,Volcamiento,condiciones de la via y factores ambientales,5504_1_86,5.0,0.0
Planta Central,2020-07-01 14:23:00,3,750.0,2020-05-16 05:00:00,sabado,20,Normal,Seca y limpia,Montañoso,Media ladera Izquierda,Curva Izquierda,Parcial con paso alternado,1,30,0,0,0.0,Choque,no mantener distancia de seguridad,45A07_1_3,8.0,17.0
Planta Central,2020-07-01 14:54:00,50,700.0,2020-05-18 05:00:00,lunes,10,Normal,Seca y limpia,Montañoso,Media Ladera Derecha,Curva Izquierda,Transito normal con precaución,1,30,3,0,3.0,Volcamiento,fallas mecanicas y del sistema electrico,45A07_1_50,13.0,12.0
Boyacá,2020-07-02 20:28:00,12,380.0,2020-05-12 05:00:00,martes,0,Lluvia,Humeda,Ondulado,Media Ladera Derecha,Curva Derecha,Transito normal con precaución,6,0,0,0,0.0,Choque,exceso de velocidad,5503_1_12,6.0,0.0
Boyacá,2020-07-02 20:28:00,29,280.0,2020-05-17 05:00:00,domingo,30,Lluvia,Humeda,Ondulado,Media Ladera Derecha,Curva Derecha,Transito normal con precaución,17,30,1,0,1.0,Choque,exceso en horas de conduccion,5503_1_29,17.0,0.0
Boyacá,2020-07-02 20:28:00,110,515.0,2020-05-20 05:00:00,miercoles,30,Normal,Seca y limpia,Plano,Media ladera Izquierda,Curva Izquierda,Transito normal con precaución,3,30,1,0,2.0,Volcamiento,exceso de velocidad,5503_1_110,3.0,0.0
Boyacá,2020-07-02 20:28:00,7,940.0,2020-05-20 05:00:00,miercoles,30,Normal,Seca y limpia,Plano,Media Ladera Derecha,Curva Izquierda,Transito normal con precaución,10,30,0,1,3.0,Otro,conducta de peatones,6211_1_7,10.0,0.0
Planta Central,2020-07-03 19:41:00,16,730.0,2020-05-08 05:00:00,viernes,30,Normal,Seca y limpia,Plano,Terraplen,Curva Izquierda,Transito normal con precaución,0,0,0,0,0.0,Volcamiento,otra - conductor en general,2505B_1_16,11.0,13.0
Planta Central,2020-07-03 19:41:00,10,500.0,2020-05-16 05:00:00,sabado,40,Normal,Seca y limpia,Plano,Terraplen,Recta,Transito normal con precaución,0,0,0,0,0.0,Volcamiento,otra - conductor en general,23VL01_1_10,15.0,9.0
Risaralda,2020-07-09 14:05:00,10,420.0,2020-02-17 05:00:00,lunes,40,Normal,Seca y limpia,Plano,Terraplen,Recta,Transito normal con precaución,6,40,0,0,0.0,Choque,no mantener distancia de seguridad,2507_1_10,6.0,0.0
Planta Central,2020-07-03 19:41:00,0,600.0,2020-05-20 05:00:00,miercoles,45,Normal,Seca y limpia,Plano,Terraplen,Recta,Transito normal con precaución,0,0,1,0,1.0,Volcamiento,otra - conductor en general,23VL01_2_0,10.0,14.0
Planta Central,2020-07-03 19:41:00,8,300.0,2020-05-22 05:00:00,viernes,40,Normal,Seca y limpia,Plano,Terraplen,Recta,Transito normal con precaución,0,0,0,0,1.0,Choque,otra - conductor en general,2505B_1_8,13.0,11.0
Planta Central,2020-07-03 19:41:00,6,500.0,2020-05-24 05:00:00,domingo,30,Normal,Seca y limpia,Plano,Terraplen,Recta,Transito normal con precaución,0,0,2,0,3.0,Choque,estacionamiento y senalizacion imprudente,2505B_1_6,23.0,1.0
Boyacá,2020-07-06 16:21:00,61,60.0,2020-06-25 05:00:00,jueves,55,Normal,Seca y limpia,Montañoso,Media Ladera Derecha,Curva Izquierda,Parcial con paso alternado,0,40,1,0,1.0,Choque,adelantamientos indebidos,6008_0_61,12.0,12.0
Santander,2020-07-06 19:26:00,34,0.0,2019-12-11 05:00:00,miercoles,0,Normal,Seca y limpia,Plano,Cajón,Recta,Transito normal con precaución,18,0,1,0,1.0,Volcamiento,condiciones de la via y factores ambientales,6403_0_34,18.0,0.0
Santander,2020-07-06 19:47:00,74,500.0,2020-07-21 05:00:00,martes,15,Normal,Seca y limpia,Plano,Cajón,Curva Derecha,Transito normal con precaución,16,15,2,0,2.0,Volcamiento,impericia en el manejo,6403_0_74,16.0,0.0
Caquetá,2020-07-06 22:00:00,47,260.0,2020-07-03 05:00:00,viernes,40,Seca,Seca y limpia,Plano,Terraplen,Recta,Transito normal con precaución,7,40,1,0,1.0,Choque,no mantener distancia de seguridad,6502_1_47,7.0,0.0
Santander,2020-07-06 22:08:00,55,110.0,2020-01-02 05:00:00,jueves,20,Seca,Seca y limpia,Montañoso,Media ladera Izquierda,Curva Derecha,Transito normal con precaución,10,20,1,0,1.0,Volcamiento,impericia en el manejo,6402_0_55,10.0,0.0
Santander,2020-07-06 22:12:00,30,80.0,2020-07-26 05:00:00,domingo,45,Seca,Seca y limpia,Plano,Cajón,Recta,Transito normal con precaución,13,45,1,0,1.0,Choque,no mantener distancia de seguridad,6403_0_30,13.0,0.0
Santander,2020-07-06 23:05:00,21,10.0,2020-01-26 05:00:00,domingo,30,Seca,Seca y limpia,Escarpado,Media ladera Izquierda,Recta,Transito normal con precaución,16,30,1,0,1.0,Volcamiento,impericia en el manejo,6403_0_21,16.0,0.0
Santander,2020-07-06 23:11:00,31,500.0,2020-01-26 05:00:00,domingo,0,Seca,Seca y limpia,Plano,Cajón,Recta,Transito normal con precaución,19,0,1,0,1.0,Volcamiento,impericia en el manejo,6403_0_31,19.0,0.0
Planta Central,2020-07-06 22:55:00,25,70.0,2020-05-03 05:00:00,domingo,20,Seca,Seca y limpia,Montañoso,Media Ladera Derecha,Curva Izquierda,Parcial con reducción de carriles,1,0,0,0,1.0,Choque,adelantamientos indebidos,4003_1_25,16.0,9.0
Planta Central,2020-07-06 23:30:00,22,770.0,2020-05-04 05:00:00,lunes,25,Lluvia,Humeda,Montañoso,Media Ladera Derecha,Curva Derecha,Parcial con reducción de carriles,5,55,1,0,1.0,Volcamiento,otra - conductor en general,4003_1_22,11.0,18.0
Planta Central,2020-07-06 23:53:00,5,460.0,2020-05-04 05:00:00,lunes,0,Seca,Seca y limpia,Montañoso,Media ladera Izquierda,Recta,Cierre total,1,30,0,0,0.0,Volcamiento,otra - conductor en general,4003_1_5,19.0,6.0
Planta Central,2020-07-07 14:20:00,16,300.0,2020-05-07 05:00:00,jueves,0,Normal,Seca y limpia,Montañoso,Media ladera Izquierda,Curva Izquierda,Parcial con reducción de carriles,1,0,0,0,0.0,Choque,maniobras imprudentes,4003_1_16,22.0,3.0
Planta Central,2020-07-07 14:28:00,15,800.0,2020-05-14 05:00:00,jueves,0,Normal,Seca y limpia,Montañoso,Terraplen,Recta,Transito normal con precaución,0,0,0,0,0.0,Choque,no mantener distancia de seguridad,4003_1_15,19.0,5.0
Planta Central,2020-07-07 14:34:00,20,280.0,2020-05-17 05:00:00,domingo,0,Lluvia,Humeda,Montañoso,Media Ladera Derecha,Curva Derecha,Transito normal con precaución,0,0,0,0,0.0,Choque,otra - conductor en general,4003_1_20,18.0,6.0
Planta Central,2020-07-07 14:43:00,5,770.0,2020-05-19 05:00:00,martes,0,Normal,Seca y limpia,Montañoso,Terraplen,Recta,Cierre total,1,0,0,0,2.0,Volcamiento,fallas mecanicas y del sistema electrico,4003_1_5,8.0,17.0
Putumayo,2020-07-07 14:41:00,69,700.0,2020-03-01 05:00:00,domingo,30,Seca,Seca y limpia,Plano,Terraplen,Recta,Transito normal con precaución,1,50,0,1,1.0,Choque,embriaguez o sustancias alucinogenas,1003_1_69,1.0,0.0
Antioquia,2020-07-07 14:59:00,102,800.0,2020-03-05 05:00:00,jueves,50,Normal,Seca y limpia,Plano,Media Ladera Derecha,Curva Izquierda,Transito normal con precaución,0,2,1,0,1.0,Caída ocupante,desobediencia a normas y senales,5601_1_102,21.0,3.0
Planta Central,2020-07-07 14:56:00,13,930.0,2020-05-25 05:00:00,lunes,30,Normal,Seca y limpia,Montañoso,Media ladera Izquierda,Recta,Transito normal con precaución,0,0,0,1,1.0,Atropello,conducta de peatones,4003_1_13,19.0,5.0
Planta Central,2020-07-07 15:06:00,45,600.0,2020-05-17 05:00:00,domingo,45,Normal,Seca y limpia,Montañoso,Media ladera Izquierda,Curva Izquierda,Parcial con reducción de carriles,0,30,0,0,1.0,Choque,otra - conductor en general,4003_1_45,14.0,10.0
Planta Central,2020-07-07 15:10:00,16,400.0,2020-05-27 05:00:00,miercoles,0,Normal,Seca y limpia,Montañoso,Media ladera Izquierda,Recta,Parcial con reducción de carriles,0,40,0,0,0.0,Choque,no mantener distancia de seguridad,4003_1_16,18.0,6.0
Planta Central,2020-07-07 15:13:00,45,700.0,2020-05-29 05:00:00,viernes,45,Seca,Seca y limpia,Montañoso,Media Ladera Derecha,Curva Derecha,Parcial con reducción de carriles,1,15,0,0,1.0,Choque,otra - conductor en general,4003_1_45,6.0,19.0
Bolívar,2020-07-07 15:57:00,19,400.0,2020-06-06 05:00:00,sabado,10,Normal,Seca y limpia,Plano,Terraplen,Recta,Transito normal con precaución,0,0,2,0,3.0,Atropello,otra - conductor en general,7803_0_19,15.0,9.0
Planta Central,2020-07-07 19:25:00,42,75.0,2020-05-10 05:00:00,domingo,0,Sol,Seca y limpia,Ondulado,Media ladera Izquierda,Recta,Cierre total,15,0,0,1,1.0,Atropello,conducta de peatones,45A04_1_42,15.0,0.0
Planta Central,2020-07-08 16:55:00,11,380.0,2020-02-04 05:00:00,martes,30,Normal,Seca y limpia,Plano,Terraplen,Recta,Parcial con reducción de carriles,0,30,2,0,2.0,Choque,adelantamientos indebidos,2505_2_11,7.0,17.0
Planta Central,2020-07-08 17:14:00,0,770.0,2020-02-11 05:00:00,martes,50,Normal,Seca y limpia,Plano,Terraplen,Recta,Parcial con reducción de carriles,1,30,0,1,1.0,Choque,adelantamientos indebidos,2505_2_0,10.0,15.0
Cauca,2020-07-08 18:06:00,36,240.0,2020-05-23 05:00:00,sabado,20,Normal,Seca y limpia,Montañoso,Media ladera Izquierda,Curva Izquierda,Transito normal con precaución,0,0,0,0,0.0,Otro,fallas mecanicas y del sistema electrico,2002_1_36,5.0,19.0
Cauca,2020-07-08 21:07:00,53,180.0,2020-07-07 05:00:00,martes,0,Niebla,Humeda,Montañoso,Media ladera Izquierda,Curva Izquierda,Transito normal con precaución,0,0,0,0,0.0,Choque,exceso en horas de conduccion,2602_0_53,7.0,17.0
Planta Central,2020-07-08 22:02:00,9,850.0,2020-02-12 05:00:00,miercoles,30,Normal,Seca y limpia,Plano,Terraplen,Recta,Parcial con reducción de carriles,1,30,3,0,3.0,Choque,no mantener distancia de seguridad,2505_2_9,9.0,16.0
Planta Central,2020-07-08 22:10:00,55,250.0,2020-02-04 05:00:00,martes,15,Normal,Seca y limpia,Plano,Terraplen,Curva Izquierda,Parcial con reducción de carriles,1,30,0,0,0.0,Volcamiento,otra - conductor en general,2505_1_55,2.0,23.0
Planta Central,2020-07-09 01:20:00,53,850.0,2019-10-06 05:00:00,domingo,30,Normal,Seca y limpia,Plano,Terraplen,Recta,Transito normal con precaución,12,50,0,0,0.0,Volcamiento,otra - conductor en general,2505_2_53,12.0,0.0
Planta Central,2020-07-09 01:38:00,2,0.0,2019-10-07 05:00:00,lunes,40,Normal,Seca y limpia,Plano,Terraplen,Recta,Transito normal con precaución,13,50,0,0,0.0,Choque,otra - conductor en general,2505_2_2,13.0,0.0
Planta Central,2020-07-09 01:45:00,57,0.0,2019-10-11 05:00:00,viernes,30,Normal,Seca y limpia,Plano,Terraplen,Recta,Transito normal con precaución,21,40,0,1,1.0,Choque,impericia en el manejo,2505_2_57,21.0,0.0
Planta Central,2020-07-08 22:28:00,11,850.0,2020-02-16 05:00:00,domingo,50,Normal,Seca y limpia,Plano,Terraplen,Recta,Parcial con reducción de carriles,1,0,0,0,0.0,Choque,otra - conductor en general,2505_1_11,15.0,10.0
Planta Central,2020-07-08 22:33:00,12,650.0,2020-02-16 05:00:00,domingo,40,Normal,Seca y limpia,Plano,Terraplen,Recta,Parcial con reducción de carriles,1,0,0,0,0.0,Choque,no mantener distancia de seguridad,2505_2_12,18.0,7.0
Planta Central,2020-07-08 22:57:00,15,100.0,2020-02-21 05:00:00,viernes,50,Normal,Seca y limpia,Plano,Terraplen,Recta,Parcial con reducción de carriles,1,0,3,0,3.0,Choque,otra - conductor en general,2505_1_15,19.0,6.0
Risaralda,2020-07-09 13:40:00,3,340.0,2020-02-16 05:00:00,domingo,35,Normal,Seca y limpia,Plano,Terraplen,Recta,Transito normal con precaución,13,35,0,0,0.0,Choque,no mantener distancia de seguridad,2902_1_3,13.0,0.0
Risaralda,2020-07-09 14:00:00,9,930.0,2020-02-17 05:00:00,lunes,13,Normal,Seca y limpia,Plano,Media Ladera Derecha,Recta,Transito normal con precaución,9,13,1,0,1.0,Choque,desobediencia a normas y senales,29RSC_1_9,9.0,0.0
Risaralda,2020-07-09 14:08:00,5,270.0,2020-02-17 05:00:00,lunes,40,Normal,Seca y limpia,Plano,Terraplen,Recta,Transito normal con precaución,16,40,2,0,2.0,Choque,estacionamiento y senalizacion imprudente,2902_1_5,16.0,0.0
Risaralda,2020-07-09 14:27:00,0,100.0,2020-02-18 05:00:00,martes,2,Normal,Seca y limpia,Plano,Terraplen,Recta,Transito normal con precaución,6,2,0,0,0.0,Choque,no mantener distancia de seguridad,29RSA_2_0,6.0,0.0
Risaralda,2020-07-09 14:34:00,0,0.0,2020-02-18 05:00:00,martes,0,Normal,Seca y limpia,Plano,Terraplen,Recta,Transito normal con precaución,15,0,1,0,1.0,Caída ocupante,otra - conductor en general,29RSA_1_0,15.0,0.0
Risaralda,2020-07-09 15:02:00,0,0.0,2020-02-22 05:00:00,sabado,35,Normal,Seca y limpia,Plano,Terraplen,Recta,Transito normal con precaución,12,35,0,0,0.0,Choque,no mantener distancia de seguridad,29RSA_1_0,12.0,0.0
Santander,2020-07-09 17:16:00,61,980.0,2020-02-28 05:00:00,viernes,30,Seca,Seca y limpia,Plano,Media ladera Izquierda,Curva Derecha,Transito normal con precaución,10,30,1,0,1.0,Volcamiento,impericia en el manejo,6402_0_61,10.0,0.0
Risaralda,2020-07-09 19:12:00,1,469.0,2020-02-28 05:00:00,viernes,10,Normal,Seca y limpia,Plano,Terraplen,Recta,Transito normal con precaución,8,10,0,0,0.0,Choque,otra - conductor en general,25RSA_1_1,8.0,0.0
Risaralda,2020-07-09 19:22:00,1,580.0,2020-02-28 05:00:00,viernes,15,Normal,Seca y limpia,Plano,Terraplen,Recta,Transito normal con precaución,11,15,2,0,2.0,Atropello,exceso de velocidad,25RSA_2_1,11.0,0.0
Ocaña,2020-07-09 19:59:00,50,180.0,2020-03-01 05:00:00,domingo,30,Normal,Seca y limpia,Plano,Terraplen,Recta,Transito normal con precaución,0,0,1,0,1.0,Atropello,conducta de peatones,7007_2_50,23.0,1.0
Risaralda,2020-07-09 15:14:00,0,0.0,2020-02-22 05:00:00,sabado,50,Lluvia,Humeda,Plano,Terraplen,Recta,Transito normal con precaución,15,50,0,0,0.0,Choque,no mantener distancia de seguridad,29RSA_2_0,15.0,0.0
Risaralda,2020-07-09 15:33:00,2,247.0,2020-02-22 05:00:00,sabado,15,Normal,Humeda,Plano,Terraplen,Recta,Transito normal con precaución,18,15,2,0,2.0,Choque,otra - conductor en general,2902_2_2,18.0,0.0
Santander,2020-07-09 15:42:00,30,489.0,2020-02-03 05:00:00,lunes,30,Seca,Seca y limpia,Plano,Cajón,Recta,Transito normal con precaución,19,30,2,0,2.0,Choque,otra - conductor en general,6403_0_30,19.0,0.0
Risaralda,2020-07-09 16:08:00,12,150.0,2020-02-25 05:00:00,martes,5,Normal,Seca y limpia,Plano,Terraplen,Recta,Transito normal con precaución,14,5,0,0,0.0,Choque,adelantamientos indebidos,29RSC_1_12,14.0,0.0
Risaralda,2020-07-09 16:23:00,0,550.0,2020-02-27 05:00:00,jueves,0,Normal,Seca y limpia,Plano,Media Ladera Derecha,Curva Derecha,Transito normal con precaución,9,0,1,0,1.0,Atropello,otra - conductor en general,2902_1_0,9.0,0.0
Santander,2020-07-09 16:24:00,29,300.0,2020-02-10 05:00:00,lunes,50,Seca,Seca y limpia,Montañoso,Media ladera Izquierda,Curva Izquierda,Parcial con reducción de carriles,4,50,3,0,3.0,Choque,exceso de velocidad,6403_0_29,4.0,0.0
Risaralda,2020-07-09 16:49:00,9,380.0,2020-02-27 05:00:00,jueves,30,Normal,Seca y limpia,Plano,Media ladera Izquierda,Recta,Transito normal con precaución,18,30,0,0,0.0,Choque,no mantener distancia de seguridad,29RSC_1_9,18.0,0.0
Santander,2020-07-09 16:31:00,28,90.0,2020-02-23 05:00:00,domingo,45,Seca,Seca y limpia,Plano,Cajón,Recta,Transito normal con precaución,13,45,0,0,0.0,Choque,exceso de velocidad,6403_0_28,13.0,0.0
Risaralda,2020-07-09 19:26:00,0,0.0,2020-02-28 05:00:00,viernes,20,Lluvia,Humeda,Plano,Terraplen,Recta,Transito normal con precaución,17,20,0,0,0.0,Choque,no mantener distancia de seguridad,29RSA_2_0,17.0,0.0
Risaralda,2020-07-09 19:30:00,0,52.0,2020-02-29 05:00:00,sabado,45,Normal,Seca y limpia,Plano,Terraplen,Recta,Transito normal con precaución,12,45,0,0,0.0,Choque,no mantener distancia de seguridad,29RSA_2_0,12.0,0.0
Santander,2020-07-09 19:31:00,61,980.0,2020-02-28 05:00:00,viernes,30,Seca,Seca y limpia,Plano,Media ladera Izquierda,Curva Derecha,Transito normal con precaución,10,30,1,0,1.0,Volcamiento,impericia en el manejo,6402_0_61,10.0,0.0
Risaralda,2020-07-09 19:34:00,2,250.0,2020-02-29 05:00:00,sabado,50,Normal,Seca y limpia,Plano,Terraplen,Recta,Transito normal con precaución,6,50,0,0,0.0,Choque,no mantener distancia de seguridad,2902_2_2,6.0,0.0
Santander,2020-07-09 19:45:00,54,440.0,2020-05-27 05:00:00,miercoles,43,Seca,Seca y limpia,Montañoso,Media Ladera Derecha,Curva Izquierda,Transito normal con precaución,16,43,0,0,0.0,Choque,exceso de velocidad,6403_0_54,16.0,0.0
Risaralda,2020-07-09 19:43:00,20,240.0,2020-03-02 05:00:00,lunes,59,Normal,Seca y limpia,Montañoso,Media Ladera Derecha,Curva Derecha,Transito normal con precaución,10,59,1,0,1.0,Choque,otra - conductor en general,50RS01_1_20,10.0,0.0
Risaralda,2020-07-09 19:50:00,31,650.0,2020-03-15 05:00:00,domingo,50,Normal,Seca y limpia,Plano,Terraplen,Curva Derecha,Transito normal con precaución,10,50,3,0,3.0,Choque,otra - conductor en general,50RS01_1_31,10.0,0.0
Risaralda,2020-07-09 19:54:00,1,800.0,2020-03-17 05:00:00,martes,10,Normal,Seca y limpia,Plano,Terraplen,Recta,Transito normal con precaución,15,10,0,1,1.0,Choque,otra - conductor en general,25RSA_1_1,15.0,0.0
Risaralda,2020-07-09 19:58:00,1,754.0,2020-03-18 05:00:00,miercoles,5,Normal,Seca y limpia,Plano,Terraplen,Recta,Transito normal con precaución,16,5,0,0,0.0,Choque,no mantener distancia de seguridad,25RSA_2_1,16.0,0.0
Risaralda,2020-07-09 20:05:00,140,60.0,2020-04-24 05:00:00,viernes,40,Normal,Humeda,Plano,Terraplen,Curva Derecha,Transito normal con precaución,9,40,0,0,0.0,Choque,condiciones de la via y factores ambientales,2302_1_140,9.0,0.0
Ocaña,2020-07-09 20:10:00,49,610.0,2020-04-26 05:00:00,domingo,36,Normal,Seca y limpia,Plano,Terraplen,Recta,Transito normal con precaución,0,0,0,0,0.0,Choque,desobediencia a normas y senales,7007_2_49,3.0,21.0
Risaralda,2020-07-09 20:13:00,0,310.0,2020-04-25 05:00:00,sabado,0,Normal,Seca y limpia,Plano,Terraplen,Recta,Transito normal con precaución,0,0,0,0,0.0,Choque,otra - conductor en general,2507_1_0,0.0,0.0
Risaralda,2020-07-09 20:21:00,5,600.0,2020-04-29 05:00:00,miercoles,0,Normal,Seca y limpia,Plano,Terraplen,Recta,Transito normal con precaución,16,0,1,0,1.0,Choque,maniobras imprudentes,2507_1_5,16.0,0.0
Cauca,2020-07-09 20:58:00,3,600.0,2020-07-09 05:00:00,jueves,0,Sol,Seca y limpia,Plano,Terraplen,Recta,Transito normal con precaución,0,0,1,0,1.0,Volcamiento,otra - conductor en general,2602_0_3,8.0,16.0
Caquetá,2020-07-09 21:47:00,49,740.0,2020-04-04 05:00:00,sabado,0,Normal,Seca y limpia,Montañoso,Media ladera Izquierda,Recta,Transito normal con precaución,0,0,1,0,0.0,Volcamiento,fallas mecanicas y del sistema electrico,2003A_0_49,5.0,19.0
Planta Central,2020-07-13 16:28:00,24,330.0,2020-06-22 05:00:00,lunes,30,Seca,Seca y limpia,Montañoso,Media ladera Izquierda,Curva Izquierda,Parcial con reducción de carriles,7,0,0,0,0.0,Choque,otra - conductor en general,4003_1_24,1.0,6.0
Caquetá,2020-07-09 22:47:00,11,180.0,2020-05-07 05:00:00,jueves,0,Lluvia,Humeda,Ondulado,Media ladera Izquierda,Recta,Transito normal con precaución,0,0,1,0,1.0,Salida de la vía sin volcarse,impericia en el manejo,6503_1_11,6.0,18.0
Caquetá,2020-07-09 22:50:00,49,540.0,2020-05-23 05:00:00,sabado,0,Normal,Seca y limpia,Ondulado,Terraplen,Curva Izquierda,Cierre total,0,30,0,1,1.0,Choque,exceso de velocidad,6503_1_49,16.0,8.0
Caquetá,2020-07-09 23:07:00,68,60.0,2020-02-01 05:00:00,sabado,30,Normal,Humeda,Montañoso,Media Ladera Derecha,Curva Derecha,Transito normal con precaución,0,0,1,0,1.0,Salida de la vía sin volcarse,condiciones de la via y factores ambientales,2003A_0_68,12.0,12.0
Caquetá,2020-07-09 23:34:00,49,628.0,2020-02-23 05:00:00,domingo,50,Normal,Seca y limpia,Ondulado,Terraplen,Curva Izquierda,Transito normal con precaución,0,0,0,1,1.0,Choque,estacionamiento y senalizacion imprudente,6503_1_49,22.0,2.0
Caquetá,2020-07-09 23:42:00,69,840.0,2020-02-25 05:00:00,martes,0,Normal,Seca y limpia,Montañoso,Cajón,Curva Derecha,Cierre total,0,30,0,2,3.0,Volcamiento,fallas mecanicas y del sistema electrico,2003A_0_69,22.0,2.0