territorial,fecha_registro,pr,distancia_pr,fecha_acc,dia_semana_acc,min_acc,condic_meteor,estado_super,terreno,secc_tip,geometria_acc,tipo_cierre,horas_cierre,min_cierre,n_heridos,n_muertos,n_victimas,clase_accidente,causa_posible,ref_loc,hora_acc,duracion_cierre_horas
Caquetá,2020-07-10 00:11:00,11,300.0,2020-02-27 05:00:00,jueves,0,Normal,Seca y limpia,Ondulado,Media ladera Izquierda,Curva Izquierda,Cierre total,0,30,2,0,2.0,Choque,adelantamientos indebidos,6503_1_11,17.0,7.0
Caquetá,2020-07-10 00:14:00,46,60.0,2020-03-17 05:00:00,martes,30,Normal,Seca y limpia,Ondulado,Terraplen,Recta,Transito normal con precaución,0,0,0,1,1.0,Choque,estacionamiento y senalizacion imprudente,6503_1_46,10.0,14.0
Caquetá,2020-07-10 00:18:00,55,850.0,2020-03-17 05:00:00,martes,0,Normal,Seca y limpia,Montañoso,Cajón,Curva Izquierda,Transito normal con precaución,0,0,1,0,1.0,Volcamiento,fallas mecanicas y del sistema electrico,2003A_0_55,13.0,11.0
Nariño,2020-07-10 14:56:00,24,830.0,2019-12-05 05:00:00,jueves,0,Lluvia,Humeda,Montañoso,Media Ladera Derecha,Curva Izquierda,Transito normal con precaución,20,0,0,0,0.0,Volcamiento,exceso de velocidad,1702_0_24,20.0,0.0
Nariño,2020-07-10 15:31:00,24,970.0,2019-12-29 05:00:00,domingo,30,Lluvia,Humeda,Montañoso,Media Ladera Derecha,Recta,Transito normal con precaución,20,30,1,0,1.0,Choque,embriaguez o sustancias alucinogenas,1702_0_24,20.0,0.0
Nariño,2020-07-10 15:41:00,32,0.0,2020-02-01 05:00:00,sabado,15,Lluvia,Humeda,Montañoso,Media ladera Izquierda,Recta,Transito normal con precaución,19,15,1,0,1.0,Atropello,condiciones de la via y factores ambientales,1702_0_32,19.0,0.0
Nariño,2020-07-10 15:54:00,96,280.0,2020-02-06 05:00:00,jueves,0,Normal,Seca y limpia,Plano,Cajón,Recta,Transito normal con precaución,19,0,0,1,1.0,Atropello,fallas mecanicas y del sistema electrico,1002_1_96,19.0,0.0
Nariño,2020-07-10 15:59:00,5,320.0,2020-03-24 05:00:00,martes,20,Normal,Seca y limpia,Ondulado,Media Ladera Derecha,Curva Derecha,Transito normal con precaución,6,20,3,0,3.0,Choque,adelantamientos indebidos,2501B_1_5,6.0,0.0
Nariño,2020-07-10 16:13:00,96,700.0,2020-04-09 05:00:00,jueves,0,Sol,Seca y limpia,Plano,Cajón,Recta,Transito normal con precaución,13,0,0,0,1.0,Atropello,condiciones de la via y factores ambientales,1002_1_96,13.0,0.0
Nariño,2020-07-10 16:22:00,33,950.0,2020-05-15 05:00:00,viernes,0,Normal,Seca y limpia,Montañoso,Media Ladera Derecha,Curva Derecha,Transito normal con precaución,18,0,0,1,1.0,Choque,adelantamientos indebidos,1702_0_33,18.0,0.0
Nariño,2020-07-10 16:27:00,38,430.0,2019-12-29 05:00:00,domingo,0,Sol,Seca y limpia,Montañoso,Media ladera Izquierda,Curva Izquierda,Cierre total,16,0,0,1,3.0,Choque,exceso de velocidad,2501B_1_38,16.0,0.0
Planta Central,2020-07-10 21:06:00,48,300.0,2019-10-14 05:00:00,lunes,0,Normal,Seca y limpia,Plano,Terraplen,Recta,Transito normal con precaución,23,30,0,0,1.0,Volcamiento,otra - conductor en general,2505_2_48,23.0,0.0
Planta Central,2020-07-10 21:17:00,53,500.0,2019-10-14 05:00:00,lunes,20,Normal,Seca y limpia,Plano,Terraplen,Recta,Transito normal con precaución,7,30,0,0,2.0,Atropello,otra - conductor en general,2505_2_53,7.0,0.0
Planta Central,2020-07-10 21:25:00,2,750.0,2019-10-18 05:00:00,viernes,30,Normal,Seca y limpia,Plano,Terraplen,Recta,Transito normal con precaución,8,30,0,0,0.0,Choque,otra - conductor en general,2505_1_2,8.0,0.0
Planta Central,2020-07-10 21:31:00,42,600.0,2019-10-21 05:00:00,lunes,30,Normal,Seca y limpia,Plano,Terraplen,Recta,Transito normal con precaución,19,40,0,0,1.0,Atropello,conducta de peatones,2505_2_42,19.0,0.0
Planta Central,2020-07-10 21:40:00,62,700.0,2019-10-22 05:00:00,martes,15,Normal,Seca y limpia,Plano,Terraplen,Curva Izquierda,Transito normal con precaución,18,15,0,0,1.0,Choque,no mantener distancia de seguridad,2505_1_62,18.0,0.0
Planta Central,2020-07-10 22:03:00,61,690.0,2019-10-23 05:00:00,miercoles,45,Normal,Helada,Plano,Terraplen,Recta,Transito normal con precaución,6,20,0,1,1.0,Choque,estacionamiento y senalizacion imprudente,2505_2_61,5.0,1.0
Antioquia,2020-07-10 16:40:00,50,555.0,2020-04-08 05:00:00,miercoles,0,Normal,Seca y limpia,Plano,Terraplen,Recta,Transito normal con precaución,0,30,0,0,0.0,Choque,otra - conductor en general,5601_1_50,0.0,0.0
Nariño,2020-07-10 16:41:00,100,200.0,2020-03-19 05:00:00,jueves,50,Normal,Seca y limpia,Ondulado,Media ladera Izquierda,Curva Izquierda,Transito normal con precaución,18,50,0,0,0.0,Choque,no mantener distancia de seguridad,1002_1_100,18.0,0.0
Planta Central,2020-07-11 13:38:00,49,300.0,2019-10-25 05:00:00,viernes,30,Normal,Seca y limpia,Plano,Terraplen,Recta,Transito normal con precaución,18,35,2,0,2.0,Choque,estacionamiento y senalizacion imprudente,2505_2_49,18.0,0.0
Planta Central,2020-07-11 13:45:00,57,530.0,2019-10-29 05:00:00,martes,35,Normal,Seca y limpia,Plano,Terraplen,Recta,Transito normal con precaución,13,15,0,2,2.0,Atropello,conducta de peatones,2505_1_57,12.0,1.0
Planta Central,2020-07-13 13:48:00,5,750.0,2019-10-13 05:00:00,domingo,50,Normal,Humeda,Plano,Terraplen,Recta,Transito normal con precaución,6,10,0,0,1.0,Choque,otra - conductor en general,25VLB_2_5,5.0,1.0
Planta Central,2020-07-13 14:15:00,52,450.0,2019-10-30 05:00:00,miercoles,40,Normal,Seca y limpia,Plano,Terraplen,Curva Izquierda,Transito normal con precaución,13,40,0,1,1.0,Choque,otra - conductor en general,2301_1_52,13.0,0.0
Planta Central,2020-07-13 14:56:00,36,700.0,2019-11-05 05:00:00,martes,15,Normal,Seca y limpia,Plano,Terraplen,Recta,Transito normal con precaución,21,30,0,0,0.0,Choque,otra - conductor en general,2301_1_36,21.0,0.0
Planta Central,2020-07-13 15:00:00,24,800.0,2019-11-10 05:00:00,domingo,20,Lluvia,Humeda,Plano,Media ladera Izquierda,Curva Izquierda,Transito normal con precaución,0,35,0,0,0.0,Choque,otra - conductor en general,2301_1_24,0.0,0.0
Planta Central,2020-07-13 19:17:00,19,100.0,2019-11-25 05:00:00,lunes,30,Normal,Seca y limpia,Plano,Terraplen,Recta,Transito normal con precaución,5,0,0,0,0.0,Volcamiento,otra - conductor en general,2301_1_19,4.0,1.0
Planta Central,2020-07-13 19:59:00,29,400.0,2019-11-28 05:00:00,jueves,0,Normal,Seca y limpia,Plano,Terraplen,Recta,Transito normal con precaución,5,10,0,0,0.0,Volcamiento,otra - conductor en general,2301_1_29,5.0,0.0
Planta Central,2020-07-13 20:08:00,0,700.0,2019-11-20 05:00:00,miercoles,0,Normal,Seca y limpia,Plano,Terraplen,Recta,Transito normal con precaución,15,10,0,0,1.0,Choque,maniobras imprudentes,25VLB_1_0,15.0,0.0
Planta Central,2020-07-13 20:43:00,37,20.0,2019-11-04 05:00:00,lunes,0,Normal,Seca y limpia,Plano,Terraplen,Curva Izquierda,Transito normal con precaución,0,15,0,1,1.0,Volcamiento,otra - conductor en general,2301_1_37,0.0,0.0
Planta Central,2020-07-13 21:05:00,1,200.0,2019-11-06 05:00:00,miercoles,25,Normal,Seca y limpia,Plano,Terraplen,Recta,Transito normal con precaución,7,25,1,0,1.0,Otro,fallas mecanicas y del sistema electrico,2505_1_1,7.0,0.0
Planta Central,2020-07-13 16:50:00,17,800.0,2020-06-22 05:00:00,lunes,49,Normal,Seca y limpia,Montañoso,Media ladera Izquierda,Curva Izquierda,Transito normal con precaución,0,0,0,0,0.0,Choque,otra - conductor en general,4003_1_17,16.0,8.0
Planta Central,2020-07-13 21:33:00,61,800.0,2019-11-06 05:00:00,miercoles,0,Normal,Seca y limpia,Plano,Terraplen,Recta,Transito normal con precaución,17,10,0,0,0.0,Volcamiento,otra - conductor en general,2505_2_61,17.0,0.0
Planta Central,2020-07-13 21:54:00,14,690.0,2019-11-07 05:00:00,jueves,20,Normal,Seca y limpia,Plano,Terraplen,Recta,Transito normal con precaución,6,35,0,0,0.0,Choque,otra - conductor en general,2505_1_14,6.0,0.0
Planta Central,2020-07-13 15:10:00,5,730.0,2020-06-01 05:00:00,lunes,0,Normal,Seca y limpia,Montañoso,Terraplen,Curva Izquierda,Cierre total,2,0,0,0,0.0,Volcamiento,otra - conductor en general,4003_1_5,18.0,8.0
Planta Central,2020-07-13 15:17:00,6,10.0,2020-06-02 05:00:00,martes,0,Seca,Seca y limpia,Montañoso,Media Ladera Derecha,Curva Derecha,Transito normal con precaución,0,0,0,0,0.0,Choque,otra - conductor en general,4003_1_6,10.0,14.0
Planta Central,2020-07-13 15:18:00,53,300.0,2019-11-18 05:00:00,lunes,20,Normal,Seca y limpia,Plano,Terraplen,Recta,Transito normal con precaución,0,35,0,0,1.0,Caída ocupante,conducta de pasajeros,2301_1_53,0.0,0.0
Planta Central,2020-07-13 15:24:00,12,500.0,2020-06-02 05:00:00,martes,55,Normal,Seca y limpia,Montañoso,Media Ladera Derecha,Curva Derecha,Parcial con reducción de carriles,1,0,0,0,0.0,Choque,otra - conductor en general,4003_1_12,8.0,17.0
Planta Central,2020-07-13 15:32:00,9,100.0,2020-06-03 05:00:00,miercoles,0,Lluvia,Humeda,Montañoso,Media ladera Izquierda,Curva Derecha,Cierre total,0,25,0,0,2.0,Choque,otra - conductor en general,4003_1_9,18.0,6.0
Planta Central,2020-07-13 15:50:00,15,800.0,2020-06-03 05:00:00,miercoles,0,Normal,Seca y limpia,Montañoso,Terraplen,Recta,Parcial con reducción de carriles,1,0,0,0,0.0,Choque,otra - conductor en general,4003_1_15,21.0,4.0
Planta Central,2020-07-13 15:54:00,26,300.0,2020-06-11 05:00:00,jueves,5,Lluvia,Humeda,Montañoso,Media Ladera Derecha,Recta,Transito normal con precaución,0,0,0,0,0.0,Choque,otra - conductor en general,4003_1_26,1.0,23.0
Planta Central,2020-07-13 16:05:00,36,900.0,2019-11-18 05:00:00,lunes,0,Normal,Seca y limpia,Plano,Terraplen,Recta,Transito normal con precaución,12,5,0,1,1.0,Caída ocupante,conducta de pasajeros,2301_1_36,12.0,0.0
Planta Central,2020-07-13 16:10:00,14,220.0,2020-06-15 05:00:00,lunes,30,Seca,Seca y limpia,Montañoso,Media ladera Izquierda,Curva Izquierda,Transito normal con precaución,0,0,1,0,1.0,Volcamiento,otra - conductor en general,4003_1_14,9.0,15.0
Planta Central,2020-07-13 16:13:00,18,800.0,2020-06-15 05:00:00,lunes,20,Normal,Seca y limpia,Montañoso,Media Ladera Derecha,Recta,Transito normal con precaución,0,0,0,0,0.0,Choque,otra - conductor en general,4003_1_18,1.0,23.0
Planta Central,2020-07-13 16:10:00,35,500.0,2019-11-18 05:00:00,lunes,30,Normal,Seca y limpia,Plano,Terraplen,Recta,Transito normal con precaución,17,0,0,1,1.0,Otro,condiciones de la via y factores ambientales,2301_1_35,16.0,1.0
Planta Central,2020-07-13 16:17:00,22,220.0,2020-06-20 05:00:00,sabado,30,Lluvia,Humeda,Montañoso,Media ladera Izquierda,Curva Derecha,Parcial con reducción de carriles,1,35,0,0,0.0,Choque,otra - conductor en general,4003_1_22,11.0,14.0
Planta Central,2020-07-13 16:52:00,45,800.0,2020-06-26 05:00:00,viernes,0,Seca,Seca y limpia,Montañoso,Media Ladera Derecha,Curva Derecha,Cierre total,3,0,0,0,2.0,Volcamiento,otra - conductor en general,4003_1_45,15.0,12.0
Planta Central,2020-07-13 17:26:00,14,710.0,2020-06-26 05:00:00,viernes,0,Seca,Seca y limpia,Montañoso,Terraplen,Curva Derecha,Transito normal con precaución,0,0,1,0,1.0,Choque,otra - conductor en general,4003_1_14,17.0,7.0
Planta Central,2020-07-13 17:29:00,8,400.0,2020-06-27 05:00:00,sabado,40,Normal,Seca y limpia,Montañoso,Media ladera Izquierda,Curva Izquierda,Cierre total,1,20,0,0,0.0,Choque,otra - conductor en general,4003_1_8,11.0,14.0
Planta Central,2020-07-13 17:46:00,9,100.0,2020-06-27 05:00:00,sabado,15,Normal,Seca y limpia,Montañoso,Media ladera Izquierda,Recta,Transito normal con precaución,0,0,0,0,0.0,Choque,no mantener distancia de seguridad,4003_1_9,12.0,12.0
Casanare,2020-07-14 14:52:00,56,358.0,2020-06-19 05:00:00,viernes,40,Normal,Seca y limpia,Plano,Terraplen,Recta,Transito normal con precaución,19,40,2,0,2.0,Choque,embriaguez o sustancias alucinogenas,6515_2_56,19.0,0.0
Planta Central,2020-07-14 18:23:00,116,670.0,2019-12-01 05:00:00,domingo,0,Normal,Seca y limpia,Plano,Terraplen,Recta,Transito normal con precaución,0,0,0,0,0.0,Choque,estacionamiento y senalizacion imprudente,4510_1_116,5.0,19.0
Planta Central,2020-07-14 18:29:00,64,100.0,2019-12-04 05:00:00,miercoles,20,Normal,Seca y limpia,Plano,Terraplen,Recta,Transito normal con precaución,1,40,0,0,0.0,Volcamiento,impericia en el manejo,4510_1_64,7.0,18.0
Planta Central,2020-07-14 18:37:00,122,240.0,2019-12-07 05:00:00,sabado,50,Lluvia,Humeda,Plano,Terraplen,Curva Derecha,Transito normal con precaución,1,10,0,0,0.0,Volcamiento,fallas mecanicas y del sistema electrico,4510_1_122,5.0,20.0
Planta Central,2020-07-14 18:43:00,97,400.0,2019-12-08 05:00:00,domingo,40,Lluvia,Humeda,Plano,Terraplen,Curva Derecha,Transito normal con precaución,1,50,0,0,0.0,Choque,otra - conductor en general,4510_1_97,17.0,8.0
Planta Central,2020-07-14 18:47:00,118,890.0,2019-12-13 05:00:00,viernes,0,Normal,Seca y limpia,Plano,Terraplen,Recta,Transito normal con precaución,1,40,0,0,0.0,Choque,adelantamientos indebidos,4510_1_118,10.0,15.0
Planta Central,2020-07-14 18:53:00,49,350.0,2019-12-15 05:00:00,domingo,5,Normal,Seca y limpia,Plano,Terraplen,Curva Izquierda,Transito normal con precaución,1,20,0,0,0.0,Volcamiento,maniobras imprudentes,4511_1_49,12.0,13.0
Planta Central,2020-07-14 18:55:00,40,750.0,2019-12-17 05:00:00,martes,30,Lluvia,Humeda,Plano,Terraplen,Curva Izquierda,Transito normal con precaución,2,0,0,0,0.0,Choque,impericia en el manejo,4511_1_40,22.0,4.0
Planta Central,2020-07-14 19:35:00,58,239.0,2020-01-10 05:00:00,viernes,10,Normal,Seca y limpia,Plano,Terraplen,Recta,Transito normal con precaución,1,0,0,0,0.0,Choque,otra - conductor en general,4511_1_58,6.0,19.0
Planta Central,2020-07-14 19:38:00,11,400.0,2020-01-11 05:00:00,sabado,50,Normal,Seca y limpia,Plano,Terraplen,Recta,Transito normal con precaución,1,20,0,0,0.0,Choque,no mantener distancia de seguridad,4511_1_11,17.0,8.0
Planta Central,2020-07-14 19:44:00,52,800.0,2020-01-11 05:00:00,sabado,30,Viento,Seca y limpia,Plano,Terraplen,Recta,Transito normal con precaución,1,0,0,0,0.0,Choque,otra - conductor en general,4511_1_52,11.0,14.0
Planta Central,2020-07-14 15:57:00,60,200.0,2019-11-08 05:00:00,viernes,0,Lluvia,Humeda,Plano,Terraplen,Recta,Transito normal con precaución,17,20,0,0,1.0,Choque,no mantener distancia de seguridad,2505_1_60,17.0,0.0
Planta Central,2020-07-14 16:02:00,38,700.0,2019-11-08 05:00:00,viernes,15,Normal,Seca y limpia,Plano,Terraplen,Curva Derecha,Transito normal con precaución,11,45,0,0,0.0,Choque,otra - conductor en general,2505_2_38,11.0,0.0
Planta Central,2020-07-14 16:10:00,36,350.0,2019-10-08 05:00:00,martes,20,Normal,Seca y limpia,Plano,Terraplen,Recta,Transito normal con precaución,7,30,0,0,0.0,Choque,otra - conductor en general,2505_2_36,7.0,0.0
Planta Central,2020-07-14 16:20:00,69,800.0,2019-12-01 05:00:00,domingo,40,Normal,Seca y limpia,Plano,Terraplen,Recta,Parcial con reducción de carriles,2,15,1,0,1.0,Choque,impericia en el manejo,4510_2_69,9.0,17.0
Planta Central,2020-07-14 16:46:00,50,100.0,2019-11-13 05:00:00,miercoles,15,Lluvia,Humeda,Plano,Terraplen,Recta,Transito normal con precaución,8,25,0,0,0.0,Choque,condiciones de la via y factores ambientales,2505_1_50,8.0,0.0
Planta Central,2020-07-14 16:50:00,30,700.0,2019-11-09 05:00:00,sabado,10,Normal,Seca y limpia,Plano,Terraplen,Recta,Transito normal con precaución,13,20,0,0,1.0,Choque,maniobras imprudentes,2505_1_30,13.0,0.0
Planta Central,2020-07-14 17:09:00,0,350.0,2019-11-16 05:00:00,sabado,20,Lluvia,Humeda,Plano,Terraplen,Recta,Transito normal con precaución,15,30,0,0,0.0,Choque,condiciones de la via y factores ambientales,2505_2_0,15.0,0.0
Planta Central,2020-07-14 19:00:00,95,450.0,2020-07-25 05:00:00,sabado,30,Normal,Seca y limpia,Plano,Terraplen,Recta,Transito normal con precaución,2,30,2,0,2.0,Choque,no mantener distancia de seguridad,4510_1_95,12.0,14.0
Planta Central,2020-07-14 19:03:00,39,120.0,2019-12-28 05:00:00,sabado,0,Normal,Seca y limpia,Plano,Terraplen,Recta,Transito normal con precaución,1,0,0,0,0.0,Choque,maniobras imprudentes,4510_1_39,10.0,15.0
Planta Central,2020-07-14 19:06:00,43,0.0,2020-01-03 05:00:00,viernes,15,Normal,Seca y limpia,Plano,Terraplen,Recta,Transito normal con precaución,1,0,0,0,0.0,Choque,condiciones de la via y factores ambientales,4511_1_43,1.0,0.0
Planta Central,2020-07-14 19:22:00,42,460.0,2020-01-04 05:00:00,sabado,20,Viento,Seca y limpia,Plano,Terraplen,Curva Izquierda,Transito normal con precaución,1,0,0,0,0.0,Choque,otra - conductor en general,4510_2_42,5.0,20.0
Planta Central,2020-07-14 19:26:00,79,0.0,2020-01-06 05:00:00,lunes,45,Normal,Seca y limpia,Plano,Terraplen,Recta,Transito normal con precaución,2,0,1,0,1.0,Choque,otra - conductor en general,4510_2_79,13.0,13.0
Cesar,2020-07-14 20:05:00,18,530.0,2020-06-19 05:00:00,viernes,40,Normal,Seca y limpia,Plano,Terraplen,Recta,Transito normal con precaución,0,0,2,0,2.0,Choque,estacionamiento y senalizacion imprudente,43CS02_0_18,19.0,5.0
Planta Central,2020-07-14 20:01:00,93,0.0,2020-02-01 05:00:00,sabado,30,Lluvia,Humeda,Plano,Terraplen,Recta,Transito normal con precaución,2,0,2,0,2.0,Choque,impericia en el manejo,4510_1_93,23.0,3.0
Planta Central,2020-07-14 20:38:00,61,500.0,2020-02-05 05:00:00,miercoles,0,Normal,Seca y limpia,Plano,Terraplen,Recta,Transito normal con precaución,1,40,0,0,0.0,Choque,otra - conductor en general,4510_2_61,6.0,19.0
Planta Central,2020-07-14 20:46:00,113,0.0,2020-02-09 05:00:00,domingo,0,Normal,Seca y limpia,Plano,Terraplen,Recta,Transito normal con precaución,1,20,0,0,0.0,Choque,condiciones de la via y factores ambientales,4510_2_113,23.0,2.0
Planta Central,2020-07-14 20:49:00,0,350.0,2020-02-13 05:00:00,jueves,40,Normal,Seca y limpia,Plano,Terraplen,Recta,Transito normal con precaución,1,20,0,0,0.0,Choque,condiciones de la via y factores ambientales,4511_1_0,18.0,7.0
Planta Central,2020-07-14 20:53:00,27,0.0,2020-02-28 05:00:00,viernes,15,Viento,Seca y limpia,Plano,Terraplen,Recta,Transito normal con precaución,1,20,0,0,0.0,Volcamiento,otra - conductor en general,4511_2_27,3.0,22.0
Planta Central,2020-07-14 20:55:00,83,700.0,2020-03-08 05:00:00,domingo,0,Normal,Seca y limpia,Plano,Terraplen,Recta,Transito normal con precaución,1,0,0,0,0.0,Choque,fallas mecanicas y del sistema electrico,4510_1_83,14.0,11.0
Planta Central,2020-07-14 21:00:00,55,0.0,2020-03-11 05:00:00,miercoles,30,Lluvia,Humeda,Plano,Terraplen,Recta,Transito normal con precaución,1,40,0,0,0.0,Volcamiento,impericia en el manejo,4510_2_55,0.0,1.0
Planta Central,2020-07-14 21:00:00,61,700.0,2020-03-20 05:00:00,viernes,30,Normal,Seca y limpia,Plano,Terraplen,Recta,Transito normal con precaución,1,40,0,0,0.0,Choque,otra - conductor en general,4510_1_61,1.0,0.0
Planta Central,2020-07-14 21:06:00,4,100.0,2020-04-05 05:00:00,domingo,35,Normal,Seca y limpia,Plano,Terraplen,Recta,Transito normal con precaución,1,0,0,0,0.0,Choque,condiciones de la via y factores ambientales,4511_1_4,3.0,22.0
Planta Central,2020-07-14 21:09:00,130,0.0,2020-04-22 05:00:00,miercoles,0,Normal,Seca y limpia,Plano,Terraplen,Recta,Transito normal con precaución,1,20,0,0,0.0,Volcamiento,otra - conductor en general,4510_1_130,6.0,19.0
Planta Central,2020-07-14 21:18:00,127,380.0,2020-04-28 05:00:00,martes,15,Lluvia,Humeda,Plano,Terraplen,Recta,Transito normal con precaución,1,40,0,0,0.0,Choque,maniobras imprudentes,4510_1_127,5.0,20.0
Planta Central,2020-07-14 21:20:00,106,300.0,2020-04-28 05:00:00,martes,0,Normal,Seca y limpia,Plano,Terraplen,Recta,Transito normal con precaución,3,40,0,1,1.0,Atropello,conducta de peatones,4510_1_106,4.0,23.0
Planta Central,2020-07-14 21:23:00,42,600.0,2020-04-30 05:00:00,jueves,50,Normal,Seca y limpia,Plano,Terraplen,Recta,Transito normal con precaución,1,30,0,0,0.0,Choque,condiciones de la via y factores ambientales,4510_2_42,22.0,3.0
Planta Central,2020-07-15 12:21:00,50,600.0,2020-05-05 05:00:00,martes,15,Normal,Seca y limpia,Plano,Terraplen,Recta,Transito normal con precaución,1,0,0,0,0.0,Choque,condiciones de la via y factores ambientales,4511_1_50,0.0,1.0
Planta Central,2020-07-15 12:36:00,33,200.0,2020-05-11 05:00:00,lunes,10,Normal,Seca y limpia,Plano,Terraplen,Recta,Transito normal con precaución,1,20,0,0,0.0,Choque,condiciones de la via y factores ambientales,4511_1_33,23.0,2.0
Planta Central,2020-07-15 12:38:00,64,700.0,2020-05-13 05:00:00,miercoles,20,Normal,Seca y limpia,Plano,Terraplen,Recta,Transito normal con precaución,1,50,0,0,0.0,Choque,condiciones de la via y factores ambientales,4510_1_64,19.0,6.0
Planta Central,2020-07-15 12:56:00,39,0.0,2020-05-13 05:00:00,miercoles,0,Normal,Seca y limpia,Plano,Terraplen,Recta,Transito normal con precaución,1,20,0,0,0.0,Choque,condiciones de la via y factores ambientales,4510_1_39,5.0,20.0
Planta Central,2020-07-15 12:58:00,93,400.0,2020-05-14 05:00:00,jueves,12,Normal,Seca y limpia,Plano,Terraplen,Recta,Transito normal con precaución,1,50,0,0,0.0,Choque,fallas mecanicas y del sistema electrico,4510_1_93,12.0,13.0
Planta Central,2020-07-15 13:00:00,124,0.0,2020-05-14 05:00:00,jueves,0,Normal,Seca y limpia,Plano,Terraplen,Recta,Transito normal con precaución,1,0,0,0,0.0,Choque,condiciones de la via y factores ambientales,4510_1_124,18.0,7.0
Planta Central,2020-07-15 13:19:00,26,700.0,2020-05-24 05:00:00,domingo,45,Normal,Seca y limpia,Plano,Terraplen,Recta,Transito normal con precaución,1,40,0,0,0.0,Choque,condiciones de la via y factores ambientales,4511_2_26,15.0,10.0
Planta Central,2020-07-15 13:21:00,85,880.0,2020-05-28 05:00:00,jueves,50,Normal,Seca y limpia,Plano,Terraplen,Recta,Transito normal con precaución,1,50,0,0,0.0,Choque,no mantener distancia de seguridad,4510_1_85,12.0,13.0
Planta Central,2020-07-15 13:30:00,62,350.0,2019-11-16 05:00:00,sabado,0,Normal,Seca y limpia,Plano,Terraplen,Recta,Transito normal con precaución,3,10,0,0,0.0,Choque,otra - conductor en general,2505_2_62,3.0,0.0
Planta Central,2020-07-15 13:38:00,40,950.0,2019-11-18 05:00:00,lunes,30,Normal,Seca y limpia,Plano,Terraplen,Recta,Transito normal con precaución,20,50,0,0,0.0,Choque,otra - conductor en general,2505_2_40,20.0,0.0
Planta Central,2020-07-15 14:36:00,13,550.0,2019-11-22 05:00:00,viernes,45,Normal,Seca y limpia,Plano,Terraplen,Recta,Parcial con paso alternado,18,0,13,0,13.0,Volcamiento,otra - conductor en general,2505_1_13,17.0,1.0
Cesar,2020-07-15 15:00:00,67,500.0,2020-01-12 05:00:00,domingo,10,Normal,Seca y limpia,Plano,Terraplen,Recta,Transito normal con precaución,12,30,1,0,1.0,Choque,fallas mecanicas y del sistema electrico,4901_1_67,12.0,0.0
Planta Central,2020-07-15 21:07:00,14,500.0,2019-12-02 05:00:00,lunes,5,Normal,Seca y limpia,Plano,Terraplen,Recta,Transito normal con precaución,0,20,0,0,1.0,Atropello,conducta de peatones,2505_2_14,0.0,0.0
Planta Central,2020-07-15 14:19:00,57,500.0,2019-11-19 05:00:00,martes,30,Normal,Seca y limpia,Plano,Terraplen,Curva Izquierda,Transito normal con precaución,14,40,0,0,2.0,Choque,no mantener distancia de seguridad,2505_2_57,14.0,0.0
Planta Central,2020-07-15 14:26:00,62,900.0,2019-11-20 05:00:00,miercoles,0,Normal,Seca y limpia,Plano,Terraplen,Recta,Transito normal con precaución,7,15,1,0,1.0,Choque,otra - conductor en general,2505_1_62,7.0,0.0
Cesar,2020-07-15 14:36:00,56,800.0,2020-01-02 05:00:00,jueves,20,Normal,Seca y limpia,Plano,Terraplen,Recta,Transito normal con precaución,5,20,0,0,0.0,Choque,estacionamiento y senalizacion imprudente,4901_1_56,5.0,0.0
Cesar,2020-07-15 15:00:00,102,400.0,2020-01-02 05:00:00,jueves,30,Normal,Seca y limpia,Plano,Terraplen,Recta,Transito normal con precaución,19,30,0,0,0.0,Choque,no mantener distancia de seguridad,4901_1_102,19.0,0.0
Cesar,2020-07-15 15:00:00,87,157.0,2020-01-07 05:00:00,martes,30,Normal,Seca y limpia,Plano,Terraplen,Recta,Transito normal con precaución,5,10,0,0,0.0,Volcamiento,condiciones de la via y factores ambientales,4901_1_87,4.0,1.0
Planta Central,2020-07-15 15:10:00,66,400.0,2019-11-23 05:00:00,sabado,15,Normal,Seca y limpia,Plano,Terraplen,Recta,Transito normal con precaución,13,35,0,0,0.0,Choque,no mantener distancia de seguridad,2505_1_66,13.0,0.0
Cesar,2020-07-15 15:00:00,125,800.0,2020-01-12 05:00:00,domingo,0,Normal,Seca y limpia,Plano,Terraplen,Recta,Transito normal con precaución,6,0,0,0,1.0,Choque,condiciones de la via y factores ambientales,4901_1_125,6.0,0.0
Cesar,2020-07-15 15:00:00,3,60.0,2020-01-24 05:00:00,viernes,30,Normal,Seca y limpia,Plano,Terraplen,Recta,Transito normal con precaución,19,30,1,2,4.0,Choque,adelantamientos indebidos,8004A_1_3,19.0,0.0