territorial,fecha_registro,pr,distancia_pr,fecha_acc,dia_semana_acc,min_acc,condic_meteor,estado_super,terreno,secc_tip,geometria_acc,tipo_cierre,horas_cierre,min_cierre,n_heridos,n_muertos,n_victimas,clase_accidente,causa_posible,ref_loc,hora_acc,duracion_cierre_horas
Cesar,2020-07-15 15:00:00,2,250.0,2020-01-24 05:00:00,viernes,40,Normal,Seca y limpia,Plano,Terraplen,Recta,Transito normal con precaución,21,40,0,1,4.0,Choque,adelantamientos indebidos,8004_1_2,21.0,0.0
Cesar,2020-07-15 15:00:00,11,200.0,2020-02-23 05:00:00,domingo,35,Normal,Seca y limpia,Plano,Terraplen,Recta,Transito normal con precaución,21,35,1,2,8.0,Choque,adelantamientos indebidos,8004_1_11,21.0,0.0
Cesar,2020-07-15 15:00:00,4,970.0,2020-02-04 05:00:00,martes,0,Normal,Seca y limpia,Plano,Terraplen,Recta,Transito normal con precaución,16,0,0,0,8.0,Choque,no mantener distancia de seguridad,8004A_1_4,16.0,0.0
Planta Central,2020-07-15 16:14:00,50,100.0,2019-11-28 05:00:00,jueves,50,Lluvia,Humeda,Plano,Terraplen,Recta,Transito normal con precaución,17,20,0,0,0.0,Choque,condiciones de la via y factores ambientales,2505_1_50,16.0,1.0
Planta Central,2020-07-15 16:46:00,37,0.0,2019-11-28 05:00:00,jueves,0,Normal,Seca y limpia,Plano,Terraplen,Curva Derecha,Transito normal con precaución,6,10,0,0,0.0,Choque,otra - conductor en general,2505_1_37,6.0,0.0
Cesar,2020-07-15 15:00:00,10,600.0,2020-06-08 05:00:00,lunes,0,Normal,Seca y limpia,Plano,Terraplen,Recta,Transito normal con precaución,4,40,0,0,10.0,Choque,adelantamientos indebidos,4901_1_10,4.0,0.0
Cesar,2020-07-15 15:00:00,64,400.0,2020-06-08 05:00:00,lunes,20,Normal,Seca y limpia,Plano,Terraplen,Recta,Transito normal con precaución,19,20,0,1,11.0,Choque,adelantamientos indebidos,4901_1_64,19.0,0.0
Planta Central,2020-07-15 17:01:00,9,500.0,2019-12-02 05:00:00,lunes,25,Normal,Seca y limpia,Plano,Terraplen,Recta,Transito normal con precaución,7,40,0,0,1.0,Volcamiento,otra - conductor en general,25VLB_2_9,7.0,0.0
Planta Central,2020-07-15 17:39:00,12,540.0,2019-12-26 05:00:00,jueves,5,Normal,Seca y limpia,Plano,Terraplen,Recta,Transito normal con precaución,13,10,0,0,0.0,Volcamiento,otra - conductor en general,25VLB_2_12,15.0,22.0
Planta Central,2020-07-15 19:20:00,36,0.0,2019-12-07 05:00:00,sabado,0,Normal,Seca y limpia,Plano,Terraplen,Recta,Transito normal con precaución,21,20,0,0,2.0,Choque,no mantener distancia de seguridad,2301_1_36,21.0,0.0
Planta Central,2020-07-15 19:41:00,41,0.0,2019-12-10 05:00:00,martes,20,Normal,Seca y limpia,Plano,Terraplen,Curva Izquierda,Transito normal con precaución,14,30,0,0,2.0,Choque,otra - conductor en general,2301_1_41,14.0,0.0
Planta Central,2020-07-15 19:51:00,31,500.0,2019-12-18 05:00:00,miercoles,55,Normal,Seca y limpia,Plano,Terraplen,Recta,Transito normal con precaución,0,50,0,0,0.0,Choque,otra - conductor en general,2301_1_31,23.0,1.0
Planta Central,2020-07-15 20:46:00,15,750.0,2019-12-01 05:00:00,domingo,25,Normal,Seca y limpia,Plano,Terraplen,Recta,Transito normal con precaución,7,35,0,0,1.0,Volcamiento,otra - conductor en general,2505_2_15,7.0,0.0
Cesar,2020-07-15 20:52:00,7,200.0,2020-06-28 05:00:00,domingo,30,Normal,Seca y limpia,Plano,Terraplen,Curva Izquierda,Transito normal con precaución,4,0,3,0,3.0,Choque,maniobras imprudentes,4901_1_7,4.0,0.0
Quindío,2020-07-15 21:00:00,8,100.0,2020-06-09 05:00:00,martes,0,Sol,Seca y limpia,Ondulado,Media Ladera Derecha,Curva Derecha,Transito normal con precaución,0,0,0,0,0.0,Choque,conducta de peatones,2901B_1_8,12.0,12.0
Quindío,2020-07-15 21:07:00,5,300.0,2020-06-19 05:00:00,viernes,10,Normal,Seca y limpia,Montañoso,Media Ladera Derecha,Recta,Transito normal con precaución,0,28,0,0,0.0,Choque,otra - conductor en general,2901B_1_5,16.0,8.0
Planta Central,2020-07-15 21:31:00,15,450.0,2019-12-03 05:00:00,martes,0,Normal,Seca y limpia,Plano,Terraplen,Recta,Transito normal con precaución,22,0,0,1,2.0,Choque,estacionamiento y senalizacion imprudente,2505_2_15,20.0,2.0
Quindío,2020-07-15 21:41:00,4,200.0,2020-06-30 05:00:00,martes,30,Normal,Seca y limpia,Plano,Terraplen,Curva Derecha,Transito normal con precaución,0,10,2,0,2.0,Choque,desobediencia a normas y senales,2901B_1_4,8.0,16.0
Quindío,2020-07-15 21:52:00,4,205.0,2020-06-30 05:00:00,martes,40,Normal,Seca y limpia,Plano,Terraplen,Curva Izquierda,Transito normal con precaución,0,0,0,0,2.0,Choque,exceso de velocidad,2901B_1_4,8.0,16.0
Planta Central,2020-07-15 21:51:00,1,730.0,2019-12-05 05:00:00,jueves,1,Normal,Seca y limpia,Plano,Terraplen,Recta,Transito normal con precaución,12,1,0,0,1.0,Choque,maniobras imprudentes,2505_2_1,12.0,0.0
Planta Central,2020-07-16 14:26:00,43,700.0,2019-12-06 05:00:00,viernes,0,Normal,Seca y limpia,Plano,Terraplen,Recta,Transito normal con precaución,7,15,0,0,1.0,Choque,no mantener distancia de seguridad,2505_1_43,7.0,0.0
Planta Central,2020-07-16 14:34:00,54,700.0,2019-12-06 05:00:00,viernes,45,Normal,Seca y limpia,Plano,Terraplen,Recta,Transito normal con precaución,14,5,0,0,0.0,Choque,no mantener distancia de seguridad,2505_1_54,13.0,1.0
Planta Central,2020-07-16 14:41:00,5,700.0,2019-12-07 05:00:00,sabado,0,Normal,Seca y limpia,Plano,Terraplen,Recta,Transito normal con precaución,20,20,0,1,2.0,Choque,estacionamiento y senalizacion imprudente,2505_2_5,19.0,1.0
Planta Central,2020-07-16 20:24:00,18,0.0,2019-12-12 05:00:00,jueves,5,Normal,Seca y limpia,Plano,Terraplen,Recta,Transito normal con precaución,0,40,0,0,0.0,Choque,otra - conductor en general,2505_1_18,0.0,0.0
Planta Central,2020-07-21 10:53:00,26,587.0,2020-03-15 05:00:00,domingo,30,Normal,Seca y limpia,Ondulado,Media Ladera Derecha,Curva Izquierda,Parcial con paso alternado,22,30,1,1,2.0,Choque,exceso de velocidad,45A08_1_26,22.0,0.0
Putumayo,2020-07-17 14:12:00,101,300.0,2020-03-12 05:00:00,jueves,0,Lluvia,Humeda,Ondulado,Media ladera Izquierda,Curva Izquierda,Cierre total,8,30,0,1,1.0,Volcamiento,otra - pasajero o acompanante,1003_1_101,5.0,3.0
Meta,2020-07-17 23:58:00,86,100.0,2020-05-28 05:00:00,jueves,5,Seca,Seca y limpia,Ondulado,Terraplen,Recta,Transito normal con precaución,0,0,0,0,0.0,Volcamiento,otra - conductor en general,6507_0_86,13.0,11.0
Planta Central,2020-07-16 19:49:00,26,700.0,2019-12-07 05:00:00,sabado,37,Normal,Seca y limpia,Plano,Terraplen,Recta,Transito normal con precaución,19,0,0,0,1.0,Choque,estacionamiento y senalizacion imprudente,2505_1_26,18.0,1.0
Quindío,2020-07-16 20:02:00,4,100.0,2020-06-22 05:00:00,lunes,10,Normal,Seca y limpia,Plano,Terraplen,Curva Derecha,Transito normal con precaución,0,50,1,0,1.0,Choque,desobediencia a normas y senales,2901B_1_4,13.0,11.0
Planta Central,2020-07-16 20:03:00,10,150.0,2019-12-10 05:00:00,martes,20,Normal,Seca y limpia,Plano,Terraplen,Recta,Transito normal con precaución,21,30,0,1,1.0,Choque,maniobras imprudentes,2505_1_10,21.0,0.0
Planta Central,2020-07-16 20:13:00,42,0.0,2019-12-10 05:00:00,martes,10,Normal,Seca y limpia,Plano,Terraplen,Recta,Transito normal con precaución,23,10,0,0,0.0,Choque,estacionamiento y senalizacion imprudente,2505_2_42,23.0,0.0
Planta Central,2020-07-16 21:07:00,10,900.0,2019-12-14 05:00:00,sabado,50,Normal,Seca y limpia,Plano,Terraplen,Recta,Transito normal con precaución,17,15,0,0,0.0,Choque,no mantener distancia de seguridad,2505_1_10,16.0,1.0
Planta Central,2020-07-16 21:22:00,10,950.0,2019-12-14 05:00:00,sabado,49,Normal,Seca y limpia,Plano,Terraplen,Recta,Transito normal con precaución,15,5,0,0,2.0,Choque,otra - conductor en general,2505_1_10,14.0,1.0
Planta Central,2020-07-16 21:30:00,66,100.0,2019-12-14 05:00:00,sabado,0,Normal,Seca y limpia,Plano,Terraplen,Recta,Transito normal con precaución,8,15,0,0,0.0,Volcamiento,otra - conductor en general,2505_2_66,8.0,0.0
Planta Central,2020-07-16 21:42:00,3,500.0,2019-12-15 05:00:00,domingo,0,Normal,Seca y limpia,Plano,Terraplen,Recta,Transito normal con precaución,17,0,0,0,1.0,Choque,no mantener distancia de seguridad,2505_1_3,17.0,0.0
Planta Central,2020-07-16 21:56:00,9,800.0,2019-12-17 05:00:00,martes,0,Normal,Seca y limpia,Plano,Terraplen,Recta,Transito normal con precaución,21,10,0,0,2.0,Atropello,conducta de peatones,2505_1_9,21.0,0.0
Planta Central,2020-07-19 04:19:00,103,900.0,2020-05-05 05:00:00,martes,40,Normal,Seca y limpia,Montañoso,Media ladera Izquierda,Curva Izquierda,Transito normal con precaución,8,40,0,0,0.0,Choque,fallas mecanicas y del sistema electrico,4001_1_103,8.0,0.0
Planta Central,2020-07-19 04:19:00,75,600.0,2020-05-05 05:00:00,martes,30,Normal,Seca y limpia,Montañoso,Media ladera Izquierda,Curva Derecha,Transito normal con precaución,14,30,0,0,0.0,Choque,fallas mecanicas y del sistema electrico,4001_1_75,14.0,0.0
Planta Central,2020-07-19 04:34:00,108,100.0,2020-05-09 05:00:00,sabado,0,Normal,Seca y limpia,Montañoso,Media Ladera Derecha,Curva Izquierda,Transito normal con precaución,22,0,0,0,0.0,Choque,fallas mecanicas y del sistema electrico,4001_1_108,22.0,0.0
Planta Central,2020-07-19 04:42:00,66,400.0,2020-05-12 05:00:00,martes,30,Normal,Seca y limpia,Montañoso,Media ladera Izquierda,Curva Izquierda,Transito normal con precaución,1,30,0,1,1.0,Atropello,conducta de peatones,4001_1_66,1.0,0.0
Planta Central,2020-07-19 04:53:00,93,950.0,2020-05-15 05:00:00,viernes,0,Normal,Seca y limpia,Ondulado,Media Ladera Derecha,Curva Izquierda,Transito normal con precaución,7,0,0,0,0.0,Volcamiento,otra - conductor en general,4001_1_93,7.0,0.0
Planta Central,2020-07-19 04:59:00,92,100.0,2020-05-15 05:00:00,viernes,10,Lluvia,Humeda,Ondulado,Terraplen,Curva Izquierda,Transito normal con precaución,15,10,0,0,0.0,Volcamiento,condiciones de la via y factores ambientales,4001_2_92,15.0,0.0
Planta Central,2020-07-19 05:17:00,104,950.0,2020-05-17 05:00:00,domingo,53,Lluvia,Humeda,Montañoso,Media Ladera Derecha,Curva Derecha,Transito normal con precaución,11,53,0,0,0.0,Volcamiento,condiciones de la via y factores ambientales,4001_2_104,11.0,0.0
Planta Central,2020-07-19 05:27:00,87,850.0,2020-05-19 05:00:00,martes,50,Normal,Seca y limpia,Ondulado,Terraplen,Curva Derecha,Transito normal con precaución,5,50,1,0,1.0,Volcamiento,exceso de velocidad,4001_1_87,5.0,0.0
Planta Central,2020-07-19 05:41:00,103,750.0,2020-05-24 05:00:00,domingo,0,Normal,Seca y limpia,Montañoso,Media ladera Izquierda,Curva Izquierda,Transito normal con precaución,14,0,1,0,1.0,Volcamiento,fallas mecanicas y del sistema electrico,4001_1_103,14.0,0.0
Planta Central,2020-07-19 05:49:00,71,350.0,2020-01-01 05:00:00,miercoles,20,Normal,Seca y limpia,Montañoso,Media ladera Izquierda,Curva Izquierda,Transito normal con precaución,10,20,0,1,1.0,Choque,adelantamientos indebidos,4001_1_71,10.0,0.0
Córdoba,2020-07-20 12:44:00,1,140.0,2020-06-25 05:00:00,jueves,30,Normal,Seca y limpia,Plano,Terraplen,Recta,Transito normal con precaución,2,0,0,0,0.0,Choque,otra - conductor en general,2514_1_1,4.0,22.0
Córdoba,2020-07-20 12:53:00,47,360.0,2020-06-06 05:00:00,sabado,0,Normal,Seca y limpia,Ondulado,Media Ladera Derecha,Recta,Transito normal con precaución,0,0,0,0,0.0,Salida de la vía sin volcarse,maniobras imprudentes,2514_1_47,7.0,17.0
Planta Central,2020-07-21 10:57:00,91,102.0,2020-03-16 05:00:00,lunes,30,Normal,Seca y limpia,Plano,Terraplen,Recta,Parcial con paso alternado,13,30,1,1,2.0,Atropello,conducta de peatones,45A08_1_91,13.0,0.0
Planta Central,2020-07-20 16:01:00,113,0.0,2020-01-04 05:00:00,sabado,20,Normal,Seca y limpia,Plano,Terraplen,Recta,Transito normal con precaución,11,20,0,0,0.0,Choque,no mantener distancia de seguridad,4001_1_113,11.0,0.0
Planta Central,2020-07-20 18:06:00,117,900.0,2019-11-15 05:00:00,viernes,40,Lluvia,Humeda,Plano,Terraplen,Recta,Transito normal con precaución,5,40,1,0,1.0,Choque,no mantener distancia de seguridad,4001_1_117,5.0,0.0
Planta Central,2020-07-20 18:15:00,87,950.0,2019-11-16 05:00:00,sabado,10,Normal,Seca y limpia,Ondulado,Media Ladera Derecha,Curva Derecha,Transito normal con precaución,8,10,0,0,0.0,Volcamiento,otra - conductor en general,4001_1_87,8.0,0.0
Planta Central,2020-07-20 18:21:00,116,980.0,2019-11-16 05:00:00,sabado,50,Normal,Seca y limpia,Plano,Terraplen,Recta,Transito normal con precaución,11,50,0,0,0.0,Choque,otra - conductor en general,4001_1_116,11.0,0.0
Planta Central,2020-07-20 18:26:00,104,450.0,2019-11-17 05:00:00,domingo,20,Normal,Seca y limpia,Ondulado,Media Ladera Derecha,Recta,Transito normal con precaución,6,20,0,0,0.0,Choque,estacionamiento y senalizacion imprudente,4001_1_104,6.0,0.0
Planta Central,2020-07-20 18:35:00,87,950.0,2019-11-17 05:00:00,domingo,0,Niebla,Seca y limpia,Ondulado,Media Ladera Derecha,Recta,Transito normal con precaución,5,0,0,0,0.0,Choque,estacionamiento y senalizacion imprudente,4001_1_87,5.0,0.0
Planta Central,2020-07-20 18:53:00,114,700.0,2019-11-20 05:00:00,miercoles,50,Normal,Seca y limpia,Plano,Terraplen,Recta,Transito normal con precaución,5,50,0,0,1.0,Choque,adelantamientos indebidos,4001_1_114,5.0,0.0
Nariño,2020-07-20 21:36:00,106,500.0,2020-05-03 05:00:00,domingo,10,Normal,Seca y limpia,Montañoso,Media ladera Izquierda,Curva Izquierda,Transito normal con precaución,0,10,0,0,0.0,Volcamiento,otra - conductor en general,2502_1_106,0.0,0.0
Planta Central,2020-07-21 02:05:00,16,0.0,2019-11-20 05:00:00,miercoles,0,Normal,Seca y limpia,Ondulado,Terraplen,Curva Derecha,Transito normal con precaución,18,0,0,1,1.0,Choque,desobediencia a normas y senales,4001_1_16,18.0,0.0
Planta Central,2020-07-21 02:11:00,75,600.0,2019-11-24 05:00:00,domingo,0,Normal,Seca y limpia,Montañoso,Media ladera Izquierda,Curva Derecha,Transito normal con precaución,8,0,0,1,1.0,Choque,adelantamientos indebidos,4001_1_75,8.0,0.0
Planta Central,2020-07-20 15:33:00,102,200.0,2020-01-02 05:00:00,jueves,10,Lluvia,Humeda,Montañoso,Cajón,Curva Izquierda,Transito normal con precaución,12,10,0,0,0.0,Choque,condiciones de la via y factores ambientales,4001_1_102,12.0,0.0
Planta Central,2020-07-20 15:57:00,67,300.0,2020-01-02 05:00:00,jueves,20,Lluvia,Humeda,Montañoso,Media ladera Izquierda,Curva Izquierda,Transito normal con precaución,13,20,0,1,1.0,Choque,otra - conductor en general,4001_1_67,13.0,0.0
Planta Central,2020-07-20 16:06:00,19,400.0,2020-01-15 05:00:00,miercoles,20,Normal,Seca y limpia,Ondulado,Terraplen,Curva Izquierda,Transito normal con precaución,11,20,0,1,1.0,Volcamiento,otra - conductor en general,4001_1_19,11.0,0.0
Planta Central,2020-07-20 16:12:00,107,800.0,2020-01-21 05:00:00,martes,55,Lluvia,Humeda,Montañoso,Media Ladera Derecha,Recta,Transito normal con precaución,10,55,0,0,0.0,Choque,condiciones de la via y factores ambientales,4001_1_107,10.0,0.0
Planta Central,2020-07-20 16:24:00,109,850.0,2020-01-22 05:00:00,miercoles,0,Normal,Seca y limpia,Montañoso,Media Ladera Derecha,Recta,Transito normal con precaución,1,0,0,0,0.0,Incendio,fallas mecanicas y del sistema electrico,4001_1_109,1.0,0.0
Planta Central,2020-07-20 16:30:00,87,950.0,2020-01-25 05:00:00,sabado,50,Normal,Seca y limpia,Ondulado,Media Ladera Derecha,Curva Derecha,Transito normal con precaución,10,50,0,0,0.0,Volcamiento,fallas mecanicas y del sistema electrico,4001_1_87,10.0,0.0
Planta Central,2020-07-20 16:45:00,83,700.0,2020-01-29 05:00:00,miercoles,0,Niebla,Seca y limpia,Ondulado,Media Ladera Derecha,Curva Derecha,Transito normal con precaución,1,0,0,0,0.0,Choque,estacionamiento y senalizacion imprudente,4001_1_83,1.0,0.0
Planta Central,2020-07-20 16:49:00,118,335.0,2019-12-17 05:00:00,martes,0,Normal,Seca y limpia,Plano,Terraplen,Recta,Transito normal con precaución,19,0,1,0,1.0,Choque,no mantener distancia de seguridad,4001_1_118,19.0,0.0
Planta Central,2020-07-20 16:57:00,79,600.0,2019-12-19 05:00:00,jueves,0,Normal,Seca y limpia,Montañoso,Media ladera Izquierda,Curva Derecha,Transito normal con precaución,1,0,0,0,0.0,Choque,fallas mecanicas y del sistema electrico,4001_1_79,1.0,0.0
Planta Central,2020-07-20 17:06:00,107,300.0,2019-12-22 05:00:00,domingo,0,Normal,Seca y limpia,Montañoso,Media Ladera Derecha,Curva Derecha,Transito normal con precaución,6,0,0,0,1.0,Choque,maniobras imprudentes,4001_1_107,6.0,0.0
Planta Central,2020-07-20 17:10:00,80,850.0,2019-12-23 05:00:00,lunes,35,Lluvia,Humeda,Ondulado,Media ladera Izquierda,Curva Izquierda,Transito normal con precaución,9,35,0,0,0.0,Volcamiento,otra - conductor en general,4001_1_80,9.0,0.0
Planta Central,2020-07-20 17:16:00,80,100.0,2019-12-28 05:00:00,sabado,30,Normal,Seca y limpia,Montañoso,Media ladera Izquierda,Curva Izquierda,Transito normal con precaución,20,30,0,0,0.0,Choque,otra - conductor en general,4001_1_80,20.0,0.0
Planta Central,2020-07-20 17:23:00,77,600.0,2019-11-13 05:00:00,miercoles,0,Normal,Seca y limpia,Montañoso,Media ladera Izquierda,Curva Derecha,Transito normal con precaución,15,0,0,0,0.0,Choque,adelantamientos indebidos,4001_1_77,15.0,0.0
Planta Central,2020-07-21 10:44:00,79,385.0,2020-03-07 05:00:00,sabado,40,Normal,Seca y limpia,Montañoso,Media ladera Izquierda,Curva Izquierda,Parcial con paso alternado,15,40,0,0,0.0,Choque,otra - conductor en general,45A08_1_79,15.0,0.0
Planta Central,2020-07-21 11:09:00,51,370.0,2020-03-19 05:00:00,jueves,10,Normal,Seca y limpia,Ondulado,Media ladera Izquierda,Recta,Cierre total,19,10,1,0,1.0,Choque,adelantamientos indebidos,45A08_1_51,19.0,0.0
Planta Central,2020-07-21 11:17:00,38,70.0,2020-04-19 05:00:00,domingo,30,Lluvia,Humeda,Ondulado,Cajón,Curva Izquierda,Cierre total,6,30,1,0,1.0,Choque,condiciones de la via y factores ambientales,45A08_1_38,6.0,0.0
Planta Central,2020-07-21 11:20:00,73,680.0,2020-04-21 05:00:00,martes,0,Lluvia,Humeda,Montañoso,Media ladera Izquierda,Curva Izquierda,Parcial con paso alternado,9,0,0,0,0.0,Choque,fallas mecanicas y del sistema electrico,45A08_1_73,9.0,0.0
Planta Central,2020-07-21 18:50:00,40,750.0,2019-12-25 05:00:00,miercoles,40,Normal,Seca y limpia,Plano,Terraplen,Recta,Transito normal con precaución,19,40,2,0,2.0,Choque,otra - conductor en general,2505_1_40,19.0,0.0
Planta Central,2020-07-21 20:03:00,50,200.0,2020-02-26 05:00:00,miercoles,45,Lluvia,Humeda,Plano,Terraplen,Recta,Parcial con reducción de carriles,1,0,0,0,0.0,Volcamiento,condiciones de la via y factores ambientales,2505_2_50,0.0,1.0
Planta Central,2020-07-22 03:06:00,50,200.0,2020-02-26 05:00:00,miercoles,45,Lluvia,Humeda,Plano,Terraplen,Recta,Parcial con reducción de carriles,1,30,0,0,0.0,Volcamiento,condiciones de la via y factores ambientales,2505_2_50,0.0,1.0
Planta Central,2020-07-21 13:53:00,35,950.0,2019-12-19 05:00:00,jueves,50,Normal,Seca y limpia,Plano,Terraplen,Recta,Transito normal con precaución,14,50,0,0,2.0,Volcamiento,estacionamiento y senalizacion imprudente,2505_1_35,14.0,0.0
Planta Central,2020-07-21 14:17:00,7,650.0,2019-12-21 05:00:00,sabado,20,Normal,Seca y limpia,Plano,Terraplen,Recta,Transito normal con precaución,13,20,0,0,2.0,Volcamiento,otra - conductor en general,2505_2_7,13.0,0.0
Planta Central,2020-07-21 14:32:00,26,500.0,2019-12-20 05:00:00,viernes,0,Normal,Seca y limpia,Plano,Terraplen,Recta,Transito normal con precaución,20,20,0,0,2.0,Choque,estacionamiento y senalizacion imprudente,2505_1_26,20.0,0.0
Planta Central,2020-07-21 15:43:00,42,800.0,2019-12-22 05:00:00,domingo,10,Normal,Seca y limpia,Plano,Terraplen,Recta,Transito normal con precaución,22,10,0,0,0.0,Choque,maniobras imprudentes,2505_2_42,22.0,0.0
Planta Central,2020-07-21 15:53:00,42,900.0,2019-12-23 05:00:00,lunes,20,Normal,Seca y limpia,Plano,Terraplen,Recta,Transito normal con precaución,16,20,0,1,1.0,Choque,otra - conductor en general,2505_1_42,16.0,0.0
Risaralda,2020-07-22 15:11:00,2,860.0,2020-05-01 05:00:00,viernes,30,Lluvia,Humeda,Plano,Terraplen,Recta,Transito normal con precaución,8,30,0,0,0.0,Choque,no mantener distancia de seguridad,2902_2_2,8.0,0.0
Planta Central,2020-07-21 15:59:00,50,1070.0,2019-12-24 05:00:00,martes,0,Normal,Seca y limpia,Plano,Terraplen,Recta,Transito normal con precaución,14,0,0,0,1.0,Choque,otra - conductor en general,2505_2_50,14.0,0.0
Planta Central,2020-07-21 16:05:00,60,50.0,2019-12-24 05:00:00,martes,30,Normal,Seca y limpia,Plano,Terraplen,Recta,Transito normal con precaución,21,30,0,0,0.0,Choque,desobediencia a normas y senales,2505_1_60,21.0,0.0
Planta Central,2020-07-21 17:05:00,40,700.0,2019-12-25 05:00:00,miercoles,45,Normal,Seca y limpia,Plano,Terraplen,Recta,Transito normal con precaución,18,15,0,1,1.0,Choque,estacionamiento y senalizacion imprudente,2505_2_40,18.0,0.0
Planta Central,2020-07-21 19:44:00,34,500.0,2019-12-29 05:00:00,domingo,19,Normal,Seca y limpia,Plano,Terraplen,Recta,Transito normal con precaución,8,25,0,1,1.0,Atropello,conducta de peatones,2505_1_34,8.0,0.0
Planta Central,2020-07-21 19:46:00,5,830.0,2020-02-25 05:00:00,martes,10,Normal,Seca y limpia,Plano,Terraplen,Recta,Parcial con reducción de carriles,1,0,0,0,0.0,Choque,no mantener distancia de seguridad,2505_2_5,17.0,8.0
Planta Central,2020-07-21 19:57:00,4,800.0,2020-02-25 05:00:00,martes,0,Normal,Seca y limpia,Plano,Terraplen,Recta,Parcial con reducción de carriles,1,30,0,0,0.0,Choque,otra - conductor en general,2505_1_4,19.0,6.0
Cauca,2020-07-21 22:13:00,14,520.0,2020-05-01 05:00:00,viernes,8,Normal,Seca y limpia,Montañoso,Terraplen,Recta,Transito normal con precaución,2,0,1,0,1.0,Choque,estacionamiento y senalizacion imprudente,2602A_1_14,19.0,7.0
Cauca,2020-07-21 22:13:00,19,594.0,2020-05-20 05:00:00,miercoles,30,Normal,Seca y limpia,Montañoso,Media ladera Izquierda,Curva Izquierda,Transito normal con precaución,2,0,1,0,2.0,Choque,impericia en el manejo,2602A_1_19,15.0,11.0
Planta Central,2020-07-22 14:30:00,52,800.0,2019-12-29 05:00:00,domingo,40,Normal,Seca y limpia,Plano,Terraplen,Recta,Transito normal con precaución,13,15,0,0,0.0,Choque,no mantener distancia de seguridad,2505_1_52,12.0,1.0
Planta Central,2020-07-22 14:40:00,60,380.0,2019-12-29 05:00:00,domingo,40,Normal,Seca y limpia,Plano,Terraplen,Recta,Transito normal con precaución,16,40,0,0,0.0,Choque,otra - conductor en general,2505_2_60,16.0,0.0
Planta Central,2020-07-22 16:12:00,7,700.0,2020-01-10 05:00:00,viernes,45,Normal,Seca y limpia,Plano,Terraplen,Curva Derecha,Transito normal con precaución,13,0,0,0,0.0,Choque,otra - conductor en general,25VLB_2_7,12.0,1.0
Planta Central,2020-07-22 14:57:00,3,800.0,2019-12-31 05:00:00,martes,0,Normal,Seca y limpia,Plano,Terraplen,Recta,Transito normal con precaución,16,15,0,0,1.0,Choque,adelantamientos indebidos,2505_1_3,16.0,0.0
Risaralda,2020-07-22 15:45:00,1,70.0,2020-05-01 05:00:00,viernes,50,Normal,Seca y limpia,Plano,Terraplen,Recta,Transito normal con precaución,15,50,0,0,0.0,Choque,no mantener distancia de seguridad,2902_2_1,15.0,0.0
Risaralda,2020-07-22 16:04:00,0,630.0,2020-05-07 05:00:00,jueves,40,Normal,Seca y limpia,Plano,Media ladera Izquierda,Curva Derecha,Transito normal con precaución,17,40,0,0,0.0,Choque,otra - conductor en general,29RSA_2_0,17.0,0.0
Risaralda,2020-07-22 16:07:00,2,990.0,2020-05-08 05:00:00,viernes,0,Normal,Seca y limpia,Plano,Terraplen,Recta,Transito normal con precaución,12,0,0,0,0.0,Choque,no mantener distancia de seguridad,2902_2_2,12.0,0.0
Risaralda,2020-07-22 16:12:00,2,955.0,2020-05-21 05:00:00,jueves,10,Normal,Seca y limpia,Plano,Terraplen,Recta,Transito normal con precaución,5,10,2,0,2.0,Choque,otra - conductor en general,2902_2_2,5.0,0.0
Risaralda,2020-07-22 17:20:00,0,503.0,2020-05-23 05:00:00,sabado,50,Normal,Seca y limpia,Plano,Media Ladera Derecha,Curva Izquierda,Transito normal con precaución,23,50,1,0,1.0,Atropello,embriaguez o sustancias alucinogenas,2902_1_0,23.0,0.0
Risaralda,2020-07-22 17:24:00,10,600.0,2020-05-29 05:00:00,viernes,20,Normal,Seca y limpia,Montañoso,Terraplen,Recta,Transito normal con precaución,12,20,0,0,0.0,Choque,impericia en el manejo,29RSC_1_10,12.0,0.0
Planta Central,2020-07-23 14:05:00,64,700.0,2020-06-09 05:00:00,martes,20,Sol,Seca y limpia,Plano,Terraplen,Recta,Transito normal con precaución,6,20,0,0,0.0,Volcamiento,adelantamientos indebidos,45A04_1_64,6.0,0.0
Planta Central,2020-07-23 14:12:00,48,500.0,2020-06-20 05:00:00,sabado,34,Normal,Seca y limpia,Montañoso,Cajón,Recta,Parcial con reducción de carriles,21,34,1,0,1.0,Choque,embriaguez o sustancias alucinogenas,45A04_1_48,21.0,0.0