territorial,fecha_registro,pr,distancia_pr,fecha_acc,dia_semana_acc,min_acc,condic_meteor,estado_super,terreno,secc_tip,geometria_acc,tipo_cierre,horas_cierre,min_cierre,n_heridos,n_muertos,n_victimas,clase_accidente,causa_posible,ref_loc,hora_acc,duracion_cierre_horas
Planta Central,2020-07-23 14:26:00,48,300.0,2020-06-24 05:00:00,miercoles,30,Sol,Seca y limpia,Montañoso,Media ladera Izquierda,Recta,Transito normal con precaución,8,30,0,0,0.0,Volcamiento,impericia en el manejo,45A04_1_48,8.0,0.0
Planta Central,2020-07-23 14:35:00,4,600.0,2020-01-13 05:00:00,lunes,40,Normal,Seca y limpia,Plano,Terraplen,Recta,Transito normal con precaución,12,40,0,0,0.0,Otro,otra - conductor en general,25VLB_1_4,12.0,0.0
Planta Central,2020-07-23 14:47:00,12,350.0,2020-01-14 05:00:00,martes,20,Normal,Seca y limpia,Plano,Terraplen,Recta,Transito normal con precaución,16,35,0,0,0.0,Choque,no mantener distancia de seguridad,25VLB_2_12,16.0,0.0
Planta Central,2020-07-23 14:50:00,56,450.0,2020-06-26 05:00:00,viernes,0,Sol,Seca y limpia,Ondulado,Media ladera Izquierda,Curva Izquierda,Transito normal con precaución,6,0,0,1,2.0,Volcamiento,fallas mecanicas y del sistema electrico,45A04_1_56,6.0,0.0
Planta Central,2020-07-23 15:23:00,25,395.0,2020-01-10 05:00:00,viernes,45,Normal,Seca y limpia,Plano,Terraplen,Recta,Transito normal con precaución,10,55,0,0,0.0,Choque,otra - conductor en general,2301_1_25,10.0,0.0
Planta Central,2020-07-23 15:38:00,23,785.0,2020-01-13 05:00:00,lunes,40,Normal,Seca y limpia,Plano,Media Ladera Derecha,Recta,Transito normal con precaución,17,45,0,0,0.0,Choque,otra - conductor en general,2301_1_23,17.0,0.0
Planta Central,2020-07-23 15:45:00,32,600.0,2020-01-28 05:00:00,martes,20,Normal,Seca y limpia,Plano,Media ladera Izquierda,Recta,Transito normal con precaución,9,30,0,1,1.0,Atropello,conducta de peatones,2301_1_32,9.0,0.0
Planta Central,2020-07-23 16:08:00,46,225.0,2020-01-29 05:00:00,miercoles,40,Normal,Seca y limpia,Plano,Terraplen,Curva Derecha,Transito normal con precaución,6,55,0,0,0.0,Choque,otra - conductor en general,2301_1_46,6.0,0.0
Boyacá,2020-07-23 16:32:00,8,600.0,2019-12-23 05:00:00,lunes,30,Sol,Seca y limpia,Ondulado,Terraplen,Recta,Transito normal con precaución,8,30,0,1,2.0,Choque,otra - conductor en general,6209_0_8,8.0,0.0
Boyacá,2020-07-23 20:28:00,14,100.0,2019-12-20 05:00:00,viernes,20,Normal,Seca y limpia,Plano,Media ladera Izquierda,Recta,Transito normal con precaución,22,30,0,0,0.0,Choque,fallas mecanicas y del sistema electrico,6209_0_14,22.0,0.0
Caquetá,2020-07-23 20:52:00,57,0.0,2020-07-22 05:00:00,miercoles,45,Sol,Seca y limpia,Ondulado,Terraplen,Recta,Parcial restringido a vehiculos pesados,13,45,1,0,1.0,Choque,maniobras imprudentes,6502_1_57,13.0,0.0
Planta Central,2020-07-23 16:22:00,18,150.0,2020-01-01 05:00:00,miercoles,20,Normal,Seca y limpia,Plano,Terraplen,Curva Derecha,Transito normal con precaución,14,0,0,0,1.0,Choque,fallas mecanicas y del sistema electrico,2505_2_18,13.0,1.0
Planta Central,2020-07-23 17:02:00,55,70.0,2020-01-01 05:00:00,miercoles,0,Normal,Seca y limpia,Plano,Terraplen,Recta,Transito normal con precaución,10,0,0,0,0.0,Volcamiento,otra - conductor en general,2505_1_55,10.0,0.0
Tolima,2020-07-24 13:11:00,4,130.0,2020-06-13 05:00:00,sabado,0,Normal,Seca y limpia,Montañoso,Media ladera Izquierda,Curva Derecha,Parcial con paso alternado,6,15,0,0,0.0,Choque,otra - conductor en general,5007_1_4,6.0,0.0
Tolima,2020-07-24 13:32:00,14,500.0,2020-06-26 05:00:00,viernes,0,Normal,Seca y limpia,Montañoso,Media ladera Izquierda,Curva Derecha,Parcial con paso alternado,17,0,0,0,0.0,Choque,otra - conductor en general,5007_1_14,17.0,0.0
Cauca,2020-07-24 13:31:00,8,120.0,2020-06-10 05:00:00,miercoles,0,Normal,Seca y limpia,Ondulado,Media Ladera Derecha,Curva Izquierda,Cierre total,1,0,1,0,1.0,Volcamiento,fallas mecanicas y del sistema electrico,2002_1_8,1.0,0.0
Tolima,2020-07-24 13:37:00,17,350.0,2020-06-28 05:00:00,domingo,0,Lluvia,Humeda,Montañoso,Media ladera Izquierda,Recta,Parcial con paso alternado,11,0,0,0,0.0,Choque,no mantener distancia de seguridad,5007_1_17,11.0,0.0
Cauca,2020-07-24 13:40:00,5,20.0,2020-06-22 05:00:00,lunes,0,Normal,Seca y limpia,Montañoso,Media Ladera Derecha,Curva Izquierda,Parcial con paso alternado,10,0,3,0,3.0,Volcamiento,exceso de velocidad,2401_0_5,10.0,0.0
Cauca,2020-07-24 13:49:00,2,740.0,2020-06-26 05:00:00,viernes,30,Normal,Humeda,Ondulado,Media Ladera Derecha,Recta,Transito normal con precaución,17,30,0,0,1.0,Caída ocupante,condiciones de la via y factores ambientales,2002_1_2,17.0,0.0
Planta Central,2020-07-24 22:32:00,62,880.0,2020-07-24 05:00:00,viernes,40,Normal,Seca y limpia,Plano,Terraplen,Curva Derecha,Transito normal con precaución,14,10,0,0,2.0,Choque,otra - conductor en general,2505_2_62,13.0,1.0
Planta Central,2020-07-24 22:39:00,57,860.0,2020-01-06 05:00:00,lunes,10,Normal,Seca y limpia,Plano,Terraplen,Curva Derecha,Transito normal con precaución,16,30,0,0,2.0,Choque,no mantener distancia de seguridad,2505_2_57,16.0,0.0
Planta Central,2020-07-27 01:50:00,1,450.0,2020-01-07 05:00:00,martes,30,Normal,Seca y limpia,Plano,Terraplen,Recta,Transito normal con precaución,6,0,0,0,1.0,Choque,fallas mecanicas y del sistema electrico,2505_1_1,5.0,1.0
Nariño,2020-07-27 13:31:00,56,900.0,2020-06-22 05:00:00,lunes,30,Normal,Seca y limpia,Montañoso,Media ladera Izquierda,Recta,Transito normal con precaución,15,30,1,0,1.0,Choque,fallas mecanicas y del sistema electrico,1002_1_56,15.0,0.0
Planta Central,2020-07-27 23:58:00,53,350.0,2020-01-07 05:00:00,martes,0,Normal,Seca y limpia,Plano,Terraplen,Recta,Transito normal con precaución,17,10,0,0,0.0,Choque,otra - conductor en general,2505_1_53,17.0,0.0
Casanare,2020-07-28 00:43:00,64,80.0,2020-06-15 05:00:00,lunes,0,Normal,Humeda,Plano,Terraplen,Recta,Transito normal con precaución,8,0,0,2,2.0,Choque,otra - conductor en general,6605_0_64,7.0,1.0
Planta Central,2020-07-28 01:32:00,38,840.0,2020-01-08 05:00:00,miercoles,20,Normal,Seca y limpia,Plano,Terraplen,Recta,Transito normal con precaución,19,30,0,1,1.0,Atropello,conducta de peatones,2505_1_38,19.0,0.0
Planta Central,2020-07-28 01:48:00,1,5.0,2020-01-09 05:00:00,jueves,50,Normal,Seca y limpia,Plano,Terraplen,Recta,Transito normal con precaución,18,50,0,0,2.0,Choque,embriaguez o sustancias alucinogenas,2505_1_1,18.0,0.0
Norte de Santander,2020-07-28 13:37:00,16,40.0,2020-06-28 05:00:00,domingo,50,Normal,Seca y limpia,Plano,Terraplen,Curva Izquierda,Transito normal con precaución,0,0,4,0,4.0,Choque,embriaguez o sustancias alucinogenas,55NSA_1_16,5.0,19.0
Norte de Santander,2020-07-28 13:41:00,16,80.0,2020-06-07 05:00:00,domingo,15,Normal,Seca y limpia,Plano,Terraplen,Curva Izquierda,Parcial con reducción de carriles,0,30,0,0,0.0,Choque,embriaguez o sustancias alucinogenas,55NSA_1_16,17.0,7.0
Norte de Santander,2020-07-28 13:45:00,2,32.0,2020-06-14 05:00:00,domingo,20,Normal,Seca y limpia,Plano,Terraplen,Recta,Transito normal con precaución,0,0,0,1,1.0,Choque,embriaguez o sustancias alucinogenas,55NS09_0_2,1.0,23.0
Norte de Santander,2020-07-28 14:13:00,0,40.0,2020-06-17 05:00:00,miercoles,30,Normal,Seca y limpia,Plano,Terraplen,Recta,Transito normal con precaución,0,0,1,0,1.0,Atropello,otra - conductor en general,55NS09_0_0,11.0,13.0
Norte de Santander,2020-07-28 15:25:00,5,150.0,2020-06-03 05:00:00,miercoles,30,Normal,Seca y limpia,Ondulado,Terraplen,Recta,Transito normal con precaución,0,0,0,0,1.0,Choque,otra - conductor en general,55NSA_2_5,11.0,13.0
Norte de Santander,2020-07-28 15:27:00,6,311.0,2020-06-02 05:00:00,martes,15,Normal,Seca y limpia,Ondulado,Terraplen,Curva Derecha,Transito normal con precaución,0,0,0,0,0.0,Choque,no mantener distancia de seguridad,55NSA_1_6,21.0,3.0
Norte de Santander,2020-07-28 15:38:00,51,900.0,2020-06-01 05:00:00,lunes,20,Lluvia,Seca y limpia,Ondulado,Terraplen,Curva Izquierda,Parcial con reducción de carriles,8,50,0,0,0.0,Choque,exceso de velocidad,7009_0_51,6.0,2.0
Planta Central,2020-07-28 17:12:00,97,90.0,2020-06-10 05:00:00,miercoles,30,Normal,Seca y limpia,Plano,Terraplen,Recta,Transito normal con precaución,0,0,0,0,0.0,Choque,no mantener distancia de seguridad,4511_1_97,5.0,19.0
Planta Central,2020-07-28 17:21:00,104,450.0,2020-06-10 05:00:00,miercoles,0,Normal,Seca y limpia,Ondulado,Terraplen,Curva Izquierda,Transito normal con precaución,0,0,0,1,1.0,No determinado,otra - conductor en general,4511_1_104,5.0,19.0
Planta Central,2020-07-28 17:30:00,115,400.0,2020-06-06 05:00:00,sabado,30,Lluvia,Humeda,Plano,Terraplen,Curva Derecha,Transito normal con precaución,0,0,0,0,0.0,No determinado,otra - conductor en general,4511_1_115,3.0,21.0
Planta Central,2020-07-28 17:38:00,115,500.0,2020-06-27 05:00:00,sabado,40,Lluvia,Humeda,Plano,Terraplen,Curva Derecha,Transito normal con precaución,0,0,0,0,0.0,No determinado,otra - conductor en general,4511_1_115,12.0,12.0
Planta Central,2020-07-28 17:40:00,132,300.0,2020-06-17 05:00:00,miercoles,0,Lluvia,Humeda,Plano,Terraplen,Recta,Transito normal con precaución,0,0,0,0,0.0,Volcamiento,adelantamientos indebidos,4511_1_132,6.0,18.0
Planta Central,2020-07-28 17:43:00,45,300.0,2020-06-16 05:00:00,martes,20,Normal,Seca y limpia,Plano,Terraplen,Curva Derecha,Transito normal con precaución,0,0,0,0,0.0,Volcamiento,exceso en horas de conduccion,4513_1_45,2.0,22.0
Planta Central,2020-07-28 17:53:00,77,300.0,2020-06-03 05:00:00,miercoles,30,Lluvia,Humeda,Plano,Terraplen,Recta,Transito normal con precaución,0,0,0,0,0.0,Choque,condiciones de la via y factores ambientales,4513_1_77,4.0,20.0
Boyacá,2020-07-28 23:02:00,83,75.0,2020-06-22 05:00:00,lunes,21,Seca,Seca y limpia,Montañoso,Media ladera Izquierda,Curva Derecha,Transito normal con precaución,0,0,1,0,1.0,Volcamiento,impericia en el manejo,6006_0_83,8.0,16.0
Cauca,2020-07-28 23:44:00,78,550.0,2020-07-26 05:00:00,domingo,0,Sol,Seca y limpia,Montañoso,Media ladera Izquierda,Curva Derecha,Transito normal con precaución,0,0,0,1,5.0,Choque,embriaguez o sustancias alucinogenas,3701_1_78,15.0,9.0
Planta Central,2020-07-29 00:20:00,64,570.0,2020-01-11 05:00:00,sabado,0,Normal,Seca y limpia,Plano,Terraplen,Recta,Transito normal con precaución,14,10,0,0,0.0,Choque,otra - conductor en general,2505_2_64,14.0,0.0
Planta Central,2020-07-29 00:41:00,7,450.0,2020-01-15 05:00:00,miercoles,15,Normal,Seca y limpia,Plano,Terraplen,Recta,Transito normal con precaución,20,25,0,0,2.0,Choque,otra - conductor en general,2505_1_7,20.0,0.0
Risaralda,2020-07-29 21:19:00,70,800.0,2020-06-23 05:00:00,martes,35,Normal,Seca y limpia,Ondulado,Terraplen,Recta,Parcial con reducción de carriles,20,35,0,0,0.0,Volcamiento,condiciones de la via y factores ambientales,5002_1_70,20.0,0.0
Planta Central,2020-07-29 00:48:00,17,400.0,2020-01-16 05:00:00,jueves,25,Normal,Seca y limpia,Plano,Terraplen,Recta,Parcial con reducción de carriles,9,40,0,0,0.0,Otro,condiciones de la via y factores ambientales,2505_2_17,9.0,0.0
Chocó,2020-07-29 16:41:00,38,150.0,2020-05-10 05:00:00,domingo,10,Sol,Seca y limpia,Plano,Terraplen,Recta,Cierre total,1,10,0,0,0.0,Choque,desobediencia a normas y senales,5002_1_38,13.0,12.0
Boyacá,2020-07-29 15:46:00,32,750.0,2020-05-02 05:00:00,sabado,30,Seca,Seca y limpia,Montañoso,Media Ladera Derecha,Curva Derecha,Transito normal con precaución,0,30,1,0,1.0,Choque,impericia en el manejo,6404_0_32,19.0,5.0
Planta Central,2020-07-29 18:48:00,62,300.0,2020-01-19 05:00:00,domingo,10,Normal,Seca y limpia,Plano,Terraplen,Recta,Transito normal con precaución,9,25,0,0,2.0,Choque,otra - conductor en general,2505_2_62,9.0,0.0
Planta Central,2020-07-30 00:19:00,38,850.0,2020-01-20 05:00:00,lunes,0,Normal,Seca y limpia,Plano,Terraplen,Recta,Transito normal con precaución,12,0,0,1,1.0,Choque,otra - conductor en general,2505_1_38,12.0,0.0
Planta Central,2020-07-30 00:35:00,6,100.0,2020-01-20 05:00:00,lunes,50,Normal,Seca y limpia,Plano,Terraplen,Recta,Transito normal con precaución,20,10,0,0,0.0,Choque,fallas mecanicas y del sistema electrico,2505_1_6,19.0,1.0
Planta Central,2020-07-30 00:44:00,0,100.0,2020-01-21 05:00:00,martes,35,Normal,Seca y limpia,Plano,Terraplen,Recta,Transito normal con precaución,17,42,0,0,1.0,Choque,otra - conductor en general,2505_2_0,17.0,0.0
Chocó,2020-07-29 16:51:00,53,800.0,2020-05-28 05:00:00,jueves,5,Lluvia,Humeda,Ondulado,Media Ladera Derecha,Curva Derecha,Transito normal con precaución,1,0,0,0,0.0,Volcamiento,exceso de velocidad,1307_0_53,21.0,4.0
Boyacá,2020-07-29 16:51:00,14,750.0,2020-06-28 05:00:00,domingo,15,Seca,Seca y limpia,Montañoso,Media Ladera Derecha,Curva Derecha,Transito normal con precaución,0,15,2,0,2.0,Volcamiento,exceso de velocidad,6404_0_14,15.0,9.0
Risaralda,2020-07-29 20:07:00,56,750.0,2020-06-09 05:00:00,martes,45,Normal,Seca y limpia,Montañoso,Media Ladera Derecha,Recta,Transito normal con precaución,23,45,0,0,0.0,Volcamiento,exceso en horas de conduccion,5003_0_56,23.0,0.0
Risaralda,2020-07-29 20:13:00,17,500.0,2020-06-10 05:00:00,miercoles,0,Normal,Seca y limpia,Montañoso,Media ladera Izquierda,Recta,Cierre total,18,0,0,0,0.0,Volcamiento,otra - conductor en general,5003_0_17,18.0,0.0
Risaralda,2020-07-29 21:02:00,48,225.0,2020-06-14 05:00:00,domingo,0,Lluvia,Humeda,Escarpado,Media ladera Izquierda,Curva Derecha,Transito normal con precaución,8,0,0,0,0.0,Choque,condiciones de la via y factores ambientales,5003_0_48,8.0,0.0
Risaralda,2020-07-29 21:15:00,43,560.0,2020-06-16 05:00:00,martes,40,Normal,Seca y limpia,Montañoso,Media ladera Izquierda,Recta,Transito normal con precaución,14,40,0,0,0.0,Incendio,fallas mecanicas y del sistema electrico,5003_0_43,14.0,0.0
Risaralda,2020-07-29 21:22:00,23,0.0,2020-06-24 05:00:00,miercoles,30,Normal,Seca y limpia,Montañoso,Media ladera Izquierda,Recta,Transito normal con precaución,13,30,0,0,0.0,Salida de la vía sin volcarse,impericia en el manejo,5003_0_23,13.0,0.0
Planta Central,2020-07-29 21:53:00,62,627.0,2020-05-29 05:00:00,viernes,10,Normal,Seca y limpia,Ondulado,Media Ladera Derecha,Recta,Transito normal con precaución,1,10,0,0,0.0,Volcamiento,exceso en horas de conduccion,45A06_0_62,3.0,22.0
Planta Central,2020-07-29 21:56:00,75,690.0,2020-05-29 05:00:00,viernes,0,Normal,Seca y limpia,Montañoso,Media ladera Izquierda,Curva Derecha,Transito normal con precaución,1,20,0,0,0.0,Choque,maniobras imprudentes,45A06_0_75,20.0,5.0
Planta Central,2020-07-29 22:01:00,58,581.0,2020-07-31 05:00:00,viernes,30,Normal,Lodo,Montañoso,Media ladera Izquierda,Curva Derecha,Transito normal con precaución,1,15,0,0,0.0,Choque,no mantener distancia de seguridad,45A06_0_58,23.0,2.0
Planta Central,2020-07-29 22:21:00,0,870.0,2020-06-17 05:00:00,miercoles,1,Normal,Seca y limpia,Montañoso,Media Ladera Derecha,Curva Izquierda,Transito normal con precaución,2,20,0,0,0.0,Incendio,fallas mecanicas y del sistema electrico,45A06_0_0,1.0,1.0
Planta Central,2020-07-30 14:53:00,75,960.0,2020-06-08 05:00:00,lunes,0,Sol,Seca y limpia,Montañoso,Media ladera Izquierda,Recta,Transito normal con precaución,4,0,0,1,1.0,Atropello,conducta de peatones,45A05_1_75,4.0,0.0
Planta Central,2020-07-30 15:20:00,54,400.0,2020-06-16 05:00:00,martes,40,Sol,Seca y limpia,Plano,Terraplen,Recta,Transito normal con precaución,6,40,1,0,1.0,Choque,otra - conductor en general,45A05_1_54,6.0,0.0
Planta Central,2020-07-30 15:26:00,54,100.0,2020-06-17 05:00:00,miercoles,40,Sol,Seca y limpia,Plano,Terraplen,Recta,Transito normal con precaución,11,40,2,0,2.0,Choque,otra - conductor en general,45A05_1_54,11.0,0.0
Planta Central,2020-07-30 16:22:00,53,810.0,2020-01-24 05:00:00,viernes,30,Normal,Seca y limpia,Plano,Terraplen,Curva Izquierda,Transito normal con precaución,6,0,0,1,2.0,Atropello,conducta de peatones,2505_1_53,5.0,1.0
Planta Central,2020-07-30 16:43:00,61,190.0,2020-01-25 05:00:00,sabado,50,Normal,Seca y limpia,Plano,Terraplen,Recta,Transito normal con precaución,18,5,0,0,1.0,Choque,desobediencia a normas y senales,2505_1_61,17.0,1.0
Planta Central,2020-07-30 17:07:00,30,980.0,2020-01-29 05:00:00,miercoles,20,Normal,Seca y limpia,Plano,Terraplen,Recta,Transito normal con precaución,15,40,0,0,1.0,Choque,impericia en el manejo,2505_1_30,15.0,0.0
Planta Central,2020-07-30 19:50:00,3,150.0,2020-03-03 05:00:00,martes,30,Normal,Seca y limpia,Plano,Terraplen,Recta,Transito normal con precaución,15,30,0,1,1.0,Choque,otra - conductor en general,25VLB_2_3,15.0,0.0
Planta Central,2020-07-31 03:52:00,76,840.0,2020-06-03 05:00:00,miercoles,20,Normal,Seca y limpia,Ondulado,Terraplen,Curva Derecha,Parcial con paso alternado,6,0,0,0,0.0,Volcamiento,maniobras imprudentes,45A08_1_76,3.0,3.0
Planta Central,2020-07-31 04:02:00,34,135.0,2020-06-07 05:00:00,domingo,40,Normal,Seca y limpia,Montañoso,Media Ladera Derecha,Curva Izquierda,Transito normal con precaución,0,0,1,0,1.0,Choque,adelantamientos indebidos,45A08_1_34,8.0,16.0
Planta Central,2020-07-31 04:04:00,58,204.0,2020-06-15 05:00:00,lunes,50,Lluvia,Humeda,Montañoso,Media Ladera Derecha,Curva Derecha,Transito normal con precaución,0,0,1,0,1.0,Volcamiento,condiciones de la via y factores ambientales,45A08_1_58,16.0,8.0
Planta Central,2020-07-31 04:14:00,70,765.0,2020-06-16 05:00:00,martes,0,Normal,Seca y limpia,Montañoso,Media Ladera Derecha,Curva Derecha,Transito normal con precaución,0,0,0,0,0.0,Salida de la vía sin volcarse,maniobras imprudentes,45A08_1_70,4.0,20.0
Planta Central,2020-07-31 04:20:00,75,200.0,2020-06-18 05:00:00,jueves,30,Sol,Seca y limpia,Ondulado,Media ladera Izquierda,Recta,Cierre total,2,20,0,0,0.0,Volcamiento,impericia en el manejo,45A08_1_75,9.0,17.0
Planta Central,2020-07-31 04:24:00,38,500.0,2020-06-20 05:00:00,sabado,30,Normal,Seca y limpia,Ondulado,Terraplen,Recta,Parcial con paso alternado,0,15,0,0,0.0,Choque,no mantener distancia de seguridad,45A08_1_38,14.0,10.0
Planta Central,2020-07-31 04:29:00,46,0.0,2020-06-22 05:00:00,lunes,40,Normal,Seca y limpia,Plano,Media ladera Izquierda,Recta,Transito normal con precaución,0,0,0,0,1.0,Volcamiento,embriaguez o sustancias alucinogenas,45A08_1_46,22.0,2.0
Planta Central,2020-07-31 04:31:00,48,400.0,2020-06-25 05:00:00,jueves,0,Normal,Seca y limpia,Montañoso,Media ladera Izquierda,Curva Derecha,Transito normal con precaución,0,0,4,0,4.0,Volcamiento,maniobras imprudentes,45A08_1_48,0.0,0.0
Planta Central,2020-07-31 04:37:00,48,850.0,2020-06-26 05:00:00,viernes,20,Normal,Seca y limpia,Ondulado,Terraplen,Recta,Transito normal con precaución,3,0,0,0,0.0,Choque,condiciones de la via y factores ambientales,45A08_1_48,10.0,17.0
Cauca,2020-08-03 16:24:00,16,0.0,2020-06-23 05:00:00,martes,10,Normal,Seca y limpia,Plano,Terraplen,Recta,Transito normal con precaución,1,0,0,0,0.0,Volcamiento,otra - pasajero o acompanante,2503_0_16,0.0,1.0
Planta Central,2020-07-31 04:41:00,62,150.0,2020-06-28 05:00:00,domingo,30,Normal,Seca y limpia,Montañoso,Media ladera Izquierda,Recta,Parcial con paso alternado,1,30,0,0,0.0,Choque,adelantamientos indebidos,45A08_1_62,15.0,10.0
Planta Central,2020-07-30 20:28:00,35,150.0,2020-03-04 05:00:00,miercoles,20,Normal,Seca y limpia,Plano,Terraplen,Recta,Transito normal con precaución,20,0,0,0,1.0,Choque,no mantener distancia de seguridad,2301_1_35,19.0,1.0
Planta Central,2020-07-30 21:06:00,54,537.0,2020-06-28 05:00:00,domingo,15,Normal,Humeda,Plano,Terraplen,Recta,Transito normal con precaución,1,15,1,0,1.0,Caída ocupante,impericia en el manejo,45A06_0_54,3.0,22.0
Cauca,2020-07-30 20:59:00,92,800.0,2020-06-13 05:00:00,sabado,40,Normal,Seca y limpia,Montañoso,Media Ladera Derecha,Curva Izquierda,Transito normal con precaución,0,0,0,0,1.0,Choque,exceso de velocidad,2602_0_92,18.0,6.0
Planta Central,2020-07-30 21:41:00,75,386.0,2020-06-04 05:00:00,jueves,5,Seca,Seca y limpia,Montañoso,Media Ladera Derecha,Curva Derecha,Transito normal con precaución,1,13,1,0,1.0,Choque,adelantamientos indebidos,45A06_0_75,15.0,10.0
Planta Central,2020-07-30 21:45:00,102,170.0,2020-06-09 05:00:00,martes,50,Lluvia,Humeda,Montañoso,Media Ladera Derecha,Curva Izquierda,Transito normal con precaución,1,0,0,0,1.0,Atropello,conducta de peatones,45A06_0_102,16.0,9.0
Planta Central,2020-07-30 21:52:00,102,570.0,2020-07-30 05:00:00,jueves,50,Sol,Seca y limpia,Ondulado,Media Ladera Derecha,Recta,Parcial con reducción de carriles,0,45,1,0,1.0,Choque,desobediencia a normas y senales,45A06_0_102,10.0,14.0
Planta Central,2020-07-30 21:57:00,124,365.0,2020-06-26 05:00:00,viernes,0,Sol,Seca y limpia,Ondulado,Media ladera Izquierda,Recta,Parcial con reducción de carriles,0,30,0,0,0.0,Choque,maniobras imprudentes,45A06_0_124,10.0,14.0
Planta Central,2020-07-30 22:13:00,125,0.0,2020-06-04 05:00:00,jueves,0,Normal,Seca y limpia,Ondulado,Media Ladera Derecha,Recta,Parcial con paso alternado,1,10,1,0,1.0,Choque,desobediencia a normas y senales,45A06_0_125,21.0,4.0
Cauca,2020-07-31 21:03:00,28,400.0,2020-07-26 05:00:00,domingo,30,Sol,Seca y limpia,Montañoso,Media Ladera Derecha,Curva Derecha,Parcial con paso alternado,1,0,0,1,1.0,Choque,embriaguez o sustancias alucinogenas,2602_0_28,12.0,13.0
Planta Central,2020-07-31 21:07:00,36,360.0,2020-05-09 05:00:00,sabado,30,Sol,Seca y limpia,Montañoso,Media ladera Izquierda,Curva Derecha,Transito normal con precaución,2,0,0,1,1.0,Caída ocupante,exceso de velocidad,45A07_1_36,9.0,17.0
Planta Central,2020-07-31 21:13:00,43,840.0,2020-02-08 05:00:00,sabado,10,Normal,Seca y limpia,Plano,Terraplen,Recta,Parcial con reducción de carriles,1,0,0,0,0.0,Choque,otra - conductor en general,2301_1_43,22.0,3.0
Planta Central,2020-07-31 21:15:00,80,500.0,2020-06-07 05:00:00,domingo,20,Normal,Seca y limpia,Plano,Terraplen,Recta,Parcial con reducción de carriles,1,30,3,0,3.0,Choque,exceso de velocidad,45A07_1_80,1.0,0.0
Planta Central,2020-07-31 21:21:00,37,700.0,2020-02-18 05:00:00,martes,15,Normal,Seca y limpia,Plano,Terraplen,Recta,Parcial con reducción de carriles,2,0,0,0,0.0,Choque,maniobras imprudentes,2301_1_37,13.0,13.0
Planta Central,2020-07-31 21:34:00,0,350.0,2020-02-22 05:00:00,sabado,30,Normal,Seca y limpia,Plano,Terraplen,Recta,Parcial con reducción de carriles,1,0,3,0,3.0,Choque,otra - conductor en general,25VLB_2_0,19.0,6.0
Planta Central,2020-07-31 21:45:00,0,800.0,2020-02-27 05:00:00,jueves,0,Normal,Seca y limpia,Plano,Terraplen,Recta,Parcial con reducción de carriles,1,0,0,0,0.0,Choque,otra - conductor en general,25VLB_2_0,13.0,12.0
Planta Central,2020-07-31 22:16:00,36,900.0,2020-04-11 05:00:00,sabado,0,Lluvia,Humeda,Plano,Terraplen,Recta,Parcial con reducción de carriles,1,30,1,0,1.0,Choque,condiciones de la via y factores ambientales,2505_2_36,8.0,17.0
Planta Central,2020-07-31 22:45:00,60,115.0,2020-04-20 05:00:00,lunes,50,Normal,Humeda,Plano,Terraplen,Recta,Parcial con reducción de carriles,1,30,0,0,0.0,Volcamiento,condiciones de la via y factores ambientales,2505_1_60,14.0,11.0
Planta Central,2020-07-31 22:50:00,62,400.0,2020-04-20 05:00:00,lunes,55,Normal,Seca y limpia,Plano,Terraplen,Curva Derecha,Parcial con reducción de carriles,1,0,0,0,0.0,Choque,exceso de velocidad,2505_2_62,14.0,11.0
Planta Central,2020-07-31 22:54:00,31,300.0,2020-04-27 05:00:00,lunes,40,Normal,Seca y limpia,Plano,Terraplen,Curva Derecha,Parcial con reducción de carriles,1,30,1,0,1.0,Choque,maniobras imprudentes,2505_1_31,16.0,9.0
Planta Central,2020-07-31 23:01:00,54,800.0,2020-04-07 05:00:00,martes,30,Normal,Seca y limpia,Plano,Terraplen,Recta,Parcial con reducción de carriles,1,0,0,0,0.0,Volcamiento,otra - conductor en general,2505_2_54,21.0,4.0
Planta Central,2020-07-31 23:06:00,11,100.0,2020-04-13 05:00:00,lunes,45,Lluvia,Humeda,Plano,Terraplen,Curva Izquierda,Parcial con reducción de carriles,1,0,0,0,0.0,Choque,otra - conductor en general,25VLB_2_11,16.0,9.0
Planta Central,2020-08-01 20:48:00,31,400.0,2020-03-05 05:00:00,jueves,45,Normal,Seca y limpia,Plano,Terraplen,Recta,Transito normal con precaución,18,5,0,0,1.0,Choque,conducta de peatones,2505_1_31,17.0,1.0
Planta Central,2020-08-01 20:56:00,34,200.0,2020-03-08 05:00:00,domingo,50,Normal,Seca y limpia,Plano,Terraplen,Curva Izquierda,Transito normal con precaución,12,50,0,0,1.0,Choque,impericia en el manejo,2505_1_34,12.0,0.0