territorial,fecha_registro,pr,distancia_pr,fecha_acc,dia_semana_acc,min_acc,condic_meteor,estado_super,terreno,secc_tip,geometria_acc,tipo_cierre,horas_cierre,min_cierre,n_heridos,n_muertos,n_victimas,clase_accidente,causa_posible,ref_loc,hora_acc,duracion_cierre_horas
Planta Central,2020-08-01 21:09:00,50,305.0,2020-03-09 05:00:00,lunes,30,Normal,Seca y limpia,Plano,Terraplen,Recta,Transito normal con precaución,13,50,0,0,0.0,Choque,otra - conductor en general,2505_2_50,13.0,0.0
Planta Central,2020-08-01 21:17:00,56,200.0,2020-03-11 05:00:00,miercoles,30,Normal,Seca y limpia,Plano,Terraplen,Recta,Transito normal con precaución,19,30,0,0,3.0,Choque,desobediencia a normas y senales,2505_1_56,19.0,0.0
Planta Central,2020-08-01 21:32:00,26,740.0,2020-03-27 05:00:00,viernes,13,Normal,Seca y limpia,Plano,Terraplen,Recta,Transito normal con precaución,6,45,0,0,2.0,Choque,desobediencia a normas y senales,2505_1_26,6.0,0.0
Tolima,2020-08-02 22:24:00,24,350.0,2020-08-02 05:00:00,domingo,30,Sol,Seca y limpia,Montañoso,Terraplen,Curva Izquierda,Cierre total,15,30,0,0,0.0,Caída de carga,fallas mecanicas y del sistema electrico,5007_1_24,15.0,0.0
Antioquia,2020-08-03 15:22:00,59,200.0,2020-07-08 05:00:00,miercoles,0,Seca,Seca y limpia,Plano,Terraplen,Recta,Transito normal con precaución,8,30,0,0,0.0,Choque,adelantamientos indebidos,9002_0_59,8.0,0.0
Antioquia,2020-08-03 15:39:00,72,800.0,2020-07-15 05:00:00,miercoles,50,Seca,Seca y limpia,Plano,Terraplen,Recta,Transito normal con precaución,12,0,0,0,0.0,Volcamiento,maniobras imprudentes,9002_0_72,1.0,11.0
Antioquia,2020-08-03 15:46:00,77,850.0,2020-07-08 05:00:00,miercoles,0,Seca,Seca y limpia,Plano,Terraplen,Curva Izquierda,Transito normal con precaución,20,30,0,0,0.0,Choque,fallas mecanicas y del sistema electrico,9002_0_77,20.0,0.0
Cauca,2020-08-03 15:47:00,69,300.0,2020-05-24 05:00:00,domingo,45,Normal,Seca y limpia,Montañoso,Media ladera Izquierda,Curva Izquierda,Parcial con paso alternado,3,0,0,2,2.0,Volcamiento,fallas mecanicas y del sistema electrico,2503_0_69,7.0,20.0
Cauca,2020-08-03 15:59:00,67,200.0,2020-05-03 05:00:00,domingo,30,Normal,Seca y limpia,Montañoso,Media ladera Izquierda,Curva Izquierda,Parcial con paso alternado,1,30,0,0,0.0,Choque,otra - pasajero o acompanante,2503_0_67,16.0,9.0
Antioquia,2020-08-03 16:01:00,45,800.0,2020-07-29 05:00:00,miercoles,30,Seca,Seca y limpia,Plano,Terraplen,Recta,Parcial con paso alternado,12,0,0,1,2.0,Choque,adelantamientos indebidos,9002_0_45,6.0,6.0
Cauca,2020-08-03 16:08:00,9,750.0,2020-06-08 05:00:00,lunes,0,Normal,Seca y limpia,Montañoso,Cajón,Recta,Parcial con paso alternado,1,0,0,0,0.0,Volcamiento,otra - pasajero o acompanante,2503_0_9,9.0,16.0
Cauca,2020-08-03 16:12:00,14,50.0,2020-06-21 05:00:00,domingo,10,Normal,Seca y limpia,Plano,Terraplen,Recta,Parcial con paso alternado,1,0,1,0,1.0,Choque,otra - pasajero o acompanante,2503_0_14,10.0,15.0
Cauca,2020-08-03 16:27:00,81,100.0,2020-06-19 05:00:00,viernes,30,Normal,Seca y limpia,Montañoso,Cajón,Curva Izquierda,Parcial con paso alternado,2,0,3,0,3.0,Caída ocupante,fallas mecanicas y del sistema electrico,2503_0_81,14.0,12.0
Cauca,2020-08-03 17:33:00,87,200.0,2020-06-02 05:00:00,martes,0,Normal,Seca y limpia,Montañoso,Media ladera Izquierda,Recta,Parcial con paso alternado,2,0,0,0,0.0,Choque,adelantamientos indebidos,2503_0_87,23.0,3.0
Boyacá,2020-08-03 19:18:00,14,460.0,2020-06-04 05:00:00,jueves,30,Sol,Seca y limpia,Ondulado,Media ladera Izquierda,Curva Izquierda,Transito normal con precaución,7,30,0,0,0.0,Volcamiento,impericia en el manejo,6008_0_14,7.0,0.0
Boyacá,2020-08-03 19:25:00,19,800.0,2020-06-04 05:00:00,jueves,20,Sol,Seca y limpia,Ondulado,Media ladera Izquierda,Curva Izquierda,Transito normal con precaución,1,30,0,0,0.0,Salida de la vía sin volcarse,fallas mecanicas y del sistema electrico,6008_0_19,11.0,14.0
Boyacá,2020-08-03 19:35:00,21,0.0,2020-06-08 05:00:00,lunes,20,Lluvia,Humeda,Ondulado,Cajón,Recta,Transito normal con precaución,0,10,0,0,0.0,Choque,condiciones de la via y factores ambientales,6209_0_21,15.0,9.0
Boyacá,2020-08-03 19:40:00,21,400.0,2020-06-10 05:00:00,miercoles,40,Lluvia,Humeda,Ondulado,Media Ladera Derecha,Curva Izquierda,Transito normal con precaución,0,20,1,1,2.0,Choque,condiciones de la via y factores ambientales,6209_0_21,12.0,12.0
Boyacá,2020-08-03 20:11:00,31,350.0,2020-06-19 05:00:00,viernes,30,Normal,Seca y limpia,Plano,Terraplen,Curva Derecha,Transito normal con precaución,0,30,0,0,0.0,Choque,impericia en el manejo,6209_0_31,17.0,7.0
Planta Central,2020-08-03 20:07:00,80,680.0,2020-06-07 05:00:00,domingo,30,Normal,Seca y limpia,Plano,Terraplen,Recta,Parcial con reducción de carriles,2,0,0,1,1.0,Caída ocupante,exceso de velocidad,45A07_1_80,1.0,1.0
Planta Central,2020-08-03 20:24:00,28,400.0,2020-06-10 05:00:00,miercoles,10,Normal,Seca y limpia,Montañoso,Media Ladera Derecha,Curva Izquierda,Parcial con paso alternado,1,30,0,0,0.0,Choque,adelantamientos indebidos,45A07_1_28,12.0,13.0
Boyacá,2020-08-03 20:36:00,14,200.0,2020-06-22 05:00:00,lunes,50,Normal,Seca y limpia,Ondulado,Media ladera Izquierda,Curva Derecha,Transito normal con precaución,0,20,2,0,2.0,Atropello,conducta de peatones,6209_0_14,6.0,18.0
Planta Central,2020-08-03 21:10:00,77,145.0,2020-06-11 05:00:00,jueves,10,Normal,Seca y limpia,Ondulado,Terraplen,Recta,Parcial con paso alternado,0,30,0,0,1.0,Caída ocupante,conducta de pasajeros,45A07_1_77,12.0,12.0
Planta Central,2020-08-03 21:49:00,40,176.0,2020-06-15 05:00:00,lunes,20,Lluvia,Humeda,Montañoso,Media ladera Izquierda,Curva Derecha,Parcial con paso alternado,1,0,0,0,0.0,Choque,adelantamientos indebidos,45A07_1_40,13.0,12.0
Cauca,2020-08-03 23:57:00,97,500.0,2020-06-06 05:00:00,sabado,55,Normal,Seca y limpia,Montañoso,Media Ladera Derecha,Curva Izquierda,Parcial con paso alternado,1,0,0,0,0.0,Choque,maniobras imprudentes,2503_0_97,10.0,15.0
Cauca,2020-08-04 00:00:00,118,750.0,2020-06-17 05:00:00,miercoles,35,Normal,Seca y limpia,Montañoso,Media ladera Izquierda,Recta,Parcial con paso alternado,1,30,0,0,0.0,Choque,otra - pasajero o acompanante,2503_0_118,19.0,6.0
Cesar,2020-08-04 13:48:00,36,700.0,2020-07-08 05:00:00,viernes,5,Normal,Seca y limpia,Plano,Terraplen,Recta,Transito normal con precaución,0,0,0,0,0.0,Choque,condiciones de la via y factores ambientales,7806_0_36,9.0,15.0
Cesar,2020-08-04 14:01:00,38,720.0,2020-07-08 05:00:00,miercoles,58,Normal,Seca y limpia,Plano,Terraplen,Recta,Transito normal con precaución,0,0,0,1,1.0,Choque,maniobras imprudentes,4313_0_38,15.0,9.0
Boyacá,2020-08-04 19:04:00,7,880.0,2020-06-01 05:00:00,lunes,0,Lluvia,Humeda,Escarpado,Media ladera Izquierda,Curva Izquierda,Transito normal con precaución,18,0,0,0,0.0,Choque,condiciones de la via y factores ambientales,6211_1_7,18.0,0.0
Boyacá,2020-08-04 19:04:00,83,560.0,2020-06-09 05:00:00,martes,30,Lluvia,Humeda,Plano,Media Ladera Derecha,Curva Izquierda,Transito normal con precaución,15,30,2,0,2.0,Choque,fallas mecanicas y del sistema electrico,5503_1_83,15.0,0.0
Boyacá,2020-08-04 19:04:00,25,600.0,2020-06-10 05:00:00,miercoles,10,Normal,Seca y limpia,Plano,Terraplen,Recta,Transito normal con precaución,16,10,0,0,2.0,Choque,adelantamientos indebidos,5503_1_25,16.0,0.0
Boyacá,2020-08-04 19:04:00,72,890.0,2020-06-11 05:00:00,jueves,0,Normal,Seca y limpia,Montañoso,Media Ladera Derecha,Recta,Transito normal con precaución,3,0,3,0,5.0,Volcamiento,exceso en horas de conduccion,5503_1_72,3.0,0.0
Boyacá,2020-08-04 19:46:00,32,488.0,2020-08-15 05:00:00,sabado,0,Normal,Humeda,Ondulado,Media Ladera Derecha,Curva Izquierda,Transito normal con precaución,9,0,1,0,1.0,Choque,adelantamientos indebidos,5503_1_32,9.0,0.0
Boyacá,2020-08-04 19:49:00,12,150.0,2020-08-26 05:00:00,miercoles,30,Normal,Seca y limpia,Ondulado,Media Ladera Derecha,Curva Derecha,Transito normal con precaución,5,30,0,0,0.0,Salida de la vía sin volcarse,exceso de velocidad,5503_1_12,5.0,0.0
Putumayo,2020-08-05 13:49:00,22,600.0,2020-05-18 05:00:00,lunes,10,Normal,Seca y limpia,Plano,Terraplen,Recta,Cierre total,23,10,0,1,1.0,Choque,exceso de velocidad,4501_1_22,23.0,0.0
Putumayo,2020-08-05 14:01:00,72,920.0,2020-06-20 05:00:00,sabado,30,Sol,Seca y limpia,Ondulado,Terraplen,Curva Izquierda,Cierre total,17,30,0,1,1.0,Choque,exceso de velocidad,4501_1_72,17.0,0.0
Planta Central,2020-08-05 14:13:00,5,950.0,2020-05-09 05:00:00,sabado,45,Normal,Seca y limpia,Plano,Terraplen,Recta,Transito normal con precaución,13,0,0,0,0.0,Volcamiento,fallas mecanicas y del sistema electrico,25VLB_2_5,12.0,1.0
Putumayo,2020-08-05 14:10:00,104,0.0,2020-06-29 05:00:00,lunes,30,Normal,Seca y limpia,Plano,Terraplen,Recta,Parcial con paso alternado,5,30,1,0,1.0,Volcamiento,condiciones de la via y factores ambientales,4501_1_104,5.0,0.0
Planta Central,2020-08-05 16:16:00,39,465.0,2020-05-04 05:00:00,lunes,40,Normal,Seca y limpia,Plano,Terraplen,Curva Derecha,Transito normal con precaución,22,50,0,1,1.0,Volcamiento,condiciones de la via y factores ambientales,2301_1_39,22.0,0.0
Planta Central,2020-08-05 17:46:00,3,950.0,2020-05-01 05:00:00,viernes,15,Normal,Seca y limpia,Plano,Terraplen,Recta,Transito normal con precaución,20,30,0,1,1.0,Atropello,conducta de peatones,2505_1_3,20.0,0.0
Planta Central,2020-08-05 19:33:00,41,140.0,2020-05-03 05:00:00,domingo,16,Normal,Seca y limpia,Plano,Terraplen,Curva Derecha,Transito normal con precaución,19,20,0,1,2.0,Choque,otra - conductor en general,2505_2_41,19.0,0.0
Planta Central,2020-08-05 20:00:00,42,600.0,2020-08-06 05:00:00,jueves,30,Normal,Seca y limpia,Plano,Terraplen,Recta,Transito normal con precaución,15,34,0,0,1.0,Choque,impericia en el manejo,2505_2_42,15.0,0.0
Planta Central,2020-08-05 20:26:00,9,750.0,2020-05-11 05:00:00,lunes,0,Lluvia,Humeda,Plano,Terraplen,Recta,Transito normal con precaución,17,0,0,1,1.0,Choque,condiciones de la via y factores ambientales,2505_2_9,16.0,1.0
Planta Central,2020-08-05 20:33:00,39,400.0,2020-05-14 05:00:00,jueves,40,Normal,Seca y limpia,Plano,Terraplen,Recta,Transito normal con precaución,19,55,0,0,0.0,Choque,condiciones de la via y factores ambientales,2505_1_39,19.0,0.0
Planta Central,2020-08-05 20:51:00,5,50.0,2020-05-19 05:00:00,martes,45,Normal,Seca y limpia,Plano,Terraplen,Recta,Transito normal con precaución,14,48,0,0,1.0,Choque,estacionamiento y senalizacion imprudente,2505_2_5,14.0,0.0
Planta Central,2020-08-05 21:10:00,1,671.0,2020-05-19 05:00:00,martes,30,Normal,Seca y limpia,Plano,Terraplen,Curva Izquierda,Transito normal con precaución,21,0,0,0,0.0,Choque,otra - conductor en general,2505_2_1,20.0,1.0
Planta Central,2020-08-05 22:19:00,56,800.0,2020-05-22 05:00:00,viernes,15,Normal,Seca y limpia,Plano,Terraplen,Recta,Transito normal con precaución,4,30,0,0,0.0,Choque,otra - conductor en general,2505_2_56,4.0,0.0
Planta Central,2020-08-06 13:54:00,6,700.0,2020-04-25 05:00:00,sabado,40,Normal,Seca y limpia,Plano,Terraplen,Recta,Transito normal con precaución,1,0,2,0,2.0,Choque,no mantener distancia de seguridad,25VLB_2_6,5.0,20.0
Planta Central,2020-08-06 14:28:00,50,200.0,2020-02-26 05:00:00,miercoles,45,Lluvia,Humeda,Plano,Terraplen,Recta,Parcial con reducción de carriles,1,30,0,0,0.0,Volcamiento,condiciones de la via y factores ambientales,2505_2_50,0.0,1.0
Planta Central,2020-08-06 14:33:00,44,700.0,2020-02-29 05:00:00,sabado,50,Normal,Seca y limpia,Plano,Terraplen,Recta,Parcial con reducción de carriles,1,30,2,0,2.0,Volcamiento,otra - conductor en general,2505_1_44,13.0,12.0
Planta Central,2020-08-06 14:36:00,81,100.0,2020-06-03 05:00:00,miercoles,0,Lluvia,Humeda,Montañoso,Terraplen,Recta,Transito normal con precaución,13,30,0,0,0.0,Volcamiento,otra - conductor en general,4514_2_81,13.0,0.0
Planta Central,2020-08-06 14:41:00,6,150.0,2020-02-16 05:00:00,domingo,40,Normal,Seca y limpia,Plano,Terraplen,Recta,Parcial con reducción de carriles,1,0,1,0,1.0,Choque,no mantener distancia de seguridad,2505_1_6,13.0,12.0
Planta Central,2020-08-06 15:20:00,49,850.0,2020-06-09 05:00:00,martes,50,Sol,Seca y limpia,Plano,Terraplen,Recta,Transito normal con precaución,4,0,0,0,0.0,Choque,condiciones de la via y factores ambientales,4514_1_49,3.0,1.0
Planta Central,2020-08-06 15:30:00,62,500.0,2020-06-14 05:00:00,domingo,20,Sol,Seca y limpia,Plano,Terraplen,Recta,Transito normal con precaución,19,30,0,0,0.0,Choque,no mantener distancia de seguridad,4514_1_62,19.0,0.0
Planta Central,2020-08-06 15:38:00,82,980.0,2020-06-27 05:00:00,sabado,0,Sol,Seca y limpia,Plano,Terraplen,Recta,Transito normal con precaución,4,0,0,0,0.0,Choque,exceso en horas de conduccion,4514_2_82,3.0,1.0
Planta Central,2020-08-06 15:47:00,24,200.0,2020-06-07 05:00:00,domingo,30,Sol,Seca y limpia,Plano,Terraplen,Recta,Transito normal con precaución,8,45,0,1,1.0,Volcamiento,maniobras imprudentes,4515_2_24,8.0,0.0
Planta Central,2020-08-06 15:54:00,13,0.0,2020-06-16 05:00:00,martes,20,Sol,Seca y limpia,Plano,Terraplen,Recta,Transito normal con precaución,11,5,0,0,0.0,Volcamiento,otra - conductor en general,4515_1_13,10.0,1.0
Planta Central,2020-08-06 15:58:00,34,800.0,2020-06-22 05:00:00,lunes,0,Sol,Seca y limpia,Plano,Terraplen,Recta,Transito normal con precaución,11,0,0,0,0.0,Volcamiento,otra - conductor en general,4515_1_34,10.0,1.0
Planta Central,2020-08-11 20:38:00,3,550.0,2020-05-04 05:00:00,lunes,30,Normal,Seca y limpia,Ondulado,Terraplen,Recta,Transito normal con precaución,13,10,0,0,0.0,Choque,fallas mecanicas y del sistema electrico,2511_0_3,12.0,1.0
Planta Central,2020-08-07 15:28:00,55,400.0,2020-05-23 05:00:00,sabado,0,Normal,Seca y limpia,Plano,Terraplen,Recta,Transito normal con precaución,17,30,0,0,1.0,Choque,embriaguez o sustancias alucinogenas,2505_1_55,17.0,0.0
Planta Central,2020-08-07 15:54:00,60,800.0,2020-05-25 05:00:00,lunes,0,Normal,Seca y limpia,Plano,Terraplen,Recta,Transito normal con precaución,18,20,0,0,0.0,Choque,fallas mecanicas y del sistema electrico,2505_2_60,18.0,0.0
Planta Central,2020-08-07 16:19:00,50,202.0,2020-05-28 05:00:00,jueves,50,Normal,Seca y limpia,Plano,Terraplen,Recta,Transito normal con precaución,17,5,0,0,0.0,Volcamiento,fallas mecanicas y del sistema electrico,2505_2_50,16.0,1.0
Planta Central,2020-08-07 16:28:00,53,860.0,2020-05-29 05:00:00,viernes,15,Normal,Seca y limpia,Plano,Terraplen,Recta,Transito normal con precaución,7,50,0,0,0.0,Choque,otra - conductor en general,2505_2_53,7.0,0.0
Planta Central,2020-08-10 15:53:00,54,400.0,2020-05-05 05:00:00,martes,45,Normal,Seca y limpia,Ondulado,Media ladera Izquierda,Curva Izquierda,Transito normal con precaución,17,15,0,0,0.0,Choque,exceso en horas de conduccion,2510_1_54,16.0,1.0
Putumayo,2020-08-10 17:10:00,77,700.0,2020-02-21 05:00:00,viernes,26,Normal,Seca y limpia,Plano,Cajón,Recta,Transito normal con precaución,0,0,1,0,1.0,Choque,exceso de velocidad,4502_0_77,21.0,3.0
Boyacá,2020-08-11 00:51:00,1,120.0,2020-08-07 05:00:00,viernes,15,Normal,Seca y limpia,Plano,Terraplen,Recta,Transito normal con precaución,0,0,2,0,3.0,Choque,desobediencia a normas y senales,45BY01_1_1,0.0,0.0
Valle del Cauca,2020-08-11 14:59:00,8,515.0,2019-12-01 05:00:00,domingo,47,Normal,Seca y limpia,Plano,Cajón,Recta,Parcial con reducción de carriles,6,17,0,0,0.0,Choque,otra - conductor en general,4001_1_8,5.0,1.0
Valle del Cauca,2020-08-11 15:03:00,26,800.0,2019-12-04 05:00:00,miercoles,15,Normal,Seca y limpia,Ondulado,Terraplen,Curva Izquierda,Cierre total,1,30,1,0,1.0,Volcamiento,otra - conductor en general,4001_1_26,7.0,18.0
Valle del Cauca,2020-08-11 15:31:00,8,879.0,2019-12-18 05:00:00,miercoles,30,Normal,Seca y limpia,Plano,Cajón,Recta,Parcial con reducción de carriles,0,30,0,0,0.0,Choque,otra - conductor en general,4001_1_8,19.0,5.0
Planta Central,2020-08-11 15:49:00,78,0.0,2020-05-23 05:00:00,sabado,10,Normal,Seca y limpia,Ondulado,Media ladera Izquierda,Curva Izquierda,Parcial con reducción de carriles,15,25,2,0,2.0,Choque,condiciones de la via y factores ambientales,2510_1_78,15.0,0.0
Valle del Cauca,2020-08-11 16:10:00,5,702.0,2019-12-23 05:00:00,lunes,0,Normal,Seca y limpia,Plano,Cajón,Recta,Parcial con reducción de carriles,1,30,0,0,0.0,Choque,adelantamientos indebidos,4001_1_5,20.0,5.0
Valle del Cauca,2020-08-11 16:15:00,24,100.0,2019-12-30 05:00:00,lunes,40,Normal,Seca y limpia,Montañoso,Cajón,Curva Izquierda,Parcial con reducción de carriles,0,30,0,0,0.0,Choque,fallas mecanicas y del sistema electrico,4001_2_24,9.0,15.0
Valle del Cauca,2020-08-11 16:32:00,6,166.0,2019-12-31 05:00:00,martes,10,Normal,Seca y limpia,Plano,Cajón,Recta,Parcial con reducción de carriles,0,15,0,0,0.0,Choque,no mantener distancia de seguridad,4001_2_6,17.0,7.0
Planta Central,2020-08-11 17:00:00,87,0.0,2020-05-20 05:00:00,miercoles,0,Normal,Seca y limpia,Montañoso,Media ladera Izquierda,Curva Derecha,Transito normal con precaución,19,30,0,0,0.0,Choque,embriaguez o sustancias alucinogenas,2510_1_87,19.0,0.0
Valle del Cauca,2020-08-11 17:04:00,5,252.0,2020-01-03 05:00:00,viernes,40,Normal,Seca y limpia,Plano,Cajón,Recta,Parcial con reducción de carriles,2,10,0,0,0.0,Choque,otra - conductor en general,4001_1_5,1.0,1.0
Valle del Cauca,2020-08-11 17:10:00,6,903.0,2020-01-04 05:00:00,sabado,0,Normal,Seca y limpia,Plano,Cajón,Recta,Parcial con reducción de carriles,9,10,0,0,0.0,Choque,maniobras imprudentes,4001_1_6,9.0,0.0
Valle del Cauca,2020-08-11 17:20:00,19,800.0,2020-01-15 05:00:00,miercoles,20,Normal,Seca y limpia,Plano,Cajón,Curva Izquierda,Parcial con reducción de carriles,11,40,0,1,1.0,Volcamiento,otra - conductor en general,4001_2_19,11.0,0.0
Valle del Cauca,2020-08-11 17:28:00,2,760.0,2020-01-17 05:00:00,viernes,50,Normal,Seca y limpia,Plano,Cajón,Recta,Parcial con reducción de carriles,10,10,0,0,0.0,Choque,adelantamientos indebidos,4001_1_2,9.0,1.0
Valle del Cauca,2020-08-11 19:35:00,5,210.0,2020-02-09 05:00:00,domingo,40,Normal,Seca y limpia,Plano,Cajón,Recta,Parcial con reducción de carriles,20,30,0,0,0.0,Choque,no mantener distancia de seguridad,4001_1_5,19.0,1.0
Valle del Cauca,2020-08-11 19:41:00,5,88.0,2020-02-03 05:00:00,lunes,25,Normal,Seca y limpia,Plano,Cajón,Recta,Parcial con reducción de carriles,5,44,0,0,0.0,Choque,no mantener distancia de seguridad,4001_1_5,5.0,0.0
Valle del Cauca,2020-08-11 19:45:00,12,0.0,2020-02-10 05:00:00,lunes,38,Normal,Seca y limpia,Montañoso,Media Ladera Derecha,Curva Derecha,Transito normal con precaución,15,45,0,0,0.0,Choque,desobediencia a normas y senales,1901_0_12,15.0,0.0
Valle del Cauca,2020-08-11 19:53:00,54,400.0,2020-02-20 05:00:00,jueves,10,Lluvia,Humeda,Montañoso,Cajón,Curva Derecha,Cierre total,8,40,0,0,0.0,Choque,no mantener distancia de seguridad,4001_1_54,8.0,0.0
Valle del Cauca,2020-08-11 19:57:00,16,100.0,2020-02-17 05:00:00,lunes,10,Normal,Seca y limpia,Montañoso,Media Ladera Derecha,Curva Izquierda,Parcial con reducción de carriles,1,29,1,0,3.0,Choque,adelantamientos indebidos,1901_0_16,0.0,1.0
Planta Central,2020-08-11 19:46:00,1,900.0,2020-05-15 05:00:00,viernes,15,Normal,Seca y limpia,Plano,Terraplen,Recta,Transito normal con precaución,10,40,1,0,1.0,Choque,maniobras imprudentes,2511_0_1,10.0,0.0
Planta Central,2020-08-11 20:10:00,1,900.0,2020-05-26 05:00:00,martes,0,Lluvia,Humeda,Ondulado,Media Ladera Derecha,Curva Derecha,Parcial con reducción de carriles,12,30,1,0,1.0,Atropello,conducta de peatones,2511_0_1,12.0,0.0
Valle del Cauca,2020-08-11 20:29:00,11,0.0,2020-02-29 05:00:00,sabado,40,Normal,Seca y limpia,Montañoso,Media Ladera Derecha,Recta,Parcial con reducción de carriles,17,0,1,0,1.0,Choque,otra - conductor en general,1901_0_11,16.0,1.0
Córdoba,2020-08-11 21:20:00,9,285.0,2020-06-12 05:00:00,viernes,0,Normal,Seca y limpia,Plano,Terraplen,Recta,Parcial con paso alternado,0,30,1,0,2.0,Choque,no mantener distancia de seguridad,2103_1_9,15.0,9.0
Córdoba,2020-08-11 22:22:00,30,720.0,2020-06-11 05:00:00,jueves,30,Normal,Seca y limpia,Plano,Terraplen,Recta,Transito normal con precaución,0,0,0,0,1.0,Volcamiento,impericia en el manejo,9003_0_30,19.0,5.0
Córdoba,2020-08-11 22:27:00,11,290.0,2020-06-18 05:00:00,jueves,10,Normal,Seca y limpia,Plano,Terraplen,Recta,Transito normal con precaución,0,50,2,0,2.0,Choque,condiciones de la via y factores ambientales,7801_1_11,9.0,15.0
Valle del Cauca,2020-08-11 15:41:00,7,12.0,2019-12-23 05:00:00,lunes,50,Normal,Seca y limpia,Plano,Cajón,Recta,Parcial con reducción de carriles,0,30,0,0,0.0,Choque,no mantener distancia de seguridad,4001_2_7,15.0,9.0
Valle del Cauca,2020-08-11 20:27:00,14,0.0,2020-02-26 05:00:00,miercoles,0,Normal,Seca y limpia,Montañoso,Media Ladera Derecha,Curva Izquierda,Parcial con reducción de carriles,22,40,0,0,0.0,Choque,impericia en el manejo,1901_0_14,20.0,2.0
Córdoba,2020-08-11 22:14:00,63,779.0,2020-06-25 05:00:00,jueves,30,Normal,Seca y limpia,Plano,Terraplen,Recta,Transito normal con precaución,0,5,0,0,1.0,Choque,otra - conductor en general,7401_1_63,15.0,9.0
Córdoba,2020-08-11 22:38:00,51,330.0,2020-06-25 05:00:00,jueves,0,Normal,Seca y limpia,Ondulado,Cajón,Recta,Cierre total,0,20,0,0,0.0,Volcamiento,estacionamiento y senalizacion imprudente,74CR02_0_51,10.0,14.0
Cesar,2020-08-12 14:40:00,106,350.0,2020-07-01 05:00:00,miercoles,15,Normal,Humeda,Plano,Terraplen,Recta,Transito normal con precaución,4,15,1,0,1.0,Choque,estacionamiento y senalizacion imprudente,4901_1_106,4.0,0.0
Cesar,2020-08-12 14:59:00,0,192.0,2020-07-06 05:00:00,lunes,15,Normal,Seca y limpia,Plano,Terraplen,Recta,Transito normal con precaución,7,15,1,0,1.0,Choque,conducta de peatones,4901_1_0,7.0,0.0
Caquetá,2020-08-12 16:09:00,52,80.0,2020-02-03 05:00:00,lunes,30,Seca,Seca y limpia,Plano,Media ladera Izquierda,Recta,Transito normal con precaución,12,30,0,0,0.0,Choque,no mantener distancia de seguridad,6504_0_52,12.0,0.0
Planta Central,2020-08-12 19:04:00,22,800.0,2020-07-02 05:00:00,jueves,0,Lluvia,Humeda,Montañoso,Media Ladera Derecha,Curva Derecha,Parcial con reducción de carriles,1,0,0,0,0.0,Choque,otra - conductor en general,4003_1_22,16.0,9.0
Planta Central,2020-08-12 19:30:00,5,600.0,2020-07-03 05:00:00,viernes,15,Seca,Seca y limpia,Ondulado,Terraplen,Recta,Transito normal con precaución,0,0,2,0,2.0,Choque,otra - conductor en general,4003_1_5,13.0,11.0
Planta Central,2020-08-12 19:40:00,9,950.0,2020-07-04 05:00:00,sabado,0,Lluvia,Humeda,Montañoso,Media ladera Izquierda,Curva Izquierda,Transito normal con precaución,0,0,0,0,0.0,Volcamiento,otra - conductor en general,4003_1_9,1.0,23.0
Planta Central,2020-08-12 20:30:00,8,550.0,2020-07-08 05:00:00,miercoles,30,Seca,Seca y limpia,Montañoso,Media ladera Izquierda,Curva Derecha,Parcial con reducción de carriles,1,30,0,0,0.0,Choque,otra - conductor en general,4003_1_8,12.0,13.0
Planta Central,2020-08-12 20:36:00,44,750.0,2020-07-04 05:00:00,sabado,20,Seca,Seca y limpia,Montañoso,Media Ladera Derecha,Curva Izquierda,Cierre total,5,20,0,0,0.0,Caída de carga,fallas mecanicas y del sistema electrico,4003_1_44,9.0,20.0
Planta Central,2020-08-12 20:40:00,8,600.0,2020-07-04 05:00:00,sabado,5,Lluvia,Humeda,Montañoso,Media ladera Izquierda,Curva Izquierda,Parcial con reducción de carriles,1,0,0,0,0.0,Choque,condiciones de la via y factores ambientales,4003_1_8,3.0,22.0
Planta Central,2020-08-12 21:04:00,16,200.0,2020-07-10 05:00:00,viernes,30,Normal,Seca y limpia,Montañoso,Media Ladera Derecha,Curva Izquierda,Parcial con reducción de carriles,1,30,0,0,0.0,Choque,otra - conductor en general,4003_1_16,13.0,12.0
Planta Central,2020-08-12 21:10:00,24,900.0,2020-07-15 05:00:00,miercoles,40,Lluvia,Humeda,Montañoso,Media Ladera Derecha,Curva Derecha,Cierre total,0,40,0,0,0.0,Choque,condiciones de la via y factores ambientales,4003_1_24,22.0,2.0
Planta Central,2020-08-12 21:27:00,8,820.0,2020-07-16 05:00:00,jueves,40,Seca,Seca y limpia,Montañoso,Media ladera Izquierda,Curva Derecha,Parcial con reducción de carriles,3,20,0,0,0.0,Choque,otra - conductor en general,4003_1_8,13.0,14.0
Planta Central,2020-08-12 22:32:00,24,450.0,2020-07-19 05:00:00,domingo,30,Seca,Seca y limpia,Montañoso,Media Ladera Derecha,Curva Derecha,Parcial con reducción de carriles,1,30,0,0,0.0,Volcamiento,otra - conductor en general,4003_1_24,14.0,11.0