territorial,fecha_registro,pr,distancia_pr,fecha_acc,dia_semana_acc,min_acc,condic_meteor,estado_super,terreno,secc_tip,geometria_acc,tipo_cierre,horas_cierre,min_cierre,n_heridos,n_muertos,n_victimas,clase_accidente,causa_posible,ref_loc,hora_acc,duracion_cierre_horas
Planta Central,2020-08-12 22:37:00,23,900.0,2020-07-25 05:00:00,sabado,30,Normal,Seca y limpia,Montañoso,Media ladera Izquierda,Curva Derecha,Parcial con reducción de carriles,18,45,1,0,1.0,Volcamiento,otra - conductor en general,4003_1_23,21.0,21.0
Planta Central,2020-08-12 22:54:00,34,550.0,2020-07-29 05:00:00,miercoles,30,Normal,Seca y limpia,Montañoso,Media ladera Izquierda,Curva Izquierda,Cierre total,7,30,0,0,0.0,Choque,otra - conductor en general,4003_1_34,0.0,7.0
Planta Central,2020-08-12 22:59:00,6,50.0,2020-07-26 05:00:00,domingo,30,Seca,Seca y limpia,Montañoso,Terraplen,Recta,Transito normal con precaución,0,0,1,0,1.0,Volcamiento,otra - conductor en general,4003_1_6,18.0,6.0
Planta Central,2020-08-12 23:20:00,16,100.0,2020-07-16 05:00:00,jueves,0,Seca,Seca y limpia,Montañoso,Media Ladera Derecha,Curva Derecha,Cierre total,0,34,0,0,0.0,Choque,otra - conductor en general,4003_1_16,14.0,10.0
Caquetá,2020-08-13 13:27:00,55,370.0,2020-02-10 05:00:00,lunes,30,Seca,Seca y limpia,Plano,Media ladera Izquierda,Recta,Transito normal con precaución,7,30,1,0,1.0,Choque,adelantamientos indebidos,6504_0_55,7.0,0.0
Cesar,2020-08-13 15:36:00,3,500.0,2020-07-17 05:00:00,viernes,20,Normal,Seca y limpia,Plano,Terraplen,Recta,Cierre total,0,10,0,0,0.0,Choque,condiciones de la via y factores ambientales,4902_1_3,12.0,12.0
Cesar,2020-08-13 16:51:00,3,900.0,2020-07-18 05:00:00,sabado,30,Normal,Seca y limpia,Plano,Terraplen,Recta,Transito normal con precaución,2,22,0,0,0.0,Choque,fallas mecanicas y del sistema electrico,8004A_1_3,5.0,21.0
Nariño,2020-08-13 23:52:00,8,800.0,2020-06-02 05:00:00,martes,30,Normal,Seca y limpia,Montañoso,Cajón,Recta,Transito normal con precaución,6,30,1,0,2.0,Choque,adelantamientos indebidos,2502_1_8,6.0,0.0
Nariño,2020-08-13 23:59:00,81,950.0,2020-06-20 05:00:00,sabado,0,Normal,Seca y limpia,Montañoso,Cajón,Curva Izquierda,Transito normal con precaución,2,0,0,0,0.0,Volcamiento,exceso de velocidad,2502_1_81,2.0,0.0
Nariño,2020-08-13 20:16:00,53,580.0,2020-05-08 05:00:00,viernes,30,Normal,Seca y limpia,Montañoso,Media Ladera Derecha,Curva Izquierda,Transito normal con precaución,23,30,1,0,1.0,Volcamiento,exceso en horas de conduccion,2502_1_53,23.0,0.0
Nariño,2020-08-13 20:22:00,46,990.0,2020-05-12 05:00:00,martes,30,Normal,Seca y limpia,Montañoso,Cajón,Curva Derecha,Transito normal con precaución,16,30,0,0,0.0,Choque,exceso en horas de conduccion,2502_1_46,16.0,0.0
Planta Central,2020-08-13 20:21:00,25,450.0,2020-05-28 05:00:00,jueves,20,Normal,Seca y limpia,Plano,Media ladera Izquierda,Recta,Transito normal con precaución,15,40,0,0,0.0,Choque,adelantamientos indebidos,2511_0_25,15.0,0.0
Planta Central,2020-08-13 20:29:00,48,500.0,2020-05-23 05:00:00,sabado,30,Lluvia,Humeda,Montañoso,Media ladera Izquierda,Recta,Transito normal con precaución,4,0,0,0,0.0,Choque,fallas mecanicas y del sistema electrico,2511_0_48,3.0,1.0
Planta Central,2020-08-13 20:33:00,112,750.0,2020-05-14 05:00:00,jueves,40,Normal,Seca y limpia,Plano,Terraplen,Recta,Transito normal con precaución,10,20,0,0,0.0,Choque,no mantener distancia de seguridad,2511_0_112,9.0,1.0
Nariño,2020-08-13 21:50:00,66,150.0,2020-05-29 05:00:00,viernes,30,Normal,Seca y limpia,Montañoso,Media ladera Izquierda,Curva Izquierda,Transito normal con precaución,23,30,0,0,0.0,Choque,otra - pasajero o acompanante,2502_1_66,23.0,0.0
Planta Central,2020-08-13 22:01:00,7,150.0,2020-05-14 05:00:00,jueves,5,Lluvia,Humeda,Plano,Terraplen,Recta,Transito normal con precaución,2,30,0,0,0.0,Volcamiento,condiciones de la via y factores ambientales,2512_1_7,2.0,0.0
Planta Central,2020-08-13 22:31:00,37,500.0,2020-05-06 05:00:00,miercoles,35,Normal,Seca y limpia,Plano,Terraplen,Recta,Transito normal con precaución,8,30,0,0,0.0,Atropello,adelantamientos indebidos,2512_1_37,7.0,1.0
Planta Central,2020-08-14 05:07:00,58,400.0,2020-02-15 05:00:00,sabado,10,Normal,Seca y limpia,Montañoso,Media Ladera Derecha,Curva Izquierda,Transito normal con precaución,0,0,0,0,0.0,Incendio,fallas mecanicas y del sistema electrico,45A08_1_58,0.0,0.0
Planta Central,2020-08-14 05:14:00,80,0.0,2020-02-21 05:00:00,viernes,20,Normal,Otra,Montañoso,Media ladera Izquierda,Curva Izquierda,Parcial con paso alternado,2,30,0,0,0.0,Choque,condiciones de la via y factores ambientales,45A08_1_80,3.0,23.0
Caquetá,2020-08-14 14:25:00,54,520.0,2020-03-04 05:00:00,miercoles,0,Normal,Seca y limpia,Plano,Cajón,Recta,Transito normal con precaución,20,0,0,0,0.0,Choque,adelantamientos indebidos,6504_0_54,20.0,0.0
Caquetá,2020-08-14 14:39:00,53,715.0,2020-03-07 05:00:00,sabado,30,Seca,Seca y limpia,Plano,Cajón,Recta,Transito normal con precaución,7,30,0,0,0.0,Choque,maniobras imprudentes,6504_0_53,7.0,0.0
Caquetá,2020-08-14 14:49:00,26,840.0,2020-04-24 05:00:00,viernes,0,Seca,Seca y limpia,Plano,Terraplen,Recta,Transito normal con precaución,12,0,0,0,0.0,Volcamiento,exceso de velocidad,6504_0_26,12.0,0.0
Caquetá,2020-08-14 15:24:00,54,180.0,2020-06-22 05:00:00,lunes,30,Seca,Seca y limpia,Ondulado,Cajón,Recta,Transito normal con precaución,17,30,0,0,0.0,Choque,impericia en el manejo,6504_0_54,17.0,0.0
Casanare,2020-08-14 15:53:00,54,150.0,2020-07-18 05:00:00,sabado,30,Seca,Seca y limpia,Plano,Terraplen,Recta,Transito normal con precaución,21,30,1,0,1.0,Choque,embriaguez o sustancias alucinogenas,6515_1_54,21.0,0.0
Sucre,2020-08-20 16:45:00,36,800.0,2020-02-12 05:00:00,miercoles,0,Sol,Seca y limpia,Plano,Terraplen,Recta,Transito normal con precaución,0,30,3,0,3.0,Atropello,impericia en el manejo,9004_1_36,17.0,7.0
Casanare,2020-08-14 15:53:00,84,850.0,2020-07-26 05:00:00,domingo,30,Lluvia,Humeda,Plano,Terraplen,Recta,Transito normal con precaución,19,30,0,1,2.0,Choque,otra - conductor en general,6515_1_84,19.0,0.0
Casanare,2020-08-14 16:08:00,106,820.0,2020-07-07 05:00:00,martes,40,Normal,Seca y limpia,Plano,Terraplen,Recta,Transito normal con precaución,11,40,0,1,1.0,Choque,impericia en el manejo,6515_1_106,11.0,0.0
Casanare,2020-08-14 16:15:00,128,0.0,2020-07-19 05:00:00,domingo,30,Seca,Seca y limpia,Plano,Terraplen,Recta,Transito normal con precaución,19,30,1,0,1.0,Choque,impericia en el manejo,6515_2_128,18.0,1.0
Nariño,2020-08-14 16:25:00,19,500.0,2020-06-21 05:00:00,domingo,30,Sol,Seca y limpia,Montañoso,Media ladera Izquierda,Curva Derecha,Transito normal con precaución,16,30,0,0,0.0,Choque,fallas mecanicas y del sistema electrico,2502_1_19,16.0,0.0
Nariño,2020-08-14 16:29:00,19,850.0,2020-06-21 05:00:00,domingo,0,Sol,Seca y limpia,Montañoso,Media ladera Izquierda,Curva Izquierda,Transito normal con precaución,7,0,0,0,0.0,Choque,condiciones de la via y factores ambientales,2502_1_19,7.0,0.0
Nariño,2020-08-14 16:37:00,23,300.0,2020-06-27 05:00:00,sabado,30,Sol,Seca y limpia,Montañoso,Media ladera Izquierda,Curva Derecha,Transito normal con precaución,8,30,0,0,0.0,Volcamiento,exceso en horas de conduccion,2502_1_23,8.0,0.0
Planta Central,2020-08-14 16:47:00,41,100.0,2020-05-07 05:00:00,jueves,30,Lluvia,Humeda,Plano,Terraplen,Recta,Transito normal con precaución,8,10,0,0,0.0,Choque,condiciones de la via y factores ambientales,2512_1_41,7.0,1.0
Planta Central,2020-08-14 16:56:00,43,530.0,2020-05-28 05:00:00,jueves,0,Normal,Seca y limpia,Plano,Terraplen,Recta,Transito normal con precaución,5,0,0,0,0.0,Choque,condiciones de la via y factores ambientales,2512_1_43,4.0,1.0
Planta Central,2020-08-14 19:30:00,81,300.0,2020-04-29 05:00:00,miercoles,30,Normal,Seca y limpia,Ondulado,Media ladera Izquierda,Recta,Transito normal con precaución,12,20,1,0,1.0,Choque,condiciones de la via y factores ambientales,2510_1_81,11.0,1.0
Planta Central,2020-08-14 19:39:00,87,260.0,2020-05-17 05:00:00,domingo,0,Niebla,Seca y limpia,Ondulado,Media ladera Izquierda,Curva Izquierda,Transito normal con precaución,16,0,0,0,0.0,Choque,condiciones de la via y factores ambientales,2510_1_87,16.0,0.0
Planta Central,2020-08-14 19:49:00,17,0.0,2020-04-18 05:00:00,sabado,10,Normal,Seca y limpia,Plano,Terraplen,Recta,Transito normal con precaución,2,45,0,0,0.0,Choque,embriaguez o sustancias alucinogenas,2511_0_17,2.0,0.0
Planta Central,2020-08-14 19:58:00,17,500.0,2020-05-28 05:00:00,jueves,0,Normal,Seca y limpia,Plano,Terraplen,Recta,Parcial con reducción de carriles,17,25,0,1,1.0,Otro,no mantener distancia de seguridad,2511_0_17,17.0,0.0
Nariño,2020-08-14 20:13:00,69,500.0,2020-05-29 05:00:00,viernes,20,Lluvia,Humeda,Escarpado,Media ladera Izquierda,Recta,Transito normal con precaución,7,20,0,1,2.0,Choque,fallas mecanicas y del sistema electrico,2502_1_69,7.0,0.0
Planta Central,2020-08-14 20:14:00,42,400.0,2020-05-14 05:00:00,jueves,30,Normal,Seca y limpia,Ondulado,Media ladera Izquierda,Curva Izquierda,Transito normal con precaución,23,30,0,0,0.0,Choque,maniobras imprudentes,2511_0_42,23.0,0.0
Risaralda,2020-08-26 16:08:00,2,861.0,2020-06-05 05:00:00,viernes,20,Normal,Seca y limpia,Plano,Terraplen,Recta,Transito normal con precaución,16,20,0,0,0.0,Choque,no mantener distancia de seguridad,2902_2_2,16.0,0.0
Planta Central,2020-08-14 20:20:00,48,0.0,2020-05-28 05:00:00,jueves,10,Niebla,Seca y limpia,Ondulado,Terraplen,Curva Derecha,Transito normal con precaución,20,10,0,0,0.0,Volcamiento,desobediencia a normas y senales,2511_0_48,19.0,1.0
Planta Central,2020-08-14 20:27:00,35,350.0,2020-05-22 05:00:00,viernes,20,Normal,Seca y limpia,Plano,Terraplen,Recta,Transito normal con precaución,10,45,0,0,0.0,Choque,condiciones de la via y factores ambientales,2512_1_35,8.0,2.0
Planta Central,2020-08-15 16:08:00,2,400.0,2020-03-08 05:00:00,domingo,10,Normal,Seca y limpia,Plano,Terraplen,Recta,Parcial con reducción de carriles,23,50,1,0,1.0,Choque,embriaguez o sustancias alucinogenas,2511_0_2,23.0,0.0
Planta Central,2020-08-15 16:49:00,5,275.0,2020-03-18 05:00:00,miercoles,0,Normal,Seca y limpia,Ondulado,Terraplen,Curva Izquierda,Transito normal con precaución,8,0,0,0,0.0,Choque,condiciones de la via y factores ambientales,2511_0_5,7.0,1.0
Planta Central,2020-08-15 16:57:00,26,130.0,2020-03-20 05:00:00,viernes,0,Lluvia,Humeda,Ondulado,Media ladera Izquierda,Curva Derecha,Transito normal con precaución,12,50,0,0,0.0,Choque,condiciones de la via y factores ambientales,2511_0_26,12.0,0.0
Planta Central,2020-08-15 17:01:00,33,50.0,2020-03-14 05:00:00,sabado,30,Normal,Seca y limpia,Montañoso,Media ladera Izquierda,Recta,Parcial con reducción de carriles,10,0,0,1,1.0,Choque,fallas mecanicas y del sistema electrico,2511_0_33,9.0,1.0
Planta Central,2020-08-15 17:20:00,41,800.0,2020-03-29 05:00:00,domingo,30,Normal,Seca y limpia,Plano,Media ladera Izquierda,Curva Derecha,Parcial con reducción de carriles,12,50,0,1,1.0,Choque,adelantamientos indebidos,2511_0_41,12.0,0.0
Planta Central,2020-08-15 17:28:00,48,100.0,2020-03-15 05:00:00,domingo,40,Normal,Seca y limpia,Ondulado,Media ladera Izquierda,Recta,Transito normal con precaución,7,0,0,0,0.0,Choque,estacionamiento y senalizacion imprudente,2511_0_48,6.0,1.0
Planta Central,2020-08-15 17:37:00,54,0.0,2020-03-11 05:00:00,miercoles,0,Niebla,Humeda,Ondulado,Media ladera Izquierda,Recta,Transito normal con precaución,12,30,0,0,0.0,Choque,fallas mecanicas y del sistema electrico,2511_0_54,12.0,0.0
Planta Central,2020-08-15 17:48:00,64,860.0,2020-03-08 05:00:00,domingo,20,Niebla,Humeda,Ondulado,Media ladera Izquierda,Recta,Parcial con reducción de carriles,9,28,0,1,2.0,Choque,fallas mecanicas y del sistema electrico,2511_0_64,8.0,1.0
Planta Central,2020-08-15 17:55:00,65,780.0,2020-03-11 05:00:00,miercoles,40,Niebla,Humeda,Ondulado,Media ladera Izquierda,Recta,Parcial con reducción de carriles,10,30,1,0,1.0,Choque,exceso de velocidad,2511_0_65,9.0,1.0
Planta Central,2020-08-15 17:59:00,67,0.0,2020-03-05 05:00:00,jueves,5,Normal,Seca y limpia,Montañoso,Media ladera Izquierda,Curva Derecha,Transito normal con precaución,11,40,0,0,0.0,Choque,condiciones de la via y factores ambientales,2511_0_67,11.0,0.0
Planta Central,2020-08-15 18:44:00,88,100.0,2020-03-05 05:00:00,jueves,0,Normal,Seca y limpia,Plano,Media ladera Izquierda,Recta,Transito normal con precaución,13,30,0,0,0.0,Choque,fallas mecanicas y del sistema electrico,2511_0_88,12.0,1.0
Planta Central,2020-08-15 18:52:00,28,750.0,2020-03-04 05:00:00,miercoles,30,Normal,Seca y limpia,Plano,Terraplen,Recta,Parcial con reducción de carriles,11,0,1,0,1.0,Choque,impericia en el manejo,2512_1_28,10.0,1.0
Planta Central,2020-08-14 20:31:00,43,540.0,2020-04-06 05:00:00,lunes,10,Normal,Seca y limpia,Plano,Terraplen,Recta,Transito normal con precaución,17,42,0,0,0.0,Volcamiento,adelantamientos indebidos,2512_1_43,17.0,0.0
Risaralda,2020-08-19 16:53:00,68,680.0,2020-07-08 05:00:00,miercoles,30,Lluvia,Humeda,Plano,Media Ladera Derecha,Recta,Transito normal con precaución,16,30,0,0,0.0,Choque,otra - conductor en general,5002_1_68,16.0,0.0
Sucre,2020-08-20 16:49:00,30,200.0,2020-03-01 05:00:00,domingo,50,Seca,Seca y limpia,Plano,Terraplen,Recta,Transito normal con precaución,1,0,2,0,2.0,Choque,adelantamientos indebidos,9004_1_30,19.0,6.0
Putumayo,2020-08-19 18:47:00,73,400.0,2020-06-16 05:00:00,martes,51,Normal,Seca y limpia,Ondulado,Cajón,Curva Izquierda,Transito normal con precaución,0,0,0,0,0.0,Salida de la vía sin volcarse,otra - conductor en general,4502_0_73,14.0,10.0
Planta Central,2020-08-19 20:12:00,41,100.0,2020-05-07 05:00:00,jueves,30,Lluvia,Humeda,Plano,Terraplen,Recta,Transito normal con precaución,8,10,0,0,0.0,Choque,condiciones de la via y factores ambientales,2512_1_41,7.0,1.0
Planta Central,2020-08-19 20:36:00,64,680.0,2020-03-08 05:00:00,domingo,20,Niebla,Seca y limpia,Ondulado,Media ladera Izquierda,Recta,Parcial con reducción de carriles,9,28,1,1,2.0,Choque,condiciones de la via y factores ambientales,2511_0_64,8.0,1.0
Planta Central,2020-08-19 20:47:00,53,100.0,2020-03-13 05:00:00,viernes,10,Normal,Seca y limpia,Plano,Terraplen,Recta,Transito normal con precaución,5,30,0,0,0.0,Choque,fallas mecanicas y del sistema electrico,2511_0_53,4.0,1.0
Planta Central,2020-08-19 20:51:00,56,950.0,2020-03-09 05:00:00,lunes,50,Normal,Seca y limpia,Plano,Terraplen,Recta,Transito normal con precaución,2,40,0,0,0.0,Choque,condiciones de la via y factores ambientales,2512_1_56,0.0,2.0
Sucre,2020-08-20 13:59:00,38,900.0,2020-01-07 05:00:00,martes,4,Seca,Seca y limpia,Plano,Terraplen,Recta,Transito normal con precaución,0,30,0,0,0.0,Choque,desobediencia a normas y senales,9004_1_38,17.0,7.0
Sucre,2020-08-20 14:10:00,35,100.0,2020-01-16 05:00:00,jueves,0,Seca,Seca y limpia,Plano,Terraplen,Recta,Transito normal con precaución,1,0,2,0,2.0,Choque,impericia en el manejo,9004_1_35,21.0,4.0
Sucre,2020-08-20 14:20:00,39,0.0,2020-01-19 05:00:00,domingo,0,Sol,Seca y limpia,Plano,Terraplen,Recta,Transito normal con precaución,0,30,2,0,2.0,Choque,embriaguez o sustancias alucinogenas,9004_1_39,10.0,14.0
Sucre,2020-08-20 14:34:00,87,400.0,2020-01-28 05:00:00,martes,0,Sol,Seca y limpia,Plano,Terraplen,Recta,Transito normal con precaución,1,0,0,0,0.0,Choque,otra - conductor en general,9004_1_87,8.0,17.0
Sucre,2020-08-20 14:38:00,83,50.0,2020-01-31 05:00:00,viernes,30,Sol,Seca y limpia,Plano,Terraplen,Recta,Transito normal con precaución,1,0,0,0,0.0,Choque,otra - conductor en general,9004_1_83,10.0,15.0
Sucre,2020-08-20 14:45:00,93,300.0,2020-01-31 05:00:00,viernes,0,Sol,Seca y limpia,Plano,Terraplen,Recta,Transito normal con precaución,1,0,6,0,6.0,Choque,adelantamientos indebidos,9004_1_93,15.0,10.0
Putumayo,2020-08-20 15:26:00,70,400.0,2020-06-23 05:00:00,martes,51,Lluvia,Humeda,Ondulado,Terraplen,Recta,Transito normal con precaución,0,0,1,0,1.0,Volcamiento,impericia en el manejo,4502_0_70,14.0,10.0
Sucre,2020-08-20 16:23:00,2,500.0,2020-02-02 05:00:00,domingo,30,Sol,Seca y limpia,Plano,Media Ladera Derecha,Curva Derecha,Transito normal con precaución,0,40,0,1,1.0,Choque,exceso de velocidad,90SC02_0_2,9.0,15.0
Santander,2020-08-20 16:14:00,48,360.0,2020-07-27 05:00:00,lunes,30,Seca,Seca y limpia,Ondulado,Cajón,Recta,Transito normal con precaución,17,30,1,0,1.0,Caída ocupante,condiciones de la via y factores ambientales,5504_1_48,17.0,0.0
Sucre,2020-08-20 16:53:00,35,400.0,2020-03-05 05:00:00,jueves,50,Seca,Seca y limpia,Plano,Terraplen,Recta,Transito normal con precaución,0,40,1,0,1.0,Choque,impericia en el manejo,9004_1_35,18.0,6.0
Sucre,2020-08-20 16:58:00,0,300.0,2020-03-10 05:00:00,martes,30,Sol,Seca y limpia,Plano,Terraplen,Recta,Transito normal con precaución,1,0,0,1,1.0,Choque,exceso de velocidad,90SC02_0_0,6.0,19.0
Santander,2020-08-20 16:53:00,32,750.0,2020-08-14 05:00:00,viernes,50,Seca,Seca y limpia,Plano,Cajón,Recta,Transito normal con precaución,13,50,1,0,1.0,Atropello,exceso de velocidad,6403_0_32,13.0,0.0
Sucre,2020-08-20 17:07:00,90,500.0,2020-05-16 05:00:00,sabado,0,Sol,Seca y limpia,Plano,Terraplen,Recta,Parcial con paso alternado,2,0,2,0,2.0,Choque,condiciones de la via y factores ambientales,9004_1_90,6.0,20.0
Santander,2020-08-20 17:07:00,33,30.0,2020-06-21 05:00:00,domingo,0,Seca,Seca y limpia,Plano,Cajón,Recta,Transito normal con precaución,19,0,1,0,1.0,Choque,condiciones de la via y factores ambientales,6403_0_33,19.0,0.0
Sucre,2020-08-20 17:13:00,31,0.0,2020-05-18 05:00:00,lunes,0,Sol,Seca y limpia,Plano,Terraplen,Recta,Transito normal con precaución,0,30,0,0,0.0,Choque,adelantamientos indebidos,9004_1_31,9.0,15.0
Sucre,2020-08-20 17:19:00,93,100.0,2020-05-26 05:00:00,martes,25,Seca,Seca y limpia,Plano,Terraplen,Recta,Transito normal con precaución,1,0,2,0,2.0,Choque,adelantamientos indebidos,9004_1_93,18.0,7.0
Santander,2020-08-20 16:32:00,30,145.0,2020-06-07 05:00:00,domingo,18,Seca,Seca y limpia,Plano,Cajón,Recta,Transito normal con precaución,4,18,0,0,0.0,Choque,condiciones de la via y factores ambientales,6403_0_30,4.0,0.0
Putumayo,2020-08-21 20:03:00,73,400.0,2020-07-27 05:00:00,lunes,0,Normal,Seca y limpia,Ondulado,Cajón,Curva Izquierda,Transito normal con precaución,0,0,0,0,0.0,Salida de la vía sin volcarse,otra - conductor en general,4502_0_73,11.0,13.0
Valle del Cauca,2020-08-21 23:24:00,33,703.0,2020-04-04 05:00:00,sabado,20,Normal,Seca y limpia,Montañoso,Cajón,Curva Izquierda,Parcial con reducción de carriles,16,50,0,0,0.0,Volcamiento,fallas mecanicas y del sistema electrico,4001_2_33,16.0,0.0
Valle del Cauca,2020-08-21 23:34:00,52,70.0,2020-04-06 05:00:00,lunes,20,Lluvia,Humeda,Montañoso,Media ladera Izquierda,Curva Derecha,Cierre total,0,20,0,0,0.0,Choque,no mantener distancia de seguridad,4001_2_52,6.0,18.0
Valle del Cauca,2020-08-21 23:40:00,24,500.0,2020-04-12 05:00:00,domingo,20,Lluvia,Humeda,Montañoso,Terraplen,Curva Derecha,Parcial con reducción de carriles,1,20,0,0,1.0,Atropello,conducta de peatones,4001_2_24,5.0,20.0
Valle del Cauca,2020-08-21 23:45:00,24,500.0,2020-04-12 05:00:00,domingo,30,Lluvia,Humeda,Montañoso,Terraplen,Curva Derecha,Parcial con reducción de carriles,1,5,0,0,0.0,Choque,condiciones de la via y factores ambientales,4001_2_24,5.0,20.0
Valle del Cauca,2020-08-21 23:51:00,56,700.0,2020-04-13 05:00:00,lunes,30,Lluvia,Humeda,Montañoso,Cajón,Curva Izquierda,Cierre total,0,20,0,0,0.0,Choque,condiciones de la via y factores ambientales,4001_1_56,10.0,14.0
Valle del Cauca,2020-08-21 23:56:00,37,200.0,2020-04-15 05:00:00,miercoles,10,Lluvia,Humeda,Plano,Cajón,Recta,Parcial con reducción de carriles,0,30,0,0,0.0,Choque,condiciones de la via y factores ambientales,4001_2_37,0.0,0.0
Valle del Cauca,2020-08-22 00:01:00,31,600.0,2020-04-18 05:00:00,sabado,10,Normal,Humeda,Plano,Cajón,Recta,Parcial con reducción de carriles,2,30,0,0,0.0,Choque,no mantener distancia de seguridad,4001_2_31,8.0,18.0
Planta Central,2020-08-22 17:05:00,64,700.0,2020-02-01 05:00:00,sabado,55,Normal,Seca y limpia,Ondulado,Media ladera Izquierda,Curva Izquierda,Transito normal con precaución,20,0,0,0,0.0,Choque,adelantamientos indebidos,2510_1_64,19.0,1.0
Planta Central,2020-08-22 17:10:00,71,800.0,2020-02-18 05:00:00,martes,0,Normal,Seca y limpia,Ondulado,Media ladera Izquierda,Curva Derecha,Transito normal con precaución,16,20,0,0,0.0,Choque,no mantener distancia de seguridad,2510_1_71,16.0,0.0
Planta Central,2020-08-22 17:15:00,78,60.0,2020-02-20 05:00:00,jueves,0,Normal,Seca y limpia,Plano,Terraplen,Recta,Transito normal con precaución,14,0,0,0,0.0,Choque,condiciones de la via y factores ambientales,2510_1_78,13.0,1.0
Planta Central,2020-08-22 17:24:00,78,900.0,2020-02-08 05:00:00,sabado,40,Normal,Seca y limpia,Ondulado,Media Ladera Derecha,Curva Derecha,Parcial con reducción de carriles,16,10,1,0,1.0,Choque,condiciones de la via y factores ambientales,2510_1_78,15.0,1.0
Planta Central,2020-08-22 17:28:00,82,950.0,2020-02-23 05:00:00,domingo,0,Lluvia,Humeda,Montañoso,Media ladera Izquierda,Curva Derecha,Transito normal con precaución,19,20,0,0,0.0,Choque,no mantener distancia de seguridad,2510_1_82,19.0,0.0
Planta Central,2020-08-22 17:35:00,87,300.0,2020-02-17 05:00:00,lunes,5,Lluvia,Humeda,Montañoso,Media ladera Izquierda,Curva Derecha,Transito normal con precaución,6,30,0,0,0.0,Choque,maniobras imprudentes,2510_1_87,6.0,0.0
Tolima,2020-08-23 15:55:00,21,920.0,2020-07-30 05:00:00,jueves,45,Seca,Seca y limpia,Montañoso,Media ladera Izquierda,Curva Izquierda,Parcial restringido a vehiculos pesados,10,15,0,0,0.0,Caída de carga,fallas mecanicas y del sistema electrico,5007_1_21,8.0,2.0
Tolima,2020-08-23 16:08:00,22,650.0,2020-07-30 05:00:00,jueves,30,Seca,Seca y limpia,Montañoso,Media ladera Izquierda,Curva Derecha,Transito normal con precaución,10,15,0,0,0.0,Volcamiento,fallas mecanicas y del sistema electrico,5007_1_22,7.0,3.0
Córdoba,2020-08-23 18:45:00,9,885.0,2020-07-09 05:00:00,jueves,57,Normal,Seca y limpia,Plano,Terraplen,Recta,Transito normal con precaución,0,20,0,2,2.0,Choque,adelantamientos indebidos,7801_1_9,19.0,5.0
Córdoba,2020-08-23 18:48:00,45,770.0,2020-07-31 05:00:00,viernes,40,Normal,Humeda,Ondulado,Terraplen,Recta,Transito normal con precaución,0,40,0,0,0.0,Volcamiento,maniobras imprudentes,9003_0_45,6.0,18.0
Valle del Cauca,2020-08-24 13:47:00,31,800.0,2020-04-18 05:00:00,sabado,30,Normal,Humeda,Montañoso,Terraplen,Curva Derecha,Cierre total,1,5,0,0,0.0,Choque,no mantener distancia de seguridad,4001_2_31,8.0,17.0
Planta Central,2020-08-24 13:55:00,3,400.0,2020-02-24 05:00:00,lunes,0,Normal,Seca y limpia,Plano,Terraplen,Recta,Transito normal con precaución,6,45,0,0,0.0,Choque,maniobras imprudentes,2511_0_3,6.0,0.0
Valle del Cauca,2020-08-24 13:54:00,55,800.0,2020-04-18 05:00:00,sabado,45,Normal,Seca y limpia,Montañoso,Cajón,Curva Derecha,Parcial con reducción de carriles,0,45,0,0,0.0,Choque,no mantener distancia de seguridad,4001_2_55,15.0,9.0
Planta Central,2020-08-24 13:58:00,6,700.0,2020-02-16 05:00:00,domingo,20,Lluvia,Humeda,Ondulado,Media Ladera Derecha,Curva Derecha,Parcial con reducción de carriles,9,0,0,0,0.0,Volcamiento,fallas mecanicas y del sistema electrico,2511_0_6,8.0,1.0
Valle del Cauca,2020-08-24 14:01:00,36,700.0,2020-04-19 05:00:00,domingo,20,Normal,Seca y limpia,Montañoso,Media Ladera Derecha,Curva Derecha,Parcial con reducción de carriles,0,40,2,0,2.0,Volcamiento,otra - conductor en general,1901_0_36,18.0,6.0
Planta Central,2020-08-24 14:03:00,9,450.0,2020-02-24 05:00:00,lunes,15,Normal,Seca y limpia,Ondulado,Terraplen,Recta,Transito normal con precaución,0,35,0,0,0.0,Choque,exceso de velocidad,2511_0_9,0.0,0.0
Planta Central,2020-08-24 14:08:00,9,450.0,2020-02-21 05:00:00,viernes,0,Lluvia,Humeda,Ondulado,Terraplen,Curva Derecha,Transito normal con precaución,19,40,0,0,0.0,Choque,condiciones de la via y factores ambientales,2511_0_9,18.0,1.0
Valle del Cauca,2020-08-24 14:08:00,11,0.0,2020-04-24 05:00:00,viernes,30,Lluvia,Humeda,Montañoso,Media ladera Izquierda,Curva Derecha,Parcial con reducción de carriles,0,10,0,0,0.0,Choque,impericia en el manejo,1901_0_11,7.0,17.0
Planta Central,2020-08-24 14:16:00,11,500.0,2020-02-24 05:00:00,lunes,0,Lluvia,Humeda,Ondulado,Media Ladera Derecha,Recta,Parcial con reducción de carriles,15,43,1,0,1.0,Choque,adelantamientos indebidos,2511_0_11,14.0,1.0