territorial,fecha_registro,pr,distancia_pr,fecha_acc,dia_semana_acc,min_acc,condic_meteor,estado_super,terreno,secc_tip,geometria_acc,tipo_cierre,horas_cierre,min_cierre,n_heridos,n_muertos,n_victimas,clase_accidente,causa_posible,ref_loc,hora_acc,duracion_cierre_horas
Planta Central,2020-08-24 14:54:00,18,50.0,2020-02-06 05:00:00,jueves,45,Normal,Seca y limpia,Ondulado,Terraplen,Recta,Transito normal con precaución,5,30,0,0,0.0,Choque,estacionamiento y senalizacion imprudente,2511_0_18,4.0,1.0
Planta Central,2020-08-24 16:24:00,56,960.0,2020-02-11 05:00:00,martes,40,Normal,Seca y limpia,Ondulado,Terraplen,Recta,Parcial con reducción de carriles,18,30,0,1,1.0,Choque,fallas mecanicas y del sistema electrico,2511_0_56,17.0,1.0
Planta Central,2020-08-24 16:32:00,68,580.0,2020-02-20 05:00:00,jueves,50,Normal,Seca y limpia,Montañoso,Media ladera Izquierda,Recta,Transito normal con precaución,9,57,0,0,0.0,Choque,condiciones de la via y factores ambientales,2511_0_68,8.0,1.0
Planta Central,2020-08-24 16:47:00,69,800.0,2020-02-09 05:00:00,domingo,0,Normal,Seca y limpia,Montañoso,Media ladera Izquierda,Curva Derecha,Parcial con reducción de carriles,14,35,0,1,1.0,Choque,adelantamientos indebidos,2511_0_69,14.0,0.0
Planta Central,2020-08-24 16:53:00,72,600.0,2020-02-01 05:00:00,sabado,0,Normal,Seca y limpia,Ondulado,Media ladera Izquierda,Recta,Transito normal con precaución,15,0,0,0,0.0,Choque,adelantamientos indebidos,2511_0_72,13.0,2.0
Planta Central,2020-08-24 17:02:00,74,400.0,2020-02-11 05:00:00,martes,0,Normal,Seca y limpia,Ondulado,Media ladera Izquierda,Curva Derecha,Transito normal con precaución,17,40,0,0,0.0,Otro,fallas mecanicas y del sistema electrico,2511_0_74,1.0,16.0
Cundinamarca,2020-08-24 18:45:00,28,199.9,2020-01-14 05:00:00,martes,30,Normal,Seca y limpia,Plano,Terraplen,Recta,Parcial con paso alternado,16,30,0,0,0.0,Choque,no mantener distancia de seguridad,45A04_1_28,16.0,0.0
Cundinamarca,2020-08-24 19:26:00,28,199.9,2020-01-22 05:00:00,miercoles,20,Lluvia,Humeda,Plano,Terraplen,Recta,Transito normal con precaución,12,30,0,0,0.0,Choque,otra - pasajero o acompanante,45A04_1_28,12.0,0.0
Planta Central,2020-08-24 19:43:00,84,0.0,2020-02-17 05:00:00,lunes,0,Normal,Seca y limpia,Ondulado,Media ladera Izquierda,Recta,Parcial con reducción de carriles,10,37,1,0,1.0,Choque,condiciones de la via y factores ambientales,2511_0_84,12.0,22.0
Planta Central,2020-08-26 15:32:00,53,500.0,2020-07-30 05:00:00,jueves,0,Normal,Seca y limpia,Montañoso,Media Ladera Derecha,Curva Izquierda,Transito normal con precaución,1,0,0,0,0.0,Salida de la vía sin volcarse,fallas mecanicas y del sistema electrico,45A04_1_53,1.0,0.0
Cundinamarca,2020-08-24 20:14:00,28,199.9,2020-01-23 05:00:00,jueves,40,Normal,Seca y limpia,Plano,Terraplen,Recta,Parcial con reducción de carriles,5,40,2,0,2.0,Choque,desobediencia a normas y senales,45A04_1_28,5.0,0.0
Planta Central,2020-08-24 20:34:00,62,700.0,2020-02-26 05:00:00,miercoles,0,Normal,Seca y limpia,Plano,Terraplen,Recta,Parcial con reducción de carriles,12,30,1,0,1.0,Atropello,condiciones de la via y factores ambientales,2512_2_62,12.0,0.0
Cundinamarca,2020-08-25 01:20:00,28,199.9,2020-01-31 05:00:00,viernes,25,Lluvia,Humeda,Plano,Terraplen,Recta,Parcial con paso alternado,16,25,1,0,1.0,Choque,adelantamientos indebidos,45A04_1_28,16.0,0.0
Cundinamarca,2020-08-25 01:30:00,28,199.9,2020-01-25 05:00:00,sabado,0,Normal,Seca y limpia,Plano,Terraplen,Recta,Parcial con paso alternado,21,0,0,0,0.0,Choque,fallas mecanicas y del sistema electrico,45A04_1_28,21.0,0.0
Planta Central,2020-08-24 19:19:00,74,820.0,2020-02-06 05:00:00,jueves,0,Normal,Seca y limpia,Ondulado,Media Ladera Derecha,Curva Izquierda,Transito normal con precaución,18,0,0,0,0.0,Choque,condiciones de la via y factores ambientales,2511_0_74,16.0,2.0
Planta Central,2020-08-24 19:50:00,7,480.0,2020-02-05 05:00:00,miercoles,30,Normal,Seca y limpia,Plano,Terraplen,Recta,Transito normal con precaución,13,33,0,0,0.0,Choque,condiciones de la via y factores ambientales,2512_1_7,13.0,0.0
Planta Central,2020-08-24 20:05:00,12,0.0,2020-08-24 05:00:00,lunes,20,Normal,Seca y limpia,Plano,Terraplen,Recta,Transito normal con precaución,16,40,0,0,0.0,Volcamiento,condiciones de la via y factores ambientales,2512_1_12,16.0,0.0
Cundinamarca,2020-08-25 03:53:00,23,800.0,2020-01-17 05:00:00,viernes,30,Normal,Seca y limpia,Plano,Terraplen,Recta,Transito normal con precaución,3,30,1,0,1.0,Choque,embriaguez o sustancias alucinogenas,5501_1_23,3.0,0.0
Cundinamarca,2020-08-25 04:03:00,24,890.0,2020-01-25 05:00:00,sabado,30,Normal,Seca y limpia,Plano,Terraplen,Recta,Parcial con paso alternado,20,30,0,1,1.0,Atropello,conducta de peatones,5501_1_24,20.0,0.0
Planta Central,2020-08-25 13:12:00,9,500.0,2020-07-17 05:00:00,viernes,0,Normal,Seca y limpia,Ondulado,Media ladera Izquierda,Recta,Cierre total,0,30,0,0,0.0,Choque,adelantamientos indebidos,45A06_0_9,12.0,12.0
Norte de Santander,2020-08-25 13:15:00,29,50.0,2020-07-02 05:00:00,jueves,30,Normal,Humeda,Ondulado,Cajón,Curva Izquierda,Parcial restringido a vehiculos pesados,1,15,0,0,0.0,Choque,desobediencia a normas y senales,5505_1_29,16.0,9.0
Planta Central,2020-08-25 13:26:00,52,500.0,2020-07-19 05:00:00,domingo,45,Normal,Otra,Ondulado,Media ladera Izquierda,Recta,Cierre total,1,15,0,1,1.0,Atropello,conducta de peatones,45A06_0_52,22.0,3.0
Norte de Santander,2020-08-25 13:25:00,3,140.0,2020-07-29 05:00:00,miercoles,30,Seca,Seca y limpia,Ondulado,Media ladera Izquierda,Curva Izquierda,Cierre total,1,30,0,0,0.0,Choque,otra - conductor en general,5505_1_3,7.0,18.0
Planta Central,2020-08-25 13:44:00,82,255.0,2020-07-31 05:00:00,viernes,45,Lluvia,Humeda,Ondulado,Terraplen,Curva Izquierda,Cierre total,3,10,0,1,2.0,Choque,condiciones de la via y factores ambientales,45A06_0_82,17.0,10.0
Planta Central,2020-08-25 13:53:00,90,400.0,2020-07-10 05:00:00,viernes,30,Seca,Seca y limpia,Montañoso,Terraplen,Curva Izquierda,Transito normal con precaución,5,30,0,0,0.0,Salida de la vía sin volcarse,maniobras imprudentes,45A06_0_90,13.0,16.0
Planta Central,2020-08-25 14:08:00,103,600.0,2020-07-22 05:00:00,miercoles,0,Seca,Seca y limpia,Ondulado,Terraplen,Recta,Cierre total,1,30,0,0,0.0,Incendio,fallas mecanicas y del sistema electrico,45A06_0_103,2.0,23.0
Planta Central,2020-08-25 14:21:00,124,600.0,2020-07-05 05:00:00,domingo,40,Sol,Seca y limpia,Ondulado,Media Ladera Derecha,Recta,Parcial con paso alternado,1,0,2,0,2.0,Choque,no mantener distancia de seguridad,45A06_0_124,11.0,14.0
Meta,2020-08-25 17:33:00,91,200.0,2020-03-14 05:00:00,sabado,30,Lluvia,Humeda,Montañoso,Media Ladera Derecha,Recta,Transito normal con precaución,21,30,0,0,0.0,Choque,condiciones de la via y factores ambientales,40MTA_0_91,21.0,0.0
Sucre,2020-08-26 05:44:00,82,999.0,2020-01-24 05:00:00,viernes,0,Normal,Seca y limpia,Plano,Terraplen,Recta,Parcial con paso alternado,18,0,0,1,1.0,Choque,otra - conductor en general,7404_0_82,18.0,0.0
Sucre,2020-08-26 05:44:00,22,200.0,2020-02-04 05:00:00,martes,0,Normal,Seca y limpia,Plano,Terraplen,Curva Izquierda,Parcial con paso alternado,11,30,1,0,2.0,Choque,otra - conductor en general,7404_0_22,11.0,0.0
Sucre,2020-08-26 06:09:00,51,635.0,2020-04-16 05:00:00,jueves,0,Normal,Seca y limpia,Plano,Terraplen,Curva Derecha,Parcial con paso alternado,13,0,3,1,4.0,Choque,otra - conductor en general,7404_0_51,12.0,1.0
Planta Central,2020-08-26 15:14:00,60,950.0,2020-07-08 05:00:00,miercoles,50,Sol,Seca y limpia,Plano,Media ladera Izquierda,Recta,Transito normal con precaución,11,50,0,0,0.0,Choque,otra - conductor en general,45A04_1_60,11.0,0.0
Planta Central,2020-08-26 15:27:00,55,800.0,2020-07-20 05:00:00,lunes,0,Sol,Seca y limpia,Plano,Cajón,Recta,Transito normal con precaución,12,0,1,0,1.0,Volcamiento,adelantamientos indebidos,45A04_1_55,12.0,0.0
Norte de Santander,2020-08-27 12:21:00,55,556.0,2020-07-13 05:00:00,lunes,15,Sol,Seca y limpia,Ondulado,Terraplen,Curva Izquierda,Parcial con reducción de carriles,17,0,0,1,1.0,Atropello,exceso de velocidad,7009_0_55,16.0,1.0
Norte de Santander,2020-08-27 12:43:00,1,359.0,2020-07-02 05:00:00,jueves,0,Sol,Seca y limpia,Plano,Media Ladera Derecha,Recta,Transito normal con precaución,18,0,1,0,1.0,Choque,fallas mecanicas y del sistema electrico,70NSA_0_1,16.0,2.0
Norte de Santander,2020-08-27 15:16:00,13,700.0,2020-07-15 05:00:00,miercoles,0,Normal,Seca y limpia,Plano,Terraplen,Curva Izquierda,Transito normal con precaución,0,20,0,0,0.0,Choque,otra - conductor en general,55NSA_2_13,20.0,4.0
Bolívar,2020-08-27 15:32:00,3,10.0,2020-06-06 05:00:00,sabado,30,Normal,Seca y limpia,Plano,Terraplen,Recta,Transito normal con precaución,0,0,1,0,1.0,Choque,desobediencia a normas y senales,7804_0_3,18.0,6.0
Planta Central,2020-08-27 22:17:00,74,300.0,2020-01-14 05:00:00,martes,45,Normal,Seca y limpia,Ondulado,Media ladera Izquierda,Curva Izquierda,Transito normal con precaución,22,0,0,0,0.0,Choque,condiciones de la via y factores ambientales,2510_1_74,21.0,1.0
Boyacá,2020-08-27 22:48:00,70,75.0,2020-07-12 05:00:00,domingo,40,Normal,Seca y limpia,Ondulado,Media Ladera Derecha,Curva Derecha,Cierre total,1,15,0,1,1.0,Choque,otra - conductor en general,6008_0_70,20.0,5.0
San Andres y Providencia,2020-08-27 14:47:00,20,0.0,2020-07-12 05:00:00,domingo,10,Normal,Seca y limpia,Plano,Terraplen,Recta,Transito normal con precaución,22,10,2,0,2.0,Choque,embriaguez o sustancias alucinogenas,0101_0_20,22.0,0.0
San Andres y Providencia,2020-08-27 14:47:00,26,700.0,2020-07-25 05:00:00,sabado,52,Normal,Seca y limpia,Plano,Terraplen,Recta,Transito normal con precaución,20,52,2,0,5.0,Atropello,embriaguez o sustancias alucinogenas,0101_0_26,20.0,0.0
San Andres y Providencia,2020-08-27 15:05:00,25,900.0,2020-07-19 05:00:00,domingo,30,Normal,Seca y limpia,Plano,Terraplen,Recta,Transito normal con precaución,9,30,1,0,1.0,Choque,conducta de peatones,0101_0_25,9.0,0.0
Norte de Santander,2020-08-27 15:19:00,14,950.0,2020-06-28 05:00:00,domingo,0,Normal,Seca y limpia,Plano,Terraplen,Curva Derecha,Transito normal con precaución,0,20,0,0,0.0,Choque,otra - conductor en general,55NSA_2_14,10.0,14.0
Bolívar,2020-08-27 15:38:00,4,60.0,2020-06-14 05:00:00,domingo,40,Normal,Seca y limpia,Plano,Terraplen,Recta,Transito normal con precaución,0,0,2,0,2.0,Atropello,embriaguez o sustancias alucinogenas,7804_0_4,18.0,6.0
Bolívar,2020-08-27 16:04:00,2,238.0,2020-06-23 05:00:00,martes,0,Normal,Seca y limpia,Plano,Terraplen,Recta,Transito normal con precaución,0,0,1,0,1.0,Choque,desobediencia a normas y senales,7804_0_2,19.0,5.0
Planta Central,2020-08-27 21:45:00,52,700.0,2020-01-16 05:00:00,jueves,0,Normal,Seca y limpia,Ondulado,Media ladera Izquierda,Curva Izquierda,Transito normal con precaución,23,15,0,0,0.0,Choque,condiciones de la via y factores ambientales,2510_1_52,23.0,0.0
Planta Central,2020-08-27 21:50:00,55,950.0,2020-01-16 05:00:00,jueves,30,Normal,Seca y limpia,Ondulado,Terraplen,Recta,Transito normal con precaución,15,20,0,0,0.0,Choque,desobediencia a normas y senales,2510_1_55,14.0,1.0
Planta Central,2020-08-27 21:57:00,61,800.0,2020-01-11 05:00:00,sabado,10,Niebla,Humeda,Plano,Terraplen,Recta,Transito normal con precaución,5,30,0,0,0.0,Choque,fallas mecanicas y del sistema electrico,2510_1_61,5.0,0.0
Córdoba,2020-08-27 22:03:00,11,230.0,2020-07-12 05:00:00,domingo,10,Normal,Seca y limpia,Plano,Terraplen,Curva Izquierda,Transito normal con precaución,0,0,0,0,0.0,Choque,maniobras imprudentes,2514_1_11,15.0,9.0
Córdoba,2020-08-27 22:07:00,36,150.0,2020-07-27 05:00:00,lunes,30,Normal,Seca y limpia,Plano,Terraplen,Recta,Transito normal con precaución,0,0,1,0,1.0,Volcamiento,maniobras imprudentes,2514_1_36,15.0,9.0
Córdoba,2020-08-27 22:11:00,46,800.0,2020-07-30 05:00:00,jueves,40,Normal,Seca y limpia,Ondulado,Terraplen,Curva Derecha,Transito normal con precaución,2,0,0,0,1.0,Choque,maniobras imprudentes,2514_1_46,17.0,9.0
Planta Central,2020-08-27 22:07:00,72,900.0,2020-01-06 05:00:00,lunes,20,Lluvia,Humeda,Montañoso,Media ladera Izquierda,Recta,Transito normal con precaución,11,30,0,0,0.0,Choque,maniobras imprudentes,2510_1_72,11.0,0.0
Córdoba,2020-08-27 22:15:00,48,400.0,2020-07-15 05:00:00,miercoles,10,Normal,Seca y limpia,Plano,Terraplen,Recta,Parcial con reducción de carriles,3,0,0,0,0.0,Volcamiento,fallas mecanicas y del sistema electrico,2514_1_48,13.0,14.0
Boyacá,2020-08-27 22:59:00,70,10.0,2020-07-25 05:00:00,sabado,48,Normal,Seca y limpia,Ondulado,Media Ladera Derecha,Curva Derecha,Transito normal con precaución,0,0,2,0,2.0,Salida de la vía sin volcarse,otra - conductor en general,6008_0_70,7.0,17.0
Boyacá,2020-08-27 23:17:00,38,360.0,2020-07-17 05:00:00,viernes,30,Normal,Seca y limpia,Ondulado,Terraplen,Recta,Parcial con paso alternado,1,20,2,0,2.0,Choque,otra - conductor en general,6008_0_38,19.0,6.0
Planta Central,2020-08-28 13:47:00,83,100.0,2020-01-04 05:00:00,sabado,35,Niebla,Humeda,Ondulado,Terraplen,Recta,Parcial con reducción de carriles,20,30,0,1,1.0,Choque,adelantamientos indebidos,2510_1_83,19.0,1.0
Planta Central,2020-08-28 14:08:00,31,700.0,2020-01-19 05:00:00,domingo,30,Normal,Seca y limpia,Plano,Terraplen,Recta,Transito normal con precaución,6,0,0,0,0.0,Choque,estacionamiento y senalizacion imprudente,2511_0_31,1.0,5.0
Planta Central,2020-08-28 14:30:00,55,0.0,2020-01-07 05:00:00,martes,50,Lluvia,Humeda,Plano,Media ladera Izquierda,Recta,Transito normal con precaución,11,30,0,0,0.0,Choque,imprudencia del conductor,2511_0_55,9.0,2.0
Planta Central,2020-08-28 14:40:00,55,500.0,2020-01-07 05:00:00,martes,40,Normal,Seca y limpia,Ondulado,Media ladera Izquierda,Recta,Transito normal con precaución,22,40,0,0,0.0,Choque,fallas mecanicas y del sistema electrico,2511_0_55,21.0,1.0
Planta Central,2020-08-28 14:48:00,62,900.0,2020-01-18 05:00:00,sabado,20,Normal,Seca y limpia,Montañoso,Media ladera Izquierda,Curva Derecha,Transito normal con precaución,20,10,0,0,0.0,Choque,condiciones de la via y factores ambientales,2511_0_62,19.0,1.0
Tolima,2020-08-28 15:13:00,24,350.0,2020-08-26 05:00:00,miercoles,0,Lluvia,Humeda,Montañoso,Media Ladera Derecha,Curva Derecha,Parcial restringido a vehiculos pesados,13,0,0,0,0.0,Volcamiento,condiciones de la via y factores ambientales,5007_1_24,13.0,0.0
Planta Central,2020-08-28 15:31:00,35,550.0,2020-07-02 05:00:00,jueves,15,Lluvia,Humeda,Plano,Terraplen,Recta,Transito normal con precaución,5,30,0,0,0.0,Choque,condiciones de la via y factores ambientales,4514_2_35,5.0,0.0
Planta Central,2020-08-28 15:38:00,27,328.0,2020-07-08 05:00:00,miercoles,50,Sol,Seca y limpia,Ondulado,Terraplen,Recta,Transito normal con precaución,6,30,0,0,0.0,Choque,desobediencia a normas y senales,4514_2_27,5.0,1.0
Planta Central,2020-08-28 16:30:00,26,400.0,2020-07-19 05:00:00,domingo,0,Sol,Seca y limpia,Plano,Terraplen,Recta,Transito normal con precaución,23,30,0,1,1.0,Choque,desobediencia a normas y senales,4514_2_26,23.0,0.0
Planta Central,2020-08-28 14:57:00,63,600.0,2020-01-13 05:00:00,lunes,0,Normal,Seca y limpia,Montañoso,Media Ladera Derecha,Curva Derecha,Parcial con reducción de carriles,9,30,2,0,2.0,Choque,condiciones de la via y factores ambientales,2511_0_63,18.0,15.0
Putumayo,2020-08-28 16:47:00,4,160.0,2020-07-02 05:00:00,jueves,0,Normal,Seca y limpia,Plano,Terraplen,Curva Derecha,Parcial con paso alternado,10,0,0,0,2.0,Atropello,embriaguez o sustancias alucinogenas,4501_1_4,19.0,15.0
Planta Central,2020-08-28 19:12:00,64,100.0,2020-08-28 05:00:00,viernes,10,Normal,Seca y limpia,Montañoso,Media Ladera Derecha,Curva Derecha,Transito normal con precaución,11,20,0,0,0.0,Choque,condiciones de la via y factores ambientales,2511_0_64,17.0,18.0
Boyacá,2020-08-28 19:22:00,7,120.0,2020-07-07 05:00:00,martes,30,Normal,Seca y limpia,Escarpado,Media Ladera Derecha,Curva Izquierda,Transito normal con precaución,14,30,0,0,0.0,Volcamiento,exceso de velocidad,6211_1_7,14.0,0.0
Boyacá,2020-08-28 19:22:00,4,835.0,2020-07-11 05:00:00,sabado,40,Lluvia,Humeda,Ondulado,Media ladera Izquierda,Curva Izquierda,Transito normal con precaución,12,40,0,0,0.0,Choque,condiciones de la via y factores ambientales,5503_1_4,12.0,0.0
Boyacá,2020-08-28 19:22:00,11,280.0,2020-07-15 05:00:00,miercoles,20,Lluvia,Humeda,Plano,Terraplen,Recta,Transito normal con precaución,16,20,1,0,3.0,Choque,condiciones de la via y factores ambientales,5503_1_11,16.0,0.0
Boyacá,2020-08-28 19:22:00,57,600.0,2020-07-22 05:00:00,miercoles,0,Normal,Seca y limpia,Plano,Media ladera Izquierda,Recta,Transito normal con precaución,18,0,0,0,3.0,Volcamiento,exceso de velocidad,5503_1_57,18.0,0.0
Planta Central,2020-08-28 13:58:00,0,800.0,2020-01-21 05:00:00,martes,30,Normal,Seca y limpia,Plano,Terraplen,Recta,Transito normal con precaución,19,10,0,0,0.0,Choque,no mantener distancia de seguridad,2511_0_0,18.0,1.0
Planta Central,2020-08-28 14:03:00,29,0.0,2020-01-21 05:00:00,martes,40,Lluvia,Humeda,Plano,Terraplen,Recta,Transito normal con precaución,15,50,0,0,0.0,Volcamiento,condiciones de la via y factores ambientales,2511_0_29,17.0,22.0
Planta Central,2020-08-28 14:12:00,41,750.0,2020-01-15 05:00:00,miercoles,30,Niebla,Humeda,Montañoso,Media ladera Izquierda,Curva Izquierda,Transito normal con precaución,23,0,0,0,0.0,Volcamiento,condiciones de la via y factores ambientales,2511_0_41,22.0,1.0
Planta Central,2020-08-28 14:17:00,45,670.0,2020-01-16 05:00:00,jueves,10,Lluvia,Humeda,Ondulado,Media ladera Izquierda,Recta,Parcial con reducción de carriles,10,0,3,0,3.0,Choque,fallas mecanicas y del sistema electrico,2511_0_45,9.0,1.0
Planta Central,2020-08-31 16:47:00,49,700.0,2020-08-20 05:00:00,jueves,15,Seca,Seca y limpia,Plano,Terraplen,Recta,Parcial con reducción de carriles,1,15,0,0,0.0,Choque,otra - conductor en general,4003_1_49,22.0,3.0
Planta Central,2020-08-28 14:22:00,51,400.0,2020-01-08 05:00:00,miercoles,20,Normal,Seca y limpia,Montañoso,Media ladera Izquierda,Curva Izquierda,Transito normal con precaución,13,40,0,0,0.0,Choque,fallas mecanicas y del sistema electrico,2511_0_51,13.0,0.0
Planta Central,2020-08-28 15:55:00,41,500.0,2020-07-11 05:00:00,sabado,0,Sol,Seca y limpia,Plano,Terraplen,Recta,Transito normal con precaución,4,35,0,0,0.0,Choque,condiciones de la via y factores ambientales,4514_1_41,4.0,0.0
Planta Central,2020-08-28 16:11:00,99,200.0,2020-07-12 05:00:00,domingo,0,Sol,Seca y limpia,Plano,Terraplen,Curva Izquierda,Transito normal con precaución,13,5,0,0,0.0,Choque,desobediencia a normas y senales,4514_1_99,13.0,0.0
Planta Central,2020-08-28 16:19:00,63,500.0,2020-07-14 05:00:00,martes,20,Sol,Seca y limpia,Plano,Terraplen,Recta,Transito normal con precaución,22,25,0,1,2.0,Choque,no mantener distancia de seguridad,4514_1_63,22.0,0.0
Planta Central,2020-08-28 16:41:00,65,300.0,2020-07-19 05:00:00,domingo,50,Sol,Seca y limpia,Plano,Terraplen,Recta,Transito normal con precaución,5,20,0,1,1.0,Atropello,conducta de peatones,4514_2_65,4.0,1.0
Boyacá,2020-08-28 19:22:00,110,540.0,2020-07-10 05:00:00,viernes,0,Normal,Seca y limpia,Ondulado,Media ladera Izquierda,Curva Izquierda,Transito normal con precaución,1,0,2,0,2.0,Salida de la vía sin volcarse,exceso de velocidad,5503_1_110,1.0,0.0
Boyacá,2020-08-28 19:22:00,34,730.0,2020-07-11 05:00:00,sabado,30,Lluvia,Humeda,Montañoso,Media Ladera Derecha,Curva Derecha,Transito normal con precaución,12,30,0,0,2.0,Choque,exceso de velocidad,5503_1_34,12.0,0.0
Planta Central,2020-08-28 19:29:00,66,0.0,2020-01-29 05:00:00,miercoles,10,Normal,Seca y limpia,Ondulado,Terraplen,Recta,Transito normal con precaución,7,25,0,0,0.0,Choque,condiciones de la via y factores ambientales,2511_0_66,7.0,0.0
Boyacá,2020-08-28 19:22:00,9,800.0,2020-07-11 05:00:00,sabado,0,Normal,Seca y limpia,Montañoso,Terraplen,Curva Izquierda,Transito normal con precaución,16,0,0,0,2.0,Choque,desobediencia a normas y senales,5503_1_9,16.0,0.0
Boyacá,2020-08-28 19:22:00,115,230.0,2020-07-16 05:00:00,jueves,0,Normal,Seca y limpia,Ondulado,Media ladera Izquierda,Curva Izquierda,Transito normal con precaución,15,0,0,0,3.0,Volcamiento,fallas mecanicas y del sistema electrico,5503_1_115,15.0,0.0
Boyacá,2020-08-28 19:22:00,98,650.0,2020-07-23 05:00:00,jueves,30,Normal,Seca y limpia,Plano,Media ladera Izquierda,Curva Izquierda,Transito normal con precaución,11,30,1,0,4.0,Choque,no mantener distancia de seguridad,5503_1_98,11.0,0.0
Planta Central,2020-08-29 15:49:00,22,0.0,2020-07-23 05:00:00,jueves,30,Normal,Seca y limpia,Plano,Terraplen,Recta,Transito normal con precaución,0,45,0,0,0.0,Incendio,fallas mecanicas y del sistema electrico,4515_2_22,0.0,0.0
Putumayo,2020-08-28 19:50:00,24,400.0,2020-07-13 05:00:00,lunes,45,Normal,Seca y limpia,Ondulado,Terraplen,Curva Derecha,Parcial con paso alternado,7,45,1,0,1.0,Choque,exceso de velocidad,4501_1_24,7.0,0.0
Boyacá,2020-08-28 19:22:00,17,700.0,2020-07-26 05:00:00,domingo,15,Normal,Seca y limpia,Ondulado,Media ladera Izquierda,Recta,Transito normal con precaución,12,15,0,0,4.0,Salida de la vía sin volcarse,impericia en el manejo,5503_1_17,12.0,0.0
Putumayo,2020-08-28 20:17:00,7,660.0,2020-07-15 05:00:00,miercoles,30,Normal,Humeda,Ondulado,Media ladera Izquierda,Curva Derecha,Parcial con paso alternado,15,30,1,0,2.0,Choque,embriaguez o sustancias alucinogenas,4501_1_7,15.0,0.0
Boyacá,2020-08-28 19:22:00,116,110.0,2020-07-27 05:00:00,lunes,10,Normal,Seca y limpia,Plano,Media ladera Izquierda,Recta,Transito normal con precaución,7,10,0,0,4.0,Incendio,fallas mecanicas y del sistema electrico,5503_1_116,7.0,0.0
Putumayo,2020-08-28 20:39:00,29,790.0,2020-07-24 05:00:00,viernes,0,Normal,Seca y limpia,Ondulado,Terraplen,Recta,Parcial con paso alternado,19,0,2,0,2.0,Choque,impericia en el manejo,4501_1_29,19.0,0.0
Boyacá,2020-08-28 19:22:00,20,720.0,2020-07-29 05:00:00,miercoles,0,Normal,Seca y limpia,Plano,Terraplen,Curva Izquierda,Transito normal con precaución,3,0,0,0,4.0,Volcamiento,exceso en horas de conduccion,5503_1_20,3.0,0.0
Planta Central,2020-08-28 20:55:00,66,400.0,2020-01-03 05:00:00,viernes,0,Normal,Seca y limpia,Montañoso,Media ladera Izquierda,Recta,Transito normal con precaución,7,35,0,0,0.0,Choque,no mantener distancia de seguridad,2511_0_66,9.0,22.0
Planta Central,2020-08-28 21:10:00,70,300.0,2020-01-03 05:00:00,viernes,20,Normal,Seca y limpia,Montañoso,Media ladera Izquierda,Recta,Parcial con reducción de carriles,4,15,1,0,1.0,Atropello,conducta de peatones,2511_0_70,6.0,22.0
Planta Central,2020-08-28 21:19:00,76,90.0,2020-02-19 05:00:00,miercoles,0,Normal,Seca y limpia,Ondulado,Media ladera Izquierda,Curva Izquierda,Transito normal con precaución,12,18,0,0,0.0,Choque,maniobras imprudentes,2511_0_76,19.0,17.0
Planta Central,2020-08-28 21:26:00,76,75.0,2020-01-18 05:00:00,sabado,50,Normal,Seca y limpia,Ondulado,Media ladera Izquierda,Curva Izquierda,Transito normal con precaución,12,30,0,0,0.0,Volcamiento,condiciones de la via y factores ambientales,2511_0_76,11.0,1.0
Planta Central,2020-08-28 21:37:00,78,890.0,2020-01-19 05:00:00,domingo,0,Normal,Seca y limpia,Montañoso,Media ladera Izquierda,Curva Derecha,Transito normal con precaución,16,20,0,0,0.0,Choque,condiciones de la via y factores ambientales,2511_0_78,15.0,1.0
Planta Central,2020-08-29 14:41:00,74,0.0,2020-07-19 05:00:00,domingo,30,Sol,Seca y limpia,Montañoso,Cajón,Curva Izquierda,Transito normal con precaución,4,45,0,0,0.0,Volcamiento,maniobras imprudentes,4514_2_74,4.0,0.0
Planta Central,2020-08-29 15:34:00,72,800.0,2020-07-11 05:00:00,sabado,30,Normal,Seca y limpia,Plano,Terraplen,Recta,Transito normal con precaución,6,0,0,0,0.0,Choque,condiciones de la via y factores ambientales,4515_1_72,5.0,1.0
Planta Central,2020-08-29 16:33:00,6,200.0,2020-07-07 05:00:00,martes,0,Lluvia,Humeda,Plano,Terraplen,Recta,Transito normal con precaución,13,0,0,0,0.0,Volcamiento,fallas mecanicas y del sistema electrico,45A05_1_6,13.0,0.0
Planta Central,2020-08-29 16:44:00,6,200.0,2020-07-07 05:00:00,martes,0,Lluvia,Humeda,Plano,Terraplen,Recta,Transito normal con precaución,13,0,0,0,0.0,Volcamiento,fallas mecanicas y del sistema electrico,45A05_1_6,13.0,0.0