territorial,fecha_registro,pr,distancia_pr,fecha_acc,dia_semana_acc,min_acc,condic_meteor,estado_super,terreno,secc_tip,geometria_acc,tipo_cierre,horas_cierre,min_cierre,n_heridos,n_muertos,n_victimas,clase_accidente,causa_posible,ref_loc,hora_acc,duracion_cierre_horas
Planta Central,2020-08-29 19:12:00,38,800.0,2020-07-25 05:00:00,sabado,30,Lluvia,Humeda,Plano,Terraplen,Recta,Transito normal con precaución,1,50,0,0,0.0,Choque,otra - conductor en general,4515_1_38,23.0,2.0
Planta Central,2020-08-29 19:22:00,78,850.0,2020-07-29 05:00:00,miercoles,10,Normal,Seca y limpia,Plano,Terraplen,Recta,Transito normal con precaución,12,20,0,0,0.0,Choque,no mantener distancia de seguridad,4515_1_78,12.0,0.0
Planta Central,2020-08-29 14:48:00,11,500.0,2020-07-23 05:00:00,jueves,30,Sol,Seca y limpia,Ondulado,Terraplen,Recta,Transito normal con precaución,10,40,0,0,0.0,Choque,maniobras imprudentes,4514_1_11,10.0,0.0
Planta Central,2020-08-29 15:05:00,85,0.0,2020-07-07 05:00:00,martes,0,Lluvia,Humeda,Plano,Terraplen,Recta,Transito normal con precaución,4,25,0,0,0.0,Volcamiento,condiciones de la via y factores ambientales,4515_1_85,4.0,0.0
Planta Central,2020-08-29 15:22:00,32,769.0,2020-07-08 05:00:00,miercoles,10,Normal,Seca y limpia,Plano,Terraplen,Recta,Transito normal con precaución,11,55,0,0,0.0,Choque,estacionamiento y senalizacion imprudente,4515_1_32,11.0,0.0
Planta Central,2020-08-29 16:27:00,52,300.0,2020-07-05 05:00:00,domingo,0,Seca,Seca y limpia,Plano,Terraplen,Recta,Transito normal con precaución,20,0,0,0,0.0,Choque,otra - conductor en general,45A05_2_52,20.0,0.0
Planta Central,2020-08-29 16:50:00,34,50.0,2020-07-13 05:00:00,lunes,30,Normal,Seca y limpia,Plano,Terraplen,Recta,Transito normal con precaución,11,30,0,0,0.0,Choque,otra - conductor en general,45A05_1_34,11.0,0.0
Planta Central,2020-08-29 16:57:00,61,500.0,2020-07-22 05:00:00,miercoles,0,Seca,Seca y limpia,Ondulado,Cajón,Recta,Transito normal con precaución,14,0,0,0,0.0,Volcamiento,fallas mecanicas y del sistema electrico,45A05_1_61,14.0,0.0
Planta Central,2020-08-29 17:09:00,76,500.0,2020-07-26 05:00:00,domingo,0,Seca,Seca y limpia,Montañoso,Media ladera Izquierda,Curva Derecha,Transito normal con precaución,19,0,0,0,0.0,Salida de la vía sin volcarse,fallas mecanicas y del sistema electrico,45A05_1_76,19.0,0.0
Boyacá,2020-08-30 18:16:00,44,940.0,2020-07-01 05:00:00,miercoles,0,Normal,Seca y limpia,Montañoso,Terraplen,Curva Izquierda,Transito normal con precaución,0,35,0,0,0.0,Volcamiento,impericia en el manejo,6209_0_44,16.0,8.0
Boyacá,2020-08-30 18:20:00,61,500.0,2020-07-03 05:00:00,viernes,40,Sol,Seca y limpia,Montañoso,Terraplen,Recta,Transito normal con precaución,0,0,1,0,1.0,Choque,otra - conductor en general,6209_0_61,9.0,15.0
Boyacá,2020-08-30 18:37:00,47,200.0,2020-07-05 05:00:00,domingo,0,Normal,Seca y limpia,Ondulado,Media ladera Izquierda,Curva Izquierda,Transito normal con precaución,0,0,0,0,0.0,Volcamiento,embriaguez o sustancias alucinogenas,6007_0_47,23.0,1.0
Boyacá,2020-08-30 19:06:00,8,700.0,2020-07-10 05:00:00,viernes,30,Normal,Humeda,Ondulado,Media ladera Izquierda,Recta,Transito normal con precaución,0,0,1,0,1.0,Choque,no mantener distancia de seguridad,6209_0_8,16.0,8.0
Boyacá,2020-08-30 19:09:00,44,150.0,2020-07-17 05:00:00,viernes,50,Normal,Seca y limpia,Plano,Terraplen,Recta,Transito normal con precaución,0,0,0,0,0.0,Choque,impericia en el manejo,6209_0_44,7.0,17.0
Cauca,2020-08-30 22:39:00,75,650.0,2020-08-29 05:00:00,sabado,0,Sol,Seca y limpia,Montañoso,Media Ladera Derecha,Curva Izquierda,Transito normal con precaución,0,0,4,0,4.0,Choque,exceso de velocidad,2602_0_75,7.0,17.0
Boyacá,2020-08-30 18:30:00,35,900.0,2020-07-04 05:00:00,sabado,0,Normal,Seca y limpia,Ondulado,Terraplen,Recta,Transito normal con precaución,0,0,0,0,0.0,Choque,no mantener distancia de seguridad,6209_0_35,7.0,17.0
Planta Central,2020-08-31 14:03:00,16,410.0,2020-08-01 05:00:00,sabado,40,Seca,Seca y limpia,Montañoso,Media ladera Izquierda,Curva Izquierda,Transito normal con precaución,0,0,1,0,1.0,Volcamiento,otra - conductor en general,4003_1_16,10.0,14.0
Planta Central,2020-08-31 14:30:00,5,410.0,2020-08-02 05:00:00,domingo,0,Seca,Seca y limpia,Montañoso,Terraplen,Recta,Transito normal con precaución,0,0,1,0,1.0,Volcamiento,otra - conductor en general,4003_1_5,10.0,14.0
Planta Central,2020-08-31 14:47:00,49,450.0,2020-08-03 05:00:00,lunes,43,Seca,Seca y limpia,Ondulado,Terraplen,Recta,Parcial con reducción de carriles,0,15,1,0,1.0,Choque,otra - conductor en general,4003_1_49,12.0,12.0
Planta Central,2020-08-31 15:15:00,10,800.0,2020-08-05 05:00:00,miercoles,30,Normal,Seca y limpia,Montañoso,Media ladera Izquierda,Recta,Parcial con reducción de carriles,1,0,0,0,0.0,Choque,no mantener distancia de seguridad,4003_1_10,19.0,6.0
Planta Central,2020-08-31 15:32:00,47,220.0,2020-08-12 05:00:00,miercoles,50,Seca,Seca y limpia,Montañoso,Media Ladera Derecha,Recta,Parcial con reducción de carriles,1,40,0,0,0.0,Volcamiento,otra - conductor en general,4003_1_47,11.0,14.0
Planta Central,2020-08-31 15:49:00,22,200.0,2020-08-16 05:00:00,domingo,30,Lluvia,Humeda,Montañoso,Media Ladera Derecha,Curva Derecha,Transito normal con precaución,0,0,1,0,1.0,Choque,otra - conductor en general,4003_1_22,12.0,12.0
Planta Central,2020-08-31 16:28:00,22,900.0,2020-08-18 05:00:00,martes,20,Lluvia,Humeda,Montañoso,Media Ladera Derecha,Curva Derecha,Parcial con reducción de carriles,1,0,0,0,0.0,Choque,condiciones de la via y factores ambientales,4003_1_22,16.0,9.0
Planta Central,2020-08-31 16:34:00,18,600.0,2020-08-20 05:00:00,jueves,0,Lluvia,Humeda,Montañoso,Media Ladera Derecha,Curva Izquierda,Transito normal con precaución,0,0,0,0,0.0,Volcamiento,otra - conductor en general,4003_1_18,21.0,3.0
Planta Central,2020-08-31 16:52:00,16,600.0,2020-08-22 05:00:00,sabado,35,Normal,Seca y limpia,Montañoso,Media Ladera Derecha,Curva Derecha,Transito normal con precaución,0,0,0,0,0.0,Choque,no mantener distancia de seguridad,4003_1_16,16.0,8.0
Planta Central,2020-08-31 17:13:00,21,500.0,2020-08-23 05:00:00,domingo,0,Lluvia,Humeda,Montañoso,Media Ladera Derecha,Curva Izquierda,Transito normal con precaución,0,0,1,0,1.0,Volcamiento,otra - conductor en general,4003_1_21,11.0,13.0
Planta Central,2020-08-31 17:18:00,7,0.0,2020-08-23 05:00:00,domingo,20,Seca,Seca y limpia,Montañoso,Media Ladera Derecha,Recta,Transito normal con precaución,19,20,1,0,1.0,Volcamiento,otra - conductor en general,4003_1_7,19.0,0.0
Planta Central,2020-08-31 17:22:00,6,0.0,2020-08-23 05:00:00,domingo,50,Seca,Seca y limpia,Montañoso,Media Ladera Derecha,Recta,Transito normal con precaución,0,0,2,0,2.0,Volcamiento,otra - conductor en general,4003_1_6,18.0,6.0
Planta Central,2020-08-31 17:25:00,16,600.0,2020-08-25 05:00:00,martes,40,Seca,Seca y limpia,Montañoso,Media Ladera Derecha,Curva Derecha,Transito normal con precaución,0,0,1,0,1.0,Choque,otra - conductor en general,4003_1_16,19.0,5.0
Planta Central,2020-08-31 17:30:00,25,300.0,2020-08-26 05:00:00,miercoles,15,Normal,Seca y limpia,Montañoso,Media Ladera Derecha,Curva Izquierda,Transito normal con precaución,0,0,0,0,0.0,Choque,otra - conductor en general,4003_1_25,20.0,4.0
Planta Central,2020-08-31 17:35:00,10,920.0,2020-08-26 05:00:00,miercoles,30,Seca,Seca y limpia,Montañoso,Media ladera Izquierda,Curva Izquierda,Parcial con reducción de carriles,1,0,0,0,0.0,Choque,otra - conductor en general,4003_1_10,15.0,10.0
Planta Central,2020-08-31 17:39:00,5,200.0,2020-08-28 05:00:00,viernes,0,Seca,Seca y limpia,Montañoso,Terraplen,Recta,Cierre total,0,30,1,0,1.0,Choque,otra - conductor en general,4003_1_5,10.0,14.0
Planta Central,2020-08-31 20:54:00,23,500.0,2020-07-02 05:00:00,jueves,25,Normal,Seca y limpia,Montañoso,Media ladera Izquierda,Recta,Parcial con paso alternado,0,30,0,0,0.0,Choque,imprudencia del conductor,45A08_1_23,19.0,5.0
Planta Central,2020-08-31 14:52:00,11,0.0,2020-08-04 05:00:00,martes,20,Normal,Seca y limpia,Montañoso,Media ladera Izquierda,Curva Izquierda,Transito normal con precaución,0,0,0,0,1.0,Atropello,otra - conductor en general,4003_1_11,12.0,12.0
Planta Central,2020-08-31 15:08:00,9,30.0,2020-08-05 05:00:00,miercoles,0,Seca,Seca y limpia,Montañoso,Media ladera Izquierda,Curva Derecha,Parcial con reducción de carriles,1,0,0,0,0.0,Choque,no mantener distancia de seguridad,4003_1_9,8.0,17.0
Planta Central,2020-08-31 15:20:00,24,560.0,2020-08-06 05:00:00,jueves,0,Normal,Seca y limpia,Montañoso,Media Ladera Derecha,Curva Derecha,Cierre total,1,0,0,0,0.0,Choque,adelantamientos indebidos,4003_1_24,12.0,13.0
Planta Central,2020-08-31 16:20:00,18,510.0,2020-08-16 05:00:00,domingo,0,Seca,Seca y limpia,Montañoso,Media Ladera Derecha,Curva Derecha,Parcial con reducción de carriles,0,40,0,0,0.0,Salida de la vía sin volcarse,otra - conductor en general,4003_1_18,10.0,14.0
Planta Central,2020-08-31 17:00:00,35,400.0,2020-08-22 05:00:00,sabado,40,Seca,Seca y limpia,Montañoso,Media ladera Izquierda,Curva Izquierda,Parcial con reducción de carriles,1,40,0,0,0.0,Choque,otra - conductor en general,4003_1_35,4.0,21.0
Planta Central,2020-08-31 17:07:00,42,150.0,2020-08-23 05:00:00,domingo,50,Seca,Seca y limpia,Montañoso,Media Ladera Derecha,Curva Derecha,Parcial con reducción de carriles,3,40,1,0,1.0,Volcamiento,otra - conductor en general,4003_1_42,7.0,20.0
Planta Central,2020-08-31 17:44:00,11,600.0,2020-08-31 05:00:00,lunes,45,Seca,Seca y limpia,Montañoso,Media ladera Izquierda,Curva Izquierda,Parcial con reducción de carriles,2,25,0,0,0.0,Volcamiento,otra - conductor en general,4003_1_11,8.0,18.0
Planta Central,2020-08-31 20:16:00,59,100.0,2020-07-01 05:00:00,miercoles,0,Normal,Seca y limpia,Montañoso,Media Ladera Derecha,Curva Izquierda,Cierre total,0,40,0,0,0.0,Choque,adelantamientos indebidos,45A08_1_59,14.0,10.0
Planta Central,2020-08-31 21:18:00,58,118.0,2020-07-03 05:00:00,viernes,45,Normal,Seca y limpia,Montañoso,Media Ladera Derecha,Curva Izquierda,Parcial restringido a vehiculos pesados,1,30,0,1,3.0,Choque,adelantamientos indebidos,45A08_1_58,18.0,7.0
Planta Central,2020-08-31 21:22:00,73,300.0,2020-07-05 05:00:00,domingo,45,Normal,Seca y limpia,Ondulado,Media ladera Izquierda,Recta,Parcial con paso alternado,0,40,0,0,0.0,Choque,no mantener distancia de seguridad,45A08_1_73,11.0,13.0
Planta Central,2020-08-31 21:27:00,42,525.0,2020-07-08 05:00:00,miercoles,30,Lluvia,Humeda,Ondulado,Media ladera Izquierda,Curva Izquierda,Parcial con paso alternado,0,20,0,0,0.0,Volcamiento,condiciones de la via y factores ambientales,45A08_1_42,2.0,22.0
Planta Central,2020-08-31 21:33:00,21,290.0,2020-07-17 05:00:00,viernes,30,Normal,Seca y limpia,Montañoso,Media ladera Izquierda,Curva Izquierda,Parcial con paso alternado,1,0,0,0,2.0,Choque,adelantamientos indebidos,45A08_1_21,11.0,14.0
Bolívar,2020-08-31 21:36:00,2,644.0,2020-07-28 05:00:00,martes,40,Normal,Seca y limpia,Plano,Terraplen,Recta,Transito normal con precaución,0,0,2,0,3.0,Choque,adelantamientos indebidos,7804_0_2,12.0,12.0
Bolívar,2020-08-31 21:42:00,3,430.0,2020-07-15 05:00:00,miercoles,30,Normal,Seca y limpia,Plano,Terraplen,Recta,Transito normal con precaución,0,0,1,0,2.0,Choque,embriaguez o sustancias alucinogenas,7804_0_3,21.0,3.0
Planta Central,2020-08-31 21:46:00,38,913.0,2020-07-17 05:00:00,viernes,0,Normal,Seca y limpia,Ondulado,Cajón,Recta,Parcial con paso alternado,0,20,0,0,0.0,Choque,condiciones de la via y factores ambientales,45A08_1_38,5.0,19.0
Planta Central,2020-08-31 21:55:00,71,492.0,2020-07-18 05:00:00,sabado,30,Normal,Seca y limpia,Montañoso,Media ladera Izquierda,Curva Izquierda,Cierre total,0,20,0,0,0.0,Choque,adelantamientos indebidos,45A08_1_71,21.0,3.0
Planta Central,2020-08-31 22:07:00,38,70.0,2020-07-25 05:00:00,sabado,20,Lluvia,Humeda,Ondulado,Cajón,Curva Izquierda,Transito normal con precaución,0,0,0,0,0.0,Choque,condiciones de la via y factores ambientales,45A08_1_38,7.0,17.0
Casanare,2020-09-01 15:14:00,33,700.0,2020-07-07 05:00:00,martes,0,Normal,Seca y limpia,Plano,Terraplen,Recta,Transito normal con precaución,0,0,1,0,1.0,Choque,maniobras imprudentes,6513_0_33,21.0,3.0
Casanare,2020-09-01 15:32:00,16,800.0,2020-07-10 05:00:00,viernes,40,Normal,Seca y limpia,Plano,Terraplen,Recta,Transito normal con precaución,0,0,0,0,0.0,Choque,maniobras imprudentes,6513_0_16,8.0,16.0
Casanare,2020-09-01 15:45:00,18,500.0,2020-07-29 05:00:00,miercoles,30,Normal,Seca y limpia,Plano,Terraplen,Recta,Transito normal con precaución,0,0,0,0,0.0,Choque,exceso en horas de conduccion,6513_0_18,20.0,4.0
Risaralda,2020-09-02 01:45:00,57,590.0,2020-07-31 05:00:00,viernes,30,Normal,Seca y limpia,Montañoso,Media Ladera Derecha,Curva Derecha,Transito normal con precaución,9,30,0,0,0.0,Choque,impericia en el manejo,5003_0_57,9.0,0.0
Nariño,2020-09-01 20:21:00,47,300.0,2020-07-01 05:00:00,miercoles,30,Normal,Seca y limpia,Ondulado,Cajón,Curva Derecha,Transito normal con precaución,4,30,0,0,0.0,Volcamiento,maniobras imprudentes,1002_1_47,4.0,0.0
Nariño,2020-09-01 20:26:00,28,100.0,2020-07-27 05:00:00,lunes,15,Normal,Seca y limpia,Ondulado,Media ladera Izquierda,Recta,Transito normal con precaución,8,15,0,0,0.0,Choque,no mantener distancia de seguridad,1002_1_28,8.0,0.0
Planta Central,2020-09-01 17:13:00,22,150.0,2020-09-03 05:00:00,jueves,0,Normal,Seca y limpia,Montañoso,Media Ladera Derecha,Curva Izquierda,Parcial con paso alternado,2,0,0,0,0.0,Volcamiento,fallas mecanicas y del sistema electrico,45A07_1_22,15.0,11.0
Risaralda,2020-09-02 01:52:00,57,590.0,2020-07-31 05:00:00,viernes,30,Normal,Seca y limpia,Montañoso,Media Ladera Derecha,Curva Derecha,Transito normal con precaución,9,30,0,0,0.0,Choque,impericia en el manejo,5003_0_57,9.0,0.0
Cauca,2020-09-02 13:27:00,34,450.0,2020-07-15 05:00:00,miercoles,30,Sol,Seca y limpia,Montañoso,Media Ladera Derecha,Curva Izquierda,Transito normal con precaución,11,30,1,0,1.0,Salida de la vía sin volcarse,fallas mecanicas y del sistema electrico,2002_1_34,11.0,0.0
Planta Central,2020-09-02 14:43:00,70,300.0,2020-01-03 05:00:00,viernes,15,Normal,Seca y limpia,Montañoso,Media ladera Izquierda,Recta,Parcial con reducción de carriles,6,30,1,0,1.0,Atropello,maniobras imprudentes,2511_0_70,4.0,2.0
Nariño,2020-09-02 14:48:00,62,45.0,2020-07-09 05:00:00,jueves,35,Normal,Seca y limpia,Montañoso,Media Ladera Derecha,Curva Derecha,Transito normal con precaución,15,35,0,0,0.0,Volcamiento,fallas mecanicas y del sistema electrico,1002_1_62,15.0,0.0
Planta Central,2020-09-02 14:58:00,73,400.0,2020-01-12 05:00:00,domingo,50,Normal,Seca y limpia,Ondulado,Media ladera Izquierda,Recta,Transito normal con precaución,15,30,0,0,0.0,Choque,no mantener distancia de seguridad,2511_0_73,14.0,1.0
Planta Central,2020-09-02 15:53:00,124,400.0,2020-01-13 05:00:00,lunes,55,Normal,Seca y limpia,Plano,Terraplen,Recta,Transito normal con precaución,19,30,0,0,0.0,Choque,no mantener distancia de seguridad,2511_0_124,18.0,1.0
Planta Central,2020-09-02 16:00:00,124,500.0,2020-01-03 05:00:00,viernes,10,Normal,Seca y limpia,Ondulado,Media ladera Izquierda,Curva Izquierda,Transito normal con precaución,12,5,0,0,0.0,Choque,condiciones de la via y factores ambientales,2511_0_124,11.0,1.0
Planta Central,2020-09-02 16:21:00,1,30.0,2020-01-06 05:00:00,lunes,30,Normal,Seca y limpia,Plano,Terraplen,Recta,Transito normal con precaución,21,0,0,0,0.0,Choque,condiciones de la via y factores ambientales,2512_1_1,9.0,12.0
Planta Central,2020-09-02 16:33:00,1,650.0,2020-01-06 05:00:00,lunes,10,Normal,Seca y limpia,Plano,Media ladera Izquierda,Curva Derecha,Transito normal con precaución,9,40,0,0,0.0,Choque,no mantener distancia de seguridad,2512_1_1,9.0,0.0
Planta Central,2020-09-02 19:46:00,60,50.0,2020-01-17 05:00:00,viernes,0,Normal,Seca y limpia,Plano,Terraplen,Recta,Transito normal con precaución,12,30,0,0,0.0,Choque,conducta de peatones,2512_1_60,12.0,0.0
Planta Central,2020-09-02 21:15:00,60,150.0,2020-01-31 05:00:00,viernes,30,Normal,Seca y limpia,Plano,Terraplen,Recta,Transito normal con precaución,15,10,0,0,0.0,Choque,maniobras imprudentes,2512_1_60,14.0,1.0
Cauca,2020-09-02 13:35:00,33,60.0,2020-07-15 05:00:00,miercoles,0,Sol,Seca y limpia,Montañoso,Media Ladera Derecha,Curva Derecha,Transito normal con precaución,10,0,0,0,0.0,Volcamiento,exceso de velocidad,2002_1_33,10.0,0.0
Planta Central,2020-09-02 15:30:00,116,450.0,2020-01-04 05:00:00,sabado,35,Normal,Seca y limpia,Plano,Terraplen,Recta,Transito normal con precaución,11,45,0,0,0.0,Choque,no mantener distancia de seguridad,2511_0_116,11.0,0.0
Planta Central,2020-09-02 15:36:00,116,550.0,2020-01-04 05:00:00,sabado,40,Normal,Seca y limpia,Plano,Terraplen,Recta,Transito normal con precaución,10,45,0,0,0.0,Choque,no mantener distancia de seguridad,2511_0_116,10.0,0.0
Planta Central,2020-09-02 15:41:00,116,750.0,2020-01-04 05:00:00,sabado,50,Normal,Seca y limpia,Plano,Terraplen,Recta,Transito normal con precaución,11,10,0,0,0.0,Choque,no mantener distancia de seguridad,2511_0_116,10.0,1.0
Planta Central,2020-09-02 16:39:00,8,900.0,2020-01-26 05:00:00,domingo,0,Normal,Seca y limpia,Plano,Terraplen,Recta,Transito normal con precaución,19,50,0,0,0.0,Choque,condiciones de la via y factores ambientales,2512_1_8,19.0,0.0
Planta Central,2020-09-02 16:47:00,9,555.0,2020-01-03 05:00:00,viernes,30,Normal,Seca y limpia,Plano,Terraplen,Recta,Transito normal con precaución,10,0,0,0,0.0,Choque,condiciones de la via y factores ambientales,2512_1_9,9.0,1.0
Planta Central,2020-09-02 16:57:00,15,700.0,2020-01-19 05:00:00,domingo,30,Normal,Seca y limpia,Plano,Terraplen,Recta,Transito normal con precaución,8,30,0,0,0.0,Choque,otra - conductor en general,2512_1_15,7.0,1.0
Planta Central,2020-09-02 19:59:00,60,250.0,2020-01-12 05:00:00,domingo,10,Normal,Seca y limpia,Plano,Terraplen,Recta,Transito normal con precaución,11,20,0,0,0.0,Choque,conducta de peatones,2512_1_60,11.0,0.0
Chocó,2020-09-03 15:38:00,74,450.0,2020-05-06 05:00:00,miercoles,0,Lluvia,Humeda,Ondulado,Terraplen,Curva Derecha,Transito normal con precaución,1,0,1,0,1.0,Volcamiento,exceso de velocidad,1307_0_74,8.0,17.0
Chocó,2020-09-03 15:56:00,80,943.0,2020-06-05 05:00:00,viernes,20,Sol,Seca y limpia,Ondulado,Terraplen,Curva Izquierda,Transito normal con precaución,1,30,2,0,2.0,Choque,exceso de velocidad,1307_0_80,11.0,14.0
Valle del Cauca,2020-09-03 20:28:00,40,100.0,2020-06-27 05:00:00,sabado,30,Normal,Humeda,Plano,Media Ladera Derecha,Recta,Parcial con reducción de carriles,18,10,0,0,0.0,Choque,otra - pasajero o acompanante,4001_1_40,17.0,1.0
Valle del Cauca,2020-09-03 20:44:00,27,800.0,2020-06-07 05:00:00,domingo,30,Normal,Seca y limpia,Plano,Media Ladera Derecha,Curva Derecha,Parcial con reducción de carriles,18,40,1,0,1.0,Choque,maniobras imprudentes,1901_0_27,17.0,1.0
Valle del Cauca,2020-09-03 20:51:00,59,330.0,2020-06-11 05:00:00,jueves,30,Lluvia,Humeda,Plano,Media Ladera Derecha,Curva Izquierda,Parcial con reducción de carriles,14,0,0,0,0.0,Volcamiento,condiciones de la via y factores ambientales,1901_0_59,13.0,1.0
Valle del Cauca,2020-09-03 21:03:00,26,700.0,2020-06-19 05:00:00,viernes,0,Lluvia,Humeda,Montañoso,Media Ladera Derecha,Curva Derecha,Cierre total,19,10,1,0,1.0,Choque,otra - pasajero o acompanante,1901_0_26,18.0,1.0
Valle del Cauca,2020-09-03 21:10:00,19,801.0,2020-06-27 05:00:00,sabado,20,Normal,Otra,Ondulado,Terraplen,Curva Derecha,Parcial con reducción de carriles,19,20,1,0,1.0,Choque,otra - pasajero o acompanante,4001_1_19,19.0,0.0
Valle del Cauca,2020-09-03 21:36:00,37,950.0,2020-05-20 05:00:00,miercoles,30,Normal,Seca y limpia,Montañoso,Media Ladera Derecha,Curva Izquierda,Parcial con reducción de carriles,6,50,0,0,0.0,Choque,fallas mecanicas y del sistema electrico,1901_0_37,6.0,0.0
Valle del Cauca,2020-09-03 21:41:00,40,290.0,2020-05-25 05:00:00,lunes,15,Lluvia,Humeda,Plano,Media ladera Izquierda,Curva Derecha,Parcial con reducción de carriles,14,30,0,0,0.0,Choque,condiciones de la via y factores ambientales,4001_1_40,14.0,0.0
Valle del Cauca,2020-09-03 21:47:00,40,140.0,2020-05-25 05:00:00,lunes,35,Lluvia,Humeda,Plano,Media Ladera Derecha,Curva Izquierda,Parcial con reducción de carriles,15,0,0,0,0.0,Choque,no mantener distancia de seguridad,4001_2_40,14.0,1.0
Valle del Cauca,2020-09-03 20:57:00,24,190.0,2020-06-16 05:00:00,martes,30,Lluvia,Humeda,Plano,Terraplen,Curva Izquierda,Parcial con reducción de carriles,14,40,1,0,1.0,Choque,condiciones de la via y factores ambientales,4001_2_24,13.0,1.0
Valle del Cauca,2020-09-04 13:37:00,31,200.0,2020-05-26 05:00:00,martes,0,Lluvia,Humeda,Montañoso,Media Ladera Derecha,Curva Izquierda,Parcial con reducción de carriles,13,35,0,0,0.0,Volcamiento,otra - pasajero o acompanante,1901_0_31,13.0,0.0
Valle del Cauca,2020-09-04 13:55:00,31,950.0,2020-05-28 05:00:00,jueves,50,Lluvia,Humeda,Ondulado,Cajón,Curva Izquierda,Parcial con reducción de carriles,11,30,0,0,0.0,Choque,condiciones de la via y factores ambientales,4001_1_31,10.0,1.0
Antioquia,2020-09-04 18:19:00,80,829.0,2020-08-15 05:00:00,sabado,30,Seca,Seca y limpia,Plano,Terraplen,Recta,Transito normal con precaución,17,50,1,0,2.0,Choque,exceso de velocidad,9002_0_80,17.0,0.0
Antioquia,2020-09-04 18:29:00,37,300.0,2020-08-19 05:00:00,miercoles,30,Lluvia,Humeda,Plano,Media Ladera Derecha,Recta,Parcial con paso alternado,0,30,0,0,0.0,Choque,condiciones de la via y factores ambientales,9002_0_37,0.0,0.0
Planta Central,2020-09-04 19:35:00,22,150.0,2020-07-03 05:00:00,viernes,0,Normal,Seca y limpia,Montañoso,Media Ladera Derecha,Curva Izquierda,Parcial con paso alternado,2,0,0,0,0.0,Volcamiento,fallas mecanicas y del sistema electrico,45A07_1_22,15.0,11.0
Planta Central,2020-09-04 20:28:00,46,350.0,2020-07-04 05:00:00,sabado,30,Sol,Seca y limpia,Montañoso,Media ladera Izquierda,Curva Derecha,Transito normal con precaución,1,30,0,0,0.0,Salida de la vía sin volcarse,exceso de velocidad,45A07_1_46,10.0,15.0
Planta Central,2020-09-04 20:39:00,80,350.0,2020-07-05 05:00:00,domingo,10,Normal,Seca y limpia,Plano,Terraplen,Recta,Transito normal con precaución,2,0,0,1,1.0,No determinado,otra - pasajero o acompanante,45A07_2_80,19.0,7.0
Planta Central,2020-09-04 20:48:00,88,77.0,2020-07-06 05:00:00,lunes,20,Sol,Seca y limpia,Plano,Media Ladera Derecha,Recta,Parcial con reducción de carriles,1,30,1,1,2.0,Choque,adelantamientos indebidos,45A07_2_88,13.0,12.0
Planta Central,2020-09-04 20:58:00,18,770.0,2020-07-08 05:00:00,miercoles,20,Normal,Seca y limpia,Montañoso,Media ladera Izquierda,Curva Izquierda,Transito normal con precaución,1,30,0,0,0.0,Choque,adelantamientos indebidos,45A07_1_18,6.0,19.0
Planta Central,2020-09-04 21:10:00,15,540.0,2020-07-09 05:00:00,jueves,15,Lluvia,Humeda,Ondulado,Terraplen,Curva Derecha,Cierre total,1,0,0,0,1.0,Choque,condiciones de la via y factores ambientales,45A07_1_15,9.0,16.0
Valle del Cauca,2020-09-04 21:16:00,38,930.0,2020-03-02 05:00:00,lunes,10,Normal,Seca y limpia,Ondulado,Media ladera Izquierda,Recta,Cierre total,16,45,6,0,6.0,Choque,otra - pasajero o acompanante,1901_0_38,16.0,0.0
Valle del Cauca,2020-09-04 21:27:00,22,400.0,2020-03-08 05:00:00,domingo,30,Normal,Seca y limpia,Montañoso,Cajón,Curva Derecha,Parcial con reducción de carriles,7,50,2,0,2.0,Volcamiento,fallas mecanicas y del sistema electrico,4001_2_22,7.0,0.0
Valle del Cauca,2020-09-04 21:34:00,56,170.0,2020-05-08 05:00:00,viernes,30,Normal,Seca y limpia,Plano,Media Ladera Derecha,Recta,Parcial con reducción de carriles,19,45,1,0,1.0,Choque,otra - pasajero o acompanante,1901_0_56,19.0,0.0
Planta Central,2020-09-04 21:34:00,19,265.0,2020-07-09 05:00:00,jueves,15,Normal,Seca y limpia,Ondulado,Terraplen,Curva Derecha,Parcial con paso alternado,3,0,0,0,0.0,Volcamiento,impericia en el manejo,45A07_1_19,9.0,18.0
Valle del Cauca,2020-09-04 21:44:00,13,569.0,2020-03-09 05:00:00,lunes,10,Normal,Seca y limpia,Montañoso,Media ladera Izquierda,Curva Izquierda,Parcial con reducción de carriles,0,40,0,0,2.0,Choque,conducta de pasajeros,1901_0_13,0.0,0.0
Valle del Cauca,2020-09-04 21:50:00,40,208.0,2020-03-09 05:00:00,lunes,39,Lluvia,Humeda,Plano,Terraplen,Curva Derecha,Parcial con reducción de carriles,4,40,0,0,0.0,Choque,condiciones de la via y factores ambientales,4001_2_40,3.0,1.0