territorial,fecha_registro,pr,distancia_pr,fecha_acc,dia_semana_acc,min_acc,condic_meteor,estado_super,terreno,secc_tip,geometria_acc,tipo_cierre,horas_cierre,min_cierre,n_heridos,n_muertos,n_victimas,clase_accidente,causa_posible,ref_loc,hora_acc,duracion_cierre_horas
Valle del Cauca,2020-09-04 21:53:00,10,0.0,2020-03-13 05:00:00,viernes,20,Normal,Seca y limpia,Montañoso,Media ladera Izquierda,Curva Izquierda,Parcial con reducción de carriles,16,20,0,1,1.0,Choque,otra - pasajero o acompanante,1901_0_10,14.0,2.0
Valle del Cauca,2020-09-04 22:08:00,39,550.0,2020-03-19 05:00:00,jueves,30,Normal,Humeda,Plano,Terraplen,Recta,Parcial con reducción de carriles,16,0,0,0,0.0,Choque,otra - pasajero o acompanante,4001_1_39,15.0,1.0
Valle del Cauca,2020-09-04 22:11:00,40,0.0,2020-03-25 05:00:00,miercoles,30,Lluvia,Humeda,Plano,Media ladera Izquierda,Recta,Parcial con reducción de carriles,16,0,0,0,0.0,Choque,condiciones de la via y factores ambientales,4001_1_40,15.0,1.0
Valle del Cauca,2020-09-04 22:15:00,16,720.0,2020-03-27 05:00:00,viernes,10,Normal,Seca y limpia,Plano,Media Ladera Derecha,Recta,Parcial con reducción de carriles,14,40,1,0,1.0,Choque,otra - pasajero o acompanante,1901_0_16,14.0,0.0
Valle del Cauca,2020-09-04 13:43:00,44,160.0,2020-05-27 05:00:00,miercoles,0,Normal,Seca y limpia,Plano,Media ladera Izquierda,Recta,Cierre total,11,30,1,0,1.0,Choque,maniobras imprudentes,1901_0_44,11.0,0.0
Valle del Cauca,2020-09-04 14:04:00,52,100.0,2020-06-29 05:00:00,lunes,15,Normal,Seca y limpia,Plano,Media Ladera Derecha,Curva Derecha,Cierre total,19,50,1,0,2.0,Choque,otra - pasajero o acompanante,1901_0_52,18.0,1.0
Valle del Cauca,2020-09-04 14:10:00,34,200.0,2020-05-29 05:00:00,viernes,45,Normal,Seca y limpia,Montañoso,Media Ladera Derecha,Curva Derecha,Parcial con reducción de carriles,9,20,0,1,1.0,Choque,otra - pasajero o acompanante,4001_2_34,8.0,1.0
Valle del Cauca,2020-09-04 21:05:00,13,350.0,2020-03-01 05:00:00,domingo,0,Normal,Seca y limpia,Montañoso,Media ladera Izquierda,Curva Izquierda,Parcial con reducción de carriles,13,0,1,0,1.0,Choque,otra - pasajero o acompanante,1901_0_13,13.0,0.0
Valle del Cauca,2020-09-04 21:23:00,24,150.0,2020-03-06 05:00:00,viernes,5,Normal,Seca y limpia,Montañoso,Terraplen,Curva Izquierda,Parcial con reducción de carriles,17,45,0,0,0.0,Choque,otra - pasajero o acompanante,4001_2_24,17.0,0.0
Planta Central,2020-09-04 21:20:00,71,200.0,2020-07-09 05:00:00,jueves,50,Normal,Material suelto,Montañoso,Media Ladera Derecha,Curva Izquierda,Cierre total,21,0,0,1,2.0,Volcamiento,exceso de velocidad,45A07_1_71,19.0,2.0
Valle del Cauca,2020-09-04 21:40:00,12,500.0,2020-03-08 05:00:00,domingo,30,Normal,Seca y limpia,Montañoso,Media ladera Izquierda,Curva Izquierda,Parcial con reducción de carriles,2,50,0,0,0.0,Choque,adelantamientos indebidos,1901_0_12,23.0,3.0
Planta Central,2020-09-04 21:40:00,7,542.0,2020-07-12 05:00:00,domingo,30,Normal,Seca y limpia,Plano,Media Ladera Derecha,Recta,Parcial con paso alternado,1,30,2,0,2.0,Choque,exceso de velocidad,45AST08_1_7,12.0,13.0
Planta Central,2020-09-04 21:50:00,24,480.0,2020-07-13 05:00:00,lunes,30,Normal,Seca y limpia,Ondulado,Terraplen,Curva Izquierda,Transito normal con precaución,1,30,0,0,0.0,Volcamiento,impericia en el manejo,45A07_1_24,18.0,7.0
Valle del Cauca,2020-09-04 21:58:00,54,532.0,2020-03-13 05:00:00,viernes,30,Normal,Seca y limpia,Montañoso,Cajón,Recta,Parcial con reducción de carriles,14,45,0,0,0.0,Choque,no mantener distancia de seguridad,4001_1_54,12.0,2.0
Valle del Cauca,2020-09-04 22:02:00,61,350.0,2020-03-14 05:00:00,sabado,45,Normal,Seca y limpia,Montañoso,Media ladera Izquierda,Recta,Parcial con reducción de carriles,2,0,0,0,0.0,Choque,no mantener distancia de seguridad,4001_1_61,1.0,1.0
Valle del Cauca,2020-09-04 22:06:00,55,800.0,2020-03-18 05:00:00,miercoles,35,Normal,Seca y limpia,Plano,Media ladera Izquierda,Recta,Parcial con reducción de carriles,6,0,0,0,0.0,Choque,otra - pasajero o acompanante,4001_2_55,5.0,1.0
Planta Central,2020-09-05 13:59:00,8,350.0,2020-07-13 05:00:00,lunes,15,Normal,Seca y limpia,Plano,Terraplen,Recta,Parcial con reducción de carriles,1,30,1,0,1.0,Choque,estacionamiento y senalizacion imprudente,45AST08_1_8,5.0,20.0
Putumayo,2020-09-05 21:49:00,77,360.0,2020-08-18 05:00:00,martes,0,Normal,Seca y limpia,Ondulado,Cajón,Curva Izquierda,Parcial con paso alternado,1,0,0,0,1.0,Choque,maniobras imprudentes,4502_0_77,18.0,7.0
Chocó,2020-09-06 04:33:00,52,100.0,2020-07-17 05:00:00,viernes,0,Seca,Seca y limpia,Ondulado,Terraplen,Curva Derecha,Transito normal con precaución,21,0,0,1,1.0,Choque,impericia en el manejo,1307_0_52,21.0,0.0
Planta Central,2020-09-05 14:34:00,18,230.0,2020-07-23 05:00:00,jueves,20,Normal,Seca y limpia,Montañoso,Media ladera Izquierda,Curva Derecha,Transito normal con precaución,1,0,0,0,0.0,Salida de la vía sin volcarse,fallas mecanicas y del sistema electrico,45A07_1_18,8.0,17.0
Caldas,2020-09-09 14:50:00,56,700.0,2020-06-23 05:00:00,martes,30,Normal,Seca y limpia,Montañoso,Media ladera Izquierda,Curva Derecha,Parcial con paso alternado,20,0,2,0,2.0,Choque,otra - conductor en general,2508_1_56,19.0,1.0
Planta Central,2020-09-05 15:14:00,52,827.0,2020-07-30 05:00:00,jueves,55,Normal,Seca y limpia,Montañoso,Media Ladera Derecha,Curva Derecha,Parcial con reducción de carriles,1,30,0,0,0.0,Choque,adelantamientos indebidos,45A07_1_52,5.0,20.0
Planta Central,2020-09-05 15:34:00,5,600.0,2020-07-31 05:00:00,viernes,40,Sol,Seca y limpia,Montañoso,Media ladera Izquierda,Recta,Parcial con paso alternado,2,0,0,0,0.0,Choque,adelantamientos indebidos,45A07_1_5,13.0,13.0
Guajira,2020-09-07 14:45:00,69,300.0,2020-02-13 05:00:00,jueves,20,Normal,Seca y limpia,Plano,Media ladera Izquierda,Recta,Transito normal con precaución,17,20,0,0,0.0,Choque,no mantener distancia de seguridad,4902_1_69,17.0,0.0
Guajira,2020-09-07 15:02:00,11,300.0,2020-02-22 05:00:00,sabado,45,Normal,Seca y limpia,Plano,Terraplen,Recta,Transito normal con precaución,13,45,1,0,1.0,Choque,adelantamientos indebidos,8801_1_11,13.0,0.0
Guajira,2020-09-07 15:41:00,18,550.0,2020-03-24 05:00:00,martes,10,Normal,Seca y limpia,Plano,Terraplen,Recta,Transito normal con precaución,21,10,0,0,0.0,Choque,condiciones de la via y factores ambientales,4902_1_18,21.0,0.0
Guajira,2020-09-07 15:49:00,39,700.0,2020-04-15 05:00:00,miercoles,50,Normal,Seca y limpia,Plano,Terraplen,Recta,Transito normal con precaución,23,50,0,0,0.0,Choque,no mantener distancia de seguridad,8004A_1_39,23.0,0.0
Cesar,2020-09-07 16:01:00,30,500.0,2020-08-01 05:00:00,sabado,40,Normal,Seca y limpia,Plano,Terraplen,Recta,Parcial con reducción de carriles,2,50,0,1,1.0,Choque,adelantamientos indebidos,43CS02_0_30,19.0,7.0
Guajira,2020-09-07 15:49:00,22,240.0,2020-04-19 05:00:00,domingo,0,Normal,Seca y limpia,Plano,Terraplen,Curva Izquierda,Parcial con paso alternado,17,0,0,1,2.0,Volcamiento,condiciones de la via y factores ambientales,8801_1_22,17.0,0.0
Guajira,2020-09-07 16:31:00,9,200.0,2020-07-01 05:00:00,miercoles,40,Normal,Seca y limpia,Plano,Terraplen,Recta,Transito normal con precaución,15,40,1,0,3.0,Choque,desobediencia a normas y senales,8801_1_9,15.0,0.0
Guajira,2020-09-07 17:03:00,37,750.0,2020-07-04 05:00:00,sabado,15,Normal,Seca y limpia,Plano,Terraplen,Recta,Transito normal con precaución,17,15,0,0,0.0,Choque,adelantamientos indebidos,8004A_1_37,17.0,0.0
Guajira,2020-09-07 17:03:00,11,300.0,2020-07-11 05:00:00,sabado,0,Normal,Seca y limpia,Plano,Terraplen,Recta,Transito normal con precaución,18,0,1,0,1.0,Choque,impericia en el manejo,8801_1_11,18.0,0.0
Cauca,2020-09-07 22:49:00,5,50.0,2020-09-07 05:00:00,lunes,0,Sol,Seca y limpia,Montañoso,Cajón,Curva Izquierda,Transito normal con precaución,0,0,1,0,2.0,Choque,exceso de velocidad,2602_0_5,13.0,11.0
Guajira,2020-09-07 15:22:00,47,163.0,2020-02-23 05:00:00,domingo,20,Normal,Seca y limpia,Plano,Media ladera Izquierda,Recta,Transito normal con precaución,18,20,0,0,0.0,Choque,no mantener distancia de seguridad,8004A_1_47,18.0,0.0
Guajira,2020-09-07 15:30:00,62,200.0,2020-03-15 05:00:00,domingo,0,Normal,Seca y limpia,Plano,Terraplen,Recta,Transito normal con precaución,22,0,0,0,0.0,Choque,condiciones de la via y factores ambientales,4902_1_62,22.0,0.0
Cesar,2020-09-07 16:05:00,14,500.0,2020-08-19 05:00:00,miercoles,40,Normal,Otra,Plano,Terraplen,Recta,Transito normal con precaución,0,0,0,0,0.0,Volcamiento,fallas mecanicas y del sistema electrico,45CS09_0_14,9.0,15.0
Guajira,2020-09-07 15:49:00,70,40.0,2020-05-06 05:00:00,miercoles,20,Normal,Seca y limpia,Plano,Terraplen,Recta,Transito normal con precaución,20,20,1,0,2.0,Volcamiento,condiciones de la via y factores ambientales,4902_1_70,20.0,0.0
Guajira,2020-09-07 16:31:00,25,100.0,2020-05-22 05:00:00,viernes,50,Normal,Seca y limpia,Plano,Terraplen,Recta,Transito normal con precaución,20,50,0,0,0.0,Volcamiento,fallas mecanicas y del sistema electrico,4902_1_25,20.0,0.0
Guajira,2020-09-07 16:31:00,51,350.0,2020-05-23 05:00:00,sabado,5,Normal,Seca y limpia,Plano,Terraplen,Curva Izquierda,Parcial con paso alternado,13,5,0,2,2.0,Choque,adelantamientos indebidos,4902_1_51,13.0,0.0
Guajira,2020-09-07 16:31:00,72,50.0,2020-06-08 05:00:00,lunes,20,Normal,Seca y limpia,Plano,Terraplen,Recta,Transito normal con precaución,10,20,0,0,2.0,Choque,no mantener distancia de seguridad,4902_1_72,10.0,0.0
Cauca,2020-09-07 16:37:00,84,954.0,2020-06-16 05:00:00,martes,10,Normal,Humeda,Montañoso,Cajón,Curva Izquierda,Transito normal con precaución,0,0,0,1,3.0,Choque,exceso de velocidad,1203_0_84,16.0,8.0
Guajira,2020-09-07 17:03:00,71,150.0,2020-07-18 05:00:00,sabado,0,Normal,Seca y limpia,Plano,Terraplen,Recta,Transito normal con precaución,21,0,2,0,3.0,Choque,condiciones de la via y factores ambientales,4902_1_71,21.0,0.0
Cauca,2020-09-07 22:40:00,41,50.0,2020-09-06 05:00:00,domingo,0,Sol,Seca y limpia,Montañoso,Media ladera Izquierda,Curva Derecha,Parcial con reducción de carriles,10,0,1,0,1.0,Volcamiento,fallas mecanicas y del sistema electrico,2602_0_41,11.0,23.0
Quindío,2020-09-08 14:51:00,0,540.0,2020-07-02 05:00:00,jueves,20,Normal,Seca y limpia,Plano,Terraplen,Recta,Transito normal con precaución,0,0,0,0,1.0,Choque,fallas mecanicas y del sistema electrico,2901B_1_0,8.0,16.0
Quindío,2020-09-08 15:07:00,4,992.0,2020-07-08 05:00:00,miercoles,50,Normal,Seca y limpia,Montañoso,Cajón,Recta,Transito normal con precaución,0,0,2,0,2.0,Choque,otra - conductor en general,2901B_1_4,16.0,8.0
Quindío,2020-09-08 15:16:00,14,810.0,2020-07-15 05:00:00,miercoles,50,Normal,Seca y limpia,Ondulado,Media Ladera Derecha,Curva Derecha,Transito normal con precaución,0,0,0,0,0.0,Salida de la vía sin volcarse,otra - conductor en general,2901B_1_14,15.0,9.0
Boyacá,2020-09-08 21:32:00,1,550.0,2020-09-01 05:00:00,martes,50,Normal,Seca y limpia,Plano,Terraplen,Recta,Parcial con paso alternado,6,50,1,0,1.0,Choque,no mantener distancia de seguridad,45BY01_1_1,6.0,0.0
Quindío,2020-09-09 13:53:00,12,0.0,2020-07-18 05:00:00,sabado,0,Normal,Seca y limpia,Plano,Terraplen,Recta,Transito normal con precaución,0,0,0,0,0.0,Choque,otra - conductor en general,2901B_1_12,17.0,7.0
Quindío,2020-09-09 13:59:00,12,300.0,2020-07-18 05:00:00,sabado,30,Normal,Seca y limpia,Ondulado,Cajón,Recta,Transito normal con precaución,0,0,2,0,2.0,Choque,exceso de velocidad,2901B_1_12,17.0,7.0
Caldas,2020-09-09 15:02:00,29,735.0,2020-06-11 05:00:00,jueves,28,Normal,Seca y limpia,Montañoso,Media ladera Izquierda,Recta,Parcial con paso alternado,10,55,0,0,0.0,Choque,otra - pasajero o acompanante,2902_1_29,10.0,0.0
Caldas,2020-09-09 15:35:00,27,800.0,2020-06-17 05:00:00,miercoles,15,Normal,Seca y limpia,Montañoso,Media ladera Izquierda,Recta,Parcial con paso alternado,23,30,0,0,0.0,Choque,otra - conductor en general,5005_1_27,23.0,0.0
Caldas,2020-09-09 15:39:00,27,700.0,2020-06-30 05:00:00,martes,45,Normal,Seca y limpia,Montañoso,Media ladera Izquierda,Curva Derecha,Parcial con paso alternado,20,0,0,0,0.0,Choque,no mantener distancia de seguridad,5005_2_27,19.0,1.0
Caldas,2020-09-09 15:58:00,8,630.0,2020-06-16 05:00:00,martes,20,Lluvia,Humeda,Montañoso,Media ladera Izquierda,Curva Izquierda,Parcial con paso alternado,14,35,0,0,0.0,Choque,adelantamientos indebidos,5006_0_8,14.0,0.0
Caldas,2020-09-09 16:00:00,16,850.0,2020-06-18 05:00:00,jueves,10,Lluvia,Humeda,Montañoso,Media ladera Izquierda,Curva Izquierda,Parcial con paso alternado,20,30,0,0,0.0,Choque,condiciones de la via y factores ambientales,5006_0_16,20.0,0.0
Chocó,2020-09-09 16:39:00,88,300.0,2020-07-11 05:00:00,sabado,10,Seca,Seca y limpia,Plano,Terraplen,Recta,Transito normal con precaución,2,0,0,0,0.0,Choque,exceso en horas de conduccion,1307_0_88,6.0,20.0
Meta,2020-09-09 19:31:00,103,250.0,2020-07-30 05:00:00,jueves,40,Seca,Seca y limpia,Plano,Terraplen,Recta,Transito normal con precaución,0,45,0,1,1.0,Choque,adelantamientos indebidos,65A02_1_103,10.0,14.0
Quindío,2020-09-09 19:50:00,0,850.0,2020-07-22 05:00:00,miercoles,25,Normal,Seca y limpia,Plano,Terraplen,Recta,Transito normal con precaución,0,35,3,0,3.0,Choque,condiciones de la via y factores ambientales,29VLA_0_0,8.0,16.0
Quindío,2020-09-09 20:11:00,47,770.0,2020-07-22 05:00:00,miercoles,0,Lluvia,Humeda,Plano,Terraplen,Recta,Transito normal con precaución,0,30,1,0,1.0,Choque,condiciones de la via y factores ambientales,4002_1_47,7.0,17.0
Cauca,2020-09-09 20:14:00,43,915.0,2020-06-27 05:00:00,sabado,28,Normal,Seca y limpia,Montañoso,Media ladera Izquierda,Curva Izquierda,Transito normal con precaución,0,0,0,0,0.0,Choque,adelantamientos indebidos,1203_0_43,17.0,7.0
Quindío,2020-09-09 20:23:00,1,350.0,2020-07-22 05:00:00,miercoles,30,Viento,Humeda,Plano,Media ladera Izquierda,Curva Izquierda,Transito normal con precaución,12,30,1,0,1.0,Choque,otra - conductor en general,4003_1_1,12.0,0.0
Quindío,2020-09-09 20:35:00,5,265.0,2020-07-25 05:00:00,sabado,10,Normal,Seca y limpia,Plano,Cajón,Recta,Transito normal con precaución,0,0,2,0,2.0,Choque,otra - conductor en general,2901B_1_5,9.0,15.0
Quindío,2020-09-09 20:53:00,6,120.0,2020-07-25 05:00:00,sabado,30,Lluvia,Humeda,Ondulado,Terraplen,Recta,Transito normal con precaución,0,10,0,0,0.0,Choque,otra - conductor en general,40QN05_0_6,7.0,17.0
Caldas,2020-09-09 14:33:00,51,659.0,2020-06-11 05:00:00,jueves,10,Normal,Seca y limpia,Montañoso,Media ladera Izquierda,Recta,Parcial con paso alternado,18,50,1,0,1.0,Atropello,otra - conductor en general,2508_1_51,18.0,0.0
Caldas,2020-09-09 14:48:00,8,550.0,2020-06-18 05:00:00,jueves,0,Normal,Seca y limpia,Montañoso,Media ladera Izquierda,Curva Izquierda,Parcial con paso alternado,16,20,1,1,2.0,Choque,otra - conductor en general,2508_1_8,16.0,0.0
Putumayo,2020-09-09 14:46:00,70,170.0,2020-07-23 05:00:00,jueves,30,Sol,Seca y limpia,Plano,Terraplen,Curva Izquierda,Parcial con paso alternado,16,50,0,0,0.0,Choque,conducta de peatones,1003_1_70,16.0,0.0
Caldas,2020-09-09 15:33:00,29,900.0,2020-06-13 05:00:00,sabado,25,Normal,Seca y limpia,Montañoso,Media ladera Izquierda,Recta,Parcial con paso alternado,8,10,2,0,2.0,Choque,otra - conductor en general,5005_2_29,7.0,1.0
Caldas,2020-09-09 15:46:00,28,900.0,2020-06-30 05:00:00,martes,30,Normal,Seca y limpia,Montañoso,Media ladera Izquierda,Recta,Parcial con paso alternado,0,10,0,1,1.0,Choque,exceso de velocidad,5005_2_28,22.0,2.0
Caldas,2020-09-09 15:52:00,9,950.0,2020-06-01 05:00:00,lunes,50,Normal,Seca y limpia,Montañoso,Media ladera Izquierda,Curva Izquierda,Parcial con paso alternado,14,50,0,0,0.0,Choque,otra - conductor en general,5006_0_9,14.0,0.0
Caldas,2020-09-09 15:55:00,1,500.0,2020-06-05 05:00:00,viernes,0,Normal,Seca y limpia,Montañoso,Media ladera Izquierda,Recta,Parcial con paso alternado,6,0,1,0,1.0,Atropello,otra - conductor en general,5006_0_1,6.0,0.0
Caldas,2020-09-09 16:03:00,6,100.0,2020-06-27 05:00:00,sabado,50,Normal,Seca y limpia,Montañoso,Media ladera Izquierda,Curva Izquierda,Parcial con paso alternado,6,50,0,0,0.0,Choque,adelantamientos indebidos,5006_0_6,6.0,0.0
Chocó,2020-09-09 16:34:00,9,500.0,2020-07-24 05:00:00,viernes,10,Sol,Seca y limpia,Plano,Terraplen,Recta,Transito normal con precaución,1,30,0,0,0.0,Choque,adelantamientos indebidos,6002_0_9,17.0,8.0
Quindío,2020-09-10 13:59:00,0,820.0,2020-07-29 05:00:00,miercoles,50,Normal,Seca y limpia,Plano,Terraplen,Recta,Transito normal con precaución,0,10,2,0,2.0,Choque,otra - conductor en general,40QN05_0_0,13.0,11.0
Quindío,2020-09-10 14:08:00,0,440.0,2020-07-30 05:00:00,jueves,30,Sol,Seca y limpia,Plano,Terraplen,Recta,Transito normal con precaución,0,0,1,0,1.0,Choque,otra - conductor en general,4003_1_0,15.0,9.0
Quindío,2020-09-10 14:12:00,5,800.0,2020-07-31 05:00:00,viernes,35,Normal,Seca y limpia,Plano,Cajón,Recta,Transito normal con precaución,0,25,1,0,1.0,Choque,no mantener distancia de seguridad,2901B_1_5,19.0,5.0
Valle del Cauca,2020-09-10 14:53:00,10,600.0,2020-03-31 05:00:00,martes,45,Normal,Aceite,Montañoso,Media ladera Izquierda,Curva Derecha,Parcial con reducción de carriles,17,30,0,0,0.0,Choque,otra - pasajero o acompanante,1901_0_10,16.0,1.0
Valle del Cauca,2020-09-10 15:02:00,6,98.0,2020-04-04 05:00:00,sabado,0,Normal,Seca y limpia,Plano,Terraplen,Recta,Parcial con reducción de carriles,17,20,0,0,0.0,Choque,no mantener distancia de seguridad,4001_2_6,17.0,0.0
Quindío,2020-09-10 16:40:00,48,740.0,2020-08-01 05:00:00,sabado,30,Sol,Seca y limpia,Plano,Terraplen,Curva Derecha,Transito normal con precaución,10,0,0,1,1.0,Choque,otra - conductor en general,4002_1_48,14.0,20.0
Quindío,2020-09-10 17:17:00,5,680.0,2020-08-02 05:00:00,domingo,0,Normal,Seca y limpia,Montañoso,Cajón,Recta,Transito normal con precaución,0,10,0,0,0.0,Choque,otra - conductor en general,2901B_1_5,17.0,7.0
Valle del Cauca,2020-09-10 19:08:00,3,790.0,2020-04-12 05:00:00,domingo,50,Normal,Seca y limpia,Plano,Terraplen,Recta,Parcial con reducción de carriles,6,50,0,0,0.0,Choque,otra - pasajero o acompanante,4001_1_3,6.0,0.0
Valle del Cauca,2020-09-10 19:59:00,2,600.0,2020-05-01 05:00:00,viernes,18,Normal,Seca y limpia,Plano,Terraplen,Recta,Parcial con reducción de carriles,6,18,0,0,1.0,Atropello,conducta de peatones,4001_1_2,6.0,0.0
Valle del Cauca,2020-09-10 20:40:00,9,75.0,2020-05-21 05:00:00,jueves,10,Normal,Seca y limpia,Plano,Terraplen,Recta,Parcial con reducción de carriles,20,40,0,0,1.0,Atropello,conducta de peatones,4001_1_9,19.0,1.0
Valle del Cauca,2020-09-10 20:47:00,2,22.0,2020-05-23 05:00:00,sabado,45,Normal,Seca y limpia,Ondulado,Terraplen,Recta,Parcial con reducción de carriles,1,5,0,0,0.0,Choque,otra - pasajero o acompanante,4001_1_2,0.0,1.0
Valle del Cauca,2020-09-10 20:55:00,9,80.0,2020-05-30 05:00:00,sabado,0,Normal,Seca y limpia,Ondulado,Terraplen,Curva Izquierda,Transito normal con precaución,9,20,0,0,0.0,Choque,otra - pasajero o acompanante,4001_1_9,9.0,0.0
Valle del Cauca,2020-09-10 21:31:00,8,0.0,2020-06-04 05:00:00,jueves,39,Normal,Seca y limpia,Ondulado,Terraplen,Recta,Parcial con reducción de carriles,9,40,0,0,0.0,Choque,maniobras imprudentes,4001_2_8,8.0,1.0
Valle del Cauca,2020-09-10 21:42:00,9,800.0,2020-06-09 05:00:00,martes,10,Normal,Seca y limpia,Plano,Terraplen,Recta,Parcial con reducción de carriles,10,30,0,0,0.0,Choque,adelantamientos indebidos,4001_2_9,10.0,0.0
Quindío,2020-09-10 17:28:00,5,730.0,2020-08-02 05:00:00,domingo,0,Normal,Seca y limpia,Montañoso,Cajón,Recta,Transito normal con precaución,0,15,2,0,2.0,Choque,no mantener distancia de seguridad,2901B_1_5,18.0,6.0
Valle del Cauca,2020-09-10 19:18:00,3,790.0,2020-04-20 05:00:00,lunes,0,Normal,Seca y limpia,Plano,Terraplen,Recta,Parcial con reducción de carriles,10,37,0,0,0.0,Choque,adelantamientos indebidos,4001_1_3,10.0,0.0
Valle del Cauca,2020-09-10 19:23:00,10,720.0,2020-04-23 05:00:00,jueves,59,Normal,Seca y limpia,Plano,Terraplen,Recta,Parcial con reducción de carriles,12,55,1,0,1.0,Choque,adelantamientos indebidos,4001_1_10,11.0,1.0
Valle del Cauca,2020-09-10 20:12:00,3,460.0,2020-05-11 05:00:00,lunes,5,Lluvia,Humeda,Plano,Terraplen,Recta,Parcial con reducción de carriles,20,37,0,0,0.0,Otro,maniobras imprudentes,4001_1_3,20.0,0.0
Valle del Cauca,2020-09-10 20:30:00,5,325.0,2020-05-17 05:00:00,domingo,0,Lluvia,Humeda,Plano,Terraplen,Recta,Parcial con reducción de carriles,18,30,0,0,0.0,Volcamiento,condiciones de la via y factores ambientales,4001_1_5,18.0,0.0
Valle del Cauca,2020-09-10 20:34:00,7,120.0,2020-05-20 05:00:00,miercoles,20,Normal,Seca y limpia,Ondulado,Terraplen,Recta,Parcial con reducción de carriles,11,50,0,0,0.0,Choque,maniobras imprudentes,4001_1_7,11.0,0.0
Valle del Cauca,2020-09-10 21:20:00,12,10.0,2020-06-03 05:00:00,miercoles,10,Normal,Seca y limpia,Ondulado,Terraplen,Recta,Parcial con reducción de carriles,20,5,1,0,1.0,Atropello,conducta de peatones,4001_1_12,19.0,1.0
Valle del Cauca,2020-09-10 21:34:00,5,280.0,2020-06-06 05:00:00,sabado,35,Lluvia,Humeda,Ondulado,Terraplen,Recta,Parcial con reducción de carriles,22,58,2,0,2.0,Choque,otra - pasajero o acompanante,4001_1_5,22.0,0.0
Huila,2020-09-11 12:53:00,4,600.0,2020-07-03 05:00:00,viernes,10,Seca,Seca y limpia,Ondulado,Cajón,Recta,Transito normal con precaución,6,10,1,0,2.0,Choque,adelantamientos indebidos,3001_0_4,6.0,0.0
Valle del Cauca,2020-09-11 13:36:00,11,102.0,2020-06-14 05:00:00,domingo,40,Normal,Seca y limpia,Plano,Terraplen,Recta,Parcial con reducción de carriles,10,20,1,0,1.0,Atropello,conducta de peatones,4001_1_11,9.0,1.0
Valle del Cauca,2020-09-11 13:57:00,3,762.0,2020-06-19 05:00:00,viernes,55,Lluvia,Humeda,Plano,Terraplen,Recta,Parcial con reducción de carriles,21,30,0,0,0.0,Volcamiento,otra - pasajero o acompanante,4001_2_3,20.0,1.0
Valle del Cauca,2020-09-11 14:01:00,3,63.0,2020-06-20 05:00:00,sabado,43,Normal,Humeda,Plano,Terraplen,Recta,Parcial con reducción de carriles,3,20,0,0,0.0,Choque,otra - pasajero o acompanante,4001_2_3,2.0,1.0
Caquetá,2020-09-11 14:27:00,70,600.0,2020-09-05 05:00:00,sabado,0,Sol,Seca y limpia,Ondulado,Media ladera Izquierda,Curva Izquierda,Parcial con reducción de carriles,11,0,3,0,3.0,Choque,exceso de velocidad,2003_0_70,11.0,0.0
Caquetá,2020-09-11 16:04:00,89,560.0,2020-09-05 05:00:00,sabado,0,Seca,Seca y limpia,Plano,Terraplen,Curva Izquierda,Transito normal con precaución,7,0,1,0,1.0,Choque,exceso de velocidad,6501_0_89,7.0,0.0
Ocaña,2020-09-11 19:24:00,27,800.0,2020-07-25 05:00:00,sabado,0,Normal,Seca y limpia,Ondulado,Terraplen,Recta,Transito normal con precaución,0,0,2,1,4.0,Choque,otra - conductor en general,7008_1_27,20.0,4.0
Valle del Cauca,2020-09-11 13:23:00,4,847.0,2020-06-11 05:00:00,jueves,40,Normal,Seca y limpia,Plano,Terraplen,Curva Derecha,Transito normal con precaución,10,20,2,0,2.0,Choque,maniobras imprudentes,4001_1_4,9.0,1.0
Valle del Cauca,2020-09-11 13:32:00,3,945.0,2020-06-11 05:00:00,jueves,10,Normal,Seca y limpia,Plano,Terraplen,Recta,Parcial con reducción de carriles,12,50,0,0,0.0,Choque,fallas mecanicas y del sistema electrico,4001_1_3,12.0,0.0
Valle del Cauca,2020-09-11 13:43:00,6,65.0,2020-06-15 05:00:00,lunes,30,Normal,Seca y limpia,Ondulado,Terraplen,Recta,Parcial con reducción de carriles,7,50,0,0,0.0,Choque,maniobras imprudentes,4001_1_6,7.0,0.0
Valle del Cauca,2020-09-11 13:51:00,12,460.0,2020-06-16 05:00:00,martes,50,Lluvia,Humeda,Plano,Terraplen,Recta,Parcial con reducción de carriles,18,10,0,0,0.0,Choque,adelantamientos indebidos,4001_1_12,17.0,1.0
Ocaña,2020-09-11 19:24:00,26,150.0,2020-07-09 05:00:00,jueves,0,Sol,Seca y limpia,Plano,Terraplen,Recta,Transito normal con precaución,0,0,1,0,1.0,Choque,otra - conductor en general,7008_2_26,14.0,10.0
Ocaña,2020-09-11 19:24:00,54,240.0,2020-07-21 05:00:00,martes,0,Sol,Seca y limpia,Ondulado,Media ladera Izquierda,Recta,Transito normal con precaución,0,0,0,1,5.0,Choque,otra - conductor en general,7007_1_54,15.0,9.0
Cauca,2020-09-12 22:04:00,1,100.0,2020-09-09 05:00:00,miercoles,0,Seca,Seca y limpia,Montañoso,Media Ladera Derecha,Recta,Transito normal con precaución,0,0,0,0,0.0,Choque,exceso de velocidad,2602_0_1,5.0,19.0
Cauca,2020-09-12 22:08:00,70,0.0,2020-09-09 05:00:00,miercoles,0,Seca,Material suelto,Montañoso,Media Ladera Derecha,Curva Derecha,Transito normal con precaución,0,0,0,0,0.0,Volcamiento,fallas mecanicas y del sistema electrico,2602_0_70,5.0,19.0