territorial,fecha_registro,pr,distancia_pr,fecha_acc,dia_semana_acc,min_acc,condic_meteor,estado_super,terreno,secc_tip,geometria_acc,tipo_cierre,horas_cierre,min_cierre,n_heridos,n_muertos,n_victimas,clase_accidente,causa_posible,ref_loc,hora_acc,duracion_cierre_horas
Cauca,2020-09-15 00:49:00,24,0.0,2020-09-14 05:00:00,lunes,30,Sol,Seca y limpia,Montañoso,Media Ladera Derecha,Recta,Parcial con paso alternado,1,0,0,0,2.0,Choque,exceso de velocidad,2602_0_24,17.0,8.0
Quindío,2020-09-15 16:03:00,48,740.0,2020-08-01 05:00:00,sabado,30,Normal,Seca y limpia,Plano,Terraplen,Curva Derecha,Transito normal con precaución,0,0,0,1,1.0,Choque,otra - conductor en general,4002_1_48,14.0,10.0
Quindío,2020-09-15 16:18:00,1,110.0,2020-08-03 05:00:00,lunes,35,Sol,Seca y limpia,Plano,Media Ladera Derecha,Recta,Transito normal con precaución,0,0,0,0,0.0,Choque,otra - conductor en general,2901B_1_1,8.0,16.0
Quindío,2020-09-15 17:16:00,44,0.0,2020-08-14 05:00:00,viernes,0,Normal,Humeda,Plano,Terraplen,Recta,Transito normal con precaución,0,15,0,0,0.0,Choque,no mantener distancia de seguridad,4002_1_44,14.0,10.0
Quindío,2020-09-15 16:23:00,47,600.0,2020-08-07 05:00:00,viernes,20,Normal,Seca y limpia,Plano,Terraplen,Recta,Transito normal con precaución,0,10,0,0,0.0,Choque,no mantener distancia de seguridad,4002_1_47,8.0,16.0
Quindío,2020-09-15 16:51:00,48,800.0,2020-08-09 05:00:00,domingo,0,Normal,Seca y limpia,Plano,Terraplen,Curva Derecha,Transito normal con precaución,0,30,0,1,1.0,Choque,fallas mecanicas y del sistema electrico,4002_1_48,14.0,10.0
Quindío,2020-09-15 17:11:00,5,450.0,2020-08-13 05:00:00,jueves,50,Normal,Seca y limpia,Plano,Cajón,Recta,Transito normal con precaución,0,0,1,0,1.0,Choque,exceso de velocidad,2901B_1_5,14.0,10.0
Quindío,2020-09-15 17:21:00,44,0.0,2020-08-14 05:00:00,viernes,0,Lluvia,Humeda,Plano,Terraplen,Recta,Transito normal con precaución,0,15,0,0,0.0,Choque,no mantener distancia de seguridad,4002_1_44,14.0,10.0
Planta Central,2020-09-15 19:43:00,61,200.0,2020-07-27 05:00:00,lunes,0,Normal,Seca y limpia,Plano,Terraplen,Curva Izquierda,Transito normal con precaución,0,0,0,0,0.0,No determinado,otra - conductor en general,4511_1_61,0.0,0.0
Planta Central,2020-09-15 19:52:00,73,0.0,2020-07-17 05:00:00,viernes,20,Normal,Seca y limpia,Ondulado,Terraplen,Recta,Transito normal con precaución,0,0,0,0,0.0,No determinado,otra - conductor en general,4511_1_73,2.0,22.0
Planta Central,2020-09-15 19:56:00,73,700.0,2020-07-11 05:00:00,sabado,5,Normal,Seca y limpia,Ondulado,Terraplen,Recta,Transito normal con precaución,0,0,0,1,1.0,Choque,adelantamientos indebidos,4511_1_73,0.0,0.0
Valle del Cauca,2020-09-15 19:55:00,45,200.0,2020-07-02 05:00:00,jueves,40,Lluvia,Humeda,Montañoso,Media ladera Izquierda,Recta,Parcial con reducción de carriles,5,10,0,0,0.0,Volcamiento,condiciones de la via y factores ambientales,1901_0_45,4.0,1.0
Planta Central,2020-09-15 20:07:00,83,850.0,2020-07-20 05:00:00,lunes,0,Normal,Seca y limpia,Plano,Media ladera Izquierda,Recta,Transito normal con precaución,0,0,0,0,0.0,No determinado,otra - conductor en general,4511_1_83,14.0,10.0
Valle del Cauca,2020-09-15 20:14:00,40,800.0,2020-07-08 05:00:00,miercoles,10,Normal,Seca y limpia,Plano,Media ladera Izquierda,Recta,Parcial con reducción de carriles,21,30,1,1,2.0,Choque,maniobras imprudentes,4001_1_40,21.0,0.0
Casanare,2020-09-15 20:24:00,51,850.0,2020-08-09 05:00:00,domingo,0,Normal,Seca y limpia,Plano,Terraplen,Recta,Transito normal con precaución,20,0,2,0,2.0,Choque,impericia en el manejo,6515_1_51,20.0,0.0
Valle del Cauca,2020-09-15 20:27:00,38,370.0,2020-07-28 05:00:00,martes,50,Normal,Seca y limpia,Montañoso,Media ladera Izquierda,Recta,Parcial con reducción de carriles,8,20,0,0,0.0,Choque,otra - pasajero o acompanante,4001_1_38,7.0,1.0
Planta Central,2020-09-15 22:01:00,103,800.0,2020-07-30 05:00:00,jueves,25,Normal,Seca y limpia,Ondulado,Terraplen,Curva Derecha,Transito normal con precaución,0,0,0,0,0.0,Choque,estacionamiento y senalizacion imprudente,4511_1_103,14.0,10.0
Planta Central,2020-09-15 22:10:00,116,700.0,2020-07-22 05:00:00,miercoles,30,Lluvia,Humeda,Ondulado,Media ladera Izquierda,Curva Izquierda,Transito normal con precaución,0,0,0,0,0.0,Salida de la vía sin volcarse,condiciones de la via y factores ambientales,4511_1_116,0.0,0.0
Planta Central,2020-09-15 22:23:00,118,0.0,2020-07-01 05:00:00,miercoles,0,Normal,Seca y limpia,Montañoso,Cajón,Curva Derecha,Transito normal con precaución,0,0,0,0,0.0,No determinado,otra - conductor en general,4511_1_118,0.0,0.0
Planta Central,2020-09-15 22:36:00,145,200.0,2020-07-23 05:00:00,jueves,20,Lluvia,Humeda,Plano,Terraplen,Recta,Transito normal con precaución,0,0,0,0,0.0,No determinado,otra - conductor en general,4511_1_145,1.0,23.0
Planta Central,2020-09-15 22:39:00,4,100.0,2020-07-28 05:00:00,martes,30,Normal,Seca y limpia,Plano,Media ladera Izquierda,Recta,Transito normal con precaución,0,0,0,0,0.0,No determinado,otra - conductor en general,4513_1_4,14.0,10.0
Planta Central,2020-09-15 22:45:00,21,700.0,2020-07-21 05:00:00,martes,0,Normal,Seca y limpia,Ondulado,Cajón,Recta,Transito normal con precaución,0,0,0,0,0.0,Choque,fallas mecanicas y del sistema electrico,4513_1_21,13.0,11.0
Planta Central,2020-09-15 22:55:00,87,250.0,2020-07-07 05:00:00,martes,10,Normal,Seca y limpia,Plano,Terraplen,Recta,Transito normal con precaución,0,12,0,1,1.0,Atropello,maniobras imprudentes,4513_1_87,14.0,10.0
Planta Central,2020-09-15 22:59:00,87,300.0,2020-07-09 05:00:00,jueves,20,Normal,Seca y limpia,Plano,Terraplen,Recta,Transito normal con precaución,0,18,0,1,1.0,Choque,desobediencia a normas y senales,4513_1_87,15.0,9.0
Planta Central,2020-09-15 20:01:00,78,200.0,2020-07-24 05:00:00,viernes,30,Lluvia,Humeda,Ondulado,Terraplen,Recta,Transito normal con precaución,0,14,2,0,2.0,Choque,condiciones de la via y factores ambientales,4511_1_78,2.0,22.0
Planta Central,2020-09-15 20:11:00,97,350.0,2020-07-15 05:00:00,miercoles,30,Lluvia,Humeda,Plano,Terraplen,Recta,Transito normal con precaución,0,0,0,0,0.0,No determinado,otra - conductor en general,4511_1_97,2.0,22.0
Valle del Cauca,2020-09-15 20:19:00,29,100.0,2020-07-11 05:00:00,sabado,0,Normal,Seca y limpia,Plano,Terraplen,Curva Izquierda,Parcial con reducción de carriles,6,10,0,0,0.0,Choque,otra - pasajero o acompanante,4001_2_29,3.0,3.0
Valle del Cauca,2020-09-15 20:23:00,38,350.0,2020-07-25 05:00:00,sabado,20,Lluvia,Humeda,Ondulado,Cajón,Curva Izquierda,Parcial con reducción de carriles,7,30,1,1,2.0,Choque,condiciones de la via y factores ambientales,1901_0_38,6.0,1.0
Valle del Cauca,2020-09-15 20:31:00,30,430.0,2020-07-16 05:00:00,jueves,15,Normal,Seca y limpia,Ondulado,Media ladera Izquierda,Curva Derecha,Transito normal con precaución,18,0,0,0,0.0,Choque,otra - pasajero o acompanante,4001_1_30,17.0,1.0
Planta Central,2020-09-15 21:58:00,112,680.0,2020-07-09 05:00:00,jueves,30,Normal,Seca y limpia,Plano,Media ladera Izquierda,Recta,Transito normal con precaución,0,0,0,0,0.0,Volcamiento,exceso en horas de conduccion,4511_1_112,9.0,15.0
Planta Central,2020-09-15 22:05:00,115,600.0,2020-07-11 05:00:00,sabado,30,Lluvia,Humeda,Ondulado,Cajón,Recta,Transito normal con precaución,0,0,1,0,1.0,Choque,otra - conductor en general,4511_1_115,22.0,2.0
Planta Central,2020-09-15 22:16:00,116,700.0,2020-07-22 05:00:00,miercoles,30,Lluvia,Humeda,Ondulado,Media ladera Izquierda,Curva Izquierda,Transito normal con precaución,0,0,0,0,0.0,Salida de la vía sin volcarse,condiciones de la via y factores ambientales,4511_1_116,0.0,0.0
Planta Central,2020-09-15 22:27:00,141,200.0,2020-07-14 05:00:00,martes,0,Normal,Seca y limpia,Ondulado,Terraplen,Recta,Transito normal con precaución,0,0,0,0,0.0,Salida de la vía sin volcarse,otra - conductor en general,4511_1_141,10.0,14.0
Planta Central,2020-09-15 22:42:00,5,0.0,2020-07-14 05:00:00,martes,50,Normal,Seca y limpia,Plano,Terraplen,Recta,Transito normal con precaución,0,0,0,0,0.0,No determinado,otra - conductor en general,4513_1_5,9.0,15.0
Planta Central,2020-09-15 22:50:00,26,300.0,2020-07-13 05:00:00,lunes,45,Normal,Seca y limpia,Ondulado,Terraplen,Recta,Transito normal con precaución,0,0,1,0,0.0,Choque,otra - conductor en general,4513_1_26,2.0,22.0
Planta Central,2020-09-15 22:53:00,37,675.0,2020-07-30 05:00:00,jueves,0,Normal,Seca y limpia,Plano,Terraplen,Recta,Transito normal con precaución,0,0,0,0,0.0,Choque,adelantamientos indebidos,4513_1_37,14.0,10.0
Risaralda,2020-09-16 15:27:00,0,160.0,2020-06-08 05:00:00,lunes,5,Normal,Seca y limpia,Plano,Terraplen,Recta,Transito normal con precaución,10,5,3,0,3.0,Atropello,otra - conductor en general,2902_2_0,10.0,0.0
Risaralda,2020-09-16 15:34:00,3,726.0,2020-06-12 05:00:00,viernes,0,Normal,Seca y limpia,Plano,Terraplen,Recta,Transito normal con precaución,14,0,0,0,0.0,Choque,no mantener distancia de seguridad,2902_2_3,14.0,0.0
Risaralda,2020-09-16 16:03:00,4,900.0,2020-06-15 05:00:00,lunes,0,Normal,Seca y limpia,Plano,Terraplen,Recta,Transito normal con precaución,15,0,1,0,1.0,Choque,maniobras imprudentes,2902_2_4,15.0,0.0
Risaralda,2020-09-16 16:08:00,1,14.0,2020-06-15 05:00:00,lunes,5,Lluvia,Humeda,Plano,Terraplen,Recta,Transito normal con precaución,16,5,0,0,0.0,Choque,no mantener distancia de seguridad,2902_2_1,16.0,0.0
Risaralda,2020-09-16 15:42:00,4,531.0,2020-06-15 05:00:00,lunes,20,Normal,Seca y limpia,Plano,Terraplen,Recta,Transito normal con precaución,12,20,1,0,1.0,Choque,otra - conductor en general,2902_2_4,12.0,0.0
Risaralda,2020-09-16 16:25:00,5,235.0,2020-06-20 05:00:00,sabado,15,Normal,Humeda,Plano,Terraplen,Recta,Transito normal con precaución,15,15,0,0,0.0,Choque,desobediencia a normas y senales,2902_1_5,15.0,0.0
Risaralda,2020-09-16 16:12:00,2,260.0,2020-06-18 05:00:00,jueves,0,Lluvia,Humeda,Plano,Terraplen,Recta,Transito normal con precaución,20,0,0,0,0.0,Choque,no mantener distancia de seguridad,2902_2_2,20.0,0.0
Risaralda,2020-09-16 16:19:00,1,891.0,2020-06-19 05:00:00,viernes,50,Normal,Seca y limpia,Plano,Terraplen,Recta,Transito normal con precaución,12,50,0,0,0.0,Choque,no mantener distancia de seguridad,2902_2_1,12.0,0.0
Risaralda,2020-09-16 16:42:00,3,350.0,2020-06-20 05:00:00,sabado,30,Normal,Seca y limpia,Plano,Terraplen,Recta,Transito normal con precaución,18,30,2,0,2.0,Choque,no mantener distancia de seguridad,2902_1_3,18.0,0.0
Risaralda,2020-09-16 16:46:00,3,726.0,2020-06-22 05:00:00,lunes,40,Normal,Seca y limpia,Plano,Terraplen,Recta,Transito normal con precaución,10,40,2,0,2.0,Choque,maniobras imprudentes,2902_2_3,10.0,0.0
Risaralda,2020-09-16 16:51:00,0,630.0,2020-06-29 05:00:00,lunes,52,Normal,Seca y limpia,Plano,Media ladera Izquierda,Recta,Transito normal con precaución,21,52,1,0,1.0,Choque,desobediencia a normas y senales,29RSA_2_0,21.0,0.0
Santander,2020-09-17 16:47:00,93,822.0,2020-08-19 05:00:00,miercoles,0,Niebla,Humeda,Ondulado,Media ladera Izquierda,Curva Derecha,Transito normal con precaución,1,0,0,0,0.0,Salida de la vía sin volcarse,condiciones de la via y factores ambientales,5504_1_93,1.0,0.0
Santander,2020-09-17 19:29:00,74,0.0,2020-08-28 05:00:00,viernes,25,Normal,Seca y limpia,Ondulado,Media Ladera Derecha,Curva Derecha,Parcial con reducción de carriles,18,0,0,0,0.0,Choque,condiciones de la via y factores ambientales,55ST02_1_74,15.0,3.0
Risaralda,2020-09-18 15:07:00,0,900.0,2020-07-01 05:00:00,miercoles,50,Normal,Seca y limpia,Plano,Terraplen,Recta,Transito normal con precaución,7,50,1,0,1.0,Choque,no mantener distancia de seguridad,2507_1_0,7.0,0.0
Risaralda,2020-09-18 15:27:00,2,500.0,2020-07-11 05:00:00,sabado,0,Normal,Seca y limpia,Plano,Terraplen,Recta,Transito normal con precaución,12,0,0,0,0.0,Choque,maniobras imprudentes,2902_1_2,12.0,0.0
Planta Central,2020-09-18 22:26:00,3,60.0,2020-08-12 05:00:00,miercoles,30,Sol,Seca y limpia,Plano,Terraplen,Recta,Transito normal con precaución,17,30,1,0,1.0,Atropello,conducta de peatones,45A05_1_3,17.0,0.0
Risaralda,2020-09-18 15:12:00,0,0.0,2020-07-06 05:00:00,lunes,37,Normal,Seca y limpia,Plano,Terraplen,Recta,Transito normal con precaución,12,37,0,0,0.0,Choque,maniobras imprudentes,2902_2_0,12.0,0.0
Risaralda,2020-09-18 15:22:00,11,200.0,2020-07-08 05:00:00,miercoles,20,Normal,Seca y limpia,Plano,Media ladera Izquierda,Recta,Transito normal con precaución,12,20,1,0,1.0,Choque,maniobras imprudentes,29RSC_1_11,12.0,0.0
Planta Central,2020-09-18 22:18:00,83,600.0,2020-08-05 05:00:00,miercoles,50,Seca,Seca y limpia,Ondulado,Media Ladera Derecha,Curva Izquierda,Transito normal con precaución,6,50,0,0,0.0,Volcamiento,fallas mecanicas y del sistema electrico,45A05_1_83,6.0,0.0
Planta Central,2020-09-18 22:33:00,32,20.0,2020-08-31 05:00:00,lunes,0,Seca,Seca y limpia,Plano,Terraplen,Recta,Transito normal con precaución,11,0,0,0,0.0,Volcamiento,fallas mecanicas y del sistema electrico,45A05_1_32,11.0,0.0
Risaralda,2020-09-18 15:42:00,8,950.0,2020-07-12 05:00:00,domingo,0,Normal,Seca y limpia,Plano,Terraplen,Recta,Transito normal con precaución,10,0,0,0,0.0,Choque,no mantener distancia de seguridad,29RSC_1_8,10.0,0.0
Risaralda,2020-09-18 15:49:00,0,900.0,2020-07-13 05:00:00,lunes,20,Normal,Seca y limpia,Plano,Terraplen,Recta,Transito normal con precaución,17,20,0,0,0.0,Choque,maniobras imprudentes,2507_1_0,17.0,0.0
Risaralda,2020-09-18 15:56:00,1,300.0,2020-07-13 05:00:00,lunes,30,Normal,Seca y limpia,Plano,Terraplen,Recta,Transito normal con precaución,17,30,0,0,0.0,Choque,conducta de pasajeros,2507_1_1,17.0,0.0
Risaralda,2020-09-18 16:02:00,4,900.0,2020-07-19 05:00:00,domingo,0,Lluvia,Humeda,Plano,Terraplen,Recta,Transito normal con precaución,13,0,0,0,0.0,Choque,no mantener distancia de seguridad,2902_1_4,13.0,0.0
Risaralda,2020-09-18 16:07:00,5,500.0,2020-07-22 05:00:00,miercoles,15,Normal,Seca y limpia,Plano,Terraplen,Recta,Transito normal con precaución,18,15,2,0,2.0,Choque,desobediencia a normas y senales,2902_2_5,18.0,0.0
Risaralda,2020-09-18 16:12:00,1,950.0,2020-07-26 05:00:00,domingo,30,Normal,Seca y limpia,Plano,Terraplen,Recta,Transito normal con precaución,20,30,2,0,2.0,Choque,otra - conductor en general,2902_2_1,20.0,0.0
Risaralda,2020-09-18 16:18:00,3,200.0,2020-07-27 05:00:00,lunes,25,Normal,Seca y limpia,Plano,Terraplen,Recta,Transito normal con precaución,12,25,1,0,1.0,Choque,otra - conductor en general,2902_2_3,12.0,0.0
Risaralda,2020-09-18 16:29:00,1,454.0,2020-07-28 05:00:00,martes,0,Normal,Seca y limpia,Plano,Terraplen,Recta,Transito normal con precaución,11,0,1,0,1.0,Choque,no mantener distancia de seguridad,2902_2_1,11.0,0.0
Risaralda,2020-09-18 16:36:00,1,700.0,2020-07-30 05:00:00,jueves,0,Normal,Seca y limpia,Plano,Terraplen,Recta,Transito normal con precaución,13,0,0,0,0.0,Choque,maniobras imprudentes,2902_1_1,13.0,0.0
Caquetá,2020-09-21 13:09:00,70,430.0,2020-07-21 05:00:00,martes,0,Normal,Seca y limpia,Ondulado,Media Ladera Derecha,Curva Derecha,Transito normal con precaución,0,0,1,0,1.0,Volcamiento,impericia en el manejo,2003A_0_70,12.0,12.0
Santander,2020-09-21 22:27:00,113,168.0,2020-08-27 05:00:00,jueves,50,Normal,Seca y limpia,Ondulado,Media Ladera Derecha,Curva Izquierda,Transito normal con precaución,16,50,0,0,0.0,Choque,impericia en el manejo,55ST02_1_113,16.0,0.0
Huila,2020-09-21 22:35:00,132,620.0,2020-05-10 05:00:00,domingo,55,Sol,Seca y limpia,Plano,Terraplen,Recta,Transito normal con precaución,0,0,0,0,0.0,Choque,desobediencia a normas y senales,4503_1_132,12.0,12.0
Caquetá,2020-09-21 14:20:00,49,560.0,2020-09-29 05:00:00,martes,0,Normal,Humeda,Ondulado,Terraplen,Curva Izquierda,Transito normal con precaución,0,0,1,0,1.0,Choque,impericia en el manejo,6503_1_49,7.0,17.0
Putumayo,2020-09-21 18:32:00,3,950.0,2020-08-20 05:00:00,jueves,0,Sol,Seca y limpia,Plano,Terraplen,Curva Izquierda,Transito normal con precaución,0,0,0,0,0.0,Otro,exceso de velocidad,6501_0_3,11.0,13.0
Huila,2020-09-21 22:04:00,133,830.0,2020-05-09 05:00:00,sabado,30,Sol,Seca y limpia,Plano,Cajón,Recta,Transito normal con precaución,0,0,1,0,2.0,Atropello,desobediencia a normas y senales,4503_1_133,16.0,8.0
Boyacá,2020-09-22 13:49:00,55,970.0,2020-08-08 05:00:00,sabado,20,Normal,Seca y limpia,Plano,Media Ladera Derecha,Recta,Parcial con paso alternado,0,40,0,0,0.0,Choque,maniobras imprudentes,6008_0_55,7.0,17.0
Risaralda,2020-09-22 19:15:00,5,900.0,2020-08-31 05:00:00,lunes,30,Normal,Seca y limpia,Plano,Terraplen,Recta,Transito normal con precaución,1,0,0,0,0.0,Choque,adelantamientos indebidos,29RS01_2_5,18.0,7.0
Planta Central,2020-09-22 19:57:00,62,885.0,2020-01-10 05:00:00,viernes,0,Normal,Seca y limpia,Plano,Terraplen,Recta,Transito normal con precaución,13,30,0,0,0.0,Choque,no mantener distancia de seguridad,2512_1_62,13.0,0.0
Planta Central,2020-09-22 20:15:00,69,400.0,2020-06-05 05:00:00,viernes,50,Normal,Seca y limpia,Ondulado,Media ladera Izquierda,Recta,Parcial con paso alternado,19,0,1,0,1.0,Choque,adelantamientos indebidos,2510_1_69,18.0,1.0
Planta Central,2020-09-22 20:29:00,29,600.0,2020-06-03 05:00:00,miercoles,50,Lluvia,Humeda,Ondulado,Media Ladera Derecha,Curva Derecha,Transito normal con precaución,10,20,0,0,0.0,Choque,maniobras imprudentes,2511_0_29,9.0,1.0
Antioquia,2020-09-22 20:19:00,9,665.0,2020-01-22 05:00:00,miercoles,30,Normal,Seca y limpia,Montañoso,Media ladera Izquierda,Curva Derecha,Parcial con reducción de carriles,22,30,0,0,0.0,Incendio,fallas mecanicas y del sistema electrico,6003_1_9,21.0,1.0
Planta Central,2020-09-22 21:13:00,7,180.0,2020-06-30 05:00:00,martes,30,Lluvia,Humeda,Plano,Terraplen,Recta,Transito normal con precaución,7,10,0,0,0.0,Choque,fallas mecanicas y del sistema electrico,2512_1_7,5.0,2.0
Planta Central,2020-09-22 21:15:00,7,650.0,2020-06-12 05:00:00,viernes,50,Lluvia,Humeda,Plano,Terraplen,Recta,Transito normal con precaución,23,50,0,0,0.0,Volcamiento,condiciones de la via y factores ambientales,2512_1_7,22.0,1.0
Planta Central,2020-09-22 21:22:00,29,800.0,2020-06-07 05:00:00,domingo,30,Normal,Seca y limpia,Plano,Terraplen,Recta,Transito normal con precaución,15,20,1,0,1.0,Choque,embriaguez o sustancias alucinogenas,2512_1_29,14.0,1.0
Risaralda,2020-09-22 19:15:00,4,400.0,2020-08-31 05:00:00,lunes,45,Seca,Seca y limpia,Plano,Terraplen,Recta,Transito normal con precaución,0,45,0,0,0.0,Choque,no mantener distancia de seguridad,29RS01_1_4,12.0,12.0
Planta Central,2020-09-22 19:53:00,62,200.0,2020-01-25 05:00:00,sabado,35,Normal,Seca y limpia,Plano,Terraplen,Recta,Transito normal con precaución,10,50,0,0,0.0,Choque,adelantamientos indebidos,2512_1_62,10.0,0.0
Risaralda,2020-09-22 19:15:00,8,200.0,2020-08-29 05:00:00,sabado,45,Sol,Seca y limpia,Plano,Terraplen,Recta,Transito normal con precaución,1,0,1,0,1.0,Atropello,conducta de peatones,29RS01_1_8,11.0,14.0
Planta Central,2020-09-22 20:32:00,48,800.0,2020-06-05 05:00:00,viernes,0,Normal,Seca y limpia,Montañoso,Media ladera Izquierda,Recta,Transito normal con precaución,21,30,0,0,0.0,Choque,condiciones de la via y factores ambientales,2511_0_48,21.0,0.0
Antioquia,2020-09-22 20:49:00,14,990.0,2020-01-31 05:00:00,viernes,10,Normal,Seca y limpia,Montañoso,Media ladera Izquierda,Recta,Parcial con reducción de carriles,16,20,0,0,0.0,Choque,fallas mecanicas y del sistema electrico,6003_1_14,16.0,0.0
Planta Central,2020-09-22 20:58:00,77,640.0,2020-06-12 05:00:00,viernes,20,Lluvia,Humeda,Montañoso,Media ladera Izquierda,Curva Derecha,Transito normal con precaución,11,15,0,0,0.0,Choque,condiciones de la via y factores ambientales,2511_0_77,10.0,1.0
Planta Central,2020-09-22 21:19:00,9,50.0,2020-06-02 05:00:00,martes,50,Lluvia,Humeda,Plano,Terraplen,Recta,Transito normal con precaución,4,23,0,0,0.0,Choque,condiciones de la via y factores ambientales,2512_1_9,3.0,1.0
Planta Central,2020-09-22 21:28:00,54,600.0,2020-06-11 05:00:00,jueves,55,Normal,Seca y limpia,Plano,Terraplen,Recta,Parcial con reducción de carriles,6,0,0,1,1.0,Choque,otra - conductor en general,2512_1_54,4.0,2.0
Risaralda,2020-09-22 23:25:00,10,800.0,2020-08-24 05:00:00,lunes,52,Normal,Seca y limpia,Plano,Terraplen,Recta,Transito normal con precaución,0,30,0,0,0.0,Salida de la vía sin volcarse,maniobras imprudentes,29RS01_1_10,23.0,1.0
Risaralda,2020-09-22 19:15:00,3,867.0,2020-08-29 05:00:00,sabado,30,Seca,Seca y limpia,Plano,Terraplen,Curva Izquierda,Parcial con reducción de carriles,1,30,0,0,1.0,Choque,no mantener distancia de seguridad,29RS01_2_3,20.0,5.0
Risaralda,2020-09-22 21:54:00,7,200.0,2020-08-21 05:00:00,viernes,45,Normal,Seca y limpia,Plano,Terraplen,Recta,Transito normal con precaución,1,0,1,0,2.0,Choque,maniobras imprudentes,29RS01_1_7,6.0,19.0
Risaralda,2020-09-22 22:02:00,5,400.0,2020-08-20 05:00:00,jueves,45,Normal,Seca y limpia,Plano,Terraplen,Recta,Transito normal con precaución,0,30,0,0,0.0,Otro,condiciones de la via y factores ambientales,29RS01_1_5,14.0,10.0
Risaralda,2020-09-22 21:54:00,6,50.0,2020-08-21 05:00:00,viernes,40,Normal,Seca y limpia,Plano,Terraplen,Recta,Transito normal con precaución,1,0,2,0,4.0,Volcamiento,impericia en el manejo,29RS01_2_6,2.0,23.0
Risaralda,2020-09-22 22:23:00,5,700.0,2020-08-12 05:00:00,miercoles,0,Normal,Seca y limpia,Plano,Terraplen,Recta,Transito normal con precaución,0,45,0,0,0.0,Choque,no mantener distancia de seguridad,29RS01_1_5,18.0,6.0
Planta Central,2020-09-23 13:10:00,54,200.0,2020-07-27 05:00:00,lunes,50,Lluvia,Humeda,Ondulado,Media ladera Izquierda,Curva Izquierda,Transito normal con precaución,23,20,0,0,0.0,Otro,maniobras imprudentes,2510_1_54,22.0,1.0
Planta Central,2020-09-23 13:17:00,55,500.0,2020-07-29 05:00:00,miercoles,0,Normal,Seca y limpia,Ondulado,Terraplen,Recta,Parcial con reducción de carriles,19,0,2,0,2.0,Choque,maniobras imprudentes,2510_1_55,18.0,1.0
Planta Central,2020-09-23 13:44:00,77,400.0,2020-07-22 05:00:00,miercoles,30,Normal,Seca y limpia,Ondulado,Terraplen,Recta,Parcial con reducción de carriles,20,30,0,1,1.0,Atropello,conducta de peatones,2510_1_77,19.0,1.0
Planta Central,2020-09-23 13:50:00,83,600.0,2020-07-09 05:00:00,jueves,40,Normal,Seca y limpia,Ondulado,Terraplen,Recta,Transito normal con precaución,6,15,0,0,0.0,Choque,no mantener distancia de seguridad,2510_1_83,5.0,1.0
Planta Central,2020-09-23 13:59:00,87,600.0,2020-07-12 05:00:00,domingo,20,Normal,Seca y limpia,Ondulado,Terraplen,Recta,Parcial con reducción de carriles,11,45,1,0,1.0,Choque,maniobras imprudentes,2510_1_87,11.0,0.0
Antioquia,2020-09-23 14:05:00,16,57.0,2020-01-26 05:00:00,domingo,30,Normal,Seca y limpia,Montañoso,Media ladera Izquierda,Recta,Parcial con reducción de carriles,15,40,4,0,4.0,Choque,fallas mecanicas y del sistema electrico,6003_1_16,15.0,0.0
Planta Central,2020-09-23 14:09:00,3,500.0,2020-07-09 05:00:00,jueves,30,Normal,Seca y limpia,Plano,Terraplen,Recta,Parcial con reducción de carriles,10,10,1,0,1.0,Choque,no mantener distancia de seguridad,2511_0_3,9.0,1.0
Planta Central,2020-09-23 14:19:00,7,350.0,2020-07-30 05:00:00,jueves,0,Normal,Seca y limpia,Montañoso,Media ladera Izquierda,Recta,Transito normal con precaución,12,0,0,0,0.0,Choque,no mantener distancia de seguridad,2511_0_7,11.0,1.0
Planta Central,2020-09-23 15:53:00,48,400.0,2020-07-10 05:00:00,viernes,0,Lluvia,Humeda,Montañoso,Media ladera Izquierda,Curva Izquierda,Transito normal con precaución,20,30,0,0,0.0,Choque,no mantener distancia de seguridad,2511_0_48,20.0,0.0
Planta Central,2020-09-23 15:58:00,48,750.0,2020-07-16 05:00:00,jueves,0,Lluvia,Humeda,Montañoso,Media ladera Izquierda,Curva Derecha,Transito normal con precaución,20,15,0,0,0.0,Choque,condiciones de la via y factores ambientales,2511_0_48,19.0,1.0
Antioquia,2020-09-23 15:55:00,88,300.0,2020-01-24 05:00:00,viernes,40,Normal,Humeda,Ondulado,Media Ladera Derecha,Recta,Parcial con reducción de carriles,14,48,2,0,2.0,Choque,no mantener distancia de seguridad,6003_1_88,16.0,22.0
Planta Central,2020-09-23 16:06:00,53,650.0,2020-07-26 05:00:00,domingo,45,Niebla,Humeda,Montañoso,Media ladera Izquierda,Recta,Transito normal con precaución,18,25,0,0,0.0,Choque,condiciones de la via y factores ambientales,2511_0_53,17.0,1.0