territorial,fecha_registro,pr,distancia_pr,fecha_acc,dia_semana_acc,min_acc,condic_meteor,estado_super,terreno,secc_tip,geometria_acc,tipo_cierre,horas_cierre,min_cierre,n_heridos,n_muertos,n_victimas,clase_accidente,causa_posible,ref_loc,hora_acc,duracion_cierre_horas
Planta Central,2020-09-23 16:09:00,54,280.0,2020-07-02 05:00:00,jueves,30,Lluvia,Humeda,Montañoso,Media ladera Izquierda,Curva Izquierda,Transito normal con precaución,8,30,0,0,0.0,Choque,condiciones de la via y factores ambientales,2511_0_54,7.0,1.0
Planta Central,2020-09-23 16:15:00,59,740.0,2020-07-20 05:00:00,lunes,10,Normal,Seca y limpia,Ondulado,Media ladera Izquierda,Recta,Transito normal con precaución,6,0,0,0,0.0,Choque,maniobras imprudentes,2511_0_59,23.0,7.0
Antioquia,2020-09-23 16:09:00,94,300.0,2020-01-19 05:00:00,domingo,50,Normal,Seca y limpia,Ondulado,Media Ladera Derecha,Curva Derecha,Parcial con reducción de carriles,12,10,0,0,0.0,Choque,fallas mecanicas y del sistema electrico,6003_1_94,11.0,1.0
Antioquia,2020-09-23 16:39:00,94,774.0,2020-01-15 05:00:00,miercoles,15,Normal,Seca y limpia,Ondulado,Media Ladera Derecha,Recta,Parcial con reducción de carriles,16,35,1,0,1.0,Choque,exceso de velocidad,6003_1_94,16.0,0.0
Planta Central,2020-09-23 16:55:00,80,700.0,2020-07-27 05:00:00,lunes,40,Normal,Seca y limpia,Montañoso,Media ladera Izquierda,Recta,Transito normal con precaución,19,15,0,0,0.0,Volcamiento,fallas mecanicas y del sistema electrico,2511_0_80,14.0,5.0
Planta Central,2020-09-23 17:36:00,83,973.0,2020-07-20 05:00:00,lunes,30,Normal,Seca y limpia,Montañoso,Media ladera Izquierda,Curva Derecha,Parcial con reducción de carriles,8,30,1,1,2.0,Choque,otra - conductor en general,2511_0_83,6.0,2.0
Planta Central,2020-09-23 17:52:00,97,200.0,2020-07-15 05:00:00,miercoles,0,Normal,Seca y limpia,Montañoso,Media ladera Izquierda,Curva Derecha,Transito normal con precaución,23,40,0,0,0.0,Choque,fallas mecanicas y del sistema electrico,2511_0_97,23.0,0.0
Planta Central,2020-09-23 20:07:00,8,820.0,2020-07-30 05:00:00,jueves,40,Normal,Seca y limpia,Plano,Terraplen,Recta,Transito normal con precaución,10,0,0,0,0.0,Volcamiento,exceso en horas de conduccion,2512_1_8,9.0,1.0
Planta Central,2020-09-23 20:07:00,8,820.0,2020-07-30 05:00:00,jueves,40,Normal,Seca y limpia,Plano,Terraplen,Recta,Transito normal con precaución,10,0,0,0,0.0,Volcamiento,exceso en horas de conduccion,2512_1_8,9.0,1.0
Planta Central,2020-09-23 20:18:00,21,500.0,2020-07-04 05:00:00,sabado,10,Normal,Seca y limpia,Plano,Terraplen,Recta,Transito normal con precaución,10,30,0,0,0.0,Choque,no mantener distancia de seguridad,2512_1_21,10.0,0.0
Planta Central,2020-09-23 20:23:00,31,920.0,2020-07-25 05:00:00,sabado,5,Lluvia,Humeda,Plano,Terraplen,Recta,Transito normal con precaución,1,35,0,0,0.0,Choque,condiciones de la via y factores ambientales,2512_1_31,1.0,0.0
Planta Central,2020-09-23 20:27:00,32,170.0,2020-07-23 05:00:00,jueves,40,Normal,Seca y limpia,Plano,Terraplen,Recta,Transito normal con precaución,9,40,0,0,0.0,Choque,embriaguez o sustancias alucinogenas,2512_1_32,8.0,1.0
Antioquia,2020-09-23 19:51:00,26,650.0,2020-02-10 05:00:00,lunes,30,Normal,Seca y limpia,Montañoso,Media ladera Izquierda,Recta,Parcial con reducción de carriles,6,40,1,0,1.0,Caída ocupante,embriaguez o sustancias alucinogenas,6003_1_26,6.0,0.0
Planta Central,2020-09-23 20:33:00,58,700.0,2020-07-02 05:00:00,jueves,0,Normal,Seca y limpia,Plano,Terraplen,Recta,Parcial con reducción de carriles,15,10,1,0,1.0,Choque,exceso en horas de conduccion,2512_1_58,14.0,1.0
Tolima,2020-09-24 00:59:00,8,220.0,2020-08-05 05:00:00,miercoles,0,Normal,Seca y limpia,Plano,Terraplen,Curva Izquierda,Parcial con paso alternado,12,1,0,0,0.0,Choque,impericia en el manejo,3603_0_8,12.0,0.0
Tolima,2020-09-24 01:35:00,8,300.0,2020-08-18 05:00:00,martes,30,Normal,Seca y limpia,Plano,Terraplen,Curva Izquierda,Parcial con paso alternado,15,31,1,0,1.0,Choque,impericia en el manejo,3603_0_8,15.0,0.0
Tolima,2020-09-24 02:00:00,19,700.0,2020-08-23 05:00:00,domingo,0,Normal,Seca y limpia,Plano,Terraplen,Recta,Cierre total,18,15,1,2,3.0,Choque,exceso de velocidad,3602_0_19,6.0,12.0
Planta Central,2020-09-23 13:47:00,81,400.0,2020-07-27 05:00:00,lunes,10,Normal,Seca y limpia,Ondulado,Terraplen,Recta,Parcial con reducción de carriles,18,40,0,0,1.0,Choque,conducta de peatones,2510_1_81,18.0,0.0
Planta Central,2020-09-23 14:29:00,18,900.0,2020-07-03 05:00:00,viernes,45,Normal,Seca y limpia,Montañoso,Media ladera Izquierda,Curva Derecha,Transito normal con precaución,7,30,0,0,0.0,Choque,otra - conductor en general,2511_0_18,6.0,1.0
Planta Central,2020-09-23 14:40:00,27,100.0,2020-07-05 05:00:00,domingo,50,Normal,Seca y limpia,Ondulado,Media ladera Izquierda,Recta,Transito normal con precaución,18,50,0,0,0.0,Choque,fallas mecanicas y del sistema electrico,2511_0_27,18.0,0.0
Planta Central,2020-09-23 14:49:00,31,300.0,2020-07-05 05:00:00,domingo,0,Lluvia,Humeda,Ondulado,Media ladera Izquierda,Recta,Transito normal con precaución,23,0,0,0,0.0,Choque,no mantener distancia de seguridad,2511_0_31,22.0,1.0
Caquetá,2020-09-23 14:50:00,56,55.0,2020-09-19 05:00:00,sabado,44,Normal,Seca y limpia,Ondulado,Media ladera Izquierda,Recta,Transito normal con precaución,19,44,0,1,3.0,Choque,otra - pasajero o acompanante,6502_1_56,19.0,0.0
Planta Central,2020-09-23 15:10:00,39,650.0,2020-07-04 05:00:00,sabado,45,Normal,Seca y limpia,Ondulado,Media ladera Izquierda,Recta,Transito normal con precaución,14,45,0,0,0.0,Choque,no mantener distancia de seguridad,2511_0_39,14.0,0.0
Planta Central,2020-09-23 16:02:00,53,350.0,2020-07-24 05:00:00,viernes,30,Normal,Seca y limpia,Montañoso,Media ladera Izquierda,Curva Derecha,Transito normal con precaución,8,55,0,0,0.0,Choque,condiciones de la via y factores ambientales,2511_0_53,8.0,0.0
Planta Central,2020-09-23 16:11:00,59,0.0,2020-07-04 05:00:00,sabado,20,Normal,Seca y limpia,Montañoso,Media ladera Izquierda,Curva Derecha,Transito normal con precaución,13,45,0,0,0.0,Choque,adelantamientos indebidos,2511_0_59,13.0,0.0
Planta Central,2020-09-23 16:19:00,76,200.0,2020-07-29 05:00:00,miercoles,25,Normal,Seca y limpia,Montañoso,Media ladera Izquierda,Recta,Transito normal con precaución,21,0,0,0,0.0,Choque,estacionamiento y senalizacion imprudente,2511_0_76,20.0,1.0
Planta Central,2020-09-23 16:22:00,79,300.0,2020-07-13 05:00:00,lunes,55,Normal,Seca y limpia,Montañoso,Media ladera Izquierda,Recta,Transito normal con precaución,7,40,0,0,0.0,Choque,adelantamientos indebidos,2511_0_79,6.0,1.0
Planta Central,2020-09-23 17:57:00,111,580.0,2020-07-30 05:00:00,jueves,10,Normal,Seca y limpia,Plano,Terraplen,Recta,Transito normal con precaución,11,40,0,0,0.0,Choque,no mantener distancia de seguridad,2511_0_111,11.0,0.0
Planta Central,2020-09-23 18:07:00,117,47.0,2020-07-20 05:00:00,lunes,30,Normal,Seca y limpia,Montañoso,Media ladera Izquierda,Curva Derecha,Transito normal con precaución,14,0,0,0,0.0,Choque,adelantamientos indebidos,2511_0_117,6.0,8.0
Antioquia,2020-09-23 19:19:00,54,580.0,2020-01-24 05:00:00,viernes,0,Normal,Seca y limpia,Ondulado,Media ladera Izquierda,Recta,Parcial con reducción de carriles,13,20,0,0,0.0,Choque,desobediencia a normas y senales,6205_1_54,13.0,0.0
Caquetá,2020-09-23 19:19:00,46,362.0,2020-09-18 05:00:00,viernes,15,Seca,Seca y limpia,Ondulado,Media ladera Izquierda,Recta,Transito normal con precaución,5,15,1,0,1.0,Volcamiento,otra - pasajero o acompanante,2003_0_46,5.0,0.0
Antioquia,2020-09-23 19:37:00,14,572.0,2020-02-29 05:00:00,sabado,5,Normal,Seca y limpia,Montañoso,Media Ladera Derecha,Recta,Parcial con reducción de carriles,0,20,1,0,1.0,Choque,desobediencia a normas y senales,6003_1_14,0.0,0.0
Planta Central,2020-09-23 20:12:00,21,120.0,2020-07-02 05:00:00,jueves,50,Lluvia,Humeda,Plano,Terraplen,Recta,Transito normal con precaución,17,20,0,0,0.0,Choque,adelantamientos indebidos,2512_1_21,16.0,1.0
Antioquia,2020-09-23 20:42:00,26,650.0,2020-02-10 05:00:00,lunes,30,Normal,Seca y limpia,Montañoso,Media ladera Izquierda,Recta,Parcial con reducción de carriles,6,40,1,0,1.0,Caída ocupante,embriaguez o sustancias alucinogenas,6003_1_26,6.0,0.0
Tolima,2020-09-24 02:37:00,45,525.0,2020-08-14 05:00:00,viernes,30,Normal,Seca y limpia,Plano,Terraplen,Curva Izquierda,Cierre total,13,40,0,0,1.0,Choque,embriaguez o sustancias alucinogenas,3602_0_45,13.0,0.0
Planta Central,2020-09-24 13:10:00,56,650.0,2020-08-09 05:00:00,domingo,30,Lluvia,Humeda,Ondulado,Media ladera Izquierda,Curva Izquierda,Transito normal con precaución,7,50,0,0,0.0,Volcamiento,maniobras imprudentes,2510_1_56,7.0,0.0
Planta Central,2020-09-24 13:21:00,58,350.0,2020-08-01 05:00:00,sabado,50,Normal,Seca y limpia,Ondulado,Terraplen,Recta,Parcial con reducción de carriles,9,0,2,0,2.0,Choque,condiciones de la via y factores ambientales,2510_1_58,8.0,1.0
Planta Central,2020-09-24 13:29:00,66,200.0,2020-08-27 05:00:00,jueves,20,Normal,Seca y limpia,Plano,Terraplen,Recta,Parcial con reducción de carriles,4,50,3,0,3.0,Atropello,desobediencia a normas y senales,2510_1_66,4.0,0.0
Antioquia,2020-09-24 13:46:00,89,600.0,2020-02-27 05:00:00,jueves,30,Normal,Seca y limpia,Montañoso,Media ladera Izquierda,Recta,Parcial con reducción de carriles,16,50,0,0,0.0,Choque,fallas mecanicas y del sistema electrico,6003_1_89,16.0,0.0
Planta Central,2020-09-24 13:47:00,73,550.0,2020-08-02 05:00:00,domingo,30,Normal,Seca y limpia,Ondulado,Media ladera Izquierda,Recta,Parcial con reducción de carriles,19,50,0,1,1.0,Atropello,conducta de peatones,2510_1_73,19.0,0.0
Planta Central,2020-09-24 13:35:00,68,700.0,2020-08-24 05:00:00,lunes,30,Lluvia,Humeda,Ondulado,Media ladera Izquierda,Curva Derecha,Parcial con reducción de carriles,19,40,1,0,1.0,Choque,condiciones de la via y factores ambientales,2510_1_68,19.0,0.0
Planta Central,2020-09-24 13:39:00,70,500.0,2020-08-05 05:00:00,miercoles,20,Normal,Seca y limpia,Plano,Terraplen,Recta,Transito normal con precaución,5,40,0,0,0.0,Volcamiento,fallas mecanicas y del sistema electrico,2510_1_70,5.0,0.0
Antioquia,2020-09-24 13:56:00,89,800.0,2020-02-08 05:00:00,sabado,30,Normal,Seca y limpia,Ondulado,Media Ladera Derecha,Recta,Parcial con reducción de carriles,14,50,0,0,0.0,Choque,adelantamientos indebidos,6003_1_89,14.0,0.0
Planta Central,2020-09-24 13:50:00,75,0.0,2020-08-24 05:00:00,lunes,30,Normal,Seca y limpia,Ondulado,Media ladera Izquierda,Curva Derecha,Transito normal con precaución,20,0,0,0,0.0,Choque,maniobras imprudentes,2510_1_75,19.0,1.0
Antioquia,2020-09-24 14:15:00,94,775.0,2020-02-12 05:00:00,miercoles,30,Normal,Seca y limpia,Ondulado,Media Ladera Derecha,Recta,Parcial con reducción de carriles,6,40,0,0,0.0,Choque,desobediencia a normas y senales,6003_1_94,6.0,0.0
Antioquia,2020-09-24 14:29:00,54,150.0,2020-02-26 05:00:00,miercoles,20,Normal,Seca y limpia,Ondulado,Media ladera Izquierda,Curva Derecha,Parcial con reducción de carriles,22,50,0,0,0.0,Choque,desobediencia a normas y senales,6205_1_54,22.0,0.0
Antioquia,2020-09-24 14:51:00,54,300.0,2020-02-25 05:00:00,martes,50,Normal,Seca y limpia,Ondulado,Media ladera Izquierda,Curva Derecha,Parcial con reducción de carriles,12,10,1,0,1.0,Choque,adelantamientos indebidos,6205_1_54,11.0,1.0
Antioquia,2020-09-24 15:05:00,54,320.0,2020-02-19 05:00:00,miercoles,20,Normal,Seca y limpia,Ondulado,Media ladera Izquierda,Recta,Parcial con reducción de carriles,13,40,0,0,0.0,Choque,desobediencia a normas y senales,6205_1_54,13.0,0.0
Antioquia,2020-09-24 15:12:00,54,485.0,2020-02-02 05:00:00,domingo,50,Normal,Seca y limpia,Ondulado,Media ladera Izquierda,Recta,Parcial con reducción de carriles,19,5,1,0,1.0,Atropello,desobediencia a normas y senales,6205_1_54,18.0,1.0
Planta Central,2020-09-24 15:04:00,3,0.0,2020-08-23 05:00:00,domingo,0,Normal,Seca y limpia,Plano,Terraplen,Recta,Transito normal con precaución,9,0,0,0,0.0,Choque,embriaguez o sustancias alucinogenas,2511_0_3,9.0,0.0
Planta Central,2020-09-24 15:19:00,31,950.0,2020-08-03 05:00:00,lunes,15,Normal,Seca y limpia,Ondulado,Media Ladera Derecha,Curva Derecha,Transito normal con precaución,7,40,0,0,0.0,Choque,exceso de velocidad,2511_0_31,7.0,0.0
Planta Central,2020-09-24 15:25:00,55,100.0,2020-08-05 05:00:00,miercoles,0,Normal,Seca y limpia,Montañoso,Media ladera Izquierda,Curva Derecha,Transito normal con precaución,20,0,0,0,0.0,Choque,adelantamientos indebidos,2511_0_55,19.0,1.0
Antioquia,2020-09-24 15:25:00,0,600.0,2020-02-17 05:00:00,lunes,0,Lluvia,Humeda,Ondulado,Media Ladera Derecha,Recta,Parcial con reducción de carriles,6,10,1,0,1.0,Choque,desobediencia a normas y senales,6206_1_0,5.0,1.0
Planta Central,2020-09-24 15:28:00,59,600.0,2020-08-04 05:00:00,martes,45,Normal,Seca y limpia,Montañoso,Media ladera Izquierda,Curva Derecha,Transito normal con precaución,15,15,0,0,0.0,Choque,impericia en el manejo,2511_0_59,14.0,1.0
Antioquia,2020-09-24 15:37:00,14,631.0,2020-03-13 05:00:00,viernes,30,Normal,Seca y limpia,Montañoso,Media ladera Izquierda,Recta,Parcial con reducción de carriles,6,0,1,0,1.0,Choque,fallas mecanicas y del sistema electrico,6003_1_14,5.0,1.0
Planta Central,2020-09-24 15:40:00,67,100.0,2020-08-10 05:00:00,lunes,0,Normal,Seca y limpia,Ondulado,Media ladera Izquierda,Recta,Transito normal con precaución,15,30,0,0,0.0,Choque,fallas mecanicas y del sistema electrico,2511_0_67,15.0,0.0
Planta Central,2020-09-24 16:30:00,83,50.0,2020-08-02 05:00:00,domingo,45,Normal,Seca y limpia,Montañoso,Media ladera Izquierda,Curva Izquierda,Parcial con reducción de carriles,8,0,3,0,3.0,Choque,fallas mecanicas y del sistema electrico,2511_0_83,7.0,1.0
Planta Central,2020-09-24 16:41:00,31,650.0,2020-08-24 05:00:00,lunes,40,Normal,Seca y limpia,Plano,Terraplen,Recta,Transito normal con precaución,11,0,0,0,0.0,Choque,condiciones de la via y factores ambientales,2512_1_31,10.0,1.0
Planta Central,2020-09-24 16:45:00,34,650.0,2020-08-20 05:00:00,jueves,40,Normal,Seca y limpia,Plano,Terraplen,Recta,Transito normal con precaución,11,22,0,0,0.0,Choque,fallas mecanicas y del sistema electrico,2512_1_34,10.0,1.0
Planta Central,2020-09-25 14:58:00,53,680.0,2019-12-22 05:00:00,domingo,30,Normal,Seca y limpia,Ondulado,Terraplen,Recta,Parcial con reducción de carriles,15,0,2,0,2.0,Choque,adelantamientos indebidos,2510_1_53,12.0,3.0
Meta,2020-09-25 15:30:00,99,900.0,2020-08-09 05:00:00,domingo,0,Seca,Seca y limpia,Plano,Terraplen,Recta,Parcial con paso alternado,0,45,1,0,1.0,Choque,impericia en el manejo,6508_1_99,10.0,14.0
Córdoba,2020-09-25 18:55:00,5,550.0,2020-08-05 05:00:00,miercoles,0,Normal,Seca y limpia,Ondulado,Media Ladera Derecha,Recta,Transito normal con precaución,0,0,0,0,0.0,Volcamiento,otra - conductor en general,2514_1_5,11.0,13.0
Córdoba,2020-09-25 19:01:00,39,27.0,2020-08-15 05:00:00,sabado,30,Normal,Seca y limpia,Plano,Terraplen,Recta,Transito normal con precaución,0,0,0,0,0.0,Choque,maniobras imprudentes,2514_1_39,10.0,14.0
Valle del Cauca,2020-09-25 19:30:00,8,119.0,2020-07-01 05:00:00,miercoles,5,Normal,Seca y limpia,Plano,Terraplen,Recta,Parcial con reducción de carriles,21,36,1,0,1.0,Choque,adelantamientos indebidos,4001_1_8,21.0,0.0
Valle del Cauca,2020-09-25 19:50:00,12,996.0,2020-07-04 05:00:00,sabado,50,Normal,Seca y limpia,Plano,Terraplen,Recta,Parcial con reducción de carriles,15,5,0,0,0.0,Choque,maniobras imprudentes,4001_1_12,14.0,1.0
Antioquia,2020-09-25 19:52:00,32,10.0,2020-03-14 05:00:00,sabado,0,Normal,Material suelto,Montañoso,Media ladera Izquierda,Curva Derecha,Parcial con reducción de carriles,6,20,1,0,1.0,Choque,desobediencia a normas y senales,6003_1_32,6.0,0.0
Antioquia,2020-09-25 19:57:00,94,770.0,2020-04-02 05:00:00,jueves,40,Normal,Seca y limpia,Montañoso,Media Ladera Derecha,Recta,Parcial con reducción de carriles,20,42,1,0,1.0,Volcamiento,exceso en horas de conduccion,6003_1_94,20.0,0.0
Antioquia,2020-09-25 20:10:00,94,480.0,2020-04-06 05:00:00,lunes,50,Normal,Seca y limpia,Montañoso,Media Ladera Derecha,Curva Derecha,Parcial con reducción de carriles,11,55,1,0,1.0,Atropello,conducta de peatones,6003_1_94,11.0,0.0
Cesar,2020-09-25 20:30:00,4,900.0,2020-08-16 05:00:00,domingo,30,Normal,Seca y limpia,Plano,Terraplen,Curva Izquierda,Transito normal con precaución,0,0,0,0,2.0,Choque,embriaguez o sustancias alucinogenas,8004A_1_4,8.0,16.0
Antioquia,2020-09-25 20:22:00,94,773.0,2020-05-11 05:00:00,lunes,10,Normal,Seca y limpia,Montañoso,Media Ladera Derecha,Recta,Parcial con reducción de carriles,7,15,1,0,1.0,Choque,fallas mecanicas y del sistema electrico,6003_1_94,7.0,0.0
Valle del Cauca,2020-09-25 21:02:00,10,970.0,2020-07-07 05:00:00,martes,50,Normal,Seca y limpia,Plano,Terraplen,Curva Derecha,Parcial con reducción de carriles,7,34,1,0,1.0,Choque,no mantener distancia de seguridad,4001_1_10,6.0,1.0
Valle del Cauca,2020-09-25 21:11:00,29,100.0,2020-07-11 05:00:00,sabado,0,Normal,Seca y limpia,Montañoso,Media ladera Izquierda,Curva Izquierda,Parcial con reducción de carriles,6,10,0,0,0.0,Choque,otra - pasajero o acompanante,4001_2_29,3.0,3.0
Tolima,2020-09-25 22:12:00,17,350.0,2020-08-15 05:00:00,sabado,0,Normal,Humeda,Montañoso,Media ladera Izquierda,Curva Derecha,Parcial restringido a vehiculos pesados,9,30,0,0,0.0,Choque,fallas mecanicas y del sistema electrico,5007_1_17,8.0,1.0
Tolima,2020-09-25 23:01:00,6,400.0,2020-08-24 05:00:00,lunes,30,Normal,Seca y limpia,Montañoso,Media ladera Izquierda,Curva Derecha,Transito normal con precaución,17,0,0,0,0.0,Choque,no mantener distancia de seguridad,5007_1_6,16.0,1.0
Cauca,2020-09-25 23:21:00,6,100.0,2020-09-21 05:00:00,lunes,43,Sol,Seca y limpia,Montañoso,Media ladera Izquierda,Curva Izquierda,Parcial con paso alternado,3,0,2,0,2.0,Volcamiento,fallas mecanicas y del sistema electrico,2602_0_6,10.0,17.0
Planta Central,2020-09-25 15:14:00,68,500.0,2019-12-17 05:00:00,martes,25,Normal,Seca y limpia,Ondulado,Media Ladera Derecha,Curva Derecha,Parcial con reducción de carriles,11,50,1,0,1.0,Choque,adelantamientos indebidos,2510_1_68,11.0,0.0
Meta,2020-09-25 15:30:00,27,320.0,2020-08-27 05:00:00,jueves,0,Seca,Seca y limpia,Ondulado,Media ladera Izquierda,Curva Izquierda,Transito normal con precaución,1,30,0,1,1.0,Choque,exceso en horas de conduccion,6508_1_27,12.0,13.0
Meta,2020-09-25 15:45:00,94,70.0,2020-08-02 05:00:00,domingo,0,Seca,Seca y limpia,Plano,Terraplen,Recta,Transito normal con precaución,1,10,1,0,1.0,Choque,no mantener distancia de seguridad,6508_1_94,8.0,17.0
Meta,2020-09-25 15:53:00,95,400.0,2020-08-16 05:00:00,domingo,40,Normal,Seca y limpia,Plano,Terraplen,Recta,Transito normal con precaución,0,45,2,0,3.0,Atropello,embriaguez o sustancias alucinogenas,65A02_1_95,20.0,4.0
Meta,2020-09-25 16:00:00,99,0.0,2020-08-09 05:00:00,domingo,30,Seca,Seca y limpia,Plano,Terraplen,Curva Izquierda,Transito normal con precaución,1,20,1,0,1.0,Choque,no mantener distancia de seguridad,65A02_1_99,16.0,9.0
Nariño,2020-09-25 16:15:00,24,860.0,2020-08-05 05:00:00,miercoles,30,Normal,Seca y limpia,Ondulado,Cajón,Curva Derecha,Transito normal con precaución,20,30,0,1,1.0,Atropello,conducta de peatones,1002_1_24,20.0,0.0
Nariño,2020-09-25 16:22:00,57,100.0,2020-08-15 05:00:00,sabado,10,Normal,Seca y limpia,Montañoso,Media ladera Izquierda,Recta,Transito normal con precaución,15,10,0,1,1.0,Volcamiento,otra - conductor en general,1002_1_57,15.0,0.0
Nariño,2020-09-25 16:34:00,93,300.0,2020-08-01 05:00:00,sabado,0,Normal,Seca y limpia,Montañoso,Cajón,Curva Derecha,Transito normal con precaución,14,0,0,2,3.0,Choque,embriaguez o sustancias alucinogenas,1002_1_93,14.0,0.0
Valle del Cauca,2020-09-25 19:10:00,54,450.0,2020-07-01 05:00:00,miercoles,50,Lluvia,Humeda,Montañoso,Media ladera Izquierda,Recta,Parcial con reducción de carriles,7,10,0,0,0.0,Choque,condiciones de la via y factores ambientales,4001_1_54,5.0,2.0
Valle del Cauca,2020-09-25 19:47:00,8,368.0,2020-07-02 05:00:00,jueves,10,Normal,Seca y limpia,Plano,Terraplen,Recta,Parcial con reducción de carriles,15,30,0,0,0.0,Choque,no mantener distancia de seguridad,4001_1_8,15.0,0.0
Valle del Cauca,2020-09-25 20:26:00,5,173.0,2020-07-06 05:00:00,lunes,30,Normal,Seca y limpia,Plano,Terraplen,Recta,Parcial con reducción de carriles,11,20,0,0,0.0,Choque,no mantener distancia de seguridad,4001_1_5,10.0,1.0
Valle del Cauca,2020-09-25 21:05:00,4,353.0,2020-07-07 05:00:00,martes,10,Normal,Seca y limpia,Plano,Terraplen,Recta,Parcial con reducción de carriles,12,30,0,0,0.0,Choque,adelantamientos indebidos,4001_1_4,12.0,0.0
Antioquia,2020-09-25 21:08:00,94,780.0,2020-06-26 05:00:00,viernes,14,Normal,Seca y limpia,Montañoso,Media Ladera Derecha,Recta,Parcial con reducción de carriles,14,15,0,0,0.0,Choque,desobediencia a normas y senales,6003_1_94,14.0,0.0
Valle del Cauca,2020-09-25 21:08:00,8,566.0,2020-07-07 05:00:00,martes,42,Normal,Seca y limpia,Plano,Terraplen,Recta,Parcial con reducción de carriles,12,38,1,0,1.0,Caída ocupante,otra - pasajero o acompanante,4001_1_8,10.0,2.0
Valle del Cauca,2020-09-25 21:15:00,22,600.0,2020-07-11 05:00:00,sabado,40,Normal,Seca y limpia,Montañoso,Media ladera Izquierda,Curva Derecha,Parcial con reducción de carriles,10,55,0,0,0.0,Choque,otra - pasajero o acompanante,4001_1_22,10.0,0.0
Valle del Cauca,2020-09-25 21:27:00,3,185.0,2020-07-12 05:00:00,domingo,0,Normal,Seca y limpia,Plano,Terraplen,Recta,Parcial con reducción de carriles,13,35,0,0,0.0,Choque,no mantener distancia de seguridad,4001_2_3,13.0,0.0
Antioquia,2020-09-25 21:50:00,1,550.0,2020-06-05 05:00:00,viernes,0,Normal,Seca y limpia,Montañoso,Media ladera Izquierda,Curva Derecha,Parcial con reducción de carriles,22,0,0,0,0.0,Choque,fallas mecanicas y del sistema electrico,6003_1_1,21.0,1.0
Tolima,2020-09-25 21:50:00,7,400.0,2020-08-13 05:00:00,jueves,15,Normal,Seca y limpia,Montañoso,Media ladera Izquierda,Curva Derecha,Transito normal con precaución,16,35,2,0,2.0,Choque,adelantamientos indebidos,5007_1_7,16.0,0.0
Antioquia,2020-09-25 21:54:00,54,360.0,2020-07-15 05:00:00,miercoles,10,Normal,Seca y limpia,Ondulado,Media ladera Izquierda,Recta,Parcial con reducción de carriles,10,30,0,0,0.0,Choque,desobediencia a normas y senales,6205_1_54,10.0,0.0
Antioquia,2020-09-25 22:07:00,54,225.0,2020-07-22 05:00:00,miercoles,55,Normal,Seca y limpia,Ondulado,Media ladera Izquierda,Curva Derecha,Parcial con reducción de carriles,7,0,0,0,0.0,Choque,desobediencia a normas y senales,6205_1_54,6.0,1.0
Tolima,2020-09-25 22:32:00,11,110.0,2020-08-19 05:00:00,miercoles,0,Normal,Seca y limpia,Montañoso,Media ladera Izquierda,Curva Derecha,Parcial con reducción de carriles,13,0,0,0,0.0,Choque,adelantamientos indebidos,5007_1_11,12.0,1.0
Tolima,2020-09-25 23:07:00,21,994.0,2020-08-25 05:00:00,martes,30,Normal,Seca y limpia,Montañoso,Media ladera Izquierda,Curva Derecha,Transito normal con precaución,0,0,0,0,0.0,Salida de la vía sin volcarse,exceso de velocidad,5007_1_21,8.0,16.0
Tolima,2020-09-25 23:12:00,25,150.0,2020-08-25 05:00:00,martes,30,Normal,Seca y limpia,Montañoso,Terraplen,Recta,Parcial con paso alternado,18,15,0,0,0.0,Choque,conducta de peatones,5007_1_25,16.0,2.0
Planta Central,2020-09-26 16:18:00,74,480.0,2020-08-05 05:00:00,miercoles,10,Normal,Seca y limpia,Ondulado,Cajón,Recta,Transito normal con precaución,0,0,0,0,0.0,No determinado,otra - conductor en general,4511_1_74,7.0,17.0
Planta Central,2020-09-26 16:26:00,115,220.0,2020-08-20 05:00:00,jueves,30,Lluvia,Humeda,Ondulado,Cajón,Recta,Transito normal con precaución,0,0,0,0,0.0,No determinado,otra - conductor en general,4511_1_115,6.0,18.0
Planta Central,2020-09-26 16:32:00,119,0.0,2020-08-23 05:00:00,domingo,0,Lluvia,Humeda,Ondulado,Media Ladera Derecha,Curva Derecha,Transito normal con precaución,0,0,0,0,0.0,No determinado,otra - conductor en general,4511_1_119,3.0,21.0
Planta Central,2020-09-26 16:34:00,127,900.0,2020-08-14 05:00:00,viernes,30,Normal,Seca y limpia,Plano,Terraplen,Recta,Transito normal con precaución,0,8,1,0,1.0,Volcamiento,exceso en horas de conduccion,4511_1_127,2.0,22.0
Planta Central,2020-09-26 16:41:00,11,150.0,2020-08-05 05:00:00,miercoles,39,Normal,Seca y limpia,Montañoso,Cajón,Recta,Transito normal con precaución,0,0,0,0,0.0,Choque,no mantener distancia de seguridad,4513_1_11,13.0,11.0