territorial,fecha_registro,pr,distancia_pr,fecha_acc,dia_semana_acc,min_acc,condic_meteor,estado_super,terreno,secc_tip,geometria_acc,tipo_cierre,horas_cierre,min_cierre,n_heridos,n_muertos,n_victimas,clase_accidente,causa_posible,ref_loc,hora_acc,duracion_cierre_horas
Planta Central,2020-09-26 16:53:00,67,370.0,2020-08-08 05:00:00,sabado,0,Normal,Seca y limpia,Plano,Terraplen,Recta,Transito normal con precaución,0,11,2,0,2.0,Choque,fallas mecanicas y del sistema electrico,4513_1_67,15.0,9.0
Planta Central,2020-09-26 16:23:00,113,770.0,2020-08-14 05:00:00,viernes,0,Lluvia,Humeda,Ondulado,Cajón,Recta,Transito normal con precaución,0,0,0,0,0.0,Choque,otra - conductor en general,4511_1_113,16.0,8.0
Planta Central,2020-09-26 16:37:00,132,300.0,2020-08-05 05:00:00,miercoles,30,Normal,Seca y limpia,Plano,Terraplen,Recta,Transito normal con precaución,0,0,0,0,0.0,Choque,condiciones de la via y factores ambientales,4511_1_132,22.0,2.0
Planta Central,2020-09-26 16:49:00,49,180.0,2020-08-30 05:00:00,domingo,35,Normal,Seca y limpia,Plano,Terraplen,Curva Derecha,Transito normal con precaución,0,0,0,0,0.0,Volcamiento,exceso en horas de conduccion,4513_1_49,14.0,10.0
Planta Central,2020-09-26 16:56:00,74,330.0,2020-08-12 05:00:00,miercoles,10,Normal,Seca y limpia,Plano,Terraplen,Recta,Transito normal con precaución,0,0,0,0,0.0,Choque,no mantener distancia de seguridad,4513_1_74,16.0,8.0
Valle del Cauca,2020-09-28 13:21:00,6,650.0,2020-07-15 05:00:00,miercoles,10,Normal,Seca y limpia,Plano,Terraplen,Recta,Parcial con reducción de carriles,19,30,0,0,0.0,Choque,impericia en el manejo,4001_2_6,19.0,0.0
Planta Central,2020-09-28 13:43:00,68,600.0,2019-12-14 05:00:00,sabado,30,Normal,Seca y limpia,Plano,Media ladera Izquierda,Curva Derecha,Parcial con reducción de carriles,15,45,1,0,1.0,Choque,adelantamientos indebidos,2510_1_68,15.0,0.0
Planta Central,2020-09-28 13:48:00,67,0.0,2019-12-08 05:00:00,domingo,20,Normal,Seca y limpia,Plano,Terraplen,Recta,Transito normal con precaución,9,40,1,0,1.0,Choque,desobediencia a normas y senales,2510_1_67,9.0,0.0
Valle del Cauca,2020-09-28 14:01:00,3,519.0,2020-07-17 05:00:00,viernes,40,Lluvia,Humeda,Plano,Terraplen,Recta,Parcial con reducción de carriles,6,45,0,0,1.0,Atropello,otra - pasajero o acompanante,4001_2_3,6.0,0.0
Planta Central,2020-09-28 14:16:00,2,900.0,2019-12-28 05:00:00,sabado,15,Normal,Seca y limpia,Plano,Terraplen,Curva Derecha,Transito normal con precaución,6,30,0,0,0.0,Choque,imprudencia del conductor,2511_0_2,6.0,0.0
Planta Central,2020-09-28 14:23:00,19,0.0,2019-12-31 05:00:00,martes,30,Lluvia,Humeda,Ondulado,Media ladera Izquierda,Curva Izquierda,Parcial con reducción de carriles,21,30,1,0,1.0,Choque,maniobras imprudentes,2511_0_19,20.0,1.0
Valle del Cauca,2020-09-28 14:30:00,1,390.0,2020-07-21 05:00:00,martes,30,Normal,Seca y limpia,Plano,Terraplen,Recta,Parcial con reducción de carriles,13,50,0,0,0.0,Choque,adelantamientos indebidos,4001_1_1,13.0,0.0
Valle del Cauca,2020-09-28 14:37:00,9,897.0,2020-07-24 05:00:00,viernes,50,Normal,Seca y limpia,Plano,Terraplen,Recta,Parcial con reducción de carriles,11,0,0,0,0.0,Choque,maniobras imprudentes,4001_2_9,10.0,1.0
Valle del Cauca,2020-09-28 14:57:00,38,370.0,2020-07-28 05:00:00,martes,50,Normal,Seca y limpia,Montañoso,Media ladera Izquierda,Curva Izquierda,Parcial con reducción de carriles,7,50,0,0,0.0,Choque,otra - pasajero o acompanante,4001_2_38,7.0,0.0
Valle del Cauca,2020-09-28 15:10:00,1,681.0,2020-07-29 05:00:00,miercoles,30,Viento,Seca y limpia,Plano,Terraplen,Recta,Parcial con reducción de carriles,12,45,1,0,1.0,Atropello,otra - pasajero o acompanante,4001_2_1,11.0,1.0
Planta Central,2020-09-28 15:10:00,42,250.0,2019-12-31 05:00:00,martes,0,Lluvia,Humeda,Montañoso,Media ladera Izquierda,Curva Izquierda,Transito normal con precaución,15,15,0,0,0.0,Volcamiento,fallas mecanicas y del sistema electrico,2511_0_42,15.0,0.0
Planta Central,2020-09-28 15:17:00,44,800.0,2019-12-28 05:00:00,sabado,40,Lluvia,Humeda,Montañoso,Media ladera Izquierda,Recta,Transito normal con precaución,18,30,0,0,0.0,Choque,condiciones de la via y factores ambientales,2511_0_44,11.0,7.0
Valle del Cauca,2020-09-28 15:20:00,8,135.0,2020-07-31 05:00:00,viernes,40,Normal,Seca y limpia,Plano,Terraplen,Recta,Parcial con reducción de carriles,18,53,0,0,0.0,Choque,adelantamientos indebidos,4001_1_8,18.0,0.0
Planta Central,2020-09-28 15:35:00,51,20.0,2019-12-15 05:00:00,domingo,0,Lluvia,Humeda,Montañoso,Media ladera Izquierda,Curva Izquierda,Transito normal con precaución,19,0,0,0,0.0,Choque,exceso de velocidad,2511_0_51,18.0,1.0
Planta Central,2020-09-28 16:12:00,55,150.0,2019-12-29 05:00:00,domingo,45,Normal,Seca y limpia,Montañoso,Media ladera Izquierda,Recta,Transito normal con precaución,10,50,0,0,0.0,Choque,adelantamientos indebidos,2511_0_55,9.0,1.0
Planta Central,2020-09-28 16:36:00,56,300.0,2019-12-22 05:00:00,domingo,0,Normal,Seca y limpia,Montañoso,Media ladera Izquierda,Curva Izquierda,Transito normal con precaución,9,10,0,0,0.0,Choque,adelantamientos indebidos,2511_0_56,8.0,1.0
Valle del Cauca,2020-09-28 21:32:00,30,110.0,2020-08-02 05:00:00,domingo,50,Lluvia,Humeda,Montañoso,Media ladera Izquierda,Curva Izquierda,Parcial con reducción de carriles,20,40,0,0,0.0,Choque,condiciones de la via y factores ambientales,4001_1_30,16.0,4.0
Valle del Cauca,2020-09-28 21:43:00,6,180.0,2020-08-05 05:00:00,miercoles,30,Normal,Seca y limpia,Plano,Terraplen,Recta,Parcial con reducción de carriles,16,0,0,0,0.0,Choque,adelantamientos indebidos,4001_1_6,15.0,1.0
Valle del Cauca,2020-09-28 13:30:00,30,500.0,2020-07-16 05:00:00,jueves,15,Normal,Seca y limpia,Plano,Terraplen,Curva Izquierda,Parcial con reducción de carriles,18,0,0,0,0.0,Choque,otra - pasajero o acompanante,4001_1_30,17.0,1.0
Planta Central,2020-09-28 13:53:00,69,300.0,2019-12-29 05:00:00,domingo,0,Normal,Seca y limpia,Plano,Terraplen,Recta,Transito normal con precaución,14,10,1,0,1.0,Choque,fallas mecanicas y del sistema electrico,2510_1_69,14.0,0.0
Planta Central,2020-09-28 14:04:00,75,0.0,2019-12-14 05:00:00,sabado,55,Normal,Seca y limpia,Plano,Terraplen,Recta,Transito normal con precaución,15,20,0,0,0.0,Atropello,fallas mecanicas y del sistema electrico,2510_1_75,14.0,1.0
Valle del Cauca,2020-09-28 14:42:00,3,366.0,2020-07-24 05:00:00,viernes,45,Normal,Seca y limpia,Plano,Terraplen,Recta,Parcial con reducción de carriles,12,45,1,0,1.0,Choque,otra - pasajero o acompanante,4001_2_3,12.0,0.0
Planta Central,2020-09-28 14:36:00,20,750.0,2019-12-18 05:00:00,miercoles,40,Normal,Seca y limpia,Plano,Terraplen,Curva Derecha,Transito normal con precaución,17,58,0,0,0.0,Choque,condiciones de la via y factores ambientales,2511_0_20,17.0,0.0
Valle del Cauca,2020-09-28 15:12:00,11,734.0,2020-07-29 05:00:00,miercoles,30,Normal,Seca y limpia,Plano,Terraplen,Recta,Parcial con reducción de carriles,10,10,1,0,1.0,Choque,maniobras imprudentes,4001_1_11,9.0,1.0
Planta Central,2020-09-28 15:14:00,45,700.0,2019-12-22 05:00:00,domingo,40,Lluvia,Humeda,Montañoso,Media ladera Izquierda,Curva Izquierda,Transito normal con precaución,13,50,0,0,0.0,Choque,adelantamientos indebidos,2511_0_45,13.0,0.0
Valle del Cauca,2020-09-28 15:16:00,6,900.0,2020-07-31 05:00:00,viernes,15,Lluvia,Humeda,Plano,Terraplen,Recta,Parcial con reducción de carriles,20,50,0,0,0.0,Choque,no mantener distancia de seguridad,4001_1_6,20.0,0.0
Planta Central,2020-09-28 15:20:00,50,950.0,2019-12-04 05:00:00,miercoles,10,Lluvia,Humeda,Montañoso,Media ladera Izquierda,Curva Izquierda,Transito normal con precaución,15,45,0,0,0.0,Choque,maniobras imprudentes,2511_0_50,11.0,4.0
Planta Central,2020-09-28 15:42:00,54,100.0,2019-12-09 05:00:00,lunes,40,Niebla,Humeda,Montañoso,Media Ladera Derecha,Recta,Transito normal con precaución,17,55,0,0,0.0,Choque,condiciones de la via y factores ambientales,2511_0_54,17.0,0.0
Valle del Cauca,2020-09-28 21:37:00,12,150.0,2020-08-02 05:00:00,domingo,5,Normal,Seca y limpia,Plano,Terraplen,Recta,Parcial con reducción de carriles,13,59,0,0,1.0,Caída ocupante,embriaguez o sustancias alucinogenas,4001_1_12,13.0,0.0
Planta Central,2020-09-29 11:44:00,71,0.0,2020-08-11 05:00:00,martes,25,Sol,Seca y limpia,Montañoso,Media ladera Izquierda,Curva Derecha,Transito normal con precaución,8,10,0,0,0.0,Choque,fallas mecanicas y del sistema electrico,4514_2_71,7.0,1.0
Planta Central,2020-09-29 12:05:00,16,400.0,2020-08-15 05:00:00,sabado,20,Sol,Seca y limpia,Plano,Terraplen,Recta,Transito normal con precaución,21,0,0,2,2.0,Choque,maniobras imprudentes,4514_2_16,19.0,2.0
Planta Central,2020-09-29 12:41:00,43,200.0,2020-08-19 05:00:00,miercoles,0,Sol,Seca y limpia,Plano,Terraplen,Curva Izquierda,Transito normal con precaución,13,40,0,0,0.0,Volcamiento,fallas mecanicas y del sistema electrico,4514_2_43,13.0,0.0
Planta Central,2020-09-29 12:58:00,99,190.0,2020-08-24 05:00:00,lunes,40,Lluvia,Humeda,Plano,Terraplen,Curva Izquierda,Transito normal con precaución,19,0,0,0,0.0,Volcamiento,condiciones de la via y factores ambientales,4514_1_99,18.0,1.0
Planta Central,2020-09-29 13:02:00,47,700.0,2020-08-18 05:00:00,martes,20,Sol,Seca y limpia,Plano,Terraplen,Recta,Transito normal con precaución,4,36,0,0,1.0,Choque,exceso en horas de conduccion,4514_2_47,4.0,0.0
Planta Central,2020-09-29 13:30:00,83,0.0,2020-08-30 05:00:00,domingo,0,Sol,Seca y limpia,Plano,Terraplen,Recta,Transito normal con precaución,13,40,0,0,1.0,Choque,otra - conductor en general,4514_2_83,13.0,0.0
Planta Central,2020-09-29 13:40:00,66,600.0,2020-08-14 05:00:00,viernes,30,Lluvia,Humeda,Plano,Terraplen,Curva Izquierda,Transito normal con precaución,7,30,0,0,0.0,Choque,otra - conductor en general,4515_1_66,4.0,3.0
Planta Central,2020-09-29 14:23:00,70,200.0,2020-08-22 05:00:00,sabado,0,Normal,Seca y limpia,Plano,Terraplen,Recta,Transito normal con precaución,20,0,0,1,1.0,Choque,otra - conductor en general,4515_1_70,19.0,1.0
Nariño,2020-11-04 16:29:00,31,0.0,2020-04-25 05:00:00,sabado,30,Seca,Seca y limpia,Plano,Terraplen,Recta,Transito normal con precaución,0,10,0,1,3.0,Choque,impericia en el manejo,1001_0_31,18.0,6.0
Valle del Cauca,2020-09-29 14:35:00,10,800.0,2020-08-05 05:00:00,miercoles,0,Normal,Seca y limpia,Plano,Terraplen,Recta,Parcial con reducción de carriles,2,0,0,0,0.0,Choque,estacionamiento y senalizacion imprudente,4001_1_10,2.0,0.0
Valle del Cauca,2020-09-29 14:54:00,10,920.0,2020-08-14 05:00:00,viernes,48,Normal,Seca y limpia,Plano,Terraplen,Recta,Parcial con reducción de carriles,14,5,0,0,0.0,Choque,desobediencia a normas y senales,4001_1_10,13.0,1.0
Valle del Cauca,2020-09-29 15:09:00,3,808.0,2020-08-19 05:00:00,miercoles,30,Normal,Seca y limpia,Plano,Terraplen,Recta,Parcial con reducción de carriles,16,50,0,0,0.0,Choque,otra - pasajero o acompanante,4001_1_3,16.0,0.0
Cauca,2020-09-29 14:53:00,11,459.0,2020-07-10 05:00:00,viernes,30,Normal,Seca y limpia,Ondulado,Media Ladera Derecha,Curva Izquierda,Parcial con paso alternado,2,30,1,0,2.0,Choque,condiciones de la via y factores ambientales,2601_0_11,16.0,10.0
Cauca,2020-09-29 15:43:00,23,314.0,2020-07-11 05:00:00,sabado,15,Normal,Seca y limpia,Ondulado,Media ladera Izquierda,Curva Derecha,Parcial con paso alternado,1,30,2,0,2.0,Choque,embriaguez o sustancias alucinogenas,2602A_1_23,19.0,6.0
Cauca,2020-09-29 15:43:00,19,603.0,2020-07-16 05:00:00,jueves,43,Normal,Seca y limpia,Montañoso,Media ladera Izquierda,Curva Izquierda,Parcial con paso alternado,2,30,3,0,5.0,Choque,impericia en el manejo,2602A_1_19,19.0,7.0
Antioquia,2020-09-29 21:14:00,96,100.0,2020-02-02 05:00:00,domingo,50,Lluvia,Humeda,Plano,Terraplen,Curva Derecha,Parcial con reducción de carriles,3,20,3,0,3.0,Volcamiento,embriaguez o sustancias alucinogenas,6206_1_96,2.0,1.0
Antioquia,2020-09-29 21:19:00,97,140.0,2020-02-29 05:00:00,sabado,20,Normal,Seca y limpia,Plano,Terraplen,Recta,Parcial con reducción de carriles,1,40,1,0,1.0,Volcamiento,embriaguez o sustancias alucinogenas,6206_1_97,1.0,0.0
Cesar,2020-09-29 21:46:00,20,670.0,2020-08-08 05:00:00,sabado,50,Normal,Otra,Plano,Terraplen,Recta,Transito normal con precaución,1,5,0,0,2.0,Choque,embriaguez o sustancias alucinogenas,4901_1_20,23.0,2.0
Antioquia,2020-09-29 22:00:00,15,432.0,2020-08-16 05:00:00,domingo,40,Normal,Seca y limpia,Montañoso,Media ladera Izquierda,Curva Izquierda,Parcial con reducción de carriles,13,0,3,0,3.0,Choque,fallas mecanicas y del sistema electrico,6003_1_15,12.0,1.0
Córdoba,2020-09-29 22:00:00,3,172.0,2020-08-09 05:00:00,domingo,30,Normal,Seca y limpia,Plano,Terraplen,Recta,Transito normal con precaución,0,30,2,0,2.0,Volcamiento,desobediencia a normas y senales,9003_0_3,21.0,3.0
Boyacá,2020-09-29 23:40:00,8,460.0,2020-06-30 05:00:00,martes,10,Seca,Seca y limpia,Plano,Terraplen,Recta,Transito normal con precaución,0,30,0,0,0.0,Choque,maniobras imprudentes,6404_0_8,13.0,11.0
Boyacá,2020-09-29 23:40:00,14,675.0,2020-07-07 05:00:00,martes,15,Seca,Seca y limpia,Montañoso,Media Ladera Derecha,Curva Derecha,Transito normal con precaución,0,45,1,0,1.0,Volcamiento,exceso de velocidad,6404_0_14,0.0,0.0
Planta Central,2020-09-29 23:54:00,72,475.0,2020-08-03 05:00:00,lunes,10,Lluvia,Humeda,Montañoso,Media ladera Izquierda,Curva Izquierda,Parcial con paso alternado,20,0,0,0,1.0,Choque,condiciones de la via y factores ambientales,45A08_1_72,23.0,21.0
Córdoba,2020-09-29 22:11:00,0,35.0,2020-08-29 05:00:00,sabado,0,Normal,Seca y limpia,Plano,Terraplen,Recta,Transito normal con precaución,0,30,0,0,2.0,Atropello,impericia en el manejo,9004_1_0,20.0,4.0
Planta Central,2020-09-30 00:20:00,30,940.0,2020-08-11 05:00:00,martes,30,Normal,Seca y limpia,Montañoso,Media Ladera Derecha,Recta,Cierre total,1,10,0,0,0.0,Choque,maniobras imprudentes,45A08_1_30,8.0,17.0
Boyacá,2020-09-29 23:58:00,31,340.0,2020-08-29 05:00:00,sabado,30,Seca,Seca y limpia,Montañoso,Media Ladera Derecha,Curva Derecha,Parcial con paso alternado,0,30,1,0,3.0,Choque,impericia en el manejo,6404_0_31,16.0,8.0
Planta Central,2020-09-30 00:27:00,81,366.0,2020-08-14 05:00:00,viernes,45,Normal,Seca y limpia,Montañoso,Media ladera Izquierda,Curva Derecha,Parcial con paso alternado,3,15,0,0,0.0,Volcamiento,fallas mecanicas y del sistema electrico,45A08_1_81,18.0,9.0
Planta Central,2020-09-29 11:53:00,1,800.0,2020-08-15 05:00:00,sabado,0,Sol,Seca y limpia,Plano,Terraplen,Recta,Transito normal con precaución,15,30,1,0,1.0,Choque,otra - conductor en general,4514_2_1,15.0,0.0
Planta Central,2020-09-29 12:10:00,22,0.0,2020-08-16 05:00:00,domingo,10,Lluvia,Humeda,Plano,Terraplen,Recta,Transito normal con precaución,20,25,0,0,0.0,Volcamiento,maniobras imprudentes,4514_2_22,20.0,0.0
Planta Central,2020-09-29 12:16:00,99,430.0,2020-08-17 05:00:00,lunes,50,Sol,Seca y limpia,Plano,Terraplen,Recta,Transito normal con precaución,12,30,0,2,2.0,Choque,no mantener distancia de seguridad,4514_1_99,11.0,1.0
Planta Central,2020-09-29 13:06:00,2,800.0,2020-08-27 05:00:00,jueves,0,Sol,Seca y limpia,Plano,Terraplen,Recta,Transito normal con precaución,7,10,0,1,1.0,Choque,no mantener distancia de seguridad,4514_2_2,7.0,0.0
Planta Central,2020-09-29 13:34:00,27,400.0,2020-08-02 05:00:00,domingo,30,Normal,Seca y limpia,Plano,Terraplen,Curva Derecha,Transito normal con precaución,5,0,0,1,1.0,Atropello,otra - conductor en general,4515_1_27,4.0,1.0
Planta Central,2020-09-29 13:44:00,22,500.0,2020-08-15 05:00:00,sabado,0,Normal,Seca y limpia,Plano,Terraplen,Curva Izquierda,Transito normal con precaución,3,50,4,0,5.0,Choque,maniobras imprudentes,4515_1_22,3.0,0.0
Planta Central,2020-09-29 13:51:00,83,0.0,2020-09-16 05:00:00,miercoles,30,Lluvia,Humeda,Plano,Terraplen,Recta,Transito normal con precaución,9,0,0,0,0.0,Choque,no mantener distancia de seguridad,4515_1_83,8.0,1.0
Planta Central,2020-09-29 13:56:00,55,0.0,2020-08-17 05:00:00,lunes,0,Normal,Seca y limpia,Plano,Terraplen,Recta,Transito normal con precaución,15,30,0,0,0.0,Choque,no mantener distancia de seguridad,4515_1_55,15.0,0.0
Planta Central,2020-09-29 14:10:00,30,0.0,2020-08-20 05:00:00,jueves,30,Lluvia,Humeda,Plano,Terraplen,Recta,Transito normal con precaución,20,40,0,0,0.0,Choque,maniobras imprudentes,4515_1_30,20.0,0.0
Planta Central,2020-09-29 14:17:00,26,0.0,2020-08-22 05:00:00,sabado,30,Lluvia,Humeda,Plano,Terraplen,Recta,Transito normal con precaución,23,5,0,0,0.0,Choque,no mantener distancia de seguridad,4515_1_26,22.0,1.0
Valle del Cauca,2020-09-29 14:41:00,3,525.0,2020-08-12 05:00:00,miercoles,30,Normal,Seca y limpia,Plano,Terraplen,Recta,Parcial con reducción de carriles,15,0,0,0,1.0,Choque,conducta de pasajeros,4001_2_3,13.0,2.0
Valle del Cauca,2020-09-29 14:45:00,26,400.0,2020-08-14 05:00:00,viernes,10,Normal,Seca y limpia,Plano,Terraplen,Recta,Parcial con reducción de carriles,17,55,0,0,0.0,Volcamiento,otra - pasajero o acompanante,4001_2_26,17.0,0.0
Valle del Cauca,2020-09-29 14:59:00,20,600.0,2020-08-16 05:00:00,domingo,50,Normal,Seca y limpia,Montañoso,Media ladera Izquierda,Curva Derecha,Parcial con reducción de carriles,15,10,0,0,0.0,Choque,condiciones de la via y factores ambientales,4001_2_20,14.0,1.0
Cauca,2020-09-29 14:53:00,1,700.0,2020-07-02 05:00:00,jueves,20,Normal,Seca y limpia,Plano,Terraplen,Recta,Parcial con paso alternado,2,0,1,0,1.0,Atropello,otra - conductor en general,2602A_1_1,7.0,19.0
Antioquia,2020-09-29 20:38:00,96,622.0,2020-02-20 05:00:00,jueves,30,Normal,Seca y limpia,Plano,Terraplen,Recta,Parcial con reducción de carriles,12,35,1,0,1.0,Choque,maniobras imprudentes,6206_1_96,12.0,0.0
Antioquia,2020-09-29 20:41:00,96,545.0,2020-09-29 05:00:00,martes,0,Normal,Seca y limpia,Plano,Terraplen,Recta,Parcial con reducción de carriles,11,5,1,0,1.0,Atropello,exceso de velocidad,6206_1_96,11.0,0.0
Planta Central,2020-09-29 20:52:00,55,200.0,2019-12-10 05:00:00,martes,0,Normal,Seca y limpia,Montañoso,Media ladera Izquierda,Recta,Transito normal con precaución,19,30,0,0,0.0,Choque,fallas mecanicas y del sistema electrico,2511_0_55,19.0,0.0
Planta Central,2020-09-29 21:09:00,60,100.0,2019-12-28 05:00:00,sabado,51,Normal,Seca y limpia,Ondulado,Media ladera Izquierda,Curva Izquierda,Transito normal con precaución,16,0,0,0,0.0,Choque,condiciones de la via y factores ambientales,2511_0_60,15.0,1.0
Planta Central,2020-09-29 21:17:00,61,350.0,2019-12-04 05:00:00,miercoles,40,Normal,Seca y limpia,Ondulado,Media ladera Izquierda,Curva Izquierda,Transito normal con precaución,19,30,0,0,0.0,Choque,otra - conductor en general,2511_0_61,18.0,1.0
Cesar,2020-09-29 21:07:00,37,800.0,2020-08-04 05:00:00,martes,10,Normal,Seca y limpia,Plano,Terraplen,Recta,Transito normal con precaución,1,5,0,0,0.0,Choque,condiciones de la via y factores ambientales,4901_1_37,3.0,22.0
Antioquia,2020-09-29 21:26:00,97,410.0,2020-02-02 05:00:00,domingo,25,Normal,Seca y limpia,Plano,Terraplen,Recta,Parcial con reducción de carriles,15,40,0,0,0.0,Choque,desobediencia a normas y senales,6206_1_97,15.0,0.0
Planta Central,2020-09-29 21:23:00,68,400.0,2019-12-30 05:00:00,lunes,0,Normal,Seca y limpia,Ondulado,Media ladera Izquierda,Curva Derecha,Transito normal con precaución,9,40,1,0,1.0,Choque,otra - conductor en general,2511_0_68,9.0,0.0
Antioquia,2020-09-29 21:46:00,15,690.0,2020-08-12 05:00:00,miercoles,30,Normal,Seca y limpia,Montañoso,Media ladera Izquierda,Recta,Parcial con reducción de carriles,9,35,2,0,2.0,Choque,fallas mecanicas y del sistema electrico,6003_1_15,9.0,0.0
Córdoba,2020-09-29 22:17:00,63,350.0,2020-08-23 05:00:00,domingo,20,Normal,Seca y limpia,Plano,Terraplen,Recta,Transito normal con precaución,0,10,1,0,2.0,Choque,desobediencia a normas y senales,7401_1_63,12.0,12.0
Boyacá,2020-09-29 23:40:00,16,450.0,2020-07-30 05:00:00,jueves,20,Lluvia,Humeda,Montañoso,Media Ladera Derecha,Curva Derecha,Transito normal con precaución,0,45,0,0,1.0,Volcamiento,condiciones de la via y factores ambientales,6404_0_16,6.0,18.0
Planta Central,2020-09-30 00:01:00,78,200.0,2020-08-07 05:00:00,viernes,0,Normal,Seca y limpia,Ondulado,Terraplen,Recta,Transito normal con precaución,2,10,0,0,0.0,Volcamiento,maniobras imprudentes,45A08_1_78,2.0,0.0
Planta Central,2020-09-30 00:06:00,27,250.0,2020-08-09 05:00:00,domingo,40,Normal,Humeda,Montañoso,Media Ladera Derecha,Curva Derecha,Transito normal con precaución,0,0,0,0,0.0,Choque,condiciones de la via y factores ambientales,45A08_1_27,13.0,11.0
Planta Central,2020-09-30 00:09:00,30,93.0,2020-08-09 05:00:00,domingo,22,Normal,Seca y limpia,Montañoso,Media Ladera Derecha,Recta,Transito normal con precaución,0,30,0,0,2.0,Choque,condiciones de la via y factores ambientales,45A08_1_30,18.0,6.0
Planta Central,2020-09-30 00:23:00,31,0.0,2020-08-12 05:00:00,miercoles,50,Lluvia,Humeda,Montañoso,Media Ladera Derecha,Recta,Cierre total,0,35,0,0,0.0,Choque,condiciones de la via y factores ambientales,45A08_1_31,3.0,21.0
Planta Central,2020-09-30 00:31:00,87,500.0,2020-08-14 05:00:00,viernes,50,Normal,Seca y limpia,Plano,Cajón,Recta,Transito normal con precaución,0,0,0,0,0.0,Choque,condiciones de la via y factores ambientales,45A08_1_87,18.0,6.0
Planta Central,2020-09-30 00:42:00,42,660.0,2020-08-21 05:00:00,viernes,10,Normal,Humeda,Ondulado,Media ladera Izquierda,Recta,Parcial con paso alternado,2,30,0,0,0.0,Choque,condiciones de la via y factores ambientales,45A08_1_42,6.0,20.0
Planta Central,2020-09-30 00:46:00,82,726.0,2020-08-22 05:00:00,sabado,0,Normal,Humeda,Montañoso,Terraplen,Recta,Transito normal con precaución,0,0,0,0,0.0,Volcamiento,condiciones de la via y factores ambientales,45A08_1_82,20.0,4.0
Planta Central,2020-09-30 01:03:00,41,900.0,2020-08-29 05:00:00,sabado,50,Normal,Seca y limpia,Ondulado,Media ladera Izquierda,Recta,Cierre total,0,30,0,0,1.0,Choque,maniobras imprudentes,45A08_1_41,4.0,20.0
Planta Central,2020-09-30 01:07:00,47,0.0,2020-08-30 05:00:00,domingo,42,Normal,Seca y limpia,Montañoso,Media ladera Izquierda,Curva Derecha,Transito normal con precaución,0,0,0,0,1.0,Salida de la vía sin volcarse,fallas mecanicas y del sistema electrico,45A08_1_47,8.0,16.0
Cesar,2020-09-30 03:12:00,89,166.0,2020-08-13 05:00:00,jueves,0,Normal,Seca y limpia,Plano,Terraplen,Recta,Transito normal con precaución,1,0,0,0,0.0,Choque,maniobras imprudentes,4901_1_89,7.0,18.0
Cesar,2020-09-30 04:21:00,103,270.0,2020-08-13 05:00:00,jueves,0,Lluvia,Humeda,Plano,Terraplen,Recta,Transito normal con precaución,0,30,0,0,0.0,Otro,condiciones de la via y factores ambientales,4901_1_103,18.0,6.0
Planta Central,2020-09-30 13:39:00,71,200.0,2019-12-05 05:00:00,jueves,0,Normal,Seca y limpia,Ondulado,Terraplen,Recta,Transito normal con precaución,19,50,0,0,0.0,Choque,adelantamientos indebidos,2511_0_71,19.0,0.0
Valle del Cauca,2020-09-30 14:38:00,14,0.0,2020-07-25 05:00:00,sabado,30,Normal,Seca y limpia,Montañoso,Media ladera Izquierda,Curva Derecha,Transito normal con precaución,8,30,0,0,0.0,Choque,no mantener distancia de seguridad,1901_0_14,7.0,1.0
Planta Central,2020-09-30 14:37:00,32,1010.0,2020-08-18 05:00:00,martes,18,Normal,Seca y limpia,Plano,Terraplen,Curva Derecha,Transito normal con precaución,0,18,1,0,1.0,Choque,otra - conductor en general,45A04_2_32,0.0,0.0
Valle del Cauca,2020-09-30 14:41:00,11,0.0,2020-07-26 05:00:00,domingo,40,Normal,Seca y limpia,Ondulado,Media ladera Izquierda,Recta,Parcial con reducción de carriles,8,30,0,0,0.0,Choque,no mantener distancia de seguridad,1901_0_11,7.0,1.0
Valle del Cauca,2020-09-30 15:05:00,20,0.0,2020-06-09 05:00:00,martes,20,Normal,Seca y limpia,Montañoso,Media Ladera Derecha,Curva Derecha,Parcial con reducción de carriles,23,1,0,0,0.0,Caída de piedra,desobediencia a normas y senales,1901_0_20,21.0,2.0
Valle del Cauca,2020-09-30 15:08:00,13,0.0,2020-06-06 05:00:00,sabado,35,Lluvia,Humeda,Montañoso,Media ladera Izquierda,Curva Derecha,Parcial con reducción de carriles,18,0,0,0,0.0,Choque,otra - pasajero o acompanante,1901_0_13,17.0,1.0
Cesar,2020-09-30 17:40:00,18,700.0,2020-08-29 05:00:00,sabado,10,Normal,Seca y limpia,Plano,Terraplen,Recta,Transito normal con precaución,1,40,0,0,0.0,Choque,maniobras imprudentes,8004A_1_18,4.0,21.0
Planta Central,2020-09-30 19:49:00,96,650.0,2019-12-08 05:00:00,domingo,6,Normal,Seca y limpia,Ondulado,Media ladera Izquierda,Curva Izquierda,Transito normal con precaución,14,30,0,0,0.0,Choque,maniobras imprudentes,2511_0_96,12.0,2.0