territorial,fecha_registro,pr,distancia_pr,fecha_acc,dia_semana_acc,min_acc,condic_meteor,estado_super,terreno,secc_tip,geometria_acc,tipo_cierre,horas_cierre,min_cierre,n_heridos,n_muertos,n_victimas,clase_accidente,causa_posible,ref_loc,hora_acc,duracion_cierre_horas
Planta Central,2020-09-30 19:56:00,108,300.0,2019-12-29 05:00:00,domingo,50,Normal,Seca y limpia,Ondulado,Media ladera Izquierda,Curva Izquierda,Transito normal con precaución,12,15,0,0,0.0,Choque,fallas mecanicas y del sistema electrico,2511_0_108,10.0,2.0
Planta Central,2020-09-30 20:00:00,112,600.0,2019-12-17 05:00:00,martes,15,Normal,Seca y limpia,Ondulado,Media ladera Izquierda,Curva Izquierda,Transito normal con precaución,10,10,0,0,0.0,Choque,adelantamientos indebidos,2511_0_112,9.0,1.0
Planta Central,2020-09-30 20:17:00,4,450.0,2019-12-22 05:00:00,domingo,0,Normal,Seca y limpia,Plano,Terraplen,Recta,Transito normal con precaución,21,30,0,0,0.0,Choque,no mantener distancia de seguridad,2512_1_4,21.0,0.0
Cesar,2020-09-30 22:35:00,14,300.0,2020-08-19 05:00:00,miercoles,35,Normal,Seca y limpia,Plano,Terraplen,Recta,Transito normal con precaución,0,35,0,0,0.0,Volcamiento,fallas mecanicas y del sistema electrico,8004A_1_14,8.0,16.0
Cundinamarca,2020-10-01 00:11:00,13,850.0,2020-02-13 05:00:00,jueves,10,Sol,Seca y limpia,Plano,Cajón,Recta,Parcial con reducción de carriles,16,10,2,0,2.0,Atropello,conducta de peatones,45A04_1_13,16.0,0.0
Cundinamarca,2020-10-01 00:25:00,13,850.0,2020-02-08 05:00:00,sabado,45,Lluvia,Humeda,Plano,Cajón,Recta,Parcial con reducción de carriles,15,45,0,0,0.0,Choque,no mantener distancia de seguridad,45A04_1_13,15.0,0.0
Cundinamarca,2020-10-01 00:46:00,27,291.0,2020-02-21 05:00:00,viernes,20,Sol,Seca y limpia,Plano,Cajón,Recta,Transito normal con precaución,23,20,0,0,0.0,Choque,desobediencia a normas y senales,45A04_1_27,23.0,0.0
Cundinamarca,2020-10-01 00:55:00,27,200.0,2020-02-21 05:00:00,viernes,20,Sol,Seca y limpia,Plano,Cajón,Recta,Transito normal con precaución,23,20,0,0,0.0,Choque,desobediencia a normas y senales,45A04_1_27,23.0,0.0
Cundinamarca,2020-10-01 01:02:00,13,775.0,2020-03-07 05:00:00,sabado,0,Sol,Seca y limpia,Plano,Cajón,Recta,Transito normal con precaución,12,0,0,0,0.0,Choque,otra - pasajero o acompanante,45A04_1_13,12.0,0.0
Cundinamarca,2020-10-01 04:05:00,24,890.0,2020-04-06 05:00:00,lunes,30,Sol,Seca y limpia,Plano,Cajón,Recta,Parcial con reducción de carriles,9,30,1,0,1.0,Choque,exceso de velocidad,5501_1_24,9.0,0.0
Cundinamarca,2020-10-01 04:24:00,13,632.0,2020-04-15 05:00:00,miercoles,0,Sol,Seca y limpia,Plano,Cajón,Recta,Transito normal con precaución,10,25,0,0,0.0,Choque,no mantener distancia de seguridad,45A04_1_13,9.0,1.0
Planta Central,2020-09-30 14:16:00,34,150.0,2020-08-01 05:00:00,sabado,40,Normal,Lodo,Plano,Terraplen,Recta,Transito normal con precaución,19,40,0,0,0.0,Volcamiento,exceso de velocidad,45A04_2_34,19.0,0.0
Planta Central,2020-09-30 14:27:00,50,900.0,2020-08-02 05:00:00,domingo,45,Sol,Seca y limpia,Ondulado,Media Ladera Derecha,Recta,Transito normal con precaución,12,45,1,0,1.0,Atropello,otra - conductor en general,45A04_1_50,12.0,0.0
Valle del Cauca,2020-09-30 14:33:00,11,0.0,2020-07-04 05:00:00,sabado,30,Niebla,Humeda,Montañoso,Media ladera Izquierda,Recta,Parcial con reducción de carriles,10,0,1,0,1.0,Choque,otra - pasajero o acompanante,1901_0_11,9.0,1.0
Cesar,2020-09-30 14:56:00,6,100.0,2020-08-27 05:00:00,jueves,30,Normal,Seca y limpia,Plano,Terraplen,Recta,Transito normal con precaución,1,10,0,0,0.0,Volcamiento,maniobras imprudentes,8004A_1_6,1.0,0.0
Planta Central,2020-09-30 15:39:00,72,840.0,2019-12-23 05:00:00,lunes,0,Normal,Seca y limpia,Ondulado,Media ladera Izquierda,Recta,Transito normal con precaución,1,30,0,0,0.0,Choque,condiciones de la via y factores ambientales,2511_0_72,1.0,0.0
Planta Central,2020-09-30 15:54:00,74,270.0,2019-12-09 05:00:00,lunes,20,Normal,Seca y limpia,Ondulado,Media ladera Izquierda,Curva Izquierda,Transito normal con precaución,3,0,0,0,0.0,Volcamiento,fallas mecanicas y del sistema electrico,2511_0_74,1.0,2.0
Planta Central,2020-09-30 16:14:00,76,75.0,2019-12-22 05:00:00,domingo,45,Normal,Seca y limpia,Ondulado,Media ladera Izquierda,Curva Izquierda,Transito normal con precaución,18,10,0,0,0.0,Choque,condiciones de la via y factores ambientales,2511_0_76,17.0,1.0
Cesar,2020-09-30 16:23:00,88,0.0,2020-08-28 05:00:00,viernes,0,Normal,Seca y limpia,Plano,Terraplen,Recta,Parcial con paso alternado,8,0,0,0,2.0,Incendio,fallas mecanicas y del sistema electrico,4901_1_88,16.0,16.0
Planta Central,2020-09-30 16:25:00,76,150.0,2019-12-10 05:00:00,martes,30,Normal,Seca y limpia,Ondulado,Media ladera Izquierda,Curva Izquierda,Parcial con reducción de carriles,10,0,1,0,1.0,Choque,fallas mecanicas y del sistema electrico,2511_0_76,9.0,1.0
Planta Central,2020-09-30 16:36:00,79,600.0,2019-12-08 05:00:00,domingo,0,Normal,Seca y limpia,Ondulado,Media ladera Izquierda,Curva Izquierda,Transito normal con precaución,10,30,0,0,0.0,Choque,no mantener distancia de seguridad,2511_0_79,10.0,0.0
Planta Central,2020-09-30 19:31:00,90,270.0,2019-12-24 05:00:00,martes,10,Normal,Seca y limpia,Ondulado,Media ladera Izquierda,Curva Izquierda,Transito normal con precaución,11,30,1,1,2.0,Choque,impericia en el manejo,2511_0_90,10.0,1.0
Planta Central,2020-09-30 20:03:00,119,350.0,2019-12-16 05:00:00,lunes,15,Lluvia,Humeda,Plano,Terraplen,Recta,Transito normal con precaución,20,40,0,0,0.0,Choque,adelantamientos indebidos,2511_0_119,19.0,1.0
Planta Central,2020-09-30 20:13:00,124,0.0,2019-12-29 05:00:00,domingo,30,Normal,Seca y limpia,Plano,Terraplen,Recta,Transito normal con precaución,13,30,0,0,0.0,Choque,adelantamientos indebidos,2511_0_124,12.0,1.0
Planta Central,2020-09-30 20:21:00,8,450.0,2019-12-28 05:00:00,sabado,45,Normal,Seca y limpia,Plano,Terraplen,Recta,Transito normal con precaución,11,20,0,0,0.0,Choque,condiciones de la via y factores ambientales,2512_1_8,10.0,1.0
Planta Central,2020-09-30 20:26:00,12,950.0,2019-12-08 05:00:00,domingo,31,Normal,Seca y limpia,Plano,Terraplen,Recta,Transito normal con precaución,15,49,0,0,0.0,Choque,fallas mecanicas y del sistema electrico,2512_1_12,15.0,0.0
Meta,2020-09-30 22:14:00,51,0.0,2020-08-08 05:00:00,sabado,55,Normal,Seca y limpia,Plano,Terraplen,Recta,Transito normal con precaución,4,55,1,0,1.0,Choque,estacionamiento y senalizacion imprudente,6507_0_51,4.0,0.0
Cundinamarca,2020-09-30 23:33:00,28,199.9,2020-02-07 05:00:00,viernes,30,Sol,Seca y limpia,Plano,Cajón,Recta,Transito normal con precaución,8,50,0,0,0.0,Choque,maniobras imprudentes,45A04_1_28,16.0,16.0
Cesar,2020-10-01 00:07:00,42,900.0,2020-08-30 05:00:00,domingo,30,Lluvia,Humeda,Plano,Terraplen,Recta,Parcial con paso alternado,0,40,0,0,0.0,Choque,condiciones de la via y factores ambientales,4901_1_42,15.0,9.0
Cundinamarca,2020-10-01 00:30:00,25,400.0,2020-02-17 05:00:00,lunes,5,Sol,Seca y limpia,Plano,Cajón,Recta,Transito normal con precaución,19,5,1,0,1.0,Choque,otra - pasajero o acompanante,45A04_1_25,19.0,0.0
Cundinamarca,2020-10-01 00:51:00,12,500.0,2020-02-23 05:00:00,domingo,45,Sol,Seca y limpia,Plano,Cajón,Recta,Transito normal con precaución,14,45,0,0,0.0,Choque,no mantener distancia de seguridad,50CN03_0_12,14.0,0.0
Cundinamarca,2020-10-01 01:09:00,15,237.0,2020-03-19 05:00:00,jueves,0,Sol,Seca y limpia,Plano,Cajón,Recta,Parcial con reducción de carriles,9,0,1,0,1.0,Choque,desobediencia a normas y senales,45A04_1_15,9.0,0.0
Cundinamarca,2020-10-01 01:14:00,26,630.0,2020-03-02 05:00:00,lunes,5,Sol,Seca y limpia,Plano,Cajón,Recta,Transito normal con precaución,13,40,1,0,1.0,Choque,fallas mecanicas y del sistema electrico,45A04_1_26,6.0,7.0
Cundinamarca,2020-10-01 03:46:00,25,221.0,2020-03-07 05:00:00,sabado,32,Seca,Seca y limpia,Plano,Cajón,Curva Derecha,Transito normal con precaución,10,32,0,0,0.0,Choque,maniobras imprudentes,45A04_1_25,10.0,0.0
Cundinamarca,2020-10-01 03:58:00,27,346.0,2020-03-19 05:00:00,jueves,10,Sol,Seca y limpia,Plano,Cajón,Recta,Transito normal con precaución,8,10,2,0,2.0,Choque,desobediencia a normas y senales,45A04_1_27,8.0,0.0
Cundinamarca,2020-10-01 04:28:00,28,199.9,2020-04-02 05:00:00,jueves,45,Sol,Seca y limpia,Plano,Cajón,Recta,Transito normal con precaución,3,45,0,0,0.0,Choque,desobediencia a normas y senales,45A04_1_28,3.0,0.0
Antioquia,2020-10-01 14:31:00,15,290.0,2020-08-12 05:00:00,miercoles,0,Normal,Seca y limpia,Montañoso,Media ladera Izquierda,Recta,Parcial con reducción de carriles,20,20,2,0,2.0,Choque,fallas mecanicas y del sistema electrico,6003_1_15,19.0,1.0
Planta Central,2020-10-01 15:17:00,49,0.0,2019-12-07 05:00:00,sabado,14,Normal,Seca y limpia,Plano,Terraplen,Recta,Transito normal con precaución,16,45,0,0,0.0,Choque,no mantener distancia de seguridad,2512_1_49,15.0,1.0
Planta Central,2020-10-01 15:35:00,63,850.0,2019-11-12 05:00:00,martes,15,Lluvia,Humeda,Ondulado,Media Ladera Derecha,Curva Derecha,Parcial con reducción de carriles,19,5,1,0,1.0,Choque,no mantener distancia de seguridad,2510_1_63,18.0,1.0
Planta Central,2020-10-01 15:44:00,71,710.0,2019-11-03 05:00:00,domingo,15,Normal,Seca y limpia,Ondulado,Terraplen,Recta,Parcial con reducción de carriles,4,45,1,0,1.0,Otro,condiciones de la via y factores ambientales,2510_1_71,4.0,0.0
Antioquia,2020-10-01 15:50:00,54,235.0,2020-08-07 05:00:00,viernes,30,Normal,Seca y limpia,Ondulado,Media ladera Izquierda,Curva Derecha,Parcial con reducción de carriles,20,45,0,0,0.0,Choque,fallas mecanicas y del sistema electrico,6205_1_54,20.0,0.0
Antioquia,2020-10-01 16:02:00,54,235.0,2020-10-01 05:00:00,jueves,30,Normal,Seca y limpia,Ondulado,Media ladera Izquierda,Curva Derecha,Parcial con reducción de carriles,20,45,0,0,0.0,Choque,fallas mecanicas y del sistema electrico,6205_1_54,20.0,0.0
Planta Central,2020-10-01 16:11:00,83,600.0,2019-11-20 05:00:00,miercoles,0,Normal,Seca y limpia,Ondulado,Terraplen,Recta,Parcial con reducción de carriles,19,35,1,0,1.0,Atropello,conducta de peatones,2510_1_83,19.0,0.0
Planta Central,2020-10-01 16:32:00,4,200.0,2019-11-11 05:00:00,lunes,30,Normal,Seca y limpia,Plano,Terraplen,Curva Derecha,Transito normal con precaución,16,0,0,0,0.0,Choque,no mantener distancia de seguridad,2511_0_4,15.0,1.0
Antioquia,2020-10-01 16:28:00,54,264.0,2020-08-09 05:00:00,domingo,55,Normal,Seca y limpia,Ondulado,Media ladera Izquierda,Curva Derecha,Parcial con reducción de carriles,11,5,0,0,0.0,Choque,desobediencia a normas y senales,6205_1_54,10.0,1.0
Antioquia,2020-10-01 14:42:00,7,500.0,2020-08-01 05:00:00,sabado,10,Normal,Seca y limpia,Montañoso,Media ladera Izquierda,Curva Derecha,Parcial con reducción de carriles,9,30,0,0,0.0,Choque,fallas mecanicas y del sistema electrico,6003_1_7,7.0,2.0
Antioquia,2020-10-01 15:07:00,26,750.0,2020-08-17 05:00:00,lunes,15,Lluvia,Humeda,Montañoso,Media ladera Izquierda,Recta,Parcial con reducción de carriles,6,20,1,0,1.0,Caída ocupante,fallas mecanicas y del sistema electrico,6003_1_26,5.0,1.0
Planta Central,2020-10-01 15:20:00,56,400.0,2019-11-20 05:00:00,miercoles,0,Normal,Seca y limpia,Ondulado,Media ladera Izquierda,Curva Derecha,Transito normal con precaución,21,16,0,0,0.0,Choque,maniobras imprudentes,2510_1_56,21.0,0.0
Antioquia,2020-10-01 15:19:00,31,890.0,2020-08-14 05:00:00,viernes,50,Normal,Seca y limpia,Montañoso,Media ladera Izquierda,Recta,Parcial con reducción de carriles,10,10,0,0,0.0,Choque,adelantamientos indebidos,6003_1_31,9.0,1.0
Planta Central,2020-10-01 15:27:00,62,500.0,2019-11-28 05:00:00,jueves,30,Lluvia,Humeda,Plano,Terraplen,Recta,Transito normal con precaución,16,0,0,0,0.0,Choque,no mantener distancia de seguridad,2510_1_62,15.0,1.0
Antioquia,2020-10-01 15:25:00,94,775.0,2020-08-18 05:00:00,martes,48,Normal,Seca y limpia,Montañoso,Media Ladera Derecha,Recta,Parcial con reducción de carriles,7,0,1,0,1.0,Choque,maniobras imprudentes,6003_1_94,6.0,1.0
Planta Central,2020-10-01 15:41:00,69,800.0,2019-11-22 05:00:00,viernes,20,Normal,Seca y limpia,Ondulado,Terraplen,Recta,Transito normal con precaución,14,40,0,0,0.0,Choque,condiciones de la via y factores ambientales,2510_1_69,14.0,0.0
Planta Central,2020-10-01 15:49:00,72,900.0,2019-11-18 05:00:00,lunes,30,Normal,Seca y limpia,Plano,Terraplen,Recta,Parcial con reducción de carriles,17,0,0,1,1.0,Choque,maniobras imprudentes,2510_1_72,16.0,1.0
Planta Central,2020-10-01 15:54:00,82,100.0,2019-11-06 05:00:00,miercoles,15,Normal,Seca y limpia,Ondulado,Media Ladera Derecha,Recta,Parcial con reducción de carriles,5,35,0,1,1.0,Choque,no mantener distancia de seguridad,2510_1_82,5.0,0.0
Planta Central,2020-10-01 16:21:00,0,100.0,2019-11-27 05:00:00,miercoles,0,Normal,Seca y limpia,Plano,Terraplen,Curva Derecha,Transito normal con precaución,18,40,0,0,0.0,Choque,maniobras imprudentes,2511_0_0,18.0,0.0
Planta Central,2020-10-01 16:26:00,0,200.0,2019-11-22 05:00:00,viernes,40,Normal,Seca y limpia,Ondulado,Media ladera Izquierda,Curva Izquierda,Parcial con reducción de carriles,18,0,1,0,1.0,Choque,maniobras imprudentes,2511_0_0,17.0,1.0
Planta Central,2020-10-01 16:38:00,7,800.0,2019-11-25 05:00:00,lunes,35,Lluvia,Humeda,Ondulado,Media ladera Izquierda,Curva Derecha,Transito normal con precaución,15,5,0,0,0.0,Volcamiento,fallas mecanicas y del sistema electrico,2511_0_7,15.0,0.0
Boyacá,2020-10-02 12:07:00,86,230.0,2020-08-10 05:00:00,lunes,30,Normal,Seca y limpia,Plano,Terraplen,Recta,Transito normal con precaución,7,15,1,0,1.0,Choque,exceso de velocidad,6007_0_86,5.0,2.0
Boyacá,2020-10-02 12:17:00,7,450.0,2020-08-09 05:00:00,domingo,40,Normal,Seca y limpia,Ondulado,Terraplen,Curva Derecha,Transito normal con precaución,0,50,0,0,0.0,Choque,estacionamiento y senalizacion imprudente,6008_0_7,20.0,4.0
Boyacá,2020-10-02 12:27:00,14,50.0,2020-08-18 05:00:00,martes,50,Normal,Seca y limpia,Ondulado,Media ladera Izquierda,Curva Derecha,Transito normal con precaución,0,40,0,0,0.0,Choque,otra - conductor en general,6008_0_14,6.0,18.0
Boyacá,2020-10-02 12:40:00,55,600.0,2020-08-30 05:00:00,domingo,0,Normal,Seca y limpia,Montañoso,Media ladera Izquierda,Curva Izquierda,Transito normal con precaución,0,20,0,0,0.0,Choque,embriaguez o sustancias alucinogenas,6209_0_55,19.0,5.0
Antioquia,2020-10-02 14:23:00,54,264.0,2020-08-09 05:00:00,domingo,55,Normal,Seca y limpia,Ondulado,Media ladera Izquierda,Curva Derecha,Parcial con reducción de carriles,20,45,0,0,0.0,Choque,desobediencia a normas y senales,6205_1_54,10.0,10.0
Antioquia,2020-10-02 14:26:00,54,960.0,2020-08-07 05:00:00,viernes,15,Normal,Seca y limpia,Ondulado,Media ladera Izquierda,Recta,Parcial con reducción de carriles,17,40,0,1,1.0,Choque,desobediencia a normas y senales,6205_1_54,17.0,0.0
Antioquia,2020-10-02 14:51:00,97,660.0,2020-08-12 05:00:00,miercoles,35,Normal,Seca y limpia,Plano,Terraplen,Recta,Parcial con reducción de carriles,16,40,0,0,0.0,Choque,exceso de velocidad,6206_1_97,16.0,0.0
Planta Central,2020-10-02 15:13:00,45,100.0,2019-11-10 05:00:00,domingo,0,Lluvia,Humeda,Montañoso,Media ladera Izquierda,Curva Izquierda,Transito normal con precaución,14,0,0,0,0.0,Choque,condiciones de la via y factores ambientales,2511_0_45,13.0,1.0
Planta Central,2020-10-02 15:38:00,67,250.0,2019-11-24 05:00:00,domingo,10,Normal,Seca y limpia,Montañoso,Media ladera Izquierda,Curva Izquierda,Transito normal con precaución,15,40,2,0,2.0,Choque,adelantamientos indebidos,2511_0_67,15.0,0.0
Antioquia,2020-10-02 15:49:00,97,660.0,2020-08-12 05:00:00,miercoles,35,Normal,Seca y limpia,Plano,Terraplen,Recta,Parcial con reducción de carriles,16,40,0,0,0.0,Choque,exceso de velocidad,6206_1_97,16.0,0.0
Planta Central,2020-10-02 15:54:00,72,500.0,2019-11-17 05:00:00,domingo,10,Normal,Seca y limpia,Montañoso,Media ladera Izquierda,Curva Izquierda,Parcial con reducción de carriles,16,30,2,0,2.0,Choque,adelantamientos indebidos,2511_0_72,17.0,23.0
Planta Central,2020-10-02 16:13:00,90,800.0,2019-11-16 05:00:00,sabado,10,Normal,Seca y limpia,Ondulado,Media ladera Izquierda,Recta,Transito normal con precaución,13,0,0,0,0.0,Choque,maniobras imprudentes,2511_0_90,12.0,1.0
Planta Central,2020-10-02 16:22:00,103,470.0,2019-11-08 05:00:00,viernes,0,Normal,Seca y limpia,Ondulado,Media ladera Izquierda,Curva Izquierda,Parcial con reducción de carriles,10,30,1,0,1.0,Choque,desobediencia a normas y senales,2511_0_103,10.0,0.0
Antioquia,2020-10-02 16:18:00,93,180.4,2020-05-07 05:00:00,jueves,0,Normal,Seca y limpia,Montañoso,Media Ladera Derecha,Recta,Parcial con reducción de carriles,8,0,0,0,0.0,Choque,no mantener distancia de seguridad,6003_1_93,8.0,0.0
Boyacá,2020-10-02 16:24:00,56,205.0,2020-08-12 05:00:00,miercoles,30,Normal,Seca y limpia,Montañoso,Terraplen,Recta,Transito normal con precaución,0,30,1,0,1.0,Choque,impericia en el manejo,6209_0_56,20.0,4.0
Planta Central,2020-10-02 16:25:00,0,10.0,2019-11-30 05:00:00,sabado,35,Normal,Seca y limpia,Plano,Terraplen,Recta,Transito normal con precaución,9,15,2,0,2.0,Choque,condiciones de la via y factores ambientales,2512_1_0,8.0,1.0
Planta Central,2020-10-02 16:45:00,63,200.0,2019-11-11 05:00:00,lunes,30,Normal,Seca y limpia,Plano,Terraplen,Recta,Transito normal con precaución,9,50,0,0,0.0,Choque,no mantener distancia de seguridad,2512_2_63,9.0,0.0
Planta Central,2020-10-02 17:28:00,62,300.0,2019-10-22 05:00:00,martes,10,Normal,Seca y limpia,Ondulado,Terraplen,Recta,Transito normal con precaución,7,30,1,0,1.0,Choque,no mantener distancia de seguridad,2510_1_62,7.0,0.0
Boyacá,2020-10-02 12:12:00,58,100.0,2020-08-02 05:00:00,domingo,30,Normal,Seca y limpia,Montañoso,Media Ladera Derecha,Curva Derecha,Transito normal con precaución,0,15,1,0,1.0,Choque,otra - conductor en general,6209_0_58,16.0,8.0
Boyacá,2020-10-02 12:31:00,9,670.0,2020-08-20 05:00:00,jueves,30,Normal,Seca y limpia,Ondulado,Terraplen,Curva Izquierda,Transito normal con precaución,0,30,0,0,0.0,Volcamiento,fallas mecanicas y del sistema electrico,6008_0_9,6.0,18.0
Risaralda,2020-10-02 13:04:00,50,850.0,2020-08-07 05:00:00,viernes,0,Normal,Seca y limpia,Escarpado,Media ladera Izquierda,Curva Derecha,Transito normal con precaución,6,0,0,0,0.0,Volcamiento,otra - conductor en general,5002_1_50,6.0,0.0
Risaralda,2020-10-02 13:06:00,46,280.0,2020-08-24 05:00:00,lunes,15,Seca,Seca y limpia,Plano,Media Ladera Derecha,Curva Derecha,Transito normal con precaución,9,15,0,0,3.0,Volcamiento,otra - conductor en general,5003_0_46,9.0,0.0
Antioquia,2020-10-02 14:00:00,54,235.0,2020-08-07 05:00:00,viernes,30,Normal,Seca y limpia,Ondulado,Media ladera Izquierda,Curva Derecha,Parcial con reducción de carriles,20,45,0,0,0.0,Choque,fallas mecanicas y del sistema electrico,6205_1_54,20.0,0.0
Antioquia,2020-10-02 14:47:00,97,96.0,2020-08-11 05:00:00,martes,0,Normal,Seca y limpia,Plano,Terraplen,Recta,Parcial con reducción de carriles,9,0,1,0,1.0,Atropello,fallas mecanicas y del sistema electrico,6206_1_97,8.0,1.0
Planta Central,2020-10-02 15:10:00,14,350.0,2019-11-03 05:00:00,domingo,10,Normal,Seca y limpia,Ondulado,Media ladera Izquierda,Recta,Transito normal con precaución,0,30,1,0,1.0,Choque,adelantamientos indebidos,2511_0_14,0.0,0.0
Planta Central,2020-10-02 15:20:00,48,800.0,2019-11-06 05:00:00,miercoles,50,Lluvia,Humeda,Montañoso,Media ladera Izquierda,Curva Izquierda,Transito normal con precaución,0,10,0,0,0.0,Choque,maniobras imprudentes,2511_0_48,20.0,4.0
Planta Central,2020-10-02 16:29:00,7,0.0,2019-11-24 05:00:00,domingo,50,Normal,Seca y limpia,Plano,Media ladera Izquierda,Curva Derecha,Transito normal con precaución,7,30,0,0,0.0,Choque,condiciones de la via y factores ambientales,2512_1_7,6.0,1.0
Planta Central,2020-10-02 16:39:00,54,900.0,2019-11-04 05:00:00,lunes,0,Normal,Seca y limpia,Plano,Terraplen,Recta,Transito normal con precaución,16,0,0,0,0.0,Choque,maniobras imprudentes,2512_1_54,15.0,1.0
Planta Central,2020-10-02 17:15:00,56,900.0,2019-10-26 05:00:00,sabado,35,Normal,Seca y limpia,Ondulado,Media ladera Izquierda,Curva Izquierda,Transito normal con precaución,19,50,0,0,0.0,Choque,no mantener distancia de seguridad,2510_1_56,18.0,1.0
Planta Central,2020-10-02 17:24:00,60,500.0,2019-10-06 05:00:00,domingo,45,Lluvia,Humeda,Ondulado,Media Ladera Derecha,Curva Derecha,Transito normal con precaución,21,45,0,0,0.0,Choque,no mantener distancia de seguridad,2510_1_60,20.0,1.0
Planta Central,2020-10-02 17:32:00,72,650.0,2019-10-19 05:00:00,sabado,50,Normal,Seca y limpia,Ondulado,Terraplen,Curva Izquierda,Transito normal con precaución,17,0,1,0,1.0,Volcamiento,fallas mecanicas y del sistema electrico,2510_1_72,16.0,1.0
Boyacá,2020-10-21 13:58:00,64,578.0,2020-09-27 05:00:00,domingo,25,Normal,Seca y limpia,Ondulado,Media Ladera Derecha,Curva Izquierda,Parcial con paso alternado,0,45,1,0,1.0,Choque,embriaguez o sustancias alucinogenas,6008_0_64,18.0,6.0
Nariño,2020-10-21 16:02:00,81,600.0,2020-07-23 05:00:00,jueves,30,Normal,Seca y limpia,Montañoso,Media ladera Izquierda,Recta,Transito normal con precaución,6,30,0,1,1.0,Choque,otra - conductor en general,2502_1_81,6.0,0.0
Nariño,2020-10-21 16:26:00,117,500.0,2020-08-13 05:00:00,jueves,0,Normal,Seca y limpia,Montañoso,Media ladera Izquierda,Recta,Transito normal con precaución,0,0,0,0,0.0,Salida de la vía sin volcarse,maniobras imprudentes,2502_1_117,0.0,0.0
Caquetá,2020-10-21 16:39:00,109,680.0,2020-10-04 05:00:00,domingo,0,Sol,Seca y limpia,Ondulado,Cajón,Recta,Parcial con reducción de carriles,15,0,2,0,3.0,Choque,maniobras imprudentes,6501_0_109,15.0,0.0
Cauca,2020-10-22 14:54:00,83,80.0,2020-10-16 05:00:00,viernes,0,Seca,Seca y limpia,Montañoso,Media Ladera Derecha,Recta,Transito normal con precaución,0,0,3,0,3.0,Choque,embriaguez o sustancias alucinogenas,3701_1_83,5.0,19.0
Caquetá,2020-10-21 19:36:00,25,80.0,2020-10-10 05:00:00,sabado,15,Seca,Seca y limpia,Plano,Terraplen,Recta,Parcial con reducción de carriles,19,15,0,1,2.0,Caída ocupante,estacionamiento y senalizacion imprudente,6502_1_25,19.0,0.0
Caquetá,2020-10-21 19:57:00,31,110.0,2020-10-14 05:00:00,miercoles,20,Sol,Seca y limpia,Ondulado,Media ladera Izquierda,Recta,Parcial con reducción de carriles,6,20,0,1,1.0,Caída ocupante,exceso de velocidad,6502_1_31,6.0,0.0
Planta Central,2020-10-21 20:11:00,6,330.0,2020-08-02 05:00:00,domingo,0,Seca,Seca y limpia,Ondulado,Media ladera Izquierda,Curva Derecha,Transito normal con precaución,1,10,0,1,1.0,Atropello,embriaguez o sustancias alucinogenas,45A06_0_6,9.0,16.0
Planta Central,2020-10-21 20:21:00,45,910.0,2020-08-21 05:00:00,viernes,42,Seca,Seca y limpia,Ondulado,Media Ladera Derecha,Recta,Transito normal con precaución,0,45,0,0,0.0,Choque,no mantener distancia de seguridad,45A06_0_45,13.0,11.0
Planta Central,2020-10-21 20:28:00,46,547.0,2020-08-15 05:00:00,sabado,40,Seca,Seca y limpia,Ondulado,Media Ladera Derecha,Curva Derecha,Transito normal con precaución,2,45,0,1,1.0,Choque,impericia en el manejo,45A06_0_46,18.0,8.0
Planta Central,2020-10-21 20:37:00,52,560.0,2020-08-07 05:00:00,viernes,0,Seca,Seca y limpia,Plano,Media Ladera Derecha,Recta,Transito normal con precaución,3,30,0,0,0.0,Volcamiento,maniobras imprudentes,45A06_0_52,18.0,9.0
Planta Central,2020-10-21 20:52:00,92,160.0,2020-08-11 05:00:00,martes,30,Normal,Seca y limpia,Montañoso,Media Ladera Derecha,Curva Derecha,Transito normal con precaución,0,30,0,0,0.0,Choque,condiciones de la via y factores ambientales,45A06_0_92,5.0,19.0
Planta Central,2020-10-21 21:10:00,103,500.0,2020-08-03 05:00:00,lunes,0,Sol,Seca y limpia,Ondulado,Terraplen,Recta,Transito normal con precaución,0,40,1,0,1.0,Atropello,conducta de peatones,45A06_0_103,12.0,12.0
Planta Central,2020-10-21 21:14:00,104,70.0,2020-08-05 05:00:00,miercoles,0,Sol,Seca y limpia,Ondulado,Media Ladera Derecha,Curva Izquierda,Transito normal con precaución,0,25,1,0,1.0,Atropello,impericia en el manejo,45A06_0_104,13.0,11.0
Planta Central,2020-10-21 21:33:00,107,508.0,2020-08-14 05:00:00,viernes,50,Sol,Seca y limpia,Montañoso,Media Ladera Derecha,Curva Derecha,Cierre total,0,25,0,0,0.0,Choque,maniobras imprudentes,45A06_0_107,8.0,16.0
Putumayo,2020-10-21 21:27:00,35,270.0,2020-08-20 05:00:00,jueves,30,Sol,Seca y limpia,Plano,Terraplen,Recta,Transito normal con precaución,16,30,2,0,2.0,Choque,impericia en el manejo,4501_1_35,16.0,0.0