territorial,fecha_registro,pr,distancia_pr,fecha_acc,dia_semana_acc,min_acc,condic_meteor,estado_super,terreno,secc_tip,geometria_acc,tipo_cierre,horas_cierre,min_cierre,n_heridos,n_muertos,n_victimas,clase_accidente,causa_posible,ref_loc,hora_acc,duracion_cierre_horas
Putumayo,2020-10-21 21:41:00,45,0.0,2020-08-25 05:00:00,martes,30,Sol,Seca y limpia,Ondulado,Cajón,Curva Derecha,Cierre total,11,30,1,0,2.0,Choque,adelantamientos indebidos,4501_1_45,11.0,0.0
Planta Central,2020-10-21 21:57:00,124,100.0,2020-08-26 05:00:00,miercoles,40,Sol,Seca y limpia,Ondulado,Media Ladera Derecha,Recta,Transito normal con precaución,0,15,2,0,2.0,Choque,impericia en el manejo,45A06_0_124,11.0,13.0
Putumayo,2020-10-21 22:13:00,29,510.0,2020-08-28 05:00:00,viernes,50,Sol,Seca y limpia,Ondulado,Terraplen,Recta,Transito normal con precaución,10,50,1,0,2.0,Choque,exceso de velocidad,4501_1_29,10.0,0.0
Nariño,2020-10-21 15:41:00,10,420.0,2020-07-05 05:00:00,domingo,30,Sol,Seca y limpia,Ondulado,Media ladera Izquierda,Recta,Transito normal con precaución,14,30,3,0,3.0,Choque,desobediencia a normas y senales,2502_1_10,14.0,0.0
Nariño,2020-10-21 15:50:00,21,400.0,2020-07-14 05:00:00,martes,0,Normal,Seca y limpia,Montañoso,Cajón,Recta,Transito normal con precaución,18,0,0,0,0.0,Choque,adelantamientos indebidos,2502_1_21,18.0,0.0
Nariño,2020-10-21 15:53:00,116,850.0,2020-07-21 05:00:00,martes,45,Normal,Seca y limpia,Montañoso,Terraplen,Recta,Transito normal con precaución,16,45,0,2,2.0,Choque,exceso de velocidad,2502_1_116,16.0,0.0
Caquetá,2020-10-21 15:58:00,43,560.0,2020-09-26 05:00:00,sabado,40,Normal,Seca y limpia,Ondulado,Terraplen,Curva Derecha,Parcial con reducción de carriles,18,40,5,0,5.0,Choque,no mantener distancia de seguridad,6502_1_43,18.0,0.0
Nariño,2020-10-21 16:10:00,81,600.0,2020-07-23 05:00:00,jueves,30,Normal,Seca y limpia,Montañoso,Media ladera Izquierda,Recta,Transito normal con precaución,6,30,0,1,1.0,Choque,otra - conductor en general,2502_1_81,6.0,0.0
Nariño,2020-10-21 16:14:00,123,50.0,2020-08-12 05:00:00,miercoles,30,Normal,Seca y limpia,Montañoso,Cajón,Recta,Transito normal con precaución,9,30,1,0,2.0,Choque,adelantamientos indebidos,2502_1_123,9.0,0.0
Nariño,2020-10-21 16:29:00,117,500.0,2020-08-13 05:00:00,jueves,0,Normal,Seca y limpia,Montañoso,Media ladera Izquierda,Recta,Transito normal con precaución,0,0,0,0,0.0,Salida de la vía sin volcarse,maniobras imprudentes,2502_1_117,0.0,0.0
Nariño,2020-10-21 16:32:00,51,200.0,2020-08-13 05:00:00,jueves,30,Normal,Seca y limpia,Montañoso,Media ladera Izquierda,Curva Derecha,Transito normal con precaución,8,30,0,1,1.0,Choque,fallas mecanicas y del sistema electrico,2502_1_51,8.0,0.0
Nariño,2020-10-21 16:42:00,123,50.0,2020-08-15 05:00:00,sabado,50,Normal,Seca y limpia,Montañoso,Cajón,Recta,Transito normal con precaución,15,50,0,0,0.0,Choque,exceso de velocidad,2502_1_123,15.0,0.0
Planta Central,2020-10-21 20:02:00,5,265.0,2020-08-18 05:00:00,martes,30,Normal,Seca y limpia,Ondulado,Media ladera Izquierda,Recta,Transito normal con precaución,1,20,1,0,1.0,Choque,condiciones de la via y factores ambientales,45A06_0_5,4.0,21.0
Planta Central,2020-10-21 20:07:00,5,600.0,2020-08-29 05:00:00,sabado,40,Seca,Seca y limpia,Ondulado,Media ladera Izquierda,Recta,Parcial con paso alternado,1,10,0,0,0.0,Choque,embriaguez o sustancias alucinogenas,45A06_0_5,14.0,11.0
Planta Central,2020-10-21 20:17:00,7,80.0,2020-08-01 05:00:00,sabado,40,Seca,Seca y limpia,Ondulado,Media ladera Izquierda,Recta,Transito normal con precaución,2,10,0,0,0.0,Choque,maniobras imprudentes,45A06_0_7,13.0,13.0
Planta Central,2020-10-21 20:44:00,57,0.0,2020-08-13 05:00:00,jueves,40,Seca,Seca y limpia,Ondulado,Cajón,Curva Derecha,Transito normal con precaución,3,45,0,0,0.0,Volcamiento,impericia en el manejo,45A06_0_57,13.0,14.0
Planta Central,2020-10-21 20:57:00,97,905.0,2020-08-31 05:00:00,lunes,0,Normal,Seca y limpia,Montañoso,Terraplen,Curva Izquierda,Transito normal con precaución,0,50,0,0,0.0,Choque,exceso en horas de conduccion,45A06_0_97,3.0,21.0
Planta Central,2020-10-21 21:06:00,103,0.0,2020-08-21 05:00:00,viernes,0,Seca,Seca y limpia,Montañoso,Media Ladera Derecha,Curva Derecha,Parcial con paso alternado,0,45,1,0,1.0,Choque,embriaguez o sustancias alucinogenas,45A06_0_103,17.0,7.0
Putumayo,2020-10-21 21:08:00,85,350.0,2020-08-10 05:00:00,lunes,0,Sol,Seca y limpia,Ondulado,Media ladera Izquierda,Curva Derecha,Transito normal con precaución,3,0,2,0,2.0,Volcamiento,exceso de velocidad,4501_1_85,3.0,0.0
Planta Central,2020-10-21 21:29:00,105,800.0,2020-08-01 05:00:00,sabado,0,Normal,Seca y limpia,Montañoso,Media ladera Izquierda,Recta,Parcial con paso alternado,11,50,0,0,1.0,Choque,adelantamientos indebidos,45A06_0_105,21.0,14.0
Planta Central,2020-10-21 21:40:00,117,236.0,2020-08-04 05:00:00,martes,0,Seca,Seca y limpia,Montañoso,Media Ladera Derecha,Curva Izquierda,Transito normal con precaución,0,30,0,0,0.0,Choque,condiciones de la via y factores ambientales,45A06_0_117,13.0,11.0
Planta Central,2020-10-21 21:50:00,123,700.0,2020-08-28 05:00:00,viernes,0,Sol,Seca y limpia,Ondulado,Terraplen,Curva Izquierda,Transito normal con precaución,0,25,1,0,1.0,Choque,impericia en el manejo,45A06_0_123,11.0,13.0
Planta Central,2020-10-21 22:02:00,125,500.0,2020-08-14 05:00:00,viernes,0,Sol,Seca y limpia,Ondulado,Media Ladera Derecha,Recta,Cierre total,1,0,0,1,2.0,Choque,no mantener distancia de seguridad,45A06_0_125,6.0,19.0
Putumayo,2020-10-21 21:59:00,29,580.0,2020-08-26 05:00:00,miercoles,0,Sol,Seca y limpia,Ondulado,Terraplen,Recta,Transito normal con precaución,9,0,1,0,2.0,Choque,impericia en el manejo,4501_1_29,9.0,0.0
Putumayo,2020-10-21 22:29:00,87,850.0,2020-08-31 05:00:00,lunes,0,Sol,Seca y limpia,Ondulado,Cajón,Curva Derecha,Transito normal con precaución,6,0,0,0,2.0,Choque,embriaguez o sustancias alucinogenas,4501_1_87,6.0,0.0
Boyacá,2020-10-21 22:36:00,102,650.0,2020-09-15 05:00:00,martes,10,Lluvia,Material suelto,Montañoso,Media ladera Izquierda,Curva Derecha,Cierre total,8,10,1,0,1.0,Volcamiento,impericia en el manejo,6009_1_102,20.0,12.0
Caquetá,2020-10-21 16:56:00,46,820.0,2020-10-02 05:00:00,viernes,15,Normal,Seca y limpia,Plano,Terraplen,Recta,Parcial con reducción de carriles,18,15,1,1,2.0,Atropello,otra - conductor en general,6502_1_46,18.0,0.0
Antioquia,2020-10-22 12:17:00,57,300.0,2020-09-15 05:00:00,martes,45,Seca,Seca y limpia,Plano,Terraplen,Recta,Transito normal con precaución,13,45,1,0,1.0,Choque,no mantener distancia de seguridad,9002_0_57,13.0,0.0
Antioquia,2020-10-22 12:29:00,72,600.0,2020-09-25 05:00:00,viernes,0,Lluvia,Humeda,Plano,Media Ladera Derecha,Curva Derecha,Parcial con reducción de carriles,12,0,2,0,2.0,Choque,defectos fisicos y psiquicos,9002_0_72,8.0,4.0
Antioquia,2020-10-22 12:36:00,75,200.0,2020-09-30 05:00:00,miercoles,40,Seca,Seca y limpia,Ondulado,Media Ladera Derecha,Recta,Transito normal con precaución,12,0,0,0,0.0,Volcamiento,defectos fisicos y psiquicos,9002_0_75,3.0,9.0
Cauca,2020-10-22 14:43:00,57,400.0,2020-10-05 05:00:00,lunes,30,Niebla,Humeda,Montañoso,Media ladera Izquierda,Curva Izquierda,Transito normal con precaución,0,0,0,0,2.0,Volcamiento,maniobras imprudentes,2602_0_57,5.0,19.0
Risaralda,2020-10-22 14:30:00,8,250.0,2020-09-13 05:00:00,domingo,35,Normal,Seca y limpia,Plano,Terraplen,Curva Izquierda,Cierre total,1,30,0,1,1.0,Choque,impericia en el manejo,29RS01_1_8,3.0,22.0
Risaralda,2020-10-22 14:30:00,9,430.0,2020-09-03 05:00:00,jueves,30,Normal,Seca y limpia,Plano,Terraplen,Recta,Transito normal con precaución,0,30,0,0,1.0,Choque,no mantener distancia de seguridad,29RS01_2_9,13.0,11.0
Risaralda,2020-10-22 14:30:00,10,600.0,2020-09-19 05:00:00,sabado,45,Seca,Seca y limpia,Plano,Terraplen,Recta,Transito normal con precaución,0,30,1,0,2.0,Choque,no mantener distancia de seguridad,29RS01_1_10,8.0,16.0
Risaralda,2020-10-22 14:30:00,82,900.0,2020-09-06 05:00:00,domingo,20,Seca,Seca y limpia,Ondulado,Media Ladera Derecha,Recta,Parcial con reducción de carriles,0,30,1,0,5.0,Choque,no mantener distancia de seguridad,2506_1_82,16.0,8.0
Risaralda,2020-10-22 14:30:00,64,200.0,2020-09-15 05:00:00,martes,45,Lluvia,Humeda,Plano,Terraplen,Recta,Transito normal con precaución,0,30,0,0,7.0,Choque,condiciones de la via y factores ambientales,2506_1_64,21.0,3.0
Risaralda,2020-10-22 16:49:00,44,470.0,2020-10-21 05:00:00,miercoles,0,Normal,Seca y limpia,Plano,Terraplen,Recta,Parcial con reducción de carriles,0,33,0,0,0.0,Choque,condiciones de la via y factores ambientales,2506_1_44,5.0,19.0
Quindío,2020-10-22 16:53:00,42,600.0,2020-08-25 05:00:00,martes,45,Lluvia,Humeda,Plano,Terraplen,Curva Izquierda,Transito normal con precaución,0,10,0,0,1.0,Atropello,conducta de peatones,4002_1_42,6.0,18.0
Quindío,2020-10-22 17:01:00,42,600.0,2020-08-25 05:00:00,martes,45,Lluvia,Humeda,Plano,Terraplen,Curva Izquierda,Transito normal con precaución,0,15,0,0,1.0,Atropello,conducta de peatones,4002_1_42,6.0,18.0
Antioquia,2020-10-22 12:17:00,57,300.0,2020-09-15 05:00:00,martes,45,Seca,Seca y limpia,Plano,Terraplen,Recta,Transito normal con precaución,13,45,1,0,1.0,Choque,no mantener distancia de seguridad,9002_0_57,13.0,0.0
Cauca,2020-10-22 14:38:00,97,100.0,2020-10-03 05:00:00,sabado,30,Sol,Seca y limpia,Montañoso,Media ladera Izquierda,Curva Derecha,Transito normal con precaución,0,0,0,0,2.0,Choque,embriaguez o sustancias alucinogenas,2602_0_97,10.0,14.0
Risaralda,2020-10-22 14:30:00,6,900.0,2020-09-28 05:00:00,lunes,5,Seca,Seca y limpia,Plano,Terraplen,Recta,Transito normal con precaución,1,0,1,0,1.0,Choque,embriaguez o sustancias alucinogenas,29RS01_1_6,10.0,15.0
Cauca,2020-10-22 14:49:00,3,800.0,2020-10-07 05:00:00,miercoles,50,Sol,Seca y limpia,Montañoso,Media Ladera Derecha,Curva Izquierda,Cierre total,3,40,0,1,1.0,Choque,estacionamiento y senalizacion imprudente,2602_0_3,6.0,21.0
Risaralda,2020-10-22 14:30:00,81,400.0,2020-09-11 05:00:00,viernes,30,Seca,Seca y limpia,Ondulado,Media ladera Izquierda,Curva Derecha,Parcial con reducción de carriles,0,45,2,0,4.0,Atropello,impericia en el manejo,2506_2_81,19.0,5.0
Risaralda,2020-10-22 14:30:00,81,500.0,2020-09-23 05:00:00,miercoles,30,Seca,Seca y limpia,Ondulado,Media ladera Izquierda,Curva Izquierda,Parcial con reducción de carriles,0,30,1,0,6.0,Choque,impericia en el manejo,2506_1_81,15.0,9.0
Quindío,2020-10-22 16:37:00,5,880.0,2020-08-18 05:00:00,martes,40,Lluvia,Humeda,Plano,Cajón,Curva Izquierda,Transito normal con precaución,0,0,1,0,1.0,Choque,otra - conductor en general,2901B_1_5,5.0,19.0
Quindío,2020-10-22 16:46:00,7,0.0,2020-08-20 05:00:00,jueves,20,Viento,Seca y limpia,Plano,Terraplen,Recta,Transito normal con precaución,0,0,1,0,1.0,Choque,no mantener distancia de seguridad,2901B_1_7,12.0,12.0
Quindío,2020-10-22 17:05:00,42,600.0,2020-08-25 05:00:00,martes,45,Lluvia,Humeda,Plano,Terraplen,Curva Izquierda,Transito normal con precaución,0,15,0,0,1.0,Atropello,conducta de peatones,4002_1_42,6.0,18.0
Putumayo,2020-10-22 19:09:00,72,320.0,2020-08-30 05:00:00,domingo,0,Sol,Seca y limpia,Ondulado,Terraplen,Curva Derecha,Transito normal con precaución,0,0,2,0,2.0,Choque,otra - conductor en general,4502_0_72,14.0,10.0
Planta Central,2020-10-23 14:09:00,7,0.0,2019-11-24 05:00:00,domingo,50,Normal,Seca y limpia,Plano,Terraplen,Curva Derecha,Transito normal con precaución,7,30,0,0,0.0,Choque,condiciones de la via y factores ambientales,2512_1_7,6.0,1.0
Planta Central,2020-10-23 15:33:00,12,750.0,2019-11-24 05:00:00,domingo,0,Normal,Seca y limpia,Plano,Terraplen,Recta,Transito normal con precaución,8,30,0,0,0.0,Choque,impericia en el manejo,2512_1_12,7.0,1.0
Boyacá,2020-10-23 18:56:00,9,440.0,2020-08-15 05:00:00,sabado,50,Normal,Seca y limpia,Montañoso,Media Ladera Derecha,Curva Izquierda,Transito normal con precaución,6,50,0,0,0.0,Choque,exceso en horas de conduccion,6211_1_9,6.0,0.0
Boyacá,2020-10-23 18:56:00,25,600.0,2020-08-24 05:00:00,lunes,50,Normal,Seca y limpia,Plano,Terraplen,Recta,Transito normal con precaución,16,0,3,0,3.0,Choque,maniobras imprudentes,5503_1_25,10.0,6.0
Boyacá,2020-10-23 19:37:00,24,280.0,2020-10-29 05:00:00,jueves,15,Niebla,Humeda,Plano,Terraplen,Recta,Transito normal con precaución,3,15,0,0,0.0,Atropello,condiciones de la via y factores ambientales,5503_1_24,3.0,0.0
Cesar,2020-10-23 20:41:00,11,426.0,2020-08-12 05:00:00,miercoles,40,Normal,Seca y limpia,Plano,Terraplen,Recta,Parcial con paso alternado,2,40,0,1,3.0,Choque,no mantener distancia de seguridad,4901_1_11,17.0,9.0
Cesar,2020-10-23 20:51:00,42,100.0,2020-09-05 05:00:00,sabado,30,Normal,Seca y limpia,Plano,Terraplen,Recta,Parcial con reducción de carriles,1,40,0,0,0.0,Choque,impericia en el manejo,4901_1_42,20.0,5.0
Cesar,2020-10-23 21:14:00,87,630.0,2020-09-17 05:00:00,jueves,20,Normal,Seca y limpia,Plano,Terraplen,Recta,Transito normal con precaución,0,25,0,0,0.0,Choque,adelantamientos indebidos,4901_1_87,5.0,19.0
Cesar,2020-10-23 21:25:00,132,800.0,2020-09-25 05:00:00,viernes,50,Normal,Seca y limpia,Plano,Terraplen,Recta,Parcial con paso alternado,0,40,0,0,0.0,Choque,maniobras imprudentes,4901_1_132,14.0,10.0
Cesar,2020-10-23 21:54:00,85,400.0,2020-09-07 05:00:00,lunes,20,Normal,Seca y limpia,Plano,Terraplen,Recta,Parcial con paso alternado,1,42,0,0,0.0,Choque,maniobras imprudentes,4901_1_85,4.0,21.0
Boyacá,2020-10-23 23:07:00,0,520.0,2020-09-24 05:00:00,jueves,0,Normal,Seca y limpia,Plano,Terraplen,Recta,Transito normal con precaución,0,0,2,0,2.0,Choque,desobediencia a normas y senales,45BY01_2_0,13.0,11.0
Planta Central,2020-10-23 15:47:00,54,900.0,2019-11-04 05:00:00,lunes,0,Normal,Seca y limpia,Plano,Terraplen,Recta,Transito normal con precaución,16,0,0,0,0.0,Choque,impericia en el manejo,2512_1_54,15.0,1.0
Planta Central,2020-10-23 15:56:00,63,200.0,2019-11-11 05:00:00,lunes,30,Normal,Seca y limpia,Plano,Terraplen,Recta,Transito normal con precaución,9,50,0,0,0.0,Choque,no mantener distancia de seguridad,2512_1_63,9.0,0.0
Boyacá,2020-10-23 18:56:00,77,800.0,2020-08-03 05:00:00,lunes,30,Seca,Seca y limpia,Plano,Media Ladera Derecha,Curva Derecha,Transito normal con precaución,5,30,0,0,0.0,Salida de la vía sin volcarse,impericia en el manejo,5503_1_77,5.0,0.0
Boyacá,2020-10-23 18:56:00,36,540.0,2020-08-17 05:00:00,lunes,0,Lluvia,Humeda,Ondulado,Media ladera Izquierda,Curva Izquierda,Transito normal con precaución,17,0,1,0,1.0,Choque,exceso en horas de conduccion,5503_1_36,17.0,0.0
Boyacá,2020-10-23 18:56:00,38,400.0,2020-08-18 05:00:00,martes,55,Lluvia,Humeda,Ondulado,Media Ladera Derecha,Curva Derecha,Transito normal con precaución,15,55,0,0,1.0,Choque,condiciones de la via y factores ambientales,5503_1_38,15.0,0.0
Boyacá,2020-10-23 18:56:00,13,400.0,2020-08-24 05:00:00,lunes,0,Lluvia,Humeda,Plano,Media Ladera Derecha,Recta,Transito normal con precaución,16,0,0,0,0.0,Choque,maniobras imprudentes,6211_1_13,16.0,0.0
Boyacá,2020-10-23 19:37:00,61,840.0,2020-10-28 05:00:00,miercoles,30,Normal,Seca y limpia,Ondulado,Media ladera Izquierda,Curva Izquierda,Transito normal con precaución,14,30,0,0,0.0,Salida de la vía sin volcarse,impericia en el manejo,5503_1_61,14.0,0.0
Cesar,2020-10-23 20:58:00,74,820.0,2020-09-08 05:00:00,martes,30,Normal,Seca y limpia,Plano,Terraplen,Recta,Transito normal con precaución,0,20,0,0,0.0,Choque,condiciones de la via y factores ambientales,4901_1_74,19.0,5.0
Cesar,2020-10-23 21:03:00,91,300.0,2020-09-10 05:00:00,jueves,30,Normal,Seca y limpia,Plano,Terraplen,Recta,Transito normal con precaución,1,45,2,0,2.0,Choque,exceso en horas de conduccion,4901_1_91,1.0,0.0
Cesar,2020-10-23 21:18:00,71,200.0,2020-09-21 05:00:00,lunes,30,Normal,Seca y limpia,Plano,Terraplen,Recta,Transito normal con precaución,1,30,0,1,4.0,Choque,maniobras imprudentes,4901_1_71,15.0,10.0
Cesar,2020-10-23 21:31:00,88,0.0,2020-09-15 05:00:00,martes,10,Normal,Seca y limpia,Plano,Terraplen,Recta,Transito normal con precaución,0,40,0,0,0.0,Choque,maniobras imprudentes,4901_1_88,12.0,12.0
Cesar,2020-10-23 21:36:00,105,300.0,2020-09-04 05:00:00,viernes,40,Normal,Seca y limpia,Plano,Terraplen,Recta,Parcial con paso alternado,0,50,0,0,0.0,Choque,no mantener distancia de seguridad,4901_1_105,15.0,9.0
Cesar,2020-10-23 22:00:00,85,400.0,2020-09-07 05:00:00,lunes,20,Normal,Seca y limpia,Plano,Terraplen,Recta,Parcial con paso alternado,1,58,0,0,0.0,Choque,maniobras imprudentes,4901_1_85,4.0,21.0
Cesar,2020-10-23 22:09:00,3,800.0,2020-09-16 05:00:00,miercoles,10,Normal,Seca y limpia,Plano,Terraplen,Recta,Transito normal con precaución,1,20,0,0,0.0,Choque,condiciones de la via y factores ambientales,4902_1_3,19.0,6.0
Boyacá,2020-10-23 22:51:00,1,50.0,2020-09-05 05:00:00,sabado,5,Sol,Seca y limpia,Plano,Terraplen,Recta,Transito normal con precaución,0,0,0,0,1.0,Choque,impericia en el manejo,45BY01_1_1,7.0,17.0
Boyacá,2020-10-23 23:04:00,0,150.0,2020-09-23 05:00:00,miercoles,40,Normal,Seca y limpia,Plano,Terraplen,Recta,Transito normal con precaución,0,0,2,0,2.0,Choque,desobediencia a normas y senales,45BY01_1_0,21.0,3.0
Boyacá,2020-10-23 23:13:00,1,4.0,2020-09-28 05:00:00,lunes,5,Normal,Seca y limpia,Plano,Terraplen,Recta,Transito normal con precaución,0,0,2,0,2.0,Choque,adelantamientos indebidos,45BY01_2_1,7.0,17.0
Nariño,2020-11-04 16:16:00,53,970.0,2020-03-02 05:00:00,lunes,10,Seca,Seca y limpia,Plano,Terraplen,Recta,Transito normal con precaución,0,8,0,0,2.0,Choque,no mantener distancia de seguridad,1001_0_53,14.0,10.0
Planta Central,2020-10-24 16:59:00,86,600.0,2020-09-25 05:00:00,viernes,30,Normal,Seca y limpia,Plano,Terraplen,Recta,Transito normal con precaución,0,15,0,1,1.0,No determinado,estacionamiento y senalizacion imprudente,4511_1_86,22.0,2.0
Bolívar,2020-10-26 14:52:00,36,0.0,2020-09-01 05:00:00,martes,40,Normal,Seca y limpia,Plano,Terraplen,Recta,Transito normal con precaución,0,0,2,0,3.0,Choque,adelantamientos indebidos,7803_0_36,20.0,4.0
Bolívar,2020-10-26 15:01:00,12,415.0,2020-09-18 05:00:00,viernes,0,Normal,Seca y limpia,Plano,Terraplen,Recta,Transito normal con precaución,0,0,0,0,0.0,Volcamiento,otra - conductor en general,7803_0_12,5.0,19.0
Bolívar,2020-10-26 15:15:00,1,888.0,2020-09-22 05:00:00,martes,20,Normal,Seca y limpia,Plano,Terraplen,Recta,Transito normal con precaución,0,0,1,0,2.0,Choque,desobediencia a normas y senales,7804_0_1,15.0,9.0
Cauca,2020-10-26 19:02:00,4,500.0,2020-10-26 05:00:00,lunes,30,Sol,Material suelto,Montañoso,Media Ladera Derecha,Curva Derecha,Transito normal con precaución,0,0,0,0,0.0,Volcamiento,fallas mecanicas y del sistema electrico,26CC07_0_4,11.0,13.0
Cundinamarca,2020-10-26 15:38:00,16,241.0,2020-09-26 05:00:00,sabado,20,Normal,Humeda,Plano,Media Ladera Derecha,Recta,Parcial con paso alternado,16,30,2,1,3.0,Choque,adelantamientos indebidos,5604_0_16,16.0,0.0
Boyacá,2020-10-26 21:46:00,89,550.0,2020-10-24 05:00:00,sabado,0,Normal,Seca y limpia,Montañoso,Media ladera Izquierda,Curva Derecha,Transito normal con precaución,0,0,1,0,1.0,Volcamiento,embriaguez o sustancias alucinogenas,6006_0_89,21.0,3.0
Cauca,2020-10-27 12:53:00,33,86.0,2020-08-01 05:00:00,sabado,15,Normal,Seca y limpia,Montañoso,Media ladera Izquierda,Curva Izquierda,Transito normal con precaución,0,0,2,0,2.0,Choque,adelantamientos indebidos,1203_0_33,7.0,17.0
Planta Central,2020-10-27 13:42:00,49,920.0,2020-09-01 05:00:00,martes,30,Seca,Seca y limpia,Plano,Terraplen,Recta,Transito normal con precaución,20,30,0,0,0.0,Choque,otra - conductor en general,45A05_2_49,20.0,0.0
Norte de Santander,2020-10-27 15:01:00,11,500.0,2020-09-07 05:00:00,lunes,20,Normal,Humeda,Plano,Media Ladera Derecha,Recta,Parcial con reducción de carriles,0,55,1,0,1.0,Choque,condiciones de la via y factores ambientales,5507_0_11,3.0,21.0
Norte de Santander,2020-10-27 15:04:00,18,0.0,2020-09-21 05:00:00,lunes,30,Normal,Material suelto,Plano,Terraplen,Curva Derecha,Parcial con reducción de carriles,0,50,1,0,1.0,Volcamiento,condiciones de la via y factores ambientales,55NSA_2_18,17.0,7.0
Planta Central,2020-10-27 15:20:00,47,950.0,2020-09-12 05:00:00,sabado,0,Seca,Seca y limpia,Plano,Terraplen,Recta,Transito normal con precaución,10,0,0,0,0.0,Choque,maniobras imprudentes,45A05_1_47,10.0,0.0
Planta Central,2020-10-27 15:26:00,73,500.0,2020-09-20 05:00:00,domingo,0,Sol,Seca y limpia,Montañoso,Media Ladera Derecha,Recta,Transito normal con precaución,7,0,1,0,1.0,Atropello,conducta de peatones,45A05_1_73,7.0,0.0
Planta Central,2020-10-27 15:32:00,45,200.0,2020-09-22 05:00:00,martes,0,Sol,Seca y limpia,Plano,Terraplen,Recta,Transito normal con precaución,10,0,0,0,0.0,Volcamiento,fallas mecanicas y del sistema electrico,45A05_1_45,10.0,0.0
Planta Central,2020-10-27 16:25:00,49,585.0,2020-09-24 05:00:00,jueves,40,Seca,Seca y limpia,Plano,Terraplen,Recta,Transito normal con precaución,11,40,0,0,0.0,Choque,maniobras imprudentes,45A05_1_49,11.0,0.0
Planta Central,2020-10-27 21:56:00,56,900.0,2019-10-26 05:00:00,sabado,35,Lluvia,Humeda,Ondulado,Media Ladera Derecha,Curva Izquierda,Transito normal con precaución,19,50,0,0,0.0,Choque,no mantener distancia de seguridad,2510_1_56,18.0,1.0
Planta Central,2020-10-27 14:03:00,2,0.0,2020-09-05 05:00:00,sabado,20,Seca,Seca y limpia,Plano,Terraplen,Recta,Transito normal con precaución,20,0,0,0,0.0,Volcamiento,otra - conductor en general,45A05_1_2,20.0,0.0
Planta Central,2020-10-27 14:49:00,20,500.0,2020-09-07 05:00:00,lunes,0,Normal,Seca y limpia,Montañoso,Media ladera Izquierda,Curva Derecha,Transito normal con precaución,16,0,0,0,0.0,Volcamiento,fallas mecanicas y del sistema electrico,45A05_1_20,16.0,0.0
Norte de Santander,2020-10-27 14:58:00,41,600.0,2020-09-08 05:00:00,martes,0,Normal,Seca y limpia,Plano,Terraplen,Recta,Parcial con reducción de carriles,0,40,1,0,1.0,Choque,no mantener distancia de seguridad,5507_0_41,15.0,9.0
Planta Central,2020-10-27 15:02:00,68,500.0,2020-09-08 05:00:00,martes,0,Normal,Seca y limpia,Montañoso,Media ladera Izquierda,Recta,Transito normal con precaución,8,0,0,0,0.0,Volcamiento,fallas mecanicas y del sistema electrico,45A05_1_68,8.0,0.0
Planta Central,2020-10-27 15:14:00,50,60.0,2020-09-11 05:00:00,viernes,0,Seca,Seca y limpia,Plano,Terraplen,Recta,Transito normal con precaución,4,0,0,0,0.0,Choque,otra - conductor en general,45A05_2_50,4.0,0.0
Planta Central,2020-10-27 15:47:00,50,60.0,2020-09-23 05:00:00,miercoles,10,Sol,Seca y limpia,Plano,Terraplen,Recta,Transito normal con precaución,17,10,0,0,0.0,Choque,otra - conductor en general,45A05_2_50,17.0,0.0
Planta Central,2020-10-27 16:29:00,58,200.0,2020-09-24 05:00:00,jueves,30,Normal,Seca y limpia,Ondulado,Cajón,Recta,Transito normal con precaución,3,30,0,0,0.0,Volcamiento,exceso en horas de conduccion,45A05_1_58,3.0,0.0
Planta Central,2020-10-27 22:03:00,60,500.0,2019-10-06 05:00:00,domingo,45,Lluvia,Humeda,Ondulado,Media Ladera Derecha,Curva Derecha,Transito normal con precaución,21,0,0,0,0.0,Choque,no mantener distancia de seguridad,2510_1_60,20.0,1.0
Planta Central,2020-10-28 20:51:00,62,300.0,2019-10-22 05:00:00,martes,10,Normal,Seca y limpia,Ondulado,Terraplen,Recta,Transito normal con precaución,7,35,1,0,1.0,Choque,no mantener distancia de seguridad,2510_1_62,7.0,0.0
Planta Central,2020-10-28 21:10:00,75,0.0,2019-10-17 05:00:00,jueves,30,Normal,Seca y limpia,Ondulado,Terraplen,Recta,Transito normal con precaución,17,0,0,0,0.0,Choque,maniobras imprudentes,2510_1_75,16.0,1.0
Planta Central,2020-10-28 21:31:00,85,650.0,2019-10-21 05:00:00,lunes,15,Normal,Seca y limpia,Ondulado,Terraplen,Recta,Parcial con reducción de carriles,18,30,2,0,2.0,Atropello,fallas mecanicas y del sistema electrico,2510_1_85,18.0,0.0
Planta Central,2020-10-28 21:50:00,7,850.0,2019-10-15 05:00:00,martes,20,Normal,Seca y limpia,Plano,Terraplen,Curva Derecha,Transito normal con precaución,6,35,1,0,1.0,Choque,no mantener distancia de seguridad,2511_0_7,6.0,0.0
Cauca,2020-10-29 00:13:00,2,680.0,2020-08-14 05:00:00,viernes,0,Sol,Seca y limpia,Ondulado,Media Ladera Derecha,Recta,Parcial con paso alternado,0,0,0,0,1.0,Choque,embriaguez o sustancias alucinogenas,2002_1_2,17.0,7.0