territorial,fecha_registro,pr,distancia_pr,fecha_acc,dia_semana_acc,min_acc,condic_meteor,estado_super,terreno,secc_tip,geometria_acc,tipo_cierre,horas_cierre,min_cierre,n_heridos,n_muertos,n_victimas,clase_accidente,causa_posible,ref_loc,hora_acc,duracion_cierre_horas
Cauca,2020-10-29 00:18:00,47,165.0,2020-08-16 05:00:00,domingo,30,Sol,Seca y limpia,Ondulado,Media ladera Izquierda,Curva Izquierda,Parcial con paso alternado,0,0,0,0,0.0,Salida de la vía sin volcarse,embriaguez o sustancias alucinogenas,2001_1_47,6.0,18.0
Cauca,2020-10-29 00:30:00,54,550.0,2020-08-31 05:00:00,lunes,0,Sol,Seca y limpia,Montañoso,Terraplen,Curva Derecha,Parcial con reducción de carriles,0,0,1,0,1.0,Choque,adelantamientos indebidos,2001_1_54,7.0,17.0
Planta Central,2020-10-28 20:58:00,72,650.0,2019-10-19 05:00:00,sabado,15,Normal,Seca y limpia,Ondulado,Terraplen,Curva Izquierda,Transito normal con precaución,13,25,1,0,1.0,Volcamiento,estacionamiento y senalizacion imprudente,2510_1_72,13.0,0.0
Planta Central,2020-10-28 21:24:00,81,300.0,2019-10-19 05:00:00,sabado,0,Normal,Seca y limpia,Ondulado,Media Ladera Derecha,Recta,Transito normal con precaución,13,25,1,0,1.0,Choque,no mantener distancia de seguridad,2510_1_81,13.0,0.0
Planta Central,2020-10-28 22:14:00,10,50.0,2019-10-05 05:00:00,sabado,40,Normal,Seca y limpia,Ondulado,Media ladera Izquierda,Curva Izquierda,Parcial con reducción de carriles,12,0,1,0,1.0,Choque,otra - conductor en general,2511_0_10,11.0,1.0
Cauca,2020-10-29 00:24:00,0,800.0,2020-08-23 05:00:00,domingo,0,Normal,Otra,Ondulado,Media ladera Izquierda,Curva Izquierda,Parcial con paso alternado,0,0,3,0,3.0,Volcamiento,exceso de velocidad,2002_1_0,0.0,0.0
Antioquia,2020-10-29 12:49:00,49,800.0,2020-10-09 05:00:00,viernes,0,Seca,Seca y limpia,Plano,Terraplen,Recta,Transito normal con precaución,5,0,0,0,0.0,Volcamiento,fallas mecanicas y del sistema electrico,9002_0_49,5.0,0.0
Caquetá,2020-10-29 13:32:00,1,275.0,2020-10-27 05:00:00,martes,15,Lluvia,Humeda,Plano,Media ladera Izquierda,Recta,Transito normal con precaución,16,15,6,0,6.0,Choque,impericia en el manejo,6502_1_1,16.0,0.0
Planta Central,2020-10-29 16:01:00,80,593.0,2020-09-02 05:00:00,miercoles,30,Lluvia,Humeda,Montañoso,Media ladera Izquierda,Curva Izquierda,Parcial con paso alternado,2,0,0,0,0.0,Volcamiento,condiciones de la via y factores ambientales,45A08_1_80,0.0,2.0
Planta Central,2020-10-29 16:15:00,79,385.0,2020-09-03 05:00:00,jueves,0,Normal,Seca y limpia,Montañoso,Media ladera Izquierda,Curva Derecha,Parcial con paso alternado,23,0,0,0,0.0,Volcamiento,maniobras imprudentes,45A08_1_79,21.0,2.0
Planta Central,2020-10-29 16:25:00,31,194.0,2020-09-17 05:00:00,jueves,30,Normal,Seca y limpia,Montañoso,Media Ladera Derecha,Recta,Transito normal con precaución,0,0,0,0,0.0,Choque,adelantamientos indebidos,45A08_1_31,16.0,8.0
Planta Central,2020-10-29 16:29:00,90,800.0,2020-09-17 05:00:00,jueves,0,Normal,Seca y limpia,Plano,Cajón,Recta,Transito normal con precaución,0,0,0,1,1.0,Choque,maniobras imprudentes,45A08_1_90,20.0,4.0
Planta Central,2020-10-29 16:33:00,68,871.0,2020-09-18 05:00:00,viernes,0,Normal,Seca y limpia,Montañoso,Media Ladera Derecha,Curva Izquierda,Transito normal con precaución,0,0,0,0,0.0,Salida de la vía sin volcarse,otra - pasajero o acompanante,45A08_1_68,0.0,0.0
Planta Central,2020-10-29 17:03:00,58,74.0,2020-09-28 05:00:00,lunes,30,Lluvia,Humeda,Montañoso,Media Ladera Derecha,Recta,Parcial con paso alternado,0,30,0,0,0.0,Choque,no mantener distancia de seguridad,45A08_1_58,15.0,9.0
Cauca,2020-10-29 17:14:00,13,835.0,2020-08-07 05:00:00,viernes,30,Normal,Seca y limpia,Montañoso,Terraplen,Recta,Parcial con paso alternado,4,0,0,2,2.0,Choque,exceso de velocidad,2601_0_13,20.0,8.0
Cauca,2020-10-29 17:14:00,13,559.0,2020-08-19 05:00:00,miercoles,0,Normal,Seca y limpia,Montañoso,Cajón,Curva Derecha,Transito normal con precaución,2,30,0,0,4.0,Choque,adelantamientos indebidos,2602A_1_13,20.0,6.0
Cauca,2020-10-29 17:14:00,11,347.0,2020-08-30 05:00:00,domingo,30,Normal,Seca y limpia,Montañoso,Terraplen,Curva Derecha,Transito normal con precaución,2,0,2,0,9.0,Choque,impericia en el manejo,2602A_1_11,18.0,8.0
Norte de Santander,2020-10-29 19:11:00,109,980.0,2020-09-23 05:00:00,miercoles,15,Lluvia,Seca y limpia,Escarpado,Media Ladera Derecha,Curva Derecha,Cierre total,13,30,0,0,0.0,Choque,maniobras imprudentes,7008_1_109,11.0,2.0
Norte de Santander,2020-10-29 19:42:00,26,0.0,2020-09-30 05:00:00,miercoles,20,Sol,Seca y limpia,Ondulado,Terraplen,Recta,Transito normal con precaución,14,0,2,0,2.0,Choque,maniobras imprudentes,7009_0_26,13.0,1.0
Risaralda,2020-10-29 19:48:00,0,0.0,2020-08-03 05:00:00,lunes,30,Normal,Seca y limpia,Plano,Terraplen,Recta,Transito normal con precaución,12,30,3,0,3.0,Choque,maniobras imprudentes,29RSA_2_0,12.0,0.0
Córdoba,2020-10-29 21:32:00,65,600.0,2020-09-19 05:00:00,sabado,0,Normal,Seca y limpia,Plano,Terraplen,Recta,Transito normal con precaución,1,0,2,0,2.0,Choque,otra - conductor en general,2513_0_65,17.0,8.0
Córdoba,2020-10-29 21:38:00,2,400.0,2020-09-15 05:00:00,martes,30,Lluvia,Humeda,Ondulado,Terraplen,Curva Derecha,Transito normal con precaución,0,0,0,0,0.0,Volcamiento,maniobras imprudentes,2514_1_2,8.0,16.0
Córdoba,2020-10-29 21:54:00,43,730.0,2020-09-21 05:00:00,lunes,30,Normal,Seca y limpia,Plano,Terraplen,Recta,Transito normal con precaución,0,0,1,0,1.0,Choque,otra - conductor en general,7403_1_43,8.0,16.0
Sucre,2020-10-29 23:56:00,31,0.0,2020-05-18 05:00:00,lunes,5,Sol,Seca y limpia,Plano,Terraplen,Recta,Transito normal con precaución,0,45,0,0,0.0,Choque,adelantamientos indebidos,9004_1_31,18.0,6.0
Sucre,2020-10-29 23:59:00,93,100.0,2020-05-26 05:00:00,martes,25,Seca,Seca y limpia,Plano,Terraplen,Recta,Transito normal con precaución,0,50,2,0,2.0,Choque,adelantamientos indebidos,9004_1_93,18.0,6.0
Norte de Santander,2020-10-29 15:58:00,45,245.0,2020-09-22 05:00:00,martes,10,Sol,Seca y limpia,Plano,Terraplen,Recta,Parcial con reducción de carriles,19,0,0,0,0.0,Volcamiento,maniobras imprudentes,7009_0_45,14.0,5.0
Nariño,2020-11-04 16:21:00,61,300.0,2020-03-08 05:00:00,domingo,30,Seca,Seca y limpia,Plano,Terraplen,Curva Derecha,Transito normal con precaución,0,10,0,1,2.0,Choque,exceso de velocidad,1001_0_61,5.0,19.0
Planta Central,2020-10-29 16:10:00,29,540.0,2020-09-03 05:00:00,jueves,40,Normal,Seca y limpia,Ondulado,Terraplen,Recta,Transito normal con precaución,0,0,0,0,0.0,Choque,maniobras imprudentes,45A08_1_29,11.0,13.0
Planta Central,2020-10-29 16:20:00,63,612.0,2020-09-12 05:00:00,sabado,50,Lluvia,Humeda,Ondulado,Terraplen,Curva Izquierda,Transito normal con precaución,0,0,0,0,0.0,Choque,condiciones de la via y factores ambientales,45A08_1_63,9.0,15.0
Planta Central,2020-10-29 16:36:00,21,300.0,2020-09-20 05:00:00,domingo,10,Normal,Humeda,Montañoso,Media ladera Izquierda,Curva Izquierda,Cierre total,2,30,1,1,2.0,Choque,otra - pasajero o acompanante,45A08_1_21,6.0,20.0
Planta Central,2020-10-29 16:40:00,21,300.0,2020-09-20 05:00:00,domingo,30,Lluvia,Humeda,Montañoso,Media ladera Izquierda,Curva Izquierda,Transito normal con precaución,0,0,0,0,0.0,Volcamiento,condiciones de la via y factores ambientales,45A08_1_21,21.0,3.0
Planta Central,2020-10-29 16:44:00,78,720.0,2020-09-24 05:00:00,jueves,30,Normal,Seca y limpia,Montañoso,Cajón,Recta,Transito normal con precaución,0,0,1,0,1.0,Volcamiento,maniobras imprudentes,45A08_1_78,7.0,17.0
Planta Central,2020-10-29 16:59:00,54,850.0,2020-09-25 05:00:00,viernes,0,Normal,Seca y limpia,Montañoso,Media ladera Izquierda,Recta,Parcial con paso alternado,1,10,0,0,0.0,Choque,maniobras imprudentes,45A08_1_54,6.0,19.0
Cauca,2020-10-29 17:14:00,13,250.0,2020-08-16 05:00:00,domingo,30,Normal,Seca y limpia,Montañoso,Terraplen,Recta,Transito normal con precaución,1,40,2,0,4.0,Volcamiento,impericia en el manejo,2602A_1_13,18.0,7.0
Cauca,2020-10-29 17:14:00,1,300.0,2020-08-24 05:00:00,lunes,0,Normal,Seca y limpia,Montañoso,Terraplen,Recta,Transito normal con precaución,1,30,2,0,6.0,Choque,otra - conductor en general,2601_0_1,17.0,8.0
Cauca,2020-10-29 17:14:00,13,145.0,2020-08-29 05:00:00,sabado,0,Normal,Seca y limpia,Montañoso,Terraplen,Recta,Transito normal con precaución,1,30,1,0,7.0,Atropello,otra - conductor en general,2601_0_13,18.0,7.0
Córdoba,2020-10-29 21:45:00,5,130.0,2020-09-09 05:00:00,miercoles,0,Normal,Seca y limpia,Plano,Terraplen,Recta,Transito normal con precaución,0,0,0,0,2.0,Choque,exceso de velocidad,2514_1_5,23.0,1.0
Tolima,2020-10-29 21:32:00,20,610.0,2020-09-03 05:00:00,jueves,30,Normal,Seca y limpia,Montañoso,Media ladera Izquierda,Curva Derecha,Transito normal con precaución,12,5,0,0,0.0,Choque,adelantamientos indebidos,5007_1_20,11.0,1.0
Nariño,2020-11-04 16:26:00,73,600.0,2020-04-08 05:00:00,miercoles,30,Seca,Seca y limpia,Plano,Terraplen,Curva Derecha,Transito normal con precaución,0,15,0,0,2.0,Choque,exceso de velocidad,1001_0_73,10.0,14.0
Córdoba,2020-10-29 21:49:00,34,600.0,2020-09-30 05:00:00,miercoles,40,Normal,Seca y limpia,Plano,Terraplen,Recta,Transito normal con precaución,0,0,3,0,3.0,Choque,estacionamiento y senalizacion imprudente,7403_1_34,18.0,6.0
Sucre,2020-10-29 23:50:00,90,500.0,2020-05-16 05:00:00,sabado,0,Sol,Seca y limpia,Plano,Terraplen,Recta,Transito normal con precaución,1,30,2,0,2.0,Choque,desobediencia a normas y senales,9004_1_90,6.0,19.0
Quindío,2020-10-30 13:17:00,11,10.0,2020-09-16 05:00:00,miercoles,50,Normal,Seca y limpia,Plano,Cajón,Recta,Transito normal con precaución,0,0,1,0,1.0,Caída ocupante,maniobras imprudentes,2901B_1_11,16.0,8.0
Quindío,2020-10-30 13:23:00,1,450.0,2020-09-19 05:00:00,sabado,30,Normal,Seca y limpia,Plano,Terraplen,Recta,Transito normal con precaución,0,10,1,0,2.0,Choque,desobediencia a normas y senales,2901B_1_1,15.0,9.0
Nariño,2020-11-01 16:16:00,27,800.0,2020-09-14 05:00:00,lunes,20,Normal,Seca y limpia,Montañoso,Media ladera Izquierda,Curva Derecha,Transito normal con precaución,17,20,1,1,2.0,Choque,adelantamientos indebidos,1002_1_27,17.0,0.0
Cauca,2020-11-02 00:47:00,11,800.0,2020-10-31 05:00:00,sabado,30,Lluvia,Humeda,Montañoso,Media ladera Izquierda,Curva Izquierda,Transito normal con precaución,0,0,0,0,0.0,Choque,exceso en horas de conduccion,2602_0_11,7.0,17.0
Nariño,2020-11-01 16:24:00,34,360.0,2020-09-20 05:00:00,domingo,0,Normal,Seca y limpia,Ondulado,Media ladera Izquierda,Curva Derecha,Transito normal con precaución,18,0,0,0,0.0,Choque,otra - conductor en general,1002_1_34,18.0,0.0
Cauca,2020-11-02 00:42:00,82,400.0,2020-10-31 05:00:00,sabado,30,Sol,Material suelto,Montañoso,Media ladera Izquierda,Recta,Transito normal con precaución,0,0,0,0,0.0,Choque,fallas mecanicas y del sistema electrico,3701_1_82,6.0,18.0
Boyacá,2020-11-02 16:08:00,8,520.0,2020-09-04 05:00:00,viernes,30,Normal,Seca y limpia,Plano,Terraplen,Recta,Transito normal con precaución,0,0,1,0,1.0,Atropello,conducta de peatones,6209_0_8,7.0,17.0
Boyacá,2020-11-02 16:17:00,22,650.0,2020-09-08 05:00:00,martes,30,Lluvia,Humeda,Montañoso,Media Ladera Derecha,Recta,Transito normal con precaución,0,0,0,0,0.0,Volcamiento,impericia en el manejo,6209_0_22,12.0,12.0
Boyacá,2020-11-02 16:30:00,13,115.0,2020-09-12 05:00:00,sabado,10,Normal,Seca y limpia,Montañoso,Cajón,Recta,Transito normal con precaución,0,10,2,0,2.0,Choque,otra - conductor en general,6209_0_13,8.0,16.0
Boyacá,2020-11-02 16:41:00,49,200.0,2020-09-15 05:00:00,martes,26,Normal,Seca y limpia,Ondulado,Media Ladera Derecha,Curva Derecha,Transito normal con precaución,0,0,0,0,0.0,Volcamiento,fallas mecanicas y del sistema electrico,6007_0_49,8.0,16.0
Boyacá,2020-11-02 16:47:00,19,350.0,2020-09-15 05:00:00,martes,0,Normal,Seca y limpia,Ondulado,Media Ladera Derecha,Recta,Transito normal con precaución,0,0,0,0,0.0,Incendio,fallas mecanicas y del sistema electrico,6008_0_19,12.0,12.0
Boyacá,2020-11-02 17:09:00,11,980.0,2020-09-28 05:00:00,lunes,0,Lluvia,Humeda,Ondulado,Cajón,Curva Derecha,Transito normal con precaución,1,55,0,0,0.0,Volcamiento,fallas mecanicas y del sistema electrico,6209_0_11,16.0,9.0
Boyacá,2020-11-02 17:20:00,4,700.0,2020-09-29 05:00:00,martes,15,Normal,Seca y limpia,Ondulado,Terraplen,Curva Derecha,Parcial con paso alternado,0,40,2,0,2.0,Choque,desobediencia a normas y senales,6008_0_4,17.0,7.0
Boyacá,2020-11-02 16:34:00,42,0.0,2020-09-12 05:00:00,sabado,40,Lluvia,Humeda,Ondulado,Cajón,Recta,Transito normal con precaución,0,50,0,0,0.0,Choque,condiciones de la via y factores ambientales,6209_0_42,12.0,12.0
Boyacá,2020-11-02 16:53:00,59,400.0,2020-09-19 05:00:00,sabado,37,Normal,Seca y limpia,Ondulado,Media Ladera Derecha,Curva Derecha,Transito normal con precaución,0,8,0,0,0.0,Choque,condiciones de la via y factores ambientales,6209_0_59,10.0,14.0
Boyacá,2020-11-02 16:58:00,52,300.0,2020-09-26 05:00:00,sabado,20,Normal,Seca y limpia,Ondulado,Terraplen,Recta,Transito normal con precaución,0,20,1,0,1.0,Choque,maniobras imprudentes,6209_0_52,9.0,15.0
Boyacá,2020-11-02 17:03:00,42,615.0,2020-09-28 05:00:00,lunes,5,Lluvia,Humeda,Ondulado,Terraplen,Recta,Transito normal con precaución,0,0,2,0,2.0,Volcamiento,condiciones de la via y factores ambientales,6209_0_42,15.0,9.0
Boyacá,2020-11-02 17:14:00,6,750.0,2020-09-29 05:00:00,martes,30,Normal,Seca y limpia,Plano,Media Ladera Derecha,Recta,Transito normal con precaución,0,20,0,0,0.0,Choque,impericia en el manejo,6209_0_6,8.0,16.0
Boyacá,2020-11-02 17:24:00,44,450.0,2020-09-29 05:00:00,martes,10,Lluvia,Humeda,Ondulado,Terraplen,Curva Izquierda,Parcial con paso alternado,0,10,4,0,4.0,Choque,otra - conductor en general,6209_0_44,12.0,12.0
Boyacá,2020-11-02 17:29:00,63,500.0,2020-09-29 05:00:00,martes,30,Normal,Seca y limpia,Ondulado,Media Ladera Derecha,Recta,Parcial con paso alternado,0,30,1,0,1.0,Choque,desobediencia a normas y senales,6209_0_63,7.0,17.0
Santander,2020-11-03 14:27:00,1,327.0,2020-09-09 05:00:00,miercoles,40,Normal,Seca y limpia,Plano,Media Ladera Derecha,Recta,Transito normal con precaución,20,50,2,0,2.0,Atropello,condiciones de la via y factores ambientales,5504_1_1,20.0,0.0
Santander,2020-11-03 14:27:00,81,250.0,2020-09-06 05:00:00,domingo,0,Niebla,Seca y limpia,Ondulado,Media ladera Izquierda,Recta,Transito normal con precaución,6,30,0,0,2.0,Volcamiento,condiciones de la via y factores ambientales,5504_1_81,6.0,0.0
Santander,2020-11-03 14:58:00,108,427.0,2020-09-24 05:00:00,jueves,0,Seca,Seca y limpia,Ondulado,Media Ladera Derecha,Curva Izquierda,Cierre total,9,30,0,0,0.0,Choque,desobediencia a normas y senales,55ST02_1_108,8.0,1.0
Santander,2020-11-03 14:43:00,92,50.0,2020-09-09 05:00:00,miercoles,40,Seca,Seca y limpia,Ondulado,Media Ladera Derecha,Curva Derecha,Transito normal con precaución,13,40,0,0,0.0,Choque,maniobras imprudentes,55ST02_1_92,13.0,0.0
Casanare,2020-11-03 14:56:00,80,540.0,2020-10-25 05:00:00,domingo,0,Normal,Seca y limpia,Plano,Terraplen,Recta,Transito normal con precaución,23,0,0,1,1.0,Choque,maniobras imprudentes,6515_1_80,23.0,0.0
Nariño,2020-11-04 14:03:00,1,750.0,2019-12-03 05:00:00,martes,50,Normal,Seca y limpia,Plano,Terraplen,Curva Derecha,Transito normal con precaución,0,10,0,0,1.0,Choque,exceso de velocidad,1001_0_1,7.0,17.0
Nariño,2020-11-04 14:19:00,5,200.0,2019-12-04 05:00:00,miercoles,20,Seca,Seca y limpia,Plano,Terraplen,Recta,Transito normal con precaución,0,15,0,0,1.0,Caída ocupante,impericia en el manejo,1001_0_5,20.0,4.0
Nariño,2020-11-04 14:26:00,25,200.0,2019-12-03 05:00:00,martes,45,Normal,Seca y limpia,Plano,Terraplen,Recta,Transito normal con precaución,0,10,0,1,3.0,Choque,exceso de velocidad,1001_0_25,7.0,17.0
Nariño,2020-11-04 14:29:00,7,700.0,2019-12-11 05:00:00,miercoles,40,Normal,Seca y limpia,Plano,Terraplen,Recta,Transito normal con precaución,0,15,0,0,2.0,Choque,exceso de velocidad,1001_0_7,9.0,15.0
Nariño,2020-11-04 14:32:00,28,0.0,2019-12-28 05:00:00,sabado,30,Normal,Seca y limpia,Plano,Terraplen,Recta,Transito normal con precaución,0,10,0,0,1.0,Atropello,exceso de velocidad,1001_0_28,19.0,5.0
Nariño,2020-11-04 14:54:00,5,800.0,2020-01-07 05:00:00,martes,40,Lluvia,Humeda,Plano,Terraplen,Recta,Transito normal con precaución,0,10,0,1,1.0,Atropello,exceso de velocidad,1001_0_5,5.0,19.0
Nariño,2020-11-04 15:03:00,37,0.0,2020-01-25 05:00:00,sabado,0,Lluvia,Humeda,Plano,Terraplen,Recta,Transito normal con precaución,0,12,0,0,2.0,Choque,condiciones de la via y factores ambientales,1001_0_37,10.0,14.0
Nariño,2020-11-04 15:10:00,46,300.0,2020-02-03 05:00:00,lunes,20,Seca,Seca y limpia,Plano,Terraplen,Recta,Transito normal con precaución,0,10,0,2,2.0,Atropello,exceso de velocidad,1001_0_46,12.0,12.0
Nariño,2020-11-04 15:20:00,75,700.0,2020-02-04 05:00:00,martes,20,Seca,Seca y limpia,Plano,Terraplen,Recta,Transito normal con precaución,0,10,0,2,2.0,Choque,exceso de velocidad,1001_0_75,8.0,16.0
Nariño,2020-11-04 15:25:00,19,900.0,2020-02-23 05:00:00,domingo,30,Seca,Seca y limpia,Plano,Terraplen,Recta,Transito normal con precaución,0,13,0,1,6.0,Volcamiento,exceso de velocidad,1001_0_19,10.0,14.0
Nariño,2020-11-04 14:38:00,75,0.0,2019-12-29 05:00:00,domingo,25,Lluvia,Humeda,Plano,Terraplen,Recta,Transito normal con precaución,0,15,0,0,4.0,Choque,exceso de velocidad,1001_0_75,23.0,1.0
Planta Central,2020-11-04 15:01:00,18,800.0,2020-09-11 05:00:00,viernes,20,Normal,Seca y limpia,Montañoso,Media Ladera Derecha,Curva Izquierda,Parcial con reducción de carriles,0,30,4,0,5.0,Choque,otra - conductor en general,4003_1_18,1.0,23.0
Nariño,2020-11-04 15:56:00,7,0.0,2020-03-01 05:00:00,domingo,30,Lluvia,Humeda,Plano,Terraplen,Curva Derecha,Transito normal con precaución,0,10,0,0,2.0,Choque,exceso de velocidad,1001_0_7,21.0,3.0
Nariño,2020-11-04 16:51:00,0,250.0,2020-06-14 05:00:00,domingo,30,Seca,Seca y limpia,Plano,Cajón,Recta,Transito normal con precaución,0,13,0,0,2.0,Choque,conducta de peatones,1001_0_0,20.0,4.0
Nariño,2020-11-04 16:54:00,64,0.0,2020-06-20 05:00:00,sabado,50,Seca,Seca y limpia,Plano,Cajón,Recta,Transito normal con precaución,0,10,0,0,1.0,Atropello,exceso de velocidad,1001_0_64,16.0,8.0
Nariño,2020-11-04 16:58:00,9,280.0,2020-06-21 05:00:00,domingo,40,Seca,Seca y limpia,Plano,Terraplen,Recta,Transito normal con precaución,0,10,0,1,1.0,Choque,impericia en el manejo,1001_0_9,20.0,4.0
Nariño,2020-11-04 17:03:00,69,210.0,2020-07-06 05:00:00,lunes,0,Seca,Seca y limpia,Plano,Terraplen,Recta,Transito normal con precaución,0,10,0,0,3.0,Choque,exceso de velocidad,1001_0_69,10.0,14.0
Nariño,2020-11-04 17:07:00,45,300.0,2020-07-10 05:00:00,viernes,50,Lluvia,Humeda,Plano,Terraplen,Recta,Transito normal con precaución,0,10,0,0,2.0,Choque,exceso de velocidad,1001_0_45,22.0,2.0
Nariño,2020-11-04 17:28:00,4,640.0,2020-08-30 05:00:00,domingo,20,Seca,Seca y limpia,Plano,Terraplen,Recta,Transito normal con precaución,0,12,0,1,3.0,Atropello,exceso de velocidad,1001_0_4,19.0,5.0
Planta Central,2020-11-04 19:55:00,12,70.0,2019-10-21 05:00:00,lunes,43,Normal,Seca y limpia,Ondulado,Media ladera Izquierda,Curva Derecha,Transito normal con precaución,17,0,1,0,1.0,Choque,desobediencia a normas y senales,2511_0_12,16.0,1.0
Planta Central,2020-11-04 20:46:00,15,500.0,2019-10-11 05:00:00,viernes,25,Lluvia,Humeda,Montañoso,Media ladera Izquierda,Curva Derecha,Parcial con reducción de carriles,15,20,0,2,2.0,Choque,adelantamientos indebidos,2511_0_15,14.0,1.0
Planta Central,2020-11-04 20:52:00,24,780.0,2019-10-15 05:00:00,martes,45,Lluvia,Humeda,Ondulado,Media ladera Izquierda,Recta,Transito normal con precaución,19,10,0,0,0.0,Volcamiento,exceso en horas de conduccion,2511_0_24,18.0,1.0
Planta Central,2020-11-04 20:56:00,26,500.0,2019-10-08 05:00:00,martes,15,Normal,Seca y limpia,Ondulado,Media ladera Izquierda,Curva Izquierda,Parcial con reducción de carriles,13,45,3,0,3.0,Choque,adelantamientos indebidos,2511_0_26,13.0,0.0
Nariño,2020-11-04 16:41:00,41,980.0,2020-06-07 05:00:00,domingo,0,Seca,Seca y limpia,Plano,Terraplen,Recta,Transito normal con precaución,0,15,0,1,2.0,Atropello,exceso de velocidad,1001_0_41,22.0,2.0
Nariño,2020-11-04 16:44:00,64,210.0,2020-06-08 05:00:00,lunes,20,Niebla,Seca y limpia,Plano,Cajón,Recta,Transito normal con precaución,0,14,0,0,1.0,Choque,exceso de velocidad,1001_0_64,23.0,1.0
Nariño,2020-11-04 16:48:00,6,250.0,2020-06-14 05:00:00,domingo,0,Seca,Seca y limpia,Plano,Cajón,Recta,Transito normal con precaución,0,10,0,1,1.0,Choque,exceso de velocidad,1001_0_6,1.0,23.0
Nariño,2020-11-04 17:15:00,81,0.0,2020-08-01 05:00:00,sabado,0,Lluvia,Humeda,Plano,Terraplen,Recta,Transito normal con precaución,0,10,0,1,1.0,Atropello,condiciones de la via y factores ambientales,1001_0_81,5.0,19.0
Nariño,2020-11-04 17:18:00,3,620.0,2020-08-11 05:00:00,martes,50,Seca,Seca y limpia,Plano,Terraplen,Recta,Transito normal con precaución,0,10,0,0,1.0,Choque,exceso de velocidad,1001_0_3,23.0,1.0
Nariño,2020-11-04 17:23:00,19,700.0,2020-08-26 05:00:00,miercoles,10,Seca,Seca y limpia,Plano,Terraplen,Recta,Transito normal con precaución,0,10,0,0,2.0,Choque,conducta de peatones,1001_0_19,14.0,10.0
Planta Central,2020-11-06 13:34:00,16,100.0,2020-09-12 05:00:00,sabado,0,Normal,Seca y limpia,Montañoso,Media Ladera Derecha,Curva Izquierda,Transito normal con precaución,0,0,0,0,0.0,Choque,otra - conductor en general,4003_1_16,7.0,17.0
Nariño,2020-11-06 13:44:00,89,200.0,2020-09-04 05:00:00,viernes,30,Normal,Seca y limpia,Montañoso,Media ladera Izquierda,Curva Izquierda,Transito normal con precaución,19,30,1,0,1.0,Choque,embriaguez o sustancias alucinogenas,2502_1_89,19.0,0.0
Nariño,2020-11-06 13:48:00,8,280.0,2020-08-25 05:00:00,martes,0,Sol,Seca y limpia,Montañoso,Media ladera Izquierda,Curva Izquierda,Transito normal con precaución,18,0,0,0,1.0,Choque,exceso de velocidad,1702_0_8,18.0,0.0
Nariño,2020-11-06 13:53:00,3,480.0,2020-08-30 05:00:00,domingo,45,Normal,Seca y limpia,Plano,Terraplen,Recta,Transito normal con precaución,20,45,0,1,3.0,Choque,exceso de velocidad,2501B_1_3,20.0,0.0
Nariño,2020-11-06 13:57:00,10,650.0,2020-09-24 05:00:00,jueves,0,Normal,Seca y limpia,Montañoso,Cajón,Curva Derecha,Transito normal con precaución,19,0,1,0,1.0,Choque,embriaguez o sustancias alucinogenas,25NRD_1_10,19.0,0.0
Tolima,2020-11-06 18:58:00,24,350.0,2020-09-20 05:00:00,domingo,10,Normal,Seca y limpia,Montañoso,Media Ladera Derecha,Curva Derecha,Parcial restringido a vehiculos pesados,14,10,2,0,2.0,Volcamiento,otra - conductor en general,5007_1_24,14.0,0.0
Meta,2020-11-06 22:12:00,87,900.0,2020-09-20 05:00:00,domingo,45,Seca,Seca y limpia,Plano,Terraplen,Recta,Cierre total,11,45,5,0,7.0,Otro,fallas mecanicas y del sistema electrico,6507_0_87,11.0,0.0
Meta,2020-11-06 22:12:00,47,400.0,2020-09-29 05:00:00,martes,30,Lluvia,Humeda,Plano,Terraplen,Recta,Parcial con paso alternado,21,30,0,0,9.0,Choque,condiciones de la via y factores ambientales,6507_0_47,21.0,0.0
Nariño,2020-11-06 13:43:00,107,480.0,2020-08-10 05:00:00,lunes,30,Sol,Seca y limpia,Montañoso,Media Ladera Derecha,Recta,Transito normal con precaución,6,30,1,0,1.0,Otro,condiciones de la via y factores ambientales,1002_1_107,6.0,0.0
Nariño,2020-11-06 13:48:00,108,870.0,2020-09-06 05:00:00,domingo,0,Normal,Seca y limpia,Montañoso,Media ladera Izquierda,Recta,Transito normal con precaución,14,0,0,0,0.0,Volcamiento,exceso de velocidad,2502_1_108,14.0,0.0
Nariño,2020-11-06 13:53:00,79,400.0,2020-09-23 05:00:00,miercoles,30,Normal,Seca y limpia,Montañoso,Media Ladera Derecha,Recta,Transito normal con precaución,5,30,0,0,0.0,Volcamiento,fallas mecanicas y del sistema electrico,2502_1_79,5.0,0.0
Planta Central,2020-11-06 14:02:00,127,130.0,2020-06-07 05:00:00,domingo,0,Normal,Seca y limpia,Plano,Terraplen,Recta,Transito normal con precaución,1,20,1,0,1.0,Choque,adelantamientos indebidos,4510_1_127,21.0,4.0
Nariño,2020-11-06 14:08:00,51,310.0,2020-09-12 05:00:00,sabado,0,Normal,Seca y limpia,Montañoso,Media ladera Izquierda,Recta,Parcial con paso alternado,21,0,0,0,2.0,Choque,exceso de velocidad,2501B_1_51,21.0,0.0
Planta Central,2020-11-06 14:18:00,41,850.0,2020-07-04 05:00:00,sabado,0,Normal,Seca y limpia,Plano,Terraplen,Recta,Transito normal con precaución,1,50,0,0,0.0,Volcamiento,condiciones de la via y factores ambientales,4510_2_41,13.0,12.0