territorial,fecha_registro,pr,distancia_pr,fecha_acc,dia_semana_acc,min_acc,condic_meteor,estado_super,terreno,secc_tip,geometria_acc,tipo_cierre,horas_cierre,min_cierre,n_heridos,n_muertos,n_victimas,clase_accidente,causa_posible,ref_loc,hora_acc,duracion_cierre_horas
Nariño,2020-11-06 14:18:00,34,700.0,2020-09-21 05:00:00,lunes,30,Sol,Seca y limpia,Montañoso,Media Ladera Derecha,Curva Derecha,Parcial con paso alternado,15,30,0,1,2.0,Choque,exceso de velocidad,1702_0_34,15.0,0.0
Tolima,2020-11-06 18:33:00,16,900.0,2020-09-16 05:00:00,miercoles,0,Lluvia,Humeda,Montañoso,Media ladera Izquierda,Recta,Transito normal con precaución,13,0,0,0,0.0,Choque,condiciones de la via y factores ambientales,5007_1_16,13.0,0.0
Tolima,2020-11-06 18:51:00,14,490.0,2020-09-19 05:00:00,sabado,15,Normal,Seca y limpia,Montañoso,Media Ladera Derecha,Curva Derecha,Transito normal con precaución,18,15,0,0,0.0,Choque,estacionamiento y senalizacion imprudente,5007_1_14,18.0,0.0
Meta,2020-11-06 22:12:00,56,800.0,2020-09-18 05:00:00,viernes,30,Seca,Seca y limpia,Plano,Terraplen,Recta,Parcial con paso alternado,19,30,2,0,2.0,Choque,maniobras imprudentes,7506_1_56,19.0,0.0
Meta,2020-11-06 22:12:00,50,200.0,2020-09-22 05:00:00,martes,10,Seca,Seca y limpia,Plano,Terraplen,Recta,Parcial con paso alternado,11,10,1,1,9.0,Caída ocupante,estacionamiento y senalizacion imprudente,6507_0_50,11.0,0.0
Nariño,2020-11-06 14:02:00,8,100.0,2020-09-28 05:00:00,lunes,45,Normal,Seca y limpia,Montañoso,Media ladera Izquierda,Recta,Cierre total,12,45,0,0,1.0,Choque,adelantamientos indebidos,2502_1_8,12.0,0.0
Planta Central,2020-11-06 14:02:00,41,700.0,2020-06-15 05:00:00,lunes,0,Normal,Seca y limpia,Plano,Terraplen,Recta,Transito normal con precaución,1,10,0,0,1.0,Choque,condiciones de la via y factores ambientales,4510_2_41,12.0,13.0
Planta Central,2020-11-06 14:10:00,115,800.0,2020-06-16 05:00:00,martes,30,Normal,Seca y limpia,Plano,Media Ladera Derecha,Recta,Transito normal con precaución,2,40,1,1,2.0,Volcamiento,exceso de velocidad,4510_2_115,22.0,4.0
Nariño,2020-11-06 14:10:00,114,100.0,2020-09-15 05:00:00,martes,30,Sol,Seca y limpia,Montañoso,Media Ladera Derecha,Curva Derecha,Transito normal con precaución,6,30,0,0,0.0,Choque,otra - conductor en general,1002_1_114,6.0,0.0
Nariño,2020-11-06 14:09:00,17,400.0,2020-09-28 05:00:00,lunes,20,Sol,Seca y limpia,Ondulado,Media ladera Izquierda,Recta,Transito normal con precaución,15,20,3,0,3.0,Choque,exceso de velocidad,25NRD_2_17,15.0,0.0
Planta Central,2020-11-06 14:13:00,47,100.0,2020-06-27 05:00:00,sabado,30,Normal,Seca y limpia,Plano,Terraplen,Recta,Transito normal con precaución,1,30,0,0,0.0,Choque,otra - conductor en general,4510_2_47,5.0,20.0
Nariño,2020-11-06 14:14:00,99,280.0,2020-09-18 05:00:00,viernes,30,Sol,Seca y limpia,Ondulado,Media Ladera Derecha,Curva Izquierda,Transito normal con precaución,5,30,0,0,0.0,Salida de la vía sin volcarse,fallas mecanicas y del sistema electrico,1002_1_99,5.0,0.0
Planta Central,2020-11-06 14:21:00,51,260.0,2020-07-15 05:00:00,miercoles,20,Normal,Seca y limpia,Plano,Terraplen,Recta,Transito normal con precaución,2,30,0,1,1.0,Choque,adelantamientos indebidos,4510_2_51,12.0,14.0
Planta Central,2020-11-06 14:28:00,42,300.0,2020-08-17 05:00:00,lunes,0,Normal,Seca y limpia,Plano,Terraplen,Curva Derecha,Transito normal con precaución,1,30,0,0,0.0,Salida de la vía sin volcarse,otra - conductor en general,4510_2_42,15.0,10.0
Planta Central,2020-11-06 14:35:00,46,220.0,2020-08-24 05:00:00,lunes,35,Normal,Seca y limpia,Plano,Cajón,Curva Izquierda,Parcial con reducción de carriles,2,30,1,0,1.0,Choque,no mantener distancia de seguridad,4511_1_46,12.0,14.0
Putumayo,2020-11-06 14:53:00,65,806.0,2020-09-02 05:00:00,miercoles,30,Sol,Seca y limpia,Plano,Terraplen,Recta,Transito normal con precaución,8,0,1,0,1.0,Atropello,condiciones de la via y factores ambientales,1003_1_65,7.0,1.0
Planta Central,2020-11-06 13:34:00,25,600.0,2020-09-13 05:00:00,domingo,20,Normal,Seca y limpia,Montañoso,Media Ladera Derecha,Curva Derecha,Transito normal con precaución,0,0,0,0,0.0,Volcamiento,otra - conductor en general,4003_1_25,15.0,9.0
Tolima,2020-11-06 16:44:00,24,350.0,2020-09-03 05:00:00,jueves,30,Normal,Seca y limpia,Montañoso,Terraplen,Curva Izquierda,Parcial restringido a vehiculos pesados,19,30,0,0,0.0,Salida de la vía sin volcarse,otra - conductor en general,5007_1_24,19.0,0.0
Tolima,2020-11-06 17:08:00,3,280.0,2020-09-10 05:00:00,jueves,30,Lluvia,Humeda,Montañoso,Media Ladera Derecha,Curva Derecha,Transito normal con precaución,7,30,0,0,0.0,Choque,condiciones de la via y factores ambientales,5007_1_3,7.0,0.0
Tolima,2020-11-06 17:21:00,22,670.0,2020-09-11 05:00:00,viernes,0,Normal,Seca y limpia,Montañoso,Media ladera Izquierda,Curva Derecha,Transito normal con precaución,11,0,0,0,0.0,Salida de la vía sin volcarse,fallas mecanicas y del sistema electrico,5007_1_22,11.0,0.0
Tolima,2020-11-06 17:27:00,8,100.0,2020-09-13 05:00:00,domingo,20,Lluvia,Humeda,Montañoso,Media Ladera Derecha,Curva Derecha,Parcial restringido a vehiculos pesados,7,20,0,0,0.0,Choque,condiciones de la via y factores ambientales,5007_1_8,7.0,0.0
Risaralda,2020-11-08 19:53:00,7,500.0,2020-06-01 05:00:00,lunes,0,Normal,Seca y limpia,Plano,Terraplen,Recta,Transito normal con precaución,17,0,1,0,1.0,Choque,no mantener distancia de seguridad,29RS01_2_7,17.0,0.0
Risaralda,2020-11-08 20:10:00,4,50.0,2020-06-11 05:00:00,jueves,20,Normal,Seca y limpia,Plano,Terraplen,Recta,Transito normal con precaución,6,20,1,0,1.0,Choque,maniobras imprudentes,29RS01_1_4,6.0,0.0
Risaralda,2020-11-08 20:16:00,81,500.0,2020-06-15 05:00:00,lunes,0,Normal,Seca y limpia,Plano,Terraplen,Curva Izquierda,Transito normal con precaución,10,0,0,0,0.0,Volcamiento,otra - conductor en general,2506_1_81,10.0,0.0
Risaralda,2020-11-08 20:24:00,83,0.0,2020-06-19 05:00:00,viernes,12,Normal,Seca y limpia,Montañoso,Media Ladera Derecha,Recta,Transito normal con precaución,16,12,0,0,0.0,Choque,desobediencia a normas y senales,2506_1_83,16.0,0.0
Planta Central,2020-11-09 13:31:00,39,550.0,2020-09-05 05:00:00,sabado,30,Seca,Seca y limpia,Plano,Terraplen,Curva Izquierda,Transito normal con precaución,21,30,1,0,1.0,Choque,otra - conductor en general,45A04_2_39,21.0,0.0
Planta Central,2020-11-09 13:38:00,42,600.0,2020-09-07 05:00:00,lunes,30,Seca,Seca y limpia,Montañoso,Media ladera Izquierda,Recta,Transito normal con precaución,18,30,1,0,1.0,Choque,maniobras imprudentes,45A04_1_42,18.0,0.0
Planta Central,2020-11-09 13:50:00,59,0.0,2020-09-13 05:00:00,domingo,31,Seca,Seca y limpia,Plano,Media ladera Izquierda,Recta,Parcial con paso alternado,18,31,1,0,1.0,Choque,otra - conductor en general,45A04_1_59,18.0,0.0
Valle del Cauca,2020-11-09 13:55:00,60,100.0,2020-08-08 05:00:00,sabado,40,Normal,Seca y limpia,Montañoso,Cajón,Recta,Parcial con reducción de carriles,7,0,0,0,0.0,Choque,otra - pasajero o acompanante,4001_2_60,6.0,1.0
Planta Central,2020-11-09 13:59:00,44,550.0,2020-09-15 05:00:00,martes,0,Sol,Seca y limpia,Montañoso,Terraplen,Curva Derecha,Transito normal con precaución,7,0,1,0,1.0,Salida de la vía sin volcarse,maniobras imprudentes,45A04_1_44,7.0,0.0
Valle del Cauca,2020-11-09 14:03:00,26,600.0,2020-08-04 05:00:00,martes,50,Viento,Seca y limpia,Ondulado,Media Ladera Derecha,Recta,Parcial con reducción de carriles,16,20,1,0,1.0,Choque,otra - pasajero o acompanante,1901_0_26,15.0,1.0
Planta Central,2020-11-09 14:33:00,64,0.0,2020-09-18 05:00:00,viernes,30,Seca,Seca y limpia,Plano,Media ladera Izquierda,Recta,Transito normal con precaución,6,30,1,0,1.0,Choque,maniobras imprudentes,45A04_1_64,6.0,0.0
Valle del Cauca,2020-11-09 14:43:00,33,300.0,2020-08-15 05:00:00,sabado,40,Viento,Seca y limpia,Montañoso,Media Ladera Derecha,Curva Derecha,Parcial con reducción de carriles,11,0,1,0,1.0,Volcamiento,condiciones de la via y factores ambientales,1901_0_33,10.0,1.0
Planta Central,2020-11-09 14:42:00,40,950.0,2020-09-21 05:00:00,lunes,30,Seca,Seca y limpia,Ondulado,Media ladera Izquierda,Recta,Transito normal con precaución,21,30,0,0,1.0,Choque,no mantener distancia de seguridad,45A04_1_40,21.0,0.0
Planta Central,2020-11-09 14:46:00,25,300.0,2020-09-24 05:00:00,jueves,45,Seca,Seca y limpia,Montañoso,Media Ladera Derecha,Recta,Transito normal con precaución,1,0,0,0,0.0,Choque,no mantener distancia de seguridad,45A06_0_25,13.0,12.0
Planta Central,2020-11-09 14:56:00,41,300.0,2020-09-20 05:00:00,domingo,0,Normal,Humeda,Montañoso,Media ladera Izquierda,Recta,Transito normal con precaución,22,0,0,0,0.0,Volcamiento,impericia en el manejo,45A04_1_41,22.0,0.0
Valle del Cauca,2020-11-09 14:49:00,60,600.0,2020-08-22 05:00:00,sabado,35,Normal,Seca y limpia,Montañoso,Cajón,Recta,Parcial con reducción de carriles,23,40,0,1,1.0,Atropello,otra - pasajero o acompanante,1901_0_60,23.0,0.0
Planta Central,2020-11-09 15:06:00,33,700.0,2020-09-22 05:00:00,martes,0,Seca,Seca y limpia,Ondulado,Media Ladera Derecha,Curva Derecha,Transito normal con precaución,1,0,0,0,0.0,Choque,estacionamiento y senalizacion imprudente,45A06_0_33,23.0,2.0
Planta Central,2020-11-09 15:02:00,30,800.0,2020-09-26 05:00:00,sabado,30,Seca,Seca y limpia,Plano,Terraplen,Recta,Transito normal con precaución,9,30,2,0,2.0,Choque,desobediencia a normas y senales,45A04_1_30,9.0,0.0
Planta Central,2020-11-09 15:10:00,54,530.0,2020-09-27 05:00:00,domingo,17,Seca,Seca y limpia,Ondulado,Media Ladera Derecha,Recta,Parcial con paso alternado,14,17,0,0,0.0,Choque,no mantener distancia de seguridad,45A04_1_54,14.0,0.0
Planta Central,2020-11-09 15:19:00,45,100.0,2020-09-09 05:00:00,miercoles,15,Seca,Seca y limpia,Ondulado,Media Ladera Derecha,Curva Izquierda,Transito normal con precaución,1,0,0,0,0.0,Choque,condiciones de la via y factores ambientales,45A06_0_45,18.0,7.0
Cauca,2020-11-09 15:32:00,1,0.0,2020-07-26 05:00:00,domingo,0,Normal,Seca y limpia,Montañoso,Media Ladera Derecha,Curva Derecha,Transito normal con precaución,2,0,0,0,0.0,Volcamiento,otra - pasajero o acompanante,2503_0_1,2.0,0.0
Putumayo,2020-11-09 15:26:00,45,0.0,2020-09-18 05:00:00,viernes,30,Lluvia,Humeda,Ondulado,Cajón,Curva Derecha,Cierre total,8,30,1,0,2.0,Choque,impericia en el manejo,4501_1_45,8.0,0.0
Cauca,2020-11-09 15:47:00,36,980.0,2020-11-05 05:00:00,jueves,20,Normal,Seca y limpia,Montañoso,Media ladera Izquierda,Curva Derecha,Parcial con paso alternado,3,0,2,0,2.0,Choque,adelantamientos indebidos,2503_0_36,17.0,10.0
Cauca,2020-11-09 15:51:00,38,600.0,2020-07-04 05:00:00,sabado,0,Normal,Aceite,Montañoso,Media Ladera Derecha,Curva Derecha,Parcial con paso alternado,3,0,0,0,0.0,Choque,condiciones de la via y factores ambientales,2503_0_38,9.0,18.0
Cauca,2020-11-09 16:00:00,58,500.0,2020-07-20 05:00:00,lunes,40,Normal,Seca y limpia,Montañoso,Media ladera Izquierda,Curva Izquierda,Parcial con reducción de carriles,2,0,2,0,2.0,Choque,exceso de velocidad,2503_0_58,18.0,8.0
Putumayo,2020-11-09 15:59:00,10,700.0,2020-09-26 05:00:00,sabado,0,Sol,Seca y limpia,Ondulado,Terraplen,Curva Izquierda,Transito normal con precaución,12,0,0,0,1.0,Choque,exceso de velocidad,4501_1_10,12.0,0.0
Planta Central,2020-11-09 15:46:00,59,950.0,2020-09-04 05:00:00,viernes,30,Lluvia,Otra,Plano,Media Ladera Derecha,Recta,Transito normal con precaución,0,30,0,0,0.0,Choque,estacionamiento y senalizacion imprudente,45A06_0_59,18.0,6.0
Planta Central,2020-11-09 17:02:00,85,655.0,2020-09-11 05:00:00,viernes,20,Lluvia,Otra,Montañoso,Media ladera Izquierda,Curva Derecha,Transito normal con precaución,0,45,0,0,0.0,Choque,condiciones de la via y factores ambientales,45A06_0_85,19.0,5.0
Planta Central,2020-11-09 20:10:00,92,846.0,2020-09-16 05:00:00,miercoles,50,Sol,Seca y limpia,Montañoso,Media Ladera Derecha,Curva Izquierda,Transito normal con precaución,3,15,0,0,0.0,Choque,exceso en horas de conduccion,45A06_0_92,9.0,18.0
Planta Central,2020-11-09 20:23:00,98,530.0,2020-09-13 05:00:00,domingo,30,Sol,Seca y limpia,Montañoso,Media Ladera Derecha,Curva Izquierda,Transito normal con precaución,0,20,1,0,1.0,Caída ocupante,fallas mecanicas y del sistema electrico,45A06_0_98,13.0,11.0
Valle del Cauca,2020-11-09 20:41:00,4,353.0,2020-09-02 05:00:00,miercoles,25,Normal,Seca y limpia,Ondulado,Terraplen,Recta,Parcial con reducción de carriles,16,11,1,0,1.0,Atropello,conducta de peatones,4001_1_4,15.0,1.0
Valle del Cauca,2020-11-09 20:48:00,41,620.0,2020-09-10 05:00:00,jueves,40,Normal,Seca y limpia,Montañoso,Media Ladera Derecha,Curva Izquierda,Parcial con reducción de carriles,21,10,0,1,1.0,Choque,adelantamientos indebidos,4001_2_41,20.0,1.0
Valle del Cauca,2020-11-09 20:51:00,9,485.0,2020-09-10 05:00:00,jueves,25,Normal,Seca y limpia,Ondulado,Media Ladera Derecha,Recta,Parcial con reducción de carriles,11,5,0,0,1.0,Choque,desobediencia a normas y senales,4001_1_9,10.0,1.0
Valle del Cauca,2020-11-09 21:06:00,28,860.0,2020-09-13 05:00:00,domingo,0,Lluvia,Humeda,Plano,Terraplen,Recta,Parcial con reducción de carriles,22,30,0,0,0.0,Choque,otra - pasajero o acompanante,4001_2_28,22.0,0.0
Planta Central,2020-11-09 21:08:00,120,700.0,2020-09-27 05:00:00,domingo,46,Sol,Seca y limpia,Ondulado,Media Ladera Derecha,Curva Derecha,Transito normal con precaución,1,10,1,0,1.0,Choque,desobediencia a normas y senales,45A06_0_120,16.0,9.0
Valle del Cauca,2020-11-09 21:21:00,1,570.0,2020-09-14 05:00:00,lunes,5,Normal,Seca y limpia,Ondulado,Terraplen,Recta,Parcial con reducción de carriles,9,0,0,1,1.0,Choque,otra - pasajero o acompanante,4001_2_1,7.0,2.0
Planta Central,2020-11-09 21:23:00,124,718.0,2020-09-23 05:00:00,miercoles,0,Sol,Seca y limpia,Ondulado,Media Ladera Derecha,Recta,Transito normal con precaución,0,12,1,0,1.0,Choque,impericia en el manejo,45A06_0_124,17.0,7.0
Valle del Cauca,2020-11-09 21:46:00,57,420.0,2020-09-17 05:00:00,jueves,40,Normal,Seca y limpia,Ondulado,Media Ladera Derecha,Recta,Parcial con reducción de carriles,8,0,0,0,0.0,Choque,otra - pasajero o acompanante,4001_2_57,7.0,1.0
Cauca,2020-11-09 22:55:00,70,700.0,2020-11-04 05:00:00,miercoles,0,Sol,Material suelto,Montañoso,Media Ladera Derecha,Recta,Transito normal con precaución,0,0,0,0,0.0,Volcamiento,fallas mecanicas y del sistema electrico,2602_0_70,11.0,13.0
Valle del Cauca,2020-11-09 14:11:00,58,100.0,2020-08-05 05:00:00,miercoles,40,Normal,Seca y limpia,Montañoso,Media Ladera Derecha,Recta,Parcial con reducción de carriles,20,50,0,1,1.0,Atropello,no mantener distancia de seguridad,1901_0_58,20.0,0.0
Valle del Cauca,2020-11-09 14:19:00,60,500.0,2020-08-10 05:00:00,lunes,30,Normal,Seca y limpia,Montañoso,Cajón,Recta,Parcial con reducción de carriles,6,40,0,0,0.0,Choque,condiciones de la via y factores ambientales,1901_0_60,6.0,0.0
Planta Central,2020-11-10 16:58:00,36,850.0,2020-09-11 05:00:00,viernes,30,Lluvia,Humeda,Montañoso,Media Ladera Derecha,Recta,Transito normal con precaución,14,0,0,0,0.0,Volcamiento,condiciones de la via y factores ambientales,2511_0_36,17.0,21.0
Planta Central,2020-11-09 14:12:00,30,800.0,2020-09-18 05:00:00,viernes,30,Seca,Seca y limpia,Plano,Terraplen,Recta,Transito normal con precaución,19,30,0,0,1.0,Atropello,otra - conductor en general,45A04_1_30,19.0,0.0
Planta Central,2020-11-09 14:31:00,12,650.0,2020-09-05 05:00:00,sabado,15,Lluvia,Otra,Plano,Terraplen,Recta,Transito normal con precaución,1,15,0,0,1.0,Choque,no mantener distancia de seguridad,45A06_0_12,21.0,4.0
Planta Central,2020-11-09 14:37:00,13,200.0,2020-09-28 05:00:00,lunes,0,Normal,Seca y limpia,Plano,Terraplen,Recta,Parcial con paso alternado,2,0,1,0,1.0,Choque,desobediencia a normas y senales,45A06_0_13,22.0,4.0
Valle del Cauca,2020-11-09 14:40:00,50,300.0,2020-08-15 05:00:00,sabado,20,Normal,Seca y limpia,Plano,Media ladera Izquierda,Recta,Parcial con reducción de carriles,22,30,0,0,0.0,Choque,no mantener distancia de seguridad,4001_1_50,22.0,0.0
Planta Central,2020-11-09 14:49:00,31,100.0,2020-09-19 05:00:00,sabado,55,Normal,Humeda,Plano,Cajón,Recta,Transito normal con precaución,23,55,0,0,2.0,Choque,otra - conductor en general,45A04_1_31,23.0,0.0
Putumayo,2020-11-09 15:11:00,22,600.0,2020-09-01 05:00:00,martes,40,Lluvia,Humeda,Plano,Terraplen,Recta,Transito normal con precaución,8,40,0,0,1.0,Choque,desobediencia a normas y senales,4501_1_22,8.0,0.0
Planta Central,2020-11-09 15:19:00,62,500.0,2020-09-29 05:00:00,martes,40,Seca,Seca y limpia,Plano,Terraplen,Recta,Parcial con paso alternado,19,40,0,0,0.0,Choque,otra - conductor en general,45A04_1_62,19.0,0.0
Planta Central,2020-11-09 15:26:00,42,450.0,2020-09-30 05:00:00,miercoles,50,Seca,Seca y limpia,Montañoso,Media ladera Izquierda,Recta,Transito normal con precaución,5,50,0,0,2.0,Choque,adelantamientos indebidos,45A04_1_42,5.0,0.0
Cauca,2020-11-09 15:38:00,10,500.0,2020-08-07 05:00:00,viernes,10,Normal,Seca y limpia,Ondulado,Terraplen,Recta,Parcial con reducción de carriles,2,0,1,0,1.0,Choque,maniobras imprudentes,2503_0_10,16.0,10.0
Planta Central,2020-11-09 15:42:00,51,700.0,2020-09-24 05:00:00,jueves,0,Sol,Seca y limpia,Montañoso,Media Ladera Derecha,Curva Derecha,Parcial con paso alternado,1,20,0,0,0.0,Volcamiento,fallas mecanicas y del sistema electrico,45A06_0_51,8.0,17.0
Cauca,2020-11-09 15:43:00,31,300.0,2020-07-30 05:00:00,jueves,0,Normal,Seca y limpia,Montañoso,Media Ladera Derecha,Curva Derecha,Parcial con reducción de carriles,1,0,0,1,1.0,Volcamiento,exceso de velocidad,2503_0_31,15.0,10.0
Planta Central,2020-11-10 19:16:00,46,900.0,2020-09-16 05:00:00,miercoles,30,Normal,Seca y limpia,Ondulado,Media ladera Izquierda,Recta,Transito normal con precaución,16,0,0,0,0.0,Choque,no mantener distancia de seguridad,2511_0_46,15.0,1.0
Putumayo,2020-11-09 15:41:00,20,40.0,2020-09-20 05:00:00,domingo,50,Normal,Seca y limpia,Ondulado,Media ladera Izquierda,Curva Derecha,Cierre total,0,50,0,1,1.0,Choque,impericia en el manejo,4501_1_20,0.0,0.0
Cauca,2020-11-09 15:56:00,50,900.0,2020-07-17 05:00:00,viernes,30,Normal,Seca y limpia,Ondulado,Terraplen,Recta,Parcial con paso alternado,2,0,0,0,0.0,Choque,adelantamientos indebidos,2503_0_50,0.0,2.0
Planta Central,2020-11-09 16:40:00,65,165.0,2020-09-29 05:00:00,martes,0,Sol,Seca y limpia,Montañoso,Media ladera Izquierda,Recta,Parcial con paso alternado,1,30,2,0,2.0,Volcamiento,impericia en el manejo,45A06_0_65,17.0,8.0
Planta Central,2020-11-09 16:53:00,67,0.0,2020-09-28 05:00:00,lunes,0,Seca,Seca y limpia,Ondulado,Cajón,Curva Derecha,Parcial con paso alternado,1,15,2,0,2.0,Choque,adelantamientos indebidos,45A06_0_67,7.0,18.0
Putumayo,2020-11-09 18:14:00,13,10.0,2020-09-14 05:00:00,lunes,15,Sol,Seca y limpia,Ondulado,Terraplen,Recta,Transito normal con precaución,0,0,0,0,0.0,Otro,impericia en el manejo,6501_0_13,14.0,10.0
Planta Central,2020-11-09 19:53:00,90,800.0,2020-09-23 05:00:00,miercoles,30,Lluvia,Otra,Montañoso,Cajón,Recta,Parcial con paso alternado,0,50,0,0,0.0,Choque,exceso de velocidad,45A06_0_90,17.0,7.0
Valle del Cauca,2020-11-09 19:54:00,60,0.0,2020-08-23 05:00:00,domingo,0,Normal,Seca y limpia,Montañoso,Media Ladera Derecha,Recta,Parcial con reducción de carriles,10,17,0,1,1.0,Choque,otra - pasajero o acompanante,1901_0_60,10.0,0.0
Valle del Cauca,2020-11-09 19:58:00,20,900.0,2020-08-26 05:00:00,miercoles,20,Normal,Seca y limpia,Montañoso,Media Ladera Derecha,Recta,Parcial con reducción de carriles,15,0,1,0,1.0,Choque,otra - pasajero o acompanante,1901_0_20,14.0,1.0
Planta Central,2020-11-09 20:17:00,96,283.0,2020-09-18 05:00:00,viernes,30,Normal,Seca y limpia,Montañoso,Media Ladera Derecha,Recta,Transito normal con precaución,5,40,1,0,1.0,Salida de la vía sin volcarse,impericia en el manejo,45A06_0_96,18.0,11.0
Planta Central,2020-11-09 20:32:00,103,600.0,2020-09-26 05:00:00,sabado,30,Normal,Seca y limpia,Ondulado,Terraplen,Recta,Parcial con paso alternado,0,25,2,0,2.0,Choque,adelantamientos indebidos,45A06_0_103,7.0,17.0
Valle del Cauca,2020-11-09 20:45:00,13,760.0,2020-09-06 05:00:00,domingo,45,Normal,Seca y limpia,Plano,Terraplen,Recta,Parcial con reducción de carriles,13,10,1,0,1.0,Choque,adelantamientos indebidos,4001_1_13,12.0,1.0
Valle del Cauca,2020-11-09 21:01:00,4,750.0,2020-09-10 05:00:00,jueves,45,Normal,Seca y limpia,Plano,Terraplen,Recta,Parcial con reducción de carriles,9,5,0,0,0.0,Choque,no mantener distancia de seguridad,4001_1_4,8.0,1.0
Planta Central,2020-11-09 20:58:00,120,339.0,2020-09-12 05:00:00,sabado,30,Seca,Seca y limpia,Ondulado,Media ladera Izquierda,Curva Derecha,Parcial con paso alternado,2,10,0,0,0.0,Choque,adelantamientos indebidos,45A06_0_120,17.0,9.0
Valle del Cauca,2020-11-09 21:11:00,6,50.0,2020-09-13 05:00:00,domingo,30,Normal,Seca y limpia,Plano,Cajón,Recta,Parcial con reducción de carriles,7,28,0,1,1.0,Choque,embriaguez o sustancias alucinogenas,4001_1_6,6.0,1.0
Planta Central,2020-11-09 21:14:00,123,786.0,2020-09-29 05:00:00,martes,15,Normal,Seca y limpia,Ondulado,Media Ladera Derecha,Curva Derecha,Parcial con paso alternado,2,15,0,0,0.0,Choque,exceso de velocidad,45A06_0_123,22.0,4.0
Valle del Cauca,2020-11-09 21:14:00,12,815.0,2020-09-14 05:00:00,lunes,7,Viento,Seca y limpia,Ondulado,Terraplen,Recta,Parcial con reducción de carriles,16,10,0,1,2.0,Atropello,adelantamientos indebidos,4001_1_12,15.0,1.0
Planta Central,2020-11-09 21:19:00,124,100.0,2020-09-16 05:00:00,miercoles,55,Sol,Seca y limpia,Ondulado,Media ladera Izquierda,Recta,Transito normal con precaución,0,25,1,0,1.0,Choque,impericia en el manejo,45A06_0_124,15.0,9.0
Valle del Cauca,2020-11-09 21:25:00,8,825.0,2020-09-16 05:00:00,miercoles,40,Normal,Seca y limpia,Ondulado,Media Ladera Derecha,Recta,Parcial con reducción de carriles,14,50,0,0,0.0,Choque,no mantener distancia de seguridad,4001_1_8,14.0,0.0
Valle del Cauca,2020-11-09 21:50:00,49,844.0,2020-09-18 05:00:00,viernes,0,Normal,Seca y limpia,Plano,Media ladera Izquierda,Recta,Parcial con reducción de carriles,22,20,0,0,0.0,Choque,maniobras imprudentes,4001_1_49,22.0,0.0
Planta Central,2020-11-10 13:48:00,66,800.0,2020-09-02 05:00:00,miercoles,0,Lluvia,Humeda,Ondulado,Terraplen,Recta,Transito normal con precaución,14,15,1,0,1.0,Volcamiento,condiciones de la via y factores ambientales,2510_1_66,14.0,0.0
Planta Central,2020-11-10 13:59:00,68,800.0,2020-09-11 05:00:00,viernes,10,Normal,Seca y limpia,Ondulado,Terraplen,Recta,Parcial con reducción de carriles,22,10,1,0,1.0,Choque,fallas mecanicas y del sistema electrico,2510_1_68,22.0,0.0
Planta Central,2020-11-10 14:04:00,71,800.0,2020-09-02 05:00:00,miercoles,58,Normal,Seca y limpia,Plano,Terraplen,Recta,Transito normal con precaución,8,30,0,0,0.0,Choque,fallas mecanicas y del sistema electrico,2510_1_71,7.0,1.0
Planta Central,2020-11-10 14:07:00,86,0.0,2020-09-23 05:00:00,miercoles,15,Lluvia,Humeda,Ondulado,Terraplen,Recta,Parcial con reducción de carriles,22,30,1,0,1.0,Choque,fallas mecanicas y del sistema electrico,2510_1_86,22.0,0.0
Valle del Cauca,2020-11-10 14:22:00,56,500.0,2020-09-27 05:00:00,domingo,0,Normal,Seca y limpia,Ondulado,Media Ladera Derecha,Curva Izquierda,Parcial con reducción de carriles,11,32,0,0,0.0,Volcamiento,otra - pasajero o acompanante,4001_1_56,11.0,0.0
Valle del Cauca,2020-11-10 14:24:00,22,135.0,2020-09-27 05:00:00,domingo,0,Normal,Seca y limpia,Montañoso,Media ladera Izquierda,Recta,Parcial con reducción de carriles,7,35,1,0,1.0,Choque,maniobras imprudentes,4001_1_22,7.0,0.0
Planta Central,2020-11-10 14:17:00,86,800.0,2020-09-18 05:00:00,viernes,20,Normal,Seca y limpia,Plano,Terraplen,Recta,Transito normal con precaución,9,35,0,0,0.0,Volcamiento,fallas mecanicas y del sistema electrico,2510_1_86,9.0,0.0
Planta Central,2020-11-10 16:46:00,3,330.0,2020-09-09 05:00:00,miercoles,0,Niebla,Humeda,Ondulado,Media ladera Izquierda,Recta,Transito normal con precaución,23,15,0,0,0.0,Choque,condiciones de la via y factores ambientales,2511_0_3,23.0,0.0
Planta Central,2020-11-10 19:26:00,54,500.0,2020-09-20 05:00:00,domingo,30,Normal,Seca y limpia,Montañoso,Media ladera Izquierda,Curva Izquierda,Transito normal con precaución,13,0,0,0,0.0,Choque,fallas mecanicas y del sistema electrico,2511_0_54,12.0,1.0
Planta Central,2020-11-10 19:34:00,66,200.0,2020-09-21 05:00:00,lunes,30,Normal,Seca y limpia,Montañoso,Media ladera Izquierda,Curva Derecha,Parcial con reducción de carriles,20,30,5,0,5.0,Choque,condiciones de la via y factores ambientales,2511_0_66,19.0,1.0