territorial,fecha_registro,pr,distancia_pr,fecha_acc,dia_semana_acc,min_acc,condic_meteor,estado_super,terreno,secc_tip,geometria_acc,tipo_cierre,horas_cierre,min_cierre,n_heridos,n_muertos,n_victimas,clase_accidente,causa_posible,ref_loc,hora_acc,duracion_cierre_horas
Planta Central,2020-11-10 19:44:00,71,470.0,2020-09-14 05:00:00,lunes,0,Normal,Seca y limpia,Montañoso,Media ladera Izquierda,Curva Derecha,Parcial con reducción de carriles,18,15,3,0,3.0,Choque,desobediencia a normas y senales,2511_0_71,18.0,0.0
Planta Central,2020-11-10 19:54:00,73,500.0,2020-09-05 05:00:00,sabado,50,Normal,Seca y limpia,Montañoso,Media ladera Izquierda,Curva Derecha,Transito normal con precaución,11,6,1,0,1.0,Choque,adelantamientos indebidos,2511_0_73,10.0,1.0
Planta Central,2020-11-10 19:57:00,76,900.0,2020-09-19 05:00:00,sabado,0,Normal,Seca y limpia,Montañoso,Media ladera Izquierda,Curva Izquierda,Parcial con reducción de carriles,13,40,1,0,1.0,Choque,fallas mecanicas y del sistema electrico,2511_0_76,13.0,0.0
Valle del Cauca,2020-11-10 20:09:00,27,800.0,2020-09-27 05:00:00,domingo,30,Normal,Seca y limpia,Ondulado,Media Ladera Derecha,Curva Izquierda,Parcial con reducción de carriles,20,40,1,0,1.0,Choque,otra - pasajero o acompanante,1901_0_27,19.0,1.0
Valle del Cauca,2020-11-10 14:05:00,20,500.0,2020-09-20 05:00:00,domingo,20,Niebla,Humeda,Montañoso,Media Ladera Derecha,Recta,Parcial con reducción de carriles,8,25,0,0,0.0,Choque,no mantener distancia de seguridad,1901_0_20,18.0,14.0
Valle del Cauca,2020-11-10 14:18:00,29,500.0,2020-09-23 05:00:00,miercoles,40,Lluvia,Humeda,Montañoso,Media ladera Izquierda,Curva Izquierda,Parcial con reducción de carriles,6,20,0,0,0.0,Choque,otra - pasajero o acompanante,4001_2_29,5.0,1.0
Valle del Cauca,2020-11-10 14:28:00,45,600.0,2020-09-27 05:00:00,domingo,45,Normal,Seca y limpia,Plano,Media ladera Izquierda,Curva Derecha,Parcial con reducción de carriles,9,0,0,0,0.0,Choque,exceso de velocidad,4001_2_45,8.0,1.0
Planta Central,2020-11-10 15:45:00,0,400.0,2020-09-23 05:00:00,miercoles,0,Normal,Seca y limpia,Plano,Terraplen,Curva Izquierda,Parcial con reducción de carriles,9,40,1,0,1.0,Choque,maniobras imprudentes,2511_0_0,9.0,0.0
Planta Central,2020-11-10 16:25:00,2,200.0,2020-09-25 05:00:00,viernes,0,Normal,Seca y limpia,Ondulado,Terraplen,Recta,Parcial con reducción de carriles,18,45,1,0,1.0,Choque,maniobras imprudentes,2511_0_2,18.0,0.0
Planta Central,2020-11-10 16:50:00,36,200.0,2020-09-11 05:00:00,viernes,30,Normal,Seca y limpia,Ondulado,Media ladera Izquierda,Recta,Transito normal con precaución,8,15,0,0,0.0,Choque,fallas mecanicas y del sistema electrico,2511_0_36,7.0,1.0
Planta Central,2020-11-10 19:22:00,51,200.0,2020-09-20 05:00:00,domingo,0,Normal,Seca y limpia,Montañoso,Media ladera Izquierda,Curva Izquierda,Transito normal con precaución,22,45,0,0,0.0,Choque,condiciones de la via y factores ambientales,2511_0_51,22.0,0.0
Planta Central,2020-11-10 19:30:00,56,700.0,2020-09-27 05:00:00,domingo,50,Normal,Seca y limpia,Montañoso,Media ladera Izquierda,Curva Izquierda,Transito normal con precaución,9,15,0,0,0.0,Choque,no mantener distancia de seguridad,2511_0_56,8.0,1.0
Planta Central,2020-11-10 19:39:00,65,500.0,2020-09-01 05:00:00,martes,50,Normal,Seca y limpia,Montañoso,Media ladera Izquierda,Curva Izquierda,Transito normal con precaución,9,40,0,0,0.0,Choque,desobediencia a normas y senales,2511_0_65,8.0,1.0
Planta Central,2020-11-10 19:50:00,73,960.0,2020-09-02 05:00:00,miercoles,0,Normal,Seca y limpia,Montañoso,Media ladera Izquierda,Curva Izquierda,Transito normal con precaución,10,5,0,0,0.0,Choque,fallas mecanicas y del sistema electrico,2511_0_73,9.0,1.0
Planta Central,2020-11-10 20:02:00,84,300.0,2020-09-04 05:00:00,viernes,0,Normal,Seca y limpia,Montañoso,Media ladera Izquierda,Curva Derecha,Transito normal con precaución,10,0,0,0,0.0,Choque,adelantamientos indebidos,2511_0_84,8.0,2.0
Planta Central,2020-11-10 21:20:00,117,471.0,2020-09-07 05:00:00,lunes,30,Normal,Seca y limpia,Montañoso,Media ladera Izquierda,Curva Izquierda,Parcial con reducción de carriles,14,0,1,0,1.0,Choque,fallas mecanicas y del sistema electrico,2511_0_117,13.0,1.0
Planta Central,2020-11-11 15:36:00,0,400.0,2020-09-04 05:00:00,viernes,15,Lluvia,Humeda,Plano,Terraplen,Recta,Transito normal con precaución,16,0,0,0,0.0,Volcamiento,fallas mecanicas y del sistema electrico,2512_1_0,15.0,1.0
Casanare,2020-11-11 15:38:00,57,130.0,2020-10-19 05:00:00,lunes,10,Normal,Seca y limpia,Plano,Terraplen,Recta,Transito normal con precaución,20,10,0,0,2.0,Choque,impericia en el manejo,6515_1_57,20.0,0.0
Planta Central,2020-11-11 15:44:00,2,0.0,2020-09-25 05:00:00,viernes,30,Lluvia,Humeda,Plano,Terraplen,Recta,Transito normal con precaución,5,0,0,0,0.0,Choque,condiciones de la via y factores ambientales,2512_1_2,4.0,1.0
Cesar,2020-11-11 15:53:00,29,850.0,2020-10-23 05:00:00,viernes,0,Normal,Otra,Plano,Terraplen,Recta,Transito normal con precaución,0,0,0,1,1.0,Atropello,otra - conductor en general,43CS02_0_29,17.0,7.0
Planta Central,2020-11-11 19:47:00,62,137.0,2020-09-09 05:00:00,miercoles,0,Normal,Seca y limpia,Plano,Terraplen,Recta,Transito normal con precaución,8,30,0,0,0.0,Volcamiento,fallas mecanicas y del sistema electrico,2512_2_62,8.0,0.0
Planta Central,2020-11-11 19:59:00,62,274.0,2020-09-21 05:00:00,lunes,20,Normal,Seca y limpia,Plano,Terraplen,Recta,Transito normal con precaución,11,25,1,0,1.0,Atropello,conducta de peatones,2512_2_62,11.0,0.0
Valle del Cauca,2020-11-11 20:51:00,58,180.0,2020-01-11 05:00:00,sabado,0,Normal,Seca y limpia,Plano,Media Ladera Derecha,Recta,Parcial con reducción de carriles,16,15,0,0,0.0,Choque,adelantamientos indebidos,1901_0_58,16.0,0.0
Valle del Cauca,2020-11-11 21:12:00,53,250.0,2020-01-30 05:00:00,jueves,0,Normal,Seca y limpia,Montañoso,Media ladera Izquierda,Recta,Parcial con reducción de carriles,11,44,0,0,0.0,Choque,otra - pasajero o acompanante,4001_1_53,11.0,0.0
Planta Central,2020-11-11 15:49:00,3,160.0,2020-09-22 05:00:00,martes,40,Normal,Seca y limpia,Plano,Terraplen,Recta,Parcial con reducción de carriles,15,30,1,0,1.0,Volcamiento,adelantamientos indebidos,2512_1_3,14.0,1.0
Planta Central,2020-11-11 15:53:00,23,300.0,2020-09-07 05:00:00,lunes,50,Normal,Seca y limpia,Plano,Terraplen,Recta,Transito normal con precaución,5,40,1,0,1.0,Volcamiento,fallas mecanicas y del sistema electrico,2512_1_23,9.0,20.0
Planta Central,2020-11-11 15:58:00,32,680.0,2020-09-09 05:00:00,miercoles,10,Normal,Seca y limpia,Plano,Terraplen,Recta,Transito normal con precaución,7,0,0,0,0.0,Choque,fallas mecanicas y del sistema electrico,2512_1_32,6.0,1.0
Planta Central,2020-11-11 16:16:00,32,900.0,2020-09-04 05:00:00,viernes,10,Normal,Seca y limpia,Plano,Terraplen,Recta,Transito normal con precaución,20,30,0,0,0.0,Choque,adelantamientos indebidos,2512_1_32,19.0,1.0
Cesar,2020-11-11 16:26:00,25,730.0,2020-10-25 05:00:00,domingo,0,Normal,Seca y limpia,Plano,Terraplen,Recta,Transito normal con precaución,0,0,0,2,3.0,Choque,otra - conductor en general,4313_0_25,2.0,22.0
Valle del Cauca,2020-11-11 20:44:00,46,850.0,2020-01-01 05:00:00,miercoles,45,Normal,Seca y limpia,Montañoso,Media Ladera Derecha,Recta,Parcial con reducción de carriles,12,10,0,1,2.0,Choque,otra - pasajero o acompanante,1901_0_46,11.0,1.0
Valle del Cauca,2020-11-11 20:48:00,20,600.0,2020-01-05 05:00:00,domingo,20,Lluvia,Humeda,Ondulado,Media Ladera Derecha,Recta,Parcial con reducción de carriles,20,30,0,0,0.0,Choque,maniobras imprudentes,1901_0_20,20.0,0.0
Valle del Cauca,2020-11-11 20:54:00,50,500.0,2020-01-16 05:00:00,jueves,20,Normal,Seca y limpia,Ondulado,Media ladera Izquierda,Curva Derecha,Parcial con reducción de carriles,19,40,0,0,0.0,Choque,otra - pasajero o acompanante,4001_1_50,19.0,0.0
Valle del Cauca,2020-11-11 21:01:00,45,600.0,2020-01-19 05:00:00,domingo,10,Viento,Seca y limpia,Ondulado,Media Ladera Derecha,Curva Derecha,Parcial con reducción de carriles,18,40,0,0,0.0,Choque,maniobras imprudentes,1901_0_45,18.0,0.0
Valle del Cauca,2020-11-11 21:03:00,60,55.0,2020-01-21 05:00:00,martes,10,Lluvia,Humeda,Montañoso,Media ladera Izquierda,Recta,Parcial con reducción de carriles,8,30,0,0,0.0,Choque,otra - pasajero o acompanante,4001_2_60,8.0,0.0
Valle del Cauca,2020-11-11 21:05:00,47,510.0,2020-01-22 05:00:00,miercoles,0,Normal,Seca y limpia,Plano,Media Ladera Derecha,Recta,Parcial con reducción de carriles,16,30,0,0,0.0,Choque,adelantamientos indebidos,1901_0_47,16.0,0.0
Valle del Cauca,2020-11-11 21:08:00,58,0.0,2020-01-23 05:00:00,jueves,30,Normal,Seca y limpia,Montañoso,Media ladera Izquierda,Curva Izquierda,Parcial con reducción de carriles,8,50,0,0,0.0,Choque,otra - pasajero o acompanante,4001_2_58,8.0,0.0
Valle del Cauca,2020-11-11 21:10:00,55,932.0,2020-01-30 05:00:00,jueves,50,Granizo,Seca y limpia,Montañoso,Media ladera Izquierda,Curva Derecha,Parcial con reducción de carriles,10,5,0,0,0.0,Choque,no mantener distancia de seguridad,4001_2_55,9.0,1.0
Valle del Cauca,2020-11-11 21:16:00,59,550.0,2020-01-31 05:00:00,viernes,20,Normal,Seca y limpia,Montañoso,Media ladera Izquierda,Recta,Parcial con reducción de carriles,11,30,0,0,0.0,Choque,otra - pasajero o acompanante,4001_1_59,11.0,0.0
Valle del Cauca,2020-11-11 21:20:00,60,700.0,2020-01-31 05:00:00,viernes,30,Viento,Seca y limpia,Ondulado,Media ladera Izquierda,Recta,Parcial con reducción de carriles,18,50,0,0,0.0,Choque,otra - pasajero o acompanante,4001_1_60,18.0,0.0
Caquetá,2020-11-11 22:29:00,95,255.0,2020-11-10 05:00:00,martes,0,Sol,Seca y limpia,Ondulado,Terraplen,Recta,Transito normal con precaución,16,0,2,0,2.0,Volcamiento,embriaguez o sustancias alucinogenas,6501_0_95,16.0,0.0
Valle del Cauca,2020-11-12 15:03:00,42,540.0,2019-12-22 05:00:00,domingo,20,Viento,Seca y limpia,Montañoso,Media Ladera Derecha,Recta,Parcial con reducción de carriles,7,40,0,0,0.0,Choque,otra - pasajero o acompanante,1901_0_42,6.0,1.0
Valle del Cauca,2020-11-12 15:06:00,45,800.0,2019-12-26 05:00:00,jueves,20,Viento,Seca y limpia,Ondulado,Media Ladera Derecha,Recta,Parcial con reducción de carriles,11,10,2,0,2.0,Choque,otra - pasajero o acompanante,1901_0_45,10.0,1.0
Putumayo,2020-11-13 14:37:00,67,990.0,2020-08-18 05:00:00,martes,15,Sol,Seca y limpia,Plano,Terraplen,Recta,Transito normal con precaución,12,0,1,0,1.0,Atropello,condiciones de la via y factores ambientales,1003_1_67,11.0,1.0
Putumayo,2020-11-13 16:50:00,88,350.0,2020-08-19 05:00:00,miercoles,30,Sol,Seca y limpia,Montañoso,Media Ladera Derecha,Curva Derecha,Cierre total,12,30,0,0,0.0,Choque,exceso de velocidad,1003_1_88,11.0,1.0
Valle del Cauca,2020-11-17 19:34:00,55,600.0,2020-03-13 05:00:00,viernes,0,Normal,Seca y limpia,Plano,Media Ladera Derecha,Recta,Parcial con reducción de carriles,17,30,0,0,0.0,Choque,adelantamientos indebidos,1901_0_55,17.0,0.0
Valle del Cauca,2020-11-17 21:32:00,20,150.0,2020-02-16 05:00:00,domingo,30,Normal,Seca y limpia,Montañoso,Media Ladera Derecha,Curva Derecha,Parcial con reducción de carriles,9,0,0,0,0.0,Choque,otra - pasajero o acompanante,1901_0_20,6.0,3.0
Valle del Cauca,2020-11-17 21:40:00,48,500.0,2020-02-23 05:00:00,domingo,0,Normal,Seca y limpia,Montañoso,Media Ladera Derecha,Curva Derecha,Parcial con reducción de carriles,18,30,0,0,1.0,Choque,otra - pasajero o acompanante,1901_0_48,18.0,0.0
Cauca,2020-11-17 21:41:00,43,750.0,2020-09-28 05:00:00,lunes,20,Sol,Seca y limpia,Montañoso,Media ladera Izquierda,Curva Derecha,Parcial restringido a vehiculos pesados,1,0,3,0,3.0,Choque,adelantamientos indebidos,1203_0_43,9.0,16.0
Valle del Cauca,2020-11-17 19:38:00,61,550.0,2020-03-14 05:00:00,sabado,45,Normal,Seca y limpia,Montañoso,Media ladera Izquierda,Recta,Parcial con reducción de carriles,2,0,0,0,0.0,Choque,estacionamiento y senalizacion imprudente,4001_1_61,1.0,1.0
Valle del Cauca,2020-11-17 19:43:00,55,30.0,2020-03-20 05:00:00,viernes,30,Normal,Seca y limpia,Plano,Media ladera Izquierda,Recta,Parcial con reducción de carriles,14,40,0,0,0.0,Choque,adelantamientos indebidos,4001_1_55,14.0,0.0
Valle del Cauca,2020-11-17 21:28:00,59,100.0,2020-02-09 05:00:00,domingo,30,Normal,Material suelto,Montañoso,Media ladera Izquierda,Recta,Parcial con reducción de carriles,19,10,0,0,0.0,Choque,otra - pasajero o acompanante,4001_1_59,18.0,1.0
Valle del Cauca,2020-11-17 21:34:00,54,700.0,2020-02-20 05:00:00,jueves,0,Normal,Aceite,Montañoso,Media ladera Izquierda,Recta,Parcial con reducción de carriles,8,20,0,0,0.0,Choque,condiciones de la via y factores ambientales,4001_1_54,8.0,0.0
Cauca,2020-11-17 21:24:00,41,795.0,2020-09-20 05:00:00,domingo,0,Normal,Seca y limpia,Montañoso,Media ladera Izquierda,Recta,Transito normal con precaución,0,0,0,0,0.0,Volcamiento,impericia en el manejo,1203_0_41,0.0,0.0
Valle del Cauca,2020-11-17 21:45:00,48,450.0,2020-02-24 05:00:00,lunes,40,Viento,Seca y limpia,Montañoso,Media Ladera Derecha,Recta,Parcial con reducción de carriles,11,0,0,0,1.0,Choque,exceso de velocidad,1901_0_48,10.0,1.0
Valle del Cauca,2020-11-17 21:48:00,47,380.0,2020-02-29 05:00:00,sabado,30,Normal,Seca y limpia,Montañoso,Media Ladera Derecha,Curva Izquierda,Parcial con reducción de carriles,18,0,1,0,1.0,Atropello,otra - pasajero o acompanante,1901_0_47,17.0,1.0
Valle del Cauca,2020-11-18 15:13:00,6,98.0,2020-04-04 05:00:00,sabado,0,Normal,Seca y limpia,Plano,Terraplen,Curva Derecha,Parcial con reducción de carriles,17,20,0,0,0.0,Choque,no mantener distancia de seguridad,4001_2_6,17.0,0.0
Valle del Cauca,2020-11-18 15:31:00,56,0.0,2020-04-18 05:00:00,sabado,45,Normal,Seca y limpia,Montañoso,Media ladera Izquierda,Curva Derecha,Parcial con reducción de carriles,16,30,0,0,0.0,Choque,no mantener distancia de seguridad,4001_2_56,15.0,1.0
Santander,2020-11-18 15:54:00,32,790.0,2020-07-05 05:00:00,domingo,5,Seca,Seca y limpia,Plano,Cajón,Recta,Transito normal con precaución,15,5,2,0,2.0,Choque,exceso de velocidad,6403_0_32,15.0,0.0
Santander,2020-11-18 16:00:00,31,980.0,2020-07-09 05:00:00,jueves,30,Seca,Seca y limpia,Ondulado,Media ladera Izquierda,Curva Derecha,Transito normal con precaución,16,30,2,0,2.0,Volcamiento,impericia en el manejo,6403_0_31,16.0,0.0
Antioquia,2020-11-18 15:56:00,53,100.0,2020-05-17 05:00:00,domingo,0,Seca,Seca y limpia,Plano,Terraplen,Recta,Transito normal con precaución,0,0,0,0,1.0,Volcamiento,adelantamientos indebidos,9002_0_53,16.0,8.0
Antioquia,2020-11-18 16:19:00,72,900.0,2020-06-24 05:00:00,miercoles,0,Seca,Humeda,Plano,Terraplen,Recta,Transito normal con precaución,0,0,0,0,0.0,Volcamiento,maniobras imprudentes,9002_0_72,2.0,22.0
Huila,2020-11-18 22:43:00,55,240.0,2020-09-01 05:00:00,martes,20,Seca,Seca y limpia,Plano,Terraplen,Recta,Transito normal con precaución,19,20,2,0,2.0,Choque,condiciones de la via y factores ambientales,2402_1_55,19.0,0.0
Huila,2020-11-18 22:55:00,61,880.0,2020-09-27 05:00:00,domingo,30,Seca,Seca y limpia,Escarpado,Media Ladera Derecha,Curva Derecha,Parcial con reducción de carriles,13,30,2,1,3.0,Choque,exceso de velocidad,2402_1_61,13.0,0.0
Valle del Cauca,2020-11-18 15:16:00,3,790.0,2020-04-12 05:00:00,domingo,50,Viento,Seca y limpia,Plano,Terraplen,Recta,Parcial con reducción de carriles,7,40,0,0,0.0,Choque,otra - pasajero o acompanante,4001_1_3,6.0,1.0
Valle del Cauca,2020-11-18 15:19:00,3,790.0,2020-04-20 05:00:00,lunes,0,Viento,Seca y limpia,Plano,Terraplen,Recta,Parcial con reducción de carriles,10,37,0,0,0.0,Choque,adelantamientos indebidos,4001_1_3,10.0,0.0
Valle del Cauca,2020-11-18 15:22:00,10,720.0,2020-04-23 05:00:00,jueves,59,Normal,Seca y limpia,Plano,Terraplen,Recta,Parcial con reducción de carriles,12,55,2,0,2.0,Choque,adelantamientos indebidos,4001_1_10,11.0,1.0
Valle del Cauca,2020-11-18 15:28:00,5,163.0,2020-04-08 05:00:00,miercoles,18,Viento,Seca y limpia,Plano,Terraplen,Recta,Parcial con reducción de carriles,15,40,0,0,0.0,Choque,adelantamientos indebidos,4001_1_5,15.0,0.0
Antioquia,2020-11-18 16:08:00,72,900.0,2020-05-18 05:00:00,lunes,0,Lluvia,Humeda,Plano,Terraplen,Recta,Transito normal con precaución,0,0,1,0,1.0,Volcamiento,maniobras imprudentes,9002_0_72,22.0,2.0
Antioquia,2020-11-18 16:15:00,72,900.0,2020-06-01 05:00:00,lunes,0,Lluvia,Humeda,Plano,Terraplen,Recta,Transito normal con precaución,0,0,0,0,0.0,Volcamiento,maniobras imprudentes,9002_0_72,13.0,11.0
Huila,2020-11-18 22:36:00,53,510.0,2020-07-17 05:00:00,viernes,10,Seca,Seca y limpia,Montañoso,Media Ladera Derecha,Curva Derecha,Parcial con reducción de carriles,18,10,1,0,1.0,Choque,exceso de velocidad,2402_1_53,18.0,0.0
Huila,2020-11-18 23:05:00,45,400.0,2020-09-27 05:00:00,domingo,30,Seca,Seca y limpia,Plano,Terraplen,Recta,Parcial con reducción de carriles,3,30,2,1,3.0,Choque,embriaguez o sustancias alucinogenas,2402_1_45,3.0,0.0
Antioquia,2020-11-18 16:19:00,78,300.0,2020-06-19 05:00:00,viernes,20,Seca,Seca y limpia,Plano,Terraplen,Recta,Transito normal con precaución,0,0,0,0,0.0,Choque,desobediencia a normas y senales,9002_0_78,15.0,9.0
Planta Central,2020-11-19 13:56:00,0,300.0,2020-09-17 05:00:00,jueves,0,Normal,Seca y limpia,Plano,Terraplen,Recta,Parcial con reducción de carriles,0,30,0,0,0.0,Volcamiento,otra - conductor en general,25VLB_2_0,11.0,13.0
Planta Central,2020-11-19 14:08:00,1,0.0,2020-09-19 05:00:00,sabado,35,Normal,Seca y limpia,Plano,Terraplen,Recta,Parcial con reducción de carriles,1,30,0,0,0.0,Choque,otra - conductor en general,25VLB_2_1,18.0,7.0
Planta Central,2020-11-19 14:21:00,3,200.0,2020-09-19 05:00:00,sabado,18,Normal,Seca y limpia,Plano,Terraplen,Recta,Parcial con reducción de carriles,1,0,0,0,0.0,Choque,otra - conductor en general,25VLB_2_3,21.0,4.0
Planta Central,2020-11-19 14:36:00,3,470.0,2020-09-11 05:00:00,viernes,0,Normal,Seca y limpia,Plano,Terraplen,Recta,Parcial con reducción de carriles,1,0,0,0,0.0,Choque,condiciones de la via y factores ambientales,2505_2_3,19.0,6.0
Planta Central,2020-11-19 14:55:00,14,450.0,2020-09-12 05:00:00,sabado,30,Normal,Seca y limpia,Plano,Terraplen,Recta,Transito normal con precaución,1,0,0,0,0.0,Choque,embriaguez o sustancias alucinogenas,2505_1_14,23.0,2.0
Planta Central,2020-11-19 15:05:00,41,595.0,2020-11-14 05:00:00,sabado,10,Normal,Seca y limpia,Plano,Terraplen,Recta,Parcial con reducción de carriles,1,0,0,0,0.0,Choque,maniobras imprudentes,2505_2_41,8.0,17.0
Planta Central,2020-11-19 15:17:00,11,400.0,2020-09-18 05:00:00,viernes,30,Seca,Seca y limpia,Plano,Terraplen,Recta,Parcial con reducción de carriles,1,0,0,0,0.0,Choque,maniobras imprudentes,2505_1_11,11.0,14.0
Planta Central,2020-11-19 15:24:00,61,650.0,2020-09-18 05:00:00,viernes,25,Normal,Seca y limpia,Plano,Terraplen,Recta,Parcial con reducción de carriles,1,0,0,0,3.0,Choque,impericia en el manejo,2505_1_61,12.0,13.0
Planta Central,2020-11-19 15:38:00,31,500.0,2020-09-18 05:00:00,viernes,0,Normal,Seca y limpia,Plano,Terraplen,Recta,Parcial con reducción de carriles,1,30,1,0,1.0,Atropello,conducta de peatones,2505_1_31,19.0,6.0
Planta Central,2020-11-19 15:54:00,18,300.0,2020-09-20 05:00:00,domingo,50,Normal,Seca y limpia,Plano,Terraplen,Recta,Parcial con reducción de carriles,1,30,0,0,0.0,Otro,otra - conductor en general,2505_2_18,4.0,21.0
Tolima,2020-11-19 15:56:00,18,760.0,2020-10-12 05:00:00,lunes,15,Normal,Seca y limpia,Montañoso,Cajón,Curva Derecha,Parcial con reducción de carriles,10,0,0,0,0.0,Choque,exceso de velocidad,5007_1_18,5.0,5.0
Tolima,2020-11-19 15:56:00,0,150.0,2020-10-20 05:00:00,martes,45,Normal,Seca y limpia,Montañoso,Media ladera Izquierda,Recta,Parcial con paso alternado,12,15,0,0,0.0,Choque,no mantener distancia de seguridad,5007_1_0,11.0,1.0
Planta Central,2020-11-19 16:03:00,11,850.0,2020-09-20 05:00:00,domingo,30,Normal,Seca y limpia,Plano,Terraplen,Recta,Parcial con paso alternado,1,30,1,0,1.0,Choque,no mantener distancia de seguridad,2505_1_11,12.0,13.0
Planta Central,2020-11-19 16:15:00,9,550.0,2020-09-20 05:00:00,domingo,30,Normal,Seca y limpia,Plano,Terraplen,Recta,Parcial con reducción de carriles,1,30,2,0,4.0,Volcamiento,otra - conductor en general,2505_2_9,17.0,8.0
Tolima,2020-11-19 16:34:00,24,350.0,2020-10-30 05:00:00,viernes,45,Lluvia,Humeda,Montañoso,Terraplen,Curva Derecha,Parcial restringido a vehiculos pesados,12,45,0,0,0.0,Choque,otra - conductor en general,5007_1_24,11.0,1.0
Planta Central,2020-11-19 16:48:00,8,750.0,2020-09-23 05:00:00,miercoles,0,Normal,Seca y limpia,Plano,Terraplen,Recta,Parcial con reducción de carriles,1,30,0,0,0.0,Choque,maniobras imprudentes,2505_2_8,13.0,12.0
Planta Central,2020-11-19 16:53:00,6,200.0,2020-09-23 05:00:00,miercoles,0,Normal,Seca y limpia,Plano,Terraplen,Recta,Parcial con reducción de carriles,1,0,0,0,1.0,Choque,no mantener distancia de seguridad,2505_1_6,19.0,6.0
Planta Central,2020-11-19 16:59:00,57,422.0,2020-09-24 05:00:00,jueves,0,Normal,Humeda,Plano,Terraplen,Recta,Parcial con reducción de carriles,1,30,0,0,0.0,Choque,adelantamientos indebidos,2505_1_57,14.0,11.0
Planta Central,2020-11-19 17:14:00,17,120.0,2020-09-26 05:00:00,sabado,16,Seca,Seca y limpia,Plano,Terraplen,Recta,Parcial con reducción de carriles,1,0,0,0,2.0,Choque,no mantener distancia de seguridad,2505_2_17,7.0,18.0
Planta Central,2020-11-19 17:33:00,29,900.0,2020-09-28 05:00:00,lunes,30,Seca,Seca y limpia,Plano,Terraplen,Curva Derecha,Parcial con reducción de carriles,1,30,0,0,1.0,Choque,otra - conductor en general,2505_1_29,23.0,2.0
Boyacá,2020-11-19 20:46:00,9,400.0,2020-09-02 05:00:00,miercoles,23,Lluvia,Humeda,Montañoso,Media Ladera Derecha,Curva Izquierda,Transito normal con precaución,14,23,0,0,1.0,Choque,exceso de velocidad,6211_1_9,14.0,0.0
Boyacá,2020-11-19 20:46:00,6,580.0,2020-09-11 05:00:00,viernes,30,Normal,Seca y limpia,Montañoso,Media Ladera Derecha,Curva Derecha,Transito normal con precaución,14,30,1,0,4.0,Choque,maniobras imprudentes,5503_1_6,14.0,0.0
Boyacá,2020-11-19 20:46:00,48,530.0,2020-09-17 05:00:00,jueves,10,Lluvia,Humeda,Plano,Cajón,Curva Derecha,Transito normal con precaución,16,10,0,0,5.0,Choque,maniobras imprudentes,5503_1_48,16.0,0.0
Boyacá,2020-11-19 20:46:00,1,205.0,2020-09-19 05:00:00,sabado,0,Normal,Seca y limpia,Plano,Media Ladera Derecha,Recta,Transito normal con precaución,13,0,0,1,6.0,Choque,exceso de velocidad,5503_1_1,13.0,0.0
Boyacá,2020-11-19 20:46:00,9,740.0,2020-09-24 05:00:00,jueves,0,Normal,Seca y limpia,Montañoso,Media Ladera Derecha,Curva Derecha,Transito normal con precaución,21,0,1,0,7.0,Volcamiento,fallas mecanicas y del sistema electrico,6211_1_9,21.0,0.0
Boyacá,2020-11-19 20:46:00,12,400.0,2020-09-25 05:00:00,viernes,30,Normal,Seca y limpia,Plano,Media ladera Izquierda,Curva Izquierda,Transito normal con precaución,10,30,1,0,8.0,Choque,adelantamientos indebidos,5503_1_12,10.0,0.0
Boyacá,2020-11-19 20:46:00,9,400.0,2020-09-30 05:00:00,miercoles,0,Lluvia,Humeda,Montañoso,Media Ladera Derecha,Curva Izquierda,Transito normal con precaución,17,0,1,0,9.0,Choque,exceso de velocidad,6211_1_9,17.0,0.0
Planta Central,2020-11-19 14:27:00,9,200.0,2020-09-24 05:00:00,jueves,45,Normal,Seca y limpia,Plano,Terraplen,Recta,Parcial con reducción de carriles,1,30,0,0,2.0,Choque,fallas mecanicas y del sistema electrico,25VLB_1_9,11.0,14.0
Planta Central,2020-11-19 14:43:00,1,300.0,2020-09-12 05:00:00,sabado,30,Normal,Seca y limpia,Plano,Terraplen,Recta,Transito normal con precaución,0,30,0,0,0.0,Choque,maniobras imprudentes,2505_1_1,17.0,7.0
Cauca,2020-11-19 15:56:00,79,300.0,2020-11-19 05:00:00,jueves,0,Lluvia,Humeda,Montañoso,Media Ladera Derecha,Curva Izquierda,Transito normal con precaución,0,0,0,0,0.0,Choque,fallas mecanicas y del sistema electrico,2602_0_79,7.0,17.0
Tolima,2020-11-19 16:29:00,15,940.0,2020-10-21 05:00:00,miercoles,30,Lluvia,Humeda,Montañoso,Media ladera Izquierda,Curva Derecha,Transito normal con precaución,8,45,0,0,0.0,Choque,condiciones de la via y factores ambientales,5007_1_15,6.0,2.0
Planta Central,2020-11-19 16:36:00,2,550.0,2020-09-23 05:00:00,miercoles,45,Normal,Seca y limpia,Plano,Terraplen,Recta,Parcial con reducción de carriles,1,0,2,0,2.0,Otro,fallas mecanicas y del sistema electrico,2505_2_2,6.0,19.0