territorial,fecha_registro,pr,distancia_pr,fecha_acc,dia_semana_acc,min_acc,condic_meteor,estado_super,terreno,secc_tip,geometria_acc,tipo_cierre,horas_cierre,min_cierre,n_heridos,n_muertos,n_victimas,clase_accidente,causa_posible,ref_loc,hora_acc,duracion_cierre_horas
Cauca,2020-11-19 20:19:00,69,370.0,2020-11-19 05:00:00,jueves,20,Lluvia,Humeda,Montañoso,Media Ladera Derecha,Recta,Transito normal con precaución,0,0,0,0,0.0,Volcamiento,fallas mecanicas y del sistema electrico,2602_0_69,11.0,13.0
Boyacá,2020-11-19 20:46:00,9,143.0,2020-09-02 05:00:00,miercoles,30,Lluvia,Humeda,Plano,Terraplen,Recta,Transito normal con precaución,13,30,0,1,1.0,Choque,adelantamientos indebidos,5503_1_9,13.0,0.0
Boyacá,2020-11-19 20:46:00,2,50.0,2020-09-03 05:00:00,jueves,30,Normal,Seca y limpia,Plano,Media Ladera Derecha,Curva Izquierda,Transito normal con precaución,17,30,0,0,1.0,Choque,no mantener distancia de seguridad,6211_1_2,17.0,0.0
Boyacá,2020-11-19 20:46:00,16,50.0,2020-09-05 05:00:00,sabado,0,Normal,Seca y limpia,Ondulado,Terraplen,Recta,Transito normal con precaución,9,0,0,0,1.0,Choque,impericia en el manejo,5503_1_16,9.0,0.0
Boyacá,2020-11-19 20:46:00,32,600.0,2020-09-05 05:00:00,sabado,50,Lluvia,Humeda,Ondulado,Media Ladera Derecha,Curva Izquierda,Transito normal con precaución,13,50,1,0,2.0,Choque,otra - conductor en general,5503_1_32,13.0,0.0
Boyacá,2020-11-19 20:46:00,2,210.0,2020-09-11 05:00:00,viernes,30,Niebla,Seca y limpia,Escarpado,Media Ladera Derecha,Curva Derecha,Transito normal con precaución,2,30,1,0,3.0,Choque,exceso en horas de conduccion,6211_1_2,2.0,0.0
Boyacá,2020-11-19 20:46:00,6,120.0,2020-09-16 05:00:00,miercoles,10,Normal,Seca y limpia,Ondulado,Media ladera Izquierda,Curva Derecha,Transito normal con precaución,11,10,1,0,5.0,Choque,impericia en el manejo,5503_1_6,11.0,0.0
Boyacá,2020-11-19 20:46:00,85,910.0,2020-09-25 05:00:00,viernes,0,Normal,Seca y limpia,Plano,Terraplen,Curva Izquierda,Transito normal con precaución,7,0,0,0,7.0,Salida de la vía sin volcarse,exceso en horas de conduccion,5503_1_85,7.0,0.0
Boyacá,2020-11-19 20:46:00,13,100.0,2020-09-27 05:00:00,domingo,20,Normal,Seca y limpia,Plano,Media ladera Izquierda,Recta,Transito normal con precaución,17,20,0,0,8.0,Choque,impericia en el manejo,62BY05_1_13,17.0,0.0
Boyacá,2020-11-19 20:46:00,13,420.0,2020-09-28 05:00:00,lunes,0,Normal,Seca y limpia,Plano,Media Ladera Derecha,Recta,Transito normal con precaución,9,0,0,0,8.0,Choque,impericia en el manejo,62BY05_1_13,9.0,0.0
Planta Central,2020-11-22 13:27:00,92,800.0,2020-09-07 05:00:00,lunes,30,Lluvia,Humeda,Plano,Terraplen,Recta,Transito normal con precaución,0,0,0,0,0.0,No determinado,otra - conductor en general,4511_1_92,4.0,20.0
Planta Central,2020-11-22 13:37:00,107,0.0,2020-09-08 05:00:00,martes,0,Lluvia,Humeda,Ondulado,Cajón,Curva Izquierda,Transito normal con precaución,0,0,0,0,0.0,No determinado,otra - conductor en general,4511_1_107,8.0,16.0
Planta Central,2020-11-22 13:39:00,113,400.0,2020-09-28 05:00:00,lunes,55,Normal,Seca y limpia,Ondulado,Terraplen,Recta,Transito normal con precaución,0,0,0,0,0.0,Choque,fallas mecanicas y del sistema electrico,4511_1_113,14.0,10.0
Planta Central,2020-11-22 13:46:00,54,900.0,2020-09-05 05:00:00,sabado,0,Normal,Seca y limpia,Plano,Terraplen,Recta,Transito normal con precaución,0,0,0,0,0.0,Salida de la vía sin volcarse,exceso en horas de conduccion,4513_2_54,2.0,22.0
Planta Central,2020-11-22 13:53:00,58,330.0,2020-09-27 05:00:00,domingo,45,Normal,Seca y limpia,Plano,Terraplen,Recta,Transito normal con precaución,0,0,0,0,0.0,Choque,no mantener distancia de seguridad,4513_1_58,5.0,19.0
Planta Central,2020-11-22 13:59:00,59,80.0,2020-09-11 05:00:00,viernes,30,Normal,Seca y limpia,Ondulado,Terraplen,Recta,Transito normal con precaución,0,0,0,0,0.0,Choque,maniobras imprudentes,4513_1_59,1.0,23.0
Planta Central,2020-11-22 14:02:00,78,0.0,2020-09-08 05:00:00,martes,0,Lluvia,Humeda,Plano,Terraplen,Recta,Transito normal con precaución,0,0,0,0,0.0,Choque,condiciones de la via y factores ambientales,4513_1_78,6.0,18.0
Planta Central,2020-11-22 14:18:00,85,500.0,2020-09-29 05:00:00,martes,45,Normal,Seca y limpia,Plano,Terraplen,Recta,Transito normal con precaución,0,0,0,0,0.0,Volcamiento,fallas mecanicas y del sistema electrico,4513_1_85,15.0,9.0
Planta Central,2020-11-22 14:26:00,88,180.0,2020-09-14 05:00:00,lunes,30,Normal,Seca y limpia,Plano,Terraplen,Recta,Transito normal con precaución,0,0,2,0,2.0,Choque,embriaguez o sustancias alucinogenas,4513_1_88,11.0,13.0
Cauca,2020-11-22 22:24:00,36,350.0,2020-11-20 05:00:00,viernes,0,Lluvia,Humeda,Ondulado,Media ladera Izquierda,Recta,Transito normal con precaución,0,0,0,0,0.0,Choque,fallas mecanicas y del sistema electrico,2602_0_36,16.0,8.0
Huila,2020-11-23 01:13:00,55,690.0,2020-10-03 05:00:00,sabado,20,Seca,Seca y limpia,Plano,Terraplen,Recta,Parcial con reducción de carriles,5,20,0,1,1.0,Choque,estacionamiento y senalizacion imprudente,2402_1_55,5.0,0.0
Planta Central,2020-11-22 13:31:00,101,800.0,2020-09-16 05:00:00,miercoles,40,Lluvia,Humeda,Plano,Terraplen,Recta,Transito normal con precaución,0,0,0,0,0.0,No determinado,otra - conductor en general,4511_1_101,20.0,4.0
Planta Central,2020-11-22 13:34:00,106,650.0,2020-09-17 05:00:00,jueves,30,Lluvia,Humeda,Ondulado,Media Ladera Derecha,Recta,Transito normal con precaución,0,0,0,0,0.0,No determinado,otra - conductor en general,4511_1_106,5.0,19.0
Planta Central,2020-11-22 13:42:00,115,500.0,2020-09-18 05:00:00,viernes,45,Lluvia,Humeda,Ondulado,Terraplen,Curva Derecha,Transito normal con precaución,0,0,0,0,0.0,No determinado,otra - conductor en general,4511_1_115,11.0,13.0
Planta Central,2020-11-22 13:44:00,2,500.0,2020-09-19 05:00:00,sabado,0,Normal,Seca y limpia,Ondulado,Terraplen,Recta,Transito normal con precaución,0,0,2,0,2.0,No determinado,otra - conductor en general,4513_1_2,17.0,7.0
Planta Central,2020-11-22 14:11:00,80,400.0,2020-09-03 05:00:00,jueves,30,Normal,Seca y limpia,Plano,Terraplen,Recta,Transito normal con precaución,0,0,0,0,0.0,Choque,condiciones de la via y factores ambientales,4513_1_80,0.0,0.0
Planta Central,2020-11-22 14:21:00,87,900.0,2020-09-27 05:00:00,domingo,45,Normal,Seca y limpia,Plano,Terraplen,Recta,Transito normal con precaución,0,0,0,0,0.0,Salida de la vía sin volcarse,condiciones de la via y factores ambientales,4513_1_87,20.0,4.0
Cauca,2020-11-22 22:32:00,1,600.0,2020-11-22 05:00:00,domingo,30,Sol,Material suelto,Ondulado,Media ladera Izquierda,Recta,Parcial con paso alternado,0,30,0,0,3.0,Atropello,exceso de velocidad,26CC04_0_1,12.0,12.0
Huila,2020-11-23 01:19:00,84,960.0,2020-10-18 05:00:00,domingo,0,Seca,Seca y limpia,Escarpado,Cajón,Curva Izquierda,Parcial con reducción de carriles,20,0,1,0,1.0,Volcamiento,otra - conductor en general,2402_1_84,20.0,0.0
Huila,2020-11-23 01:27:00,87,0.0,2020-10-21 05:00:00,miercoles,30,Seca,Material suelto,Plano,Terraplen,Curva Derecha,Parcial con reducción de carriles,8,30,0,0,0.0,Choque,condiciones de la via y factores ambientales,2402_1_87,8.0,0.0
Boyacá,2020-11-23 15:25:00,69,414.0,2020-10-14 05:00:00,miercoles,30,Seca,Seca y limpia,Ondulado,Media ladera Izquierda,Recta,Parcial con paso alternado,1,15,0,1,3.0,Choque,impericia en el manejo,6008_0_69,18.0,7.0
Quindío,2020-11-24 13:34:00,47,450.0,2020-10-01 05:00:00,jueves,50,Normal,Seca y limpia,Plano,Terraplen,Recta,Transito normal con precaución,0,0,0,1,1.0,Choque,otra - conductor en general,4002_1_47,7.0,17.0
Quindío,2020-11-24 14:10:00,45,650.0,2020-10-01 05:00:00,jueves,0,Normal,Seca y limpia,Plano,Terraplen,Recta,Transito normal con precaución,0,0,3,0,3.0,Choque,adelantamientos indebidos,4002_1_45,8.0,16.0
Quindío,2020-11-24 14:33:00,49,760.0,2020-10-10 05:00:00,sabado,0,Normal,Seca y limpia,Plano,Terraplen,Recta,Transito normal con precaución,0,0,1,1,3.0,Choque,otra - conductor en general,4002_1_49,15.0,9.0
Caldas,2020-11-29 04:10:00,26,0.0,2020-10-06 05:00:00,martes,30,Normal,Seca y limpia,Montañoso,Media ladera Izquierda,Recta,Parcial con reducción de carriles,18,50,0,1,1.0,Atropello,estacionamiento y senalizacion imprudente,5005_1_26,18.0,0.0
Quindío,2020-11-24 14:53:00,5,823.0,2020-10-17 05:00:00,sabado,20,Lluvia,Humeda,Plano,Media ladera Izquierda,Curva Izquierda,Transito normal con precaución,0,0,1,0,1.0,Caída ocupante,otra - conductor en general,40QN05_0_5,16.0,8.0
Quindío,2020-11-24 14:25:00,2,160.0,2020-10-07 05:00:00,miercoles,20,Normal,Seca y limpia,Plano,Terraplen,Curva Derecha,Transito normal con precaución,0,0,1,0,2.0,Choque,otra - conductor en general,2901B_1_2,18.0,6.0
Quindío,2020-11-24 14:40:00,10,480.0,2020-10-12 05:00:00,lunes,45,Normal,Seca y limpia,Plano,Cajón,Curva Derecha,Transito normal con precaución,0,0,1,0,1.0,Choque,exceso de velocidad,2901B_1_10,7.0,17.0
Quindío,2020-11-24 15:01:00,1,400.0,2020-10-17 05:00:00,sabado,30,Normal,Seca y limpia,Montañoso,Media Ladera Derecha,Curva Izquierda,Transito normal con precaución,0,0,0,0,1.0,Choque,no mantener distancia de seguridad,4003_1_1,17.0,7.0
Quindío,2020-11-24 15:07:00,11,560.0,2020-10-27 05:00:00,martes,0,Normal,Seca y limpia,Plano,Cajón,Curva Derecha,Transito normal con precaución,0,0,1,0,1.0,Volcamiento,fallas mecanicas y del sistema electrico,25VL07_1_11,11.0,13.0
Quindío,2020-11-24 15:12:00,42,800.0,2020-10-31 05:00:00,sabado,0,Normal,Seca y limpia,Plano,Terraplen,Recta,Transito normal con precaución,0,0,0,1,1.0,Atropello,conducta de peatones,4002_1_42,15.0,9.0
Cauca,2020-11-25 14:36:00,40,560.0,2020-09-06 05:00:00,domingo,15,Normal,Seca y limpia,Ondulado,Terraplen,Curva Derecha,Transito normal con precaución,18,15,2,0,2.0,Choque,desobediencia a normas y senales,2001_2_40,18.0,0.0
Cauca,2020-11-25 14:43:00,48,300.0,2020-09-08 05:00:00,martes,0,Normal,Otra,Montañoso,Media ladera Izquierda,Curva Izquierda,Transito normal con precaución,22,0,0,0,0.0,Volcamiento,imprudencia del conductor,2002_1_48,22.0,0.0
Cauca,2020-11-25 15:00:00,52,860.0,2020-09-11 05:00:00,viernes,30,Sol,Seca y limpia,Montañoso,Media ladera Izquierda,Recta,Parcial con paso alternado,16,30,1,0,2.0,Choque,adelantamientos indebidos,2001_1_52,16.0,0.0
Cauca,2020-11-25 15:10:00,30,620.0,2020-09-13 05:00:00,domingo,30,Normal,Seca y limpia,Montañoso,Media Ladera Derecha,Curva Izquierda,Transito normal con precaución,4,30,0,0,0.0,Volcamiento,exceso de velocidad,2002_1_30,4.0,0.0
Cauca,2020-11-25 15:30:00,54,900.0,2020-09-13 05:00:00,domingo,15,Sol,Seca y limpia,Montañoso,Terraplen,Recta,Transito normal con precaución,14,15,2,0,2.0,Choque,embriaguez o sustancias alucinogenas,2001_1_54,14.0,0.0
Cauca,2020-11-25 15:37:00,0,230.0,2020-09-14 05:00:00,lunes,30,Sol,Seca y limpia,Ondulado,Cajón,Curva Derecha,Parcial con paso alternado,13,30,0,1,2.0,Otro,exceso de velocidad,2002_1_0,13.0,0.0
Norte de Santander,2020-11-25 22:17:00,3,380.0,2020-10-07 05:00:00,miercoles,30,Normal,Seca y limpia,Plano,Terraplen,Recta,Transito normal con precaución,0,0,0,0,0.0,Choque,impericia en el manejo,5507_0_3,9.0,15.0
Norte de Santander,2020-11-25 22:27:00,9,142.0,2020-10-12 05:00:00,lunes,0,Seca,Seca y limpia,Plano,Terraplen,Recta,Transito normal con precaución,0,0,1,0,1.0,Choque,desobediencia a normas y senales,55NSA_1_9,10.0,14.0
Cauca,2020-11-25 14:53:00,50,620.0,2020-09-08 05:00:00,martes,30,Sol,Seca y limpia,Montañoso,Media Ladera Derecha,Recta,Parcial con paso alternado,6,30,0,0,1.0,Choque,exceso de velocidad,2001_1_50,6.0,0.0
Cauca,2020-11-25 15:21:00,0,240.0,2020-09-13 05:00:00,domingo,15,Sol,Seca y limpia,Ondulado,Cajón,Curva Derecha,Transito normal con precaución,16,15,2,0,2.0,Salida de la vía sin volcarse,embriaguez o sustancias alucinogenas,2002_1_0,16.0,0.0
Cauca,2020-11-25 15:45:00,39,720.0,2020-09-21 05:00:00,lunes,0,Normal,Otra,Ondulado,Media ladera Izquierda,Curva Izquierda,Transito normal con precaución,0,0,0,0,0.0,Salida de la vía sin volcarse,maniobras imprudentes,2001_1_39,0.0,0.0
Cauca,2020-11-25 15:56:00,13,700.0,2020-09-29 05:00:00,martes,30,Sol,Seca y limpia,Montañoso,Media Ladera Derecha,Curva Izquierda,Transito normal con precaución,15,30,0,0,0.0,Volcamiento,otra - conductor en general,2401_0_13,15.0,0.0
Norte de Santander,2020-11-25 22:21:00,20,0.0,2020-10-25 05:00:00,domingo,30,Seca,Seca y limpia,Plano,Cajón,Recta,Parcial con paso alternado,2,0,0,1,1.0,Choque,adelantamientos indebidos,5507_0_20,19.0,7.0
Norte de Santander,2020-11-25 22:24:00,4,696.0,2020-10-03 05:00:00,sabado,50,Seca,Seca y limpia,Plano,Terraplen,Recta,Transito normal con precaución,0,0,1,0,1.0,Choque,impericia en el manejo,55NS09_0_4,8.0,16.0
Norte de Santander,2020-11-25 22:31:00,9,142.0,2020-10-12 05:00:00,lunes,0,Normal,Seca y limpia,Plano,Terraplen,Recta,Transito normal con precaución,0,0,1,0,1.0,Choque,desobediencia a normas y senales,55NSA_1_9,10.0,14.0
Norte de Santander,2020-11-25 22:33:00,3,310.0,2020-10-26 05:00:00,lunes,15,Normal,Seca y limpia,Plano,Terraplen,Recta,Parcial con reducción de carriles,0,30,0,0,0.0,Choque,desobediencia a normas y senales,55NSA_1_3,6.0,18.0
Nariño,2020-11-26 20:33:00,57,90.0,2020-10-13 05:00:00,martes,40,Normal,Seca y limpia,Montañoso,Media ladera Izquierda,Recta,Transito normal con precaución,6,40,3,1,5.0,Choque,otra - conductor en general,1002_1_57,6.0,0.0
Planta Central,2020-11-26 21:21:00,54,0.0,2020-10-01 05:00:00,jueves,20,Seca,Seca y limpia,Montañoso,Media ladera Izquierda,Curva Derecha,Transito normal con precaución,18,45,0,0,0.0,Caída ocupante,exceso de velocidad,5008_1_54,18.0,0.0
Planta Central,2020-11-26 21:24:00,19,230.0,2020-10-04 05:00:00,domingo,4,Lluvia,Humeda,Escarpado,Media ladera Izquierda,Recta,Transito normal con precaución,9,20,0,0,0.0,Choque,condiciones de la via y factores ambientales,5008_1_19,9.0,0.0
Planta Central,2020-11-26 21:24:00,47,500.0,2020-10-04 05:00:00,domingo,43,Sol,Seca y limpia,Ondulado,Media ladera Izquierda,Curva Derecha,Transito normal con precaución,17,45,1,0,1.0,Caída de piedra,maniobras imprudentes,5008_1_47,16.0,1.0
Planta Central,2020-11-26 21:24:00,55,0.0,2020-10-06 05:00:00,martes,44,Sol,Seca y limpia,Escarpado,Media ladera Izquierda,Recta,Transito normal con precaución,9,44,1,0,2.0,Caída ocupante,exceso de velocidad,5008_1_55,9.0,0.0
Planta Central,2020-11-26 21:24:00,36,800.0,2020-10-08 05:00:00,jueves,30,Sol,Seca y limpia,Escarpado,Media ladera Izquierda,Recta,Parcial con reducción de carriles,11,33,0,0,0.0,Choque,adelantamientos indebidos,5008_1_36,11.0,0.0
Planta Central,2020-11-26 22:15:00,36,56.0,2020-10-10 05:00:00,sabado,5,Sol,Seca y limpia,Escarpado,Media ladera Izquierda,Curva Derecha,Parcial con paso alternado,17,25,1,0,3.0,Choque,adelantamientos indebidos,5008_1_36,16.0,1.0
Planta Central,2020-11-26 22:15:00,55,800.0,2020-10-12 05:00:00,lunes,15,Sol,Seca y limpia,Escarpado,Media ladera Izquierda,Recta,Parcial con paso alternado,19,14,1,0,4.0,Caída ocupante,exceso de velocidad,5008_1_55,17.0,2.0
Planta Central,2020-11-26 22:15:00,51,100.0,2020-10-12 05:00:00,lunes,34,Lluvia,Humeda,Escarpado,Media ladera Izquierda,Recta,Parcial con paso alternado,22,30,2,0,6.0,Caída ocupante,condiciones de la via y factores ambientales,5008_1_51,20.0,2.0
Planta Central,2020-11-26 22:15:00,35,128.0,2020-10-14 05:00:00,miercoles,32,Lluvia,Humeda,Escarpado,Media ladera Izquierda,Recta,Transito normal con precaución,13,50,0,0,6.0,Choque,condiciones de la via y factores ambientales,5008_1_35,13.0,0.0
Planta Central,2020-11-26 22:15:00,27,574.0,2020-10-16 05:00:00,viernes,21,Sol,Seca y limpia,Escarpado,Media ladera Izquierda,Recta,Transito normal con precaución,18,0,1,0,7.0,Volcamiento,fallas mecanicas y del sistema electrico,5008_1_27,12.0,6.0
Planta Central,2020-11-26 22:15:00,36,496.0,2020-10-16 05:00:00,viernes,32,Normal,Seca y limpia,Escarpado,Media ladera Izquierda,Curva Derecha,Parcial con paso alternado,13,50,0,0,7.0,Choque,embriaguez o sustancias alucinogenas,5008_1_36,23.0,14.0
Planta Central,2020-11-26 22:15:00,54,283.0,2020-10-19 05:00:00,lunes,10,Lluvia,Humeda,Escarpado,Media ladera Izquierda,Curva Derecha,Parcial con paso alternado,9,50,1,0,10.0,Volcamiento,condiciones de la via y factores ambientales,5008_1_54,7.0,2.0
Boyacá,2020-11-26 23:40:00,89,800.0,2020-10-27 05:00:00,martes,20,Sol,Seca y limpia,Montañoso,Media ladera Izquierda,Recta,Transito normal con precaución,0,0,1,0,3.0,Volcamiento,otra - conductor en general,6006_0_89,7.0,17.0
Planta Central,2020-11-26 22:15:00,51,500.0,2020-10-25 05:00:00,domingo,20,Sol,Seca y limpia,Escarpado,Media ladera Izquierda,Curva Derecha,Transito normal con precaución,16,30,0,0,10.0,Salida de la vía sin volcarse,exceso de velocidad,5008_1_51,16.0,0.0
Planta Central,2020-11-26 22:15:00,50,966.0,2020-10-27 05:00:00,martes,30,Sol,Seca y limpia,Escarpado,Media ladera Izquierda,Recta,Transito normal con precaución,16,40,1,0,11.0,Caída ocupante,exceso de velocidad,5008_1_50,16.0,0.0
Planta Central,2020-11-26 22:15:00,25,600.0,2020-10-30 05:00:00,viernes,52,Normal,Seca y limpia,Escarpado,Media ladera Izquierda,Recta,Transito normal con precaución,10,24,1,0,12.0,Caída ocupante,otra - pasajero o acompanante,5008_1_25,9.0,1.0
Boyacá,2020-11-27 00:05:00,10,20.0,2020-10-10 05:00:00,sabado,50,Sol,Seca y limpia,Ondulado,Terraplen,Recta,Transito normal con precaución,0,0,1,0,1.0,Choque,fallas mecanicas y del sistema electrico,6006_0_10,17.0,7.0
Planta Central,2020-11-26 22:15:00,9,380.0,2020-10-31 05:00:00,sabado,19,Lluvia,Humeda,Escarpado,Media ladera Izquierda,Curva Derecha,Transito normal con precaución,8,31,0,0,12.0,Salida de la vía sin volcarse,condiciones de la via y factores ambientales,5008_1_9,6.0,2.0
Nariño,2020-11-26 20:44:00,56,150.0,2020-10-14 05:00:00,miercoles,0,Normal,Seca y limpia,Montañoso,Media ladera Izquierda,Recta,Transito normal con precaución,23,0,5,0,5.0,Choque,maniobras imprudentes,1002_1_56,23.0,0.0
Planta Central,2020-11-26 21:24:00,39,802.0,2020-10-03 05:00:00,sabado,40,Sol,Seca y limpia,Montañoso,Media ladera Izquierda,Recta,Transito normal con precaución,21,15,0,0,0.0,Salida de la vía sin volcarse,maniobras imprudentes,5008_1_39,8.0,13.0
Planta Central,2020-11-26 21:24:00,41,550.0,2020-10-05 05:00:00,lunes,30,Sol,Seca y limpia,Montañoso,Media ladera Izquierda,Recta,Transito normal con precaución,9,0,0,0,1.0,Salida de la vía sin volcarse,exceso de velocidad,5008_1_41,8.0,1.0
Planta Central,2020-11-26 21:24:00,61,800.0,2020-10-09 05:00:00,viernes,25,Lluvia,Humeda,Escarpado,Media ladera Izquierda,Recta,Transito normal con precaución,7,35,0,0,2.0,Volcamiento,exceso de velocidad,5008_1_61,7.0,0.0
Planta Central,2020-11-26 22:15:00,35,362.0,2020-10-10 05:00:00,sabado,55,Lluvia,Humeda,Escarpado,Media ladera Izquierda,Curva Derecha,Transito normal con precaución,6,16,2,0,2.0,Caída ocupante,condiciones de la via y factores ambientales,5008_1_35,5.0,1.0
Planta Central,2020-11-26 22:15:00,56,675.0,2020-10-11 05:00:00,domingo,40,Sol,Seca y limpia,Escarpado,Media ladera Izquierda,Recta,Parcial con paso alternado,15,40,0,0,3.0,Volcamiento,fallas mecanicas y del sistema electrico,5008_1_56,14.0,1.0
Planta Central,2020-11-26 22:15:00,35,955.0,2020-10-13 05:00:00,martes,20,Lluvia,Humeda,Escarpado,Media ladera Izquierda,Curva Izquierda,Parcial con paso alternado,7,20,0,0,6.0,Choque,condiciones de la via y factores ambientales,5008_1_35,5.0,2.0
Planta Central,2020-11-26 22:15:00,36,100.0,2020-10-16 05:00:00,viernes,14,Sol,Seca y limpia,Escarpado,Media ladera Izquierda,Curva Derecha,Transito normal con precaución,9,30,0,0,6.0,Choque,exceso de velocidad,5008_1_36,9.0,0.0
Planta Central,2020-11-26 22:15:00,36,324.0,2020-10-16 05:00:00,viernes,50,Normal,Seca y limpia,Escarpado,Media ladera Izquierda,Curva Derecha,Parcial con paso alternado,22,45,0,0,7.0,Choque,adelantamientos indebidos,5008_1_36,21.0,1.0
Planta Central,2020-11-26 22:15:00,41,638.0,2020-10-18 05:00:00,domingo,10,Lluvia,Humeda,Escarpado,Media ladera Izquierda,Recta,Parcial con paso alternado,19,53,2,0,9.0,Salida de la vía sin volcarse,condiciones de la via y factores ambientales,5008_1_41,18.0,1.0
Planta Central,2020-11-26 22:15:00,57,600.0,2020-10-26 05:00:00,lunes,18,Sol,Seca y limpia,Escarpado,Media ladera Izquierda,Curva Derecha,Cierre total,9,51,0,0,10.0,Choque,no mantener distancia de seguridad,5008_1_57,9.0,0.0
Planta Central,2020-11-26 22:15:00,56,31.0,2020-10-27 05:00:00,martes,40,Sol,Seca y limpia,Escarpado,Media ladera Izquierda,Curva Izquierda,Cierre total,19,43,0,0,11.0,Volcamiento,fallas mecanicas y del sistema electrico,5008_1_56,16.0,3.0
Planta Central,2020-11-26 22:15:00,39,910.0,2020-10-31 05:00:00,sabado,20,Lluvia,Humeda,Escarpado,Media ladera Izquierda,Curva Derecha,Parcial con paso alternado,6,52,0,0,12.0,Volcamiento,condiciones de la via y factores ambientales,5008_1_39,5.0,1.0
Planta Central,2020-11-26 22:15:00,16,314.0,2020-10-31 05:00:00,sabado,19,Lluvia,Humeda,Escarpado,Media ladera Izquierda,Curva Derecha,Transito normal con precaución,7,20,0,0,12.0,Salida de la vía sin volcarse,exceso de velocidad,5008_1_16,6.0,1.0
Planta Central,2020-11-26 22:15:00,47,742.0,2020-10-31 05:00:00,sabado,50,Lluvia,Humeda,Escarpado,Media ladera Izquierda,Curva Derecha,Transito normal con precaución,8,42,0,0,12.0,Choque,exceso de velocidad,5008_1_47,7.0,1.0
Planta Central,2020-11-26 22:15:00,35,805.0,2020-10-31 05:00:00,sabado,15,Sol,Seca y limpia,Escarpado,Media ladera Izquierda,Curva Derecha,Transito normal con precaución,11,20,0,0,12.0,Salida de la vía sin volcarse,exceso de velocidad,5008_1_35,11.0,0.0
Antioquia,2020-11-27 19:22:00,54,580.0,2020-01-24 05:00:00,viernes,0,Seca,Seca y limpia,Ondulado,Media ladera Izquierda,Recta,Parcial con reducción de carriles,13,20,0,0,0.0,Choque,desobediencia a normas y senales,6205_2_54,13.0,0.0
Antioquia,2020-11-27 19:34:00,9,236.0,2020-01-12 05:00:00,domingo,10,Seca,Seca y limpia,Plano,Media ladera Izquierda,Curva Derecha,Parcial con reducción de carriles,14,20,0,0,0.0,Choque,maniobras imprudentes,6205_1_9,13.0,1.0
Antioquia,2020-11-27 20:19:00,9,260.0,2020-05-11 05:00:00,lunes,0,Seca,Seca y limpia,Ondulado,Media ladera Izquierda,Recta,Parcial con reducción de carriles,11,50,1,0,1.0,Choque,fallas mecanicas y del sistema electrico,6205_1_9,9.0,2.0
Antioquia,2020-11-27 20:40:00,9,260.0,2020-05-11 05:00:00,lunes,0,Seca,Seca y limpia,Ondulado,Media Ladera Derecha,Recta,Parcial con reducción de carriles,11,50,1,0,1.0,Choque,fallas mecanicas y del sistema electrico,6205_1_9,9.0,2.0
Caldas,2020-11-29 04:12:00,27,650.0,2020-10-07 05:00:00,miercoles,50,Lluvia,Humeda,Montañoso,Media ladera Izquierda,Recta,Parcial con reducción de carriles,14,0,1,0,1.0,Choque,no mantener distancia de seguridad,5005_2_27,13.0,1.0
Antioquia,2020-11-27 19:41:00,9,550.0,2020-01-17 05:00:00,viernes,55,Seca,Seca y limpia,Plano,Media Ladera Derecha,Recta,Parcial con reducción de carriles,14,0,0,0,0.0,Choque,impericia en el manejo,6205_1_9,13.0,1.0
Caldas,2020-11-29 03:23:00,40,950.0,2020-10-01 05:00:00,jueves,30,Normal,Seca y limpia,Montañoso,Media ladera Izquierda,Curva Derecha,Parcial con reducción de carriles,7,0,1,0,1.0,Choque,fallas mecanicas y del sistema electrico,2508_1_40,6.0,1.0
Caldas,2020-11-29 03:26:00,41,200.0,2020-10-07 05:00:00,miercoles,30,Normal,Seca y limpia,Montañoso,Media ladera Izquierda,Curva Izquierda,Parcial con reducción de carriles,16,45,2,0,2.0,Choque,condiciones de la via y factores ambientales,2508_1_41,16.0,0.0
Caldas,2020-11-29 03:29:00,24,30.0,2020-10-09 05:00:00,viernes,30,Lluvia,Humeda,Montañoso,Media ladera Izquierda,Curva Derecha,Parcial con reducción de carriles,6,0,1,0,1.0,Choque,condiciones de la via y factores ambientales,2508_1_24,5.0,1.0
Caldas,2020-11-29 03:33:00,53,50.0,2020-10-13 05:00:00,martes,20,Lluvia,Humeda,Montañoso,Media ladera Izquierda,Recta,Parcial con reducción de carriles,7,0,0,0,0.0,Choque,condiciones de la via y factores ambientales,2508_1_53,6.0,1.0
Caldas,2020-11-29 03:36:00,52,50.0,2020-10-16 05:00:00,viernes,30,Normal,Seca y limpia,Montañoso,Media ladera Izquierda,Recta,Parcial con reducción de carriles,2,10,0,1,1.0,Choque,impericia en el manejo,2508_1_52,23.0,3.0
Caldas,2020-11-29 03:42:00,8,570.0,2020-10-27 05:00:00,martes,30,Normal,Seca y limpia,Montañoso,Media ladera Izquierda,Curva Derecha,Parcial con reducción de carriles,10,45,1,0,1.0,Volcamiento,otra - conductor en general,2508_1_8,10.0,0.0