territorial,fecha_registro,pr,distancia_pr,fecha_acc,dia_semana_acc,min_acc,condic_meteor,estado_super,terreno,secc_tip,geometria_acc,tipo_cierre,horas_cierre,min_cierre,n_heridos,n_muertos,n_victimas,clase_accidente,causa_posible,ref_loc,hora_acc,duracion_cierre_horas
Caldas,2020-11-29 03:42:00,8,570.0,2020-10-27 05:00:00,martes,30,Normal,Seca y limpia,Montañoso,Media ladera Izquierda,Curva Derecha,Parcial con reducción de carriles,10,45,1,0,1.0,Volcamiento,otra - conductor en general,2508_1_8,10.0,0.0
Caldas,2020-11-29 03:53:00,43,420.0,2020-10-03 05:00:00,sabado,40,Lluvia,Humeda,Montañoso,Media ladera Izquierda,Curva Derecha,Parcial con reducción de carriles,14,50,0,0,0.0,Choque,otra - conductor en general,2902_1_43,14.0,0.0
Caldas,2020-11-29 03:55:00,30,700.0,2020-10-03 05:00:00,sabado,10,Lluvia,Humeda,Montañoso,Media ladera Izquierda,Curva Izquierda,Parcial con reducción de carriles,17,20,0,0,0.0,Choque,otra - conductor en general,2902_1_30,17.0,0.0
Caldas,2020-11-29 03:57:00,41,515.0,2020-10-04 05:00:00,domingo,20,Lluvia,Humeda,Montañoso,Media ladera Izquierda,Curva Izquierda,Parcial con reducción de carriles,22,30,0,0,0.0,Choque,condiciones de la via y factores ambientales,2902_1_41,21.0,1.0
Caldas,2020-11-29 03:58:00,29,700.0,2020-10-06 05:00:00,martes,30,Normal,Seca y limpia,Montañoso,Media ladera Izquierda,Curva Izquierda,Parcial con reducción de carriles,8,25,0,1,1.0,Choque,otra - conductor en general,2902_1_29,5.0,3.0
Caldas,2020-11-29 04:00:00,36,980.0,2020-10-29 05:00:00,jueves,30,Viento,Seca y limpia,Montañoso,Media ladera Izquierda,Recta,Parcial con reducción de carriles,8,0,0,0,0.0,Choque,no mantener distancia de seguridad,2902_1_36,7.0,1.0
Caldas,2020-11-29 04:02:00,44,50.0,2020-10-09 05:00:00,viernes,50,Lluvia,Humeda,Montañoso,Media ladera Izquierda,Curva Izquierda,Parcial con reducción de carriles,14,5,0,0,0.0,Choque,otra - conductor en general,2902_1_44,13.0,1.0
Caldas,2020-11-29 04:05:00,30,620.0,2020-10-15 05:00:00,jueves,45,Viento,Seca y limpia,Montañoso,Media ladera Izquierda,Recta,Parcial con reducción de carriles,8,30,0,0,0.0,Choque,otra - conductor en general,2902_1_30,7.0,1.0
Caldas,2020-11-29 04:06:00,32,950.0,2020-10-24 05:00:00,sabado,30,Normal,Seca y limpia,Montañoso,Media ladera Izquierda,Curva Izquierda,Parcial con reducción de carriles,8,20,0,0,0.0,Choque,otra - conductor en general,2902_1_32,7.0,1.0
Caldas,2020-11-29 04:08:00,28,180.0,2020-10-02 05:00:00,viernes,0,Normal,Seca y limpia,Montañoso,Media ladera Izquierda,Recta,Parcial con reducción de carriles,16,10,0,0,0.0,Choque,maniobras imprudentes,5005_2_28,16.0,0.0
Caldas,2020-11-29 04:14:00,27,450.0,2020-10-13 05:00:00,martes,10,Lluvia,Humeda,Montañoso,Media ladera Izquierda,Recta,Parcial con reducción de carriles,6,35,0,0,0.0,Choque,no mantener distancia de seguridad,5005_2_27,6.0,0.0
Caldas,2020-11-29 04:15:00,32,650.0,2020-10-23 05:00:00,viernes,20,Normal,Seca y limpia,Montañoso,Terraplen,Recta,Parcial con reducción de carriles,14,50,3,0,3.0,Choque,otra - conductor en general,5005_2_32,14.0,0.0
Caldas,2020-11-29 04:17:00,28,250.0,2020-10-24 05:00:00,sabado,40,Normal,Seca y limpia,Montañoso,Terraplen,Curva Izquierda,Parcial con reducción de carriles,9,0,0,0,0.0,Choque,otra - conductor en general,5005_2_28,8.0,1.0
Caldas,2020-11-29 04:20:00,24,200.0,2020-10-27 05:00:00,martes,0,Normal,Seca y limpia,Montañoso,Media ladera Izquierda,Curva Izquierda,Parcial con reducción de carriles,15,25,0,0,0.0,Choque,otra - conductor en general,5005_1_24,15.0,0.0
Caldas,2020-11-29 04:22:00,1,0.0,2020-10-02 05:00:00,viernes,40,Normal,Seca y limpia,Montañoso,Media ladera Izquierda,Recta,Parcial con reducción de carriles,13,50,0,0,0.0,Choque,maniobras imprudentes,5006_0_1,13.0,0.0
Caldas,2020-11-29 04:24:00,22,100.0,2020-10-03 05:00:00,sabado,50,Normal,Seca y limpia,Montañoso,Media ladera Izquierda,Recta,Parcial con reducción de carriles,16,10,1,0,1.0,Choque,otra - conductor en general,5006_0_22,15.0,1.0
Caldas,2020-11-29 04:26:00,7,150.0,2020-10-11 05:00:00,domingo,0,Normal,Seca y limpia,Montañoso,Media ladera Izquierda,Curva Izquierda,Parcial con reducción de carriles,18,15,2,0,2.0,Choque,otra - conductor en general,5006_0_7,18.0,0.0
Caldas,2020-11-29 04:28:00,8,600.0,2020-10-13 05:00:00,martes,0,Lluvia,Humeda,Montañoso,Media ladera Izquierda,Curva Izquierda,Parcial con reducción de carriles,14,20,0,0,0.0,Choque,otra - conductor en general,5006_0_8,14.0,0.0
Caldas,2020-11-29 04:29:00,11,900.0,2020-10-13 05:00:00,martes,45,Lluvia,Humeda,Montañoso,Media ladera Izquierda,Curva Izquierda,Parcial con reducción de carriles,13,55,2,0,2.0,Choque,condiciones de la via y factores ambientales,5006_0_11,13.0,0.0
Caldas,2020-11-29 04:31:00,19,0.0,2020-10-17 05:00:00,sabado,55,Normal,Seca y limpia,Montañoso,Media ladera Izquierda,Curva Izquierda,Parcial con reducción de carriles,17,10,0,0,0.0,Choque,otra - conductor en general,5006_0_19,16.0,1.0
Caldas,2020-11-29 04:33:00,12,700.0,2020-10-23 05:00:00,viernes,0,Normal,Seca y limpia,Montañoso,Media ladera Izquierda,Curva Izquierda,Parcial con reducción de carriles,20,30,1,0,1.0,Choque,impericia en el manejo,5006_0_12,20.0,0.0
Caldas,2020-11-29 04:35:00,3,650.0,2020-10-30 05:00:00,viernes,45,Lluvia,Humeda,Montañoso,Media ladera Izquierda,Recta,Parcial con reducción de carriles,18,5,1,0,1.0,Choque,desobediencia a normas y senales,5006_0_3,17.0,1.0
Planta Central,2020-12-02 04:10:00,8,700.0,2020-09-19 05:00:00,sabado,30,Normal,Humeda,Montañoso,Media ladera Izquierda,Curva Izquierda,Transito normal con precaución,0,10,0,0,0.0,Choque,otra - conductor en general,4003_1_8,23.0,1.0
Planta Central,2020-12-02 04:10:00,9,800.0,2020-09-24 05:00:00,jueves,45,Lluvia,Humeda,Montañoso,Media ladera Izquierda,Curva Derecha,Parcial con paso alternado,0,15,0,0,0.0,Choque,condiciones de la via y factores ambientales,4003_1_9,19.0,5.0
Planta Central,2020-12-02 05:46:00,12,130.0,2020-09-28 05:00:00,lunes,35,Normal,Seca y limpia,Montañoso,Media ladera Izquierda,Curva Derecha,Parcial con paso alternado,0,15,1,0,1.0,Choque,otra - conductor en general,4003_1_12,17.0,7.0
Norte de Santander,2020-12-02 13:23:00,21,70.0,2020-10-07 05:00:00,miercoles,0,Sol,Seca y limpia,Ondulado,Terraplen,Curva Derecha,Transito normal con precaución,9,0,0,1,1.0,Choque,maniobras imprudentes,7009_0_21,7.0,2.0
Planta Central,2020-12-02 14:37:00,4,700.0,2020-10-03 05:00:00,sabado,2,Seca,Seca y limpia,Plano,Terraplen,Recta,Transito normal con precaución,10,2,0,0,0.0,Volcamiento,otra - conductor en general,45ACND_0_4,10.0,0.0
Planta Central,2020-12-02 14:51:00,47,0.0,2020-10-10 05:00:00,sabado,0,Seca,Seca y limpia,Montañoso,Media ladera Izquierda,Curva Derecha,Transito normal con precaución,3,0,0,0,0.0,Volcamiento,impericia en el manejo,45A04_1_47,3.0,0.0
Planta Central,2020-12-02 14:56:00,54,200.0,2020-10-12 05:00:00,lunes,30,Sol,Seca y limpia,Montañoso,Media Ladera Derecha,Recta,Transito normal con precaución,9,30,0,0,0.0,Choque,otra - conductor en general,45A04_1_54,9.0,0.0
Planta Central,2020-12-02 15:08:00,33,0.0,2020-10-18 05:00:00,domingo,0,Seca,Seca y limpia,Plano,Terraplen,Recta,Transito normal con precaución,21,0,1,0,1.0,Choque,impericia en el manejo,45A04_1_33,21.0,0.0
Planta Central,2020-12-02 15:20:00,66,500.0,2020-12-23 05:00:00,miercoles,7,Sol,Seca y limpia,Plano,Terraplen,Recta,Transito normal con precaución,8,7,1,0,1.0,Atropello,conducta de peatones,45A04_1_66,8.0,0.0
Planta Central,2020-12-02 15:43:00,3,0.0,2020-08-04 05:00:00,martes,0,Normal,Seca y limpia,Plano,Terraplen,Curva Derecha,Transito normal con precaución,2,0,0,0,0.0,Incendio,otra - pasajero o acompanante,45AST08_1_3,3.0,23.0
Planta Central,2020-12-02 15:54:00,71,270.0,2020-09-10 05:00:00,jueves,35,Normal,Seca y limpia,Montañoso,Media Ladera Derecha,Curva Izquierda,Parcial con paso alternado,2,0,0,0,0.0,Choque,fallas mecanicas y del sistema electrico,45A07_1_71,7.0,19.0
Planta Central,2020-12-02 15:48:00,35,550.0,2020-10-24 05:00:00,sabado,19,Seca,Seca y limpia,Plano,Terraplen,Curva Izquierda,Transito normal con precaución,13,19,1,0,1.0,Atropello,otra - conductor en general,45A04_1_35,13.0,0.0
Planta Central,2020-12-02 16:05:00,85,270.0,2020-08-10 05:00:00,lunes,5,Sol,Seca y limpia,Plano,Media ladera Izquierda,Recta,Transito normal con precaución,2,0,0,0,1.0,Volcamiento,adelantamientos indebidos,45A07_1_85,11.0,15.0
Risaralda,2020-12-02 16:05:00,72,230.0,2020-10-06 05:00:00,martes,30,Normal,Seca y limpia,Plano,Terraplen,Curva Izquierda,Cierre total,0,20,0,0,0.0,Volcamiento,otra - pasajero o acompanante,2506_2_72,14.0,10.0
Planta Central,2020-12-02 16:13:00,43,200.0,2020-10-30 05:00:00,viernes,0,Seca,Seca y limpia,Montañoso,Media ladera Izquierda,Curva Derecha,Transito normal con precaución,13,0,0,0,0.0,Choque,adelantamientos indebidos,45A04_1_43,13.0,0.0
Planta Central,2020-12-02 16:14:00,25,55.0,2020-08-13 05:00:00,jueves,30,Lluvia,Humeda,Montañoso,Media Ladera Derecha,Curva Derecha,Parcial con paso alternado,2,0,0,0,0.0,Choque,condiciones de la via y factores ambientales,45A07_1_25,14.0,12.0
Risaralda,2020-12-02 16:05:00,79,20.0,2020-10-12 05:00:00,lunes,50,Normal,Seca y limpia,Plano,Media Ladera Derecha,Curva Derecha,Transito normal con precaución,0,45,1,0,2.0,Choque,desobediencia a normas y senales,2506_1_79,17.0,7.0
Planta Central,2020-12-02 16:26:00,27,900.0,2020-08-19 05:00:00,miercoles,30,Normal,Seca y limpia,Montañoso,Media Ladera Derecha,Curva Derecha,Parcial con reducción de carriles,2,0,0,0,0.0,Choque,adelantamientos indebidos,45A07_1_27,23.0,3.0
Planta Central,2020-12-02 16:46:00,5,500.0,2020-08-23 05:00:00,domingo,29,Normal,Seca y limpia,Plano,Terraplen,Curva Derecha,Parcial con reducción de carriles,2,0,0,1,1.0,Choque,estacionamiento y senalizacion imprudente,45AST08_1_5,21.0,5.0
Risaralda,2020-12-02 16:34:00,7,300.0,2020-10-22 05:00:00,jueves,55,Normal,Seca y limpia,Plano,Terraplen,Recta,Cierre total,0,30,0,0,0.0,Choque,no mantener distancia de seguridad,29RS01_2_7,15.0,9.0
Norte de Santander,2020-12-02 16:56:00,142,800.0,2020-10-04 05:00:00,domingo,40,Sol,Seca y limpia,Plano,Terraplen,Recta,Parcial con paso alternado,14,50,3,1,4.0,Volcamiento,fallas mecanicas y del sistema electrico,6604_0_142,14.0,0.0
Planta Central,2020-12-02 17:04:00,61,850.0,2020-08-29 05:00:00,sabado,3,Normal,Seca y limpia,Montañoso,Media ladera Izquierda,Curva Derecha,Cierre total,1,0,0,0,0.0,Volcamiento,otra - pasajero o acompanante,45A07_1_61,11.0,14.0
Nariño,2020-12-02 17:02:00,109,720.0,2020-10-27 05:00:00,martes,50,Lluvia,Humeda,Montañoso,Media Ladera Derecha,Curva Izquierda,Transito normal con precaución,7,50,0,0,0.0,Choque,otra - conductor en general,1002_1_109,7.0,0.0
Boyacá,2020-12-02 18:45:00,21,70.0,2020-10-01 05:00:00,jueves,56,Lluvia,Humeda,Montañoso,Cajón,Curva Izquierda,Transito normal con precaución,0,50,0,0,0.0,Volcamiento,condiciones de la via y factores ambientales,6209_0_21,15.0,9.0
Boyacá,2020-12-02 18:55:00,22,0.0,2020-10-04 05:00:00,domingo,10,Normal,Seca y limpia,Montañoso,Media Ladera Derecha,Curva Derecha,Transito normal con precaución,0,10,0,0,0.0,Choque,fallas mecanicas y del sistema electrico,6209_0_22,10.0,14.0
Boyacá,2020-12-02 19:14:00,27,600.0,2020-10-09 05:00:00,viernes,40,Normal,Seca y limpia,Montañoso,Media Ladera Derecha,Recta,Transito normal con precaución,0,10,1,0,1.0,Choque,otra - conductor en general,6209_0_27,17.0,7.0
Risaralda,2020-12-02 16:34:00,86,500.0,2020-10-12 05:00:00,lunes,15,Normal,Seca y limpia,Plano,Terraplen,Recta,Parcial con reducción de carriles,0,35,0,0,0.0,Choque,no mantener distancia de seguridad,2506_2_86,16.0,8.0
Boyacá,2020-12-02 19:20:00,43,200.0,2020-10-11 05:00:00,domingo,30,Normal,Seca y limpia,Plano,Media Ladera Derecha,Curva Derecha,Transito normal con precaución,0,20,2,0,2.0,Choque,no mantener distancia de seguridad,6209_0_43,18.0,6.0
Risaralda,2020-12-02 16:34:00,4,950.0,2020-10-07 05:00:00,miercoles,30,Seca,Seca y limpia,Ondulado,Media Ladera Derecha,Recta,Parcial con reducción de carriles,0,30,0,0,0.0,Choque,no mantener distancia de seguridad,29RS01_2_4,16.0,8.0
Boyacá,2020-12-02 19:37:00,4,990.0,2020-10-13 05:00:00,martes,30,Normal,Seca y limpia,Ondulado,Media Ladera Derecha,Curva Izquierda,Transito normal con precaución,0,57,0,0,0.0,Choque,condiciones de la via y factores ambientales,6209_0_4,7.0,17.0
Boyacá,2020-12-02 19:45:00,18,600.0,2020-10-14 05:00:00,miercoles,30,Normal,Seca y limpia,Ondulado,Media ladera Izquierda,Curva Derecha,Transito normal con precaución,0,40,1,0,1.0,Volcamiento,otra - conductor en general,6008_0_18,18.0,6.0
Casanare,2020-12-02 19:43:00,102,700.0,2020-01-12 05:00:00,domingo,50,Normal,Seca y limpia,Ondulado,Cajón,Curva Izquierda,Transito normal con precaución,21,50,1,1,2.0,Otro,impericia en el manejo,6211_1_102,21.0,0.0
Boyacá,2020-12-02 19:55:00,3,200.0,2020-10-22 05:00:00,jueves,0,Normal,Seca y limpia,Ondulado,Terraplen,Curva Izquierda,Transito normal con precaución,0,5,1,0,1.0,Volcamiento,fallas mecanicas y del sistema electrico,6008_0_3,23.0,1.0
Planta Central,2020-12-02 20:14:00,60,300.0,2020-10-30 05:00:00,viernes,30,Lluvia,Humeda,Ondulado,Media Ladera Derecha,Curva Derecha,Transito normal con precaución,4,20,0,0,0.0,Choque,estacionamiento y senalizacion imprudente,2510_1_60,3.0,1.0
Planta Central,2020-12-02 20:17:00,72,800.0,2020-10-09 05:00:00,viernes,0,Lluvia,Humeda,Ondulado,Terraplen,Recta,Parcial con reducción de carriles,19,18,1,0,1.0,Choque,condiciones de la via y factores ambientales,2510_1_72,19.0,0.0
Casanare,2020-12-02 20:18:00,37,450.0,2020-01-21 05:00:00,martes,15,Normal,Seca y limpia,Montañoso,Media Ladera Derecha,Curva Derecha,Transito normal con precaución,15,15,0,0,3.0,Salida de la vía sin volcarse,exceso en horas de conduccion,6211_1_37,15.0,0.0
Casanare,2020-12-02 20:18:00,99,250.0,2020-01-24 05:00:00,viernes,0,Sol,Seca y limpia,Montañoso,Media Ladera Derecha,Recta,Cierre total,11,0,0,0,3.0,Choque,adelantamientos indebidos,6211_1_99,11.0,0.0
Planta Central,2020-12-02 20:24:00,87,179.0,2020-09-03 05:00:00,jueves,20,Normal,Seca y limpia,Plano,Media Ladera Derecha,Curva Derecha,Transito normal con precaución,1,0,4,0,4.0,Choque,adelantamientos indebidos,45A07_2_87,12.0,13.0
Planta Central,2020-12-02 20:39:00,72,800.0,2020-09-05 05:00:00,sabado,19,Sol,Seca y limpia,Montañoso,Media Ladera Derecha,Curva Izquierda,Parcial con paso alternado,1,30,1,0,2.0,Choque,exceso de velocidad,45A07_1_72,8.0,17.0
Planta Central,2020-12-02 20:49:00,12,800.0,2020-09-06 05:00:00,domingo,15,Normal,Seca y limpia,Ondulado,Terraplen,Recta,Parcial con paso alternado,2,0,0,1,1.0,Volcamiento,estacionamiento y senalizacion imprudente,45A07_1_12,2.0,0.0
Planta Central,2020-12-02 20:50:00,87,800.0,2020-10-03 05:00:00,sabado,30,Normal,Seca y limpia,Plano,Terraplen,Recta,Transito normal con precaución,13,10,0,0,0.0,Choque,maniobras imprudentes,2510_1_87,12.0,1.0
Cauca,2020-12-02 20:59:00,54,220.0,2020-10-03 05:00:00,sabado,15,Sol,Seca y limpia,Montañoso,Terraplen,Recta,Transito normal con precaución,0,0,3,0,3.0,Choque,otra - conductor en general,2001_1_54,7.0,17.0
Planta Central,2020-12-02 21:05:00,28,800.0,2020-10-03 05:00:00,sabado,0,Normal,Seca y limpia,Ondulado,Terraplen,Recta,Transito normal con precaución,12,30,0,0,0.0,Choque,no mantener distancia de seguridad,2511_0_28,12.0,0.0
Risaralda,2020-12-02 16:34:00,4,100.0,2020-10-02 05:00:00,viernes,30,Normal,Seca y limpia,Ondulado,Media Ladera Derecha,Recta,Parcial con reducción de carriles,0,30,0,0,0.0,Choque,no mantener distancia de seguridad,29RS01_2_4,9.0,15.0
Cauca,2020-12-02 21:15:00,32,260.0,2020-10-19 05:00:00,lunes,0,Normal,Seca y limpia,Montañoso,Media ladera Izquierda,Curva Derecha,Transito normal con precaución,0,0,1,0,1.0,Caída ocupante,desobediencia a normas y senales,2002_1_32,15.0,9.0
Cauca,2020-12-02 21:25:00,39,680.0,2020-10-19 05:00:00,lunes,30,Normal,Humeda,Ondulado,Media ladera Izquierda,Curva Izquierda,Parcial con paso alternado,0,0,1,0,1.0,Choque,otra - conductor en general,2001_1_39,6.0,18.0
Planta Central,2020-12-02 21:14:00,53,600.0,2020-10-22 05:00:00,jueves,0,Normal,Seca y limpia,Ondulado,Media ladera Izquierda,Recta,Parcial con reducción de carriles,15,0,0,0,0.0,Choque,condiciones de la via y factores ambientales,2511_0_53,14.0,1.0
Planta Central,2020-12-02 21:34:00,7,90.0,2020-09-09 05:00:00,miercoles,20,Normal,Seca y limpia,Ondulado,Media ladera Izquierda,Curva Izquierda,Parcial con paso alternado,1,30,0,0,0.0,Choque,adelantamientos indebidos,45A07_1_7,22.0,3.0
Planta Central,2020-12-02 21:56:00,0,756.0,2020-09-11 05:00:00,viernes,0,Sol,Seca y limpia,Montañoso,Media ladera Izquierda,Curva Derecha,Cierre total,3,0,0,2,3.0,Volcamiento,fallas mecanicas y del sistema electrico,45A07_1_0,14.0,13.0
Planta Central,2020-12-02 22:05:00,69,620.0,2020-10-02 05:00:00,viernes,0,Lluvia,Humeda,Montañoso,Media Ladera Derecha,Curva Izquierda,Transito normal con precaución,0,0,0,0,0.0,Choque,exceso en horas de conduccion,45A08_1_69,2.0,22.0
Planta Central,2020-12-02 22:15:00,51,583.0,2020-10-04 05:00:00,domingo,0,Lluvia,Humeda,Ondulado,Media ladera Izquierda,Recta,Parcial con paso alternado,1,30,0,0,0.0,Choque,condiciones de la via y factores ambientales,45A08_1_51,6.0,19.0
Planta Central,2020-12-02 22:33:00,79,0.0,2020-10-07 05:00:00,miercoles,45,Normal,Seca y limpia,Montañoso,Media ladera Izquierda,Recta,Transito normal con precaución,0,0,0,0,0.0,Choque,no mantener distancia de seguridad,45A08_1_79,19.0,5.0
Planta Central,2020-12-02 22:38:00,60,216.0,2020-10-09 05:00:00,viernes,10,Sol,Seca y limpia,Montañoso,Media Ladera Derecha,Curva Izquierda,Transito normal con precaución,0,0,0,0,0.0,Volcamiento,exceso de velocidad,45A08_1_60,13.0,11.0
Planta Central,2020-12-02 22:41:00,73,0.0,2020-10-11 05:00:00,domingo,20,Normal,Seca y limpia,Montañoso,Media ladera Izquierda,Curva Derecha,Parcial con paso alternado,2,5,0,1,4.0,Choque,adelantamientos indebidos,45A08_1_73,10.0,16.0
Planta Central,2020-12-02 22:49:00,29,560.0,2020-10-15 05:00:00,jueves,20,Normal,Seca y limpia,Ondulado,Media Ladera Derecha,Recta,Transito normal con precaución,0,0,0,0,0.0,Choque,otra - conductor en general,45A08_1_29,11.0,13.0
Casanare,2020-12-02 19:43:00,16,450.0,2020-01-08 05:00:00,miercoles,0,Sol,Seca y limpia,Montañoso,Media Ladera Derecha,Curva Derecha,Parcial con paso alternado,10,0,0,0,0.0,Atropello,adelantamientos indebidos,6211_1_16,10.0,0.0
Planta Central,2020-12-02 22:58:00,55,50.0,2020-10-18 05:00:00,domingo,0,Normal,Seca y limpia,Plano,Media ladera Izquierda,Recta,Cierre total,2,0,0,1,2.0,Choque,fallas mecanicas y del sistema electrico,45A08_1_55,16.0,10.0
Planta Central,2020-12-02 23:03:00,58,250.0,2020-10-19 05:00:00,lunes,40,Lluvia,Humeda,Montañoso,Media Ladera Derecha,Curva Derecha,Transito normal con precaución,0,0,0,0,0.0,Caída ocupante,condiciones de la via y factores ambientales,45A08_1_58,7.0,17.0
Planta Central,2020-12-02 23:09:00,61,35.0,2020-10-31 05:00:00,sabado,45,Lluvia,Humeda,Montañoso,Media Ladera Derecha,Curva Derecha,Cierre total,1,45,0,1,3.0,Choque,no mantener distancia de seguridad,45A08_1_61,17.0,8.0
Nariño,2020-12-02 13:07:00,25,160.0,2020-10-01 05:00:00,jueves,50,Normal,Seca y limpia,Montañoso,Terraplen,Recta,Transito normal con precaución,0,0,0,0,0.0,Choque,maniobras imprudentes,2501A_0_25,15.0,9.0
Norte de Santander,2020-12-02 13:10:00,85,150.0,2020-10-05 05:00:00,lunes,15,Sol,Seca y limpia,Escarpado,Media Ladera Derecha,Curva Derecha,Transito normal con precaución,13,15,0,0,0.0,Volcamiento,adelantamientos indebidos,7008_1_85,13.0,0.0
Putumayo,2020-12-02 13:56:00,40,750.0,2020-10-05 05:00:00,lunes,0,Seca,Seca y limpia,Plano,Media Ladera Derecha,Recta,Transito normal con precaución,22,0,1,0,1.0,Volcamiento,estacionamiento y senalizacion imprudente,1003_1_40,22.0,0.0
Putumayo,2020-12-02 14:13:00,70,900.0,2020-10-13 05:00:00,martes,30,Sol,Seca y limpia,Plano,Terraplen,Recta,Transito normal con precaución,15,30,2,0,2.0,Choque,embriaguez o sustancias alucinogenas,1003_1_70,16.0,23.0
Putumayo,2020-12-02 14:20:00,61,500.0,2020-10-31 05:00:00,sabado,30,Sol,Seca y limpia,Plano,Terraplen,Recta,Parcial con paso alternado,4,30,0,0,0.0,Volcamiento,exceso en horas de conduccion,1003_1_61,4.0,0.0
Planta Central,2020-12-02 13:43:00,9,100.0,2020-10-06 05:00:00,martes,15,Normal,Aceite,Montañoso,Media ladera Izquierda,Curva Izquierda,Transito normal con precaución,0,15,0,0,3.0,Choque,condiciones de la via y factores ambientales,4003_1_9,6.0,18.0
Planta Central,2020-12-02 14:44:00,44,200.0,2020-10-10 05:00:00,sabado,0,Seca,Seca y limpia,Ondulado,Cajón,Recta,Transito normal con precaución,6,0,1,0,1.0,Choque,otra - conductor en general,45A04_1_44,6.0,0.0
Planta Central,2020-12-02 15:26:00,31,800.0,2020-10-23 05:00:00,viernes,0,Seca,Seca y limpia,Plano,Terraplen,Recta,Transito normal con precaución,19,30,3,0,3.0,Choque,estacionamiento y senalizacion imprudente,45A04_1_31,19.0,0.0
Planta Central,2020-12-02 16:00:00,65,50.0,2020-10-28 05:00:00,miercoles,24,Lluvia,Humeda,Plano,Terraplen,Recta,Transito normal con precaución,16,24,0,1,1.0,Choque,condiciones de la via y factores ambientales,45A04_1_65,16.0,0.0
Planta Central,2020-12-02 16:09:00,2,600.0,2020-08-10 05:00:00,lunes,0,Normal,Seca y limpia,Montañoso,Media ladera Izquierda,Curva Izquierda,Parcial con paso alternado,1,30,1,0,1.0,Choque,adelantamientos indebidos,45A07_1_2,14.0,11.0
Risaralda,2020-12-02 16:05:00,74,70.0,2020-10-06 05:00:00,martes,45,Normal,Seca y limpia,Plano,Media Ladera Derecha,Curva Derecha,Parcial con reducción de carriles,0,30,1,0,1.0,Choque,no mantener distancia de seguridad,2506_1_74,11.0,13.0
Planta Central,2020-12-02 16:20:00,37,116.0,2020-08-14 05:00:00,viernes,0,Normal,Seca y limpia,Montañoso,Media ladera Izquierda,Curva Derecha,Parcial con paso alternado,1,30,0,0,0.0,Choque,adelantamientos indebidos,45A07_1_37,16.0,9.0
Risaralda,2020-12-02 16:05:00,75,670.0,2020-10-10 05:00:00,sabado,0,Normal,Seca y limpia,Plano,Terraplen,Curva Derecha,Transito normal con precaución,0,30,0,0,1.0,Volcamiento,otra - pasajero o acompanante,2506_2_75,6.0,18.0
Risaralda,2020-12-02 16:05:00,75,760.0,2020-10-17 05:00:00,sabado,10,Normal,Seca y limpia,Plano,Terraplen,Curva Derecha,Parcial con reducción de carriles,0,30,0,0,2.0,Choque,maniobras imprudentes,2506_1_75,15.0,9.0
Planta Central,2020-12-02 16:32:00,27,722.0,2020-08-20 05:00:00,jueves,30,Seca,Seca y limpia,Montañoso,Media Ladera Derecha,Recta,Parcial con reducción de carriles,1,30,0,0,0.0,Choque,exceso en horas de conduccion,45A07_1_27,5.0,20.0
Planta Central,2020-12-02 16:37:00,43,900.0,2020-08-22 05:00:00,sabado,35,Lluvia,Aceite,Montañoso,Media ladera Izquierda,Curva Derecha,Cierre total,0,20,2,0,4.0,Choque,exceso de velocidad,45A07_1_43,16.0,8.0
Risaralda,2020-12-02 16:34:00,4,0.0,2020-10-21 05:00:00,miercoles,25,Normal,Seca y limpia,Plano,Terraplen,Curva Derecha,Parcial con reducción de carriles,0,40,0,0,0.0,Choque,no mantener distancia de seguridad,29RS01_2_4,19.0,5.0
Risaralda,2020-12-02 16:34:00,8,850.0,2020-10-20 05:00:00,martes,25,Normal,Seca y limpia,Plano,Terraplen,Recta,Parcial con reducción de carriles,0,30,0,0,0.0,Choque,no mantener distancia de seguridad,29RS01_1_8,17.0,7.0
Planta Central,2020-12-02 16:51:00,7,67.0,2020-08-27 05:00:00,jueves,50,Normal,Seca y limpia,Montañoso,Media ladera Izquierda,Recta,Parcial con paso alternado,2,0,0,0,0.0,Choque,no mantener distancia de seguridad,45A07_1_7,14.0,12.0
Nariño,2020-12-02 16:53:00,109,360.0,2020-10-01 05:00:00,jueves,30,Sol,Seca y limpia,Montañoso,Media Ladera Derecha,Curva Derecha,Parcial con paso alternado,5,30,0,0,0.0,Volcamiento,exceso de velocidad,1002_1_109,5.0,0.0
Boyacá,2020-12-02 19:50:00,24,170.0,2020-10-18 05:00:00,domingo,40,Normal,Seca y limpia,Plano,Terraplen,Recta,Transito normal con precaución,0,30,1,0,1.0,Atropello,impericia en el manejo,6008_0_24,17.0,7.0
Planta Central,2020-12-02 16:56:00,3,500.0,2020-08-29 05:00:00,sabado,25,Normal,Seca y limpia,Montañoso,Media ladera Izquierda,Curva Izquierda,Cierre total,0,40,0,0,0.0,Volcamiento,exceso de velocidad,45A07_1_3,19.0,5.0