territorial,fecha_registro,pr,distancia_pr,fecha_acc,dia_semana_acc,min_acc,condic_meteor,estado_super,terreno,secc_tip,geometria_acc,tipo_cierre,horas_cierre,min_cierre,n_heridos,n_muertos,n_victimas,clase_accidente,causa_posible,ref_loc,hora_acc,duracion_cierre_horas
Nariño,2020-12-02 16:58:00,99,40.0,2020-10-10 05:00:00,sabado,30,Sol,Seca y limpia,Plano,Media Ladera Derecha,Recta,Parcial con paso alternado,16,30,3,0,3.0,Choque,exceso de velocidad,1002_1_99,16.0,0.0
Planta Central,2020-12-02 17:00:00,31,300.0,2020-08-29 05:00:00,sabado,40,Normal,Seca y limpia,Montañoso,Media ladera Izquierda,Curva Izquierda,Transito normal con precaución,1,0,0,0,0.0,Salida de la vía sin volcarse,fallas mecanicas y del sistema electrico,45A07_1_31,15.0,10.0
Planta Central,2020-12-02 17:08:00,77,469.0,2020-08-31 05:00:00,lunes,35,Normal,Seca y limpia,Plano,Terraplen,Recta,Cierre total,1,0,0,0,0.0,Choque,adelantamientos indebidos,45A07_1_77,17.0,8.0
Boyacá,2020-12-02 18:39:00,21,150.0,2020-10-01 05:00:00,jueves,30,Normal,Seca y limpia,Ondulado,Media Ladera Derecha,Curva Derecha,Transito normal con precaución,10,20,0,0,0.0,Volcamiento,fallas mecanicas y del sistema electrico,6008_0_21,2.0,8.0
Boyacá,2020-12-02 18:50:00,43,50.0,2020-10-02 05:00:00,viernes,40,Normal,Seca y limpia,Plano,Terraplen,Recta,Transito normal con precaución,0,50,0,0,0.0,Volcamiento,impericia en el manejo,6209_0_43,8.0,16.0
Boyacá,2020-12-02 19:00:00,20,550.0,2020-10-07 05:00:00,miercoles,50,Normal,Seca y limpia,Ondulado,Terraplen,Recta,Transito normal con precaución,7,20,0,0,0.0,Volcamiento,otra - conductor en general,6209_0_20,8.0,23.0
Boyacá,2020-12-02 19:06:00,62,450.0,2020-10-09 05:00:00,viernes,4,Normal,Seca y limpia,Ondulado,Terraplen,Curva Izquierda,Transito normal con precaución,0,16,2,1,3.0,Volcamiento,desobediencia a normas y senales,6209_0_62,9.0,15.0
Risaralda,2020-12-02 16:34:00,87,650.0,2020-10-09 05:00:00,viernes,0,Normal,Seca y limpia,Plano,Media Ladera Derecha,Recta,Parcial con reducción de carriles,0,30,0,0,0.0,Choque,no mantener distancia de seguridad,2506_2_87,17.0,7.0
Risaralda,2020-12-02 16:34:00,7,300.0,2020-10-06 05:00:00,martes,43,Normal,Seca y limpia,Plano,Terraplen,Recta,Parcial con reducción de carriles,0,30,0,0,0.0,Choque,adelantamientos indebidos,29RS01_2_7,14.0,10.0
Boyacá,2020-12-02 19:40:00,21,150.0,2020-10-14 05:00:00,miercoles,0,Lluvia,Humeda,Montañoso,Media Ladera Derecha,Curva Izquierda,Transito normal con precaución,0,40,0,0,0.0,Salida de la vía sin volcarse,impericia en el manejo,6209_0_21,17.0,7.0
Boyacá,2020-12-02 19:59:00,88,710.0,2020-10-12 05:00:00,lunes,34,Normal,Seca y limpia,Ondulado,Cajón,Recta,Transito normal con precaución,1,20,1,1,2.0,Choque,maniobras imprudentes,6007_0_88,18.0,7.0
Casanare,2020-12-02 19:43:00,38,0.0,2020-01-13 05:00:00,lunes,23,Sol,Seca y limpia,Plano,Terraplen,Recta,Transito normal con precaución,8,23,0,0,2.0,Volcamiento,exceso en horas de conduccion,6211_1_38,8.0,0.0
Planta Central,2020-12-02 20:05:00,56,500.0,2020-10-01 05:00:00,jueves,30,Lluvia,Humeda,Ondulado,Terraplen,Recta,Transito normal con precaución,5,10,0,0,0.0,Choque,condiciones de la via y factores ambientales,2510_1_56,4.0,1.0
Casanare,2020-12-02 20:18:00,36,10.0,2020-01-19 05:00:00,domingo,20,Sol,Seca y limpia,Montañoso,Media Ladera Derecha,Curva Derecha,Parcial con reducción de carriles,9,20,3,0,3.0,Choque,estacionamiento y senalizacion imprudente,6211_1_36,9.0,0.0
Casanare,2020-12-02 20:18:00,100,100.0,2020-02-09 05:00:00,domingo,0,Normal,Seca y limpia,Montañoso,Media Ladera Derecha,Curva Derecha,Parcial con paso alternado,21,0,0,0,3.0,Volcamiento,desobediencia a normas y senales,6211_1_100,21.0,0.0
Planta Central,2020-12-02 20:22:00,73,0.0,2020-10-27 05:00:00,martes,10,Normal,Seca y limpia,Ondulado,Media ladera Izquierda,Curva Izquierda,Transito normal con precaución,22,20,0,0,0.0,Choque,fallas mecanicas y del sistema electrico,2510_1_73,22.0,0.0
Planta Central,2020-12-02 20:46:00,86,50.0,2020-10-02 05:00:00,viernes,45,Lluvia,Humeda,Plano,Terraplen,Recta,Parcial con reducción de carriles,21,30,1,1,2.0,Choque,adelantamientos indebidos,2510_1_86,20.0,1.0
Planta Central,2020-12-02 20:57:00,12,30.0,2020-10-03 05:00:00,sabado,30,Normal,Seca y limpia,Plano,Terraplen,Curva Izquierda,Transito normal con precaución,9,30,2,0,2.0,Choque,maniobras imprudentes,2511_0_12,1.0,8.0
Planta Central,2020-12-02 21:10:00,34,900.0,2020-10-04 05:00:00,domingo,35,Lluvia,Humeda,Ondulado,Media ladera Izquierda,Curva Derecha,Parcial con reducción de carriles,0,10,0,1,1.0,Volcamiento,condiciones de la via y factores ambientales,2511_0_34,23.0,1.0
Cauca,2020-12-02 21:08:00,0,230.0,2020-10-17 05:00:00,sabado,0,Normal,Seca y limpia,Ondulado,Cajón,Curva Derecha,Parcial con paso alternado,0,0,1,1,2.0,Otro,embriaguez o sustancias alucinogenas,2002_1_0,5.0,19.0
Planta Central,2020-12-02 20:54:00,59,777.0,2020-09-06 05:00:00,domingo,50,Normal,Seca y limpia,Montañoso,Media ladera Izquierda,Curva Derecha,Transito normal con precaución,1,30,0,0,0.0,Choque,otra - pasajero o acompanante,45A07_1_59,2.0,23.0
Cauca,2020-12-02 21:20:00,9,750.0,2020-10-21 05:00:00,miercoles,30,Sol,Seca y limpia,Ondulado,Media Ladera Derecha,Curva Derecha,Transito normal con precaución,0,0,1,0,1.0,Volcamiento,otra - conductor en general,2002_1_9,15.0,9.0
Planta Central,2020-12-02 21:22:00,10,800.0,2020-09-06 05:00:00,domingo,40,Normal,Seca y limpia,Ondulado,Media ladera Izquierda,Curva Izquierda,Parcial con paso alternado,1,30,1,0,1.0,Choque,maniobras imprudentes,45A07_1_10,10.0,15.0
Planta Central,2020-12-02 21:28:00,8,180.0,2020-09-08 05:00:00,martes,0,Normal,Seca y limpia,Montañoso,Media ladera Izquierda,Curva Derecha,Parcial con paso alternado,2,0,0,0,0.0,Choque,no mantener distancia de seguridad,45A07_1_8,15.0,11.0
Planta Central,2020-12-02 21:38:00,54,0.0,2020-10-03 05:00:00,sabado,0,Normal,Seca y limpia,Montañoso,Media Ladera Derecha,Recta,Transito normal con precaución,9,15,0,0,0.0,Choque,fallas mecanicas y del sistema electrico,2511_0_54,7.0,2.0
Planta Central,2020-12-02 21:40:00,75,950.0,2020-09-10 05:00:00,jueves,0,Sol,Material suelto,Plano,Terraplen,Recta,Parcial con paso alternado,2,15,1,1,2.0,Atropello,otra - pasajero o acompanante,45A07_1_75,11.0,15.0
Planta Central,2020-12-02 22:24:00,72,990.0,2020-10-04 05:00:00,domingo,50,Lluvia,Humeda,Montañoso,Media ladera Izquierda,Curva Derecha,Parcial con paso alternado,2,25,0,0,0.0,Choque,condiciones de la via y factores ambientales,45A08_1_72,5.0,21.0
Planta Central,2020-12-02 22:44:00,74,600.0,2020-10-14 05:00:00,miercoles,20,Normal,Seca y limpia,Ondulado,Terraplen,Curva Derecha,Parcial con paso alternado,1,30,0,0,0.0,Choque,no mantener distancia de seguridad,45A08_1_74,13.0,12.0
Planta Central,2020-12-02 22:54:00,83,200.0,2020-10-16 05:00:00,viernes,5,Normal,Seca y limpia,Ondulado,Cajón,Curva Izquierda,Cierre total,3,30,0,0,0.0,Choque,impericia en el manejo,45A08_1_83,14.0,13.0
Planta Central,2020-12-02 23:06:00,59,350.0,2020-10-23 05:00:00,viernes,0,Normal,Seca y limpia,Montañoso,Media Ladera Derecha,Recta,Transito normal con precaución,0,0,0,0,0.0,Volcamiento,maniobras imprudentes,45A08_1_59,4.0,20.0
Córdoba,2020-12-08 18:53:00,35,320.0,2020-09-01 05:00:00,martes,30,Normal,Seca y limpia,Plano,Terraplen,Recta,Transito normal con precaución,1,0,1,0,1.0,Choque,exceso de velocidad,9003_0_35,10.0,15.0
Córdoba,2020-12-08 19:01:00,20,550.0,2020-09-05 05:00:00,sabado,40,Normal,Seca y limpia,Plano,Terraplen,Recta,Transito normal con precaución,1,0,0,0,0.0,Choque,maniobras imprudentes,9003_0_20,14.0,11.0
Córdoba,2020-12-08 19:26:00,24,500.0,2020-09-26 05:00:00,sabado,0,Normal,Seca y limpia,Plano,Terraplen,Curva Derecha,Transito normal con precaución,0,15,3,0,3.0,Choque,adelantamientos indebidos,9003_0_24,14.0,10.0
Córdoba,2020-12-08 19:08:00,0,671.0,2020-09-06 05:00:00,domingo,20,Lluvia,Humeda,Plano,Terraplen,Recta,Parcial restringido a vehiculos pesados,2,0,0,1,1.0,Choque,maniobras imprudentes,9004_1_0,2.0,0.0
Córdoba,2020-12-08 19:16:00,29,53.0,2020-09-08 05:00:00,martes,40,Normal,Seca y limpia,Plano,Terraplen,Recta,Parcial con paso alternado,0,20,0,0,2.0,Choque,desobediencia a normas y senales,9003_0_29,16.0,8.0
Córdoba,2020-12-09 20:09:00,8,720.0,2020-10-05 05:00:00,lunes,20,Normal,Humeda,Plano,Terraplen,Recta,Cierre total,2,0,0,2,3.0,Choque,adelantamientos indebidos,2103_1_8,0.0,2.0
Planta Central,2020-12-09 20:19:00,8,250.0,2020-09-11 05:00:00,viernes,30,Normal,Seca y limpia,Plano,Terraplen,Recta,Parcial con reducción de carriles,1,30,1,0,2.0,Atropello,otra - pasajero o acompanante,45AST08_1_8,18.0,7.0
Planta Central,2020-12-09 20:13:00,5,730.0,2020-10-18 05:00:00,domingo,0,Seca,Seca y limpia,Ondulado,Media ladera Izquierda,Recta,Parcial con paso alternado,2,0,1,0,1.0,Choque,adelantamientos indebidos,45A06_0_5,10.0,16.0
Planta Central,2020-12-09 20:11:00,86,176.0,2020-09-11 05:00:00,viernes,30,Sol,Seca y limpia,Plano,Media ladera Izquierda,Recta,Parcial con reducción de carriles,1,0,0,0,0.0,Choque,exceso de velocidad,45A07_2_86,9.0,16.0
Planta Central,2020-12-09 20:25:00,15,800.0,2020-09-20 05:00:00,domingo,0,Normal,Seca y limpia,Ondulado,Media ladera Izquierda,Curva Derecha,Cierre total,1,30,0,0,0.0,Choque,adelantamientos indebidos,45A07_1_15,10.0,15.0
Planta Central,2020-12-09 20:28:00,13,600.0,2020-10-28 05:00:00,miercoles,0,Lluvia,Humeda,Plano,Media ladera Izquierda,Recta,Transito normal con precaución,1,0,0,0,0.0,Choque,no mantener distancia de seguridad,45A06_0_13,11.0,14.0
Planta Central,2020-12-09 20:32:00,17,500.0,2020-10-30 05:00:00,viernes,0,Normal,Seca y limpia,Montañoso,Media ladera Izquierda,Curva Izquierda,Parcial con paso alternado,2,0,4,0,5.0,Choque,exceso en horas de conduccion,45A06_0_17,5.0,21.0
Planta Central,2020-12-09 20:35:00,19,700.0,2020-10-24 05:00:00,sabado,30,Normal,Seca y limpia,Ondulado,Media ladera Izquierda,Recta,Transito normal con precaución,1,0,0,0,1.0,Choque,maniobras imprudentes,45A06_0_19,9.0,16.0
Planta Central,2020-12-09 20:35:00,51,0.0,2020-09-25 05:00:00,viernes,25,Normal,Seca y limpia,Montañoso,Media Ladera Derecha,Curva Derecha,Cierre total,1,0,0,0,0.0,Choque,adelantamientos indebidos,45A07_1_51,7.0,18.0
Planta Central,2020-12-09 21:00:00,50,430.0,2020-10-06 05:00:00,martes,30,Seca,Seca y limpia,Ondulado,Media ladera Izquierda,Recta,Cierre total,1,0,1,1,2.0,Choque,condiciones de la via y factores ambientales,45A06_0_50,18.0,7.0
Nariño,2020-12-09 20:16:00,30,600.0,2020-10-19 05:00:00,lunes,0,Normal,Humeda,Montañoso,Media ladera Izquierda,Curva Derecha,Transito normal con precaución,0,0,4,0,4.0,Choque,otra - conductor en general,2501A_0_30,18.0,6.0
Córdoba,2020-12-09 20:18:00,29,500.0,2020-10-19 05:00:00,lunes,25,Normal,Seca y limpia,Plano,Terraplen,Recta,Parcial con paso alternado,0,30,0,0,0.0,Choque,no mantener distancia de seguridad,9004_1_29,16.0,8.0
Planta Central,2020-12-09 20:21:00,13,62.0,2020-10-23 05:00:00,viernes,0,Sol,Seca y limpia,Plano,Terraplen,Recta,Parcial con paso alternado,0,30,0,0,1.0,Choque,exceso de velocidad,45A06_0_13,10.0,14.0
Planta Central,2020-12-09 20:28:00,49,465.0,2020-09-20 05:00:00,domingo,10,Normal,Seca y limpia,Montañoso,Media Ladera Derecha,Curva Derecha,Parcial con paso alternado,1,0,0,1,1.0,Volcamiento,exceso de velocidad,45A07_1_49,12.0,13.0
Planta Central,2020-12-09 20:40:00,37,700.0,2020-10-04 05:00:00,domingo,44,Normal,Otra,Montañoso,Media Ladera Derecha,Recta,Transito normal con precaución,1,0,0,0,0.0,Choque,exceso en horas de conduccion,45A06_0_37,2.0,23.0
Planta Central,2020-12-09 20:42:00,10,0.0,2020-09-25 05:00:00,viernes,0,Normal,Seca y limpia,Plano,Cajón,Recta,Parcial con reducción de carriles,1,30,0,0,1.0,Choque,otra - pasajero o acompanante,45AST08_1_10,15.0,10.0
Planta Central,2020-12-09 20:46:00,3,770.0,2020-09-27 05:00:00,domingo,30,Normal,Seca y limpia,Plano,Terraplen,Curva Izquierda,Parcial con reducción de carriles,1,0,0,0,1.0,Atropello,otra - pasajero o acompanante,45AST08_1_3,17.0,8.0
Planta Central,2020-12-09 20:47:00,42,0.0,2020-10-24 05:00:00,sabado,40,Normal,Otra,Montañoso,Media Ladera Derecha,Recta,Transito normal con precaución,1,0,0,0,0.0,Choque,condiciones de la via y factores ambientales,45A06_0_42,23.0,2.0
Planta Central,2020-12-09 20:51:00,43,600.0,2020-10-24 05:00:00,sabado,40,Normal,Otra,Montañoso,Media Ladera Derecha,Recta,Transito normal con precaución,1,0,0,0,0.0,Choque,no mantener distancia de seguridad,45A06_0_43,23.0,2.0
Planta Central,2020-12-09 20:56:00,46,490.0,2020-10-12 05:00:00,lunes,0,Seca,Seca y limpia,Ondulado,Media Ladera Derecha,Curva Derecha,Parcial con paso alternado,3,0,0,0,3.0,Volcamiento,exceso de velocidad,45A06_0_46,11.0,16.0
Planta Central,2020-12-09 20:50:00,72,900.0,2020-10-01 05:00:00,jueves,50,Normal,Seca y limpia,Montañoso,Media Ladera Derecha,Recta,Parcial con paso alternado,1,30,3,0,3.0,Choque,desobediencia a normas y senales,45A07_1_72,17.0,8.0
Planta Central,2020-12-09 21:08:00,51,777.0,2020-10-28 05:00:00,miercoles,0,Normal,Otra,Montañoso,Media Ladera Derecha,Curva Derecha,Parcial con paso alternado,3,0,0,0,0.0,Volcamiento,adelantamientos indebidos,45A06_0_51,23.0,4.0
Planta Central,2020-12-09 21:06:00,26,842.0,2020-10-01 05:00:00,jueves,30,Normal,Seca y limpia,Montañoso,Media Ladera Derecha,Curva Derecha,Parcial con paso alternado,1,0,0,0,0.0,Volcamiento,fallas mecanicas y del sistema electrico,45A07_1_26,14.0,11.0
Planta Central,2020-12-09 21:12:00,85,64.0,2020-10-23 05:00:00,viernes,50,Lluvia,Humeda,Montañoso,Media ladera Izquierda,Recta,Transito normal con precaución,1,0,0,0,2.0,Volcamiento,condiciones de la via y factores ambientales,45A06_0_85,23.0,2.0
Planta Central,2020-12-09 21:17:00,69,0.0,2020-10-02 05:00:00,viernes,50,Normal,Seca y limpia,Montañoso,Media Ladera Derecha,Curva Izquierda,Parcial con paso alternado,1,0,0,0,1.0,Choque,otra - pasajero o acompanante,45A07_1_69,16.0,9.0
Planta Central,2020-12-09 21:18:00,88,0.0,2020-10-21 05:00:00,miercoles,10,Normal,Otra,Montañoso,Media Ladera Derecha,Curva Izquierda,Transito normal con precaución,0,0,0,0,0.0,Choque,maniobras imprudentes,45A06_0_88,12.0,12.0
Córdoba,2020-12-09 21:27:00,4,790.0,2020-10-31 05:00:00,sabado,40,Normal,Humeda,Plano,Cajón,Recta,Transito normal con precaución,0,30,0,0,0.0,Volcamiento,condiciones de la via y factores ambientales,7801_1_4,5.0,19.0
Cesar,2020-12-09 22:25:00,9,100.0,2020-11-16 05:00:00,lunes,10,Normal,Seca y limpia,Plano,Terraplen,Recta,Parcial con reducción de carriles,1,40,1,0,2.0,Choque,no mantener distancia de seguridad,8004_1_9,19.0,6.0
Antioquia,2020-12-09 22:41:00,67,500.0,2020-11-26 05:00:00,jueves,0,Seca,Seca y limpia,Plano,Terraplen,Recta,Transito normal con precaución,5,0,0,0,0.0,Volcamiento,fallas mecanicas y del sistema electrico,9002_0_67,5.0,0.0
Planta Central,2020-12-09 22:55:00,97,530.0,2020-10-31 05:00:00,sabado,10,Sol,Seca y limpia,Montañoso,Media Ladera Derecha,Curva Izquierda,Transito normal con precaución,2,0,1,0,1.0,Choque,maniobras imprudentes,45A06_0_97,6.0,20.0
Planta Central,2020-12-09 22:59:00,110,150.0,2020-10-10 05:00:00,sabado,40,Normal,Seca y limpia,Ondulado,Media Ladera Derecha,Curva Izquierda,Cierre total,3,0,0,1,4.0,Choque,maniobras imprudentes,45A06_0_110,19.0,8.0
Planta Central,2020-12-09 23:03:00,111,840.0,2020-10-27 05:00:00,martes,10,Normal,Seca y limpia,Plano,Media Ladera Derecha,Recta,Transito normal con precaución,1,0,0,0,0.0,Choque,no mantener distancia de seguridad,45A06_0_111,19.0,6.0
Planta Central,2020-12-09 23:07:00,115,200.0,2020-10-24 05:00:00,sabado,40,Normal,Seca y limpia,Ondulado,Media Ladera Derecha,Curva Derecha,Transito normal con precaución,1,0,0,0,1.0,Atropello,embriaguez o sustancias alucinogenas,45A06_0_115,19.0,6.0
Planta Central,2020-12-09 23:11:00,117,500.0,2020-10-16 05:00:00,viernes,20,Normal,Seca y limpia,Ondulado,Media Ladera Derecha,Curva Derecha,Parcial con paso alternado,0,40,0,0,0.0,Volcamiento,exceso de velocidad,45A06_0_117,2.0,22.0
Boyacá,2020-12-10 19:33:00,33,240.0,2020-10-21 05:00:00,miercoles,30,Normal,Seca y limpia,Ondulado,Media Ladera Derecha,Curva Izquierda,Transito normal con precaución,4,30,0,0,2.0,Salida de la vía sin volcarse,exceso en horas de conduccion,5503_1_33,4.0,0.0
Planta Central,2020-12-09 23:14:00,123,100.0,2020-10-02 05:00:00,viernes,0,Sol,Seca y limpia,Ondulado,Media Ladera Derecha,Curva Derecha,Transito normal con precaución,1,0,1,0,1.0,Choque,impericia en el manejo,45A06_0_123,12.0,13.0
Planta Central,2020-12-09 23:18:00,124,100.0,2020-10-02 05:00:00,viernes,55,Sol,Seca y limpia,Ondulado,Media ladera Izquierda,Recta,Transito normal con precaución,0,25,1,0,1.0,Choque,impericia en el manejo,45A06_0_124,8.0,16.0
Planta Central,2020-12-09 23:24:00,125,100.0,2020-10-05 05:00:00,lunes,0,Normal,Seca y limpia,Ondulado,Media Ladera Derecha,Recta,Transito normal con precaución,0,30,1,0,1.0,Atropello,impericia en el manejo,45A06_0_125,20.0,4.0
Planta Central,2020-12-09 23:28:00,125,260.0,2020-10-28 05:00:00,miercoles,0,Sol,Seca y limpia,Ondulado,Terraplen,Recta,Transito normal con precaución,0,25,1,0,1.0,Choque,desobediencia a normas y senales,45A06_0_125,12.0,12.0
Planta Central,2020-12-09 23:31:00,125,320.0,2020-10-06 05:00:00,martes,30,Sol,Seca y limpia,Ondulado,Media Ladera Derecha,Recta,Parcial con paso alternado,0,20,0,0,1.0,Choque,impericia en el manejo,45A06_0_125,15.0,9.0
Antioquia,2020-12-10 15:17:00,13,115.0,2020-09-03 05:00:00,jueves,40,Normal,Material organico,Montañoso,Media ladera Izquierda,Recta,Parcial con reducción de carriles,16,50,3,0,3.0,Choque,fallas mecanicas y del sistema electrico,6003_1_13,16.0,0.0
Antioquia,2020-12-10 15:41:00,31,110.0,2020-09-05 05:00:00,sabado,50,Normal,Seca y limpia,Montañoso,Media ladera Izquierda,Recta,Parcial con reducción de carriles,11,31,0,0,0.0,Choque,condiciones de la via y factores ambientales,6003_1_31,10.0,1.0
Antioquia,2020-12-10 15:48:00,31,200.0,2020-09-05 05:00:00,sabado,50,Normal,Seca y limpia,Montañoso,Media ladera Izquierda,Curva Izquierda,Parcial con reducción de carriles,18,10,0,0,0.0,Choque,otra - conductor en general,6003_1_31,17.0,1.0
Antioquia,2020-12-10 16:11:00,94,780.0,2020-09-13 05:00:00,domingo,0,Normal,Seca y limpia,Montañoso,Media Ladera Derecha,Recta,Parcial con reducción de carriles,11,40,0,0,0.0,Choque,desobediencia a normas y senales,6003_1_94,11.0,0.0
Boyacá,2020-12-10 19:33:00,8,500.0,2020-10-03 05:00:00,sabado,30,Normal,Seca y limpia,Ondulado,Media Ladera Derecha,Recta,Transito normal con precaución,18,30,0,0,0.0,Choque,no mantener distancia de seguridad,5503_1_8,18.0,0.0
Boyacá,2020-12-10 19:33:00,12,460.0,2020-10-18 05:00:00,domingo,15,Normal,Seca y limpia,Plano,Terraplen,Curva Derecha,Transito normal con precaución,7,15,1,0,1.0,Choque,exceso de velocidad,5503_1_12,7.0,0.0
Nariño,2020-12-10 20:23:00,18,850.0,2020-10-06 05:00:00,martes,10,Normal,Seca y limpia,Montañoso,Media ladera Izquierda,Curva Izquierda,Transito normal con precaución,19,10,0,0,0.0,Choque,fallas mecanicas y del sistema electrico,2502_1_18,19.0,0.0
Boyacá,2020-12-10 19:33:00,113,500.0,2020-10-29 05:00:00,jueves,20,Lluvia,Humeda,Plano,Media ladera Izquierda,Curva Izquierda,Transito normal con precaución,5,20,0,0,2.0,Choque,condiciones de la via y factores ambientales,5503_1_113,5.0,0.0
Boyacá,2020-12-10 21:47:00,19,836.0,2020-10-30 05:00:00,viernes,0,Lluvia,Humeda,Ondulado,Media ladera Izquierda,Recta,Transito normal con precaución,20,0,0,1,1.0,Choque,exceso de velocidad,5503_1_19,20.0,0.0
Guajira,2020-12-10 22:11:00,65,500.0,2020-09-09 05:00:00,miercoles,10,Lluvia,Humeda,Plano,Terraplen,Recta,Transito normal con precaución,16,10,2,0,2.0,Choque,no mantener distancia de seguridad,4902_1_65,16.0,0.0
Guajira,2020-12-10 22:24:00,46,0.0,2020-09-15 05:00:00,martes,50,Normal,Seca y limpia,Plano,Terraplen,Recta,Transito normal con precaución,14,50,0,0,0.0,Choque,no mantener distancia de seguridad,4902_1_46,14.0,0.0
Guajira,2020-12-10 22:41:00,40,150.0,2020-10-07 05:00:00,miercoles,30,Normal,Seca y limpia,Plano,Terraplen,Recta,Transito normal con precaución,13,30,0,0,0.0,Choque,condiciones de la via y factores ambientales,8801_1_40,13.0,0.0
Guajira,2020-12-10 22:45:00,27,700.0,2020-10-11 05:00:00,domingo,30,Normal,Seca y limpia,Plano,Terraplen,Curva Derecha,Transito normal con precaución,17,30,3,0,3.0,Choque,impericia en el manejo,8801_1_27,17.0,0.0
Guajira,2020-12-10 22:53:00,38,450.0,2020-10-27 05:00:00,martes,0,Normal,Seca y limpia,Plano,Terraplen,Recta,Transito normal con precaución,12,0,0,0,0.0,Choque,condiciones de la via y factores ambientales,8004A_1_38,12.0,0.0
Antioquia,2020-12-10 15:39:00,14,490.0,2020-09-19 05:00:00,sabado,50,Normal,Material organico,Montañoso,Media ladera Izquierda,Recta,Parcial con reducción de carriles,13,10,2,0,2.0,Atropello,condiciones de la via y factores ambientales,6003_1_14,12.0,1.0
Antioquia,2020-12-10 16:06:00,94,772.0,2020-09-29 05:00:00,martes,40,Normal,Seca y limpia,Montañoso,Media Ladera Derecha,Recta,Parcial con reducción de carriles,16,0,0,0,0.0,Choque,desobediencia a normas y senales,6003_1_94,15.0,1.0
Antioquia,2020-12-10 16:23:00,95,19.0,2020-09-10 05:00:00,jueves,35,Normal,Seca y limpia,Montañoso,Media Ladera Derecha,Curva Izquierda,Parcial con reducción de carriles,18,53,0,0,0.0,Choque,maniobras imprudentes,6003_1_95,18.0,0.0
Boyacá,2020-12-10 19:33:00,94,900.0,2020-10-02 05:00:00,viernes,0,Normal,Seca y limpia,Plano,Media Ladera Derecha,Curva Derecha,Transito normal con precaución,9,0,0,0,0.0,Salida de la vía sin volcarse,impericia en el manejo,5503_1_94,9.0,0.0
Boyacá,2020-12-10 19:33:00,15,80.0,2020-10-02 05:00:00,viernes,30,Lluvia,Humeda,Ondulado,Media Ladera Derecha,Curva Izquierda,Transito normal con precaución,16,30,0,0,0.0,Choque,impericia en el manejo,5503_1_15,16.0,0.0
Boyacá,2020-12-10 19:33:00,101,650.0,2020-10-03 05:00:00,sabado,0,Normal,Seca y limpia,Plano,Media ladera Izquierda,Curva Derecha,Transito normal con precaución,3,0,0,0,0.0,Salida de la vía sin volcarse,impericia en el manejo,5503_1_101,3.0,0.0
Boyacá,2020-12-10 19:33:00,14,40.0,2020-10-14 05:00:00,miercoles,30,Normal,Seca y limpia,Plano,Media Ladera Derecha,Recta,Transito normal con precaución,15,30,0,0,0.0,Choque,impericia en el manejo,6211_1_14,15.0,0.0
Nariño,2020-12-10 20:07:00,42,700.0,2020-10-06 05:00:00,martes,30,Normal,Seca y limpia,Escarpado,Cajón,Curva Derecha,Transito normal con precaución,13,30,2,0,2.0,Choque,no mantener distancia de seguridad,2502_1_42,13.0,0.0
Boyacá,2020-12-10 19:33:00,14,700.0,2020-10-15 05:00:00,jueves,0,Normal,Seca y limpia,Ondulado,Media Ladera Derecha,Curva Izquierda,Transito normal con precaución,4,0,0,0,0.0,Choque,impericia en el manejo,5503_1_14,4.0,0.0
Boyacá,2020-12-10 19:33:00,18,790.0,2020-10-18 05:00:00,domingo,0,Normal,Seca y limpia,Plano,Media ladera Izquierda,Curva Derecha,Transito normal con precaución,20,0,1,0,2.0,Choque,impericia en el manejo,5503_1_18,20.0,0.0
Boyacá,2020-12-10 19:33:00,14,700.0,2020-10-23 05:00:00,viernes,0,Lluvia,Humeda,Plano,Media Ladera Derecha,Curva Izquierda,Transito normal con precaución,7,0,0,0,2.0,Choque,condiciones de la via y factores ambientales,6211_1_14,7.0,0.0
Nariño,2020-12-10 20:32:00,66,450.0,2020-10-09 05:00:00,viernes,40,Sol,Seca y limpia,Montañoso,Media ladera Izquierda,Curva Izquierda,Transito normal con precaución,16,40,0,0,0.0,Incendio,fallas mecanicas y del sistema electrico,2502_1_66,16.0,0.0
Boyacá,2020-12-10 19:33:00,82,360.0,2020-10-30 05:00:00,viernes,0,Lluvia,Humeda,Ondulado,Media ladera Izquierda,Curva Derecha,Transito normal con precaución,19,0,0,0,2.0,Salida de la vía sin volcarse,impericia en el manejo,5503_1_82,19.0,0.0
Nariño,2020-12-10 20:41:00,45,680.0,2020-10-10 05:00:00,sabado,30,Sol,Seca y limpia,Montañoso,Media ladera Izquierda,Recta,Transito normal con precaución,6,30,0,0,0.0,Choque,fallas mecanicas y del sistema electrico,2502_1_45,6.0,0.0
Nariño,2020-12-10 21:04:00,27,950.0,2020-10-10 05:00:00,sabado,50,Sol,Seca y limpia,Montañoso,Media ladera Izquierda,Curva Izquierda,Transito normal con precaución,14,50,0,0,1.0,Choque,maniobras imprudentes,2502_1_27,14.0,0.0