territorial,fecha_registro,pr,distancia_pr,fecha_acc,dia_semana_acc,min_acc,condic_meteor,estado_super,terreno,secc_tip,geometria_acc,tipo_cierre,horas_cierre,min_cierre,n_heridos,n_muertos,n_victimas,clase_accidente,causa_posible,ref_loc,hora_acc,duracion_cierre_horas
Cauca,2020-12-10 21:02:00,46,860.0,2020-12-09 05:00:00,miercoles,15,Sol,Seca y limpia,Montañoso,Media ladera Izquierda,Curva Izquierda,Transito normal con precaución,0,0,1,0,1.0,Choque,exceso de velocidad,2602_0_46,12.0,12.0
Nariño,2020-12-10 21:08:00,76,950.0,2020-10-10 05:00:00,sabado,0,Sol,Seca y limpia,Montañoso,Media Ladera Derecha,Recta,Transito normal con precaución,19,0,0,1,2.0,Choque,adelantamientos indebidos,2502_1_76,19.0,0.0
Guajira,2020-12-10 22:03:00,45,700.0,2020-10-09 05:00:00,viernes,20,Lluvia,Humeda,Plano,Terraplen,Recta,Transito normal con precaución,7,20,5,0,5.0,Volcamiento,condiciones de la via y factores ambientales,8801_1_45,7.0,0.0
Guajira,2020-12-10 22:29:00,44,300.0,2020-09-23 05:00:00,miercoles,15,Normal,Seca y limpia,Plano,Terraplen,Recta,Transito normal con precaución,17,15,2,0,2.0,Caída ocupante,condiciones de la via y factores ambientales,4902_1_44,17.0,0.0
Guajira,2020-12-10 22:34:00,36,600.0,2020-10-05 05:00:00,lunes,0,Normal,Seca y limpia,Plano,Terraplen,Recta,Transito normal con precaución,20,0,0,0,0.0,Choque,condiciones de la via y factores ambientales,8004A_1_36,20.0,0.0
Guajira,2020-12-10 22:50:00,25,900.0,2020-10-21 05:00:00,miercoles,20,Normal,Seca y limpia,Plano,Terraplen,Curva Derecha,Transito normal con precaución,21,20,2,0,2.0,Choque,embriaguez o sustancias alucinogenas,8801_1_25,21.0,0.0
Planta Central,2020-12-11 12:40:00,27,250.0,2020-10-03 05:00:00,sabado,15,Sol,Seca y limpia,Montañoso,Media Ladera Derecha,Curva Derecha,Cierre total,3,0,0,1,1.0,Choque,adelantamientos indebidos,45A07_1_27,10.0,17.0
Planta Central,2020-12-11 13:05:00,8,900.0,2020-10-03 05:00:00,sabado,50,Normal,Seca y limpia,Plano,Terraplen,Recta,Parcial con reducción de carriles,1,0,1,0,1.0,Choque,desobediencia a normas y senales,45AST08_1_8,11.0,14.0
Planta Central,2020-12-11 13:08:00,81,200.0,2020-10-10 05:00:00,sabado,5,Normal,Seca y limpia,Plano,Terraplen,Recta,Parcial con reducción de carriles,2,0,1,0,2.0,Atropello,impericia en el manejo,45A07_2_81,7.0,19.0
Planta Central,2020-12-11 13:11:00,83,575.0,2020-10-11 05:00:00,domingo,30,Lluvia,Humeda,Plano,Terraplen,Recta,Parcial con reducción de carriles,3,0,0,0,0.0,Caída de carga,otra - pasajero o acompanante,45A07_2_83,4.0,23.0
Planta Central,2020-12-11 13:22:00,42,850.0,2020-10-31 05:00:00,sabado,20,Seca,Seca y limpia,Montañoso,Media ladera Izquierda,Recta,Transito normal con precaución,5,20,5,0,5.0,Choque,condiciones de la via y factores ambientales,45A04_1_42,5.0,0.0
Planta Central,2020-12-11 13:26:00,0,520.0,2020-10-19 05:00:00,lunes,30,Normal,Seca y limpia,Montañoso,Media ladera Izquierda,Curva Izquierda,Cierre total,2,0,0,1,2.0,Choque,exceso de velocidad,45A07_1_0,0.0,2.0
Planta Central,2020-12-11 13:33:00,8,100.0,2020-10-21 05:00:00,miercoles,0,Normal,Seca y limpia,Plano,Terraplen,Recta,Transito normal con precaución,1,0,2,0,2.0,Choque,maniobras imprudentes,45AST08_1_8,10.0,15.0
Planta Central,2020-12-11 13:44:00,40,800.0,2020-10-31 05:00:00,sabado,30,Lluvia,Humeda,Plano,Terraplen,Recta,Transito normal con precaución,11,0,1,0,1.0,Choque,maniobras imprudentes,45A04_1_40,10.0,1.0
Planta Central,2020-12-11 13:47:00,59,60.0,2020-10-25 05:00:00,domingo,10,Normal,Material suelto,Montañoso,Media ladera Izquierda,Curva Izquierda,Transito normal con precaución,1,0,0,0,1.0,Caída ocupante,condiciones de la via y factores ambientales,45A07_1_59,6.0,19.0
Nariño,2020-12-11 16:46:00,33,0.0,2020-10-14 05:00:00,miercoles,50,Normal,Seca y limpia,Ondulado,Terraplen,Recta,Transito normal con precaución,22,50,1,0,3.0,Choque,maniobras imprudentes,2502_1_33,22.0,0.0
Nariño,2020-12-11 16:50:00,34,250.0,2020-10-24 05:00:00,sabado,0,Sol,Seca y limpia,Montañoso,Media Ladera Derecha,Recta,Transito normal con precaución,7,0,1,0,2.0,Choque,desobediencia a normas y senales,2502_1_34,7.0,0.0
Nariño,2020-12-11 17:05:00,34,250.0,2020-10-28 05:00:00,miercoles,0,Sol,Seca y limpia,Montañoso,Media Ladera Derecha,Recta,Transito normal con precaución,14,0,3,0,4.0,Choque,exceso de velocidad,2502_1_34,14.0,0.0
Nariño,2020-12-11 17:14:00,11,270.0,2020-10-31 05:00:00,sabado,10,Sol,Seca y limpia,Montañoso,Cajón,Curva Derecha,Transito normal con precaución,8,10,3,0,3.0,Choque,embriaguez o sustancias alucinogenas,25NRD_1_11,8.0,0.0
Antioquia,2020-12-11 20:29:00,15,1150.0,2020-10-11 05:00:00,domingo,20,Normal,Seca y limpia,Montañoso,Media ladera Izquierda,Recta,Parcial con reducción de carriles,17,35,0,0,3.0,Choque,otra - conductor en general,6003_1_15,17.0,0.0
Planta Central,2020-12-11 13:21:00,30,606.0,2020-10-15 05:00:00,jueves,50,Normal,Seca y limpia,Montañoso,Media Ladera Derecha,Curva Izquierda,Parcial con paso alternado,2,0,0,0,0.0,Choque,adelantamientos indebidos,45A07_1_30,23.0,3.0
Planta Central,2020-12-11 13:29:00,57,650.0,2020-10-31 05:00:00,sabado,44,Lluvia,Humeda,Ondulado,Media ladera Izquierda,Curva Izquierda,Transito normal con precaución,5,44,0,0,0.0,Choque,condiciones de la via y factores ambientales,45A04_1_57,5.0,0.0
Planta Central,2020-12-11 13:36:00,62,800.0,2020-10-31 05:00:00,sabado,0,Seca,Seca y limpia,Plano,Terraplen,Recta,Transito normal con precaución,7,0,0,0,1.0,Choque,adelantamientos indebidos,45A04_1_62,6.0,1.0
Nariño,2020-12-11 17:01:00,19,940.0,2020-10-26 05:00:00,lunes,53,Normal,Seca y limpia,Montañoso,Cajón,Curva Izquierda,Transito normal con precaución,9,53,0,0,1.0,Choque,adelantamientos indebidos,25NRD_1_19,9.0,0.0
Nariño,2020-12-11 17:10:00,23,950.0,2020-10-29 05:00:00,jueves,45,Niebla,Seca y limpia,Montañoso,Media ladera Izquierda,Recta,Transito normal con precaución,21,45,0,0,1.0,Choque,estacionamiento y senalizacion imprudente,2502_1_23,21.0,0.0
Antioquia,2020-12-11 20:18:00,12,240.0,2020-10-16 05:00:00,viernes,30,Normal,Seca y limpia,Montañoso,Media ladera Izquierda,Recta,Parcial con reducción de carriles,18,40,2,0,2.0,Atropello,condiciones de la via y factores ambientales,6003_1_12,18.0,0.0
Antioquia,2020-12-11 20:40:00,88,400.0,2020-10-08 05:00:00,jueves,0,Normal,Seca y limpia,Montañoso,Media Ladera Derecha,Recta,Parcial con reducción de carriles,10,20,0,0,0.0,Choque,adelantamientos indebidos,6003_1_88,10.0,0.0
Planta Central,2020-12-11 13:54:00,44,420.0,2020-12-11 05:00:00,viernes,5,Normal,Seca y limpia,Montañoso,Media ladera Izquierda,Curva Derecha,Cierre total,2,0,0,0,0.0,Choque,adelantamientos indebidos,45A07_1_44,10.0,16.0
Casanare,2020-12-12 21:51:00,5,700.0,2020-08-20 05:00:00,jueves,54,Normal,Seca y limpia,Plano,Terraplen,Recta,Transito normal con precaución,0,0,0,0,0.0,Choque,condiciones de la via y factores ambientales,6514_0_5,13.0,11.0
Planta Central,2020-12-11 14:07:00,71,200.0,2020-10-21 05:00:00,miercoles,0,Sol,Seca y limpia,Montañoso,Media Ladera Derecha,Curva Izquierda,Cierre total,2,0,1,0,1.0,Choque,fallas mecanicas y del sistema electrico,45A07_1_71,16.0,10.0
Planta Central,2020-12-11 14:13:00,28,387.0,2020-10-27 05:00:00,martes,50,Normal,Seca y limpia,Montañoso,Media Ladera Derecha,Curva Izquierda,Parcial con paso alternado,1,0,3,0,4.0,Choque,maniobras imprudentes,45A07_1_28,6.0,19.0
Planta Central,2020-12-11 14:24:00,6,100.0,2020-10-27 05:00:00,martes,20,Sol,Seca y limpia,Plano,Terraplen,Recta,Parcial con reducción de carriles,2,0,0,0,0.0,Choque,exceso de velocidad,45AST08_1_6,6.0,20.0
Cesar,2020-12-11 14:48:00,0,750.0,2020-11-25 05:00:00,miercoles,10,Normal,Seca y limpia,Plano,Terraplen,Recta,Transito normal con precaución,0,0,1,0,1.0,Choque,maniobras imprudentes,43CS02_0_0,19.0,5.0
Cesar,2020-12-11 15:26:00,97,600.0,2020-11-09 05:00:00,lunes,40,Normal,Seca y limpia,Plano,Terraplen,Recta,Parcial con reducción de carriles,0,20,0,0,0.0,Choque,embriaguez o sustancias alucinogenas,4901_1_97,18.0,6.0
Casanare,2020-12-12 21:34:00,7,200.0,2020-08-02 05:00:00,domingo,50,Normal,Seca y limpia,Plano,Terraplen,Recta,Transito normal con precaución,0,0,1,0,1.0,Choque,no mantener distancia de seguridad,6514_0_7,15.0,9.0
Casanare,2020-12-12 21:39:00,12,550.0,2020-08-03 05:00:00,lunes,0,Normal,Seca y limpia,Plano,Terraplen,Recta,Transito normal con precaución,0,0,2,0,2.0,Choque,condiciones de la via y factores ambientales,6514_0_12,19.0,5.0
Casanare,2020-12-12 21:46:00,82,100.0,2020-08-07 05:00:00,viernes,30,Normal,Seca y limpia,Plano,Terraplen,Recta,Transito normal con precaución,0,0,1,0,1.0,Atropello,otra - conductor en general,6513_0_82,5.0,19.0
Casanare,2020-12-12 21:49:00,56,900.0,2020-08-19 05:00:00,miercoles,0,Normal,Seca y limpia,Plano,Cajón,Curva Izquierda,Cierre total,3,0,0,1,1.0,Choque,exceso de velocidad,6513_0_56,12.0,15.0
Casanare,2020-12-12 21:54:00,18,200.0,2020-08-21 05:00:00,viernes,0,Normal,Seca y limpia,Plano,Terraplen,Curva Derecha,Cierre total,3,0,0,1,1.0,Choque,exceso de velocidad,6514_0_18,16.0,11.0
Casanare,2020-12-12 21:58:00,7,470.0,2020-08-26 05:00:00,miercoles,10,Normal,Seca y limpia,Plano,Terraplen,Recta,Transito normal con precaución,0,0,0,1,2.0,Volcamiento,exceso en horas de conduccion,6514_0_7,16.0,8.0
Casanare,2020-12-12 22:06:00,13,900.0,2020-09-12 05:00:00,sabado,30,Normal,Seca y limpia,Plano,Terraplen,Recta,Cierre total,4,0,0,2,6.0,Choque,maniobras imprudentes,6513_0_13,4.0,0.0
Casanare,2020-12-12 22:08:00,30,770.0,2020-09-15 05:00:00,martes,10,Normal,Seca y limpia,Plano,Terraplen,Recta,Transito normal con precaución,0,0,2,0,2.0,Choque,maniobras imprudentes,6513_0_30,12.0,12.0
Casanare,2020-12-12 22:15:00,27,500.0,2020-09-21 05:00:00,lunes,0,Normal,Seca y limpia,Plano,Terraplen,Recta,Transito normal con precaución,0,0,0,0,0.0,Choque,otra - conductor en general,6513_0_27,16.0,8.0
Casanare,2020-12-12 21:42:00,85,28.0,2020-08-06 05:00:00,jueves,20,Normal,Seca y limpia,Plano,Terraplen,Recta,Transito normal con precaución,0,0,0,0,0.0,Choque,maniobras imprudentes,6513_0_85,11.0,13.0
Casanare,2020-12-12 21:44:00,69,55.0,2020-08-07 05:00:00,viernes,15,Normal,Seca y limpia,Plano,Terraplen,Recta,Transito normal con precaución,0,0,0,0,0.0,Choque,condiciones de la via y factores ambientales,6513_0_69,0.0,0.0
Casanare,2020-12-12 22:01:00,10,500.0,2020-09-04 05:00:00,viernes,30,Normal,Seca y limpia,Plano,Terraplen,Recta,Transito normal con precaución,0,0,0,0,0.0,Caída de piedra,condiciones de la via y factores ambientales,6513_0_10,14.0,10.0
Casanare,2020-12-12 22:03:00,86,500.0,2020-09-09 05:00:00,miercoles,20,Normal,Seca y limpia,Plano,Terraplen,Recta,Transito normal con precaución,0,0,0,0,0.0,Choque,exceso de velocidad,6513_0_86,9.0,15.0
Casanare,2020-12-12 22:11:00,32,0.0,2020-09-19 05:00:00,sabado,30,Normal,Seca y limpia,Plano,Terraplen,Recta,Transito normal con precaución,0,0,0,0,0.0,Choque,otra - conductor en general,6513_0_32,19.0,5.0
Casanare,2020-12-12 22:13:00,30,100.0,2020-09-20 05:00:00,domingo,10,Normal,Seca y limpia,Plano,Terraplen,Recta,Transito normal con precaución,0,0,0,0,0.0,Choque,no mantener distancia de seguridad,6513_0_30,7.0,17.0
Casanare,2020-12-12 22:18:00,3,17.0,2020-09-22 05:00:00,martes,8,Normal,Seca y limpia,Montañoso,Media Ladera Derecha,Curva Izquierda,Transito normal con precaución,0,0,1,0,1.0,Volcamiento,exceso en horas de conduccion,6513_0_3,3.0,21.0
Cauca,2020-12-13 20:38:00,34,0.0,2020-12-13 05:00:00,domingo,0,Sol,Seca y limpia,Montañoso,Media Ladera Derecha,Curva Izquierda,Transito normal con precaución,0,0,2,0,2.0,Choque,impericia en el manejo,2602_0_34,7.0,17.0
Nariño,2020-12-14 13:44:00,8,300.0,2020-09-14 05:00:00,lunes,30,Seca,Seca y limpia,Plano,Terraplen,Recta,Transito normal con precaución,0,15,0,1,2.0,Atropello,impericia en el manejo,1001_0_8,17.0,7.0
Nariño,2020-12-14 13:47:00,40,450.0,2020-09-18 05:00:00,viernes,10,Seca,Seca y limpia,Plano,Terraplen,Recta,Transito normal con precaución,0,10,0,1,1.0,Choque,exceso de velocidad,1001_0_40,10.0,14.0
Nariño,2020-12-14 13:58:00,3,900.0,2020-10-31 05:00:00,sabado,0,Seca,Seca y limpia,Plano,Terraplen,Recta,Transito normal con precaución,0,15,0,0,0.0,Choque,desobediencia a normas y senales,1001_0_3,20.0,4.0
Putumayo,2020-12-14 15:16:00,59,500.0,2020-10-15 05:00:00,jueves,40,Normal,Seca y limpia,Ondulado,Terraplen,Curva Derecha,Transito normal con precaución,13,40,1,0,2.0,Choque,impericia en el manejo,4501_1_59,13.0,0.0
Casanare,2020-12-14 18:31:00,101,800.0,2020-01-11 05:00:00,sabado,19,Normal,Seca y limpia,Montañoso,Media ladera Izquierda,Curva Derecha,Parcial con paso alternado,8,40,0,0,0.0,Salida de la vía sin volcarse,exceso en horas de conduccion,6211_1_101,8.0,0.0
Casanare,2020-12-14 18:42:00,111,150.0,2020-02-16 05:00:00,domingo,0,Seca,Seca y limpia,Plano,Cajón,Recta,Transito normal con precaución,5,0,0,0,0.0,Salida de la vía sin volcarse,exceso en horas de conduccion,6211_1_111,5.0,0.0
Casanare,2020-12-14 18:46:00,95,0.0,2020-02-20 05:00:00,jueves,0,Seca,Seca y limpia,Montañoso,Media ladera Izquierda,Curva Derecha,Transito normal con precaución,0,0,1,1,2.0,Volcamiento,fallas mecanicas y del sistema electrico,6211_1_95,9.0,15.0
Córdoba,2020-12-14 22:09:00,65,400.0,2020-10-29 05:00:00,jueves,5,Normal,Seca y limpia,Plano,Terraplen,Recta,Transito normal con precaución,1,0,0,0,2.0,Atropello,conducta de peatones,2513_0_65,20.0,5.0
Córdoba,2020-12-14 22:42:00,8,650.0,2020-10-30 05:00:00,viernes,30,Normal,Seca y limpia,Plano,Media ladera Izquierda,Recta,Transito normal con precaución,1,0,0,0,0.0,Choque,otra - conductor en general,7403_1_8,14.0,11.0
Nariño,2020-12-14 13:51:00,8,650.0,2020-09-19 05:00:00,sabado,10,Seca,Seca y limpia,Plano,Terraplen,Recta,Transito normal con precaución,0,15,0,1,2.0,Choque,exceso de velocidad,1001_0_8,2.0,22.0
Nariño,2020-12-14 13:54:00,76,800.0,2020-09-21 05:00:00,lunes,15,Lluvia,Humeda,Plano,Terraplen,Recta,Transito normal con precaución,0,10,0,0,0.0,Choque,condiciones de la via y factores ambientales,1001_0_76,3.0,21.0
Putumayo,2020-12-14 14:29:00,30,500.0,2020-10-04 05:00:00,domingo,0,Lluvia,Humeda,Ondulado,Media ladera Izquierda,Curva Izquierda,Transito normal con precaución,8,0,1,0,2.0,Volcamiento,impericia en el manejo,4501_1_30,8.0,0.0
Putumayo,2020-12-14 14:45:00,19,800.0,2020-10-05 05:00:00,lunes,0,Normal,Seca y limpia,Ondulado,Terraplen,Curva Izquierda,Parcial con reducción de carriles,18,0,0,0,2.0,Choque,impericia en el manejo,4501_1_19,18.0,0.0
Putumayo,2020-12-14 14:54:00,21,450.0,2020-10-09 05:00:00,viernes,0,Sol,Seca y limpia,Plano,Terraplen,Recta,Cierre total,8,0,1,0,2.0,Volcamiento,impericia en el manejo,4501_1_21,8.0,0.0
Putumayo,2020-12-14 15:25:00,102,400.0,2020-10-29 05:00:00,jueves,40,Normal,Seca y limpia,Plano,Terraplen,Recta,Transito normal con precaución,11,40,5,0,5.0,Volcamiento,exceso de velocidad,4501_1_102,11.0,0.0
Casanare,2020-12-14 18:37:00,49,820.0,2020-01-13 05:00:00,lunes,0,Sol,Seca y limpia,Montañoso,Media Ladera Derecha,Curva Izquierda,Parcial con paso alternado,9,0,0,0,0.0,Volcamiento,condiciones de la via y factores ambientales,6211_1_49,8.0,1.0
Córdoba,2020-12-14 22:15:00,65,600.0,2020-10-01 05:00:00,jueves,50,Normal,Seca y limpia,Plano,Terraplen,Recta,Transito normal con precaución,1,0,0,0,0.0,Choque,conducta de pasajeros,2513_0_65,15.0,10.0
Córdoba,2020-12-14 22:18:00,1,200.0,2020-10-16 05:00:00,viernes,45,Normal,Seca y limpia,Plano,Terraplen,Recta,Transito normal con precaución,1,0,0,0,0.0,Choque,maniobras imprudentes,2514_1_1,18.0,7.0
Córdoba,2020-12-14 22:24:00,2,500.0,2020-10-26 05:00:00,lunes,10,Normal,Seca y limpia,Ondulado,Terraplen,Curva Izquierda,Parcial con reducción de carriles,2,0,0,0,0.0,Choque,adelantamientos indebidos,2514_1_2,11.0,15.0
Córdoba,2020-12-14 22:28:00,32,250.0,2020-10-11 05:00:00,domingo,20,Normal,Seca y limpia,Ondulado,Cajón,Curva Izquierda,Parcial con reducción de carriles,3,0,0,1,2.0,Choque,maniobras imprudentes,2514_1_32,3.0,0.0
Córdoba,2020-12-14 22:32:00,4,800.0,2020-10-30 05:00:00,viernes,20,Normal,Seca y limpia,Plano,Terraplen,Recta,Parcial con reducción de carriles,1,0,1,0,2.0,Choque,maniobras imprudentes,7403_1_4,11.0,14.0
Cesar,2020-12-15 01:55:00,19,0.0,2020-11-13 05:00:00,viernes,55,Lluvia,Humeda,Plano,Terraplen,Recta,Parcial con paso alternado,1,10,0,0,0.0,Choque,condiciones de la via y factores ambientales,4901_1_19,5.0,20.0
Cesar,2020-12-15 03:15:00,29,300.0,2020-11-14 05:00:00,sabado,10,Normal,Seca y limpia,Plano,Terraplen,Recta,Parcial con paso alternado,1,40,0,0,0.0,Choque,no mantener distancia de seguridad,8004A_1_29,23.0,2.0
Cesar,2020-12-15 11:25:00,6,400.0,2020-11-18 05:00:00,miercoles,30,Normal,Seca y limpia,Plano,Terraplen,Recta,Parcial con paso alternado,0,5,0,0,0.0,Choque,no mantener distancia de seguridad,8004_1_6,13.0,11.0
Casanare,2020-12-15 14:37:00,55,600.0,2020-11-30 05:00:00,lunes,0,Normal,Seca y limpia,Plano,Cajón,Recta,Transito normal con precaución,0,0,0,0,0.0,Volcamiento,maniobras imprudentes,6513_0_55,17.0,7.0
Casanare,2020-12-15 15:14:00,40,800.0,2020-02-23 05:00:00,domingo,0,Lluvia,Humeda,Montañoso,Media Ladera Derecha,Recta,Parcial con paso alternado,9,0,0,0,0.0,Choque,adelantamientos indebidos,6211_1_40,9.0,0.0
Casanare,2020-12-15 15:14:00,99,300.0,2020-03-09 05:00:00,lunes,0,Lluvia,Humeda,Plano,Terraplen,Recta,Transito normal con precaución,7,0,0,0,0.0,Choque,adelantamientos indebidos,6211_1_99,7.0,0.0
Casanare,2020-12-15 15:14:00,30,350.0,2020-03-10 05:00:00,martes,0,Lluvia,Humeda,Montañoso,Terraplen,Curva Derecha,Transito normal con precaución,22,0,0,0,0.0,Salida de la vía sin volcarse,exceso en horas de conduccion,6211_1_30,22.0,0.0
Casanare,2020-12-15 15:14:00,112,400.0,2020-03-20 05:00:00,viernes,0,Sol,Seca y limpia,Montañoso,Cajón,Curva Derecha,Transito normal con precaución,5,0,0,0,2.0,Volcamiento,fallas mecanicas y del sistema electrico,6211_1_112,5.0,0.0
Casanare,2020-12-15 15:14:00,112,160.0,2020-04-06 05:00:00,lunes,0,Sol,Seca y limpia,Montañoso,Media Ladera Derecha,Recta,Transito normal con precaución,4,0,0,0,2.0,Choque,fallas mecanicas y del sistema electrico,6211_1_112,4.0,0.0
Casanare,2020-12-15 15:14:00,49,320.0,2020-04-17 05:00:00,viernes,0,Seca,Seca y limpia,Montañoso,Media Ladera Derecha,Curva Derecha,Transito normal con precaución,4,0,0,0,2.0,Choque,exceso de velocidad,6211_1_49,4.0,0.0
Casanare,2020-12-15 15:14:00,94,900.0,2020-04-19 05:00:00,domingo,0,Sol,Seca y limpia,Montañoso,Media Ladera Derecha,Curva Derecha,Parcial con reducción de carriles,17,0,0,0,2.0,Choque,fallas mecanicas y del sistema electrico,6211_1_94,17.0,0.0
Casanare,2020-12-15 15:14:00,54,800.0,2020-05-06 05:00:00,miercoles,0,Sol,Seca y limpia,Montañoso,Media Ladera Derecha,Curva Derecha,Cierre total,8,0,0,0,2.0,Choque,exceso de velocidad,6211_1_54,8.0,0.0
Casanare,2020-12-15 15:14:00,57,400.0,2020-05-08 05:00:00,viernes,0,Lluvia,Humeda,Montañoso,Media Ladera Derecha,Curva Izquierda,Transito normal con precaución,21,0,1,0,3.0,Salida de la vía sin volcarse,fallas mecanicas y del sistema electrico,6211_1_57,21.0,0.0
Casanare,2020-12-15 15:14:00,62,900.0,2020-05-29 05:00:00,viernes,0,Lluvia,Seca y limpia,Montañoso,Cajón,Curva Derecha,Transito normal con precaución,10,0,1,0,4.0,Volcamiento,estacionamiento y senalizacion imprudente,6211_1_62,10.0,0.0
Casanare,2020-12-15 15:14:00,72,200.0,2020-06-06 05:00:00,sabado,0,Lluvia,Humeda,Montañoso,Media Ladera Derecha,Curva Derecha,Parcial con paso alternado,10,0,0,0,4.0,Choque,adelantamientos indebidos,6211_1_72,10.0,0.0
San Andres y Providencia,2020-12-15 16:04:00,18,400.0,2020-09-06 05:00:00,domingo,20,Seca,Seca y limpia,Plano,Terraplen,Recta,Transito normal con precaución,0,0,0,1,1.0,Volcamiento,impericia en el manejo,0101_0_18,17.0,7.0
Casanare,2020-12-15 15:14:00,30,650.0,2020-06-23 05:00:00,martes,0,Lluvia,Humeda,Montañoso,Media Ladera Derecha,Curva Derecha,Parcial con paso alternado,1,0,0,0,4.0,Volcamiento,exceso de velocidad,6211_1_30,1.0,0.0
Casanare,2020-12-15 15:14:00,42,200.0,2020-06-26 05:00:00,viernes,0,Lluvia,Humeda,Montañoso,Media Ladera Derecha,Recta,Parcial con paso alternado,18,0,0,0,4.0,Choque,adelantamientos indebidos,6211_1_42,18.0,0.0
Casanare,2020-12-15 15:14:00,83,100.0,2020-06-28 05:00:00,domingo,0,Lluvia,Humeda,Montañoso,Media ladera Izquierda,Curva Derecha,Transito normal con precaución,12,0,0,0,4.0,Choque,adelantamientos indebidos,6211_1_83,12.0,0.0
San Andres y Providencia,2020-12-15 16:14:00,23,700.0,2020-09-25 05:00:00,viernes,50,Lluvia,Humeda,Plano,Terraplen,Recta,Transito normal con precaución,0,0,1,0,1.0,Volcamiento,impericia en el manejo,0101_0_23,17.0,7.0
Casanare,2020-12-15 15:14:00,50,100.0,2020-07-11 05:00:00,sabado,0,Lluvia,Humeda,Montañoso,Media Ladera Derecha,Curva Derecha,Parcial con paso alternado,20,0,0,0,4.0,Choque,adelantamientos indebidos,6211_1_50,20.0,0.0
Casanare,2020-12-15 15:14:00,20,800.0,2020-07-18 05:00:00,sabado,40,Normal,Seca y limpia,Montañoso,Media Ladera Derecha,Curva Izquierda,Transito normal con precaución,6,40,0,0,4.0,Salida de la vía sin volcarse,fallas mecanicas y del sistema electrico,6211_1_20,6.0,0.0
San Andres y Providencia,2020-12-15 16:29:00,5,450.0,2020-09-27 05:00:00,domingo,10,Seca,Seca y limpia,Plano,Terraplen,Recta,Transito normal con precaución,0,0,1,0,1.0,Volcamiento,impericia en el manejo,0101_0_5,16.0,8.0
Casanare,2020-12-15 15:14:00,23,80.0,2020-08-06 05:00:00,jueves,40,Lluvia,Humeda,Montañoso,Media Ladera Derecha,Curva Derecha,Parcial con paso alternado,13,40,0,0,4.0,Choque,maniobras imprudentes,6211_1_23,13.0,0.0
San Andres y Providencia,2020-12-15 16:34:00,0,580.0,2020-11-22 05:00:00,domingo,47,Seca,Seca y limpia,Plano,Terraplen,Curva Derecha,Transito normal con precaución,0,0,0,1,2.0,Choque,adelantamientos indebidos,0101_0_0,21.0,3.0
Casanare,2020-12-15 15:14:00,33,250.0,2020-08-27 05:00:00,jueves,40,Seca,Seca y limpia,Montañoso,Media ladera Izquierda,Curva Izquierda,Transito normal con precaución,13,30,0,0,4.0,Salida de la vía sin volcarse,fallas mecanicas y del sistema electrico,6211_1_33,13.0,0.0
Casanare,2020-12-15 15:14:00,103,360.0,2020-09-01 05:00:00,martes,10,Seca,Seca y limpia,Montañoso,Media Ladera Derecha,Curva Izquierda,Transito normal con precaución,5,10,0,0,4.0,Volcamiento,fallas mecanicas y del sistema electrico,6211_1_103,5.0,0.0
Casanare,2020-12-15 15:14:00,46,300.0,2020-09-09 05:00:00,miercoles,40,Sol,Seca y limpia,Montañoso,Media Ladera Derecha,Recta,Transito normal con precaución,12,40,0,0,5.0,Choque,adelantamientos indebidos,6211_1_46,12.0,0.0
Casanare,2020-12-15 15:14:00,78,300.0,2020-09-17 05:00:00,jueves,0,Lluvia,Humeda,Montañoso,Cajón,Recta,Transito normal con precaución,17,0,1,0,6.0,Volcamiento,exceso de velocidad,6211_1_78,17.0,0.0
Casanare,2020-12-15 15:14:00,96,800.0,2020-09-18 05:00:00,viernes,0,Lluvia,Humeda,Montañoso,Media Ladera Derecha,Curva Izquierda,Transito normal con precaución,1,0,0,0,6.0,Volcamiento,exceso de velocidad,6211_1_96,1.0,0.0
Casanare,2020-12-15 15:14:00,82,550.0,2020-09-22 05:00:00,martes,0,Lluvia,Humeda,Montañoso,Cajón,Recta,Parcial con paso alternado,5,0,0,0,6.0,Volcamiento,fallas mecanicas y del sistema electrico,6211_1_82,5.0,0.0
Casanare,2020-12-15 15:14:00,94,500.0,2020-09-23 05:00:00,miercoles,0,Sol,Seca y limpia,Montañoso,Terraplen,Curva Izquierda,Transito normal con precaución,15,0,0,0,6.0,Choque,fallas mecanicas y del sistema electrico,6211_1_94,15.0,0.0
Casanare,2020-12-15 15:14:00,31,110.0,2020-10-05 05:00:00,lunes,0,Sol,Seca y limpia,Montañoso,Media Ladera Derecha,Curva Izquierda,Transito normal con precaución,15,0,0,0,8.0,Salida de la vía sin volcarse,fallas mecanicas y del sistema electrico,6211_1_31,15.0,0.0
Casanare,2020-12-15 15:14:00,110,600.0,2020-10-06 05:00:00,martes,30,Sol,Seca y limpia,Montañoso,Media Ladera Derecha,Recta,Transito normal con precaución,6,30,0,0,8.0,Choque,adelantamientos indebidos,6211_1_110,6.0,0.0
Casanare,2020-12-15 15:14:00,114,500.0,2020-10-16 05:00:00,viernes,0,Lluvia,Humeda,Montañoso,Media Ladera Derecha,Curva Izquierda,Parcial con paso alternado,18,0,1,0,13.0,Choque,adelantamientos indebidos,6211_1_114,18.0,0.0
Casanare,2020-12-15 15:14:00,59,200.0,2020-10-18 05:00:00,domingo,0,Lluvia,Humeda,Montañoso,Media Ladera Derecha,Curva Derecha,Transito normal con precaución,12,0,0,0,13.0,Choque,adelantamientos indebidos,6211_1_59,12.0,0.0