territorial,fecha_registro,pr,distancia_pr,fecha_acc,dia_semana_acc,min_acc,condic_meteor,estado_super,terreno,secc_tip,geometria_acc,tipo_cierre,horas_cierre,min_cierre,n_heridos,n_muertos,n_victimas,clase_accidente,causa_posible,ref_loc,hora_acc,duracion_cierre_horas
Casanare,2020-12-15 15:14:00,66,0.0,2020-10-31 05:00:00,sabado,0,Lluvia,Humeda,Montañoso,Media ladera Izquierda,Recta,Parcial con paso alternado,18,0,0,0,13.0,Volcamiento,desobediencia a normas y senales,6211_1_66,18.0,0.0
Casanare,2020-12-15 17:39:00,65,600.0,2020-11-04 05:00:00,miercoles,0,Seca,Seca y limpia,Montañoso,Media Ladera Derecha,Curva Izquierda,Transito normal con precaución,5,0,0,0,0.0,Salida de la vía sin volcarse,exceso en horas de conduccion,6211_1_65,5.0,0.0
Casanare,2020-12-15 17:39:00,94,800.0,2020-11-07 05:00:00,sabado,0,Lluvia,Humeda,Montañoso,Media Ladera Derecha,Curva Derecha,Parcial con paso alternado,22,0,0,0,2.0,Volcamiento,exceso en horas de conduccion,6211_1_94,22.0,0.0
Casanare,2020-12-15 17:39:00,83,200.0,2020-11-17 05:00:00,martes,0,Sol,Seca y limpia,Montañoso,Media Ladera Derecha,Curva Derecha,Parcial con paso alternado,5,0,0,0,2.0,Choque,exceso de velocidad,6211_1_83,5.0,0.0
Casanare,2020-12-15 17:39:00,112,400.0,2020-11-18 05:00:00,miercoles,0,Seca,Seca y limpia,Montañoso,Media Ladera Derecha,Curva Derecha,Parcial con paso alternado,8,0,0,0,2.0,Choque,fallas mecanicas y del sistema electrico,6211_1_112,8.0,0.0
Casanare,2020-12-15 17:39:00,25,350.0,2020-11-20 05:00:00,viernes,0,Seca,Seca y limpia,Montañoso,Media ladera Izquierda,Curva Derecha,Transito normal con precaución,4,0,0,0,2.0,Volcamiento,exceso en horas de conduccion,6211_1_25,4.0,0.0
Cesar,2020-12-15 19:34:00,15,340.0,2020-10-25 05:00:00,domingo,40,Normal,Seca y limpia,Plano,Terraplen,Recta,Parcial con paso alternado,0,50,0,0,1.0,Choque,desobediencia a normas y senales,8004A_1_15,9.0,15.0
Cesar,2020-12-15 19:42:00,89,400.0,2020-10-10 05:00:00,sabado,30,Normal,Seca y limpia,Plano,Terraplen,Recta,Parcial con paso alternado,0,50,0,0,1.0,Choque,maniobras imprudentes,4901_1_89,22.0,2.0
Cesar,2020-12-15 21:00:00,48,250.0,2020-10-29 05:00:00,jueves,40,Normal,Seca y limpia,Plano,Terraplen,Recta,Transito normal con precaución,0,50,0,0,1.0,Choque,maniobras imprudentes,4901_1_48,12.0,12.0
Cesar,2020-12-15 21:03:00,106,0.0,2020-10-30 05:00:00,viernes,15,Normal,Humeda,Plano,Terraplen,Recta,Transito normal con precaución,1,5,0,0,0.0,Choque,condiciones de la via y factores ambientales,4901_1_106,22.0,3.0
Casanare,2020-12-16 04:42:00,90,360.0,2020-11-09 05:00:00,lunes,30,Normal,Seca y limpia,Plano,Terraplen,Recta,Parcial con reducción de carriles,2,30,0,0,0.0,Choque,condiciones de la via y factores ambientales,6513_0_90,16.0,10.0
Cesar,2020-12-15 15:25:00,56,0.0,2020-11-26 05:00:00,jueves,50,Normal,Seca y limpia,Plano,Terraplen,Recta,Parcial con reducción de carriles,0,25,0,0,0.0,Choque,no mantener distancia de seguridad,4901_1_56,7.0,17.0
Casanare,2020-12-15 15:14:00,60,200.0,2020-03-11 05:00:00,miercoles,0,Lluvia,Humeda,Montañoso,Media Ladera Derecha,Curva Derecha,Transito normal con precaución,20,0,0,0,0.0,Salida de la vía sin volcarse,exceso en horas de conduccion,6211_1_60,20.0,0.0
Casanare,2020-12-15 15:14:00,26,400.0,2020-03-16 05:00:00,lunes,40,Lluvia,Humeda,Plano,Media ladera Izquierda,Curva Derecha,Transito normal con precaución,4,0,0,0,0.0,Volcamiento,fallas mecanicas y del sistema electrico,6211_1_26,3.0,1.0
Casanare,2020-12-15 15:14:00,38,100.0,2020-03-19 05:00:00,jueves,0,Lluvia,Humeda,Montañoso,Media Ladera Derecha,Curva Izquierda,Parcial con reducción de carriles,5,30,2,0,2.0,Volcamiento,exceso en horas de conduccion,6211_1_38,5.0,0.0
Casanare,2020-12-15 15:14:00,44,500.0,2020-04-09 05:00:00,jueves,30,Sol,Seca y limpia,Montañoso,Cajón,Recta,Transito normal con precaución,12,30,0,0,2.0,Volcamiento,exceso en horas de conduccion,6211_1_44,12.0,0.0
Casanare,2020-12-15 15:14:00,30,780.0,2020-04-18 05:00:00,sabado,0,Seca,Seca y limpia,Montañoso,Media Ladera Derecha,Curva Izquierda,Parcial con paso alternado,4,0,0,0,2.0,Volcamiento,exceso de velocidad,6211_1_30,4.0,0.0
Casanare,2020-12-15 15:14:00,38,50.0,2020-04-30 05:00:00,jueves,10,Seca,Seca y limpia,Ondulado,Terraplen,Curva Izquierda,Parcial con paso alternado,9,10,0,0,2.0,Choque,adelantamientos indebidos,6211_1_38,9.0,0.0
Casanare,2020-12-15 15:14:00,39,0.0,2020-05-07 05:00:00,jueves,0,Sol,Seca y limpia,Montañoso,Media ladera Izquierda,Curva Derecha,Transito normal con precaución,21,0,0,0,2.0,Salida de la vía sin volcarse,exceso en horas de conduccion,6211_1_39,21.0,0.0
Casanare,2020-12-15 15:14:00,60,500.0,2020-05-22 05:00:00,viernes,25,Lluvia,Humeda,Montañoso,Media Ladera Derecha,Curva Derecha,Cierre total,15,25,0,0,3.0,Choque,adelantamientos indebidos,6211_1_60,15.0,0.0
Casanare,2020-12-15 15:14:00,39,400.0,2020-05-28 05:00:00,jueves,20,Lluvia,Humeda,Montañoso,Media Ladera Derecha,Curva Derecha,Parcial con paso alternado,14,40,0,0,3.0,Choque,exceso de velocidad,6211_1_39,14.0,0.0
Casanare,2020-12-15 15:14:00,57,190.0,2020-07-01 05:00:00,miercoles,40,Lluvia,Humeda,Montañoso,Media Ladera Derecha,Curva Derecha,Transito normal con precaución,12,40,0,0,4.0,Salida de la vía sin volcarse,exceso en horas de conduccion,6211_1_57,12.0,0.0
Casanare,2020-12-15 15:14:00,30,600.0,2020-07-02 05:00:00,jueves,30,Lluvia,Humeda,Montañoso,Media Ladera Derecha,Curva Derecha,Parcial con paso alternado,8,30,0,0,4.0,Choque,adelantamientos indebidos,6211_1_30,8.0,0.0
Casanare,2020-12-15 15:14:00,83,200.0,2020-07-06 05:00:00,lunes,0,Lluvia,Humeda,Montañoso,Media Ladera Derecha,Curva Derecha,Parcial con paso alternado,4,0,0,0,4.0,Salida de la vía sin volcarse,estacionamiento y senalizacion imprudente,6211_1_83,4.0,0.0
Casanare,2020-12-15 15:14:00,57,0.0,2020-07-10 05:00:00,viernes,50,Lluvia,Humeda,Montañoso,Media Ladera Derecha,Curva Derecha,Cierre total,16,50,0,0,4.0,Choque,adelantamientos indebidos,6211_1_57,16.0,0.0
Casanare,2020-12-15 15:14:00,19,850.0,2020-07-20 05:00:00,lunes,50,Lluvia,Humeda,Montañoso,Media Ladera Derecha,Curva Izquierda,Transito normal con precaución,13,50,0,0,4.0,Choque,adelantamientos indebidos,6211_1_19,13.0,0.0
Casanare,2020-12-15 15:14:00,26,800.0,2020-08-07 05:00:00,viernes,0,Lluvia,Humeda,Montañoso,Media Ladera Derecha,Recta,Parcial con paso alternado,4,0,0,0,4.0,Salida de la vía sin volcarse,desobediencia a normas y senales,6211_1_26,4.0,0.0
Casanare,2020-12-15 15:14:00,76,350.0,2020-08-20 05:00:00,jueves,0,Seca,Seca y limpia,Montañoso,Media Ladera Derecha,Curva Izquierda,Transito normal con precaución,6,0,0,0,4.0,Volcamiento,exceso en horas de conduccion,6211_1_76,6.0,0.0
Casanare,2020-12-15 15:14:00,39,0.0,2020-09-04 05:00:00,viernes,25,Lluvia,Humeda,Montañoso,Media Ladera Derecha,Curva Izquierda,Transito normal con precaución,17,25,1,0,5.0,Choque,adelantamientos indebidos,6211_1_39,17.0,0.0
Casanare,2020-12-15 15:14:00,47,50.0,2020-09-24 05:00:00,jueves,0,Lluvia,Humeda,Montañoso,Media Ladera Derecha,Curva Izquierda,Parcial con paso alternado,14,0,2,0,8.0,Choque,fallas mecanicas y del sistema electrico,6211_1_47,14.0,0.0
Casanare,2020-12-15 15:14:00,89,700.0,2020-10-07 05:00:00,miercoles,0,Sol,Seca y limpia,Montañoso,Media Ladera Derecha,Curva Derecha,Transito normal con precaución,9,0,2,0,10.0,Choque,adelantamientos indebidos,6211_1_89,9.0,0.0
Casanare,2020-12-15 15:14:00,50,350.0,2020-10-08 05:00:00,jueves,0,Lluvia,Humeda,Montañoso,Media ladera Izquierda,Curva Izquierda,Parcial con paso alternado,4,0,2,0,12.0,Volcamiento,fallas mecanicas y del sistema electrico,6211_1_50,4.0,0.0
Casanare,2020-12-15 15:14:00,52,700.0,2020-10-09 05:00:00,viernes,0,Seca,Seca y limpia,Montañoso,Media Ladera Derecha,Recta,Transito normal con precaución,4,0,0,0,12.0,Volcamiento,exceso de velocidad,6211_1_52,4.0,0.0
Casanare,2020-12-15 15:14:00,32,700.0,2020-10-20 05:00:00,martes,0,Sol,Seca y limpia,Montañoso,Media Ladera Derecha,Curva Izquierda,Transito normal con precaución,6,0,0,0,13.0,Choque,exceso en horas de conduccion,6211_1_32,6.0,0.0
Casanare,2020-12-15 15:14:00,65,80.0,2020-10-24 05:00:00,sabado,0,Lluvia,Humeda,Montañoso,Media ladera Izquierda,Curva Derecha,Parcial con paso alternado,10,0,0,0,13.0,Salida de la vía sin volcarse,estacionamiento y senalizacion imprudente,6211_1_65,10.0,0.0
Casanare,2020-12-15 15:14:00,118,150.0,2020-10-28 05:00:00,miercoles,0,Seca,Seca y limpia,Montañoso,Media ladera Izquierda,Curva Izquierda,Parcial con paso alternado,7,0,0,0,13.0,Choque,exceso de velocidad,6211_1_118,7.0,0.0
Casanare,2020-12-15 17:39:00,94,590.0,2020-11-03 05:00:00,martes,0,Lluvia,Humeda,Montañoso,Media Ladera Derecha,Curva Derecha,Transito normal con precaución,5,0,0,0,0.0,Volcamiento,fallas mecanicas y del sistema electrico,6211_1_94,5.0,0.0
Casanare,2020-12-15 17:39:00,67,300.0,2020-11-05 05:00:00,jueves,15,Seca,Seca y limpia,Montañoso,Media Ladera Derecha,Curva Derecha,Transito normal con precaución,13,15,2,0,2.0,Choque,exceso de velocidad,6211_1_67,13.0,0.0
Casanare,2020-12-15 17:39:00,78,700.0,2020-11-08 05:00:00,domingo,0,Seca,Seca y limpia,Montañoso,Media Ladera Derecha,Curva Derecha,Parcial restringido a vehiculos pesados,8,0,0,0,2.0,Choque,fallas mecanicas y del sistema electrico,6211_1_78,8.0,0.0
Casanare,2020-12-15 17:39:00,60,850.0,2020-11-12 05:00:00,jueves,30,Seca,Seca y limpia,Montañoso,Media Ladera Derecha,Curva Izquierda,Transito normal con precaución,8,30,0,0,2.0,Salida de la vía sin volcarse,exceso de velocidad,6211_1_60,8.0,0.0
Casanare,2020-12-15 17:39:00,95,330.0,2020-11-16 05:00:00,lunes,0,Lluvia,Humeda,Montañoso,Media Ladera Derecha,Curva Derecha,Parcial con paso alternado,3,0,0,0,2.0,Volcamiento,exceso en horas de conduccion,6211_1_95,3.0,0.0
Casanare,2020-12-15 17:39:00,103,750.0,2020-11-24 05:00:00,martes,30,Lluvia,Humeda,Montañoso,Media Ladera Derecha,Curva Derecha,Transito normal con precaución,13,30,0,0,2.0,Otro,conducta de peatones,6211_1_103,13.0,0.0
Casanare,2020-12-15 17:39:00,30,150.0,2020-12-07 05:00:00,lunes,30,Sol,Seca y limpia,Montañoso,Media ladera Izquierda,Curva Izquierda,Transito normal con precaución,14,30,0,0,2.0,Salida de la vía sin volcarse,exceso de velocidad,6211_1_30,14.0,0.0
Casanare,2020-12-15 17:39:00,66,800.0,2020-12-10 05:00:00,jueves,40,Sol,Seca y limpia,Montañoso,Media Ladera Derecha,Curva Derecha,Parcial con paso alternado,6,40,0,2,4.0,Volcamiento,fallas mecanicas y del sistema electrico,6211_1_66,6.0,0.0
Casanare,2020-12-15 17:39:00,57,400.0,2020-12-15 05:00:00,martes,0,Seca,Seca y limpia,Montañoso,Media ladera Izquierda,Curva Izquierda,Parcial con paso alternado,3,0,0,0,5.0,Volcamiento,exceso de velocidad,6211_1_57,3.0,0.0
Cesar,2020-12-15 19:24:00,18,0.0,2020-10-18 05:00:00,domingo,30,Normal,Seca y limpia,Montañoso,Cajón,Recta,Transito normal con precaución,1,20,2,0,5.0,Choque,no mantener distancia de seguridad,8004A_1_18,16.0,9.0
Cesar,2020-12-15 19:49:00,137,650.0,2020-10-12 05:00:00,lunes,45,Normal,Seca y limpia,Plano,Terraplen,Recta,Parcial con paso alternado,0,15,0,0,5.0,Choque,no mantener distancia de seguridad,4901_1_137,12.0,12.0
Cesar,2020-12-15 19:58:00,12,0.0,2020-10-15 05:00:00,jueves,50,Normal,Seca y limpia,Plano,Terraplen,Recta,Transito normal con precaución,1,0,0,0,0.0,Choque,condiciones de la via y factores ambientales,8004A_1_12,8.0,17.0
Cesar,2020-12-15 20:09:00,27,0.0,2020-10-17 05:00:00,sabado,30,Normal,Seca y limpia,Plano,Terraplen,Recta,Parcial con paso alternado,1,0,0,0,2.0,Choque,condiciones de la via y factores ambientales,8004A_1_27,17.0,8.0
Cesar,2020-12-15 20:15:00,106,800.0,2020-10-21 05:00:00,miercoles,50,Normal,Seca y limpia,Plano,Terraplen,Recta,Transito normal con precaución,0,30,0,0,0.0,Choque,condiciones de la via y factores ambientales,4901_1_106,22.0,2.0
Antioquia,2020-12-15 20:40:00,93,180.4,2020-09-08 05:00:00,martes,30,Normal,Seca y limpia,Montañoso,Media Ladera Derecha,Recta,Parcial con reducción de carriles,18,45,0,0,0.0,Choque,no mantener distancia de seguridad,6003_1_93,18.0,0.0
Cesar,2020-12-15 20:34:00,84,200.0,2020-10-20 05:00:00,martes,45,Normal,Seca y limpia,Plano,Terraplen,Recta,Transito normal con precaución,0,30,0,0,0.0,Choque,maniobras imprudentes,4901_1_84,9.0,15.0
Cesar,2020-12-15 21:08:00,2,25.0,2020-10-31 05:00:00,sabado,30,Lluvia,Humeda,Plano,Terraplen,Recta,Transito normal con precaución,0,5,0,0,0.0,Choque,condiciones de la via y factores ambientales,8004_1_2,18.0,6.0
Cesar,2020-12-15 21:11:00,118,973.0,2020-10-04 05:00:00,domingo,0,Normal,Seca y limpia,Plano,Terraplen,Recta,Transito normal con precaución,0,0,0,1,1.0,Choque,maniobras imprudentes,4901_1_118,3.0,21.0
Cesar,2020-12-15 22:58:00,8,800.0,2020-11-27 05:00:00,viernes,30,Normal,Seca y limpia,Plano,Terraplen,Curva Izquierda,Parcial con paso alternado,0,40,0,0,0.0,Choque,no mantener distancia de seguridad,8004A_1_8,8.0,16.0
Ocaña,2020-12-16 15:37:00,0,270.0,2020-10-03 05:00:00,sabado,15,Normal,Seca y limpia,Ondulado,Terraplen,Curva Izquierda,Transito normal con precaución,0,0,1,0,1.0,Choque,embriaguez o sustancias alucinogenas,7008_1_0,2.0,22.0
Ocaña,2020-12-16 15:41:00,51,140.0,2020-10-05 05:00:00,lunes,10,Normal,Seca y limpia,Ondulado,Media ladera Izquierda,Recta,Transito normal con precaución,0,0,2,0,2.0,Choque,embriaguez o sustancias alucinogenas,7007_1_51,0.0,0.0
Ocaña,2020-12-16 15:41:00,54,728.0,2020-10-17 05:00:00,sabado,30,Sol,Seca y limpia,Plano,Terraplen,Recta,Transito normal con precaución,0,0,2,0,4.0,Choque,embriaguez o sustancias alucinogenas,7007_1_54,16.0,8.0
Bolívar,2020-12-16 20:41:00,20,520.0,2020-11-20 05:00:00,viernes,55,Normal,Seca y limpia,Plano,Terraplen,Recta,Transito normal con precaución,0,0,0,0,0.0,Choque,condiciones de la via y factores ambientales,7803_0_20,4.0,20.0
Bolívar,2020-12-16 20:44:00,1,198.0,2020-11-25 05:00:00,miercoles,0,Normal,Seca y limpia,Plano,Terraplen,Recta,Transito normal con precaución,0,0,2,0,2.0,Choque,maniobras imprudentes,7804_0_1,18.0,6.0
Ocaña,2020-12-16 15:41:00,49,84.0,2020-10-13 05:00:00,martes,10,Sol,Seca y limpia,Plano,Terraplen,Recta,Transito normal con precaución,0,0,0,0,0.0,Choque,desobediencia a normas y senales,7007_1_49,7.0,17.0
Meta,2020-12-16 16:54:00,4,600.0,2020-11-17 05:00:00,martes,15,Seca,Seca y limpia,Plano,Terraplen,Recta,Transito normal con precaución,16,15,2,0,4.0,Choque,conducta de peatones,6507_0_4,16.0,0.0
Tolima,2020-12-16 19:18:00,43,123.0,2020-11-05 05:00:00,jueves,40,Normal,Seca y limpia,Plano,Terraplen,Recta,Transito normal con precaución,14,40,5,0,5.0,Volcamiento,estacionamiento y senalizacion imprudente,3602_0_43,14.0,0.0
Bolívar,2020-12-16 20:26:00,1,625.0,2020-10-29 05:00:00,jueves,0,Normal,Seca y limpia,Plano,Terraplen,Curva Izquierda,Transito normal con precaución,0,0,0,1,1.0,Atropello,conducta de peatones,7804_0_1,22.0,2.0
Bolívar,2020-12-16 20:30:00,6,100.0,2020-10-30 05:00:00,viernes,45,Normal,Seca y limpia,Plano,Terraplen,Recta,Transito normal con precaución,0,0,1,0,1.0,Choque,otra - conductor en general,7803_0_6,21.0,3.0
Bolívar,2020-12-16 20:38:00,1,550.0,2020-11-06 05:00:00,viernes,20,Normal,Seca y limpia,Plano,Terraplen,Recta,Transito normal con precaución,0,0,0,1,1.0,Atropello,conducta de peatones,78BL02_0_1,4.0,20.0
Planta Central,2020-12-16 22:41:00,9,100.0,2020-10-06 05:00:00,martes,15,Normal,Aceite,Montañoso,Media ladera Izquierda,Curva Izquierda,Parcial con paso alternado,0,20,0,0,0.0,Choque,condiciones de la via y factores ambientales,4003_1_9,6.0,18.0
Casanare,2020-12-17 04:29:00,30,150.0,2020-10-21 05:00:00,miercoles,0,Normal,Seca y limpia,Plano,Terraplen,Recta,Parcial con paso alternado,1,30,0,0,0.0,Choque,otra - conductor en general,6513_0_30,12.0,13.0
Risaralda,2020-12-17 15:04:00,5,700.0,2020-11-01 05:00:00,domingo,15,Normal,Seca y limpia,Plano,Media ladera Izquierda,Recta,Parcial con reducción de carriles,0,30,0,0,0.0,Choque,no mantener distancia de seguridad,29RS01_2_5,12.0,12.0
Caquetá,2020-12-17 15:25:00,52,500.0,2020-12-11 05:00:00,viernes,40,Sol,Seca y limpia,Ondulado,Terraplen,Recta,Transito normal con precaución,18,40,3,0,3.0,Choque,adelantamientos indebidos,6502_1_52,18.0,0.0
Cauca,2020-12-17 15:17:00,78,0.0,2020-12-14 05:00:00,lunes,40,Sol,Seca y limpia,Montañoso,Media ladera Izquierda,Recta,Transito normal con precaución,0,0,0,0,2.0,Volcamiento,exceso de velocidad,3701_1_78,14.0,10.0
Risaralda,2020-12-17 15:04:00,10,1000.0,2020-11-05 05:00:00,jueves,0,Normal,Seca y limpia,Plano,Terraplen,Curva Derecha,Parcial con reducción de carriles,0,30,0,0,0.0,Choque,desobediencia a normas y senales,29RS01_1_10,9.0,15.0
Risaralda,2020-12-17 15:04:00,85,900.0,2020-11-06 05:00:00,viernes,50,Normal,Seca y limpia,Plano,Terraplen,Recta,Parcial con reducción de carriles,0,30,0,0,0.0,Choque,no mantener distancia de seguridad,2506_1_85,9.0,15.0
Meta,2020-12-17 17:22:00,26,900.0,2020-11-29 05:00:00,domingo,50,Seca,Seca y limpia,Plano,Terraplen,Recta,Transito normal con precaución,19,50,0,1,1.0,Choque,no mantener distancia de seguridad,6507_0_26,19.0,0.0
Santander,2020-12-18 13:37:00,32,593.0,2020-10-02 05:00:00,viernes,0,Normal,Seca y limpia,Ondulado,Media ladera Izquierda,Recta,Transito normal con precaución,22,0,1,0,1.0,Choque,desobediencia a normas y senales,5504_1_32,19.0,3.0
Valle del Cauca,2020-12-18 14:12:00,11,63.0,2020-08-17 05:00:00,lunes,20,Normal,Seca y limpia,Montañoso,Media Ladera Derecha,Recta,Parcial con reducción de carriles,14,25,0,0,0.0,Choque,otra - pasajero o acompanante,1901_0_11,14.0,0.0
Casanare,2020-12-18 15:42:00,20,350.0,2020-12-08 05:00:00,martes,20,Normal,Seca y limpia,Plano,Terraplen,Curva Derecha,Transito normal con precaución,0,0,0,0,1.0,Volcamiento,exceso en horas de conduccion,6513_0_20,5.0,19.0
Risaralda,2020-12-18 20:10:00,3,867.0,2020-11-08 05:00:00,domingo,45,Normal,Seca y limpia,Plano,Terraplen,Recta,Parcial con reducción de carriles,0,35,0,0,0.0,Choque,maniobras imprudentes,29RS01_2_3,19.0,5.0
Risaralda,2020-12-18 20:10:00,5,900.0,2020-11-17 05:00:00,martes,40,Normal,Seca y limpia,Plano,Terraplen,Recta,Transito normal con precaución,0,30,0,0,0.0,Choque,no mantener distancia de seguridad,29RS01_1_5,16.0,8.0
Risaralda,2020-12-18 20:10:00,79,0.0,2020-11-21 05:00:00,sabado,35,Normal,Seca y limpia,Plano,Media Ladera Derecha,Curva Derecha,Parcial con reducción de carriles,0,45,2,0,2.0,Choque,maniobras imprudentes,2506_2_79,10.0,14.0
Santander,2020-12-18 13:44:00,41,770.0,2020-10-10 05:00:00,sabado,30,Normal,Seca y limpia,Ondulado,Media Ladera Derecha,Curva Derecha,Parcial con paso alternado,8,0,0,0,0.0,Choque,otra - conductor en general,55ST02_1_41,7.0,1.0
Santander,2020-12-18 13:44:00,1,251.0,2020-10-14 05:00:00,miercoles,0,Lluvia,Humeda,Plano,Media Ladera Derecha,Recta,Transito normal con precaución,19,30,1,0,1.0,Choque,estacionamiento y senalizacion imprudente,5504_1_1,21.0,22.0
Valle del Cauca,2020-12-18 14:15:00,19,165.0,2020-08-23 05:00:00,domingo,30,Normal,Seca y limpia,Ondulado,Media Ladera Derecha,Recta,Parcial con reducción de carriles,18,10,2,0,2.0,Choque,maniobras imprudentes,1901_0_19,17.0,1.0
Risaralda,2020-12-18 20:10:00,77,380.0,2020-11-07 05:00:00,sabado,0,Normal,Seca y limpia,Plano,Media Ladera Derecha,Curva Derecha,Parcial con reducción de carriles,0,35,0,0,0.0,Choque,adelantamientos indebidos,2506_1_77,2.0,22.0
Risaralda,2020-12-18 20:10:00,4,959.0,2020-11-12 05:00:00,jueves,15,Normal,Seca y limpia,Plano,Cajón,Recta,Parcial con reducción de carriles,18,15,0,0,0.0,Choque,no mantener distancia de seguridad,29RS01_1_4,16.0,2.0
Risaralda,2020-12-18 20:10:00,5,0.0,2020-11-17 05:00:00,martes,10,Normal,Seca y limpia,Plano,Media ladera Izquierda,Recta,Parcial con reducción de carriles,0,45,0,0,0.0,Choque,no mantener distancia de seguridad,29RS01_2_5,17.0,7.0
Risaralda,2020-12-18 20:10:00,6,900.0,2020-11-22 05:00:00,domingo,0,Normal,Humeda,Plano,Terraplen,Recta,Parcial con reducción de carriles,0,30,0,0,2.0,Otro,condiciones de la via y factores ambientales,29RS01_2_6,17.0,7.0
Planta Central,2020-12-18 20:51:00,18,0.0,2020-10-06 05:00:00,martes,40,Normal,Seca y limpia,Montañoso,Media Ladera Derecha,Curva Izquierda,Transito normal con precaución,0,20,0,0,0.0,Choque,otra - conductor en general,4003_1_18,5.0,19.0
Guajira,2020-12-19 17:12:00,30,200.0,2020-11-02 05:00:00,lunes,0,Normal,Seca y limpia,Plano,Terraplen,Recta,Transito normal con precaución,16,0,1,0,1.0,Choque,no mantener distancia de seguridad,4902_1_30,16.0,0.0
Quindío,2020-12-28 14:03:00,1,1060.0,2020-11-25 05:00:00,miercoles,16,Lluvia,Humeda,Plano,Terraplen,Curva Derecha,Cierre total,0,0,0,0,1.0,Choque,otra - conductor en general,40QN05_0_1,15.0,9.0
Guajira,2020-12-19 17:22:00,10,700.0,2020-11-11 05:00:00,miercoles,40,Normal,Seca y limpia,Plano,Terraplen,Recta,Transito normal con precaución,12,40,0,0,0.0,Choque,adelantamientos indebidos,8801_1_10,12.0,0.0
Guajira,2020-12-19 17:29:00,48,200.0,2020-11-26 05:00:00,jueves,50,Normal,Seca y limpia,Plano,Terraplen,Recta,Transito normal con precaución,17,50,2,0,2.0,Caída ocupante,fallas mecanicas y del sistema electrico,8004A_1_48,17.0,0.0
Cauca,2020-12-20 21:48:00,91,980.0,2020-12-19 05:00:00,sabado,30,Sol,Material suelto,Montañoso,Media Ladera Derecha,Recta,Cierre total,3,0,0,1,2.0,Choque,fallas mecanicas y del sistema electrico,2602_0_91,12.0,15.0
Putumayo,2020-12-20 23:09:00,65,890.0,2020-11-03 05:00:00,martes,0,Sol,Seca y limpia,Plano,Cajón,Recta,Transito normal con precaución,10,30,0,0,0.0,Choque,adelantamientos indebidos,1003_1_65,10.0,0.0
Putumayo,2020-12-21 00:19:00,118,200.0,2020-11-26 05:00:00,jueves,0,Sol,Seca y limpia,Montañoso,Media Ladera Derecha,Curva Izquierda,Cierre total,12,0,0,0,0.0,Choque,exceso de velocidad,1003_1_118,11.0,1.0
Putumayo,2020-12-21 00:04:00,40,350.0,2020-11-19 05:00:00,jueves,50,Sol,Seca y limpia,Plano,Terraplen,Curva Izquierda,Transito normal con precaución,16,50,0,0,0.0,Volcamiento,exceso de velocidad,1003_1_40,16.0,0.0
Putumayo,2020-12-21 12:19:00,54,800.0,2020-11-20 05:00:00,viernes,40,Sol,Seca y limpia,Plano,Terraplen,Recta,Cierre total,8,40,0,1,1.0,Atropello,exceso de velocidad,1003_1_54,8.0,0.0
Nariño,2020-12-21 15:05:00,27,679.0,2020-11-11 05:00:00,miercoles,45,Seca,Seca y limpia,Plano,Terraplen,Recta,Transito normal con precaución,0,15,0,1,1.0,Atropello,impericia en el manejo,1001_0_27,9.0,15.0
Planta Central,2020-12-21 15:58:00,18,500.0,2020-09-18 05:00:00,viernes,0,Lluvia,Humeda,Ondulado,Media Ladera Derecha,Curva Izquierda,Transito normal con precaución,0,0,0,0,0.0,Choque,no mantener distancia de seguridad,4001_1_18,6.0,18.0
Planta Central,2020-12-21 16:35:00,109,50.0,2020-09-25 05:00:00,viernes,20,Normal,Seca y limpia,Ondulado,Cajón,Recta,Parcial con paso alternado,13,20,0,0,0.0,Volcamiento,otra - conductor en general,4001_1_109,13.0,0.0
Valle del Cauca,2020-12-21 16:41:00,17,200.0,2020-09-05 05:00:00,sabado,0,Normal,Seca y limpia,Montañoso,Media Ladera Derecha,Recta,Parcial con reducción de carriles,22,20,0,0,0.0,Choque,otra - pasajero o acompanante,1901_0_17,21.0,1.0
Valle del Cauca,2020-12-21 16:48:00,10,189.0,2020-09-07 05:00:00,lunes,37,Normal,Seca y limpia,Montañoso,Media ladera Izquierda,Recta,Parcial con reducción de carriles,3,0,2,0,2.0,Volcamiento,otra - pasajero o acompanante,1901_0_10,1.0,2.0
Planta Central,2020-12-21 17:02:00,111,200.0,2020-09-18 05:00:00,viernes,16,Normal,Aceite,Plano,Terraplen,Recta,Transito normal con precaución,21,16,0,0,0.0,Choque,condiciones de la via y factores ambientales,4001_1_111,21.0,0.0
Valle del Cauca,2020-12-21 19:25:00,17,0.0,2020-09-27 05:00:00,domingo,50,Normal,Seca y limpia,Montañoso,Media ladera Izquierda,Recta,Parcial con reducción de carriles,11,30,0,0,0.0,Choque,adelantamientos indebidos,1901_0_17,10.0,1.0
Boyacá,2020-12-21 19:50:00,3,60.0,2020-12-14 05:00:00,lunes,10,Sol,Seca y limpia,Montañoso,Media Ladera Derecha,Curva Derecha,Transito normal con precaución,0,0,2,0,2.0,Choque,adelantamientos indebidos,6007_0_3,14.0,10.0
Nariño,2020-12-21 15:00:00,1,300.0,2020-11-10 05:00:00,martes,40,Seca,Seca y limpia,Plano,Terraplen,Recta,Transito normal con precaución,0,20,0,2,2.0,Volcamiento,exceso de velocidad,1001_0_1,16.0,8.0