territorial,fecha_registro,pr,distancia_pr,fecha_acc,dia_semana_acc,min_acc,condic_meteor,estado_super,terreno,secc_tip,geometria_acc,tipo_cierre,horas_cierre,min_cierre,n_heridos,n_muertos,n_victimas,clase_accidente,causa_posible,ref_loc,hora_acc,duracion_cierre_horas
Planta Central,2020-12-21 16:07:00,89,700.0,2020-09-23 05:00:00,miercoles,10,Normal,Seca y limpia,Plano,Terraplen,Recta,Parcial con paso alternado,8,10,0,0,0.0,Volcamiento,fallas mecanicas y del sistema electrico,4001_2_89,8.0,0.0
Planta Central,2020-12-21 16:21:00,94,0.0,2020-09-26 05:00:00,sabado,40,Normal,Seca y limpia,Ondulado,Media Ladera Derecha,Curva Izquierda,Parcial con paso alternado,18,40,0,0,0.0,Volcamiento,otra - conductor en general,4001_1_94,18.0,0.0
Planta Central,2020-12-21 16:53:00,109,480.0,2020-09-19 05:00:00,sabado,20,Normal,Seca y limpia,Ondulado,Media Ladera Derecha,Recta,Parcial con paso alternado,21,20,0,0,0.0,Volcamiento,otra - conductor en general,4001_1_109,21.0,0.0
Planta Central,2020-12-21 17:09:00,117,150.0,2020-09-01 05:00:00,martes,0,Normal,Seca y limpia,Plano,Terraplen,Curva Izquierda,Parcial con paso alternado,23,0,0,0,0.0,Choque,otra - conductor en general,4001_1_117,23.0,0.0
Valle del Cauca,2020-12-21 19:22:00,11,0.0,2020-09-20 05:00:00,domingo,40,Lluvia,Humeda,Montañoso,Media ladera Izquierda,Recta,Parcial con reducción de carriles,18,0,0,0,0.0,Choque,no mantener distancia de seguridad,1901_0_11,16.0,2.0
Valle del Cauca,2020-12-21 19:29:00,13,23.0,2020-09-30 05:00:00,miercoles,50,Normal,Seca y limpia,Montañoso,Media ladera Izquierda,Curva Derecha,Parcial con reducción de carriles,19,30,3,0,3.0,Choque,otra - pasajero o acompanante,1901_0_13,18.0,1.0
Risaralda,2020-12-22 13:27:00,77,405.0,2020-11-22 05:00:00,domingo,0,Normal,Seca y limpia,Plano,Media Ladera Derecha,Curva Derecha,Parcial con reducción de carriles,0,30,0,0,0.0,Choque,no mantener distancia de seguridad,2506_1_77,19.0,5.0
Risaralda,2020-12-22 16:55:00,86,0.0,2020-11-27 05:00:00,viernes,30,Normal,Seca y limpia,Plano,Terraplen,Recta,Parcial con reducción de carriles,0,30,0,0,0.0,Choque,no mantener distancia de seguridad,2506_2_86,0.0,0.0
Risaralda,2020-12-22 16:55:00,8,700.0,2020-11-28 05:00:00,sabado,30,Normal,Seca y limpia,Plano,Terraplen,Recta,Parcial con reducción de carriles,0,30,0,0,0.0,Choque,no mantener distancia de seguridad,29RS01_1_8,15.0,9.0
Planta Central,2020-12-23 19:09:00,4,70.0,2020-11-01 05:00:00,domingo,30,Seca,Seca y limpia,Ondulado,Terraplen,Recta,Transito normal con precaución,9,30,0,0,0.0,Salida de la vía sin volcarse,otra - conductor en general,45ABYB_0_4,9.0,0.0
Planta Central,2020-12-23 19:32:00,76,485.0,2020-11-02 05:00:00,lunes,44,Sol,Seca y limpia,Montañoso,Media ladera Izquierda,Curva Izquierda,Transito normal con precaución,11,44,1,0,1.0,Salida de la vía sin volcarse,otra - conductor en general,45A05_1_76,11.0,0.0
Santander,2020-12-23 22:42:00,119,208.0,2020-11-16 05:00:00,lunes,15,Normal,Seca y limpia,Ondulado,Media Ladera Derecha,Curva Derecha,Parcial con reducción de carriles,16,30,0,0,0.0,Choque,otra - conductor en general,55ST02_1_119,16.0,0.0
Norte de Santander,2020-12-27 16:58:00,88,0.0,2020-11-17 05:00:00,martes,0,Normal,Seca y limpia,Escarpado,Media ladera Izquierda,Curva Izquierda,Transito normal con precaución,9,0,0,1,2.0,Volcamiento,exceso de velocidad,7008_1_88,8.0,1.0
Planta Central,2020-12-27 21:47:00,62,400.0,2020-11-13 05:00:00,viernes,0,Seca,Seca y limpia,Ondulado,Terraplen,Curva Derecha,Transito normal con precaución,12,0,0,0,0.0,Volcamiento,otra - conductor en general,45A05_1_62,12.0,0.0
Planta Central,2020-12-27 21:53:00,53,0.0,2020-11-15 05:00:00,domingo,0,Sol,Seca y limpia,Plano,Terraplen,Recta,Transito normal con precaución,16,0,0,0,0.0,Choque,otra - conductor en general,45A05_1_53,16.0,0.0
Planta Central,2020-12-27 22:16:00,48,105.0,2020-11-16 05:00:00,lunes,30,Seca,Humeda,Plano,Terraplen,Recta,Transito normal con precaución,21,30,0,0,0.0,Choque,otra - conductor en general,45A05_2_48,21.0,0.0
Planta Central,2020-12-27 22:49:00,26,200.0,2020-11-17 05:00:00,martes,0,Seca,Seca y limpia,Plano,Terraplen,Curva Izquierda,Transito normal con precaución,5,0,0,0,0.0,Volcamiento,otra - conductor en general,45A05_1_26,5.0,0.0
Planta Central,2020-12-27 23:24:00,38,600.0,2020-11-20 05:00:00,viernes,0,Seca,Seca y limpia,Montañoso,Media ladera Izquierda,Curva Izquierda,Transito normal con precaución,7,0,1,0,1.0,Choque,desobediencia a normas y senales,45A05_1_38,7.0,0.0
Planta Central,2020-12-27 23:43:00,7,400.0,2020-11-21 05:00:00,sabado,30,Sol,Seca y limpia,Ondulado,Media ladera Izquierda,Recta,Transito normal con precaución,6,30,0,0,0.0,Volcamiento,otra - conductor en general,45A05_1_7,6.0,0.0
Planta Central,2020-12-27 23:56:00,40,850.0,2020-11-21 05:00:00,sabado,45,Seca,Seca y limpia,Ondulado,Media ladera Izquierda,Recta,Transito normal con precaución,3,45,0,0,0.0,Volcamiento,otra - conductor en general,45A05_1_40,3.0,0.0
Planta Central,2020-12-28 00:03:00,40,850.0,2020-11-21 05:00:00,sabado,45,Seca,Seca y limpia,Ondulado,Media ladera Izquierda,Recta,Transito normal con precaución,3,45,0,0,0.0,Salida de la vía sin volcarse,condiciones de la via y factores ambientales,45A05_1_40,3.0,0.0
Planta Central,2020-12-28 00:36:00,47,500.0,2020-11-24 05:00:00,martes,30,Lluvia,Humeda,Plano,Terraplen,Recta,Transito normal con precaución,19,30,1,0,1.0,Atropello,otra - conductor en general,45A05_1_47,19.0,0.0
Planta Central,2020-12-28 00:55:00,44,716.0,2020-11-25 05:00:00,miercoles,0,Seca,Seca y limpia,Plano,Terraplen,Recta,Transito normal con precaución,19,0,1,0,1.0,Choque,otra - conductor en general,45A05_1_44,19.0,0.0
Planta Central,2020-12-28 01:08:00,59,100.0,2020-11-27 05:00:00,viernes,10,Lluvia,Humeda,Plano,Media ladera Izquierda,Recta,Transito normal con precaución,20,10,1,0,1.0,Choque,otra - conductor en general,45A05_1_59,20.0,0.0
Planta Central,2020-12-27 21:00:00,8,400.0,2020-11-04 05:00:00,miercoles,0,Lluvia,Humeda,Ondulado,Media ladera Izquierda,Recta,Transito normal con precaución,16,0,0,0,0.0,Choque,fallas mecanicas y del sistema electrico,45A05_1_8,16.0,0.0
Planta Central,2020-12-27 21:07:00,52,500.0,2020-11-06 05:00:00,viernes,0,Seca,Seca y limpia,Plano,Terraplen,Recta,Transito normal con precaución,18,0,0,0,0.0,Choque,otra - conductor en general,45A05_2_52,18.0,0.0
Planta Central,2020-12-27 21:19:00,18,900.0,2020-11-07 05:00:00,sabado,0,Seca,Seca y limpia,Plano,Terraplen,Curva Derecha,Transito normal con precaución,9,0,4,0,4.0,Volcamiento,exceso de velocidad,45A05_1_18,9.0,0.0
Planta Central,2020-12-27 21:26:00,75,400.0,2020-11-07 05:00:00,sabado,0,Seca,Seca y limpia,Montañoso,Media ladera Izquierda,Recta,Transito normal con precaución,8,0,0,0,0.0,Salida de la vía sin volcarse,otra - conductor en general,45A05_1_75,8.0,0.0
Planta Central,2020-12-27 21:34:00,70,600.0,2020-11-08 05:00:00,domingo,30,Lluvia,Humeda,Montañoso,Media ladera Izquierda,Recta,Transito normal con precaución,23,30,0,0,0.0,Salida de la vía sin volcarse,otra - conductor en general,45A05_1_70,23.0,0.0
Planta Central,2020-12-27 22:01:00,68,700.0,2020-11-15 05:00:00,domingo,30,Seca,Seca y limpia,Ondulado,Media ladera Izquierda,Recta,Transito normal con precaución,7,30,0,0,0.0,Volcamiento,otra - conductor en general,45A05_1_68,7.0,0.0
Planta Central,2020-12-27 23:00:00,31,671.0,2020-11-17 05:00:00,martes,0,Seca,Seca y limpia,Plano,Terraplen,Curva Derecha,Transito normal con precaución,7,0,0,0,0.0,Volcamiento,otra - conductor en general,45A05_1_31,7.0,0.0
Planta Central,2020-12-27 23:10:00,15,100.0,2020-11-18 05:00:00,miercoles,40,Sol,Seca y limpia,Ondulado,Media ladera Izquierda,Recta,Transito normal con precaución,9,40,0,0,0.0,Choque,no mantener distancia de seguridad,45A05_1_15,9.0,0.0
Planta Central,2020-12-28 00:09:00,60,60.0,2020-11-21 05:00:00,sabado,0,Sol,Seca y limpia,Plano,Terraplen,Curva Izquierda,Transito normal con precaución,11,0,0,0,0.0,Salida de la vía sin volcarse,otra - conductor en general,45A05_1_60,11.0,0.0
Planta Central,2020-12-28 00:17:00,52,800.0,2020-11-23 05:00:00,lunes,0,Seca,Seca y limpia,Plano,Terraplen,Recta,Transito normal con precaución,20,0,1,0,1.0,Atropello,otra - conductor en general,45A05_1_52,20.0,0.0
Planta Central,2020-12-28 00:43:00,4,800.0,2020-11-24 05:00:00,martes,0,Sol,Seca y limpia,Montañoso,Media ladera Izquierda,Curva Izquierda,Transito normal con precaución,8,0,1,0,1.0,Choque,otra - conductor en general,45ABYB_0_4,8.0,0.0
Planta Central,2020-12-28 01:02:00,34,700.0,2020-11-26 05:00:00,jueves,0,Seca,Seca y limpia,Plano,Terraplen,Recta,Transito normal con precaución,7,0,1,0,1.0,Atropello,adelantamientos indebidos,45A05_1_34,7.0,0.0
Quindío,2020-12-28 13:15:00,4,760.0,2020-11-01 05:00:00,domingo,50,Normal,Seca y limpia,Montañoso,Cajón,Curva Izquierda,Transito normal con precaución,0,0,0,0,0.0,Volcamiento,otra - conductor en general,2901B_1_4,13.0,11.0
Quindío,2020-12-28 13:38:00,15,880.0,2020-11-10 05:00:00,martes,0,Lluvia,Humeda,Plano,Media ladera Izquierda,Recta,Transito normal con precaución,0,0,1,0,1.0,Choque,otra - pasajero o acompanante,2901B_1_15,17.0,7.0
Quindío,2020-12-28 14:00:00,5,900.0,2020-11-20 05:00:00,viernes,0,Viento,Seca y limpia,Plano,Terraplen,Curva Izquierda,Transito normal con precaución,0,0,2,0,2.0,Choque,otra - conductor en general,40QN05_0_5,7.0,17.0
Planta Central,2020-12-28 14:00:00,19,250.0,2020-11-05 05:00:00,jueves,0,Normal,Seca y limpia,Montañoso,Media ladera Izquierda,Curva Derecha,Parcial con reducción de carriles,23,0,0,0,0.0,Volcamiento,fallas mecanicas y del sistema electrico,45A07_1_19,8.0,15.0
Quindío,2020-12-28 14:10:00,15,200.0,2020-11-28 05:00:00,sabado,30,Sol,Seca y limpia,Plano,Media Ladera Derecha,Curva Izquierda,Transito normal con precaución,0,0,1,0,1.0,Volcamiento,otra - conductor en general,2901B_1_15,16.0,8.0
Planta Central,2020-12-28 14:12:00,82,500.0,2020-11-05 05:00:00,jueves,15,Normal,Seca y limpia,Plano,Terraplen,Curva Izquierda,Cierre total,1,30,0,0,0.0,Choque,desobediencia a normas y senales,45A07_2_82,6.0,19.0
Planta Central,2020-12-28 14:39:00,7,195.0,2020-11-07 05:00:00,sabado,0,Normal,Seca y limpia,Plano,Terraplen,Recta,Transito normal con precaución,1,30,1,0,1.0,Caída ocupante,exceso de velocidad,45AST08_1_7,4.0,21.0
Huila,2020-12-30 18:42:00,11,900.0,2020-10-03 05:00:00,sabado,30,Normal,Seca y limpia,Plano,Media Ladera Derecha,Recta,Cierre total,1,20,0,0,0.0,Incendio,fallas mecanicas y del sistema electrico,2003_0_11,12.0,13.0
Planta Central,2020-12-28 14:59:00,8,800.0,2020-11-15 05:00:00,domingo,8,Normal,Seca y limpia,Montañoso,Media ladera Izquierda,Recta,Cierre total,1,0,1,0,1.0,Choque,otra - pasajero o acompanante,45A07_1_8,10.0,15.0
Planta Central,2020-12-28 15:06:00,60,463.0,2020-11-16 05:00:00,lunes,40,Lluvia,Humeda,Montañoso,Media ladera Izquierda,Recta,Cierre total,3,0,1,0,1.0,Caída de carga,otra - pasajero o acompanante,45A07_1_60,18.0,9.0
Planta Central,2020-12-28 16:16:00,0,720.0,2020-11-30 05:00:00,lunes,20,Normal,Seca y limpia,Plano,Terraplen,Recta,Cierre total,1,30,0,0,1.0,Choque,otra - pasajero o acompanante,45AST08_2_0,7.0,18.0
Cauca,2020-12-28 17:06:00,34,794.0,2020-11-27 05:00:00,viernes,10,Normal,Seca y limpia,Ondulado,Media ladera Izquierda,Recta,Transito normal con precaución,16,10,0,1,1.0,Atropello,conducta de peatones,1203_0_34,16.0,0.0
Cauca,2020-12-28 18:06:00,9,80.0,2020-11-07 05:00:00,sabado,0,Sol,Seca y limpia,Ondulado,Cajón,Curva Izquierda,Transito normal con precaución,0,0,1,0,1.0,Caída ocupante,exceso de velocidad,2002_1_9,16.0,8.0
Cauca,2020-12-28 18:37:00,6,750.0,2020-11-22 05:00:00,domingo,30,Sol,Seca y limpia,Montañoso,Media Ladera Derecha,Curva Izquierda,Parcial con paso alternado,0,0,1,0,1.0,Choque,desobediencia a normas y senales,2401_0_6,13.0,11.0
Cauca,2020-12-28 18:42:00,54,160.0,2020-11-23 05:00:00,lunes,0,Normal,Seca y limpia,Montañoso,Media ladera Izquierda,Recta,Parcial con paso alternado,0,0,1,0,1.0,Volcamiento,condiciones de la via y factores ambientales,2001_1_54,6.0,18.0
Cauca,2020-12-28 18:50:00,25,500.0,2020-11-26 05:00:00,jueves,30,Normal,Seca y limpia,Montañoso,Media Ladera Derecha,Recta,Transito normal con precaución,0,0,0,0,0.0,Otro,exceso en horas de conduccion,2401_0_25,7.0,17.0
Boyacá,2020-12-29 00:41:00,65,200.0,2020-11-23 05:00:00,lunes,50,Normal,Seca y limpia,Plano,Cajón,Recta,Parcial con paso alternado,0,35,0,0,0.0,Choque,no mantener distancia de seguridad,6008_0_65,9.0,15.0
Quindío,2020-12-28 13:31:00,11,940.0,2020-11-09 05:00:00,lunes,10,Lluvia,Humeda,Montañoso,Cajón,Recta,Transito normal con precaución,0,0,0,0,1.0,Choque,impericia en el manejo,2901B_1_11,13.0,11.0
Planta Central,2020-12-28 13:37:00,52,520.0,2020-11-02 05:00:00,lunes,30,Normal,Seca y limpia,Montañoso,Media Ladera Derecha,Curva Derecha,Cierre total,1,0,2,0,2.0,Volcamiento,exceso de velocidad,45A07_1_52,15.0,10.0
Planta Central,2020-12-28 13:47:00,8,950.0,2020-11-03 05:00:00,martes,10,Normal,Seca y limpia,Plano,Terraplen,Recta,Transito normal con precaución,1,0,1,0,1.0,Choque,no mantener distancia de seguridad,45AST08_1_8,7.0,18.0
Quindío,2020-12-28 13:46:00,1,380.0,2020-11-20 05:00:00,viernes,30,Sol,Seca y limpia,Plano,Terraplen,Curva Izquierda,Transito normal con precaución,0,0,0,0,1.0,Choque,otra - conductor en general,2901B_1_1,7.0,17.0
Quindío,2020-12-28 14:15:00,17,950.0,2020-11-29 05:00:00,domingo,0,Sol,Seca y limpia,Plano,Terraplen,Curva Izquierda,Transito normal con precaución,0,0,0,0,3.0,Choque,otra - conductor en general,25VL07_1_17,17.0,7.0
Planta Central,2020-12-28 14:29:00,71,680.0,2020-11-06 05:00:00,viernes,45,Normal,Seca y limpia,Montañoso,Media Ladera Derecha,Curva Izquierda,Cierre total,2,0,0,0,0.0,Choque,otra - pasajero o acompanante,45A07_1_71,14.0,12.0
Meta,2020-12-28 14:44:00,20,400.0,2020-11-24 05:00:00,martes,0,Normal,Seca y limpia,Ondulado,Terraplen,Recta,Transito normal con precaución,2,0,1,0,1.0,Volcamiento,condiciones de la via y factores ambientales,6508_1_20,21.0,5.0
Planta Central,2020-12-28 14:47:00,82,764.0,2020-11-09 05:00:00,lunes,50,Normal,Seca y limpia,Plano,Terraplen,Curva Izquierda,Parcial con reducción de carriles,2,0,0,0,1.0,Volcamiento,exceso de velocidad,45A07_1_82,8.0,18.0
Planta Central,2020-12-28 14:55:00,27,790.0,2020-11-11 05:00:00,miercoles,17,Lluvia,Humeda,Montañoso,Media Ladera Derecha,Curva Derecha,Transito normal con precaución,3,0,0,0,0.0,Volcamiento,condiciones de la via y factores ambientales,45A07_1_27,3.0,0.0
Planta Central,2020-12-28 15:23:00,73,980.0,2020-11-22 05:00:00,domingo,55,Normal,Seca y limpia,Montañoso,Media Ladera Derecha,Curva Izquierda,Parcial con paso alternado,2,0,2,0,2.0,Volcamiento,embriaguez o sustancias alucinogenas,45A07_1_73,16.0,10.0
Planta Central,2020-12-28 15:33:00,5,132.0,2020-11-24 05:00:00,martes,30,Normal,Seca y limpia,Plano,Media Ladera Derecha,Curva Derecha,Parcial con reducción de carriles,1,30,0,0,0.0,Volcamiento,exceso de velocidad,45AST08_2_5,6.0,19.0
Planta Central,2020-12-28 15:37:00,70,950.0,2020-11-25 05:00:00,miercoles,0,Normal,Seca y limpia,Montañoso,Media Ladera Derecha,Recta,Transito normal con precaución,20,0,0,0,0.0,Volcamiento,exceso de velocidad,45A07_1_70,23.0,21.0
Planta Central,2020-12-28 15:49:00,29,263.0,2020-11-27 05:00:00,viernes,30,Normal,Seca y limpia,Montañoso,Media Ladera Derecha,Curva Derecha,Cierre total,1,20,0,0,1.0,Choque,desobediencia a normas y senales,45A07_1_29,9.0,16.0
Planta Central,2020-12-28 16:00:00,3,750.0,2020-11-14 05:00:00,sabado,40,Normal,Seca y limpia,Plano,Terraplen,Curva Izquierda,Parcial con reducción de carriles,1,30,1,0,1.0,Choque,adelantamientos indebidos,45AST08_1_3,23.0,2.0
Cauca,2020-12-28 17:20:00,50,436.0,2020-11-30 05:00:00,lunes,0,Normal,Seca y limpia,Ondulado,Media Ladera Derecha,Curva Izquierda,Transito normal con precaución,9,10,1,0,1.0,Choque,impericia en el manejo,1203_0_50,9.0,0.0
Cauca,2020-12-28 17:59:00,2,7.0,2020-11-05 05:00:00,jueves,0,Normal,Humeda,Montañoso,Media Ladera Derecha,Curva Izquierda,Parcial con paso alternado,0,0,2,0,2.0,Choque,desobediencia a normas y senales,2401_0_2,15.0,9.0
Cauca,2020-12-28 18:18:00,33,785.0,2020-11-10 05:00:00,martes,30,Sol,Seca y limpia,Ondulado,Terraplen,Curva Derecha,Cierre total,2,0,0,2,2.0,Choque,desobediencia a normas y senales,2001_1_33,16.0,10.0
Cauca,2020-12-28 18:28:00,56,650.0,2020-11-11 05:00:00,miercoles,0,Sol,Seca y limpia,Montañoso,Media ladera Izquierda,Recta,Transito normal con precaución,0,0,0,0,0.0,Otro,fallas mecanicas y del sistema electrico,2002_1_56,8.0,16.0
Cauca,2020-12-28 18:33:00,30,540.0,2020-11-18 05:00:00,miercoles,0,Normal,Otra,Ondulado,Media ladera Izquierda,Curva Izquierda,Transito normal con precaución,0,0,0,0,0.0,Otro,otra - conductor en general,2001_1_30,0.0,0.0
Boyacá,2020-12-29 01:58:00,38,450.0,2020-11-29 05:00:00,domingo,30,Normal,Seca y limpia,Plano,Cajón,Recta,Transito normal con precaución,0,15,1,0,1.0,Choque,maniobras imprudentes,6008_0_38,17.0,7.0
Boyacá,2020-12-28 21:04:00,52,220.0,2020-11-15 05:00:00,domingo,30,Lluvia,Humeda,Ondulado,Media Ladera Derecha,Curva Izquierda,Parcial con paso alternado,0,30,1,0,1.0,Volcamiento,condiciones de la via y factores ambientales,6008_0_52,18.0,6.0
Norte de Santander,2020-12-28 21:37:00,21,475.0,2020-11-08 05:00:00,domingo,0,Normal,Seca y limpia,Plano,Media Ladera Derecha,Curva Izquierda,Parcial con reducción de carriles,1,15,1,0,1.0,Choque,maniobras imprudentes,5505_1_21,20.0,5.0
Norte de Santander,2020-12-28 21:43:00,36,572.0,2020-11-20 05:00:00,viernes,47,Lluvia,Humeda,Montañoso,Media ladera Izquierda,Curva Izquierda,Cierre total,1,30,0,0,0.0,Choque,impericia en el manejo,5505_1_36,10.0,15.0
Nariño,2020-12-29 21:31:00,66,850.0,2020-11-09 05:00:00,lunes,25,Normal,Seca y limpia,Montañoso,Media ladera Izquierda,Curva Izquierda,Transito normal con precaución,10,25,2,0,2.0,Choque,adelantamientos indebidos,1002_1_66,10.0,0.0
Nariño,2020-12-29 21:41:00,86,50.0,2020-11-19 05:00:00,jueves,25,Normal,Seca y limpia,Ondulado,Media ladera Izquierda,Recta,Transito normal con precaución,17,25,0,0,1.0,Choque,adelantamientos indebidos,1002_1_86,17.0,0.0
Planta Central,2020-12-30 00:51:00,71,700.0,2020-11-03 05:00:00,martes,30,Lluvia,Seca y limpia,Montañoso,Media ladera Izquierda,Recta,Parcial con paso alternado,1,0,0,1,1.0,Choque,no mantener distancia de seguridad,45A08_1_71,17.0,8.0
Planta Central,2020-12-30 01:02:00,82,730.0,2020-11-06 05:00:00,viernes,20,Lluvia,Humeda,Ondulado,Terraplen,Recta,Parcial con paso alternado,0,30,0,0,0.0,Choque,no mantener distancia de seguridad,45A08_1_82,3.0,21.0
Planta Central,2020-12-30 01:14:00,51,458.0,2020-11-11 05:00:00,miercoles,40,Sol,Seca y limpia,Ondulado,Media ladera Izquierda,Recta,Parcial con paso alternado,2,0,0,0,1.0,Choque,no mantener distancia de seguridad,45A08_1_51,11.0,15.0
Planta Central,2020-12-30 01:20:00,28,370.0,2020-11-14 05:00:00,sabado,40,Lluvia,Humeda,Ondulado,Media Ladera Derecha,Recta,Parcial con paso alternado,1,0,0,0,3.0,Choque,condiciones de la via y factores ambientales,45A08_1_28,2.0,23.0
Planta Central,2020-12-30 01:24:00,53,800.0,2020-11-14 05:00:00,sabado,10,Normal,Seca y limpia,Montañoso,Media Ladera Derecha,Curva Izquierda,Parcial con paso alternado,0,50,0,0,0.0,Volcamiento,otra - conductor en general,45A08_1_53,7.0,17.0
Planta Central,2020-12-30 01:32:00,48,360.0,2020-11-17 05:00:00,martes,15,Normal,Seca y limpia,Ondulado,Media ladera Izquierda,Recta,Parcial con paso alternado,5,25,1,1,2.0,Choque,otra - conductor en general,45A08_1_48,13.0,16.0
Planta Central,2020-12-30 01:38:00,80,550.0,2020-11-21 05:00:00,sabado,30,Lluvia,Seca y limpia,Montañoso,Media ladera Izquierda,Curva Derecha,Cierre total,5,0,0,4,24.0,Volcamiento,condiciones de la via y factores ambientales,45A08_1_80,4.0,1.0
Planta Central,2020-12-30 01:42:00,51,434.0,2020-11-23 05:00:00,lunes,0,Normal,Seca y limpia,Ondulado,Media ladera Izquierda,Recta,Transito normal con precaución,0,0,0,0,0.0,Choque,exceso en horas de conduccion,45A08_1_51,5.0,19.0
Planta Central,2020-12-30 01:50:00,57,450.0,2020-11-26 05:00:00,jueves,35,Normal,Seca y limpia,Montañoso,Media Ladera Derecha,Recta,Transito normal con precaución,0,0,0,0,0.0,Incendio,fallas mecanicas y del sistema electrico,45A08_1_57,20.0,4.0
Planta Central,2020-12-30 01:53:00,34,500.0,2020-11-29 05:00:00,domingo,0,Sol,Seca y limpia,Ondulado,Cajón,Recta,Transito normal con precaución,0,0,0,0,0.0,Volcamiento,condiciones de la via y factores ambientales,45A08_1_34,0.0,0.0
Nariño,2020-12-29 21:35:00,60,620.0,2020-11-12 05:00:00,jueves,0,Normal,Seca y limpia,Montañoso,Media ladera Izquierda,Curva Derecha,Transito normal con precaución,8,0,1,0,1.0,Choque,adelantamientos indebidos,1002_1_60,8.0,0.0
Nariño,2020-12-29 21:46:00,30,950.0,2020-11-23 05:00:00,lunes,0,Normal,Seca y limpia,Plano,Media ladera Izquierda,Recta,Transito normal con precaución,0,0,1,0,1.0,Volcamiento,embriaguez o sustancias alucinogenas,1002_1_30,0.0,0.0
Planta Central,2020-12-30 00:57:00,80,58.0,2020-11-05 05:00:00,jueves,30,Normal,Seca y limpia,Montañoso,Media ladera Izquierda,Curva Izquierda,Parcial con paso alternado,2,0,0,0,3.0,Choque,exceso de velocidad,45A08_1_80,7.0,19.0
Planta Central,2020-12-30 01:07:00,53,432.0,2020-11-07 05:00:00,sabado,0,Viento,Otra,Ondulado,Media ladera Izquierda,Recta,Parcial con paso alternado,1,0,0,0,0.0,Choque,otra - conductor en general,45A08_1_53,1.0,0.0
Planta Central,2020-12-30 01:17:00,58,293.0,2020-12-11 05:00:00,viernes,15,Lluvia,Humeda,Montañoso,Media Ladera Derecha,Curva Derecha,Cierre total,1,0,0,0,0.0,Choque,adelantamientos indebidos,45A08_1_58,13.0,12.0
Planta Central,2020-12-30 01:27:00,52,700.0,2020-11-15 05:00:00,domingo,30,Normal,Seca y limpia,Montañoso,Media ladera Izquierda,Recta,Parcial con paso alternado,1,0,0,0,0.0,Volcamiento,embriaguez o sustancias alucinogenas,45A08_1_52,21.0,4.0
Planta Central,2020-12-30 01:35:00,35,380.0,2020-11-20 05:00:00,viernes,40,Normal,Seca y limpia,Montañoso,Media Ladera Derecha,Recta,Parcial con paso alternado,1,0,0,0,0.0,Choque,no mantener distancia de seguridad,45A08_1_35,6.0,19.0
Planta Central,2020-12-30 01:47:00,48,360.0,2020-11-26 05:00:00,jueves,20,Normal,Seca y limpia,Ondulado,Media ladera Izquierda,Recta,Parcial con paso alternado,1,0,0,0,0.0,Choque,otra - conductor en general,45A08_1_48,15.0,10.0
Planta Central,2020-12-30 01:55:00,72,150.0,2020-11-29 05:00:00,domingo,40,Normal,Seca y limpia,Montañoso,Media ladera Izquierda,Recta,Parcial con paso alternado,0,30,0,0,0.0,Choque,condiciones de la via y factores ambientales,45A08_1_72,17.0,7.0
Planta Central,2020-12-30 01:59:00,44,239.0,2020-11-30 05:00:00,lunes,15,Normal,Seca y limpia,Ondulado,Media ladera Izquierda,Recta,Transito normal con precaución,0,0,0,0,0.0,Choque,fallas mecanicas y del sistema electrico,45A08_1_44,9.0,15.0
Planta Central,2020-12-30 14:30:00,55,350.0,2020-10-19 05:00:00,lunes,55,Normal,Seca y limpia,Ondulado,Media ladera Izquierda,Curva Izquierda,Transito normal con precaución,7,20,0,0,0.0,Choque,no mantener distancia de seguridad,2511_0_55,6.0,1.0
Planta Central,2020-12-30 14:34:00,57,400.0,2020-10-01 05:00:00,jueves,30,Normal,Seca y limpia,Montañoso,Media ladera Izquierda,Curva Izquierda,Transito normal con precaución,9,0,0,0,0.0,Choque,condiciones de la via y factores ambientales,2511_0_57,8.0,1.0
Planta Central,2020-12-30 14:34:00,57,400.0,2020-10-01 05:00:00,jueves,30,Normal,Seca y limpia,Montañoso,Media ladera Izquierda,Curva Izquierda,Transito normal con precaución,9,0,0,0,0.0,Choque,condiciones de la via y factores ambientales,2511_0_57,8.0,1.0
Planta Central,2020-12-30 14:56:00,70,450.0,2020-10-09 05:00:00,viernes,20,Normal,Seca y limpia,Montañoso,Media ladera Izquierda,Curva Derecha,Parcial con reducción de carriles,16,30,0,0,0.0,Choque,no mantener distancia de seguridad,2511_0_70,15.0,1.0
Planta Central,2020-12-30 15:25:00,120,100.0,2020-10-30 05:00:00,viernes,20,Normal,Seca y limpia,Plano,Terraplen,Recta,Transito normal con precaución,11,44,0,0,0.0,Choque,desobediencia a normas y senales,2511_0_120,11.0,0.0
Huila,2020-12-30 15:58:00,132,620.0,2020-05-10 05:00:00,domingo,55,Normal,Seca y limpia,Plano,Terraplen,Recta,Transito normal con precaución,12,55,0,0,0.0,Choque,desobediencia a normas y senales,4503_1_132,12.0,0.0