territorial,fecha_registro,pr,distancia_pr,fecha_acc,dia_semana_acc,min_acc,condic_meteor,estado_super,terreno,secc_tip,geometria_acc,tipo_cierre,horas_cierre,min_cierre,n_heridos,n_muertos,n_victimas,clase_accidente,causa_posible,ref_loc,hora_acc,duracion_cierre_horas
Planta Central,2020-12-30 16:01:00,123,700.0,2020-12-30 05:00:00,miercoles,50,Normal,Seca y limpia,Montañoso,Media ladera Izquierda,Recta,Transito normal con precaución,14,30,0,0,0.0,Choque,estacionamiento y senalizacion imprudente,2511_0_123,13.0,1.0
Huila,2020-12-30 16:14:00,134,580.0,2020-05-13 05:00:00,miercoles,20,Normal,Humeda,Plano,Terraplen,Recta,Cierre total,1,5,1,0,1.0,Choque,desobediencia a normas y senales,4503_1_134,16.0,9.0
Planta Central,2020-12-30 16:23:00,8,700.0,2020-10-15 05:00:00,jueves,45,Lluvia,Humeda,Plano,Terraplen,Recta,Transito normal con precaución,7,0,0,0,0.0,Choque,fallas mecanicas y del sistema electrico,2512_1_8,6.0,1.0
Huila,2020-12-30 16:26:00,29,200.0,2020-07-15 05:00:00,miercoles,45,Lluvia,Humeda,Montañoso,Media ladera Izquierda,Curva Derecha,Parcial con paso alternado,0,40,0,0,0.0,Choque,exceso en horas de conduccion,2003A_0_29,15.0,9.0
Huila,2020-12-30 16:36:00,133,130.0,2020-07-28 05:00:00,martes,50,Normal,Seca y limpia,Plano,Terraplen,Recta,Transito normal con precaución,0,30,1,0,1.0,Choque,otra - conductor en general,4503_1_133,17.0,7.0
Planta Central,2020-12-30 16:35:00,38,50.0,2020-10-05 05:00:00,lunes,30,Normal,Seca y limpia,Plano,Terraplen,Recta,Transito normal con precaución,16,30,0,0,0.0,Choque,condiciones de la via y factores ambientales,2512_1_38,16.0,0.0
Huila,2020-12-30 16:41:00,116,800.0,2020-08-31 05:00:00,lunes,10,Normal,Seca y limpia,Montañoso,Media ladera Izquierda,Curva Derecha,Transito normal con precaución,0,10,0,0,0.0,Volcamiento,fallas mecanicas y del sistema electrico,2002_1_116,6.0,18.0
Huila,2020-12-30 16:50:00,26,560.0,2020-09-14 05:00:00,lunes,45,Normal,Seca y limpia,Montañoso,Media ladera Izquierda,Curva Izquierda,Cierre total,0,40,0,0,0.0,Choque,otra - conductor en general,2003_0_26,11.0,13.0
Huila,2020-12-30 17:00:00,17,990.0,2020-09-28 05:00:00,lunes,0,Normal,Seca y limpia,Plano,Media Ladera Derecha,Recta,Cierre total,0,50,1,1,3.0,Choque,impericia en el manejo,2003A_0_17,9.0,15.0
Huila,2020-12-30 18:50:00,0,750.0,2020-10-04 05:00:00,domingo,15,Normal,Seca y limpia,Ondulado,Media ladera Izquierda,Curva Izquierda,Transito normal con precaución,0,45,1,0,1.0,Choque,embriaguez o sustancias alucinogenas,2003_0_0,14.0,10.0
Planta Central,2020-12-30 18:56:00,49,0.0,2020-10-12 05:00:00,lunes,5,Normal,Seca y limpia,Plano,Terraplen,Recta,Transito normal con precaución,14,6,1,0,1.0,Volcamiento,adelantamientos indebidos,2512_1_49,13.0,1.0
Planta Central,2020-12-30 18:56:00,49,0.0,2020-10-12 05:00:00,lunes,5,Normal,Seca y limpia,Plano,Terraplen,Recta,Transito normal con precaución,14,6,1,0,1.0,Volcamiento,adelantamientos indebidos,2512_1_49,13.0,1.0
Planta Central,2020-12-30 19:28:00,62,200.0,2020-10-24 05:00:00,sabado,30,Normal,Seca y limpia,Plano,Terraplen,Recta,Transito normal con precaución,18,50,0,0,0.0,Choque,adelantamientos indebidos,2512_2_62,18.0,0.0
Planta Central,2020-12-30 20:01:00,47,330.0,2019-09-12 05:00:00,jueves,15,Normal,Seca y limpia,Montañoso,Media Ladera Derecha,Curva Derecha,Transito normal con precaución,8,30,0,0,0.0,Choque,adelantamientos indebidos,6005_0_47,8.0,0.0
Caldas,2020-12-30 20:23:00,7,300.0,2020-11-05 05:00:00,jueves,40,Lluvia,Humeda,Montañoso,Media ladera Izquierda,Curva Izquierda,Parcial con paso alternado,9,40,0,0,0.0,Choque,condiciones de la via y factores ambientales,2508_1_7,8.0,1.0
Caldas,2020-12-30 20:28:00,14,800.0,2020-11-07 05:00:00,sabado,50,Normal,Seca y limpia,Montañoso,Media ladera Izquierda,Curva Derecha,Parcial con reducción de carriles,19,10,1,0,1.0,Choque,adelantamientos indebidos,2508_1_14,18.0,1.0
Caldas,2020-12-30 20:35:00,53,500.0,2020-11-12 05:00:00,jueves,0,Normal,Seca y limpia,Montañoso,Media ladera Izquierda,Recta,Parcial con reducción de carriles,6,50,2,0,2.0,Atropello,fallas mecanicas y del sistema electrico,2508_1_53,6.0,0.0
Caldas,2020-12-30 20:46:00,27,900.0,2020-11-18 05:00:00,miercoles,30,Lluvia,Humeda,Montañoso,Media ladera Izquierda,Curva Derecha,Parcial con reducción de carriles,8,10,0,0,0.0,Choque,otra - conductor en general,2508_1_27,7.0,1.0
Caldas,2020-12-30 21:02:00,42,690.0,2020-11-08 05:00:00,domingo,40,Normal,Seca y limpia,Montañoso,Media ladera Izquierda,Recta,Parcial con reducción de carriles,14,0,2,0,4.0,Atropello,otra - conductor en general,2902_1_42,13.0,1.0
Nariño,2020-12-30 21:23:00,10,300.0,2020-11-07 05:00:00,sabado,45,Normal,Seca y limpia,Ondulado,Media Ladera Derecha,Recta,Transito normal con precaución,18,45,2,0,2.0,Choque,condiciones de la via y factores ambientales,25NRD_1_10,18.0,0.0
Nariño,2020-12-30 21:35:00,27,500.0,2020-11-13 05:00:00,viernes,0,Sol,Seca y limpia,Montañoso,Media ladera Izquierda,Curva Derecha,Parcial con paso alternado,12,0,0,0,0.0,Volcamiento,exceso de velocidad,2502_1_27,12.0,0.0
Nariño,2020-12-30 21:44:00,84,600.0,2020-11-27 05:00:00,viernes,0,Niebla,Lodo,Montañoso,Cajón,Recta,Transito normal con precaución,6,0,0,0,0.0,Choque,condiciones de la via y factores ambientales,2502_1_84,6.0,0.0
Caldas,2020-12-30 21:42:00,43,950.0,2020-11-08 05:00:00,domingo,50,Lluvia,Humeda,Montañoso,Media ladera Izquierda,Curva Derecha,Parcial con reducción de carriles,16,25,0,0,0.0,Choque,no mantener distancia de seguridad,2902_1_43,15.0,1.0
Huila,2020-12-30 21:57:00,91,600.0,2020-11-24 05:00:00,martes,48,Lluvia,Humeda,Montañoso,Media Ladera Derecha,Curva Derecha,Cierre total,2,5,0,1,1.0,Choque,otra - conductor en general,2002_1_91,16.0,10.0
Caldas,2020-12-30 21:56:00,31,100.0,2020-11-14 05:00:00,sabado,50,Normal,Seca y limpia,Montañoso,Media ladera Izquierda,Curva Derecha,Parcial con reducción de carriles,14,59,0,0,0.0,Choque,no mantener distancia de seguridad,2902_1_31,14.0,0.0
Tolima,2020-12-30 22:07:00,24,300.0,2020-11-03 05:00:00,martes,20,Normal,Seca y limpia,Montañoso,Media Ladera Derecha,Curva Derecha,Transito normal con precaución,19,20,0,1,1.0,Choque,adelantamientos indebidos,5007_1_24,18.0,1.0
Tolima,2020-12-30 22:29:00,12,650.0,2020-11-05 05:00:00,jueves,0,Lluvia,Humeda,Montañoso,Media ladera Izquierda,Curva Izquierda,Transito normal con precaución,7,15,0,0,0.0,Choque,otra - conductor en general,5007_1_12,7.0,0.0
Tolima,2020-12-30 22:40:00,14,250.0,2020-11-19 05:00:00,jueves,0,Lluvia,Humeda,Montañoso,Media ladera Izquierda,Curva Derecha,Transito normal con precaución,6,0,0,0,0.0,Choque,fallas mecanicas y del sistema electrico,5007_1_14,6.0,0.0
Caldas,2020-12-30 22:43:00,28,270.0,2020-11-03 05:00:00,martes,50,Normal,Seca y limpia,Montañoso,Terraplen,Recta,Parcial con reducción de carriles,16,5,0,0,0.0,Choque,desobediencia a normas y senales,5005_2_28,15.0,1.0
Tolima,2020-12-30 22:49:00,24,350.0,2020-11-12 05:00:00,jueves,5,Seca,Seca y limpia,Montañoso,Media Ladera Derecha,Curva Derecha,Transito normal con precaución,10,30,0,0,0.0,Volcamiento,otra - conductor en general,5007_1_24,4.0,6.0
Caldas,2020-12-30 22:52:00,27,900.0,2020-11-10 05:00:00,martes,25,Normal,Seca y limpia,Montañoso,Terraplen,Curva Izquierda,Parcial con reducción de carriles,8,35,0,0,0.0,Choque,otra - conductor en general,5005_1_27,8.0,0.0
Tolima,2020-12-30 22:57:00,20,100.0,2020-12-30 05:00:00,miercoles,30,Seca,Seca y limpia,Montañoso,Cajón,Curva Izquierda,Transito normal con precaución,11,10,0,0,0.0,Choque,adelantamientos indebidos,5007_1_20,10.0,1.0
Caldas,2020-12-30 23:01:00,28,200.0,2020-11-11 05:00:00,miercoles,10,Normal,Seca y limpia,Montañoso,Terraplen,Curva Izquierda,Parcial con reducción de carriles,8,30,0,0,0.0,Choque,no mantener distancia de seguridad,5005_2_28,8.0,0.0
Caldas,2020-12-30 23:09:00,24,600.0,2020-11-12 05:00:00,jueves,40,Normal,Seca y limpia,Montañoso,Media ladera Izquierda,Recta,Parcial con reducción de carriles,10,50,0,0,0.0,Choque,maniobras imprudentes,5005_1_24,10.0,0.0
Caldas,2020-12-30 23:25:00,28,320.0,2020-11-27 05:00:00,viernes,0,Normal,Seca y limpia,Montañoso,Terraplen,Recta,Parcial con reducción de carriles,16,25,0,0,0.0,Choque,no mantener distancia de seguridad,5005_2_28,16.0,0.0
Caldas,2020-12-30 23:31:00,11,930.0,2020-11-04 05:00:00,miercoles,20,Normal,Seca y limpia,Montañoso,Media ladera Izquierda,Curva Izquierda,Parcial con reducción de carriles,16,30,1,0,1.0,Choque,otra - conductor en general,5006_0_11,16.0,0.0
Caldas,2020-12-30 23:52:00,10,950.0,2020-11-15 05:00:00,domingo,0,Lluvia,Humeda,Montañoso,Media ladera Izquierda,Curva Izquierda,Parcial con reducción de carriles,7,30,1,0,1.0,Choque,otra - conductor en general,5006_0_10,7.0,0.0
Caldas,2020-12-31 00:04:00,17,950.0,2020-11-29 05:00:00,domingo,30,Normal,Seca y limpia,Montañoso,Media ladera Izquierda,Curva Izquierda,Parcial con reducción de carriles,17,45,0,0,0.0,Choque,otra - conductor en general,5006_0_17,17.0,0.0
Planta Central,2020-12-30 14:38:00,64,795.0,2020-10-18 05:00:00,domingo,30,Normal,Seca y limpia,Montañoso,Media ladera Izquierda,Recta,Transito normal con precaución,11,30,0,0,0.0,Choque,fallas mecanicas y del sistema electrico,2511_0_64,6.0,5.0
Planta Central,2020-12-30 14:51:00,70,150.0,2020-10-28 05:00:00,miercoles,20,Lluvia,Humeda,Montañoso,Media ladera Izquierda,Curva Izquierda,Transito normal con precaución,9,57,0,0,0.0,Choque,condiciones de la via y factores ambientales,2511_0_70,8.0,1.0
Planta Central,2020-12-30 15:10:00,100,320.0,2020-10-11 05:00:00,domingo,10,Normal,Seca y limpia,Montañoso,Media ladera Izquierda,Curva Izquierda,Transito normal con precaución,19,0,2,0,2.0,Choque,embriaguez o sustancias alucinogenas,2511_0_100,18.0,1.0
Planta Central,2020-12-30 15:19:00,102,450.0,2020-10-03 05:00:00,sabado,50,Normal,Seca y limpia,Plano,Terraplen,Recta,Transito normal con precaución,1,34,3,0,3.0,Choque,impericia en el manejo,2511_0_102,0.0,1.0
Planta Central,2020-12-30 15:29:00,120,200.0,2020-10-08 05:00:00,jueves,0,Normal,Seca y limpia,Plano,Terraplen,Recta,Parcial con reducción de carriles,19,0,0,0,0.0,Choque,no mantener distancia de seguridad,2511_0_120,19.0,0.0
Huila,2020-12-30 16:07:00,133,830.0,2020-05-09 05:00:00,sabado,30,Normal,Seca y limpia,Plano,Terraplen,Recta,Transito normal con precaución,0,30,1,0,1.0,Atropello,desobediencia a normas y senales,4503_1_133,16.0,8.0
Planta Central,2020-12-30 16:10:00,1,250.0,2020-10-31 05:00:00,sabado,20,Normal,Seca y limpia,Plano,Terraplen,Recta,Transito normal con precaución,7,10,1,0,1.0,Atropello,condiciones de la via y factores ambientales,2512_1_1,19.0,12.0
Planta Central,2020-12-30 16:10:00,1,250.0,2020-10-31 05:00:00,sabado,20,Normal,Seca y limpia,Plano,Terraplen,Recta,Transito normal con precaución,7,10,1,0,1.0,Atropello,condiciones de la via y factores ambientales,2512_1_1,19.0,12.0
Huila,2020-12-30 16:22:00,124,800.0,2020-07-04 05:00:00,sabado,51,Lluvia,Humeda,Escarpado,Media Ladera Derecha,Curva Derecha,Cierre total,2,30,0,2,2.0,Caída de piedra,condiciones de la via y factores ambientales,2002_1_124,14.0,12.0
Planta Central,2020-12-30 16:31:00,12,320.0,2020-10-20 05:00:00,martes,40,Normal,Seca y limpia,Plano,Terraplen,Recta,Transito normal con precaución,7,0,1,0,1.0,Choque,estacionamiento y senalizacion imprudente,2512_1_12,5.0,2.0
Huila,2020-12-30 16:32:00,134,100.0,2020-07-03 05:00:00,viernes,8,Normal,Seca y limpia,Plano,Terraplen,Recta,Cierre total,0,45,1,0,1.0,Choque,desobediencia a normas y senales,4503_1_134,12.0,12.0
Planta Central,2020-12-30 16:35:00,38,50.0,2020-10-05 05:00:00,lunes,30,Normal,Seca y limpia,Plano,Terraplen,Recta,Transito normal con precaución,16,30,0,0,0.0,Choque,condiciones de la via y factores ambientales,2512_1_38,16.0,0.0
Huila,2020-12-30 16:46:00,10,200.0,2020-09-17 05:00:00,jueves,15,Normal,Seca y limpia,Plano,Terraplen,Curva Derecha,Parcial con paso alternado,1,10,1,0,1.0,Volcamiento,otra - conductor en general,2003_0_10,16.0,9.0
Huila,2020-12-30 16:54:00,32,400.0,2020-09-08 05:00:00,martes,50,Lluvia,Humeda,Escarpado,Terraplen,Recta,Cierre total,1,15,0,0,0.0,Volcamiento,condiciones de la via y factores ambientales,2003_0_32,5.0,20.0
Huila,2020-12-30 16:57:00,32,400.0,2020-09-18 05:00:00,viernes,40,Normal,Seca y limpia,Escarpado,Terraplen,Recta,Cierre total,1,20,0,0,0.0,Volcamiento,condiciones de la via y factores ambientales,2003_0_32,6.0,19.0
Huila,2020-12-30 18:47:00,8,200.0,2020-10-03 05:00:00,sabado,20,Normal,Seca y limpia,Plano,Terraplen,Recta,Parcial con paso alternado,0,20,0,0,0.0,Incendio,fallas mecanicas y del sistema electrico,2003_0_8,19.0,5.0
Huila,2020-12-30 18:54:00,100,660.0,2020-10-23 05:00:00,viernes,30,Normal,Seca y limpia,Montañoso,Cajón,Curva Izquierda,Transito normal con precaución,12,50,0,0,0.0,Caída de carga,fallas mecanicas y del sistema electrico,2002_1_100,5.0,7.0
Planta Central,2020-12-30 19:23:00,62,140.0,2020-10-24 05:00:00,sabado,0,Normal,Seca y limpia,Plano,Terraplen,Recta,Transito normal con precaución,12,15,1,0,1.0,Choque,fallas mecanicas y del sistema electrico,2512_2_62,12.0,0.0
Caldas,2020-12-30 20:38:00,46,770.0,2020-11-18 05:00:00,miercoles,20,Lluvia,Humeda,Montañoso,Media ladera Izquierda,Curva Izquierda,Parcial con reducción de carriles,8,0,0,0,0.0,Choque,otra - conductor en general,2508_1_46,6.0,2.0
Caldas,2020-12-30 20:53:00,29,250.0,2020-11-27 05:00:00,viernes,40,Normal,Seca y limpia,Montañoso,Media ladera Izquierda,Curva Derecha,Parcial con reducción de carriles,20,30,0,0,0.0,Volcamiento,otra - conductor en general,2508_1_29,19.0,1.0
Nariño,2020-12-30 21:31:00,82,300.0,2020-11-10 05:00:00,martes,0,Sol,Seca y limpia,Montañoso,Media ladera Izquierda,Curva Derecha,Transito normal con precaución,9,0,0,0,1.0,Choque,no mantener distancia de seguridad,2501B_1_82,9.0,0.0
Nariño,2020-12-30 21:40:00,51,180.0,2020-11-25 05:00:00,miercoles,0,Sol,Seca y limpia,Montañoso,Media ladera Izquierda,Recta,Parcial con paso alternado,13,0,0,0,0.0,Choque,no mantener distancia de seguridad,2502_1_51,13.0,0.0
Caldas,2020-12-30 21:51:00,44,600.0,2020-11-08 05:00:00,domingo,35,Normal,Seca y limpia,Montañoso,Media ladera Izquierda,Curva Derecha,Parcial con reducción de carriles,12,40,0,0,0.0,Choque,no mantener distancia de seguridad,2902_1_44,12.0,0.0
Huila,2020-12-30 22:03:00,0,480.0,2020-11-25 05:00:00,miercoles,30,Normal,Seca y limpia,Plano,Terraplen,Recta,Transito normal con precaución,0,10,2,0,2.0,Choque,otra - conductor en general,4504_1_0,20.0,4.0
Tolima,2020-12-30 22:35:00,3,800.0,2020-11-28 05:00:00,sabado,0,Niebla,Humeda,Montañoso,Terraplen,Recta,Transito normal con precaución,6,0,0,0,0.0,Choque,estacionamiento y senalizacion imprudente,5007_1_3,5.0,1.0
Caldas,2020-12-30 22:04:00,45,0.0,2020-11-23 05:00:00,lunes,50,Normal,Seca y limpia,Montañoso,Media ladera Izquierda,Curva Izquierda,Parcial con reducción de carriles,3,15,0,0,0.0,Choque,maniobras imprudentes,2902_1_45,2.0,1.0
Tolima,2020-12-30 23:00:00,13,800.0,2020-11-25 05:00:00,miercoles,0,Seca,Seca y limpia,Montañoso,Media ladera Izquierda,Recta,Transito normal con precaución,12,0,0,0,0.0,Choque,fallas mecanicas y del sistema electrico,5007_1_13,10.0,2.0
Caldas,2020-12-30 23:17:00,29,0.0,2020-11-14 05:00:00,sabado,30,Lluvia,Humeda,Montañoso,Media ladera Izquierda,Recta,Parcial con reducción de carriles,7,45,0,0,0.0,Choque,condiciones de la via y factores ambientales,5005_2_29,7.0,0.0
Caldas,2020-12-30 23:42:00,1,500.0,2020-11-12 05:00:00,jueves,45,Normal,Seca y limpia,Montañoso,Media ladera Izquierda,Recta,Parcial con reducción de carriles,6,50,0,0,0.0,Choque,no mantener distancia de seguridad,5006_0_1,6.0,0.0
Caldas,2020-12-30 23:47:00,11,930.0,2020-11-12 05:00:00,jueves,0,Lluvia,Humeda,Montañoso,Media ladera Izquierda,Curva Izquierda,Parcial con reducción de carriles,12,15,1,0,1.0,Choque,otra - conductor en general,5006_0_11,12.0,0.0
Caldas,2020-12-30 23:58:00,3,300.0,2020-11-26 05:00:00,jueves,30,Normal,Seca y limpia,Montañoso,Media ladera Izquierda,Recta,Parcial con reducción de carriles,21,40,0,1,1.0,Caída ocupante,conducta de pasajeros,5006_0_3,21.0,0.0
Boyacá,2020-12-31 14:06:00,59,200.0,2020-11-03 05:00:00,martes,47,Niebla,Seca y limpia,Ondulado,Terraplen,Curva Izquierda,Transito normal con precaución,0,28,0,0,0.0,Choque,otra - conductor en general,6209_0_59,21.0,3.0
Boyacá,2020-12-31 14:16:00,35,400.0,2020-11-04 05:00:00,miercoles,0,Normal,Seca y limpia,Ondulado,Media Ladera Derecha,Recta,Transito normal con precaución,0,10,1,0,1.0,Choque,adelantamientos indebidos,6008_0_35,11.0,13.0
Boyacá,2020-12-31 14:25:00,27,800.0,2020-11-13 05:00:00,viernes,40,Normal,Seca y limpia,Montañoso,Media Ladera Derecha,Recta,Transito normal con precaución,0,5,0,0,0.0,Choque,maniobras imprudentes,6209_0_27,20.0,4.0
Boyacá,2020-12-31 14:34:00,34,400.0,2020-11-30 05:00:00,lunes,30,Normal,Seca y limpia,Ondulado,Terraplen,Recta,Parcial con paso alternado,0,45,1,0,1.0,Choque,fallas mecanicas y del sistema electrico,6209_0_34,11.0,13.0
Putumayo,2020-12-31 18:35:00,19,300.0,2020-11-02 05:00:00,lunes,0,Normal,Seca y limpia,Ondulado,Terraplen,Recta,Parcial con reducción de carriles,22,0,0,0,2.0,Choque,embriaguez o sustancias alucinogenas,4501_1_19,22.0,0.0
Boyacá,2020-12-31 18:41:00,55,400.0,2020-08-20 05:00:00,jueves,10,Normal,Seca y limpia,Montañoso,Terraplen,Curva Derecha,Transito normal con precaución,0,0,1,0,1.0,Choque,impericia en el manejo,6209_0_55,6.0,18.0
Putumayo,2020-12-31 18:45:00,20,900.0,2020-11-04 05:00:00,miercoles,20,Sol,Seca y limpia,Ondulado,Terraplen,Recta,Parcial con reducción de carriles,10,20,0,0,1.0,Choque,fallas mecanicas y del sistema electrico,4501_1_20,10.0,0.0
Putumayo,2020-12-31 18:55:00,49,0.0,2020-11-11 05:00:00,miercoles,5,Normal,Seca y limpia,Ondulado,Terraplen,Curva Derecha,Parcial con reducción de carriles,6,5,1,0,1.0,Volcamiento,maniobras imprudentes,4501_1_49,6.0,0.0
Boyacá,2020-12-31 19:13:00,6,900.0,2020-10-21 05:00:00,miercoles,0,Normal,Seca y limpia,Plano,Terraplen,Recta,Transito normal con precaución,1,0,0,0,0.0,Choque,impericia en el manejo,6209_0_6,15.0,10.0
Putumayo,2020-12-31 19:41:00,42,400.0,2020-11-12 05:00:00,jueves,30,Normal,Seca y limpia,Plano,Terraplen,Recta,Transito normal con precaución,8,30,2,0,2.0,Choque,exceso de velocidad,4501_1_42,8.0,0.0
Putumayo,2020-12-31 19:51:00,63,0.0,2020-11-24 05:00:00,martes,0,Sol,Material suelto,Ondulado,Terraplen,Recta,Parcial con paso alternado,10,0,1,0,1.0,Volcamiento,fallas mecanicas y del sistema electrico,4501_1_63,10.0,0.0
Putumayo,2020-12-31 20:00:00,20,120.0,2020-11-24 05:00:00,martes,10,Normal,Seca y limpia,Ondulado,Cajón,Curva Derecha,Cierre total,18,10,0,1,1.0,Choque,embriaguez o sustancias alucinogenas,4501_1_20,18.0,0.0
Putumayo,2020-12-31 20:17:00,18,450.0,2020-11-24 05:00:00,martes,20,Normal,Seca y limpia,Plano,Terraplen,Recta,Parcial con reducción de carriles,18,20,0,0,2.0,Choque,embriaguez o sustancias alucinogenas,4501_1_18,18.0,0.0
Boyacá,2020-12-31 14:11:00,21,100.0,2020-11-04 05:00:00,miercoles,30,Lluvia,Humeda,Montañoso,Media Ladera Derecha,Curva Izquierda,Transito normal con precaución,0,20,0,0,0.0,Volcamiento,impericia en el manejo,6209_0_21,16.0,8.0
Boyacá,2020-12-31 14:21:00,27,800.0,2020-11-11 05:00:00,miercoles,30,Normal,Seca y limpia,Ondulado,Media ladera Izquierda,Curva Derecha,Transito normal con precaución,0,0,0,0,0.0,Choque,otra - conductor en general,6008_0_27,15.0,9.0
Boyacá,2020-12-31 14:29:00,5,800.0,2020-11-25 05:00:00,miercoles,10,Normal,Seca y limpia,Plano,Media Ladera Derecha,Recta,Transito normal con precaución,0,10,1,0,1.0,Atropello,conducta de peatones,6209_0_5,14.0,10.0
Putumayo,2020-12-31 19:03:00,87,850.0,2020-11-11 05:00:00,miercoles,25,Sol,Seca y limpia,Ondulado,Cajón,Curva Derecha,Cierre total,10,25,0,1,1.0,Choque,exceso de velocidad,4501_1_87,10.0,0.0
Boyacá,2020-12-31 19:19:00,8,540.0,2020-10-23 05:00:00,viernes,0,Normal,Seca y limpia,Ondulado,Terraplen,Curva Izquierda,Transito normal con precaución,0,20,1,0,1.0,Choque,impericia en el manejo,6209_0_8,14.0,10.0
Planta Central,2021-01-02 14:10:00,48,250.0,2019-08-31 05:00:00,sabado,0,Normal,Seca y limpia,Montañoso,Media Ladera Derecha,Curva Izquierda,Transito normal con precaución,11,25,0,0,0.0,Choque,condiciones de la via y factores ambientales,6005_0_48,11.0,0.0
Planta Central,2021-01-02 14:31:00,54,400.0,2019-08-29 05:00:00,jueves,30,Normal,Seca y limpia,Montañoso,Media ladera Izquierda,Recta,Transito normal con precaución,18,0,0,0,0.0,Choque,fallas mecanicas y del sistema electrico,6005_0_54,17.0,1.0
Planta Central,2021-01-02 14:53:00,93,50.0,2019-08-21 05:00:00,miercoles,30,Normal,Seca y limpia,Montañoso,Media ladera Izquierda,Curva Derecha,Transito normal con precaución,9,15,2,0,2.0,Choque,adelantamientos indebidos,6005_0_93,8.0,1.0
Planta Central,2021-01-02 16:33:00,63,800.0,2019-09-18 05:00:00,miercoles,30,Normal,Seca y limpia,Montañoso,Media ladera Izquierda,Recta,Transito normal con precaución,8,40,0,0,0.0,Choque,no mantener distancia de seguridad,6005_0_63,7.0,1.0
Planta Central,2021-01-02 16:53:00,70,900.0,2019-09-02 05:00:00,lunes,50,Lluvia,Humeda,Montañoso,Media ladera Izquierda,Curva Derecha,Transito normal con precaución,5,15,0,0,0.0,Choque,no mantener distancia de seguridad,6005_0_70,4.0,1.0
Planta Central,2021-01-02 16:57:00,71,550.0,2020-09-06 05:00:00,domingo,10,Normal,Seca y limpia,Montañoso,Media ladera Izquierda,Curva Derecha,Transito normal con precaución,8,0,0,0,0.0,Choque,adelantamientos indebidos,6005_0_71,7.0,1.0
Planta Central,2021-01-02 17:09:00,71,800.0,2019-09-21 05:00:00,sabado,10,Normal,Seca y limpia,Montañoso,Media ladera Izquierda,Curva Derecha,Transito normal con precaución,10,35,0,1,1.0,Choque,adelantamientos indebidos,6005_0_71,10.0,0.0
Planta Central,2021-01-02 17:18:00,73,800.0,2019-09-16 05:00:00,lunes,45,Normal,Seca y limpia,Montañoso,Media ladera Izquierda,Curva Derecha,Transito normal con precaución,6,5,0,0,0.0,Volcamiento,adelantamientos indebidos,6005_0_73,5.0,1.0
Planta Central,2021-01-02 19:39:00,76,250.0,2019-09-19 05:00:00,jueves,0,Normal,Seca y limpia,Montañoso,Media ladera Izquierda,Curva Derecha,Transito normal con precaución,6,10,0,0,0.0,Choque,no mantener distancia de seguridad,6005_0_76,5.0,1.0
Planta Central,2021-01-02 19:45:00,79,625.0,2019-09-20 05:00:00,viernes,0,Normal,Seca y limpia,Montañoso,Media ladera Izquierda,Recta,Transito normal con precaución,12,0,0,0,0.0,Choque,no mantener distancia de seguridad,6005_0_79,11.0,1.0
Planta Central,2021-01-02 20:04:00,83,350.0,2019-09-25 05:00:00,miercoles,30,Lluvia,Humeda,Montañoso,Media Ladera Derecha,Curva Derecha,Cierre total,6,0,0,0,0.0,Choque,no mantener distancia de seguridad,6005_0_83,5.0,1.0
Caldas,2021-02-01 22:16:00,28,280.0,2020-12-29 05:00:00,martes,40,Normal,Seca y limpia,Montañoso,Terraplen,Curva Izquierda,Parcial con reducción de carriles,8,10,0,0,0.0,Choque,otra - conductor en general,5005_2_28,7.0,1.0
Planta Central,2021-01-02 20:28:00,92,630.0,2019-09-29 05:00:00,domingo,30,Normal,Seca y limpia,Montañoso,Media Ladera Derecha,Recta,Parcial con reducción de carriles,18,40,0,1,1.0,Choque,no mantener distancia de seguridad,6005_0_92,18.0,0.0
Planta Central,2021-01-02 14:36:00,69,980.0,2019-08-23 05:00:00,viernes,30,Lluvia,Humeda,Montañoso,Media ladera Izquierda,Recta,Transito normal con precaución,8,0,1,0,1.0,Choque,exceso en horas de conduccion,6005_0_69,7.0,1.0
Planta Central,2021-01-02 14:36:00,69,980.0,2019-08-23 05:00:00,viernes,30,Lluvia,Humeda,Montañoso,Media ladera Izquierda,Recta,Transito normal con precaución,8,0,1,0,1.0,Choque,exceso en horas de conduccion,6005_0_69,7.0,1.0
Planta Central,2021-01-02 15:51:00,47,330.0,2020-09-12 05:00:00,sabado,15,Normal,Seca y limpia,Montañoso,Media Ladera Derecha,Curva Derecha,Transito normal con precaución,8,20,0,0,0.0,Choque,adelantamientos indebidos,6005_0_47,8.0,0.0
Planta Central,2021-01-02 16:00:00,49,300.0,2019-09-24 05:00:00,martes,30,Lluvia,Humeda,Montañoso,Media Ladera Derecha,Recta,Transito normal con precaución,21,0,0,0,0.0,Choque,no mantener distancia de seguridad,6005_0_49,19.0,2.0