territorial,fecha_registro,pr,distancia_pr,fecha_acc,dia_semana_acc,min_acc,condic_meteor,estado_super,terreno,secc_tip,geometria_acc,tipo_cierre,horas_cierre,min_cierre,n_heridos,n_muertos,n_victimas,clase_accidente,causa_posible,ref_loc,hora_acc,duracion_cierre_horas
Planta Central,2021-01-02 16:25:00,57,750.0,2019-09-28 05:00:00,sabado,0,Normal,Seca y limpia,Montañoso,Media ladera Izquierda,Curva Izquierda,Transito normal con precaución,8,30,0,0,0.0,Choque,otra - conductor en general,6005_0_57,6.0,2.0
Planta Central,2021-01-02 16:29:00,59,0.0,2019-09-19 05:00:00,jueves,30,Lluvia,Humeda,Montañoso,Media ladera Izquierda,Recta,Transito normal con precaución,6,0,0,0,0.0,Choque,otra - conductor en general,6005_0_59,4.0,2.0
Planta Central,2021-01-02 16:47:00,68,60.0,2019-09-11 05:00:00,miercoles,30,Lluvia,Humeda,Montañoso,Media ladera Izquierda,Curva Derecha,Transito normal con precaución,10,45,0,0,0.0,Choque,condiciones de la via y factores ambientales,6005_0_68,10.0,0.0
Planta Central,2021-01-02 19:52:00,81,353.0,2019-09-25 05:00:00,miercoles,40,Lluvia,Humeda,Montañoso,Media Ladera Derecha,Curva Izquierda,Transito normal con precaución,4,30,0,0,0.0,Choque,exceso en horas de conduccion,6005_0_81,3.0,1.0
Planta Central,2021-01-02 20:11:00,84,900.0,2019-09-11 05:00:00,miercoles,0,Lluvia,Humeda,Montañoso,Media Ladera Derecha,Recta,Transito normal con precaución,7,30,0,0,0.0,Volcamiento,condiciones de la via y factores ambientales,6005_0_84,7.0,0.0
Planta Central,2021-01-02 20:17:00,86,400.0,2019-09-19 05:00:00,jueves,10,Normal,Seca y limpia,Montañoso,Media Ladera Derecha,Recta,Transito normal con precaución,7,50,0,0,0.0,Volcamiento,condiciones de la via y factores ambientales,6005_0_86,7.0,0.0
Planta Central,2021-01-02 20:24:00,88,750.0,2019-09-27 05:00:00,viernes,0,Normal,Seca y limpia,Montañoso,Media Ladera Derecha,Recta,Transito normal con precaución,6,40,0,0,0.0,Choque,adelantamientos indebidos,6005_0_88,6.0,0.0
Planta Central,2021-01-02 20:40:00,91,800.0,2019-09-21 05:00:00,sabado,30,Normal,Seca y limpia,Montañoso,Media ladera Izquierda,Curva Izquierda,Parcial con reducción de carriles,20,10,0,1,1.0,Choque,impericia en el manejo,6005_0_91,18.0,2.0
Huila,2021-01-04 19:07:00,91,170.0,2020-11-15 05:00:00,domingo,0,Lluvia,Humeda,Ondulado,Terraplen,Recta,Transito normal con precaución,7,20,3,0,3.0,Volcamiento,condiciones de la via y factores ambientales,2402_1_91,0.0,7.0
Huila,2021-01-04 19:20:00,69,800.0,2020-11-20 05:00:00,viernes,30,Normal,Seca y limpia,Plano,Terraplen,Recta,Transito normal con precaución,19,15,2,0,2.0,Choque,impericia en el manejo,2402_1_69,18.0,1.0
Córdoba,2021-01-04 20:25:00,7,850.0,2020-11-16 05:00:00,lunes,30,Normal,Seca y limpia,Plano,Terraplen,Recta,Transito normal con precaución,1,0,0,0,0.0,Volcamiento,maniobras imprudentes,2514_1_7,1.0,0.0
Córdoba,2021-01-04 20:28:00,8,50.0,2020-11-16 05:00:00,lunes,50,Normal,Seca y limpia,Plano,Terraplen,Curva Derecha,Transito normal con precaución,0,0,0,0,0.0,Choque,maniobras imprudentes,2514_1_8,8.0,16.0
Córdoba,2021-01-04 20:36:00,31,0.0,2020-11-10 05:00:00,martes,0,Normal,Seca y limpia,Ondulado,Terraplen,Recta,Transito normal con precaución,1,0,0,0,0.0,Choque,adelantamientos indebidos,2514_1_31,17.0,8.0
Córdoba,2021-01-04 20:39:00,49,600.0,2020-11-10 05:00:00,martes,10,Normal,Seca y limpia,Ondulado,Terraplen,Curva Derecha,Transito normal con precaución,1,0,0,0,0.0,Volcamiento,fallas mecanicas y del sistema electrico,2514_1_49,18.0,7.0
Córdoba,2021-01-04 20:45:00,45,360.0,2020-11-29 05:00:00,domingo,50,Normal,Seca y limpia,Plano,Terraplen,Recta,Transito normal con precaución,0,0,0,0,1.0,Choque,otra - conductor en general,7403_1_45,0.0,0.0
Huila,2021-01-04 19:31:00,80,150.0,2020-11-23 05:00:00,lunes,30,Normal,Seca y limpia,Ondulado,Terraplen,Curva Derecha,Transito normal con precaución,14,30,4,0,4.0,Volcamiento,otra - conductor en general,2402_1_80,13.0,1.0
Córdoba,2021-01-04 20:22:00,65,470.0,2020-11-19 05:00:00,jueves,15,Normal,Seca y limpia,Plano,Terraplen,Recta,Transito normal con precaución,1,0,0,0,0.0,Choque,otra - conductor en general,2513_0_65,13.0,12.0
Córdoba,2021-01-04 20:31:00,21,380.0,2020-11-21 05:00:00,sabado,30,Normal,Seca y limpia,Plano,Terraplen,Curva Izquierda,Transito normal con precaución,1,0,1,0,1.0,Choque,otra - conductor en general,2514_1_21,11.0,14.0
Córdoba,2021-01-04 20:34:00,24,400.0,2020-11-23 05:00:00,lunes,30,Normal,Seca y limpia,Ondulado,Terraplen,Recta,Transito normal con precaución,1,0,0,0,0.0,Choque,no mantener distancia de seguridad,2514_1_24,5.0,20.0
Córdoba,2021-01-04 20:42:00,3,360.0,2020-11-30 05:00:00,lunes,30,Normal,Seca y limpia,Ondulado,Terraplen,Recta,Transito normal con precaución,1,0,0,0,1.0,Choque,condiciones de la via y factores ambientales,7403_1_3,5.0,20.0
Caquetá,2021-01-04 22:35:00,13,800.0,2020-12-31 05:00:00,jueves,30,Seca,Seca y limpia,Ondulado,Cajón,Recta,Transito normal con precaución,20,30,0,1,1.0,Choque,condiciones de la via y factores ambientales,6502_1_13,20.0,0.0
Boyacá,2021-01-05 15:23:00,6,40.0,2021-01-01 05:00:00,viernes,0,Sol,Seca y limpia,Plano,Terraplen,Recta,Transito normal con precaución,0,0,0,1,1.0,Volcamiento,embriaguez o sustancias alucinogenas,6006_0_6,15.0,9.0
Planta Central,2021-01-05 16:11:00,66,580.0,2019-10-05 05:00:00,sabado,30,Lluvia,Humeda,Montañoso,Media ladera Izquierda,Recta,Transito normal con precaución,11,0,0,0,0.0,Choque,condiciones de la via y factores ambientales,6005_0_66,10.0,1.0
Planta Central,2021-01-05 16:14:00,69,400.0,2020-10-07 05:00:00,miercoles,0,Lluvia,Humeda,Montañoso,Media ladera Izquierda,Recta,Transito normal con precaución,6,0,0,0,0.0,Choque,adelantamientos indebidos,6005_0_69,4.0,2.0
Planta Central,2021-01-05 16:25:00,71,460.0,2019-10-10 05:00:00,jueves,30,Normal,Seca y limpia,Montañoso,Media ladera Izquierda,Recta,Transito normal con precaución,11,30,0,0,0.0,Choque,no mantener distancia de seguridad,6005_0_71,9.0,2.0
Planta Central,2021-01-05 16:28:00,71,660.0,2019-10-11 05:00:00,viernes,0,Normal,Seca y limpia,Montañoso,Media ladera Izquierda,Recta,Transito normal con precaución,11,30,1,0,1.0,Choque,adelantamientos indebidos,6005_0_71,11.0,0.0
Planta Central,2021-01-05 16:37:00,77,0.0,2019-10-21 05:00:00,lunes,20,Normal,Seca y limpia,Montañoso,Media ladera Izquierda,Curva Derecha,Transito normal con precaución,14,40,1,0,1.0,Choque,no mantener distancia de seguridad,6005_0_77,14.0,0.0
Planta Central,2021-01-05 16:46:00,81,50.0,2019-10-12 05:00:00,sabado,30,Normal,Seca y limpia,Montañoso,Media ladera Izquierda,Curva Derecha,Transito normal con precaución,12,0,0,0,0.0,Choque,no mantener distancia de seguridad,6005_0_81,11.0,1.0
Planta Central,2021-01-05 16:54:00,82,200.0,2019-10-15 05:00:00,martes,30,Normal,Seca y limpia,Montañoso,Media ladera Izquierda,Recta,Transito normal con precaución,15,0,0,0,0.0,Choque,condiciones de la via y factores ambientales,6005_0_82,14.0,1.0
Planta Central,2021-01-05 17:13:00,85,400.0,2019-10-05 05:00:00,sabado,0,Lluvia,Humeda,Montañoso,Media ladera Izquierda,Recta,Transito normal con precaución,10,20,0,0,0.0,Choque,maniobras imprudentes,6005_0_85,10.0,0.0
Planta Central,2021-01-05 17:20:00,92,730.0,2019-10-13 05:00:00,domingo,30,Normal,Seca y limpia,Montañoso,Media ladera Izquierda,Recta,Transito normal con precaución,13,30,0,0,0.0,Choque,no mantener distancia de seguridad,6005_0_92,11.0,2.0
Risaralda,2021-01-05 20:35:00,28,200.0,2020-08-03 05:00:00,lunes,0,Normal,Seca y limpia,Plano,Terraplen,Curva Derecha,Transito normal con precaución,8,0,2,0,2.0,Choque,otra - conductor en general,50RS01_1_28,8.0,0.0
Risaralda,2021-01-05 20:39:00,7,100.0,2020-08-03 05:00:00,lunes,30,Normal,Seca y limpia,Plano,Terraplen,Curva Derecha,Transito normal con precaución,14,30,1,0,1.0,Choque,otra - conductor en general,2507_1_7,14.0,0.0
Risaralda,2021-01-05 20:54:00,0,600.0,2020-08-15 05:00:00,sabado,35,Normal,Seca y limpia,Plano,Terraplen,Recta,Transito normal con precaución,14,35,0,0,0.0,Choque,no mantener distancia de seguridad,29RSA_2_0,14.0,0.0
Risaralda,2021-01-05 21:00:00,0,600.0,2020-08-19 05:00:00,miercoles,15,Lluvia,Humeda,Plano,Terraplen,Recta,Transito normal con precaución,21,15,4,0,4.0,Choque,no mantener distancia de seguridad,29RSA_1_0,21.0,0.0
Risaralda,2021-01-05 21:10:00,1,980.0,2020-08-19 05:00:00,miercoles,20,Lluvia,Humeda,Plano,Terraplen,Recta,Parcial con reducción de carriles,5,20,3,0,3.0,Choque,condiciones de la via y factores ambientales,2902_1_1,5.0,0.0
Planta Central,2021-01-05 21:20:00,50,800.0,2019-11-06 05:00:00,miercoles,0,Normal,Seca y limpia,Montañoso,Media ladera Izquierda,Curva Izquierda,Transito normal con precaución,9,0,0,0,0.0,Choque,condiciones de la via y factores ambientales,6005_0_50,7.0,2.0
Risaralda,2021-01-05 21:19:00,4,190.0,2020-08-21 05:00:00,viernes,10,Normal,Seca y limpia,Plano,Terraplen,Recta,Transito normal con precaución,13,10,1,0,1.0,Choque,otra - conductor en general,2902_2_4,13.0,0.0
Risaralda,2021-01-05 21:30:00,0,0.0,2020-08-22 05:00:00,sabado,50,Normal,Seca y limpia,Plano,Terraplen,Recta,Transito normal con precaución,21,50,2,0,2.0,Choque,adelantamientos indebidos,29RSA_1_0,21.0,0.0
Planta Central,2021-01-05 21:44:00,78,840.0,2019-11-10 05:00:00,domingo,30,Normal,Seca y limpia,Montañoso,Media Ladera Derecha,Curva Derecha,Transito normal con precaución,8,0,0,0,0.0,Choque,impericia en el manejo,6005_0_78,7.0,1.0
Planta Central,2021-01-05 16:06:00,50,600.0,2019-10-26 05:00:00,sabado,0,Normal,Seca y limpia,Montañoso,Media Ladera Derecha,Curva Derecha,Parcial con reducción de carriles,6,0,0,0,0.0,Choque,no mantener distancia de seguridad,6005_0_50,5.0,1.0
Planta Central,2021-01-05 16:25:00,71,460.0,2019-10-10 05:00:00,jueves,30,Normal,Seca y limpia,Montañoso,Media ladera Izquierda,Recta,Transito normal con precaución,11,30,0,0,0.0,Choque,no mantener distancia de seguridad,6005_0_71,9.0,2.0
Planta Central,2021-01-05 16:31:00,73,400.0,2019-10-26 05:00:00,sabado,30,Lluvia,Humeda,Montañoso,Media ladera Izquierda,Curva Izquierda,Transito normal con precaución,3,0,0,0,0.0,Volcamiento,fallas mecanicas y del sistema electrico,6005_0_73,2.0,1.0
Planta Central,2021-01-05 16:42:00,79,380.0,2019-10-10 05:00:00,jueves,50,Normal,Seca y limpia,Montañoso,Media ladera Izquierda,Curva Derecha,Transito normal con precaución,19,30,0,0,0.0,Choque,no mantener distancia de seguridad,6005_0_79,18.0,1.0
Planta Central,2021-01-05 16:51:00,81,650.0,2019-10-08 05:00:00,martes,15,Lluvia,Humeda,Montañoso,Media ladera Izquierda,Recta,Transito normal con precaución,13,45,0,0,0.0,Choque,condiciones de la via y factores ambientales,6005_0_81,13.0,0.0
Planta Central,2021-01-05 17:00:00,85,200.0,2019-10-20 05:00:00,domingo,40,Normal,Seca y limpia,Montañoso,Media ladera Izquierda,Recta,Transito normal con precaución,18,50,0,0,0.0,Choque,no mantener distancia de seguridad,6005_0_85,18.0,0.0
Planta Central,2021-01-05 17:29:00,92,750.0,2019-10-11 05:00:00,viernes,45,Lluvia,Humeda,Montañoso,Media ladera Izquierda,Recta,Parcial con reducción de carriles,9,10,0,0,0.0,Choque,no mantener distancia de seguridad,6005_0_92,8.0,1.0
Risaralda,2021-01-05 20:44:00,3,860.0,2020-08-10 05:00:00,lunes,52,Normal,Seca y limpia,Plano,Terraplen,Recta,Transito normal con precaución,10,52,0,0,0.0,Choque,desobediencia a normas y senales,2902_1_3,10.0,0.0
Risaralda,2021-01-05 20:47:00,1,400.0,2020-08-12 05:00:00,miercoles,40,Normal,Seca y limpia,Plano,Terraplen,Recta,Transito normal con precaución,10,40,0,0,0.0,Choque,otra - conductor en general,2902_1_1,10.0,0.0
Cauca,2021-01-05 20:55:00,40,800.0,2021-01-04 05:00:00,lunes,20,Sol,Seca y limpia,Montañoso,Media Ladera Derecha,Curva Derecha,Transito normal con precaución,0,0,0,0,2.0,Choque,fallas mecanicas y del sistema electrico,2602_0_40,8.0,16.0
Risaralda,2021-01-05 21:16:00,3,344.0,2020-08-21 05:00:00,viernes,50,Normal,Seca y limpia,Plano,Terraplen,Recta,Transito normal con precaución,12,50,1,0,1.0,Atropello,conducta de peatones,2902_2_3,12.0,0.0
Planta Central,2021-01-05 21:28:00,59,10.0,2019-11-08 05:00:00,viernes,50,Normal,Seca y limpia,Montañoso,Media ladera Izquierda,Recta,Transito normal con precaución,8,0,0,0,0.0,Choque,no mantener distancia de seguridad,6005_0_59,6.0,2.0
Planta Central,2021-01-05 21:38:00,75,20.0,2019-11-10 05:00:00,domingo,10,Lluvia,Humeda,Montañoso,Media ladera Izquierda,Recta,Transito normal con precaución,8,0,0,0,0.0,Choque,no mantener distancia de seguridad,6005_0_75,19.0,13.0
Planta Central,2021-01-05 21:48:00,80,800.0,2019-11-13 05:00:00,miercoles,30,Normal,Seca y limpia,Montañoso,Media ladera Izquierda,Recta,Transito normal con precaución,11,50,0,0,0.0,Choque,fallas mecanicas y del sistema electrico,6005_0_80,11.0,0.0
Planta Central,2021-01-05 21:56:00,82,350.0,2019-11-10 05:00:00,domingo,30,Lluvia,Humeda,Montañoso,Media ladera Izquierda,Recta,Transito normal con precaución,20,0,1,0,1.0,Choque,condiciones de la via y factores ambientales,6005_0_82,19.0,1.0
Cauca,2021-01-06 15:23:00,65,30.0,2021-01-05 05:00:00,martes,30,Lluvia,Humeda,Montañoso,Media Ladera Derecha,Curva Derecha,Transito normal con precaución,0,0,0,0,1.0,Volcamiento,fallas mecanicas y del sistema electrico,2602_0_65,17.0,7.0
Planta Central,2021-01-06 16:48:00,45,600.0,2020-11-29 05:00:00,domingo,40,Seca,Seca y limpia,Montañoso,Media ladera Izquierda,Curva Izquierda,Parcial con paso alternado,8,40,1,0,1.0,Choque,adelantamientos indebidos,45A04_1_45,8.0,0.0
Boyacá,2021-01-06 20:56:00,10,340.0,2020-11-03 05:00:00,martes,30,Normal,Seca y limpia,Montañoso,Media Ladera Derecha,Curva Derecha,Transito normal con precaución,4,30,0,0,0.0,Salida de la vía sin volcarse,fallas mecanicas y del sistema electrico,6211_1_10,4.0,0.0
Boyacá,2021-01-06 20:56:00,125,400.0,2020-11-11 05:00:00,miercoles,0,Normal,Seca y limpia,Plano,Media ladera Izquierda,Curva Izquierda,Transito normal con precaución,20,0,0,0,2.0,Choque,embriaguez o sustancias alucinogenas,5503_1_125,20.0,0.0
Boyacá,2021-01-06 20:56:00,30,280.0,2020-11-15 05:00:00,domingo,30,Lluvia,Humeda,Ondulado,Media Ladera Derecha,Recta,Transito normal con precaución,15,30,0,0,2.0,Volcamiento,exceso de velocidad,5503_1_30,15.0,0.0
Boyacá,2021-01-06 20:56:00,79,450.0,2020-11-29 05:00:00,domingo,0,Normal,Seca y limpia,Plano,Media Ladera Derecha,Recta,Transito normal con precaución,4,0,0,0,2.0,Choque,embriaguez o sustancias alucinogenas,5503_1_79,4.0,0.0
Boyacá,2021-01-06 23:15:00,9,350.0,2021-01-22 05:00:00,viernes,30,Normal,Seca y limpia,Plano,Terraplen,Recta,Transito normal con precaución,3,30,0,0,0.0,Atropello,condiciones de la via y factores ambientales,5503_1_9,3.0,0.0
Planta Central,2021-01-06 16:38:00,33,0.0,2020-11-22 05:00:00,domingo,0,Seca,Seca y limpia,Plano,Terraplen,Recta,Transito normal con precaución,22,10,2,0,2.0,Choque,impericia en el manejo,45A04_1_33,22.0,0.0
Boyacá,2021-01-06 20:56:00,95,250.0,2020-11-05 05:00:00,jueves,10,Normal,Seca y limpia,Plano,Media ladera Izquierda,Recta,Transito normal con precaución,18,10,0,0,0.0,Volcamiento,fallas mecanicas y del sistema electrico,5503_1_95,18.0,0.0
Boyacá,2021-01-06 20:56:00,16,0.0,2020-11-06 05:00:00,viernes,35,Normal,Seca y limpia,Ondulado,Media Ladera Derecha,Curva Izquierda,Transito normal con precaución,20,35,0,0,0.0,Choque,embriaguez o sustancias alucinogenas,5503_1_16,20.0,0.0
Boyacá,2021-01-06 20:56:00,62,910.0,2020-11-11 05:00:00,miercoles,30,Lluvia,Humeda,Plano,Media ladera Izquierda,Curva Derecha,Transito normal con precaución,4,30,2,0,2.0,Volcamiento,exceso en horas de conduccion,5503_1_62,4.0,0.0
Boyacá,2021-01-06 20:56:00,10,350.0,2020-11-14 05:00:00,sabado,0,Sol,Seca y limpia,Montañoso,Media Ladera Derecha,Curva Derecha,Transito normal con precaución,13,0,0,0,2.0,Choque,exceso de velocidad,6211_1_10,13.0,0.0
Boyacá,2021-01-06 20:56:00,9,988.23,2020-11-22 05:00:00,domingo,30,Normal,Seca y limpia,Plano,Terraplen,Recta,Transito normal con precaución,3,30,0,0,2.0,Atropello,condiciones de la via y factores ambientales,5503_1_9,3.0,0.0
Risaralda,2021-01-15 19:03:00,10,500.0,2020-12-20 05:00:00,domingo,40,Normal,Seca y limpia,Plano,Terraplen,Recta,Parcial con reducción de carriles,0,50,0,0,0.0,Choque,maniobras imprudentes,29RS01_1_10,16.0,8.0
Putumayo,2021-01-07 15:30:00,69,740.0,2020-11-21 05:00:00,sabado,30,Lluvia,Humeda,Ondulado,Media Ladera Derecha,Recta,Transito normal con precaución,0,0,1,0,2.0,Choque,otra - conductor en general,4502_0_69,19.0,5.0
Valle del Cauca,2021-01-07 15:49:00,12,60.0,2020-10-02 05:00:00,viernes,30,Normal,Seca y limpia,Montañoso,Media ladera Izquierda,Recta,Parcial con reducción de carriles,14,15,0,0,0.0,Choque,fallas mecanicas y del sistema electrico,1901_0_12,11.0,3.0
Valle del Cauca,2021-01-07 16:00:00,49,210.0,2020-10-03 05:00:00,sabado,10,Normal,Seca y limpia,Montañoso,Media ladera Izquierda,Curva Derecha,Parcial con reducción de carriles,9,20,0,0,0.0,Choque,no mantener distancia de seguridad,4001_1_49,9.0,0.0
Valle del Cauca,2021-01-07 16:04:00,4,900.0,2020-10-05 05:00:00,lunes,2,Granizo,Seca y limpia,Plano,Terraplen,Recta,Parcial con reducción de carriles,13,45,0,0,0.0,Choque,otra - pasajero o acompanante,4001_2_4,13.0,0.0
Valle del Cauca,2021-01-07 16:12:00,19,622.0,2020-10-10 05:00:00,sabado,30,Normal,Seca y limpia,Montañoso,Media ladera Izquierda,Recta,Parcial con reducción de carriles,7,0,2,0,2.0,Choque,otra - pasajero o acompanante,1901_0_19,6.0,1.0
Valle del Cauca,2021-01-07 16:16:00,2,168.0,2020-10-10 05:00:00,sabado,20,Normal,Seca y limpia,Plano,Terraplen,Recta,Parcial con reducción de carriles,16,48,0,0,1.0,Choque,no mantener distancia de seguridad,4001_2_2,16.0,0.0
Valle del Cauca,2021-01-07 16:46:00,5,0.0,2020-10-15 05:00:00,jueves,20,Normal,Seca y limpia,Plano,Terraplen,Recta,Parcial con reducción de carriles,20,0,0,0,1.0,Atropello,otra - pasajero o acompanante,4001_2_5,19.0,1.0
Valle del Cauca,2021-01-07 16:49:00,5,240.0,2020-10-16 05:00:00,viernes,15,Normal,Seca y limpia,Plano,Terraplen,Recta,Parcial con reducción de carriles,17,40,0,0,0.0,Choque,maniobras imprudentes,4001_2_5,17.0,0.0
Valle del Cauca,2021-01-07 16:56:00,19,837.0,2020-10-18 05:00:00,domingo,30,Normal,Seca y limpia,Montañoso,Media ladera Izquierda,Recta,Parcial con reducción de carriles,6,30,1,1,2.0,Choque,otra - pasajero o acompanante,1901_0_19,5.0,1.0
Valle del Cauca,2021-01-07 19:07:00,14,0.0,2020-10-19 05:00:00,lunes,0,Lluvia,Humeda,Montañoso,Media ladera Izquierda,Recta,Parcial con reducción de carriles,9,30,0,0,0.0,Choque,otra - pasajero o acompanante,1901_0_14,4.0,5.0
Valle del Cauca,2021-01-07 19:12:00,32,200.0,2020-10-19 05:00:00,lunes,0,Normal,Humeda,Ondulado,Media ladera Izquierda,Recta,Parcial con reducción de carriles,8,0,0,0,0.0,Choque,condiciones de la via y factores ambientales,4001_1_32,7.0,1.0
Valle del Cauca,2021-01-07 19:22:00,1,299.0,2020-10-21 05:00:00,miercoles,25,Normal,Seca y limpia,Plano,Terraplen,Recta,Parcial con reducción de carriles,11,2,0,0,1.0,Atropello,otra - pasajero o acompanante,4001_1_1,10.0,1.0
Valle del Cauca,2021-01-07 19:31:00,43,300.0,2020-10-22 05:00:00,jueves,30,Normal,Seca y limpia,Ondulado,Media ladera Izquierda,Recta,Parcial con reducción de carriles,20,10,0,0,0.0,Choque,no mantener distancia de seguridad,4001_1_43,19.0,1.0
Risaralda,2021-01-15 19:03:00,6,0.0,2020-12-11 05:00:00,viernes,40,Normal,Seca y limpia,Plano,Terraplen,Recta,Parcial con reducción de carriles,0,30,0,0,0.0,Choque,no mantener distancia de seguridad,29RS01_2_6,13.0,11.0
Valle del Cauca,2021-01-07 19:41:00,24,122.0,2020-10-24 05:00:00,sabado,0,Normal,Seca y limpia,Ondulado,Terraplen,Curva Derecha,Parcial con reducción de carriles,20,30,0,0,0.0,Caída de carga,otra - pasajero o acompanante,4001_2_24,20.0,0.0
Valle del Cauca,2021-01-07 19:44:00,9,928.0,2020-10-25 05:00:00,domingo,50,Normal,Seca y limpia,Plano,Terraplen,Curva Derecha,Parcial con reducción de carriles,22,30,0,1,1.0,Caída ocupante,otra - pasajero o acompanante,4001_1_9,19.0,3.0
Valle del Cauca,2021-01-07 19:50:00,16,0.0,2020-10-25 05:00:00,domingo,50,Normal,Seca y limpia,Montañoso,Media ladera Izquierda,Curva Derecha,Parcial con reducción de carriles,7,50,0,0,2.0,Volcamiento,otra - pasajero o acompanante,1901_0_16,7.0,0.0
Valle del Cauca,2021-01-07 19:54:00,19,900.0,2020-10-26 05:00:00,lunes,30,Normal,Seca y limpia,Montañoso,Media ladera Izquierda,Curva Derecha,Parcial con reducción de carriles,18,0,0,0,0.0,Choque,no mantener distancia de seguridad,4001_2_19,17.0,1.0
Valle del Cauca,2021-01-07 19:57:00,24,100.0,2020-10-26 05:00:00,lunes,0,Lluvia,Humeda,Ondulado,Terraplen,Curva Derecha,Parcial con reducción de carriles,23,2,0,0,0.0,Choque,condiciones de la via y factores ambientales,4001_2_24,22.0,1.0
Valle del Cauca,2021-01-07 20:10:00,45,650.0,2020-10-26 05:00:00,lunes,0,Normal,Seca y limpia,Ondulado,Media ladera Izquierda,Recta,Parcial con reducción de carriles,16,31,0,0,0.0,Choque,otra - pasajero o acompanante,4001_1_45,16.0,0.0
Valle del Cauca,2021-01-07 20:13:00,5,157.0,2020-10-26 05:00:00,lunes,48,Normal,Seca y limpia,Plano,Terraplen,Recta,Parcial con reducción de carriles,20,0,0,0,0.0,Choque,maniobras imprudentes,4001_2_5,18.0,2.0
Valle del Cauca,2021-01-07 20:21:00,3,275.0,2020-10-27 05:00:00,martes,40,Normal,Seca y limpia,Plano,Terraplen,Curva Derecha,Parcial con reducción de carriles,9,50,0,0,0.0,Choque,no mantener distancia de seguridad,4001_2_3,9.0,0.0
Valle del Cauca,2021-01-07 20:31:00,5,520.0,2020-10-31 05:00:00,sabado,30,Normal,Seca y limpia,Plano,Terraplen,Recta,Parcial con reducción de carriles,11,0,0,0,0.0,Choque,no mantener distancia de seguridad,4001_1_5,10.0,1.0
Valle del Cauca,2021-01-07 15:36:00,11,0.0,2020-10-01 05:00:00,jueves,0,Normal,Seca y limpia,Montañoso,Media ladera Izquierda,Recta,Transito normal con precaución,15,0,1,0,1.0,Choque,otra - pasajero o acompanante,1901_0_11,14.0,1.0
Valle del Cauca,2021-01-07 15:57:00,2,665.0,2020-10-03 05:00:00,sabado,10,Normal,Seca y limpia,Plano,Terraplen,Recta,Parcial con reducción de carriles,16,40,0,0,0.0,Choque,no mantener distancia de seguridad,4001_1_2,16.0,0.0
Valle del Cauca,2021-01-07 16:06:00,2,654.0,2020-10-06 05:00:00,martes,20,Normal,Seca y limpia,Plano,Terraplen,Recta,Transito normal con precaución,11,5,0,0,0.0,Choque,no mantener distancia de seguridad,4001_1_2,10.0,1.0
Valle del Cauca,2021-01-07 16:09:00,2,520.0,2020-10-07 05:00:00,miercoles,35,Normal,Humeda,Plano,Terraplen,Recta,Parcial con reducción de carriles,14,45,1,0,1.0,Choque,adelantamientos indebidos,4001_2_2,13.0,1.0
Valle del Cauca,2021-01-07 16:25:00,6,660.0,2020-10-11 05:00:00,domingo,5,Normal,Seca y limpia,Plano,Terraplen,Recta,Parcial con reducción de carriles,15,52,0,0,1.0,Choque,no mantener distancia de seguridad,4001_1_6,15.0,0.0
Valle del Cauca,2021-01-07 16:28:00,5,16.0,2020-10-11 05:00:00,domingo,50,Normal,Seca y limpia,Plano,Terraplen,Recta,Parcial con reducción de carriles,23,48,0,0,1.0,Atropello,embriaguez o sustancias alucinogenas,4001_2_5,22.0,1.0
Valle del Cauca,2021-01-07 16:31:00,35,240.0,2020-10-12 05:00:00,lunes,0,Normal,Seca y limpia,Ondulado,Terraplen,Recta,Parcial con reducción de carriles,3,10,0,0,0.0,Volcamiento,exceso de velocidad,4001_2_35,2.0,1.0
Valle del Cauca,2021-01-07 16:34:00,10,915.0,2020-10-12 05:00:00,lunes,25,Lluvia,Humeda,Plano,Terraplen,Recta,Parcial con reducción de carriles,0,40,0,0,0.0,Choque,no mantener distancia de seguridad,4001_1_10,0.0,0.0
Valle del Cauca,2021-01-07 16:37:00,12,961.0,2020-10-13 05:00:00,martes,15,Normal,Seca y limpia,Plano,Terraplen,Recta,Parcial con reducción de carriles,14,30,0,0,0.0,Choque,no mantener distancia de seguridad,4001_1_12,14.0,0.0
Valle del Cauca,2021-01-07 16:40:00,3,805.0,2020-10-13 05:00:00,martes,5,Viento,Seca y limpia,Plano,Terraplen,Recta,Parcial con reducción de carriles,14,8,0,0,1.0,Choque,no mantener distancia de seguridad,4001_2_3,13.0,1.0
Valle del Cauca,2021-01-07 16:42:00,10,800.0,2020-10-14 05:00:00,miercoles,25,Lluvia,Humeda,Plano,Terraplen,Recta,Parcial con reducción de carriles,19,20,0,0,0.0,Choque,adelantamientos indebidos,4001_1_10,18.0,1.0
Valle del Cauca,2021-01-07 16:52:00,4,324.0,2020-10-18 05:00:00,domingo,20,Normal,Seca y limpia,Plano,Terraplen,Recta,Parcial con reducción de carriles,7,50,0,0,1.0,Choque,embriaguez o sustancias alucinogenas,4001_2_4,7.0,0.0