territorial,fecha_registro,pr,distancia_pr,fecha_acc,dia_semana_acc,min_acc,condic_meteor,estado_super,terreno,secc_tip,geometria_acc,tipo_cierre,horas_cierre,min_cierre,n_heridos,n_muertos,n_victimas,clase_accidente,causa_posible,ref_loc,hora_acc,duracion_cierre_horas
Valle del Cauca,2021-01-07 19:03:00,14,23.0,2020-10-18 05:00:00,domingo,50,Normal,Seca y limpia,Montañoso,Media ladera Izquierda,Recta,Parcial con reducción de carriles,19,35,1,0,1.0,Choque,otra - pasajero o acompanante,1901_0_14,18.0,1.0
Valle del Cauca,2021-01-07 19:16:00,2,849.0,2020-10-20 05:00:00,martes,20,Normal,Seca y limpia,Plano,Terraplen,Recta,Parcial con reducción de carriles,17,40,0,0,1.0,Atropello,embriaguez o sustancias alucinogenas,4001_1_2,16.0,1.0
Valle del Cauca,2021-01-07 19:25:00,13,663.0,2020-10-22 05:00:00,jueves,15,Lluvia,Humeda,Plano,Terraplen,Recta,Parcial con reducción de carriles,0,45,0,0,0.0,Choque,adelantamientos indebidos,4001_1_13,0.0,0.0
Valle del Cauca,2021-01-07 19:34:00,7,358.0,2020-10-23 05:00:00,viernes,50,Lluvia,Humeda,Plano,Terraplen,Recta,Parcial con reducción de carriles,18,25,0,0,0.0,Choque,no mantener distancia de seguridad,4001_1_7,17.0,1.0
Valle del Cauca,2021-01-07 19:38:00,13,76.0,2020-10-24 05:00:00,sabado,10,Normal,Seca y limpia,Plano,Terraplen,Recta,Parcial con reducción de carriles,15,30,0,0,0.0,Choque,otra - pasajero o acompanante,1901_0_13,15.0,0.0
Valle del Cauca,2021-01-07 19:47:00,12,5.0,2020-10-25 05:00:00,domingo,22,Viento,Seca y limpia,Montañoso,Media ladera Izquierda,Curva Derecha,Parcial con reducción de carriles,9,30,4,0,4.0,Choque,otra - pasajero o acompanante,1901_0_12,8.0,1.0
Valle del Cauca,2021-01-07 20:04:00,4,441.0,2020-10-26 05:00:00,lunes,10,Lluvia,Humeda,Plano,Terraplen,Recta,Parcial con reducción de carriles,22,30,0,0,0.0,Choque,no mantener distancia de seguridad,4001_1_4,21.0,1.0
Valle del Cauca,2021-01-07 20:18:00,10,498.0,2020-10-26 05:00:00,lunes,30,Normal,Seca y limpia,Plano,Terraplen,Recta,Parcial con reducción de carriles,15,0,0,0,0.0,Choque,maniobras imprudentes,4001_1_10,14.0,1.0
Valle del Cauca,2021-01-07 20:24:00,5,520.0,2020-10-28 05:00:00,miercoles,0,Lluvia,Humeda,Plano,Terraplen,Recta,Parcial con reducción de carriles,11,30,0,0,0.0,Choque,no mantener distancia de seguridad,4001_1_5,11.0,0.0
Valle del Cauca,2021-01-07 20:28:00,2,572.0,2020-10-29 05:00:00,jueves,0,Normal,Seca y limpia,Plano,Terraplen,Recta,Parcial con reducción de carriles,16,35,0,0,0.0,Choque,no mantener distancia de seguridad,4001_1_2,16.0,0.0
Planta Central,2021-01-08 12:20:00,50,30.0,2020-12-02 05:00:00,miercoles,16,Niebla,Humeda,Ondulado,Media Ladera Derecha,Curva Derecha,Parcial con paso alternado,21,26,0,0,0.0,Salida de la vía sin volcarse,otra - pasajero o acompanante,5008_1_50,21.0,0.0
Planta Central,2021-01-08 12:20:00,50,0.0,2020-12-02 05:00:00,miercoles,30,Lluvia,Humeda,Ondulado,Media Ladera Derecha,Curva Derecha,Transito normal con precaución,21,50,0,0,0.0,Choque,condiciones de la via y factores ambientales,5008_1_50,21.0,0.0
Planta Central,2021-01-08 13:47:00,47,657.0,2021-01-05 05:00:00,martes,0,Normal,Seca y limpia,Ondulado,Media Ladera Derecha,Curva Izquierda,Parcial con paso alternado,7,20,0,0,0.0,Volcamiento,otra - pasajero o acompanante,5008_1_47,7.0,0.0
Planta Central,2021-01-08 13:51:00,52,405.0,2020-12-05 05:00:00,sabado,25,Normal,Seca y limpia,Ondulado,Media Ladera Derecha,Curva Derecha,Transito normal con precaución,17,25,1,0,1.0,Caída ocupante,otra - pasajero o acompanante,5008_1_52,17.0,0.0
Planta Central,2021-01-08 14:34:00,57,68.0,2021-01-13 05:00:00,miercoles,0,Seca,Seca y limpia,Ondulado,Media Ladera Derecha,Curva Izquierda,Transito normal con precaución,1,0,0,0,0.0,Volcamiento,otra - pasajero o acompanante,5008_1_57,1.0,0.0
Planta Central,2021-01-08 14:42:00,14,852.0,2020-12-14 05:00:00,lunes,35,Seca,Seca y limpia,Ondulado,Media Ladera Derecha,Curva Izquierda,Transito normal con precaución,0,35,0,0,0.0,Caída ocupante,otra - pasajero o acompanante,5008_1_14,0.0,0.0
Planta Central,2021-01-08 14:45:00,13,526.0,2020-12-16 05:00:00,miercoles,29,Seca,Seca y limpia,Ondulado,Media Ladera Derecha,Curva Izquierda,Transito normal con precaución,2,29,0,0,0.0,Volcamiento,exceso en horas de conduccion,5008_1_13,2.0,0.0
Planta Central,2021-01-08 14:50:00,48,200.0,2020-12-18 05:00:00,viernes,5,Seca,Seca y limpia,Ondulado,Media Ladera Derecha,Curva Izquierda,Transito normal con precaución,6,5,0,0,0.0,Volcamiento,otra - pasajero o acompanante,5008_1_48,6.0,0.0
Planta Central,2021-01-08 14:59:00,18,560.0,2020-12-19 05:00:00,sabado,0,Seca,Seca y limpia,Ondulado,Media Ladera Derecha,Curva Izquierda,Cierre total,5,0,15,3,20.0,Volcamiento,exceso en horas de conduccion,5008_1_18,5.0,0.0
Planta Central,2021-01-08 15:03:00,39,54.0,2020-12-19 05:00:00,sabado,25,Lluvia,Humeda,Ondulado,Media Ladera Derecha,Curva Derecha,Transito normal con precaución,14,25,1,0,1.0,Caída ocupante,otra - pasajero o acompanante,5008_1_39,14.0,0.0
Planta Central,2021-01-08 15:10:00,51,814.0,2020-12-20 05:00:00,domingo,35,Niebla,Humeda,Ondulado,Media Ladera Derecha,Curva Derecha,Parcial con paso alternado,6,35,0,0,0.0,Choque,adelantamientos indebidos,5008_1_51,6.0,0.0
Planta Central,2021-01-08 15:12:00,56,438.0,2020-12-24 05:00:00,jueves,26,Lluvia,Humeda,Ondulado,Media Ladera Derecha,Curva Derecha,Transito normal con precaución,13,26,1,0,1.0,Volcamiento,condiciones de la via y factores ambientales,5008_1_56,13.0,0.0
Planta Central,2021-01-08 15:20:00,51,555.0,2020-12-29 05:00:00,martes,50,Seca,Seca y limpia,Ondulado,Terraplen,Curva Derecha,Parcial con paso alternado,9,50,0,0,0.0,Volcamiento,fallas mecanicas y del sistema electrico,5008_1_51,9.0,0.0
Planta Central,2021-01-08 15:23:00,32,0.0,2020-12-30 05:00:00,miercoles,5,Seca,Seca y limpia,Plano,Cajón,Recta,Cierre total,10,10,1,0,1.0,Choque,exceso en horas de conduccion,5008_1_32,10.0,0.0
Planta Central,2021-01-08 13:57:00,34,258.0,2020-12-07 05:00:00,lunes,53,Lluvia,Humeda,Ondulado,Media Ladera Derecha,Curva Izquierda,Parcial con paso alternado,19,10,0,0,0.0,Choque,impericia en el manejo,5008_1_34,18.0,1.0
Planta Central,2021-01-08 14:03:00,48,660.0,2020-12-10 05:00:00,jueves,6,Seca,Seca y limpia,Ondulado,Media Ladera Derecha,Curva Derecha,Parcial con paso alternado,15,20,0,0,0.0,Volcamiento,otra - pasajero o acompanante,5008_1_48,15.0,0.0
Planta Central,2021-01-08 14:31:00,24,872.0,2020-12-12 05:00:00,sabado,30,Seca,Seca y limpia,Ondulado,Media Ladera Derecha,Curva Derecha,Transito normal con precaución,15,30,1,0,1.0,Caída ocupante,impericia en el manejo,5008_1_24,15.0,0.0
Planta Central,2021-01-08 14:38:00,13,557.0,2020-12-13 05:00:00,domingo,7,Seca,Seca y limpia,Ondulado,Media Ladera Derecha,Curva Izquierda,Transito normal con precaución,6,7,0,0,0.0,Volcamiento,otra - pasajero o acompanante,5008_1_13,6.0,0.0
Planta Central,2021-01-08 14:48:00,61,67.0,2020-12-16 05:00:00,miercoles,40,Seca,Seca y limpia,Ondulado,Media Ladera Derecha,Curva Derecha,Transito normal con precaución,3,40,3,0,3.0,Salida de la vía sin volcarse,exceso en horas de conduccion,5008_1_61,3.0,0.0
Risaralda,2021-01-15 19:03:00,84,110.0,2020-12-03 05:00:00,jueves,30,Lluvia,Humeda,Ondulado,Terraplen,Recta,Cierre total,1,30,0,0,0.0,Choque,exceso en horas de conduccion,2506_1_84,3.0,22.0
Planta Central,2021-01-08 14:55:00,58,850.0,2020-12-18 05:00:00,viernes,36,Seca,Seca y limpia,Ondulado,Media Ladera Derecha,Curva Derecha,Parcial con reducción de carriles,18,36,1,0,1.0,Choque,fallas mecanicas y del sistema electrico,5008_1_58,18.0,0.0
Planta Central,2021-01-08 15:06:00,28,432.0,2020-12-19 05:00:00,sabado,25,Seca,Seca y limpia,Ondulado,Media Ladera Derecha,Curva Derecha,Transito normal con precaución,14,25,1,0,1.0,Choque,adelantamientos indebidos,5008_1_28,14.0,0.0
Planta Central,2021-01-08 15:08:00,22,264.0,2020-12-19 05:00:00,sabado,48,Seca,Seca y limpia,Ondulado,Media Ladera Derecha,Curva Derecha,Transito normal con precaución,17,48,0,0,0.0,Caída ocupante,otra - pasajero o acompanante,5008_1_22,17.0,0.0
Planta Central,2021-01-08 15:15:00,35,128.0,2020-12-24 05:00:00,jueves,3,Seca,Seca y limpia,Ondulado,Media Ladera Derecha,Recta,Parcial con reducción de carriles,20,3,2,0,2.0,Choque,otra - pasajero o acompanante,5008_1_35,20.0,0.0
Planta Central,2021-01-08 15:18:00,36,414.0,2020-12-26 05:00:00,sabado,4,Seca,Seca y limpia,Ondulado,Media Ladera Derecha,Curva Derecha,Parcial con reducción de carriles,15,10,2,0,2.0,Choque,adelantamientos indebidos,5008_1_36,15.0,0.0
Cauca,2021-01-09 19:32:00,55,400.0,2020-12-27 05:00:00,domingo,30,Sol,Seca y limpia,Montañoso,Media ladera Izquierda,Curva Izquierda,Transito normal con precaución,0,0,0,0,1.0,Choque,exceso de velocidad,2602_0_55,15.0,9.0
Putumayo,2021-01-12 17:41:00,73,650.0,2020-12-06 05:00:00,domingo,0,Normal,Seca y limpia,Plano,Terraplen,Recta,Transito normal con precaución,0,0,1,0,1.0,Otro,otra - conductor en general,4502_0_73,1.0,23.0
Antioquia,2021-01-12 19:31:00,65,950.0,2020-12-22 05:00:00,martes,0,Seca,Seca y limpia,Plano,Terraplen,Recta,Transito normal con precaución,8,10,0,0,0.0,Choque,condiciones de la via y factores ambientales,9002_0_65,8.0,0.0
Antioquia,2021-01-12 19:52:00,60,789.0,2020-12-22 05:00:00,martes,30,Seca,Seca y limpia,Plano,Terraplen,Recta,Parcial con paso alternado,8,30,0,0,1.0,Choque,exceso de velocidad,9002_0_60,5.0,3.0
Risaralda,2021-01-15 19:03:00,4,50.0,2020-12-29 05:00:00,martes,30,Normal,Seca y limpia,Ondulado,Terraplen,Recta,Parcial con reducción de carriles,0,30,0,0,0.0,Choque,no mantener distancia de seguridad,29RS01_2_4,2.0,22.0
Cesar,2021-01-15 20:23:00,41,200.0,2020-12-18 05:00:00,viernes,30,Seca,Seca y limpia,Plano,Terraplen,Recta,Cierre total,6,30,0,0,0.0,Choque,desobediencia a normas y senales,7806_0_41,18.0,12.0
Risaralda,2021-01-15 19:03:00,6,800.0,2020-12-21 05:00:00,lunes,50,Normal,Seca y limpia,Plano,Terraplen,Recta,Parcial con reducción de carriles,0,30,0,0,0.0,Choque,no mantener distancia de seguridad,29RS01_1_6,13.0,11.0
Risaralda,2021-01-15 19:03:00,8,600.0,2020-12-23 05:00:00,miercoles,0,Normal,Seca y limpia,Plano,Terraplen,Recta,Parcial con reducción de carriles,0,30,0,0,0.0,Choque,no mantener distancia de seguridad,29RS01_1_8,14.0,10.0
Risaralda,2021-01-15 19:03:00,79,900.0,2020-12-28 05:00:00,lunes,20,Normal,Seca y limpia,Ondulado,Terraplen,Recta,Parcial con reducción de carriles,0,30,0,0,0.0,Choque,condiciones de la via y factores ambientales,2506_1_79,1.0,23.0
Risaralda,2021-01-15 19:03:00,5,600.0,2020-12-23 05:00:00,miercoles,20,Lluvia,Humeda,Plano,Terraplen,Recta,Parcial con reducción de carriles,0,30,0,0,0.0,Choque,condiciones de la via y factores ambientales,29RS01_2_5,4.0,20.0
Risaralda,2021-01-15 19:03:00,4,100.0,2020-12-29 05:00:00,martes,30,Normal,Seca y limpia,Ondulado,Terraplen,Recta,Parcial con reducción de carriles,0,30,0,0,0.0,Choque,no mantener distancia de seguridad,29RS01_2_4,15.0,9.0
Risaralda,2021-01-15 19:03:00,4,200.0,2020-12-10 05:00:00,jueves,50,Normal,Seca y limpia,Ondulado,Terraplen,Recta,Parcial con reducción de carriles,0,30,0,0,0.0,Choque,no mantener distancia de seguridad,29RS01_2_4,18.0,6.0
Cesar,2021-01-15 20:03:00,32,390.0,2020-12-05 05:00:00,sabado,0,Seca,Seca y limpia,Plano,Terraplen,Recta,Transito normal con precaución,0,0,2,5,7.0,Choque,otra - conductor en general,7806_0_32,6.0,18.0
Risaralda,2021-01-15 19:03:00,5,200.0,2020-12-15 05:00:00,martes,30,Normal,Seca y limpia,Plano,Media Ladera Derecha,Recta,Parcial con reducción de carriles,0,30,0,0,0.0,Choque,condiciones de la via y factores ambientales,29RS01_1_5,19.0,5.0
Risaralda,2021-01-15 19:03:00,9,40.0,2020-12-19 05:00:00,sabado,30,Normal,Seca y limpia,Plano,Terraplen,Recta,Parcial con reducción de carriles,0,30,0,0,0.0,Choque,no mantener distancia de seguridad,29RS01_1_9,13.0,11.0
Risaralda,2021-01-15 19:03:00,9,500.0,2020-12-28 05:00:00,lunes,55,Normal,Seca y limpia,Plano,Terraplen,Curva Derecha,Parcial con reducción de carriles,0,30,0,0,0.0,Choque,adelantamientos indebidos,29RS01_1_9,11.0,13.0
Risaralda,2021-01-15 19:03:00,10,0.0,2020-12-11 05:00:00,viernes,55,Normal,Seca y limpia,Plano,Terraplen,Recta,Parcial con reducción de carriles,0,20,0,0,0.0,Choque,desobediencia a normas y senales,29RS01_2_10,14.0,10.0
Risaralda,2021-01-15 19:03:00,10,800.0,2020-12-15 05:00:00,martes,30,Normal,Seca y limpia,Plano,Terraplen,Recta,Parcial con reducción de carriles,0,30,0,0,0.0,Choque,no mantener distancia de seguridad,29RS01_2_10,10.0,14.0
Risaralda,2021-01-15 19:03:00,10,900.0,2020-12-19 05:00:00,sabado,40,Normal,Seca y limpia,Plano,Terraplen,Recta,Parcial con reducción de carriles,0,30,0,0,0.0,Choque,no mantener distancia de seguridad,29RS01_2_10,6.0,18.0
Guajira,2021-01-16 15:22:00,38,500.0,2020-12-01 05:00:00,martes,36,Normal,Seca y limpia,Plano,Terraplen,Recta,Transito normal con precaución,8,36,0,0,0.0,Choque,condiciones de la via y factores ambientales,8004A_1_38,8.0,0.0
Guajira,2021-01-16 15:30:00,68,350.0,2020-12-17 05:00:00,jueves,40,Normal,Seca y limpia,Plano,Terraplen,Recta,Transito normal con precaución,16,40,2,0,2.0,Choque,adelantamientos indebidos,4902_1_68,16.0,0.0
Guajira,2021-01-16 15:45:00,35,0.0,2020-12-21 05:00:00,lunes,0,Normal,Seca y limpia,Plano,Terraplen,Curva Izquierda,Transito normal con precaución,6,0,0,0,0.0,Choque,no mantener distancia de seguridad,8801_1_35,6.0,0.0
Meta,2021-01-18 20:51:00,102,100.0,2020-12-03 05:00:00,jueves,30,Sol,Seca y limpia,Plano,Terraplen,Recta,Parcial con paso alternado,12,0,0,0,0.0,Volcamiento,otra - conductor en general,6507_0_102,8.0,4.0
Caldas,2021-03-08 19:42:00,29,300.0,2021-01-21 05:00:00,jueves,40,Normal,Seca y limpia,Montañoso,Media Ladera Derecha,Recta,Parcial con reducción de carriles,13,40,0,0,0.0,Choque,adelantamientos indebidos,5005_2_29,12.0,1.0
Cesar,2021-01-19 11:42:00,84,100.0,2020-12-02 05:00:00,miercoles,20,Normal,Seca y limpia,Plano,Terraplen,Recta,Transito normal con precaución,0,30,0,0,1.0,Choque,fallas mecanicas y del sistema electrico,4901_1_84,6.0,18.0
Planta Central,2021-01-19 14:40:00,23,0.0,2020-10-06 05:00:00,martes,40,Normal,Aceite,Montañoso,Media ladera Izquierda,Curva Izquierda,Transito normal con precaución,0,10,0,0,0.0,Choque,condiciones de la via y factores ambientales,4003_1_23,8.0,16.0
Planta Central,2021-01-19 15:44:00,8,800.0,2020-10-20 05:00:00,martes,5,Normal,Seca y limpia,Montañoso,Media ladera Izquierda,Curva Izquierda,Transito normal con precaución,0,15,0,0,0.0,Choque,maniobras imprudentes,4003_1_8,23.0,1.0
Planta Central,2021-01-19 16:38:00,13,800.0,2020-11-02 05:00:00,lunes,0,Normal,Seca y limpia,Montañoso,Media ladera Izquierda,Recta,Transito normal con precaución,0,30,0,0,0.0,Caída ocupante,exceso de velocidad,4003_1_13,20.0,4.0
Córdoba,2021-01-19 19:18:00,83,45.0,2020-11-12 05:00:00,jueves,45,Normal,Seca y limpia,Plano,Terraplen,Recta,Transito normal con precaución,0,30,0,0,1.0,Choque,desobediencia a normas y senales,9002_0_83,12.0,12.0
Valle del Cauca,2021-01-19 19:16:00,3,380.0,2020-11-02 05:00:00,lunes,10,Viento,Seca y limpia,Plano,Terraplen,Recta,Transito normal con precaución,15,25,1,0,1.0,Choque,maniobras imprudentes,4001_1_3,15.0,0.0
Valle del Cauca,2021-01-19 19:30:00,11,634.0,2020-11-06 05:00:00,viernes,0,Normal,Seca y limpia,Plano,Terraplen,Recta,Parcial con reducción de carriles,18,59,0,1,1.0,Choque,otra - pasajero o acompanante,4001_1_11,18.0,0.0
Córdoba,2021-01-19 19:36:00,29,420.0,2020-11-13 05:00:00,viernes,30,Normal,Seca y limpia,Plano,Terraplen,Recta,Parcial con paso alternado,0,20,0,0,0.0,Choque,maniobras imprudentes,9004_1_29,11.0,13.0
Córdoba,2021-01-19 19:41:00,25,80.0,2020-11-22 05:00:00,domingo,5,Normal,Seca y limpia,Plano,Terraplen,Recta,Transito normal con precaución,0,0,0,1,2.0,Choque,maniobras imprudentes,9004_1_25,0.0,0.0
Valle del Cauca,2021-01-19 19:37:00,5,860.0,2020-11-10 05:00:00,martes,40,Lluvia,Humeda,Plano,Terraplen,Recta,Parcial con reducción de carriles,7,58,0,0,0.0,Choque,adelantamientos indebidos,4001_1_5,7.0,0.0
Córdoba,2021-01-19 19:50:00,8,130.0,2020-11-29 05:00:00,domingo,45,Normal,Seca y limpia,Plano,Terraplen,Recta,Transito normal con precaución,0,45,0,0,2.0,Choque,embriaguez o sustancias alucinogenas,2103_1_8,17.0,7.0
Planta Central,2021-01-19 19:33:00,17,900.0,2020-11-08 05:00:00,domingo,15,Normal,Otra,Montañoso,Media Ladera Derecha,Curva Derecha,Transito normal con precaución,0,30,0,0,1.0,Volcamiento,exceso de velocidad,4003_1_17,15.0,9.0
Valle del Cauca,2021-01-19 19:59:00,12,1022.0,2020-11-13 05:00:00,viernes,50,Lluvia,Humeda,Plano,Terraplen,Recta,Parcial con reducción de carriles,6,45,0,0,1.0,Atropello,otra - pasajero o acompanante,4001_1_12,5.0,1.0
Valle del Cauca,2021-01-19 20:02:00,3,334.0,2020-11-14 05:00:00,sabado,19,Normal,Seca y limpia,Plano,Terraplen,Recta,Parcial con reducción de carriles,11,29,0,0,0.0,Choque,no mantener distancia de seguridad,4001_1_3,11.0,0.0
Planta Central,2021-01-19 20:14:00,20,50.0,2020-11-07 05:00:00,sabado,0,Normal,Seca y limpia,Montañoso,Media Ladera Derecha,Curva Derecha,Transito normal con precaución,0,10,1,0,1.0,Volcamiento,exceso de velocidad,4003_1_20,20.0,4.0
Valle del Cauca,2021-01-19 20:16:00,7,87.0,2020-11-17 05:00:00,martes,15,Normal,Seca y limpia,Plano,Terraplen,Recta,Parcial con reducción de carriles,14,0,1,0,1.0,Choque,no mantener distancia de seguridad,4001_1_7,13.0,1.0
Córdoba,2021-01-19 20:00:00,29,220.0,2020-11-30 05:00:00,lunes,40,Normal,Seca y limpia,Plano,Terraplen,Recta,Parcial con paso alternado,0,30,4,0,4.0,Choque,adelantamientos indebidos,9003_0_29,18.0,6.0
Valle del Cauca,2021-01-19 20:26:00,8,63.0,2020-11-22 05:00:00,domingo,50,Normal,Seca y limpia,Plano,Terraplen,Recta,Parcial con reducción de carriles,21,0,0,0,2.0,Choque,impericia en el manejo,4001_1_8,18.0,3.0
Córdoba,2021-01-19 20:21:00,48,400.0,2020-11-22 05:00:00,domingo,0,Normal,Seca y limpia,Plano,Terraplen,Recta,Transito normal con precaución,3,45,0,0,1.0,Choque,no mantener distancia de seguridad,2103_1_48,18.0,9.0
Valle del Cauca,2021-01-19 20:39:00,8,720.0,2020-11-24 05:00:00,martes,0,Lluvia,Humeda,Plano,Terraplen,Recta,Parcial con reducción de carriles,20,25,2,0,2.0,Choque,otra - pasajero o acompanante,4001_1_8,20.0,0.0
Valle del Cauca,2021-01-19 20:46:00,9,720.0,2020-11-29 05:00:00,domingo,50,Normal,Seca y limpia,Plano,Terraplen,Curva Derecha,Parcial con reducción de carriles,12,10,0,0,0.0,Choque,otra - pasajero o acompanante,4001_1_9,11.0,1.0
Valle del Cauca,2021-01-19 20:49:00,5,860.0,2020-11-30 05:00:00,lunes,15,Normal,Seca y limpia,Plano,Terraplen,Recta,Parcial con reducción de carriles,14,30,0,0,0.0,Choque,otra - pasajero o acompanante,4001_1_5,14.0,0.0
Cauca,2021-01-19 21:00:00,90,700.0,2020-12-03 05:00:00,jueves,0,Lluvia,Humeda,Montañoso,Media ladera Izquierda,Curva Derecha,Cierre total,0,30,0,0,0.0,Choque,exceso de velocidad,2602_0_90,14.0,10.0
Planta Central,2021-01-19 22:27:00,26,0.0,2020-11-24 05:00:00,martes,3,Lluvia,Humeda,Montañoso,Media Ladera Derecha,Curva Izquierda,Transito normal con precaución,0,45,1,0,1.0,Choque,condiciones de la via y factores ambientales,4003_1_26,16.0,8.0
Planta Central,2021-01-19 22:47:00,35,700.0,2020-11-02 05:00:00,lunes,58,Normal,Seca y limpia,Montañoso,Media ladera Izquierda,Curva Izquierda,Transito normal con precaución,0,25,1,0,1.0,Choque,exceso de velocidad,4003_1_35,15.0,9.0
Planta Central,2021-01-19 15:35:00,18,0.0,2020-10-06 05:00:00,martes,40,Normal,Seca y limpia,Montañoso,Media Ladera Derecha,Curva Izquierda,Transito normal con precaución,0,0,0,0,0.0,Choque,otra - conductor en general,4003_1_18,5.0,19.0
Planta Central,2021-01-19 15:44:00,9,800.0,2020-10-18 05:00:00,domingo,45,Lluvia,Humeda,Montañoso,Media ladera Izquierda,Curva Derecha,Transito normal con precaución,0,0,0,0,0.0,Choque,condiciones de la via y factores ambientales,4003_1_9,19.0,5.0
Planta Central,2021-01-19 15:44:00,8,600.0,2020-10-19 05:00:00,lunes,50,Lluvia,Humeda,Montañoso,Media ladera Izquierda,Curva Izquierda,Transito normal con precaución,0,10,0,0,0.0,Choque,otra - conductor en general,4003_1_8,10.0,14.0
Planta Central,2021-01-19 16:31:00,8,200.0,2020-10-21 05:00:00,miercoles,20,Normal,Seca y limpia,Montañoso,Media ladera Izquierda,Curva Derecha,Transito normal con precaución,0,10,0,0,0.0,Choque,adelantamientos indebidos,4003_1_8,19.0,5.0
Planta Central,2021-01-19 16:38:00,9,300.0,2020-11-13 05:00:00,viernes,14,Lluvia,Humeda,Montañoso,Media ladera Izquierda,Recta,Transito normal con precaución,0,45,1,0,1.0,Volcamiento,condiciones de la via y factores ambientales,4003_1_9,18.0,6.0
Cesar,2021-01-19 19:14:00,42,400.0,2020-12-17 05:00:00,jueves,30,Normal,Seca y limpia,Plano,Terraplen,Curva Izquierda,Parcial con paso alternado,0,15,0,0,0.0,Choque,adelantamientos indebidos,4901_1_42,20.0,4.0
Córdoba,2021-01-19 19:09:00,14,570.0,2020-11-08 05:00:00,domingo,50,Normal,Seca y limpia,Plano,Terraplen,Recta,Parcial con paso alternado,1,0,0,1,1.0,Choque,embriaguez o sustancias alucinogenas,7801_1_14,4.0,21.0
Valle del Cauca,2021-01-19 19:26:00,5,340.0,2020-11-05 05:00:00,jueves,40,Normal,Seca y limpia,Plano,Terraplen,Recta,Parcial con reducción de carriles,17,10,0,0,0.0,Choque,no mantener distancia de seguridad,4001_1_5,16.0,1.0
Valle del Cauca,2021-01-19 19:34:00,12,851.0,2020-11-10 05:00:00,martes,25,Normal,Seca y limpia,Plano,Terraplen,Recta,Parcial con reducción de carriles,22,30,0,0,1.0,Choque,maniobras imprudentes,4001_1_12,21.0,1.0
Planta Central,2021-01-19 19:33:00,16,0.0,2020-11-17 05:00:00,martes,49,Normal,Otra,Montañoso,Terraplen,Curva Izquierda,Transito normal con precaución,0,20,1,0,1.0,Choque,condiciones de la via y factores ambientales,4003_1_16,14.0,10.0
Valle del Cauca,2021-01-19 20:09:00,5,860.0,2020-11-14 05:00:00,sabado,30,Normal,Seca y limpia,Plano,Terraplen,Recta,Parcial con reducción de carriles,0,20,1,0,1.0,Choque,maniobras imprudentes,4001_2_5,23.0,1.0
Valle del Cauca,2021-01-19 20:13:00,9,195.0,2020-11-15 05:00:00,domingo,20,Normal,Seca y limpia,Plano,Terraplen,Curva Izquierda,Parcial con reducción de carriles,6,42,2,0,4.0,Choque,maniobras imprudentes,4001_2_9,6.0,0.0
Valle del Cauca,2021-01-19 20:19:00,6,563.0,2020-11-18 05:00:00,miercoles,55,Lluvia,Humeda,Plano,Terraplen,Recta,Parcial con reducción de carriles,8,25,0,0,0.0,Choque,adelantamientos indebidos,4001_2_6,7.0,1.0
Planta Central,2021-01-19 20:19:00,20,500.0,2020-11-04 05:00:00,miercoles,0,Normal,Seca y limpia,Montañoso,Media ladera Izquierda,Curva Izquierda,Transito normal con precaución,0,10,1,0,1.0,Volcamiento,fallas mecanicas y del sistema electrico,4003_1_20,20.0,4.0
Valle del Cauca,2021-01-19 20:23:00,3,75.0,2020-11-19 05:00:00,jueves,30,Lluvia,Humeda,Plano,Terraplen,Recta,Parcial con reducción de carriles,10,50,0,0,0.0,Choque,no mantener distancia de seguridad,4001_1_3,10.0,0.0
Valle del Cauca,2021-01-19 20:29:00,5,860.0,2020-11-25 05:00:00,miercoles,30,Normal,Seca y limpia,Plano,Terraplen,Recta,Parcial con reducción de carriles,16,10,0,0,0.0,Choque,no mantener distancia de seguridad,4001_2_5,15.0,1.0
Valle del Cauca,2021-01-19 20:34:00,1,622.0,2020-11-24 05:00:00,martes,5,Normal,Seca y limpia,Plano,Terraplen,Recta,Parcial con reducción de carriles,17,40,2,0,2.0,Choque,fallas mecanicas y del sistema electrico,4001_1_1,17.0,0.0
Valle del Cauca,2021-01-19 20:42:00,23,850.0,2020-11-26 05:00:00,jueves,10,Normal,Seca y limpia,Ondulado,Media ladera Izquierda,Curva Derecha,Parcial con reducción de carriles,8,30,0,0,0.0,Choque,estacionamiento y senalizacion imprudente,4001_2_23,5.0,3.0
Planta Central,2021-01-19 20:24:00,24,0.0,2020-11-21 05:00:00,sabado,40,Normal,Aceite,Montañoso,Media Ladera Derecha,Curva Derecha,Transito normal con precaución,0,45,1,0,1.0,Volcamiento,condiciones de la via y factores ambientales,4003_1_24,16.0,8.0
Planta Central,2021-01-19 23:02:00,36,500.0,2020-11-14 05:00:00,sabado,38,Lluvia,Humeda,Montañoso,Media Ladera Derecha,Curva Izquierda,Transito normal con precaución,1,20,1,0,1.0,Volcamiento,condiciones de la via y factores ambientales,4003_1_36,8.0,17.0
Cesar,2021-01-20 12:35:00,123,500.0,2020-12-06 05:00:00,domingo,40,Normal,Seca y limpia,Plano,Terraplen,Curva Izquierda,Transito normal con precaución,2,10,0,0,0.0,Choque,condiciones de la via y factores ambientales,4901_1_123,23.0,3.0