territorial,fecha_registro,pr,distancia_pr,fecha_acc,dia_semana_acc,min_acc,condic_meteor,estado_super,terreno,secc_tip,geometria_acc,tipo_cierre,horas_cierre,min_cierre,n_heridos,n_muertos,n_victimas,clase_accidente,causa_posible,ref_loc,hora_acc,duracion_cierre_horas
Casanare,2021-01-20 14:05:00,56,680.0,2020-12-17 05:00:00,jueves,10,Seca,Seca y limpia,Plano,Terraplen,Recta,Transito normal con precaución,10,10,0,0,0.0,Choque,desobediencia a normas y senales,6515_2_56,10.0,0.0
Casanare,2021-01-20 14:08:00,57,50.0,2020-12-17 05:00:00,jueves,40,Seca,Seca y limpia,Plano,Terraplen,Recta,Transito normal con precaución,10,40,0,0,0.0,Choque,otra - conductor en general,6515_1_57,10.0,0.0
Risaralda,2021-01-20 20:44:00,0,110.0,2020-08-22 05:00:00,sabado,20,Normal,Seca y limpia,Plano,Terraplen,Recta,Transito normal con precaución,18,20,2,0,2.0,Choque,desobediencia a normas y senales,2902_1_0,18.0,0.0
Risaralda,2021-01-20 20:56:00,5,230.0,2020-08-23 05:00:00,domingo,40,Lluvia,Humeda,Plano,Terraplen,Recta,Transito normal con precaución,15,40,0,0,0.0,Choque,desobediencia a normas y senales,2902_1_5,15.0,0.0
Risaralda,2021-01-20 21:23:00,2,850.0,2020-08-29 05:00:00,sabado,0,Normal,Humeda,Plano,Terraplen,Curva Izquierda,Transito normal con precaución,18,0,2,0,2.0,Caída ocupante,desobediencia a normas y senales,2507_1_2,18.0,0.0
Risaralda,2021-01-20 21:36:00,3,610.0,2020-08-30 05:00:00,domingo,25,Normal,Seca y limpia,Plano,Terraplen,Recta,Transito normal con precaución,18,25,1,0,1.0,Choque,otra - conductor en general,2902_2_3,18.0,0.0
Casanare,2021-01-20 14:08:00,66,0.0,2020-12-21 05:00:00,lunes,0,Seca,Seca y limpia,Plano,Terraplen,Recta,Transito normal con precaución,1,0,0,1,1.0,Caída ocupante,conducta de pasajeros,6515_1_66,1.0,0.0
Risaralda,2021-01-20 20:38:00,9,170.0,2020-08-22 05:00:00,sabado,30,Normal,Seca y limpia,Plano,Media ladera Izquierda,Recta,Transito normal con precaución,14,30,0,0,0.0,Choque,no mantener distancia de seguridad,29RSC_1_9,14.0,0.0
Risaralda,2021-01-20 21:00:00,0,160.0,2020-08-24 05:00:00,lunes,0,Normal,Seca y limpia,Plano,Terraplen,Recta,Transito normal con precaución,17,0,0,0,0.0,Choque,adelantamientos indebidos,29RSA_1_0,17.0,0.0
Risaralda,2021-01-20 21:08:00,10,600.0,2020-08-27 05:00:00,jueves,20,Normal,Seca y limpia,Plano,Media ladera Izquierda,Recta,Transito normal con precaución,16,20,0,0,0.0,Choque,desobediencia a normas y senales,29RSC_1_10,16.0,0.0
Risaralda,2021-01-20 21:17:00,0,530.0,2020-08-27 05:00:00,jueves,40,Normal,Humeda,Plano,Media Ladera Derecha,Recta,Transito normal con precaución,10,40,0,0,0.0,Choque,no mantener distancia de seguridad,2902_1_0,10.0,0.0
Risaralda,2021-01-20 21:31:00,1,670.0,2020-08-30 05:00:00,domingo,0,Normal,Seca y limpia,Plano,Terraplen,Recta,Transito normal con precaución,22,0,0,0,0.0,Choque,desobediencia a normas y senales,2902_2_1,22.0,0.0
Risaralda,2021-01-20 21:41:00,3,750.0,2020-08-31 05:00:00,lunes,50,Normal,Seca y limpia,Plano,Terraplen,Recta,Transito normal con precaución,3,50,1,0,1.0,Choque,desobediencia a normas y senales,2902_1_3,3.0,0.0
Chocó,2021-01-21 16:16:00,78,800.0,2020-10-14 05:00:00,miercoles,20,Sol,Seca y limpia,Montañoso,Media Ladera Derecha,Curva Derecha,Transito normal con precaución,1,0,1,0,1.0,Choque,exceso de velocidad,1307_0_78,14.0,11.0
Chocó,2021-01-21 16:26:00,97,100.0,2020-10-18 05:00:00,domingo,52,Sol,Seca y limpia,Ondulado,Media ladera Izquierda,Curva Izquierda,Transito normal con precaución,1,30,0,1,1.0,Choque,embriaguez o sustancias alucinogenas,6002_0_97,12.0,13.0
Risaralda,2021-01-21 19:30:00,4,950.0,2020-09-03 05:00:00,jueves,20,Normal,Seca y limpia,Plano,Terraplen,Recta,Transito normal con precaución,16,20,1,0,1.0,Choque,otra - conductor en general,2902_1_4,16.0,0.0
Risaralda,2021-01-21 19:59:00,2,810.0,2020-09-07 05:00:00,lunes,42,Normal,Seca y limpia,Plano,Terraplen,Recta,Transito normal con precaución,19,42,0,0,0.0,Choque,maniobras imprudentes,2902_2_2,19.0,0.0
Risaralda,2021-01-21 20:19:00,0,630.0,2020-09-09 05:00:00,miercoles,0,Normal,Seca y limpia,Plano,Media ladera Izquierda,Curva Izquierda,Transito normal con precaución,7,0,0,0,0.0,Choque,otra - conductor en general,29RSA_2_0,7.0,0.0
Risaralda,2021-01-21 20:57:00,0,0.0,2020-09-12 05:00:00,sabado,0,Lluvia,Humeda,Plano,Terraplen,Recta,Transito normal con precaución,14,0,0,0,0.0,Choque,no mantener distancia de seguridad,29RSA_1_0,14.0,0.0
Risaralda,2021-01-21 21:11:00,1,713.0,2020-09-14 05:00:00,lunes,28,Normal,Seca y limpia,Plano,Terraplen,Recta,Transito normal con precaución,18,28,0,0,0.0,Choque,impericia en el manejo,2902_1_1,18.0,0.0
Risaralda,2021-01-21 21:15:00,1,110.0,2020-09-15 05:00:00,martes,30,Normal,Seca y limpia,Plano,Terraplen,Recta,Transito normal con precaución,19,30,0,0,0.0,Choque,no mantener distancia de seguridad,2902_1_1,19.0,0.0
Risaralda,2021-01-21 21:18:00,2,930.0,2020-09-24 05:00:00,jueves,10,Normal,Seca y limpia,Plano,Terraplen,Curva Izquierda,Transito normal con precaución,11,10,0,0,0.0,Choque,no mantener distancia de seguridad,2902_1_2,11.0,0.0
Cesar,2021-01-21 16:24:00,60,100.0,2020-12-05 05:00:00,sabado,30,Normal,Seca y limpia,Plano,Terraplen,Recta,Parcial con reducción de carriles,1,0,0,1,3.0,Choque,adelantamientos indebidos,4901_1_60,19.0,6.0
Chocó,2021-01-21 16:36:00,5,350.0,2020-11-02 05:00:00,lunes,40,Sol,Seca y limpia,Plano,Terraplen,Recta,Parcial con reducción de carriles,2,0,0,2,2.0,Choque,exceso de velocidad,6002_0_5,17.0,9.0
Risaralda,2021-01-21 19:24:00,0,775.0,2020-09-02 05:00:00,miercoles,0,Normal,Seca y limpia,Plano,Media ladera Izquierda,Curva Izquierda,Transito normal con precaución,0,0,1,0,1.0,Choque,no mantener distancia de seguridad,29RSA_2_0,0.0,0.0
Risaralda,2021-01-21 19:33:00,0,955.0,2020-09-07 05:00:00,lunes,39,Normal,Seca y limpia,Plano,Terraplen,Curva Izquierda,Transito normal con precaución,7,39,1,0,1.0,Choque,no mantener distancia de seguridad,29RSA_1_0,7.0,0.0
Risaralda,2021-01-21 19:38:00,7,850.0,2020-09-07 05:00:00,lunes,30,Normal,Seca y limpia,Ondulado,Media ladera Izquierda,Curva Izquierda,Transito normal con precaución,18,30,1,0,1.0,Choque,maniobras imprudentes,29RSC_1_7,18.0,0.0
Risaralda,2021-01-21 20:04:00,11,550.0,2020-09-08 05:00:00,martes,10,Lluvia,Humeda,Plano,Media ladera Izquierda,Recta,Transito normal con precaución,6,10,1,0,1.0,Choque,desobediencia a normas y senales,29RSC_1_11,6.0,0.0
Risaralda,2021-01-21 20:15:00,0,838.0,2020-09-09 05:00:00,miercoles,15,Normal,Seca y limpia,Plano,Terraplen,Curva Izquierda,Transito normal con precaución,7,15,0,0,0.0,Choque,no mantener distancia de seguridad,29RSA_2_0,7.0,0.0
Risaralda,2021-01-21 20:46:00,3,730.0,2020-09-09 05:00:00,miercoles,5,Normal,Humeda,Plano,Terraplen,Recta,Transito normal con precaución,22,5,1,0,1.0,Choque,desobediencia a normas y senales,2902_1_3,22.0,0.0
Risaralda,2021-01-21 20:52:00,0,150.0,2020-09-12 05:00:00,sabado,20,Normal,Seca y limpia,Plano,Terraplen,Recta,Transito normal con precaución,8,20,0,0,0.0,Choque,otra - conductor en general,29RSA_1_0,8.0,0.0
Risaralda,2021-01-21 21:00:00,1,700.0,2020-09-13 05:00:00,domingo,50,Normal,Seca y limpia,Plano,Terraplen,Recta,Transito normal con precaución,19,50,2,0,2.0,Choque,no mantener distancia de seguridad,2902_2_1,19.0,0.0
Risaralda,2021-01-21 21:05:00,0,165.0,2020-09-14 05:00:00,lunes,30,Normal,Seca y limpia,Plano,Terraplen,Recta,Transito normal con precaución,22,30,1,0,1.0,Choque,otra - conductor en general,29RSA_1_0,22.0,0.0
Meta,2021-01-21 21:06:00,3,0.0,2020-12-19 05:00:00,sabado,50,Normal,Seca y limpia,Plano,Terraplen,Recta,Transito normal con precaución,17,50,1,0,1.0,Volcamiento,embriaguez o sustancias alucinogenas,6507_0_3,17.0,0.0
Risaralda,2021-01-21 21:08:00,0,500.0,2020-09-14 05:00:00,lunes,50,Normal,Seca y limpia,Plano,Terraplen,Recta,Transito normal con precaución,18,50,2,0,2.0,Choque,no mantener distancia de seguridad,29RSA_2_0,18.0,0.0
Risaralda,2021-01-21 21:21:00,2,220.0,2020-09-27 05:00:00,domingo,20,Lluvia,Humeda,Plano,Terraplen,Recta,Transito normal con precaución,14,20,0,0,0.0,Choque,no mantener distancia de seguridad,2902_2_2,14.0,0.0
Casanare,2021-01-22 14:18:00,39,17.0,2020-12-20 05:00:00,domingo,3,Normal,Seca y limpia,Plano,Terraplen,Recta,Transito normal con precaución,0,0,3,1,4.0,Choque,embriaguez o sustancias alucinogenas,6606_1_39,0.0,0.0
Risaralda,2021-01-22 16:28:00,2,35.0,2020-10-02 05:00:00,viernes,20,Normal,Seca y limpia,Plano,Terraplen,Recta,Transito normal con precaución,15,20,0,0,0.0,Choque,otra - conductor en general,25RSA_2_2,15.0,0.0
Chocó,2021-01-22 15:27:00,69,715.0,2020-11-17 05:00:00,martes,31,Sol,Seca y limpia,Plano,Terraplen,Curva Izquierda,Transito normal con precaución,2,0,0,0,0.0,Choque,adelantamientos indebidos,1307_0_69,18.0,8.0
Risaralda,2021-01-22 16:16:00,2,810.0,2020-10-02 05:00:00,viernes,35,Normal,Seca y limpia,Plano,Terraplen,Recta,Transito normal con precaución,6,35,0,0,0.0,Choque,no mantener distancia de seguridad,2902_2_2,6.0,0.0
Valle del Cauca,2021-01-22 19:19:00,28,900.0,2020-12-01 05:00:00,martes,40,Normal,Seca y limpia,Montañoso,Media Ladera Derecha,Recta,Parcial con reducción de carriles,20,30,0,0,0.0,Choque,otra - pasajero o acompanante,4001_1_28,19.0,1.0
Córdoba,2021-01-22 19:43:00,85,287.0,2020-11-06 05:00:00,viernes,20,Normal,Seca y limpia,Plano,Terraplen,Recta,Transito normal con precaución,1,0,0,0,4.0,Choque,impericia en el manejo,9002_0_85,18.0,7.0
Valle del Cauca,2021-01-22 19:31:00,5,590.0,2020-12-03 05:00:00,jueves,10,Normal,Seca y limpia,Plano,Terraplen,Recta,Parcial con reducción de carriles,9,40,0,0,0.0,Choque,no mantener distancia de seguridad,4001_2_5,9.0,0.0
Risaralda,2021-01-22 20:06:00,2,290.0,2020-10-03 05:00:00,sabado,40,Normal,Humeda,Plano,Terraplen,Recta,Transito normal con precaución,20,40,1,0,1.0,Choque,otra - conductor en general,2902_1_2,20.0,0.0
Valle del Cauca,2021-01-22 20:09:00,5,745.0,2020-12-04 05:00:00,viernes,45,Normal,Seca y limpia,Plano,Terraplen,Recta,Parcial con reducción de carriles,12,45,0,0,0.0,Choque,otra - pasajero o acompanante,4001_1_5,12.0,0.0
Risaralda,2021-01-22 20:10:00,0,760.0,2020-10-05 05:00:00,lunes,50,Normal,Seca y limpia,Plano,Media ladera Izquierda,Curva Izquierda,Transito normal con precaución,6,50,0,0,0.0,Choque,no mantener distancia de seguridad,29RSA_2_0,6.0,0.0
Valle del Cauca,2021-01-22 20:19:00,19,800.0,2020-12-12 05:00:00,sabado,20,Normal,Seca y limpia,Ondulado,Terraplen,Recta,Parcial con reducción de carriles,18,36,0,0,0.0,Choque,otra - pasajero o acompanante,4001_2_19,18.0,0.0
Meta,2021-01-22 20:02:00,94,965.0,2019-10-03 05:00:00,jueves,15,Seca,Seca y limpia,Plano,Terraplen,Recta,Transito normal con precaución,0,0,3,1,5.0,Choque,exceso de velocidad,4015_0_94,18.0,6.0
Valle del Cauca,2021-01-22 20:31:00,8,75.0,2020-12-14 05:00:00,lunes,30,Normal,Seca y limpia,Plano,Terraplen,Recta,Parcial con reducción de carriles,18,43,0,0,0.0,Choque,maniobras imprudentes,4001_1_8,18.0,0.0
Risaralda,2021-01-22 20:33:00,8,850.0,2020-10-09 05:00:00,viernes,30,Normal,Seca y limpia,Plano,Terraplen,Recta,Transito normal con precaución,7,30,1,0,1.0,Choque,adelantamientos indebidos,29RSC_1_8,7.0,0.0
Risaralda,2021-01-22 20:48:00,4,850.0,2020-10-10 05:00:00,sabado,0,Normal,Seca y limpia,Plano,Terraplen,Recta,Transito normal con precaución,17,0,2,0,2.0,Choque,desobediencia a normas y senales,2902_1_4,17.0,0.0
Valle del Cauca,2021-01-22 21:02:00,4,877.0,2020-12-15 05:00:00,martes,40,Viento,Seca y limpia,Plano,Terraplen,Curva Izquierda,Parcial con reducción de carriles,10,15,0,0,0.0,Choque,fallas mecanicas y del sistema electrico,4001_2_4,9.0,1.0
Valle del Cauca,2021-01-22 21:10:00,48,20.0,2020-12-18 05:00:00,viernes,0,Normal,Seca y limpia,Plano,Media ladera Izquierda,Curva Izquierda,Parcial con reducción de carriles,6,20,0,0,0.0,Choque,maniobras imprudentes,4001_2_48,6.0,0.0
Valle del Cauca,2021-01-22 21:13:00,10,720.0,2020-12-19 05:00:00,sabado,15,Normal,Seca y limpia,Plano,Terraplen,Recta,Transito normal con precaución,10,45,0,0,0.0,Choque,no mantener distancia de seguridad,4001_1_10,10.0,0.0
Valle del Cauca,2021-01-22 21:21:00,11,886.0,2020-12-21 05:00:00,lunes,0,Normal,Seca y limpia,Plano,Terraplen,Recta,Parcial con reducción de carriles,12,12,2,0,2.0,Atropello,conducta de peatones,4001_1_11,11.0,1.0
Risaralda,2021-01-22 21:20:00,1,462.0,2020-10-15 05:00:00,jueves,0,Normal,Seca y limpia,Plano,Terraplen,Recta,Transito normal con precaución,18,0,1,0,1.0,Choque,otra - conductor en general,2902_1_1,18.0,0.0
Valle del Cauca,2021-01-22 21:25:00,5,757.0,2020-12-23 05:00:00,miercoles,20,Normal,Seca y limpia,Plano,Terraplen,Recta,Parcial con reducción de carriles,16,45,0,0,0.0,Choque,no mantener distancia de seguridad,4001_1_5,16.0,0.0
Valle del Cauca,2021-01-22 21:37:00,8,579.0,2020-12-26 05:00:00,sabado,0,Viento,Seca y limpia,Plano,Terraplen,Recta,Parcial con reducción de carriles,9,15,0,0,0.0,Otro,otra - pasajero o acompanante,4001_1_8,9.0,0.0
Valle del Cauca,2021-01-22 21:48:00,9,165.0,2020-12-27 05:00:00,domingo,0,Normal,Seca y limpia,Plano,Terraplen,Recta,Parcial con reducción de carriles,21,26,0,0,1.0,Choque,otra - pasajero o acompanante,4001_1_9,21.0,0.0
Risaralda,2021-01-22 21:59:00,72,50.0,2020-12-07 05:00:00,lunes,45,Normal,Seca y limpia,Plano,Terraplen,Curva Izquierda,Parcial con reducción de carriles,0,40,0,0,1.0,Volcamiento,otra - conductor en general,2506_2_72,15.0,9.0
Santander,2021-01-22 22:55:00,92,500.0,2020-12-20 05:00:00,domingo,0,Normal,Otra,Ondulado,Media Ladera Derecha,Curva Izquierda,Transito normal con precaución,3,10,1,0,1.0,Volcamiento,maniobras imprudentes,5504_1_92,3.0,0.0
Santander,2021-01-22 22:55:00,28,144.0,2020-12-27 05:00:00,domingo,30,Sol,Seca y limpia,Ondulado,Media ladera Izquierda,Curva Izquierda,Parcial restringido a vehiculos pesados,14,0,0,0,1.0,Choque,otra - conductor en general,5504_1_28,13.0,1.0
Santander,2021-01-22 22:55:00,22,775.0,2020-12-30 05:00:00,miercoles,30,Normal,Seca y limpia,Ondulado,Media Ladera Derecha,Recta,Transito normal con precaución,8,0,0,0,1.0,Choque,otra - conductor en general,55ST02_1_22,7.0,1.0
Chocó,2021-01-22 15:18:00,1,130.0,2020-11-11 05:00:00,miercoles,50,Sol,Seca y limpia,Plano,Terraplen,Recta,Transito normal con precaución,0,30,0,0,2.0,Choque,adelantamientos indebidos,6002_0_1,2.0,22.0
Meta,2021-01-22 16:19:00,36,100.0,2020-12-29 05:00:00,martes,10,Seca,Seca y limpia,Plano,Terraplen,Recta,Cierre total,12,10,0,0,0.0,Volcamiento,fallas mecanicas y del sistema electrico,6507_0_36,12.0,0.0
Meta,2021-01-22 20:02:00,93,700.0,2020-01-14 05:00:00,martes,40,Normal,Seca y limpia,Plano,Terraplen,Recta,Transito normal con precaución,0,0,1,0,1.0,Volcamiento,exceso en horas de conduccion,4015_0_93,8.0,16.0
Valle del Cauca,2021-01-22 20:15:00,9,656.0,2020-12-05 05:00:00,sabado,50,Normal,Seca y limpia,Plano,Terraplen,Recta,Parcial con reducción de carriles,14,50,0,0,1.0,Choque,maniobras imprudentes,4001_2_9,14.0,0.0
Risaralda,2021-01-22 20:18:00,4,840.0,2020-10-07 05:00:00,miercoles,20,Normal,Humeda,Plano,Terraplen,Recta,Transito normal con precaución,19,20,1,0,1.0,Choque,no mantener distancia de seguridad,2902_1_4,19.0,0.0
Risaralda,2021-01-22 20:26:00,1,890.0,2020-10-08 05:00:00,jueves,5,Normal,Seca y limpia,Plano,Terraplen,Recta,Transito normal con precaución,15,5,0,0,0.0,Choque,no mantener distancia de seguridad,2902_1_1,15.0,0.0
Valle del Cauca,2021-01-22 20:25:00,3,752.0,2020-12-13 05:00:00,domingo,0,Normal,Seca y limpia,Plano,Terraplen,Recta,Parcial con reducción de carriles,6,0,0,0,0.0,Volcamiento,otra - pasajero o acompanante,4001_1_3,5.0,1.0
Risaralda,2021-01-22 20:46:00,0,900.0,2020-10-09 05:00:00,viernes,45,Normal,Seca y limpia,Plano,Terraplen,Recta,Transito normal con precaución,3,45,0,0,0.0,Choque,otra - conductor en general,29RSA_1_0,3.0,0.0
Valle del Cauca,2021-01-22 20:59:00,5,183.0,2020-12-15 05:00:00,martes,0,Normal,Seca y limpia,Plano,Terraplen,Recta,Parcial con reducción de carriles,20,0,0,0,1.0,Caída de piedra,impericia en el manejo,4001_1_5,19.0,1.0
Valle del Cauca,2021-01-22 21:08:00,5,0.0,2020-12-17 05:00:00,jueves,40,Normal,Seca y limpia,Plano,Terraplen,Recta,Parcial con reducción de carriles,19,0,0,0,0.0,Choque,adelantamientos indebidos,4001_2_5,18.0,1.0
Risaralda,2021-01-22 21:04:00,5,120.0,2020-10-13 05:00:00,martes,30,Normal,Seca y limpia,Plano,Terraplen,Curva Izquierda,Transito normal con precaución,15,30,0,0,0.0,Choque,maniobras imprudentes,2507_1_5,15.0,0.0
Valle del Cauca,2021-01-22 21:16:00,3,730.0,2020-12-19 05:00:00,sabado,0,Normal,Seca y limpia,Plano,Terraplen,Recta,Parcial con reducción de carriles,15,30,0,0,0.0,Choque,no mantener distancia de seguridad,4001_1_3,15.0,0.0
Valle del Cauca,2021-01-22 21:19:00,30,380.0,2020-12-20 05:00:00,domingo,10,Normal,Seca y limpia,Ondulado,Media ladera Izquierda,Curva Izquierda,Parcial con reducción de carriles,8,40,0,0,0.0,Volcamiento,otra - pasajero o acompanante,4001_1_30,8.0,0.0
Valle del Cauca,2021-01-22 21:28:00,9,252.0,2020-12-23 05:00:00,miercoles,4,Lluvia,Humeda,Plano,Terraplen,Recta,Parcial con reducción de carriles,20,40,0,0,0.0,Choque,adelantamientos indebidos,4001_1_9,20.0,0.0
Valle del Cauca,2021-01-22 21:43:00,8,624.0,2020-12-26 05:00:00,sabado,40,Normal,Seca y limpia,Plano,Terraplen,Recta,Parcial con reducción de carriles,9,10,0,0,0.0,Choque,otra - pasajero o acompanante,4001_1_8,8.0,1.0
Valle del Cauca,2021-01-22 21:44:00,6,880.0,2020-12-26 05:00:00,sabado,30,Normal,Seca y limpia,Plano,Terraplen,Recta,Parcial con reducción de carriles,19,0,0,1,1.0,Choque,otra - pasajero o acompanante,4001_1_6,18.0,1.0
Risaralda,2021-01-22 21:59:00,74,700.0,2020-12-19 05:00:00,sabado,50,Seca,Seca y limpia,Plano,Terraplen,Recta,Parcial con reducción de carriles,0,30,1,0,1.0,Choque,no mantener distancia de seguridad,2506_2_74,5.0,19.0
Risaralda,2021-01-22 21:59:00,73,700.0,2020-12-21 05:00:00,lunes,20,Lluvia,Humeda,Plano,Cajón,Recta,Parcial con reducción de carriles,0,40,1,0,3.0,Choque,condiciones de la via y factores ambientales,2506_1_73,16.0,8.0
Santander,2021-01-22 19:30:00,54,338.0,2020-12-02 05:00:00,miercoles,40,Normal,Seca y limpia,Ondulado,Media ladera Izquierda,Curva Izquierda,Transito normal con precaución,22,0,4,0,4.0,Volcamiento,fallas mecanicas y del sistema electrico,55ST02_1_54,21.0,1.0
Santander,2021-01-22 22:55:00,0,200.0,2020-12-17 05:00:00,jueves,0,Normal,Seca y limpia,Plano,Terraplen,Recta,Transito normal con precaución,23,30,0,0,0.0,Choque,estacionamiento y senalizacion imprudente,5504_1_0,23.0,0.0
Planta Central,2021-01-24 20:22:00,24,755.0,2020-12-01 05:00:00,martes,0,Sol,Seca y limpia,Ondulado,Media ladera Izquierda,Recta,Transito normal con precaución,14,0,0,0,0.0,Salida de la vía sin volcarse,fallas mecanicas y del sistema electrico,45A05_1_24,14.0,0.0
Planta Central,2021-01-24 20:32:00,88,600.0,2020-12-15 05:00:00,martes,30,Seca,Seca y limpia,Montañoso,Cajón,Curva Izquierda,Transito normal con precaución,13,30,0,0,0.0,Volcamiento,fallas mecanicas y del sistema electrico,45A05_1_88,13.0,0.0
Planta Central,2021-01-24 20:39:00,76,0.0,2020-12-20 05:00:00,domingo,0,Seca,Seca y limpia,Montañoso,Media ladera Izquierda,Curva Izquierda,Transito normal con precaución,5,0,0,0,0.0,Salida de la vía sin volcarse,fallas mecanicas y del sistema electrico,45A05_1_76,5.0,0.0
Planta Central,2021-01-24 20:43:00,76,480.0,2020-12-21 05:00:00,lunes,27,Seca,Seca y limpia,Montañoso,Media ladera Izquierda,Recta,Transito normal con precaución,0,27,0,0,0.0,Volcamiento,otra - conductor en general,45A05_1_76,0.0,0.0
Planta Central,2021-01-24 20:53:00,1,200.0,2020-12-24 05:00:00,jueves,45,Seca,Seca y limpia,Plano,Terraplen,Recta,Transito normal con precaución,20,45,1,0,1.0,Choque,otra - conductor en general,45A05_1_1,20.0,0.0
Casanare,2021-01-25 03:36:00,48,700.0,2020-11-02 05:00:00,lunes,20,Lluvia,Humeda,Plano,Terraplen,Recta,Transito normal con precaución,0,0,0,0,0.0,Caída de piedra,no mantener distancia de seguridad,6513_0_48,14.0,10.0
Planta Central,2021-01-24 20:27:00,72,600.0,2020-12-06 05:00:00,domingo,47,Normal,Seca y limpia,Montañoso,Media ladera Izquierda,Recta,Transito normal con precaución,5,47,1,0,1.0,Volcamiento,adelantamientos indebidos,45A05_1_72,5.0,0.0
Planta Central,2021-01-24 20:36:00,8,50.0,2020-12-18 05:00:00,viernes,40,Seca,Seca y limpia,Ondulado,Media ladera Izquierda,Recta,Transito normal con precaución,17,40,0,0,0.0,Volcamiento,fallas mecanicas y del sistema electrico,45A05_1_8,17.0,0.0
Planta Central,2021-01-24 20:47:00,49,936.0,2020-12-22 05:00:00,martes,30,Lluvia,Humeda,Plano,Terraplen,Recta,Transito normal con precaución,18,30,1,0,1.0,Choque,otra - conductor en general,45A05_1_49,18.0,0.0
Santander,2021-01-25 14:01:00,13,500.0,2021-01-05 05:00:00,martes,30,Sol,Seca y limpia,Ondulado,Media ladera Izquierda,Curva Derecha,Cierre total,10,30,1,1,2.0,Choque,adelantamientos indebidos,6207_1_13,10.0,0.0
Meta,2021-01-25 14:46:00,9,500.0,2020-01-10 05:00:00,viernes,55,Normal,Seca y limpia,Plano,Terraplen,Recta,Transito normal con precaución,0,0,0,0,2.0,Caída ocupante,adelantamientos indebidos,7506_1_9,10.0,14.0
Meta,2021-01-25 14:46:00,71,800.0,2020-01-15 05:00:00,miercoles,0,Normal,Seca y limpia,Plano,Terraplen,Curva Izquierda,Transito normal con precaución,0,0,0,0,2.0,Caída ocupante,impericia en el manejo,7506_1_71,0.0,0.0
Planta Central,2021-01-25 20:27:00,0,190.0,2020-11-08 05:00:00,domingo,50,Normal,Humeda,Ondulado,Media ladera Izquierda,Curva Derecha,Transito normal con precaución,0,30,0,0,0.0,Choque,maniobras imprudentes,45A06_0_0,22.0,2.0
Planta Central,2021-01-25 20:33:00,7,300.0,2020-11-12 05:00:00,jueves,0,Normal,Otra,Ondulado,Media ladera Izquierda,Curva Derecha,Transito normal con precaución,0,34,0,0,0.0,Choque,maniobras imprudentes,45A06_0_7,21.0,3.0
Cesar,2021-01-25 20:48:00,37,0.0,2020-12-18 05:00:00,viernes,0,Normal,Seca y limpia,Plano,Terraplen,Recta,Parcial con reducción de carriles,0,30,0,0,1.0,Choque,impericia en el manejo,4901_1_37,19.0,5.0
Meta,2021-01-25 20:51:00,67,500.0,2020-10-31 05:00:00,sabado,20,Viento,Seca y limpia,Ondulado,Terraplen,Curva Izquierda,Transito normal con precaución,2,0,1,1,4.0,Choque,impericia en el manejo,6507_0_67,14.0,12.0
Planta Central,2021-01-25 20:46:00,15,0.0,2020-11-22 05:00:00,domingo,0,Seca,Seca y limpia,Ondulado,Media ladera Izquierda,Curva Derecha,Transito normal con precaución,0,45,0,0,1.0,Atropello,conducta de peatones,45A06_0_15,17.0,7.0
Cesar,2021-01-25 22:58:00,108,850.0,2020-12-29 05:00:00,martes,10,Normal,Seca y limpia,Plano,Terraplen,Curva Izquierda,Parcial con paso alternado,0,40,0,0,0.0,Choque,condiciones de la via y factores ambientales,4901_1_108,17.0,7.0
Planta Central,2021-01-25 23:06:00,33,400.0,2020-11-16 05:00:00,lunes,45,Seca,Seca y limpia,Ondulado,Media Ladera Derecha,Curva Derecha,Transito normal con precaución,0,45,1,0,1.0,Choque,adelantamientos indebidos,45A06_0_33,16.0,8.0
Planta Central,2021-01-25 23:09:00,39,200.0,2020-11-11 05:00:00,miercoles,0,Lluvia,Humeda,Ondulado,Media Ladera Derecha,Curva Derecha,Transito normal con precaución,0,25,0,0,0.0,Salida de la vía sin volcarse,desobediencia a normas y senales,45A06_0_39,7.0,17.0
Planta Central,2021-01-25 23:16:00,46,203.0,2020-11-14 05:00:00,sabado,20,Seca,Seca y limpia,Ondulado,Media ladera Izquierda,Curva Izquierda,Parcial con paso alternado,0,45,0,0,1.0,Atropello,embriaguez o sustancias alucinogenas,45A06_0_46,22.0,2.0
Meta,2021-01-25 14:46:00,2,0.0,2020-01-01 05:00:00,miercoles,45,Normal,Seca y limpia,Plano,Terraplen,Recta,Transito normal con precaución,0,0,1,0,2.0,Caída ocupante,pasarjero embriagado,6507_0_2,10.0,14.0
Meta,2021-01-25 20:35:00,33,110.0,2020-08-20 05:00:00,jueves,40,Seca,Seca y limpia,Plano,Terraplen,Recta,Parcial con reducción de carriles,4,10,0,2,2.0,Choque,maniobras imprudentes,6507_0_33,4.0,0.0
Meta,2021-01-25 20:51:00,16,950.0,2020-10-15 05:00:00,jueves,40,Normal,Seca y limpia,Plano,Terraplen,Curva Derecha,Transito normal con precaución,1,0,0,1,2.0,Choque,impericia en el manejo,6507_0_16,18.0,7.0
Planta Central,2021-01-25 22:53:00,17,500.0,2020-11-27 05:00:00,viernes,0,Seca,Seca y limpia,Montañoso,Media ladera Izquierda,Curva Izquierda,Transito normal con precaución,0,30,0,0,0.0,Salida de la vía sin volcarse,impericia en el manejo,45A06_0_17,6.0,18.0