territorial,fecha_registro,pr,distancia_pr,fecha_acc,dia_semana_acc,min_acc,condic_meteor,estado_super,terreno,secc_tip,geometria_acc,tipo_cierre,horas_cierre,min_cierre,n_heridos,n_muertos,n_victimas,clase_accidente,causa_posible,ref_loc,hora_acc,duracion_cierre_horas
Planta Central,2021-01-25 23:02:00,31,400.0,2020-11-20 05:00:00,viernes,0,Seca,Seca y limpia,Ondulado,Media Ladera Derecha,Recta,Parcial con paso alternado,2,30,0,0,0.0,Choque,condiciones de la via y factores ambientales,45A06_0_31,4.0,22.0
Planta Central,2021-01-25 23:13:00,45,600.0,2020-11-11 05:00:00,miercoles,30,Seca,Seca y limpia,Ondulado,Media ladera Izquierda,Curva Derecha,Transito normal con precaución,0,35,0,0,0.0,Choque,maniobras imprudentes,45A06_0_45,14.0,10.0
Planta Central,2021-01-25 23:21:00,59,600.0,2020-11-22 05:00:00,domingo,20,Seca,Seca y limpia,Plano,Media Ladera Derecha,Recta,Parcial con paso alternado,0,40,1,0,1.0,Choque,maniobras imprudentes,45A06_0_59,19.0,5.0
Planta Central,2021-01-26 14:06:00,82,100.0,2020-11-21 05:00:00,sabado,0,Seca,Seca y limpia,Montañoso,Media Ladera Derecha,Curva Derecha,Transito normal con precaución,1,10,0,0,1.0,Atropello,maniobras imprudentes,45A06_0_82,18.0,7.0
Planta Central,2021-01-26 14:36:00,108,800.0,2020-11-16 05:00:00,lunes,40,Seca,Seca y limpia,Montañoso,Media Ladera Derecha,Recta,Parcial con paso alternado,1,15,0,0,0.0,Choque,embriaguez o sustancias alucinogenas,45A06_0_108,22.0,3.0
Boyacá,2021-01-26 14:30:00,54,550.0,2020-12-08 05:00:00,martes,5,Normal,Seca y limpia,Ondulado,Terraplen,Curva Derecha,Cierre total,1,10,0,1,1.0,Choque,exceso de velocidad,6209_0_54,10.0,15.0
Planta Central,2021-01-26 14:39:00,108,880.0,2020-11-06 05:00:00,viernes,0,Seca,Seca y limpia,Montañoso,Media Ladera Derecha,Curva Izquierda,Transito normal con precaución,8,30,0,0,0.0,Salida de la vía sin volcarse,fallas mecanicas y del sistema electrico,45A06_0_108,5.0,3.0
Boyacá,2021-01-26 14:41:00,32,850.0,2020-12-13 05:00:00,domingo,30,Normal,Seca y limpia,Plano,Terraplen,Recta,Transito normal con precaución,0,20,0,0,0.0,Choque,adelantamientos indebidos,6209_0_32,11.0,13.0
Boyacá,2021-01-26 14:41:00,32,850.0,2020-12-13 05:00:00,domingo,30,Normal,Seca y limpia,Plano,Terraplen,Recta,Transito normal con precaución,0,20,0,0,0.0,Choque,adelantamientos indebidos,6209_0_32,11.0,13.0
Planta Central,2021-01-26 14:53:00,118,800.0,2020-11-27 05:00:00,viernes,45,Seca,Seca y limpia,Ondulado,Media Ladera Derecha,Curva Izquierda,Transito normal con precaución,8,45,0,1,1.0,Choque,embriaguez o sustancias alucinogenas,45A06_0_118,3.0,5.0
Planta Central,2021-01-26 15:01:00,121,100.0,2020-11-01 05:00:00,domingo,20,Lluvia,Humeda,Plano,Media Ladera Derecha,Curva Izquierda,Parcial con paso alternado,1,30,0,0,0.0,Choque,desobediencia a normas y senales,45A06_0_121,6.0,19.0
Planta Central,2021-01-26 15:13:00,124,100.0,2020-11-03 05:00:00,martes,30,Sol,Seca y limpia,Ondulado,Media ladera Izquierda,Recta,Transito normal con precaución,0,15,0,0,0.0,Choque,impericia en el manejo,45A06_0_124,10.0,14.0
Planta Central,2021-01-26 15:30:00,124,100.0,2020-11-20 05:00:00,viernes,0,Lluvia,Humeda,Ondulado,Media ladera Izquierda,Recta,Transito normal con precaución,0,25,1,0,1.0,Caída ocupante,condiciones de la via y factores ambientales,45A06_0_124,21.0,3.0
Boyacá,2021-01-26 15:30:00,63,300.0,2020-12-20 05:00:00,domingo,1,Normal,Seca y limpia,Ondulado,Media Ladera Derecha,Curva Derecha,Transito normal con precaución,0,0,1,0,1.0,Choque,maniobras imprudentes,6209_0_63,19.0,5.0
Boyacá,2021-01-28 20:41:00,0,720.0,2020-12-01 05:00:00,martes,30,Sol,Seca y limpia,Plano,Terraplen,Recta,Transito normal con precaución,0,0,0,0,0.0,Choque,no mantener distancia de seguridad,45BY01_2_0,10.0,14.0
Planta Central,2021-01-26 15:34:00,124,625.0,2021-01-22 05:00:00,viernes,0,Normal,Seca y limpia,Ondulado,Media ladera Izquierda,Recta,Parcial con paso alternado,0,30,0,0,1.0,Choque,impericia en el manejo,45A06_0_124,21.0,3.0
Planta Central,2021-01-26 15:42:00,125,260.0,2021-01-28 05:00:00,jueves,0,Lluvia,Humeda,Ondulado,Terraplen,Recta,Transito normal con precaución,1,25,0,0,0.0,Choque,desobediencia a normas y senales,45A06_0_125,22.0,3.0
Boyacá,2021-01-26 15:57:00,11,560.0,2020-12-30 05:00:00,miercoles,45,Normal,Seca y limpia,Montañoso,Media ladera Izquierda,Curva Derecha,Transito normal con precaución,0,45,0,0,0.0,Choque,no mantener distancia de seguridad,6209_0_11,11.0,13.0
Planta Central,2021-01-26 16:08:00,125,320.0,2020-11-20 05:00:00,viernes,30,Seca,Seca y limpia,Ondulado,Media Ladera Derecha,Recta,Parcial con paso alternado,0,45,1,0,1.0,Choque,impericia en el manejo,45A06_0_125,18.0,6.0
Boyacá,2021-01-26 16:12:00,35,300.0,2020-12-30 05:00:00,miercoles,30,Lluvia,Humeda,Ondulado,Terraplen,Recta,Transito normal con precaución,0,35,0,0,0.0,Choque,maniobras imprudentes,6209_0_35,21.0,3.0
Planta Central,2021-01-26 16:14:00,125,320.0,2020-11-05 05:00:00,jueves,0,Lluvia,Humeda,Ondulado,Media Ladera Derecha,Recta,Parcial con paso alternado,0,40,1,0,1.0,Choque,impericia en el manejo,45A06_0_125,14.0,10.0
Planta Central,2021-01-26 16:48:00,55,0.0,2020-12-10 05:00:00,jueves,0,Seca,Seca y limpia,Ondulado,Media ladera Izquierda,Recta,Transito normal con precaución,23,10,0,0,0.0,Salida de la vía sin volcarse,fallas mecanicas y del sistema electrico,45A06_0_55,12.0,11.0
Casanare,2021-01-26 16:55:00,43,100.0,2020-12-18 05:00:00,viernes,0,Sol,Seca y limpia,Montañoso,Terraplen,Recta,Parcial con paso alternado,12,0,0,0,0.0,Choque,adelantamientos indebidos,6211_1_43,12.0,0.0
Norte de Santander,2021-01-26 16:55:00,53,129.0,2020-12-30 05:00:00,miercoles,0,Seca,Seca y limpia,Montañoso,Media ladera Izquierda,Curva Derecha,Parcial restringido a vehiculos pesados,3,30,0,0,0.0,Choque,impericia en el manejo,5505_1_53,13.0,14.0
Casanare,2021-01-26 16:55:00,45,950.0,2020-12-18 05:00:00,viernes,30,Seca,Seca y limpia,Montañoso,Media Ladera Derecha,Curva Derecha,Parcial con paso alternado,18,30,0,0,0.0,Choque,adelantamientos indebidos,6211_1_45,18.0,0.0
Planta Central,2021-01-26 17:03:00,65,650.0,2020-12-25 05:00:00,viernes,20,Normal,Seca y limpia,Ondulado,Media ladera Izquierda,Recta,Transito normal con precaución,1,10,0,0,1.0,Atropello,conducta de peatones,45A06_0_65,5.0,20.0
Casanare,2021-01-26 17:09:00,82,600.0,2020-12-21 05:00:00,lunes,30,Seca,Seca y limpia,Montañoso,Cajón,Recta,Parcial con paso alternado,22,0,0,0,0.0,Volcamiento,desobediencia a normas y senales,6211_1_82,21.0,1.0
Planta Central,2021-01-26 17:12:00,75,750.0,2021-01-25 05:00:00,lunes,0,Sol,Seca y limpia,Montañoso,Media ladera Izquierda,Curva Derecha,Transito normal con precaución,2,15,0,0,0.0,Volcamiento,exceso de velocidad,45A06_0_75,12.0,14.0
Caldas,2021-01-28 20:58:00,59,130.0,2020-12-29 05:00:00,martes,30,Normal,Seca y limpia,Montañoso,Media ladera Izquierda,Curva Izquierda,Parcial con reducción de carriles,12,10,0,0,0.0,Volcamiento,maniobras imprudentes,2508_1_59,11.0,1.0
Casanare,2021-01-26 17:09:00,32,900.0,2020-12-27 05:00:00,domingo,0,Seca,Seca y limpia,Montañoso,Media Ladera Derecha,Curva Izquierda,Parcial con paso alternado,16,0,0,0,3.0,Choque,exceso de velocidad,6211_1_32,16.0,0.0
Casanare,2021-01-26 17:09:00,38,100.0,2020-12-27 05:00:00,domingo,0,Lluvia,Humeda,Montañoso,Media ladera Izquierda,Curva Derecha,Parcial con paso alternado,17,0,0,0,3.0,Choque,exceso de velocidad,6211_1_38,17.0,0.0
Planta Central,2021-01-26 17:30:00,111,380.0,2021-01-03 05:00:00,domingo,35,Normal,Seca y limpia,Plano,Media Ladera Derecha,Recta,Transito normal con precaución,2,15,0,0,2.0,Choque,exceso de velocidad,45A06_0_111,5.0,21.0
Planta Central,2021-01-26 17:39:00,112,73.0,2020-12-01 05:00:00,martes,0,Sol,Seca y limpia,Plano,Media Ladera Derecha,Recta,Transito normal con precaución,0,15,0,0,1.0,Caída ocupante,exceso de velocidad,45A06_0_112,10.0,14.0
Planta Central,2021-01-26 17:50:00,117,0.0,2021-01-05 05:00:00,martes,35,Seca,Seca y limpia,Ondulado,Media Ladera Derecha,Curva Derecha,Transito normal con precaución,0,40,0,0,1.0,Atropello,conducta de peatones,45A06_0_117,17.0,7.0
Casanare,2021-01-26 17:49:00,112,600.0,2020-12-28 05:00:00,lunes,30,Lluvia,Humeda,Montañoso,Cajón,Curva Izquierda,Cierre total,15,45,0,0,0.0,Choque,exceso de velocidad,6211_1_112,15.0,0.0
Casanare,2021-01-26 17:49:00,38,950.0,2020-12-31 05:00:00,jueves,0,Lluvia,Humeda,Montañoso,Media Ladera Derecha,Curva Izquierda,Parcial con paso alternado,8,0,0,0,0.0,Choque,exceso de velocidad,6211_1_38,8.0,0.0
Casanare,2021-01-26 17:49:00,21,0.0,2020-12-03 05:00:00,jueves,30,Sol,Seca y limpia,Montañoso,Media Ladera Derecha,Curva Derecha,Transito normal con precaución,6,30,0,0,0.0,Salida de la vía sin volcarse,exceso de velocidad,6211_1_21,6.0,0.0
Casanare,2021-01-26 17:49:00,87,500.0,2020-12-03 05:00:00,jueves,0,Seca,Seca y limpia,Montañoso,Cajón,Recta,Cierre total,12,0,2,0,2.0,Choque,adelantamientos indebidos,6211_1_87,12.0,0.0
Casanare,2021-01-26 17:49:00,104,300.0,2021-01-05 05:00:00,martes,30,Sol,Seca y limpia,Montañoso,Media ladera Izquierda,Curva Derecha,Parcial con paso alternado,14,30,0,0,2.0,Choque,adelantamientos indebidos,6211_1_104,14.0,0.0
Casanare,2021-01-26 18:11:00,24,900.0,2021-01-11 05:00:00,lunes,45,Lluvia,Humeda,Montañoso,Media ladera Izquierda,Recta,Parcial con paso alternado,12,0,0,0,0.0,Choque,exceso de velocidad,6211_1_24,11.0,1.0
Casanare,2021-01-26 18:13:00,101,80.0,2021-01-15 05:00:00,viernes,45,Seca,Seca y limpia,Montañoso,Media Ladera Derecha,Curva Derecha,Parcial restringido a vehiculos pesados,7,0,0,0,0.0,Choque,adelantamientos indebidos,6211_1_101,6.0,1.0
Casanare,2021-01-26 18:15:00,26,100.0,2021-01-19 05:00:00,martes,0,Seca,Seca y limpia,Montañoso,Terraplen,Curva Izquierda,Parcial con paso alternado,5,0,0,0,0.0,Volcamiento,exceso de velocidad,6211_1_26,5.0,0.0
Meta,2021-01-27 03:49:00,93,500.0,2020-10-03 05:00:00,sabado,15,Normal,Seca y limpia,Montañoso,Cajón,Curva Derecha,Transito normal con precaución,1,0,1,0,1.0,Choque,impericia en el manejo,40MTA_0_93,11.0,14.0
Meta,2021-01-27 03:59:00,93,500.0,2020-10-15 05:00:00,jueves,0,Lluvia,Humeda,Montañoso,Cajón,Curva Derecha,Transito normal con precaución,1,0,1,0,1.0,Choque,impericia en el manejo,40MTA_0_93,22.0,3.0
Meta,2021-01-27 04:03:00,82,200.0,2020-10-24 05:00:00,sabado,20,Normal,Seca y limpia,Escarpado,Media ladera Izquierda,Curva Derecha,Transito normal con precaución,1,0,1,0,1.0,Choque,adelantamientos indebidos,40MTA_0_82,21.0,4.0
Meta,2021-01-27 04:10:00,92,600.0,2020-08-22 05:00:00,sabado,30,Normal,Seca y limpia,Escarpado,Media ladera Izquierda,Curva Derecha,Transito normal con precaución,1,0,0,0,0.0,Choque,impericia en el manejo,40MTA_0_92,12.0,13.0
Planta Central,2021-01-26 14:20:00,85,376.0,2020-11-14 05:00:00,sabado,20,Seca,Seca y limpia,Montañoso,Media ladera Izquierda,Curva Izquierda,Transito normal con precaución,0,45,0,0,0.0,Choque,embriaguez o sustancias alucinogenas,45A06_0_85,21.0,3.0
Planta Central,2021-01-26 14:44:00,112,600.0,2020-11-18 05:00:00,miercoles,47,Sol,Seca y limpia,Ondulado,Media Ladera Derecha,Curva Derecha,Transito normal con precaución,0,30,0,0,0.0,Choque,exceso en horas de conduccion,45A06_0_112,14.0,10.0
Planta Central,2021-01-26 14:49:00,117,700.0,2020-11-11 05:00:00,miercoles,50,Normal,Otra,Ondulado,Media Ladera Derecha,Curva Derecha,Transito normal con precaución,5,35,0,0,0.0,Volcamiento,exceso de velocidad,45A06_0_117,6.0,23.0
Boyacá,2021-01-26 15:02:00,2,950.0,2020-12-15 05:00:00,martes,30,Normal,Seca y limpia,Ondulado,Media Ladera Derecha,Recta,Transito normal con precaución,0,25,1,0,1.0,Choque,condiciones de la via y factores ambientales,6008_0_2,5.0,19.0
Planta Central,2021-01-26 15:06:00,123,786.0,2020-11-04 05:00:00,miercoles,0,Lluvia,Humeda,Ondulado,Media Ladera Derecha,Curva Derecha,Transito normal con precaución,3,15,0,1,1.0,Choque,desobediencia a normas y senales,45A06_0_123,21.0,6.0
Boyacá,2021-01-26 15:17:00,40,500.0,2020-12-19 05:00:00,sabado,40,Normal,Seca y limpia,Montañoso,Media Ladera Derecha,Recta,Transito normal con precaución,0,20,0,0,0.0,Choque,otra - conductor en general,6209_0_40,18.0,6.0
Boyacá,2021-01-26 15:24:00,23,80.0,2020-12-19 05:00:00,sabado,0,Normal,Seca y limpia,Ondulado,Media ladera Izquierda,Curva Izquierda,Transito normal con precaución,0,25,1,0,1.0,Choque,embriaguez o sustancias alucinogenas,6008_0_23,20.0,4.0
Boyacá,2021-01-26 15:35:00,21,800.0,2020-12-24 05:00:00,jueves,55,Lluvia,Humeda,Montañoso,Media Ladera Derecha,Curva Izquierda,Transito normal con precaución,1,30,0,0,0.0,Volcamiento,condiciones de la via y factores ambientales,6209_0_21,13.0,12.0
Boyacá,2021-01-26 15:38:00,25,100.0,2020-12-27 05:00:00,domingo,45,Normal,Seca y limpia,Montañoso,Media Ladera Derecha,Curva Izquierda,Transito normal con precaución,0,30,0,0,0.0,Choque,otra - conductor en general,6209_0_25,15.0,9.0
Boyacá,2021-01-26 15:42:00,21,50.0,2020-12-27 05:00:00,domingo,0,Lluvia,Humeda,Montañoso,Media Ladera Derecha,Curva Izquierda,Transito normal con precaución,0,40,2,0,2.0,Choque,estacionamiento y senalizacion imprudente,6209_0_21,10.0,14.0
Caldas,2021-01-28 21:07:00,44,450.0,2020-12-07 05:00:00,lunes,58,Normal,Seca y limpia,Montañoso,Media ladera Izquierda,Curva Izquierda,Parcial con reducción de carriles,3,15,0,0,0.0,Volcamiento,otra - conductor en general,2902_1_44,2.0,1.0
Boyacá,2021-01-26 15:47:00,26,600.0,2020-12-29 05:00:00,martes,30,Normal,Seca y limpia,Plano,Terraplen,Recta,Transito normal con precaución,1,40,1,0,1.0,Choque,impericia en el manejo,6008_0_26,16.0,9.0
Boyacá,2021-01-26 15:52:00,40,250.0,2020-12-30 05:00:00,miercoles,50,Normal,Seca y limpia,Montañoso,Media Ladera Derecha,Curva Derecha,Transito normal con precaución,0,10,0,0,0.0,Choque,maniobras imprudentes,6209_0_40,6.0,18.0
Planta Central,2021-01-26 16:03:00,125,260.0,2020-11-25 05:00:00,miercoles,0,Sol,Seca y limpia,Ondulado,Terraplen,Recta,Transito normal con precaución,0,30,1,0,1.0,Choque,desobediencia a normas y senales,45A06_0_125,10.0,14.0
Boyacá,2021-01-26 16:02:00,43,400.0,2020-12-30 05:00:00,miercoles,50,Normal,Seca y limpia,Ondulado,Terraplen,Recta,Transito normal con precaución,0,55,0,0,1.0,Choque,impericia en el manejo,6209_0_43,8.0,16.0
Boyacá,2021-01-26 16:07:00,51,120.0,2020-12-30 05:00:00,miercoles,20,Normal,Seca y limpia,Ondulado,Media ladera Izquierda,Curva Derecha,Transito normal con precaución,0,25,2,0,2.0,Choque,impericia en el manejo,6209_0_51,11.0,13.0
Boyacá,2021-01-26 16:18:00,21,300.0,2020-12-30 05:00:00,miercoles,50,Lluvia,Humeda,Montañoso,Media Ladera Derecha,Curva Derecha,Transito normal con precaución,0,40,0,0,0.0,Choque,otra - conductor en general,6209_0_21,18.0,6.0
Planta Central,2021-01-26 16:40:00,24,250.0,2020-12-03 05:00:00,jueves,0,Sol,Seca y limpia,Ondulado,Media Ladera Derecha,Curva Izquierda,Parcial con reducción de carriles,0,50,1,0,1.0,Choque,no mantener distancia de seguridad,45A06_0_24,14.0,10.0
Norte de Santander,2021-01-26 16:44:00,26,350.0,2020-12-26 05:00:00,sabado,15,Seca,Seca y limpia,Montañoso,Media Ladera Derecha,Curva Izquierda,Transito normal con precaución,0,0,0,1,5.0,Volcamiento,maniobras imprudentes,5505_1_26,20.0,4.0
Norte de Santander,2021-01-26 17:00:00,24,718.0,2020-12-31 05:00:00,jueves,30,Seca,Seca y limpia,Montañoso,Media Ladera Derecha,Curva Izquierda,Transito normal con precaución,0,0,1,0,1.0,Choque,embriaguez o sustancias alucinogenas,5505_1_24,16.0,8.0
Casanare,2021-01-26 16:55:00,55,900.0,2020-12-19 05:00:00,sabado,0,Sol,Seca y limpia,Montañoso,Media Ladera Derecha,Curva Derecha,Transito normal con precaución,8,0,0,0,0.0,Volcamiento,maniobras imprudentes,6211_1_55,8.0,0.0
Casanare,2021-01-26 16:55:00,60,100.0,2020-12-19 05:00:00,sabado,0,Seca,Seca y limpia,Ondulado,Media Ladera Derecha,Curva Derecha,Parcial con paso alternado,3,0,0,0,0.0,Salida de la vía sin volcarse,exceso en horas de conduccion,6211_1_60,3.0,0.0
Planta Central,2021-01-26 17:09:00,69,300.0,2020-12-20 05:00:00,domingo,20,Seca,Seca y limpia,Ondulado,Media ladera Izquierda,Recta,Transito normal con precaución,0,30,1,0,1.0,Caída ocupante,condiciones de la via y factores ambientales,45A06_0_69,7.0,17.0
Casanare,2021-01-26 17:09:00,83,200.0,2020-12-21 05:00:00,lunes,45,Sol,Seca y limpia,Montañoso,Media Ladera Derecha,Curva Izquierda,Parcial con paso alternado,6,0,0,0,0.0,Volcamiento,conducta de peatones,6211_1_83,5.0,1.0
Casanare,2021-01-26 17:09:00,66,50.0,2020-12-22 05:00:00,martes,30,Seca,Seca y limpia,Montañoso,Media Ladera Derecha,Curva Derecha,Parcial restringido a vehiculos pesados,16,30,0,0,0.0,Volcamiento,fallas mecanicas y del sistema electrico,6211_1_66,16.0,0.0
Casanare,2021-01-26 17:09:00,75,900.0,2020-12-24 05:00:00,jueves,0,Seca,Seca y limpia,Montañoso,Media Ladera Derecha,Curva Izquierda,Transito normal con precaución,21,0,1,0,1.0,Choque,embriaguez o sustancias alucinogenas,6211_1_75,21.0,0.0
Casanare,2021-01-26 17:09:00,89,315.0,2020-12-25 05:00:00,viernes,0,Seca,Seca y limpia,Montañoso,Cajón,Recta,Transito normal con precaución,5,0,1,1,3.0,Choque,embriaguez o sustancias alucinogenas,6211_1_89,5.0,0.0
Planta Central,2021-01-26 17:26:00,82,342.0,2020-12-03 05:00:00,jueves,0,Seca,Seca y limpia,Ondulado,Media Ladera Derecha,Recta,Transito normal con precaución,4,20,0,0,5.0,Choque,adelantamientos indebidos,45A06_0_82,10.0,18.0
Casanare,2021-01-26 17:09:00,109,50.0,2020-12-28 05:00:00,lunes,30,Lluvia,Humeda,Plano,Terraplen,Recta,Transito normal con precaución,16,30,0,0,3.0,Choque,exceso de velocidad,6211_1_109,16.0,0.0
Planta Central,2021-01-26 17:46:00,115,200.0,2020-12-12 05:00:00,sabado,45,Normal,Seca y limpia,Ondulado,Media Ladera Derecha,Curva Izquierda,Parcial con paso alternado,2,45,0,1,1.0,Choque,exceso de velocidad,45A06_0_115,18.0,8.0
Casanare,2021-01-26 17:49:00,63,200.0,2020-12-03 05:00:00,jueves,0,Lluvia,Humeda,Montañoso,Media ladera Izquierda,Curva Izquierda,Transito normal con precaución,17,0,0,0,0.0,Salida de la vía sin volcarse,exceso de velocidad,6211_1_63,17.0,0.0
Casanare,2021-01-26 18:07:00,55,900.0,2021-01-19 05:00:00,martes,0,Sol,Seca y limpia,Montañoso,Media Ladera Derecha,Curva Derecha,Parcial con paso alternado,8,0,0,0,0.0,Volcamiento,maniobras imprudentes,6211_1_55,8.0,0.0
Casanare,2021-01-26 18:18:00,28,600.0,2021-01-21 05:00:00,jueves,0,Sol,Seca y limpia,Montañoso,Media ladera Izquierda,Recta,Parcial con paso alternado,10,0,0,0,0.0,Choque,exceso de velocidad,6211_1_28,10.0,0.0
Meta,2021-01-27 03:56:00,91,250.0,2020-10-07 05:00:00,miercoles,45,Lluvia,Humeda,Escarpado,Media ladera Izquierda,Recta,Transito normal con precaución,1,0,1,0,1.0,Choque,estacionamiento y senalizacion imprudente,40MTA_0_91,0.0,1.0
Meta,2021-01-27 04:07:00,84,700.0,2020-07-17 05:00:00,viernes,10,Normal,Seca y limpia,Escarpado,Media ladera Izquierda,Curva Izquierda,Transito normal con precaución,1,0,0,0,0.0,Choque,impericia en el manejo,40MTA_0_84,13.0,12.0
Planta Central,2021-01-26 19:06:00,122,600.0,2020-12-15 05:00:00,martes,15,Normal,Seca y limpia,Ondulado,Media Ladera Derecha,Curva Izquierda,Parcial con paso alternado,1,20,0,0,1.0,Choque,desobediencia a normas y senales,45A06_0_122,20.0,5.0
Planta Central,2021-01-26 19:17:00,123,700.0,2020-12-03 05:00:00,jueves,55,Seca,Seca y limpia,Ondulado,Media Ladera Derecha,Curva Derecha,Transito normal con precaución,0,40,0,0,1.0,Atropello,conducta de pasajeros,45A06_0_123,17.0,7.0
Planta Central,2021-01-26 19:23:00,124,100.0,2021-01-11 05:00:00,lunes,0,Sol,Seca y limpia,Ondulado,Media Ladera Derecha,Recta,Transito normal con precaución,0,40,0,0,1.0,Choque,no mantener distancia de seguridad,45A06_0_124,15.0,9.0
Planta Central,2021-01-26 19:28:00,124,100.0,2020-12-04 05:00:00,viernes,22,Sol,Seca y limpia,Ondulado,Media ladera Izquierda,Recta,Transito normal con precaución,0,40,1,0,1.0,Choque,no mantener distancia de seguridad,45A06_0_124,9.0,15.0
Planta Central,2021-01-26 19:32:00,125,320.0,2021-01-24 05:00:00,domingo,0,Sol,Seca y limpia,Ondulado,Media Ladera Derecha,Recta,Parcial con paso alternado,1,0,1,0,1.0,Choque,no mantener distancia de seguridad,45A06_0_125,12.0,13.0
Planta Central,2021-01-26 19:46:00,4,560.0,2020-12-03 05:00:00,jueves,40,Sol,Seca y limpia,Montañoso,Media ladera Izquierda,Recta,Parcial con paso alternado,1,30,0,1,1.0,Atropello,conducta de peatones,45A07_1_4,13.0,12.0
Planta Central,2021-01-26 19:54:00,47,70.0,2020-12-05 05:00:00,sabado,50,Normal,Seca y limpia,Montañoso,Media ladera Izquierda,Curva Derecha,Parcial con paso alternado,1,30,1,0,1.0,Choque,adelantamientos indebidos,45A07_1_47,16.0,9.0
Boyacá,2021-01-26 19:58:00,43,0.0,2020-12-06 05:00:00,domingo,40,Normal,Otra,Ondulado,Terraplen,Curva Izquierda,Parcial con paso alternado,0,30,0,0,0.0,Choque,no mantener distancia de seguridad,6008_0_43,12.0,12.0
Planta Central,2021-01-26 20:02:00,65,850.0,2020-12-06 05:00:00,domingo,30,Normal,Seca y limpia,Montañoso,Media Ladera Derecha,Recta,Parcial con reducción de carriles,18,0,0,0,1.0,Volcamiento,exceso de velocidad,45A07_1_65,14.0,4.0
Boyacá,2021-01-26 20:06:00,56,820.0,2020-12-16 05:00:00,miercoles,45,Normal,Seca y limpia,Plano,Terraplen,Recta,Parcial con paso alternado,0,45,1,0,1.0,Choque,maniobras imprudentes,6008_0_56,18.0,6.0
Planta Central,2021-01-26 20:08:00,19,417.0,2020-12-06 05:00:00,domingo,20,Normal,Seca y limpia,Montañoso,Media Ladera Derecha,Curva Izquierda,Parcial restringido a vehiculos pesados,5,0,0,0,0.0,Choque,otra - pasajero o acompanante,45A07_1_19,13.0,16.0
Boyacá,2021-01-26 20:11:00,53,940.0,2020-12-20 05:00:00,domingo,30,Normal,Seca y limpia,Plano,Terraplen,Recta,Parcial con paso alternado,0,50,0,1,1.0,Choque,adelantamientos indebidos,6008_0_53,17.0,7.0
Planta Central,2021-01-26 20:14:00,16,0.0,2020-12-13 05:00:00,domingo,50,Sol,Seca y limpia,Ondulado,Media Ladera Derecha,Curva Derecha,Parcial con reducción de carriles,1,0,0,0,2.0,Atropello,exceso de velocidad,45A07_1_16,16.0,9.0
Boyacá,2021-01-26 20:16:00,42,600.0,2020-12-22 05:00:00,martes,30,Normal,Otra,Ondulado,Terraplen,Recta,Parcial con paso alternado,0,20,0,0,0.0,Choque,no mantener distancia de seguridad,6008_0_42,16.0,8.0
Planta Central,2021-01-26 20:21:00,37,975.0,2020-12-14 05:00:00,lunes,30,Normal,Seca y limpia,Montañoso,Media ladera Izquierda,Curva Derecha,Parcial con paso alternado,7,0,4,0,4.0,Volcamiento,exceso de velocidad,45A07_1_37,7.0,0.0
Planta Central,2021-01-26 20:29:00,27,96.0,2020-12-16 05:00:00,miercoles,50,Normal,Seca y limpia,Montañoso,Media Ladera Derecha,Curva Derecha,Parcial con paso alternado,2,0,0,0,0.0,Volcamiento,otra - pasajero o acompanante,45A07_1_27,16.0,10.0
Planta Central,2021-01-26 20:34:00,82,700.0,2020-12-16 05:00:00,miercoles,35,Normal,Seca y limpia,Plano,Terraplen,Recta,Parcial con reducción de carriles,23,0,0,0,0.0,Incendio,otra - pasajero o acompanante,45A07_1_82,13.0,10.0
Planta Central,2021-01-26 20:40:00,86,260.0,2020-12-18 05:00:00,viernes,0,Normal,Seca y limpia,Plano,Media ladera Izquierda,Curva Derecha,Transito normal con precaución,2,0,2,0,2.0,Choque,embriaguez o sustancias alucinogenas,45A07_2_86,8.0,18.0
Planta Central,2021-01-26 20:45:00,75,700.0,2020-12-19 05:00:00,sabado,35,Normal,Seca y limpia,Montañoso,Media Ladera Derecha,Recta,Cierre total,1,0,0,1,1.0,Atropello,otra - pasajero o acompanante,45A07_1_75,14.0,11.0
Planta Central,2021-01-26 20:49:00,11,300.0,2020-12-20 05:00:00,domingo,57,Normal,Seca y limpia,Ondulado,Terraplen,Recta,Parcial con reducción de carriles,1,0,0,0,0.0,Choque,no mantener distancia de seguridad,45A07_1_11,17.0,8.0
Planta Central,2021-01-26 20:56:00,14,220.0,2020-12-20 05:00:00,domingo,20,Normal,Seca y limpia,Ondulado,Media Ladera Derecha,Curva Derecha,Parcial con paso alternado,1,30,0,0,0.0,Choque,no mantener distancia de seguridad,45A07_1_14,15.0,10.0
Planta Central,2021-01-26 21:01:00,43,0.0,2020-12-27 05:00:00,domingo,20,Sol,Seca y limpia,Montañoso,Media ladera Izquierda,Curva Derecha,Transito normal con precaución,3,0,1,0,1.0,Volcamiento,fallas mecanicas y del sistema electrico,45A07_1_43,10.0,17.0
Planta Central,2021-01-27 12:37:00,3,667.0,2020-12-28 05:00:00,lunes,0,Normal,Seca y limpia,Plano,Terraplen,Curva Izquierda,Cierre total,2,0,0,0,0.0,Choque,otra - pasajero o acompanante,45AST08_1_3,12.0,14.0