territorial,fecha_registro,pr,distancia_pr,fecha_acc,dia_semana_acc,min_acc,condic_meteor,estado_super,terreno,secc_tip,geometria_acc,tipo_cierre,horas_cierre,min_cierre,n_heridos,n_muertos,n_victimas,clase_accidente,causa_posible,ref_loc,hora_acc,duracion_cierre_horas
Planta Central,2021-01-27 12:46:00,79,800.0,2020-12-28 05:00:00,lunes,3,Normal,Seca y limpia,Plano,Terraplen,Recta,Cierre total,3,0,0,1,1.0,Choque,estacionamiento y senalizacion imprudente,45A07_1_79,18.0,9.0
Planta Central,2021-01-27 13:03:00,4,655.0,2020-12-30 05:00:00,miercoles,20,Normal,Seca y limpia,Plano,Terraplen,Recta,Cierre total,2,0,0,1,1.0,Choque,estacionamiento y senalizacion imprudente,45AST08_2_4,4.0,22.0
Córdoba,2021-01-27 16:14:00,49,690.0,2020-12-05 05:00:00,sabado,10,Normal,Seca y limpia,Plano,Terraplen,Recta,Transito normal con precaución,0,50,0,0,0.0,Choque,exceso en horas de conduccion,2103_1_49,3.0,21.0
Córdoba,2021-01-27 16:36:00,7,30.0,2020-12-16 05:00:00,miercoles,50,Normal,Seca y limpia,Plano,Terraplen,Curva Izquierda,Transito normal con precaución,0,40,0,0,0.0,Choque,maniobras imprudentes,2103_1_7,18.0,6.0
Córdoba,2021-01-27 16:42:00,6,500.0,2020-12-12 05:00:00,sabado,0,Normal,Seca y limpia,Plano,Terraplen,Recta,Transito normal con precaución,0,30,1,0,2.0,Choque,adelantamientos indebidos,7801_1_6,23.0,1.0
Córdoba,2021-01-27 16:56:00,9,950.0,2020-12-29 05:00:00,martes,30,Normal,Seca y limpia,Plano,Terraplen,Recta,Parcial con paso alternado,0,30,0,0,0.0,Choque,adelantamientos indebidos,2103_1_9,10.0,14.0
Córdoba,2021-01-27 19:16:00,46,580.0,2020-12-06 05:00:00,domingo,20,Normal,Seca y limpia,Plano,Terraplen,Recta,Transito normal con precaución,1,0,5,0,5.0,Choque,adelantamientos indebidos,2514_1_46,1.0,0.0
Córdoba,2021-01-27 19:41:00,33,350.0,2020-12-08 05:00:00,martes,0,Normal,Seca y limpia,Plano,Terraplen,Curva Derecha,Transito normal con precaución,0,30,0,0,1.0,Volcamiento,maniobras imprudentes,2514_1_33,14.0,10.0
Córdoba,2021-01-27 19:51:00,31,0.0,2020-12-09 05:00:00,miercoles,0,Normal,Seca y limpia,Plano,Terraplen,Recta,Transito normal con precaución,0,30,1,0,1.0,Volcamiento,exceso de velocidad,2514_1_31,20.0,4.0
Córdoba,2021-01-27 19:55:00,21,360.0,2020-12-10 05:00:00,jueves,0,Normal,Seca y limpia,Plano,Terraplen,Curva Izquierda,Transito normal con precaución,1,0,0,1,1.0,Choque,maniobras imprudentes,2514_1_21,4.0,21.0
Córdoba,2021-01-27 20:05:00,45,195.0,2020-12-21 05:00:00,lunes,20,Normal,Seca y limpia,Plano,Terraplen,Recta,Transito normal con precaución,0,30,2,0,2.0,Choque,embriaguez o sustancias alucinogenas,7403_1_45,18.0,6.0
Córdoba,2021-01-27 20:31:00,8,350.0,2020-12-25 05:00:00,viernes,20,Normal,Seca y limpia,Plano,Terraplen,Curva Derecha,Transito normal con precaución,0,30,1,0,2.0,Choque,embriaguez o sustancias alucinogenas,7403_1_8,21.0,3.0
Córdoba,2021-01-27 20:35:00,19,500.0,2020-12-28 05:00:00,lunes,30,Normal,Seca y limpia,Plano,Terraplen,Recta,Transito normal con precaución,1,30,0,0,0.0,Choque,maniobras imprudentes,7403_1_19,10.0,15.0
Córdoba,2021-01-27 23:06:00,9,100.0,2020-12-28 05:00:00,lunes,0,Normal,Seca y limpia,Ondulado,Terraplen,Recta,Transito normal con precaución,0,0,1,0,1.0,Choque,maniobras imprudentes,9003_0_9,19.0,5.0
Córdoba,2021-01-27 16:21:00,8,700.0,2020-12-08 05:00:00,martes,45,Normal,Seca y limpia,Plano,Terraplen,Recta,Transito normal con precaución,0,35,0,0,1.0,Choque,adelantamientos indebidos,2103_1_8,17.0,7.0
Putumayo,2021-01-27 16:48:00,76,940.0,2020-12-27 05:00:00,domingo,0,Normal,Seca y limpia,Ondulado,Media ladera Izquierda,Curva Derecha,Transito normal con precaución,2,30,2,0,2.0,Volcamiento,exceso en horas de conduccion,1003_1_76,2.0,0.0
Córdoba,2021-01-27 16:51:00,8,930.0,2020-12-22 05:00:00,martes,45,Normal,Seca y limpia,Plano,Terraplen,Recta,Transito normal con precaución,0,15,0,0,1.0,Choque,no mantener distancia de seguridad,2103_1_8,9.0,15.0
Córdoba,2021-01-27 19:07:00,47,770.0,2020-12-06 05:00:00,domingo,40,Normal,Seca y limpia,Plano,Terraplen,Curva Izquierda,Transito normal con precaución,0,30,0,0,1.0,Choque,embriaguez o sustancias alucinogenas,7403_1_47,6.0,18.0
Córdoba,2021-01-27 19:22:00,40,69.0,2020-12-06 05:00:00,domingo,15,Normal,Seca y limpia,Plano,Terraplen,Recta,Transito normal con precaución,0,30,0,0,1.0,Volcamiento,embriaguez o sustancias alucinogenas,2514_1_40,21.0,3.0
Córdoba,2021-01-27 19:34:00,17,450.0,2020-12-08 05:00:00,martes,50,Normal,Seca y limpia,Plano,Terraplen,Recta,Transito normal con precaución,1,0,1,0,1.0,Choque,condiciones de la via y factores ambientales,7403_1_17,5.0,20.0
Córdoba,2021-01-27 19:59:00,40,990.0,2020-12-10 05:00:00,jueves,50,Normal,Seca y limpia,Plano,Terraplen,Recta,Parcial con paso alternado,2,0,0,2,5.0,Choque,adelantamientos indebidos,2514_1_40,13.0,13.0
Córdoba,2021-01-27 20:27:00,26,350.0,2020-12-23 05:00:00,miercoles,0,Normal,Seca y limpia,Plano,Terraplen,Recta,Transito normal con precaución,1,0,0,0,0.0,Choque,no mantener distancia de seguridad,2514_1_26,13.0,12.0
Córdoba,2021-01-27 20:38:00,20,0.0,2020-12-30 05:00:00,miercoles,0,Normal,Seca y limpia,Ondulado,Terraplen,Recta,Transito normal con precaución,0,30,0,0,0.0,Choque,estacionamiento y senalizacion imprudente,7403_1_20,19.0,5.0
Risaralda,2021-01-27 22:35:00,71,858.0,2021-01-25 05:00:00,lunes,15,Seca,Seca y limpia,Plano,Terraplen,Curva Izquierda,Parcial con reducción de carriles,1,15,0,1,1.0,Choque,adelantamientos indebidos,2506_1_71,12.0,13.0
Norte de Santander,2021-01-28 13:17:00,9,0.0,2020-11-11 05:00:00,miercoles,55,Normal,Seca y limpia,Plano,Terraplen,Curva Derecha,Transito normal con precaución,0,0,1,0,1.0,Choque,desobediencia a normas y senales,55NSA_2_9,11.0,13.0
Norte de Santander,2021-01-28 13:26:00,5,350.0,2020-11-03 05:00:00,martes,30,Normal,Seca y limpia,Ondulado,Terraplen,Curva Izquierda,Transito normal con precaución,0,0,1,0,1.0,Atropello,impericia en el manejo,55NSA_2_5,18.0,6.0
Caquetá,2021-01-28 13:22:00,48,20.0,2021-01-01 05:00:00,viernes,30,Seca,Seca y limpia,Plano,Terraplen,Recta,Transito normal con precaución,7,30,0,0,2.0,Choque,exceso de velocidad,6502_1_48,7.0,0.0
Bolívar,2021-01-28 13:27:00,2,710.0,2020-12-08 05:00:00,martes,30,Normal,Seca y limpia,Plano,Terraplen,Recta,Cierre total,5,0,2,2,6.0,Choque,no mantener distancia de seguridad,7803_0_2,13.0,16.0
Bolívar,2021-01-28 13:31:00,5,10.0,2020-12-08 05:00:00,martes,40,Normal,Seca y limpia,Plano,Terraplen,Curva Izquierda,Transito normal con precaución,0,0,1,0,1.0,Atropello,impericia en el manejo,7803_0_5,5.0,19.0
Bolívar,2021-01-28 13:43:00,3,900.0,2020-12-30 05:00:00,miercoles,0,Normal,Seca y limpia,Plano,Terraplen,Recta,Parcial con reducción de carriles,2,1,0,1,1.0,Atropello,conducta de peatones,7804_0_3,0.0,2.0
Tolima,2021-01-28 16:15:00,32,400.0,2020-12-01 05:00:00,martes,30,Normal,Seca y limpia,Plano,Terraplen,Curva Izquierda,Parcial con paso alternado,14,30,2,0,2.0,Choque,otra - pasajero o acompanante,3603_0_32,14.0,0.0
Cesar,2021-01-28 17:37:00,20,220.0,2020-12-19 05:00:00,sabado,50,Normal,Seca y limpia,Plano,Terraplen,Recta,Parcial con reducción de carriles,0,40,0,1,5.0,Choque,adelantamientos indebidos,8004A_1_20,5.0,19.0
Caldas,2021-01-28 20:38:00,42,550.0,2020-12-12 05:00:00,sabado,30,Normal,Seca y limpia,Montañoso,Media ladera Izquierda,Recta,Parcial con reducción de carriles,3,50,0,1,1.0,Volcamiento,otra - conductor en general,2508_1_42,3.0,0.0
Planta Central,2021-01-28 21:13:00,109,800.0,2020-10-10 05:00:00,sabado,30,Normal,Seca y limpia,Plano,Terraplen,Recta,Transito normal con precaución,0,10,3,0,3.0,Choque,adelantamientos indebidos,4511_1_109,10.0,14.0
Caldas,2021-01-28 21:12:00,38,220.0,2020-12-09 05:00:00,miercoles,0,Normal,Seca y limpia,Montañoso,Media ladera Izquierda,Recta,Parcial con reducción de carriles,10,25,0,0,0.0,Choque,no mantener distancia de seguridad,2902_1_38,10.0,0.0
Planta Central,2021-01-28 21:21:00,121,700.0,2020-10-25 05:00:00,domingo,30,Lluvia,Humeda,Plano,Terraplen,Recta,Transito normal con precaución,0,0,0,0,0.0,No determinado,otra - conductor en general,4511_1_121,1.0,23.0
Planta Central,2021-01-28 21:25:00,122,800.0,2020-10-18 05:00:00,domingo,0,Lluvia,Humeda,Ondulado,Cajón,Recta,Transito normal con precaución,0,0,0,0,0.0,No determinado,otra - conductor en general,4511_1_122,17.0,7.0
Planta Central,2021-01-28 21:28:00,144,600.0,2020-10-11 05:00:00,domingo,0,Lluvia,Humeda,Ondulado,Media Ladera Derecha,Recta,Transito normal con precaución,0,0,0,0,0.0,No determinado,otra - conductor en general,4511_1_144,16.0,8.0
Cesar,2021-01-28 21:31:00,63,400.0,2020-12-20 05:00:00,domingo,10,Normal,Seca y limpia,Plano,Terraplen,Recta,Transito normal con precaución,0,30,0,0,0.0,Choque,maniobras imprudentes,4901_1_63,6.0,18.0
Planta Central,2021-01-28 21:41:00,5,900.0,2020-10-14 05:00:00,miercoles,0,Lluvia,Humeda,Plano,Terraplen,Recta,Transito normal con precaución,0,0,0,0,0.0,No determinado,otra - conductor en general,4513_1_5,7.0,17.0
Putumayo,2021-01-28 21:36:00,125,145.0,2020-12-12 05:00:00,sabado,29,Lluvia,Humeda,Plano,Media ladera Izquierda,Curva Derecha,Parcial con paso alternado,22,30,1,1,2.0,Volcamiento,condiciones de la via y factores ambientales,1003_1_125,22.0,0.0
Planta Central,2021-01-28 21:43:00,20,350.0,2020-10-31 05:00:00,sabado,10,Lluvia,Humeda,Plano,Terraplen,Curva Derecha,Transito normal con precaución,0,13,2,0,2.0,Choque,adelantamientos indebidos,4513_1_20,13.0,11.0
Planta Central,2021-01-28 21:50:00,21,698.0,2020-10-08 05:00:00,jueves,20,Normal,Seca y limpia,Montañoso,Cajón,Recta,Transito normal con precaución,0,14,1,0,1.0,Choque,adelantamientos indebidos,4513_1_21,18.0,6.0
Planta Central,2021-01-28 22:00:00,25,243.0,2020-10-08 05:00:00,jueves,30,Normal,Seca y limpia,Plano,Terraplen,Recta,Transito normal con precaución,0,14,0,0,0.0,Volcamiento,fallas mecanicas y del sistema electrico,4513_1_25,12.0,12.0
Planta Central,2021-01-28 22:03:00,31,0.0,2020-10-04 05:00:00,domingo,0,Lluvia,Humeda,Plano,Terraplen,Recta,Transito normal con precaución,0,12,1,0,1.0,Choque,condiciones de la via y factores ambientales,4513_1_31,4.0,20.0
Planta Central,2021-01-28 22:12:00,66,745.0,2020-10-09 05:00:00,viernes,0,Normal,Seca y limpia,Plano,Terraplen,Recta,Transito normal con precaución,0,0,0,0,0.0,Choque,fallas mecanicas y del sistema electrico,4513_1_66,10.0,14.0
Planta Central,2021-01-28 22:14:00,67,480.0,2020-11-03 05:00:00,martes,30,Lluvia,Humeda,Plano,Terraplen,Recta,Transito normal con precaución,0,0,0,0,0.0,Choque,adelantamientos indebidos,4513_1_67,17.0,7.0
Planta Central,2021-01-28 22:22:00,80,800.0,2020-10-18 05:00:00,domingo,20,Normal,Seca y limpia,Plano,Terraplen,Recta,Transito normal con precaución,0,0,0,0,0.0,Choque,condiciones de la via y factores ambientales,4513_1_80,0.0,0.0
Planta Central,2021-01-28 22:25:00,82,300.0,2020-10-29 05:00:00,jueves,0,Normal,Seca y limpia,Plano,Terraplen,Recta,Transito normal con precaución,0,0,0,0,0.0,Choque,condiciones de la via y factores ambientales,4513_1_82,1.0,23.0
Planta Central,2021-01-28 22:52:00,65,500.0,2020-11-06 05:00:00,viernes,45,Normal,Seca y limpia,Plano,Terraplen,Recta,Transito normal con precaución,0,0,0,0,0.0,Choque,otra - conductor en general,4511_1_65,4.0,20.0
Planta Central,2021-01-28 23:01:00,110,0.0,2020-11-06 05:00:00,viernes,20,Normal,Seca y limpia,Plano,Media ladera Izquierda,Recta,Transito normal con precaución,0,0,0,0,0.0,Choque,otra - conductor en general,4511_1_110,10.0,14.0
Cesar,2021-01-28 23:00:00,80,144.0,2020-12-20 05:00:00,domingo,30,Normal,Seca y limpia,Plano,Terraplen,Recta,Transito normal con precaución,0,40,0,0,1.0,Choque,adelantamientos indebidos,4901_1_80,19.0,5.0
Planta Central,2021-01-28 23:03:00,110,940.0,2020-11-06 05:00:00,viernes,20,Normal,Seca y limpia,Plano,Cajón,Recta,Transito normal con precaución,0,0,0,0,0.0,Volcamiento,estacionamiento y senalizacion imprudente,4511_1_110,6.0,18.0
Planta Central,2021-01-28 23:11:00,143,550.0,2020-11-19 05:00:00,jueves,0,Normal,Seca y limpia,Ondulado,Cajón,Curva Izquierda,Transito normal con precaución,0,55,0,1,1.0,Choque,otra - conductor en general,4511_1_143,7.0,17.0
Planta Central,2021-01-28 23:13:00,144,600.0,2020-11-12 05:00:00,jueves,40,Normal,Seca y limpia,Ondulado,Media ladera Izquierda,Recta,Transito normal con precaución,0,0,0,0,0.0,Choque,exceso en horas de conduccion,4511_1_144,2.0,22.0
Planta Central,2021-01-29 01:04:00,1,750.0,2020-11-13 05:00:00,viernes,50,Normal,Seca y limpia,Plano,Media Ladera Derecha,Curva Derecha,Transito normal con precaución,0,0,0,0,0.0,Choque,otra - conductor en general,4513_1_1,7.0,17.0
Planta Central,2021-01-29 01:12:00,12,0.0,2020-11-24 05:00:00,martes,30,Normal,Seca y limpia,Plano,Terraplen,Recta,Transito normal con precaución,0,0,0,0,0.0,Choque,no mantener distancia de seguridad,4513_1_12,11.0,13.0
Planta Central,2021-01-29 01:31:00,37,100.0,2020-11-21 05:00:00,sabado,50,Normal,Seca y limpia,Plano,Terraplen,Recta,Transito normal con precaución,0,0,0,1,1.0,Choque,estacionamiento y senalizacion imprudente,4513_1_37,21.0,3.0
Planta Central,2021-01-29 01:34:00,73,230.0,2020-11-18 05:00:00,miercoles,30,Normal,Seca y limpia,Plano,Terraplen,Recta,Transito normal con precaución,0,0,0,0,0.0,Salida de la vía sin volcarse,fallas mecanicas y del sistema electrico,4513_1_73,5.0,19.0
Planta Central,2021-01-29 02:04:00,75,730.0,2020-11-21 05:00:00,sabado,50,Normal,Seca y limpia,Plano,Terraplen,Recta,Transito normal con precaución,0,14,1,0,1.0,Volcamiento,exceso en horas de conduccion,4513_1_75,13.0,11.0
Planta Central,2021-01-29 02:22:00,75,400.0,2020-12-03 05:00:00,jueves,10,Lluvia,Humeda,Plano,Terraplen,Recta,Transito normal con precaución,0,0,0,0,0.0,Choque,condiciones de la via y factores ambientales,4511_1_75,4.0,20.0
Planta Central,2021-01-29 02:40:00,98,0.0,2020-12-19 05:00:00,sabado,0,Normal,Seca y limpia,Plano,Cajón,Recta,Transito normal con precaución,0,0,0,0,0.0,Choque,otra - conductor en general,4511_1_98,22.0,2.0
Planta Central,2021-01-29 02:44:00,115,500.0,2020-12-30 05:00:00,miercoles,30,Normal,Seca y limpia,Plano,Terraplen,Curva Izquierda,Transito normal con precaución,1,10,2,1,3.0,Choque,exceso en horas de conduccion,4511_1_115,19.0,6.0
Planta Central,2021-01-29 02:51:00,5,400.0,2020-12-13 05:00:00,domingo,20,Normal,Seca y limpia,Ondulado,Media ladera Izquierda,Recta,Transito normal con precaución,0,0,0,0,0.0,Choque,otra - conductor en general,4513_1_5,7.0,17.0
Planta Central,2021-01-29 02:53:00,6,320.0,2020-12-10 05:00:00,jueves,5,Normal,Seca y limpia,Plano,Cajón,Curva Izquierda,Transito normal con precaución,0,0,0,0,0.0,Choque,otra - conductor en general,4513_1_6,7.0,17.0
Planta Central,2021-01-29 03:02:00,39,800.0,2020-12-10 05:00:00,jueves,30,Normal,Seca y limpia,Plano,Terraplen,Curva Izquierda,Transito normal con precaución,0,0,0,0,0.0,Volcamiento,adelantamientos indebidos,4513_1_39,9.0,15.0
Planta Central,2021-01-29 03:12:00,86,600.0,2020-12-24 05:00:00,jueves,10,Normal,Seca y limpia,Plano,Terraplen,Curva Izquierda,Transito normal con precaución,0,48,3,0,3.0,Choque,embriaguez o sustancias alucinogenas,4513_1_86,15.0,9.0
Norte de Santander,2021-01-28 13:23:00,7,130.0,2021-01-07 05:00:00,jueves,20,Normal,Seca y limpia,Ondulado,Terraplen,Recta,Transito normal con precaución,0,0,0,0,1.0,Atropello,adelantamientos indebidos,55NSA_2_7,7.0,17.0
Norte de Santander,2021-01-28 13:32:00,3,315.0,2020-12-31 05:00:00,jueves,11,Normal,Seca y limpia,Plano,Terraplen,Curva Derecha,Transito normal con precaución,0,0,1,0,1.0,Choque,desobediencia a normas y senales,55NSA_2_3,21.0,3.0
Bolívar,2021-01-28 13:37:00,1,82.0,2020-12-13 05:00:00,domingo,50,Normal,Seca y limpia,Plano,Terraplen,Recta,Transito normal con precaución,0,0,2,0,2.0,Choque,exceso de velocidad,7804_0_1,20.0,4.0
Caldas,2021-01-28 20:08:00,56,700.0,2020-12-02 05:00:00,miercoles,30,Normal,Seca y limpia,Montañoso,Media ladera Izquierda,Curva Izquierda,Parcial con reducción de carriles,4,10,0,0,0.0,Volcamiento,fallas mecanicas y del sistema electrico,2508_1_56,3.0,1.0
Caldas,2021-01-28 20:16:00,19,910.0,2020-12-05 05:00:00,sabado,0,Normal,Seca y limpia,Montañoso,Media ladera Izquierda,Curva Izquierda,Parcial con reducción de carriles,17,15,1,0,1.0,Choque,desobediencia a normas y senales,2508_1_19,17.0,0.0
Planta Central,2021-01-28 20:42:00,70,0.0,2020-10-15 05:00:00,jueves,0,Normal,Seca y limpia,Plano,Cajón,Recta,Transito normal con precaución,0,0,0,0,0.0,No determinado,otra - conductor en general,4511_1_70,19.0,5.0
Caldas,2021-01-28 20:44:00,40,970.0,2020-12-16 05:00:00,miercoles,30,Normal,Seca y limpia,Montañoso,Media ladera Izquierda,Curva Derecha,Parcial con reducción de carriles,7,40,0,0,0.0,Choque,no mantener distancia de seguridad,2508_1_40,7.0,0.0
Caldas,2021-01-28 20:52:00,48,800.0,2020-12-27 05:00:00,domingo,30,Normal,Seca y limpia,Montañoso,Media ladera Izquierda,Curva Derecha,Parcial con reducción de carriles,17,50,0,0,0.0,Choque,otra - conductor en general,2508_1_48,17.0,0.0
Boyacá,2021-01-28 20:45:00,1,170.0,2020-12-22 05:00:00,martes,15,Normal,Seca y limpia,Plano,Terraplen,Recta,Transito normal con precaución,0,0,2,0,2.0,Choque,impericia en el manejo,45BY01_1_1,19.0,5.0
Planta Central,2021-01-28 21:05:00,75,800.0,2020-10-07 05:00:00,miercoles,5,Lluvia,Humeda,Plano,Terraplen,Recta,Transito normal con precaución,0,0,0,0,0.0,No determinado,otra - conductor en general,4511_1_75,11.0,13.0
Planta Central,2021-01-28 21:09:00,83,900.0,2020-10-27 05:00:00,martes,20,Lluvia,Humeda,Plano,Media ladera Izquierda,Recta,Transito normal con precaución,0,0,0,0,0.0,No determinado,otra - conductor en general,4511_1_83,15.0,9.0
Planta Central,2021-01-28 21:16:00,115,400.0,2020-10-03 05:00:00,sabado,10,Lluvia,Humeda,Plano,Terraplen,Curva Izquierda,Transito normal con precaución,0,14,3,0,3.0,Choque,otra - conductor en general,4511_1_115,17.0,7.0
Planta Central,2021-01-28 21:19:00,115,500.0,2020-10-26 05:00:00,lunes,30,Lluvia,Humeda,Plano,Terraplen,Curva Izquierda,Transito normal con precaución,0,0,0,0,0.0,No determinado,otra - conductor en general,4511_1_115,22.0,2.0
Caldas,2021-01-28 21:23:00,34,450.0,2020-12-12 05:00:00,sabado,30,Normal,Seca y limpia,Montañoso,Media ladera Izquierda,Recta,Parcial con reducción de carriles,17,0,0,0,0.0,Choque,no mantener distancia de seguridad,2902_1_34,16.0,1.0
Planta Central,2021-01-28 21:35:00,5,0.0,2020-10-16 05:00:00,viernes,20,Normal,Seca y limpia,Plano,Media ladera Izquierda,Recta,Transito normal con precaución,0,0,0,0,0.0,No determinado,otra - conductor en general,4513_1_5,2.0,22.0
Planta Central,2021-01-28 21:39:00,5,300.0,2020-10-22 05:00:00,jueves,10,Lluvia,Humeda,Plano,Media ladera Izquierda,Recta,Transito normal con precaución,0,0,0,0,0.0,No determinado,otra - conductor en general,4513_1_5,20.0,4.0
Planta Central,2021-01-28 21:47:00,21,630.0,2020-10-29 05:00:00,jueves,0,Normal,Seca y limpia,Ondulado,Terraplen,Recta,Transito normal con precaución,0,11,0,0,0.0,Choque,otra - conductor en general,4513_1_21,22.0,2.0
Planta Central,2021-01-28 21:58:00,25,31.0,2020-10-07 05:00:00,miercoles,35,Normal,Seca y limpia,Plano,Cajón,Recta,Transito normal con precaución,0,0,0,0,0.0,Choque,estacionamiento y senalizacion imprudente,4513_1_25,19.0,5.0
Planta Central,2021-01-28 22:05:00,36,300.0,2020-10-30 05:00:00,viernes,20,Normal,Seca y limpia,Ondulado,Terraplen,Recta,Transito normal con precaución,0,35,0,1,1.0,Choque,adelantamientos indebidos,4513_1_36,17.0,7.0
Planta Central,2021-01-28 22:09:00,61,841.0,2020-10-04 05:00:00,domingo,30,Lluvia,Humeda,Plano,Terraplen,Recta,Transito normal con precaución,0,0,0,0,0.0,Choque,adelantamientos indebidos,4513_1_61,7.0,17.0
Planta Central,2021-01-28 22:17:00,72,800.0,2020-10-19 05:00:00,lunes,30,Lluvia,Humeda,Plano,Terraplen,Recta,Transito normal con precaución,0,0,0,0,0.0,Choque,condiciones de la via y factores ambientales,4513_1_72,6.0,18.0
Planta Central,2021-01-28 22:20:00,76,200.0,2020-10-08 05:00:00,jueves,0,Lluvia,Humeda,Plano,Terraplen,Recta,Transito normal con precaución,0,0,0,0,0.0,Volcamiento,exceso en horas de conduccion,4513_1_76,3.0,21.0
Planta Central,2021-01-28 22:57:00,65,580.0,2020-11-10 05:00:00,martes,30,Lluvia,Humeda,Plano,Terraplen,Recta,Transito normal con precaución,0,0,0,0,0.0,Choque,otra - conductor en general,4511_1_65,23.0,1.0
Planta Central,2021-01-28 22:59:00,103,30.0,2020-11-19 05:00:00,jueves,45,Normal,Seca y limpia,Plano,Cajón,Recta,Transito normal con precaución,0,0,0,0,0.0,Choque,no mantener distancia de seguridad,4511_1_103,15.0,9.0
Planta Central,2021-01-28 23:06:00,128,700.0,2020-11-07 05:00:00,sabado,0,Normal,Seca y limpia,Plano,Terraplen,Curva Derecha,Transito normal con precaución,0,25,0,1,1.0,Choque,exceso en horas de conduccion,4511_1_128,8.0,16.0
Planta Central,2021-01-28 23:09:00,135,700.0,2020-11-08 05:00:00,domingo,40,Normal,Seca y limpia,Plano,Terraplen,Recta,Transito normal con precaución,0,39,0,1,1.0,Choque,no mantener distancia de seguridad,4511_1_135,4.0,20.0
Planta Central,2021-01-29 01:25:00,36,600.0,2020-11-19 05:00:00,jueves,30,Normal,Seca y limpia,Plano,Terraplen,Recta,Transito normal con precaución,0,0,0,0,0.0,Volcamiento,fallas mecanicas y del sistema electrico,4513_1_36,8.0,16.0
Planta Central,2021-01-29 02:06:00,75,770.0,2020-11-10 05:00:00,martes,4,Normal,Seca y limpia,Plano,Terraplen,Recta,Transito normal con precaución,0,0,0,0,0.0,Salida de la vía sin volcarse,exceso en horas de conduccion,4513_1_75,7.0,17.0
Planta Central,2021-01-29 02:09:00,83,160.0,2020-11-15 05:00:00,domingo,20,Normal,Seca y limpia,Plano,Terraplen,Recta,Transito normal con precaución,0,25,2,0,2.0,Choque,impericia en el manejo,4513_1_83,18.0,6.0
Planta Central,2021-01-29 02:17:00,63,700.0,2020-12-13 05:00:00,domingo,40,Normal,Seca y limpia,Ondulado,Cajón,Recta,Transito normal con precaución,0,25,2,0,2.0,Choque,otra - conductor en general,4511_1_63,6.0,18.0
Planta Central,2021-01-29 02:19:00,71,800.0,2020-12-03 05:00:00,jueves,10,Lluvia,Humeda,Ondulado,Media Ladera Derecha,Curva Derecha,Transito normal con precaución,1,30,10,3,13.0,Choque,adelantamientos indebidos,4511_1_71,5.0,20.0
Planta Central,2021-01-29 02:25:00,75,700.0,2020-12-16 05:00:00,miercoles,30,Normal,Seca y limpia,Plano,Terraplen,Recta,Transito normal con precaución,0,18,1,0,1.0,Atropello,conducta de peatones,4511_1_75,14.0,10.0
Planta Central,2021-01-29 02:28:00,75,700.0,2020-12-23 05:00:00,miercoles,30,Normal,Seca y limpia,Plano,Terraplen,Recta,Transito normal con precaución,0,20,1,0,1.0,Choque,condiciones de la via y factores ambientales,4511_1_75,5.0,19.0
Planta Central,2021-01-29 02:35:00,83,630.0,2020-12-20 05:00:00,domingo,31,Normal,Seca y limpia,Plano,Terraplen,Recta,Transito normal con precaución,0,0,0,0,0.0,Choque,otra - conductor en general,4511_1_83,7.0,17.0
Planta Central,2021-01-29 02:38:00,94,400.0,2020-12-28 05:00:00,lunes,30,Normal,Seca y limpia,Plano,Terraplen,Recta,Transito normal con precaución,0,0,0,0,0.0,Incendio,fallas mecanicas y del sistema electrico,4511_1_94,5.0,19.0
Planta Central,2021-01-29 02:47:00,118,50.0,2020-12-12 05:00:00,sabado,30,Normal,Seca y limpia,Montañoso,Cajón,Curva Derecha,Transito normal con precaución,0,0,0,0,0.0,Choque,otra - conductor en general,4511_1_118,16.0,8.0
Planta Central,2021-01-29 02:49:00,137,700.0,2020-12-23 05:00:00,miercoles,50,Normal,Seca y limpia,Plano,Cajón,Curva Izquierda,Transito normal con precaución,0,25,1,0,1.0,No determinado,otra - conductor en general,4511_1_137,18.0,6.0
Planta Central,2021-01-29 02:56:00,9,0.0,2020-12-18 05:00:00,viernes,50,Normal,Seca y limpia,Plano,Terraplen,Curva Derecha,Transito normal con precaución,0,45,2,0,2.0,Choque,adelantamientos indebidos,4513_1_9,23.0,1.0
Planta Central,2021-01-29 03:00:00,37,640.0,2020-12-22 05:00:00,martes,0,Normal,Seca y limpia,Plano,Terraplen,Recta,Transito normal con precaución,0,0,0,0,0.0,Choque,fallas mecanicas y del sistema electrico,4513_1_37,12.0,12.0
Planta Central,2021-01-29 03:05:00,53,260.0,2020-12-01 05:00:00,martes,40,Normal,Seca y limpia,Plano,Terraplen,Recta,Transito normal con precaución,0,0,0,0,0.0,Choque,estacionamiento y senalizacion imprudente,4513_1_53,12.0,12.0