territorial,fecha_registro,pr,distancia_pr,fecha_acc,dia_semana_acc,min_acc,condic_meteor,estado_super,terreno,secc_tip,geometria_acc,tipo_cierre,horas_cierre,min_cierre,n_heridos,n_muertos,n_victimas,clase_accidente,causa_posible,ref_loc,hora_acc,duracion_cierre_horas
Planta Central,2021-01-29 03:08:00,84,0.0,2020-12-17 05:00:00,jueves,30,Normal,Seca y limpia,Plano,Terraplen,Recta,Transito normal con precaución,0,0,0,0,0.0,Choque,condiciones de la via y factores ambientales,4513_1_84,19.0,5.0
Planta Central,2021-01-29 03:10:00,86,500.0,2020-12-31 05:00:00,jueves,30,Normal,Seca y limpia,Plano,Terraplen,Recta,Transito normal con precaución,0,0,0,0,0.0,Choque,estacionamiento y senalizacion imprudente,4513_1_86,11.0,13.0
Planta Central,2021-01-29 03:16:00,88,900.0,2020-12-02 05:00:00,miercoles,20,Normal,Seca y limpia,Plano,Terraplen,Recta,Transito normal con precaución,1,15,2,2,4.0,Atropello,otra - conductor en general,4513_1_88,18.0,7.0
Planta Central,2021-01-29 03:18:00,89,400.0,2020-12-26 05:00:00,sabado,20,Normal,Seca y limpia,Plano,Terraplen,Recta,Transito normal con precaución,0,18,0,1,1.0,Choque,maniobras imprudentes,4513_1_89,18.0,6.0
Casanare,2021-01-29 05:31:00,15,300.0,2020-11-29 05:00:00,domingo,40,Viento,Seca y limpia,Plano,Terraplen,Recta,Transito normal con precaución,0,0,0,0,1.0,Choque,exceso de velocidad,6513_0_15,19.0,5.0
Boyacá,2021-01-29 13:55:00,64,820.0,2020-12-17 05:00:00,jueves,15,Normal,Otra,Montañoso,Media ladera Izquierda,Curva Derecha,Parcial con paso alternado,0,50,0,1,1.0,Choque,adelantamientos indebidos,6009_1_64,21.0,3.0
Casanare,2021-01-29 23:00:00,49,200.0,2020-11-08 05:00:00,domingo,50,Normal,Seca y limpia,Plano,Terraplen,Recta,Transito normal con precaución,0,0,1,0,1.0,Choque,adelantamientos indebidos,6513_0_49,18.0,6.0
Planta Central,2021-01-30 12:42:00,91,610.0,2020-12-03 05:00:00,jueves,45,Normal,Seca y limpia,Plano,Terraplen,Recta,Parcial con paso alternado,1,0,0,0,0.0,Choque,otra - conductor en general,45A08_1_91,1.0,0.0
Planta Central,2021-01-30 12:48:00,71,70.0,2020-12-04 05:00:00,viernes,20,Sol,Seca y limpia,Montañoso,Media ladera Izquierda,Curva Izquierda,Parcial restringido a vehiculos pesados,1,30,0,0,0.0,Choque,adelantamientos indebidos,45A08_1_71,13.0,12.0
Planta Central,2021-01-30 13:31:00,42,710.0,2020-12-16 05:00:00,miercoles,5,Lluvia,Humeda,Ondulado,Media ladera Izquierda,Recta,Parcial con paso alternado,0,30,0,0,0.0,Choque,adelantamientos indebidos,45A08_1_42,17.0,7.0
Planta Central,2021-01-30 13:36:00,26,500.0,2020-12-16 05:00:00,miercoles,0,Normal,Seca y limpia,Montañoso,Media Ladera Derecha,Curva Izquierda,Parcial con paso alternado,3,0,1,0,1.0,Choque,fallas mecanicas y del sistema electrico,45A08_1_26,19.0,8.0
Planta Central,2021-01-30 13:43:00,79,640.0,2020-12-21 05:00:00,lunes,50,Sol,Seca y limpia,Montañoso,Media ladera Izquierda,Curva Izquierda,Parcial con paso alternado,3,0,0,0,0.0,Choque,fallas mecanicas y del sistema electrico,45A08_1_79,9.0,18.0
Planta Central,2021-01-30 13:56:00,77,820.0,2020-12-26 05:00:00,sabado,0,Normal,Seca y limpia,Montañoso,Media ladera Izquierda,Curva Izquierda,Parcial con paso alternado,6,0,0,0,0.0,Choque,otra - conductor en general,45A08_1_77,6.0,0.0
Planta Central,2021-01-30 12:56:00,73,565.0,2020-12-06 05:00:00,domingo,30,Normal,Seca y limpia,Montañoso,Media ladera Izquierda,Recta,Transito normal con precaución,23,0,0,0,0.0,Caída de carga,maniobras imprudentes,45A08_1_73,22.0,1.0
Planta Central,2021-01-30 13:25:00,69,134.0,2020-12-09 05:00:00,miercoles,30,Normal,Seca y limpia,Montañoso,Media Ladera Derecha,Curva Derecha,Cierre total,0,40,0,0,0.0,Choque,otra - conductor en general,45A08_1_69,5.0,19.0
Planta Central,2021-01-30 13:39:00,85,255.0,2020-12-18 05:00:00,viernes,0,Normal,Seca y limpia,Plano,Terraplen,Recta,Parcial con paso alternado,6,35,0,2,2.0,Choque,exceso de velocidad,45A08_1_85,4.0,2.0
Planta Central,2021-01-30 13:47:00,79,737.0,2020-12-21 05:00:00,lunes,0,Sol,Seca y limpia,Montañoso,Media ladera Izquierda,Curva Izquierda,Parcial con paso alternado,0,20,0,0,0.0,Choque,no mantener distancia de seguridad,45A08_1_79,13.0,11.0
Planta Central,2021-01-30 13:52:00,80,40.0,2020-12-21 05:00:00,lunes,30,Sol,Seca y limpia,Ondulado,Media ladera Izquierda,Curva Izquierda,Parcial con paso alternado,1,30,0,0,1.0,Choque,otra - conductor en general,45A08_1_80,14.0,11.0
Planta Central,2021-01-30 14:00:00,28,2.0,2020-12-26 05:00:00,sabado,20,Lluvia,Humeda,Ondulado,Cajón,Recta,Cierre total,1,0,0,0,1.0,Choque,otra - conductor en general,45A08_1_28,20.0,5.0
Norte de Santander,2021-01-31 16:58:00,50,650.0,2020-12-23 05:00:00,miercoles,30,Sol,Seca y limpia,Plano,Terraplen,Recta,Parcial con paso alternado,13,0,1,0,1.0,Volcamiento,fallas mecanicas y del sistema electrico,7009_0_50,11.0,2.0
Cauca,2021-01-31 21:49:00,13,270.0,2020-12-04 05:00:00,viernes,15,Sol,Seca y limpia,Montañoso,Media ladera Izquierda,Recta,Transito normal con precaución,0,0,1,0,1.0,Choque,estacionamiento y senalizacion imprudente,2002_1_13,7.0,17.0
Cauca,2021-01-31 21:55:00,1,750.0,2020-12-25 05:00:00,viernes,0,Lluvia,Otra,Ondulado,Media Ladera Derecha,Curva Derecha,Parcial con paso alternado,0,0,1,0,2.0,Choque,otra - conductor en general,2002_1_1,17.0,7.0
Cauca,2021-02-01 00:18:00,69,730.0,2021-01-28 05:00:00,jueves,30,Sol,Seca y limpia,Montañoso,Media Ladera Derecha,Recta,Transito normal con precaución,0,0,0,0,0.0,Salida de la vía sin volcarse,fallas mecanicas y del sistema electrico,2602_0_69,11.0,13.0
Cauca,2021-01-31 21:42:00,0,840.0,2020-12-03 05:00:00,jueves,0,Normal,Seca y limpia,Ondulado,Media ladera Izquierda,Recta,Parcial con paso alternado,0,0,0,0,0.0,Choque,desobediencia a normas y senales,2002_1_0,19.0,5.0
Cauca,2021-01-31 22:03:00,46,800.0,2020-12-25 05:00:00,viernes,45,Normal,Seca y limpia,Montañoso,Terraplen,Recta,Parcial con paso alternado,0,0,2,2,5.0,Choque,otra - conductor en general,2001_1_46,6.0,18.0
Cauca,2021-01-31 22:10:00,12,740.0,2020-12-31 05:00:00,jueves,0,Normal,Seca y limpia,Montañoso,Terraplen,Recta,Transito normal con precaución,0,0,1,0,1.0,Otro,embriaguez o sustancias alucinogenas,2002_1_12,19.0,5.0
Cauca,2021-02-01 00:12:00,14,0.0,2021-01-22 05:00:00,viernes,0,Seca,Seca y limpia,Montañoso,Media ladera Izquierda,Curva Izquierda,Parcial con reducción de carriles,13,0,0,0,1.0,Incendio,fallas mecanicas y del sistema electrico,2602_0_14,2.0,11.0
Meta,2021-02-01 15:22:00,8,200.0,2020-12-31 05:00:00,jueves,0,Sol,Seca y limpia,Ondulado,Terraplen,Curva Izquierda,Transito normal con precaución,2,0,3,2,6.0,Volcamiento,impericia en el manejo,6508_1_8,10.0,16.0
Caldas,2021-02-01 20:10:00,24,500.0,2020-12-01 05:00:00,martes,40,Normal,Seca y limpia,Montañoso,Media ladera Izquierda,Curva Derecha,Parcial con reducción de carriles,17,55,0,0,0.0,Choque,fallas mecanicas y del sistema electrico,5005_1_24,17.0,0.0
Caldas,2021-02-01 20:18:00,27,700.0,2020-12-01 05:00:00,martes,40,Normal,Seca y limpia,Montañoso,Terraplen,Curva Derecha,Parcial con reducción de carriles,20,10,0,0,0.0,Choque,no mantener distancia de seguridad,5005_2_27,19.0,1.0
Caldas,2021-02-01 20:29:00,29,0.0,2020-12-04 05:00:00,viernes,50,Normal,Seca y limpia,Montañoso,Media ladera Izquierda,Recta,Parcial con reducción de carriles,2,15,0,0,0.0,Choque,otra - conductor en general,5005_2_29,0.0,2.0
Caldas,2021-02-01 20:40:00,28,850.0,2020-12-07 05:00:00,lunes,0,Normal,Seca y limpia,Montañoso,Media ladera Izquierda,Recta,Parcial con reducción de carriles,7,15,1,0,1.0,Choque,no mantener distancia de seguridad,5005_2_28,7.0,0.0
Caldas,2021-02-01 20:48:00,24,990.0,2020-12-08 05:00:00,martes,0,Normal,Seca y limpia,Montañoso,Media ladera Izquierda,Recta,Parcial con reducción de carriles,20,15,2,0,2.0,Choque,desobediencia a normas y senales,5005_1_24,20.0,0.0
Quindío,2021-02-01 18:16:00,14,900.0,2020-12-01 05:00:00,martes,3,Sol,Seca y limpia,Plano,Terraplen,Curva Derecha,Transito normal con precaución,0,0,1,0,1.0,Volcamiento,otra - conductor en general,25VL07_1_14,12.0,12.0
Caldas,2021-02-01 21:02:00,28,950.0,2020-12-10 05:00:00,jueves,0,Normal,Seca y limpia,Montañoso,Media ladera Izquierda,Recta,Parcial con reducción de carriles,14,10,1,0,1.0,Choque,no mantener distancia de seguridad,5005_2_28,14.0,0.0
Quindío,2021-02-01 21:05:00,49,700.0,2020-12-12 05:00:00,sabado,0,Lluvia,Humeda,Plano,Terraplen,Recta,Transito normal con precaución,0,0,0,0,0.0,Choque,desobediencia a normas y senales,4002_1_49,20.0,4.0
Caldas,2021-02-01 21:08:00,28,320.0,2020-12-10 05:00:00,jueves,10,Normal,Seca y limpia,Montañoso,Terraplen,Recta,Parcial con reducción de carriles,7,30,0,0,0.0,Choque,otra - conductor en general,5005_2_28,7.0,0.0
Quindío,2021-02-01 21:11:00,10,900.0,2020-12-16 05:00:00,miercoles,0,Niebla,Seca y limpia,Escarpado,Terraplen,Curva Derecha,Transito normal con precaución,0,0,0,0,0.0,Volcamiento,fallas mecanicas y del sistema electrico,25VL07_1_10,20.0,4.0
Tolima,2021-02-01 20:19:00,8,100.0,2020-12-09 05:00:00,miercoles,20,Normal,Seca y limpia,Montañoso,Terraplen,Recta,Transito normal con precaución,16,25,0,0,0.0,Choque,no mantener distancia de seguridad,5007_1_8,16.0,0.0
Boyacá,2021-02-01 21:31:00,91,860.0,2021-01-31 05:00:00,domingo,45,Sol,Seca y limpia,Montañoso,Media Ladera Derecha,Curva Izquierda,Transito normal con precaución,0,0,0,0,0.0,Choque,exceso de velocidad,6006_0_91,15.0,9.0
Quindío,2021-02-01 21:29:00,9,550.0,2020-12-16 05:00:00,miercoles,0,Sol,Seca y limpia,Plano,Media ladera Izquierda,Curva Derecha,Transito normal con precaución,0,0,0,0,0.0,Volcamiento,fallas mecanicas y del sistema electrico,25VL07_1_9,14.0,10.0
Caldas,2021-02-01 21:30:00,25,300.0,2020-12-16 05:00:00,miercoles,40,Normal,Seca y limpia,Montañoso,Media ladera Izquierda,Recta,Parcial con reducción de carriles,18,55,0,0,0.0,Choque,no mantener distancia de seguridad,5005_1_25,18.0,0.0
Caldas,2021-02-01 21:54:00,33,700.0,2020-12-19 05:00:00,sabado,30,Normal,Seca y limpia,Montañoso,Media ladera Izquierda,Recta,Parcial con reducción de carriles,19,50,0,0,0.0,Choque,no mantener distancia de seguridad,5005_2_33,19.0,0.0
Caldas,2021-02-01 22:11:00,28,270.0,2020-12-28 05:00:00,lunes,25,Lluvia,Humeda,Montañoso,Terraplen,Curva Izquierda,Parcial con reducción de carriles,16,45,0,0,0.0,Choque,desobediencia a normas y senales,5005_2_28,16.0,0.0
Caldas,2021-02-01 22:21:00,29,0.0,2020-12-29 05:00:00,martes,30,Normal,Seca y limpia,Montañoso,Media ladera Izquierda,Recta,Parcial con reducción de carriles,20,20,0,0,0.0,Choque,no mantener distancia de seguridad,5005_2_29,19.0,1.0
Caldas,2021-02-01 22:32:00,28,950.0,2020-12-30 05:00:00,miercoles,55,Normal,Seca y limpia,Montañoso,Media ladera Izquierda,Recta,Parcial con reducción de carriles,1,10,0,0,0.0,Choque,no mantener distancia de seguridad,5005_2_28,0.0,1.0
Caldas,2021-02-01 20:23:00,28,320.0,2020-12-01 05:00:00,martes,40,Normal,Seca y limpia,Montañoso,Terraplen,Curva Izquierda,Parcial con reducción de carriles,8,50,0,0,0.0,Choque,otra - conductor en general,5005_2_28,8.0,0.0
Caldas,2021-02-01 20:34:00,28,320.0,2020-12-06 05:00:00,domingo,44,Normal,Seca y limpia,Montañoso,Terraplen,Recta,Parcial con reducción de carriles,23,15,0,0,0.0,Choque,otra - conductor en general,5005_2_28,22.0,1.0
Caldas,2021-02-01 20:55:00,28,0.0,2020-12-09 05:00:00,miercoles,35,Normal,Seca y limpia,Montañoso,Media ladera Izquierda,Recta,Parcial con reducción de carriles,18,45,0,0,0.0,Choque,otra - conductor en general,5005_2_28,18.0,0.0
Quindío,2021-02-01 21:08:00,0,610.0,2020-12-16 05:00:00,miercoles,30,Sol,Seca y limpia,Plano,Terraplen,Recta,Transito normal con precaución,0,0,0,0,0.0,Choque,otra - conductor en general,2901B_1_0,7.0,17.0
Caldas,2021-02-01 21:15:00,28,400.0,2020-12-10 05:00:00,jueves,28,Normal,Seca y limpia,Montañoso,Terraplen,Recta,Parcial con reducción de carriles,8,50,0,0,0.0,Choque,maniobras imprudentes,5005_2_28,8.0,0.0
Boyacá,2021-02-01 21:26:00,0,700.0,2021-01-30 05:00:00,sabado,30,Sol,Seca y limpia,Montañoso,Media Ladera Derecha,Curva Izquierda,Transito normal con precaución,0,0,0,1,1.0,Choque,exceso de velocidad,6007_0_0,10.0,14.0
Quindío,2021-02-01 21:37:00,2,110.0,2020-12-22 05:00:00,martes,0,Sol,Seca y limpia,Montañoso,Media Ladera Derecha,Curva Derecha,Transito normal con precaución,0,0,0,0,0.0,Choque,adelantamientos indebidos,4003_1_2,10.0,14.0
Quindío,2021-02-01 21:45:00,1,780.0,2020-12-29 05:00:00,martes,20,Sol,Seca y limpia,Montañoso,Media Ladera Derecha,Curva Derecha,Transito normal con precaución,0,0,0,0,0.0,Choque,otra - conductor en general,4003_1_1,8.0,16.0
Putumayo,2021-02-01 21:55:00,63,880.0,2020-12-29 05:00:00,martes,40,Seca,Seca y limpia,Plano,Terraplen,Recta,Parcial con paso alternado,19,40,0,1,1.0,Choque,adelantamientos indebidos,1003_1_63,19.0,0.0
Quindío,2021-02-01 22:01:00,1,700.0,2020-12-29 05:00:00,martes,20,Normal,Seca y limpia,Montañoso,Media Ladera Derecha,Curva Derecha,Transito normal con precaución,0,20,0,0,0.0,Choque,no mantener distancia de seguridad,4003_1_1,8.0,16.0
Putumayo,2021-02-01 22:16:00,60,250.0,2020-12-31 05:00:00,jueves,20,Seca,Seca y limpia,Plano,Terraplen,Recta,Parcial con paso alternado,22,20,0,4,5.0,Choque,adelantamientos indebidos,1003_1_60,22.0,0.0
Caldas,2021-02-01 22:27:00,25,250.0,2020-12-30 05:00:00,miercoles,20,Normal,Seca y limpia,Montañoso,Media ladera Izquierda,Curva Derecha,Parcial con reducción de carriles,18,45,0,0,0.0,Choque,otra - conductor en general,5005_1_25,18.0,0.0
Putumayo,2021-02-01 22:22:00,97,160.0,2020-12-05 05:00:00,sabado,30,Seca,Material suelto,Plano,Media ladera Izquierda,Curva Izquierda,Transito normal con precaución,0,30,2,0,2.0,Volcamiento,exceso de velocidad,1003_1_97,0.0,0.0
Casanare,2021-02-02 14:28:00,36,660.0,2020-11-30 05:00:00,lunes,20,Normal,Seca y limpia,Plano,Terraplen,Recta,Transito normal con precaución,0,0,0,0,0.0,Volcamiento,otra - conductor en general,6514_0_36,9.0,15.0
Caquetá,2021-02-02 16:58:00,49,60.0,2021-01-22 05:00:00,viernes,15,Seca,Seca y limpia,Plano,Terraplen,Curva Izquierda,Transito normal con precaución,17,15,3,0,4.0,Choque,exceso de velocidad,6502_1_49,17.0,0.0
Nariño,2021-02-02 22:32:00,34,400.0,2020-12-08 05:00:00,martes,35,Lluvia,Humeda,Montañoso,Media Ladera Derecha,Curva Izquierda,Transito normal con precaución,17,35,0,0,0.0,Choque,exceso de velocidad,1002_1_34,17.0,0.0
Boyacá,2021-02-02 22:43:00,12,350.0,2020-12-01 05:00:00,martes,15,Lluvia,Humeda,Ondulado,Media Ladera Derecha,Curva Derecha,Transito normal con precaución,15,15,0,0,0.0,Choque,exceso de velocidad,5503_1_12,15.0,0.0
Boyacá,2021-02-02 22:43:00,60,390.0,2020-12-01 05:00:00,martes,0,Lluvia,Humeda,Plano,Media Ladera Derecha,Recta,Transito normal con precaución,19,0,0,0,0.0,Choque,condiciones de la via y factores ambientales,5503_1_60,19.0,0.0
Boyacá,2021-02-02 22:43:00,88,0.0,2020-12-09 05:00:00,miercoles,20,Normal,Seca y limpia,Ondulado,Media ladera Izquierda,Curva Izquierda,Transito normal con precaución,21,20,0,1,1.0,Salida de la vía sin volcarse,exceso de velocidad,5503_1_88,21.0,0.0
Caquetá,2021-02-02 21:26:00,52,345.0,2021-01-22 05:00:00,viernes,30,Seca,Seca y limpia,Plano,Terraplen,Recta,Transito normal con precaución,22,30,1,0,1.0,Choque,otra - pasajero o acompanante,6502_1_52,22.0,0.0
Boyacá,2021-02-02 22:43:00,67,60.0,2020-12-04 05:00:00,viernes,50,Normal,Helada,Plano,Terraplen,Recta,Transito normal con precaución,5,50,0,0,0.0,Volcamiento,condiciones de la via y factores ambientales,5503_1_67,5.0,0.0
Nariño,2021-02-03 14:15:00,60,500.0,2020-11-09 05:00:00,lunes,45,Seca,Seca y limpia,Plano,Terraplen,Recta,Transito normal con precaución,0,20,0,0,1.0,Choque,exceso de velocidad,1001_0_60,13.0,11.0
Nariño,2021-02-03 14:15:00,65,0.0,2020-11-22 05:00:00,domingo,40,Seca,Seca y limpia,Plano,Terraplen,Recta,Transito normal con precaución,0,15,0,1,2.0,Choque,exceso de velocidad,1001_0_65,18.0,6.0
Nariño,2021-02-03 14:44:00,29,800.0,2020-12-13 05:00:00,domingo,0,Seca,Seca y limpia,Plano,Terraplen,Recta,Transito normal con precaución,0,20,0,2,4.0,Choque,exceso de velocidad,1001_0_29,21.0,3.0
Boyacá,2021-02-03 13:31:00,7,830.0,2020-12-21 05:00:00,lunes,0,Normal,Seca y limpia,Montañoso,Media Ladera Derecha,Curva Derecha,Transito normal con precaución,16,0,0,0,4.0,Volcamiento,exceso de velocidad,6211_1_7,16.0,0.0
Boyacá,2021-02-03 13:31:00,46,400.0,2020-12-22 05:00:00,martes,0,Normal,Seca y limpia,Plano,Media Ladera Derecha,Recta,Transito normal con precaución,10,0,0,0,0.0,Choque,exceso de velocidad,5503_1_46,10.0,0.0
Boyacá,2021-02-03 13:31:00,52,790.0,2020-12-29 05:00:00,martes,0,Lluvia,Humeda,Ondulado,Media ladera Izquierda,Curva Izquierda,Transito normal con precaución,15,0,0,0,4.0,Volcamiento,condiciones de la via y factores ambientales,5503_1_52,15.0,0.0
Boyacá,2021-02-03 13:31:00,47,970.0,2020-12-29 05:00:00,martes,40,Lluvia,Humeda,Ondulado,Cajón,Curva Derecha,Transito normal con precaución,16,40,0,0,4.0,Choque,adelantamientos indebidos,5503_1_47,16.0,0.0
Boyacá,2021-02-03 13:31:00,126,750.0,2020-12-31 05:00:00,jueves,0,Normal,Seca y limpia,Ondulado,Media ladera Izquierda,Curva Izquierda,Transito normal con precaución,6,0,0,0,5.0,Salida de la vía sin volcarse,exceso de velocidad,5503_1_126,6.0,0.0
Nariño,2021-02-03 17:45:00,29,200.0,2020-12-12 05:00:00,sabado,30,Normal,Seca y limpia,Montañoso,Media Ladera Derecha,Curva Izquierda,Transito normal con precaución,6,30,0,0,0.0,Salida de la vía sin volcarse,exceso de velocidad,1002_1_29,6.0,0.0
Boyacá,2021-02-03 19:45:00,5,680.0,2020-12-13 05:00:00,domingo,0,Normal,Seca y limpia,Ondulado,Media Ladera Derecha,Curva Derecha,Transito normal con precaución,11,0,2,0,4.0,Choque,exceso de velocidad,5503_1_5,11.0,0.0
Boyacá,2021-02-03 19:45:00,126,750.0,2020-12-31 05:00:00,jueves,0,Normal,Seca y limpia,Ondulado,Media ladera Izquierda,Curva Izquierda,Transito normal con precaución,6,0,0,0,4.0,Salida de la vía sin volcarse,exceso de velocidad,5503_1_126,6.0,0.0
Boyacá,2021-02-03 13:31:00,13,520.0,2020-12-12 05:00:00,sabado,0,Normal,Seca y limpia,Ondulado,Media Ladera Derecha,Recta,Transito normal con precaución,9,0,0,0,0.0,Choque,impericia en el manejo,5503_1_13,9.0,0.0
Nariño,2021-02-03 14:44:00,54,0.0,2020-12-03 05:00:00,jueves,40,Seca,Seca y limpia,Plano,Terraplen,Recta,Transito normal con precaución,0,20,0,1,1.0,Atropello,exceso de velocidad,1001_0_54,20.0,4.0
Nariño,2021-02-03 14:44:00,55,100.0,2020-12-14 05:00:00,lunes,0,Lluvia,Humeda,Plano,Terraplen,Recta,Transito normal con precaución,0,30,0,1,5.0,Atropello,exceso de velocidad,1001_0_55,5.0,19.0
Nariño,2021-02-03 14:54:00,14,700.0,2020-12-20 05:00:00,domingo,0,Seca,Seca y limpia,Ondulado,Terraplen,Recta,Transito normal con precaución,0,40,0,0,6.0,Volcamiento,condiciones de la via y factores ambientales,1001_0_14,16.0,8.0
Boyacá,2021-02-03 13:31:00,124,210.0,2020-12-19 05:00:00,sabado,20,Normal,Seca y limpia,Montañoso,Media ladera Izquierda,Curva Derecha,Transito normal con precaución,15,20,0,0,4.0,Salida de la vía sin volcarse,impericia en el manejo,5503_1_124,15.0,0.0
Boyacá,2021-02-03 13:31:00,48,530.0,2020-12-21 05:00:00,lunes,10,Normal,Seca y limpia,Plano,Media Ladera Derecha,Curva Derecha,Transito normal con precaución,15,10,0,0,4.0,Choque,exceso de velocidad,5503_1_48,15.0,0.0
Nariño,2021-02-03 15:03:00,17,400.0,2020-12-28 05:00:00,lunes,0,Seca,Seca y limpia,Plano,Terraplen,Recta,Transito normal con precaución,0,10,0,0,0.0,Choque,condiciones de la via y factores ambientales,1001_0_17,17.0,7.0
Nariño,2021-02-03 15:25:00,107,184.0,2020-12-30 05:00:00,miercoles,44,Seca,Seca y limpia,Montañoso,Terraplen,Curva Izquierda,Transito normal con precaución,0,10,0,0,0.0,Volcamiento,exceso de velocidad,1001_0_107,22.0,2.0
Putumayo,2021-02-03 16:00:00,13,720.0,2020-12-11 05:00:00,viernes,0,Sol,Material suelto,Montañoso,Cajón,Recta,Transito normal con precaución,0,0,0,0,0.0,Choque,exceso de velocidad,6501_0_13,14.0,10.0
Boyacá,2021-02-03 13:31:00,0,600.0,2020-12-22 05:00:00,martes,0,Normal,Seca y limpia,Plano,Terraplen,Recta,Transito normal con precaución,2,0,0,0,4.0,Choque,exceso de velocidad,5503_1_0,2.0,0.0
Boyacá,2021-02-03 13:31:00,58,300.0,2020-12-29 05:00:00,martes,15,Lluvia,Humeda,Plano,Media ladera Izquierda,Curva Derecha,Transito normal con precaución,17,15,1,0,5.0,Volcamiento,condiciones de la via y factores ambientales,5503_1_58,17.0,0.0
Boyacá,2021-02-03 13:31:00,10,250.0,2020-12-30 05:00:00,miercoles,0,Lluvia,Humeda,Montañoso,Media Ladera Derecha,Curva Izquierda,Transito normal con precaución,14,0,0,0,5.0,Choque,condiciones de la via y factores ambientales,6211_1_10,14.0,0.0
Boyacá,2021-02-03 13:31:00,38,440.0,2020-12-31 05:00:00,jueves,50,Lluvia,Humeda,Montañoso,Media Ladera Derecha,Curva Derecha,Transito normal con precaución,15,50,0,0,5.0,Choque,condiciones de la via y factores ambientales,5503_1_38,15.0,0.0
Nariño,2021-02-03 17:39:00,62,860.0,2020-12-09 05:00:00,miercoles,30,Lluvia,Humeda,Montañoso,Media Ladera Derecha,Curva Izquierda,Transito normal con precaución,13,30,3,1,4.0,Salida de la vía sin volcarse,exceso de velocidad,1002_1_62,13.0,0.0
Boyacá,2021-02-03 19:45:00,6,480.0,2020-12-12 05:00:00,sabado,30,Normal,Seca y limpia,Ondulado,Media Ladera Derecha,Curva Derecha,Transito normal con precaución,6,30,2,0,2.0,Choque,adelantamientos indebidos,5503_1_6,5.0,1.0
Nariño,2021-02-04 13:47:00,60,120.0,2020-12-15 05:00:00,martes,0,Normal,Seca y limpia,Montañoso,Media Ladera Derecha,Curva Izquierda,Transito normal con precaución,8,0,0,0,0.0,Volcamiento,exceso de velocidad,1002_1_60,8.0,0.0
Nariño,2021-02-04 13:56:00,24,850.0,2020-12-19 05:00:00,sabado,30,Lluvia,Humeda,Montañoso,Media Ladera Derecha,Curva Izquierda,Transito normal con precaución,5,30,0,0,0.0,Choque,condiciones de la via y factores ambientales,1002_1_24,5.0,0.0
Caldas,2021-02-04 19:23:00,6,540.0,2020-12-07 05:00:00,lunes,50,Normal,Seca y limpia,Montañoso,Media ladera Izquierda,Curva Izquierda,Parcial con reducción de carriles,17,10,0,0,0.0,Choque,no mantener distancia de seguridad,5006_0_6,16.0,1.0
Caldas,2021-02-04 19:38:00,14,850.0,2020-12-09 05:00:00,miercoles,30,Normal,Seca y limpia,Montañoso,Media ladera Izquierda,Recta,Parcial con reducción de carriles,5,30,0,0,0.0,Choque,otra - conductor en general,5006_0_14,3.0,2.0
Caldas,2021-02-04 19:50:00,7,300.0,2020-12-15 05:00:00,martes,5,Normal,Seca y limpia,Montañoso,Media ladera Izquierda,Curva Izquierda,Parcial con reducción de carriles,10,10,0,0,0.0,Volcamiento,otra - conductor en general,5006_0_7,10.0,0.0
Caldas,2021-02-04 19:57:00,25,100.0,2020-12-17 05:00:00,jueves,30,Normal,Seca y limpia,Montañoso,Media ladera Izquierda,Recta,Parcial con reducción de carriles,19,10,2,0,2.0,Choque,adelantamientos indebidos,5006_0_25,18.0,1.0
Caldas,2021-02-04 20:13:00,1,750.0,2020-12-21 05:00:00,lunes,10,Normal,Seca y limpia,Montañoso,Media ladera Izquierda,Recta,Parcial con reducción de carriles,6,20,0,0,0.0,Choque,maniobras imprudentes,5006_0_1,6.0,0.0
Caldas,2021-02-04 20:39:00,10,900.0,2020-12-26 05:00:00,sabado,45,Normal,Seca y limpia,Montañoso,Media ladera Izquierda,Curva Izquierda,Parcial con reducción de carriles,0,10,0,0,0.0,Choque,otra - conductor en general,5006_0_10,23.0,1.0
Caldas,2021-02-04 20:46:00,4,250.0,2020-12-28 05:00:00,lunes,45,Normal,Seca y limpia,Montañoso,Media ladera Izquierda,Curva Izquierda,Parcial con reducción de carriles,3,0,0,0,0.0,Choque,otra - conductor en general,5006_0_4,2.0,1.0
Caquetá,2021-02-04 21:09:00,16,800.0,2021-01-27 05:00:00,miercoles,30,Seca,Seca y limpia,Ondulado,Cajón,Recta,Transito normal con precaución,5,30,2,0,2.0,Volcamiento,fallas mecanicas y del sistema electrico,6502_1_16,5.0,0.0
Nariño,2021-02-04 14:02:00,15,80.0,2020-12-14 05:00:00,lunes,0,Normal,Seca y limpia,Montañoso,Terraplen,Curva Izquierda,Transito normal con precaución,4,0,1,0,1.0,Choque,exceso de velocidad,0801_1_15,4.0,0.0
Nariño,2021-02-04 14:08:00,15,590.0,2020-12-20 05:00:00,domingo,0,Lluvia,Humeda,Montañoso,Media Ladera Derecha,Curva Derecha,Transito normal con precaución,7,0,0,0,0.0,Choque,embriaguez o sustancias alucinogenas,0801_1_15,7.0,0.0
Caldas,2021-02-04 19:14:00,1,50.0,2020-12-03 05:00:00,jueves,0,Lluvia,Humeda,Montañoso,Media ladera Izquierda,Recta,Parcial con reducción de carriles,3,20,0,0,0.0,Choque,maniobras imprudentes,5006_0_1,3.0,0.0