territorial,fecha_registro,pr,distancia_pr,fecha_acc,dia_semana_acc,min_acc,condic_meteor,estado_super,terreno,secc_tip,geometria_acc,tipo_cierre,horas_cierre,min_cierre,n_heridos,n_muertos,n_victimas,clase_accidente,causa_posible,ref_loc,hora_acc,duracion_cierre_horas
Caldas,2021-02-04 19:43:00,1,0.0,2020-12-11 05:00:00,viernes,50,Normal,Seca y limpia,Montañoso,Media ladera Izquierda,Recta,Parcial con reducción de carriles,6,55,0,0,0.0,Choque,otra - conductor en general,5006_0_1,6.0,0.0
Caldas,2021-02-04 20:25:00,16,50.0,2020-12-24 05:00:00,jueves,45,Lluvia,Humeda,Montañoso,Media ladera Izquierda,Curva Izquierda,Parcial con reducción de carriles,13,0,1,0,1.0,Choque,condiciones de la via y factores ambientales,5006_0_16,12.0,1.0
Caldas,2021-02-04 20:32:00,21,300.0,2020-12-24 05:00:00,jueves,30,Normal,Seca y limpia,Montañoso,Media ladera Izquierda,Curva Izquierda,Parcial con reducción de carriles,9,20,0,0,0.0,Choque,otra - conductor en general,5006_0_21,8.0,1.0
Caldas,2021-02-04 20:53:00,1,300.0,2020-12-29 05:00:00,martes,25,Normal,Seca y limpia,Montañoso,Media ladera Izquierda,Recta,Parcial con reducción de carriles,16,40,0,0,0.0,Choque,no mantener distancia de seguridad,5006_0_1,16.0,0.0
Chocó,2021-02-05 16:21:00,107,700.0,2021-02-18 05:00:00,jueves,30,Sol,Seca y limpia,Montañoso,Media Ladera Derecha,Curva Derecha,Transito normal con precaución,2,0,0,0,1.0,Volcamiento,impericia en el manejo,6002_0_107,8.0,18.0
Putumayo,2021-02-05 20:10:00,36,150.0,2020-12-31 05:00:00,jueves,10,Normal,Seca y limpia,Ondulado,Cajón,Curva Izquierda,Cierre total,15,10,2,0,3.0,Choque,embriaguez o sustancias alucinogenas,4501_1_36,15.0,0.0
Putumayo,2021-02-05 20:18:00,16,400.0,2020-12-27 05:00:00,domingo,40,Lluvia,Humeda,Plano,Terraplen,Recta,Cierre total,19,40,2,1,1.0,Choque,exceso de velocidad,4501_1_16,19.0,0.0
Putumayo,2021-02-05 20:39:00,22,650.0,2020-12-16 05:00:00,miercoles,23,Normal,Seca y limpia,Plano,Terraplen,Recta,Transito normal con precaución,10,23,2,0,2.0,Choque,embriaguez o sustancias alucinogenas,4501_1_22,10.0,0.0
Nariño,2021-02-05 20:58:00,107,160.0,2020-11-03 05:00:00,martes,10,Sol,Seca y limpia,Ondulado,Media Ladera Derecha,Recta,Transito normal con precaución,7,10,1,0,1.0,Choque,desobediencia a normas y senales,1002_1_107,7.0,0.0
Putumayo,2021-02-05 20:53:00,17,750.0,2020-12-15 05:00:00,martes,0,Lluvia,Humeda,Plano,Terraplen,Recta,Transito normal con precaución,15,0,4,0,4.0,Choque,embriaguez o sustancias alucinogenas,4501_1_17,15.0,0.0
Nariño,2021-02-05 21:13:00,44,620.0,2020-11-09 05:00:00,lunes,30,Sol,Seca y limpia,Plano,Media ladera Izquierda,Curva Izquierda,Transito normal con precaución,17,30,0,1,2.0,Choque,exceso de velocidad,2501B_1_44,17.0,0.0
Putumayo,2021-02-05 21:19:00,30,400.0,2020-12-02 05:00:00,miercoles,30,Sol,Seca y limpia,Ondulado,Terraplen,Curva Derecha,Cierre total,16,30,1,0,2.0,Choque,embriaguez o sustancias alucinogenas,4501_1_30,16.0,0.0
Nariño,2021-02-05 21:43:00,52,980.0,2020-12-21 05:00:00,lunes,0,Sol,Seca y limpia,Plano,Media ladera Izquierda,Curva Derecha,Transito normal con precaución,18,0,0,1,6.0,Volcamiento,fallas mecanicas y del sistema electrico,2501B_1_52,18.0,0.0
Nariño,2021-02-05 21:45:00,34,780.0,2020-12-25 05:00:00,viernes,30,Sol,Seca y limpia,Montañoso,Media ladera Izquierda,Recta,Transito normal con precaución,12,30,1,0,1.0,Volcamiento,fallas mecanicas y del sistema electrico,2501B_1_34,12.0,0.0
Putumayo,2021-02-05 20:25:00,26,610.0,2020-12-25 05:00:00,viernes,50,Normal,Seca y limpia,Plano,Terraplen,Curva Derecha,Transito normal con precaución,3,50,1,0,2.0,Choque,embriaguez o sustancias alucinogenas,4501_1_26,3.0,0.0
Putumayo,2021-02-05 20:33:00,40,200.0,2020-12-24 05:00:00,jueves,53,Normal,Seca y limpia,Plano,Terraplen,Curva Derecha,Parcial con reducción de carriles,21,53,4,0,4.0,Choque,impericia en el manejo,4501_1_40,21.0,0.0
Putumayo,2021-02-05 20:46:00,71,100.0,2020-12-16 05:00:00,miercoles,30,Sol,Seca y limpia,Ondulado,Terraplen,Curva Izquierda,Cierre total,12,30,2,0,2.0,Choque,exceso de velocidad,4501_1_71,12.0,0.0
Nariño,2021-02-05 21:07:00,24,340.0,2020-11-07 05:00:00,sabado,0,Normal,Seca y limpia,Ondulado,Media Ladera Derecha,Recta,Transito normal con precaución,21,0,0,0,0.0,Salida de la vía sin volcarse,exceso de velocidad,1702_0_24,21.0,0.0
Nariño,2021-02-05 21:10:00,23,10.0,2020-11-08 05:00:00,domingo,36,Sol,Seca y limpia,Ondulado,Media Ladera Derecha,Recta,Transito normal con precaución,6,36,0,0,0.0,Choque,exceso de velocidad,1702_0_23,6.0,0.0
Nariño,2021-02-05 21:17:00,42,470.0,2020-11-01 05:00:00,domingo,0,Normal,Seca y limpia,Ondulado,Media Ladera Derecha,Recta,Transito normal con precaución,6,0,0,0,0.0,Volcamiento,embriaguez o sustancias alucinogenas,1702_0_42,6.0,0.0
Nariño,2021-02-05 21:20:00,111,580.0,2020-11-02 05:00:00,lunes,0,Lluvia,Humeda,Montañoso,Media Ladera Derecha,Curva Izquierda,Transito normal con precaución,7,0,0,0,0.0,Choque,condiciones de la via y factores ambientales,1002_1_111,7.0,0.0
Planta Central,2021-02-18 20:12:00,117,600.0,2020-10-31 05:00:00,sabado,58,Normal,Seca y limpia,Plano,Terraplen,Recta,Parcial con paso alternado,2,22,0,0,10.0,Choque,no mantener distancia de seguridad,4001_1_117,14.0,12.0
Nariño,2021-02-05 21:29:00,127,0.0,2020-11-27 05:00:00,viernes,0,Lluvia,Humeda,Montañoso,Media ladera Izquierda,Recta,Transito normal con precaución,7,0,0,0,0.0,Choque,estacionamiento y senalizacion imprudente,1002_1_127,7.0,0.0
Nariño,2021-02-05 21:48:00,42,360.0,2020-12-31 05:00:00,jueves,0,Lluvia,Humeda,Ondulado,Media ladera Izquierda,Recta,Transito normal con precaución,3,0,0,0,0.0,Choque,embriaguez o sustancias alucinogenas,1702_0_42,3.0,0.0
Cauca,2021-02-08 15:22:00,57,780.0,2021-02-06 05:00:00,sabado,59,Niebla,Humeda,Montañoso,Media ladera Izquierda,Recta,Transito normal con precaución,0,0,2,0,2.0,Salida de la vía sin volcarse,maniobras imprudentes,2602_0_57,23.0,1.0
Planta Central,2021-02-08 16:38:00,46,900.0,2020-12-13 05:00:00,domingo,40,Seca,Seca y limpia,Montañoso,Media ladera Izquierda,Recta,Transito normal con precaución,18,40,0,1,1.0,Choque,adelantamientos indebidos,45A04_1_46,18.0,0.0
Risaralda,2021-02-08 16:48:00,5,603.0,2021-02-06 05:00:00,sabado,0,Seca,Seca y limpia,Ondulado,Media ladera Izquierda,Curva Izquierda,Cierre total,0,25,0,1,1.0,Atropello,exceso de velocidad,29RS01_2_5,11.0,13.0
Planta Central,2021-02-08 16:24:00,4,350.0,2020-12-07 05:00:00,lunes,50,Seca,Seca y limpia,Plano,Terraplen,Recta,Transito normal con precaución,13,50,2,0,2.0,Choque,desobediencia a normas y senales,45ACND_0_4,13.0,0.0
Planta Central,2021-02-08 16:34:00,4,350.0,2020-12-13 05:00:00,domingo,30,Seca,Seca y limpia,Plano,Terraplen,Recta,Transito normal con precaución,13,30,1,0,1.0,Choque,desobediencia a normas y senales,45ACND_0_4,13.0,0.0
Planta Central,2021-02-08 16:44:00,32,800.0,2020-12-17 05:00:00,jueves,40,Seca,Humeda,Plano,Terraplen,Recta,Transito normal con precaución,18,40,1,0,1.0,Choque,maniobras imprudentes,45A04_1_32,18.0,0.0
Planta Central,2021-02-09 13:37:00,9,70.0,2020-12-16 05:00:00,miercoles,48,Seca,Seca y limpia,Montañoso,Media ladera Izquierda,Curva Izquierda,Parcial con paso alternado,1,47,1,0,1.0,Choque,adelantamientos indebidos,4003_1_9,9.0,16.0
Planta Central,2021-02-09 14:16:00,60,500.0,2020-12-18 05:00:00,viernes,30,Seca,Seca y limpia,Plano,Media ladera Izquierda,Recta,Transito normal con precaución,18,30,0,2,2.0,Atropello,conducta de peatones,45A04_1_60,18.0,0.0
Planta Central,2021-02-09 14:25:00,35,500.0,2021-12-24 05:00:00,viernes,20,Seca,Seca y limpia,Plano,Terraplen,Curva Izquierda,Transito normal con precaución,3,0,1,0,1.0,Choque,maniobras imprudentes,45A04_1_35,2.0,1.0
Planta Central,2021-02-09 14:10:00,9,80.0,2020-12-26 05:00:00,sabado,30,Lluvia,Humeda,Montañoso,Media ladera Izquierda,Curva Izquierda,Cierre total,1,30,0,0,1.0,Choque,otra - pasajero o acompanante,4003_1_9,8.0,17.0
Planta Central,2021-02-09 16:05:00,32,450.0,2020-12-31 05:00:00,jueves,30,Lluvia,Humeda,Plano,Terraplen,Recta,Transito normal con precaución,14,0,1,0,1.0,Choque,desobediencia a normas y senales,45A04_1_32,12.0,2.0
Córdoba,2021-02-09 18:51:00,49,213.0,2020-12-27 05:00:00,domingo,15,Seca,Seca y limpia,Plano,Terraplen,Recta,Cierre total,1,0,0,0,1.0,Choque,maniobras imprudentes,7801_1_49,10.0,15.0
Córdoba,2021-02-09 21:40:00,25,610.0,2021-01-08 05:00:00,viernes,10,Seca,Seca y limpia,Plano,Terraplen,Recta,Parcial con paso alternado,0,40,0,0,2.0,Choque,adelantamientos indebidos,9004_1_25,15.0,9.0
Planta Central,2021-02-09 14:20:00,61,200.0,2020-12-18 05:00:00,viernes,50,Seca,Seca y limpia,Plano,Terraplen,Recta,Transito normal con precaución,17,50,0,2,2.0,Choque,otra - conductor en general,45A04_1_61,17.0,0.0
Planta Central,2021-02-09 14:34:00,40,500.0,2020-12-26 05:00:00,sabado,19,Seca,Seca y limpia,Plano,Terraplen,Recta,Transito normal con precaución,8,19,1,0,1.0,Choque,no mantener distancia de seguridad,45A04_1_40,8.0,0.0
Planta Central,2021-02-09 15:42:00,49,250.0,2020-12-29 05:00:00,martes,30,Lluvia,Humeda,Plano,Media Ladera Derecha,Recta,Transito normal con precaución,18,50,2,0,2.0,Choque,condiciones de la via y factores ambientales,45A04_1_49,18.0,0.0
Planta Central,2021-02-09 15:46:00,50,500.0,2020-12-28 05:00:00,lunes,0,Seca,Seca y limpia,Montañoso,Media Ladera Derecha,Recta,Transito normal con precaución,10,0,1,0,1.0,Choque,maniobras imprudentes,45A04_1_50,10.0,0.0
Planta Central,2021-02-09 15:58:00,49,600.0,2020-12-31 05:00:00,jueves,14,Lluvia,Humeda,Plano,Terraplen,Curva Izquierda,Transito normal con precaución,16,14,1,0,1.0,Choque,maniobras imprudentes,45A04_1_49,16.0,0.0
Planta Central,2021-02-09 16:09:00,50,950.0,2020-12-31 05:00:00,jueves,30,Seca,Seca y limpia,Ondulado,Media Ladera Derecha,Curva Derecha,Transito normal con precaución,10,30,0,1,1.0,Choque,adelantamientos indebidos,45A04_1_50,10.0,0.0
Antioquia,2021-02-10 12:58:00,38,550.0,2021-01-04 05:00:00,lunes,30,Seca,Seca y limpia,Plano,Media Ladera Derecha,Recta,Parcial con paso alternado,22,30,0,0,0.0,Volcamiento,fallas mecanicas y del sistema electrico,9002_0_38,22.0,0.0
Tolima,2021-02-10 15:20:00,24,350.0,2020-12-12 05:00:00,sabado,20,Normal,Seca y limpia,Montañoso,Media ladera Izquierda,Curva Derecha,Transito normal con precaución,0,0,0,0,0.0,Choque,adelantamientos indebidos,5007_1_24,4.0,20.0
Tolima,2021-02-10 15:35:00,8,850.0,2020-12-09 05:00:00,miercoles,0,Lluvia,Humeda,Montañoso,Media Ladera Derecha,Recta,Transito normal con precaución,0,0,0,0,0.0,Choque,no mantener distancia de seguridad,5007_1_8,20.0,4.0
Tolima,2021-02-10 15:42:00,7,200.0,2020-12-10 05:00:00,jueves,0,Normal,Seca y limpia,Montañoso,Media Ladera Derecha,Curva Derecha,Transito normal con precaución,0,0,0,0,0.0,Choque,condiciones de la via y factores ambientales,5007_1_7,9.0,15.0
Tolima,2021-02-10 16:18:00,3,600.0,2020-12-11 05:00:00,viernes,10,Normal,Seca y limpia,Montañoso,Media ladera Izquierda,Curva Izquierda,Transito normal con precaución,0,0,1,0,1.0,Caída ocupante,impericia en el manejo,5007_1_3,14.0,10.0
Tolima,2021-02-10 16:34:00,24,350.0,2020-12-13 05:00:00,domingo,30,Normal,Seca y limpia,Montañoso,Media ladera Izquierda,Curva Derecha,Cierre total,21,30,0,0,0.0,Volcamiento,condiciones de la via y factores ambientales,5007_1_24,21.0,0.0
Córdoba,2021-02-10 16:28:00,19,670.0,2021-01-24 05:00:00,domingo,30,Seca,Seca y limpia,Plano,Terraplen,Recta,Parcial con paso alternado,0,50,0,0,2.0,Choque,fallas mecanicas y del sistema electrico,9003_0_19,12.0,12.0
Tolima,2021-02-10 16:41:00,22,700.0,2020-12-18 05:00:00,viernes,42,Normal,Seca y limpia,Montañoso,Media ladera Izquierda,Curva Derecha,Transito normal con precaución,0,0,0,0,0.0,Choque,no mantener distancia de seguridad,5007_1_22,11.0,13.0
Tolima,2021-02-10 16:52:00,3,350.0,2020-12-19 05:00:00,sabado,30,Normal,Seca y limpia,Montañoso,Media ladera Izquierda,Curva Derecha,Transito normal con precaución,0,0,0,0,0.0,Choque,otra - conductor en general,5007_1_3,3.0,21.0
Tolima,2021-02-10 16:54:00,3,10.0,2020-12-19 05:00:00,sabado,0,Normal,Seca y limpia,Montañoso,Media ladera Izquierda,Curva Derecha,Transito normal con precaución,0,0,0,0,0.0,Choque,impericia en el manejo,5007_1_3,22.0,2.0
Tolima,2021-02-10 18:41:00,16,700.0,2020-12-20 05:00:00,domingo,30,Normal,Seca y limpia,Montañoso,Media ladera Izquierda,Curva Derecha,Transito normal con precaución,0,0,0,0,0.0,Choque,condiciones de la via y factores ambientales,5007_1_16,7.0,17.0
Tolima,2021-02-10 18:56:00,16,650.0,2020-12-23 05:00:00,miercoles,44,Lluvia,Humeda,Montañoso,Media ladera Izquierda,Curva Derecha,Transito normal con precaución,0,0,0,0,0.0,Choque,no mantener distancia de seguridad,5007_1_16,16.0,8.0
Tolima,2021-02-10 18:59:00,5,650.0,2020-12-24 05:00:00,jueves,30,Normal,Seca y limpia,Montañoso,Media ladera Izquierda,Curva Derecha,Transito normal con precaución,0,0,0,0,0.0,Choque,condiciones de la via y factores ambientales,5007_1_5,4.0,20.0
Tolima,2021-02-10 19:28:00,24,350.0,2020-12-28 05:00:00,lunes,20,Normal,Seca y limpia,Montañoso,Media ladera Izquierda,Curva Derecha,Transito normal con precaución,0,0,0,0,0.0,Choque,condiciones de la via y factores ambientales,5007_1_24,19.0,5.0
Sucre,2021-02-10 23:18:00,57,825.0,2020-08-05 05:00:00,miercoles,30,Normal,Seca y limpia,Plano,Terraplen,Recta,Parcial con reducción de carriles,13,30,0,1,1.0,Choque,no mantener distancia de seguridad,7404_0_57,8.0,5.0
Sucre,2021-02-11 00:31:00,19,200.0,2020-08-22 05:00:00,sabado,40,Normal,Seca y limpia,Plano,Terraplen,Recta,Transito normal con precaución,8,15,0,0,0.0,Choque,maniobras imprudentes,7404_0_19,7.0,1.0
Sucre,2021-02-11 02:36:00,55,355.0,2020-08-28 05:00:00,viernes,55,Normal,Seca y limpia,Plano,Terraplen,Recta,Parcial con reducción de carriles,10,40,0,1,3.0,Atropello,conducta de peatones,7404_0_55,9.0,1.0
Sucre,2021-02-11 02:46:00,48,434.0,2020-09-14 05:00:00,lunes,30,Normal,Seca y limpia,Plano,Terraplen,Recta,Transito normal con precaución,8,40,0,0,0.0,Choque,condiciones de la via y factores ambientales,7404_0_48,7.0,1.0
Sucre,2021-02-11 02:59:00,1,840.0,2020-10-11 05:00:00,domingo,20,Normal,Seca y limpia,Plano,Terraplen,Recta,Transito normal con precaución,15,40,0,0,0.0,Salida de la vía sin volcarse,condiciones de la via y factores ambientales,7404_0_1,15.0,0.0
Planta Central,2021-02-18 22:18:00,50,580.0,2021-01-03 05:00:00,domingo,0,Normal,Seca y limpia,Ondulado,Media ladera Izquierda,Recta,Transito normal con precaución,0,0,1,0,1.0,Choque,condiciones de la via y factores ambientales,45A08_1_50,18.0,6.0
Tolima,2021-02-10 15:14:00,24,250.0,2020-12-04 05:00:00,viernes,14,Normal,Seca y limpia,Montañoso,Media ladera Izquierda,Curva Derecha,Transito normal con precaución,0,0,0,0,0.0,Choque,no mantener distancia de seguridad,5007_1_24,9.0,15.0
Tolima,2021-02-10 15:27:00,8,710.0,2020-12-06 05:00:00,domingo,20,Normal,Seca y limpia,Montañoso,Media ladera Izquierda,Curva Derecha,Transito normal con precaución,0,0,0,0,0.0,Choque,otra - conductor en general,5007_1_8,4.0,20.0
Tolima,2021-02-10 15:30:00,20,15.0,2020-12-09 05:00:00,miercoles,30,Normal,Seca y limpia,Montañoso,Media Ladera Derecha,Recta,Transito normal con precaución,0,0,0,0,0.0,Choque,impericia en el manejo,5007_1_20,8.0,16.0
Tolima,2021-02-10 16:21:00,14,400.0,2020-12-12 05:00:00,sabado,10,Normal,Seca y limpia,Montañoso,Media ladera Izquierda,Curva Izquierda,Transito normal con precaución,0,0,0,0,0.0,Choque,no mantener distancia de seguridad,5007_1_14,4.0,20.0
Tolima,2021-02-10 16:38:00,20,170.0,2020-12-14 05:00:00,lunes,0,Normal,Seca y limpia,Montañoso,Media ladera Izquierda,Curva Derecha,Transito normal con precaución,0,0,0,0,0.0,Choque,no mantener distancia de seguridad,5007_1_20,7.0,17.0
Tolima,2021-02-10 16:47:00,22,700.0,2020-12-18 05:00:00,viernes,43,Normal,Seca y limpia,Montañoso,Media ladera Izquierda,Curva Izquierda,Transito normal con precaución,0,0,0,0,0.0,Choque,no mantener distancia de seguridad,5007_1_22,11.0,13.0
Tolima,2021-02-10 16:48:00,24,470.0,2020-12-18 05:00:00,viernes,30,Normal,Seca y limpia,Montañoso,Media ladera Izquierda,Curva Izquierda,Parcial con paso alternado,6,30,0,0,0.0,Caída de carga,impericia en el manejo,5007_1_24,6.0,0.0
Tolima,2021-02-10 18:37:00,24,350.0,2020-12-19 05:00:00,sabado,0,Normal,Seca y limpia,Escarpado,Media ladera Izquierda,Curva Derecha,Transito normal con precaución,0,0,2,0,2.0,Choque,otra - conductor en general,5007_1_24,18.0,6.0
Tolima,2021-02-10 18:49:00,1,440.0,2020-12-22 05:00:00,martes,0,Normal,Seca y limpia,Plano,Terraplen,Recta,Transito normal con precaución,0,0,0,0,0.0,Choque,impericia en el manejo,5007_1_1,15.0,9.0
Tolima,2021-02-10 18:51:00,24,210.0,2020-12-20 05:00:00,domingo,10,Normal,Seca y limpia,Montañoso,Media ladera Izquierda,Curva Derecha,Transito normal con precaución,0,0,0,0,0.0,Choque,otra - conductor en general,5007_1_24,6.0,18.0
Tolima,2021-02-10 19:02:00,9,400.0,2020-12-23 05:00:00,miercoles,30,Normal,Seca y limpia,Montañoso,Media ladera Izquierda,Curva Izquierda,Transito normal con precaución,0,0,0,0,0.0,Volcamiento,fallas mecanicas y del sistema electrico,5007_1_9,21.0,3.0
Tolima,2021-02-10 19:05:00,21,50.0,2020-12-24 05:00:00,jueves,0,Normal,Seca y limpia,Montañoso,Media ladera Izquierda,Curva Izquierda,Transito normal con precaución,0,0,0,0,0.0,Salida de la vía sin volcarse,condiciones de la via y factores ambientales,5007_1_21,4.0,20.0
Tolima,2021-02-10 19:23:00,15,556.0,2020-12-25 05:00:00,viernes,0,Normal,Seca y limpia,Montañoso,Media ladera Izquierda,Curva Izquierda,Transito normal con precaución,0,0,0,0,0.0,Choque,otra - conductor en general,5007_1_15,5.0,19.0
Tolima,2021-02-10 19:26:00,11,950.0,2020-12-27 05:00:00,domingo,0,Normal,Seca y limpia,Montañoso,Media ladera Izquierda,Curva Derecha,Transito normal con precaución,0,0,0,0,0.0,Choque,adelantamientos indebidos,5007_1_11,17.0,7.0
Tolima,2021-02-10 19:32:00,24,200.0,2020-12-29 05:00:00,martes,20,Normal,Seca y limpia,Montañoso,Media ladera Izquierda,Curva Derecha,Transito normal con precaución,0,0,0,0,0.0,Choque,adelantamientos indebidos,5007_1_24,19.0,5.0
Casanare,2021-02-15 15:58:00,126,400.0,2021-01-11 05:00:00,lunes,40,Normal,Seca y limpia,Plano,Terraplen,Recta,Transito normal con precaución,18,40,0,1,1.0,Choque,impericia en el manejo,6515_1_126,18.0,0.0
Córdoba,2021-02-10 19:57:00,63,390.0,2021-01-25 05:00:00,lunes,38,Seca,Seca y limpia,Plano,Terraplen,Curva Izquierda,Transito normal con precaución,1,20,0,0,0.0,Choque,desobediencia a normas y senales,7401_1_63,17.0,8.0
Tolima,2021-02-10 20:08:00,33,500.0,2020-12-21 05:00:00,lunes,5,Lluvia,Humeda,Plano,Terraplen,Recta,Transito normal con precaución,0,0,3,0,3.0,Choque,embriaguez o sustancias alucinogenas,4510_1_33,0.0,0.0
Sucre,2021-02-11 00:25:00,19,200.0,2020-08-22 05:00:00,sabado,40,Normal,Seca y limpia,Plano,Terraplen,Recta,Transito normal con precaución,8,15,0,0,0.0,Choque,maniobras imprudentes,7404_0_19,7.0,1.0
Sucre,2021-02-11 02:54:00,54,920.0,2020-09-20 05:00:00,domingo,15,Normal,Seca y limpia,Plano,Terraplen,Recta,Cierre total,20,50,0,1,2.0,Atropello,impericia en el manejo,7404_0_54,19.0,1.0
Sucre,2021-02-11 03:03:00,16,581.0,2020-10-12 05:00:00,lunes,50,Normal,Seca y limpia,Plano,Terraplen,Recta,Cierre total,20,30,0,1,1.0,Choque,condiciones de la via y factores ambientales,7404_0_16,19.0,1.0
Córdoba,2021-02-11 15:34:00,1,10.0,2021-01-28 05:00:00,jueves,10,Seca,Seca y limpia,Plano,Terraplen,Recta,Parcial con reducción de carriles,0,50,0,0,2.0,Choque,maniobras imprudentes,9004_1_1,11.0,13.0
Córdoba,2021-02-11 20:20:00,7,840.0,2020-12-31 05:00:00,jueves,45,Seca,Seca y limpia,Plano,Terraplen,Recta,Transito normal con precaución,0,30,0,0,0.0,Volcamiento,maniobras imprudentes,7801_1_7,18.0,6.0
Casanare,2021-02-15 15:58:00,61,0.0,2021-01-17 05:00:00,domingo,35,Normal,Seca y limpia,Plano,Terraplen,Curva Derecha,Transito normal con precaución,8,35,0,0,0.0,Choque,adelantamientos indebidos,6515_1_61,8.0,0.0
Guajira,2021-02-15 20:42:00,2,300.0,2021-01-02 05:00:00,sabado,35,Normal,Seca y limpia,Plano,Terraplen,Curva Izquierda,Transito normal con precaución,5,35,0,0,0.0,Choque,embriaguez o sustancias alucinogenas,8801_1_2,5.0,0.0
Guajira,2021-02-15 22:08:00,31,250.0,2021-01-25 05:00:00,lunes,10,Normal,Seca y limpia,Plano,Terraplen,Recta,Parcial con paso alternado,0,10,3,0,3.0,Choque,desobediencia a normas y senales,4902_1_31,0.0,0.0
Nariño,2021-02-15 22:43:00,21,300.0,2020-12-14 05:00:00,lunes,30,Normal,Seca y limpia,Montañoso,Media ladera Izquierda,Curva Izquierda,Transito normal con precaución,5,30,0,0,0.0,Volcamiento,exceso de velocidad,2502_1_21,5.0,0.0
Nariño,2021-02-15 23:32:00,19,50.0,2020-12-22 05:00:00,martes,0,Normal,Seca y limpia,Montañoso,Media ladera Izquierda,Curva Derecha,Transito normal con precaución,9,0,0,0,0.0,Choque,no mantener distancia de seguridad,2502_1_19,9.0,0.0
Nariño,2021-02-15 23:37:00,22,100.0,2020-12-30 05:00:00,miercoles,30,Normal,Seca y limpia,Montañoso,Media ladera Izquierda,Curva Izquierda,Transito normal con precaución,5,30,0,0,0.0,Salida de la vía sin volcarse,exceso en horas de conduccion,2502_1_22,5.0,0.0
Nariño,2021-02-15 23:41:00,34,180.0,2020-12-31 05:00:00,jueves,30,Lluvia,Humeda,Montañoso,Media Ladera Derecha,Recta,Transito normal con precaución,23,30,0,1,2.0,Choque,maniobras imprudentes,2502_1_34,23.0,0.0
Guajira,2021-02-15 20:50:00,43,100.0,2021-01-12 05:00:00,martes,0,Normal,Seca y limpia,Plano,Terraplen,Curva Derecha,Parcial con paso alternado,21,0,0,0,0.0,Incendio,fallas mecanicas y del sistema electrico,8004A_1_43,21.0,0.0
Nariño,2021-02-15 22:40:00,78,150.0,2020-12-04 05:00:00,viernes,0,Lluvia,Humeda,Montañoso,Media ladera Izquierda,Curva Derecha,Transito normal con precaución,20,0,2,0,2.0,Salida de la vía sin volcarse,condiciones de la via y factores ambientales,2501B_1_78,20.0,0.0
Nariño,2021-02-15 23:27:00,33,785.0,2020-12-22 05:00:00,martes,0,Normal,Seca y limpia,Ondulado,Media Ladera Derecha,Recta,Transito normal con precaución,10,0,0,0,1.0,Atropello,conducta de peatones,2502_1_33,10.0,0.0
Casanare,2021-02-15 23:29:00,48,700.0,2020-11-02 05:00:00,lunes,20,Lluvia,Humeda,Plano,Terraplen,Recta,Transito normal con precaución,0,0,0,0,0.0,Choque,no mantener distancia de seguridad,6513_0_48,14.0,10.0
Casanare,2021-02-16 12:30:00,22,350.0,2020-12-08 05:00:00,martes,20,Normal,Seca y limpia,Plano,Terraplen,Curva Izquierda,Cierre total,0,0,1,0,1.0,Volcamiento,exceso en horas de conduccion,6513_0_22,5.0,19.0
Casanare,2021-02-16 12:33:00,15,800.0,2020-12-25 05:00:00,viernes,40,Normal,Seca y limpia,Plano,Terraplen,Recta,Transito normal con precaución,0,0,1,0,1.0,Volcamiento,otra - conductor en general,6513_0_15,2.0,22.0
Cauca,2021-02-16 14:29:00,57,620.0,2021-01-24 05:00:00,domingo,30,Normal,Seca y limpia,Ondulado,Media ladera Izquierda,Curva Izquierda,Parcial con paso alternado,1,30,0,0,0.0,Choque,embriaguez o sustancias alucinogenas,2001_1_57,6.0,19.0
Planta Central,2021-02-18 14:25:00,67,200.0,2020-10-10 05:00:00,sabado,44,Sol,Seca y limpia,Montañoso,Media ladera Izquierda,Curva Izquierda,Transito normal con precaución,0,0,1,0,1.0,Choque,otra - conductor en general,4001_1_67,12.0,12.0
Planta Central,2021-02-18 14:25:00,83,800.0,2020-10-06 05:00:00,martes,12,Normal,Seca y limpia,Montañoso,Media ladera Izquierda,Recta,Parcial con reducción de carriles,8,0,1,0,5.0,Volcamiento,otra - conductor en general,4001_1_83,1.0,7.0
Planta Central,2021-02-18 20:12:00,103,610.0,2020-10-18 05:00:00,domingo,27,Normal,Seca y limpia,Montañoso,Media ladera Izquierda,Curva Derecha,Cierre total,2,0,1,0,5.0,Volcamiento,otra - conductor en general,4001_1_103,6.0,20.0
Planta Central,2021-02-18 20:12:00,104,690.0,2020-10-31 05:00:00,sabado,43,Lluvia,Humeda,Ondulado,Media Ladera Derecha,Curva Izquierda,Transito normal con precaución,0,0,1,0,6.0,Caída ocupante,condiciones de la via y factores ambientales,4001_2_104,9.0,15.0
Planta Central,2021-02-18 20:12:00,113,500.0,2020-10-20 05:00:00,martes,0,Normal,Seca y limpia,Plano,Terraplen,Recta,Parcial con reducción de carriles,4,25,1,0,10.0,Choque,otra - conductor en general,4001_1_113,18.0,10.0
Planta Central,2021-02-18 20:12:00,114,100.0,2020-10-23 05:00:00,viernes,23,Normal,Seca y limpia,Plano,Terraplen,Recta,Parcial con paso alternado,1,27,0,0,10.0,Choque,no mantener distancia de seguridad,4001_1_114,7.0,18.0