territorial,fecha_registro,pr,distancia_pr,fecha_acc,dia_semana_acc,min_acc,condic_meteor,estado_super,terreno,secc_tip,geometria_acc,tipo_cierre,horas_cierre,min_cierre,n_heridos,n_muertos,n_victimas,clase_accidente,causa_posible,ref_loc,hora_acc,duracion_cierre_horas
Planta Central,2021-02-18 22:20:00,32,870.0,2021-01-10 05:00:00,domingo,40,Normal,Humeda,Ondulado,Media Ladera Derecha,Recta,Parcial con paso alternado,1,30,1,0,1.0,Choque,fallas mecanicas y del sistema electrico,45A08_1_32,9.0,16.0
Planta Central,2021-02-18 22:32:00,59,10.0,2021-01-15 05:00:00,viernes,0,Normal,Seca y limpia,Montañoso,Media Ladera Derecha,Curva Derecha,Parcial con paso alternado,0,0,0,0,0.0,Volcamiento,fallas mecanicas y del sistema electrico,45A08_1_59,6.0,18.0
Planta Central,2021-02-18 22:42:00,65,937.0,2021-01-20 05:00:00,miercoles,0,Normal,Seca y limpia,Montañoso,Media Ladera Derecha,Recta,Parcial con paso alternado,1,0,0,0,0.0,Choque,no mantener distancia de seguridad,45A08_1_65,20.0,5.0
Planta Central,2021-02-18 14:25:00,68,600.0,2020-10-19 05:00:00,lunes,25,Seca,Seca y limpia,Montañoso,Media ladera Izquierda,Recta,Transito normal con precaución,0,0,1,0,2.0,Caída ocupante,otra - conductor en general,4001_1_68,19.0,5.0
Planta Central,2021-02-18 14:25:00,79,600.0,2020-10-05 05:00:00,lunes,14,Seca,Seca y limpia,Ondulado,Media ladera Izquierda,Curva Derecha,Transito normal con precaución,0,0,1,0,3.0,Caída ocupante,maniobras imprudentes,4001_1_79,17.0,7.0
Planta Central,2021-02-18 14:25:00,80,585.0,2020-10-11 05:00:00,domingo,32,Sol,Seca y limpia,Plano,Media ladera Izquierda,Curva Derecha,Transito normal con precaución,0,0,0,0,3.0,Caída ocupante,impericia en el manejo,4001_2_80,9.0,15.0
Planta Central,2021-02-18 14:25:00,83,800.0,2020-10-21 05:00:00,miercoles,23,Normal,Seca y limpia,Montañoso,Media ladera Izquierda,Recta,Parcial con reducción de carriles,10,0,1,0,4.0,Volcamiento,otra - conductor en general,4001_1_83,1.0,9.0
Planta Central,2021-02-18 18:41:00,97,725.0,2020-10-04 05:00:00,domingo,55,Sol,Seca y limpia,Ondulado,Media ladera Izquierda,Recta,Transito normal con precaución,0,0,2,0,2.0,Caída ocupante,otra - conductor en general,4001_2_97,16.0,8.0
Planta Central,2021-02-18 19:59:00,98,400.0,2020-10-27 05:00:00,martes,26,Sol,Seca y limpia,Ondulado,Cajón,Curva Derecha,Transito normal con precaución,0,0,1,0,1.0,Salida de la vía sin volcarse,otra - conductor en general,4001_2_98,11.0,13.0
Planta Central,2021-02-18 19:59:00,102,260.0,2020-10-13 05:00:00,martes,34,Lluvia,Humeda,Montañoso,Media ladera Izquierda,Curva Izquierda,Transito normal con precaución,0,0,2,0,3.0,Volcamiento,condiciones de la via y factores ambientales,4001_1_102,9.0,15.0
Planta Central,2021-02-18 20:12:00,102,550.0,2020-10-13 05:00:00,martes,54,Lluvia,Humeda,Montañoso,Media ladera Izquierda,Curva Derecha,Transito normal con precaución,0,0,0,0,4.0,Salida de la vía sin volcarse,otra - conductor en general,4001_1_102,0.0,0.0
Planta Central,2021-02-18 20:12:00,107,50.0,2020-10-03 05:00:00,sabado,14,Sol,Seca y limpia,Montañoso,Media Ladera Derecha,Recta,Transito normal con precaución,0,0,2,0,8.0,Salida de la vía sin volcarse,exceso de velocidad,4001_1_107,15.0,9.0
Planta Central,2021-02-18 20:12:00,107,1000.0,2020-10-08 05:00:00,jueves,5,Normal,Seca y limpia,Montañoso,Media ladera Izquierda,Curva Derecha,Transito normal con precaución,0,0,1,0,9.0,Choque,otra - conductor en general,4001_2_107,21.0,3.0
Planta Central,2021-02-18 20:12:00,110,300.0,2020-10-12 05:00:00,lunes,23,Normal,Seca y limpia,Plano,Terraplen,Recta,Transito normal con precaución,17,23,0,0,9.0,Choque,no mantener distancia de seguridad,4001_1_110,17.0,0.0
Cauca,2021-02-18 20:47:00,85,800.0,2021-02-11 05:00:00,jueves,30,Sol,Material suelto,Montañoso,Media ladera Izquierda,Recta,Parcial con paso alternado,1,0,2,0,2.0,Choque,exceso de velocidad,3701_1_85,9.0,16.0
Planta Central,2021-02-18 22:25:00,73,442.0,2021-01-12 05:00:00,martes,30,Sol,Seca y limpia,Montañoso,Media ladera Izquierda,Curva Derecha,Transito normal con precaución,0,0,2,0,2.0,Choque,fallas mecanicas y del sistema electrico,45A08_1_73,11.0,13.0
Planta Central,2021-02-18 22:29:00,30,820.0,2021-01-13 05:00:00,miercoles,30,Normal,Seca y limpia,Montañoso,Media Ladera Derecha,Recta,Cierre total,0,50,0,0,0.0,Choque,otra - conductor en general,45A08_1_30,11.0,13.0
Planta Central,2021-02-18 22:38:00,41,430.0,2021-01-18 05:00:00,lunes,20,Normal,Seca y limpia,Ondulado,Terraplen,Curva Izquierda,Parcial con paso alternado,0,10,0,0,0.0,Choque,maniobras imprudentes,45A08_1_41,18.0,6.0
Planta Central,2021-02-18 22:46:00,22,252.0,2021-01-24 05:00:00,domingo,30,Normal,Seca y limpia,Ondulado,Media ladera Izquierda,Recta,Parcial con paso alternado,3,0,0,0,0.0,Choque,adelantamientos indebidos,45A08_1_22,15.0,12.0
Planta Central,2021-02-18 22:49:00,67,851.0,2021-02-26 05:00:00,viernes,0,Normal,Seca y limpia,Montañoso,Terraplen,Curva Izquierda,Parcial con paso alternado,1,0,0,0,0.0,Choque,otra - conductor en general,45A08_1_67,13.0,12.0
Planta Central,2021-02-19 13:49:00,0,732.0,2020-09-24 05:00:00,jueves,0,Normal,Seca y limpia,Plano,Terraplen,Recta,Transito normal con precaución,22,0,0,0,0.0,Choque,desobediencia a normas y senales,2301_1_0,19.0,3.0
Planta Central,2021-02-19 14:17:00,11,50.0,2020-09-15 05:00:00,martes,10,Normal,Seca y limpia,Plano,Terraplen,Recta,Transito normal con precaución,12,40,0,0,1.0,Choque,otra - conductor en general,2301_1_11,12.0,0.0
Norte de Santander,2021-02-19 16:03:00,15,500.0,2021-01-12 05:00:00,martes,30,Normal,Seca y limpia,Plano,Terraplen,Recta,Transito normal con precaución,0,0,1,0,1.0,Choque,adelantamientos indebidos,55NSA_1_15,11.0,13.0
Norte de Santander,2021-02-19 16:06:00,40,400.0,2021-01-03 05:00:00,domingo,10,Normal,Seca y limpia,Plano,Terraplen,Recta,Transito normal con precaución,0,0,1,0,1.0,Choque,adelantamientos indebidos,5507_0_40,18.0,6.0
Norte de Santander,2021-02-19 16:13:00,7,400.0,2021-01-22 05:00:00,viernes,55,Normal,Seca y limpia,Plano,Terraplen,Curva Izquierda,Transito normal con precaución,0,0,2,0,2.0,Choque,otra - conductor en general,55NSA_2_7,7.0,17.0
Meta,2021-02-19 20:27:00,38,150.0,2021-01-08 05:00:00,viernes,50,Lluvia,Humeda,Plano,Terraplen,Recta,Cierre total,4,0,1,2,4.0,Choque,desobediencia a normas y senales,6507_0_38,19.0,9.0
Nariño,2021-02-19 23:56:00,18,35.0,2021-01-05 05:00:00,martes,40,Niebla,Seca y limpia,Montañoso,Media Ladera Derecha,Curva Izquierda,Transito normal con precaución,17,40,0,0,0.0,Choque,exceso de velocidad,1002_1_18,17.0,0.0
Planta Central,2021-02-19 14:35:00,11,689.0,2020-09-15 05:00:00,martes,40,Normal,Seca y limpia,Plano,Terraplen,Recta,Transito normal con precaución,6,10,0,0,1.0,Choque,desobediencia a normas y senales,2301_1_11,5.0,1.0
Norte de Santander,2021-02-19 16:18:00,3,235.0,2021-01-05 05:00:00,martes,40,Normal,Seca y limpia,Plano,Terraplen,Recta,Transito normal con precaución,0,0,1,0,1.0,Choque,desobediencia a normas y senales,55NSA_1_3,12.0,12.0
Planta Central,2021-02-19 21:49:00,11,679.0,2020-09-20 05:00:00,domingo,5,Normal,Seca y limpia,Plano,Terraplen,Recta,Transito normal con precaución,16,5,0,0,0.0,Choque,no mantener distancia de seguridad,2301_2_11,16.0,0.0
Nariño,2021-02-19 22:11:00,38,30.0,2021-01-01 05:00:00,viernes,0,Normal,Seca y limpia,Montañoso,Media Ladera Derecha,Curva Derecha,Transito normal con precaución,9,0,0,1,1.0,Salida de la vía sin volcarse,desobediencia a normas y senales,1002_1_38,9.0,0.0
Planta Central,2021-02-20 14:30:00,11,500.0,2020-10-03 05:00:00,sabado,0,Lluvia,Humeda,Plano,Terraplen,Recta,Transito normal con precaución,19,10,0,0,0.0,Choque,no mantener distancia de seguridad,2301_1_11,18.0,1.0
Planta Central,2021-02-20 14:38:00,0,732.0,2020-10-06 05:00:00,martes,0,Normal,Seca y limpia,Plano,Terraplen,Recta,Transito normal con precaución,7,30,0,0,0.0,Choque,no mantener distancia de seguridad,2301_1_0,7.0,0.0
Planta Central,2021-02-20 14:48:00,8,900.0,2020-10-08 05:00:00,jueves,50,Normal,Seca y limpia,Plano,Terraplen,Curva Derecha,Transito normal con precaución,11,10,0,0,1.0,Choque,desobediencia a normas y senales,2301_2_8,10.0,1.0
Planta Central,2021-02-20 15:30:00,7,900.0,2020-10-15 05:00:00,jueves,0,Normal,Seca y limpia,Plano,Terraplen,Recta,Transito normal con precaución,10,20,0,0,0.0,Choque,otra - conductor en general,2301_1_7,10.0,0.0
Planta Central,2021-02-20 15:16:00,0,500.0,2020-10-10 05:00:00,sabado,10,Normal,Seca y limpia,Plano,Terraplen,Recta,Transito normal con precaución,15,35,0,0,1.0,Choque,no mantener distancia de seguridad,2301_2_0,15.0,0.0
Nariño,2021-02-23 14:29:00,17,80.0,2021-01-18 05:00:00,lunes,30,Normal,Seca y limpia,Montañoso,Media ladera Izquierda,Curva Derecha,Transito normal con precaución,0,0,1,1,2.0,Choque,embriaguez o sustancias alucinogenas,1003_1_17,0.0,0.0
Tolima,2021-02-23 14:40:00,34,860.0,2021-01-31 05:00:00,domingo,30,Normal,Seca y limpia,Plano,Terraplen,Curva Izquierda,Transito normal con precaución,21,30,1,1,3.0,Otro,desobediencia a normas y senales,3603_0_34,21.0,0.0
Boyacá,2021-02-23 14:45:00,18,532.0,2021-01-23 05:00:00,sabado,15,Normal,Seca y limpia,Montañoso,Media Ladera Derecha,Recta,Transito normal con precaución,0,0,0,1,1.0,Choque,embriaguez o sustancias alucinogenas,6009_1_18,21.0,3.0
Nariño,2021-02-23 16:35:00,2,152.0,2020-12-09 05:00:00,miercoles,40,Normal,Seca y limpia,Montañoso,Media Ladera Derecha,Recta,Transito normal con precaución,13,40,2,0,2.0,Volcamiento,fallas mecanicas y del sistema electrico,25NR01_0_2,13.0,0.0
Boyacá,2021-02-23 21:57:00,89,180.0,2021-01-30 05:00:00,sabado,30,Normal,Seca y limpia,Montañoso,Media ladera Izquierda,Curva Izquierda,Transito normal con precaución,0,0,1,0,1.0,Choque,condiciones de la via y factores ambientales,6006_0_89,18.0,6.0
Tolima,2021-02-25 12:35:00,24,350.0,2021-01-14 05:00:00,jueves,9,Normal,Seca y limpia,Escarpado,Media ladera Izquierda,Curva Derecha,Transito normal con precaución,0,0,0,0,0.0,Volcamiento,impericia en el manejo,5007_1_24,6.0,18.0
Caquetá,2021-02-23 22:03:00,42,121.0,2021-02-20 05:00:00,sabado,0,Seca,Seca y limpia,Ondulado,Cajón,Curva Izquierda,Transito normal con precaución,17,0,2,0,2.0,Choque,otra - conductor en general,6502_1_42,17.0,0.0
Boyacá,2021-02-23 14:33:00,60,920.0,2021-01-12 05:00:00,martes,30,Sol,Seca y limpia,Montañoso,Media Ladera Derecha,Recta,Parcial con paso alternado,2,20,0,0,0.0,Choque,otra - conductor en general,6008_0_60,9.0,17.0
Boyacá,2021-02-23 14:40:00,16,415.0,2021-01-20 05:00:00,miercoles,30,Sol,Seca y limpia,Montañoso,Media Ladera Derecha,Recta,Parcial con paso alternado,4,20,0,0,0.0,Volcamiento,otra - conductor en general,6009_1_16,14.0,14.0
Nariño,2021-02-23 16:25:00,42,680.0,2021-01-12 05:00:00,martes,0,Lluvia,Humeda,Montañoso,Media Ladera Derecha,Recta,Transito normal con precaución,15,0,0,0,0.0,Choque,adelantamientos indebidos,1002_1_42,15.0,0.0
Meta,2021-02-23 21:04:00,73,300.0,2021-01-17 05:00:00,domingo,0,Seca,Seca y limpia,Plano,Terraplen,Recta,Transito normal con precaución,0,15,0,1,1.0,Choque,embriaguez o sustancias alucinogenas,7506_1_73,23.0,1.0
Boyacá,2021-02-23 21:25:00,0,1018.0,2021-01-24 05:00:00,domingo,30,Sol,Seca y limpia,Plano,Terraplen,Recta,Transito normal con precaución,0,0,0,0,0.0,Choque,no mantener distancia de seguridad,45BY01_2_0,13.0,11.0
Cauca,2021-02-23 21:32:00,18,910.0,2021-01-06 05:00:00,miercoles,30,Normal,Seca y limpia,Montañoso,Media Ladera Derecha,Recta,Parcial con paso alternado,16,30,0,0,0.0,Choque,otra - conductor en general,2002_1_18,22.0,18.0
Meta,2021-02-23 21:37:00,59,660.0,2021-01-24 05:00:00,domingo,0,Sol,Seca y limpia,Plano,Terraplen,Curva Derecha,Transito normal con precaución,1,35,0,0,2.0,Choque,embriaguez o sustancias alucinogenas,6507_0_59,3.0,22.0
Boyacá,2021-02-23 21:43:00,94,500.0,2021-01-13 05:00:00,miercoles,45,Sol,Seca y limpia,Montañoso,Media Ladera Derecha,Curva Derecha,Transito normal con precaución,0,0,1,0,1.0,Atropello,impericia en el manejo,6006_0_94,8.0,16.0
Caquetá,2021-02-23 21:57:00,32,790.0,2021-02-18 05:00:00,jueves,0,Seca,Seca y limpia,Ondulado,Media ladera Izquierda,Curva Izquierda,Transito normal con precaución,14,0,1,0,2.0,Choque,exceso de velocidad,6502_1_32,14.0,0.0
Córdoba,2021-02-25 12:09:00,3,500.0,2021-01-02 05:00:00,sabado,30,Normal,Seca y limpia,Ondulado,Media Ladera Derecha,Curva Derecha,Parcial con reducción de carriles,2,30,0,1,2.0,Choque,otra - conductor en general,2514_1_3,20.0,6.0
Córdoba,2021-02-25 12:14:00,25,130.0,2021-01-06 05:00:00,miercoles,0,Normal,Seca y limpia,Plano,Terraplen,Recta,Transito normal con precaución,0,0,0,0,0.0,Choque,otra - conductor en general,2514_1_25,20.0,4.0
Tolima,2021-02-25 12:32:00,24,350.0,2021-01-04 05:00:00,lunes,7,Normal,Seca y limpia,Escarpado,Media Ladera Derecha,Curva Derecha,Transito normal con precaución,0,0,0,0,0.0,Choque,otra - conductor en general,5007_1_24,16.0,8.0
Córdoba,2021-02-25 12:30:00,46,110.0,2021-01-06 05:00:00,miercoles,50,Normal,Seca y limpia,Plano,Terraplen,Recta,Transito normal con precaución,0,0,2,0,2.0,Choque,desobediencia a normas y senales,7403_1_46,16.0,8.0
Tolima,2021-02-25 12:42:00,15,450.0,2021-01-18 05:00:00,lunes,10,Normal,Seca y limpia,Escarpado,Media ladera Izquierda,Curva Izquierda,Transito normal con precaución,0,0,0,1,1.0,Choque,adelantamientos indebidos,5007_1_15,5.0,19.0
Tolima,2021-02-25 12:45:00,4,880.0,2021-01-19 05:00:00,martes,52,Lluvia,Humeda,Escarpado,Media Ladera Derecha,Recta,Transito normal con precaución,0,0,0,0,0.0,Choque,adelantamientos indebidos,5007_1_4,7.0,17.0
Tolima,2021-02-25 12:53:00,24,200.0,2021-01-26 05:00:00,martes,58,Normal,Seca y limpia,Escarpado,Media Ladera Derecha,Curva Izquierda,Transito normal con precaución,0,0,0,0,0.0,Choque,no mantener distancia de seguridad,5007_1_24,15.0,9.0
Quindío,2021-02-25 13:19:00,43,150.0,2021-01-10 05:00:00,domingo,0,Normal,Seca y limpia,Plano,Terraplen,Recta,Transito normal con precaución,0,0,0,1,1.0,Choque,otra - conductor en general,4002_1_43,5.0,19.0
Quindío,2021-02-25 13:45:00,18,400.0,2021-01-11 05:00:00,lunes,45,Normal,Seca y limpia,Plano,Terraplen,Recta,Transito normal con precaución,0,15,0,0,0.0,Choque,exceso de velocidad,25VL07_1_18,19.0,5.0
Quindío,2021-02-25 14:51:00,19,850.0,2021-01-18 05:00:00,lunes,4,Lluvia,Humeda,Montañoso,Cajón,Recta,Transito normal con precaución,0,26,0,1,1.0,Choque,condiciones de la via y factores ambientales,2901B_1_19,18.0,6.0
Quindío,2021-02-25 15:06:00,1,600.0,2021-01-18 05:00:00,lunes,0,Normal,Seca y limpia,Montañoso,Media ladera Izquierda,Curva Izquierda,Transito normal con precaución,0,10,1,0,1.0,Choque,otra - conductor en general,4003_1_1,18.0,6.0
Quindío,2021-02-25 15:23:00,3,170.0,2021-01-19 05:00:00,martes,15,Normal,Seca y limpia,Plano,Terraplen,Recta,Transito normal con precaución,0,0,1,0,1.0,Volcamiento,otra - conductor en general,2901B_1_3,2.0,22.0
Quindío,2021-02-25 15:34:00,8,140.0,2021-01-24 05:00:00,domingo,0,Normal,Seca y limpia,Ondulado,Media Ladera Derecha,Recta,Transito normal con precaución,0,30,0,0,0.0,Choque,no mantener distancia de seguridad,25VL07_1_8,16.0,8.0
Cauca,2021-02-25 15:39:00,105,300.0,2021-02-24 05:00:00,miercoles,0,Normal,Material suelto,Montañoso,Media ladera Izquierda,Curva Derecha,Transito normal con precaución,0,0,0,0,0.0,Volcamiento,maniobras imprudentes,2602_0_105,20.0,4.0
Planta Central,2021-02-25 15:59:00,0,732.0,2020-10-16 05:00:00,viernes,30,Normal,Seca y limpia,Plano,Terraplen,Recta,Transito normal con precaución,7,45,0,0,0.0,Choque,no mantener distancia de seguridad,2301_1_0,7.0,0.0
Planta Central,2021-02-25 16:22:00,3,300.0,2020-10-19 05:00:00,lunes,0,Normal,Seca y limpia,Plano,Terraplen,Recta,Transito normal con precaución,16,20,0,0,0.0,Choque,fallas mecanicas y del sistema electrico,2301_2_3,16.0,0.0
Planta Central,2021-02-25 16:20:00,76,219.0,2021-01-01 05:00:00,viernes,30,Sol,Seca y limpia,Montañoso,Media ladera Izquierda,Recta,Transito normal con precaución,8,30,0,0,0.0,Choque,exceso en horas de conduccion,45A05_1_76,8.0,0.0
Planta Central,2021-02-25 16:30:00,4,450.0,2020-10-20 05:00:00,martes,0,Normal,Seca y limpia,Plano,Terraplen,Recta,Transito normal con precaución,10,20,0,0,0.0,Choque,desobediencia a normas y senales,2301_2_4,10.0,0.0
Planta Central,2021-02-25 16:41:00,69,500.0,2021-01-09 05:00:00,sabado,30,Seca,Seca y limpia,Ondulado,Terraplen,Recta,Transito normal con precaución,8,30,0,0,0.0,Choque,otra - conductor en general,45A05_1_69,8.0,0.0
Planta Central,2021-02-25 16:54:00,50,550.0,2021-01-22 05:00:00,viernes,10,Seca,Seca y limpia,Plano,Terraplen,Recta,Transito normal con precaución,18,10,0,0,0.0,Choque,estacionamiento y senalizacion imprudente,45A05_1_50,18.0,0.0
Planta Central,2021-02-25 16:50:00,82,100.0,2020-11-07 05:00:00,sabado,0,Normal,Seca y limpia,Plano,Terraplen,Curva Izquierda,Transito normal con precaución,11,35,0,0,4.0,Choque,embriaguez o sustancias alucinogenas,2504_2_82,11.0,0.0
Planta Central,2021-02-25 17:07:00,94,200.0,2020-11-07 05:00:00,sabado,15,Normal,Seca y limpia,Plano,Terraplen,Recta,Transito normal con precaución,23,30,0,0,4.0,Choque,otra - conductor en general,2504_1_94,23.0,0.0
Planta Central,2021-02-25 17:08:00,45,200.0,2021-01-28 05:00:00,jueves,20,Seca,Seca y limpia,Plano,Terraplen,Recta,Transito normal con precaución,18,20,1,0,1.0,Choque,adelantamientos indebidos,45A05_1_45,18.0,0.0
Planta Central,2021-02-25 17:31:00,2,700.0,2021-01-30 05:00:00,sabado,0,Seca,Seca y limpia,Ondulado,Media ladera Izquierda,Recta,Transito normal con precaución,22,0,0,0,0.0,Choque,exceso en horas de conduccion,45ABYB_0_2,22.0,0.0
Planta Central,2021-02-25 19:43:00,106,400.0,2020-12-02 05:00:00,miercoles,24,Normal,Seca y limpia,Plano,Terraplen,Recta,Transito normal con precaución,15,50,0,0,1.0,Choque,exceso en horas de conduccion,2504_1_106,15.0,0.0
Planta Central,2021-02-25 19:50:00,106,725.0,2020-12-02 05:00:00,miercoles,25,Normal,Seca y limpia,Plano,Terraplen,Recta,Transito normal con precaución,17,40,0,0,2.0,Choque,maniobras imprudentes,2504_1_106,17.0,0.0
Planta Central,2021-02-25 19:59:00,101,100.0,2020-12-02 05:00:00,miercoles,25,Normal,Seca y limpia,Plano,Terraplen,Recta,Transito normal con precaución,17,35,0,1,1.0,Choque,desobediencia a normas y senales,2504_1_101,17.0,0.0
Planta Central,2021-02-25 20:14:00,105,400.0,2020-12-12 05:00:00,sabado,0,Normal,Seca y limpia,Plano,Terraplen,Recta,Transito normal con precaución,14,20,0,0,1.0,Choque,desobediencia a normas y senales,2504_1_105,14.0,0.0
Planta Central,2021-02-25 21:40:00,41,355.0,2021-01-03 05:00:00,domingo,10,Sol,Seca y limpia,Montañoso,Media ladera Izquierda,Curva Izquierda,Transito normal con precaución,2,0,2,0,2.0,Volcamiento,otra - pasajero o acompanante,45A07_1_41,9.0,17.0
Planta Central,2021-02-25 21:52:00,74,462.0,2021-01-06 05:00:00,miercoles,0,Normal,Seca y limpia,Montañoso,Media Ladera Derecha,Curva Izquierda,Cierre total,1,15,0,2,2.0,Choque,impericia en el manejo,45A07_1_74,12.0,13.0
Planta Central,2021-02-25 21:56:00,0,0.0,2021-01-06 05:00:00,miercoles,0,Normal,Seca y limpia,Plano,Terraplen,Recta,Transito normal con precaución,1,0,0,0,1.0,Choque,adelantamientos indebidos,45AST08_1_0,0.0,1.0
Planta Central,2021-02-25 22:01:00,23,700.0,2021-01-07 05:00:00,jueves,20,Normal,Seca y limpia,Montañoso,Media Ladera Derecha,Curva Derecha,Transito normal con precaución,2,0,0,0,0.0,Volcamiento,adelantamientos indebidos,45A07_1_23,6.0,20.0
Planta Central,2021-02-25 22:09:00,136,0.0,2021-01-13 05:00:00,miercoles,40,Normal,Seca y limpia,Plano,Cajón,Recta,Transito normal con precaución,0,0,0,0,0.0,Choque,otra - conductor en general,4511_1_136,7.0,17.0
Planta Central,2021-02-25 22:18:00,11,861.0,2021-01-29 05:00:00,viernes,45,Normal,Seca y limpia,Plano,Terraplen,Recta,Transito normal con precaución,0,0,0,0,0.0,Choque,no mantener distancia de seguridad,4513_1_11,10.0,14.0
Planta Central,2021-02-25 22:29:00,37,300.0,2021-01-09 05:00:00,sabado,0,Normal,Seca y limpia,Plano,Media ladera Izquierda,Recta,Transito normal con precaución,0,0,0,0,0.0,Choque,otra - conductor en general,4513_1_37,15.0,9.0
Córdoba,2021-02-25 12:17:00,41,900.0,2021-01-29 05:00:00,viernes,30,Normal,Seca y limpia,Plano,Terraplen,Recta,Transito normal con precaución,0,0,1,0,1.0,Choque,otra - conductor en general,2514_1_41,14.0,10.0
Córdoba,2021-02-25 12:20:00,28,250.0,2021-01-03 05:00:00,domingo,50,Normal,Seca y limpia,Plano,Terraplen,Recta,Transito normal con precaución,0,0,2,0,2.0,Choque,no mantener distancia de seguridad,7403_1_28,12.0,12.0
Córdoba,2021-02-25 12:23:00,44,68.0,2021-01-04 05:00:00,lunes,26,Normal,Seca y limpia,Plano,Terraplen,Recta,Transito normal con precaución,0,0,2,0,2.0,Choque,desobediencia a normas y senales,7403_1_44,18.0,6.0
Tolima,2021-02-25 12:39:00,14,990.0,2021-01-15 05:00:00,viernes,30,Normal,Seca y limpia,Escarpado,Media ladera Izquierda,Curva Derecha,Transito normal con precaución,0,0,0,0,0.0,Choque,no mantener distancia de seguridad,5007_1_14,5.0,19.0
Tolima,2021-02-25 12:50:00,26,605.0,2021-01-20 05:00:00,miercoles,38,Normal,Seca y limpia,Plano,Cajón,Recta,Transito normal con precaución,0,0,1,0,1.0,Choque,maniobras imprudentes,5007_1_26,14.0,10.0
Tolima,2021-02-25 12:59:00,22,500.0,2021-01-27 05:00:00,miercoles,10,Normal,Seca y limpia,Escarpado,Media ladera Izquierda,Recta,Transito normal con precaución,0,0,0,0,0.0,Choque,no mantener distancia de seguridad,5007_1_22,14.0,10.0
Quindío,2021-02-25 13:31:00,5,600.0,2021-01-10 05:00:00,domingo,45,Sol,Seca y limpia,Ondulado,Media Ladera Derecha,Curva Derecha,Transito normal con precaución,0,10,0,1,1.0,Choque,otra - conductor en general,25VL07_1_5,5.0,19.0
Quindío,2021-02-25 14:01:00,4,500.0,2021-01-12 05:00:00,martes,40,Normal,Seca y limpia,Ondulado,Cajón,Curva Izquierda,Parcial con paso alternado,10,0,0,0,0.0,Volcamiento,otra - conductor en general,2901B_1_4,9.0,1.0
Quindío,2021-02-25 14:08:00,43,400.0,2021-01-13 05:00:00,miercoles,37,Sol,Seca y limpia,Plano,Terraplen,Recta,Transito normal con precaución,0,0,1,0,1.0,Caída ocupante,otra - conductor en general,4002_1_43,22.0,2.0
Quindío,2021-02-25 14:20:00,0,620.0,2021-01-14 05:00:00,jueves,5,Normal,Seca y limpia,Plano,Terraplen,Recta,Parcial con reducción de carriles,0,10,0,0,0.0,Choque,adelantamientos indebidos,25VL07_1_0,7.0,17.0
Quindío,2021-02-25 14:33:00,2,600.0,2021-01-14 05:00:00,jueves,20,Normal,Seca y limpia,Montañoso,Media Ladera Derecha,Recta,Transito normal con precaución,0,10,0,0,0.0,Choque,otra - conductor en general,4003_1_2,11.0,13.0
Quindío,2021-02-25 14:43:00,0,800.0,2021-01-16 05:00:00,sabado,10,Sol,Seca y limpia,Montañoso,Media Ladera Derecha,Curva Izquierda,Parcial con reducción de carriles,0,30,0,0,0.0,Choque,conducta de peatones,4003_1_0,16.0,8.0
Planta Central,2021-02-25 14:48:00,87,0.0,2021-01-02 05:00:00,sabado,20,Normal,Seca y limpia,Plano,Terraplen,Recta,Transito normal con precaución,0,0,0,0,0.0,Choque,otra - conductor en general,4511_1_87,12.0,12.0
Planta Central,2021-02-25 14:53:00,115,395.0,2021-01-19 05:00:00,martes,25,Normal,Seca y limpia,Plano,Terraplen,Curva Derecha,Transito normal con precaución,0,0,0,0,0.0,Volcamiento,otra - conductor en general,4511_2_115,6.0,18.0
Planta Central,2021-02-25 16:16:00,4,450.0,2020-10-16 05:00:00,viernes,40,Normal,Seca y limpia,Plano,Terraplen,Recta,Transito normal con precaución,15,40,0,0,0.0,Choque,otra - conductor en general,2301_2_4,15.0,0.0
Planta Central,2021-02-25 16:35:00,45,900.0,2021-01-04 05:00:00,lunes,30,Seca,Seca y limpia,Plano,Terraplen,Recta,Transito normal con precaución,17,30,0,0,0.0,Choque,maniobras imprudentes,45A05_1_45,17.0,0.0
Planta Central,2021-02-25 16:45:00,48,875.0,2021-01-13 05:00:00,miercoles,0,Sol,Seca y limpia,Plano,Terraplen,Recta,Transito normal con precaución,17,0,0,0,0.0,Choque,otra - conductor en general,45A05_2_48,17.0,0.0
Planta Central,2021-02-25 17:02:00,2,890.0,2021-01-23 05:00:00,sabado,0,Sol,Seca y limpia,Plano,Terraplen,Recta,Transito normal con precaución,17,0,0,0,0.0,Choque,otra - conductor en general,45A05_1_2,17.0,0.0