territorial,fecha_registro,pr,distancia_pr,fecha_acc,dia_semana_acc,min_acc,condic_meteor,estado_super,terreno,secc_tip,geometria_acc,tipo_cierre,horas_cierre,min_cierre,n_heridos,n_muertos,n_victimas,clase_accidente,causa_posible,ref_loc,hora_acc,duracion_cierre_horas
Planta Central,2021-02-25 17:13:00,80,70.0,2020-11-15 05:00:00,domingo,10,Normal,Seca y limpia,Plano,Terraplen,Recta,Transito normal con precaución,0,18,0,0,0.0,Choque,maniobras imprudentes,2504_1_80,0.0,0.0
Planta Central,2021-02-25 20:08:00,106,100.0,2020-12-03 05:00:00,jueves,30,Normal,Seca y limpia,Plano,Terraplen,Recta,Transito normal con precaución,15,15,0,0,1.0,Choque,desobediencia a normas y senales,2504_1_106,14.0,1.0
Boyacá,2021-02-25 21:25:00,10,900.0,2021-02-20 05:00:00,sabado,30,Sol,Seca y limpia,Ondulado,Terraplen,Curva Derecha,Transito normal con precaución,0,0,1,0,1.0,Choque,exceso de velocidad,6006_0_10,14.0,10.0
Planta Central,2021-02-25 21:47:00,44,660.0,2021-01-05 05:00:00,martes,40,Normal,Seca y limpia,Montañoso,Media ladera Izquierda,Curva Izquierda,Parcial con reducción de carriles,2,0,0,0,0.0,Incendio,fallas mecanicas y del sistema electrico,45A07_1_44,10.0,16.0
Planta Central,2021-02-25 22:06:00,121,900.0,2021-01-17 05:00:00,domingo,55,Normal,Seca y limpia,Ondulado,Terraplen,Recta,Transito normal con precaución,0,0,0,0,0.0,Choque,otra - conductor en general,4511_1_121,4.0,20.0
Planta Central,2021-02-25 22:12:00,142,900.0,2021-01-21 05:00:00,jueves,20,Normal,Seca y limpia,Plano,Terraplen,Recta,Transito normal con precaución,0,35,2,0,2.0,Salida de la vía sin volcarse,exceso en horas de conduccion,4511_1_142,4.0,20.0
Planta Central,2021-02-25 22:15:00,147,800.0,2021-01-24 05:00:00,domingo,0,Normal,Seca y limpia,Plano,Media ladera Izquierda,Recta,Transito normal con precaución,0,0,1,0,1.0,Atropello,conducta de peatones,4511_1_147,19.0,5.0
Planta Central,2021-02-25 22:21:00,14,0.0,2021-01-08 05:00:00,viernes,45,Normal,Seca y limpia,Plano,Media Ladera Derecha,Recta,Transito normal con precaución,0,0,0,0,0.0,Choque,adelantamientos indebidos,4513_1_14,23.0,1.0
Planta Central,2021-02-25 22:25:00,21,200.0,2021-01-31 05:00:00,domingo,10,Normal,Seca y limpia,Plano,Terraplen,Recta,Transito normal con precaución,0,0,0,0,0.0,Choque,exceso en horas de conduccion,4513_1_21,11.0,13.0
Planta Central,2021-02-25 22:32:00,65,300.0,2021-01-25 05:00:00,lunes,25,Normal,Seca y limpia,Plano,Terraplen,Recta,Transito normal con precaución,0,0,0,0,0.0,Choque,condiciones de la via y factores ambientales,4513_1_65,23.0,1.0
Planta Central,2021-02-25 22:34:00,78,500.0,2021-01-24 05:00:00,domingo,0,Normal,Seca y limpia,Plano,Terraplen,Recta,Transito normal con precaución,0,0,0,0,0.0,Choque,condiciones de la via y factores ambientales,4513_1_78,1.0,23.0
Norte de Santander,2021-02-26 02:49:00,42,830.0,2021-01-08 05:00:00,viernes,38,Lluvia,Humeda,Montañoso,Media ladera Izquierda,Curva Izquierda,Cierre total,3,30,0,0,0.0,Choque,condiciones de la via y factores ambientales,5505_1_42,18.0,9.0
Norte de Santander,2021-02-26 03:00:00,24,541.0,2021-01-17 05:00:00,domingo,40,Normal,Seca y limpia,Plano,Media Ladera Derecha,Recta,Parcial restringido a vehiculos pesados,0,50,2,0,2.0,Choque,impericia en el manejo,5505_1_24,18.0,6.0
Norte de Santander,2021-02-26 03:11:00,41,930.0,2021-01-20 05:00:00,miercoles,37,Normal,Seca y limpia,Montañoso,Media ladera Izquierda,Curva Izquierda,Cierre total,2,0,0,0,0.0,Choque,adelantamientos indebidos,5505_1_41,0.0,2.0
Santander,2021-02-26 14:30:00,0,180.0,2021-01-25 05:00:00,lunes,40,Seca,Seca y limpia,Ondulado,Media ladera Izquierda,Curva Izquierda,Transito normal con precaución,5,40,1,0,1.0,Caída ocupante,condiciones de la via y factores ambientales,55ST02_1_0,5.0,0.0
Planta Central,2021-02-26 15:38:00,85,755.0,2021-01-08 05:00:00,viernes,2,Normal,Seca y limpia,Plano,Media ladera Izquierda,Recta,Parcial con reducción de carriles,0,30,0,0,0.0,Choque,exceso de velocidad,45A07_2_85,9.0,15.0
Planta Central,2021-02-26 16:04:00,69,250.0,2021-01-13 05:00:00,miercoles,51,Normal,Seca y limpia,Montañoso,Media Ladera Derecha,Curva Derecha,Cierre total,1,0,0,0,0.0,Choque,exceso de velocidad,45A07_1_69,16.0,9.0
Risaralda,2021-02-26 16:38:00,75,800.0,2021-01-08 05:00:00,viernes,40,Normal,Seca y limpia,Plano,Terraplen,Curva Derecha,Parcial con reducción de carriles,0,35,0,0,1.0,Choque,adelantamientos indebidos,2506_2_75,19.0,5.0
Risaralda,2021-02-26 16:38:00,84,790.0,2021-01-10 05:00:00,domingo,30,Normal,Seca y limpia,Ondulado,Terraplen,Recta,Transito normal con precaución,0,30,0,0,6.0,Choque,no mantener distancia de seguridad,2506_2_84,19.0,5.0
Risaralda,2021-02-26 16:38:00,79,0.0,2021-01-11 05:00:00,lunes,0,Normal,Seca y limpia,Plano,Media Ladera Derecha,Curva Derecha,Parcial con reducción de carriles,0,30,2,0,8.0,Choque,desobediencia a normas y senales,2506_2_79,10.0,14.0
Planta Central,2021-02-26 17:23:00,5,110.0,2021-01-28 05:00:00,jueves,0,Normal,Seca y limpia,Plano,Media Ladera Derecha,Recta,Parcial con reducción de carriles,1,0,0,0,1.0,Atropello,conducta de peatones,45AST08_1_5,0.0,1.0
Risaralda,2021-02-26 19:35:00,80,900.0,2021-01-20 05:00:00,miercoles,45,Normal,Seca y limpia,Ondulado,Terraplen,Curva Izquierda,Cierre total,6,35,0,0,0.0,Volcamiento,desobediencia a normas y senales,2506_2_80,3.0,3.0
Risaralda,2021-02-26 20:46:00,74,1000.0,2021-02-23 05:00:00,martes,40,Seca,Seca y limpia,Plano,Terraplen,Recta,Parcial con reducción de carriles,7,40,0,1,1.0,Atropello,otra - conductor en general,2506_2_74,7.0,0.0
Cauca,2021-02-26 21:38:00,1,70.0,2020-11-02 05:00:00,lunes,44,Normal,Seca y limpia,Ondulado,Terraplen,Recta,Parcial con paso alternado,1,40,1,0,2.0,Choque,otra - conductor en general,2602A_1_1,20.0,5.0
Cauca,2021-02-26 21:38:00,16,460.0,2020-11-17 05:00:00,martes,10,Normal,Seca y limpia,Montañoso,Terraplen,Recta,Parcial con paso alternado,1,50,1,0,3.0,Choque,otra - conductor en general,2601_0_16,9.0,16.0
Risaralda,2021-02-26 20:46:00,4,50.0,2021-01-31 05:00:00,domingo,15,Normal,Seca y limpia,Ondulado,Terraplen,Recta,Parcial con reducción de carriles,0,35,0,0,1.0,Choque,no mantener distancia de seguridad,29RS01_2_4,18.0,6.0
Risaralda,2021-02-26 20:46:00,71,780.0,2021-01-31 05:00:00,domingo,20,Normal,Seca y limpia,Plano,Terraplen,Recta,Parcial con reducción de carriles,0,35,0,0,1.0,Choque,no mantener distancia de seguridad,2506_2_71,17.0,7.0
Boyacá,2021-02-27 00:50:00,27,600.0,2021-01-03 05:00:00,domingo,10,Normal,Seca y limpia,Montañoso,Media Ladera Derecha,Curva Derecha,Transito normal con precaución,0,50,0,0,0.0,Choque,no mantener distancia de seguridad,6209_0_27,10.0,14.0
Boyacá,2021-02-27 01:01:00,30,200.0,2021-01-04 05:00:00,lunes,20,Normal,Seca y limpia,Plano,Terraplen,Recta,Transito normal con precaución,0,50,2,0,2.0,Choque,adelantamientos indebidos,6209_0_30,17.0,7.0
Boyacá,2021-02-27 02:32:00,21,950.0,2021-01-05 05:00:00,martes,35,Normal,Seca y limpia,Ondulado,Media Ladera Derecha,Curva Izquierda,Parcial con paso alternado,0,35,0,0,0.0,Choque,exceso de velocidad,6008_0_21,10.0,14.0
Boyacá,2021-02-27 02:32:00,3,850.0,2021-01-09 05:00:00,sabado,50,Normal,Seca y limpia,Ondulado,Media Ladera Derecha,Recta,Transito normal con precaución,0,35,1,0,1.0,Choque,maniobras imprudentes,6209_0_3,12.0,12.0
Santander,2021-02-26 14:30:00,62,960.0,2021-01-31 05:00:00,domingo,40,Normal,Seca y limpia,Plano,Media ladera Izquierda,Recta,Transito normal con precaución,14,0,0,0,1.0,Choque,otra - conductor en general,55ST02_1_62,13.0,1.0
Planta Central,2021-02-26 15:33:00,27,850.0,2021-01-07 05:00:00,jueves,10,Normal,Seca y limpia,Montañoso,Media Ladera Derecha,Curva Izquierda,Cierre total,0,10,0,0,0.0,Choque,otra - pasajero o acompanante,45A07_1_27,16.0,8.0
Planta Central,2021-02-26 15:42:00,5,200.0,2021-01-08 05:00:00,viernes,0,Normal,Seca y limpia,Plano,Terraplen,Recta,Parcial con reducción de carriles,1,0,0,0,3.0,Atropello,conducta de peatones,45AST08_1_5,0.0,1.0
Planta Central,2021-02-26 15:46:00,15,690.0,2021-01-08 05:00:00,viernes,0,Normal,Seca y limpia,Ondulado,Media Ladera Derecha,Curva Izquierda,Parcial con paso alternado,6,0,0,0,0.0,Choque,adelantamientos indebidos,45A07_1_15,13.0,17.0
Planta Central,2021-02-26 16:09:00,3,660.0,2021-01-15 05:00:00,viernes,5,Normal,Seca y limpia,Plano,Terraplen,Curva Izquierda,Parcial con reducción de carriles,1,0,0,0,0.0,Choque,otra - pasajero o acompanante,45AST08_1_3,16.0,9.0
Planta Central,2021-02-26 16:20:00,87,1082.0,2021-01-20 05:00:00,miercoles,5,Normal,Seca y limpia,Plano,Media ladera Izquierda,Curva Izquierda,Parcial con reducción de carriles,3,0,0,1,2.0,Choque,adelantamientos indebidos,45A07_1_87,8.0,19.0
Risaralda,2021-02-26 16:38:00,77,380.0,2021-02-01 05:00:00,lunes,30,Seca,Seca y limpia,Plano,Terraplen,Curva Derecha,Parcial con reducción de carriles,0,30,1,0,1.0,Caída ocupante,otra - conductor en general,2506_1_77,13.0,11.0
Risaralda,2021-02-26 16:38:00,10,800.0,2021-01-07 05:00:00,jueves,40,Lluvia,Humeda,Ondulado,Terraplen,Curva Derecha,Parcial con reducción de carriles,0,30,0,0,1.0,Choque,otra - conductor en general,29RS01_2_10,17.0,7.0
Risaralda,2021-02-26 16:38:00,71,910.0,2021-01-09 05:00:00,sabado,20,Normal,Seca y limpia,Plano,Terraplen,Recta,Parcial con reducción de carriles,0,30,5,0,6.0,Choque,no mantener distancia de seguridad,2506_1_71,12.0,12.0
Planta Central,2021-02-26 17:08:00,64,460.0,2021-01-22 05:00:00,viernes,15,Normal,Seca y limpia,Montañoso,Media Ladera Derecha,Curva Derecha,Cierre total,1,0,0,0,0.0,Choque,otra - pasajero o acompanante,45A07_1_64,8.0,17.0
Planta Central,2021-02-26 17:17:00,32,250.0,2021-01-24 05:00:00,domingo,40,Normal,Seca y limpia,Montañoso,Media ladera Izquierda,Curva Izquierda,Cierre total,2,0,1,0,1.0,Choque,otra - pasajero o acompanante,45A07_1_32,12.0,14.0
Risaralda,2021-02-26 16:38:00,77,370.0,2021-01-14 05:00:00,jueves,19,Normal,Seca y limpia,Plano,Media Ladera Derecha,Curva Derecha,Parcial con reducción de carriles,0,30,0,0,8.0,Choque,otra - conductor en general,2506_1_77,13.0,11.0
Planta Central,2021-02-26 17:29:00,0,530.0,2021-01-31 05:00:00,domingo,10,Normal,Seca y limpia,Montañoso,Media ladera Izquierda,Curva Izquierda,Cierre total,0,45,0,0,0.0,Choque,embriaguez o sustancias alucinogenas,45A07_1_0,0.0,0.0
Cauca,2021-02-26 21:38:00,6,600.0,2020-11-01 05:00:00,domingo,44,Normal,Seca y limpia,Montañoso,Terraplen,Recta,Parcial con paso alternado,1,0,1,0,1.0,Choque,otra - pasajero o acompanante,2601_0_6,20.0,5.0
Cauca,2021-02-26 21:38:00,7,680.0,2020-11-03 05:00:00,martes,45,Normal,Seca y limpia,Montañoso,Terraplen,Recta,Parcial con paso alternado,2,0,0,0,2.0,Choque,otra - conductor en general,2601_0_7,12.0,14.0
Cauca,2021-02-26 21:38:00,19,610.0,2020-11-29 05:00:00,domingo,30,Normal,Seca y limpia,Montañoso,Media ladera Izquierda,Curva Derecha,Parcial con paso alternado,2,30,2,0,5.0,Choque,embriaguez o sustancias alucinogenas,2602A_1_19,9.0,17.0
Risaralda,2021-02-26 20:46:00,6,0.0,2021-01-31 05:00:00,domingo,30,Normal,Seca y limpia,Plano,Terraplen,Recta,Parcial con reducción de carriles,0,35,0,0,1.0,Choque,no mantener distancia de seguridad,29RS01_2_6,5.0,19.0
Cauca,2021-02-26 22:27:00,28,60.0,2020-12-14 05:00:00,lunes,0,Normal,Seca y limpia,Escarpado,Cajón,Recta,Parcial con paso alternado,3,30,0,1,2.0,Caída ocupante,embriaguez o sustancias alucinogenas,3702_0_28,5.0,22.0
Boyacá,2021-02-27 00:54:00,13,400.0,2021-01-03 05:00:00,domingo,15,Normal,Seca y limpia,Ondulado,Terraplen,Recta,Transito normal con precaución,0,30,0,0,0.0,Choque,no mantener distancia de seguridad,6008_0_13,10.0,14.0
Boyacá,2021-02-27 02:17:00,51,500.0,2021-01-02 05:00:00,sabado,28,Normal,Seca y limpia,Ondulado,Media ladera Izquierda,Recta,Parcial con paso alternado,1,45,1,1,2.0,Choque,estacionamiento y senalizacion imprudente,6209_0_51,19.0,6.0
Boyacá,2021-02-27 02:24:00,23,0.0,2021-01-05 05:00:00,martes,40,Normal,Seca y limpia,Montañoso,Media Ladera Derecha,Recta,Transito normal con precaución,0,55,0,0,0.0,Caída de piedra,otra - conductor en general,6209_0_23,18.0,6.0
Boyacá,2021-02-27 02:32:00,21,350.0,2021-01-07 05:00:00,jueves,30,Lluvia,Humeda,Montañoso,Media Ladera Derecha,Curva Derecha,Transito normal con precaución,0,15,0,0,0.0,Salida de la vía sin volcarse,condiciones de la via y factores ambientales,6209_0_21,14.0,10.0
Boyacá,2021-02-27 17:06:00,33,100.0,2021-01-12 05:00:00,martes,30,Normal,Seca y limpia,Plano,Terraplen,Recta,Transito normal con precaución,0,0,0,0,0.0,Choque,maniobras imprudentes,6209_0_33,9.0,15.0
Boyacá,2021-02-27 17:19:00,72,100.0,2021-01-17 05:00:00,domingo,0,Normal,Seca y limpia,Ondulado,Terraplen,Curva Derecha,Transito normal con precaución,0,15,1,0,1.0,Choque,adelantamientos indebidos,6007_0_72,15.0,9.0
Boyacá,2021-02-27 17:26:00,14,400.0,2021-01-20 05:00:00,miercoles,0,Normal,Seca y limpia,Ondulado,Media ladera Izquierda,Curva Izquierda,Transito normal con precaución,0,40,1,0,1.0,Volcamiento,exceso de velocidad,6008_0_14,13.0,11.0
Boyacá,2021-02-27 17:13:00,11,950.0,2021-01-12 05:00:00,martes,0,Normal,Seca y limpia,Montañoso,Media ladera Izquierda,Curva Izquierda,Transito normal con precaución,0,50,0,0,0.0,Choque,adelantamientos indebidos,6209_0_11,18.0,6.0
Boyacá,2021-02-27 17:22:00,59,0.0,2021-01-19 05:00:00,martes,10,Normal,Seca y limpia,Ondulado,Media Ladera Derecha,Curva Izquierda,Transito normal con precaución,12,30,0,0,0.0,Choque,maniobras imprudentes,6209_0_59,3.0,9.0
Boyacá,2021-02-27 17:34:00,2,800.0,2021-01-26 05:00:00,martes,10,Normal,Seca y limpia,Ondulado,Terraplen,Curva Derecha,Transito normal con precaución,0,30,0,0,0.0,Choque,no mantener distancia de seguridad,6209_0_2,10.0,14.0
Cundinamarca,2021-02-28 22:27:00,23,700.0,2020-10-01 05:00:00,jueves,10,Normal,Seca y limpia,Plano,Cajón,Recta,Parcial con reducción de carriles,17,10,1,0,1.0,Choque,desobediencia a normas y senales,5501_1_23,17.0,0.0
Cauca,2021-02-28 22:42:00,103,900.0,2021-01-14 05:00:00,jueves,30,Normal,Seca y limpia,Ondulado,Media ladera Izquierda,Curva Izquierda,Cierre total,0,20,0,0,0.0,Choque,maniobras imprudentes,2501A_0_103,16.0,8.0
Cundinamarca,2021-02-28 22:42:00,27,346.0,2020-10-13 05:00:00,martes,45,Sol,Seca y limpia,Plano,Cajón,Curva Derecha,Transito normal con precaución,16,45,0,0,0.0,Choque,maniobras imprudentes,45A04_1_27,16.0,0.0
Cundinamarca,2021-02-28 22:49:00,27,909.0,2020-10-15 05:00:00,jueves,0,Normal,Seca y limpia,Plano,Cajón,Recta,Transito normal con precaución,0,0,0,0,0.0,Choque,otra - conductor en general,45A04_1_27,0.0,0.0
Cundinamarca,2021-02-28 23:30:00,11,550.0,2020-05-26 05:00:00,martes,30,Normal,Humeda,Plano,Cajón,Recta,Transito normal con precaución,17,30,0,0,0.0,Choque,maniobras imprudentes,50CN03_0_11,17.0,0.0
Cundinamarca,2021-02-28 23:41:00,28,0.0,2020-06-29 05:00:00,lunes,21,Sol,Seca y limpia,Plano,Cajón,Recta,Transito normal con precaución,19,21,1,0,1.0,Choque,condiciones de la via y factores ambientales,45A04_1_28,19.0,0.0
Cundinamarca,2021-02-28 23:49:00,24,699.0,2020-07-17 05:00:00,viernes,20,Sol,Seca y limpia,Plano,Cajón,Recta,Parcial con reducción de carriles,18,20,1,0,1.0,Choque,desobediencia a normas y senales,5501_1_24,18.0,0.0
Cundinamarca,2021-03-01 00:05:00,26,630.0,2020-07-30 05:00:00,jueves,5,Sol,Seca y limpia,Plano,Cajón,Recta,Transito normal con precaución,6,5,1,0,1.0,Choque,otra - conductor en general,45A04_1_26,6.0,0.0
Cundinamarca,2021-03-01 00:15:00,26,558.0,2020-08-26 05:00:00,miercoles,40,Sol,Seca y limpia,Plano,Cajón,Recta,Transito normal con precaución,10,40,0,0,0.0,Choque,impericia en el manejo,45A04_1_26,10.0,0.0
Cauca,2021-02-28 22:34:00,48,200.0,2021-01-16 05:00:00,sabado,10,Normal,Seca y limpia,Plano,Media ladera Izquierda,Curva Derecha,Transito normal con precaución,1,30,3,0,3.0,Volcamiento,fallas mecanicas y del sistema electrico,1203_0_48,12.0,13.0
Cundinamarca,2021-02-28 22:53:00,59,606.0,2020-09-01 05:00:00,martes,0,Lluvia,Humeda,Plano,Cajón,Recta,Transito normal con precaución,0,0,0,0,0.0,Choque,adelantamientos indebidos,5008A_1_59,0.0,0.0
Cundinamarca,2021-02-28 23:07:00,26,630.0,2020-04-29 05:00:00,miercoles,5,Sol,Seca y limpia,Plano,Cajón,Recta,Transito normal con precaución,10,5,1,0,1.0,Choque,exceso de velocidad,45A04_1_26,10.0,0.0
Cundinamarca,2021-02-28 23:20:00,24,890.0,2020-04-06 05:00:00,lunes,30,Sol,Seca y limpia,Plano,Cajón,Recta,Parcial con reducción de carriles,9,30,1,0,1.0,Choque,exceso de velocidad,5501_1_24,9.0,0.0
Cundinamarca,2021-02-28 23:57:00,28,199.0,2020-07-04 05:00:00,sabado,50,Sol,Seca y limpia,Plano,Cajón,Recta,Transito normal con precaución,8,50,0,0,0.0,Choque,adelantamientos indebidos,45A04_1_28,8.0,0.0
Cundinamarca,2021-03-01 00:39:00,32,0.0,2020-08-30 05:00:00,domingo,40,Sol,Seca y limpia,Ondulado,Media Ladera Derecha,Curva Izquierda,Parcial con paso alternado,10,40,2,0,2.0,Choque,otra - conductor en general,40CNB_1_32,10.0,0.0
Casanare,2021-03-01 14:45:00,11,550.0,2021-01-01 05:00:00,viernes,50,Normal,Seca y limpia,Plano,Terraplen,Recta,Transito normal con precaución,0,0,0,1,1.0,Choque,otra - conductor en general,6605_0_11,18.0,6.0
Meta,2021-03-01 15:03:00,79,0.0,2021-01-28 05:00:00,jueves,33,Normal,Seca y limpia,Ondulado,Terraplen,Recta,Transito normal con precaución,0,0,0,0,0.0,Choque,desobediencia a normas y senales,6508_1_79,22.0,2.0
Norte de Santander,2021-03-01 16:25:00,52,560.0,2021-01-15 05:00:00,viernes,0,Sol,Seca y limpia,Plano,Terraplen,Curva Derecha,Parcial con paso alternado,13,0,0,1,1.0,Choque,exceso de velocidad,7009_0_52,10.0,3.0
Casanare,2021-03-01 16:44:00,107,890.0,2021-01-18 05:00:00,lunes,0,Normal,Seca y limpia,Plano,Terraplen,Recta,Transito normal con precaución,0,0,1,0,1.0,Volcamiento,otra - conductor en general,6605_0_107,0.0,0.0
Antioquia,2021-03-01 21:45:00,53,680.0,2020-10-05 05:00:00,lunes,50,Normal,Seca y limpia,Plano,Media ladera Izquierda,Recta,Parcial con paso alternado,18,40,0,0,0.0,Choque,desobediencia a normas y senales,6205_1_53,17.0,1.0
Antioquia,2021-03-02 13:22:00,0,60.0,2020-10-24 05:00:00,sabado,0,Normal,Seca y limpia,Plano,Terraplen,Curva Izquierda,Parcial con paso alternado,11,30,1,0,1.0,Choque,condiciones de la via y factores ambientales,6206_1_0,11.0,0.0
Nariño,2021-03-02 13:35:00,107,184.0,2020-12-30 05:00:00,miercoles,20,Normal,Otra,Ondulado,Terraplen,Curva Izquierda,Transito normal con precaución,0,10,0,0,0.0,Volcamiento,exceso de velocidad,1001_0_107,22.0,2.0
Nariño,2021-03-02 13:35:00,0,800.0,2020-12-26 05:00:00,sabado,0,Seca,Seca y limpia,Plano,Terraplen,Recta,Transito normal con precaución,0,10,0,0,1.0,Atropello,exceso de velocidad,1001_0_0,20.0,4.0
Nariño,2021-03-02 13:35:00,115,716.0,2021-01-06 05:00:00,miercoles,30,Lluvia,Humeda,Montañoso,Media Ladera Derecha,Curva Derecha,Transito normal con precaución,1,10,0,1,10.0,Volcamiento,exceso de velocidad,1001_0_115,4.0,21.0
Nariño,2021-03-02 13:47:00,71,950.0,2021-01-16 05:00:00,sabado,5,Lluvia,Humeda,Plano,Terraplen,Recta,Transito normal con precaución,0,15,0,1,2.0,Atropello,exceso de velocidad,1001_0_71,19.0,5.0
Nariño,2021-03-02 13:47:00,8,0.0,2021-01-24 05:00:00,domingo,30,Normal,Seca y limpia,Plano,Terraplen,Curva Izquierda,Transito normal con precaución,0,10,0,1,4.0,Choque,exceso de velocidad,1001_0_8,2.0,22.0
Nariño,2021-03-02 13:47:00,43,350.0,2021-01-16 05:00:00,sabado,40,Normal,Seca y limpia,Plano,Terraplen,Recta,Transito normal con precaución,0,20,0,1,1.0,Atropello,exceso de velocidad,1001_0_43,22.0,2.0
Caquetá,2021-03-02 14:19:00,57,260.0,2021-02-25 05:00:00,jueves,30,Lluvia,Humeda,Ondulado,Terraplen,Recta,Transito normal con precaución,17,30,2,0,2.0,Choque,otra - conductor en general,6502_1_57,17.0,0.0
Antioquia,2021-03-03 14:03:00,15,700.0,2020-11-07 05:00:00,sabado,0,Normal,Seca y limpia,Montañoso,Terraplen,Recta,Parcial con paso alternado,0,0,1,0,1.0,Choque,otra - conductor en general,6003_1_15,0.0,0.0
Antioquia,2021-03-03 14:23:00,89,360.0,2020-11-06 05:00:00,viernes,0,Normal,Seca y limpia,Montañoso,Media Ladera Derecha,Recta,Parcial con paso alternado,12,29,0,0,0.0,Choque,no mantener distancia de seguridad,6003_1_89,12.0,0.0
Antioquia,2021-03-03 14:42:00,93,180.4,2020-11-11 05:00:00,miercoles,30,Normal,Seca y limpia,Montañoso,Media Ladera Derecha,Curva Derecha,Parcial con paso alternado,11,0,0,0,0.0,Choque,no mantener distancia de seguridad,6003_1_93,10.0,1.0
Antioquia,2021-03-03 15:08:00,53,940.0,2020-11-30 05:00:00,lunes,0,Normal,Seca y limpia,Montañoso,Media ladera Izquierda,Curva Izquierda,Parcial con paso alternado,16,15,0,0,0.0,Choque,desobediencia a normas y senales,6205_1_53,16.0,0.0
Antioquia,2021-03-03 15:13:00,16,370.0,2020-12-30 05:00:00,miercoles,55,Normal,Seca y limpia,Montañoso,Media ladera Izquierda,Recta,Parcial con paso alternado,15,20,1,0,1.0,Volcamiento,otra - conductor en general,6003_1_16,14.0,1.0
Antioquia,2021-03-03 15:23:00,89,250.0,2020-12-27 05:00:00,domingo,40,Normal,Seca y limpia,Montañoso,Media Ladera Derecha,Recta,Parcial con paso alternado,13,10,0,0,0.0,Choque,no mantener distancia de seguridad,6003_1_89,12.0,1.0
Antioquia,2021-03-03 15:29:00,89,350.0,2020-12-17 05:00:00,jueves,50,Normal,Seca y limpia,Montañoso,Media Ladera Derecha,Recta,Parcial con paso alternado,12,0,0,0,0.0,Choque,no mantener distancia de seguridad,6003_1_89,11.0,1.0
Antioquia,2021-03-03 15:38:00,89,650.0,2020-12-02 05:00:00,miercoles,20,Normal,Seca y limpia,Montañoso,Media Ladera Derecha,Curva Izquierda,Parcial con paso alternado,2,0,0,0,0.0,Volcamiento,maniobras imprudentes,6003_1_89,1.0,1.0
Antioquia,2021-03-03 15:47:00,94,280.0,2020-12-21 05:00:00,lunes,40,Normal,Seca y limpia,Montañoso,Media Ladera Derecha,Curva Izquierda,Parcial con paso alternado,17,55,0,0,0.0,Choque,otra - conductor en general,6003_1_94,17.0,0.0
Antioquia,2021-03-03 16:36:00,33,700.0,2021-02-22 05:00:00,lunes,30,Seca,Seca y limpia,Plano,Terraplen,Recta,Transito normal con precaución,2,30,1,0,1.0,Choque,condiciones de la via y factores ambientales,9002_0_33,3.0,23.0
Boyacá,2021-03-03 17:27:00,30,150.0,2021-01-01 05:00:00,viernes,46,Lluvia,Humeda,Ondulado,Media ladera Izquierda,Curva Izquierda,Transito normal con precaución,17,45,0,0,0.0,Choque,condiciones de la via y factores ambientales,5503_1_30,17.0,0.0
Boyacá,2021-03-03 17:27:00,35,1040.0,2021-01-06 05:00:00,miercoles,0,Normal,Seca y limpia,Ondulado,Media ladera Izquierda,Curva Izquierda,Transito normal con precaución,1,0,0,0,2.0,Volcamiento,fallas mecanicas y del sistema electrico,5503_1_35,1.0,0.0
Boyacá,2021-03-03 19:38:00,36,760.0,2020-11-24 05:00:00,martes,30,Seca,Seca y limpia,Montañoso,Media Ladera Derecha,Curva Derecha,Parcial con paso alternado,0,40,1,0,2.0,Choque,maniobras imprudentes,6404_0_36,8.0,16.0
Boyacá,2021-03-03 19:38:00,9,950.0,2020-12-10 05:00:00,jueves,40,Seca,Seca y limpia,Plano,Terraplen,Recta,Parcial con paso alternado,0,30,2,0,2.0,Choque,adelantamientos indebidos,6404_0_9,8.0,16.0
Boyacá,2021-03-03 19:38:00,30,630.0,2021-01-09 05:00:00,sabado,30,Seca,Seca y limpia,Plano,Cajón,Curva Derecha,Parcial con paso alternado,0,30,2,0,8.0,Choque,embriaguez o sustancias alucinogenas,6404_0_30,18.0,6.0
Boyacá,2021-03-03 20:26:00,30,630.0,2021-01-09 05:00:00,sabado,30,Seca,Seca y limpia,Plano,Cajón,Curva Derecha,Cierre total,0,30,2,0,2.0,Choque,embriaguez o sustancias alucinogenas,6404_0_30,18.0,6.0
Boyacá,2021-03-03 19:44:00,50,390.0,2021-01-09 05:00:00,sabado,0,Normal,Seca y limpia,Plano,Cajón,Recta,Transito normal con precaución,3,0,0,0,0.0,Salida de la vía sin volcarse,exceso en horas de conduccion,5503_1_50,3.0,0.0
Antioquia,2021-03-03 16:09:00,53,500.0,2020-12-11 05:00:00,viernes,50,Normal,Seca y limpia,Montañoso,Media ladera Izquierda,Recta,Parcial con paso alternado,22,10,0,0,0.0,Choque,fallas mecanicas y del sistema electrico,6205_1_53,21.0,1.0
Antioquia,2021-03-03 20:37:00,54,700.0,2020-12-23 05:00:00,miercoles,20,Normal,Seca y limpia,Montañoso,Media ladera Izquierda,Curva Derecha,Parcial con paso alternado,19,40,0,0,0.0,Choque,desobediencia a normas y senales,6205_1_54,19.0,0.0
Antioquia,2021-03-03 20:45:00,96,547.0,2020-12-14 05:00:00,lunes,0,Normal,Seca y limpia,Plano,Terraplen,Recta,Parcial con paso alternado,3,20,0,0,0.0,Choque,otra - conductor en general,6206_1_96,3.0,0.0
Antioquia,2021-03-03 20:53:00,96,400.0,2020-12-11 05:00:00,viernes,20,Normal,Seca y limpia,Plano,Terraplen,Recta,Parcial con paso alternado,15,30,0,0,0.0,Choque,no mantener distancia de seguridad,6206_1_96,15.0,0.0