territorial,fecha_registro,pr,distancia_pr,fecha_acc,dia_semana_acc,min_acc,condic_meteor,estado_super,terreno,secc_tip,geometria_acc,tipo_cierre,horas_cierre,min_cierre,n_heridos,n_muertos,n_victimas,clase_accidente,causa_posible,ref_loc,hora_acc,duracion_cierre_horas
Antioquia,2021-03-03 21:13:00,24,525.0,2021-01-15 05:00:00,viernes,0,Normal,Seca y limpia,Montañoso,Media ladera Izquierda,Recta,Parcial con paso alternado,5,40,1,0,1.0,Choque,condiciones de la via y factores ambientales,6003_1_24,5.0,0.0
Boyacá,2021-03-03 19:44:00,9,420.0,2021-01-25 05:00:00,lunes,20,Normal,Seca y limpia,Plano,Media Ladera Derecha,Recta,Transito normal con precaución,5,20,1,0,5.0,Choque,impericia en el manejo,5503_1_9,5.0,0.0
Antioquia,2021-03-03 21:28:00,32,350.0,2021-01-16 05:00:00,sabado,50,Normal,Seca y limpia,Montañoso,Media ladera Izquierda,Recta,Parcial con paso alternado,16,20,4,0,4.0,Atropello,embriaguez o sustancias alucinogenas,6003_1_32,15.0,1.0
Boyacá,2021-03-03 19:44:00,86,630.0,2021-01-27 05:00:00,miercoles,0,Sol,Seca y limpia,Plano,Media ladera Izquierda,Recta,Transito normal con precaución,12,0,0,0,5.0,Incendio,fallas mecanicas y del sistema electrico,5503_1_86,12.0,0.0
Boyacá,2021-03-03 19:44:00,0,400.0,2021-01-29 05:00:00,viernes,45,Normal,Seca y limpia,Plano,Media Ladera Derecha,Recta,Transito normal con precaución,16,45,0,0,5.0,Choque,impericia en el manejo,6211_1_0,16.0,0.0
Boyacá,2021-03-03 19:44:00,30,580.0,2021-01-29 05:00:00,viernes,0,Normal,Seca y limpia,Montañoso,Terraplen,Curva Derecha,Transito normal con precaución,21,0,0,0,5.0,Choque,adelantamientos indebidos,5503_1_30,21.0,0.0
Antioquia,2021-03-03 14:17:00,26,630.0,2020-11-03 05:00:00,martes,10,Normal,Seca y limpia,Montañoso,Media ladera Izquierda,Curva Derecha,Parcial con paso alternado,2,50,4,0,4.0,Choque,fallas mecanicas y del sistema electrico,6003_1_26,2.0,0.0
Antioquia,2021-03-03 14:51:00,93,180.4,2020-11-09 05:00:00,lunes,25,Lluvia,Humeda,Montañoso,Media Ladera Derecha,Recta,Parcial con paso alternado,7,40,0,0,0.0,Choque,otra - conductor en general,6003_1_93,7.0,0.0
Antioquia,2021-03-03 14:59:00,9,325.0,2020-11-20 05:00:00,viernes,40,Normal,Seca y limpia,Plano,Terraplen,Recta,Parcial con paso alternado,8,50,1,0,1.0,Choque,exceso de velocidad,6205_1_9,8.0,0.0
Antioquia,2021-03-03 15:34:00,89,500.0,2020-12-30 05:00:00,miercoles,35,Normal,Seca y limpia,Montañoso,Media Ladera Derecha,Curva Izquierda,Parcial con paso alternado,18,0,0,0,0.0,Choque,no mantener distancia de seguridad,6003_1_89,17.0,1.0
Antioquia,2021-03-03 15:43:00,94,100.0,2020-12-24 05:00:00,jueves,50,Normal,Seca y limpia,Montañoso,Media Ladera Derecha,Recta,Parcial con paso alternado,18,0,0,0,0.0,Choque,no mantener distancia de seguridad,6003_1_94,17.0,1.0
Antioquia,2021-03-03 15:51:00,94,750.0,2020-12-07 05:00:00,lunes,40,Normal,Seca y limpia,Montañoso,Media Ladera Derecha,Recta,Parcial con paso alternado,19,0,0,0,0.0,Choque,maniobras imprudentes,6003_1_94,18.0,1.0
Antioquia,2021-03-03 15:58:00,94,770.0,2020-12-05 05:00:00,sabado,30,Normal,Seca y limpia,Montañoso,Media Ladera Derecha,Recta,Parcial con paso alternado,5,45,0,1,1.0,Choque,desobediencia a normas y senales,6003_1_94,5.0,0.0
Boyacá,2021-03-03 17:27:00,48,830.0,2021-01-02 05:00:00,sabado,30,Lluvia,Humeda,Plano,Media ladera Izquierda,Curva Derecha,Transito normal con precaución,7,30,2,0,2.0,Choque,adelantamientos indebidos,5503_1_48,7.0,0.0
Boyacá,2021-03-03 17:27:00,37,790.0,2021-01-08 05:00:00,viernes,30,Lluvia,Humeda,Ondulado,Media Ladera Derecha,Curva Izquierda,Transito normal con precaución,13,30,0,0,2.0,Choque,impericia en el manejo,5503_1_37,13.0,0.0
Boyacá,2021-03-03 17:27:00,40,740.0,2021-01-18 05:00:00,lunes,30,Lluvia,Humeda,Ondulado,Media Ladera Derecha,Curva Derecha,Transito normal con precaución,14,30,0,0,2.0,Choque,adelantamientos indebidos,5503_1_40,14.0,0.0
Boyacá,2021-03-03 19:15:00,19,450.0,2020-10-25 05:00:00,domingo,30,Seca,Seca y limpia,Plano,Media Ladera Derecha,Curva Derecha,Parcial con paso alternado,0,50,1,0,1.0,Choque,adelantamientos indebidos,6404_0_19,19.0,5.0
Boyacá,2021-03-03 19:38:00,81,200.0,2020-10-28 05:00:00,miercoles,30,Lluvia,Humeda,Plano,Terraplen,Recta,Transito normal con precaución,0,30,0,0,0.0,Volcamiento,embriaguez o sustancias alucinogenas,6404_0_81,20.0,4.0
Boyacá,2021-03-03 19:38:00,26,160.0,2020-10-31 05:00:00,sabado,30,Lluvia,Humeda,Montañoso,Media ladera Izquierda,Curva Derecha,Parcial con paso alternado,0,40,0,0,0.0,Choque,exceso de velocidad,6404_0_26,7.0,17.0
Boyacá,2021-03-03 19:38:00,33,700.0,2020-11-11 05:00:00,miercoles,30,Seca,Seca y limpia,Montañoso,Media Ladera Derecha,Recta,Parcial con paso alternado,0,50,1,0,1.0,Choque,maniobras imprudentes,6404_0_33,10.0,14.0
Boyacá,2021-03-03 19:38:00,0,500.0,2020-12-16 05:00:00,miercoles,0,Seca,Seca y limpia,Plano,Terraplen,Recta,Cierre total,4,30,0,2,2.0,Choque,impericia en el manejo,6404_0_0,19.0,9.0
Boyacá,2021-03-03 20:26:00,4,0.0,2021-01-19 05:00:00,martes,0,Seca,Seca y limpia,Plano,Media ladera Izquierda,Curva Izquierda,Parcial con paso alternado,0,50,0,0,0.0,Volcamiento,impericia en el manejo,6404_0_4,15.0,9.0
Boyacá,2021-03-03 19:44:00,73,810.0,2021-01-12 05:00:00,martes,30,Normal,Seca y limpia,Montañoso,Media ladera Izquierda,Curva Izquierda,Transito normal con precaución,7,30,2,0,2.0,Volcamiento,exceso en horas de conduccion,5503_1_73,7.0,0.0
Boyacá,2021-03-03 19:44:00,17,800.0,2021-01-20 05:00:00,miercoles,0,Normal,Seca y limpia,Ondulado,Media ladera Izquierda,Curva Izquierda,Transito normal con precaución,5,0,1,0,3.0,Choque,adelantamientos indebidos,5503_1_17,5.0,0.0
Antioquia,2021-03-03 21:04:00,13,150.0,2021-01-05 05:00:00,martes,0,Normal,Seca y limpia,Plano,Terraplen,Recta,Parcial con paso alternado,16,15,2,0,2.0,Atropello,otra - conductor en general,6003_1_13,16.0,0.0
Boyacá,2021-03-03 19:44:00,36,850.0,2021-01-23 05:00:00,sabado,30,Normal,Seca y limpia,Ondulado,Media Ladera Derecha,Curva Izquierda,Transito normal con precaución,5,30,0,0,4.0,Volcamiento,exceso de velocidad,5503_1_36,5.0,0.0
Antioquia,2021-03-03 21:23:00,94,776.0,2021-01-15 05:00:00,viernes,5,Normal,Seca y limpia,Montañoso,Media Ladera Derecha,Recta,Parcial con paso alternado,13,20,2,0,2.0,Choque,desobediencia a normas y senales,6003_1_94,13.0,0.0
Antioquia,2021-03-03 21:35:00,88,200.0,2021-01-27 05:00:00,miercoles,30,Normal,Aceite,Montañoso,Media Ladera Derecha,Curva Izquierda,Parcial con paso alternado,8,40,1,0,1.0,Volcamiento,condiciones de la via y factores ambientales,6003_1_88,8.0,0.0
Antioquia,2021-03-03 21:39:00,13,437.0,2021-01-28 05:00:00,jueves,0,Normal,Seca y limpia,Plano,Terraplen,Recta,Parcial con paso alternado,15,40,0,0,0.0,Otro,otra - conductor en general,6003_1_13,15.0,0.0
Boyacá,2021-03-04 14:08:00,10,700.0,2021-01-17 05:00:00,domingo,0,Seca,Seca y limpia,Plano,Media Ladera Derecha,Curva Izquierda,Transito normal con precaución,0,50,0,1,1.0,Choque,impericia en el manejo,6404_0_10,13.0,11.0
Putumayo,2021-03-04 21:12:00,71,738.0,2021-01-08 05:00:00,viernes,10,Sol,Seca y limpia,Plano,Media ladera Izquierda,Recta,Parcial con reducción de carriles,1,0,4,0,4.0,Volcamiento,exceso de velocidad,1003_1_71,12.0,13.0
Putumayo,2021-03-04 22:57:00,82,44.0,2021-01-06 05:00:00,miercoles,20,Sol,Seca y limpia,Plano,Media Ladera Derecha,Curva Derecha,Cierre total,8,30,2,0,2.0,Choque,exceso de velocidad,1003_1_82,6.0,2.0
Valle del Cauca,2021-03-05 19:29:00,11,760.0,2021-01-01 05:00:00,viernes,20,Normal,Seca y limpia,Plano,Terraplen,Recta,Parcial con reducción de carriles,19,29,1,0,1.0,Choque,maniobras imprudentes,4001_1_11,18.0,1.0
Valle del Cauca,2021-03-05 19:37:00,24,150.0,2021-01-05 05:00:00,martes,0,Lluvia,Humeda,Ondulado,Terraplen,Curva Derecha,Parcial con reducción de carriles,18,35,0,0,0.0,Choque,otra - pasajero o acompanante,4001_2_24,18.0,0.0
Valle del Cauca,2021-03-05 19:57:00,1,144.0,2021-01-06 05:00:00,miercoles,10,Normal,Seca y limpia,Plano,Terraplen,Recta,Parcial con reducción de carriles,13,30,0,0,0.0,Choque,otra - pasajero o acompanante,4001_1_1,13.0,0.0
Valle del Cauca,2021-03-05 20:09:00,3,383.0,2021-01-12 05:00:00,martes,10,Normal,Seca y limpia,Plano,Terraplen,Recta,Parcial con reducción de carriles,14,45,1,0,1.0,Volcamiento,adelantamientos indebidos,4001_1_3,14.0,0.0
Valle del Cauca,2021-03-05 20:40:00,13,18.0,2021-01-16 05:00:00,sabado,45,Normal,Seca y limpia,Plano,Terraplen,Recta,Parcial con reducción de carriles,9,45,1,0,1.0,Choque,maniobras imprudentes,4001_1_13,9.0,0.0
Caquetá,2021-03-05 21:02:00,107,750.0,2021-02-27 05:00:00,sabado,30,Seca,Seca y limpia,Ondulado,Cajón,Recta,Transito normal con precaución,6,30,0,1,1.0,Choque,otra - conductor en general,6501_0_107,6.0,0.0
Antioquia,2021-03-05 21:15:00,9,250.0,2021-01-14 05:00:00,jueves,30,Normal,Seca y limpia,Plano,Terraplen,Recta,Parcial con paso alternado,22,3,1,0,1.0,Choque,otra - conductor en general,6205_1_9,20.0,2.0
Valle del Cauca,2021-03-05 21:00:00,8,50.0,2021-01-27 05:00:00,miercoles,35,Normal,Seca y limpia,Plano,Terraplen,Recta,Parcial con reducción de carriles,22,25,1,0,1.0,Atropello,otra - pasajero o acompanante,4001_2_8,20.0,2.0
Valle del Cauca,2021-03-05 21:42:00,9,165.0,2021-01-30 05:00:00,sabado,40,Normal,Seca y limpia,Plano,Terraplen,Recta,Parcial con reducción de carriles,21,50,1,0,1.0,Choque,maniobras imprudentes,4001_1_9,20.0,1.0
Valle del Cauca,2021-03-05 19:33:00,6,25.0,2021-01-02 05:00:00,sabado,40,Viento,Humeda,Plano,Terraplen,Recta,Parcial con reducción de carriles,2,29,0,0,0.0,Volcamiento,condiciones de la via y factores ambientales,4001_2_6,1.0,1.0
Valle del Cauca,2021-03-05 19:52:00,8,795.0,2021-01-05 05:00:00,martes,40,Lluvia,Humeda,Plano,Terraplen,Recta,Parcial con reducción de carriles,11,1,0,0,0.0,Choque,estacionamiento y senalizacion imprudente,4001_2_8,10.0,1.0
Valle del Cauca,2021-03-05 20:01:00,6,304.0,2021-01-09 05:00:00,sabado,30,Normal,Seca y limpia,Plano,Terraplen,Recta,Parcial con reducción de carriles,17,14,0,0,1.0,Atropello,otra - pasajero o acompanante,4001_1_6,16.0,1.0
Valle del Cauca,2021-03-05 20:15:00,45,100.0,2021-01-14 05:00:00,jueves,10,Normal,Humeda,Plano,Media Ladera Derecha,Recta,Parcial con reducción de carriles,8,30,0,0,0.0,Choque,desobediencia a normas y senales,4001_1_45,8.0,0.0
Valle del Cauca,2021-03-05 20:26:00,3,383.0,2021-01-14 05:00:00,jueves,47,Normal,Humeda,Plano,Terraplen,Recta,Parcial con reducción de carriles,21,0,2,0,2.0,Atropello,desobediencia a normas y senales,4001_2_3,17.0,4.0
Valle del Cauca,2021-03-05 20:55:00,48,600.0,2021-01-18 05:00:00,lunes,40,Normal,Seca y limpia,Plano,Media ladera Izquierda,Curva Derecha,Parcial con reducción de carriles,16,55,0,0,0.0,Choque,impericia en el manejo,4001_1_48,16.0,0.0
Antioquia,2021-03-05 21:01:00,53,450.0,2021-01-25 05:00:00,lunes,50,Normal,Seca y limpia,Montañoso,Media ladera Izquierda,Recta,Parcial con paso alternado,7,20,0,0,0.0,Choque,desobediencia a normas y senales,6205_1_53,6.0,1.0
Valle del Cauca,2021-03-05 21:44:00,13,970.0,2021-01-31 05:00:00,domingo,15,Normal,Seca y limpia,Plano,Terraplen,Curva Derecha,Parcial con reducción de carriles,20,40,2,1,3.0,Atropello,maniobras imprudentes,4001_1_13,19.0,1.0
Putumayo,2021-03-08 16:04:00,72,550.0,2021-01-03 05:00:00,domingo,0,Normal,Seca y limpia,Plano,Terraplen,Recta,Transito normal con precaución,0,0,0,0,0.0,Salida de la vía sin volcarse,otra - conductor en general,4502_0_72,1.0,23.0
Caldas,2021-03-08 17:30:00,52,300.0,2021-01-25 05:00:00,lunes,15,Normal,Seca y limpia,Montañoso,Media ladera Izquierda,Recta,Parcial con reducción de carriles,23,35,1,0,2.0,Caída ocupante,condiciones de la via y factores ambientales,2508_1_52,23.0,0.0
Caldas,2021-03-08 18:06:00,60,0.0,2021-01-26 05:00:00,martes,45,Normal,Seca y limpia,Montañoso,Media ladera Izquierda,Recta,Parcial con reducción de carriles,17,30,2,0,10.0,Choque,no mantener distancia de seguridad,2508_1_60,16.0,1.0
Caldas,2021-03-08 18:12:00,42,600.0,2021-01-08 05:00:00,viernes,0,Normal,Seca y limpia,Montañoso,Media ladera Izquierda,Recta,Parcial con reducción de carriles,13,10,1,0,1.0,Choque,adelantamientos indebidos,2902_1_42,13.0,0.0
Caldas,2021-03-08 18:23:00,42,400.0,2021-01-24 05:00:00,domingo,50,Normal,Seca y limpia,Montañoso,Media ladera Izquierda,Recta,Parcial con reducción de carriles,18,40,0,0,0.0,Choque,no mantener distancia de seguridad,2902_1_42,17.0,1.0
Caldas,2021-03-08 18:23:00,27,300.0,2021-01-03 05:00:00,domingo,0,Normal,Seca y limpia,Montañoso,Media ladera Izquierda,Recta,Parcial con reducción de carriles,10,40,0,0,0.0,Choque,adelantamientos indebidos,5005_2_27,10.0,0.0
Caldas,2021-03-08 19:03:00,27,250.0,2021-01-07 05:00:00,jueves,25,Normal,Seca y limpia,Montañoso,Media ladera Izquierda,Curva Izquierda,Parcial con reducción de carriles,18,30,0,0,0.0,Choque,otra - conductor en general,5005_2_27,18.0,0.0
Caldas,2021-03-08 19:03:00,27,770.0,2021-01-15 05:00:00,viernes,15,Normal,Seca y limpia,Montañoso,Media ladera Izquierda,Curva Izquierda,Parcial con reducción de carriles,5,45,1,0,1.0,Choque,otra - conductor en general,5005_2_27,5.0,0.0
Caldas,2021-03-08 19:03:00,29,100.0,2021-01-21 05:00:00,jueves,40,Normal,Seca y limpia,Montañoso,Media ladera Izquierda,Curva Derecha,Parcial con reducción de carriles,13,55,1,0,1.0,Choque,no mantener distancia de seguridad,5005_2_29,13.0,0.0
Caldas,2021-03-08 19:42:00,15,250.0,2021-01-06 05:00:00,miercoles,50,Normal,Seca y limpia,Montañoso,Media ladera Izquierda,Recta,Parcial con reducción de carriles,15,20,0,0,1.0,Choque,condiciones de la via y factores ambientales,5006_0_15,14.0,1.0
Caldas,2021-03-08 20:25:00,19,0.0,2021-03-07 05:00:00,domingo,10,Lluvia,Humeda,Montañoso,Media ladera Izquierda,Curva Izquierda,Parcial con reducción de carriles,17,10,0,0,0.0,Choque,condiciones de la via y factores ambientales,5006_0_19,7.0,10.0
Caldas,2021-03-08 20:25:00,8,600.0,2021-01-09 05:00:00,sabado,20,Lluvia,Humeda,Montañoso,Media ladera Izquierda,Curva Izquierda,Parcial con reducción de carriles,16,35,2,0,2.0,Choque,condiciones de la via y factores ambientales,5006_0_8,16.0,0.0
Caldas,2021-03-08 20:25:00,1,470.0,2021-01-14 05:00:00,jueves,30,Normal,Seca y limpia,Montañoso,Media ladera Izquierda,Recta,Parcial con reducción de carriles,11,40,0,0,2.0,Choque,condiciones de la via y factores ambientales,5006_0_1,11.0,0.0
Caldas,2021-03-08 20:25:00,14,950.0,2021-01-23 05:00:00,sabado,30,Normal,Seca y limpia,Montañoso,Media ladera Izquierda,Curva Izquierda,Parcial con reducción de carriles,17,0,0,0,4.0,Choque,otra - conductor en general,5006_0_14,16.0,1.0
Caldas,2021-03-08 21:39:00,0,950.0,2021-03-26 05:00:00,viernes,20,Normal,Seca y limpia,Montañoso,Media ladera Izquierda,Recta,Parcial con reducción de carriles,16,25,2,0,2.0,Choque,otra - conductor en general,5006_0_0,16.0,0.0
Caldas,2021-03-08 21:49:00,5,500.0,2021-01-30 05:00:00,sabado,45,Normal,Seca y limpia,Montañoso,Media ladera Izquierda,Curva Derecha,Parcial con reducción de carriles,19,0,0,0,0.0,Choque,no mantener distancia de seguridad,5006_0_5,18.0,1.0
Caldas,2021-03-08 21:58:00,0,950.0,2021-01-26 05:00:00,martes,20,Normal,Seca y limpia,Montañoso,Media ladera Izquierda,Recta,Parcial con reducción de carriles,16,25,2,0,2.0,Choque,otra - conductor en general,5006_0_0,16.0,0.0
Caldas,2021-03-08 17:09:00,30,50.0,2021-01-19 05:00:00,martes,30,Normal,Seca y limpia,Montañoso,Media ladera Izquierda,Curva Derecha,Parcial con reducción de carriles,0,48,0,0,0.0,Choque,otra - conductor en general,2508_1_30,0.0,0.0
Caldas,2021-03-08 17:30:00,21,0.0,2021-01-23 05:00:00,sabado,0,Normal,Seca y limpia,Montañoso,Media ladera Izquierda,Curva Derecha,Parcial con reducción de carriles,18,30,1,0,1.0,Choque,otra - conductor en general,2508_1_21,16.0,2.0
Caldas,2021-03-08 18:12:00,44,0.0,2021-01-10 05:00:00,domingo,40,Normal,Seca y limpia,Montañoso,Media ladera Izquierda,Recta,Parcial con reducción de carriles,18,55,0,0,0.0,Choque,no mantener distancia de seguridad,2902_1_44,18.0,0.0
Caldas,2021-03-08 18:23:00,28,800.0,2021-01-02 05:00:00,sabado,55,Lluvia,Humeda,Montañoso,Media ladera Izquierda,Recta,Parcial con reducción de carriles,23,12,0,0,0.0,Choque,no mantener distancia de seguridad,5005_2_28,22.0,1.0
Caldas,2021-03-08 18:23:00,28,250.0,2021-01-06 05:00:00,miercoles,12,Normal,Seca y limpia,Montañoso,Terraplen,Recta,Parcial con reducción de carriles,6,20,2,0,2.0,Choque,desobediencia a normas y senales,5005_2_28,6.0,0.0
Caldas,2021-03-08 18:23:00,25,0.0,2021-01-07 05:00:00,jueves,0,Normal,Seca y limpia,Montañoso,Media ladera Izquierda,Recta,Parcial con reducción de carriles,11,30,0,0,0.0,Choque,otra - conductor en general,5005_1_25,11.0,0.0
Caldas,2021-03-08 19:03:00,29,500.0,2021-01-18 05:00:00,lunes,0,Normal,Seca y limpia,Montañoso,Media ladera Izquierda,Curva Izquierda,Parcial con reducción de carriles,6,10,2,0,3.0,Choque,otra - conductor en general,5005_2_29,6.0,0.0
Caldas,2021-03-08 19:03:00,33,800.0,2021-01-19 05:00:00,martes,0,Normal,Seca y limpia,Montañoso,Media ladera Izquierda,Curva Izquierda,Parcial con reducción de carriles,14,35,0,0,3.0,Choque,otra - conductor en general,5005_2_33,14.0,0.0
Caldas,2021-03-08 19:42:00,28,450.0,2021-01-27 05:00:00,miercoles,53,Normal,Seca y limpia,Montañoso,Media ladera Izquierda,Recta,Parcial con reducción de carriles,14,20,1,0,1.0,Choque,maniobras imprudentes,5005_2_28,13.0,1.0
Boyacá,2021-03-08 20:09:00,110,890.0,2021-01-23 05:00:00,sabado,0,Normal,Seca y limpia,Plano,Media ladera Izquierda,Recta,Transito normal con precaución,21,0,1,0,1.0,Salida de la vía sin volcarse,impericia en el manejo,5503_1_110,21.0,0.0
Caldas,2021-03-08 19:42:00,8,600.0,2021-01-06 05:00:00,miercoles,0,Normal,Seca y limpia,Montañoso,Media ladera Izquierda,Curva Izquierda,Parcial con reducción de carriles,17,15,0,0,1.0,Choque,otra - conductor en general,5006_0_8,17.0,0.0
Caldas,2021-03-08 20:25:00,11,930.0,2021-01-08 05:00:00,viernes,10,Lluvia,Humeda,Montañoso,Media ladera Izquierda,Curva Izquierda,Parcial con reducción de carriles,20,20,0,0,0.0,Choque,otra - conductor en general,5006_0_11,20.0,0.0
Caldas,2021-03-08 20:25:00,1,750.0,2021-01-15 05:00:00,viernes,30,Normal,Seca y limpia,Montañoso,Media ladera Izquierda,Recta,Parcial con reducción de carriles,16,50,0,0,2.0,Choque,maniobras imprudentes,5006_0_1,16.0,0.0
Caldas,2021-03-08 20:25:00,19,0.0,2021-01-18 05:00:00,lunes,20,Normal,Seca y limpia,Montañoso,Media ladera Izquierda,Curva Izquierda,Parcial con reducción de carriles,13,40,2,0,4.0,Choque,otra - conductor en general,5006_0_19,13.0,0.0
Caldas,2021-03-08 20:25:00,10,940.0,2021-01-23 05:00:00,sabado,30,Normal,Seca y limpia,Montañoso,Media ladera Izquierda,Curva Izquierda,Parcial con reducción de carriles,7,45,0,0,4.0,Choque,otra - conductor en general,5006_0_10,7.0,0.0
Caldas,2021-03-08 20:25:00,8,900.0,2021-01-24 05:00:00,domingo,30,Lluvia,Humeda,Montañoso,Media ladera Izquierda,Curva Izquierda,Parcial con reducción de carriles,13,40,1,0,1.0,Choque,otra - conductor en general,5006_0_8,13.0,0.0
Cauca,2021-03-09 13:02:00,44,790.0,2021-03-04 05:00:00,jueves,45,Niebla,Humeda,Montañoso,Media ladera Izquierda,Recta,Transito normal con precaución,0,0,0,0,0.0,Choque,condiciones de la via y factores ambientales,2602_0_44,5.0,19.0
Putumayo,2021-03-09 21:10:00,44,546.0,2021-01-26 05:00:00,martes,30,Normal,Seca y limpia,Plano,Media Ladera Derecha,Curva Derecha,Transito normal con precaución,19,0,1,0,1.0,Volcamiento,fallas mecanicas y del sistema electrico,1003_1_44,17.0,2.0
Cauca,2021-04-27 23:15:00,45,400.0,2021-02-19 05:00:00,viernes,0,Seca,Seca y limpia,Montañoso,Media ladera Izquierda,Recta,Parcial con reducción de carriles,2,30,0,1,1.0,Choque,otra - conductor en general,2602_0_45,17.0,9.0
Cauca,2021-04-27 23:28:00,86,800.0,2021-03-26 05:00:00,viernes,30,Sol,Material suelto,Montañoso,Media Ladera Derecha,Recta,Transito normal con precaución,0,0,0,0,0.0,Volcamiento,fallas mecanicas y del sistema electrico,2602_0_86,10.0,14.0
Cauca,2021-04-27 23:36:00,104,100.0,2021-04-17 05:00:00,sabado,0,Sol,Material suelto,Montañoso,Media ladera Izquierda,Curva Derecha,Parcial con paso alternado,2,0,0,0,0.0,Volcamiento,maniobras imprudentes,2602_0_104,7.0,19.0
Nariño,2021-04-27 23:50:00,7,700.0,2021-02-05 05:00:00,viernes,30,Normal,Seca y limpia,Montañoso,Media ladera Izquierda,Curva Derecha,Transito normal con precaución,20,30,0,0,4.0,Salida de la vía sin volcarse,exceso de velocidad,2502_1_7,20.0,0.0
Nariño,2021-04-28 00:06:00,24,800.0,2021-02-10 05:00:00,miercoles,43,Lluvia,Humeda,Montañoso,Media ladera Izquierda,Curva Derecha,Parcial con paso alternado,6,43,0,0,0.0,Choque,no mantener distancia de seguridad,2502_1_24,6.0,0.0
Nariño,2021-04-28 00:16:00,11,820.0,2021-02-18 05:00:00,jueves,0,Normal,Seca y limpia,Montañoso,Media ladera Izquierda,Recta,Parcial con paso alternado,6,0,0,0,0.0,Choque,condiciones de la via y factores ambientales,25NRD_1_11,6.0,0.0
Tolima,2021-04-28 00:19:00,4,140.0,2021-02-02 05:00:00,martes,0,Normal,Seca y limpia,Escarpado,Media Ladera Derecha,Curva Izquierda,Transito normal con precaución,0,0,0,0,0.0,Choque,adelantamientos indebidos,5007_1_4,8.0,16.0
Nariño,2021-04-28 00:20:00,11,950.0,2021-02-18 05:00:00,jueves,0,Normal,Seca y limpia,Montañoso,Cajón,Curva Derecha,Parcial con paso alternado,7,0,3,0,3.0,Choque,maniobras imprudentes,25NRD_1_11,7.0,0.0
Tolima,2021-04-28 00:28:00,21,910.0,2021-02-08 05:00:00,lunes,0,Seca,Seca y limpia,Escarpado,Media Ladera Derecha,Curva Derecha,Transito normal con precaución,0,0,0,0,0.0,Choque,no mantener distancia de seguridad,5007_1_21,9.0,15.0
Nariño,2021-04-28 00:28:00,12,850.0,2021-02-25 05:00:00,jueves,50,Normal,Seca y limpia,Ondulado,Terraplen,Recta,Cierre total,8,50,2,0,2.0,Choque,fallas mecanicas y del sistema electrico,2502_1_12,8.0,0.0
Tolima,2021-04-28 00:39:00,22,200.0,2021-02-11 05:00:00,jueves,0,Seca,Seca y limpia,Escarpado,Media ladera Izquierda,Curva Izquierda,Transito normal con precaución,0,0,0,0,0.0,Choque,otra - conductor en general,5007_1_22,14.0,10.0
Tolima,2021-04-28 00:47:00,24,350.0,2021-02-25 05:00:00,jueves,10,Seca,Seca y limpia,Escarpado,Media ladera Izquierda,Curva Derecha,Transito normal con precaución,0,0,0,0,0.0,Choque,condiciones de la via y factores ambientales,5007_1_24,17.0,7.0
Tolima,2021-04-28 00:51:00,4,200.0,2021-02-26 05:00:00,viernes,30,Seca,Seca y limpia,Escarpado,Media ladera Izquierda,Curva Izquierda,Transito normal con precaución,0,0,0,0,0.0,Volcamiento,exceso en horas de conduccion,5007_1_4,6.0,18.0
Cauca,2021-04-27 23:22:00,40,730.0,2021-03-26 05:00:00,viernes,30,Niebla,Humeda,Montañoso,Media ladera Izquierda,Curva Derecha,Transito normal con precaución,0,0,0,0,0.0,Choque,condiciones de la via y factores ambientales,2602_0_40,6.0,18.0
Cauca,2021-04-27 23:32:00,33,800.0,2021-03-28 05:00:00,domingo,0,Sol,Seca y limpia,Montañoso,Media Ladera Derecha,Curva Derecha,Cierre total,2,0,0,2,3.0,Choque,otra - conductor en general,2602_0_33,15.0,11.0
Cauca,2021-04-27 23:41:00,3,600.0,2021-04-18 05:00:00,domingo,30,Sol,Seca y limpia,Montañoso,Media ladera Izquierda,Curva Izquierda,Parcial con paso alternado,3,0,0,0,1.0,Choque,exceso de velocidad,2602_0_3,13.0,14.0
Nariño,2021-04-27 23:55:00,74,150.0,2021-02-09 05:00:00,martes,50,Normal,Seca y limpia,Montañoso,Media Ladera Derecha,Curva Derecha,Transito normal con precaución,12,50,0,0,0.0,Choque,exceso de velocidad,2502_1_74,12.0,0.0
Tolima,2021-04-28 00:22:00,18,300.0,2021-02-07 05:00:00,domingo,0,Normal,Seca y limpia,Escarpado,Media Ladera Derecha,Curva Derecha,Transito normal con precaución,0,0,0,0,0.0,Choque,adelantamientos indebidos,5007_1_18,11.0,13.0
Tolima,2021-04-28 00:25:00,21,950.0,2021-02-08 05:00:00,lunes,30,Normal,Seca y limpia,Escarpado,Media Ladera Derecha,Curva Izquierda,Transito normal con precaución,0,0,1,0,1.0,Choque,impericia en el manejo,5007_1_21,11.0,13.0
Nariño,2021-04-28 00:24:00,10,850.0,2021-02-24 05:00:00,miercoles,30,Normal,Seca y limpia,Montañoso,Media ladera Izquierda,Recta,Parcial con paso alternado,7,30,0,0,2.0,Choque,adelantamientos indebidos,2502_1_10,7.0,0.0