territorial,fecha_registro,pr,distancia_pr,fecha_acc,dia_semana_acc,min_acc,condic_meteor,estado_super,terreno,secc_tip,geometria_acc,tipo_cierre,horas_cierre,min_cierre,n_heridos,n_muertos,n_victimas,clase_accidente,causa_posible,ref_loc,hora_acc,duracion_cierre_horas
Tolima,2021-04-28 00:32:00,18,740.0,2021-02-08 05:00:00,lunes,30,Lluvia,Humeda,Escarpado,Media Ladera Derecha,Curva Derecha,Transito normal con precaución,0,0,0,0,0.0,Choque,condiciones de la via y factores ambientales,5007_1_18,10.0,14.0
Tolima,2021-04-28 00:35:00,23,250.0,2021-02-09 05:00:00,martes,0,Lluvia,Humeda,Escarpado,Media ladera Izquierda,Curva Izquierda,Transito normal con precaución,0,0,0,0,0.0,Choque,condiciones de la via y factores ambientales,5007_1_23,19.0,5.0
Tolima,2021-04-28 00:43:00,23,200.0,2021-02-11 05:00:00,jueves,0,Seca,Seca y limpia,Escarpado,Media ladera Izquierda,Curva Izquierda,Transito normal con precaución,0,0,0,0,0.0,Choque,otra - conductor en general,5007_1_23,14.0,10.0
Tolima,2021-04-28 00:45:00,16,400.0,2021-02-13 05:00:00,sabado,0,Seca,Seca y limpia,Escarpado,Media ladera Izquierda,Recta,Transito normal con precaución,0,0,1,0,1.0,Choque,otra - conductor en general,5007_1_16,16.0,8.0
Tolima,2021-04-28 14:55:00,43,330.0,2021-03-10 05:00:00,miercoles,55,Lluvia,Humeda,Plano,Cajón,Recta,Transito normal con precaución,0,25,0,0,0.0,Choque,no mantener distancia de seguridad,4507_1_43,7.0,17.0
Córdoba,2021-04-28 15:06:00,41,917.0,2021-02-02 05:00:00,martes,30,Normal,Seca y limpia,Ondulado,Terraplen,Recta,Transito normal con precaución,1,0,0,0,0.0,Choque,adelantamientos indebidos,7801_1_41,8.0,17.0
Córdoba,2021-04-28 15:26:00,3,780.0,2021-02-07 05:00:00,domingo,0,Normal,Seca y limpia,Plano,Terraplen,Recta,Transito normal con precaución,2,30,2,0,3.0,Choque,no mantener distancia de seguridad,7801_1_3,18.0,8.0
Córdoba,2021-04-28 15:36:00,1,20.0,2021-02-07 05:00:00,domingo,40,Normal,Seca y limpia,Plano,Terraplen,Recta,Transito normal con precaución,0,50,5,0,5.0,Choque,embriaguez o sustancias alucinogenas,9004_1_1,19.0,5.0
Guajira,2021-05-07 16:01:00,48,150.0,2021-02-01 05:00:00,lunes,20,Normal,Seca y limpia,Plano,Terraplen,Recta,Transito normal con precaución,13,20,0,0,0.0,Choque,desobediencia a normas y senales,8004A_1_48,13.0,0.0
Guajira,2021-05-07 16:06:00,13,450.0,2021-02-03 05:00:00,miercoles,0,Normal,Seca y limpia,Plano,Terraplen,Recta,Transito normal con precaución,0,0,0,0,0.0,Choque,fallas mecanicas y del sistema electrico,4902_1_13,0.0,0.0
Nariño,2021-05-07 16:08:00,101,400.0,2021-02-10 05:00:00,miercoles,30,Sol,Seca y limpia,Ondulado,Media Ladera Derecha,Curva Derecha,Parcial con paso alternado,15,30,0,0,0.0,Volcamiento,fallas mecanicas y del sistema electrico,1002_1_101,15.0,0.0
Bolívar,2021-05-07 16:08:00,16,540.0,2021-01-19 05:00:00,martes,0,Normal,Seca y limpia,Plano,Terraplen,Recta,Transito normal con precaución,0,0,3,0,3.0,Choque,no mantener distancia de seguridad,7803_0_16,7.0,17.0
Nariño,2021-05-07 16:17:00,99,500.0,2021-02-18 05:00:00,jueves,20,Sol,Seca y limpia,Plano,Media Ladera Derecha,Recta,Transito normal con precaución,16,20,0,0,4.0,Choque,exceso de velocidad,1002_1_99,16.0,0.0
Bolívar,2021-05-07 16:19:00,5,220.0,2021-01-17 05:00:00,domingo,30,Normal,Seca y limpia,Plano,Terraplen,Recta,Transito normal con precaución,0,0,1,0,2.0,Choque,maniobras imprudentes,7804_0_5,15.0,9.0
Guajira,2021-05-07 16:26:00,44,700.0,2021-02-08 05:00:00,lunes,30,Normal,Seca y limpia,Plano,Terraplen,Recta,Transito normal con precaución,5,30,1,0,1.0,Choque,embriaguez o sustancias alucinogenas,8004A_1_44,5.0,0.0
Tolima,2021-05-13 23:16:00,7,580.0,2021-03-18 05:00:00,jueves,28,Seca,Seca y limpia,Escarpado,Media ladera Izquierda,Curva Izquierda,Transito normal con precaución,0,0,0,0,0.0,Choque,no mantener distancia de seguridad,5007_1_7,10.0,14.0
Nariño,2021-05-07 16:27:00,102,400.0,2021-03-03 05:00:00,miercoles,0,Sol,Seca y limpia,Ondulado,Media Ladera Derecha,Recta,Transito normal con precaución,15,0,0,0,0.0,Choque,maniobras imprudentes,1002_1_102,15.0,0.0
Nariño,2021-05-07 16:30:00,12,60.0,2021-03-05 05:00:00,viernes,30,Lluvia,Humeda,Montañoso,Media ladera Izquierda,Recta,Transito normal con precaución,17,30,1,0,1.0,Otro,fallas mecanicas y del sistema electrico,2501B_1_12,17.0,0.0
Quindío,2021-05-07 16:31:00,49,710.0,2021-02-11 05:00:00,jueves,30,Normal,Seca y limpia,Plano,Terraplen,Recta,Transito normal con precaución,0,0,0,0,1.0,Choque,maniobras imprudentes,4002_1_49,7.0,17.0
Guajira,2021-05-07 16:34:00,23,900.0,2021-02-13 05:00:00,sabado,0,Normal,Seca y limpia,Plano,Terraplen,Curva Derecha,Transito normal con precaución,2,0,1,1,2.0,Volcamiento,otra - conductor en general,4902_1_23,2.0,0.0
Nariño,2021-05-07 16:39:00,114,600.0,2021-03-12 05:00:00,viernes,0,Lluvia,Humeda,Ondulado,Media ladera Izquierda,Recta,Transito normal con precaución,7,0,1,0,1.0,Choque,exceso de velocidad,1002_1_114,7.0,0.0
Nariño,2021-05-07 16:00:00,45,200.0,2021-02-07 05:00:00,domingo,20,Normal,Seca y limpia,Plano,Media ladera Izquierda,Recta,Transito normal con precaución,19,20,3,0,3.0,Choque,exceso de velocidad,2501B_1_45,19.0,0.0
Tolima,2021-05-07 16:12:00,43,800.0,2021-03-10 05:00:00,miercoles,55,Normal,Seca y limpia,Plano,Cajón,Recta,Transito normal con precaución,0,20,0,0,0.0,Choque,no mantener distancia de seguridad,4507_1_43,7.0,17.0
Nariño,2021-05-07 16:14:00,44,400.0,2021-02-13 05:00:00,sabado,0,Sol,Seca y limpia,Plano,Media ladera Izquierda,Curva Derecha,Transito normal con precaución,13,0,0,0,1.0,Choque,exceso de velocidad,2501B_1_44,13.0,0.0
Nariño,2021-05-07 16:20:00,48,200.0,2021-02-21 05:00:00,domingo,35,Sol,Seca y limpia,Plano,Media ladera Izquierda,Curva Izquierda,Transito normal con precaución,17,35,0,0,1.0,Choque,embriaguez o sustancias alucinogenas,2501B_1_48,17.0,0.0
Guajira,2021-05-07 16:12:00,69,500.0,2021-02-08 05:00:00,lunes,0,Normal,Seca y limpia,Plano,Terraplen,Recta,Transito normal con precaución,4,0,0,0,0.0,Volcamiento,exceso en horas de conduccion,4902_1_69,4.0,0.0
Quindío,2021-05-07 16:22:00,8,840.0,2021-02-06 05:00:00,sabado,0,Sol,Seca y limpia,Plano,Media Ladera Derecha,Curva Izquierda,Transito normal con precaución,0,0,1,0,1.0,Choque,maniobras imprudentes,25VL07_1_8,10.0,14.0
Nariño,2021-05-07 16:36:00,25,110.0,2021-03-12 05:00:00,viernes,25,Sol,Seca y limpia,Montañoso,Media Ladera Derecha,Recta,Transito normal con precaución,15,25,2,0,5.0,Choque,exceso de velocidad,1702_0_25,15.0,0.0
Tolima,2021-05-13 23:13:00,24,350.0,2021-03-13 05:00:00,sabado,0,Normal,Seca y limpia,Escarpado,Media ladera Izquierda,Curva Derecha,Transito normal con precaución,0,0,0,0,0.0,Choque,otra - conductor en general,5007_1_24,6.0,18.0
Casanare,2021-05-07 16:11:00,4,575.0,2021-02-19 05:00:00,viernes,0,Seca,Seca y limpia,Plano,Terraplen,Recta,Transito normal con precaución,0,0,2,0,2.0,Choque,condiciones de la via y factores ambientales,6606_1_4,4.0,20.0
Boyacá,2021-05-13 22:08:00,16,930.0,2021-03-19 05:00:00,viernes,0,Sol,Seca y limpia,Montañoso,Media ladera Izquierda,Curva Derecha,Transito normal con precaución,0,0,1,0,1.0,Volcamiento,otra - pasajero o acompanante,6007_0_16,14.0,10.0
Casanare,2021-05-13 22:32:00,25,0.0,2021-02-02 05:00:00,martes,0,Normal,Seca y limpia,Plano,Terraplen,Recta,Transito normal con precaución,0,0,3,0,3.0,Choque,otra - conductor en general,6606_1_25,4.0,20.0
Casanare,2021-05-13 22:41:00,29,700.0,2021-03-17 05:00:00,miercoles,30,Normal,Seca y limpia,Plano,Terraplen,Recta,Transito normal con precaución,0,0,2,0,2.0,Choque,otra - conductor en general,6606_1_29,18.0,6.0
Boyacá,2021-05-13 22:38:00,94,720.0,2021-03-21 05:00:00,domingo,20,Normal,Seca y limpia,Montañoso,Media Ladera Derecha,Curva Izquierda,Transito normal con precaución,0,0,1,1,2.0,Choque,embriaguez o sustancias alucinogenas,6006_0_94,4.0,20.0
Boyacá,2021-05-13 22:52:00,94,350.0,2021-03-21 05:00:00,domingo,20,Normal,Seca y limpia,Montañoso,Media Ladera Derecha,Recta,Transito normal con precaución,0,0,0,0,1.0,Atropello,embriaguez o sustancias alucinogenas,6006_0_94,20.0,4.0
Tolima,2021-05-13 23:11:00,15,750.0,2021-03-12 05:00:00,viernes,0,Lluvia,Humeda,Escarpado,Media Ladera Derecha,Curva Izquierda,Transito normal con precaución,0,0,0,0,0.0,Volcamiento,exceso de velocidad,5007_1_15,2.0,22.0
Boyacá,2021-05-13 23:14:00,3,300.0,2021-04-08 05:00:00,jueves,20,Sol,Seca y limpia,Montañoso,Media Ladera Derecha,Curva Izquierda,Transito normal con precaución,0,0,1,0,1.0,Choque,adelantamientos indebidos,6007_0_3,9.0,15.0
Boyacá,2021-05-13 23:23:00,1,400.0,2021-04-10 05:00:00,sabado,15,Sol,Seca y limpia,Montañoso,Media Ladera Derecha,Recta,Transito normal con precaución,0,0,3,0,3.0,Choque,impericia en el manejo,6007_0_1,10.0,14.0
Tolima,2021-05-13 23:31:00,21,560.0,2021-03-21 05:00:00,domingo,30,Seca,Seca y limpia,Escarpado,Media ladera Izquierda,Curva Derecha,Transito normal con precaución,0,0,0,0,0.0,Choque,no mantener distancia de seguridad,5007_1_21,17.0,7.0
Boyacá,2021-05-13 23:30:00,93,950.0,2021-04-19 05:00:00,lunes,45,Sol,Seca y limpia,Montañoso,Media Ladera Derecha,Recta,Transito normal con precaución,0,0,0,0,0.0,Salida de la vía sin volcarse,otra - pasajero o acompanante,6006_0_93,10.0,14.0
Boyacá,2021-05-13 23:36:00,8,600.0,2021-05-09 05:00:00,domingo,30,Sol,Seca y limpia,Ondulado,Media Ladera Derecha,Curva Derecha,Transito normal con precaución,0,0,0,0,0.0,Choque,fallas mecanicas y del sistema electrico,6007_0_8,8.0,16.0
Boyacá,2021-05-13 23:01:00,8,600.0,2021-03-31 05:00:00,miercoles,10,Sol,Seca y limpia,Ondulado,Media Ladera Derecha,Curva Derecha,Transito normal con precaución,0,0,2,0,2.0,Choque,adelantamientos indebidos,6007_0_8,11.0,13.0
Nariño,2021-05-14 13:25:00,50,430.0,2021-02-11 05:00:00,jueves,22,Normal,Seca y limpia,Montañoso,Terraplen,Curva Derecha,Transito normal con precaución,0,0,0,0,0.0,Choque,otra - conductor en general,2501A_0_50,16.0,8.0
Nariño,2021-05-14 13:51:00,64,450.0,2021-01-05 05:00:00,martes,45,Normal,Seca y limpia,Montañoso,Media ladera Izquierda,Curva Izquierda,Transito normal con precaución,12,45,2,0,2.0,Salida de la vía sin volcarse,exceso de velocidad,2502_1_64,12.0,0.0
Nariño,2021-05-14 14:47:00,15,400.0,2021-01-07 05:00:00,jueves,50,Normal,Humeda,Montañoso,Media ladera Izquierda,Recta,Transito normal con precaución,4,50,0,0,0.0,Otro,condiciones de la via y factores ambientales,2502_1_15,4.0,0.0
Nariño,2021-05-14 15:00:00,45,450.0,2021-01-11 05:00:00,lunes,30,Normal,Seca y limpia,Montañoso,Media Ladera Derecha,Recta,Transito normal con precaución,15,30,0,0,0.0,Otro,fallas mecanicas y del sistema electrico,2502_1_45,15.0,0.0
Valle del Cauca,2021-05-14 16:01:00,12,558.0,2021-03-04 05:00:00,jueves,30,Viento,Seca y limpia,Plano,Terraplen,Curva Derecha,Parcial con reducción de carriles,23,20,0,0,4.0,Choque,maniobras imprudentes,4001_1_12,22.0,1.0
Valle del Cauca,2021-05-14 16:05:00,9,806.0,2021-03-07 05:00:00,domingo,30,Normal,Seca y limpia,Plano,Terraplen,Curva Izquierda,Parcial con reducción de carriles,4,23,1,0,1.0,Choque,desobediencia a normas y senales,4001_2_9,2.0,2.0
Valle del Cauca,2021-05-14 16:26:00,4,785.0,2021-03-08 05:00:00,lunes,30,Lluvia,Humeda,Plano,Terraplen,Curva Izquierda,Parcial con reducción de carriles,19,38,0,0,0.0,Choque,no mantener distancia de seguridad,4001_1_4,18.0,1.0
Valle del Cauca,2021-05-14 16:46:00,9,300.0,2021-03-09 05:00:00,martes,50,Viento,Seca y limpia,Plano,Terraplen,Recta,Parcial con reducción de carriles,15,45,0,1,1.0,Choque,conducta de peatones,4001_2_9,13.0,2.0
Valle del Cauca,2021-05-14 16:52:00,21,50.0,2021-03-11 05:00:00,jueves,20,Normal,Seca y limpia,Ondulado,Media ladera Izquierda,Recta,Parcial con reducción de carriles,11,40,0,0,0.0,Choque,otra - pasajero o acompanante,4001_2_21,11.0,0.0
Valle del Cauca,2021-05-14 20:54:00,10,357.0,2021-03-21 05:00:00,domingo,10,Normal,Seca y limpia,Plano,Terraplen,Recta,Parcial con reducción de carriles,18,25,0,0,0.0,Choque,maniobras imprudentes,4001_1_10,18.0,0.0
Valle del Cauca,2021-05-14 21:01:00,6,248.0,2021-03-21 05:00:00,domingo,40,Viento,Seca y limpia,Plano,Terraplen,Recta,Parcial con reducción de carriles,22,0,0,0,0.0,Volcamiento,otra - pasajero o acompanante,4001_2_6,21.0,1.0
Valle del Cauca,2021-05-14 21:08:00,24,100.0,2021-03-27 05:00:00,sabado,30,Lluvia,Humeda,Ondulado,Terraplen,Recta,Parcial con reducción de carriles,16,20,0,0,0.0,Choque,otra - pasajero o acompanante,4001_2_24,15.0,1.0
Valle del Cauca,2021-05-14 21:12:00,7,45.0,2021-03-30 05:00:00,martes,30,Viento,Seca y limpia,Plano,Terraplen,Recta,Transito normal con precaución,19,50,0,0,0.0,Choque,no mantener distancia de seguridad,4001_2_7,19.0,0.0
Nariño,2021-05-14 14:34:00,32,300.0,2021-01-06 05:00:00,miercoles,50,Normal,Seca y limpia,Montañoso,Media ladera Izquierda,Recta,Transito normal con precaución,9,50,1,0,2.0,Choque,maniobras imprudentes,2502_2_32,9.0,0.0
Nariño,2021-05-14 15:18:00,103,500.0,2021-01-12 05:00:00,martes,30,Normal,Seca y limpia,Montañoso,Media ladera Izquierda,Curva Izquierda,Transito normal con precaución,12,30,2,0,2.0,Choque,maniobras imprudentes,2502_1_103,12.0,0.0
Nariño,2021-05-14 15:29:00,43,50.0,2021-01-16 05:00:00,sabado,10,Normal,Seca y limpia,Montañoso,Media Ladera Derecha,Curva Derecha,Transito normal con precaución,4,10,0,0,0.0,Incendio,fallas mecanicas y del sistema electrico,2502_1_43,4.0,0.0
Nariño,2021-05-14 15:35:00,87,0.0,2021-01-20 05:00:00,miercoles,30,Normal,Seca y limpia,Montañoso,Media Ladera Derecha,Curva Derecha,Transito normal con precaución,16,30,0,1,1.0,Choque,condiciones de la via y factores ambientales,2502_1_87,16.0,0.0
Valle del Cauca,2021-05-14 15:47:00,8,200.0,2021-03-02 05:00:00,martes,40,Normal,Seca y limpia,Plano,Terraplen,Curva Derecha,Parcial con reducción de carriles,12,50,0,0,0.0,Choque,no mantener distancia de seguridad,4001_1_8,12.0,0.0
Valle del Cauca,2021-05-14 16:49:00,6,931.0,2021-03-10 05:00:00,miercoles,0,Normal,Seca y limpia,Plano,Terraplen,Recta,Parcial con reducción de carriles,15,25,0,0,0.0,Choque,adelantamientos indebidos,4001_1_6,15.0,0.0
Nariño,2021-05-14 20:07:00,74,320.0,2021-03-04 05:00:00,jueves,30,Normal,Seca y limpia,Montañoso,Media Ladera Derecha,Curva Derecha,Cierre total,2,0,0,0,0.0,Volcamiento,otra - conductor en general,2501A_0_74,7.0,19.0
Nariño,2021-05-14 20:17:00,42,860.0,2021-02-04 05:00:00,jueves,6,Normal,Seca y limpia,Montañoso,Media ladera Izquierda,Curva Izquierda,Transito normal con precaución,0,30,0,0,0.0,Choque,otra - conductor en general,2501A_0_42,15.0,9.0
Valle del Cauca,2021-05-14 20:27:00,47,800.0,2021-03-11 05:00:00,jueves,50,Normal,Seca y limpia,Plano,Media ladera Izquierda,Recta,Parcial con reducción de carriles,12,5,0,0,0.0,Choque,adelantamientos indebidos,4001_1_47,11.0,1.0
Valle del Cauca,2021-05-14 20:38:00,10,357.0,2021-03-12 05:00:00,viernes,40,Viento,Seca y limpia,Plano,Terraplen,Recta,Parcial con reducción de carriles,17,0,0,0,0.0,Choque,maniobras imprudentes,4001_1_10,16.0,1.0
Nariño,2021-05-14 20:39:00,24,950.0,2021-02-02 05:00:00,martes,16,Normal,Seca y limpia,Ondulado,Media Ladera Derecha,Recta,Transito normal con precaución,0,30,0,0,0.0,Choque,otra - conductor en general,2501A_0_24,13.0,11.0
Valle del Cauca,2021-05-14 20:42:00,3,40.0,2021-03-15 05:00:00,lunes,40,Lluvia,Humeda,Plano,Terraplen,Recta,Parcial con reducción de carriles,9,0,0,0,0.0,Choque,otra - pasajero o acompanante,4001_2_3,8.0,1.0
Valle del Cauca,2021-05-14 20:44:00,48,500.0,2021-03-19 05:00:00,viernes,20,Lluvia,Humeda,Plano,Media ladera Izquierda,Recta,Parcial con reducción de carriles,22,30,0,0,0.0,Choque,condiciones de la via y factores ambientales,4001_2_48,22.0,0.0
Valle del Cauca,2021-05-14 21:04:00,9,980.0,2021-03-25 05:00:00,jueves,0,Viento,Seca y limpia,Plano,Terraplen,Curva Derecha,Parcial con reducción de carriles,10,0,0,0,0.0,Choque,no mantener distancia de seguridad,4001_1_9,9.0,1.0
Boyacá,2021-05-18 14:02:00,56,800.0,2021-02-11 05:00:00,jueves,32,Normal,Seca y limpia,Plano,Terraplen,Recta,Parcial con paso alternado,0,40,1,0,1.0,Choque,no mantener distancia de seguridad,6008_0_56,18.0,6.0
Boyacá,2021-05-18 14:16:00,59,235.0,2021-02-13 05:00:00,sabado,40,Normal,Seca y limpia,Montañoso,Media Ladera Derecha,Curva Derecha,Parcial con paso alternado,0,50,0,0,1.0,Choque,impericia en el manejo,6008_0_59,22.0,2.0
Boyacá,2021-05-18 14:44:00,56,250.0,2021-02-13 05:00:00,sabado,0,Normal,Seca y limpia,Plano,Media ladera Izquierda,Curva Derecha,Transito normal con precaución,8,0,0,0,0.0,Volcamiento,fallas mecanicas y del sistema electrico,5503_1_56,8.0,0.0
Boyacá,2021-05-18 14:44:00,15,50.0,2021-02-16 05:00:00,martes,0,Lluvia,Humeda,Plano,Media ladera Izquierda,Curva Derecha,Transito normal con precaución,16,0,0,0,0.0,Choque,condiciones de la via y factores ambientales,6211_1_15,16.0,0.0
Boyacá,2021-05-18 14:44:00,76,870.0,2021-02-21 05:00:00,domingo,0,Normal,Seca y limpia,Plano,Media Ladera Derecha,Curva Izquierda,Transito normal con precaución,8,0,1,0,1.0,Volcamiento,exceso en horas de conduccion,5503_1_76,8.0,0.0
Boyacá,2021-05-18 14:44:00,69,760.0,2021-02-25 05:00:00,jueves,30,Normal,Seca y limpia,Montañoso,Media ladera Izquierda,Curva Derecha,Transito normal con precaución,6,30,2,0,3.0,Salida de la vía sin volcarse,impericia en el manejo,5503_1_69,6.0,0.0
Boyacá,2021-05-18 14:44:00,15,120.0,2021-02-26 05:00:00,viernes,30,Lluvia,Seca y limpia,Ondulado,Media Ladera Derecha,Curva Izquierda,Transito normal con precaución,15,30,0,0,3.0,Salida de la vía sin volcarse,impericia en el manejo,5503_1_15,15.0,0.0
Boyacá,2021-05-18 16:11:00,66,418.0,2021-02-26 05:00:00,viernes,40,Sol,Seca y limpia,Plano,Media Ladera Derecha,Curva Izquierda,Parcial con paso alternado,0,30,0,0,0.0,Choque,no mantener distancia de seguridad,6008_0_66,7.0,17.0
Boyacá,2021-05-18 16:28:00,43,400.0,2021-03-25 05:00:00,jueves,20,Sol,Seca y limpia,Ondulado,Media Ladera Derecha,Recta,Parcial restringido a vehiculos pesados,0,45,1,0,1.0,Choque,fallas mecanicas y del sistema electrico,6008_0_43,15.0,9.0
Boyacá,2021-05-18 16:24:00,28,940.0,2021-03-01 05:00:00,lunes,30,Lluvia,Humeda,Plano,Terraplen,Curva Derecha,Transito normal con precaución,17,30,0,0,0.0,Choque,exceso de velocidad,5503_1_28,7.0,10.0
Boyacá,2021-05-18 16:45:00,50,700.0,2021-03-28 05:00:00,domingo,15,Normal,Otra,Montañoso,Media Ladera Derecha,Curva Izquierda,Parcial con paso alternado,0,30,0,0,0.0,Choque,no mantener distancia de seguridad,6008_0_50,12.0,12.0
Córdoba,2021-05-18 17:05:00,49,1063.0,2021-02-14 05:00:00,domingo,30,Normal,Seca y limpia,Plano,Terraplen,Recta,Parcial con paso alternado,1,0,0,0,1.0,Choque,maniobras imprudentes,2103_1_49,14.0,11.0
Boyacá,2021-05-18 19:33:00,7,180.0,2021-03-01 05:00:00,lunes,30,Lluvia,Humeda,Ondulado,Media Ladera Derecha,Curva Derecha,Transito normal con precaución,15,30,0,0,0.0,Choque,impericia en el manejo,6211_1_7,15.0,0.0
Putumayo,2021-05-18 19:28:00,0,990.0,2021-02-06 05:00:00,sabado,30,Normal,Seca y limpia,Plano,Cajón,Recta,Transito normal con precaución,1,0,1,0,1.0,Choque,embriaguez o sustancias alucinogenas,4503_2_0,23.0,2.0
Boyacá,2021-05-18 19:41:00,7,960.0,2021-03-02 05:00:00,martes,0,Normal,Seca y limpia,Ondulado,Media Ladera Derecha,Curva Derecha,Transito normal con precaución,16,0,1,0,1.0,Choque,impericia en el manejo,5503_1_7,16.0,0.0
Boyacá,2021-05-18 19:41:00,2,280.0,2021-03-11 05:00:00,jueves,0,Normal,Seca y limpia,Montañoso,Media Ladera Derecha,Curva Izquierda,Transito normal con precaución,19,0,1,0,2.0,Choque,impericia en el manejo,6211_1_2,19.0,0.0
Putumayo,2021-05-18 19:45:00,76,930.0,2021-02-28 05:00:00,domingo,10,Normal,Seca y limpia,Ondulado,Cajón,Curva Izquierda,Transito normal con precaución,1,0,1,0,1.0,Choque,embriaguez o sustancias alucinogenas,4502_0_76,8.0,17.0
Boyacá,2021-05-18 19:41:00,34,980.0,2021-03-13 05:00:00,sabado,0,Normal,Seca y limpia,Ondulado,Media Ladera Derecha,Curva Derecha,Transito normal con precaución,5,0,0,0,2.0,Salida de la vía sin volcarse,exceso en horas de conduccion,5503_1_34,5.0,0.0
Boyacá,2021-05-18 19:41:00,16,0.0,2021-03-14 05:00:00,domingo,40,Lluvia,Humeda,Ondulado,Media Ladera Derecha,Curva Derecha,Transito normal con precaución,18,40,0,0,5.0,Choque,exceso de velocidad,5503_1_16,18.0,0.0
Córdoba,2021-05-18 19:58:00,49,1063.0,2021-02-14 05:00:00,domingo,30,Normal,Seca y limpia,Plano,Terraplen,Recta,Transito normal con precaución,1,0,0,0,1.0,Choque,maniobras imprudentes,2103_1_49,14.0,11.0
Boyacá,2021-05-18 19:41:00,40,530.0,2021-03-24 05:00:00,miercoles,30,Normal,Seca y limpia,Ondulado,Media Ladera Derecha,Curva Derecha,Transito normal con precaución,5,30,0,0,6.0,Salida de la vía sin volcarse,fallas mecanicas y del sistema electrico,5503_1_40,5.0,0.0
Putumayo,2021-05-18 20:21:00,76,100.0,2021-03-07 05:00:00,domingo,0,Lluvia,Humeda,Ondulado,Media Ladera Derecha,Curva Izquierda,Transito normal con precaución,1,0,1,0,2.0,Choque,embriaguez o sustancias alucinogenas,4502_0_76,1.0,0.0
Córdoba,2021-05-18 20:35:00,1,500.0,2021-02-16 05:00:00,martes,30,Normal,Seca y limpia,Plano,Terraplen,Recta,Transito normal con precaución,0,50,0,0,1.0,Choque,maniobras imprudentes,9004_1_1,14.0,10.0
Bolívar,2021-05-18 20:40:00,1,500.0,2021-02-04 05:00:00,jueves,20,Normal,Seca y limpia,Plano,Terraplen,Curva Izquierda,Transito normal con precaución,0,0,0,1,1.0,Choque,impericia en el manejo,7803_0_1,17.0,7.0
Bolívar,2021-05-18 21:08:00,2,400.0,2021-03-25 05:00:00,jueves,40,Normal,Seca y limpia,Plano,Terraplen,Recta,Transito normal con precaución,0,0,1,1,2.0,Choque,maniobras imprudentes,7804_0_2,20.0,4.0
Córdoba,2021-05-18 21:08:00,46,295.0,2021-02-23 05:00:00,martes,30,Normal,Seca y limpia,Ondulado,Terraplen,Curva Derecha,Transito normal con precaución,0,5,1,0,1.0,Choque,adelantamientos indebidos,74CR02_0_46,18.0,6.0
Córdoba,2021-05-18 21:35:00,5,258.0,2021-02-23 05:00:00,martes,0,Normal,Seca y limpia,Ondulado,Cajón,Recta,Transito normal con precaución,1,0,0,0,0.0,Volcamiento,exceso en horas de conduccion,7801_1_5,6.0,19.0
Córdoba,2021-05-18 21:58:00,49,950.0,2021-02-28 05:00:00,domingo,0,Normal,Seca y limpia,Plano,Terraplen,Recta,Transito normal con precaución,0,30,3,0,3.0,Choque,conducta de peatones,7801_1_49,20.0,4.0
Boyacá,2021-05-18 23:02:00,6,400.0,2021-02-02 05:00:00,martes,50,Normal,Seca y limpia,Ondulado,Terraplen,Curva Derecha,Transito normal con precaución,0,40,0,0,0.0,Choque,no mantener distancia de seguridad,6209_0_6,14.0,10.0
Boyacá,2021-05-18 14:25:00,41,539.0,2021-02-15 05:00:00,lunes,0,Normal,Seca y limpia,Plano,Terraplen,Recta,Transito normal con precaución,0,20,2,0,2.0,Choque,maniobras imprudentes,6008_0_41,19.0,5.0
Boyacá,2021-05-18 14:44:00,11,850.0,2021-02-04 05:00:00,jueves,30,Normal,Seca y limpia,Escarpado,Media Ladera Derecha,Curva Derecha,Transito normal con precaución,16,30,0,0,0.0,Choque,impericia en el manejo,6211_1_11,16.0,0.0
Boyacá,2021-05-18 14:44:00,48,540.0,2021-02-10 05:00:00,miercoles,0,Lluvia,Humeda,Plano,Cajón,Curva Derecha,Transito normal con precaución,15,0,0,0,0.0,Choque,impericia en el manejo,5503_1_48,15.0,0.0
Boyacá,2021-05-18 14:44:00,35,1020.0,2021-02-20 05:00:00,sabado,0,Normal,Seca y limpia,Ondulado,Media ladera Izquierda,Curva Derecha,Transito normal con precaución,16,0,0,0,0.0,Choque,impericia en el manejo,5503_1_35,16.0,0.0
Boyacá,2021-05-18 14:44:00,71,345.0,2021-02-26 05:00:00,viernes,30,Normal,Seca y limpia,Montañoso,Media Ladera Derecha,Curva Izquierda,Transito normal con precaución,6,30,0,0,3.0,Salida de la vía sin volcarse,fallas mecanicas y del sistema electrico,5503_1_71,6.0,0.0
Boyacá,2021-05-18 15:54:00,61,67.0,2021-02-19 05:00:00,viernes,45,Normal,Seca y limpia,Montañoso,Media Ladera Derecha,Curva Izquierda,Parcial restringido a vehiculos pesados,1,10,0,0,0.0,Choque,no mantener distancia de seguridad,6008_0_61,17.0,8.0
Boyacá,2021-05-18 14:44:00,9,400.0,2021-02-28 05:00:00,domingo,0,Normal,Seca y limpia,Montañoso,Media Ladera Derecha,Curva Derecha,Transito normal con precaución,17,0,0,0,3.0,Choque,impericia en el manejo,6211_1_9,17.0,0.0
Boyacá,2021-05-18 16:03:00,20,697.0,2021-02-20 05:00:00,sabado,30,Sol,Seca y limpia,Ondulado,Media ladera Izquierda,Curva Izquierda,Parcial con paso alternado,0,50,0,0,1.0,Choque,adelantamientos indebidos,6009_1_20,7.0,17.0