territorial,fecha_registro,pr,distancia_pr,fecha_acc,dia_semana_acc,min_acc,condic_meteor,estado_super,terreno,secc_tip,geometria_acc,tipo_cierre,horas_cierre,min_cierre,n_heridos,n_muertos,n_victimas,clase_accidente,causa_posible,ref_loc,hora_acc,duracion_cierre_horas
Boyacá,2021-05-18 14:44:00,83,100.0,2021-02-28 05:00:00,domingo,50,Lluvia,Humeda,Plano,Media Ladera Derecha,Curva Derecha,Transito normal con precaución,18,50,4,0,11.0,Choque,impericia en el manejo,5503_1_83,18.0,0.0
Boyacá,2021-05-18 16:23:00,55,876.0,2021-03-11 05:00:00,jueves,20,Normal,Seca y limpia,Plano,Terraplen,Recta,Parcial con paso alternado,0,35,1,0,1.0,Choque,adelantamientos indebidos,6008_0_55,18.0,6.0
Boyacá,2021-05-18 16:50:00,53,235.0,2021-03-29 05:00:00,lunes,45,Normal,Seca y limpia,Plano,Terraplen,Recta,Parcial con paso alternado,0,20,1,0,1.0,Choque,maniobras imprudentes,6008_0_53,18.0,6.0
Putumayo,2021-05-18 16:39:00,16,1000.0,2021-01-21 05:00:00,jueves,0,Normal,Material suelto,Montañoso,Media ladera Izquierda,Curva Derecha,Transito normal con precaución,1,0,1,0,1.0,Choque,otra - conductor en general,6501_0_16,12.0,13.0
Córdoba,2021-05-18 16:53:00,49,1063.0,2021-02-14 05:00:00,domingo,30,Normal,Seca y limpia,Plano,Terraplen,Recta,Transito normal con precaución,1,0,0,0,1.0,Choque,maniobras imprudentes,2103_1_49,14.0,11.0
Córdoba,2021-05-18 17:00:00,49,1063.0,2021-02-14 05:00:00,domingo,30,Normal,Seca y limpia,Plano,Terraplen,Recta,Transito normal con precaución,1,0,0,0,1.0,Choque,maniobras imprudentes,2103_1_49,14.0,11.0
Putumayo,2021-05-18 19:19:00,0,850.0,2021-02-01 05:00:00,lunes,0,Lluvia,Humeda,Plano,Cajón,Recta,Transito normal con precaución,1,0,0,0,0.0,Choque,fallas mecanicas y del sistema electrico,4503_2_0,16.0,9.0
Boyacá,2021-05-18 19:41:00,6,60.0,2021-03-04 05:00:00,jueves,50,Normal,Seca y limpia,Ondulado,Media ladera Izquierda,Curva Izquierda,Transito normal con precaución,11,50,0,0,1.0,Choque,adelantamientos indebidos,5503_1_6,11.0,0.0
Boyacá,2021-05-18 19:41:00,126,757.0,2021-03-14 05:00:00,domingo,0,Normal,Seca y limpia,Ondulado,Media ladera Izquierda,Curva Izquierda,Transito normal con precaución,5,0,1,1,5.0,Salida de la vía sin volcarse,exceso de velocidad,5503_1_126,5.0,0.0
Córdoba,2021-05-18 19:40:00,49,1064.0,2021-02-14 05:00:00,domingo,30,Normal,Seca y limpia,Plano,Terraplen,Recta,Transito normal con precaución,1,0,0,0,1.0,Choque,maniobras imprudentes,2103_1_49,14.0,11.0
Boyacá,2021-05-18 19:41:00,8,670.0,2021-03-19 05:00:00,viernes,30,Normal,Seca y limpia,Montañoso,Media Ladera Derecha,Curva Derecha,Transito normal con precaución,15,30,0,1,6.0,Volcamiento,impericia en el manejo,6211_1_8,15.0,0.0
Boyacá,2021-05-18 19:41:00,60,680.0,2021-03-24 05:00:00,miercoles,40,Lluvia,Humeda,Plano,Media Ladera Derecha,Curva Izquierda,Transito normal con precaución,6,40,0,0,6.0,Salida de la vía sin volcarse,condiciones de la via y factores ambientales,5503_1_60,6.0,0.0
Boyacá,2021-05-18 19:41:00,57,600.0,2021-03-24 05:00:00,miercoles,0,Lluvia,Humeda,Ondulado,Media Ladera Derecha,Curva Derecha,Transito normal con precaución,15,0,0,0,6.0,Choque,impericia en el manejo,5503_1_57,15.0,0.0
Boyacá,2021-05-18 19:41:00,25,150.0,2021-03-24 05:00:00,miercoles,30,Normal,Seca y limpia,Plano,Media Ladera Derecha,Recta,Transito normal con precaución,18,30,0,1,7.0,Atropello,conducta de peatones,5503_1_25,18.0,0.0
Casanare,2021-05-18 20:37:00,65,800.0,2021-02-03 05:00:00,miercoles,0,Seca,Seca y limpia,Plano,Media Ladera Derecha,Recta,Cierre total,5,30,0,0,0.0,Volcamiento,otra - conductor en general,6513_0_65,14.0,15.0
Putumayo,2021-05-18 20:55:00,1,210.0,2021-03-10 05:00:00,miercoles,0,Normal,Seca y limpia,Plano,Cajón,Recta,Transito normal con precaución,1,0,0,0,0.0,Choque,otra - conductor en general,4503_1_1,10.0,15.0
Córdoba,2021-05-18 20:57:00,8,875.0,2021-02-20 05:00:00,sabado,0,Normal,Seca y limpia,Plano,Terraplen,Recta,Transito normal con precaución,0,30,1,0,1.0,Choque,embriaguez o sustancias alucinogenas,2103_1_8,22.0,2.0
Bolívar,2021-05-18 21:13:00,37,875.0,2021-03-13 05:00:00,sabado,10,Normal,Seca y limpia,Plano,Terraplen,Curva Derecha,Transito normal con precaución,0,0,4,0,4.0,Choque,exceso de velocidad,7803_0_37,19.0,5.0
Boyacá,2021-05-18 22:45:00,19,430.0,2021-02-01 05:00:00,lunes,30,Lluvia,Humeda,Montañoso,Terraplen,Curva Izquierda,Transito normal con precaución,0,45,4,0,4.0,Choque,adelantamientos indebidos,6209_0_19,17.0,7.0
Boyacá,2021-05-18 22:57:00,0,300.0,2021-02-02 05:00:00,martes,5,Normal,Seca y limpia,Ondulado,Media Ladera Derecha,Curva Derecha,Transito normal con precaución,0,30,0,0,0.0,Choque,no mantener distancia de seguridad,6209_0_0,20.0,4.0
Boyacá,2021-05-18 23:08:00,22,200.0,2021-02-02 05:00:00,martes,40,Normal,Seca y limpia,Montañoso,Media Ladera Derecha,Curva Izquierda,Transito normal con precaución,1,40,6,0,6.0,Choque,adelantamientos indebidos,6209_0_22,16.0,9.0
Ocaña,2021-05-19 21:56:00,3,470.0,2020-11-08 05:00:00,domingo,20,Sol,Seca y limpia,Ondulado,Terraplen,Recta,Transito normal con precaución,0,0,0,0,0.0,Choque,embriaguez o sustancias alucinogenas,7008_1_3,14.0,10.0
Ocaña,2021-05-19 21:59:00,47,954.0,2020-11-26 05:00:00,jueves,10,Normal,Seca y limpia,Ondulado,Cajón,Curva Izquierda,Transito normal con precaución,0,0,1,0,3.0,Choque,desobediencia a normas y senales,7007_1_47,0.0,0.0
Ocaña,2021-05-19 22:08:00,50,430.0,2020-11-19 05:00:00,jueves,30,Seca,Seca y limpia,Ondulado,Media ladera Izquierda,Recta,Transito normal con precaución,0,0,0,0,1.0,Choque,desobediencia a normas y senales,7007_1_50,11.0,13.0
Ocaña,2021-05-19 22:08:00,50,606.0,2020-11-30 05:00:00,lunes,10,Sol,Seca y limpia,Ondulado,Terraplen,Curva Izquierda,Transito normal con precaución,0,0,0,0,1.0,Choque,desobediencia a normas y senales,7007_2_50,12.0,12.0
Ocaña,2021-05-19 22:08:00,50,880.0,2020-11-07 05:00:00,sabado,30,Normal,Seca y limpia,Ondulado,Media ladera Izquierda,Recta,Transito normal con precaución,0,0,0,0,1.0,Choque,adelantamientos indebidos,7007_1_50,20.0,4.0
Ocaña,2021-05-19 22:30:00,49,16.0,2021-01-04 05:00:00,lunes,30,Sol,Seca y limpia,Ondulado,Terraplen,Recta,Transito normal con precaución,0,0,0,0,0.0,Choque,desobediencia a normas y senales,7007_1_49,14.0,10.0
Ocaña,2021-05-19 22:30:00,50,430.0,2021-01-07 05:00:00,jueves,30,Sol,Seca y limpia,Ondulado,Media ladera Izquierda,Recta,Transito normal con precaución,0,0,0,0,0.0,Choque,estacionamiento y senalizacion imprudente,7007_2_50,15.0,9.0
Ocaña,2021-05-19 21:59:00,47,475.0,2020-11-28 05:00:00,sabado,50,Sol,Seca y limpia,Plano,Cajón,Recta,Transito normal con precaución,0,0,0,2,2.0,Choque,otra - conductor en general,7007_1_47,13.0,11.0
Ocaña,2021-05-19 22:08:00,48,330.0,2020-11-29 05:00:00,domingo,5,Normal,Seca y limpia,Plano,Media Ladera Derecha,Recta,Transito normal con precaución,0,0,0,0,0.0,Choque,otra - conductor en general,7007_1_48,20.0,4.0
Ocaña,2021-05-19 22:08:00,49,408.0,2020-11-30 05:00:00,lunes,0,Normal,Seca y limpia,Plano,Cajón,Recta,Transito normal con precaución,0,0,1,0,1.0,Atropello,conducta de peatones,7007_2_49,22.0,2.0
Ocaña,2021-05-19 22:20:00,49,283.0,2020-12-18 05:00:00,viernes,30,Sol,Seca y limpia,Ondulado,Terraplen,Recta,Transito normal con precaución,0,0,0,0,0.0,Choque,no mantener distancia de seguridad,7007_2_49,14.0,10.0
Ocaña,2021-05-19 22:20:00,51,787.0,2020-12-19 05:00:00,sabado,10,Normal,Seca y limpia,Ondulado,Cajón,Recta,Transito normal con precaución,0,0,0,0,0.0,Choque,maniobras imprudentes,7007_1_51,19.0,5.0
Ocaña,2021-05-19 22:20:00,50,425.0,2020-12-31 05:00:00,jueves,30,Sol,Seca y limpia,Ondulado,Media ladera Izquierda,Recta,Transito normal con precaución,0,0,0,0,0.0,Choque,otra - conductor en general,7007_1_50,15.0,9.0
Ocaña,2021-05-20 14:48:00,49,16.0,2021-01-04 05:00:00,lunes,30,Sol,Seca y limpia,Ondulado,Terraplen,Recta,Transito normal con precaución,0,0,0,0,0.0,Choque,desobediencia a normas y senales,7007_1_49,14.0,10.0
Ocaña,2021-05-20 15:53:00,52,965.0,2021-01-14 05:00:00,jueves,50,Normal,Seca y limpia,Ondulado,Terraplen,Recta,Transito normal con precaución,0,0,0,0,0.0,Choque,impericia en el manejo,7007_1_52,19.0,5.0
Ocaña,2021-05-20 15:53:00,48,568.0,2021-01-15 05:00:00,viernes,30,Normal,Seca y limpia,Ondulado,Terraplen,Recta,Transito normal con precaución,0,0,0,0,0.0,Choque,adelantamientos indebidos,7007_1_48,21.0,3.0
Ocaña,2021-05-20 15:53:00,49,424.0,2021-01-30 05:00:00,sabado,30,Normal,Seca y limpia,Ondulado,Terraplen,Recta,Transito normal con precaución,0,0,0,2,2.0,Choque,otra - conductor en general,7007_1_49,19.0,5.0
Planta Central,2021-05-20 18:31:00,50,530.0,2021-02-01 05:00:00,lunes,0,Seca,Seca y limpia,Plano,Terraplen,Recta,Transito normal con precaución,21,0,0,0,0.0,Volcamiento,otra - pasajero o acompanante,5008_1_50,21.0,0.0
Planta Central,2021-05-20 18:31:00,37,357.0,2021-02-06 05:00:00,sabado,8,Seca,Seca y limpia,Ondulado,Media ladera Izquierda,Curva Izquierda,Transito normal con precaución,2,8,0,0,0.0,Choque,exceso en horas de conduccion,5008_1_37,2.0,0.0
Planta Central,2021-05-20 18:31:00,28,0.0,2021-02-07 05:00:00,domingo,53,Seca,Seca y limpia,Ondulado,Media ladera Izquierda,Curva Derecha,Transito normal con precaución,19,53,1,0,1.0,Choque,otra - pasajero o acompanante,5008_1_28,19.0,0.0
Planta Central,2021-05-20 18:31:00,45,465.0,2021-02-10 05:00:00,miercoles,20,Lluvia,Humeda,Ondulado,Media Ladera Derecha,Curva Derecha,Transito normal con precaución,9,20,1,0,2.0,Choque,condiciones de la via y factores ambientales,5008_1_45,9.0,0.0
Planta Central,2021-05-20 18:52:00,24,279.0,2021-02-10 05:00:00,miercoles,20,Lluvia,Humeda,Ondulado,Media Ladera Derecha,Curva Derecha,Transito normal con precaución,10,20,1,0,1.0,Caída ocupante,otra - pasajero o acompanante,5008_1_24,10.0,0.0
Planta Central,2021-05-20 18:52:00,37,275.0,2021-02-13 05:00:00,sabado,24,Seca,Seca y limpia,Ondulado,Media ladera Izquierda,Curva Izquierda,Transito normal con precaución,13,24,1,0,2.0,Salida de la vía sin volcarse,otra - pasajero o acompanante,5008_1_37,13.0,0.0
Planta Central,2021-05-20 18:52:00,54,361.0,2021-02-16 05:00:00,martes,55,Lluvia,Humeda,Ondulado,Media Ladera Derecha,Curva Derecha,Transito normal con precaución,4,55,2,0,4.0,Volcamiento,exceso de velocidad,5008_1_54,4.0,0.0
Planta Central,2021-05-20 18:52:00,39,701.0,2021-02-16 05:00:00,martes,13,Seca,Seca y limpia,Ondulado,Media ladera Izquierda,Curva Izquierda,Transito normal con precaución,7,13,0,0,4.0,Choque,no mantener distancia de seguridad,5008_1_39,7.0,0.0
Planta Central,2021-05-20 18:52:00,39,701.0,2021-02-23 05:00:00,martes,28,Seca,Seca y limpia,Ondulado,Terraplen,Curva Derecha,Transito normal con precaución,5,28,1,0,7.0,Choque,otra - pasajero o acompanante,5008_1_39,5.0,0.0
Planta Central,2021-05-20 18:52:00,38,114.0,2021-02-24 05:00:00,miercoles,5,Seca,Seca y limpia,Ondulado,Terraplen,Curva Derecha,Transito normal con precaución,13,5,1,0,8.0,Volcamiento,otra - pasajero o acompanante,5008_1_38,13.0,0.0
Planta Central,2021-05-20 18:52:00,47,0.0,2021-02-27 05:00:00,sabado,6,Lluvia,Humeda,Ondulado,Terraplen,Recta,Transito normal con precaución,12,6,1,0,9.0,Caída ocupante,no mantener distancia de seguridad,5008_1_47,12.0,0.0
Planta Central,2021-05-20 18:52:00,41,638.0,2021-03-02 05:00:00,martes,50,Seca,Seca y limpia,Ondulado,Terraplen,Curva Derecha,Transito normal con precaución,13,50,1,0,10.0,Caída ocupante,exceso de velocidad,5008_1_41,13.0,0.0
Planta Central,2021-05-20 18:52:00,35,960.0,2021-03-03 05:00:00,miercoles,41,Lluvia,Humeda,Ondulado,Media Ladera Derecha,Curva Derecha,Transito normal con precaución,9,41,1,0,11.0,Choque,otra - pasajero o acompanante,5008_1_35,9.0,0.0
Casanare,2021-05-20 21:03:00,96,900.0,2021-04-17 05:00:00,sabado,40,Normal,Seca y limpia,Plano,Terraplen,Recta,Transito normal con precaución,17,40,0,1,2.0,Choque,embriaguez o sustancias alucinogenas,6515_1_96,17.0,0.0
Planta Central,2021-05-20 18:52:00,32,487.0,2021-03-06 05:00:00,sabado,20,Seca,Seca y limpia,Plano,Terraplen,Recta,Transito normal con precaución,19,20,1,0,12.0,Caída ocupante,embriaguez o sustancias alucinogenas,5008_1_32,19.0,0.0
Planta Central,2021-05-20 18:52:00,35,168.0,2021-03-07 05:00:00,domingo,8,Seca,Seca y limpia,Ondulado,Terraplen,Curva Derecha,Transito normal con precaución,15,10,0,0,12.0,Choque,otra - pasajero o acompanante,5008_1_35,15.0,0.0
Planta Central,2021-05-20 18:52:00,58,31.0,2021-03-07 05:00:00,domingo,0,Lluvia,Humeda,Ondulado,Terraplen,Curva Derecha,Transito normal con precaución,16,10,1,0,1.0,Caída ocupante,condiciones de la via y factores ambientales,5008_1_58,16.0,0.0
Planta Central,2021-05-20 19:53:00,43,400.0,2021-03-11 05:00:00,jueves,50,Seca,Seca y limpia,Ondulado,Media Ladera Derecha,Curva Izquierda,Transito normal con precaución,6,50,0,0,0.0,Salida de la vía sin volcarse,exceso de velocidad,5008_1_43,6.0,0.0
Planta Central,2021-05-20 19:53:00,35,190.0,2021-03-11 05:00:00,jueves,49,Seca,Seca y limpia,Ondulado,Media Ladera Derecha,Curva Derecha,Transito normal con precaución,13,50,1,0,1.0,Caída ocupante,otra - pasajero o acompanante,5008_1_35,13.0,0.0
Planta Central,2021-05-20 19:53:00,10,539.0,2021-03-15 05:00:00,lunes,0,Seca,Seca y limpia,Ondulado,Media Ladera Derecha,Curva Derecha,Transito normal con precaución,14,30,2,0,4.0,Choque,exceso de velocidad,5008_1_10,14.0,0.0
Caquetá,2021-05-20 19:55:00,53,610.0,2021-03-08 05:00:00,lunes,55,Lluvia,Humeda,Ondulado,Terraplen,Recta,Transito normal con precaución,14,55,2,0,4.0,Choque,condiciones de la via y factores ambientales,6502_1_53,14.0,0.0
Planta Central,2021-05-20 19:53:00,48,0.0,2021-03-20 05:00:00,sabado,56,Seca,Seca y limpia,Ondulado,Media Ladera Derecha,Curva Derecha,Transito normal con precaución,9,0,1,0,5.0,Caída ocupante,otra - pasajero o acompanante,5008_1_48,8.0,1.0
Caquetá,2021-05-20 20:03:00,47,235.0,2021-03-13 05:00:00,sabado,20,Sol,Seca y limpia,Plano,Terraplen,Recta,Transito normal con precaución,9,20,5,0,5.0,Choque,adelantamientos indebidos,6502_1_47,9.0,0.0
Planta Central,2021-05-20 19:53:00,37,478.0,2021-03-20 05:00:00,sabado,26,Seca,Seca y limpia,Ondulado,Media ladera Izquierda,Curva Derecha,Transito normal con precaución,9,45,1,0,6.0,Choque,otra - pasajero o acompanante,5008_1_37,9.0,0.0
Planta Central,2021-05-20 19:53:00,12,654.0,2021-03-27 05:00:00,sabado,6,Lluvia,Humeda,Ondulado,Media ladera Izquierda,Recta,Transito normal con precaución,8,10,1,0,9.0,Caída ocupante,condiciones de la via y factores ambientales,5008_1_12,8.0,0.0
Meta,2021-06-08 21:43:00,84,0.0,2021-02-06 05:00:00,sabado,12,Normal,Seca y limpia,Plano,Terraplen,Recta,Transito normal con precaución,23,30,0,0,0.0,Choque,maniobras imprudentes,65A02_1_84,23.0,0.0
Planta Central,2021-05-20 19:53:00,63,77.0,2021-03-31 05:00:00,miercoles,56,Normal,Seca y limpia,Ondulado,Terraplen,Curva Derecha,Transito normal con precaución,12,0,1,0,10.0,Choque,otra - conductor en general,5008_1_63,11.0,1.0
Caquetá,2021-05-20 20:13:00,3,90.0,2021-03-14 05:00:00,domingo,50,Sol,Seca y limpia,Plano,Cajón,Recta,Transito normal con precaución,13,50,0,0,2.0,Choque,condiciones de la via y factores ambientales,6502_1_3,13.0,0.0
Planta Central,2021-05-20 19:53:00,39,67.0,2021-04-01 05:00:00,jueves,45,Normal,Seca y limpia,Ondulado,Media Ladera Derecha,Curva Derecha,Transito normal con precaución,10,0,1,0,11.0,Caída ocupante,otra - pasajero o acompanante,5008_1_39,9.0,1.0
Planta Central,2021-05-20 19:53:00,47,654.0,2021-04-02 05:00:00,viernes,50,Seca,Seca y limpia,Ondulado,Media Ladera Derecha,Curva Derecha,Transito normal con precaución,14,55,2,0,13.0,Caída ocupante,otra - conductor en general,5008_1_47,14.0,0.0
Caquetá,2021-05-20 20:18:00,49,450.0,2020-07-31 05:00:00,viernes,0,Normal,Seca y limpia,Montañoso,Cajón,Curva Izquierda,Transito normal con precaución,0,0,0,0,0.0,Choque,condiciones de la via y factores ambientales,2003A_0_49,20.0,4.0
Planta Central,2021-05-20 19:53:00,35,409.0,2021-04-06 05:00:00,martes,35,Normal,Seca y limpia,Ondulado,Media Ladera Derecha,Curva Derecha,Transito normal con precaución,11,35,0,0,13.0,Choque,otra - conductor en general,5008_1_35,11.0,0.0
Planta Central,2021-05-20 19:53:00,27,780.0,2021-04-08 05:00:00,jueves,1,Seca,Seca y limpia,Ondulado,Media Ladera Derecha,Curva Derecha,Transito normal con precaución,15,1,2,0,15.0,Caída de piedra,otra - conductor en general,5008_1_27,15.0,0.0
Planta Central,2021-05-20 19:53:00,21,0.0,2021-04-09 05:00:00,viernes,41,Seca,Seca y limpia,Ondulado,Media Ladera Derecha,Curva Derecha,Transito normal con precaución,10,50,1,0,16.0,Caída ocupante,fallas mecanicas y del sistema electrico,5008_1_21,10.0,0.0
Caquetá,2021-05-20 20:27:00,72,310.0,2020-08-12 05:00:00,miercoles,0,Normal,Seca y limpia,Ondulado,Terraplen,Recta,Transito normal con precaución,0,0,0,0,0.0,Salida de la vía sin volcarse,fallas mecanicas y del sistema electrico,6503_1_72,22.0,2.0
Planta Central,2021-05-20 19:53:00,27,139.0,2021-04-13 05:00:00,martes,19,Normal,Seca y limpia,Ondulado,Media Ladera Derecha,Curva Derecha,Transito normal con precaución,22,20,2,0,18.0,Choque,exceso de velocidad,5008_1_27,22.0,0.0
Caquetá,2021-05-20 20:35:00,54,130.0,2020-08-14 05:00:00,viernes,30,Normal,Seca y limpia,Ondulado,Terraplen,Curva Izquierda,Transito normal con precaución,0,20,1,0,3.0,Choque,impericia en el manejo,6503_1_54,14.0,10.0
Nariño,2021-05-27 23:22:00,61,388.0,2021-02-21 05:00:00,domingo,30,Normal,Seca y limpia,Montañoso,Media Ladera Derecha,Curva Izquierda,Transito normal con precaución,9,30,0,0,0.0,Salida de la vía sin volcarse,estacionamiento y senalizacion imprudente,1002_1_61,9.0,0.0
Caquetá,2021-05-20 20:28:00,56,810.0,2021-03-22 05:00:00,lunes,0,Sol,Seca y limpia,Ondulado,Terraplen,Recta,Transito normal con precaución,12,0,2,0,3.0,Choque,condiciones de la via y factores ambientales,6502_1_56,12.0,0.0
Caquetá,2021-05-20 20:40:00,68,130.0,2020-08-16 05:00:00,domingo,30,Sol,Seca y limpia,Ondulado,Media Ladera Derecha,Curva Derecha,Parcial con reducción de carriles,0,20,0,0,3.0,Choque,exceso de velocidad,6503_1_68,16.0,8.0
Caquetá,2021-05-20 20:46:00,45,140.0,2020-08-21 05:00:00,viernes,30,Lluvia,Lodo,Montañoso,Media ladera Izquierda,Curva Derecha,Transito normal con precaución,0,0,1,0,1.0,Caída de piedra,condiciones de la via y factores ambientales,2003A_0_45,18.0,6.0
Caquetá,2021-05-20 20:51:00,45,160.0,2020-08-21 05:00:00,viernes,30,Lluvia,Lodo,Montañoso,Media ladera Izquierda,Curva Derecha,Transito normal con precaución,0,0,1,0,1.0,Caída de piedra,condiciones de la via y factores ambientales,2003A_0_45,18.0,6.0
Caquetá,2021-05-20 20:46:00,49,770.0,2021-03-28 05:00:00,domingo,15,Niebla,Seca y limpia,Ondulado,Terraplen,Recta,Transito normal con precaución,5,15,0,1,1.0,Choque,condiciones de la via y factores ambientales,6502_1_49,5.0,0.0
Caquetá,2021-05-20 21:00:00,20,130.0,2020-09-11 05:00:00,viernes,0,Normal,Seca y limpia,Ondulado,Terraplen,Curva Derecha,Transito normal con precaución,0,0,0,2,3.0,Volcamiento,exceso de velocidad,6503_1_20,21.0,3.0
Caquetá,2021-05-20 21:04:00,28,20.0,2020-09-11 05:00:00,viernes,15,Lluvia,Humeda,Ondulado,Terraplen,Curva Izquierda,Transito normal con precaución,0,0,0,0,0.0,Salida de la vía sin volcarse,exceso de velocidad,6503_1_28,16.0,8.0
Casanare,2021-05-20 21:03:00,51,800.0,2021-03-17 05:00:00,miercoles,25,Normal,Seca y limpia,Plano,Terraplen,Recta,Transito normal con precaución,0,25,0,0,0.0,Volcamiento,otra - conductor en general,6515_1_51,0.0,0.0
Caquetá,2021-05-20 21:03:00,47,475.0,2021-03-28 05:00:00,domingo,40,Sol,Seca y limpia,Plano,Terraplen,Recta,Transito normal con precaución,17,40,0,1,1.0,Atropello,condiciones de la via y factores ambientales,6502_1_47,17.0,0.0
Caquetá,2021-05-20 21:08:00,28,20.0,2020-09-11 05:00:00,viernes,0,Lluvia,Humeda,Ondulado,Terraplen,Curva Izquierda,Transito normal con precaución,0,0,0,0,0.0,Salida de la vía sin volcarse,exceso de velocidad,6503_1_28,16.0,8.0
Casanare,2021-05-20 21:03:00,58,185.0,2021-04-05 05:00:00,lunes,30,Normal,Seca y limpia,Plano,Terraplen,Recta,Transito normal con precaución,10,30,0,0,0.0,Choque,maniobras imprudentes,6515_1_58,10.0,0.0
Caquetá,2021-05-20 21:10:00,31,580.0,2020-09-11 05:00:00,viernes,30,Normal,Seca y limpia,Ondulado,Media Ladera Derecha,Curva Izquierda,Transito normal con precaución,0,0,0,1,1.0,Choque,otra - conductor en general,6503_1_31,14.0,10.0
Caquetá,2021-05-20 21:17:00,77,750.0,2020-10-10 05:00:00,sabado,30,Normal,Seca y limpia,Ondulado,Cajón,Recta,Transito normal con precaución,0,0,1,0,1.0,Choque,condiciones de la via y factores ambientales,6503_1_77,5.0,19.0
Caquetá,2021-05-20 21:24:00,48,580.0,2020-10-13 05:00:00,martes,30,Normal,Seca y limpia,Ondulado,Terraplen,Recta,Transito normal con precaución,0,0,0,1,1.0,Choque,adelantamientos indebidos,6503_1_48,13.0,11.0
Caquetá,2021-05-20 21:29:00,1,250.0,2020-10-18 05:00:00,domingo,30,Normal,Seca y limpia,Ondulado,Media ladera Izquierda,Recta,Parcial con reducción de carriles,0,30,0,1,3.0,Choque,adelantamientos indebidos,6503_1_1,14.0,10.0
Caquetá,2021-05-20 21:11:00,41,780.0,2021-03-30 05:00:00,martes,45,Lluvia,Humeda,Ondulado,Terraplen,Recta,Transito normal con precaución,12,45,1,0,1.0,Volcamiento,condiciones de la via y factores ambientales,6502_1_41,12.0,0.0
Casanare,2021-05-20 21:03:00,99,300.0,2021-04-11 05:00:00,domingo,20,Normal,Seca y limpia,Plano,Terraplen,Recta,Transito normal con precaución,13,20,0,1,5.0,Choque,impericia en el manejo,6515_1_99,13.0,0.0
Boyacá,2021-05-20 22:23:00,42,650.0,2021-02-02 05:00:00,martes,20,Normal,Seca y limpia,Ondulado,Media Ladera Derecha,Curva Derecha,Transito normal con precaución,0,50,0,0,0.0,Choque,adelantamientos indebidos,6209_0_42,6.0,18.0
Boyacá,2021-05-20 22:29:00,21,400.0,2021-02-04 05:00:00,jueves,30,Normal,Seca y limpia,Ondulado,Media Ladera Derecha,Curva Izquierda,Parcial con paso alternado,5,10,0,0,0.0,Volcamiento,impericia en el manejo,6008_0_21,7.0,22.0
Boyacá,2021-05-20 22:33:00,55,200.0,2021-02-07 05:00:00,domingo,40,Normal,Seca y limpia,Ondulado,Media ladera Izquierda,Recta,Transito normal con precaución,0,15,1,0,1.0,Choque,impericia en el manejo,6209_0_55,22.0,2.0
Boyacá,2021-05-20 22:37:00,14,900.0,2021-02-09 05:00:00,martes,40,Normal,Seca y limpia,Montañoso,Media Ladera Derecha,Curva Derecha,Cierre total,1,30,0,0,0.0,Choque,adelantamientos indebidos,6209_0_14,22.0,3.0
Boyacá,2021-05-20 22:43:00,34,750.0,2021-02-13 05:00:00,sabado,0,Normal,Seca y limpia,Plano,Terraplen,Curva Derecha,Transito normal con precaución,0,15,1,0,1.0,Choque,maniobras imprudentes,6209_0_34,13.0,11.0
Boyacá,2021-05-20 22:48:00,29,230.0,2021-02-14 05:00:00,domingo,0,Normal,Seca y limpia,Plano,Media Ladera Derecha,Curva Derecha,Transito normal con precaución,0,20,0,0,0.0,Choque,condiciones de la via y factores ambientales,6209_0_29,2.0,22.0
Boyacá,2021-05-20 22:55:00,37,100.0,2021-02-14 05:00:00,domingo,20,Normal,Seca y limpia,Montañoso,Terraplen,Recta,Transito normal con precaución,0,40,0,0,0.0,Choque,maniobras imprudentes,6209_0_37,13.0,11.0
Boyacá,2021-05-20 23:00:00,52,20.0,2021-02-14 05:00:00,domingo,40,Normal,Seca y limpia,Ondulado,Terraplen,Recta,Transito normal con precaución,0,30,0,0,0.0,Choque,no mantener distancia de seguridad,6209_0_52,15.0,9.0
Boyacá,2021-05-20 23:04:00,10,800.0,2021-02-16 05:00:00,martes,30,Normal,Seca y limpia,Montañoso,Media ladera Izquierda,Recta,Cierre total,0,12,0,0,0.0,Choque,otra - conductor en general,6209_0_10,10.0,14.0
Córdoba,2021-05-21 00:15:00,2,0.0,2021-02-11 05:00:00,jueves,0,Normal,Seca y limpia,Ondulado,Media Ladera Derecha,Curva Derecha,Parcial con reducción de carriles,2,0,0,0,0.0,Volcamiento,otra - conductor en general,2514_1_2,12.0,14.0
Córdoba,2021-05-21 00:20:00,30,150.0,2021-02-12 05:00:00,viernes,0,Normal,Seca y limpia,Plano,Terraplen,Recta,Transito normal con precaución,1,0,1,0,1.0,Choque,fallas mecanicas y del sistema electrico,2514_1_30,11.0,14.0
Córdoba,2021-05-21 00:23:00,31,550.0,2021-02-02 05:00:00,martes,0,Normal,Seca y limpia,Ondulado,Cajón,Recta,Transito normal con precaución,0,0,0,0,0.0,Choque,otra - conductor en general,2514_1_31,6.0,18.0
Córdoba,2021-05-21 00:26:00,34,430.0,2021-02-07 05:00:00,domingo,0,Normal,Seca y limpia,Plano,Terraplen,Recta,Parcial con reducción de carriles,2,0,0,1,2.0,Choque,otra - conductor en general,2514_1_34,21.0,5.0