territorial,fecha_registro,pr,distancia_pr,fecha_acc,dia_semana_acc,min_acc,condic_meteor,estado_super,terreno,secc_tip,geometria_acc,tipo_cierre,horas_cierre,min_cierre,n_heridos,n_muertos,n_victimas,clase_accidente,causa_posible,ref_loc,hora_acc,duracion_cierre_horas
Córdoba,2021-05-21 00:32:00,37,700.0,2021-02-20 05:00:00,sabado,0,Normal,Seca y limpia,Plano,Terraplen,Recta,Transito normal con precaución,0,0,0,0,0.0,Choque,otra - conductor en general,2514_1_37,18.0,6.0
Córdoba,2021-05-21 00:36:00,49,500.0,2021-02-20 05:00:00,sabado,20,Normal,Seca y limpia,Ondulado,Terraplen,Curva Derecha,Transito normal con precaución,0,0,0,0,0.0,Choque,desobediencia a normas y senales,2514_1_49,17.0,7.0
Córdoba,2021-05-21 00:39:00,49,500.0,2021-02-28 05:00:00,domingo,30,Normal,Seca y limpia,Ondulado,Terraplen,Curva Derecha,Transito normal con precaución,3,0,0,1,1.0,Volcamiento,maniobras imprudentes,2514_1_49,18.0,9.0
Córdoba,2021-05-21 00:41:00,34,500.0,2021-02-24 05:00:00,miercoles,0,Normal,Seca y limpia,Plano,Terraplen,Recta,Transito normal con precaución,1,0,1,0,1.0,Choque,otra - conductor en general,7403_1_34,16.0,9.0
Córdoba,2021-05-21 00:44:00,35,300.0,2021-02-18 05:00:00,jueves,30,Normal,Seca y limpia,Plano,Terraplen,Recta,Transito normal con precaución,0,0,2,0,2.0,Choque,no mantener distancia de seguridad,7403_1_35,19.0,5.0
Boyacá,2021-05-21 00:47:00,34,700.0,2021-02-18 05:00:00,jueves,30,Normal,Seca y limpia,Ondulado,Terraplen,Curva Izquierda,Transito normal con precaución,1,30,0,0,0.0,Choque,adelantamientos indebidos,6209_0_34,10.0,15.0
Boyacá,2021-05-21 00:54:00,21,20.0,2021-02-25 05:00:00,jueves,0,Lluvia,Humeda,Montañoso,Media Ladera Derecha,Curva Izquierda,Transito normal con precaución,0,50,0,0,0.0,Choque,adelantamientos indebidos,6209_0_21,14.0,10.0
Nariño,2021-05-28 15:32:00,13,650.0,2021-04-14 05:00:00,miercoles,0,Normal,Seca y limpia,Montañoso,Media ladera Izquierda,Curva Derecha,Transito normal con precaución,22,0,0,0,0.0,Choque,otra - conductor en general,0801_1_13,22.0,0.0
Córdoba,2021-05-21 00:58:00,63,713.0,2021-03-22 05:00:00,lunes,50,Normal,Seca y limpia,Plano,Terraplen,Recta,Parcial con reducción de carriles,3,0,0,1,2.0,Choque,otra - conductor en general,2513_0_63,2.0,1.0
Boyacá,2021-05-21 00:59:00,6,600.0,2021-02-26 05:00:00,viernes,30,Normal,Seca y limpia,Ondulado,Terraplen,Curva Izquierda,Transito normal con precaución,2,0,0,0,0.0,Choque,no mantener distancia de seguridad,6209_0_6,6.0,20.0
Córdoba,2021-05-21 01:02:00,65,770.0,2021-03-05 05:00:00,viernes,0,Normal,Seca y limpia,Plano,Terraplen,Recta,Transito normal con precaución,0,0,2,0,2.0,Choque,otra - conductor en general,2513_0_65,19.0,5.0
Córdoba,2021-05-21 01:05:00,1,550.0,2021-03-26 05:00:00,viernes,0,Normal,Seca y limpia,Ondulado,Terraplen,Recta,Transito normal con precaución,0,0,0,0,0.0,Choque,condiciones de la via y factores ambientales,2514_1_1,7.0,17.0
Boyacá,2021-05-21 01:05:00,18,100.0,2021-02-28 05:00:00,domingo,0,Normal,Seca y limpia,Ondulado,Media Ladera Derecha,Curva Izquierda,Transito normal con precaución,1,10,1,0,1.0,Choque,otra - conductor en general,6008_0_18,0.0,1.0
Córdoba,2021-05-21 01:08:00,49,700.0,2021-03-11 05:00:00,jueves,0,Normal,Seca y limpia,Ondulado,Terraplen,Recta,Transito normal con precaución,0,0,0,0,0.0,Volcamiento,maniobras imprudentes,2514_1_49,3.0,21.0
Córdoba,2021-05-21 01:11:00,2,160.0,2021-03-01 05:00:00,lunes,0,Normal,Seca y limpia,Plano,Terraplen,Curva Derecha,Transito normal con precaución,2,0,0,0,2.0,Choque,otra - conductor en general,7403_1_2,6.0,20.0
Córdoba,2021-05-21 01:14:00,11,600.0,2021-03-07 05:00:00,domingo,37,Normal,Seca y limpia,Ondulado,Media Ladera Derecha,Recta,Transito normal con precaución,1,0,2,0,2.0,Choque,embriaguez o sustancias alucinogenas,7403_1_11,2.0,23.0
Córdoba,2021-05-21 01:17:00,11,920.0,2021-03-08 05:00:00,lunes,30,Normal,Seca y limpia,Ondulado,Cajón,Recta,Parcial con reducción de carriles,2,0,0,1,1.0,Choque,adelantamientos indebidos,7403_1_11,15.0,11.0
Córdoba,2021-05-21 01:21:00,16,800.0,2021-03-04 05:00:00,jueves,30,Normal,Seca y limpia,Plano,Cajón,Recta,Transito normal con precaución,1,0,0,0,0.0,Choque,condiciones de la via y factores ambientales,7403_1_16,4.0,21.0
Córdoba,2021-05-21 01:24:00,40,500.0,2021-03-05 05:00:00,viernes,0,Normal,Seca y limpia,Plano,Terraplen,Recta,Parcial con reducción de carriles,3,0,0,1,1.0,Atropello,otra - conductor en general,7403_1_40,22.0,5.0
Córdoba,2021-05-21 01:27:00,44,65.0,2021-03-05 05:00:00,viernes,40,Normal,Seca y limpia,Plano,Terraplen,Recta,Transito normal con precaución,0,0,2,0,2.0,Choque,desobediencia a normas y senales,7403_1_44,8.0,16.0
Ocaña,2021-05-20 14:48:00,50,430.0,2021-01-07 05:00:00,jueves,30,Sol,Seca y limpia,Ondulado,Media ladera Izquierda,Recta,Transito normal con precaución,0,0,0,0,0.0,Choque,estacionamiento y senalizacion imprudente,7007_1_50,15.0,9.0
Ocaña,2021-05-20 15:07:00,52,975.0,2021-01-07 05:00:00,jueves,50,Normal,Seca y limpia,Ondulado,Terraplen,Recta,Transito normal con precaución,0,0,0,0,0.0,Choque,no mantener distancia de seguridad,7007_1_52,19.0,5.0
Ocaña,2021-05-20 15:07:00,49,403.0,2021-01-08 05:00:00,viernes,40,Lluvia,Humeda,Ondulado,Terraplen,Recta,Transito normal con precaución,0,0,0,0,0.0,Choque,condiciones de la via y factores ambientales,7007_2_49,22.0,2.0
Ocaña,2021-05-20 16:04:00,26,330.0,2021-02-14 05:00:00,domingo,58,Sol,Seca y limpia,Ondulado,Terraplen,Recta,Transito normal con precaución,0,0,0,0,0.0,Choque,no mantener distancia de seguridad,7008_2_26,16.0,8.0
Ocaña,2021-05-20 16:04:00,25,270.0,2021-03-31 05:00:00,miercoles,45,Sol,Seca y limpia,Ondulado,Terraplen,Recta,Transito normal con precaución,0,0,0,0,0.0,Choque,adelantamientos indebidos,7008_1_25,6.0,18.0
Ocaña,2021-05-20 16:04:00,27,290.0,2021-04-24 05:00:00,sabado,13,Sol,Seca y limpia,Ondulado,Terraplen,Recta,Transito normal con precaución,0,0,2,0,2.0,Atropello,embriaguez o sustancias alucinogenas,7008_1_27,17.0,7.0
Planta Central,2021-05-20 18:52:00,52,300.0,2021-02-22 05:00:00,lunes,10,Seca,Seca y limpia,Ondulado,Media ladera Izquierda,Curva Derecha,Transito normal con precaución,21,10,2,0,6.0,Caída ocupante,exceso de velocidad,5008_1_52,21.0,0.0
Planta Central,2021-05-20 19:53:00,54,179.0,2021-03-12 05:00:00,viernes,58,Lluvia,Humeda,Ondulado,Media Ladera Derecha,Curva Derecha,Transito normal con precaución,10,0,1,0,2.0,Choque,otra - pasajero o acompanante,5008_1_54,9.0,1.0
Planta Central,2021-05-20 19:53:00,52,673.0,2021-04-14 05:00:00,miercoles,6,Seca,Seca y limpia,Ondulado,Media Ladera Derecha,Curva Derecha,Transito normal con precaución,18,10,0,0,18.0,Volcamiento,otra - conductor en general,5008_1_52,18.0,0.0
Planta Central,2021-05-20 19:53:00,41,638.0,2021-04-17 05:00:00,sabado,17,Lluvia,Humeda,Ondulado,Terraplen,Curva Derecha,Transito normal con precaución,23,30,0,0,18.0,Salida de la vía sin volcarse,otra - conductor en general,5008_1_41,23.0,0.0
Planta Central,2021-05-20 19:53:00,9,333.0,2021-04-21 05:00:00,miercoles,51,Seca,Seca y limpia,Ondulado,Cajón,Curva Derecha,Transito normal con precaución,16,0,1,0,19.0,Caída ocupante,otra - conductor en general,5008_1_9,15.0,1.0
Caquetá,2021-05-20 20:43:00,54,846.0,2021-03-26 05:00:00,viernes,20,Lluvia,Humeda,Plano,Terraplen,Recta,Transito normal con precaución,6,20,2,0,2.0,Volcamiento,condiciones de la via y factores ambientales,6502_1_54,6.0,0.0
Caquetá,2021-05-20 20:57:00,45,180.0,2020-08-21 05:00:00,viernes,30,Lluvia,Lodo,Montañoso,Media ladera Izquierda,Curva Derecha,Transito normal con precaución,0,0,1,0,1.0,Caída de piedra,condiciones de la via y factores ambientales,2003A_0_45,18.0,6.0
Casanare,2021-05-31 22:32:00,44,950.0,2021-02-02 05:00:00,martes,10,Sol,Seca y limpia,Montañoso,Media Ladera Derecha,Curva Izquierda,Transito normal con precaución,7,10,0,0,0.0,Salida de la vía sin volcarse,fallas mecanicas y del sistema electrico,6211_1_44,7.0,0.0
Córdoba,2021-05-20 15:32:00,65,120.0,2021-02-20 05:00:00,sabado,0,Normal,Seca y limpia,Plano,Terraplen,Recta,Transito normal con precaución,0,0,1,0,1.0,Choque,otra - conductor en general,2513_0_65,15.0,9.0
Caquetá,2021-05-20 21:33:00,74,500.0,2020-10-24 05:00:00,sabado,0,Normal,Seca y limpia,Plano,Media Ladera Derecha,Recta,Transito normal con precaución,0,0,0,0,0.0,Incendio,fallas mecanicas y del sistema electrico,6503_1_74,6.0,18.0
Caquetá,2021-05-20 19:44:00,31,600.0,2021-04-05 05:00:00,lunes,0,Lluvia,Humeda,Ondulado,Media ladera Izquierda,Recta,Transito normal con precaución,21,0,3,0,3.0,Choque,embriaguez o sustancias alucinogenas,6502_1_31,21.0,0.0
Planta Central,2021-05-20 19:53:00,46,183.0,2021-03-20 05:00:00,sabado,10,Seca,Seca y limpia,Ondulado,Media Ladera Derecha,Curva Derecha,Transito normal con precaución,19,20,1,0,7.0,Caída ocupante,impericia en el manejo,5008_1_46,19.0,0.0
Planta Central,2021-05-20 19:53:00,44,873.0,2021-03-26 05:00:00,viernes,42,Seca,Seca y limpia,Ondulado,Media Ladera Derecha,Curva Derecha,Transito normal con precaución,12,50,1,0,8.0,Caída ocupante,impericia en el manejo,5008_1_44,12.0,0.0
Planta Central,2021-05-20 19:53:00,54,32.0,2021-04-14 05:00:00,miercoles,34,Seca,Seca y limpia,Ondulado,Media Ladera Derecha,Curva Derecha,Transito normal con precaución,15,36,0,0,18.0,Volcamiento,otra - conductor en general,5008_1_54,15.0,0.0
Caquetá,2021-05-20 20:32:00,57,570.0,2020-08-13 05:00:00,jueves,30,Lluvia,Humeda,Montañoso,Media ladera Izquierda,Curva Derecha,Transito normal con precaución,0,0,1,0,1.0,Salida de la vía sin volcarse,fallas mecanicas y del sistema electrico,2003A_0_57,4.0,20.0
Casanare,2021-05-20 21:03:00,125,400.0,2021-03-17 05:00:00,miercoles,30,Normal,Seca y limpia,Plano,Terraplen,Recta,Transito normal con precaución,18,30,0,0,1.0,Choque,adelantamientos indebidos,6515_1_125,18.0,0.0
Boyacá,2021-05-20 22:01:00,22,700.0,2021-02-05 05:00:00,viernes,0,Lluvia,Humeda,Montañoso,Media Ladera Derecha,Curva Izquierda,Transito normal con precaución,0,25,0,0,0.0,Volcamiento,otra - conductor en general,6209_0_22,16.0,8.0
Boyacá,2021-05-21 17:08:00,21,20.0,2021-03-03 05:00:00,miercoles,0,Lluvia,Humeda,Montañoso,Cajón,Curva Izquierda,Transito normal con precaución,0,50,0,0,0.0,Choque,otra - conductor en general,6209_0_21,17.0,7.0
Boyacá,2021-05-21 17:20:00,44,600.0,2021-03-05 05:00:00,viernes,40,Normal,Seca y limpia,Ondulado,Terraplen,Recta,Transito normal con precaución,0,20,1,0,1.0,Choque,adelantamientos indebidos,6209_0_44,9.0,15.0
Boyacá,2021-05-21 17:33:00,55,50.0,2021-03-08 05:00:00,lunes,0,Normal,Seca y limpia,Ondulado,Media ladera Izquierda,Recta,Transito normal con precaución,0,20,0,0,0.0,Choque,no mantener distancia de seguridad,6209_0_55,10.0,14.0
Boyacá,2021-05-21 17:45:00,13,120.0,2021-03-12 05:00:00,viernes,30,Normal,Seca y limpia,Montañoso,Media ladera Izquierda,Recta,Transito normal con precaución,0,45,1,0,1.0,Choque,maniobras imprudentes,6209_0_13,12.0,12.0
Boyacá,2021-05-21 17:55:00,63,165.0,2021-03-15 05:00:00,lunes,20,Normal,Seca y limpia,Ondulado,Media Ladera Derecha,Curva Derecha,Transito normal con precaución,0,40,0,0,0.0,Choque,embriaguez o sustancias alucinogenas,6209_0_63,1.0,23.0
Boyacá,2021-05-21 17:27:00,24,200.0,2021-03-07 05:00:00,domingo,5,Lluvia,Humeda,Montañoso,Media Ladera Derecha,Recta,Transito normal con precaución,0,40,0,0,0.0,Choque,no mantener distancia de seguridad,6209_0_24,19.0,5.0
Boyacá,2021-05-21 17:39:00,15,400.0,2021-03-08 05:00:00,lunes,0,Normal,Seca y limpia,Ondulado,Media ladera Izquierda,Curva Izquierda,Transito normal con precaución,1,10,1,0,1.0,Choque,adelantamientos indebidos,6008_0_15,8.0,17.0
Boyacá,2021-05-21 17:50:00,43,900.0,2021-03-12 05:00:00,viernes,40,Normal,Seca y limpia,Ondulado,Terraplen,Recta,Transito normal con precaución,0,20,0,0,0.0,Choque,otra - conductor en general,6209_0_43,16.0,8.0
Córdoba,2021-05-21 19:17:00,65,480.0,2021-04-15 05:00:00,jueves,0,Normal,Seca y limpia,Plano,Terraplen,Recta,Transito normal con precaución,2,0,0,0,0.0,Choque,otra - conductor en general,2513_0_65,12.0,14.0
Córdoba,2021-05-21 19:24:00,26,300.0,2021-04-05 05:00:00,lunes,20,Normal,Seca y limpia,Plano,Terraplen,Recta,Parcial con reducción de carriles,2,0,0,0,0.0,Choque,no mantener distancia de seguridad,2514_1_26,9.0,17.0
Córdoba,2021-05-21 19:34:00,28,120.0,2021-04-04 05:00:00,domingo,30,Normal,Seca y limpia,Plano,Terraplen,Recta,Transito normal con precaución,1,0,0,0,1.0,Choque,otra - conductor en general,2514_1_28,17.0,8.0
Córdoba,2021-05-21 19:41:00,50,100.0,2021-04-27 05:00:00,martes,20,Normal,Seca y limpia,Plano,Terraplen,Recta,Transito normal con precaución,0,0,0,0,0.0,Volcamiento,exceso en horas de conduccion,2514_1_50,0.0,0.0
Boyacá,2021-05-21 21:40:00,48,330.0,2021-03-21 05:00:00,domingo,45,Normal,Seca y limpia,Ondulado,Media Ladera Derecha,Recta,Transito normal con precaución,0,50,1,0,1.0,Choque,maniobras imprudentes,6007_0_48,16.0,8.0
Boyacá,2021-05-21 21:46:00,9,780.0,2021-03-23 05:00:00,martes,30,Normal,Seca y limpia,Montañoso,Media ladera Izquierda,Curva Derecha,Transito normal con precaución,1,10,0,0,0.0,Choque,adelantamientos indebidos,6209_0_9,7.0,18.0
Nariño,2021-05-21 21:47:00,25,550.0,2021-03-22 05:00:00,lunes,30,Sol,Seca y limpia,Montañoso,Media Ladera Derecha,Recta,Transito normal con precaución,13,30,0,0,0.0,Choque,embriaguez o sustancias alucinogenas,1702_0_25,13.0,0.0
Boyacá,2021-05-21 21:54:00,41,450.0,2021-03-22 05:00:00,lunes,30,Normal,Seca y limpia,Ondulado,Media Ladera Derecha,Curva Derecha,Transito normal con precaución,0,0,0,0,0.0,Salida de la vía sin volcarse,fallas mecanicas y del sistema electrico,6209_0_41,18.0,6.0
Nariño,2021-05-21 21:57:00,106,180.0,2021-03-30 05:00:00,martes,0,Sol,Seca y limpia,Ondulado,Terraplen,Recta,Transito normal con precaución,14,0,0,0,0.0,Choque,exceso de velocidad,1002_1_106,14.0,0.0
Nariño,2021-05-21 22:27:00,50,340.0,2021-04-08 05:00:00,jueves,50,Sol,Seca y limpia,Ondulado,Media ladera Izquierda,Curva Izquierda,Transito normal con precaución,7,50,0,0,2.0,Choque,adelantamientos indebidos,2501B_1_50,7.0,0.0
Boyacá,2021-05-21 22:30:00,53,500.0,2021-03-28 05:00:00,domingo,30,Normal,Seca y limpia,Ondulado,Media ladera Izquierda,Recta,Transito normal con precaución,0,45,0,0,0.0,Choque,no mantener distancia de seguridad,6209_0_53,12.0,12.0
Boyacá,2021-05-21 22:41:00,22,100.0,2021-03-27 05:00:00,sabado,0,Lluvia,Humeda,Montañoso,Media Ladera Derecha,Curva Izquierda,Transito normal con precaución,0,30,2,0,2.0,Volcamiento,condiciones de la via y factores ambientales,6209_0_22,16.0,8.0
Nariño,2021-05-21 21:51:00,58,750.0,2021-03-27 05:00:00,sabado,0,Lluvia,Humeda,Plano,Media Ladera Derecha,Curva Izquierda,Transito normal con precaución,18,0,0,0,0.0,Choque,maniobras imprudentes,2501B_1_58,18.0,0.0
Boyacá,2021-05-21 22:02:00,21,500.0,2021-03-24 05:00:00,miercoles,10,Lluvia,Humeda,Montañoso,Cajón,Recta,Transito normal con precaución,0,50,0,0,0.0,Choque,condiciones de la via y factores ambientales,6209_0_21,15.0,9.0
Nariño,2021-05-21 22:04:00,47,400.0,2021-04-03 05:00:00,sabado,40,Normal,Seca y limpia,Plano,Media ladera Izquierda,Recta,Parcial con paso alternado,14,40,2,0,2.0,Choque,maniobras imprudentes,2501B_1_47,14.0,0.0
Boyacá,2021-05-21 22:45:00,33,200.0,2021-03-30 05:00:00,martes,15,Normal,Seca y limpia,Plano,Terraplen,Recta,Transito normal con precaución,0,20,0,0,0.0,Choque,maniobras imprudentes,6209_0_33,14.0,10.0
Casanare,2021-05-24 16:22:00,51,500.0,2021-02-07 05:00:00,domingo,45,Normal,Seca y limpia,Plano,Terraplen,Recta,Transito normal con precaución,23,45,0,0,1.0,Atropello,otra - conductor en general,6515_1_51,23.0,0.0
Tolima,2021-05-24 22:05:00,43,170.0,2021-04-08 05:00:00,jueves,0,Normal,Seca y limpia,Plano,Cajón,Recta,Transito normal con precaución,0,50,1,0,1.0,Choque,desobediencia a normas y senales,4507_1_43,14.0,10.0
Tolima,2021-05-24 22:18:00,43,330.0,2021-04-25 05:00:00,domingo,0,Normal,Seca y limpia,Plano,Cajón,Recta,Transito normal con precaución,0,50,1,0,1.0,Choque,desobediencia a normas y senales,4507_1_43,12.0,12.0
Córdoba,2021-05-25 15:30:00,1,372.0,2021-03-03 05:00:00,miercoles,20,Normal,Seca y limpia,Plano,Terraplen,Recta,Transito normal con precaución,0,40,0,0,0.0,Choque,no mantener distancia de seguridad,7801_1_1,10.0,14.0
Planta Central,2021-05-25 15:40:00,60,640.0,2021-04-30 05:00:00,viernes,0,Normal,Humeda,Escarpado,Media Ladera Derecha,Curva Izquierda,Transito normal con precaución,2,0,1,0,1.0,Otro,otra - conductor en general,45A08_1_60,6.0,20.0
Putumayo,2021-05-25 16:20:00,85,0.0,2021-02-16 05:00:00,martes,30,Sol,Seca y limpia,Plano,Terraplen,Curva Derecha,Parcial con reducción de carriles,14,30,1,0,1.0,Salida de la vía sin volcarse,fallas mecanicas y del sistema electrico,4501_1_85,14.0,0.0
Putumayo,2021-05-25 16:24:00,21,550.0,2021-02-05 05:00:00,viernes,33,Lluvia,Humeda,Plano,Terraplen,Recta,Parcial con reducción de carriles,0,33,0,0,4.0,Choque,embriaguez o sustancias alucinogenas,4501_1_21,0.0,0.0
Putumayo,2021-05-25 16:31:00,29,100.0,2021-03-01 05:00:00,lunes,0,Sol,Seca y limpia,Ondulado,Terraplen,Curva Izquierda,Parcial con reducción de carriles,17,0,0,0,1.0,Choque,embriaguez o sustancias alucinogenas,4501_1_29,17.0,0.0
Putumayo,2021-05-25 16:40:00,64,320.0,2021-03-12 05:00:00,viernes,0,Normal,Seca y limpia,Ondulado,Terraplen,Curva Izquierda,Parcial con reducción de carriles,1,0,3,0,3.0,Choque,exceso de velocidad,4501_1_64,1.0,0.0
Planta Central,2021-05-25 16:22:00,0,711.0,2021-04-29 05:00:00,jueves,30,Lluvia,Humeda,Plano,Terraplen,Recta,Transito normal con precaución,0,30,0,0,0.0,Salida de la vía sin volcarse,fallas mecanicas y del sistema electrico,45ACNC_2_0,15.0,9.0
Tolima,2021-05-25 20:00:00,23,200.0,2021-04-17 05:00:00,sabado,9,Viento,Humeda,Escarpado,Media Ladera Derecha,Curva Izquierda,Transito normal con precaución,0,0,0,0,0.0,Choque,otra - conductor en general,5007_1_23,9.0,15.0
Tolima,2021-05-25 20:08:00,24,350.0,2021-04-25 05:00:00,domingo,30,Viento,Seca y limpia,Montañoso,Media ladera Izquierda,Curva Derecha,Transito normal con precaución,0,0,0,0,0.0,Volcamiento,condiciones de la via y factores ambientales,5007_1_24,15.0,9.0
Meta,2021-05-25 20:27:00,98,55.0,2021-04-27 05:00:00,martes,0,Seca,Seca y limpia,Plano,Terraplen,Recta,Transito normal con precaución,1,0,0,0,0.0,Choque,no mantener distancia de seguridad,6507_0_98,17.0,8.0
Córdoba,2021-05-25 20:29:00,30,200.0,2021-03-13 05:00:00,sabado,25,Normal,Seca y limpia,Plano,Terraplen,Recta,Transito normal con precaución,0,20,0,0,1.0,Choque,maniobras imprudentes,7801_1_30,22.0,2.0
Bolívar,2021-05-25 21:14:00,21,130.0,2021-04-03 05:00:00,sabado,15,Normal,Seca y limpia,Plano,Terraplen,Recta,Transito normal con precaución,0,0,0,0,0.0,Choque,no mantener distancia de seguridad,7803_0_21,11.0,13.0
Bolívar,2021-05-25 21:28:00,37,500.0,2021-04-20 05:00:00,martes,50,Normal,Seca y limpia,Plano,Terraplen,Recta,Transito normal con precaución,0,0,2,0,2.0,Choque,maniobras imprudentes,7803_0_37,19.0,5.0
Córdoba,2021-05-25 22:30:00,37,780.0,2021-03-13 05:00:00,sabado,50,Normal,Seca y limpia,Ondulado,Media Ladera Derecha,Curva Derecha,Transito normal con precaución,0,20,0,0,3.0,Choque,desobediencia a normas y senales,7801_1_37,0.0,0.0
Planta Central,2021-05-25 22:07:00,75,700.0,2021-04-28 05:00:00,miercoles,10,Seca,Seca y limpia,Ondulado,Media Ladera Derecha,Curva Derecha,Transito normal con precaución,8,45,1,0,1.0,Volcamiento,maniobras imprudentes,45A06_0_75,7.0,1.0
Norte de Santander,2021-05-25 22:54:00,34,279.0,2021-03-13 05:00:00,sabado,30,Normal,Seca y limpia,Montañoso,Media ladera Izquierda,Curva Izquierda,Cierre total,1,25,0,1,1.0,Choque,impericia en el manejo,5505_1_34,16.0,9.0
Norte de Santander,2021-05-25 22:35:00,22,40.0,2021-02-21 05:00:00,domingo,45,Normal,Seca y limpia,Plano,Media Ladera Derecha,Curva Izquierda,Cierre total,0,45,1,0,2.0,Choque,impericia en el manejo,5505_1_22,17.0,7.0
Norte de Santander,2021-05-25 23:50:00,47,900.0,2021-03-29 05:00:00,lunes,0,Lluvia,Humeda,Montañoso,Media ladera Izquierda,Curva Izquierda,Parcial restringido a vehiculos pesados,2,0,0,0,0.0,Choque,adelantamientos indebidos,5505_1_47,10.0,16.0
Córdoba,2021-05-26 16:35:00,0,287.0,2021-03-15 05:00:00,lunes,0,Normal,Seca y limpia,Plano,Terraplen,Recta,Transito normal con precaución,0,10,0,0,2.0,Choque,adelantamientos indebidos,9003_0_0,13.0,11.0
Córdoba,2021-05-26 21:31:00,8,1124.0,2021-03-20 05:00:00,sabado,20,Normal,Seca y limpia,Plano,Terraplen,Recta,Transito normal con precaución,0,50,0,0,2.0,Choque,adelantamientos indebidos,2103_1_8,5.0,19.0
Córdoba,2021-05-26 22:29:00,4,500.0,2021-03-26 05:00:00,viernes,30,Normal,Seca y limpia,Plano,Terraplen,Recta,Transito normal con precaución,1,10,0,0,0.0,Choque,imprudencia del conductor,9004_1_4,18.0,7.0
Boyacá,2021-05-27 14:49:00,82,800.0,2021-04-03 05:00:00,sabado,0,Normal,Seca y limpia,Montañoso,Media ladera Izquierda,Curva Izquierda,Parcial con paso alternado,1,40,0,0,0.0,Volcamiento,impericia en el manejo,6007_0_82,10.0,15.0
Huila,2021-05-27 14:55:00,67,830.0,2021-01-18 05:00:00,lunes,30,Lluvia,Humeda,Montañoso,Cajón,Recta,Transito normal con precaución,0,0,4,0,4.0,Choque,condiciones de la via y factores ambientales,2402_1_67,8.0,16.0
Nariño,2021-05-27 14:03:00,87,300.0,2021-03-06 05:00:00,sabado,30,Lluvia,Humeda,Montañoso,Media ladera Izquierda,Recta,Transito normal con precaución,5,30,0,0,1.0,Otro,condiciones de la via y factores ambientales,2501B_1_87,5.0,0.0
Huila,2021-05-27 15:07:00,76,600.0,2021-02-09 05:00:00,martes,40,Normal,Seca y limpia,Plano,Terraplen,Recta,Transito normal con precaución,0,0,2,0,2.0,Choque,impericia en el manejo,2402_1_76,16.0,8.0
Huila,2021-05-27 15:12:00,78,30.0,2021-03-19 05:00:00,viernes,0,Normal,Seca y limpia,Plano,Terraplen,Recta,Transito normal con precaución,0,0,0,0,0.0,Volcamiento,desobediencia a normas y senales,2402_1_78,23.0,1.0
Nariño,2021-05-27 14:09:00,21,200.0,2021-03-16 05:00:00,martes,50,Lluvia,Lodo,Montañoso,Media ladera Izquierda,Recta,Transito normal con precaución,21,50,0,0,0.0,Otro,condiciones de la via y factores ambientales,2502_1_21,21.0,0.0
Nariño,2021-05-27 14:22:00,19,400.0,2021-03-23 05:00:00,martes,40,Normal,Seca y limpia,Montañoso,Media ladera Izquierda,Recta,Transito normal con precaución,10,40,0,0,0.0,Choque,fallas mecanicas y del sistema electrico,2502_1_19,10.0,0.0
Nariño,2021-05-27 14:40:00,9,980.0,2021-03-31 05:00:00,miercoles,40,Normal,Seca y limpia,Ondulado,Media Ladera Derecha,Curva Izquierda,Transito normal con precaución,17,40,1,0,1.0,Choque,desobediencia a normas y senales,25NRD_1_9,17.0,0.0
Boyacá,2021-05-27 15:08:00,6,870.0,2021-04-03 05:00:00,sabado,30,Lluvia,Humeda,Ondulado,Terraplen,Recta,Transito normal con precaución,1,50,0,0,0.0,Choque,impericia en el manejo,6209_0_6,21.0,4.0
Nariño,2021-05-27 14:17:00,32,300.0,2021-03-20 05:00:00,sabado,30,Normal,Seca y limpia,Montañoso,Media ladera Izquierda,Recta,Transito normal con precaución,22,30,1,0,1.0,Atropello,embriaguez o sustancias alucinogenas,2502_1_32,22.0,0.0
Huila,2021-05-27 15:18:00,68,940.0,2021-03-14 05:00:00,domingo,0,Normal,Seca y limpia,Plano,Terraplen,Recta,Transito normal con precaución,0,0,0,0,0.0,Choque,no mantener distancia de seguridad,2402_1_68,17.0,7.0
Boyacá,2021-05-27 15:18:00,11,825.0,2021-04-04 05:00:00,domingo,30,Normal,Seca y limpia,Montañoso,Cajón,Recta,Transito normal con precaución,0,50,0,0,0.0,Choque,no mantener distancia de seguridad,6209_0_11,11.0,13.0
Casanare,2021-05-27 15:15:00,31,180.0,2021-04-07 05:00:00,miercoles,0,Normal,Seca y limpia,Plano,Terraplen,Recta,Transito normal con precaución,0,0,2,0,2.0,Choque,no mantener distancia de seguridad,6606_1_31,5.0,19.0
Boyacá,2021-05-27 15:27:00,27,550.0,2021-04-05 05:00:00,lunes,20,Lluvia,Humeda,Montañoso,Media Ladera Derecha,Curva Derecha,Transito normal con precaución,2,10,0,0,0.0,Choque,condiciones de la via y factores ambientales,6209_0_27,13.0,13.0
Huila,2021-05-27 15:28:00,67,700.0,2021-03-11 05:00:00,jueves,30,Normal,Seca y limpia,Montañoso,Media Ladera Derecha,Curva Izquierda,Transito normal con precaución,0,0,1,0,1.0,Choque,otra - conductor en general,2402_1_67,16.0,8.0
Nariño,2021-05-27 14:35:00,41,50.0,2021-03-24 05:00:00,miercoles,30,Lluvia,Otra,Montañoso,Media ladera Izquierda,Curva Izquierda,Transito normal con precaución,4,30,0,0,0.0,Choque,condiciones de la via y factores ambientales,2502_1_41,4.0,0.0