territorial,fecha_registro,pr,distancia_pr,fecha_acc,dia_semana_acc,min_acc,condic_meteor,estado_super,terreno,secc_tip,geometria_acc,tipo_cierre,horas_cierre,min_cierre,n_heridos,n_muertos,n_victimas,clase_accidente,causa_posible,ref_loc,hora_acc,duracion_cierre_horas
Boyacá,2021-05-27 18:29:00,17,450.0,2021-04-06 05:00:00,martes,0,Lluvia,Humeda,Montañoso,Media Ladera Derecha,Curva Izquierda,Transito normal con precaución,2,40,0,0,0.0,Volcamiento,adelantamientos indebidos,6209_0_17,14.0,12.0
Casanare,2021-05-31 22:32:00,50,350.0,2021-02-08 05:00:00,lunes,30,Sol,Seca y limpia,Montañoso,Media Ladera Derecha,Curva Izquierda,Parcial con reducción de carriles,14,30,0,0,10.0,Choque,exceso en horas de conduccion,6211_1_50,14.0,0.0
Boyacá,2021-05-27 18:40:00,4,10.0,2021-04-06 05:00:00,martes,0,Normal,Seca y limpia,Ondulado,Terraplen,Recta,Parcial con paso alternado,1,30,1,0,1.0,Choque,otra - conductor en general,6008_0_4,17.0,8.0
Boyacá,2021-05-27 18:51:00,19,300.0,2021-04-14 05:00:00,miercoles,0,Normal,Seca y limpia,Montañoso,Media ladera Izquierda,Curva Izquierda,Transito normal con precaución,0,40,0,0,0.0,Salida de la vía sin volcarse,defectos fisicos y psiquicos,6209_0_19,9.0,15.0
Nariño,2021-05-27 20:31:00,32,40.0,2021-04-27 05:00:00,martes,50,Lluvia,Humeda,Montañoso,Media ladera Izquierda,Curva Derecha,Transito normal con precaución,22,50,2,0,5.0,Choque,exceso de velocidad,1002_1_32,22.0,0.0
Nariño,2021-05-27 20:38:00,32,40.0,2021-04-27 05:00:00,martes,50,Lluvia,Humeda,Montañoso,Media ladera Izquierda,Curva Derecha,Transito normal con precaución,22,50,2,0,5.0,Choque,exceso de velocidad,1002_1_32,22.0,0.0
Nariño,2021-05-27 20:51:00,85,800.0,2021-04-22 05:00:00,jueves,38,Normal,Seca y limpia,Montañoso,Media ladera Izquierda,Recta,Transito normal con precaución,10,38,0,0,0.0,Choque,adelantamientos indebidos,1002_1_85,10.0,0.0
Nariño,2021-05-27 22:50:00,26,250.0,2021-02-07 05:00:00,domingo,50,Lluvia,Humeda,Montañoso,Media Ladera Derecha,Curva Izquierda,Transito normal con precaución,0,50,0,1,1.0,Atropello,conducta de peatones,1002_1_26,0.0,0.0
Nariño,2021-05-27 23:18:00,87,587.0,2021-02-10 05:00:00,miercoles,30,Normal,Seca y limpia,Montañoso,Media Ladera Derecha,Recta,Transito normal con precaución,6,30,0,1,1.0,Choque,exceso de velocidad,1002_1_87,6.0,0.0
Boyacá,2021-05-27 18:55:00,21,50.0,2021-04-15 05:00:00,jueves,50,Lluvia,Humeda,Montañoso,Media Ladera Derecha,Curva Izquierda,Transito normal con precaución,0,20,0,0,0.0,Choque,condiciones de la via y factores ambientales,6209_0_21,13.0,11.0
Boyacá,2021-05-27 19:03:00,21,315.0,2021-04-18 05:00:00,domingo,10,Lluvia,Humeda,Montañoso,Media Ladera Derecha,Curva Derecha,Transito normal con precaución,7,0,1,0,1.0,Choque,otra - conductor en general,6209_0_21,17.0,14.0
Boyacá,2021-05-27 19:12:00,22,10.0,2021-04-27 05:00:00,martes,50,Lluvia,Humeda,Montañoso,Media Ladera Derecha,Curva Izquierda,Transito normal con precaución,0,50,0,0,0.0,Choque,condiciones de la via y factores ambientales,6209_0_22,11.0,13.0
Bolívar,2021-05-27 20:03:00,6,80.0,2021-04-25 05:00:00,domingo,30,Normal,Seca y limpia,Plano,Terraplen,Curva Izquierda,Transito normal con precaución,0,0,0,1,2.0,Choque,otra - conductor en general,7804_0_6,22.0,2.0
Nariño,2021-05-27 13:44:00,21,50.0,2021-04-05 05:00:00,lunes,0,Normal,Humeda,Montañoso,Media ladera Izquierda,Curva Derecha,Transito normal con precaución,7,0,1,0,1.0,Choque,exceso de velocidad,1002_1_21,7.0,0.0
Nariño,2021-05-27 20:56:00,90,680.0,2021-04-08 05:00:00,jueves,40,Normal,Seca y limpia,Montañoso,Media ladera Izquierda,Curva Derecha,Transito normal con precaución,12,40,1,0,1.0,Caída ocupante,condiciones de la via y factores ambientales,1002_1_90,12.0,0.0
Nariño,2021-05-27 23:07:00,41,770.0,2021-02-10 05:00:00,miercoles,0,Lluvia,Humeda,Montañoso,Media Ladera Derecha,Curva Izquierda,Transito normal con precaución,3,0,0,0,0.0,Salida de la vía sin volcarse,exceso de velocidad,1002_1_41,3.0,0.0
Boyacá,2021-05-31 04:06:00,6,0.0,2021-04-21 05:00:00,miercoles,0,Normal,Seca y limpia,Ondulado,Terraplen,Curva Izquierda,Transito normal con precaución,1,25,2,0,2.0,Choque,otra - conductor en general,6008_0_6,20.0,5.0
Boyacá,2021-05-31 13:35:00,54,250.0,2021-04-09 05:00:00,viernes,50,Normal,Seca y limpia,Plano,Terraplen,Recta,Transito normal con precaución,0,50,0,1,1.0,Choque,exceso en horas de conduccion,6008_0_54,16.0,8.0
Boyacá,2021-05-31 13:42:00,58,0.0,2021-04-11 05:00:00,domingo,15,Normal,Seca y limpia,Ondulado,Media Ladera Derecha,Recta,Parcial con paso alternado,0,40,1,0,2.0,Choque,maniobras imprudentes,6008_0_58,18.0,6.0
Boyacá,2021-05-31 13:44:00,3,500.0,2021-04-24 05:00:00,sabado,0,Normal,Seca y limpia,Ondulado,Cajón,Recta,Transito normal con precaución,0,50,1,0,1.0,Choque,otra - conductor en general,6008_0_3,9.0,15.0
Planta Central,2021-05-31 05:00:00,9,50.0,2021-01-03 05:00:00,domingo,10,Lluvia,Humeda,Montañoso,Media ladera Izquierda,Curva Derecha,Parcial con paso alternado,1,45,0,0,1.0,Volcamiento,exceso de velocidad,4003_1_9,17.0,8.0
Boyacá,2021-05-31 13:55:00,55,426.0,2021-04-23 05:00:00,viernes,15,Normal,Seca y limpia,Plano,Terraplen,Recta,Parcial con paso alternado,0,50,0,0,1.0,Choque,maniobras imprudentes,6008_0_55,12.0,12.0
Cauca,2021-05-31 18:03:00,10,400.0,2021-04-06 05:00:00,martes,0,Normal,Seca y limpia,Montañoso,Media Ladera Derecha,Curva Derecha,Transito normal con precaución,0,0,0,0,0.0,Salida de la vía sin volcarse,condiciones de la via y factores ambientales,2002_1_10,6.0,18.0
Cauca,2021-05-31 18:13:00,11,50.0,2021-04-08 05:00:00,jueves,30,Sol,Seca y limpia,Montañoso,Media Ladera Derecha,Curva Izquierda,Parcial con paso alternado,0,0,0,0,0.0,Volcamiento,fallas mecanicas y del sistema electrico,2401_0_11,16.0,8.0
Cauca,2021-05-31 18:17:00,1,500.0,2021-04-12 05:00:00,lunes,0,Normal,Seca y limpia,Ondulado,Terraplen,Recta,Parcial con paso alternado,0,0,0,0,0.0,Salida de la vía sin volcarse,exceso en horas de conduccion,2002_1_1,6.0,18.0
Cauca,2021-05-31 18:25:00,14,650.0,2021-04-21 05:00:00,miercoles,0,Sol,Seca y limpia,Montañoso,Media Ladera Derecha,Recta,Parcial con paso alternado,0,0,1,0,1.0,Choque,estacionamiento y senalizacion imprudente,2002_1_14,12.0,12.0
Nariño,2021-05-31 17:57:00,38,500.0,2021-04-29 05:00:00,jueves,20,Normal,Seca y limpia,Montañoso,Terraplen,Recta,Transito normal con precaución,9,20,0,0,0.0,Choque,maniobras imprudentes,1701_0_38,9.0,0.0
Norte de Santander,2021-05-31 19:51:00,21,474.0,2021-04-04 05:00:00,domingo,10,Normal,Seca y limpia,Plano,Media Ladera Derecha,Recta,Transito normal con precaución,1,0,1,0,1.0,Atropello,embriaguez o sustancias alucinogenas,5505_1_21,14.0,11.0
Cundinamarca,2021-05-31 20:32:00,15,294.0,2020-08-25 05:00:00,martes,30,Sol,Seca y limpia,Plano,Cajón,Recta,Transito normal con precaución,12,30,0,0,0.0,Choque,adelantamientos indebidos,45A04_1_15,12.0,0.0
Norte de Santander,2021-05-31 20:25:00,4,50.0,2021-04-22 05:00:00,jueves,0,Normal,Seca y limpia,Montañoso,Media ladera Izquierda,Curva Izquierda,Cierre total,2,45,0,0,0.0,Choque,otra - conductor en general,5505_1_4,9.0,17.0
Cundinamarca,2021-05-31 20:41:00,60,606.0,2020-09-01 05:00:00,martes,0,Lluvia,Humeda,Plano,Cajón,Recta,Transito normal con precaución,0,0,0,0,0.0,Choque,adelantamientos indebidos,5008A_1_60,0.0,0.0
Cundinamarca,2021-05-31 20:44:00,23,700.0,2020-10-01 05:00:00,jueves,10,Normal,Seca y limpia,Plano,Cajón,Recta,Parcial con reducción de carriles,17,10,1,0,1.0,Choque,desobediencia a normas y senales,5501_1_23,17.0,0.0
Boyacá,2021-05-31 13:38:00,88,782.0,2021-04-08 05:00:00,jueves,35,Normal,Seca y limpia,Ondulado,Media Ladera Derecha,Curva Derecha,Transito normal con precaución,2,15,4,1,5.0,Choque,otra - conductor en general,6007_0_88,12.0,14.0
Boyacá,2021-05-31 13:47:00,42,562.0,2021-04-14 05:00:00,miercoles,45,Normal,Seca y limpia,Ondulado,Terraplen,Recta,Parcial con paso alternado,0,38,1,0,1.0,Choque,impericia en el manejo,6008_0_42,7.0,17.0
Boyacá,2021-05-31 13:51:00,68,110.0,2021-04-20 05:00:00,martes,43,Normal,Seca y limpia,Ondulado,Terraplen,Recta,Parcial con paso alternado,0,45,0,0,0.0,Choque,no mantener distancia de seguridad,6008_0_68,9.0,15.0
Planta Central,2021-05-31 05:00:00,8,290.0,2021-01-10 05:00:00,domingo,0,Normal,Seca y limpia,Montañoso,Media ladera Izquierda,Curva Derecha,Transito normal con precaución,2,0,4,0,5.0,Salida de la vía sin volcarse,exceso de velocidad,4003_1_8,8.0,18.0
Boyacá,2021-05-31 14:10:00,65,815.0,2021-04-28 05:00:00,miercoles,30,Lluvia,Humeda,Plano,Media Ladera Derecha,Curva Izquierda,Parcial con paso alternado,0,55,0,1,1.0,Choque,condiciones de la via y factores ambientales,6008_0_65,17.0,7.0
Cauca,2021-05-31 17:59:00,22,480.0,2021-04-06 05:00:00,martes,0,Normal,Otra,Montañoso,Media Ladera Derecha,Curva Izquierda,Transito normal con precaución,0,0,0,0,0.0,Salida de la vía sin volcarse,exceso en horas de conduccion,2002_1_22,3.0,21.0
Cauca,2021-05-31 18:08:00,32,390.0,2021-04-06 05:00:00,martes,40,Sol,Seca y limpia,Montañoso,Terraplen,Recta,Parcial con paso alternado,0,0,0,1,3.0,Choque,maniobras imprudentes,2001_1_32,16.0,8.0
Cauca,2021-05-31 18:20:00,14,40.0,2021-04-21 05:00:00,miercoles,0,Normal,Seca y limpia,Montañoso,Media Ladera Derecha,Curva Izquierda,Parcial con paso alternado,0,0,0,0,1.0,Choque,maniobras imprudentes,2002_1_14,7.0,17.0
Cauca,2021-05-31 18:30:00,38,300.0,2021-04-25 05:00:00,domingo,0,Sol,Seca y limpia,Montañoso,Terraplen,Curva Derecha,Parcial con paso alternado,0,0,0,1,2.0,Choque,otra - conductor en general,2002_1_38,13.0,11.0
Cauca,2021-05-31 18:38:00,12,380.0,2021-04-24 05:00:00,sabado,0,Sol,Seca y limpia,Montañoso,Media Ladera Derecha,Recta,Cierre total,3,15,0,0,0.0,Choque,otra - conductor en general,2002_1_12,15.0,12.0
Norte de Santander,2021-05-31 20:02:00,20,640.0,2021-04-05 05:00:00,lunes,40,Lluvia,Humeda,Plano,Media Ladera Derecha,Curva Izquierda,Transito normal con precaución,1,45,0,1,1.0,Volcamiento,otra - conductor en general,5505_1_20,20.0,5.0
Norte de Santander,2021-05-31 20:13:00,23,67.0,2021-04-11 05:00:00,domingo,30,Normal,Seca y limpia,Plano,Media Ladera Derecha,Curva Derecha,Parcial con paso alternado,1,30,2,0,2.0,Choque,embriaguez o sustancias alucinogenas,5505_1_23,23.0,2.0
Cundinamarca,2021-05-31 20:22:00,26,558.0,2020-08-26 05:00:00,miercoles,40,Normal,Seca y limpia,Plano,Cajón,Recta,Transito normal con precaución,10,40,0,0,0.0,Choque,desobediencia a normas y senales,45A04_1_26,10.0,0.0
Cundinamarca,2021-05-31 20:36:00,13,712.0,2020-09-01 05:00:00,martes,30,Sol,Seca y limpia,Plano,Cajón,Recta,Transito normal con precaución,7,30,0,0,0.0,Choque,otra - conductor en general,45A04_1_13,7.0,0.0
Cundinamarca,2021-05-31 20:49:00,15,294.0,2020-10-06 05:00:00,martes,10,Sol,Seca y limpia,Plano,Cajón,Recta,Transito normal con precaución,15,15,0,0,0.0,Choque,no mantener distancia de seguridad,45A04_1_15,6.0,9.0
Cundinamarca,2021-05-31 20:53:00,14,390.0,2020-10-07 05:00:00,miercoles,25,Sol,Seca y limpia,Plano,Cajón,Recta,Transito normal con precaución,12,25,0,0,0.0,Choque,no mantener distancia de seguridad,45A04_1_14,12.0,0.0
Casanare,2021-05-31 20:46:00,14,200.0,2021-02-08 05:00:00,lunes,10,Normal,Seca y limpia,Plano,Terraplen,Curva Izquierda,Parcial con paso alternado,5,0,0,0,0.0,Volcamiento,otra - conductor en general,6513_0_14,0.0,5.0
Cundinamarca,2021-05-31 20:55:00,27,346.0,2020-10-13 05:00:00,martes,45,Sol,Seca y limpia,Plano,Cajón,Curva Derecha,Transito normal con precaución,16,45,0,0,0.0,Choque,maniobras imprudentes,45A04_1_27,16.0,0.0
Cundinamarca,2021-05-31 21:01:00,27,909.0,2020-10-15 05:00:00,jueves,0,Sol,Seca y limpia,Plano,Cajón,Recta,Transito normal con precaución,0,0,0,0,0.0,Choque,otra - conductor en general,45A04_1_27,0.0,0.0
Cundinamarca,2021-05-31 21:04:00,28,199.0,2020-11-10 05:00:00,martes,0,Sol,Seca y limpia,Plano,Cajón,Recta,Transito normal con precaución,18,0,0,0,0.0,Choque,desobediencia a normas y senales,45A04_1_28,18.0,0.0
Cundinamarca,2021-05-31 21:11:00,24,800.0,2020-11-28 05:00:00,sabado,35,Sol,Seca y limpia,Plano,Cajón,Recta,Parcial con reducción de carriles,22,35,1,0,1.0,Atropello,conducta de peatones,5501_1_24,22.0,0.0
Cundinamarca,2021-05-31 21:19:00,28,199.0,2020-12-01 05:00:00,martes,45,Sol,Seca y limpia,Plano,Cajón,Recta,Transito normal con precaución,14,45,0,0,0.0,Choque,maniobras imprudentes,45A04_1_28,14.0,0.0
Casanare,2021-05-31 22:32:00,83,600.0,2021-01-30 05:00:00,sabado,16,Sol,Seca y limpia,Montañoso,Media ladera Izquierda,Curva Izquierda,Cierre total,16,16,0,0,0.0,Choque,adelantamientos indebidos,6211_1_83,16.0,0.0
Casanare,2021-05-31 22:32:00,87,350.0,2021-01-30 05:00:00,sabado,0,Sol,Seca y limpia,Montañoso,Media Ladera Derecha,Recta,Cierre total,13,0,0,0,0.0,Choque,exceso de velocidad,6211_1_87,13.0,0.0
Casanare,2021-05-31 22:32:00,93,400.0,2021-01-31 05:00:00,domingo,0,Sol,Seca y limpia,Montañoso,Media ladera Izquierda,Curva Izquierda,Transito normal con precaución,15,0,0,0,0.0,Volcamiento,exceso en horas de conduccion,6211_1_93,15.0,0.0
Casanare,2021-05-31 22:32:00,60,800.0,2021-02-01 05:00:00,lunes,0,Seca,Seca y limpia,Montañoso,Media Ladera Derecha,Curva Izquierda,Transito normal con precaución,5,0,0,0,0.0,Salida de la vía sin volcarse,exceso en horas de conduccion,6211_1_60,5.0,0.0
Casanare,2021-05-31 22:32:00,48,800.0,2021-02-12 05:00:00,viernes,0,Seca,Seca y limpia,Montañoso,Media ladera Izquierda,Curva Izquierda,Transito normal con precaución,3,0,0,0,10.0,Salida de la vía sin volcarse,exceso en horas de conduccion,6211_1_48,3.0,0.0
Casanare,2021-05-31 22:32:00,87,300.0,2021-02-14 05:00:00,domingo,0,Seca,Seca y limpia,Montañoso,Media Ladera Derecha,Curva Derecha,Cierre total,18,0,0,1,11.0,Atropello,conducta de peatones,6211_1_87,18.0,0.0
Casanare,2021-05-31 22:32:00,50,350.0,2021-02-16 05:00:00,martes,0,Normal,Humeda,Montañoso,Media Ladera Derecha,Curva Izquierda,Transito normal con precaución,18,0,0,0,11.0,Salida de la vía sin volcarse,exceso de velocidad,6211_1_50,18.0,0.0
Casanare,2021-05-31 22:32:00,17,300.0,2021-02-18 05:00:00,jueves,0,Seca,Seca y limpia,Montañoso,Media ladera Izquierda,Curva Derecha,Transito normal con precaución,1,0,0,0,11.0,Volcamiento,exceso en horas de conduccion,6211_1_17,1.0,0.0
Casanare,2021-05-31 22:32:00,64,586.0,2021-02-22 05:00:00,lunes,0,Niebla,Seca y limpia,Montañoso,Media ladera Izquierda,Curva Izquierda,Transito normal con precaución,6,0,0,0,11.0,Salida de la vía sin volcarse,fallas mecanicas y del sistema electrico,6211_1_64,6.0,0.0
Casanare,2021-05-31 22:32:00,38,100.0,2021-02-26 05:00:00,viernes,30,Seca,Seca y limpia,Montañoso,Media ladera Izquierda,Curva Derecha,Parcial con paso alternado,2,30,0,0,11.0,Otro,fallas mecanicas y del sistema electrico,6211_1_38,2.0,0.0
Casanare,2021-05-31 22:32:00,100,80.0,2021-02-27 05:00:00,sabado,0,Seca,Seca y limpia,Montañoso,Media ladera Izquierda,Curva Derecha,Parcial con paso alternado,11,0,1,1,13.0,Choque,adelantamientos indebidos,6211_1_100,11.0,0.0
Cundinamarca,2021-05-31 21:08:00,26,628.0,2020-11-23 05:00:00,lunes,40,Sol,Seca y limpia,Plano,Cajón,Recta,Transito normal con precaución,9,40,1,0,1.0,Choque,otra - conductor en general,45A04_1_26,9.0,0.0
Cundinamarca,2021-05-31 21:22:00,27,346.0,2020-12-03 05:00:00,jueves,45,Sol,Seca y limpia,Plano,Cajón,Recta,Transito normal con precaución,10,45,0,0,0.0,Choque,maniobras imprudentes,45A04_1_27,10.0,0.0
Casanare,2021-05-31 22:32:00,97,400.0,2021-02-02 05:00:00,martes,0,Sol,Seca y limpia,Montañoso,Media ladera Izquierda,Curva Izquierda,Transito normal con precaución,6,0,1,0,1.0,Volcamiento,exceso en horas de conduccion,6211_1_97,6.0,0.0
Casanare,2021-05-31 22:32:00,62,800.0,2021-02-04 05:00:00,jueves,30,Lluvia,Humeda,Montañoso,Media Ladera Derecha,Curva Derecha,Transito normal con precaución,20,30,8,1,10.0,Volcamiento,exceso en horas de conduccion,6211_1_62,20.0,0.0
Casanare,2021-05-31 22:32:00,82,600.0,2021-02-04 05:00:00,jueves,0,Normal,Seca y limpia,Montañoso,Media Ladera Derecha,Curva Derecha,Parcial con paso alternado,22,0,0,0,10.0,Choque,exceso de velocidad,6211_1_82,22.0,0.0
Casanare,2021-05-31 22:32:00,47,900.0,2021-02-13 05:00:00,sabado,0,Normal,Seca y limpia,Montañoso,Media ladera Izquierda,Curva Izquierda,Transito normal con precaución,5,0,0,0,10.0,Volcamiento,exceso en horas de conduccion,6211_1_47,5.0,0.0
Casanare,2021-05-31 22:32:00,80,800.0,2021-02-16 05:00:00,martes,0,Seca,Seca y limpia,Montañoso,Media ladera Izquierda,Curva Izquierda,Transito normal con precaución,5,0,0,0,11.0,Volcamiento,exceso en horas de conduccion,6211_1_80,5.0,0.0
Casanare,2021-05-31 22:32:00,30,850.0,2021-02-25 05:00:00,jueves,0,Seca,Humeda,Montañoso,Media ladera Izquierda,Curva Derecha,Parcial con paso alternado,5,0,0,0,11.0,Volcamiento,exceso en horas de conduccion,6211_1_30,5.0,0.0
Boyacá,2021-06-01 19:12:00,48,530.0,2021-04-03 05:00:00,sabado,0,Seca,Seca y limpia,Plano,Cajón,Curva Derecha,Transito normal con precaución,14,0,0,0,0.0,Choque,impericia en el manejo,5503_1_48,14.0,0.0
Boyacá,2021-06-01 20:18:00,63,580.0,2021-04-04 05:00:00,domingo,30,Normal,Seca y limpia,Plano,Media ladera Izquierda,Curva Izquierda,Transito normal con precaución,17,30,2,0,2.0,Volcamiento,exceso de velocidad,5503_1_63,17.0,0.0
Boyacá,2021-06-01 20:31:00,9,180.0,2021-04-07 05:00:00,miercoles,0,Lluvia,Humeda,Montañoso,Media ladera Izquierda,Curva Izquierda,Transito normal con precaución,7,0,1,0,1.0,Choque,adelantamientos indebidos,6211_1_9,7.0,0.0
Boyacá,2021-06-01 20:31:00,102,50.0,2021-04-12 05:00:00,lunes,0,Normal,Seca y limpia,Plano,Media ladera Izquierda,Curva Izquierda,Transito normal con precaución,23,0,0,0,2.0,Salida de la vía sin volcarse,exceso en horas de conduccion,5503_1_102,23.0,0.0
Norte de Santander,2021-06-01 20:53:00,9,0.0,2021-02-07 05:00:00,domingo,0,Normal,Seca y limpia,Plano,Terraplen,Curva Derecha,Transito normal con precaución,0,0,1,0,1.0,Volcamiento,impericia en el manejo,55NSA_2_9,3.0,21.0
Boyacá,2021-06-01 20:31:00,35,250.0,2021-04-04 05:00:00,domingo,0,Normal,Seca y limpia,Ondulado,Media Ladera Derecha,Curva Izquierda,Transito normal con precaución,19,0,0,0,0.0,Choque,condiciones de la via y factores ambientales,5503_1_35,19.0,0.0
Boyacá,2021-06-01 20:31:00,15,100.0,2021-04-12 05:00:00,lunes,50,Normal,Humeda,Ondulado,Media Ladera Derecha,Curva Izquierda,Transito normal con precaución,2,50,1,0,2.0,Choque,impericia en el manejo,5503_1_15,2.0,0.0
Boyacá,2021-06-01 20:31:00,7,750.0,2021-04-12 05:00:00,lunes,0,Normal,Seca y limpia,Plano,Media ladera Izquierda,Curva Izquierda,Transito normal con precaución,8,0,0,0,2.0,Volcamiento,fallas mecanicas y del sistema electrico,6211_1_7,8.0,0.0
Norte de Santander,2021-06-01 21:18:00,11,170.0,2021-02-07 05:00:00,domingo,30,Normal,Seca y limpia,Plano,Terraplen,Curva Derecha,Transito normal con precaución,0,0,2,0,2.0,Volcamiento,impericia en el manejo,55NSA_1_11,0.0,0.0
Norte de Santander,2021-06-01 21:23:00,3,315.0,2021-02-19 05:00:00,viernes,40,Normal,Seca y limpia,Plano,Terraplen,Recta,Transito normal con precaución,0,0,1,0,1.0,Choque,desobediencia a normas y senales,55NSA_2_3,15.0,9.0
Norte de Santander,2021-06-01 21:36:00,13,540.0,2021-03-29 05:00:00,lunes,27,Normal,Seca y limpia,Ondulado,Media Ladera Derecha,Curva Derecha,Transito normal con precaución,0,0,1,0,1.0,Choque,otra - conductor en general,55NSA_1_13,12.0,12.0
Boyacá,2021-06-01 21:39:00,133,550.0,2021-04-18 05:00:00,domingo,0,Normal,Seca y limpia,Escarpado,Media ladera Izquierda,Curva Derecha,Transito normal con precaución,20,0,0,0,0.0,Salida de la vía sin volcarse,impericia en el manejo,5503_1_133,20.0,0.0
Norte de Santander,2021-06-01 21:52:00,8,630.0,2021-04-15 05:00:00,jueves,30,Normal,Seca y limpia,Plano,Terraplen,Recta,Transito normal con precaución,0,0,1,0,1.0,Choque,otra - conductor en general,55NSA_2_8,14.0,10.0
Norte de Santander,2021-06-01 21:56:00,2,300.0,2021-03-03 05:00:00,miercoles,48,Normal,Seca y limpia,Plano,Terraplen,Recta,Transito normal con precaución,0,0,1,0,1.0,Choque,desobediencia a normas y senales,55NSA_2_2,12.0,12.0
Boyacá,2021-06-01 21:39:00,12,620.0,2021-04-23 05:00:00,viernes,0,Normal,Seca y limpia,Plano,Media ladera Izquierda,Recta,Transito normal con precaución,11,0,1,0,1.0,Choque,impericia en el manejo,5503_1_12,11.0,0.0
Boyacá,2021-06-01 21:39:00,116,700.0,2021-04-24 05:00:00,sabado,30,Normal,Seca y limpia,Ondulado,Media ladera Izquierda,Curva Izquierda,Transito normal con precaución,19,30,2,0,3.0,Choque,embriaguez o sustancias alucinogenas,5503_1_116,19.0,0.0
Boyacá,2021-06-01 21:39:00,3,980.0,2021-04-27 05:00:00,martes,30,Normal,Seca y limpia,Plano,Media Ladera Derecha,Recta,Transito normal con precaución,7,30,0,1,4.0,Atropello,impericia en el manejo,6211_1_3,7.0,0.0
Boyacá,2021-06-01 21:39:00,5,630.0,2021-04-18 05:00:00,domingo,30,Lluvia,Humeda,Escarpado,Media Ladera Derecha,Curva Derecha,Transito normal con precaución,16,30,0,0,0.0,Choque,impericia en el manejo,6211_1_5,16.0,0.0
Norte de Santander,2021-06-01 21:40:00,7,500.0,2021-03-21 05:00:00,domingo,30,Normal,Seca y limpia,Plano,Terraplen,Curva Izquierda,Transito normal con precaución,0,0,1,0,1.0,Atropello,conducta de peatones,5507_0_7,17.0,7.0
Boyacá,2021-06-01 21:39:00,16,20.0,2021-04-22 05:00:00,jueves,20,Normal,Seca y limpia,Ondulado,Media Ladera Derecha,Curva Izquierda,Transito normal con precaución,4,20,0,0,0.0,Volcamiento,fallas mecanicas y del sistema electrico,5503_1_16,4.0,0.0
Boyacá,2021-06-01 21:39:00,17,760.0,2021-04-27 05:00:00,martes,30,Lluvia,Humeda,Ondulado,Media ladera Izquierda,Curva Izquierda,Transito normal con precaución,10,30,0,0,4.0,Choque,impericia en el manejo,5503_1_17,10.0,0.0
Boyacá,2021-06-01 21:39:00,35,540.0,2021-04-27 05:00:00,martes,0,Lluvia,Humeda,Ondulado,Media ladera Izquierda,Curva Izquierda,Transito normal con precaución,16,0,0,0,4.0,Choque,impericia en el manejo,5503_1_35,16.0,0.0
Norte de Santander,2021-06-02 16:10:00,5,450.0,2021-04-01 05:00:00,jueves,30,Normal,Seca y limpia,Ondulado,Terraplen,Recta,Cierre total,1,0,7,3,10.0,Volcamiento,exceso de velocidad,5507_0_5,15.0,10.0
Norte de Santander,2021-06-02 16:20:00,16,0.0,2021-04-04 05:00:00,domingo,30,Normal,Seca y limpia,Plano,Terraplen,Curva Izquierda,Cierre total,1,0,1,0,1.0,Choque,exceso de velocidad,55NSA_1_16,13.0,12.0
Norte de Santander,2021-06-02 16:27:00,1,460.0,2021-04-21 05:00:00,miercoles,20,Normal,Seca y limpia,Plano,Terraplen,Recta,Cierre total,1,30,0,0,2.0,Choque,adelantamientos indebidos,55NS09_0_1,9.0,16.0
Norte de Santander,2021-06-02 16:30:00,14,730.0,2021-04-27 05:00:00,martes,30,Normal,Seca y limpia,Plano,Terraplen,Recta,Transito normal con precaución,0,0,0,0,0.0,Choque,maniobras imprudentes,55NSA_2_14,16.0,8.0
Cauca,2021-06-02 20:02:00,0,200.0,2021-05-28 05:00:00,viernes,0,Sol,Material suelto,Montañoso,Media ladera Izquierda,Recta,Transito normal con precaución,0,0,0,0,0.0,Choque,embriaguez o sustancias alucinogenas,26CC04_0_0,6.0,18.0
Putumayo,2021-06-02 20:21:00,18,50.0,2021-04-12 05:00:00,lunes,0,Normal,Material suelto,Ondulado,Media ladera Izquierda,Curva Izquierda,Transito normal con precaución,0,0,1,0,1.0,Salida de la vía sin volcarse,otra - conductor en general,6501_0_18,4.0,20.0
Putumayo,2021-06-03 21:41:00,0,190.0,2021-04-23 05:00:00,viernes,30,Normal,Seca y limpia,Plano,Cajón,Recta,Parcial con reducción de carriles,0,0,0,0,0.0,Choque,no mantener distancia de seguridad,4503_2_0,19.0,5.0
Meta,2021-06-08 21:01:00,6,950.0,2021-02-23 05:00:00,martes,5,Normal,Seca y limpia,Ondulado,Terraplen,Recta,Transito normal con precaución,12,30,0,1,1.0,Volcamiento,impericia en el manejo,6508_1_6,12.0,0.0
Meta,2021-06-08 21:49:00,99,0.0,2021-02-11 05:00:00,jueves,55,Normal,Seca y limpia,Plano,Terraplen,Curva Izquierda,Transito normal con precaución,22,10,2,0,6.0,Choque,desobediencia a normas y senales,65A02_1_99,21.0,1.0
Risaralda,2021-06-09 20:00:00,85,800.0,2021-04-03 05:00:00,sabado,30,Seca,Seca y limpia,Plano,Terraplen,Recta,Parcial con reducción de carriles,0,30,0,0,0.0,Choque,no mantener distancia de seguridad,2506_1_85,12.0,12.0