territorial,fecha_registro,pr,distancia_pr,fecha_acc,dia_semana_acc,min_acc,condic_meteor,estado_super,terreno,secc_tip,geometria_acc,tipo_cierre,horas_cierre,min_cierre,n_heridos,n_muertos,n_victimas,clase_accidente,causa_posible,ref_loc,hora_acc,duracion_cierre_horas
Risaralda,2021-06-09 20:27:00,81,500.0,2021-04-08 05:00:00,jueves,50,Normal,Seca y limpia,Ondulado,Media Ladera Derecha,Curva Izquierda,Parcial con reducción de carriles,0,30,0,0,0.0,Choque,no mantener distancia de seguridad,2506_1_81,10.0,14.0
Risaralda,2021-06-09 20:27:00,8,600.0,2021-04-20 05:00:00,martes,0,Normal,Seca y limpia,Ondulado,Terraplen,Curva Derecha,Parcial con reducción de carriles,0,30,0,0,0.0,Choque,no mantener distancia de seguridad,29RS01_2_8,11.0,13.0
Risaralda,2021-06-09 20:27:00,4,500.0,2021-04-22 05:00:00,jueves,30,Normal,Seca y limpia,Ondulado,Media ladera Izquierda,Recta,Parcial con reducción de carriles,0,30,0,0,0.0,Choque,no mantener distancia de seguridad,29RS01_1_4,9.0,15.0
Risaralda,2021-06-09 20:27:00,10,300.0,2021-04-21 05:00:00,miercoles,0,Lluvia,Humeda,Plano,Terraplen,Recta,Parcial con reducción de carriles,0,30,0,0,0.0,Choque,impericia en el manejo,29RS01_1_10,19.0,5.0
Cauca,2021-06-10 14:01:00,13,580.0,2021-03-02 05:00:00,martes,20,Normal,Seca y limpia,Plano,Media ladera Izquierda,Curva Izquierda,Transito normal con precaución,0,0,0,0,0.0,Choque,maniobras imprudentes,1203_0_13,15.0,9.0
Cauca,2021-06-10 14:19:00,39,886.0,2021-03-07 05:00:00,domingo,28,Normal,Humeda,Plano,Media ladera Izquierda,Curva Izquierda,Transito normal con precaución,0,0,2,0,2.0,Choque,maniobras imprudentes,1203_0_39,16.0,8.0
Antioquia,2021-06-09 20:15:00,49,891.0,2020-01-22 05:00:00,miercoles,50,Normal,Seca y limpia,Plano,Terraplen,Curva Izquierda,Parcial con reducción de carriles,15,50,1,0,1.0,Choque,desobediencia a normas y senales,5601_1_49,15.0,0.0
Risaralda,2021-06-09 20:00:00,9,111.0,2021-04-04 05:00:00,domingo,57,Seca,Seca y limpia,Plano,Terraplen,Recta,Parcial con reducción de carriles,0,30,0,0,0.0,Choque,no mantener distancia de seguridad,29RS01_1_9,9.0,15.0
Risaralda,2021-06-09 20:27:00,9,111.0,2021-04-04 05:00:00,domingo,30,Normal,Seca y limpia,Plano,Terraplen,Recta,Parcial con reducción de carriles,0,30,0,0,0.0,Choque,no mantener distancia de seguridad,29RS01_1_9,10.0,14.0
Risaralda,2021-06-09 20:27:00,5,801.0,2021-04-05 05:00:00,lunes,30,Normal,Seca y limpia,Plano,Media ladera Izquierda,Recta,Parcial con reducción de carriles,0,30,0,0,0.0,Choque,no mantener distancia de seguridad,29RS01_2_5,16.0,8.0
Risaralda,2021-06-09 20:27:00,10,1000.0,2021-04-10 05:00:00,sabado,25,Normal,Seca y limpia,Plano,Terraplen,Curva Derecha,Parcial con reducción de carriles,0,30,0,0,0.0,Choque,no mantener distancia de seguridad,29RS01_1_10,14.0,10.0
Antioquia,2021-06-09 20:31:00,50,190.0,2020-01-06 05:00:00,lunes,30,Normal,Seca y limpia,Plano,Terraplen,Recta,Parcial con reducción de carriles,11,30,0,0,0.0,Choque,desobediencia a normas y senales,5601_1_50,11.0,0.0
Risaralda,2021-06-09 20:27:00,6,980.0,2021-04-15 05:00:00,jueves,20,Normal,Seca y limpia,Plano,Terraplen,Recta,Parcial con reducción de carriles,0,30,0,0,0.0,Choque,desobediencia a normas y senales,29RS01_2_6,17.0,7.0
Risaralda,2021-06-09 20:27:00,0,200.0,2021-04-24 05:00:00,sabado,41,Normal,Seca y limpia,Plano,Terraplen,Recta,Parcial con reducción de carriles,0,30,0,0,0.0,Choque,no mantener distancia de seguridad,2507_1_0,12.0,12.0
Risaralda,2021-06-09 20:27:00,4,500.0,2021-04-24 05:00:00,sabado,15,Normal,Seca y limpia,Ondulado,Terraplen,Recta,Parcial con reducción de carriles,0,30,0,0,0.0,Choque,no mantener distancia de seguridad,29RS01_2_4,13.0,11.0
Cauca,2021-06-10 14:25:00,31,207.0,2021-03-13 05:00:00,sabado,20,Normal,Seca y limpia,Plano,Media ladera Izquierda,Curva Izquierda,Transito normal con precaución,0,0,2,0,2.0,Choque,maniobras imprudentes,1203_0_31,13.0,11.0
Cauca,2021-06-10 14:31:00,49,1354.0,2021-04-14 05:00:00,miercoles,20,Normal,Seca y limpia,Plano,Media ladera Izquierda,Curva Izquierda,Transito normal con precaución,0,0,1,0,1.0,Choque,maniobras imprudentes,1203_0_49,15.0,9.0
Cauca,2021-06-10 14:42:00,49,930.0,2021-04-27 05:00:00,martes,0,Normal,Seca y limpia,Ondulado,Media ladera Izquierda,Curva Izquierda,Transito normal con precaución,0,0,0,0,0.0,Choque,maniobras imprudentes,1203_0_49,10.0,14.0
Antioquia,2021-06-15 16:35:00,50,262.0,2020-01-02 05:00:00,jueves,20,Normal,Seca y limpia,Plano,Terraplen,Curva Derecha,Parcial con reducción de carriles,16,20,1,0,1.0,Choque,maniobras imprudentes,5601_1_50,16.0,0.0
Antioquia,2021-06-15 21:13:00,62,833.0,2020-01-31 05:00:00,viernes,0,Normal,Seca y limpia,Ondulado,Media ladera Izquierda,Curva Izquierda,Parcial con reducción de carriles,0,0,2,0,2.0,Choque,maniobras imprudentes,5601_1_62,0.0,0.0
Antioquia,2021-06-15 21:25:00,89,960.0,2020-01-30 05:00:00,jueves,10,Normal,Seca y limpia,Montañoso,Media ladera Izquierda,Curva Izquierda,Parcial con reducción de carriles,10,10,2,0,2.0,Choque,otra - conductor en general,5601_1_89,10.0,0.0
Antioquia,2021-06-15 21:42:00,84,316.0,2020-02-22 05:00:00,sabado,30,Normal,Seca y limpia,Ondulado,Media ladera Izquierda,Recta,Parcial con reducción de carriles,11,30,0,0,0.0,Choque,no mantener distancia de seguridad,5601_1_84,11.0,0.0
Antioquia,2021-06-15 21:19:00,50,876.0,2020-01-27 05:00:00,lunes,20,Normal,Seca y limpia,Plano,Terraplen,Curva Derecha,Parcial con reducción de carriles,16,20,2,0,2.0,Choque,estacionamiento y senalizacion imprudente,5601_1_50,16.0,0.0
Antioquia,2021-06-15 21:51:00,102,100.0,2020-02-18 05:00:00,martes,15,Viento,Seca y limpia,Plano,Terraplen,Recta,Parcial con reducción de carriles,11,15,1,0,1.0,Choque,otra - conductor en general,5601_1_102,11.0,0.0
Cauca,2021-06-16 21:33:00,99,450.0,2021-06-05 05:00:00,sabado,0,Normal,Material suelto,Montañoso,Media Ladera Derecha,Recta,Transito normal con precaución,0,0,0,0,0.0,Volcamiento,maniobras imprudentes,2602_0_99,22.0,2.0
Antioquia,2021-06-16 21:30:00,50,587.0,2020-04-21 05:00:00,martes,0,Lluvia,Humeda,Plano,Terraplen,Curva Derecha,Parcial con reducción de carriles,6,0,1,0,1.0,Choque,desobediencia a normas y senales,5601_1_50,6.0,0.0
Antioquia,2021-06-16 21:39:00,101,100.0,2020-04-22 05:00:00,miercoles,30,Lluvia,Humeda,Plano,Media Ladera Derecha,Recta,Parcial con reducción de carriles,22,30,1,0,1.0,Caída ocupante,otra - conductor en general,5601_1_101,22.0,0.0
Antioquia,2021-06-16 21:51:00,51,900.0,2020-04-27 05:00:00,lunes,15,Normal,Seca y limpia,Plano,Terraplen,Recta,Parcial con reducción de carriles,14,15,1,0,1.0,Choque,no mantener distancia de seguridad,5601_1_51,14.0,0.0
Antioquia,2021-06-17 13:53:00,50,555.0,2020-04-08 05:00:00,miercoles,0,Normal,Seca y limpia,Plano,Terraplen,Recta,Parcial con reducción de carriles,0,0,0,0,0.0,Choque,otra - conductor en general,5601_1_50,0.0,0.0
Antioquia,2021-06-17 14:11:00,67,600.0,2020-05-11 05:00:00,lunes,30,Normal,Seca y limpia,Montañoso,Media Ladera Derecha,Recta,Parcial con reducción de carriles,16,30,2,0,2.0,Choque,adelantamientos indebidos,5601_1_67,16.0,0.0
Antioquia,2021-06-17 15:01:00,99,176.0,2020-05-23 05:00:00,sabado,0,Normal,Seca y limpia,Ondulado,Media Ladera Derecha,Recta,Parcial con reducción de carriles,13,0,2,0,2.0,Caída ocupante,adelantamientos indebidos,5601_1_99,13.0,0.0
Antioquia,2021-06-17 15:52:00,55,50.0,2020-06-22 05:00:00,lunes,0,Lluvia,Humeda,Ondulado,Media Ladera Derecha,Curva Izquierda,Parcial con reducción de carriles,4,0,0,0,0.0,No determinado,otra - conductor en general,5601_1_55,4.0,0.0
Antioquia,2021-06-17 16:11:00,94,800.0,2020-06-16 05:00:00,martes,30,Lluvia,Humeda,Plano,Terraplen,Recta,Parcial con reducción de carriles,21,30,1,0,1.0,Choque,maniobras imprudentes,5601_1_94,21.0,0.0
Antioquia,2021-06-17 16:45:00,100,689.0,2020-06-26 05:00:00,viernes,0,Normal,Seca y limpia,Plano,Terraplen,Recta,Parcial con reducción de carriles,20,0,2,0,2.0,Choque,desobediencia a normas y senales,5601_1_100,20.0,0.0
Antioquia,2021-06-17 16:50:00,100,800.0,2020-06-18 05:00:00,jueves,20,Normal,Seca y limpia,Plano,Terraplen,Recta,Parcial con reducción de carriles,10,20,1,0,1.0,Caída ocupante,fallas mecanicas y del sistema electrico,5601_1_100,10.0,0.0
Cauca,2021-06-17 22:04:00,2,600.0,2021-06-15 05:00:00,martes,30,Normal,Seca y limpia,Montañoso,Media Ladera Derecha,Curva Derecha,Cierre total,2,0,0,1,1.0,Choque,adelantamientos indebidos,2602_0_2,18.0,8.0
Antioquia,2021-06-18 15:18:00,49,854.0,2020-07-13 05:00:00,lunes,30,Normal,Seca y limpia,Plano,Terraplen,Recta,Parcial con reducción de carriles,11,30,0,0,0.0,Atropello,fallas mecanicas y del sistema electrico,5601_1_49,11.0,0.0
Antioquia,2021-06-18 15:44:00,58,580.0,2020-08-14 05:00:00,viernes,30,Normal,Seca y limpia,Plano,Media Ladera Derecha,Recta,Parcial con reducción de carriles,12,30,1,0,1.0,Choque,desobediencia a normas y senales,5601_1_58,12.0,0.0
Antioquia,2021-06-18 16:18:00,59,600.0,2020-08-08 05:00:00,sabado,15,Normal,Seca y limpia,Ondulado,Terraplen,Recta,Parcial con reducción de carriles,11,15,2,0,2.0,Choque,maniobras imprudentes,5601_1_59,11.0,0.0
Planta Central,2021-06-18 16:49:00,71,400.0,2021-05-11 05:00:00,martes,30,Normal,Seca y limpia,Montañoso,Media ladera Izquierda,Curva Derecha,Transito normal con precaución,0,0,1,0,1.0,Caída ocupante,otra - pasajero o acompanante,45A05_1_71,14.0,10.0
Antioquia,2021-06-18 15:33:00,49,410.0,2020-08-15 05:00:00,sabado,30,Normal,Seca y limpia,Plano,Terraplen,Recta,Parcial con reducción de carriles,22,30,1,0,1.0,Choque,otra - conductor en general,5601_1_49,22.0,0.0
Antioquia,2021-06-18 20:50:00,97,250.0,2020-08-01 05:00:00,sabado,40,Normal,Seca y limpia,Ondulado,Media ladera Izquierda,Curva Derecha,Parcial con reducción de carriles,12,40,3,0,3.0,Choque,maniobras imprudentes,5601_1_97,12.0,0.0
Antioquia,2021-06-18 20:53:00,100,500.0,2020-08-23 05:00:00,domingo,30,Normal,Seca y limpia,Plano,Media Ladera Derecha,Curva Izquierda,Parcial con reducción de carriles,22,30,1,0,1.0,Caída ocupante,embriaguez o sustancias alucinogenas,5601_1_100,22.0,0.0
Antioquia,2021-06-18 21:02:00,100,901.0,2020-08-24 05:00:00,lunes,20,Normal,Seca y limpia,Plano,Terraplen,Curva Derecha,Parcial con reducción de carriles,17,20,1,0,1.0,Caída ocupante,maniobras imprudentes,5601_1_100,17.0,0.0
Antioquia,2021-06-18 21:07:00,101,800.0,2020-08-13 05:00:00,jueves,10,Normal,Seca y limpia,Plano,Terraplen,Recta,Parcial con reducción de carriles,17,10,1,0,1.0,Caída ocupante,otra - pasajero o acompanante,5601_1_101,17.0,0.0
Antioquia,2021-06-18 21:13:00,49,854.0,2020-09-27 05:00:00,domingo,20,Normal,Seca y limpia,Plano,Terraplen,Curva Izquierda,Parcial con reducción de carriles,20,20,1,0,1.0,Caída ocupante,otra - conductor en general,5601_1_49,20.0,0.0
Antioquia,2021-06-18 21:25:00,52,265.0,2020-09-04 05:00:00,viernes,30,Normal,Seca y limpia,Plano,Terraplen,Curva Izquierda,Parcial con reducción de carriles,9,30,1,0,1.0,Choque,otra - conductor en general,5601_1_52,9.0,0.0
Antioquia,2021-06-18 21:31:00,58,380.0,2020-09-13 05:00:00,domingo,0,Normal,Seca y limpia,Plano,Media Ladera Derecha,Recta,Parcial con reducción de carriles,14,0,2,0,2.0,Choque,otra - conductor en general,5601_1_58,14.0,0.0
Meta,2021-06-18 22:43:00,88,700.0,2021-05-06 05:00:00,jueves,0,Normal,Seca y limpia,Plano,Terraplen,Recta,Transito normal con precaución,3,35,0,1,1.0,Choque,otra - conductor en general,6507_0_88,18.0,9.0
Casanare,2021-06-21 14:37:00,57,600.0,2021-05-21 05:00:00,viernes,30,Normal,Seca y limpia,Plano,Terraplen,Recta,Transito normal con precaución,18,30,0,0,0.0,Choque,adelantamientos indebidos,6515_1_57,18.0,0.0
Casanare,2021-06-21 14:48:00,95,350.0,2021-02-06 05:00:00,sabado,30,Normal,Seca y limpia,Plano,Terraplen,Curva Derecha,Transito normal con precaución,22,30,0,1,1.0,Choque,otra - conductor en general,6515_1_95,22.0,0.0
Casanare,2021-06-21 14:57:00,104,630.0,2021-02-02 05:00:00,martes,0,Normal,Seca y limpia,Plano,Terraplen,Recta,Transito normal con precaución,11,0,0,2,2.0,Choque,impericia en el manejo,6515_1_104,11.0,0.0
Planta Central,2021-06-21 15:06:00,76,500.0,2021-05-13 05:00:00,jueves,31,Sol,Seca y limpia,Montañoso,Media ladera Izquierda,Recta,Transito normal con precaución,0,45,1,0,1.0,Choque,condiciones de la via y factores ambientales,45A05_1_76,5.0,19.0
Planta Central,2021-06-21 15:13:00,49,852.0,2021-05-13 05:00:00,jueves,30,Sol,Seca y limpia,Plano,Terraplen,Recta,Parcial con reducción de carriles,0,0,1,0,1.0,Choque,otra - conductor en general,45A05_2_49,10.0,14.0
Planta Central,2021-06-21 15:23:00,89,320.0,2021-05-15 05:00:00,sabado,0,Normal,Seca y limpia,Montañoso,Media ladera Izquierda,Curva Derecha,Transito normal con precaución,0,0,1,0,1.0,Salida de la vía sin volcarse,otra - conductor en general,45A05_1_89,0.0,0.0
Antioquia,2021-06-21 15:26:00,66,250.0,2020-09-27 05:00:00,domingo,10,Normal,Seca y limpia,Ondulado,Media ladera Izquierda,Recta,Parcial con reducción de carriles,12,10,0,0,0.0,Choque,no mantener distancia de seguridad,5601_1_66,12.0,0.0
Planta Central,2021-06-21 15:36:00,61,920.0,2021-05-17 05:00:00,lunes,0,Sol,Seca y limpia,Plano,Terraplen,Recta,Parcial con paso alternado,0,30,1,0,1.0,Choque,no mantener distancia de seguridad,45A05_1_61,12.0,12.0
Antioquia,2021-06-21 15:48:00,90,50.0,2020-09-26 05:00:00,sabado,30,Normal,Humeda,Plano,Media ladera Izquierda,Recta,Parcial con reducción de carriles,13,30,1,0,1.0,Choque,maniobras imprudentes,5601_1_90,13.0,0.0
Planta Central,2021-06-21 15:55:00,50,500.0,2021-05-18 05:00:00,martes,0,Seca,Seca y limpia,Plano,Terraplen,Recta,Transito normal con precaución,0,0,1,0,1.0,Choque,impericia en el manejo,45A05_1_50,19.0,5.0
Antioquia,2021-06-21 15:57:00,96,700.0,2020-10-28 05:00:00,miercoles,0,Normal,Seca y limpia,Montañoso,Media ladera Izquierda,Curva Izquierda,Parcial con reducción de carriles,9,0,1,0,1.0,Caída ocupante,otra - conductor en general,5601_1_96,9.0,0.0
Planta Central,2021-06-21 16:03:00,55,400.0,2021-06-19 05:00:00,sabado,38,Seca,Otra,Plano,Media Ladera Derecha,Recta,Transito normal con precaución,1,7,1,0,1.0,Volcamiento,otra - conductor en general,45A05_1_55,21.0,4.0
Antioquia,2021-06-21 16:37:00,52,560.0,2020-11-25 05:00:00,miercoles,30,Normal,Seca y limpia,Ondulado,Media Ladera Derecha,Curva Izquierda,Parcial con reducción de carriles,13,30,1,0,1.0,Choque,otra - conductor en general,5601_1_52,13.0,0.0
Planta Central,2021-06-21 16:47:00,1,820.0,2021-06-23 05:00:00,miercoles,50,Seca,Otra,Plano,Terraplen,Recta,Transito normal con precaución,0,0,1,0,1.0,Choque,otra - conductor en general,45A05_1_1,9.0,15.0
Planta Central,2021-06-21 16:55:00,7,780.0,2021-05-24 05:00:00,lunes,10,Normal,Otra,Plano,Media ladera Izquierda,Recta,Transito normal con precaución,0,0,0,0,0.0,Choque,embriaguez o sustancias alucinogenas,45A05_1_7,0.0,0.0
Planta Central,2021-06-21 17:08:00,29,600.0,2021-06-12 05:00:00,sabado,30,Normal,Seca y limpia,Plano,Terraplen,Curva Derecha,Transito normal con precaución,0,0,0,0,0.0,Volcamiento,otra - conductor en general,45A05_1_29,9.0,15.0
Casanare,2021-06-21 14:52:00,101,450.0,2021-02-25 05:00:00,jueves,0,Normal,Seca y limpia,Plano,Terraplen,Recta,Transito normal con precaución,5,0,2,0,3.0,Choque,otra - conductor en general,6515_1_101,5.0,0.0
Planta Central,2021-06-21 15:31:00,0,740.0,2021-05-16 05:00:00,domingo,30,Lluvia,Humeda,Plano,Media ladera Izquierda,Curva Derecha,Transito normal con precaución,0,0,1,0,1.0,Volcamiento,otra - conductor en general,45ABYB_0_0,18.0,6.0
Norte de Santander,2021-06-24 21:16:00,7,500.0,2021-05-19 05:00:00,miercoles,40,Normal,Seca y limpia,Plano,Terraplen,Recta,Transito normal con precaución,0,0,1,0,1.0,Choque,impericia en el manejo,55NSA_2_7,14.0,10.0
Antioquia,2021-06-21 15:34:00,67,650.0,2020-09-09 05:00:00,miercoles,30,Normal,Seca y limpia,Montañoso,Media Ladera Derecha,Recta,Parcial con reducción de carriles,5,30,1,0,1.0,Choque,estacionamiento y senalizacion imprudente,5601_1_67,5.0,0.0
Antioquia,2021-06-21 15:37:00,75,300.0,2020-09-26 05:00:00,sabado,45,Normal,Humeda,Montañoso,Media Ladera Derecha,Curva Izquierda,Parcial con reducción de carriles,16,45,1,0,1.0,Caída ocupante,condiciones de la via y factores ambientales,5601_1_75,16.0,0.0
Antioquia,2021-06-21 16:06:00,101,449.0,2020-10-12 05:00:00,lunes,15,Normal,Seca y limpia,Plano,Terraplen,Recta,Parcial con reducción de carriles,16,15,2,0,2.0,Choque,otra - conductor en general,5601_1_101,16.0,0.0
Antioquia,2021-06-21 16:27:00,97,500.0,2020-11-04 05:00:00,miercoles,10,Normal,Seca y limpia,Montañoso,Media ladera Izquierda,Curva Izquierda,Parcial con reducción de carriles,16,10,0,1,1.0,Choque,adelantamientos indebidos,5601_1_97,16.0,0.0
Planta Central,2021-06-21 16:17:00,12,280.0,2021-05-20 05:00:00,jueves,30,Seca,Seca y limpia,Plano,Media ladera Izquierda,Curva Derecha,Cierre total,2,0,1,0,1.0,Choque,otra - conductor en general,45A05_1_12,17.0,9.0
Planta Central,2021-06-21 16:38:00,18,800.0,2021-05-20 05:00:00,jueves,0,Seca,Otra,Plano,Terraplen,Recta,Transito normal con precaución,0,0,1,0,1.0,Choque,otra - conductor en general,45A05_1_18,23.0,1.0
Planta Central,2021-06-21 17:02:00,80,55.0,2021-05-25 05:00:00,martes,46,Sol,Seca y limpia,Ondulado,Cajón,Recta,Parcial con paso alternado,1,14,0,0,0.0,Choque,otra - conductor en general,45A05_1_80,6.0,19.0
Guajira,2021-06-21 20:05:00,53,350.0,2021-02-17 05:00:00,miercoles,46,Normal,Seca y limpia,Plano,Terraplen,Recta,Transito normal con precaución,9,46,0,0,0.0,Choque,maniobras imprudentes,4902_1_53,9.0,0.0
Antioquia,2021-06-21 21:21:00,50,62.0,2020-12-05 05:00:00,sabado,30,Normal,Seca y limpia,Plano,Terraplen,Recta,Parcial con reducción de carriles,15,30,0,0,0.0,Choque,otra - conductor en general,5601_2_50,15.0,0.0
Antioquia,2021-06-21 21:34:00,100,400.0,2020-12-22 05:00:00,martes,0,Normal,Seca y limpia,Plano,Media Ladera Derecha,Curva Izquierda,Parcial con reducción de carriles,18,0,1,0,1.0,Choque,maniobras imprudentes,5601_1_100,18.0,0.0
Antioquia,2021-06-21 21:44:00,82,700.0,2020-12-30 05:00:00,miercoles,30,Normal,Seca y limpia,Plano,Media ladera Izquierda,Curva Derecha,Parcial con reducción de carriles,10,30,1,0,1.0,Caída ocupante,otra - conductor en general,5601_1_82,10.0,0.0
Antioquia,2021-06-21 21:28:00,49,739.0,2020-12-06 05:00:00,domingo,0,Normal,Seca y limpia,Plano,Terraplen,Recta,Parcial con reducción de carriles,0,0,1,0,1.0,Atropello,otra - conductor en general,5601_1_49,0.0,0.0
Antioquia,2021-06-21 21:39:00,100,600.0,2020-12-04 05:00:00,viernes,50,Normal,Seca y limpia,Plano,Media Ladera Derecha,Curva Derecha,Parcial con reducción de carriles,18,50,1,0,1.0,Choque,maniobras imprudentes,5601_1_100,18.0,0.0
Antioquia,2021-06-21 21:50:00,60,206.0,2020-12-30 05:00:00,miercoles,0,Normal,Seca y limpia,Ondulado,Media ladera Izquierda,Recta,Parcial con reducción de carriles,17,0,1,0,1.0,Choque,maniobras imprudentes,5601_1_60,17.0,0.0
Risaralda,2021-06-22 16:25:00,86,0.0,2021-05-20 05:00:00,jueves,40,Normal,Seca y limpia,Ondulado,Terraplen,Recta,Parcial con reducción de carriles,0,15,0,0,0.0,Choque,maniobras imprudentes,2506_2_86,7.0,17.0
Risaralda,2021-06-22 16:34:00,6,800.0,2021-05-22 05:00:00,sabado,50,Normal,Seca y limpia,Ondulado,Terraplen,Recta,Transito normal con precaución,0,30,0,0,0.0,Volcamiento,maniobras imprudentes,29RS01_1_6,19.0,5.0
Risaralda,2021-06-22 16:34:00,5,600.0,2021-05-27 05:00:00,jueves,20,Lluvia,Humeda,Ondulado,Terraplen,Recta,Parcial con reducción de carriles,0,30,0,0,0.0,Choque,otra - conductor en general,29RS01_2_5,5.0,19.0
Risaralda,2021-06-22 16:44:00,4,100.0,2021-05-24 05:00:00,lunes,30,Normal,Seca y limpia,Ondulado,Terraplen,Recta,Parcial con reducción de carriles,0,15,0,0,0.0,Choque,no mantener distancia de seguridad,29RS01_2_4,14.0,10.0
Planta Central,2021-06-23 14:04:00,50,650.0,2021-05-25 05:00:00,martes,16,Seca,Seca y limpia,Plano,Terraplen,Recta,Parcial con paso alternado,12,16,1,0,1.0,Choque,exceso de velocidad,45A04_1_50,12.0,0.0
Planta Central,2021-06-23 14:09:00,45,200.0,2021-05-23 05:00:00,domingo,5,Lluvia,Humeda,Plano,Media ladera Izquierda,Recta,Parcial con paso alternado,2,5,1,0,1.0,Atropello,conducta de peatones,45A04_1_45,2.0,0.0
Planta Central,2021-06-23 14:22:00,43,800.0,2021-06-23 05:00:00,miercoles,47,Niebla,Seca y limpia,Montañoso,Terraplen,Recta,Parcial con paso alternado,5,47,1,0,1.0,Choque,exceso de velocidad,45A04_1_43,5.0,0.0
Planta Central,2021-06-23 16:23:00,36,800.0,2021-05-22 05:00:00,sabado,40,Lluvia,Humeda,Plano,Terraplen,Recta,Parcial con paso alternado,20,40,0,1,1.0,Choque,exceso de velocidad,45A04_1_36,20.0,0.0
Planta Central,2021-06-23 16:30:00,32,955.26,2021-05-01 05:00:00,sabado,30,Lluvia,Humeda,Plano,Terraplen,Recta,Parcial con paso alternado,19,30,1,0,1.0,Atropello,conducta de peatones,45A04_1_32,19.0,0.0
Planta Central,2021-06-23 16:41:00,31,800.0,2021-05-30 05:00:00,domingo,0,Seca,Seca y limpia,Plano,Media ladera Izquierda,Recta,Cierre total,17,0,0,1,1.0,Caída de piedra,condiciones de la via y factores ambientales,45A04_1_31,17.0,0.0
Planta Central,2021-06-23 14:32:00,39,575.0,2021-05-15 05:00:00,sabado,40,Lluvia,Humeda,Plano,Terraplen,Curva Izquierda,Transito normal con precaución,0,40,1,0,1.0,Volcamiento,embriaguez o sustancias alucinogenas,45A04_1_39,0.0,0.0
Planta Central,2021-06-23 16:37:00,1,350.0,2021-05-09 05:00:00,domingo,0,Lluvia,Humeda,Plano,Terraplen,Recta,Parcial con paso alternado,17,0,1,0,1.0,Volcamiento,impericia en el manejo,45ACND_0_1,17.0,0.0
Putumayo,2021-06-23 20:14:00,49,890.0,2021-03-25 05:00:00,jueves,30,Seca,Seca y limpia,Plano,Terraplen,Curva Derecha,Parcial con reducción de carriles,17,50,3,0,3.0,Choque,fallas mecanicas y del sistema electrico,1003_1_49,17.0,0.0
Antioquia,2021-06-23 21:19:00,49,1.0,2021-02-25 05:00:00,jueves,5,Normal,Seca y limpia,Plano,Media ladera Izquierda,Recta,Parcial con reducción de carriles,9,5,1,0,1.0,Choque,maniobras imprudentes,5601_1_49,9.0,0.0
Antioquia,2021-06-23 20:21:00,101,18.0,2021-01-24 05:00:00,domingo,40,Normal,Seca y limpia,Plano,Media ladera Izquierda,Recta,Parcial con reducción de carriles,16,40,1,0,1.0,Choque,exceso de velocidad,5601_1_101,16.0,0.0
Antioquia,2021-06-23 20:31:00,95,200.0,2021-01-23 05:00:00,sabado,20,Normal,Seca y limpia,Plano,Media ladera Izquierda,Recta,Parcial con reducción de carriles,15,20,1,0,1.0,Choque,exceso de velocidad,5601_1_95,15.0,0.0
Antioquia,2021-06-23 20:39:00,86,250.0,2021-01-19 05:00:00,martes,25,Normal,Seca y limpia,Montañoso,Media Ladera Derecha,Curva Derecha,Parcial con reducción de carriles,11,25,1,0,1.0,Choque,otra - conductor en general,5601_1_86,11.0,0.0
Antioquia,2021-06-23 20:54:00,81,700.0,2021-01-09 05:00:00,sabado,30,Normal,Seca y limpia,Montañoso,Media ladera Izquierda,Recta,Parcial con reducción de carriles,14,30,1,0,1.0,Caída ocupante,condiciones de la via y factores ambientales,5601_1_81,14.0,0.0
Antioquia,2021-06-23 21:11:00,49,239.0,2021-02-23 05:00:00,martes,40,Normal,Seca y limpia,Plano,Media ladera Izquierda,Recta,Parcial con reducción de carriles,18,40,1,0,1.0,Caída de piedra,otra - conductor en general,5601_1_49,18.0,0.0
Antioquia,2021-06-23 21:39:00,99,419.0,2021-03-01 05:00:00,lunes,50,Normal,Seca y limpia,Montañoso,Media Ladera Derecha,Curva Derecha,Transito normal con precaución,7,50,1,0,1.0,Salida de la vía sin volcarse,condiciones de la via y factores ambientales,5601_1_99,7.0,0.0
Putumayo,2021-06-23 21:57:00,89,786.0,2021-03-06 05:00:00,sabado,30,Sol,Seca y limpia,Plano,Media ladera Izquierda,Curva Derecha,Cierre total,11,30,0,0,0.0,Choque,desobediencia a normas y senales,1003_1_89,9.0,2.0
Antioquia,2021-06-24 15:13:00,102,700.0,2021-03-02 05:00:00,martes,0,Lluvia,Humeda,Plano,Media Ladera Derecha,Curva Izquierda,Transito normal con precaución,0,0,1,0,1.0,Caída ocupante,exceso de velocidad,5601_1_102,0.0,0.0
Putumayo,2021-06-24 15:24:00,118,884.0,2021-03-30 05:00:00,martes,30,Lluvia,Humeda,Plano,Media ladera Izquierda,Recta,Parcial restringido a vehiculos pesados,11,30,1,0,1.0,Volcamiento,condiciones de la via y factores ambientales,1003_1_118,7.0,4.0
Antioquia,2021-06-24 15:22:00,96,900.0,2021-03-03 05:00:00,miercoles,15,Normal,Seca y limpia,Montañoso,Media Ladera Derecha,Curva Izquierda,Parcial con reducción de carriles,7,15,0,0,0.0,Volcamiento,otra - conductor en general,5601_1_96,7.0,0.0