territorial,fecha_registro,pr,distancia_pr,fecha_acc,dia_semana_acc,min_acc,condic_meteor,estado_super,terreno,secc_tip,geometria_acc,tipo_cierre,horas_cierre,min_cierre,n_heridos,n_muertos,n_victimas,clase_accidente,causa_posible,ref_loc,hora_acc,duracion_cierre_horas
Boyacá,2021-06-24 16:16:00,0,320.0,2021-05-11 05:00:00,martes,0,Sol,Seca y limpia,Plano,Terraplen,Recta,Transito normal con precaución,0,0,0,0,0.0,Choque,impericia en el manejo,45BY01_1_0,11.0,13.0
Antioquia,2021-06-24 16:31:00,49,820.0,2021-03-07 05:00:00,domingo,40,Normal,Seca y limpia,Plano,Media Ladera Derecha,Recta,Parcial con reducción de carriles,13,40,2,0,2.0,Choque,otra - conductor en general,5601_1_49,13.0,0.0
Norte de Santander,2021-06-24 21:06:00,18,20.0,2021-05-10 05:00:00,lunes,30,Normal,Seca y limpia,Ondulado,Terraplen,Curva Derecha,Transito normal con precaución,0,0,1,0,1.0,Choque,desobediencia a normas y senales,55NSA_1_18,13.0,11.0
Norte de Santander,2021-06-24 21:13:00,6,0.0,2021-05-14 05:00:00,viernes,45,Normal,Seca y limpia,Ondulado,Terraplen,Curva Izquierda,Transito normal con precaución,0,0,1,0,1.0,Atropello,condiciones de la via y factores ambientales,55NSA_1_6,21.0,3.0
Putumayo,2021-06-24 21:27:00,14,120.0,2021-05-17 05:00:00,lunes,0,Normal,Material suelto,Montañoso,Cajón,Recta,Transito normal con precaución,0,0,0,0,0.0,Salida de la vía sin volcarse,otra - conductor en general,6501_0_14,3.0,21.0
Norte de Santander,2021-06-24 21:08:00,17,200.0,2021-05-20 05:00:00,jueves,30,Normal,Seca y limpia,Plano,Terraplen,Recta,Transito normal con precaución,0,0,1,0,1.0,Atropello,conducta de peatones,55NSA_2_17,17.0,7.0
Planta Central,2021-06-25 14:55:00,47,50.0,2021-05-07 05:00:00,viernes,55,Niebla,Humeda,Montañoso,Media ladera Izquierda,Curva Izquierda,Transito normal con precaución,0,0,1,0,2.0,Choque,otra - conductor en general,45A08_1_47,4.0,20.0
Planta Central,2021-06-25 15:05:00,29,950.0,2021-05-17 05:00:00,lunes,55,Normal,Seca y limpia,Ondulado,Media Ladera Derecha,Recta,Parcial con paso alternado,1,0,0,0,0.0,Choque,no mantener distancia de seguridad,45A08_1_29,11.0,14.0
Planta Central,2021-06-25 15:13:00,41,590.0,2021-05-20 05:00:00,jueves,0,Normal,Seca y limpia,Ondulado,Terraplen,Recta,Parcial con paso alternado,4,55,0,0,0.0,Volcamiento,maniobras imprudentes,45A08_1_41,13.0,15.0
Planta Central,2021-06-25 15:19:00,58,218.0,2021-05-24 05:00:00,lunes,0,Lluvia,Humeda,Montañoso,Media Ladera Derecha,Curva Derecha,Parcial con paso alternado,13,0,0,0,0.0,Choque,condiciones de la via y factores ambientales,45A08_1_58,13.0,0.0
Planta Central,2021-06-25 15:22:00,30,788.0,2021-05-25 05:00:00,martes,15,Normal,Seca y limpia,Montañoso,Media Ladera Derecha,Recta,Parcial con paso alternado,2,30,0,0,0.0,Choque,maniobras imprudentes,45A08_1_30,7.0,19.0
Planta Central,2021-06-25 15:30:00,59,130.0,2021-05-28 05:00:00,viernes,0,Normal,Seca y limpia,Montañoso,Media Ladera Derecha,Curva Derecha,Transito normal con precaución,7,35,0,0,0.0,Volcamiento,fallas mecanicas y del sistema electrico,45A08_1_59,22.0,9.0
Planta Central,2021-06-25 15:37:00,79,926.0,2021-05-30 05:00:00,domingo,40,Normal,Seca y limpia,Montañoso,Media ladera Izquierda,Curva Derecha,Cierre total,3,10,0,1,1.0,Choque,adelantamientos indebidos,45A08_1_79,15.0,12.0
Planta Central,2021-06-25 14:59:00,27,198.0,2021-05-15 05:00:00,sabado,30,Lluvia,Humeda,Montañoso,Media Ladera Derecha,Curva Derecha,Parcial restringido a vehiculos pesados,1,0,0,0,0.0,Choque,condiciones de la via y factores ambientales,45A08_1_27,17.0,8.0
Planta Central,2021-06-25 15:08:00,55,490.0,2021-05-18 05:00:00,martes,30,Normal,Seca y limpia,Ondulado,Media ladera Izquierda,Curva Izquierda,Parcial con paso alternado,1,30,0,0,0.0,Choque,otra - conductor en general,45A08_1_55,5.0,20.0
Planta Central,2021-06-25 15:24:00,58,150.0,2021-05-27 05:00:00,jueves,0,Normal,Seca y limpia,Montañoso,Media Ladera Derecha,Curva Izquierda,Transito normal con precaución,3,0,0,0,0.0,Choque,fallas mecanicas y del sistema electrico,45A08_1_58,7.0,20.0
Planta Central,2021-06-25 15:33:00,79,360.0,2021-05-30 05:00:00,domingo,30,Normal,Aceite,Montañoso,Media ladera Izquierda,Curva Izquierda,Transito normal con precaución,5,0,0,0,0.0,Volcamiento,condiciones de la via y factores ambientales,45A08_1_79,1.0,4.0
Nariño,2021-06-30 15:57:00,39,60.0,2021-05-30 05:00:00,domingo,0,Normal,Humeda,Montañoso,Media ladera Izquierda,Recta,Transito normal con precaución,1,0,0,0,0.0,Choque,embriaguez o sustancias alucinogenas,1002_1_39,1.0,0.0
Tolima,2021-06-25 15:40:00,25,900.0,2021-05-18 05:00:00,martes,45,Normal,Seca y limpia,Plano,Terraplen,Recta,Transito normal con precaución,0,45,2,0,2.0,Volcamiento,fallas mecanicas y del sistema electrico,3603_0_25,22.0,2.0
Boyacá,2021-06-28 14:25:00,55,900.0,2021-06-26 05:00:00,sabado,30,Niebla,Humeda,Montañoso,Media Ladera Derecha,Curva Izquierda,Transito normal con precaución,0,0,0,0,0.0,Volcamiento,condiciones de la via y factores ambientales,6006_0_55,3.0,21.0
Boyacá,2021-06-28 14:28:00,15,240.0,2021-06-27 05:00:00,domingo,0,Sol,Seca y limpia,Plano,Terraplen,Recta,Transito normal con precaución,16,0,0,0,1.0,Choque,desobediencia a normas y senales,6006_0_15,16.0,0.0
Caquetá,2021-06-28 15:39:00,1,960.0,2021-06-07 05:00:00,lunes,0,Lluvia,Humeda,Plano,Cajón,Curva Izquierda,Transito normal con precaución,4,0,0,0,0.0,Volcamiento,embriaguez o sustancias alucinogenas,6502_1_1,4.0,0.0
Caquetá,2021-06-28 15:59:00,48,960.0,2021-03-29 05:00:00,lunes,30,Seca,Seca y limpia,Plano,Terraplen,Recta,Transito normal con precaución,17,30,1,0,1.0,Atropello,condiciones de la via y factores ambientales,6502_1_48,17.0,0.0
Caquetá,2021-06-28 16:15:00,42,80.0,2021-04-01 05:00:00,jueves,45,Seca,Seca y limpia,Ondulado,Cajón,Curva Izquierda,Transito normal con precaución,19,45,1,0,1.0,Volcamiento,embriaguez o sustancias alucinogenas,6502_1_42,19.0,0.0
Planta Central,2021-06-28 16:14:00,9,50.0,2021-01-03 05:00:00,domingo,10,Lluvia,Humeda,Montañoso,Media ladera Izquierda,Curva Izquierda,Parcial con paso alternado,2,10,0,0,2.0,Volcamiento,exceso de velocidad,4003_1_9,17.0,9.0
Planta Central,2021-06-28 16:14:00,8,290.0,2021-01-10 05:00:00,domingo,0,Sol,Seca y limpia,Montañoso,Media ladera Izquierda,Curva Derecha,Parcial con paso alternado,2,0,4,0,4.0,Salida de la vía sin volcarse,exceso de velocidad,4003_1_8,8.0,18.0
Boyacá,2021-06-28 16:14:00,35,100.0,2021-05-17 05:00:00,lunes,30,Lluvia,Humeda,Ondulado,Media Ladera Derecha,Curva Izquierda,Transito normal con precaución,16,30,0,0,1.0,Choque,condiciones de la via y factores ambientales,5503_1_35,16.0,0.0
Boyacá,2021-06-28 16:14:00,5,200.0,2021-05-20 05:00:00,jueves,0,Normal,Seca y limpia,Montañoso,Media Ladera Derecha,Curva Derecha,Transito normal con precaución,20,0,0,0,1.0,Choque,impericia en el manejo,5503_1_5,20.0,0.0
Boyacá,2021-06-28 14:42:00,80,350.0,2021-06-27 05:00:00,domingo,0,Normal,Seca y limpia,Montañoso,Media ladera Izquierda,Curva Izquierda,Transito normal con precaución,0,0,2,0,2.0,Choque,adelantamientos indebidos,6006_0_80,17.0,7.0
Caquetá,2021-06-28 15:51:00,45,100.0,2021-03-12 05:00:00,viernes,55,Sol,Seca y limpia,Ondulado,Terraplen,Recta,Transito normal con precaución,4,55,1,0,1.0,Choque,condiciones de la via y factores ambientales,6502_1_45,4.0,0.0
Antioquia,2021-06-28 15:52:00,90,0.0,2021-03-19 05:00:00,viernes,0,Normal,Seca y limpia,Plano,Media Ladera Derecha,Curva Izquierda,Transito normal con precaución,20,0,1,0,1.0,Caída ocupante,condiciones de la via y factores ambientales,5601_1_90,20.0,0.0
Nariño,2021-06-30 16:02:00,91,625.0,2021-05-15 05:00:00,sabado,30,Normal,Seca y limpia,Montañoso,Media ladera Izquierda,Curva Izquierda,Transito normal con precaución,9,30,0,0,1.0,Choque,embriaguez o sustancias alucinogenas,1002_1_91,9.0,0.0
Boyacá,2021-06-28 16:14:00,36,345.0,2021-05-11 05:00:00,martes,0,Normal,Seca y limpia,Montañoso,Media ladera Izquierda,Curva Derecha,Transito normal con precaución,16,0,0,0,0.0,Salida de la vía sin volcarse,fallas mecanicas y del sistema electrico,5503_1_36,16.0,0.0
Boyacá,2021-06-28 16:14:00,10,240.0,2021-05-13 05:00:00,jueves,45,Normal,Seca y limpia,Montañoso,Media Ladera Derecha,Curva Derecha,Transito normal con precaución,13,45,1,0,1.0,Volcamiento,fallas mecanicas y del sistema electrico,6211_1_10,13.0,0.0
Boyacá,2021-06-28 16:14:00,30,200.0,2021-05-16 05:00:00,domingo,30,Lluvia,Humeda,Ondulado,Media ladera Izquierda,Curva Izquierda,Transito normal con precaución,16,30,0,0,1.0,Choque,condiciones de la via y factores ambientales,5503_1_30,16.0,0.0
Boyacá,2021-06-28 16:14:00,5,700.0,2021-05-21 05:00:00,viernes,0,Normal,Seca y limpia,Montañoso,Media Ladera Derecha,Curva Derecha,Transito normal con precaución,22,0,1,0,2.0,Choque,embriaguez o sustancias alucinogenas,5503_1_5,22.0,0.0
Boyacá,2021-06-28 16:14:00,30,700.0,2021-05-31 05:00:00,lunes,50,Normal,Seca y limpia,Ondulado,Media ladera Izquierda,Curva Derecha,Transito normal con precaución,16,50,0,0,2.0,Volcamiento,impericia en el manejo,5503_1_30,16.0,0.0
Caquetá,2021-06-28 16:24:00,49,360.0,2021-04-15 05:00:00,jueves,20,Lluvia,Humeda,Ondulado,Terraplen,Recta,Transito normal con precaución,11,20,2,0,2.0,Choque,condiciones de la via y factores ambientales,6502_1_49,11.0,0.0
Boyacá,2021-06-28 18:15:00,69,720.0,2021-05-17 05:00:00,lunes,0,Normal,Seca y limpia,Ondulado,Media Ladera Derecha,Recta,Transito normal con precaución,1,0,0,0,0.0,Choque,otra - conductor en general,6008_0_69,8.0,17.0
Caquetá,2021-06-28 19:13:00,52,690.0,2021-04-18 05:00:00,domingo,20,Sol,Seca y limpia,Ondulado,Media ladera Izquierda,Recta,Transito normal con precaución,14,20,1,0,1.0,Choque,condiciones de la via y factores ambientales,6502_1_52,14.0,0.0
Caquetá,2021-06-28 19:18:00,55,187.0,2021-04-24 05:00:00,sabado,30,Seca,Seca y limpia,Plano,Terraplen,Recta,Transito normal con precaución,19,30,2,0,3.0,Choque,condiciones de la via y factores ambientales,6502_1_55,19.0,0.0
Caquetá,2021-06-28 19:52:00,57,250.0,2020-02-15 05:00:00,sabado,40,Sol,Seca y limpia,Ondulado,Terraplen,Curva Derecha,Transito normal con precaución,14,40,1,0,1.0,Choque,adelantamientos indebidos,6502_1_57,14.0,0.0
Caquetá,2021-06-28 19:57:00,8,78.0,2020-02-18 05:00:00,martes,20,Sol,Seca y limpia,Ondulado,Media ladera Izquierda,Recta,Transito normal con precaución,7,20,1,0,1.0,Choque,condiciones de la via y factores ambientales,6502_1_8,7.0,0.0
Caquetá,2021-06-28 20:43:00,31,950.0,2020-02-16 05:00:00,domingo,10,Seca,Seca y limpia,Ondulado,Terraplen,Recta,Transito normal con precaución,15,10,1,0,1.0,Choque,exceso en horas de conduccion,6502_1_31,15.0,0.0
Caquetá,2021-06-28 19:29:00,36,1020.0,2021-04-27 05:00:00,martes,30,Lluvia,Humeda,Ondulado,Media Ladera Derecha,Curva Derecha,Transito normal con precaución,16,30,1,0,1.0,Volcamiento,condiciones de la via y factores ambientales,6502_1_36,16.0,0.0
Planta Central,2021-08-10 21:11:00,89,653.0,2021-06-27 05:00:00,domingo,30,Normal,Seca y limpia,Plano,Terraplen,Recta,Transito normal con precaución,0,45,1,0,1.0,Choque,otra - conductor en general,45A07_1_89,9.0,15.0
Caquetá,2021-06-28 19:34:00,51,155.0,2020-02-22 05:00:00,sabado,5,Seca,Seca y limpia,Plano,Terraplen,Curva Derecha,Transito normal con precaución,20,5,0,1,2.0,Choque,embriaguez o sustancias alucinogenas,6502_1_51,20.0,0.0
Caquetá,2021-06-28 20:17:00,6,500.0,2020-02-21 05:00:00,viernes,0,Seca,Seca y limpia,Ondulado,Media Ladera Derecha,Curva Derecha,Transito normal con precaución,22,0,1,0,1.0,Volcamiento,exceso de velocidad,6502_1_6,22.0,0.0
Caquetá,2021-06-28 22:39:00,32,753.0,2021-06-26 05:00:00,sabado,30,Sol,Seca y limpia,Ondulado,Media ladera Izquierda,Curva Izquierda,Transito normal con precaución,12,30,1,0,4.0,Choque,maniobras imprudentes,6502_1_32,12.0,0.0
Antioquia,2021-06-29 21:41:00,101,700.0,2021-03-29 05:00:00,lunes,0,Normal,Humeda,Montañoso,Media Ladera Derecha,Curva Derecha,Transito normal con precaución,17,0,2,0,2.0,Choque,condiciones de la via y factores ambientales,5601_1_101,17.0,0.0
Boyacá,2021-06-29 21:41:00,46,200.0,2021-05-01 05:00:00,sabado,10,Normal,Seca y limpia,Ondulado,Terraplen,Recta,Transito normal con precaución,0,50,0,1,1.0,Atropello,conducta de peatones,6209_0_46,0.0,0.0
Boyacá,2021-06-29 21:53:00,83,970.0,2021-05-10 05:00:00,lunes,0,Normal,Seca y limpia,Montañoso,Media Ladera Derecha,Curva Izquierda,Transito normal con precaución,0,40,0,0,0.0,Choque,impericia en el manejo,6007_0_83,7.0,17.0
Boyacá,2021-06-29 22:42:00,72,430.0,2021-05-13 05:00:00,jueves,50,Normal,Seca y limpia,Ondulado,Media Ladera Derecha,Recta,Parcial con paso alternado,0,45,1,0,1.0,Choque,adelantamientos indebidos,6008_0_72,18.0,6.0
Boyacá,2021-06-29 22:46:00,64,30.0,2021-05-24 05:00:00,lunes,10,Normal,Seca y limpia,Montañoso,Media Ladera Derecha,Recta,Transito normal con precaución,0,30,3,0,3.0,Choque,maniobras imprudentes,6008_0_64,20.0,4.0
Boyacá,2021-06-30 02:29:00,20,350.0,2021-05-20 05:00:00,jueves,30,Normal,Seca y limpia,Montañoso,Media Ladera Derecha,Curva Derecha,Parcial con paso alternado,2,20,0,0,0.0,Choque,fallas mecanicas y del sistema electrico,6209_0_20,21.0,5.0
Cundinamarca,2021-06-30 02:20:00,28,199.0,2020-12-01 05:00:00,martes,45,Sol,Seca y limpia,Plano,Cajón,Recta,Transito normal con precaución,14,45,0,0,0.0,Choque,maniobras imprudentes,45A04_1_28,14.0,0.0
Boyacá,2021-06-30 02:32:00,49,800.0,2021-05-21 05:00:00,viernes,0,Normal,Seca y limpia,Ondulado,Media ladera Izquierda,Curva Izquierda,Transito normal con precaución,0,50,0,0,0.0,Choque,fallas mecanicas y del sistema electrico,6209_0_49,16.0,8.0
Boyacá,2021-06-30 02:35:00,45,350.0,2021-05-22 05:00:00,sabado,30,Normal,Seca y limpia,Montañoso,Cajón,Recta,Transito normal con precaución,0,50,2,0,2.0,Choque,otra - conductor en general,6209_0_45,20.0,4.0
Meta,2021-06-30 21:35:00,103,450.0,2021-05-05 05:00:00,miercoles,10,Viento,Seca y limpia,Plano,Terraplen,Recta,Transito normal con precaución,0,30,2,0,2.0,Choque,embriaguez o sustancias alucinogenas,65A02_1_103,0.0,0.0
Boyacá,2021-06-30 02:39:00,10,850.0,2021-05-23 05:00:00,domingo,50,Normal,Seca y limpia,Montañoso,Media ladera Izquierda,Curva Derecha,Transito normal con precaución,1,10,0,0,0.0,Choque,otra - conductor en general,6209_0_10,1.0,0.0
Cundinamarca,2021-06-30 02:39:00,27,346.0,2020-12-01 05:00:00,martes,40,Sol,Seca y limpia,Plano,Cajón,Recta,Transito normal con precaución,14,40,0,0,0.0,Choque,otra - conductor en general,45A04_1_27,14.0,0.0
Boyacá,2021-06-30 02:42:00,20,460.0,2021-05-25 05:00:00,martes,30,Lluvia,Humeda,Ondulado,Cajón,Curva Izquierda,Transito normal con precaución,1,10,0,0,0.0,Volcamiento,impericia en el manejo,6008_0_20,16.0,9.0
Boyacá,2021-06-30 02:44:00,16,50.0,2021-05-26 05:00:00,miercoles,20,Normal,Seca y limpia,Ondulado,Cajón,Recta,Transito normal con precaución,1,40,1,1,3.0,Choque,adelantamientos indebidos,6008_0_16,9.0,16.0
Boyacá,2021-06-30 02:48:00,41,944.0,2021-05-31 05:00:00,lunes,10,Normal,Seca y limpia,Montañoso,Cajón,Recta,Transito normal con precaución,0,20,0,0,0.0,Choque,adelantamientos indebidos,6209_0_41,6.0,18.0
Boyacá,2021-06-30 02:53:00,51,600.0,2021-05-31 05:00:00,lunes,50,Normal,Seca y limpia,Ondulado,Media ladera Izquierda,Curva Derecha,Transito normal con precaución,1,10,1,0,1.0,Atropello,conducta de peatones,6209_0_51,18.0,7.0
Cundinamarca,2021-06-30 02:49:00,28,199.0,2020-12-16 05:00:00,miercoles,30,Sol,Seca y limpia,Plano,Cajón,Recta,Transito normal con precaución,19,30,1,0,1.0,Choque,otra - conductor en general,45A04_1_28,19.0,0.0
Cundinamarca,2021-06-30 02:57:00,28,199.0,2020-12-22 05:00:00,martes,20,Sol,Seca y limpia,Plano,Cajón,Recta,Transito normal con precaución,17,20,0,0,0.0,Choque,maniobras imprudentes,45A04_1_28,17.0,0.0
Cundinamarca,2021-06-30 03:03:00,28,0.0,2020-12-24 05:00:00,jueves,50,Sol,Seca y limpia,Plano,Cajón,Recta,Transito normal con precaución,18,50,0,0,0.0,Choque,embriaguez o sustancias alucinogenas,45A04_1_28,18.0,0.0
Cundinamarca,2021-06-30 03:06:00,6,620.0,2020-12-23 05:00:00,miercoles,40,Sol,Seca y limpia,Plano,Cajón,Recta,Cierre total,12,40,0,1,1.0,Choque,otra - conductor en general,5607_0_6,12.0,0.0
Cundinamarca,2021-06-30 03:10:00,13,0.0,2020-12-22 05:00:00,martes,0,Sol,Seca y limpia,Plano,Cajón,Recta,Cierre total,0,0,0,0,0.0,Choque,no mantener distancia de seguridad,50CN03_0_13,0.0,0.0
Planta Central,2021-06-30 14:09:00,106,380.0,2021-04-29 05:00:00,jueves,45,Seca,Seca y limpia,Ondulado,Media Ladera Derecha,Curva Derecha,Parcial con paso alternado,0,15,1,0,1.0,Caída ocupante,condiciones de la via y factores ambientales,45A06_0_106,5.0,19.0
Planta Central,2021-06-30 14:17:00,121,800.0,2021-05-01 05:00:00,sabado,30,Seca,Seca y limpia,Ondulado,Terraplen,Recta,Parcial con paso alternado,0,45,0,0,0.0,Choque,no mantener distancia de seguridad,45A06_0_121,12.0,12.0
Planta Central,2021-06-30 14:31:00,38,600.0,2021-05-06 05:00:00,jueves,45,Lluvia,Humeda,Plano,Media Ladera Derecha,Recta,Parcial con paso alternado,0,15,0,0,0.0,Choque,condiciones de la via y factores ambientales,45A06_0_38,15.0,9.0
Boyacá,2021-06-30 16:15:00,51,800.0,2021-05-10 05:00:00,lunes,0,Lluvia,Humeda,Ondulado,Terraplen,Curva Derecha,Transito normal con precaución,0,20,0,0,0.0,Salida de la vía sin volcarse,impericia en el manejo,6209_0_51,9.0,15.0
Tolima,2021-06-30 16:49:00,22,800.0,2021-05-15 05:00:00,sabado,10,Normal,Seca y limpia,Escarpado,Media Ladera Derecha,Curva Izquierda,Transito normal con precaución,0,0,0,1,1.0,Choque,otra - conductor en general,5007_1_22,17.0,7.0
Tolima,2021-06-30 16:52:00,24,250.0,2021-05-20 05:00:00,jueves,0,Normal,Seca y limpia,Escarpado,Media ladera Izquierda,Curva Derecha,Transito normal con precaución,0,0,0,0,0.0,Choque,otra - conductor en general,5007_1_24,7.0,17.0
Boyacá,2021-06-30 16:43:00,13,730.0,2021-05-16 05:00:00,domingo,20,Normal,Seca y limpia,Montañoso,Cajón,Recta,Transito normal con precaución,6,40,0,1,1.0,Volcamiento,maniobras imprudentes,6209_0_13,6.0,0.0
Boyacá,2021-06-30 17:02:00,38,300.0,2021-05-13 05:00:00,jueves,40,Normal,Seca y limpia,Montañoso,Terraplen,Curva Izquierda,Transito normal con precaución,0,40,2,0,2.0,Choque,otra - conductor en general,6209_0_38,16.0,8.0
Tolima,2021-06-30 17:10:00,10,500.0,2021-05-21 05:00:00,viernes,30,Normal,Seca y limpia,Escarpado,Media Ladera Derecha,Recta,Transito normal con precaución,0,0,0,0,0.0,Choque,no mantener distancia de seguridad,5007_1_10,18.0,6.0
Caldas,2021-06-30 23:38:00,42,50.0,2021-02-18 05:00:00,jueves,30,Lluvia,Humeda,Montañoso,Media ladera Izquierda,Curva Derecha,Parcial con reducción de carriles,15,0,0,0,0.0,Choque,no mantener distancia de seguridad,2508_1_42,14.0,1.0
Caldas,2021-06-30 23:42:00,2,300.0,2021-02-26 05:00:00,viernes,30,Normal,Seca y limpia,Montañoso,Media ladera Izquierda,Recta,Parcial con reducción de carriles,16,0,0,0,0.0,Choque,no mantener distancia de seguridad,2508_1_2,15.0,1.0
Planta Central,2021-06-30 14:25:00,59,792.0,2021-05-01 05:00:00,sabado,55,Lluvia,Humeda,Ondulado,Terraplen,Recta,Parcial con paso alternado,1,0,1,0,1.0,Choque,exceso en horas de conduccion,45A06_0_59,15.0,10.0
Tolima,2021-06-30 17:13:00,23,220.0,2021-05-27 05:00:00,jueves,45,Normal,Seca y limpia,Escarpado,Media Ladera Derecha,Curva Izquierda,Transito normal con precaución,0,0,0,0,0.0,Choque,otra - conductor en general,5007_1_23,16.0,8.0
Tolima,2021-06-30 17:29:00,12,900.0,2021-05-27 05:00:00,jueves,0,Normal,Seca y limpia,Escarpado,Media Ladera Derecha,Recta,Transito normal con precaución,0,0,0,0,0.0,Choque,otra - conductor en general,5007_1_12,5.0,19.0
Tolima,2021-06-30 17:40:00,15,550.0,2021-05-29 05:00:00,sabado,30,Lluvia,Humeda,Escarpado,Media Ladera Derecha,Curva Derecha,Transito normal con precaución,0,0,0,0,0.0,Choque,fallas mecanicas y del sistema electrico,5007_1_15,1.0,23.0
Tolima,2021-06-30 17:50:00,13,900.0,2021-05-30 05:00:00,domingo,10,Lluvia,Humeda,Escarpado,Media Ladera Derecha,Curva Derecha,Transito normal con precaución,0,0,0,0,0.0,Volcamiento,condiciones de la via y factores ambientales,5007_1_13,12.0,12.0
Meta,2021-06-30 21:35:00,56,630.0,2021-05-09 05:00:00,domingo,30,Normal,Seca y limpia,Plano,Terraplen,Recta,Transito normal con precaución,23,45,2,0,4.0,Choque,embriaguez o sustancias alucinogenas,65A02_1_56,23.0,0.0
Caldas,2021-07-01 15:42:00,54,670.0,2021-04-04 05:00:00,domingo,45,Normal,Seca y limpia,Montañoso,Media ladera Izquierda,Recta,Parcial con reducción de carriles,14,45,0,0,0.0,Choque,no mantener distancia de seguridad,2508_1_54,14.0,0.0
Caldas,2021-07-01 16:23:00,33,40.0,2021-04-16 05:00:00,viernes,10,Normal,Seca y limpia,Montañoso,Media ladera Izquierda,Curva Izquierda,Parcial con reducción de carriles,16,40,0,0,0.0,Choque,no mantener distancia de seguridad,2508_1_33,16.0,0.0
Caldas,2021-07-01 16:28:00,44,750.0,2021-04-17 05:00:00,sabado,30,Normal,Seca y limpia,Montañoso,Media ladera Izquierda,Curva Izquierda,Parcial con reducción de carriles,12,45,0,0,0.0,Choque,otra - conductor en general,2508_1_44,12.0,0.0
Caldas,2021-07-01 16:42:00,41,360.0,2021-04-04 05:00:00,domingo,55,Lluvia,Humeda,Montañoso,Media ladera Izquierda,Recta,Parcial con reducción de carriles,19,0,0,0,0.0,Choque,no mantener distancia de seguridad,2902_1_41,18.0,1.0
Caldas,2021-07-01 17:02:00,16,800.0,2021-04-02 05:00:00,viernes,20,Normal,Seca y limpia,Montañoso,Media ladera Izquierda,Curva Izquierda,Parcial con reducción de carriles,14,40,5,0,5.0,Choque,otra - conductor en general,5006_0_16,14.0,0.0
Caldas,2021-07-01 17:59:00,9,230.0,2021-04-03 05:00:00,sabado,30,Lluvia,Humeda,Montañoso,Media ladera Izquierda,Recta,Parcial con reducción de carriles,16,40,0,0,0.0,Choque,no mantener distancia de seguridad,5006_0_9,16.0,0.0
Caldas,2021-07-01 18:20:00,2,370.0,2021-04-07 05:00:00,miercoles,30,Normal,Seca y limpia,Montañoso,Terraplen,Recta,Parcial con reducción de carriles,14,45,1,0,1.0,Choque,maniobras imprudentes,5006_0_2,14.0,0.0
Caldas,2021-07-01 16:16:00,55,300.0,2021-04-13 05:00:00,martes,0,Normal,Seca y limpia,Montañoso,Media ladera Izquierda,Recta,Parcial con reducción de carriles,13,20,0,0,0.0,Choque,no mantener distancia de seguridad,2508_1_55,13.0,0.0
Caldas,2021-07-01 16:36:00,32,100.0,2021-04-01 05:00:00,jueves,47,Normal,Seca y limpia,Montañoso,Media ladera Izquierda,Recta,Parcial con reducción de carriles,11,55,0,0,0.0,Choque,no mantener distancia de seguridad,2902_1_32,11.0,0.0
Caldas,2021-07-01 16:48:00,29,100.0,2021-04-06 05:00:00,martes,40,Normal,Seca y limpia,Montañoso,Media ladera Izquierda,Recta,Parcial con reducción de carriles,9,0,1,0,1.0,Atropello,conducta de peatones,5005_2_29,8.0,1.0
Caldas,2021-07-01 16:56:00,29,0.0,2021-04-09 05:00:00,viernes,15,Normal,Seca y limpia,Montañoso,Media ladera Izquierda,Recta,Parcial con reducción de carriles,19,30,1,0,1.0,Choque,otra - conductor en general,5005_2_29,19.0,0.0
Caldas,2021-07-01 18:26:00,11,900.0,2021-04-15 05:00:00,jueves,0,Lluvia,Humeda,Montañoso,Media ladera Izquierda,Recta,Parcial con reducción de carriles,8,10,0,0,0.0,Choque,adelantamientos indebidos,5006_0_11,8.0,0.0
Nariño,2021-07-01 20:35:00,55,900.0,2021-04-16 05:00:00,viernes,0,Lluvia,Seca y limpia,Montañoso,Media ladera Izquierda,Curva Derecha,Transito normal con precaución,5,0,0,0,0.0,Salida de la vía sin volcarse,fallas mecanicas y del sistema electrico,2502_1_55,5.0,0.0
Caldas,2021-07-01 20:36:00,25,250.0,2021-05-30 05:00:00,domingo,15,Normal,Seca y limpia,Montañoso,Media ladera Izquierda,Curva Derecha,Parcial con reducción de carriles,17,0,2,0,2.0,Choque,otra - conductor en general,2508_1_25,16.0,1.0
Caldas,2021-07-01 20:45:00,25,320.0,2021-05-30 05:00:00,domingo,5,Normal,Seca y limpia,Montañoso,Media ladera Izquierda,Curva Derecha,Parcial con reducción de carriles,6,0,2,0,2.0,Volcamiento,embriaguez o sustancias alucinogenas,2508_1_25,5.0,1.0
Caldas,2021-07-07 17:28:00,24,250.0,2021-02-20 05:00:00,sabado,30,Normal,Seca y limpia,Montañoso,Media ladera Izquierda,Recta,Parcial con reducción de carriles,8,45,0,0,0.0,Choque,adelantamientos indebidos,5005_1_24,8.0,0.0
Nariño,2021-07-01 20:50:00,35,200.0,2021-04-21 05:00:00,miercoles,3,Normal,Seca y limpia,Montañoso,Media Ladera Derecha,Recta,Transito normal con precaución,19,3,1,0,1.0,Choque,maniobras imprudentes,2502_1_35,19.0,0.0