territorial,fecha_registro,pr,distancia_pr,fecha_acc,dia_semana_acc,min_acc,condic_meteor,estado_super,terreno,secc_tip,geometria_acc,tipo_cierre,horas_cierre,min_cierre,n_heridos,n_muertos,n_victimas,clase_accidente,causa_posible,ref_loc,hora_acc,duracion_cierre_horas
Caldas,2021-07-01 20:53:00,28,400.0,2021-05-20 05:00:00,jueves,0,Normal,Seca y limpia,Montañoso,Terraplen,Recta,Parcial con reducción de carriles,21,20,0,0,0.0,Choque,no mantener distancia de seguridad,5005_2_28,21.0,0.0
Nariño,2021-07-01 21:00:00,54,900.0,2021-04-01 05:00:00,jueves,0,Normal,Seca y limpia,Escarpado,Media ladera Izquierda,Recta,Transito normal con precaución,9,0,0,0,0.0,Volcamiento,fallas mecanicas y del sistema electrico,2502_1_54,9.0,0.0
Caldas,2021-07-01 21:18:00,16,50.0,2021-05-17 05:00:00,lunes,20,Lluvia,Humeda,Montañoso,Media ladera Izquierda,Curva Derecha,Parcial con reducción de carriles,17,38,0,0,0.0,Choque,condiciones de la via y factores ambientales,5006_0_16,17.0,0.0
Caldas,2021-07-01 21:25:00,11,250.0,2021-05-28 05:00:00,viernes,20,Lluvia,Humeda,Montañoso,Media ladera Izquierda,Curva Izquierda,Parcial con reducción de carriles,13,30,6,0,6.0,Choque,otra - conductor en general,5006_0_11,13.0,0.0
Nariño,2021-07-01 20:28:00,56,180.0,2021-04-08 05:00:00,jueves,0,Normal,Seca y limpia,Escarpado,Media ladera Izquierda,Recta,Transito normal con precaución,10,0,0,0,0.0,Choque,condiciones de la via y factores ambientales,2502_1_56,10.0,0.0
Caldas,2021-07-01 20:30:00,22,370.0,2021-05-13 05:00:00,jueves,10,Normal,Seca y limpia,Montañoso,Media ladera Izquierda,Curva Izquierda,Parcial con reducción de carriles,9,50,0,0,0.0,Choque,otra - conductor en general,2508_1_22,9.0,0.0
Nariño,2021-07-01 20:42:00,27,800.0,2021-04-21 05:00:00,miercoles,0,Normal,Seca y limpia,Montañoso,Media ladera Izquierda,Recta,Transito normal con precaución,17,0,0,0,0.0,Choque,adelantamientos indebidos,2502_1_27,17.0,0.0
Nariño,2021-07-01 20:55:00,43,900.0,2021-04-08 05:00:00,jueves,0,Normal,Seca y limpia,Escarpado,Media ladera Izquierda,Curva Izquierda,Transito normal con precaución,2,0,0,0,0.0,Salida de la vía sin volcarse,exceso en horas de conduccion,2502_1_43,2.0,0.0
Caldas,2021-07-01 21:00:00,23,880.0,2021-05-24 05:00:00,lunes,30,Normal,Seca y limpia,Montañoso,Media ladera Izquierda,Curva Derecha,Parcial con reducción de carriles,14,0,1,0,1.0,Choque,maniobras imprudentes,5005_1_23,13.0,1.0
Caldas,2021-07-01 21:09:00,29,300.0,2021-05-26 05:00:00,miercoles,30,Normal,Seca y limpia,Montañoso,Media ladera Izquierda,Recta,Parcial con reducción de carriles,7,45,0,0,0.0,Choque,condiciones de la via y factores ambientales,5005_2_29,7.0,0.0
Nariño,2021-07-02 14:20:00,48,100.0,2021-05-15 05:00:00,sabado,45,Niebla,Humeda,Montañoso,Media ladera Izquierda,Curva Izquierda,Transito normal con precaución,6,45,0,0,1.0,Atropello,adelantamientos indebidos,2501B_1_48,6.0,0.0
Nariño,2021-07-02 14:31:00,42,500.0,2021-05-31 05:00:00,lunes,0,Normal,Humeda,Montañoso,Media Ladera Derecha,Curva Izquierda,Transito normal con precaución,1,0,0,0,2.0,Atropello,exceso de velocidad,1702_0_42,1.0,0.0
Planta Central,2021-07-06 16:47:00,14,850.0,2021-04-28 05:00:00,miercoles,40,Normal,Seca y limpia,Ondulado,Terraplen,Curva Izquierda,Transito normal con precaución,1,0,1,0,1.0,Choque,otra - pasajero o acompanante,45A07_1_14,17.0,8.0
Planta Central,2021-07-06 16:52:00,62,940.0,2021-04-28 05:00:00,miercoles,25,Normal,Material suelto,Montañoso,Media Ladera Derecha,Curva Izquierda,Parcial con paso alternado,2,0,0,0,0.0,Choque,no mantener distancia de seguridad,45A07_1_62,7.0,19.0
Planta Central,2021-07-06 16:59:00,37,100.0,2021-04-29 05:00:00,jueves,5,Lluvia,Humeda,Montañoso,Media ladera Izquierda,Curva Derecha,Parcial con paso alternado,2,0,2,0,2.0,Choque,condiciones de la via y factores ambientales,45A07_1_37,6.0,20.0
Planta Central,2021-07-06 17:10:00,2,630.0,2021-04-30 05:00:00,viernes,10,Normal,Seca y limpia,Ondulado,Media ladera Izquierda,Curva Izquierda,Transito normal con precaución,1,0,1,0,1.0,Choque,exceso de velocidad,45A07_1_2,1.0,0.0
Planta Central,2021-07-06 17:15:00,7,200.0,2021-05-05 05:00:00,miercoles,0,Normal,Seca y limpia,Plano,Media Ladera Derecha,Recta,Cierre total,1,0,1,1,2.0,Volcamiento,exceso en horas de conduccion,45AST08_1_7,17.0,8.0
Caldas,2021-07-07 16:56:00,41,610.0,2021-02-01 05:00:00,lunes,30,Normal,Seca y limpia,Montañoso,Media ladera Izquierda,Recta,Parcial con reducción de carriles,20,10,0,0,0.0,Choque,otra - conductor en general,2902_1_41,19.0,1.0
Caldas,2021-07-07 16:59:00,38,590.0,2021-02-07 05:00:00,domingo,10,Normal,Seca y limpia,Montañoso,Media ladera Izquierda,Recta,Parcial con reducción de carriles,10,20,1,0,1.0,Choque,otra - conductor en general,2902_1_38,10.0,0.0
Caldas,2021-07-07 17:01:00,30,910.0,2021-02-18 05:00:00,jueves,20,Lluvia,Humeda,Montañoso,Media ladera Izquierda,Recta,Parcial con reducción de carriles,4,55,0,0,0.0,Choque,otra - conductor en general,2902_1_30,4.0,0.0
Caldas,2021-07-07 17:04:00,39,980.0,2021-02-23 05:00:00,martes,10,Normal,Seca y limpia,Montañoso,Media ladera Izquierda,Curva Izquierda,Parcial con reducción de carriles,20,20,0,0,0.0,Choque,otra - conductor en general,2902_1_39,20.0,0.0
Caldas,2021-07-07 17:06:00,39,520.0,2021-02-28 05:00:00,domingo,0,Lluvia,Humeda,Montañoso,Media ladera Izquierda,Curva Izquierda,Parcial con reducción de carriles,15,30,0,0,0.0,Choque,otra - conductor en general,2902_1_39,15.0,0.0
Caldas,2021-07-07 17:09:00,27,350.0,2021-02-01 05:00:00,lunes,20,Normal,Seca y limpia,Montañoso,Terraplen,Curva Izquierda,Parcial con reducción de carriles,19,10,2,0,2.0,Choque,otra - conductor en general,5005_2_27,18.0,1.0
Caldas,2021-07-07 17:11:00,33,400.0,2021-02-02 05:00:00,martes,0,Normal,Seca y limpia,Montañoso,Media Ladera Derecha,Recta,Parcial con reducción de carriles,14,30,1,0,1.0,Choque,otra - conductor en general,5005_2_33,14.0,0.0
Caldas,2021-07-07 17:14:00,27,600.0,2021-02-05 05:00:00,viernes,30,Normal,Seca y limpia,Montañoso,Terraplen,Curva Izquierda,Parcial con reducción de carriles,14,50,0,0,0.0,Choque,maniobras imprudentes,5005_2_27,14.0,0.0
Caldas,2021-07-07 17:16:00,27,600.0,2021-02-05 05:00:00,viernes,15,Lluvia,Humeda,Montañoso,Terraplen,Curva Derecha,Parcial con reducción de carriles,14,16,0,0,0.0,Choque,no mantener distancia de seguridad,5005_2_27,14.0,0.0
Caldas,2021-07-07 17:18:00,28,200.0,2021-02-10 05:00:00,miercoles,50,Normal,Seca y limpia,Montañoso,Terraplen,Recta,Parcial con reducción de carriles,17,55,0,0,0.0,Choque,otra - conductor en general,5005_2_28,17.0,0.0
Caldas,2021-07-07 17:20:00,24,800.0,2021-02-14 05:00:00,domingo,37,Normal,Seca y limpia,Montañoso,Media ladera Izquierda,Recta,Parcial con reducción de carriles,4,45,1,0,1.0,Choque,maniobras imprudentes,5005_1_24,4.0,0.0
Caldas,2021-07-07 17:23:00,25,0.0,2021-02-16 05:00:00,martes,55,Normal,Seca y limpia,Montañoso,Media ladera Izquierda,Recta,Parcial con reducción de carriles,13,30,1,0,1.0,Choque,desobediencia a normas y senales,5005_1_25,12.0,1.0
Caldas,2021-07-07 17:26:00,25,700.0,2021-02-18 05:00:00,jueves,30,Lluvia,Humeda,Montañoso,Media ladera Izquierda,Recta,Parcial con reducción de carriles,13,55,1,0,1.0,Atropello,conducta de peatones,5005_1_25,12.0,1.0
Caldas,2021-07-07 17:31:00,28,310.0,2021-02-20 05:00:00,sabado,30,Normal,Seca y limpia,Montañoso,Terraplen,Curva Izquierda,Parcial con reducción de carriles,20,20,0,0,0.0,Choque,maniobras imprudentes,5005_2_28,19.0,1.0
Caldas,2021-07-07 17:33:00,32,850.0,2021-02-21 05:00:00,domingo,10,Normal,Seca y limpia,Montañoso,Terraplen,Curva Izquierda,Parcial con reducción de carriles,2,30,0,0,0.0,Choque,otra - conductor en general,5005_2_32,2.0,0.0
Antioquia,2021-07-08 15:18:00,53,455.0,2021-03-17 05:00:00,miercoles,5,Lluvia,Humeda,Montañoso,Media Ladera Derecha,Curva Derecha,Parcial con reducción de carriles,6,5,2,0,2.0,Choque,exceso de velocidad,5601_1_53,6.0,0.0
Planta Central,2021-07-08 16:06:00,82,902.0,2021-05-10 05:00:00,lunes,45,Normal,Seca y limpia,Plano,Terraplen,Recta,Parcial con reducción de carriles,4,0,0,1,1.0,Choque,otra - conductor en general,45A07_2_82,3.0,1.0
Planta Central,2021-07-08 15:56:00,5,520.0,2021-05-10 05:00:00,lunes,20,Normal,Seca y limpia,Plano,Terraplen,Recta,Parcial con reducción de carriles,2,0,0,1,1.0,Choque,embriaguez o sustancias alucinogenas,45AST08_1_5,7.0,19.0
Boyacá,2021-07-08 20:35:00,10,850.0,2021-07-06 05:00:00,martes,15,Sol,Seca y limpia,Ondulado,Cajón,Recta,Transito normal con precaución,0,0,0,0,0.0,Choque,adelantamientos indebidos,6007_0_10,15.0,9.0
Cauca,2021-07-12 16:09:00,26,663.0,2021-05-29 05:00:00,sabado,10,Normal,Seca y limpia,Ondulado,Media Ladera Derecha,Curva Izquierda,Transito normal con precaución,21,10,0,1,1.0,Choque,maniobras imprudentes,1203_0_26,21.0,0.0
Cauca,2021-07-12 16:30:00,120,943.0,2021-02-04 05:00:00,jueves,22,Normal,Seca y limpia,Ondulado,Media Ladera Derecha,Curva Derecha,Parcial con paso alternado,3,22,2,0,2.0,Choque,maniobras imprudentes,2501A_0_120,3.0,0.0
Cauca,2021-07-12 16:47:00,49,220.0,2021-02-13 05:00:00,sabado,10,Normal,Seca y limpia,Plano,Media ladera Izquierda,Curva Derecha,Transito normal con precaución,12,10,3,0,3.0,Choque,maniobras imprudentes,1203_0_49,12.0,0.0
Bolívar,2021-07-13 21:52:00,1,650.0,2021-05-11 05:00:00,martes,14,Normal,Seca y limpia,Plano,Terraplen,Recta,Transito normal con precaución,0,0,2,0,2.0,Choque,conducta de peatones,7804_0_1,8.0,16.0
Bolívar,2021-07-13 22:44:00,1,400.0,2021-05-11 05:00:00,martes,47,Normal,Seca y limpia,Plano,Terraplen,Recta,Transito normal con precaución,0,0,3,0,3.0,Choque,adelantamientos indebidos,7804_0_1,23.0,1.0
Bolívar,2021-07-13 22:53:00,2,250.0,2021-05-23 05:00:00,domingo,4,Normal,Seca y limpia,Plano,Terraplen,Recta,Transito normal con precaución,0,0,2,0,2.0,Choque,adelantamientos indebidos,7804_0_2,21.0,3.0
Bolívar,2021-07-13 23:11:00,0,0.0,2021-05-24 05:00:00,lunes,10,Normal,Seca y limpia,Plano,Terraplen,Recta,Transito normal con precaución,0,0,0,0,0.0,Choque,no mantener distancia de seguridad,7804_0_0,17.0,7.0
Cesar,2021-07-14 20:56:00,7,340.0,2021-04-09 05:00:00,viernes,0,Normal,Seca y limpia,Plano,Terraplen,Curva Derecha,Transito normal con precaución,0,0,1,0,1.0,Choque,exceso de velocidad,4901_1_7,17.0,7.0
Córdoba,2021-07-14 22:08:00,3,890.0,2021-05-03 05:00:00,lunes,15,Normal,Seca y limpia,Plano,Terraplen,Curva Izquierda,Transito normal con precaución,1,0,0,0,0.0,Choque,otra - conductor en general,2514_1_3,10.0,15.0
Córdoba,2021-07-14 22:12:00,28,0.0,2021-05-24 05:00:00,lunes,35,Normal,Seca y limpia,Plano,Terraplen,Curva Izquierda,Transito normal con precaución,1,0,0,0,0.0,Choque,adelantamientos indebidos,2514_1_28,13.0,12.0
Córdoba,2021-07-14 22:26:00,37,200.0,2021-05-22 05:00:00,sabado,30,Normal,Seca y limpia,Plano,Terraplen,Recta,Transito normal con precaución,0,0,0,0,0.0,Choque,condiciones de la via y factores ambientales,2514_1_37,1.0,23.0
Córdoba,2021-07-14 22:37:00,47,650.0,2021-05-22 05:00:00,sabado,0,Normal,Seca y limpia,Plano,Terraplen,Curva Derecha,Transito normal con precaución,0,0,0,0,0.0,Salida de la vía sin volcarse,otra - conductor en general,2514_1_47,8.0,16.0
Córdoba,2021-07-14 22:41:00,9,420.0,2021-05-09 05:00:00,domingo,30,Normal,Seca y limpia,Plano,Terraplen,Recta,Parcial con reducción de carriles,2,0,0,0,1.0,Choque,no mantener distancia de seguridad,7403_1_9,9.0,17.0
Cesar,2021-07-14 23:25:00,7,340.0,2021-04-09 05:00:00,viernes,30,Normal,Seca y limpia,Plano,Terraplen,Curva Derecha,Parcial con paso alternado,0,30,0,0,0.0,Choque,exceso de velocidad,4901_1_7,23.0,1.0
Córdoba,2021-07-14 22:04:00,66,65.0,2021-05-19 05:00:00,miercoles,0,Normal,Seca y limpia,Plano,Terraplen,Recta,Transito normal con precaución,0,0,0,0,0.0,Choque,otra - conductor en general,2513_0_66,8.0,16.0
Córdoba,2021-07-14 22:21:00,33,700.0,2021-05-07 05:00:00,viernes,0,Normal,Seca y limpia,Plano,Terraplen,Curva Derecha,Transito normal con precaución,0,0,0,0,0.0,Volcamiento,otra - conductor en general,2514_1_33,13.0,11.0
Córdoba,2021-07-14 22:32:00,44,200.0,2021-05-30 05:00:00,domingo,0,Normal,Seca y limpia,Plano,Terraplen,Recta,Transito normal con precaución,1,0,0,0,0.0,Volcamiento,maniobras imprudentes,2514_1_44,3.0,22.0
Córdoba,2021-07-14 22:45:00,15,900.0,2021-05-16 05:00:00,domingo,47,Normal,Seca y limpia,Plano,Terraplen,Recta,Transito normal con precaución,0,0,0,0,0.0,Choque,maniobras imprudentes,7403_1_15,7.0,17.0
Planta Central,2021-07-15 16:26:00,0,275.0,2021-06-10 05:00:00,jueves,10,Seca,Seca y limpia,Plano,Terraplen,Recta,Parcial con paso alternado,7,10,0,1,1.0,Choque,maniobras imprudentes,45ACND_0_0,7.0,0.0
Planta Central,2021-07-15 16:38:00,43,300.0,2021-06-05 05:00:00,sabado,15,Seca,Seca y limpia,Montañoso,Terraplen,Curva Derecha,Transito normal con precaución,6,15,0,0,0.0,Volcamiento,otra - conductor en general,45A04_1_43,6.0,0.0
Planta Central,2021-07-15 16:33:00,32,990.0,2021-06-21 05:00:00,lunes,45,Seca,Seca y limpia,Plano,Terraplen,Recta,Transito normal con precaución,12,45,1,0,1.0,Choque,maniobras imprudentes,45A04_2_32,0.0,12.0
Planta Central,2021-07-15 16:43:00,56,719.0,2021-06-01 05:00:00,martes,0,Seca,Seca y limpia,Montañoso,Media ladera Izquierda,Curva Derecha,Cierre total,17,0,1,1,3.0,Choque,adelantamientos indebidos,45A04_1_56,17.0,0.0
Planta Central,2021-07-15 16:47:00,60,892.0,2021-07-28 05:00:00,miercoles,15,Seca,Seca y limpia,Plano,Media ladera Izquierda,Recta,Parcial con reducción de carriles,7,15,0,0,0.0,Volcamiento,otra - conductor en general,45A04_1_60,7.0,0.0
Planta Central,2021-07-15 20:55:00,6,85.0,2021-06-04 05:00:00,viernes,42,Seca,Seca y limpia,Plano,Terraplen,Recta,Parcial con paso alternado,14,30,0,1,1.0,Volcamiento,otra - conductor en general,45ACND_0_6,14.0,0.0
Cesar,2021-07-15 21:24:00,108,700.0,2021-04-11 05:00:00,domingo,0,Normal,Seca y limpia,Plano,Terraplen,Curva Izquierda,Parcial restringido a vehiculos pesados,1,1,0,0,0.0,Choque,otra - pasajero o acompanante,4901_1_108,1.0,0.0
Cesar,2021-07-15 22:44:00,5,500.0,2021-04-16 05:00:00,viernes,1,Normal,Seca y limpia,Plano,Terraplen,Curva Izquierda,Transito normal con precaución,1,1,0,0,0.0,Choque,otra - pasajero o acompanante,8004_1_5,1.0,0.0
Cesar,2021-07-16 00:11:00,10,0.0,2021-04-16 05:00:00,viernes,1,Normal,Seca y limpia,Plano,Terraplen,Recta,Transito normal con precaución,1,1,0,0,0.0,Choque,otra - pasajero o acompanante,8004A_1_10,1.0,0.0
Cesar,2021-07-16 02:59:00,3,900.0,2021-04-21 05:00:00,miercoles,30,Normal,Seca y limpia,Plano,Terraplen,Recta,Parcial con paso alternado,1,0,0,0,0.0,Choque,no mantener distancia de seguridad,8004_1_3,8.0,17.0
Cesar,2021-07-21 17:22:00,84,600.0,2021-06-07 05:00:00,lunes,15,Normal,Seca y limpia,Plano,Terraplen,Recta,Transito normal con precaución,5,0,0,1,5.0,Choque,maniobras imprudentes,4901_1_84,5.0,0.0
Cesar,2021-07-21 21:47:00,8,300.0,2021-06-15 05:00:00,martes,0,Normal,Seca y limpia,Plano,Terraplen,Recta,Parcial con paso alternado,1,0,0,0,1.0,Choque,maniobras imprudentes,8004_1_8,16.0,9.0
Boyacá,2021-07-22 16:10:00,66,200.0,2021-07-20 05:00:00,martes,30,Normal,Seca y limpia,Montañoso,Cajón,Curva Izquierda,Transito normal con precaución,0,0,0,0,0.0,Volcamiento,impericia en el manejo,6006_0_66,13.0,11.0
Boyacá,2021-07-22 16:17:00,7,800.0,2021-07-20 05:00:00,martes,15,Normal,Seca y limpia,Plano,Terraplen,Recta,Transito normal con precaución,0,0,2,0,2.0,Choque,exceso de velocidad,6006_0_7,22.0,2.0
Córdoba,2021-07-22 16:13:00,31,150.0,2021-04-01 05:00:00,jueves,20,Seca,Seca y limpia,Plano,Media ladera Izquierda,Curva Izquierda,Transito normal con precaución,0,20,1,0,2.0,Volcamiento,exceso de velocidad,74CR02_0_31,16.0,8.0
Valle del Cauca,2021-07-22 19:49:00,4,660.0,2021-05-06 05:00:00,jueves,35,Viento,Seca y limpia,Plano,Terraplen,Recta,Parcial con reducción de carriles,12,0,0,0,2.0,Atropello,conducta de peatones,4001_2_4,11.0,1.0
Valle del Cauca,2021-07-22 20:29:00,5,947.0,2021-05-11 05:00:00,martes,20,Normal,Seca y limpia,Plano,Terraplen,Recta,Parcial con reducción de carriles,19,39,0,0,0.0,Choque,no mantener distancia de seguridad,4001_2_5,19.0,0.0
Planta Central,2021-07-22 20:30:00,35,500.0,2021-06-25 05:00:00,viernes,30,Seca,Seca y limpia,Plano,Terraplen,Curva Izquierda,Transito normal con precaución,12,30,1,0,1.0,Choque,fallas mecanicas y del sistema electrico,45A04_1_35,12.0,0.0
Planta Central,2021-07-22 20:33:00,48,600.0,2021-06-02 05:00:00,miercoles,45,Seca,Seca y limpia,Plano,Media ladera Izquierda,Recta,Transito normal con precaución,15,30,0,0,0.0,Choque,impericia en el manejo,45A04_1_48,15.0,0.0
Valle del Cauca,2021-07-22 20:39:00,4,655.0,2021-05-15 05:00:00,sabado,30,Normal,Seca y limpia,Plano,Terraplen,Recta,Parcial con reducción de carriles,19,20,0,0,2.0,Atropello,otra - pasajero o acompanante,4001_2_4,18.0,1.0
Valle del Cauca,2021-07-22 21:02:00,10,0.0,2021-05-16 05:00:00,domingo,20,Lluvia,Humeda,Plano,Terraplen,Recta,Parcial con reducción de carriles,3,10,0,1,1.0,Choque,impericia en el manejo,4001_1_10,1.0,2.0
Valle del Cauca,2021-07-22 21:06:00,0,970.0,2021-05-17 05:00:00,lunes,50,Normal,Seca y limpia,Plano,Terraplen,Recta,Parcial con reducción de carriles,7,48,0,0,2.0,Choque,no mantener distancia de seguridad,4001_2_0,6.0,1.0
Valle del Cauca,2021-07-22 21:32:00,10,196.0,2021-05-25 05:00:00,martes,20,Normal,Humeda,Plano,Terraplen,Curva Izquierda,Parcial con reducción de carriles,17,15,0,0,1.0,Caída ocupante,otra - pasajero o acompanante,4001_1_10,15.0,2.0
Valle del Cauca,2021-07-22 21:38:00,4,350.0,2021-05-27 05:00:00,jueves,45,Normal,Seca y limpia,Plano,Terraplen,Recta,Parcial con reducción de carriles,12,45,0,0,1.0,Choque,desobediencia a normas y senales,4001_2_4,11.0,1.0
Córdoba,2021-07-22 21:37:00,31,950.0,2021-05-17 05:00:00,lunes,30,Normal,Seca y limpia,Plano,Terraplen,Recta,Transito normal con precaución,0,0,0,0,0.0,Salida de la vía sin volcarse,exceso de velocidad,74CR02_0_31,7.0,17.0
Valle del Cauca,2021-07-22 21:43:00,5,925.0,2021-05-28 05:00:00,viernes,35,Normal,Seca y limpia,Plano,Terraplen,Recta,Parcial con reducción de carriles,13,30,0,0,0.0,Choque,otra - pasajero o acompanante,4001_1_5,12.0,1.0
Córdoba,2021-07-22 21:49:00,49,1106.0,2021-05-02 05:00:00,domingo,30,Normal,Seca y limpia,Plano,Terraplen,Recta,Parcial con reducción de carriles,0,40,1,0,1.0,Choque,no mantener distancia de seguridad,2103_1_49,20.0,4.0
Córdoba,2021-07-22 22:03:00,49,1106.0,2021-05-02 05:00:00,domingo,30,Normal,Seca y limpia,Plano,Terraplen,Recta,Parcial con reducción de carriles,0,40,1,0,1.0,Choque,no mantener distancia de seguridad,2103_1_49,20.0,4.0
Bolívar,2021-07-22 16:18:00,1,500.0,2021-06-15 05:00:00,martes,30,Normal,Seca y limpia,Plano,Terraplen,Recta,Transito normal con precaución,0,0,2,0,2.0,Choque,no mantener distancia de seguridad,7804_0_1,15.0,9.0
Bolívar,2021-07-22 16:24:00,3,700.0,2021-06-09 05:00:00,miercoles,45,Normal,Seca y limpia,Plano,Terraplen,Recta,Transito normal con precaución,0,0,0,0,0.0,Choque,otra - conductor en general,7803_0_3,5.0,19.0
Córdoba,2021-07-22 16:23:00,48,535.0,2021-04-09 05:00:00,viernes,20,Normal,Seca y limpia,Plano,Terraplen,Recta,Parcial con paso alternado,18,20,0,0,1.0,Choque,adelantamientos indebidos,9003_0_48,18.0,0.0
Bolívar,2021-07-22 16:24:00,1,900.0,2021-06-20 05:00:00,domingo,27,Normal,Seca y limpia,Plano,Terraplen,Recta,Transito normal con precaución,0,0,2,0,2.0,Atropello,otra - conductor en general,7804_0_1,18.0,6.0
Córdoba,2021-07-22 16:44:00,37,774.0,2021-04-28 05:00:00,miercoles,0,Normal,Seca y limpia,Plano,Media Ladera Derecha,Curva Derecha,Parcial con paso alternado,0,20,2,0,3.0,Choque,desobediencia a normas y senales,7801_1_37,13.0,11.0
Córdoba,2021-07-22 16:51:00,28,533.0,2021-04-30 05:00:00,viernes,30,Normal,Seca y limpia,Plano,Terraplen,Recta,Parcial con paso alternado,0,10,0,0,1.0,Choque,no mantener distancia de seguridad,9003_0_28,7.0,17.0
Valle del Cauca,2021-07-22 19:46:00,4,832.0,2021-05-05 05:00:00,miercoles,58,Normal,Seca y limpia,Plano,Terraplen,Curva Derecha,Parcial con reducción de carriles,6,20,0,0,1.0,Atropello,maniobras imprudentes,4001_1_4,16.0,14.0
Valle del Cauca,2021-07-22 19:53:00,2,930.0,2021-05-08 05:00:00,sabado,50,Normal,Seca y limpia,Plano,Terraplen,Recta,Parcial con reducción de carriles,18,27,0,0,1.0,Atropello,embriaguez o sustancias alucinogenas,4001_1_2,17.0,1.0
Valle del Cauca,2021-07-22 20:33:00,7,411.0,2021-05-15 05:00:00,sabado,0,Normal,Seca y limpia,Plano,Terraplen,Curva Derecha,Parcial con reducción de carriles,18,15,0,0,0.0,Choque,adelantamientos indebidos,4001_2_7,18.0,0.0
Córdoba,2021-07-22 21:33:00,27,394.0,2021-05-16 05:00:00,domingo,0,Normal,Seca y limpia,Plano,Terraplen,Recta,Parcial con paso alternado,0,10,0,0,2.0,Choque,adelantamientos indebidos,9003_0_27,17.0,7.0
Valle del Cauca,2021-07-22 21:35:00,1,333.0,2021-05-26 05:00:00,miercoles,5,Normal,Seca y limpia,Plano,Terraplen,Recta,Parcial con reducción de carriles,14,18,0,0,0.0,Choque,desobediencia a normas y senales,4001_2_1,14.0,0.0
Córdoba,2021-07-22 21:43:00,27,333.0,2021-05-19 05:00:00,miercoles,20,Normal,Seca y limpia,Plano,Terraplen,Recta,Transito normal con precaución,0,15,2,0,2.0,Choque,fallas mecanicas y del sistema electrico,9003_0_27,22.0,2.0
Córdoba,2021-07-22 22:08:00,49,1106.0,2021-05-02 05:00:00,domingo,30,Normal,Seca y limpia,Plano,Terraplen,Recta,Parcial con reducción de carriles,0,40,1,0,1.0,Choque,no mantener distancia de seguridad,2103_1_49,20.0,4.0
Córdoba,2021-07-22 22:13:00,49,1106.0,2021-05-02 05:00:00,domingo,30,Normal,Seca y limpia,Plano,Terraplen,Recta,Parcial con reducción de carriles,0,40,1,0,1.0,Choque,no mantener distancia de seguridad,2103_1_49,20.0,4.0
Cauca,2021-07-23 00:33:00,69,730.0,2021-07-19 05:00:00,lunes,0,Seca,Material suelto,Montañoso,Media Ladera Derecha,Curva Derecha,Cierre total,2,0,0,0,0.0,Volcamiento,fallas mecanicas y del sistema electrico,2602_0_69,5.0,21.0
Valle del Cauca,2021-07-23 13:08:00,7,280.0,2021-04-04 05:00:00,domingo,20,Normal,Seca y limpia,Plano,Terraplen,Recta,Parcial con reducción de carriles,13,20,2,0,2.0,Choque,adelantamientos indebidos,4001_1_7,12.0,1.0
Valle del Cauca,2021-07-23 14:39:00,10,285.0,2021-04-06 05:00:00,martes,10,Normal,Seca y limpia,Plano,Terraplen,Recta,Parcial con reducción de carriles,14,30,0,0,0.0,Choque,no mantener distancia de seguridad,4001_1_10,14.0,0.0
Valle del Cauca,2021-07-23 14:51:00,31,50.0,2021-04-05 05:00:00,lunes,50,Normal,Seca y limpia,Plano,Terraplen,Recta,Parcial con reducción de carriles,8,0,0,0,0.0,Choque,otra - pasajero o acompanante,4001_2_31,7.0,1.0
Valle del Cauca,2021-07-23 14:57:00,6,900.0,2021-04-09 05:00:00,viernes,13,Lluvia,Humeda,Plano,Terraplen,Recta,Parcial con reducción de carriles,19,30,0,0,0.0,Choque,maniobras imprudentes,4001_1_6,19.0,0.0
Valle del Cauca,2021-07-23 15:00:00,11,500.0,2021-04-10 05:00:00,sabado,40,Normal,Seca y limpia,Plano,Terraplen,Curva Derecha,Parcial con reducción de carriles,10,10,1,0,1.0,Choque,desobediencia a normas y senales,4001_1_11,9.0,1.0
Valle del Cauca,2021-07-23 15:07:00,1,445.0,2021-04-14 05:00:00,miercoles,45,Normal,Seca y limpia,Plano,Terraplen,Recta,Parcial con reducción de carriles,15,0,0,0,0.0,Choque,maniobras imprudentes,4001_2_1,14.0,1.0
Valle del Cauca,2021-07-23 15:27:00,33,400.0,2021-04-15 05:00:00,jueves,10,Normal,Seca y limpia,Plano,Media ladera Izquierda,Recta,Parcial con reducción de carriles,8,20,0,0,0.0,Choque,otra - pasajero o acompanante,4001_2_33,8.0,0.0
Valle del Cauca,2021-07-23 15:30:00,2,600.0,2021-04-18 05:00:00,domingo,55,Normal,Seca y limpia,Plano,Terraplen,Recta,Parcial con reducción de carriles,15,30,0,0,1.0,Choque,embriaguez o sustancias alucinogenas,4001_1_2,14.0,1.0
Casanare,2021-07-23 15:15:00,97,60.0,2021-06-08 05:00:00,martes,30,Seca,Seca y limpia,Plano,Terraplen,Recta,Cierre total,2,30,1,1,2.0,Atropello,impericia en el manejo,6515_1_97,2.0,0.0
Valle del Cauca,2021-07-23 15:42:00,4,800.0,2021-04-19 05:00:00,lunes,15,Normal,Seca y limpia,Plano,Terraplen,Recta,Parcial con reducción de carriles,19,19,0,0,1.0,Choque,no mantener distancia de seguridad,4001_1_4,18.0,1.0
Valle del Cauca,2021-07-23 15:45:00,7,400.0,2021-04-19 05:00:00,lunes,50,Normal,Seca y limpia,Plano,Terraplen,Recta,Parcial con reducción de carriles,10,20,0,0,0.0,Choque,otra - pasajero o acompanante,4001_1_7,9.0,1.0