territorial,fecha_registro,pr,distancia_pr,fecha_acc,dia_semana_acc,min_acc,condic_meteor,estado_super,terreno,secc_tip,geometria_acc,tipo_cierre,horas_cierre,min_cierre,n_heridos,n_muertos,n_victimas,clase_accidente,causa_posible,ref_loc,hora_acc,duracion_cierre_horas
Valle del Cauca,2021-07-23 15:48:00,2,66.0,2021-04-21 05:00:00,miercoles,14,Normal,Seca y limpia,Plano,Terraplen,Recta,Parcial con reducción de carriles,14,40,0,0,3.0,Atropello,desobediencia a normas y senales,4001_2_2,14.0,0.0
Cesar,2021-07-23 15:55:00,23,950.0,2021-06-01 05:00:00,martes,0,Normal,Seca y limpia,Plano,Media ladera Izquierda,Curva Izquierda,Transito normal con precaución,1,0,0,1,7.0,Choque,adelantamientos indebidos,8004A_1_23,13.0,12.0
Valle del Cauca,2021-07-23 15:52:00,3,0.0,2021-04-23 05:00:00,viernes,0,Normal,Aceite,Plano,Terraplen,Recta,Parcial con reducción de carriles,6,35,0,0,0.0,Volcamiento,condiciones de la via y factores ambientales,4001_2_3,6.0,0.0
Valle del Cauca,2021-07-23 16:12:00,7,233.0,2021-04-26 05:00:00,lunes,55,Normal,Seca y limpia,Plano,Terraplen,Recta,Parcial con reducción de carriles,20,45,0,0,2.0,Atropello,maniobras imprudentes,4001_1_7,19.0,1.0
Valle del Cauca,2021-07-23 16:15:00,5,475.0,2021-04-26 05:00:00,lunes,45,Normal,Seca y limpia,Plano,Terraplen,Recta,Parcial con reducción de carriles,13,40,0,1,1.0,Atropello,conducta de peatones,4001_2_5,12.0,1.0
Valle del Cauca,2021-07-23 16:18:00,12,1050.0,2021-04-28 05:00:00,miercoles,36,Normal,Seca y limpia,Plano,Terraplen,Recta,Parcial con reducción de carriles,13,20,2,0,2.0,Choque,maniobras imprudentes,4001_1_12,12.0,1.0
Casanare,2021-07-23 15:42:00,126,800.0,2021-06-13 05:00:00,domingo,25,Normal,Seca y limpia,Plano,Terraplen,Recta,Transito normal con precaución,20,25,2,0,2.0,Choque,embriaguez o sustancias alucinogenas,6515_1_126,20.0,0.0
Valle del Cauca,2021-07-23 16:22:00,4,990.0,2021-04-28 05:00:00,miercoles,35,Normal,Seca y limpia,Plano,Terraplen,Recta,Parcial con reducción de carriles,13,40,0,0,3.0,Choque,no mantener distancia de seguridad,4001_1_4,12.0,1.0
Valle del Cauca,2021-07-23 16:27:00,1,900.0,2021-04-28 05:00:00,miercoles,35,Normal,Seca y limpia,Plano,Terraplen,Recta,Parcial con reducción de carriles,15,20,0,0,2.0,Choque,otra - pasajero o acompanante,4001_1_1,14.0,1.0
Casanare,2021-07-23 16:24:00,55,300.0,2021-06-21 05:00:00,lunes,40,Normal,Seca y limpia,Plano,Terraplen,Recta,Transito normal con precaución,9,40,0,0,0.0,Choque,desobediencia a normas y senales,6515_1_55,9.0,0.0
Valle del Cauca,2021-07-23 16:29:00,2,600.0,2021-04-29 05:00:00,jueves,50,Normal,Seca y limpia,Plano,Terraplen,Recta,Parcial con reducción de carriles,15,22,0,0,2.0,Choque,no mantener distancia de seguridad,4001_1_2,14.0,1.0
Valle del Cauca,2021-07-23 16:33:00,12,900.0,2021-04-29 05:00:00,jueves,0,Viento,Seca y limpia,Plano,Terraplen,Recta,Transito normal con precaución,11,30,0,0,1.0,Choque,adelantamientos indebidos,4001_1_12,10.0,1.0
Casanare,2021-07-23 16:29:00,58,400.0,2021-06-20 05:00:00,domingo,10,Seca,Seca y limpia,Plano,Terraplen,Recta,Transito normal con precaución,8,10,0,0,1.0,Atropello,conducta de peatones,6515_1_58,8.0,0.0
Casanare,2021-07-23 16:40:00,82,700.0,2021-06-17 05:00:00,jueves,40,Normal,Seca y limpia,Plano,Terraplen,Recta,Transito normal con precaución,8,40,0,0,1.0,Choque,adelantamientos indebidos,6515_1_82,8.0,0.0
Cesar,2021-07-23 17:10:00,32,0.0,2021-06-20 05:00:00,domingo,0,Normal,Seca y limpia,Plano,Terraplen,Recta,Parcial con paso alternado,0,0,0,1,1.0,Otro,otra - pasajero o acompanante,4901_1_32,0.0,0.0
Córdoba,2021-07-23 20:54:00,49,1006.0,2021-05-02 05:00:00,domingo,30,Normal,Seca y limpia,Plano,Terraplen,Recta,Parcial con reducción de carriles,0,40,1,0,1.0,Choque,no mantener distancia de seguridad,2103_1_49,20.0,4.0
Risaralda,2021-07-23 21:14:00,74,740.0,2021-06-05 05:00:00,sabado,0,Normal,Seca y limpia,Plano,Terraplen,Recta,Parcial con reducción de carriles,0,20,0,0,0.0,Choque,maniobras imprudentes,2506_2_74,16.0,8.0
Risaralda,2021-07-23 21:14:00,4,100.0,2021-06-17 05:00:00,jueves,45,Normal,Seca y limpia,Plano,Terraplen,Recta,Parcial con reducción de carriles,0,15,0,0,0.0,Choque,no mantener distancia de seguridad,29RS01_2_4,14.0,10.0
Risaralda,2021-07-23 21:14:00,80,700.0,2021-06-22 05:00:00,martes,30,Normal,Seca y limpia,Ondulado,Terraplen,Curva Izquierda,Parcial con reducción de carriles,0,20,0,0,0.0,Choque,no mantener distancia de seguridad,2506_1_80,15.0,9.0
Risaralda,2021-07-23 21:14:00,4,300.0,2021-06-26 05:00:00,sabado,0,Normal,Seca y limpia,Plano,Terraplen,Recta,Parcial con reducción de carriles,0,25,0,0,0.0,Choque,no mantener distancia de seguridad,29RS01_1_4,14.0,10.0
Risaralda,2021-07-23 21:14:00,4,0.0,2021-06-29 05:00:00,martes,30,Normal,Seca y limpia,Ondulado,Terraplen,Curva Derecha,Transito normal con precaución,0,15,0,0,0.0,Choque,no mantener distancia de seguridad,29RS01_2_4,17.0,7.0
Córdoba,2021-07-23 21:04:00,50,0.0,2021-05-02 05:00:00,domingo,30,Normal,Seca y limpia,Plano,Terraplen,Recta,Parcial con reducción de carriles,0,40,1,0,1.0,Choque,no mantener distancia de seguridad,2103_1_50,20.0,4.0
Risaralda,2021-07-23 21:14:00,74,700.0,2021-06-08 05:00:00,martes,30,Lluvia,Humeda,Plano,Terraplen,Recta,Parcial con reducción de carriles,0,20,2,0,0.0,Choque,no mantener distancia de seguridad,2506_2_74,10.0,14.0
Risaralda,2021-07-23 21:14:00,10,900.0,2021-06-11 05:00:00,viernes,0,Lluvia,Humeda,Plano,Terraplen,Recta,Transito normal con precaución,0,10,0,0,0.0,Choque,no mantener distancia de seguridad,29RS01_1_10,17.0,7.0
Cesar,2021-07-23 21:29:00,56,450.0,2021-06-28 05:00:00,lunes,0,Normal,Otra,Plano,Terraplen,Curva Izquierda,Parcial con paso alternado,0,0,0,1,2.0,Otro,otra - pasajero o acompanante,4901_1_56,0.0,0.0
Risaralda,2021-07-23 21:14:00,77,400.0,2021-06-20 05:00:00,domingo,0,Normal,Seca y limpia,Ondulado,Terraplen,Curva Derecha,Transito normal con precaución,0,5,0,0,0.0,Choque,no mantener distancia de seguridad,2506_1_77,16.0,8.0
Risaralda,2021-07-23 21:14:00,4,930.0,2021-06-26 05:00:00,sabado,30,Normal,Seca y limpia,Plano,Terraplen,Recta,Parcial con reducción de carriles,0,25,0,0,0.0,Choque,no mantener distancia de seguridad,29RS01_1_4,11.0,13.0
Cesar,2021-07-26 15:24:00,5,700.0,2021-06-01 05:00:00,martes,0,Normal,Seca y limpia,Plano,Media ladera Izquierda,Recta,Parcial con paso alternado,0,0,0,0,0.0,Otro,otra - pasajero o acompanante,8004A_1_5,0.0,0.0
Valle del Cauca,2021-07-26 21:50:00,23,612.0,2021-01-22 05:00:00,viernes,59,Lluvia,Humeda,Ondulado,Terraplen,Curva Derecha,Parcial con reducción de carriles,21,28,1,0,1.0,Choque,otra - pasajero o acompanante,4001_2_23,18.0,3.0
Valle del Cauca,2021-07-26 21:53:00,24,630.0,2021-01-27 05:00:00,miercoles,58,Viento,Seca y limpia,Ondulado,Terraplen,Curva Derecha,Parcial con reducción de carriles,16,32,0,0,2.0,Choque,otra - pasajero o acompanante,4001_2_24,14.0,2.0
Cauca,2021-07-26 23:18:00,31,700.0,2021-07-19 05:00:00,lunes,30,Sol,Seca y limpia,Montañoso,Media Ladera Derecha,Curva Izquierda,Cierre total,1,0,0,0,0.0,Choque,exceso de velocidad,2602_0_31,14.0,11.0
Cauca,2021-07-26 23:21:00,10,80.0,2021-07-19 05:00:00,lunes,30,Sol,Seca y limpia,Montañoso,Media ladera Izquierda,Curva Izquierda,Transito normal con precaución,0,0,0,0,1.0,Volcamiento,embriaguez o sustancias alucinogenas,2602_0_10,15.0,9.0
Cauca,2021-07-26 23:15:00,86,400.0,2021-07-13 05:00:00,martes,45,Sol,Material suelto,Montañoso,Media Ladera Derecha,Curva Izquierda,Parcial restringido a vehiculos pesados,1,0,0,0,0.0,Choque,adelantamientos indebidos,2602_0_86,11.0,14.0
Planta Central,2021-07-27 22:42:00,94,431.0,2021-05-07 05:00:00,viernes,37,Seca,Seca y limpia,Escarpado,Media ladera Izquierda,Recta,Parcial con paso alternado,0,35,3,0,3.0,Choque,adelantamientos indebidos,45A06_0_94,12.0,12.0
Planta Central,2021-07-27 23:36:00,57,752.0,2021-06-05 05:00:00,sabado,35,Sol,Seca y limpia,Ondulado,Media ladera Izquierda,Curva Derecha,Parcial con paso alternado,1,0,0,0,0.0,Choque,otra - conductor en general,45A05_1_57,9.0,16.0
Planta Central,2021-07-27 23:36:00,9,75.0,2021-06-08 05:00:00,martes,45,Seca,Seca y limpia,Plano,Terraplen,Curva Derecha,Parcial con reducción de carriles,1,30,0,0,0.0,Choque,otra - conductor en general,45A05_1_9,7.0,18.0
Planta Central,2021-07-27 23:36:00,6,120.0,2021-06-11 05:00:00,viernes,40,Seca,Seca y limpia,Ondulado,Media ladera Izquierda,Curva Derecha,Parcial con paso alternado,1,0,0,0,0.0,Volcamiento,otra - conductor en general,45A05_1_6,14.0,11.0
Planta Central,2021-07-28 00:20:00,53,948.0,2021-07-12 05:00:00,lunes,25,Seca,Seca y limpia,Ondulado,Terraplen,Curva Izquierda,Transito normal con precaución,0,0,1,0,1.0,Volcamiento,otra - conductor en general,45A05_1_53,5.0,19.0
Planta Central,2021-07-28 00:30:00,5,0.0,2021-06-13 05:00:00,domingo,25,Seca,Seca y limpia,Plano,Terraplen,Recta,Parcial con paso alternado,0,0,1,0,2.0,Choque,otra - conductor en general,45A05_1_5,19.0,5.0
Planta Central,2021-07-28 00:30:00,5,200.0,2021-06-15 05:00:00,martes,0,Seca,Seca y limpia,Plano,Media ladera Izquierda,Curva Izquierda,Parcial con paso alternado,0,0,0,0,2.0,Choque,otra - conductor en general,45A05_1_5,11.0,13.0
Planta Central,2021-07-28 01:28:00,1,827.0,2021-06-17 05:00:00,jueves,0,Sol,Seca y limpia,Plano,Terraplen,Recta,Transito normal con precaución,0,0,0,0,0.0,Salida de la vía sin volcarse,otra - conductor en general,45A05_1_1,15.0,9.0
Planta Central,2021-07-28 01:28:00,19,600.0,2021-06-26 05:00:00,sabado,30,Normal,Seca y limpia,Plano,Terraplen,Recta,Parcial con reducción de carriles,2,0,0,1,3.0,Choque,otra - conductor en general,45A05_1_19,14.0,12.0
Planta Central,2021-07-28 01:28:00,0,788.0,2021-06-28 05:00:00,lunes,30,Lluvia,Humeda,Plano,Terraplen,Curva Derecha,Parcial con paso alternado,0,0,0,0,4.0,Volcamiento,otra - conductor en general,45A05_1_0,21.0,3.0
Tolima,2021-07-28 01:54:00,33,720.0,2021-06-02 05:00:00,miercoles,24,Normal,Seca y limpia,Plano,Terraplen,Recta,Transito normal con precaución,0,0,0,0,0.0,Choque,no mantener distancia de seguridad,4510_1_33,14.0,10.0
Planta Central,2021-07-27 23:36:00,70,800.0,2021-06-06 05:00:00,domingo,33,Lluvia,Humeda,Montañoso,Media ladera Izquierda,Curva Derecha,Transito normal con precaución,0,0,0,0,0.0,Salida de la vía sin volcarse,otra - conductor en general,45A05_1_70,15.0,9.0
Planta Central,2021-07-27 23:36:00,31,160.0,2021-06-08 05:00:00,martes,20,Lluvia,Humeda,Plano,Terraplen,Recta,Transito normal con precaución,0,0,0,0,0.0,Volcamiento,otra - conductor en general,45A05_1_31,14.0,10.0
Guajira,2021-08-03 13:52:00,71,500.0,2021-02-15 05:00:00,lunes,10,Normal,Seca y limpia,Plano,Terraplen,Recta,Transito normal con precaución,20,10,0,0,0.0,Choque,condiciones de la via y factores ambientales,4902_1_71,20.0,0.0
Planta Central,2021-07-28 00:20:00,55,950.0,2021-07-09 05:00:00,viernes,0,Lluvia,Humeda,Ondulado,Cajón,Recta,Transito normal con precaución,0,0,0,0,0.0,Choque,otra - conductor en general,45A05_1_55,19.0,5.0
Planta Central,2021-07-28 00:30:00,62,111.0,2021-06-12 05:00:00,sabado,30,Seca,Seca y limpia,Plano,Terraplen,Recta,Transito normal con precaución,0,0,1,0,1.0,Choque,otra - conductor en general,45A05_1_62,20.0,4.0
Planta Central,2021-07-28 00:30:00,66,100.0,2021-06-14 05:00:00,lunes,0,Lluvia,Humeda,Plano,Terraplen,Recta,Transito normal con precaución,0,0,0,0,2.0,Volcamiento,otra - conductor en general,45A05_1_66,20.0,4.0
Planta Central,2021-07-28 00:57:00,8,940.0,2021-06-19 05:00:00,sabado,0,Seca,Seca y limpia,Plano,Terraplen,Recta,Parcial con paso alternado,0,0,1,0,1.0,Choque,otra - conductor en general,45A05_1_8,9.0,15.0
Planta Central,2021-07-28 01:08:00,91,250.0,2021-05-07 05:00:00,viernes,37,Sol,Seca y limpia,Ondulado,Cajón,Recta,Parcial con paso alternado,1,0,1,0,1.0,Volcamiento,maniobras imprudentes,45A06_0_91,12.0,13.0
Planta Central,2021-07-28 01:28:00,6,800.0,2021-06-25 05:00:00,viernes,30,Seca,Seca y limpia,Plano,Terraplen,Recta,Parcial con paso alternado,0,0,1,0,1.0,Choque,embriaguez o sustancias alucinogenas,45A05_1_6,18.0,6.0
Planta Central,2021-07-28 01:28:00,29,800.0,2021-06-27 05:00:00,domingo,30,Seca,Seca y limpia,Plano,Terraplen,Curva Derecha,Parcial con paso alternado,0,0,0,1,4.0,Choque,impericia en el manejo,45A05_1_29,16.0,8.0
Planta Central,2021-07-28 01:28:00,9,500.0,2021-06-28 05:00:00,lunes,45,Sol,Seca y limpia,Plano,Terraplen,Recta,Transito normal con precaución,0,0,0,0,4.0,Salida de la vía sin volcarse,otra - conductor en general,45A05_1_9,5.0,19.0
Planta Central,2021-07-28 14:44:00,45,956.0,2021-05-08 05:00:00,sabado,52,Sol,Seca y limpia,Ondulado,Terraplen,Recta,Parcial con paso alternado,0,25,1,0,3.0,Choque,otra - conductor en general,45A06_0_45,13.0,11.0
Valle del Cauca,2021-07-28 15:00:00,13,260.0,2021-02-01 05:00:00,lunes,0,Normal,Seca y limpia,Plano,Terraplen,Recta,Parcial con reducción de carriles,0,0,1,0,2.0,Choque,impericia en el manejo,4001_1_13,0.0,0.0
Valle del Cauca,2021-07-28 15:09:00,7,265.0,2021-02-05 05:00:00,viernes,34,Normal,Humeda,Plano,Terraplen,Recta,Parcial con reducción de carriles,21,30,0,0,1.0,Atropello,otra - pasajero o acompanante,4001_2_7,20.0,1.0
Planta Central,2021-07-28 14:44:00,123,800.0,2021-05-14 05:00:00,viernes,0,Sol,Seca y limpia,Ondulado,Media ladera Izquierda,Curva Izquierda,Parcial con paso alternado,1,30,0,0,4.0,Caída de carga,fallas mecanicas y del sistema electrico,45A06_0_123,0.0,1.0
Planta Central,2021-07-28 15:17:00,24,700.0,2021-05-15 05:00:00,sabado,55,Lluvia,Otra,Ondulado,Terraplen,Recta,Parcial con paso alternado,0,30,0,0,0.0,Choque,condiciones de la via y factores ambientales,45A06_0_24,22.0,2.0
Valle del Cauca,2021-07-28 15:24:00,12,740.0,2021-02-07 05:00:00,domingo,45,Normal,Seca y limpia,Plano,Terraplen,Recta,Parcial con reducción de carriles,21,58,0,0,2.0,Choque,desobediencia a normas y senales,4001_1_12,20.0,1.0
Valle del Cauca,2021-07-28 15:30:00,6,850.0,2021-02-17 05:00:00,miercoles,10,Normal,Seca y limpia,Plano,Terraplen,Recta,Parcial con reducción de carriles,17,50,0,0,2.0,Choque,desobediencia a normas y senales,4001_2_6,16.0,1.0
Valle del Cauca,2021-07-28 15:41:00,6,50.0,2021-02-27 05:00:00,sabado,32,Normal,Seca y limpia,Plano,Terraplen,Recta,Parcial con reducción de carriles,19,32,0,0,1.0,Atropello,conducta de peatones,4001_1_6,19.0,0.0
Valle del Cauca,2021-07-28 15:48:00,10,120.0,2021-02-28 05:00:00,domingo,50,Normal,Seca y limpia,Plano,Terraplen,Recta,Parcial con reducción de carriles,3,12,1,0,2.0,Choque,otra - pasajero o acompanante,4001_1_10,0.0,3.0
Valle del Cauca,2021-07-28 16:21:00,29,572.0,2021-01-14 05:00:00,jueves,20,Normal,Humeda,Ondulado,Terraplen,Curva Izquierda,Parcial con reducción de carriles,15,43,0,0,0.0,Salida de la vía sin volcarse,otra - pasajero o acompanante,4001_1_29,14.0,1.0
Planta Central,2021-07-28 16:28:00,96,350.0,2021-05-27 05:00:00,jueves,15,Seca,Seca y limpia,Ondulado,Terraplen,Recta,Parcial con paso alternado,0,30,1,0,1.0,Choque,otra - conductor en general,45A06_0_96,12.0,12.0
Valle del Cauca,2021-07-28 16:33:00,30,570.0,2021-01-14 05:00:00,jueves,47,Lluvia,Humeda,Ondulado,Terraplen,Curva Derecha,Parcial con reducción de carriles,4,30,1,0,1.0,Volcamiento,otra - pasajero o acompanante,4001_2_30,0.0,4.0
Planta Central,2021-07-28 16:34:00,59,340.0,2021-05-25 05:00:00,martes,58,Seca,Seca y limpia,Ondulado,Terraplen,Recta,Parcial con paso alternado,0,30,1,0,1.0,Choque,no mantener distancia de seguridad,45A06_0_59,20.0,4.0
Valle del Cauca,2021-07-28 16:40:00,37,545.0,2021-01-09 05:00:00,sabado,55,Normal,Humeda,Plano,Media Ladera Derecha,Curva Izquierda,Parcial con reducción de carriles,18,6,0,0,0.0,Choque,otra - pasajero o acompanante,4001_2_37,17.0,1.0
Planta Central,2021-07-28 16:43:00,12,300.0,2021-05-27 05:00:00,jueves,30,Niebla,Seca y limpia,Plano,Terraplen,Recta,Parcial con paso alternado,1,0,0,0,0.0,Choque,desobediencia a normas y senales,45A06_0_12,15.0,10.0
Valle del Cauca,2021-07-28 16:50:00,50,760.0,2021-01-24 05:00:00,domingo,38,Normal,Seca y limpia,Montañoso,Media ladera Izquierda,Curva Derecha,Parcial con reducción de carriles,12,25,0,0,0.0,Choque,exceso de velocidad,4001_1_50,11.0,1.0
Planta Central,2021-07-28 17:13:00,124,700.0,2021-05-28 05:00:00,viernes,0,Lluvia,Humeda,Ondulado,Terraplen,Recta,Parcial con paso alternado,0,0,2,0,2.0,Choque,otra - conductor en general,45A06_0_124,0.0,0.0
Planta Central,2021-07-28 17:34:00,54,900.0,2021-05-30 05:00:00,domingo,19,Seca,Seca y limpia,Plano,Terraplen,Recta,Parcial con paso alternado,23,30,1,0,1.0,Volcamiento,otra - conductor en general,45A06_0_54,20.0,3.0
Planta Central,2021-07-28 14:44:00,125,0.0,2021-05-09 05:00:00,domingo,0,Niebla,Seca y limpia,Plano,Terraplen,Recta,Parcial con paso alternado,0,24,1,0,4.0,Choque,otra - conductor en general,45A06_0_125,0.0,0.0
Valle del Cauca,2021-07-28 15:03:00,12,975.0,2021-02-02 05:00:00,martes,35,Normal,Seca y limpia,Plano,Terraplen,Recta,Parcial con reducción de carriles,13,55,0,0,1.0,Choque,otra - pasajero o acompanante,4001_1_12,13.0,0.0
Planta Central,2021-07-28 15:24:00,33,400.0,2021-05-15 05:00:00,sabado,55,Lluvia,Otra,Ondulado,Terraplen,Recta,Parcial con paso alternado,0,30,0,1,1.0,Atropello,conducta de peatones,45A06_0_33,16.0,8.0
Planta Central,2021-07-28 15:29:00,58,0.0,2021-05-15 05:00:00,sabado,0,Lluvia,Humeda,Ondulado,Media Ladera Derecha,Recta,Parcial con paso alternado,1,0,1,0,1.0,Choque,no mantener distancia de seguridad,45A06_0_58,0.0,1.0
Valle del Cauca,2021-07-28 15:54:00,5,575.0,2021-02-28 05:00:00,domingo,0,Normal,Seca y limpia,Plano,Terraplen,Recta,Parcial con reducción de carriles,18,40,1,0,1.0,Choque,embriaguez o sustancias alucinogenas,4001_1_5,18.0,0.0
Planta Central,2021-07-28 15:51:00,125,300.0,2021-05-16 05:00:00,domingo,0,Lluvia,Humeda,Ondulado,Cajón,Recta,Parcial con paso alternado,0,30,0,0,0.0,Choque,otra - conductor en general,45A06_0_125,0.0,0.0
Valle del Cauca,2021-07-28 16:04:00,25,636.0,2021-01-27 05:00:00,miercoles,30,Normal,Seca y limpia,Ondulado,Terraplen,Curva Derecha,Parcial con reducción de carriles,16,54,0,0,0.0,Volcamiento,otra - pasajero o acompanante,4001_2_25,15.0,1.0
Valle del Cauca,2021-07-28 16:13:00,28,900.0,2021-01-31 05:00:00,domingo,55,Normal,Humeda,Ondulado,Terraplen,Curva Derecha,Parcial con reducción de carriles,17,24,4,0,4.0,Choque,otra - pasajero o acompanante,4001_1_28,14.0,3.0
Planta Central,2021-07-28 16:15:00,81,0.0,2021-05-23 05:00:00,domingo,0,Lluvia,Otra,Ondulado,Media Ladera Derecha,Recta,Parcial con paso alternado,0,0,0,0,0.0,Incendio,fallas mecanicas y del sistema electrico,45A06_0_81,5.0,19.0
Valle del Cauca,2021-07-28 16:17:00,29,0.0,2021-01-25 05:00:00,lunes,40,Normal,Humeda,Ondulado,Terraplen,Curva Derecha,Parcial con reducción de carriles,20,10,0,0,0.0,Volcamiento,otra - pasajero o acompanante,4001_1_29,17.0,3.0
Valle del Cauca,2021-07-28 16:25:00,30,400.0,2021-01-31 05:00:00,domingo,0,Normal,Seca y limpia,Ondulado,Terraplen,Curva Izquierda,Parcial con reducción de carriles,15,40,0,0,0.0,Choque,condiciones de la via y factores ambientales,4001_1_30,15.0,0.0
Valle del Cauca,2021-07-28 16:36:00,31,790.0,2021-01-31 05:00:00,domingo,0,Normal,Humeda,Ondulado,Terraplen,Recta,Parcial con reducción de carriles,18,35,1,0,1.0,Choque,condiciones de la via y factores ambientales,4001_1_31,17.0,1.0
Planta Central,2021-07-28 17:18:00,59,866.0,2021-05-30 05:00:00,domingo,40,Niebla,Seca y limpia,Plano,Terraplen,Recta,Parcial con paso alternado,1,30,1,0,1.0,Atropello,no mantener distancia de seguridad,45A06_0_59,18.0,7.0
Planta Central,2021-07-28 17:24:00,54,950.0,2021-05-30 05:00:00,domingo,39,Seca,Seca y limpia,Plano,Terraplen,Recta,Parcial con paso alternado,0,30,0,0,0.0,Volcamiento,otra - conductor en general,45A06_0_54,7.0,17.0
Valle del Cauca,2021-07-29 16:45:00,4,870.0,2021-05-18 05:00:00,martes,13,Lluvia,Humeda,Plano,Terraplen,Recta,Parcial con reducción de carriles,17,50,0,0,0.0,Choque,no mantener distancia de seguridad,4001_2_4,17.0,0.0
Planta Central,2021-07-29 19:25:00,59,977.0,2021-05-30 05:00:00,domingo,30,Seca,Seca y limpia,Ondulado,Terraplen,Recta,Parcial con paso alternado,1,0,1,0,1.0,Choque,desobediencia a normas y senales,45A06_0_59,22.0,3.0
Casanare,2021-07-31 22:21:00,21,150.0,2021-06-19 05:00:00,sabado,20,Sol,Seca y limpia,Plano,Terraplen,Recta,Transito normal con precaución,0,0,2,3,5.0,Choque,maniobras imprudentes,6606_1_21,10.0,14.0
Planta Central,2021-08-05 20:35:00,18,900.0,2021-07-06 05:00:00,martes,30,Seca,Seca y limpia,Montañoso,Media Ladera Derecha,Recta,Parcial con reducción de carriles,1,0,0,0,0.0,Volcamiento,otra - conductor en general,4003_1_18,5.0,20.0
Boyacá,2021-07-31 23:32:00,10,310.0,2021-06-05 05:00:00,sabado,30,Normal,Humeda,Montañoso,Media ladera Izquierda,Recta,Transito normal con precaución,1,10,0,0,0.0,Choque,otra - conductor en general,6209_0_10,22.0,3.0
Boyacá,2021-07-31 23:41:00,87,763.0,2021-06-09 05:00:00,miercoles,30,Normal,Seca y limpia,Ondulado,Terraplen,Curva Derecha,Transito normal con precaución,0,15,0,0,0.0,Choque,otra - conductor en general,6007_0_87,6.0,18.0
Boyacá,2021-07-31 23:46:00,56,0.0,2021-06-10 05:00:00,jueves,15,Lluvia,Humeda,Montañoso,Media Ladera Derecha,Curva Derecha,Transito normal con precaución,0,0,0,0,0.0,Volcamiento,fallas mecanicas y del sistema electrico,6007_0_56,13.0,11.0
Boyacá,2021-08-01 00:03:00,32,315.0,2021-06-13 05:00:00,domingo,40,Normal,Seca y limpia,Montañoso,Media ladera Izquierda,Curva Izquierda,Transito normal con precaución,0,0,2,1,3.0,Volcamiento,fallas mecanicas y del sistema electrico,6007_0_32,13.0,11.0
Boyacá,2021-08-01 00:13:00,21,350.0,2021-06-15 05:00:00,martes,30,Lluvia,Humeda,Montañoso,Media Ladera Derecha,Curva Derecha,Transito normal con precaución,0,0,0,0,0.0,Choque,condiciones de la via y factores ambientales,6209_0_21,15.0,9.0
Boyacá,2021-08-01 00:25:00,21,320.0,2021-06-22 05:00:00,martes,0,Lluvia,Humeda,Montañoso,Media Ladera Derecha,Curva Derecha,Transito normal con precaución,0,30,0,0,0.0,Choque,condiciones de la via y factores ambientales,6209_0_21,14.0,10.0
Boyacá,2021-08-01 01:05:00,14,530.0,2021-06-12 05:00:00,sabado,30,Normal,Seca y limpia,Montañoso,Media ladera Izquierda,Recta,Transito normal con precaución,0,50,0,0,0.0,Choque,no mantener distancia de seguridad,6209_0_14,12.0,12.0
Boyacá,2021-08-01 01:15:00,37,950.0,2021-06-15 05:00:00,martes,30,Lluvia,Humeda,Montañoso,Terraplen,Recta,Transito normal con precaución,2,10,0,0,0.0,Atropello,condiciones de la via y factores ambientales,6209_0_37,20.0,6.0
Cundinamarca,2021-08-01 02:11:00,27,346.0,2021-01-05 05:00:00,martes,10,Sol,Seca y limpia,Plano,Cajón,Recta,Transito normal con precaución,7,10,0,0,0.0,Choque,desobediencia a normas y senales,45A04_2_27,7.0,0.0
Cundinamarca,2021-08-01 03:01:00,26,629.0,2021-02-10 05:00:00,miercoles,10,Sol,Seca y limpia,Plano,Cajón,Recta,Transito normal con precaución,8,10,0,0,0.0,Choque,otra - conductor en general,45A04_2_26,8.0,0.0
Cundinamarca,2021-08-01 03:09:00,27,760.0,2021-02-20 05:00:00,sabado,20,Sol,Seca y limpia,Plano,Cajón,Recta,Transito normal con precaución,15,20,0,0,0.0,Choque,otra - conductor en general,45A04_1_27,15.0,0.0
Cundinamarca,2021-08-01 03:27:00,25,55.0,2021-03-23 05:00:00,martes,20,Sol,Seca y limpia,Plano,Cajón,Recta,Parcial con paso alternado,19,20,0,0,0.0,Choque,otra - conductor en general,5501_1_25,19.0,0.0
Cundinamarca,2021-08-01 03:31:00,27,542.0,2021-03-27 05:00:00,sabado,0,Sol,Seca y limpia,Plano,Cajón,Recta,Transito normal con precaución,12,0,0,0,0.0,Choque,no mantener distancia de seguridad,45A04_1_27,12.0,0.0
Cundinamarca,2021-08-01 02:04:00,24,699.0,2021-01-04 05:00:00,lunes,50,Sol,Seca y limpia,Plano,Cajón,Recta,Cierre total,16,50,1,0,1.0,Choque,desobediencia a normas y senales,5501_1_24,16.0,0.0
Cundinamarca,2021-08-01 02:15:00,24,100.0,2021-01-04 05:00:00,lunes,25,Sol,Seca y limpia,Plano,Cajón,Recta,Cierre total,12,25,3,0,3.0,Choque,maniobras imprudentes,5501_1_24,12.0,0.0
Cundinamarca,2021-08-01 03:14:00,25,315.0,2021-02-25 05:00:00,jueves,20,Sol,Seca y limpia,Plano,Cajón,Recta,Transito normal con precaución,18,20,0,0,0.0,Choque,impericia en el manejo,45A04_1_25,18.0,0.0