territorial,fecha_registro,pr,distancia_pr,fecha_acc,dia_semana_acc,min_acc,condic_meteor,estado_super,terreno,secc_tip,geometria_acc,tipo_cierre,horas_cierre,min_cierre,n_heridos,n_muertos,n_victimas,clase_accidente,causa_posible,ref_loc,hora_acc,duracion_cierre_horas
Cundinamarca,2021-08-01 03:26:00,25,126.0,2021-03-17 05:00:00,miercoles,10,Sol,Seca y limpia,Plano,Cajón,Recta,Parcial con paso alternado,10,10,0,0,0.0,Choque,otra - conductor en general,5501_1_25,10.0,0.0
Cundinamarca,2021-08-01 03:44:00,26,630.0,2021-03-31 05:00:00,miercoles,0,Sol,Seca y limpia,Plano,Cajón,Recta,Transito normal con precaución,0,0,0,0,0.0,Choque,otra - conductor en general,45A04_1_26,0.0,0.0
Córdoba,2021-08-02 14:40:00,22,850.0,2021-06-11 05:00:00,viernes,30,Normal,Seca y limpia,Ondulado,Media Ladera Derecha,Curva Izquierda,Transito normal con precaución,0,0,0,0,2.0,Volcamiento,maniobras imprudentes,2514_1_22,22.0,2.0
Córdoba,2021-08-02 15:00:00,42,0.0,2021-06-05 05:00:00,sabado,0,Normal,Seca y limpia,Ondulado,Cajón,Recta,Transito normal con precaución,0,0,0,0,1.0,Volcamiento,embriaguez o sustancias alucinogenas,2514_1_42,22.0,2.0
Córdoba,2021-08-02 15:09:00,22,100.0,2021-06-12 05:00:00,sabado,19,Normal,Seca y limpia,Plano,Terraplen,Recta,Transito normal con precaución,0,0,0,0,2.0,Choque,impericia en el manejo,7403_1_22,16.0,8.0
Córdoba,2021-08-02 15:18:00,42,430.0,2021-06-17 05:00:00,jueves,0,Normal,Seca y limpia,Plano,Terraplen,Recta,Parcial con reducción de carriles,4,0,0,1,1.0,Choque,impericia en el manejo,7403_1_42,4.0,0.0
Córdoba,2021-08-02 15:30:00,49,800.43,2021-06-08 05:00:00,martes,0,Normal,Seca y limpia,Plano,Terraplen,Recta,Transito normal con precaución,1,0,1,0,1.0,Choque,otra - conductor en general,7403_1_49,11.0,14.0
Boyacá,2021-08-02 16:12:00,59,650.0,2021-06-04 05:00:00,viernes,5,Normal,Seca y limpia,Montañoso,Media Ladera Derecha,Recta,Parcial con paso alternado,1,20,0,0,0.0,Incendio,fallas mecanicas y del sistema electrico,6008_0_59,19.0,6.0
Caldas,2021-08-24 22:38:00,28,800.0,2021-06-09 05:00:00,miercoles,30,Normal,Seca y limpia,Montañoso,Media ladera Izquierda,Recta,Parcial con reducción de carriles,15,0,1,0,1.0,Atropello,conducta de peatones,5005_2_28,14.0,1.0
Boyacá,2021-08-02 16:22:00,62,400.0,2021-06-05 05:00:00,sabado,25,Lluvia,Humeda,Montañoso,Media Ladera Derecha,Recta,Parcial con paso alternado,0,50,2,0,2.0,Volcamiento,condiciones de la via y factores ambientales,6008_0_62,23.0,1.0
Boyacá,2021-08-02 16:31:00,49,350.0,2021-06-25 05:00:00,viernes,45,Normal,Seca y limpia,Montañoso,Media Ladera Derecha,Curva Derecha,Transito normal con precaución,0,0,1,0,1.0,Volcamiento,embriaguez o sustancias alucinogenas,6008_0_49,23.0,1.0
Boyacá,2021-08-02 16:39:00,7,875.0,2021-06-28 05:00:00,lunes,30,Normal,Seca y limpia,Ondulado,Media Ladera Derecha,Curva Derecha,Cierre total,1,30,0,1,2.0,Choque,embriaguez o sustancias alucinogenas,6009_1_7,18.0,7.0
Cauca,2021-08-02 16:59:00,17,100.0,2021-06-20 05:00:00,domingo,20,Sol,Seca y limpia,Montañoso,Media Ladera Derecha,Curva Derecha,Parcial con paso alternado,3,0,0,0,0.0,Choque,otra - conductor en general,2002_1_17,15.0,12.0
Boyacá,2021-08-02 14:53:00,58,50.0,2021-06-27 05:00:00,domingo,35,Normal,Seca y limpia,Ondulado,Media Ladera Derecha,Curva Derecha,Transito normal con precaución,0,55,1,0,1.0,Choque,otra - conductor en general,6209_0_58,11.0,13.0
Boyacá,2021-08-02 14:57:00,38,665.0,2021-06-23 05:00:00,miercoles,40,Normal,Seca y limpia,Montañoso,Media Ladera Derecha,Recta,Transito normal con precaución,0,50,1,0,1.0,Choque,otra - conductor en general,6209_0_38,13.0,11.0
Córdoba,2021-08-02 15:05:00,50,650.0,2021-06-26 05:00:00,sabado,50,Normal,Seca y limpia,Plano,Terraplen,Recta,Transito normal con precaución,2,0,0,0,0.0,Volcamiento,maniobras imprudentes,2514_1_50,17.0,9.0
Boyacá,2021-08-02 15:06:00,26,490.0,2021-06-27 05:00:00,domingo,0,Normal,Seca y limpia,Plano,Terraplen,Recta,Transito normal con precaución,1,10,1,0,1.0,Choque,otra - conductor en general,6008_0_26,13.0,12.0
Córdoba,2021-08-02 15:14:00,27,400.0,2021-06-21 05:00:00,lunes,0,Normal,Seca y limpia,Plano,Terraplen,Recta,Transito normal con precaución,2,0,0,0,2.0,Choque,no mantener distancia de seguridad,7403_1_27,18.0,8.0
Córdoba,2021-08-02 15:24:00,44,410.0,2021-06-14 05:00:00,lunes,15,Normal,Seca y limpia,Plano,Terraplen,Recta,Parcial con reducción de carriles,2,0,0,1,3.0,Choque,embriaguez o sustancias alucinogenas,7403_1_44,1.0,1.0
Boyacá,2021-08-02 16:07:00,68,705.0,2021-06-02 05:00:00,miercoles,14,Normal,Seca y limpia,Ondulado,Media Ladera Derecha,Curva Izquierda,Parcial con paso alternado,0,45,0,0,0.0,Choque,maniobras imprudentes,6008_0_68,18.0,6.0
Boyacá,2021-08-02 16:18:00,40,875.0,2021-06-05 05:00:00,sabado,10,Normal,Seca y limpia,Plano,Terraplen,Recta,Transito normal con precaución,0,0,1,0,1.0,Volcamiento,imprudencia del conductor,6008_0_40,17.0,7.0
Boyacá,2021-08-02 16:27:00,55,426.0,2021-06-11 05:00:00,viernes,5,Normal,Seca y limpia,Plano,Terraplen,Recta,Transito normal con precaución,0,20,1,0,1.0,Choque,maniobras imprudentes,6008_0_55,7.0,17.0
Cauca,2021-08-02 16:54:00,32,260.0,2021-06-12 05:00:00,sabado,40,Sol,Seca y limpia,Montañoso,Media ladera Izquierda,Curva Derecha,Transito normal con precaución,0,0,0,0,0.0,Salida de la vía sin volcarse,fallas mecanicas y del sistema electrico,2002_1_32,6.0,18.0
Cauca,2021-08-02 17:04:00,8,450.0,2021-06-26 05:00:00,sabado,30,Normal,Seca y limpia,Montañoso,Cajón,Curva Derecha,Parcial con paso alternado,2,0,0,0,0.0,Volcamiento,fallas mecanicas y del sistema electrico,2002_1_8,4.0,22.0
Caquetá,2021-08-02 21:18:00,53,120.0,2021-07-30 05:00:00,viernes,45,Lluvia,Humeda,Ondulado,Terraplen,Recta,Transito normal con precaución,8,45,4,0,4.0,Salida de la vía sin volcarse,fallas mecanicas y del sistema electrico,6502_1_53,8.0,0.0
Antioquia,2021-08-02 21:14:00,102,700.0,2021-04-21 05:00:00,miercoles,0,Lluvia,Humeda,Plano,Terraplen,Curva Derecha,Transito normal con precaución,7,0,1,0,1.0,Caída ocupante,exceso de velocidad,5601_2_102,7.0,0.0
Antioquia,2021-08-02 21:36:00,49,800.0,2021-04-21 05:00:00,miercoles,10,Normal,Seca y limpia,Plano,Terraplen,Recta,Parcial con reducción de carriles,7,10,0,0,0.0,Choque,adelantamientos indebidos,5601_1_49,7.0,0.0
Antioquia,2021-08-02 21:59:00,101,0.0,2021-04-03 05:00:00,sabado,20,Normal,Seca y limpia,Ondulado,Terraplen,Curva Izquierda,Transito normal con precaución,16,20,2,0,2.0,Choque,exceso de velocidad,5601_1_101,16.0,0.0
Antioquia,2021-08-02 22:10:00,51,0.0,2021-04-03 05:00:00,sabado,50,Normal,Seca y limpia,Montañoso,Media Ladera Derecha,Curva Derecha,Parcial con reducción de carriles,20,50,1,0,1.0,Caída de piedra,adelantamientos indebidos,5601_1_51,20.0,0.0
Antioquia,2021-08-02 22:30:00,91,460.0,2021-05-14 05:00:00,viernes,20,Normal,Seca y limpia,Ondulado,Media Ladera Derecha,Recta,Parcial con reducción de carriles,19,20,1,0,1.0,Choque,otra - conductor en general,5601_1_91,19.0,0.0
Antioquia,2021-08-02 21:43:00,50,261.0,2021-04-24 05:00:00,sabado,50,Normal,Seca y limpia,Ondulado,Terraplen,Curva Derecha,Parcial con reducción de carriles,16,50,0,0,0.0,Choque,maniobras imprudentes,5601_1_50,16.0,0.0
Antioquia,2021-08-02 21:50:00,95,372.0,2021-04-29 05:00:00,jueves,30,Lluvia,Humeda,Ondulado,Media ladera Izquierda,Recta,Parcial con paso alternado,3,30,0,0,0.0,Volcamiento,condiciones de la via y factores ambientales,5601_1_95,3.0,0.0
Antioquia,2021-08-02 22:24:00,96,800.0,2021-05-11 05:00:00,martes,25,Normal,Seca y limpia,Montañoso,Media ladera Izquierda,Recta,Parcial con reducción de carriles,18,25,1,0,1.0,Caída ocupante,condiciones de la via y factores ambientales,5601_1_96,18.0,0.0
Antioquia,2021-08-02 22:53:00,64,250.0,2021-05-16 05:00:00,domingo,0,Normal,Seca y limpia,Ondulado,Media ladera Izquierda,Curva Derecha,Parcial con reducción de carriles,10,0,0,0,0.0,Choque,maniobras imprudentes,5601_1_64,10.0,0.0
Norte de Santander,2021-08-11 00:56:00,119,100.0,2021-06-21 05:00:00,lunes,30,Seca,Seca y limpia,Plano,Cajón,Recta,Transito normal con precaución,22,30,0,1,1.0,Choque,embriaguez o sustancias alucinogenas,6604_0_119,22.0,0.0
Guajira,2021-08-03 14:01:00,20,170.0,2021-02-14 05:00:00,domingo,30,Normal,Seca y limpia,Plano,Terraplen,Recta,Transito normal con precaución,12,30,0,0,0.0,Choque,desobediencia a normas y senales,8801_1_20,12.0,0.0
Guajira,2021-08-03 14:03:00,59,920.0,2021-02-26 05:00:00,viernes,58,Normal,Seca y limpia,Plano,Terraplen,Recta,Transito normal con precaución,19,58,0,0,0.0,Choque,maniobras imprudentes,4902_1_59,19.0,0.0
Nariño,2021-08-03 14:31:00,17,580.0,2021-06-18 05:00:00,viernes,10,Lluvia,Humeda,Montañoso,Media ladera Izquierda,Curva Derecha,Parcial con paso alternado,1,0,1,0,1.0,Choque,otra - conductor en general,1003_1_17,7.0,18.0
Antioquia,2021-08-03 14:59:00,65,450.0,2021-05-17 05:00:00,lunes,0,Normal,Seca y limpia,Ondulado,Media ladera Izquierda,Curva Derecha,Parcial con reducción de carriles,13,0,0,0,0.0,Choque,otra - conductor en general,5601_1_65,13.0,0.0
Antioquia,2021-08-03 15:07:00,61,46.0,2021-05-17 05:00:00,lunes,17,Normal,Seca y limpia,Plano,Media Ladera Derecha,Recta,Parcial con reducción de carriles,13,17,0,0,0.0,Choque,otra - conductor en general,5601_1_61,13.0,0.0
Antioquia,2021-08-03 15:28:00,102,200.0,2021-05-23 05:00:00,domingo,30,Normal,Seca y limpia,Plano,Terraplen,Recta,Parcial con reducción de carriles,22,30,1,0,1.0,Caída ocupante,condiciones de la via y factores ambientales,5601_2_102,22.0,0.0
Putumayo,2021-08-03 16:45:00,74,730.0,2021-06-03 05:00:00,jueves,10,Normal,Seca y limpia,Plano,Terraplen,Recta,Parcial con paso alternado,0,0,0,0,0.0,Choque,adelantamientos indebidos,4502_0_74,19.0,5.0
Antioquia,2021-08-03 15:20:00,84,600.0,2021-05-22 05:00:00,sabado,0,Normal,Seca y limpia,Montañoso,Media ladera Izquierda,Curva Izquierda,Parcial con reducción de carriles,10,0,1,1,2.0,Choque,maniobras imprudentes,5601_1_84,10.0,0.0
Antioquia,2021-08-03 15:34:00,49,158.0,2021-05-24 05:00:00,lunes,30,Normal,Seca y limpia,Ondulado,Terraplen,Curva Izquierda,Parcial con paso alternado,16,30,0,0,0.0,Choque,otra - conductor en general,5601_1_49,16.0,0.0
Antioquia,2021-08-03 15:44:00,102,972.0,2021-06-02 05:00:00,miercoles,30,Normal,Seca y limpia,Plano,Terraplen,Recta,Parcial con reducción de carriles,12,30,1,0,1.0,Caída ocupante,maniobras imprudentes,5601_2_102,12.0,0.0
Antioquia,2021-08-03 16:03:00,101,571.0,2021-06-10 05:00:00,jueves,50,Normal,Seca y limpia,Plano,Media Ladera Derecha,Curva Derecha,Parcial con reducción de carriles,16,50,4,0,4.0,Choque,adelantamientos indebidos,5601_1_101,16.0,0.0
Planta Central,2021-08-05 18:45:00,8,200.0,2021-07-01 05:00:00,jueves,50,Seca,Seca y limpia,Montañoso,Media ladera Izquierda,Curva Derecha,Transito normal con precaución,0,0,0,0,0.0,Choque,otra - conductor en general,4003_1_8,21.0,3.0
Planta Central,2021-08-05 20:12:00,11,0.0,2021-07-01 05:00:00,jueves,15,Seca,Seca y limpia,Montañoso,Media Ladera Derecha,Curva Izquierda,Parcial con reducción de carriles,1,0,0,0,0.0,Choque,otra - conductor en general,4003_1_11,6.0,19.0
Boyacá,2021-08-05 21:28:00,9,760.0,2021-06-12 05:00:00,sabado,35,Lluvia,Humeda,Montañoso,Media Ladera Derecha,Curva Derecha,Transito normal con precaución,10,35,3,0,3.0,Choque,condiciones de la via y factores ambientales,6211_1_9,10.0,0.0
Planta Central,2021-08-05 21:50:00,55,300.0,2021-06-01 05:00:00,martes,55,Normal,Seca y limpia,Ondulado,Media ladera Izquierda,Recta,Transito normal con precaución,0,0,0,0,1.0,Atropello,conducta de peatones,45A08_1_55,21.0,3.0
Boyacá,2021-08-05 21:28:00,88,100.0,2021-06-11 05:00:00,viernes,55,Normal,Seca y limpia,Ondulado,Media ladera Izquierda,Curva Izquierda,Transito normal con precaución,12,55,0,1,6.0,Incendio,otra - conductor en general,5503_1_88,12.0,0.0
Boyacá,2021-08-05 21:28:00,14,980.0,2021-06-01 05:00:00,martes,50,Lluvia,Humeda,Ondulado,Media Ladera Derecha,Curva Derecha,Transito normal con precaución,15,50,0,0,3.0,Choque,condiciones de la via y factores ambientales,5503_1_14,15.0,0.0
Boyacá,2021-08-05 21:28:00,25,40.0,2021-06-03 05:00:00,jueves,10,Lluvia,Humeda,Plano,Terraplen,Recta,Transito normal con precaución,22,10,2,0,5.0,Choque,condiciones de la via y factores ambientales,5503_1_25,22.0,0.0
Planta Central,2021-08-05 21:54:00,39,247.0,2021-06-03 05:00:00,jueves,0,Sol,Seca y limpia,Ondulado,Media Ladera Derecha,Curva Derecha,Parcial con paso alternado,2,45,0,0,0.0,Choque,fallas mecanicas y del sistema electrico,45A08_1_39,9.0,17.0
Boyacá,2021-08-05 21:28:00,82,350.0,2021-06-15 05:00:00,martes,0,Lluvia,Humeda,Ondulado,Media Ladera Derecha,Curva Izquierda,Transito normal con precaución,13,0,2,0,8.0,Choque,condiciones de la via y factores ambientales,5503_1_82,13.0,0.0
Boyacá,2021-08-05 23:22:00,14,700.0,2021-06-15 05:00:00,martes,0,Sol,Seca y limpia,Ondulado,Media Ladera Derecha,Curva Izquierda,Transito normal con precaución,17,0,1,0,1.0,Volcamiento,embriaguez o sustancias alucinogenas,6211_1_14,17.0,0.0
Boyacá,2021-08-05 23:22:00,47,400.0,2021-06-16 05:00:00,miercoles,0,Normal,Seca y limpia,Ondulado,Cajón,Curva Derecha,Transito normal con precaución,15,0,0,0,1.0,Choque,maniobras imprudentes,5503_1_47,15.0,0.0
Planta Central,2021-08-09 14:30:00,74,950.0,2021-06-06 05:00:00,domingo,30,Normal,Seca y limpia,Ondulado,Terraplen,Recta,Transito normal con precaución,0,0,0,1,1.0,Otro,otra - conductor en general,45A08_1_74,22.0,2.0
Planta Central,2021-08-09 14:34:00,21,300.0,2021-06-07 05:00:00,lunes,0,Normal,Seca y limpia,Ondulado,Media Ladera Derecha,Curva Izquierda,Cierre total,1,45,0,2,2.0,Choque,otra - conductor en general,45A08_1_21,16.0,9.0
Planta Central,2021-08-09 14:54:00,35,488.0,2021-06-11 05:00:00,viernes,0,Lluvia,Humeda,Montañoso,Media Ladera Derecha,Recta,Parcial con paso alternado,1,0,0,0,0.0,Choque,adelantamientos indebidos,45A08_1_35,19.0,6.0
Planta Central,2021-08-09 15:34:00,67,476.0,2021-06-23 05:00:00,miercoles,30,Normal,Seca y limpia,Montañoso,Media Ladera Derecha,Curva Derecha,Cierre total,1,30,1,0,1.0,Choque,adelantamientos indebidos,45A08_1_67,6.0,19.0
Planta Central,2021-08-09 15:44:00,67,476.0,2021-06-23 05:00:00,miercoles,30,Normal,Seca y limpia,Montañoso,Media Ladera Derecha,Curva Derecha,Cierre total,1,30,1,0,1.0,Choque,adelantamientos indebidos,45A08_1_67,6.0,19.0
Planta Central,2021-08-09 15:54:00,63,780.0,2021-06-27 05:00:00,domingo,20,Sol,Seca y limpia,Ondulado,Media Ladera Derecha,Curva Izquierda,Parcial con paso alternado,1,45,0,0,0.0,Choque,otra - conductor en general,45A08_1_63,14.0,11.0
Planta Central,2021-08-09 15:56:00,58,787.0,2021-06-28 05:00:00,lunes,0,Normal,Seca y limpia,Montañoso,Media Ladera Derecha,Curva Izquierda,Cierre total,0,50,0,0,0.0,Caída de carga,fallas mecanicas y del sistema electrico,45A08_1_58,6.0,18.0
Planta Central,2021-08-09 16:05:00,83,288.0,2021-06-29 05:00:00,martes,45,Sol,Seca y limpia,Ondulado,Terraplen,Recta,Cierre total,2,40,0,0,0.0,Volcamiento,exceso de velocidad,45A08_1_83,11.0,15.0
Planta Central,2021-08-09 15:05:00,84,800.0,2021-06-12 05:00:00,sabado,30,Normal,Seca y limpia,Ondulado,Media ladera Izquierda,Recta,Parcial con paso alternado,2,40,0,0,0.0,Choque,no mantener distancia de seguridad,45A08_1_84,14.0,12.0
Planta Central,2021-08-09 15:15:00,55,400.0,2021-06-13 05:00:00,domingo,20,Normal,Seca y limpia,Ondulado,Media ladera Izquierda,Recta,Transito normal con precaución,0,0,0,0,1.0,Atropello,conducta de peatones,45A08_1_55,14.0,10.0
Planta Central,2021-08-09 15:25:00,61,380.0,2021-06-17 05:00:00,jueves,0,Sol,Seca y limpia,Ondulado,Media ladera Izquierda,Curva Izquierda,Transito normal con precaución,0,0,1,0,1.0,Volcamiento,fallas mecanicas y del sistema electrico,45A08_1_61,9.0,15.0
Caquetá,2021-08-09 21:18:00,56,560.0,2021-07-28 05:00:00,miercoles,45,Sol,Seca y limpia,Ondulado,Terraplen,Recta,Transito normal con precaución,9,45,0,0,1.0,Choque,condiciones de la via y factores ambientales,6502_1_56,9.0,0.0
Planta Central,2021-08-09 21:36:00,15,500.0,2021-07-09 05:00:00,viernes,45,Seca,Seca y limpia,Montañoso,Terraplen,Recta,Parcial con reducción de carriles,1,0,0,0,0.0,Choque,no mantener distancia de seguridad,4003_1_15,17.0,8.0
Planta Central,2021-08-10 15:29:00,39,350.0,2021-06-05 05:00:00,sabado,20,Lluvia,Otra,Ondulado,Media Ladera Derecha,Recta,Parcial con paso alternado,10,20,1,0,2.0,Choque,adelantamientos indebidos,45A06_0_39,10.0,0.0
Planta Central,2021-08-10 15:29:00,123,170.0,2021-06-05 05:00:00,sabado,30,Seca,Seca y limpia,Ondulado,Terraplen,Curva Derecha,Parcial con paso alternado,10,30,1,0,3.0,Choque,otra - conductor en general,45A06_0_123,10.0,0.0
Planta Central,2021-08-10 15:54:00,46,700.0,2021-06-08 05:00:00,martes,15,Lluvia,Otra,Plano,Terraplen,Recta,Transito normal con precaución,1,30,0,0,0.0,Choque,exceso de velocidad,45A06_0_46,22.0,3.0
Planta Central,2021-08-10 15:57:00,19,100.0,2021-06-09 05:00:00,miercoles,15,Normal,Otra,Plano,Media ladera Izquierda,Recta,Parcial con paso alternado,1,20,1,0,1.0,Choque,adelantamientos indebidos,45A06_0_19,8.0,17.0
Planta Central,2021-08-10 16:04:00,123,100.0,2021-06-10 05:00:00,jueves,40,Seca,Seca y limpia,Plano,Media ladera Izquierda,Curva Izquierda,Parcial con paso alternado,2,0,1,0,1.0,Choque,no mantener distancia de seguridad,45A06_0_123,20.0,6.0
Planta Central,2021-08-10 16:15:00,24,300.0,2021-06-13 05:00:00,domingo,0,Lluvia,Otra,Plano,Terraplen,Recta,Parcial con paso alternado,0,30,0,0,0.0,Choque,no mantener distancia de seguridad,45A06_0_24,7.0,17.0
Casanare,2021-08-10 13:26:00,21,150.0,2021-06-19 05:00:00,sabado,20,Sol,Seca y limpia,Plano,Terraplen,Recta,Transito normal con precaución,0,0,2,1,3.0,Choque,maniobras imprudentes,6606_1_21,10.0,14.0
Planta Central,2021-08-10 16:26:00,118,500.0,2021-06-17 05:00:00,jueves,0,Seca,Seca y limpia,Plano,Terraplen,Recta,Parcial con paso alternado,3,0,1,0,1.0,Choque,otra - conductor en general,45A06_0_118,0.0,3.0
Planta Central,2021-08-10 16:44:00,121,410.0,2021-08-10 05:00:00,martes,0,Seca,Seca y limpia,Ondulado,Terraplen,Recta,Parcial con paso alternado,0,25,1,0,1.0,Atropello,conducta de peatones,45A06_0_121,7.0,17.0
Planta Central,2021-08-10 17:43:00,8,850.0,2021-07-13 05:00:00,martes,45,Seca,Seca y limpia,Montañoso,Media ladera Izquierda,Recta,Parcial con reducción de carriles,1,40,0,0,0.0,Choque,otra - conductor en general,4003_1_8,11.0,14.0
Planta Central,2021-08-10 18:01:00,21,500.0,2021-07-23 05:00:00,viernes,0,Lluvia,Humeda,Montañoso,Media Ladera Derecha,Curva Izquierda,Transito normal con precaución,0,0,0,0,0.0,Choque,otra - conductor en general,4003_1_21,1.0,23.0
Planta Central,2021-08-10 18:08:00,15,800.0,2021-07-23 05:00:00,viernes,0,Seca,Seca y limpia,Montañoso,Terraplen,Recta,Parcial con reducción de carriles,1,0,0,0,0.0,Choque,no mantener distancia de seguridad,4003_1_15,8.0,17.0
Planta Central,2021-08-10 18:16:00,20,220.0,2021-07-25 05:00:00,domingo,40,Lluvia,Humeda,Montañoso,Media Ladera Derecha,Curva Izquierda,Transito normal con precaución,0,0,0,0,0.0,Choque,condiciones de la via y factores ambientales,4003_1_20,10.0,14.0
Planta Central,2021-08-10 18:56:00,11,600.0,2021-07-27 05:00:00,martes,45,Seca,Seca y limpia,Montañoso,Media ladera Izquierda,Recta,Transito normal con precaución,0,0,0,0,0.0,Otro,otra - conductor en general,4003_1_11,11.0,13.0
Planta Central,2021-08-10 19:56:00,3,660.0,2021-06-07 05:00:00,lunes,45,Lluvia,Humeda,Plano,Terraplen,Curva Izquierda,Transito normal con precaución,5,0,1,1,5.0,Choque,embriaguez o sustancias alucinogenas,45AST08_1_3,4.0,1.0
Planta Central,2021-08-10 20:07:00,6,670.0,2021-06-07 05:00:00,lunes,15,Normal,Seca y limpia,Plano,Terraplen,Recta,Parcial con paso alternado,2,0,1,0,1.0,Choque,fallas mecanicas y del sistema electrico,45AST08_2_6,17.0,9.0
Planta Central,2021-08-10 20:19:00,71,380.0,2021-06-11 05:00:00,viernes,25,Normal,Humeda,Montañoso,Media Ladera Derecha,Curva Derecha,Parcial con paso alternado,2,0,0,0,0.0,Otro,fallas mecanicas y del sistema electrico,45A07_1_71,15.0,11.0
Planta Central,2021-08-10 20:40:00,89,665.0,2021-06-19 05:00:00,sabado,30,Normal,Seca y limpia,Plano,Terraplen,Recta,Transito normal con precaución,3,0,0,1,1.0,Choque,exceso en horas de conduccion,45A07_2_89,4.0,23.0
Planta Central,2021-08-10 20:46:00,4,0.0,2021-06-20 05:00:00,domingo,30,Normal,Seca y limpia,Plano,Terraplen,Recta,Parcial con paso alternado,2,0,0,0,0.0,Volcamiento,otra - conductor en general,45AST08_1_4,5.0,21.0
Planta Central,2021-08-10 21:06:00,87,200.0,2021-06-27 05:00:00,domingo,50,Normal,Seca y limpia,Plano,Terraplen,Recta,Transito normal con precaución,0,20,0,0,0.0,Volcamiento,maniobras imprudentes,45A07_2_87,3.0,21.0
Planta Central,2021-08-10 21:16:00,7,736.0,2021-06-30 05:00:00,miercoles,0,Normal,Seca y limpia,Plano,Media Ladera Derecha,Recta,Parcial con paso alternado,1,45,0,1,1.0,Choque,otra - conductor en general,45AST08_2_7,6.0,19.0
Boyacá,2021-08-10 15:39:00,92,870.0,2021-08-06 05:00:00,viernes,30,Normal,Seca y limpia,Montañoso,Cajón,Curva Izquierda,Transito normal con precaución,0,0,1,1,2.0,Volcamiento,impericia en el manejo,6006_0_92,2.0,22.0
Planta Central,2021-08-10 15:48:00,115,0.0,2021-06-04 05:00:00,viernes,15,Seca,Seca y limpia,Ondulado,Terraplen,Recta,Parcial con paso alternado,2,0,5,1,6.0,Choque,adelantamientos indebidos,45A06_0_115,15.0,11.0
Planta Central,2021-08-10 16:07:00,119,289.0,2021-06-12 05:00:00,sabado,10,Sol,Seca y limpia,Montañoso,Media ladera Izquierda,Recta,Cierre total,2,30,1,1,1.0,Choque,adelantamientos indebidos,45A06_0_119,10.0,16.0
Planta Central,2021-08-10 16:21:00,102,300.0,2021-06-15 05:00:00,martes,30,Sol,Seca y limpia,Plano,Media Ladera Derecha,Curva Izquierda,Transito normal con precaución,0,30,0,0,0.0,Volcamiento,otra - conductor en general,45A06_0_102,11.0,13.0
Planta Central,2021-08-10 16:59:00,93,650.0,2021-06-22 05:00:00,martes,39,Seca,Otra,Ondulado,Media Ladera Derecha,Curva Derecha,Parcial con paso alternado,1,30,1,0,1.0,Choque,adelantamientos indebidos,45A06_0_93,19.0,6.0
Planta Central,2021-08-10 17:09:00,14,600.0,2021-07-11 05:00:00,domingo,42,Seca,Seca y limpia,Montañoso,Media ladera Izquierda,Curva Izquierda,Cierre total,1,30,0,0,0.0,Choque,desobediencia a normas y senales,4003_1_14,16.0,9.0
Planta Central,2021-08-10 17:49:00,21,600.0,2021-07-19 05:00:00,lunes,10,Seca,Seca y limpia,Montañoso,Media Ladera Derecha,Curva Derecha,Parcial con reducción de carriles,1,0,0,0,0.0,Choque,otra - conductor en general,4003_1_21,9.0,16.0
Planta Central,2021-08-10 18:43:00,19,800.0,2021-07-21 05:00:00,miercoles,30,Lluvia,Humeda,Montañoso,Media Ladera Derecha,Curva Izquierda,Parcial con reducción de carriles,1,30,11,0,11.0,Volcamiento,otra - conductor en general,4003_1_19,16.0,9.0
Planta Central,2021-08-10 19:03:00,8,400.0,2021-07-04 05:00:00,domingo,15,Seca,Seca y limpia,Montañoso,Media ladera Izquierda,Curva Izquierda,Cierre total,1,30,0,0,0.0,Choque,otra - conductor en general,4003_1_8,15.0,10.0
Planta Central,2021-08-10 19:06:00,14,700.0,2021-07-29 05:00:00,jueves,0,Seca,Seca y limpia,Montañoso,Terraplen,Recta,Parcial con reducción de carriles,1,0,0,0,0.0,Choque,no mantener distancia de seguridad,4003_1_14,14.0,11.0
Planta Central,2021-08-10 19:36:00,43,350.0,2021-06-23 05:00:00,miercoles,0,Seca,Seca y limpia,Montañoso,Terraplen,Curva Derecha,Parcial con paso alternado,1,35,0,0,0.0,Choque,otra - conductor en general,45A06_0_43,0.0,1.0
Planta Central,2021-08-10 19:56:00,31,950.0,2021-06-03 05:00:00,jueves,50,Normal,Seca y limpia,Montañoso,Media Ladera Derecha,Curva Derecha,Parcial con paso alternado,1,0,2,0,2.0,Volcamiento,adelantamientos indebidos,45A07_1_31,5.0,20.0
Planta Central,2021-08-10 19:36:00,124,900.0,2021-06-24 05:00:00,jueves,0,Seca,Otra,Plano,Terraplen,Recta,Parcial con paso alternado,0,35,1,0,1.0,Choque,embriaguez o sustancias alucinogenas,45A06_0_124,0.0,0.0
Planta Central,2021-08-10 20:16:00,55,80.0,2021-06-07 05:00:00,lunes,20,Normal,Material suelto,Montañoso,Media ladera Izquierda,Curva Izquierda,Cierre total,0,45,0,0,2.0,Volcamiento,condiciones de la via y factores ambientales,45A07_1_55,19.0,5.0
Planta Central,2021-08-10 20:23:00,37,116.0,2021-06-13 05:00:00,domingo,9,Niebla,Humeda,Montañoso,Media ladera Izquierda,Curva Derecha,Parcial con reducción de carriles,1,15,0,0,0.0,Volcamiento,exceso en horas de conduccion,45A07_1_37,1.0,0.0