territorial,fecha_registro,pr,distancia_pr,fecha_acc,dia_semana_acc,min_acc,condic_meteor,estado_super,terreno,secc_tip,geometria_acc,tipo_cierre,horas_cierre,min_cierre,n_heridos,n_muertos,n_victimas,clase_accidente,causa_posible,ref_loc,hora_acc,duracion_cierre_horas
Planta Central,2021-08-10 20:51:00,26,605.0,2021-06-25 05:00:00,viernes,30,Normal,Seca y limpia,Montañoso,Media Ladera Derecha,Curva Izquierda,Cierre total,1,0,0,0,0.0,Choque,adelantamientos indebidos,45A07_1_26,6.0,19.0
Planta Central,2021-08-10 21:03:00,84,700.0,2021-06-26 05:00:00,sabado,30,Normal,Seca y limpia,Plano,Terraplen,Recta,Parcial con reducción de carriles,1,30,0,1,1.0,Choque,exceso de velocidad,45A07_1_84,19.0,6.0
Planta Central,2021-08-10 21:31:00,6,0.0,2021-06-30 05:00:00,miercoles,40,Normal,Seca y limpia,Plano,Media Ladera Derecha,Recta,Parcial con paso alternado,1,0,0,0,0.0,Choque,condiciones de la via y factores ambientales,45AST08_2_6,9.0,16.0
Antioquia,2021-08-11 15:13:00,94,750.0,2021-06-10 05:00:00,jueves,30,Normal,Seca y limpia,Ondulado,Media Ladera Derecha,Curva Izquierda,Parcial con reducción de carriles,15,30,1,0,1.0,Choque,adelantamientos indebidos,5601_1_94,15.0,0.0
Antioquia,2021-08-11 15:22:00,71,676.0,2021-06-19 05:00:00,sabado,30,Normal,Seca y limpia,Ondulado,Media Ladera Derecha,Curva Izquierda,Parcial con reducción de carriles,15,30,1,0,1.0,Choque,maniobras imprudentes,5601_1_71,15.0,0.0
Boyacá,2021-08-11 17:16:00,6,600.0,2021-06-18 05:00:00,viernes,10,Normal,Seca y limpia,Ondulado,Media Ladera Derecha,Curva Derecha,Transito normal con precaución,7,10,2,0,2.0,Choque,otra - conductor en general,5503_1_6,7.0,0.0
Nariño,2021-08-11 19:47:00,18,30.0,2021-06-13 05:00:00,domingo,30,Normal,Seca y limpia,Montañoso,Media ladera Izquierda,Curva Izquierda,Transito normal con precaución,8,30,0,0,0.0,Salida de la vía sin volcarse,exceso de velocidad,1002_1_18,8.0,0.0
Nariño,2021-08-11 19:54:00,21,740.0,2021-06-16 05:00:00,miercoles,30,Normal,Humeda,Montañoso,Media ladera Izquierda,Curva Derecha,Transito normal con precaución,6,30,0,0,0.0,Volcamiento,exceso de velocidad,1002_1_21,6.0,0.0
Nariño,2021-08-11 20:06:00,93,300.0,2021-06-15 05:00:00,martes,30,Normal,Seca y limpia,Montañoso,Media ladera Izquierda,Curva Derecha,Transito normal con precaución,15,30,0,0,0.0,Choque,no mantener distancia de seguridad,1002_1_93,15.0,0.0
Caquetá,2021-08-11 22:46:00,107,247.0,2021-08-08 05:00:00,domingo,0,Seca,Seca y limpia,Ondulado,Terraplen,Curva Izquierda,Transito normal con precaución,23,0,1,0,3.0,Choque,otra - conductor en general,6501_0_107,23.0,0.0
Boyacá,2021-08-11 21:39:00,12,20.0,2021-06-28 05:00:00,lunes,45,Sol,Seca y limpia,Montañoso,Media Ladera Derecha,Curva Izquierda,Transito normal con precaución,11,45,0,0,2.0,Volcamiento,exceso de velocidad,6211_1_12,11.0,0.0
Nariño,2021-08-11 20:09:00,72,300.0,2021-05-21 05:00:00,viernes,16,Lluvia,Otra,Montañoso,Media ladera Izquierda,Curva Derecha,Transito normal con precaución,21,16,0,0,0.0,Choque,condiciones de la via y factores ambientales,2502_1_72,21.0,0.0
Nariño,2021-08-11 20:14:00,4,600.0,2021-06-08 05:00:00,martes,15,Normal,Humeda,Montañoso,Media ladera Izquierda,Recta,Transito normal con precaución,16,15,0,0,0.0,Choque,impericia en el manejo,25NR01_0_4,16.0,0.0
Boyacá,2021-08-11 21:39:00,17,350.0,2021-06-19 05:00:00,sabado,0,Sol,Seca y limpia,Ondulado,Media ladera Izquierda,Curva Derecha,Transito normal con precaución,15,0,0,0,0.0,Choque,otra - conductor en general,5503_1_17,15.0,0.0
Boyacá,2021-08-11 21:39:00,31,860.0,2021-06-22 05:00:00,martes,15,Lluvia,Humeda,Ondulado,Media ladera Izquierda,Curva Izquierda,Transito normal con precaución,16,15,1,0,1.0,Volcamiento,condiciones de la via y factores ambientales,5503_1_31,16.0,0.0
Boyacá,2021-08-11 21:39:00,9,640.0,2021-06-22 05:00:00,martes,0,Sol,Seca y limpia,Montañoso,Media Ladera Derecha,Recta,Transito normal con precaución,9,0,0,0,1.0,Volcamiento,fallas mecanicas y del sistema electrico,6211_1_9,9.0,0.0
Caldas,2021-08-24 22:44:00,28,500.0,2021-06-24 05:00:00,jueves,10,Normal,Seca y limpia,Montañoso,Terraplen,Recta,Parcial con reducción de carriles,19,20,2,0,2.0,Atropello,conducta de peatones,5005_2_28,19.0,0.0
Caquetá,2021-08-11 22:41:00,100,860.0,2021-08-06 05:00:00,viernes,30,Sol,Seca y limpia,Plano,Terraplen,Recta,Transito normal con precaución,14,30,1,0,3.0,Volcamiento,fallas mecanicas y del sistema electrico,6501_0_100,14.0,0.0
Boyacá,2021-08-11 21:39:00,4,100.0,2021-06-24 05:00:00,jueves,0,Lluvia,Humeda,Ondulado,Media Ladera Derecha,Curva Derecha,Transito normal con precaución,3,0,0,0,1.0,Choque,condiciones de la via y factores ambientales,6211_1_4,3.0,0.0
Boyacá,2021-08-11 21:39:00,32,300.0,2021-06-29 05:00:00,martes,0,Sol,Seca y limpia,Ondulado,Media ladera Izquierda,Curva Izquierda,Transito normal con precaución,12,0,0,0,2.0,Choque,maniobras imprudentes,5503_1_32,12.0,0.0
Boyacá,2021-08-11 21:39:00,6,440.0,2021-06-30 05:00:00,miercoles,46,Seca,Seca y limpia,Ondulado,Media Ladera Derecha,Curva Derecha,Transito normal con precaución,6,45,0,0,2.0,Volcamiento,otra - conductor en general,6211_1_6,6.0,0.0
Bolívar,2021-08-13 15:05:00,3,150.0,2021-07-04 05:00:00,domingo,5,Normal,Seca y limpia,Plano,Terraplen,Recta,Transito normal con precaución,0,0,1,0,1.0,Choque,adelantamientos indebidos,7804_0_3,20.0,4.0
Caquetá,2021-08-13 16:41:00,47,130.0,2021-08-05 05:00:00,jueves,15,Seca,Seca y limpia,Plano,Terraplen,Recta,Transito normal con precaución,10,15,2,0,2.0,Choque,condiciones de la via y factores ambientales,6502_1_47,10.0,0.0
Caquetá,2021-08-13 16:52:00,17,475.0,2021-08-12 05:00:00,jueves,20,Sol,Seca y limpia,Ondulado,Terraplen,Recta,Transito normal con precaución,16,20,4,0,5.0,Choque,otra - conductor en general,6502_1_17,16.0,0.0
Boyacá,2021-08-13 17:03:00,10,40.0,2021-06-15 05:00:00,martes,0,Normal,Seca y limpia,Montañoso,Media Ladera Derecha,Curva Izquierda,Transito normal con precaución,3,0,0,0,1.0,Volcamiento,exceso en horas de conduccion,6211_1_10,3.0,0.0
Caquetá,2021-08-13 16:49:00,50,55.0,2021-08-03 05:00:00,martes,0,Seca,Seca y limpia,Ondulado,Media Ladera Derecha,Curva Derecha,Transito normal con precaución,22,0,0,0,1.0,Choque,otra - conductor en general,6502_1_50,22.0,0.0
Boyacá,2021-08-13 17:03:00,104,810.0,2021-06-25 05:00:00,viernes,0,Sol,Seca y limpia,Ondulado,Media ladera Izquierda,Curva Izquierda,Transito normal con precaución,7,0,1,0,1.0,Choque,exceso de velocidad,5503_1_104,7.0,0.0
Boyacá,2021-08-18 00:42:00,58,720.0,2021-07-22 05:00:00,jueves,20,Sol,Material suelto,Montañoso,Media Ladera Derecha,Curva Derecha,Parcial con paso alternado,1,30,0,0,0.0,Choque,exceso de velocidad,6008_0_58,10.0,15.0
Nariño,2021-08-18 19:40:00,35,590.0,2021-06-18 05:00:00,viernes,20,Normal,Seca y limpia,Montañoso,Media ladera Izquierda,Curva Derecha,Transito normal con precaución,15,20,0,1,2.0,Choque,adelantamientos indebidos,1002_1_35,15.0,0.0
Nariño,2021-08-18 19:44:00,58,100.0,2021-06-21 05:00:00,lunes,20,Normal,Seca y limpia,Montañoso,Media ladera Izquierda,Recta,Transito normal con precaución,13,20,1,0,1.0,Choque,adelantamientos indebidos,1002_1_58,13.0,0.0
Nariño,2021-08-18 19:46:00,16,400.0,2021-06-14 05:00:00,lunes,30,Normal,Seca y limpia,Montañoso,Media ladera Izquierda,Curva Derecha,Transito normal con precaución,13,30,0,1,2.0,Choque,adelantamientos indebidos,0801_1_16,13.0,0.0
Córdoba,2021-08-18 23:08:00,6,500.0,2021-07-04 05:00:00,domingo,30,Normal,Seca y limpia,Plano,Terraplen,Recta,Parcial con reducción de carriles,3,0,1,0,1.0,Volcamiento,otra - conductor en general,2514_1_6,14.0,13.0
Córdoba,2021-08-18 23:16:00,39,650.0,2021-07-25 05:00:00,domingo,50,Normal,Seca y limpia,Plano,Terraplen,Recta,Parcial con reducción de carriles,2,0,0,0,1.0,Choque,adelantamientos indebidos,2514_1_39,16.0,10.0
Córdoba,2021-08-18 23:12:00,28,900.0,2021-07-23 05:00:00,viernes,20,Normal,Seca y limpia,Ondulado,Terraplen,Recta,Transito normal con precaución,0,0,2,0,2.0,Atropello,otra - conductor en general,2514_1_28,19.0,5.0
Córdoba,2021-08-18 23:30:00,45,150.0,2021-07-21 05:00:00,miercoles,30,Normal,Seca y limpia,Plano,Terraplen,Recta,Transito normal con precaución,0,0,0,0,1.0,Choque,desobediencia a normas y senales,7403_1_45,17.0,7.0
Córdoba,2021-08-18 23:32:00,46,370.0,2021-07-28 05:00:00,miercoles,0,Normal,Seca y limpia,Plano,Terraplen,Curva Derecha,Transito normal con precaución,0,0,2,0,2.0,Choque,estacionamiento y senalizacion imprudente,7403_1_46,11.0,13.0
Caquetá,2021-08-19 12:25:00,54,845.0,2021-08-12 05:00:00,jueves,30,Lluvia,Humeda,Plano,Terraplen,Recta,Transito normal con precaución,20,30,2,0,3.0,Volcamiento,otra - conductor en general,6502_1_54,20.0,0.0
Nariño,2021-08-19 20:02:00,8,400.0,2021-06-08 05:00:00,martes,0,Normal,Seca y limpia,Montañoso,Media ladera Izquierda,Curva Derecha,Transito normal con precaución,1,0,0,1,1.0,Choque,otra - conductor en general,2502_1_8,1.0,0.0
Antioquia,2021-08-19 21:45:00,61,52.0,2021-07-08 05:00:00,jueves,30,Normal,Seca y limpia,Plano,Media Ladera Derecha,Recta,Parcial con reducción de carriles,15,30,3,0,3.0,Choque,adelantamientos indebidos,5601_1_61,15.0,0.0
Nariño,2021-08-19 22:27:00,33,500.0,2021-06-29 05:00:00,martes,30,Normal,Seca y limpia,Ondulado,Media Ladera Derecha,Recta,Transito normal con precaución,15,30,0,0,0.0,Choque,adelantamientos indebidos,2502_1_33,15.0,0.0
Nariño,2021-08-19 21:46:00,51,700.0,2021-06-17 05:00:00,jueves,0,Normal,Seca y limpia,Escarpado,Media ladera Izquierda,Curva Izquierda,Transito normal con precaución,13,0,1,0,1.0,Volcamiento,fallas mecanicas y del sistema electrico,2502_1_51,13.0,0.0
Nariño,2021-08-19 22:30:00,33,300.0,2021-06-29 05:00:00,martes,10,Normal,Seca y limpia,Ondulado,Media Ladera Derecha,Recta,Transito normal con precaución,17,10,2,0,2.0,Choque,desobediencia a normas y senales,2502_1_33,17.0,0.0
Meta,2021-08-23 17:29:00,34,200.0,2021-07-11 05:00:00,domingo,30,Lluvia,Humeda,Plano,Terraplen,Recta,Transito normal con precaución,1,15,0,2,2.0,Choque,embriaguez o sustancias alucinogenas,6507_0_34,22.0,3.0
Antioquia,2021-08-24 16:55:00,100,100.0,2021-06-27 05:00:00,domingo,30,Normal,Seca y limpia,Plano,Media Ladera Derecha,Curva Derecha,Parcial con reducción de carriles,15,30,1,0,1.0,Choque,condiciones de la via y factores ambientales,5601_1_100,15.0,0.0
Ocaña,2021-08-24 17:56:00,26,654.0,2021-05-29 05:00:00,sabado,28,Normal,Seca y limpia,Plano,Terraplen,Recta,Transito normal con precaución,0,0,1,1,2.0,Choque,desobediencia a normas y senales,7008_1_26,22.0,2.0
Ocaña,2021-08-24 18:04:00,50,85.0,2021-06-10 05:00:00,jueves,10,Sol,Seca y limpia,Plano,Terraplen,Recta,Transito normal con precaución,0,0,1,0,1.0,Atropello,conducta de peatones,7007_2_50,9.0,15.0
Ocaña,2021-08-24 18:06:00,26,650.0,2021-06-14 05:00:00,lunes,0,Normal,Seca y limpia,Plano,Terraplen,Recta,Transito normal con precaución,0,0,1,0,1.0,Choque,desobediencia a normas y senales,7008_1_26,19.0,5.0
Ocaña,2021-08-24 18:08:00,52,970.0,2021-06-14 05:00:00,lunes,0,Sol,Seca y limpia,Ondulado,Terraplen,Recta,Transito normal con precaución,0,0,0,0,0.0,Choque,impericia en el manejo,7007_1_52,15.0,9.0
Antioquia,2021-08-24 19:36:00,95,930.0,2021-07-14 05:00:00,miercoles,15,Normal,Seca y limpia,Montañoso,Media ladera Izquierda,Recta,Parcial con reducción de carriles,14,15,1,0,1.0,Choque,adelantamientos indebidos,5601_1_95,14.0,0.0
Antioquia,2021-08-24 19:55:00,99,677.0,2021-07-25 05:00:00,domingo,5,Lluvia,Humeda,Montañoso,Media ladera Izquierda,Recta,Parcial con reducción de carriles,1,5,1,0,1.0,Caída ocupante,condiciones de la via y factores ambientales,5601_1_99,1.0,0.0
Antioquia,2021-08-24 20:23:00,64,30.0,2021-07-10 05:00:00,sabado,5,Niebla,Humeda,Montañoso,Media ladera Izquierda,Curva Derecha,Parcial con reducción de carriles,5,50,0,0,0.0,Choque,adelantamientos indebidos,5601_1_64,5.0,0.0
Meta,2021-08-24 20:57:00,59,900.0,2021-06-02 05:00:00,miercoles,10,Normal,Seca y limpia,Ondulado,Media Ladera Derecha,Curva Izquierda,Transito normal con precaución,17,30,0,1,3.0,Choque,embriaguez o sustancias alucinogenas,65A02_1_59,17.0,0.0
Meta,2021-08-24 20:57:00,54,500.0,2021-06-05 05:00:00,sabado,15,Normal,Seca y limpia,Ondulado,Terraplen,Recta,Transito normal con precaución,9,30,0,0,3.0,Volcamiento,impericia en el manejo,65A02_1_54,9.0,0.0
Caldas,2021-08-24 22:21:00,41,510.0,2021-06-18 05:00:00,viernes,35,Normal,Seca y limpia,Montañoso,Media ladera Izquierda,Curva Izquierda,Parcial con reducción de carriles,21,50,0,1,1.0,Choque,adelantamientos indebidos,2508_1_41,20.0,1.0
Caldas,2021-08-24 22:26:00,53,550.0,2021-06-23 05:00:00,miercoles,50,Lluvia,Humeda,Montañoso,Media ladera Izquierda,Curva Izquierda,Parcial con reducción de carriles,19,40,2,1,3.0,Atropello,impericia en el manejo,2508_1_53,18.0,1.0
Caldas,2021-08-24 22:29:00,56,850.0,2021-06-27 05:00:00,domingo,20,Normal,Seca y limpia,Montañoso,Media ladera Izquierda,Curva Izquierda,Parcial con reducción de carriles,20,0,0,0,0.0,Volcamiento,fallas mecanicas y del sistema electrico,2508_1_56,17.0,3.0
Caldas,2021-08-24 22:41:00,28,230.0,2021-06-11 05:00:00,viernes,40,Normal,Seca y limpia,Montañoso,Terraplen,Recta,Parcial con reducción de carriles,8,59,0,0,0.0,Choque,adelantamientos indebidos,5005_2_28,8.0,0.0
Caldas,2021-08-24 22:42:00,29,100.0,2021-06-15 05:00:00,martes,0,Normal,Seca y limpia,Montañoso,Media ladera Izquierda,Recta,Parcial con reducción de carriles,21,30,0,0,0.0,Choque,adelantamientos indebidos,5005_2_29,21.0,0.0
Caldas,2021-08-24 22:58:00,19,740.0,2021-06-16 05:00:00,miercoles,30,Normal,Seca y limpia,Montañoso,Media ladera Izquierda,Curva Derecha,Parcial con reducción de carriles,14,45,0,0,0.0,Volcamiento,fallas mecanicas y del sistema electrico,5006_0_19,14.0,0.0
Ocaña,2021-08-24 17:50:00,26,330.0,2021-05-21 05:00:00,viernes,20,Sol,Seca y limpia,Plano,Terraplen,Recta,Transito normal con precaución,0,0,1,0,1.0,Choque,desobediencia a normas y senales,7008_1_26,8.0,16.0
Ocaña,2021-08-24 17:53:00,53,100.0,2021-05-23 05:00:00,domingo,10,Normal,Seca y limpia,Ondulado,Terraplen,Recta,Transito normal con precaución,0,0,2,0,2.0,Choque,impericia en el manejo,7007_1_53,23.0,1.0
Ocaña,2021-08-24 17:59:00,51,345.0,2021-05-31 05:00:00,lunes,20,Normal,Seca y limpia,Ondulado,Media ladera Izquierda,Curva Izquierda,Transito normal con precaución,0,0,2,0,2.0,Choque,impericia en el manejo,7007_1_51,0.0,0.0
Ocaña,2021-08-24 18:01:00,45,802.0,2021-06-02 05:00:00,miercoles,10,Sol,Seca y limpia,Ondulado,Terraplen,Curva Izquierda,Transito normal con precaución,0,0,1,0,1.0,Choque,adelantamientos indebidos,7007_1_45,12.0,12.0
Ocaña,2021-08-24 18:11:00,4,892.0,2021-06-19 05:00:00,sabado,45,Sol,Seca y limpia,Ondulado,Media Ladera Derecha,Curva Derecha,Transito normal con precaución,0,0,0,0,0.0,Choque,no mantener distancia de seguridad,7008_1_4,16.0,8.0
Antioquia,2021-08-24 19:00:00,91,5.0,2021-06-29 05:00:00,martes,20,Normal,Seca y limpia,Ondulado,Media ladera Izquierda,Curva Derecha,Parcial con reducción de carriles,6,20,5,0,5.0,Volcamiento,condiciones de la via y factores ambientales,5601_1_91,6.0,0.0
Antioquia,2021-08-24 19:06:00,78,850.0,2021-06-29 05:00:00,martes,50,Normal,Seca y limpia,Ondulado,Media Ladera Derecha,Curva Derecha,Parcial con reducción de carriles,6,50,0,1,1.0,Choque,maniobras imprudentes,5601_1_78,6.0,0.0
Antioquia,2021-08-24 19:19:00,101,800.0,2021-07-09 05:00:00,viernes,0,Normal,Material suelto,Plano,Media Ladera Derecha,Curva Derecha,Parcial con reducción de carriles,12,0,2,0,2.0,Caída ocupante,condiciones de la via y factores ambientales,5601_1_101,12.0,0.0
Boyacá,2021-08-24 19:30:00,93,160.0,2021-08-23 05:00:00,lunes,40,Normal,Seca y limpia,Montañoso,Terraplen,Curva Izquierda,Cierre total,0,30,0,0,1.0,Choque,exceso de velocidad,6006_0_93,16.0,8.0
Antioquia,2021-08-24 20:35:00,51,720.0,2021-07-26 05:00:00,lunes,50,Normal,Seca y limpia,Plano,Terraplen,Recta,Parcial con reducción de carriles,7,50,1,0,1.0,Choque,condiciones de la via y factores ambientales,5601_1_51,7.0,0.0
Meta,2021-08-24 21:47:00,31,900.0,2021-07-14 05:00:00,miercoles,30,Normal,Seca y limpia,Plano,Terraplen,Recta,Transito normal con precaución,0,40,0,0,0.0,Volcamiento,fallas mecanicas y del sistema electrico,6507_0_31,14.0,10.0
Caldas,2021-08-24 22:09:00,54,900.0,2021-06-05 05:00:00,sabado,0,Normal,Seca y limpia,Montañoso,Media ladera Izquierda,Recta,Parcial con reducción de carriles,19,20,1,0,1.0,Choque,maniobras imprudentes,2508_1_54,19.0,0.0
Caldas,2021-08-24 22:11:00,41,0.0,2021-06-06 05:00:00,domingo,30,Lluvia,Humeda,Montañoso,Media ladera Izquierda,Curva Izquierda,Parcial con reducción de carriles,16,0,0,0,0.0,Choque,adelantamientos indebidos,2508_1_41,17.0,23.0
Caldas,2021-08-24 22:34:00,38,820.0,2021-06-24 05:00:00,jueves,5,Normal,Seca y limpia,Montañoso,Media ladera Izquierda,Curva Izquierda,Parcial con reducción de carriles,8,15,2,0,2.0,Choque,otra - conductor en general,2902_1_38,8.0,0.0
Caldas,2021-08-24 22:36:00,36,830.0,2021-06-30 05:00:00,miercoles,35,Normal,Seca y limpia,Montañoso,Media ladera Izquierda,Recta,Parcial con reducción de carriles,6,40,0,0,0.0,Choque,adelantamientos indebidos,2902_1_36,6.0,0.0
Caldas,2021-08-24 22:46:00,0,0.0,2021-06-10 05:00:00,jueves,25,Normal,Seca y limpia,Montañoso,Terraplen,Recta,Parcial con reducción de carriles,7,30,0,0,0.0,Choque,otra - conductor en general,5006_0_0,7.0,0.0
Caldas,2021-08-24 22:48:00,10,80.0,2021-06-10 05:00:00,jueves,0,Normal,Seca y limpia,Montañoso,Media ladera Izquierda,Recta,Parcial con reducción de carriles,23,45,2,0,2.0,Choque,otra - conductor en general,5006_0_10,23.0,0.0
Caldas,2021-08-24 22:52:00,1,140.0,2021-06-15 05:00:00,martes,30,Normal,Seca y limpia,Montañoso,Media ladera Izquierda,Recta,Parcial con reducción de carriles,13,35,0,0,0.0,Choque,no mantener distancia de seguridad,5006_0_1,13.0,0.0
Caldas,2021-08-24 22:54:00,0,600.0,2021-06-15 05:00:00,martes,0,Lluvia,Humeda,Montañoso,Media ladera Izquierda,Recta,Parcial con reducción de carriles,19,15,0,0,0.0,Choque,estacionamiento y senalizacion imprudente,5006_0_0,19.0,0.0
Tolima,2021-08-24 23:59:00,18,500.0,2021-07-02 05:00:00,viernes,30,Normal,Seca y limpia,Escarpado,Media ladera Izquierda,Curva Derecha,Transito normal con precaución,0,0,1,0,1.0,Choque,exceso de velocidad,5007_1_18,16.0,8.0
Tolima,2021-08-25 00:02:00,24,300.0,2021-07-06 05:00:00,martes,40,Normal,Seca y limpia,Escarpado,Media ladera Izquierda,Curva Izquierda,Cierre total,13,40,0,0,0.0,Choque,otra - conductor en general,5007_1_24,13.0,0.0
Tolima,2021-08-25 00:10:00,24,350.0,2021-07-14 05:00:00,miercoles,54,Normal,Seca y limpia,Escarpado,Media Ladera Derecha,Curva Derecha,Cierre total,15,54,0,0,0.0,Choque,otra - conductor en general,5007_1_24,15.0,0.0
Tolima,2021-08-25 00:14:00,4,800.0,2021-07-24 05:00:00,sabado,0,Normal,Seca y limpia,Escarpado,Media Ladera Derecha,Recta,Transito normal con precaución,0,0,0,0,0.0,Choque,no mantener distancia de seguridad,5007_1_4,5.0,19.0
Tolima,2021-08-25 00:04:00,18,250.0,2021-07-14 05:00:00,miercoles,10,Normal,Seca y limpia,Escarpado,Media ladera Izquierda,Curva Derecha,Transito normal con precaución,0,0,0,0,0.0,Volcamiento,impericia en el manejo,5007_1_18,22.0,2.0
Tolima,2021-08-25 00:16:00,22,360.0,2021-07-28 05:00:00,miercoles,15,Normal,Seca y limpia,Escarpado,Media Ladera Derecha,Curva Izquierda,Transito normal con precaución,0,0,0,0,0.0,Volcamiento,impericia en el manejo,5007_1_22,7.0,17.0
Risaralda,2021-08-25 14:43:00,81,300.0,2021-07-30 05:00:00,viernes,40,Seca,Seca y limpia,Ondulado,Terraplen,Recta,Parcial con reducción de carriles,0,30,0,0,0.0,Choque,no mantener distancia de seguridad,2506_1_81,8.0,16.0
Boyacá,2021-08-25 14:52:00,39,600.0,2021-07-18 05:00:00,domingo,35,Normal,Seca y limpia,Plano,Terraplen,Recta,Parcial con paso alternado,1,0,0,0,0.0,Choque,otra - conductor en general,6008_0_39,15.0,10.0
Risaralda,2021-08-25 14:43:00,10,200.0,2021-07-10 05:00:00,sabado,15,Normal,Seca y limpia,Plano,Terraplen,Recta,Parcial con reducción de carriles,0,45,0,0,0.0,Choque,no mantener distancia de seguridad,29RS01_1_10,17.0,7.0
Risaralda,2021-08-25 15:30:00,5,0.0,2021-07-02 05:00:00,viernes,40,Normal,Seca y limpia,Ondulado,Terraplen,Recta,Parcial con reducción de carriles,1,0,0,0,0.0,Choque,no mantener distancia de seguridad,29RS01_1_5,8.0,17.0
Risaralda,2021-08-25 15:30:00,4,150.0,2021-07-08 05:00:00,jueves,30,Normal,Seca y limpia,Ondulado,Terraplen,Recta,Parcial con reducción de carriles,1,0,0,0,0.0,Choque,no mantener distancia de seguridad,29RS01_2_4,9.0,16.0
Nariño,2021-08-26 23:30:00,70,900.0,2021-07-17 05:00:00,sabado,40,Normal,Seca y limpia,Montañoso,Media ladera Izquierda,Recta,Parcial con paso alternado,13,40,0,0,1.0,Choque,desobediencia a normas y senales,2502_1_70,13.0,0.0
Boyacá,2021-08-25 15:52:00,41,705.0,2021-07-17 05:00:00,sabado,20,Normal,Seca y limpia,Ondulado,Terraplen,Curva Izquierda,Parcial con paso alternado,1,10,0,1,2.0,Choque,adelantamientos indebidos,6008_0_41,21.0,4.0
Risaralda,2021-08-25 15:50:00,8,300.0,2021-07-21 05:00:00,miercoles,0,Seca,Seca y limpia,Ondulado,Terraplen,Recta,Cierre total,0,45,0,0,0.0,Choque,no mantener distancia de seguridad,29RS01_2_8,15.0,9.0
Boyacá,2021-08-25 16:06:00,39,700.0,2021-07-19 05:00:00,lunes,40,Normal,Otra,Plano,Terraplen,Recta,Parcial con paso alternado,0,40,0,0,1.0,Choque,otra - conductor en general,6008_0_39,17.0,7.0
Boyacá,2021-08-25 16:34:00,44,400.0,2021-07-28 05:00:00,miercoles,50,Sol,Seca y limpia,Montañoso,Media Ladera Derecha,Curva Derecha,Parcial con paso alternado,1,40,0,0,0.0,Volcamiento,fallas mecanicas y del sistema electrico,6008_0_44,11.0,14.0
Risaralda,2021-08-25 14:43:00,82,800.0,2021-07-25 05:00:00,domingo,20,Lluvia,Humeda,Ondulado,Terraplen,Recta,Transito normal con precaución,1,30,0,0,0.0,Volcamiento,condiciones de la via y factores ambientales,2506_2_82,17.0,8.0
Risaralda,2021-08-25 15:30:00,7,125.0,2021-07-25 05:00:00,domingo,30,Normal,Seca y limpia,Plano,Media Ladera Derecha,Recta,Parcial con reducción de carriles,0,35,0,0,0.0,Choque,desobediencia a normas y senales,29RS01_1_7,19.0,5.0
Risaralda,2021-08-25 15:30:00,4,800.0,2021-07-29 05:00:00,jueves,20,Normal,Seca y limpia,Ondulado,Terraplen,Recta,Parcial con reducción de carriles,1,0,0,0,0.0,Choque,no mantener distancia de seguridad,29RS01_1_4,18.0,7.0
Risaralda,2021-08-25 15:50:00,8,0.0,2021-07-11 05:00:00,domingo,30,Normal,Seca y limpia,Ondulado,Terraplen,Curva Izquierda,Parcial con reducción de carriles,1,0,0,0,0.0,Choque,otra - conductor en general,29RS01_2_8,22.0,3.0
Risaralda,2021-08-25 15:50:00,8,500.0,2021-07-21 05:00:00,miercoles,50,Normal,Seca y limpia,Ondulado,Terraplen,Recta,Parcial con reducción de carriles,1,0,0,0,0.0,Choque,no mantener distancia de seguridad,29RS01_2_8,15.0,10.0
Boyacá,2021-08-25 16:20:00,40,610.0,2021-08-19 05:00:00,jueves,54,Normal,Seca y limpia,Plano,Terraplen,Recta,Parcial con paso alternado,1,30,2,0,2.0,Choque,maniobras imprudentes,6008_0_40,17.0,8.0
Caldas,2021-08-25 21:20:00,11,650.0,2021-06-24 05:00:00,jueves,45,Normal,Seca y limpia,Montañoso,Media ladera Izquierda,Curva Izquierda,Parcial con reducción de carriles,8,10,0,0,0.0,Choque,adelantamientos indebidos,5006_0_11,7.0,1.0
Caldas,2021-08-25 21:23:00,4,0.0,2021-06-30 05:00:00,miercoles,25,Normal,Seca y limpia,Montañoso,Media ladera Izquierda,Curva Derecha,Parcial con reducción de carriles,10,45,1,0,1.0,Choque,otra - conductor en general,5006_0_4,10.0,0.0
Caldas,2021-08-25 21:31:00,60,850.0,2021-07-05 05:00:00,lunes,0,Normal,Seca y limpia,Montañoso,Media ladera Izquierda,Recta,Parcial con reducción de carriles,19,15,0,0,0.0,Choque,otra - conductor en general,2508_1_60,19.0,0.0
Caldas,2021-08-25 21:32:00,51,640.0,2021-07-06 05:00:00,martes,40,Normal,Seca y limpia,Montañoso,Media ladera Izquierda,Recta,Parcial con reducción de carriles,20,30,1,1,2.0,Choque,condiciones de la via y factores ambientales,2508_1_51,19.0,1.0
Caldas,2021-08-25 21:41:00,58,350.0,2021-07-06 05:00:00,martes,0,Normal,Seca y limpia,Montañoso,Media ladera Izquierda,Recta,Parcial con reducción de carriles,7,15,3,0,3.0,Choque,otra - conductor en general,2508_1_58,7.0,0.0