territorial,fecha_registro,pr,distancia_pr,fecha_acc,dia_semana_acc,min_acc,condic_meteor,estado_super,terreno,secc_tip,geometria_acc,tipo_cierre,horas_cierre,min_cierre,n_heridos,n_muertos,n_victimas,clase_accidente,causa_posible,ref_loc,hora_acc,duracion_cierre_horas
Caldas,2021-08-25 21:43:00,32,750.0,2021-07-11 05:00:00,domingo,10,Normal,Seca y limpia,Montañoso,Media ladera Izquierda,Curva Izquierda,Parcial con reducción de carriles,15,40,1,0,1.0,Choque,desobediencia a normas y senales,2508_1_32,15.0,0.0
Caldas,2021-08-25 21:51:00,24,430.0,2021-07-16 05:00:00,viernes,10,Normal,Seca y limpia,Montañoso,Media ladera Izquierda,Curva Izquierda,Parcial con reducción de carriles,16,50,3,0,3.0,Choque,otra - conductor en general,2508_1_24,16.0,0.0
Caldas,2021-08-25 21:52:00,29,415.0,2021-07-16 05:00:00,viernes,30,Normal,Seca y limpia,Montañoso,Media ladera Izquierda,Recta,Parcial con reducción de carriles,13,30,0,0,0.0,Volcamiento,otra - conductor en general,2508_1_29,12.0,1.0
Caldas,2021-08-25 21:59:00,31,950.0,2021-07-26 05:00:00,lunes,40,Normal,Seca y limpia,Montañoso,Media ladera Izquierda,Curva Izquierda,Parcial con reducción de carriles,14,55,1,0,1.0,Choque,otra - conductor en general,2902_1_31,14.0,0.0
Caldas,2021-08-25 22:01:00,25,600.0,2021-07-03 05:00:00,sabado,50,Normal,Seca y limpia,Montañoso,Media ladera Izquierda,Recta,Parcial con reducción de carriles,11,11,0,0,0.0,Choque,otra - conductor en general,5005_1_25,10.0,1.0
Caldas,2021-08-25 22:03:00,33,680.0,2021-07-13 05:00:00,martes,30,Normal,Seca y limpia,Montañoso,Terraplen,Recta,Parcial con reducción de carriles,8,30,1,0,1.0,Choque,otra - conductor en general,5005_2_33,6.0,2.0
Planta Central,2021-08-25 20:34:00,35,523.0,2021-07-07 05:00:00,miercoles,21,Seca,Seca y limpia,Plano,Terraplen,Recta,Parcial con paso alternado,18,21,1,0,1.0,Choque,no mantener distancia de seguridad,45A04_1_35,18.0,0.0
Caldas,2021-08-25 22:09:00,19,100.0,2021-07-24 05:00:00,sabado,10,Normal,Seca y limpia,Montañoso,Media ladera Izquierda,Curva Derecha,Parcial con reducción de carriles,9,0,1,0,1.0,Choque,adelantamientos indebidos,2508_1_19,8.0,1.0
Planta Central,2021-08-25 22:07:00,35,523.0,2021-07-14 05:00:00,miercoles,57,Seca,Seca y limpia,Plano,Terraplen,Recta,Parcial con paso alternado,17,57,1,0,1.0,Choque,otra - conductor en general,45A04_2_35,17.0,0.0
Caldas,2021-08-25 22:11:00,29,270.0,2021-07-19 05:00:00,lunes,0,Normal,Seca y limpia,Montañoso,Media ladera Izquierda,Recta,Parcial con reducción de carriles,10,30,0,0,0.0,Choque,no mantener distancia de seguridad,5005_1_29,10.0,0.0
Caldas,2021-08-25 22:12:00,8,100.0,2021-07-01 05:00:00,jueves,20,Normal,Seca y limpia,Montañoso,Media ladera Izquierda,Curva Izquierda,Parcial con reducción de carriles,15,50,0,0,0.0,Choque,otra - conductor en general,5006_0_8,15.0,0.0
Caldas,2021-08-25 22:14:00,15,0.0,2021-07-01 05:00:00,jueves,0,Lluvia,Humeda,Montañoso,Media ladera Izquierda,Curva Izquierda,Parcial con reducción de carriles,23,20,0,0,0.0,Choque,otra - conductor en general,5006_0_15,23.0,0.0
Planta Central,2021-08-25 22:14:00,40,760.0,2021-07-11 05:00:00,domingo,9,Seca,Seca y limpia,Plano,Terraplen,Recta,Parcial con paso alternado,17,9,2,0,2.0,Choque,exceso de velocidad,45A04_1_40,17.0,0.0
Caldas,2021-08-25 22:20:00,3,0.0,2021-07-04 05:00:00,domingo,0,Normal,Seca y limpia,Montañoso,Media ladera Izquierda,Recta,Parcial con reducción de carriles,18,20,0,1,1.0,Choque,estacionamiento y senalizacion imprudente,5006_0_3,18.0,0.0
Caldas,2021-08-25 22:22:00,10,950.0,2021-07-05 05:00:00,lunes,45,Normal,Seca y limpia,Montañoso,Media ladera Izquierda,Curva Izquierda,Parcial con reducción de carriles,16,5,0,0,0.0,Choque,otra - conductor en general,5006_0_10,15.0,1.0
Planta Central,2021-08-25 22:22:00,41,170.0,2021-07-22 05:00:00,jueves,4,Seca,Seca y limpia,Montañoso,Cajón,Curva Izquierda,Cierre total,21,4,1,0,1.0,Choque,fallas mecanicas y del sistema electrico,45A04_1_41,21.0,0.0
Caldas,2021-08-25 22:24:00,16,60.0,2021-07-05 05:00:00,lunes,30,Normal,Seca y limpia,Montañoso,Media ladera Izquierda,Curva Izquierda,Parcial con reducción de carriles,17,40,1,0,1.0,Choque,otra - conductor en general,5006_0_16,17.0,0.0
Planta Central,2021-08-25 22:25:00,43,600.0,2021-07-24 05:00:00,sabado,10,Seca,Seca y limpia,Montañoso,Terraplen,Curva Izquierda,Parcial con paso alternado,18,10,0,0,0.0,Choque,adelantamientos indebidos,45A04_1_43,18.0,0.0
Caldas,2021-08-25 22:29:00,3,370.0,2021-07-03 05:00:00,sabado,10,Normal,Seca y limpia,Montañoso,Media ladera Izquierda,Recta,Parcial con reducción de carriles,10,20,2,0,2.0,Choque,embriaguez o sustancias alucinogenas,5006_0_3,10.0,0.0
Caldas,2021-08-25 22:31:00,10,880.0,2021-07-21 05:00:00,miercoles,50,Normal,Seca y limpia,Montañoso,Media ladera Izquierda,Curva Izquierda,Parcial con reducción de carriles,15,0,0,0,0.0,Choque,otra - conductor en general,5006_0_10,14.0,1.0
Planta Central,2021-08-25 22:31:00,43,730.0,2021-07-24 05:00:00,sabado,40,Seca,Seca y limpia,Montañoso,Terraplen,Curva Izquierda,Parcial con paso alternado,10,40,0,0,0.0,Choque,adelantamientos indebidos,45A04_1_43,10.0,0.0
Caldas,2021-08-25 22:33:00,11,900.0,2021-07-24 05:00:00,sabado,30,Lluvia,Humeda,Montañoso,Media ladera Izquierda,Curva Izquierda,Parcial con reducción de carriles,17,45,3,1,4.0,Choque,condiciones de la via y factores ambientales,5006_0_11,17.0,0.0
Planta Central,2021-08-25 22:34:00,44,280.0,2021-07-09 05:00:00,viernes,10,Seca,Seca y limpia,Plano,Terraplen,Recta,Parcial con paso alternado,16,10,0,0,0.0,Volcamiento,impericia en el manejo,45A04_1_44,16.0,0.0
Planta Central,2021-08-25 22:51:00,52,640.0,2021-07-15 05:00:00,jueves,13,Seca,Seca y limpia,Montañoso,Media Ladera Derecha,Curva Izquierda,Parcial con paso alternado,7,13,0,0,0.0,Choque,desobediencia a normas y senales,45A04_1_52,7.0,0.0
Caldas,2021-08-25 22:56:00,19,0.0,2021-07-25 05:00:00,domingo,0,Normal,Seca y limpia,Montañoso,Media ladera Izquierda,Curva Izquierda,Parcial con reducción de carriles,12,20,0,0,0.0,Choque,otra - conductor en general,5006_0_19,12.0,0.0
Tolima,2021-08-26 16:11:00,21,700.0,2021-07-01 05:00:00,jueves,0,Normal,Seca y limpia,Plano,Cajón,Recta,Transito normal con precaución,0,40,2,0,2.0,Choque,adelantamientos indebidos,3603_0_21,12.0,12.0
Tolima,2021-08-26 16:27:00,34,800.0,2021-07-05 05:00:00,lunes,0,Normal,Seca y limpia,Plano,Cajón,Curva Derecha,Transito normal con precaución,0,20,2,0,2.0,Choque,adelantamientos indebidos,3603_0_34,8.0,16.0
Planta Central,2021-08-26 19:33:00,37,369.0,2021-06-05 05:00:00,sabado,18,Seca,Seca y limpia,Montañoso,Terraplen,Curva Izquierda,Transito normal con precaución,18,18,1,0,1.0,Caída ocupante,exceso de velocidad,5008_1_37,18.0,0.0
Planta Central,2021-08-26 20:25:00,115,200.0,2021-06-25 05:00:00,viernes,0,Seca,Otra,Ondulado,Terraplen,Curva Derecha,Parcial con paso alternado,0,40,1,0,1.0,Caída ocupante,condiciones de la via y factores ambientales,45A06_0_115,0.0,0.0
Planta Central,2021-08-26 20:46:00,104,400.0,2021-06-27 05:00:00,domingo,0,Seca,Otra,Ondulado,Terraplen,Recta,Parcial con paso alternado,1,15,1,0,1.0,Volcamiento,otra - conductor en general,45A06_0_104,7.0,18.0
Planta Central,2021-08-26 21:21:00,38,600.0,2021-06-28 05:00:00,lunes,0,Normal,Otra,Ondulado,Terraplen,Curva Izquierda,Transito normal con precaución,1,0,0,0,0.0,Volcamiento,otra - conductor en general,45A06_0_38,0.0,1.0
Planta Central,2021-08-26 21:41:00,64,414.0,2021-06-28 05:00:00,lunes,50,Seca,Otra,Ondulado,Media Ladera Derecha,Curva Derecha,Transito normal con precaución,0,45,0,1,1.0,Volcamiento,otra - conductor en general,45A06_0_64,18.0,6.0
Planta Central,2021-08-26 21:45:00,10,300.0,2021-06-28 05:00:00,lunes,0,Normal,Otra,Ondulado,Terraplen,Curva Derecha,Transito normal con precaución,1,20,0,0,0.0,Volcamiento,otra - conductor en general,45A06_0_10,22.0,3.0
Planta Central,2021-08-26 21:51:00,50,330.0,2021-07-03 05:00:00,sabado,9,Sol,Seca y limpia,Plano,Terraplen,Recta,Parcial con reducción de carriles,1,0,0,0,0.0,Volcamiento,otra - conductor en general,45A05_2_50,11.0,14.0
Planta Central,2021-08-26 21:51:00,73,819.0,2021-07-04 05:00:00,domingo,20,Sol,Seca y limpia,Montañoso,Media ladera Izquierda,Curva Izquierda,Transito normal con precaución,0,0,0,0,0.0,Volcamiento,otra - conductor en general,45A05_1_73,8.0,16.0
Planta Central,2021-08-26 21:57:00,3,800.0,2021-06-02 05:00:00,miercoles,35,Lluvia,Otra,Ondulado,Terraplen,Recta,Parcial con paso alternado,0,30,0,0,0.0,Volcamiento,maniobras imprudentes,45A06_0_3,6.0,18.0
Planta Central,2021-08-26 21:51:00,0,788.0,2021-07-05 05:00:00,lunes,0,Normal,Seca y limpia,Plano,Terraplen,Recta,Parcial con reducción de carriles,0,0,1,0,2.0,Volcamiento,otra - conductor en general,45A05_1_0,5.0,19.0
Planta Central,2021-08-26 22:00:00,67,216.0,2021-06-04 05:00:00,viernes,18,Seca,Seca y limpia,Ondulado,Media Ladera Derecha,Curva Derecha,Transito normal con precaución,0,0,1,1,2.0,Salida de la vía sin volcarse,otra - conductor en general,45A06_0_67,6.0,18.0
Planta Central,2021-08-26 21:51:00,74,150.0,2021-07-05 05:00:00,lunes,10,Normal,Seca y limpia,Montañoso,Media ladera Izquierda,Curva Izquierda,Parcial con paso alternado,0,0,0,0,2.0,Choque,no mantener distancia de seguridad,45A05_1_74,12.0,12.0
Planta Central,2021-08-26 21:51:00,19,200.0,2021-07-05 05:00:00,lunes,0,Sol,Seca y limpia,Plano,Terraplen,Recta,Transito normal con precaución,0,0,0,0,2.0,Salida de la vía sin volcarse,otra - conductor en general,45A05_1_19,15.0,9.0
Planta Central,2021-08-26 21:51:00,2,465.0,2021-07-05 05:00:00,lunes,0,Sol,Seca y limpia,Plano,Terraplen,Curva Izquierda,Transito normal con precaución,0,0,0,0,2.0,Salida de la vía sin volcarse,otra - conductor en general,45ACNC_2_2,16.0,8.0
Planta Central,2021-08-26 21:51:00,8,927.0,2021-07-06 05:00:00,martes,30,Normal,Seca y limpia,Plano,Terraplen,Recta,Parcial con reducción de carriles,2,0,0,0,2.0,Choque,otra - conductor en general,45A05_1_8,7.0,19.0
Planta Central,2021-08-26 21:51:00,9,350.0,2021-07-09 05:00:00,viernes,30,Normal,Seca y limpia,Plano,Terraplen,Recta,Parcial con reducción de carriles,2,30,0,0,2.0,Salida de la vía sin volcarse,adelantamientos indebidos,45A05_1_9,5.0,21.0
Nariño,2021-08-26 23:33:00,81,125.0,2021-07-18 05:00:00,domingo,30,Lluvia,Humeda,Montañoso,Media ladera Izquierda,Curva Izquierda,Parcial con paso alternado,5,30,0,0,0.0,Volcamiento,embriaguez o sustancias alucinogenas,2501B_1_81,5.0,0.0
Planta Central,2021-08-26 21:51:00,64,400.0,2021-07-09 05:00:00,viernes,0,Normal,Seca y limpia,Ondulado,Media ladera Izquierda,Recta,Transito normal con precaución,0,0,0,0,2.0,Salida de la vía sin volcarse,otra - conductor en general,45A05_1_64,14.0,10.0
Planta Central,2021-08-26 21:51:00,32,800.0,2021-07-11 05:00:00,domingo,30,Normal,Seca y limpia,Plano,Terraplen,Recta,Cierre total,3,0,1,1,4.0,Choque,otra - conductor en general,45A05_1_32,17.0,10.0
Planta Central,2021-08-26 21:51:00,38,30.0,2021-07-15 05:00:00,jueves,30,Sol,Seca y limpia,Plano,Terraplen,Recta,Parcial con reducción de carriles,2,0,1,0,5.0,Choque,otra - conductor en general,45A05_1_38,11.0,15.0
Planta Central,2021-08-26 21:51:00,76,500.0,2021-07-18 05:00:00,domingo,33,Sol,Seca y limpia,Montañoso,Media ladera Izquierda,Curva Derecha,Transito normal con precaución,0,0,0,0,5.0,Salida de la vía sin volcarse,otra - conductor en general,45A05_1_76,9.0,15.0
Planta Central,2021-08-26 21:51:00,49,834.0,2021-07-18 05:00:00,domingo,10,Normal,Seca y limpia,Plano,Terraplen,Recta,Cierre total,2,0,0,0,5.0,Choque,otra - conductor en general,45A05_2_49,19.0,7.0
Planta Central,2021-08-26 21:51:00,76,450.0,2021-07-21 05:00:00,miercoles,15,Normal,Seca y limpia,Montañoso,Media ladera Izquierda,Curva Derecha,Transito normal con precaución,0,0,1,0,6.0,Caída ocupante,exceso de velocidad,45A05_1_76,12.0,12.0
Planta Central,2021-08-26 21:51:00,2,420.0,2021-07-22 05:00:00,jueves,37,Normal,Seca y limpia,Plano,Terraplen,Recta,Transito normal con precaución,0,0,0,0,6.0,Salida de la vía sin volcarse,adelantamientos indebidos,45A05_1_2,13.0,11.0
Planta Central,2021-08-26 21:51:00,19,0.0,2021-07-23 05:00:00,viernes,40,Normal,Seca y limpia,Plano,Terraplen,Recta,Parcial con reducción de carriles,2,0,2,0,2.0,Choque,maniobras imprudentes,45A05_1_19,16.0,10.0
Planta Central,2021-08-26 21:51:00,64,282.0,2021-07-26 05:00:00,lunes,30,Normal,Humeda,Plano,Media ladera Izquierda,Recta,Parcial con reducción de carriles,1,0,2,0,10.0,Volcamiento,exceso en horas de conduccion,45A05_1_64,14.0,11.0
Nariño,2021-08-26 23:15:00,10,70.0,2021-07-02 05:00:00,viernes,50,Normal,Seca y limpia,Ondulado,Media ladera Izquierda,Recta,Transito normal con precaución,7,50,1,0,1.0,Choque,maniobras imprudentes,25NRD_1_10,7.0,0.0
Nariño,2021-08-26 23:20:00,4,50.0,2021-07-12 05:00:00,lunes,45,Lluvia,Humeda,Ondulado,Media ladera Izquierda,Recta,Transito normal con precaución,12,45,4,0,5.0,Choque,adelantamientos indebidos,25NRD_1_4,12.0,0.0
Nariño,2021-08-26 23:24:00,18,660.0,2021-07-17 05:00:00,sabado,40,Lluvia,Humeda,Montañoso,Media ladera Izquierda,Curva Derecha,Parcial con paso alternado,11,40,3,0,3.0,Volcamiento,condiciones de la via y factores ambientales,2502_1_18,11.0,0.0
Planta Central,2021-08-27 15:58:00,64,500.0,2021-06-05 05:00:00,sabado,22,Seca,Seca y limpia,Montañoso,Media Ladera Derecha,Recta,Transito normal con precaución,0,45,0,0,0.0,Volcamiento,otra - conductor en general,45A06_0_64,17.0,7.0
Planta Central,2021-08-27 16:15:00,119,120.0,2021-06-17 05:00:00,jueves,35,Normal,Otra,Plano,Media ladera Izquierda,Recta,Parcial con paso alternado,3,0,0,1,1.0,Choque,no mantener distancia de seguridad,45A06_0_119,19.0,8.0
Planta Central,2021-08-27 16:18:00,12,750.0,2021-06-18 05:00:00,viernes,30,Normal,Humeda,Ondulado,Media ladera Izquierda,Recta,Transito normal con precaución,2,30,1,0,1.0,Choque,condiciones de la via y factores ambientales,45A06_0_12,22.0,4.0
Boyacá,2021-08-27 16:17:00,1,700.0,2021-07-02 05:00:00,viernes,30,Normal,Seca y limpia,Plano,Terraplen,Recta,Transito normal con precaución,0,0,0,0,0.0,Choque,no mantener distancia de seguridad,45BY01_1_1,20.0,4.0
Planta Central,2021-08-27 16:24:00,32,800.0,2021-07-03 05:00:00,sabado,30,Normal,Otra,Ondulado,Terraplen,Recta,Parcial con paso alternado,0,30,1,0,1.0,Choque,otra - conductor en general,45A06_0_32,10.0,14.0
Planta Central,2021-08-27 16:29:00,3,640.0,2021-07-04 05:00:00,domingo,0,Normal,Otra,Plano,Terraplen,Recta,Transito normal con precaución,0,45,0,0,0.0,Choque,fallas mecanicas y del sistema electrico,45A06_0_3,14.0,10.0
Planta Central,2021-08-27 16:38:00,122,450.0,2021-07-05 05:00:00,lunes,15,Lluvia,Otra,Ondulado,Media Ladera Derecha,Curva Derecha,Parcial con paso alternado,2,0,0,0,0.0,Volcamiento,adelantamientos indebidos,45A06_0_122,7.0,19.0
Planta Central,2021-08-27 16:11:00,123,600.0,2021-06-14 05:00:00,lunes,30,Seca,Seca y limpia,Plano,Terraplen,Recta,Transito normal con precaución,1,0,0,0,0.0,Volcamiento,otra - conductor en general,45A06_0_123,22.0,3.0
Planta Central,2021-08-27 16:21:00,22,700.0,2021-06-23 05:00:00,miercoles,0,Seca,Seca y limpia,Ondulado,Terraplen,Curva Derecha,Parcial con paso alternado,1,5,2,0,2.0,Volcamiento,exceso en horas de conduccion,45A06_0_22,7.0,18.0
Boyacá,2021-08-27 17:20:00,4,320.0,2021-07-08 05:00:00,jueves,0,Normal,Seca y limpia,Montañoso,Media Ladera Derecha,Curva Derecha,Transito normal con precaución,3,0,0,0,0.0,Volcamiento,exceso en horas de conduccion,6211_1_4,3.0,0.0
Boyacá,2021-08-27 17:20:00,45,0.0,2021-07-09 05:00:00,viernes,0,Sol,Seca y limpia,Ondulado,Media Ladera Derecha,Recta,Transito normal con precaución,9,0,0,0,0.0,Volcamiento,exceso de velocidad,5503_1_45,9.0,0.0
Nariño,2021-08-27 21:26:00,18,30.0,2021-07-31 05:00:00,sabado,15,Niebla,Humeda,Montañoso,Media ladera Izquierda,Curva Izquierda,Transito normal con precaución,7,15,0,0,1.0,Salida de la vía sin volcarse,exceso de velocidad,1002_1_18,7.0,0.0
Nariño,2021-08-27 21:33:00,60,50.0,2021-07-15 05:00:00,jueves,30,Normal,Seca y limpia,Montañoso,Media ladera Izquierda,Curva Izquierda,Transito normal con precaución,16,30,3,0,3.0,Incendio,fallas mecanicas y del sistema electrico,1002_1_60,16.0,0.0
Nariño,2021-08-30 14:23:00,35,205.0,2021-07-23 05:00:00,viernes,30,Normal,Seca y limpia,Montañoso,Media ladera Izquierda,Curva Derecha,Transito normal con precaución,13,30,0,0,0.0,Choque,estacionamiento y senalizacion imprudente,1701_0_35,13.0,0.0
Boyacá,2021-08-30 14:43:00,86,400.0,2021-08-26 05:00:00,jueves,30,Normal,Seca y limpia,Montañoso,Media ladera Izquierda,Recta,Transito normal con precaución,0,0,0,0,0.0,Volcamiento,impericia en el manejo,6006_0_86,9.0,15.0
Planta Central,2021-08-30 19:12:00,24,808.0,2021-06-06 05:00:00,domingo,18,Lluvia,Humeda,Montañoso,Media ladera Izquierda,Curva Derecha,Transito normal con precaución,12,18,2,0,2.0,Caída ocupante,condiciones de la via y factores ambientales,5008_1_24,12.0,0.0
Risaralda,2021-08-30 19:15:00,4,950.0,2020-10-22 05:00:00,jueves,30,Normal,Seca y limpia,Ondulado,Media Ladera Derecha,Curva Derecha,Transito normal con precaución,19,30,0,0,0.0,Volcamiento,fallas mecanicas y del sistema electrico,50RS01_1_4,19.0,0.0
Planta Central,2021-08-30 19:18:00,44,892.0,2021-06-06 05:00:00,domingo,19,Lluvia,Humeda,Montañoso,Media ladera Izquierda,Recta,Transito normal con precaución,12,19,1,0,1.0,Caída ocupante,condiciones de la via y factores ambientales,5008_1_44,12.0,0.0
Cauca,2021-08-30 19:44:00,5,720.0,2021-07-07 05:00:00,miercoles,0,Sol,Seca y limpia,Montañoso,Media Ladera Derecha,Curva Derecha,Transito normal con precaución,0,0,1,0,1.0,Choque,otra - conductor en general,2602_0_5,13.0,11.0
Cauca,2021-08-30 19:53:00,70,40.0,2021-08-03 05:00:00,martes,0,Lluvia,Humeda,Montañoso,Media Ladera Derecha,Curva Derecha,Parcial restringido a vehiculos pesados,2,0,0,0,0.0,Salida de la vía sin volcarse,otra - conductor en general,2602_0_70,5.0,21.0
Cauca,2021-08-30 19:57:00,38,70.0,2021-08-04 05:00:00,miercoles,0,Sol,Seca y limpia,Montañoso,Media ladera Izquierda,Curva Derecha,Transito normal con precaución,0,0,2,0,2.0,Salida de la vía sin volcarse,fallas mecanicas y del sistema electrico,2602_0_38,15.0,9.0
Cauca,2021-08-30 20:03:00,39,0.0,2021-08-09 05:00:00,lunes,15,Sol,Seca y limpia,Ondulado,Media ladera Izquierda,Curva Derecha,Transito normal con precaución,0,0,0,0,1.0,Choque,embriaguez o sustancias alucinogenas,2602_0_39,15.0,9.0
Cauca,2021-08-30 20:07:00,4,700.0,2021-08-12 05:00:00,jueves,0,Sol,Material suelto,Montañoso,Media Ladera Derecha,Recta,Transito normal con precaución,0,0,0,0,0.0,Salida de la vía sin volcarse,fallas mecanicas y del sistema electrico,26CC07_0_4,15.0,9.0
Cauca,2021-08-30 20:15:00,8,150.0,2021-08-23 05:00:00,lunes,10,Sol,Seca y limpia,Montañoso,Media Ladera Derecha,Curva Derecha,Transito normal con precaución,0,0,1,0,2.0,Choque,otra - conductor en general,2602_0_8,7.0,17.0
Planta Central,2021-08-30 19:48:00,23,10.0,2021-06-12 05:00:00,sabado,42,Seca,Seca y limpia,Montañoso,Media ladera Izquierda,Curva Izquierda,Parcial con reducción de carriles,12,42,2,0,2.0,Choque,otra - conductor en general,5008_1_23,12.0,0.0
Nariño,2021-08-30 23:34:00,24,255.0,2021-07-29 05:00:00,jueves,0,Lluvia,Humeda,Montañoso,Media ladera Izquierda,Curva Izquierda,Transito normal con precaución,17,0,0,0,0.0,Choque,exceso de velocidad,1002_1_24,17.0,0.0
Cauca,2021-08-30 20:11:00,9,200.0,2021-08-15 05:00:00,domingo,10,Normal,Seca y limpia,Montañoso,Media ladera Izquierda,Curva Izquierda,Transito normal con precaución,0,0,1,0,1.0,Choque,fallas mecanicas y del sistema electrico,2602_0_9,19.0,5.0
Cauca,2021-08-30 20:18:00,4,250.0,2021-08-24 05:00:00,martes,0,Lluvia,Humeda,Montañoso,Media ladera Izquierda,Curva Izquierda,Parcial con paso alternado,2,0,6,0,6.0,Volcamiento,fallas mecanicas y del sistema electrico,2602_0_4,17.0,9.0
Caquetá,2021-08-30 22:24:00,50,835.0,2021-08-29 05:00:00,domingo,0,Lluvia,Humeda,Plano,Terraplen,Recta,Transito normal con precaución,5,0,0,1,3.0,Choque,fallas mecanicas y del sistema electrico,6502_1_50,5.0,0.0
Nariño,2021-08-30 23:05:00,18,700.0,2021-07-12 05:00:00,lunes,10,Normal,Seca y limpia,Montañoso,Media ladera Izquierda,Curva Izquierda,Transito normal con precaución,20,10,1,4,5.0,Choque,no mantener distancia de seguridad,0801_1_18,20.0,0.0
Nariño,2021-08-31 00:55:00,13,500.0,2021-07-09 05:00:00,viernes,0,Normal,Seca y limpia,Montañoso,Media ladera Izquierda,Curva Derecha,Transito normal con precaución,19,0,0,0,0.0,Choque,adelantamientos indebidos,1002_1_13,19.0,0.0
Planta Central,2021-08-31 14:11:00,106,650.0,2021-07-05 05:00:00,lunes,45,Sol,Seca y limpia,Plano,Cajón,Recta,Parcial con paso alternado,5,0,1,0,1.0,Choque,no mantener distancia de seguridad,45A06_0_106,14.0,15.0
Norte de Santander,2021-08-31 17:52:00,65,570.0,2021-07-16 05:00:00,viernes,30,Seca,Seca y limpia,Montañoso,Media ladera Izquierda,Curva Izquierda,Cierre total,2,30,0,1,1.0,Choque,otra - conductor en general,5505_1_65,11.0,15.0
Cundinamarca,2021-08-31 22:23:00,23,500.0,2021-04-06 05:00:00,martes,10,Sol,Seca y limpia,Plano,Cajón,Recta,Parcial con reducción de carriles,9,10,2,0,2.0,Choque,desobediencia a normas y senales,5501_1_23,9.0,0.0
Cundinamarca,2021-08-31 22:51:00,11,500.0,2021-04-23 05:00:00,viernes,0,Sol,Seca y limpia,Plano,Cajón,Recta,Transito normal con precaución,0,0,0,0,0.0,Choque,otra - conductor en general,50CN03_0_11,0.0,0.0
Cundinamarca,2021-08-31 22:27:00,25,85.0,2021-04-14 05:00:00,miercoles,40,Sol,Seca y limpia,Plano,Cajón,Recta,Parcial con reducción de carriles,10,40,2,0,2.0,Choque,maniobras imprudentes,5501_1_25,10.0,0.0
Cundinamarca,2021-08-31 22:30:00,24,699.0,2021-04-30 05:00:00,viernes,15,Lluvia,Humeda,Plano,Cajón,Recta,Parcial con reducción de carriles,17,15,0,0,0.0,Choque,desobediencia a normas y senales,5501_1_24,17.0,0.0
Cundinamarca,2021-08-31 23:02:00,23,20.0,2021-05-01 05:00:00,sabado,20,Sol,Seca y limpia,Plano,Cajón,Recta,Parcial con reducción de carriles,18,20,1,0,1.0,Atropello,otra - conductor en general,5501_1_23,18.0,0.0
Cundinamarca,2021-08-31 23:06:00,22,200.0,2021-05-08 05:00:00,sabado,15,Lluvia,Humeda,Plano,Cajón,Recta,Parcial con reducción de carriles,20,15,1,0,1.0,Atropello,conducta de peatones,5501_1_22,20.0,0.0
Planta Central,2021-09-01 14:40:00,107,300.0,2021-08-06 05:00:00,viernes,40,Lluvia,Otra,Ondulado,Terraplen,Curva Izquierda,Parcial con paso alternado,1,0,0,0,0.0,Volcamiento,exceso en horas de conduccion,45A06_0_107,8.0,17.0
Planta Central,2021-09-01 16:44:00,85,655.0,2021-07-09 05:00:00,viernes,19,Lluvia,Humeda,Plano,Terraplen,Curva Derecha,Parcial con paso alternado,2,0,1,0,2.0,Atropello,fallas mecanicas y del sistema electrico,45A06_0_85,5.0,21.0
Planta Central,2021-09-01 17:00:00,56,900.0,2021-07-12 05:00:00,lunes,39,Lluvia,Humeda,Ondulado,Terraplen,Recta,Parcial con paso alternado,2,0,1,0,1.0,Atropello,otra - conductor en general,45A06_0_56,21.0,5.0
Planta Central,2021-09-01 17:09:00,9,200.0,2021-07-18 05:00:00,domingo,0,Seca,Seca y limpia,Montañoso,Media ladera Izquierda,Curva Derecha,Parcial con paso alternado,2,0,1,0,1.0,Choque,otra - conductor en general,45A06_0_9,0.0,2.0
Planta Central,2021-09-01 17:19:00,124,225.0,2021-07-23 05:00:00,viernes,37,Seca,Seca y limpia,Plano,Terraplen,Recta,Parcial con paso alternado,3,0,2,0,2.0,Choque,otra - conductor en general,45A06_0_124,21.0,6.0
Planta Central,2021-09-01 17:38:00,27,450.0,2021-07-30 05:00:00,viernes,40,Sol,Seca y limpia,Ondulado,Terraplen,Recta,Transito normal con precaución,6,40,0,0,0.0,Volcamiento,otra - conductor en general,45A06_0_27,6.0,0.0
Planta Central,2021-09-01 16:56:00,100,779.0,2021-07-10 05:00:00,sabado,35,Lluvia,Seca y limpia,Plano,Terraplen,Recta,Transito normal con precaución,1,0,1,0,1.0,Salida de la vía sin volcarse,otra - conductor en general,45A06_0_100,3.0,22.0
Planta Central,2021-09-01 17:06:00,100,900.0,2021-07-13 05:00:00,martes,45,Lluvia,Seca y limpia,Ondulado,Terraplen,Curva Derecha,Parcial con reducción de carriles,2,0,0,0,0.0,Choque,exceso en horas de conduccion,45A06_0_100,15.0,11.0
Planta Central,2021-09-01 17:12:00,124,230.0,2021-09-01 05:00:00,miercoles,0,Seca,Seca y limpia,Plano,Terraplen,Recta,Parcial con paso alternado,2,0,0,0,0.0,Choque,otra - conductor en general,45A06_0_124,0.0,2.0