territorial,fecha_registro,pr,distancia_pr,fecha_acc,dia_semana_acc,min_acc,condic_meteor,estado_super,terreno,secc_tip,geometria_acc,tipo_cierre,horas_cierre,min_cierre,n_heridos,n_muertos,n_victimas,clase_accidente,causa_posible,ref_loc,hora_acc,duracion_cierre_horas
Planta Central,2021-09-01 17:23:00,70,754.0,2021-07-25 05:00:00,domingo,10,Lluvia,Humeda,Ondulado,Media Ladera Derecha,Curva Izquierda,Parcial con paso alternado,2,0,4,0,4.0,Choque,embriaguez o sustancias alucinogenas,45A06_0_70,15.0,11.0
Planta Central,2021-09-01 17:29:00,14,115.0,2021-07-25 05:00:00,domingo,40,Lluvia,Otra,Plano,Terraplen,Recta,Transito normal con precaución,1,0,0,0,0.0,Choque,exceso de velocidad,45A06_0_14,15.0,10.0
Planta Central,2021-09-01 17:31:00,45,200.0,2021-07-25 05:00:00,domingo,30,Lluvia,Otra,Plano,Terraplen,Recta,Transito normal con precaución,1,0,1,0,1.0,Atropello,conducta de peatones,45A06_0_45,19.0,6.0
Boyacá,2021-09-01 22:16:00,12,250.0,2021-07-10 05:00:00,sabado,0,Normal,Seca y limpia,Ondulado,Media Ladera Derecha,Recta,Transito normal con precaución,14,0,0,0,0.0,Choque,impericia en el manejo,5503_1_12,14.0,0.0
Boyacá,2021-09-01 22:16:00,25,0.0,2021-07-12 05:00:00,lunes,0,Sol,Seca y limpia,Plano,Terraplen,Curva Izquierda,Transito normal con precaución,7,0,1,0,1.0,Salida de la vía sin volcarse,exceso en horas de conduccion,5503_1_25,7.0,0.0
Boyacá,2021-09-01 22:16:00,11,900.0,2021-07-14 05:00:00,miercoles,30,Lluvia,Humeda,Montañoso,Media Ladera Derecha,Curva Derecha,Transito normal con precaución,9,30,0,0,1.0,Choque,condiciones de la via y factores ambientales,6211_1_11,9.0,0.0
Boyacá,2021-09-01 22:16:00,71,680.0,2021-07-21 05:00:00,miercoles,30,Lluvia,Humeda,Montañoso,Media Ladera Derecha,Curva Derecha,Transito normal con precaución,9,30,4,0,5.0,Volcamiento,condiciones de la via y factores ambientales,5503_1_71,9.0,0.0
Boyacá,2021-09-01 22:16:00,15,800.0,2021-07-27 05:00:00,martes,30,Sol,Seca y limpia,Ondulado,Media Ladera Derecha,Recta,Transito normal con precaución,12,30,0,0,7.0,Salida de la vía sin volcarse,fallas mecanicas y del sistema electrico,5503_1_15,12.0,0.0
Boyacá,2021-09-01 22:16:00,9,900.0,2021-07-28 05:00:00,miercoles,30,Lluvia,Humeda,Montañoso,Media Ladera Derecha,Recta,Transito normal con precaución,16,30,1,0,11.0,Choque,otra - conductor en general,6211_1_9,16.0,0.0
Caquetá,2021-09-01 22:12:00,37,100.0,2021-08-29 05:00:00,domingo,45,Seca,Seca y limpia,Plano,Terraplen,Curva Izquierda,Transito normal con precaución,18,45,4,0,4.0,Choque,condiciones de la via y factores ambientales,6502_1_37,18.0,0.0
Boyacá,2021-09-01 22:16:00,20,620.0,2021-07-11 05:00:00,domingo,20,Seca,Seca y limpia,Ondulado,Media ladera Izquierda,Recta,Transito normal con precaución,15,20,0,0,0.0,Choque,otra - conductor en general,5503_1_20,15.0,0.0
Boyacá,2021-09-01 22:16:00,31,450.0,2021-07-15 05:00:00,jueves,0,Lluvia,Humeda,Ondulado,Media Ladera Derecha,Curva Derecha,Transito normal con precaución,16,0,0,0,1.0,Volcamiento,condiciones de la via y factores ambientales,5503_1_31,16.0,0.0
Boyacá,2021-09-01 22:16:00,5,260.0,2021-07-24 05:00:00,sabado,0,Sol,Seca y limpia,Montañoso,Media Ladera Derecha,Curva Derecha,Transito normal con precaución,17,0,1,0,6.0,Choque,otra - conductor en general,5503_1_5,17.0,0.0
Boyacá,2021-09-01 22:16:00,16,30.0,2021-07-25 05:00:00,domingo,0,Lluvia,Humeda,Ondulado,Media Ladera Derecha,Curva Derecha,Transito normal con precaución,8,0,0,0,6.0,Choque,condiciones de la via y factores ambientales,5503_1_16,8.0,0.0
Boyacá,2021-09-01 22:16:00,18,760.0,2021-07-26 05:00:00,lunes,30,Sol,Seca y limpia,Ondulado,Media ladera Izquierda,Curva Izquierda,Transito normal con precaución,14,30,1,0,7.0,Choque,otra - conductor en general,5503_1_18,14.0,0.0
Boyacá,2021-09-01 22:16:00,31,60.0,2021-07-28 05:00:00,miercoles,30,Lluvia,Humeda,Ondulado,Media Ladera Derecha,Curva Derecha,Transito normal con precaución,15,30,0,0,7.0,Choque,condiciones de la via y factores ambientales,5503_1_31,15.0,0.0
Boyacá,2021-09-01 22:16:00,1,0.0,2021-07-10 05:00:00,sabado,0,Normal,Seca y limpia,Plano,Terraplen,Recta,Transito normal con precaución,11,0,2,0,9.0,Choque,otra - conductor en general,5503_2_1,11.0,0.0
Boyacá,2021-09-01 22:16:00,1,560.0,2021-07-10 05:00:00,sabado,30,Normal,Seca y limpia,Plano,Terraplen,Recta,Transito normal con precaución,13,30,0,1,10.0,Atropello,otra - conductor en general,5503_2_1,13.0,0.0
Planta Central,2021-09-02 12:32:00,17,200.0,2020-11-25 05:00:00,miercoles,30,Normal,Seca y limpia,Ondulado,Terraplen,Recta,Transito normal con precaución,11,30,0,0,0.0,Otro,condiciones de la via y factores ambientales,4001_1_17,11.0,0.0
Planta Central,2021-09-02 13:37:00,70,600.0,2020-11-28 05:00:00,sabado,20,Normal,Seca y limpia,Montañoso,Media ladera Izquierda,Curva Derecha,Transito normal con precaución,0,0,0,0,1.0,Choque,exceso de velocidad,4001_1_70,18.0,6.0
Planta Central,2021-09-02 13:37:00,73,800.0,2020-11-23 05:00:00,lunes,5,Seca,Seca y limpia,Ondulado,Media ladera Izquierda,Recta,Transito normal con precaución,0,0,0,0,1.0,Choque,otra - conductor en general,4001_1_73,14.0,10.0
Planta Central,2021-09-02 13:37:00,79,400.0,2020-11-15 05:00:00,domingo,25,Normal,Seca y limpia,Montañoso,Media ladera Izquierda,Curva Izquierda,Transito normal con precaución,0,0,2,0,3.0,Choque,impericia en el manejo,4001_1_79,18.0,6.0
Planta Central,2021-09-02 13:59:00,82,900.0,2020-11-25 05:00:00,miercoles,8,Niebla,Seca y limpia,Ondulado,Media ladera Izquierda,Curva Derecha,Transito normal con precaución,0,0,0,0,0.0,Volcamiento,condiciones de la via y factores ambientales,4001_2_82,5.0,19.0
Planta Central,2021-09-02 13:59:00,87,850.0,2020-11-08 05:00:00,domingo,30,Sol,Seca y limpia,Montañoso,Media Ladera Derecha,Curva Derecha,Transito normal con precaución,0,0,1,0,2.0,Caída ocupante,otra - conductor en general,4001_1_87,11.0,13.0
Planta Central,2021-09-02 13:59:00,87,850.0,2020-11-22 05:00:00,domingo,47,Normal,Seca y limpia,Montañoso,Media Ladera Derecha,Curva Derecha,Transito normal con precaución,0,0,2,0,4.0,Volcamiento,otra - conductor en general,4001_1_87,11.0,13.0
Planta Central,2021-09-02 13:59:00,95,800.0,2020-11-09 05:00:00,lunes,15,Normal,Seca y limpia,Plano,Media Ladera Derecha,Recta,Transito normal con precaución,0,0,1,0,5.0,Volcamiento,otra - conductor en general,4001_1_95,18.0,6.0
Planta Central,2021-09-02 13:59:00,96,300.0,2020-11-18 05:00:00,miercoles,33,Normal,Seca y limpia,Plano,Terraplen,Recta,Transito normal con precaución,0,0,0,0,5.0,Choque,otra - conductor en general,4001_1_96,18.0,6.0
Planta Central,2021-09-02 13:59:00,98,500.0,2020-11-16 05:00:00,lunes,18,Lluvia,Humeda,Ondulado,Cajón,Curva Derecha,Transito normal con precaución,0,0,3,0,8.0,Choque,condiciones de la via y factores ambientales,4001_2_98,14.0,10.0
Planta Central,2021-09-02 15:17:00,49,200.0,2021-07-02 05:00:00,viernes,40,Normal,Seca y limpia,Ondulado,Media Ladera Derecha,Recta,Parcial con paso alternado,0,56,0,0,0.0,Otro,condiciones de la via y factores ambientales,45A08_1_49,19.0,5.0
Planta Central,2021-09-02 13:59:00,98,650.0,2020-11-30 05:00:00,lunes,47,Normal,Seca y limpia,Ondulado,Media Ladera Derecha,Curva Derecha,Transito normal con precaución,0,0,0,0,8.0,Salida de la vía sin volcarse,otra - conductor en general,4001_2_98,19.0,5.0
Planta Central,2021-09-02 15:27:00,35,547.0,2021-07-04 05:00:00,domingo,14,Normal,Seca y limpia,Montañoso,Media Ladera Derecha,Recta,Transito normal con precaución,0,0,0,0,0.0,Choque,condiciones de la via y factores ambientales,45A08_1_35,11.0,13.0
Planta Central,2021-09-02 15:33:00,56,0.0,2021-07-04 05:00:00,domingo,10,Normal,Seca y limpia,Ondulado,Media Ladera Derecha,Curva Izquierda,Parcial con paso alternado,6,46,0,0,0.0,Choque,maniobras imprudentes,45A08_1_56,6.0,0.0
Planta Central,2021-09-02 15:45:00,100,670.0,2020-11-29 05:00:00,domingo,35,Normal,Seca y limpia,Montañoso,Media ladera Izquierda,Curva Derecha,Transito normal con precaución,0,0,1,0,1.0,Volcamiento,otra - conductor en general,4001_1_100,10.0,14.0
Planta Central,2021-09-02 15:46:00,54,400.0,2021-07-04 05:00:00,domingo,4,Normal,Seca y limpia,Ondulado,Media ladera Izquierda,Recta,Parcial con paso alternado,0,50,1,0,1.0,Choque,otra - conductor en general,45A08_1_54,20.0,4.0
Planta Central,2021-09-02 15:54:00,19,800.0,2021-07-09 05:00:00,viernes,50,Normal,Seca y limpia,Ondulado,Media ladera Izquierda,Recta,Transito normal con precaución,0,0,0,1,1.0,Atropello,conducta de peatones,45A08_1_19,19.0,5.0
Planta Central,2021-09-02 16:00:00,48,300.0,2021-07-13 05:00:00,martes,0,Normal,Seca y limpia,Ondulado,Media ladera Izquierda,Curva Derecha,Parcial con paso alternado,1,0,0,0,0.0,Volcamiento,maniobras imprudentes,45A08_1_48,9.0,16.0
Planta Central,2021-09-02 16:11:00,55,547.0,2021-07-15 05:00:00,jueves,49,Normal,Humeda,Plano,Cajón,Curva Izquierda,Parcial con paso alternado,3,22,3,0,3.0,Choque,otra - conductor en general,45A08_1_55,15.0,12.0
Planta Central,2021-09-02 15:45:00,101,700.0,2020-11-12 05:00:00,jueves,50,Sol,Seca y limpia,Montañoso,Media ladera Izquierda,Curva Derecha,Transito normal con precaución,0,0,0,0,1.0,Volcamiento,otra - conductor en general,4001_1_101,13.0,11.0
Planta Central,2021-09-02 20:51:00,115,900.0,2020-11-12 05:00:00,jueves,40,Normal,Seca y limpia,Plano,Terraplen,Recta,Parcial con reducción de carriles,2,0,1,0,1.0,Choque,no mantener distancia de seguridad,4001_1_115,7.0,19.0
Planta Central,2021-09-02 16:22:00,71,900.0,2021-08-28 05:00:00,sabado,30,Seca,Seca y limpia,Ondulado,Media Ladera Derecha,Curva Derecha,Parcial restringido a vehiculos pesados,1,30,0,0,1.0,Choque,exceso de velocidad,9002_0_71,15.0,10.0
Planta Central,2021-09-02 16:19:00,38,70.0,2021-07-18 05:00:00,domingo,10,Normal,Seca y limpia,Ondulado,Cajón,Curva Izquierda,Cierre total,1,17,3,0,3.0,Choque,otra - conductor en general,45A08_1_38,0.0,1.0
Planta Central,2021-09-02 16:31:00,38,110.0,2021-07-21 05:00:00,miercoles,0,Normal,Seca y limpia,Ondulado,Cajón,Curva Izquierda,Parcial con paso alternado,6,0,0,0,0.0,Volcamiento,otra - conductor en general,45A08_1_38,16.0,14.0
Planta Central,2021-09-02 16:31:00,107,190.0,2020-11-30 05:00:00,lunes,7,Normal,Seca y limpia,Montañoso,Media Ladera Derecha,Curva Derecha,Parcial con paso alternado,8,37,1,0,1.0,Volcamiento,otra - conductor en general,4001_1_107,17.0,15.0
Planta Central,2021-09-02 16:42:00,35,265.0,2021-07-21 05:00:00,miercoles,30,Normal,Seca y limpia,Montañoso,Media Ladera Derecha,Curva Izquierda,Parcial con paso alternado,3,0,0,0,0.0,Choque,fallas mecanicas y del sistema electrico,45A08_1_35,18.0,9.0
Planta Central,2021-09-02 16:46:00,26,600.0,2021-07-27 05:00:00,martes,10,Normal,Seca y limpia,Ondulado,Media Ladera Derecha,Curva Izquierda,Cierre total,2,40,1,0,1.0,Volcamiento,fallas mecanicas y del sistema electrico,45A08_1_26,16.0,10.0
Planta Central,2021-09-02 16:49:00,76,850.0,2021-07-28 05:00:00,miercoles,30,Normal,Seca y limpia,Ondulado,Terraplen,Curva Derecha,Parcial con paso alternado,2,24,0,0,0.0,Choque,no mantener distancia de seguridad,45A08_1_76,10.0,16.0
Planta Central,2021-09-02 16:53:00,84,680.0,2021-07-30 05:00:00,viernes,0,Normal,Seca y limpia,Plano,Terraplen,Recta,Parcial con paso alternado,1,0,0,0,0.0,Choque,no mantener distancia de seguridad,45A08_1_84,20.0,5.0
Planta Central,2021-09-02 16:31:00,110,200.0,2020-11-26 05:00:00,jueves,25,Normal,Seca y limpia,Ondulado,Media Ladera Derecha,Recta,Parcial con reducción de carriles,1,15,0,0,1.0,Choque,no mantener distancia de seguridad,4001_1_110,18.0,7.0
Planta Central,2021-09-02 16:31:00,110,400.0,2020-11-13 05:00:00,viernes,42,Normal,Seca y limpia,Plano,Terraplen,Recta,Parcial con reducción de carriles,1,18,0,0,1.0,Salida de la vía sin volcarse,otra - conductor en general,4001_1_110,13.0,12.0
Planta Central,2021-09-02 13:07:00,64,200.0,2020-11-15 05:00:00,domingo,50,Sol,Seca y limpia,Plano,Media ladera Izquierda,Recta,Transito normal con precaución,12,50,1,0,1.0,Choque,otra - conductor en general,4001_1_64,12.0,0.0
Planta Central,2021-09-02 20:35:00,7,250.0,2020-11-06 05:00:00,viernes,50,Niebla,Humeda,Plano,Terraplen,Recta,Parcial con reducción de carriles,1,0,0,0,0.0,Choque,maniobras imprudentes,40VLA_1_7,7.0,18.0
Planta Central,2021-09-02 20:35:00,3,600.0,2020-11-09 05:00:00,lunes,30,Lluvia,Humeda,Plano,Terraplen,Recta,Parcial con reducción de carriles,1,0,0,0,0.0,Choque,desobediencia a normas y senales,40VLA_1_3,10.0,15.0
Cauca,2021-09-02 20:55:00,4,750.0,2021-07-04 05:00:00,domingo,0,Sol,Seca y limpia,Montañoso,Media Ladera Derecha,Curva Izquierda,Parcial con paso alternado,11,30,1,0,1.0,Volcamiento,otra - conductor en general,2002_1_4,16.0,19.0
Cauca,2021-09-02 21:06:00,1,600.0,2021-07-08 05:00:00,jueves,0,Sol,Seca y limpia,Montañoso,Media Ladera Derecha,Curva Derecha,Transito normal con precaución,0,0,1,0,1.0,Salida de la vía sin volcarse,fallas mecanicas y del sistema electrico,2002_1_1,7.0,17.0
Cauca,2021-09-03 15:08:00,2,650.0,2021-07-12 05:00:00,lunes,15,Sol,Seca y limpia,Montañoso,Media Ladera Derecha,Recta,Parcial con paso alternado,0,0,0,0,0.0,Choque,otra - conductor en general,2002_1_2,7.0,17.0
Cauca,2021-09-03 15:26:00,4,40.0,2021-07-27 05:00:00,martes,20,Sol,Seca y limpia,Montañoso,Media Ladera Derecha,Curva Izquierda,Parcial con paso alternado,0,0,0,0,0.0,Volcamiento,fallas mecanicas y del sistema electrico,2002_1_4,15.0,9.0
Cauca,2021-09-03 15:11:00,5,0.0,2021-07-15 05:00:00,jueves,30,Sol,Seca y limpia,Montañoso,Media Ladera Derecha,Curva Derecha,Parcial con paso alternado,0,0,0,0,0.0,Choque,impericia en el manejo,2002_1_5,12.0,12.0
Cauca,2021-09-03 15:14:00,4,870.0,2021-07-17 05:00:00,sabado,30,Sol,Seca y limpia,Montañoso,Media Ladera Derecha,Curva Derecha,Transito normal con precaución,0,0,6,0,6.0,Salida de la vía sin volcarse,exceso de velocidad,2002_1_4,7.0,17.0
Caquetá,2021-09-08 14:39:00,34,200.0,2021-09-07 05:00:00,martes,13,Seca,Seca y limpia,Plano,Terraplen,Recta,Parcial con reducción de carriles,15,13,1,0,2.0,Atropello,conducta de pasajeros,6502_1_34,15.0,0.0
Nariño,2021-09-08 14:35:00,28,520.0,2021-07-29 05:00:00,jueves,30,Lluvia,Humeda,Montañoso,Media ladera Izquierda,Curva Izquierda,Transito normal con precaución,2,0,1,0,1.0,Choque,condiciones de la via y factores ambientales,1003_1_28,7.0,19.0
Casanare,2021-09-08 15:46:00,47,860.0,2021-05-15 05:00:00,sabado,30,Sol,Seca y limpia,Montañoso,Media Ladera Derecha,Recta,Parcial restringido a vehiculos pesados,14,30,2,0,2.0,Choque,exceso de velocidad,6211_1_47,14.0,0.0
Casanare,2021-09-08 16:10:00,95,500.0,2021-05-18 05:00:00,martes,30,Sol,Seca y limpia,Montañoso,Media ladera Izquierda,Curva Derecha,Transito normal con precaución,8,30,0,0,1.0,Volcamiento,fallas mecanicas y del sistema electrico,6211_1_95,8.0,0.0
Casanare,2021-09-08 16:10:00,47,875.0,2021-05-21 05:00:00,viernes,30,Sol,Seca y limpia,Montañoso,Media Ladera Derecha,Recta,Transito normal con precaución,15,30,1,0,2.0,Volcamiento,fallas mecanicas y del sistema electrico,6211_1_47,15.0,0.0
Casanare,2021-09-08 16:10:00,32,650.0,2021-05-16 05:00:00,domingo,0,Lluvia,Humeda,Montañoso,Media Ladera Derecha,Recta,Transito normal con precaución,23,0,0,0,0.0,Choque,exceso en horas de conduccion,6211_1_32,23.0,0.0
Casanare,2021-09-08 16:10:00,51,100.0,2021-05-17 05:00:00,lunes,0,Lluvia,Humeda,Montañoso,Media Ladera Derecha,Curva Izquierda,Transito normal con precaución,20,0,1,0,1.0,Caída de piedra,condiciones de la via y factores ambientales,6211_1_51,20.0,0.0
Casanare,2021-09-08 16:43:00,56,600.0,2021-05-23 05:00:00,domingo,50,Sol,Seca y limpia,Montañoso,Media Ladera Derecha,Curva Derecha,Transito normal con precaución,13,50,0,0,0.0,Salida de la vía sin volcarse,exceso de velocidad,6211_1_56,13.0,0.0
Casanare,2021-09-08 16:48:00,82,500.0,2021-05-24 05:00:00,lunes,53,Normal,Seca y limpia,Montañoso,Media Ladera Derecha,Curva Derecha,Transito normal con precaución,23,53,0,0,0.0,Salida de la vía sin volcarse,fallas mecanicas y del sistema electrico,6211_1_82,23.0,0.0
Casanare,2021-09-08 19:13:00,23,80.0,2021-06-01 05:00:00,martes,0,Sol,Seca y limpia,Montañoso,Media ladera Izquierda,Curva Izquierda,Parcial restringido a vehiculos pesados,10,0,0,0,0.0,Choque,exceso de velocidad,6211_1_23,8.0,2.0
Casanare,2021-09-08 20:10:00,59,530.0,2021-06-05 05:00:00,sabado,35,Niebla,Humeda,Montañoso,Media Ladera Derecha,Curva Izquierda,Transito normal con precaución,13,35,0,0,0.0,Volcamiento,exceso de velocidad,6211_1_59,13.0,0.0
Risaralda,2021-09-08 20:12:00,19,740.0,2021-01-24 05:00:00,domingo,0,Normal,Seca y limpia,Ondulado,Media ladera Izquierda,Recta,Transito normal con precaución,5,0,0,0,0.0,Incendio,otra - conductor en general,5003_0_19,5.0,0.0
Casanare,2021-09-08 20:28:00,40,400.0,2021-06-13 05:00:00,domingo,30,Seca,Seca y limpia,Plano,Terraplen,Recta,Transito normal con precaución,7,30,1,0,1.0,Salida de la vía sin volcarse,exceso de velocidad,6211_1_40,7.0,0.0
Casanare,2021-09-08 20:47:00,84,545.0,2021-06-17 05:00:00,jueves,0,Seca,Seca y limpia,Montañoso,Media Ladera Derecha,Recta,Transito normal con precaución,22,0,0,0,0.0,Incendio,fallas mecanicas y del sistema electrico,6211_1_84,22.0,0.0
Casanare,2021-09-08 20:56:00,46,100.0,2021-06-18 05:00:00,viernes,40,Seca,Seca y limpia,Montañoso,Media Ladera Derecha,Curva Izquierda,Transito normal con precaución,13,40,1,0,1.0,Volcamiento,fallas mecanicas y del sistema electrico,6211_1_46,13.0,0.0
Casanare,2021-09-08 21:55:00,31,977.0,2021-06-26 05:00:00,sabado,30,Normal,Seca y limpia,Montañoso,Media Ladera Derecha,Curva Derecha,Parcial con paso alternado,8,30,0,0,0.0,Salida de la vía sin volcarse,fallas mecanicas y del sistema electrico,6211_1_31,7.0,1.0
Casanare,2021-09-08 22:11:00,81,905.0,2021-06-27 05:00:00,domingo,20,Normal,Humeda,Montañoso,Media Ladera Derecha,Curva Izquierda,Transito normal con precaución,17,20,2,0,2.0,Caída ocupante,exceso de velocidad,6211_1_81,17.0,0.0
Casanare,2021-09-08 22:24:00,112,100.0,2021-06-30 05:00:00,miercoles,50,Normal,Seca y limpia,Montañoso,Media Ladera Derecha,Curva Izquierda,Transito normal con precaución,17,50,1,0,1.0,Volcamiento,maniobras imprudentes,6211_1_112,17.0,0.0
Casanare,2021-09-08 20:14:00,69,635.0,2021-06-06 05:00:00,domingo,56,Lluvia,Humeda,Montañoso,Media Ladera Derecha,Recta,Transito normal con precaución,9,56,0,0,0.0,Choque,exceso de velocidad,6211_1_69,9.0,0.0
Casanare,2021-09-08 20:19:00,97,170.0,2021-06-07 05:00:00,lunes,52,Sol,Seca y limpia,Montañoso,Media ladera Izquierda,Recta,Transito normal con precaución,11,52,0,0,0.0,Volcamiento,impericia en el manejo,6211_1_97,11.0,0.0
Casanare,2021-09-08 20:34:00,80,655.0,2021-06-16 05:00:00,miercoles,0,Seca,Seca y limpia,Montañoso,Media Ladera Derecha,Curva Izquierda,Transito normal con precaución,4,0,0,0,0.0,Volcamiento,fallas mecanicas y del sistema electrico,6211_1_80,4.0,0.0
Casanare,2021-09-08 20:41:00,45,735.0,2021-06-17 05:00:00,jueves,0,Seca,Seca y limpia,Montañoso,Media Ladera Derecha,Curva Derecha,Parcial con reducción de carriles,4,0,0,0,0.0,Volcamiento,maniobras imprudentes,6211_1_45,4.0,0.0
Casanare,2021-09-08 21:01:00,101,700.0,2021-06-19 05:00:00,sabado,47,Lluvia,Humeda,Montañoso,Media ladera Izquierda,Curva Derecha,Parcial con paso alternado,21,47,1,0,1.0,Choque,exceso de velocidad,6211_1_101,21.0,0.0
Risaralda,2021-09-08 21:14:00,8,950.0,2021-01-27 05:00:00,miercoles,30,Normal,Seca y limpia,Ondulado,Media ladera Izquierda,Curva Derecha,Transito normal con precaución,11,30,2,0,2.0,Volcamiento,exceso de velocidad,5003_0_8,11.0,0.0
Casanare,2021-09-08 21:11:00,60,530.0,2021-06-20 05:00:00,domingo,0,Lluvia,Humeda,Montañoso,Media Ladera Derecha,Curva Derecha,Cierre total,20,0,4,1,5.0,Choque,fallas mecanicas y del sistema electrico,6211_1_60,17.0,3.0
Casanare,2021-09-08 21:42:00,93,650.0,2021-06-24 05:00:00,jueves,10,Lluvia,Humeda,Montañoso,Media ladera Izquierda,Curva Izquierda,Cierre total,9,0,0,0,0.0,Choque,adelantamientos indebidos,6211_1_93,7.0,2.0
Casanare,2021-09-08 21:50:00,58,680.0,2021-06-25 05:00:00,viernes,0,Normal,Seca y limpia,Montañoso,Media Ladera Derecha,Curva Izquierda,Transito normal con precaución,4,0,4,0,4.0,Salida de la vía sin volcarse,fallas mecanicas y del sistema electrico,6211_1_58,4.0,0.0
Casanare,2021-09-08 22:00:00,97,100.0,2021-06-26 05:00:00,sabado,40,Normal,Seca y limpia,Montañoso,Media ladera Izquierda,Curva Derecha,Transito normal con precaución,11,40,0,0,0.0,Salida de la vía sin volcarse,impericia en el manejo,6211_1_97,11.0,0.0
Casanare,2021-09-08 22:06:00,82,600.0,2021-06-27 05:00:00,domingo,0,Normal,Seca y limpia,Montañoso,Media Ladera Derecha,Curva Izquierda,Cierre total,15,0,0,1,1.0,Choque,exceso de velocidad,6211_1_82,11.0,4.0
Casanare,2021-09-08 22:17:00,24,395.0,2021-06-28 05:00:00,lunes,0,Normal,Seca y limpia,Montañoso,Media ladera Izquierda,Curva Izquierda,Transito normal con precaución,13,0,0,0,0.0,Salida de la vía sin volcarse,exceso de velocidad,6211_1_24,13.0,0.0
Risaralda,2021-09-08 23:21:00,41,900.0,2021-02-14 05:00:00,domingo,10,Normal,Seca y limpia,Montañoso,Media ladera Izquierda,Curva Izquierda,Transito normal con precaución,7,10,0,0,1.0,Choque,otra - conductor en general,5003_0_41,7.0,0.0
Cauca,2021-09-09 13:59:00,24,300.0,2021-08-08 05:00:00,domingo,45,Sol,Seca y limpia,Montañoso,Media Ladera Derecha,Curva Derecha,Transito normal con precaución,9,0,0,0,1.0,Choque,embriaguez o sustancias alucinogenas,2602_0_24,5.0,4.0
Cauca,2021-09-09 14:31:00,25,450.0,2021-09-09 05:00:00,jueves,45,Normal,Seca y limpia,Montañoso,Media Ladera Derecha,Curva Izquierda,Transito normal con precaución,0,0,0,0,2.0,Volcamiento,fallas mecanicas y del sistema electrico,2602_0_25,3.0,21.0
Nariño,2021-09-09 15:08:00,76,600.0,2021-01-12 05:00:00,martes,0,Seca,Seca y limpia,Plano,Terraplen,Recta,Transito normal con precaución,0,10,0,0,0.0,Choque,fallas mecanicas y del sistema electrico,1001_0_76,12.0,12.0
Nariño,2021-09-09 15:48:00,36,700.0,2021-02-28 05:00:00,domingo,40,Seca,Seca y limpia,Plano,Terraplen,Recta,Transito normal con precaución,0,10,0,0,1.0,Choque,exceso de velocidad,1001_0_36,7.0,17.0
Nariño,2021-09-09 15:58:00,28,0.0,2021-03-05 05:00:00,viernes,0,Seca,Seca y limpia,Plano,Terraplen,Recta,Transito normal con precaución,0,11,0,0,1.0,Choque,estacionamiento y senalizacion imprudente,1001_0_28,6.0,18.0
Nariño,2021-09-09 16:01:00,12,790.0,2021-03-06 05:00:00,sabado,40,Lluvia,Seca y limpia,Plano,Terraplen,Recta,Transito normal con precaución,0,10,0,0,0.0,Choque,condiciones de la via y factores ambientales,1001_0_12,5.0,19.0
Nariño,2021-09-09 16:09:00,8,667.0,2021-03-18 05:00:00,jueves,10,Seca,Seca y limpia,Plano,Terraplen,Recta,Transito normal con precaución,0,15,0,1,1.0,Choque,exceso de velocidad,1001_0_8,21.0,3.0
Nariño,2021-09-09 15:31:00,7,449.0,2021-02-28 05:00:00,domingo,40,Seca,Seca y limpia,Plano,Terraplen,Recta,Transito normal con precaución,0,10,0,1,4.0,Choque,exceso de velocidad,1001_0_7,1.0,23.0
Nariño,2021-09-09 16:05:00,67,960.0,2021-03-07 05:00:00,domingo,0,Lluvia,Humeda,Plano,Terraplen,Recta,Transito normal con precaución,0,10,0,1,1.0,Choque,exceso de velocidad,1001_0_67,17.0,7.0
Nariño,2021-09-09 16:13:00,10,800.0,2021-03-19 05:00:00,viernes,30,Lluvia,Humeda,Plano,Terraplen,Recta,Transito normal con precaución,0,10,0,0,0.0,Choque,condiciones de la via y factores ambientales,1001_0_10,17.0,7.0
Nariño,2021-09-09 16:23:00,31,0.0,2021-03-19 05:00:00,viernes,38,Seca,Seca y limpia,Plano,Terraplen,Recta,Transito normal con precaución,0,10,0,1,1.0,Choque,exceso de velocidad,1001_0_31,12.0,12.0
Nariño,2021-09-09 20:20:00,3,50.0,2021-04-11 05:00:00,domingo,30,Seca,Seca y limpia,Plano,Terraplen,Recta,Transito normal con precaución,0,10,0,2,2.0,Atropello,exceso de velocidad,1001_0_3,3.0,21.0
Nariño,2021-09-09 20:56:00,10,525.0,2021-04-22 05:00:00,jueves,40,Seca,Seca y limpia,Plano,Terraplen,Recta,Transito normal con precaución,0,10,0,1,1.0,Choque,maniobras imprudentes,1001_0_10,18.0,6.0
Nariño,2021-09-09 21:48:00,14,600.0,2021-04-25 05:00:00,domingo,30,Seca,Seca y limpia,Plano,Terraplen,Recta,Transito normal con precaución,0,10,0,1,2.0,Choque,exceso de velocidad,1001_0_14,20.0,4.0