territorial,fecha_registro,pr,distancia_pr,fecha_acc,dia_semana_acc,min_acc,condic_meteor,estado_super,terreno,secc_tip,geometria_acc,tipo_cierre,horas_cierre,min_cierre,n_heridos,n_muertos,n_victimas,clase_accidente,causa_posible,ref_loc,hora_acc,duracion_cierre_horas
Nariño,2021-09-09 21:51:00,3,170.0,2021-04-25 05:00:00,domingo,0,Seca,Seca y limpia,Plano,Terraplen,Recta,Transito normal con precaución,0,10,0,0,3.0,Choque,exceso de velocidad,1001_0_3,19.0,5.0
Nariño,2021-09-09 21:58:00,37,430.0,2021-05-09 05:00:00,domingo,40,Seca,Seca y limpia,Plano,Terraplen,Recta,Transito normal con precaución,0,10,0,1,1.0,Choque,exceso de velocidad,1001_0_37,20.0,4.0
Nariño,2021-09-09 20:53:00,6,940.0,2021-04-05 05:00:00,lunes,30,Seca,Seca y limpia,Plano,Terraplen,Curva Derecha,Transito normal con precaución,0,10,0,1,2.0,Caída ocupante,exceso de velocidad,1001_0_6,3.0,21.0
Nariño,2021-09-09 21:54:00,7,910.0,2021-05-05 05:00:00,miercoles,50,Seca,Seca y limpia,Plano,Terraplen,Curva Izquierda,Transito normal con precaución,0,10,0,0,2.0,Choque,adelantamientos indebidos,1001_0_7,19.0,5.0
Nariño,2021-09-09 22:02:00,37,430.0,2021-05-10 05:00:00,lunes,10,Seca,Seca y limpia,Plano,Terraplen,Recta,Transito normal con precaución,0,10,0,1,1.0,Choque,exceso de velocidad,1001_0_37,0.0,0.0
Nariño,2021-09-10 15:08:00,62,0.0,2021-06-13 05:00:00,domingo,0,Seca,Seca y limpia,Plano,Terraplen,Recta,Transito normal con precaución,0,20,0,0,2.0,Atropello,exceso de velocidad,1001_0_62,18.0,6.0
Nariño,2021-09-10 15:20:00,63,0.0,2021-06-21 05:00:00,lunes,30,Lluvia,Humeda,Plano,Terraplen,Recta,Transito normal con precaución,0,10,0,0,1.0,Caída ocupante,condiciones de la via y factores ambientales,1001_0_63,5.0,19.0
Bolívar,2021-09-10 15:46:00,9,0.0,2021-07-04 05:00:00,domingo,5,Normal,Seca y limpia,Plano,Terraplen,Recta,Transito normal con precaución,0,0,0,0,0.0,Choque,condiciones de la via y factores ambientales,7803_0_9,20.0,4.0
Bolívar,2021-09-10 15:58:00,29,800.0,2021-07-28 05:00:00,miercoles,15,Normal,Seca y limpia,Plano,Terraplen,Recta,Transito normal con precaución,0,0,0,0,1.0,Choque,condiciones de la via y factores ambientales,7803_0_29,2.0,22.0
Nariño,2021-09-10 15:18:00,66,120.0,2021-06-21 05:00:00,lunes,0,Lluvia,Humeda,Plano,Terraplen,Recta,Transito normal con precaución,0,10,0,1,1.0,Choque,condiciones de la via y factores ambientales,1001_0_66,3.0,21.0
Bolívar,2021-09-10 15:51:00,1,600.0,2021-07-19 05:00:00,lunes,30,Normal,Seca y limpia,Plano,Terraplen,Recta,Transito normal con precaución,0,0,3,0,3.0,Choque,adelantamientos indebidos,7804_0_1,15.0,9.0
Bolívar,2021-09-10 15:58:00,6,0.0,2021-07-27 05:00:00,martes,30,Normal,Seca y limpia,Plano,Terraplen,Recta,Transito normal con precaución,0,0,0,1,1.0,Choque,otra - conductor en general,7803_0_6,15.0,9.0
Boyacá,2021-09-10 20:37:00,0,800.0,2021-08-02 05:00:00,lunes,40,Normal,Seca y limpia,Plano,Terraplen,Recta,Transito normal con precaución,0,0,1,0,1.0,Atropello,exceso de velocidad,45BY01_1_0,18.0,6.0
Santander,2021-09-14 14:24:00,20,650.0,2021-07-11 05:00:00,domingo,0,Seca,Seca y limpia,Montañoso,Media ladera Izquierda,Curva Derecha,Transito normal con precaución,18,0,0,1,1.0,Volcamiento,embriaguez o sustancias alucinogenas,6403_0_20,18.0,0.0
Boyacá,2021-09-14 21:32:00,0,75.0,2021-04-23 05:00:00,viernes,15,Seca,Seca y limpia,Plano,Terraplen,Recta,Parcial con reducción de carriles,1,15,1,0,1.0,Choque,impericia en el manejo,6404_0_0,8.0,17.0
Boyacá,2021-09-14 21:32:00,4,0.0,2021-04-24 05:00:00,sabado,15,Seca,Seca y limpia,Plano,Media ladera Izquierda,Curva Derecha,Transito normal con precaución,0,30,1,0,2.0,Choque,no mantener distancia de seguridad,6404_0_4,8.0,16.0
Boyacá,2021-09-14 21:32:00,33,150.0,2021-06-06 05:00:00,domingo,0,Seca,Seca y limpia,Ondulado,Media ladera Izquierda,Curva Izquierda,Cierre total,1,0,1,1,4.0,Choque,impericia en el manejo,6404_0_33,4.0,21.0
Boyacá,2021-09-14 21:32:00,27,19.0,2021-06-15 05:00:00,martes,0,Seca,Seca y limpia,Ondulado,Media Ladera Derecha,Curva Izquierda,Cierre total,1,0,0,0,5.0,Choque,exceso de velocidad,6404_0_27,13.0,12.0
Boyacá,2021-09-14 21:32:00,30,264.0,2021-06-24 05:00:00,jueves,40,Lluvia,Humeda,Ondulado,Media Ladera Derecha,Curva Derecha,Cierre total,2,30,3,0,8.0,Choque,otra - conductor en general,6404_0_30,16.0,10.0
Córdoba,2021-09-14 22:05:00,23,650.0,2021-06-28 05:00:00,lunes,0,Normal,Seca y limpia,Plano,Terraplen,Recta,Transito normal con precaución,0,40,2,0,2.0,Choque,adelantamientos indebidos,9003_0_23,6.0,18.0
Boyacá,2021-09-14 21:32:00,12,650.0,2021-07-07 05:00:00,miercoles,40,Seca,Seca y limpia,Ondulado,Media ladera Izquierda,Recta,Parcial con reducción de carriles,0,30,0,0,8.0,Salida de la vía sin volcarse,exceso de velocidad,6404_0_12,5.0,19.0
Boyacá,2021-09-14 21:32:00,12,670.0,2021-07-10 05:00:00,sabado,30,Seca,Seca y limpia,Ondulado,Media ladera Izquierda,Curva Derecha,Transito normal con precaución,0,30,0,0,8.0,Choque,no mantener distancia de seguridad,6404_0_12,8.0,16.0
Boyacá,2021-09-14 21:32:00,20,660.0,2021-07-12 05:00:00,lunes,30,Seca,Seca y limpia,Montañoso,Media Ladera Derecha,Curva Izquierda,Cierre total,1,0,0,0,8.0,Choque,impericia en el manejo,6404_0_20,12.0,13.0
Boyacá,2021-09-14 21:32:00,20,880.0,2021-07-21 05:00:00,miercoles,0,Seca,Seca y limpia,Montañoso,Media Ladera Derecha,Curva Derecha,Cierre total,3,0,0,0,9.0,Choque,exceso de velocidad,6404_0_20,11.0,16.0
Córdoba,2021-09-14 21:35:00,13,750.0,2021-06-25 05:00:00,viernes,50,Normal,Seca y limpia,Plano,Terraplen,Recta,Transito normal con precaución,0,25,1,0,2.0,Choque,maniobras imprudentes,7801_1_13,10.0,14.0
Córdoba,2021-09-14 21:46:00,36,873.0,2021-06-21 05:00:00,lunes,50,Normal,Seca y limpia,Ondulado,Terraplen,Recta,Transito normal con precaución,0,20,1,0,2.0,Choque,otra - conductor en general,7801_1_36,18.0,6.0
Boyacá,2021-09-14 21:32:00,86,900.0,2021-06-01 05:00:00,martes,0,Seca,Seca y limpia,Escarpado,Media ladera Izquierda,Curva Izquierda,Transito normal con precaución,0,0,0,0,2.0,Volcamiento,otra - conductor en general,6404_0_86,6.0,18.0
Córdoba,2021-09-14 21:58:00,8,600.0,2021-06-27 05:00:00,domingo,18,Normal,Seca y limpia,Plano,Terraplen,Recta,Transito normal con precaución,0,20,1,0,2.0,Choque,adelantamientos indebidos,7801_1_8,15.0,9.0
Boyacá,2021-09-14 21:32:00,31,200.0,2021-06-08 05:00:00,martes,0,Seca,Seca y limpia,Montañoso,Media Ladera Derecha,Curva Derecha,Parcial con reducción de carriles,1,0,1,0,5.0,Choque,adelantamientos indebidos,6404_0_31,14.0,11.0
Córdoba,2021-09-14 22:21:00,27,20.0,2021-06-24 05:00:00,jueves,55,Normal,Seca y limpia,Plano,Terraplen,Recta,Parcial con paso alternado,1,0,0,0,2.0,Choque,no mantener distancia de seguridad,9004_1_27,13.0,12.0
Boyacá,2021-09-14 21:32:00,23,670.0,2021-07-12 05:00:00,lunes,0,Seca,Seca y limpia,Montañoso,Media Ladera Derecha,Curva Derecha,Cierre total,3,0,1,0,9.0,Choque,exceso de velocidad,6404_0_23,13.0,14.0
Boyacá,2021-09-14 21:32:00,4,30.0,2021-07-29 05:00:00,jueves,0,Seca,Seca y limpia,Plano,Media ladera Izquierda,Curva Izquierda,Parcial con reducción de carriles,1,0,1,0,10.0,Choque,impericia en el manejo,6404_0_4,17.0,8.0
Planta Central,2021-09-15 21:37:00,15,280.0,2020-12-15 05:00:00,martes,0,Normal,Seca y limpia,Ondulado,Terraplen,Recta,Transito normal con precaución,0,0,0,0,0.0,Choque,no mantener distancia de seguridad,4001_1_15,16.0,8.0
Planta Central,2021-09-15 21:37:00,19,374.9,2020-12-25 05:00:00,viernes,15,Lluvia,Humeda,Ondulado,Media ladera Izquierda,Curva Derecha,Transito normal con precaución,0,0,1,0,1.0,Volcamiento,condiciones de la via y factores ambientales,4001_1_19,14.0,10.0
Planta Central,2021-09-15 21:37:00,19,374.9,2020-12-21 05:00:00,lunes,25,Lluvia,Humeda,Ondulado,Media ladera Izquierda,Curva Derecha,Transito normal con precaución,0,0,0,0,0.0,Salida de la vía sin volcarse,condiciones de la via y factores ambientales,4001_1_19,19.0,5.0
Casanare,2021-09-16 14:55:00,56,820.0,2021-08-08 05:00:00,domingo,10,Normal,Seca y limpia,Plano,Terraplen,Recta,Transito normal con precaución,3,10,1,0,0.0,Choque,impericia en el manejo,6515_1_56,3.0,0.0
Planta Central,2021-09-20 14:01:00,29,210.0,2021-08-05 05:00:00,jueves,44,Seca,Seca y limpia,Plano,Terraplen,Recta,Parcial con paso alternado,5,44,1,1,2.0,Choque,impericia en el manejo,45A04_1_29,5.0,0.0
Planta Central,2021-09-20 14:11:00,30,60.0,2021-08-23 05:00:00,lunes,43,Seca,Seca y limpia,Plano,Terraplen,Recta,Parcial con paso alternado,21,43,0,0,0.0,Choque,maniobras imprudentes,45A04_1_30,21.0,0.0
Planta Central,2021-09-20 14:42:00,31,340.0,2021-08-16 05:00:00,lunes,44,Seca,Seca y limpia,Plano,Terraplen,Recta,Parcial con paso alternado,21,44,1,0,1.0,Choque,exceso en horas de conduccion,45A04_1_31,21.0,0.0
Planta Central,2021-09-20 14:59:00,33,480.0,2021-08-06 05:00:00,viernes,58,Seca,Seca y limpia,Plano,Terraplen,Recta,Parcial con paso alternado,18,57,1,0,1.0,Choque,exceso de velocidad,45A04_2_33,18.0,0.0
Planta Central,2021-09-20 15:23:00,47,103.0,2021-08-05 05:00:00,jueves,15,Seca,Seca y limpia,Plano,Media ladera Izquierda,Curva Izquierda,Parcial con paso alternado,20,15,0,0,0.0,Choque,exceso en horas de conduccion,45A04_1_47,20.0,0.0
Planta Central,2021-09-20 15:34:00,51,90.0,2021-08-13 05:00:00,viernes,10,Seca,Seca y limpia,Montañoso,Terraplen,Curva Izquierda,Parcial con paso alternado,15,10,0,0,0.0,Choque,estacionamiento y senalizacion imprudente,45A04_1_51,15.0,0.0
Planta Central,2021-09-20 14:17:00,30,810.0,2021-08-03 05:00:00,martes,15,Seca,Seca y limpia,Plano,Terraplen,Recta,Parcial con paso alternado,2,15,1,0,1.0,Caída ocupante,impericia en el manejo,45A04_1_30,2.0,0.0
Planta Central,2021-09-20 14:38:00,31,310.0,2021-08-25 05:00:00,miercoles,12,Seca,Seca y limpia,Plano,Terraplen,Recta,Parcial con paso alternado,2,15,0,0,0.0,Choque,exceso en horas de conduccion,45A04_1_31,2.0,0.0
Planta Central,2021-09-20 14:47:00,31,807.0,2021-08-08 05:00:00,domingo,0,Seca,Seca y limpia,Plano,Media ladera Izquierda,Recta,Cierre total,10,0,1,1,3.0,Volcamiento,exceso de velocidad,45A04_1_31,10.0,0.0
Planta Central,2021-09-20 15:09:00,34,175.0,2021-08-10 05:00:00,martes,43,Seca,Seca y limpia,Plano,Terraplen,Recta,Parcial con paso alternado,10,48,0,0,0.0,Choque,desobediencia a normas y senales,45A04_2_34,10.0,0.0
Planta Central,2021-09-20 15:14:00,39,500.0,2021-08-14 05:00:00,sabado,16,Seca,Seca y limpia,Plano,Terraplen,Curva Izquierda,Parcial con paso alternado,21,16,0,0,0.0,Choque,exceso en horas de conduccion,45A04_2_39,21.0,0.0
Bolívar,2021-09-20 19:14:00,37,450.0,2021-08-04 05:00:00,miercoles,10,Normal,Seca y limpia,Plano,Terraplen,Recta,Transito normal con precaución,0,0,0,0,0.0,Choque,maniobras imprudentes,7803_0_37,18.0,6.0
Planta Central,2021-09-23 22:51:00,10,180.0,2021-08-01 05:00:00,domingo,0,Sol,Seca y limpia,Ondulado,Media ladera Izquierda,Curva Izquierda,Transito normal con precaución,1,0,0,0,0.0,Volcamiento,otra - conductor en general,45A05_1_10,14.0,11.0
Planta Central,2021-09-23 22:51:00,49,957.0,2021-08-02 05:00:00,lunes,30,Seca,Seca y limpia,Plano,Terraplen,Recta,Parcial con paso alternado,1,0,0,0,0.0,Choque,otra - conductor en general,45A05_2_49,5.0,20.0
Córdoba,2021-09-23 23:11:00,32,350.0,2021-08-04 05:00:00,miercoles,0,Normal,Seca y limpia,Plano,Terraplen,Recta,Transito normal con precaución,2,0,0,0,0.0,Choque,adelantamientos indebidos,2514_1_32,10.0,16.0
Córdoba,2021-09-23 23:18:00,41,130.0,2021-08-05 05:00:00,jueves,20,Normal,Seca y limpia,Plano,Terraplen,Recta,Transito normal con precaución,0,0,0,0,0.0,Choque,no mantener distancia de seguridad,7403_1_41,8.0,16.0
Córdoba,2021-09-23 23:22:00,44,50.0,2021-08-20 05:00:00,viernes,0,Normal,Seca y limpia,Plano,Terraplen,Recta,Transito normal con precaución,0,0,0,0,0.0,Choque,desobediencia a normas y senales,7403_1_44,7.0,17.0
Córdoba,2021-09-23 23:28:00,45,140.0,2021-08-02 05:00:00,lunes,40,Normal,Seca y limpia,Plano,Terraplen,Recta,Transito normal con precaución,0,0,0,0,0.0,Choque,desobediencia a normas y senales,7403_1_45,16.0,8.0
Planta Central,2021-09-23 22:51:00,69,270.0,2021-08-02 05:00:00,lunes,30,Seca,Seca y limpia,Ondulado,Media ladera Izquierda,Curva Izquierda,Parcial con paso alternado,2,0,0,0,0.0,Volcamiento,otra - conductor en general,45A05_1_69,0.0,2.0
Córdoba,2021-09-23 21:21:00,10,200.0,2021-08-13 05:00:00,viernes,0,Normal,Seca y limpia,Ondulado,Terraplen,Recta,Transito normal con precaución,2,0,1,0,1.0,Choque,maniobras imprudentes,2514_1_10,7.0,19.0
Córdoba,2021-09-23 23:16:00,40,300.0,2021-08-15 05:00:00,domingo,0,Normal,Seca y limpia,Plano,Terraplen,Recta,Transito normal con precaución,0,0,0,0,0.0,Choque,condiciones de la via y factores ambientales,7403_1_40,1.0,23.0
Córdoba,2021-09-23 23:25:00,45,60.0,2021-08-06 05:00:00,viernes,20,Normal,Seca y limpia,Plano,Terraplen,Recta,Transito normal con precaución,0,0,0,0,0.0,Choque,desobediencia a normas y senales,7403_1_45,16.0,8.0
Planta Central,2021-09-24 23:20:00,12,215.0,2021-08-02 05:00:00,lunes,15,Seca,Seca y limpia,Ondulado,Media ladera Izquierda,Recta,Parcial con paso alternado,2,0,0,0,0.0,Volcamiento,otra - conductor en general,45A05_1_12,11.0,15.0
Planta Central,2021-09-24 23:34:00,5,217.0,2021-08-02 05:00:00,lunes,0,Seca,Seca y limpia,Plano,Terraplen,Recta,Parcial con reducción de carriles,2,0,0,0,0.0,Volcamiento,otra - conductor en general,45A05_1_5,22.0,4.0
Planta Central,2021-09-24 23:34:00,74,780.0,2021-08-08 05:00:00,domingo,0,Seca,Seca y limpia,Plano,Terraplen,Recta,Transito normal con precaución,0,0,0,0,4.0,Volcamiento,exceso en horas de conduccion,45A05_1_74,1.0,23.0
Planta Central,2021-09-24 23:34:00,0,218.0,2021-08-11 05:00:00,miercoles,0,Sol,Seca y limpia,Plano,Terraplen,Recta,Parcial con paso alternado,1,0,1,0,5.0,Choque,otra - conductor en general,45A05_1_0,12.0,13.0
Planta Central,2021-09-24 23:34:00,66,670.0,2021-08-12 05:00:00,jueves,54,Lluvia,Humeda,Ondulado,Media ladera Izquierda,Recta,Parcial con paso alternado,1,0,0,0,6.0,Atropello,otra - conductor en general,45A05_1_66,19.0,6.0
Planta Central,2021-09-24 23:34:00,54,780.0,2021-08-14 05:00:00,sabado,20,Niebla,Seca y limpia,Ondulado,Terraplen,Recta,Parcial con reducción de carriles,2,0,0,0,8.0,Choque,maniobras imprudentes,45A05_1_54,7.0,19.0
Planta Central,2021-09-24 23:34:00,27,184.0,2021-08-15 05:00:00,domingo,20,Normal,Seca y limpia,Plano,Terraplen,Recta,Parcial con reducción de carriles,4,0,0,1,15.0,Choque,adelantamientos indebidos,45A05_1_27,4.0,0.0
Valle del Cauca,2021-11-02 20:57:00,22,370.0,2021-02-12 05:00:00,viernes,0,Lluvia,Humeda,Ondulado,Media ladera Izquierda,Recta,Parcial con reducción de carriles,18,50,0,0,0.0,Choque,condiciones de la via y factores ambientales,4001_2_22,12.0,6.0
Planta Central,2021-09-24 23:34:00,74,600.0,2021-08-23 05:00:00,lunes,30,Seca,Seca y limpia,Montañoso,Media ladera Izquierda,Recta,Parcial con reducción de carriles,3,0,1,0,22.0,Volcamiento,fallas mecanicas y del sistema electrico,45A05_1_74,13.0,14.0
Planta Central,2021-09-25 02:15:00,46,70.0,2021-09-28 05:00:00,martes,0,Lluvia,Humeda,Plano,Terraplen,Recta,Transito normal con precaución,0,0,0,0,0.0,Volcamiento,otra - conductor en general,45A05_1_46,1.0,23.0
Planta Central,2021-09-25 02:15:00,74,280.0,2021-09-28 05:00:00,martes,10,Seca,Seca y limpia,Montañoso,Media ladera Izquierda,Recta,Parcial con reducción de carriles,2,0,0,0,0.0,Volcamiento,otra - conductor en general,45A05_1_74,7.0,19.0
Planta Central,2021-09-25 02:15:00,47,230.0,2021-09-28 05:00:00,martes,40,Normal,Seca y limpia,Plano,Terraplen,Recta,Parcial con reducción de carriles,3,0,0,0,0.0,Choque,otra - conductor en general,45A05_1_47,16.0,11.0
Planta Central,2021-09-24 23:34:00,2,873.0,2021-08-03 05:00:00,martes,30,Seca,Seca y limpia,Plano,Terraplen,Recta,Transito normal con precaución,1,0,1,0,1.0,Choque,otra - conductor en general,45A05_1_2,16.0,9.0
Planta Central,2021-09-24 23:34:00,32,700.0,2021-08-06 05:00:00,viernes,0,Seca,Seca y limpia,Plano,Terraplen,Recta,Transito normal con precaución,0,0,3,0,4.0,Volcamiento,exceso de velocidad,45A05_1_32,6.0,18.0
Planta Central,2021-09-24 23:34:00,56,700.0,2021-08-13 05:00:00,viernes,0,Lluvia,Humeda,Ondulado,Media Ladera Derecha,Recta,Transito normal con precaución,0,0,1,0,7.0,Volcamiento,otra - conductor en general,45A05_1_56,15.0,9.0
Planta Central,2021-09-24 23:34:00,57,800.0,2021-08-14 05:00:00,sabado,45,Niebla,Seca y limpia,Ondulado,Media ladera Izquierda,Recta,Transito normal con precaución,0,0,0,0,7.0,Salida de la vía sin volcarse,otra - conductor en general,45A05_1_57,4.0,20.0
Planta Central,2021-09-24 23:34:00,0,745.0,2021-08-15 05:00:00,domingo,57,Normal,Seca y limpia,Plano,Terraplen,Recta,Parcial con reducción de carriles,3,0,0,4,13.0,Volcamiento,exceso de velocidad,45A05_1_0,3.0,0.0
Planta Central,2021-09-24 23:34:00,53,0.0,2021-08-15 05:00:00,domingo,25,Normal,Seca y limpia,Plano,Terraplen,Recta,Parcial con paso alternado,2,0,0,0,16.0,Choque,otra - conductor en general,45A05_1_53,16.0,10.0
Planta Central,2021-09-24 23:34:00,8,500.0,2021-08-18 05:00:00,miercoles,0,Seca,Seca y limpia,Plano,Cajón,Recta,Parcial con reducción de carriles,2,0,2,0,20.0,Choque,otra - conductor en general,45A05_1_8,4.0,22.0
Planta Central,2021-09-24 23:34:00,2,70.0,2021-08-19 05:00:00,jueves,30,Seca,Seca y limpia,Plano,Terraplen,Curva Izquierda,Parcial con paso alternado,1,0,1,0,21.0,Caída ocupante,otra - conductor en general,45ACNC_1_2,13.0,12.0
Planta Central,2021-09-25 02:15:00,60,300.0,2021-09-27 05:00:00,lunes,30,Seca,Seca y limpia,Ondulado,Terraplen,Recta,Parcial con reducción de carriles,3,0,0,0,0.0,Volcamiento,otra - conductor en general,45A05_1_60,23.0,4.0
Planta Central,2021-09-25 02:15:00,12,900.0,2021-09-29 05:00:00,miercoles,50,Seca,Seca y limpia,Ondulado,Terraplen,Recta,Parcial con reducción de carriles,1,0,0,0,0.0,Choque,otra - conductor en general,45A05_1_12,13.0,12.0
Cauca,2021-09-27 21:58:00,86,800.0,2021-09-19 05:00:00,domingo,0,Seca,Material suelto,Montañoso,Media Ladera Derecha,Recta,Parcial restringido a vehiculos pesados,1,0,0,0,0.0,Salida de la vía sin volcarse,fallas mecanicas y del sistema electrico,2602_0_86,19.0,6.0
Cauca,2021-09-27 22:08:00,26,550.0,2021-09-24 05:00:00,viernes,30,Sol,Seca y limpia,Montañoso,Media Ladera Derecha,Recta,Transito normal con precaución,0,0,0,0,0.0,Choque,fallas mecanicas y del sistema electrico,2602_0_26,14.0,10.0
Huila,2021-09-27 22:19:00,72,800.0,2021-07-11 05:00:00,domingo,30,Normal,Seca y limpia,Plano,Terraplen,Recta,Transito normal con precaución,0,0,0,0,0.0,Choque,no mantener distancia de seguridad,2402_1_72,16.0,8.0
Huila,2021-09-27 22:19:00,43,400.0,2021-07-18 05:00:00,domingo,30,Normal,Seca y limpia,Plano,Terraplen,Recta,Transito normal con precaución,0,0,0,1,3.0,Choque,impericia en el manejo,2402_1_43,19.0,5.0
Huila,2021-09-27 22:57:00,89,200.0,2021-07-04 05:00:00,domingo,20,Normal,Seca y limpia,Plano,Terraplen,Recta,Transito normal con precaución,0,0,0,0,0.0,Incendio,fallas mecanicas y del sistema electrico,2402_1_89,6.0,18.0
Huila,2021-09-27 22:38:00,58,400.0,2021-07-27 05:00:00,martes,0,Normal,Humeda,Plano,Terraplen,Recta,Transito normal con precaución,0,0,0,0,0.0,Choque,condiciones de la via y factores ambientales,2402_1_58,8.0,16.0
Huila,2021-09-27 23:00:00,86,0.0,2021-07-25 05:00:00,domingo,5,Normal,Seca y limpia,Escarpado,Cajón,Recta,Transito normal con precaución,0,0,0,0,1.0,Choque,exceso de velocidad,2402_1_86,8.0,16.0
Boyacá,2021-09-28 15:39:00,38,400.0,2021-08-04 05:00:00,miercoles,55,Normal,Seca y limpia,Ondulado,Terraplen,Recta,Parcial con paso alternado,0,40,1,0,1.0,Choque,otra - conductor en general,6008_0_38,18.0,6.0
Córdoba,2021-09-28 16:34:00,29,615.0,2021-07-01 05:00:00,jueves,21,Normal,Seca y limpia,Plano,Terraplen,Recta,Parcial con paso alternado,0,15,0,0,0.0,Choque,desobediencia a normas y senales,9004_1_29,16.0,8.0
Córdoba,2021-09-28 16:42:00,2,400.0,2021-07-05 05:00:00,lunes,40,Normal,Seca y limpia,Ondulado,Media Ladera Derecha,Recta,Parcial con paso alternado,0,40,0,0,3.0,Choque,impericia en el manejo,9004_1_2,18.0,6.0
Córdoba,2021-09-29 16:38:00,83,45.0,2021-07-10 05:00:00,sabado,30,Normal,Seca y limpia,Plano,Terraplen,Recta,Cierre total,5,10,0,1,1.0,Choque,desobediencia a normas y senales,9002_0_83,17.0,12.0
Córdoba,2021-09-29 16:45:00,10,20.0,2021-07-11 05:00:00,domingo,30,Normal,Seca y limpia,Plano,Terraplen,Recta,Cierre total,0,30,0,1,3.0,Choque,adelantamientos indebidos,2103_1_10,18.0,6.0
Planta Central,2021-09-29 17:02:00,40,356.0,2021-08-04 05:00:00,miercoles,0,Normal,Seca y limpia,Plano,Cajón,Recta,Cierre total,1,30,0,1,1.0,Choque,otra - conductor en general,45A08_1_40,22.0,3.0
Córdoba,2021-09-29 16:59:00,28,228.0,2021-07-22 05:00:00,jueves,20,Normal,Seca y limpia,Plano,Terraplen,Recta,Transito normal con precaución,0,5,0,0,1.0,Choque,no mantener distancia de seguridad,9004_1_28,7.0,17.0
Planta Central,2021-09-29 17:23:00,34,0.0,2021-08-11 05:00:00,miercoles,30,Normal,Seca y limpia,Montañoso,Media ladera Izquierda,Curva Izquierda,Transito normal con precaución,0,0,1,0,1.0,Volcamiento,otra - conductor en general,45A08_1_34,13.0,11.0
Planta Central,2021-09-29 17:25:00,57,0.0,2021-09-29 05:00:00,miercoles,0,Sol,Seca y limpia,Montañoso,Cajón,Curva Derecha,Parcial con paso alternado,1,30,0,0,0.0,Choque,maniobras imprudentes,45A08_1_57,9.0,16.0
Planta Central,2021-09-29 17:41:00,34,480.0,2021-08-17 05:00:00,martes,0,Lluvia,Humeda,Montañoso,Media ladera Izquierda,Curva Derecha,Parcial con paso alternado,1,0,0,0,0.0,Choque,maniobras imprudentes,45A08_1_34,1.0,0.0
Planta Central,2021-09-29 17:44:00,57,100.0,2021-08-20 05:00:00,viernes,35,Normal,Seca y limpia,Montañoso,Cajón,Recta,Parcial con paso alternado,0,25,1,0,1.0,Atropello,conducta de peatones,45A08_1_57,8.0,16.0
Planta Central,2021-09-29 17:53:00,79,375.0,2021-08-26 05:00:00,jueves,0,Lluvia,Humeda,Montañoso,Media ladera Izquierda,Curva Izquierda,Parcial con paso alternado,11,49,0,0,0.0,Volcamiento,maniobras imprudentes,45A08_1_79,6.0,5.0
Planta Central,2021-09-29 17:55:00,40,63.0,2021-08-28 05:00:00,sabado,54,Normal,Seca y limpia,Ondulado,Terraplen,Curva Izquierda,Parcial con paso alternado,0,32,0,0,0.0,Choque,maniobras imprudentes,45A08_1_40,3.0,21.0
Planta Central,2021-09-29 17:09:00,73,450.0,2021-08-07 05:00:00,sabado,0,Normal,Seca y limpia,Ondulado,Terraplen,Recta,Parcial con paso alternado,1,0,0,0,0.0,Choque,no mantener distancia de seguridad,45A08_1_73,10.0,15.0
Planta Central,2021-09-29 17:15:00,50,276.0,2021-08-08 05:00:00,domingo,50,Normal,Seca y limpia,Ondulado,Media ladera Izquierda,Curva Derecha,Cierre total,0,30,1,0,1.0,Choque,otra - conductor en general,45A08_1_50,18.0,6.0
Planta Central,2021-09-29 17:21:00,92,165.0,2021-08-11 05:00:00,miercoles,0,Viento,Seca y limpia,Plano,Terraplen,Recta,Cierre total,1,0,0,1,1.0,Choque,condiciones de la via y factores ambientales,45A08_1_92,6.0,19.0
Planta Central,2021-09-29 17:28:00,32,733.0,2021-08-13 05:00:00,viernes,0,Viento,Seca y limpia,Plano,Media Ladera Derecha,Curva Izquierda,Transito normal con precaución,0,0,0,0,0.0,Incendio,maniobras imprudentes,45A08_1_32,20.0,4.0
Planta Central,2021-09-29 17:31:00,80,58.0,2021-08-16 05:00:00,lunes,0,Normal,Seca y limpia,Montañoso,Media ladera Izquierda,Curva Izquierda,Parcial con paso alternado,1,0,0,0,0.0,Choque,maniobras imprudentes,45A08_1_80,16.0,9.0
Planta Central,2021-09-29 17:48:00,88,970.0,2021-08-21 05:00:00,sabado,20,Lluvia,Humeda,Plano,Terraplen,Recta,Cierre total,0,0,0,0,0.0,Volcamiento,maniobras imprudentes,45A08_1_88,6.0,18.0
Planta Central,2021-09-29 17:50:00,18,0.0,2021-08-22 05:00:00,domingo,0,Normal,Seca y limpia,Montañoso,Media ladera Izquierda,Recta,Cierre total,1,0,0,0,0.0,Choque,condiciones de la via y factores ambientales,45A08_1_18,10.0,15.0
Casanare,2021-09-29 19:33:00,5,800.0,2021-08-19 05:00:00,jueves,0,Sol,Material suelto,Plano,Terraplen,Recta,Transito normal con precaución,0,0,0,0,0.0,Salida de la vía sin volcarse,maniobras imprudentes,6605_0_5,0.0,0.0
Tolima,2021-09-29 20:25:00,15,500.0,2021-08-07 05:00:00,sabado,10,Normal,Seca y limpia,Plano,Cajón,Curva Izquierda,Transito normal con precaución,1,20,1,0,2.0,Choque,embriaguez o sustancias alucinogenas,3603_0_15,16.0,9.0
Ocaña,2021-09-29 21:53:00,49,82.0,2021-08-28 05:00:00,sabado,40,Normal,Seca y limpia,Plano,Terraplen,Recta,Transito normal con precaución,0,0,2,0,3.0,Choque,maniobras imprudentes,7007_1_49,22.0,2.0