territorial,fecha_registro,pr,distancia_pr,fecha_acc,dia_semana_acc,min_acc,condic_meteor,estado_super,terreno,secc_tip,geometria_acc,tipo_cierre,horas_cierre,min_cierre,n_heridos,n_muertos,n_victimas,clase_accidente,causa_posible,ref_loc,hora_acc,duracion_cierre_horas
Boyacá,2021-09-29 23:20:00,2,700.0,2021-09-12 05:00:00,domingo,30,Normal,Seca y limpia,Plano,Media ladera Izquierda,Recta,Transito normal con precaución,0,0,0,1,1.0,Choque,embriaguez o sustancias alucinogenas,6006_0_2,3.0,21.0
Tolima,2021-09-29 20:37:00,26,50.0,2021-08-08 05:00:00,domingo,0,Normal,Material suelto,Plano,Terraplen,Recta,Transito normal con precaución,0,30,2,0,2.0,Choque,condiciones de la via y factores ambientales,3603_0_26,21.0,3.0
Ocaña,2021-09-29 21:49:00,52,155.0,2021-08-25 05:00:00,miercoles,0,Sol,Seca y limpia,Ondulado,Media Ladera Derecha,Curva Derecha,Transito normal con precaución,0,0,0,0,0.0,Choque,otra - conductor en general,7007_1_52,11.0,13.0
Ocaña,2021-09-29 21:57:00,26,430.0,2021-08-29 05:00:00,domingo,0,Normal,Seca y limpia,Plano,Terraplen,Recta,Transito normal con precaución,0,0,1,0,1.0,Choque,embriaguez o sustancias alucinogenas,7008_1_26,17.0,7.0
Tolima,2021-09-29 22:49:00,26,800.0,2021-08-08 05:00:00,domingo,0,Normal,Seca y limpia,Plano,Cajón,Recta,Transito normal con precaución,0,0,2,0,2.0,Choque,embriaguez o sustancias alucinogenas,3603_0_26,0.0,0.0
Cundinamarca,2021-10-01 03:30:00,23,839.0,2021-06-12 05:00:00,sabado,20,Normal,Seca y limpia,Plano,Cajón,Recta,Parcial con reducción de carriles,18,20,0,1,1.0,Atropello,otra - conductor en general,5501_1_23,18.0,0.0
Boyacá,2021-10-06 20:43:00,50,140.0,2021-08-01 05:00:00,domingo,0,Seca,Seca y limpia,Ondulado,Media ladera Izquierda,Curva Derecha,Transito normal con precaución,20,0,0,0,0.0,Salida de la vía sin volcarse,otra - conductor en general,5503_1_50,20.0,0.0
Boyacá,2021-10-06 20:59:00,16,80.0,2021-08-03 05:00:00,martes,30,Lluvia,Humeda,Ondulado,Media Ladera Derecha,Curva Izquierda,Transito normal con precaución,3,30,0,0,0.0,Salida de la vía sin volcarse,condiciones de la via y factores ambientales,5503_1_16,3.0,0.0
Boyacá,2021-10-06 22:50:00,35,1020.0,2021-08-03 05:00:00,martes,30,Normal,Seca y limpia,Ondulado,Media ladera Izquierda,Curva Derecha,Transito normal con precaución,18,30,0,0,0.0,Choque,otra - conductor en general,5503_1_35,18.0,0.0
Boyacá,2021-10-06 22:50:00,120,200.0,2021-08-04 05:00:00,miercoles,30,Normal,Seca y limpia,Ondulado,Media Ladera Derecha,Curva Izquierda,Transito normal con precaución,1,30,1,0,1.0,Volcamiento,exceso en horas de conduccion,5503_1_120,1.0,0.0
Boyacá,2021-10-06 22:50:00,70,480.0,2021-08-05 05:00:00,jueves,0,Seca,Seca y limpia,Montañoso,Media Ladera Derecha,Curva Derecha,Transito normal con precaución,3,0,2,0,3.0,Volcamiento,exceso en horas de conduccion,5503_1_70,3.0,0.0
Boyacá,2021-10-07 14:57:00,31,890.0,2021-08-08 05:00:00,domingo,30,Lluvia,Humeda,Ondulado,Media Ladera Derecha,Curva Izquierda,Transito normal con precaución,8,30,1,0,1.0,Choque,condiciones de la via y factores ambientales,5503_1_31,8.0,0.0
Boyacá,2021-10-07 14:57:00,31,900.0,2021-08-14 05:00:00,sabado,0,Lluvia,Humeda,Ondulado,Media ladera Izquierda,Curva Izquierda,Transito normal con precaución,15,0,0,0,1.0,Choque,condiciones de la via y factores ambientales,5503_1_31,15.0,0.0
Boyacá,2021-10-07 14:57:00,32,850.0,2021-08-14 05:00:00,sabado,30,Lluvia,Humeda,Ondulado,Media Ladera Derecha,Curva Derecha,Transito normal con precaución,15,30,0,0,1.0,Choque,condiciones de la via y factores ambientales,5503_1_32,15.0,0.0
Casanare,2021-10-07 15:26:00,31,350.0,2021-07-04 05:00:00,domingo,55,Normal,Humeda,Montañoso,Media Ladera Derecha,Curva Izquierda,Parcial con paso alternado,12,0,0,0,0.0,Salida de la vía sin volcarse,impericia en el manejo,6211_1_31,7.0,5.0
Boyacá,2021-10-07 14:57:00,29,1080.0,2021-08-16 05:00:00,lunes,0,Lluvia,Humeda,Ondulado,Media Ladera Derecha,Curva Izquierda,Transito normal con precaución,18,0,0,0,1.0,Salida de la vía sin volcarse,condiciones de la via y factores ambientales,5503_1_29,18.0,0.0
Casanare,2021-10-07 15:36:00,56,920.0,2021-07-08 05:00:00,jueves,20,Lluvia,Humeda,Montañoso,Media Ladera Derecha,Curva Izquierda,Transito normal con precaución,18,0,1,0,1.0,Choque,exceso de velocidad,6211_1_56,15.0,3.0
Boyacá,2021-10-07 14:57:00,30,580.0,2021-08-31 05:00:00,martes,0,Lluvia,Humeda,Ondulado,Media Ladera Derecha,Curva Izquierda,Transito normal con precaución,14,0,1,0,2.0,Choque,condiciones de la via y factores ambientales,5503_1_30,14.0,0.0
Boyacá,2021-10-07 14:57:00,27,200.0,2021-08-31 05:00:00,martes,30,Lluvia,Humeda,Plano,Cajón,Recta,Transito normal con precaución,18,30,0,0,4.0,Choque,otra - conductor en general,5503_1_27,18.0,0.0
Casanare,2021-10-07 15:46:00,82,580.0,2021-07-13 05:00:00,martes,30,Normal,Seca y limpia,Montañoso,Media Ladera Derecha,Curva Izquierda,Cierre total,19,0,0,1,1.0,Atropello,exceso de velocidad,6211_1_82,15.0,4.0
Casanare,2021-10-07 15:56:00,108,640.0,2021-07-16 05:00:00,viernes,35,Normal,Seca y limpia,Plano,Terraplen,Recta,Transito normal con precaución,10,0,0,0,0.0,Salida de la vía sin volcarse,exceso de velocidad,6211_1_108,5.0,5.0
Boyacá,2021-10-07 14:57:00,10,240.0,2021-08-02 05:00:00,lunes,0,Sol,Seca y limpia,Montañoso,Media Ladera Derecha,Curva Izquierda,Transito normal con precaución,11,0,0,0,6.0,Choque,otra - conductor en general,6211_1_10,11.0,0.0
Casanare,2021-10-07 16:05:00,38,70.0,2021-07-19 05:00:00,lunes,0,Lluvia,Humeda,Montañoso,Media Ladera Derecha,Curva Derecha,Parcial con paso alternado,20,15,0,0,0.0,Choque,exceso de velocidad,6211_1_38,18.0,2.0
Casanare,2021-10-07 16:15:00,43,660.0,2021-07-21 05:00:00,miercoles,20,Lluvia,Humeda,Plano,Terraplen,Recta,Transito normal con precaución,23,0,0,0,0.0,Salida de la vía sin volcarse,exceso de velocidad,6211_1_43,19.0,4.0
Boyacá,2021-10-07 14:57:00,9,780.0,2021-08-14 05:00:00,sabado,0,Lluvia,Humeda,Montañoso,Media Ladera Derecha,Curva Derecha,Transito normal con precaución,15,0,0,0,6.0,Choque,condiciones de la via y factores ambientales,6211_1_9,15.0,0.0
Casanare,2021-10-07 16:45:00,112,50.0,2021-07-21 05:00:00,miercoles,20,Lluvia,Humeda,Montañoso,Media Ladera Derecha,Curva Derecha,Cierre total,16,30,1,1,2.0,Choque,exceso de velocidad,6211_1_112,14.0,2.0
Casanare,2021-10-07 16:57:00,30,520.0,2021-07-23 05:00:00,viernes,0,Normal,Seca y limpia,Montañoso,Media ladera Izquierda,Curva Izquierda,Parcial con paso alternado,20,0,1,0,1.0,Choque,desobediencia a normas y senales,6211_1_30,18.0,2.0
Casanare,2021-10-07 17:07:00,35,280.0,2021-07-31 05:00:00,sabado,30,Sol,Seca y limpia,Montañoso,Media Ladera Derecha,Curva Derecha,Transito normal con precaución,13,0,0,0,0.0,Salida de la vía sin volcarse,exceso en horas de conduccion,6211_1_35,11.0,2.0
Casanare,2021-10-07 14:59:00,86,500.0,2021-07-03 05:00:00,sabado,0,Normal,Humeda,Montañoso,Media Ladera Derecha,Curva Izquierda,Transito normal con precaución,10,0,0,0,0.0,Salida de la vía sin volcarse,impericia en el manejo,6211_1_86,4.0,6.0
Boyacá,2021-10-07 14:57:00,48,530.0,2021-08-13 05:00:00,viernes,0,Sol,Seca y limpia,Ondulado,Media ladera Izquierda,Curva Derecha,Transito normal con precaución,14,0,0,0,1.0,Choque,otra - conductor en general,5503_1_48,14.0,0.0
Boyacá,2021-10-07 14:57:00,29,360.0,2021-08-14 05:00:00,sabado,30,Lluvia,Humeda,Ondulado,Media Ladera Derecha,Curva Derecha,Transito normal con precaución,15,30,0,0,1.0,Salida de la vía sin volcarse,condiciones de la via y factores ambientales,5503_1_29,15.0,0.0
Casanare,2021-10-07 15:17:00,18,850.0,2021-07-03 05:00:00,sabado,30,Sol,Seca y limpia,Montañoso,Media ladera Izquierda,Curva Derecha,Transito normal con precaución,12,0,0,0,0.0,Volcamiento,exceso de velocidad,6211_1_18,9.0,3.0
Casanare,2021-10-07 15:31:00,108,840.0,2021-07-05 05:00:00,lunes,0,Lluvia,Humeda,Plano,Terraplen,Recta,Cierre total,7,15,0,1,1.0,Choque,exceso de velocidad,6211_1_108,5.0,2.0
Boyacá,2021-10-07 14:57:00,121,20.0,2021-08-19 05:00:00,jueves,15,Sol,Seca y limpia,Montañoso,Media ladera Izquierda,Curva Derecha,Transito normal con precaución,9,15,0,0,1.0,Volcamiento,exceso en horas de conduccion,5503_1_121,9.0,0.0
Boyacá,2021-10-07 14:57:00,114,270.0,2021-08-31 05:00:00,martes,40,Seca,Seca y limpia,Ondulado,Media ladera Izquierda,Curva Izquierda,Transito normal con precaución,16,40,2,0,4.0,Atropello,impericia en el manejo,5503_1_114,16.0,0.0
Casanare,2021-10-07 15:40:00,24,900.0,2021-07-11 05:00:00,domingo,30,Lluvia,Humeda,Montañoso,Media ladera Izquierda,Curva Izquierda,Parcial restringido a vehiculos pesados,11,0,0,0,0.0,Choque,adelantamientos indebidos,6211_1_24,8.0,3.0
Boyacá,2021-10-07 14:57:00,0,211.0,2021-08-29 05:00:00,domingo,0,Seca,Seca y limpia,Plano,Cajón,Curva Izquierda,Transito normal con precaución,3,0,1,1,6.0,Choque,otra - conductor en general,6211_1_0,3.0,0.0
Casanare,2021-10-07 16:00:00,33,280.0,2021-07-17 05:00:00,sabado,30,Lluvia,Humeda,Montañoso,Media Ladera Derecha,Curva Izquierda,Transito normal con precaución,18,0,0,0,0.0,Volcamiento,exceso de velocidad,6211_1_33,15.0,3.0
Boyacá,2021-10-07 14:57:00,8,50.0,2021-08-10 05:00:00,martes,30,Lluvia,Humeda,Montañoso,Media Ladera Derecha,Curva Derecha,Transito normal con precaución,6,30,0,0,6.0,Salida de la vía sin volcarse,condiciones de la via y factores ambientales,6211_1_8,6.0,0.0
Casanare,2021-10-07 16:10:00,40,0.0,2021-07-21 05:00:00,miercoles,30,Lluvia,Humeda,Montañoso,Media ladera Izquierda,Curva Izquierda,Parcial con paso alternado,15,30,0,0,0.0,Choque,adelantamientos indebidos,6211_1_40,11.0,4.0
Boyacá,2021-10-07 14:57:00,10,350.0,2021-08-13 05:00:00,viernes,0,Seca,Seca y limpia,Montañoso,Media Ladera Derecha,Curva Izquierda,Transito normal con precaución,3,0,0,0,6.0,Choque,exceso de velocidad,6211_1_10,3.0,0.0
Casanare,2021-10-07 16:52:00,24,240.0,2021-07-22 05:00:00,jueves,0,Lluvia,Humeda,Montañoso,Media ladera Izquierda,Curva Derecha,Parcial con paso alternado,13,30,0,0,0.0,Volcamiento,maniobras imprudentes,6211_1_24,5.0,8.0
Casanare,2021-10-07 17:02:00,56,620.0,2021-07-25 05:00:00,domingo,0,Lluvia,Humeda,Montañoso,Media Ladera Derecha,Curva Izquierda,Transito normal con precaución,18,0,0,0,0.0,Salida de la vía sin volcarse,fallas mecanicas y del sistema electrico,6211_1_56,16.0,2.0
Casanare,2021-10-07 18:25:00,39,350.0,2021-08-01 05:00:00,domingo,20,Normal,Seca y limpia,Montañoso,Media Ladera Derecha,Curva Derecha,Cierre total,10,30,0,0,0.0,Choque,exceso de velocidad,6211_1_39,9.0,1.0
Casanare,2021-10-07 19:04:00,36,80.0,2021-08-03 05:00:00,martes,30,Lluvia,Humeda,Montañoso,Media Ladera Derecha,Curva Derecha,Parcial con paso alternado,10,30,0,0,0.0,Volcamiento,exceso de velocidad,6211_1_36,9.0,1.0
Casanare,2021-10-07 19:14:00,94,320.0,2021-08-05 05:00:00,jueves,20,Lluvia,Humeda,Montañoso,Media Ladera Derecha,Curva Derecha,Cierre total,16,5,0,0,0.0,Choque,impericia en el manejo,6211_1_94,13.0,3.0
Casanare,2021-10-07 19:22:00,21,665.0,2021-08-06 05:00:00,viernes,20,Lluvia,Humeda,Montañoso,Media ladera Izquierda,Curva Derecha,Transito normal con precaución,10,0,0,0,0.0,Salida de la vía sin volcarse,exceso en horas de conduccion,6211_1_21,5.0,5.0
Casanare,2021-10-07 19:51:00,56,600.0,2021-08-10 05:00:00,martes,0,Niebla,Humeda,Montañoso,Media Ladera Derecha,Curva Derecha,Transito normal con precaución,11,0,0,0,0.0,Choque,adelantamientos indebidos,6211_1_56,8.0,3.0
Casanare,2021-10-07 19:54:00,62,700.0,2021-08-10 05:00:00,martes,0,Niebla,Humeda,Montañoso,Media Ladera Derecha,Curva Derecha,Parcial con paso alternado,14,0,0,0,0.0,Choque,adelantamientos indebidos,6211_1_62,11.0,3.0
Casanare,2021-10-07 19:59:00,58,976.0,2021-08-12 05:00:00,jueves,0,Lluvia,Humeda,Montañoso,Media Ladera Derecha,Curva Izquierda,Transito normal con precaución,15,0,0,0,0.0,Volcamiento,exceso en horas de conduccion,6211_1_58,7.0,8.0
Casanare,2021-10-07 20:08:00,82,110.0,2021-08-13 05:00:00,viernes,40,Lluvia,Humeda,Montañoso,Media Ladera Derecha,Curva Derecha,Cierre total,17,0,0,0,0.0,Choque,maniobras imprudentes,6211_1_82,15.0,2.0
Casanare,2021-10-07 20:23:00,41,300.0,2021-08-15 05:00:00,domingo,0,Normal,Seca y limpia,Plano,Terraplen,Recta,Cierre total,23,0,0,1,1.0,Atropello,exceso de velocidad,6211_1_41,19.0,4.0
Casanare,2021-10-07 20:52:00,78,810.0,2021-08-30 05:00:00,lunes,20,Lluvia,Lodo,Montañoso,Media Ladera Derecha,Curva Izquierda,Parcial con paso alternado,23,59,0,0,0.0,Choque,exceso de velocidad,6211_1_78,19.0,4.0
Casanare,2021-10-07 20:16:00,69,150.0,2021-08-14 05:00:00,sabado,30,Lluvia,Humeda,Montañoso,Media Ladera Derecha,Recta,Cierre total,17,0,0,1,2.0,Atropello,adelantamientos indebidos,6211_1_69,15.0,2.0
Casanare,2021-10-07 20:28:00,30,660.0,2021-08-17 05:00:00,martes,50,Sol,Seca y limpia,Montañoso,Media Ladera Derecha,Curva Derecha,Parcial restringido a vehiculos pesados,16,0,0,0,0.0,Volcamiento,maniobras imprudentes,6211_1_30,13.0,3.0
Casanare,2021-10-07 20:33:00,46,340.0,2021-08-19 05:00:00,jueves,10,Lluvia,Humeda,Montañoso,Media Ladera Derecha,Curva Derecha,Parcial con paso alternado,12,0,0,0,0.0,Volcamiento,maniobras imprudentes,6211_1_46,7.0,5.0
Casanare,2021-10-07 20:44:00,117,400.0,2021-08-21 05:00:00,sabado,0,Lluvia,Lodo,Montañoso,Media ladera Izquierda,Recta,Cierre total,23,59,0,0,0.0,Volcamiento,condiciones de la via y factores ambientales,6211_1_117,0.0,23.0
Planta Central,2021-10-11 16:44:00,84,390.0,2021-07-02 05:00:00,viernes,10,Normal,Seca y limpia,Plano,Terraplen,Curva Derecha,Cierre total,1,30,0,0,0.0,Volcamiento,otra - conductor en general,45A07_1_84,6.0,19.0
Planta Central,2021-10-11 16:53:00,15,680.0,2021-07-03 05:00:00,sabado,54,Normal,Seca y limpia,Ondulado,Media Ladera Derecha,Curva Izquierda,Parcial con paso alternado,2,0,1,0,1.0,Choque,adelantamientos indebidos,45A07_1_15,20.0,6.0
Planta Central,2021-10-11 17:01:00,10,672.0,2021-07-07 05:00:00,miercoles,0,Normal,Seca y limpia,Ondulado,Terraplen,Recta,Parcial con paso alternado,1,0,2,0,2.0,Choque,maniobras imprudentes,45A07_1_10,8.0,17.0
Planta Central,2021-10-11 17:06:00,1,370.0,2021-07-08 05:00:00,jueves,45,Normal,Seca y limpia,Montañoso,Media ladera Izquierda,Recta,Cierre total,3,0,0,1,1.0,Choque,adelantamientos indebidos,45A07_1_1,9.0,18.0
Planta Central,2021-10-11 16:49:00,3,720.0,2021-07-02 05:00:00,viernes,25,Normal,Seca y limpia,Montañoso,Media ladera Izquierda,Curva Izquierda,Parcial con paso alternado,1,20,2,0,2.0,Choque,impericia en el manejo,45A07_1_3,14.0,11.0
Planta Central,2021-10-11 16:56:00,82,420.0,2021-07-06 05:00:00,martes,10,Normal,Seca y limpia,Plano,Terraplen,Recta,Parcial con paso alternado,2,30,0,1,1.0,Choque,adelantamientos indebidos,45A07_1_82,16.0,10.0
Planta Central,2021-10-11 17:11:00,29,372.0,2021-07-09 05:00:00,viernes,0,Normal,Seca y limpia,Montañoso,Media ladera Izquierda,Curva Izquierda,Parcial con paso alternado,0,45,2,0,2.0,Choque,maniobras imprudentes,45A07_1_29,10.0,14.0
Planta Central,2021-10-11 17:19:00,10,720.0,2021-07-13 05:00:00,martes,0,Normal,Seca y limpia,Ondulado,Terraplen,Curva Derecha,Parcial con paso alternado,1,30,0,1,1.0,Choque,otra - conductor en general,45A07_1_10,10.0,15.0
Cauca,2021-10-12 22:11:00,69,750.0,2021-10-03 05:00:00,domingo,0,Sol,Material suelto,Montañoso,Media Ladera Derecha,Recta,Parcial con paso alternado,2,0,0,0,0.0,Volcamiento,fallas mecanicas y del sistema electrico,2602_0_69,10.0,16.0
Cauca,2021-10-12 22:14:00,0,500.0,2021-10-03 05:00:00,domingo,0,Seca,Material suelto,Montañoso,Media ladera Izquierda,Recta,Transito normal con precaución,0,0,1,0,1.0,Volcamiento,exceso de velocidad,26CC04_0_0,14.0,10.0
Meta,2021-10-21 20:03:00,24,1.0,2021-08-02 05:00:00,lunes,7,Normal,Seca y limpia,Plano,Terraplen,Curva Derecha,Transito normal con precaución,15,20,0,0,0.0,Volcamiento,fallas mecanicas y del sistema electrico,6508_1_24,15.0,0.0
Meta,2021-10-21 20:07:00,89,4.99,2021-08-15 05:00:00,domingo,30,Normal,Seca y limpia,Plano,Terraplen,Recta,Transito normal con precaución,2,50,0,2,2.0,Atropello,impericia en el manejo,6508_1_89,2.0,0.0
Meta,2021-10-21 20:15:00,79,2.0,2021-08-22 05:00:00,domingo,50,Normal,Seca y limpia,Plano,Terraplen,Recta,Transito normal con precaución,11,10,1,2,3.0,Choque,maniobras imprudentes,65A02_1_79,10.0,1.0
Planta Central,2021-10-25 15:03:00,19,370.0,2020-12-12 05:00:00,sabado,51,Normal,Seca y limpia,Ondulado,Media ladera Izquierda,Curva Derecha,Transito normal con precaución,0,0,0,0,0.0,Salida de la vía sin volcarse,fallas mecanicas y del sistema electrico,4001_1_19,17.0,7.0
Planta Central,2021-10-25 15:53:00,64,565.0,2020-12-28 05:00:00,lunes,5,Normal,Seca y limpia,Ondulado,Media ladera Izquierda,Recta,Parcial con paso alternado,1,30,0,0,0.0,Choque,no mantener distancia de seguridad,4001_1_64,14.0,11.0
Planta Central,2021-10-25 16:00:00,74,800.0,2020-12-06 05:00:00,domingo,49,Normal,Seca y limpia,Plano,Terraplen,Recta,Parcial con paso alternado,0,0,0,0,1.0,Choque,otra - conductor en general,4001_1_74,22.0,2.0
Planta Central,2021-10-25 16:00:00,76,300.0,2020-12-20 05:00:00,domingo,13,Normal,Seca y limpia,Ondulado,Media ladera Izquierda,Recta,Transito normal con precaución,0,0,0,0,0.0,Choque,otra - conductor en general,4001_1_76,19.0,5.0
Planta Central,2021-10-25 16:22:00,83,230.0,2020-12-19 05:00:00,sabado,8,Normal,Seca y limpia,Ondulado,Terraplen,Recta,Transito normal con precaución,0,0,0,1,1.0,Atropello,conducta de peatones,4001_1_83,8.0,16.0
Planta Central,2021-10-25 19:55:00,97,990.0,2020-12-26 05:00:00,sabado,10,Normal,Seca y limpia,Ondulado,Terraplen,Recta,Transito normal con precaución,0,0,0,0,4.0,Choque,adelantamientos indebidos,4001_2_97,16.0,8.0
Planta Central,2021-10-25 19:55:00,99,705.0,2020-12-30 05:00:00,miercoles,31,Normal,Seca y limpia,Ondulado,Terraplen,Recta,Transito normal con precaución,0,0,0,0,5.0,Choque,maniobras imprudentes,4001_2_99,16.0,8.0
Planta Central,2021-10-25 19:55:00,100,650.0,2020-12-25 05:00:00,viernes,45,Normal,Humeda,Ondulado,Terraplen,Curva Derecha,Transito normal con precaución,0,0,3,0,8.0,Otro,condiciones de la via y factores ambientales,4001_1_100,17.0,7.0
Planta Central,2021-10-26 15:52:00,102,180.0,2020-12-25 05:00:00,viernes,56,Lluvia,Humeda,Ondulado,Media ladera Izquierda,Curva Izquierda,Transito normal con precaución,0,0,1,0,2.0,Volcamiento,condiciones de la via y factores ambientales,4001_2_102,15.0,9.0
Casanare,2021-10-26 15:52:00,62,200.0,2021-09-03 05:00:00,viernes,0,Sol,Seca y limpia,Plano,Terraplen,Recta,Transito normal con precaución,0,0,0,1,1.0,Choque,impericia en el manejo,6605_0_62,15.0,9.0
Planta Central,2021-10-26 15:52:00,102,200.0,2020-12-24 05:00:00,jueves,25,Normal,Humeda,Ondulado,Media ladera Izquierda,Curva Izquierda,Transito normal con precaución,0,0,2,0,5.0,Salida de la vía sin volcarse,condiciones de la via y factores ambientales,4001_1_102,15.0,9.0
Cauca,2021-10-26 20:57:00,76,800.0,2021-10-17 05:00:00,domingo,30,Sol,Seca y limpia,Montañoso,Media Ladera Derecha,Recta,Transito normal con precaución,0,0,0,0,0.0,Salida de la vía sin volcarse,exceso de velocidad,2602_0_76,7.0,17.0
Planta Central,2021-10-26 21:08:00,117,750.0,2020-12-28 05:00:00,lunes,40,Normal,Seca y limpia,Plano,Terraplen,Recta,Transito normal con precaución,0,0,1,0,1.0,Choque,otra - conductor en general,4001_1_117,18.0,6.0
Planta Central,2021-10-26 21:33:00,2,140.0,2020-12-09 05:00:00,miercoles,15,Normal,Seca y limpia,Plano,Terraplen,Recta,Transito normal con precaución,0,0,1,0,1.0,Choque,otra - conductor en general,40VLA_1_2,8.0,16.0
Planta Central,2021-10-26 21:40:00,2,400.0,2020-12-01 05:00:00,martes,30,Normal,Seca y limpia,Ondulado,Terraplen,Curva Izquierda,Parcial con paso alternado,0,0,0,0,0.0,Choque,no mantener distancia de seguridad,40VLA_1_2,14.0,10.0
Planta Central,2021-10-26 19:03:00,103,240.0,2020-12-23 05:00:00,miercoles,0,Normal,Seca y limpia,Ondulado,Media ladera Izquierda,Recta,Transito normal con precaución,0,0,1,0,1.0,Volcamiento,fallas mecanicas y del sistema electrico,4001_1_103,19.0,5.0
Planta Central,2021-10-26 19:11:00,102,200.0,2020-12-19 05:00:00,sabado,58,Lluvia,Humeda,Ondulado,Media ladera Izquierda,Curva Izquierda,Transito normal con precaución,0,0,1,0,1.0,Volcamiento,condiciones de la via y factores ambientales,4001_2_102,16.0,8.0
Planta Central,2021-10-26 19:16:00,104,600.0,2020-12-20 05:00:00,domingo,55,Normal,Seca y limpia,Ondulado,Terraplen,Recta,Transito normal con precaución,0,0,1,0,1.0,Volcamiento,otra - conductor en general,4001_2_104,12.0,12.0
Planta Central,2021-10-26 19:26:00,102,200.0,2020-12-20 05:00:00,domingo,15,Normal,Seca y limpia,Ondulado,Media ladera Izquierda,Curva Izquierda,Transito normal con precaución,0,0,0,0,0.0,Choque,condiciones de la via y factores ambientales,4001_1_102,17.0,7.0
Planta Central,2021-10-26 19:39:00,109,300.0,2020-12-09 05:00:00,miercoles,25,Normal,Seca y limpia,Ondulado,Terraplen,Curva Izquierda,Transito normal con precaución,0,0,1,0,1.0,Volcamiento,otra - conductor en general,4001_2_109,19.0,5.0
Planta Central,2021-10-26 19:47:00,112,600.0,2020-12-16 05:00:00,miercoles,35,Normal,Seca y limpia,Plano,Media ladera Izquierda,Recta,Parcial con paso alternado,1,0,0,0,0.0,Choque,no mantener distancia de seguridad,4001_1_112,18.0,7.0
Planta Central,2021-10-26 20:35:00,113,700.0,2020-12-23 05:00:00,miercoles,37,Normal,Seca y limpia,Plano,Terraplen,Recta,Transito normal con precaución,0,0,1,0,1.0,Choque,adelantamientos indebidos,4001_1_113,7.0,17.0
Planta Central,2021-10-26 20:47:00,113,270.0,2020-12-12 05:00:00,sabado,55,Normal,Seca y limpia,Plano,Terraplen,Recta,Transito normal con precaución,7,55,1,0,1.0,Choque,no mantener distancia de seguridad,4001_1_113,19.0,12.0
Planta Central,2021-10-27 16:09:00,1,760.0,2021-09-10 05:00:00,viernes,40,Seca,Seca y limpia,Plano,Terraplen,Recta,Parcial restringido a vehiculos pesados,19,40,1,0,1.0,Choque,exceso en horas de conduccion,45ACND_0_1,19.0,0.0
Planta Central,2021-10-27 16:19:00,4,999.0,2021-09-23 05:00:00,jueves,25,Seca,Seca y limpia,Plano,Terraplen,Recta,Parcial con paso alternado,6,25,2,0,2.0,Choque,desobediencia a normas y senales,45ACNB_1_4,6.0,0.0
Ocaña,2021-10-27 16:23:00,49,639.0,2021-09-14 05:00:00,martes,30,Sol,Seca y limpia,Plano,Terraplen,Recta,Transito normal con precaución,0,0,1,0,1.0,Choque,no mantener distancia de seguridad,7007_1_49,12.0,12.0
Planta Central,2021-10-27 16:26:00,32,18.0,2021-09-16 05:00:00,jueves,0,Seca,Seca y limpia,Plano,Terraplen,Recta,Parcial con paso alternado,20,0,1,0,1.0,Choque,exceso de velocidad,45A04_1_32,20.0,0.0
Planta Central,2021-10-27 16:20:00,19,300.0,2021-09-04 05:00:00,sabado,50,Lluvia,Humeda,Plano,Terraplen,Recta,Transito normal con precaución,0,0,1,0,2.0,Salida de la vía sin volcarse,otra - conductor en general,45A05_1_19,16.0,8.0
Planta Central,2021-10-27 16:30:00,33,710.0,2021-09-18 05:00:00,sabado,15,Seca,Seca y limpia,Plano,Terraplen,Recta,Parcial con paso alternado,13,15,0,0,0.0,Volcamiento,fallas mecanicas y del sistema electrico,45A04_2_33,13.0,0.0
Planta Central,2021-10-27 16:33:00,36,115.0,2021-09-04 05:00:00,sabado,54,Seca,Seca y limpia,Plano,Terraplen,Recta,Parcial con paso alternado,7,54,0,0,0.0,Choque,exceso de velocidad,45A04_2_36,7.0,0.0
Ocaña,2021-10-27 16:34:00,47,688.0,2021-09-19 05:00:00,domingo,30,Sol,Seca y limpia,Plano,Terraplen,Recta,Transito normal con precaución,0,0,1,0,1.0,Choque,adelantamientos indebidos,7007_1_47,11.0,13.0
Planta Central,2021-10-27 16:36:00,39,600.0,2021-09-09 05:00:00,jueves,43,Seca,Seca y limpia,Plano,Terraplen,Curva Izquierda,Parcial restringido a vehiculos pesados,10,43,0,0,0.0,Choque,exceso de velocidad,45A04_1_39,10.0,0.0
Planta Central,2021-10-27 16:20:00,75,62.0,2021-09-11 05:00:00,sabado,12,Seca,Seca y limpia,Montañoso,Media ladera Izquierda,Recta,Transito normal con precaución,0,0,0,0,5.0,Salida de la vía sin volcarse,otra - conductor en general,45A05_1_75,4.0,20.0
Planta Central,2021-10-27 16:43:00,42,625.0,2021-09-18 05:00:00,sabado,50,Seca,Seca y limpia,Ondulado,Media ladera Izquierda,Recta,Parcial con paso alternado,5,50,1,0,1.0,Choque,exceso de velocidad,45A04_1_42,5.0,0.0