territorial,fecha_registro,pr,distancia_pr,fecha_acc,dia_semana_acc,min_acc,condic_meteor,estado_super,terreno,secc_tip,geometria_acc,tipo_cierre,horas_cierre,min_cierre,n_heridos,n_muertos,n_victimas,clase_accidente,causa_posible,ref_loc,hora_acc,duracion_cierre_horas
Planta Central,2021-10-27 16:45:00,62,300.0,2021-09-22 05:00:00,miercoles,0,Seca,Seca y limpia,Plano,Terraplen,Recta,Parcial con paso alternado,4,0,2,0,2.0,Choque,exceso de velocidad,45A04_1_62,4.0,0.0
Planta Central,2021-10-27 16:20:00,50,60.0,2021-09-14 05:00:00,martes,10,Seca,Seca y limpia,Plano,Terraplen,Recta,Parcial con paso alternado,1,0,0,0,7.0,Choque,otra - conductor en general,45A05_2_50,15.0,10.0
Tolima,2021-10-28 16:38:00,29,200.0,2021-09-04 05:00:00,sabado,0,Normal,Seca y limpia,Plano,Cajón,Recta,Transito normal con precaución,0,50,0,1,1.0,Choque,defectos fisicos y psiquicos,3603_0_29,8.0,16.0
Planta Central,2021-10-27 16:20:00,9,225.0,2021-09-15 05:00:00,miercoles,0,Sol,Seca y limpia,Plano,Terraplen,Recta,Parcial con reducción de carriles,2,0,0,0,7.0,Volcamiento,otra - conductor en general,45A05_1_9,12.0,14.0
Planta Central,2021-10-27 16:20:00,1,777.0,2021-09-20 05:00:00,lunes,30,Normal,Seca y limpia,Plano,Terraplen,Recta,Parcial con reducción de carriles,2,0,1,0,10.0,Choque,otra - conductor en general,45A05_1_1,5.0,21.0
Planta Central,2021-10-27 16:20:00,49,834.0,2021-09-22 05:00:00,miercoles,15,Sol,Seca y limpia,Plano,Terraplen,Recta,Parcial con paso alternado,1,0,0,0,13.0,Choque,otra - conductor en general,45A05_1_49,14.0,11.0
Córdoba,2021-10-27 21:22:00,29,310.0,2021-08-22 05:00:00,domingo,0,Normal,Humeda,Plano,Terraplen,Recta,Parcial con paso alternado,0,30,2,0,2.0,Choque,otra - conductor en general,9004_1_29,9.0,15.0
Nariño,2021-10-27 21:43:00,43,200.0,2021-07-31 05:00:00,sabado,30,Sol,Seca y limpia,Escarpado,Media Ladera Derecha,Curva Derecha,Transito normal con precaución,8,30,0,1,1.0,Atropello,condiciones de la via y factores ambientales,2502_1_43,8.0,0.0
Nariño,2021-10-27 21:55:00,25,50.0,2021-08-09 05:00:00,lunes,30,Sol,Seca y limpia,Montañoso,Media ladera Izquierda,Curva Derecha,Transito normal con precaución,18,30,0,0,0.0,Choque,adelantamientos indebidos,2502_1_25,18.0,0.0
Nariño,2021-10-27 22:09:00,70,170.0,2021-08-15 05:00:00,domingo,30,Normal,Seca y limpia,Montañoso,Media ladera Izquierda,Curva Derecha,Transito normal con precaución,23,30,0,1,2.0,Choque,otra - conductor en general,2502_1_70,23.0,0.0
Nariño,2021-10-27 22:39:00,7,350.0,2021-08-27 05:00:00,viernes,30,Normal,Seca y limpia,Montañoso,Media ladera Izquierda,Recta,Transito normal con precaución,6,30,0,0,0.0,Choque,impericia en el manejo,2502_1_7,6.0,0.0
Nariño,2021-10-27 22:46:00,17,0.0,2021-08-31 05:00:00,martes,20,Lluvia,Humeda,Montañoso,Media ladera Izquierda,Curva Izquierda,Transito normal con precaución,15,20,0,0,0.0,Choque,otra - conductor en general,2502_1_17,15.0,0.0
Planta Central,2021-10-27 23:53:00,45,542.0,2021-09-26 05:00:00,domingo,50,Sol,Seca y limpia,Plano,Terraplen,Recta,Parcial con reducción de carriles,1,0,2,0,2.0,Choque,no mantener distancia de seguridad,45A05_1_45,16.0,9.0
Planta Central,2021-10-27 23:53:00,49,895.0,2021-09-27 05:00:00,lunes,30,Sol,Seca y limpia,Plano,Terraplen,Recta,Parcial con paso alternado,1,0,1,0,3.0,Choque,otra - conductor en general,45A05_2_49,8.0,17.0
Planta Central,2021-10-27 16:14:00,4,375.0,2021-09-19 05:00:00,domingo,39,Seca,Seca y limpia,Plano,Terraplen,Recta,Parcial con paso alternado,19,39,1,1,2.0,Choque,exceso de velocidad,45ACNB_1_4,12.0,7.0
Boyacá,2021-11-02 15:47:00,10,350.0,2021-09-30 05:00:00,jueves,0,Normal,Seca y limpia,Montañoso,Media Ladera Derecha,Curva Derecha,Transito normal con precaución,23,0,0,0,4.0,Choque,exceso de velocidad,6211_1_10,23.0,0.0
Planta Central,2021-10-27 16:20:00,50,166.0,2021-09-01 05:00:00,miercoles,0,Seca,Seca y limpia,Plano,Terraplen,Curva Izquierda,Parcial con paso alternado,1,0,0,0,0.0,Choque,otra - conductor en general,45A05_2_50,15.0,10.0
Planta Central,2021-10-27 16:22:00,28,202.0,2021-09-09 05:00:00,jueves,54,Seca,Seca y limpia,Plano,Terraplen,Recta,Parcial con paso alternado,11,54,1,0,1.0,Choque,adelantamientos indebidos,45A04_1_28,11.0,0.0
Planta Central,2021-10-27 16:20:00,20,534.0,2021-09-02 05:00:00,jueves,30,Seca,Seca y limpia,Ondulado,Media ladera Izquierda,Curva Derecha,Transito normal con precaución,0,0,0,1,1.0,Otro,otra - conductor en general,45A05_1_20,22.0,2.0
Ocaña,2021-10-27 16:29:00,5,0.0,2021-09-15 05:00:00,miercoles,0,Sol,Seca y limpia,Ondulado,Media Ladera Derecha,Curva Izquierda,Transito normal con precaución,0,0,0,0,0.0,Choque,desobediencia a normas y senales,7008_1_5,11.0,13.0
Planta Central,2021-10-27 16:20:00,54,939.0,2021-09-05 05:00:00,domingo,10,Seca,Seca y limpia,Plano,Terraplen,Recta,Parcial con paso alternado,1,0,1,0,3.0,Choque,maniobras imprudentes,45A05_1_54,16.0,9.0
Planta Central,2021-10-27 16:20:00,76,450.0,2021-09-06 05:00:00,lunes,0,Lluvia,Humeda,Montañoso,Media ladera Izquierda,Recta,Parcial con paso alternado,2,0,0,0,3.0,Volcamiento,otra - conductor en general,45A05_1_76,13.0,13.0
Planta Central,2021-10-27 16:20:00,1,211.0,2021-09-09 05:00:00,jueves,0,Seca,Seca y limpia,Plano,Terraplen,Recta,Parcial con paso alternado,1,0,2,0,5.0,Choque,otra - conductor en general,45ACNC_1_1,10.0,15.0
Planta Central,2021-10-27 16:40:00,40,775.0,2021-09-14 05:00:00,martes,53,Seca,Seca y limpia,Plano,Terraplen,Recta,Parcial con paso alternado,13,53,1,0,1.0,Choque,exceso de velocidad,45A04_1_40,13.0,0.0
Planta Central,2021-10-27 16:20:00,13,600.0,2021-09-12 05:00:00,domingo,20,Seca,Seca y limpia,Montañoso,Media ladera Izquierda,Recta,Parcial con reducción de carriles,1,0,2,0,7.0,Choque,otra - conductor en general,45A05_1_13,19.0,6.0
Planta Central,2021-10-27 16:20:00,2,869.0,2021-09-16 05:00:00,jueves,10,Sol,Seca y limpia,Ondulado,Cajón,Recta,Transito normal con precaución,0,0,1,0,8.0,Caída ocupante,otra - conductor en general,45ABYB_0_2,13.0,11.0
Planta Central,2021-10-27 16:20:00,4,400.0,2021-09-19 05:00:00,domingo,0,Seca,Seca y limpia,Plano,Terraplen,Curva Izquierda,Parcial con paso alternado,0,0,0,0,9.0,Choque,otra - conductor en general,45A05_1_4,2.0,22.0
Planta Central,2021-10-27 16:20:00,73,65.0,2021-09-20 05:00:00,lunes,0,Normal,Humeda,Montañoso,Media ladera Izquierda,Recta,Transito normal con precaución,0,0,1,0,11.0,Atropello,otra - conductor en general,45A05_1_73,17.0,7.0
Planta Central,2021-10-27 16:20:00,2,425.0,2021-09-20 05:00:00,lunes,45,Normal,Seca y limpia,Plano,Terraplen,Curva Izquierda,Transito normal con precaución,0,0,2,0,13.0,Caída ocupante,otra - conductor en general,45ACNC_1_2,19.0,5.0
Planta Central,2021-10-27 16:20:00,75,170.0,2021-09-22 05:00:00,miercoles,20,Niebla,Humeda,Montañoso,Media ladera Izquierda,Recta,Transito normal con precaución,0,0,0,0,13.0,Salida de la vía sin volcarse,otra - conductor en general,45A05_1_75,15.0,9.0
Nariño,2021-10-27 21:50:00,16,440.0,2021-08-05 05:00:00,jueves,0,Sol,Seca y limpia,Montañoso,Media ladera Izquierda,Curva Izquierda,Transito normal con precaución,7,0,2,0,4.0,Choque,maniobras imprudentes,2502_1_16,7.0,0.0
Nariño,2021-10-27 22:00:00,19,500.0,2021-08-14 05:00:00,sabado,30,Lluvia,Humeda,Montañoso,Media ladera Izquierda,Curva Derecha,Transito normal con precaución,13,30,0,0,0.0,Volcamiento,condiciones de la via y factores ambientales,2502_1_19,13.0,0.0
Nariño,2021-10-27 22:06:00,30,200.0,2021-08-14 05:00:00,sabado,20,Niebla,Seca y limpia,Montañoso,Media ladera Izquierda,Recta,Transito normal con precaución,19,20,0,0,0.0,Choque,condiciones de la via y factores ambientales,2502_1_30,19.0,0.0
Nariño,2021-10-27 22:14:00,51,820.0,2021-08-19 05:00:00,jueves,30,Normal,Seca y limpia,Escarpado,Cajón,Curva Izquierda,Transito normal con precaución,21,30,0,1,3.0,Choque,otra - conductor en general,2502_1_51,21.0,0.0
Nariño,2021-10-27 22:34:00,70,100.0,2021-08-22 05:00:00,domingo,30,Normal,Seca y limpia,Montañoso,Media ladera Izquierda,Curva Derecha,Transito normal con precaución,16,30,1,0,1.0,Choque,otra - pasajero o acompanante,2502_1_70,16.0,0.0
Nariño,2021-10-27 22:43:00,10,600.0,2021-08-27 05:00:00,viernes,30,Lluvia,Humeda,Montañoso,Media ladera Izquierda,Recta,Transito normal con precaución,6,30,0,0,0.0,Choque,no mantener distancia de seguridad,2502_1_10,6.0,0.0
Córdoba,2021-10-27 23:02:00,7,572.0,2021-08-26 05:00:00,jueves,40,Normal,Seca y limpia,Plano,Terraplen,Recta,Parcial con paso alternado,0,32,0,0,0.0,Choque,no mantener distancia de seguridad,2103_1_7,14.0,10.0
Planta Central,2021-10-27 23:53:00,3,750.0,2021-09-22 05:00:00,miercoles,0,Seca,Seca y limpia,Ondulado,Cajón,Recta,Parcial con reducción de carriles,1,0,0,0,0.0,Choque,otra - conductor en general,45ABYB_0_3,15.0,10.0
Planta Central,2021-10-27 23:53:00,14,950.0,2021-09-24 05:00:00,viernes,10,Seca,Seca y limpia,Montañoso,Media ladera Izquierda,Recta,Parcial con reducción de carriles,2,0,0,0,0.0,Choque,no mantener distancia de seguridad,45A05_1_14,16.0,10.0
Planta Central,2021-10-27 23:53:00,89,300.0,2021-09-29 05:00:00,miercoles,30,Lluvia,Humeda,Montañoso,Media Ladera Derecha,Curva Izquierda,Transito normal con precaución,0,0,0,0,3.0,Volcamiento,otra - conductor en general,45A05_1_89,17.0,7.0
Valle del Cauca,2021-11-02 20:53:00,20,580.0,2021-02-02 05:00:00,martes,15,Lluvia,Humeda,Ondulado,Media Ladera Derecha,Recta,Parcial con reducción de carriles,16,33,0,0,0.0,Choque,condiciones de la via y factores ambientales,4001_2_20,15.0,1.0
Boyacá,2021-10-28 17:07:00,57,417.0,2021-09-06 05:00:00,lunes,50,Normal,Seca y limpia,Ondulado,Terraplen,Recta,Transito normal con precaución,21,50,2,0,2.0,Choque,no mantener distancia de seguridad,6008_0_57,21.0,0.0
Boyacá,2021-10-28 17:20:00,62,0.0,2021-09-18 05:00:00,sabado,5,Normal,Seca y limpia,Montañoso,Media Ladera Derecha,Recta,Transito normal con precaución,0,5,1,0,1.0,Choque,impericia en el manejo,6008_0_62,0.0,0.0
Meta,2021-10-28 21:41:00,2,50.0,2021-09-25 05:00:00,sabado,35,Seca,Seca y limpia,Plano,Terraplen,Recta,Parcial con paso alternado,0,20,1,2,3.0,Choque,embriaguez o sustancias alucinogenas,6507_0_2,20.0,4.0
Meta,2021-10-28 21:47:00,68,900.0,2021-09-17 05:00:00,viernes,30,Normal,Seca y limpia,Plano,Terraplen,Recta,Transito normal con precaución,0,30,2,0,4.0,Volcamiento,condiciones de la via y factores ambientales,6507_0_68,1.0,23.0
Meta,2021-10-28 21:54:00,0,600.0,2021-09-21 05:00:00,martes,10,Lluvia,Humeda,Plano,Terraplen,Recta,Parcial con paso alternado,0,20,1,0,1.0,Atropello,adelantamientos indebidos,6507_0_0,15.0,9.0
Cundinamarca,2021-11-01 01:52:00,23,819.0,2021-06-12 05:00:00,sabado,20,Sol,Seca y limpia,Plano,Terraplen,Recta,Parcial con reducción de carriles,18,20,0,1,1.0,Atropello,conducta de peatones,5501_1_23,18.0,0.0
Cundinamarca,2021-11-01 02:08:00,24,694.0,2021-06-16 05:00:00,miercoles,0,Normal,Seca y limpia,Plano,Terraplen,Recta,Parcial con reducción de carriles,0,0,1,0,1.0,Choque,fallas mecanicas y del sistema electrico,5501_1_24,0.0,0.0
Cundinamarca,2021-11-01 02:28:00,22,0.0,2021-08-14 05:00:00,sabado,50,Normal,Humeda,Plano,Terraplen,Recta,Parcial con reducción de carriles,22,50,1,1,2.0,Atropello,conducta de peatones,5501_1_22,22.0,0.0
Cundinamarca,2021-11-01 02:13:00,25,59.0,2021-06-20 05:00:00,domingo,0,Normal,Seca y limpia,Plano,Terraplen,Recta,Parcial con reducción de carriles,0,0,1,0,1.0,Choque,otra - conductor en general,5501_1_25,0.0,0.0
Cundinamarca,2021-11-01 02:18:00,22,0.0,2021-08-14 05:00:00,sabado,50,Normal,Humeda,Plano,Terraplen,Recta,Parcial con reducción de carriles,22,50,1,1,2.0,Atropello,conducta de peatones,5501_1_22,22.0,0.0
Cundinamarca,2021-11-01 02:26:00,22,0.0,2021-08-14 05:00:00,sabado,50,Normal,Humeda,Plano,Terraplen,Recta,Parcial con reducción de carriles,22,50,1,1,2.0,Atropello,conducta de peatones,5501_1_22,22.0,0.0
Cundinamarca,2021-11-01 02:30:00,12,200.0,2021-08-02 05:00:00,lunes,30,Normal,Seca y limpia,Plano,Terraplen,Recta,Transito normal con precaución,5,30,1,0,1.0,Choque,conducta de peatones,50CN03_0_12,5.0,0.0
Cundinamarca,2021-11-01 02:35:00,22,0.0,2021-08-14 05:00:00,sabado,50,Normal,Humeda,Plano,Terraplen,Recta,Parcial con reducción de carriles,22,50,1,1,2.0,Atropello,conducta de peatones,5501_1_22,22.0,0.0
Bolívar,2021-11-02 13:20:00,1,571.0,2021-09-12 05:00:00,domingo,50,Lluvia,Humeda,Plano,Terraplen,Curva Izquierda,Transito normal con precaución,0,0,0,2,2.0,Choque,impericia en el manejo,78BL02_0_1,1.0,23.0
Bolívar,2021-11-02 15:29:00,4,500.0,2021-09-17 05:00:00,viernes,30,Normal,Seca y limpia,Plano,Terraplen,Recta,Transito normal con precaución,0,0,0,0,0.0,Choque,estacionamiento y senalizacion imprudente,7803_0_4,6.0,18.0
Bolívar,2021-11-02 15:42:00,21,800.0,2021-09-26 05:00:00,domingo,30,Normal,Seca y limpia,Plano,Terraplen,Recta,Transito normal con precaución,0,0,0,1,1.0,Choque,condiciones de la via y factores ambientales,7803_0_21,11.0,13.0
Boyacá,2021-11-02 15:47:00,85,920.0,2021-09-05 05:00:00,domingo,30,Seca,Seca y limpia,Ondulado,Media ladera Izquierda,Curva Izquierda,Transito normal con precaución,7,30,0,0,0.0,Choque,otra - conductor en general,5503_1_85,7.0,0.0
Boyacá,2021-11-02 15:47:00,49,150.0,2021-09-05 05:00:00,domingo,0,Sol,Seca y limpia,Ondulado,Media ladera Izquierda,Curva Izquierda,Transito normal con precaución,12,0,0,0,0.0,Volcamiento,exceso de velocidad,5503_1_49,12.0,0.0
Boyacá,2021-11-02 15:47:00,17,820.0,2021-09-06 05:00:00,lunes,0,Sol,Seca y limpia,Ondulado,Media ladera Izquierda,Curva Izquierda,Transito normal con precaución,12,0,1,0,1.0,Salida de la vía sin volcarse,otra - conductor en general,5503_1_17,12.0,0.0
Boyacá,2021-11-02 15:47:00,15,980.0,2021-09-13 05:00:00,lunes,30,Lluvia,Humeda,Ondulado,Media Ladera Derecha,Curva Izquierda,Transito normal con precaución,20,30,0,0,1.0,Salida de la vía sin volcarse,condiciones de la via y factores ambientales,5503_1_15,20.0,0.0
Boyacá,2021-11-02 15:47:00,14,700.0,2021-09-17 05:00:00,viernes,30,Lluvia,Humeda,Montañoso,Media Ladera Derecha,Curva Izquierda,Transito normal con precaución,15,30,0,0,1.0,Choque,condiciones de la via y factores ambientales,6211_1_14,15.0,0.0
Boyacá,2021-11-02 15:47:00,2,427.0,2021-09-21 05:00:00,martes,45,Normal,Seca y limpia,Escarpado,Media Ladera Derecha,Curva Derecha,Transito normal con precaución,19,45,0,1,2.0,Choque,exceso de velocidad,6211_1_2,19.0,0.0
Boyacá,2021-11-02 15:47:00,107,760.0,2021-09-22 05:00:00,miercoles,30,Normal,Seca y limpia,Ondulado,Media ladera Izquierda,Recta,Transito normal con precaución,3,30,0,0,2.0,Choque,exceso en horas de conduccion,5503_1_107,3.0,0.0
Boyacá,2021-11-02 15:47:00,0,760.0,2021-09-25 05:00:00,sabado,30,Sol,Seca y limpia,Plano,Terraplen,Recta,Transito normal con precaución,15,30,0,0,2.0,Choque,otra - conductor en general,6211_1_0,16.0,23.0
Boyacá,2021-11-02 15:47:00,65,790.0,2021-09-25 05:00:00,sabado,0,Sol,Seca y limpia,Plano,Media Ladera Derecha,Curva Derecha,Transito normal con precaución,18,0,0,0,2.0,Choque,embriaguez o sustancias alucinogenas,5503_1_65,16.0,2.0
Boyacá,2021-11-02 15:47:00,2,220.0,2021-09-28 05:00:00,martes,0,Normal,Seca y limpia,Ondulado,Media Ladera Derecha,Curva Derecha,Transito normal con precaución,19,0,1,0,3.0,Choque,exceso de velocidad,6211_1_2,19.0,0.0
Boyacá,2021-11-02 15:47:00,122,830.0,2021-09-29 05:00:00,miercoles,30,Normal,Seca y limpia,Montañoso,Media ladera Izquierda,Curva Derecha,Transito normal con precaución,22,30,0,1,4.0,Atropello,otra - conductor en general,5503_1_122,22.0,0.0
Valle del Cauca,2021-11-02 21:05:00,24,163.0,2021-02-12 05:00:00,viernes,22,Lluvia,Humeda,Plano,Terraplen,Curva Derecha,Parcial con reducción de carriles,19,40,0,0,0.0,Choque,exceso de velocidad,4001_2_24,16.0,3.0
Valle del Cauca,2021-11-02 21:33:00,28,48.0,2021-02-01 05:00:00,lunes,46,Lluvia,Seca y limpia,Ondulado,Media Ladera Derecha,Recta,Parcial con reducción de carriles,19,36,4,0,4.0,Volcamiento,otra - pasajero o acompanante,4001_1_28,8.0,11.0
Meta,2021-11-03 14:30:00,93,600.01,2021-11-03 05:00:00,miercoles,30,Normal,Seca y limpia,Plano,Terraplen,Recta,Transito normal con precaución,19,50,1,0,1.0,Choque,adelantamientos indebidos,6508_1_93,19.0,0.0
Planta Central,2021-11-04 22:16:00,56,510.0,2021-09-04 05:00:00,sabado,0,Normal,Seca y limpia,Montañoso,Media Ladera Derecha,Curva Derecha,Parcial con paso alternado,3,44,0,0,3.0,Choque,otra - conductor en general,45A08_1_56,3.0,0.0
Planta Central,2021-11-05 17:11:00,67,900.0,2021-09-05 05:00:00,domingo,20,Lluvia,Humeda,Montañoso,Media Ladera Derecha,Curva Izquierda,Transito normal con precaución,0,0,0,0,0.0,Choque,maniobras imprudentes,45A08_1_67,3.0,21.0
Planta Central,2021-11-05 14:15:00,12,270.0,2021-08-01 05:00:00,domingo,15,Normal,Otra,Ondulado,Terraplen,Recta,Parcial con paso alternado,1,0,0,0,0.0,Choque,adelantamientos indebidos,45A06_0_12,7.0,18.0
Planta Central,2021-11-05 17:20:00,32,208.0,2021-09-06 05:00:00,lunes,30,Lluvia,Humeda,Ondulado,Media Ladera Derecha,Recta,Parcial con paso alternado,0,25,1,0,1.0,Choque,exceso de velocidad,45A08_1_32,12.0,12.0
Planta Central,2021-11-05 17:37:00,58,204.0,2021-09-11 05:00:00,sabado,0,Lluvia,Humeda,Montañoso,Media Ladera Derecha,Curva Derecha,Transito normal con precaución,0,0,1,0,1.0,Volcamiento,condiciones de la via y factores ambientales,45A08_1_58,18.0,6.0
Planta Central,2021-11-05 18:17:00,27,150.0,2021-09-15 05:00:00,miercoles,20,Normal,Seca y limpia,Montañoso,Media Ladera Derecha,Curva Izquierda,Cierre total,1,0,0,0,1.0,Choque,adelantamientos indebidos,45A08_1_27,10.0,15.0
Planta Central,2021-11-05 18:25:00,57,813.0,2021-09-17 05:00:00,viernes,30,Normal,Seca y limpia,Montañoso,Media Ladera Derecha,Recta,Cierre total,1,49,0,0,0.0,Volcamiento,exceso de velocidad,45A08_1_57,5.0,20.0
Planta Central,2021-11-05 18:35:00,34,640.0,2021-09-19 05:00:00,domingo,30,Lluvia,Humeda,Montañoso,Media Ladera Derecha,Curva Izquierda,Transito normal con precaución,0,0,0,0,0.0,Volcamiento,embriaguez o sustancias alucinogenas,45A08_1_34,22.0,2.0
Planta Central,2021-11-05 18:47:00,14,40.0,2021-08-01 05:00:00,domingo,40,Seca,Seca y limpia,Ondulado,Terraplen,Curva Derecha,Parcial con paso alternado,4,0,1,1,2.0,Atropello,embriaguez o sustancias alucinogenas,45A06_0_14,14.0,14.0
Quindío,2021-11-05 19:08:00,0,300.0,2021-09-03 05:00:00,viernes,15,Normal,Seca y limpia,Plano,Terraplen,Recta,Parcial con paso alternado,7,20,0,0,0.0,Choque,no mantener distancia de seguridad,2901B_1_0,7.0,0.0
Planta Central,2021-11-05 17:30:00,7,466.0,2021-07-17 05:00:00,sabado,30,Normal,Seca y limpia,Montañoso,Media ladera Izquierda,Curva Derecha,Parcial con paso alternado,1,0,0,0,0.0,Volcamiento,exceso de velocidad,45A07_1_7,15.0,10.0
Quindío,2021-11-05 19:15:00,19,0.0,2021-09-06 05:00:00,lunes,30,Normal,Seca y limpia,Plano,Terraplen,Recta,Transito normal con precaución,0,0,0,1,1.0,Choque,impericia en el manejo,25VL07_1_19,16.0,8.0
Quindío,2021-11-05 19:33:00,14,30.0,2021-09-15 05:00:00,miercoles,0,Niebla,Seca y limpia,Plano,Media ladera Izquierda,Curva Derecha,Transito normal con precaución,0,0,1,0,1.0,Volcamiento,fallas mecanicas y del sistema electrico,2901B_1_14,4.0,20.0
Quindío,2021-11-05 19:43:00,49,928.0,2021-09-18 05:00:00,sabado,40,Normal,Seca y limpia,Plano,Terraplen,Recta,Transito normal con precaución,0,0,0,0,0.0,Choque,otra - conductor en general,4002_1_49,8.0,16.0
Quindío,2021-11-05 19:53:00,1,300.0,2021-09-25 05:00:00,sabado,0,Normal,Seca y limpia,Plano,Terraplen,Curva Derecha,Transito normal con precaución,0,0,3,0,3.0,Choque,otra - conductor en general,2901B_1_1,23.0,1.0
Planta Central,2021-11-05 18:50:00,124,260.0,2021-08-01 05:00:00,domingo,20,Lluvia,Humeda,Plano,Terraplen,Recta,Parcial con paso alternado,2,0,1,0,1.0,Choque,otra - conductor en general,45A06_0_124,15.0,11.0
Planta Central,2021-11-05 21:53:00,66,280.0,2021-08-05 05:00:00,jueves,45,Seca,Seca y limpia,Ondulado,Terraplen,Recta,Parcial con paso alternado,2,0,1,0,1.0,Choque,maniobras imprudentes,45A06_0_66,10.0,16.0
Planta Central,2021-11-05 17:24:00,76,260.0,2021-09-08 05:00:00,miercoles,30,Lluvia,Humeda,Ondulado,Media ladera Izquierda,Curva Derecha,Transito normal con precaución,0,0,0,0,0.0,Volcamiento,condiciones de la via y factores ambientales,45A08_1_76,21.0,3.0
Planta Central,2021-11-05 17:22:00,24,900.0,2021-07-17 05:00:00,sabado,30,Normal,Seca y limpia,Ondulado,Media Ladera Derecha,Curva Izquierda,Cierre total,2,0,0,1,1.0,Choque,adelantamientos indebidos,45A07_1_24,15.0,11.0
Planta Central,2021-11-05 17:27:00,56,346.0,2021-09-09 05:00:00,jueves,50,Normal,Seca y limpia,Montañoso,Media Ladera Derecha,Recta,Parcial con paso alternado,1,0,1,0,1.0,Volcamiento,condiciones de la via y factores ambientales,45A08_1_56,6.0,19.0
Planta Central,2021-11-05 18:01:00,50,240.0,2021-09-13 05:00:00,lunes,50,Normal,Seca y limpia,Ondulado,Media ladera Izquierda,Curva Derecha,Transito normal con precaución,0,0,1,0,1.0,Volcamiento,fallas mecanicas y del sistema electrico,45A08_1_50,6.0,18.0
Planta Central,2021-11-05 18:14:00,60,985.0,2021-09-13 05:00:00,lunes,40,Normal,Seca y limpia,Montañoso,Media Ladera Derecha,Curva Derecha,Transito normal con precaución,0,0,0,0,2.0,Choque,embriaguez o sustancias alucinogenas,45A08_1_60,8.0,16.0
Planta Central,2021-11-05 18:21:00,48,464.0,2021-09-16 05:00:00,jueves,25,Normal,Seca y limpia,Ondulado,Media ladera Izquierda,Curva Derecha,Transito normal con precaución,0,0,1,0,1.0,Volcamiento,adelantamientos indebidos,45A08_1_48,17.0,7.0
Planta Central,2021-11-05 18:32:00,25,955.0,2021-09-19 05:00:00,domingo,0,Lluvia,Humeda,Montañoso,Media Ladera Derecha,Curva Izquierda,Transito normal con precaución,0,0,0,1,1.0,Choque,otra - conductor en general,45A08_1_25,5.0,19.0
Planta Central,2021-11-05 18:42:00,38,338.0,2021-09-19 05:00:00,domingo,0,Lluvia,Humeda,Ondulado,Media Ladera Derecha,Curva Derecha,Parcial con paso alternado,3,30,0,1,3.0,Choque,embriaguez o sustancias alucinogenas,45A08_1_38,20.0,7.0
Planta Central,2021-11-05 18:45:00,35,162.0,2021-09-23 05:00:00,jueves,50,Lluvia,Humeda,Montañoso,Media Ladera Derecha,Curva Derecha,Parcial con paso alternado,0,30,0,0,1.0,Choque,otra - conductor en general,45A08_1_35,13.0,11.0
Quindío,2021-11-05 19:00:00,5,0.0,2021-09-03 05:00:00,viernes,0,Sol,Seca y limpia,Plano,Terraplen,Recta,Parcial con paso alternado,6,0,3,0,3.0,Choque,desobediencia a normas y senales,2901B_1_5,6.0,0.0
Quindío,2021-11-05 19:15:00,4,900.0,2021-09-03 05:00:00,viernes,0,Normal,Seca y limpia,Plano,Media Ladera Derecha,Curva Izquierda,Transito normal con precaución,0,0,0,0,0.0,Choque,adelantamientos indebidos,25VL07_1_4,14.0,10.0
Quindío,2021-11-05 19:25:00,18,640.0,2021-09-06 05:00:00,lunes,50,Lluvia,Humeda,Plano,Cajón,Recta,Parcial con paso alternado,20,10,1,0,1.0,Volcamiento,fallas mecanicas y del sistema electrico,25VL07_1_18,19.0,1.0
Quindío,2021-11-05 19:25:00,5,470.0,2021-09-11 05:00:00,sabado,0,Normal,Seca y limpia,Plano,Terraplen,Recta,Transito normal con precaución,0,0,0,0,1.0,Volcamiento,otra - conductor en general,40QN05_0_5,2.0,22.0
Quindío,2021-11-05 19:37:00,1,400.0,2021-09-16 05:00:00,jueves,45,Normal,Seca y limpia,Ondulado,Cajón,Curva Izquierda,Parcial con paso alternado,17,0,2,0,2.0,Choque,adelantamientos indebidos,25VL07_1_1,16.0,1.0
Quindío,2021-11-05 19:46:00,5,470.0,2021-09-18 05:00:00,sabado,0,Sol,Seca y limpia,Plano,Terraplen,Recta,Parcial con paso alternado,15,15,1,0,2.0,Choque,otra - conductor en general,2901B_1_5,15.0,0.0
Quindío,2021-11-05 19:51:00,50,50.0,2021-09-25 05:00:00,sabado,45,Normal,Seca y limpia,Plano,Terraplen,Recta,Parcial con paso alternado,0,0,1,0,1.0,Volcamiento,embriaguez o sustancias alucinogenas,4002_1_50,5.0,19.0
Planta Central,2021-11-05 20:58:00,24,700.0,2021-08-04 05:00:00,miercoles,40,Normal,Otra,Ondulado,Terraplen,Recta,Parcial con paso alternado,1,0,0,0,0.0,Choque,no mantener distancia de seguridad,45A06_0_24,15.0,10.0
Planta Central,2021-11-05 21:20:00,80,480.0,2021-08-04 05:00:00,miercoles,40,Lluvia,Humeda,Montañoso,Terraplen,Recta,Transito normal con precaución,1,0,1,0,1.0,Salida de la vía sin volcarse,exceso de velocidad,45A06_0_80,16.0,9.0
Planta Central,2021-11-05 21:59:00,2,800.0,2021-08-06 05:00:00,viernes,30,Normal,Otra,Ondulado,Terraplen,Recta,Transito normal con precaución,1,0,1,0,1.0,Volcamiento,maniobras imprudentes,45A06_0_2,6.0,19.0